ST_CASE,State Name,State Abbreviation,VE_TOTAL,Pedestrains,Total_Persons_in_accident,COUNTY,CITY,City_County_Name,Calendar_DAY,MONTH,Month_Name,YEAR,DAY_WEEK,Day_Week_desc,HOUR,MINUTE,NHS_Desc,trafficway,ROUTE,MILEPT,LATITUDE,LONGITUD,First_Crash_event,Light_cond_desc,Weather_condition,WEATHER,SCH_BUS,Crash_cause,FATALS,DRUNK_DR
10323,ALABAMA,AL,4,0,12,65,0,CYPRESS,11,6,June,2010,6,Friday,9,35,0,3,3,1183,32.84002222,-87.60839167,12,1,0,1,0,0,1,0
10324,ALABAMA,AL,1,1,1,91,0,DAYTON,12,6,June,2010,7,Saturday,4,55,1,2,2,1040,32.08775000,-87.78103611,8,3,0,1,0,0,1,0
10325,ALABAMA,AL,1,0,3,119,0,BELLAMY,17,6,June,2010,5,Thursday,13,53,1,1,1,20,32.48383611,-88.35014167,1,1,0,1,0,0,1,0
10326,ALABAMA,AL,2,0,3,89,0,BROWNSBORO,18,6,June,2010,6,Friday,21,0,0,12,3,3360,34.93370833,-86.77425000,12,3,0,1,0,0,1,1
10327,ALABAMA,AL,3,0,3,23,0,BLADON SPRINGS,19,6,June,2010,7,Saturday,18,45,0,6,4,0,32.00541389,-88.36643333,14,1,0,1,0,0,1,0
10328,ALABAMA,AL,1,1,1,87,0,ARMSTRONG,20,6,June,2010,1,Sunday,2,30,1,2,2,1838,32.45431944,-85.53685278,8,3,0,5,0,0,1,0
10329,ALABAMA,AL,1,0,1,71,2850,BRIDGEPORT,21,6,June,2010,2,Monday,5,45,0,4,3,65,34.93573611,-85.62723333,34,4,0,1,0,0,1,0
10330,ALABAMA,AL,1,0,3,127,0,BURNWELL,21,6,June,2010,2,Monday,16,23,1,2,2,535,33.86375278,-87.40511389,1,1,0,1,0,0,1,0
10331,ALABAMA,AL,1,0,1,95,0,ALBERTVILLE,22,6,June,2010,3,Tuesday,1,14,0,4,4,0,34.23104444,-86.32825556,32,3,0,1,0,0,1,1
10332,ALABAMA,AL,1,0,1,51,0,CENTRAL,26,6,June,2010,7,Saturday,9,15,0,6,4,0,32.54742778,-86.35381111,34,1,0,1,0,0,1,1
10333,ALABAMA,AL,1,0,1,99,0,BEATRICE,27,6,June,2010,1,Sunday,16,0,0,3,3,704,31.79353333,-87.40526944,35,1,0,1,0,0,1,0
10334,ALABAMA,AL,2,0,8,125,3050,BROOKWOOD,28,6,June,2010,2,Monday,11,14,0,14,6,0,33.25587778,-87.53048056,12,1,0,1,0,0,1,0
10335,ALABAMA,AL,1,0,1,115,0,ASHVILLE,29,6,June,2010,3,Tuesday,18,40,0,4,4,0,33.72896944,-86.48075833,30,1,0,1,0,0,1,1
10336,ALABAMA,AL,1,0,2,83,0,ARDMORE,29,6,June,2010,3,Tuesday,20,20,0,6,4,0,34.93618611,-86.81031667,59,5,0,1,0,0,1,0
10337,ALABAMA,AL,5,0,8,89,1730,BROWNSBORO,30,6,June,2010,4,Wednesday,18,0,0,12,3,3245,34.79095000,-86.66709167,12,1,0,1,0,0,1,0
10338,ALABAMA,AL,1,0,1,19,0,CEDAR BLUFF,30,6,June,2010,4,Wednesday,23,20,0,3,3,2672,34.23123611,-85.55052500,1,3,0,1,0,0,1,1
10339,ALABAMA,AL,2,0,2,101,0,BOYLSTON,30,6,June,2010,4,Wednesday,13,45,1,2,2,944,32.24173056,-86.29549444,12,1,0,1,0,0,1,0
10340,ALABAMA,AL,1,0,1,97,0,AXIS,3,7,July,2010,7,Saturday,5,0,1,2,2,201,30.93590833,-88.21054722,59,3,0,1,0,0,1,1
10341,ALABAMA,AL,1,0,1,81,0,AUBURN,4,7,July,2010,1,Sunday,1,10,0,4,4,0,32.51994444,-85.21964444,42,3,0,1,0,0,1,0
10342,ALABAMA,AL,1,0,1,11,0,BULLOCK,4,7,July,2010,1,Sunday,10,45,0,6,4,0,32.21642222,-85.65069167,35,1,0,1,0,0,1,1
10343,ALABAMA,AL,1,0,1,101,2130,BOYLSTON,4,7,July,2010,1,Sunday,5,58,0,16,6,0,32.30972222,-86.12874722,30,4,0,1,0,0,1,1
10344,ALABAMA,AL,3,0,7,97,0,AXIS,5,7,July,2010,2,Monday,11,30,1,1,1,81,30.52396944,-88.26508333,57,1,0,2,0,0,1,0
10345,ALABAMA,AL,1,0,1,19,0,CEDAR BLUFF,5,7,July,2010,2,Monday,16,35,0,6,4,0,34.34091944,-85.55671667,34,1,0,1,0,0,1,1
10346,ALABAMA,AL,1,0,1,41,0,BRANTLEY,6,7,July,2010,3,Tuesday,7,45,0,4,4,0,31.62470000,-86.34276389,34,1,0,1,0,0,1,0
10347,ALABAMA,AL,2,0,2,111,3230,GRAHAM,7,7,July,2010,4,Wednesday,19,15,0,3,3,167,33.30900278,-85.46804444,12,5,0,1,0,0,1,0
10348,ALABAMA,AL,1,0,1,27,0,ASHLAND,7,7,July,2010,4,Wednesday,18,20,0,6,4,0,33.26526389,-85.89354444,38,1,0,1,0,0,1,1
10349,ALABAMA,AL,1,0,2,15,0,ANNISTON,9,7,July,2010,6,Friday,3,5,0,6,4,0,33.82752500,-85.85555278,34,3,0,1,0,0,1,1
10350,ALABAMA,AL,1,0,2,75,0,BEAVERTON,11,7,July,2010,1,Sunday,21,10,0,4,4,0,33.56072500,-87.94857778,42,3,0,1,0,0,1,0
10351,ALABAMA,AL,1,0,4,11,0,BULLOCK,28,5,May,2010,6,Friday,23,55,0,6,2,1464,32.18413056,-85.70585833,42,3,0,1,0,0,1,1
10352,ALABAMA,AL,2,1,1,81,0,AUBURN,27,6,June,2010,1,Sunday,2,22,0,4,3,1090,32.55727222,-85.37450833,8,3,0,1,0,0,1,0
10353,ALABAMA,AL,1,0,1,95,1430,ALBERTVILLE,9,7,July,2010,6,Friday,9,55,0,4,6,0,34.52200833,-86.25254444,33,1,0,1,0,0,1,0
10354,ALABAMA,AL,1,0,1,19,630,CEDAR BLUFF,20,7,July,2010,3,Tuesday,18,15,0,4,2,0,34.15109444,-85.67567778,41,1,0,1,0,0,1,1
10355,ALABAMA,AL,1,0,4,33,0,CHEROKEE,2,7,July,2010,6,Friday,22,0,1,2,2,3057,34.63760278,-87.64930000,1,3,0,1,0,0,1,0
10356,ALABAMA,AL,2,0,3,49,0,COLLINSVILLE,11,7,July,2010,1,Sunday,17,30,0,6,4,0,34.32579722,-86.05555278,12,1,0,1,0,0,1,0
10357,ALABAMA,AL,1,0,1,7,0,BIBB,11,7,July,2010,1,Sunday,6,50,1,2,3,967,33.09329444,-87.13796944,1,4,0,1,0,0,1,0
10358,ALABAMA,AL,1,0,1,125,0,BROOKWOOD,12,7,July,2010,2,Monday,12,0,0,3,4,0,33.28326944,-87.65174722,1,1,0,1,0,0,1,0
10359,ALABAMA,AL,1,0,4,39,0,ANDALUSIA,12,7,July,2010,2,Monday,2,20,0,3,3,393,31.43632500,-86.61172500,1,3,0,5,0,0,1,0
10360,ALABAMA,AL,1,0,1,75,0,BEAVERTON,13,7,July,2010,3,Tuesday,2,0,0,4,4,0,33.66603333,-88.03896667,34,3,0,1,0,0,1,0
10361,ALABAMA,AL,1,0,1,71,0,BRIDGEPORT,17,7,July,2010,7,Saturday,2,35,0,3,3,20,34.65106389,-85.94369444,34,3,0,1,0,0,1,1
10362,ALABAMA,AL,1,0,1,89,1730,BROWNSBORO,18,7,July,2010,1,Sunday,2,47,0,15,6,0,34.64488333,-86.55006111,30,3,0,1,0,0,1,1
10363,ALABAMA,AL,1,1,1,39,0,ANDALUSIA,20,7,July,2010,3,Tuesday,21,1,1,2,2,1428,31.27476389,-86.34352778,8,2,0,1,0,0,1,0
10364,ALABAMA,AL,2,0,3,15,2370,ANNISTON,24,6,June,2010,5,Thursday,22,15,0,15,2,1579,33.59674722,-85.86862778,12,3,0,1,0,0,1,1
10365,ALABAMA,AL,2,0,2,97,2550,AXIS,27,6,June,2010,1,Sunday,20,0,0,16,6,0,30.74355278,-88.10998889,33,1,0,1,0,0,1,1
10366,ALABAMA,AL,1,0,1,33,0,CHEROKEE,16,7,July,2010,6,Friday,13,30,0,4,3,178,34.64682500,-87.88940000,59,1,0,2,0,0,1,0
10367,ALABAMA,AL,1,0,1,61,0,BELLWOOD,18,7,July,2010,1,Sunday,15,5,0,5,3,40,31.04039722,-86.10196667,30,1,0,1,0,0,1,0
10368,ALABAMA,AL,1,0,1,71,0,BRIDGEPORT,19,7,July,2010,2,Monday,13,30,0,6,4,0,34.74373889,-86.05226389,42,1,0,1,0,0,1,1
10369,ALABAMA,AL,1,0,12,119,3320,BELLAMY,10,7,July,2010,7,Saturday,16,30,1,1,1,83,32.52537500,-88.29492778,1,1,0,1,0,0,1,0
10370,ALABAMA,AL,1,0,2,97,0,AXIS,22,7,July,2010,5,Thursday,19,30,0,6,4,0,30.77658333,-88.27650833,34,3,0,1,0,0,1,1
10371,ALABAMA,AL,1,0,2,43,9997,BAILEYTON,23,7,July,2010,6,Friday,8,50,1,11,1,3053,34.14057222,-86.86878333,32,1,0,1,0,0,1,0
10372,ALABAMA,AL,1,0,1,25,1760,BARLOW BEND,24,7,July,2010,7,Saturday,0,45,0,6,6,0,31.50936389,-87.88125833,1,3,0,1,0,0,1,1
10373,ALABAMA,AL,1,0,2,99,0,BEATRICE,25,7,July,2010,1,Sunday,10,40,0,3,3,573,31.71916944,-87.41407222,1,1,0,1,0,0,1,0
10374,ALABAMA,AL,1,0,1,83,0,ARDMORE,25,7,July,2010,1,Sunday,22,10,0,6,4,0,34.82177500,-86.84121111,32,3,0,1,0,0,1,0
10375,ALABAMA,AL,1,0,1,51,0,CENTRAL,26,7,July,2010,2,Monday,23,30,0,5,4,0,32.75014722,-86.14360000,1,3,0,1,0,0,1,1
10376,ALABAMA,AL,1,0,1,87,0,ARMSTRONG,28,7,July,2010,4,Wednesday,8,47,1,1,1,236,32.41776944,-85.94204444,24,1,0,1,0,0,1,0
10377,ALABAMA,AL,2,0,2,95,1500,ALBERTVILLE,19,7,July,2010,2,Monday,10,14,1,2,2,2938,34.31958889,-86.31143611,12,1,0,1,0,0,1,0
10378,ALABAMA,AL,1,0,4,121,2185,BON AIR,19,3,March,2010,6,Friday,13,50,0,3,3,2435,33.55013056,-85.89293611,5,1,0,1,0,0,1,0
10379,ALABAMA,AL,2,0,3,73,3125,ARGO,24,7,July,2010,7,Saturday,7,3,1,12,3,37,33.45019167,-86.74106389,12,1,0,1,0,0,1,1
10380,ALABAMA,AL,2,1,1,51,0,CENTRAL,11,1,January,2010,2,Monday,16,30,0,4,4,0,32.62070833,-85.94502500,8,1,0,1,0,0,1,0
10381,ALABAMA,AL,2,0,2,33,0,CHEROKEE,26,7,July,2010,2,Monday,5,17,1,2,3,299,34.69967500,-87.63996667,12,3,0,1,0,0,1,0
10382,ALABAMA,AL,1,0,1,73,0,ARGO,5,7,July,2010,2,Monday,18,25,0,6,4,0,33.66433611,-86.75888333,42,1,0,1,0,0,1,1
10383,ALABAMA,AL,1,1,1,73,350,ARGO,18,7,July,2010,1,Sunday,4,8,1,11,1,1230,33.51367778,-86.87237222,8,3,0,1,0,0,1,0
10384,ALABAMA,AL,1,0,1,73,3080,ARGO,29,7,July,2010,5,Thursday,22,16,0,6,4,0,33.59988333,-86.56943333,34,2,0,1,0,0,1,0
10385,ALABAMA,AL,1,0,2,73,0,ARGO,1,8,August,2010,1,Sunday,21,15,0,6,4,0,33.34483333,-87.13080833,42,2,0,1,0,0,2,1
10386,ALABAMA,AL,2,0,7,103,1590,DANVILLE,23,7,July,2010,6,Friday,21,20,0,13,2,3475,34.46151944,-86.94863889,12,3,0,1,0,0,1,1
10387,ALABAMA,AL,2,0,3,113,2440,COTTONTON,2,8,August,2010,2,Monday,10,30,1,14,2,1146,32.48418889,-85.03149167,12,1,0,1,0,0,1,0
10388,ALABAMA,AL,1,0,1,97,2100,AXIS,4,8,August,2010,4,Wednesday,1,30,0,14,5,0,30.74763056,-88.16110000,42,3,0,1,0,0,1,1
10389,ALABAMA,AL,2,0,6,89,1730,BROWNSBORO,8,8,August,2010,1,Sunday,9,42,1,14,2,1040,34.77148611,-86.50661111,12,1,0,1,0,0,1,0
10391,ALABAMA,AL,2,0,2,117,0,BIRMINGHAM,17,5,May,2010,2,Monday,7,0,0,3,3,1334,33.22537778,-86.57007222,12,1,0,1,0,0,1,0
10392,ALABAMA,AL,1,0,2,81,0,AUBURN,13,7,July,2010,3,Tuesday,14,39,0,6,4,0,32.65209167,-85.14856944,42,1,0,1,0,0,1,0
10393,ALABAMA,AL,2,0,3,47,0,BROWNS,17,7,July,2010,7,Saturday,19,50,0,6,3,13,32.29256667,-87.34488611,12,3,0,2,0,0,1,1
10394,ALABAMA,AL,1,0,3,129,0,BIGBEE,22,7,July,2010,5,Thursday,16,14,0,4,4,0,31.15878056,-88.01407778,42,1,0,1,0,0,1,0
10395,ALABAMA,AL,1,0,1,87,0,ARMSTRONG,30,7,July,2010,6,Friday,19,0,0,4,4,0,32.51701667,-85.64633611,42,5,0,1,0,0,1,0
10396,ALABAMA,AL,1,1,1,109,0,ANSLEY,31,7,July,2010,7,Saturday,2,30,1,2,2,1756,31.75055000,-85.87366944,8,3,0,1,0,0,1,0
10397,ALABAMA,AL,1,0,1,69,0,ASHFORD,31,7,July,2010,7,Saturday,4,0,0,4,3,54,31.07877778,-85.04898611,34,3,0,1,0,0,1,1
10398,ALABAMA,AL,2,0,2,85,0,BENTON,17,3,March,2010,4,Wednesday,9,0,1,2,2,1140,32.26660556,-86.60751111,12,1,0,1,0,0,1,0
10399,ALABAMA,AL,2,0,2,3,0,BALDWIN,31,7,July,2010,7,Saturday,22,35,0,16,4,0,30.60398056,-87.66284167,12,3,0,1,0,0,1,1
10400,ALABAMA,AL,1,0,1,1,0,AUTAUGA,31,7,July,2010,7,Saturday,0,30,0,6,4,0,32.39738333,-86.67029444,42,3,0,1,0,0,1,1
10401,ALABAMA,AL,1,1,2,107,0,CARROLLTON,1,8,August,2010,1,Sunday,15,30,0,6,4,0,33.19778056,-87.94020000,8,1,0,1,0,0,1,1
10402,ALABAMA,AL,1,0,1,77,0,ANDERSON,1,8,August,2010,1,Sunday,15,15,0,15,4,0,34.82729722,-87.76526944,30,1,0,1,0,0,1,0
10403,ALABAMA,AL,1,0,1,47,0,BROWNS,1,8,August,2010,1,Sunday,8,5,0,6,4,0,32.58168056,-86.91653333,32,1,0,1,0,0,1,0
10404,ALABAMA,AL,1,0,1,125,0,BROOKWOOD,4,8,August,2010,4,Wednesday,14,20,0,6,4,0,33.26461667,-87.54355278,42,1,0,1,0,0,1,0
10405,ALABAMA,AL,1,0,1,103,0,DANVILLE,5,8,August,2010,5,Thursday,21,30,1,12,4,0,34.56360278,-87.08653056,34,3,0,1,0,0,1,1
10406,ALABAMA,AL,1,0,1,1,0,AUTAUGA,6,8,August,2010,6,Friday,21,5,0,6,4,0,32.54376667,-86.44945833,59,3,0,1,0,0,1,0
10407,ALABAMA,AL,2,0,2,51,0,CENTRAL,6,8,August,2010,6,Friday,14,20,0,6,3,126,32.71201111,-85.97898889,12,1,0,1,0,0,1,0
10408,ALABAMA,AL,2,0,4,125,3050,BROOKWOOD,6,8,August,2010,6,Friday,17,16,0,16,2,0,33.20279167,-87.56701389,12,1,0,1,0,0,1,0
10409,ALABAMA,AL,1,0,1,89,0,BROWNSBORO,6,8,August,2010,6,Friday,0,30,0,16,4,0,34.61949444,-86.45631389,35,3,0,1,0,0,1,1
10410,ALABAMA,AL,1,0,1,19,0,CEDAR BLUFF,9,8,August,2010,2,Monday,14,5,0,6,3,2563,34.08921111,-85.47330000,1,1,0,1,0,0,1,0
10411,ALABAMA,AL,1,0,2,115,0,ASHVILLE,11,8,August,2010,4,Wednesday,19,15,0,16,4,0,33.63286111,-86.23778889,42,3,0,1,0,0,1,0
10412,ALABAMA,AL,1,0,1,115,0,ASHVILLE,23,7,July,2010,6,Friday,12,45,1,1,1,1582,33.78698611,-86.39381389,42,1,0,1,0,0,1,0
10413,ALABAMA,AL,2,0,2,9,0,BLOUNT,28,7,July,2010,4,Wednesday,14,55,0,6,4,0,33.81817222,-86.69537778,12,1,0,1,0,0,1,0
10414,ALABAMA,AL,2,0,3,79,0,COURTLAND,31,7,July,2010,7,Saturday,10,45,1,2,4,0,34.52543611,-87.20627500,12,1,0,1,0,0,2,0
10415,ALABAMA,AL,1,0,5,121,0,BON AIR,31,7,July,2010,7,Saturday,3,30,0,6,4,0,33.41452222,-86.29620278,42,3,0,1,0,0,3,1
10416,ALABAMA,AL,1,0,1,117,2405,BIRMINGHAM,10,8,August,2010,3,Tuesday,22,13,0,16,4,0,33.31337500,-86.69210000,42,3,0,1,0,0,1,0
10417,ALABAMA,AL,1,0,1,59,0,FRANKLIN,10,8,August,2010,3,Tuesday,22,0,0,6,4,0,34.30807778,-87.59323889,1,3,0,1,0,0,1,0
10418,ALABAMA,AL,2,0,2,83,0,ARDMORE,10,8,August,2010,3,Tuesday,5,56,1,12,2,855,34.74884167,-86.79625556,12,1,0,1,0,0,1,0
10419,ALABAMA,AL,1,0,2,125,0,BROOKWOOD,11,8,August,2010,4,Wednesday,22,0,0,6,4,0,33.27804167,-87.81771111,42,3,0,1,0,0,1,0
10420,ALABAMA,AL,1,0,1,59,0,FRANKLIN,11,8,August,2010,4,Wednesday,10,30,0,6,4,0,34.55280000,-87.84725278,42,1,0,1,0,0,1,0
10421,ALABAMA,AL,2,0,6,55,0,ATTALLA,21,8,August,2010,7,Saturday,14,40,1,2,2,2755,34.13121667,-86.12150556,12,1,0,1,0,0,1,0
10422,ALABAMA,AL,1,0,1,43,0,BAILEYTON,12,8,August,2010,5,Thursday,14,14,0,6,4,0,34.00370278,-86.88533056,32,1,0,1,0,0,1,1
10423,ALABAMA,AL,1,0,1,35,0,BROOKLYN,12,8,August,2010,5,Thursday,20,35,1,2,2,940,31.41896667,-87.00242778,11,3,0,1,0,0,1,0
10424,ALABAMA,AL,2,0,3,97,0,AXIS,12,8,August,2010,5,Thursday,17,45,0,16,4,0,30.50511389,-88.33491111,18,1,0,1,0,0,1,0
10425,ALABAMA,AL,1,0,2,73,0,ARGO,13,8,August,2010,6,Friday,17,49,1,11,1,310,33.57081111,-86.63815278,1,1,0,1,0,0,1,0
10426,ALABAMA,AL,1,0,1,127,2400,BURNWELL,13,8,August,2010,6,Friday,21,50,0,6,4,0,33.69791667,-87.29346944,1,3,0,2,0,0,1,0
10427,ALABAMA,AL,2,0,5,83,0,ARDMORE,14,8,August,2010,7,Saturday,20,35,0,6,4,0,34.90485556,-86.87468056,12,3,0,1,0,0,1,0
10428,ALABAMA,AL,3,0,3,81,200,AUBURN,14,8,August,2010,7,Saturday,12,47,1,11,1,521,32.56757500,-85.49011111,12,1,0,1,0,0,1,0
10429,ALABAMA,AL,1,0,1,121,1870,BON AIR,14,8,August,2010,7,Saturday,5,41,0,16,5,0,33.64116667,-86.08775000,38,3,0,1,0,0,1,1
10430,ALABAMA,AL,1,0,1,113,0,COTTONTON,15,8,August,2010,1,Sunday,21,11,0,6,4,0,32.31200833,-85.08146667,42,3,0,1,0,0,1,1
10431,ALABAMA,AL,1,0,2,117,0,BIRMINGHAM,15,8,August,2010,1,Sunday,18,0,0,6,4,0,33.17338889,-86.97919444,59,1,0,1,0,0,1,1
10432,ALABAMA,AL,1,0,1,115,0,ASHVILLE,15,8,August,2010,1,Sunday,10,26,0,6,4,0,33.78746389,-86.12830000,42,1,0,1,0,0,1,1
10433,ALABAMA,AL,2,0,2,51,0,CENTRAL,14,8,August,2010,7,Saturday,4,10,1,14,1,1770,32.43766944,-86.37349167,12,3,0,1,0,0,1,1
10434,ALABAMA,AL,2,0,3,97,2100,AXIS,16,8,August,2010,2,Monday,8,35,0,6,3,0,30.62897222,-88.08891667,12,1,0,1,0,0,1,0
10435,ALABAMA,AL,2,0,2,95,50,ALBERTVILLE,17,8,August,2010,3,Tuesday,16,27,0,6,4,0,34.24914722,-86.25627500,12,1,0,1,0,0,1,1
10436,ALABAMA,AL,2,0,2,17,1830,CHAMBERS,26,6,June,2010,7,Saturday,18,1,0,16,5,0,32.87459444,-85.19503611,12,1,0,1,0,0,1,1
10437,ALABAMA,AL,2,0,3,121,680,BON AIR,18,7,July,2010,1,Sunday,16,47,1,13,2,0,33.25061667,-86.34064167,12,1,0,1,0,0,1,0
10438,ALABAMA,AL,2,0,2,73,350,ARGO,27,7,July,2010,3,Tuesday,19,0,0,14,6,0,33.53365278,-86.84196667,12,1,0,1,0,0,1,0
10439,ALABAMA,AL,1,0,1,35,0,BROOKLYN,18,8,August,2010,4,Wednesday,22,25,0,6,4,0,31.32407500,-86.78692222,42,3,0,1,0,0,1,1
10440,ALABAMA,AL,2,0,4,127,0,BURNWELL,17,8,August,2010,3,Tuesday,6,32,0,16,2,1628,33.80626944,-87.13938056,12,1,0,1,0,0,1,1
10441,ALABAMA,AL,1,0,4,35,0,BROOKLYN,18,8,August,2010,4,Wednesday,17,45,1,1,1,975,31.47122778,-86.95376667,34,1,0,1,0,0,2,0
10442,ALABAMA,AL,1,0,1,43,0,BAILEYTON,21,8,August,2010,7,Saturday,14,2,0,6,4,0,34.30244167,-86.69092778,34,1,0,1,0,0,1,0
10443,ALABAMA,AL,1,0,3,25,1760,BARLOW BEND,22,8,August,2010,1,Sunday,14,7,0,3,3,30,31.55502500,-87.93768056,1,1,0,1,0,0,1,1
10444,ALABAMA,AL,1,0,2,3,1493,BALDWIN,13,8,August,2010,6,Friday,5,10,0,4,3,199,30.25988889,-87.70095278,59,3,0,1,0,0,2,1
10445,ALABAMA,AL,1,0,1,89,0,BROWNSBORO,16,8,August,2010,2,Monday,12,45,0,12,3,0,34.77053333,-86.65030833,38,1,0,1,0,0,1,0
10446,ALABAMA,AL,2,0,2,69,140,ASHFORD,18,8,August,2010,4,Wednesday,13,1,1,12,2,2180,31.17576389,-85.23886667,12,1,0,1,0,0,1,0
10447,ALABAMA,AL,1,0,1,73,3125,ARGO,18,8,August,2010,4,Wednesday,3,9,0,16,4,0,33.43879167,-86.80789167,42,3,0,1,0,0,1,0
10448,ALABAMA,AL,1,1,1,11,3090,BULLOCK,21,8,August,2010,7,Saturday,8,35,0,16,2,0,32.14334722,-85.71617500,8,1,0,1,0,0,1,0
10449,ALABAMA,AL,1,0,1,49,1632,COLLINSVILLE,23,8,August,2010,2,Monday,0,40,0,6,5,0,34.63025556,-85.71502222,34,3,0,1,0,0,1,1
10450,ALABAMA,AL,1,0,1,73,0,ARGO,1,9,September,2010,4,Wednesday,0,30,0,16,4,0,33.38426111,-87.14355556,1,2,0,1,0,0,1,1
10451,ALABAMA,AL,2,0,4,31,1010,COFFEE,7,8,August,2010,7,Saturday,16,11,1,2,2,0,31.41564722,-86.10182222,12,1,0,2,0,0,1,0
10452,ALABAMA,AL,3,0,6,3,2890,BALDWIN,29,8,August,2010,1,Sunday,13,50,0,12,3,0,30.46980556,-87.70020000,12,1,0,2,0,0,1,0
10453,ALABAMA,AL,2,0,3,81,200,AUBURN,7,9,September,2010,3,Tuesday,16,58,1,16,1,519,32.56586667,-85.49283611,12,1,0,1,0,0,1,0
10454,ALABAMA,AL,1,0,1,47,2760,BROWNS,10,9,September,2010,6,Friday,3,10,0,15,3,0,32.43073333,-87.00926389,35,3,0,1,0,0,1,1
10455,ALABAMA,AL,1,0,5,125,0,BROOKWOOD,8,8,August,2010,1,Sunday,17,30,0,16,4,0,33.22558611,-87.69746944,32,1,0,1,0,0,1,0
10456,ALABAMA,AL,3,0,3,53,470,ATMORE,11,8,August,2010,4,Wednesday,20,3,0,16,2,732,31.15885833,-87.06272500,12,3,0,1,0,0,2,2
10457,ALABAMA,AL,1,0,3,119,0,BELLAMY,12,8,August,2010,5,Thursday,5,35,1,1,1,5,32.45003611,-88.40076944,1,4,0,1,0,0,1,0
10458,ALABAMA,AL,1,0,1,7,0,BIBB,15,8,August,2010,1,Sunday,4,30,0,6,4,0,32.97101667,-87.28232500,35,3,0,1,0,0,1,0
10459,ALABAMA,AL,1,0,2,103,0,DANVILLE,15,8,August,2010,1,Sunday,16,20,0,14,4,0,34.52349444,-86.84447778,1,1,0,1,0,0,1,1
10460,ALABAMA,AL,2,0,3,31,0,COFFEE,18,8,August,2010,4,Wednesday,15,15,0,12,3,36,31.30618333,-85.88857500,12,1,0,1,0,0,1,0
10461,ALABAMA,AL,1,0,2,67,0,ABBEVILLE,20,8,August,2010,6,Friday,21,12,0,6,4,0,31.35971944,-85.28201667,42,3,0,1,0,0,1,1
10462,ALABAMA,AL,1,0,1,15,0,ANNISTON,21,8,August,2010,7,Saturday,1,45,0,6,2,1660,33.62291944,-85.72990278,32,3,0,1,0,0,1,1
10463,ALABAMA,AL,1,0,3,109,0,ANSLEY,22,8,August,2010,1,Sunday,19,30,0,6,4,0,31.86193056,-85.91496389,35,3,0,1,0,0,1,0
10464,ALABAMA,AL,1,0,1,113,0,COTTONTON,22,8,August,2010,1,Sunday,1,51,0,4,3,254,32.32893333,-85.01898333,34,3,0,1,0,0,1,1
10465,ALABAMA,AL,1,0,2,71,0,BRIDGEPORT,24,8,August,2010,3,Tuesday,0,55,0,4,3,306,34.84944444,-85.62040278,35,3,0,1,0,0,1,0
10466,ALABAMA,AL,1,0,1,69,0,ASHFORD,25,8,August,2010,4,Wednesday,10,45,0,4,4,0,31.01183056,-85.04406667,1,1,0,1,0,0,1,1
10467,ALABAMA,AL,2,0,3,83,0,ARDMORE,24,8,August,2010,3,Tuesday,17,0,0,6,4,0,34.88295556,-86.87517778,12,1,0,1,0,0,2,0
10468,ALABAMA,AL,2,0,5,63,0,BOLIGEE,25,8,August,2010,4,Wednesday,11,30,1,2,2,1430,32.61306389,-87.83316111,12,1,0,1,0,0,1,0
10469,ALABAMA,AL,2,0,2,113,2440,COTTONTON,27,8,August,2010,6,Friday,5,55,1,14,2,1140,32.47521389,-85.03025278,12,6,0,1,0,0,1,0
10470,ALABAMA,AL,2,0,2,127,1780,BURNWELL,27,8,August,2010,6,Friday,6,25,0,15,3,0,33.85066944,-87.29588889,12,1,0,1,0,0,1,0
10471,ALABAMA,AL,1,0,3,17,0,CHAMBERS,27,8,August,2010,6,Friday,15,10,1,3,3,152,33.08830000,-85.51756111,42,1,0,1,0,0,1,0
10472,ALABAMA,AL,1,0,1,29,1000,BORDEN SPRINGS,28,8,August,2010,7,Saturday,18,45,0,14,2,1815,33.70246111,-85.51573333,30,5,0,1,0,0,1,1
10473,ALABAMA,AL,2,0,2,101,0,BOYLSTON,28,8,August,2010,7,Saturday,0,5,1,15,2,1138,32.44513333,-86.21447500,12,3,0,1,0,0,1,1
10474,ALABAMA,AL,2,0,3,39,2350,ANDALUSIA,29,8,August,2010,1,Sunday,16,23,1,2,2,250,31.32653056,-86.26471389,12,1,0,1,0,0,1,0
10475,ALABAMA,AL,1,0,2,111,0,GRAHAM,29,8,August,2010,1,Sunday,14,20,0,3,3,125,33.30373889,-85.53591389,42,1,0,2,0,0,1,0
10476,ALABAMA,AL,1,0,2,45,0,ARITON,29,8,August,2010,1,Sunday,9,30,0,6,4,0,31.60423333,-85.59270278,42,1,0,1,0,0,2,0
10477,ALABAMA,AL,2,0,3,21,0,CHILTON,29,8,August,2010,1,Sunday,9,35,0,6,3,61,32.90588056,-86.61250278,12,1,0,1,0,0,1,0
10478,ALABAMA,AL,2,0,3,109,0,ANSLEY,30,8,August,2010,2,Monday,12,30,0,6,3,109,31.95555833,-85.82117222,12,1,0,1,0,0,2,0
10479,ALABAMA,AL,2,0,3,89,0,BROWNSBORO,31,8,August,2010,3,Tuesday,9,18,0,16,4,0,34.93217500,-86.56058056,12,1,0,1,0,0,1,0
10480,ALABAMA,AL,1,0,2,61,0,BELLWOOD,1,9,September,2010,4,Wednesday,23,10,0,6,4,0,31.02802222,-85.70335833,1,3,0,1,0,0,1,1
10481,ALABAMA,AL,1,0,1,97,0,AXIS,2,9,September,2010,5,Thursday,22,50,0,6,2,156,30.87180278,-88.19700833,34,3,0,1,0,0,1,1
10482,ALABAMA,AL,1,0,1,51,0,CENTRAL,2,9,September,2010,5,Thursday,0,20,0,6,2,1150,32.45746944,-86.19848333,24,3,0,1,0,0,1,1
10483,ALABAMA,AL,1,0,2,91,0,DAYTON,4,9,September,2010,7,Saturday,3,50,0,4,4,0,32.00385556,-87.90980833,32,3,0,1,0,0,1,0
10484,ALABAMA,AL,2,0,6,81,200,AUBURN,4,9,September,2010,7,Saturday,11,26,0,14,3,0,32.59614444,-85.50764444,12,1,0,1,0,0,1,0