ST_CASE,State Name,State Abbreviation,VE_TOTAL,Pedestrains,Total_Persons_in_accident,COUNTY,CITY,City_County_Name,Calendar_DAY,MONTH,Month_Name,YEAR,DAY_WEEK,Day_Week_desc,HOUR,MINUTE,NHS_Desc,trafficway,ROUTE,MILEPT,LATITUDE,LONGITUD,First_Crash_event,Light_cond_desc,Weather_condition,WEATHER,SCH_BUS,Crash_cause,FATALS,DRUNK_DR
10485,ALABAMA,AL,2,0,2,15,0,ANNISTON,5,9,September,2010,1,Sunday,18,40,0,14,3,68,33.64731389,-85.86357778,12,1,0,1,0,0,1,0
10486,ALABAMA,AL,1,1,1,125,3050,BROOKWOOD,8,9,September,2010,4,Wednesday,5,48,0,16,6,0,33.19265000,-87.61784444,9,3,0,1,0,0,1,0
10487,ALABAMA,AL,1,0,1,51,1025,CENTRAL,9,9,September,2010,5,Thursday,23,5,0,6,3,45,32.57727778,-86.24329722,1,3,0,1,0,0,1,0
10488,ALABAMA,AL,2,0,3,55,0,ATTALLA,9,9,September,2010,5,Thursday,15,30,0,6,4,0,34.11426389,-86.16848611,12,1,0,1,0,0,1,0
10489,ALABAMA,AL,1,0,2,89,0,BROWNSBORO,11,9,September,2010,7,Saturday,22,50,0,16,4,0,34.91639444,-86.55400556,42,3,0,1,0,0,1,1
10490,ALABAMA,AL,1,0,2,3,0,BALDWIN,11,9,September,2010,7,Saturday,12,40,1,1,1,310,30.94493889,-87.87170000,1,1,0,2,0,0,1,0
10491,ALABAMA,AL,1,0,2,123,60,ALEXANDER CITY,10,9,September,2010,6,Friday,15,37,0,14,3,0,32.92463333,-85.94789167,30,1,0,1,0,0,1,0
10492,ALABAMA,AL,1,0,1,7,3306,BIBB,11,9,September,2010,7,Saturday,20,35,0,6,4,0,33.19149167,-87.14641944,42,3,0,1,0,0,1,1
10493,ALABAMA,AL,1,0,4,81,2340,AUBURN,12,9,September,2010,1,Sunday,4,34,1,1,1,612,32.63503889,-85.36622778,1,3,0,1,0,0,1,0
10494,ALABAMA,AL,1,0,2,17,3111,CHAMBERS,19,9,September,2010,1,Sunday,1,49,0,16,4,0,32.78349167,-85.21497778,32,3,0,1,0,0,2,1
10495,ALABAMA,AL,1,0,1,49,2030,COLLINSVILLE,22,9,September,2010,4,Wednesday,22,30,0,14,3,0,34.56991944,-85.60020556,42,3,0,1,0,0,1,0
10496,ALABAMA,AL,1,1,1,91,900,DAYTON,25,9,September,2010,7,Saturday,20,57,1,13,2,0,32.49189444,-87.85730000,8,3,0,2,0,0,1,0
10497,ALABAMA,AL,2,0,3,117,770,BIRMINGHAM,1,10,October,2010,6,Friday,17,49,0,14,3,0,33.16538889,-86.62960000,12,1,0,1,0,0,1,0
10498,ALABAMA,AL,1,0,1,21,0,CHILTON,11,9,September,2010,7,Saturday,13,45,0,6,4,0,32.72578056,-86.46734167,42,1,0,1,0,0,1,1
10499,ALABAMA,AL,2,0,2,67,0,ABBEVILLE,16,8,August,2010,2,Monday,17,48,0,4,3,405,31.67884722,-85.19993333,12,1,0,1,0,0,1,0
10500,ALABAMA,AL,1,0,3,9,0,BLOUNT,28,8,August,2010,7,Saturday,2,45,0,6,4,0,33.87016667,-86.92386111,32,3,0,1,0,0,1,1
10501,ALABAMA,AL,2,0,3,49,750,COLLINSVILLE,31,8,August,2010,3,Tuesday,7,20,1,11,1,2054,34.27685556,-85.87755278,14,1,0,1,0,0,1,0
10502,ALABAMA,AL,1,0,3,133,0,ARLEY,3,9,September,2010,6,Friday,16,12,0,4,3,181,34.07796667,-87.39012500,35,1,0,1,0,0,2,0
10503,ALABAMA,AL,2,0,6,79,0,COURTLAND,3,9,September,2010,6,Friday,19,0,1,2,3,601,34.53798889,-87.15874722,12,1,0,1,0,0,2,0
10504,ALABAMA,AL,2,0,3,83,170,ARDMORE,7,9,September,2010,3,Tuesday,19,17,0,13,2,3703,34.77330000,-86.95723889,12,5,0,1,0,0,1,0
10505,ALABAMA,AL,1,0,1,89,0,BROWNSBORO,7,9,September,2010,3,Tuesday,13,40,1,2,2,3499,34.93859167,-86.57181389,1,1,0,1,0,0,1,0
10506,ALABAMA,AL,1,0,1,43,0,BAILEYTON,10,9,September,2010,6,Friday,13,30,0,2,3,41,34.22078056,-86.54369444,35,1,0,1,0,0,1,0
10507,ALABAMA,AL,1,0,1,125,3050,BROOKWOOD,10,9,September,2010,6,Friday,4,10,0,16,6,0,33.17340833,-87.45453056,1,3,0,1,0,0,1,0
10508,ALABAMA,AL,1,0,1,117,0,BIRMINGHAM,11,9,September,2010,7,Saturday,19,50,0,6,4,0,33.46552222,-86.46697500,42,3,0,1,0,0,1,0
10509,ALABAMA,AL,1,0,2,103,0,DANVILLE,11,9,September,2010,7,Saturday,20,48,0,4,4,0,34.46745278,-86.66521944,42,3,0,5,0,0,1,1
10510,ALABAMA,AL,1,0,3,91,0,DAYTON,11,9,September,2010,7,Saturday,20,45,0,3,3,890,32.47033333,-87.71039167,1,3,0,1,0,0,1,0
10511,ALABAMA,AL,1,0,1,101,0,BOYLSTON,13,9,September,2010,2,Monday,7,15,1,1,1,1600,32.22673333,-86.39038056,23,1,0,1,0,0,1,0
10512,ALABAMA,AL,1,0,1,93,0,BEAR CREEK,15,9,September,2010,4,Wednesday,0,22,1,2,2,137,34.09817778,-88.01704167,34,3,0,1,0,0,1,0
10513,ALABAMA,AL,3,0,5,113,0,COTTONTON,16,9,September,2010,5,Thursday,15,5,1,2,2,909,32.21479722,-85.16847222,12,1,0,1,0,0,2,1
10514,ALABAMA,AL,1,0,1,133,0,ARLEY,18,9,September,2010,7,Saturday,21,25,0,6,4,0,34.07680833,-87.54326944,42,3,0,1,0,0,1,0
10515,ALABAMA,AL,2,0,7,81,200,AUBURN,18,9,September,2010,7,Saturday,23,10,1,16,3,0,32.60785556,-85.50779444,12,3,0,1,0,0,1,0
10516,ALABAMA,AL,1,0,1,95,0,ALBERTVILLE,18,9,September,2010,7,Saturday,13,0,0,6,4,0,34.49293889,-86.12832778,30,1,0,1,0,0,1,1
10517,ALABAMA,AL,1,0,2,97,2100,AXIS,19,9,September,2010,1,Sunday,1,45,0,13,6,10,30.71035000,-88.08080556,30,3,0,1,0,0,1,1
10518,ALABAMA,AL,2,0,6,41,0,BRANTLEY,19,9,September,2010,1,Sunday,14,35,1,2,4,0,31.61389167,-86.26503889,12,1,0,1,0,0,1,0
10519,ALABAMA,AL,2,0,3,101,0,BOYLSTON,19,9,September,2010,1,Sunday,23,10,1,1,1,1640,32.26970833,-86.35307500,12,3,0,1,0,0,1,0
10520,ALABAMA,AL,1,0,2,115,0,ASHVILLE,19,9,September,2010,1,Sunday,8,25,1,1,1,1631,33.83449167,-86.32975000,42,1,0,1,0,0,1,0
10521,ALABAMA,AL,1,0,1,129,0,BIGBEE,20,9,September,2010,2,Monday,16,8,0,6,4,0,31.19111111,-88.00794444,10,1,0,1,0,0,1,0
10522,ALABAMA,AL,1,0,2,97,0,AXIS,21,9,September,2010,3,Tuesday,18,25,0,6,3,60,30.45088333,-88.27980278,1,3,0,1,0,0,1,0
10523,ALABAMA,AL,2,0,2,125,0,BROOKWOOD,23,9,September,2010,5,Thursday,12,45,0,6,4,0,33.26421111,-87.55228333,12,1,0,1,0,0,1,0
10524,ALABAMA,AL,1,0,1,37,0,BRADFORD,23,9,September,2010,5,Thursday,7,55,0,4,3,90,32.86958889,-86.02281944,34,1,0,1,0,0,1,0
10525,ALABAMA,AL,1,0,1,17,0,CHAMBERS,23,9,September,2010,5,Thursday,7,30,0,6,4,0,32.88835278,-85.48544444,34,1,0,1,0,0,1,0
10526,ALABAMA,AL,3,0,5,89,0,BROWNSBORO,24,9,September,2010,6,Friday,21,19,1,2,2,1141,34.69382500,-86.35972778,12,3,0,1,0,0,1,0
10527,ALABAMA,AL,1,0,1,55,0,ATTALLA,25,9,September,2010,7,Saturday,6,15,1,11,1,1820,34.00718889,-86.07782778,25,4,0,1,0,0,1,0
10528,ALABAMA,AL,1,0,1,125,0,BROOKWOOD,25,9,September,2010,7,Saturday,17,30,0,6,4,0,33.12035556,-87.32585833,34,1,0,1,0,0,1,1
10529,ALABAMA,AL,1,0,1,25,0,BARLOW BEND,26,9,September,2010,1,Sunday,10,25,0,6,4,0,31.67723333,-87.94298056,43,1,0,1,0,0,1,0
10530,ALABAMA,AL,2,0,3,45,0,ARITON,28,9,September,2010,3,Tuesday,15,30,0,4,4,0,31.34873611,-85.50624444,12,1,0,1,0,0,1,0
10531,ALABAMA,AL,1,0,1,25,0,BARLOW BEND,30,9,September,2010,5,Thursday,6,50,0,6,4,0,31.46797500,-87.81882778,34,4,0,1,0,0,1,0
10532,ALABAMA,AL,2,0,3,95,0,ALBERTVILLE,1,10,October,2010,6,Friday,21,45,0,3,3,2731,34.36488889,-86.41480833,12,3,0,1,0,0,1,0
10533,ALABAMA,AL,1,0,1,95,0,ALBERTVILLE,1,10,October,2010,6,Friday,13,30,0,6,4,0,34.32306667,-86.22821389,34,1,0,1,0,0,1,0
10534,ALABAMA,AL,1,0,1,27,0,ASHLAND,3,10,October,2010,1,Sunday,22,40,0,14,4,0,33.32361111,-85.68251667,34,3,0,1,0,0,1,1
10535,ALABAMA,AL,1,1,1,73,350,ARGO,15,7,July,2010,5,Thursday,12,10,0,16,6,0,33.52538611,-86.88229167,9,1,0,1,0,0,1,0
10536,ALABAMA,AL,1,1,1,73,330,ARGO,24,8,August,2010,3,Tuesday,7,32,0,13,3,0,33.38046111,-86.93260556,8,1,0,1,0,0,1,0
10537,ALABAMA,AL,1,0,2,73,350,ARGO,12,9,September,2010,1,Sunday,21,25,0,16,6,0,33.47543333,-86.87448611,33,2,0,1,0,0,1,1
10538,ALABAMA,AL,1,0,4,73,350,ARGO,14,9,September,2010,3,Tuesday,13,13,1,11,1,1230,33.52049444,-86.85473333,1,1,0,1,0,0,1,0
10539,ALABAMA,AL,1,0,1,73,350,ARGO,22,9,September,2010,4,Wednesday,21,14,1,11,6,0,33.50361944,-86.82904444,30,3,0,1,0,0,1,0
10540,ALABAMA,AL,1,1,1,73,330,ARGO,25,9,September,2010,7,Saturday,19,26,0,16,6,0,33.40841111,-86.93985556,8,3,0,1,0,0,1,0
10541,ALABAMA,AL,2,0,2,73,330,ARGO,28,9,September,2010,3,Tuesday,14,51,0,16,6,0,33.40487222,-86.96042778,12,1,0,1,0,0,1,0
10542,ALABAMA,AL,3,0,4,89,1970,BROWNSBORO,29,9,September,2010,4,Wednesday,22,46,1,12,2,897,34.75251667,-86.74865833,12,3,0,1,0,0,1,2
10543,ALABAMA,AL,2,0,3,89,1730,BROWNSBORO,8,10,October,2010,6,Friday,23,54,0,13,3,3350,34.71991667,-86.60017500,12,3,0,1,0,0,1,1
10544,ALABAMA,AL,1,0,1,121,1870,BON AIR,15,10,October,2010,6,Friday,22,23,1,13,3,768,33.62173056,-86.10371667,34,3,0,1,0,0,1,0
10545,ALABAMA,AL,1,0,1,73,3125,ARGO,19,10,October,2010,3,Tuesday,8,50,0,13,4,0,33.44275278,-86.80923333,24,1,0,1,0,0,1,0
10546,ALABAMA,AL,2,0,2,1,2540,AUTAUGA,23,8,August,2010,2,Monday,6,29,0,16,6,0,32.43108889,-86.46984722,12,1,0,1,0,0,1,0
10547,ALABAMA,AL,1,0,1,97,2100,AXIS,18,9,September,2010,7,Saturday,18,40,0,6,4,0,30.85525833,-88.33568889,42,3,0,1,0,0,1,0
10548,ALABAMA,AL,1,0,1,81,0,AUBURN,23,9,September,2010,5,Thursday,16,5,0,6,4,0,32.59974444,-85.61016389,10,1,0,1,0,0,1,0
10549,ALABAMA,AL,1,0,1,29,1620,BORDEN SPRINGS,26,9,September,2010,1,Sunday,7,30,1,16,1,1985,33.62097500,-85.60998611,21,1,0,99,0,0,1,0
10550,ALABAMA,AL,3,0,6,125,0,BROOKWOOD,29,9,September,2010,4,Wednesday,21,20,1,2,2,320,33.28219444,-87.81182778,12,3,0,1,0,0,4,0
10551,ALABAMA,AL,1,0,1,43,0,BAILEYTON,30,9,September,2010,5,Thursday,14,55,0,4,4,0,34.25576111,-86.82234444,42,1,0,1,0,0,1,0
10552,ALABAMA,AL,1,0,1,97,2100,AXIS,30,9,September,2010,5,Thursday,22,20,1,1,1,1,30.63222500,-88.11870833,39,3,0,1,0,0,1,1
10553,ALABAMA,AL,2,0,2,101,2130,BOYLSTON,10,9,September,2010,6,Friday,23,18,0,16,6,0,32.36980278,-86.35040000,12,3,0,1,0,0,1,1
10554,ALABAMA,AL,2,0,3,69,930,ASHFORD,29,9,September,2010,4,Wednesday,12,49,1,12,2,0,31.23186667,-85.44726111,12,1,0,1,0,0,1,0
10555,ALABAMA,AL,1,1,1,115,0,ASHVILLE,1,10,October,2010,6,Friday,16,55,0,6,4,0,33.61548611,-86.42403611,8,1,0,1,0,0,1,0
10556,ALABAMA,AL,1,0,1,77,0,ANDERSON,2,10,October,2010,7,Saturday,14,40,0,3,3,3418,34.93462778,-87.66922500,42,1,0,1,0,0,1,0
10557,ALABAMA,AL,1,0,1,83,0,ARDMORE,2,10,October,2010,7,Saturday,23,0,0,6,4,0,34.86810000,-87.01780278,30,3,0,1,0,0,1,1
10558,ALABAMA,AL,2,0,5,41,0,BRANTLEY,3,10,October,2010,1,Sunday,6,40,1,2,2,660,31.87025833,-86.29246944,12,1,0,1,0,0,1,0
10559,ALABAMA,AL,1,0,2,117,0,BIRMINGHAM,3,10,October,2010,1,Sunday,16,20,0,6,4,0,33.42095278,-86.48850000,1,1,0,1,0,0,2,0
10560,ALABAMA,AL,1,0,1,111,0,GRAHAM,4,10,October,2010,2,Monday,16,37,1,2,2,1899,33.24996667,-85.45113333,1,1,0,1,0,0,1,0
10561,ALABAMA,AL,1,0,2,7,0,BIBB,4,10,October,2010,2,Monday,17,25,0,3,3,384,32.90713611,-87.12121667,42,1,0,1,0,0,1,0
10562,ALABAMA,AL,2,0,2,89,1730,BROWNSBORO,4,10,October,2010,2,Monday,14,39,0,14,6,0,34.74949722,-86.62680833,12,1,0,1,0,0,1,0
10563,ALABAMA,AL,1,0,1,3,0,BALDWIN,5,10,October,2010,3,Tuesday,17,20,0,6,4,0,30.45305833,-87.58143056,42,1,0,1,0,0,1,0
10564,ALABAMA,AL,2,0,2,103,890,DANVILLE,6,10,October,2010,4,Wednesday,12,9,0,6,3,0,34.58385278,-87.02368333,12,1,0,1,0,0,1,0
10565,ALABAMA,AL,2,0,4,103,0,DANVILLE,9,10,October,2010,7,Saturday,11,45,1,1,1,3340,34.54298333,-86.90628611,12,1,0,1,0,0,1,0
10566,ALABAMA,AL,2,0,3,69,0,ASHFORD,10,10,October,2010,1,Sunday,14,40,1,3,2,3,30.99966111,-85.40756944,12,1,0,1,0,0,1,0
10567,ALABAMA,AL,1,0,1,83,0,ARDMORE,11,10,October,2010,2,Monday,17,40,1,2,2,835,34.75362500,-86.82714444,32,1,0,1,0,0,1,0
10568,ALABAMA,AL,1,0,2,55,0,ATTALLA,12,10,October,2010,3,Tuesday,0,10,0,6,4,0,33.96067778,-85.99823611,34,3,0,1,0,0,1,0
10569,ALABAMA,AL,2,0,2,43,0,BAILEYTON,12,10,October,2010,3,Tuesday,13,50,1,1,1,2910,33.94849167,-86.87014722,12,1,0,1,0,0,1,0
10570,ALABAMA,AL,1,0,2,97,0,AXIS,12,10,October,2010,3,Tuesday,6,15,9,99,2,160,30.75269722,-88.19901389,33,4,0,1,0,0,1,0
10571,ALABAMA,AL,1,0,1,125,3050,BROOKWOOD,14,10,October,2010,5,Thursday,15,47,1,12,2,0,33.20611389,-87.52444167,25,1,0,1,0,0,1,0
10572,ALABAMA,AL,2,0,3,95,0,ALBERTVILLE,14,10,October,2010,5,Thursday,17,20,0,6,4,0,34.56788889,-86.17749444,12,1,0,1,0,0,1,0
10573,ALABAMA,AL,1,0,3,81,0,AUBURN,2,10,October,2010,7,Saturday,14,35,1,2,2,984,32.70236944,-85.52713889,1,1,0,1,0,0,1,0
10574,ALABAMA,AL,2,0,2,81,0,AUBURN,13,10,October,2010,4,Wednesday,13,13,1,2,2,1245,32.57935556,-85.15726111,12,1,0,1,0,0,1,0
10575,ALABAMA,AL,1,0,1,125,2260,BROOKWOOD,16,10,October,2010,7,Saturday,2,35,1,12,2,0,33.23607500,-87.55284167,35,3,0,1,0,0,1,1
10576,ALABAMA,AL,3,2,1,97,2100,AXIS,16,10,October,2010,7,Saturday,10,10,0,16,6,0,30.70339444,-88.21544167,14,1,0,1,0,0,1,0
10577,ALABAMA,AL,2,0,3,71,2720,BRIDGEPORT,16,10,October,2010,7,Saturday,1,0,1,12,2,1391,34.66681667,-86.01211389,12,3,0,1,0,0,1,0
10578,ALABAMA,AL,1,0,2,61,0,BELLWOOD,16,10,October,2010,7,Saturday,21,0,0,6,4,0,31.06194167,-86.03432222,42,3,0,1,0,0,1,0
10579,ALABAMA,AL,1,0,1,51,0,CENTRAL,17,10,October,2010,1,Sunday,16,30,0,4,4,0,32.67039444,-86.26176667,42,1,0,1,0,0,1,0
10580,ALABAMA,AL,2,0,2,97,0,AXIS,18,10,October,2010,2,Monday,11,50,1,1,1,80,30.51171389,-88.28686111,12,1,0,1,0,0,1,0
10581,ALABAMA,AL,1,0,1,133,0,ARLEY,21,10,October,2010,5,Thursday,20,0,0,4,4,0,34.27261667,-87.32091389,1,3,0,1,0,0,1,1
10582,ALABAMA,AL,2,0,2,133,0,ARLEY,21,10,October,2010,5,Thursday,13,10,1,2,3,2625,34.11895000,-87.60713056,12,1,0,1,0,0,2,0
10583,ALABAMA,AL,2,0,5,43,830,BAILEYTON,10,10,October,2010,1,Sunday,12,30,1,2,3,0,34.17652222,-86.83979167,12,1,0,1,0,0,1,0
10584,ALABAMA,AL,1,0,2,73,330,ARGO,1,8,August,2010,1,Sunday,1,21,1,11,1,60,33.33791389,-86.92384444,24,2,0,1,0,0,1,1
10585,ALABAMA,AL,2,0,5,117,530,BIRMINGHAM,27,9,September,2010,2,Monday,17,53,0,16,6,0,33.09259722,-86.72231111,12,1,0,1,0,0,1,1
10586,ALABAMA,AL,1,1,1,53,180,ATMORE,13,10,October,2010,4,Wednesday,5,0,1,14,2,0,31.02433056,-87.47967500,9,3,0,1,0,0,1,0
10587,ALABAMA,AL,1,1,4,125,3050,BROOKWOOD,16,10,October,2010,7,Saturday,1,32,0,15,3,70,33.20855833,-87.54060556,8,3,0,1,0,0,1,0
10588,ALABAMA,AL,1,0,4,125,3050,BROOKWOOD,23,10,October,2010,7,Saturday,2,30,0,14,6,0,33.22930000,-87.51007222,34,3,0,1,0,0,1,1
10589,ALABAMA,AL,1,0,2,125,3050,BROOKWOOD,14,10,October,2010,5,Thursday,1,25,1,2,1,752,33.17557222,-87.50674722,52,3,0,1,0,0,1,0
10590,ALABAMA,AL,1,0,1,53,0,ATMORE,20,10,October,2010,4,Wednesday,19,50,0,4,4,0,31.13824722,-87.33886111,53,3,0,1,0,0,1,0
10591,ALABAMA,AL,2,0,2,43,0,BAILEYTON,22,10,October,2010,6,Friday,8,20,0,5,4,0,33.96237500,-87.03815000,12,1,0,1,0,0,1,0
10592,ALABAMA,AL,1,0,1,131,0,ARLINGTON,22,10,October,2010,6,Friday,13,55,0,6,4,0,31.90198056,-87.37917500,42,1,0,1,0,0,1,0
10593,ALABAMA,AL,1,0,1,43,0,BAILEYTON,23,10,October,2010,7,Saturday,0,14,0,3,3,2635,34.29580000,-86.56249167,32,6,0,1,0,0,1,1
10594,ALABAMA,AL,1,0,1,43,0,BAILEYTON,23,10,October,2010,7,Saturday,9,0,1,2,3,721,34.19470833,-86.95076389,42,1,0,1,0,0,1,0
10595,ALABAMA,AL,1,0,1,113,0,COTTONTON,26,10,October,2010,3,Tuesday,20,10,0,4,3,69,32.08190556,-85.08115000,30,3,0,1,0,0,1,1
10596,ALABAMA,AL,2,0,4,101,2130,BOYLSTON,30,9,September,2010,5,Thursday,20,20,1,12,2,0,32.31246111,-86.22375000,12,3,0,1,0,0,1,1
10597,ALABAMA,AL,2,0,3,73,1716,ARGO,18,10,October,2010,2,Monday,8,33,0,12,3,105,33.36504167,-86.82403889,12,1,0,1,0,0,1,0
10598,ALABAMA,AL,1,0,3,89,1730,BROWNSBORO,1,11,November,2010,2,Monday,2,18,0,12,3,0,34.74987778,-86.63478333,33,3,0,1,0,0,1,0
10599,ALABAMA,AL,1,0,1,115,2410,ASHVILLE,3,11,November,2010,4,Wednesday,20,6,0,3,4,0,33.57396667,-86.27856389,34,3,0,2,0,0,1,1
10600,ALABAMA,AL,1,0,1,35,1080,BROOKLYN,4,11,November,2010,5,Thursday,6,43,1,2,2,970,31.42163333,-87.06139444,32,3,0,3,0,0,1,0
10601,ALABAMA,AL,1,0,2,115,0,ASHVILLE,20,10,October,2010,4,Wednesday,15,25,1,1,1,1620,33.60268056,-86.22484444,24,1,0,1,0,0,1,0
10602,ALABAMA,AL,1,0,1,65,0,CYPRESS,22,10,October,2010,6,Friday,22,25,0,5,4,0,32.95533889,-87.61636389,42,3,0,1,0,0,1,1
10603,ALABAMA,AL,1,0,4,127,0,BURNWELL,28,10,October,2010,5,Thursday,15,0,1,2,2,1620,33.80655556,-87.13799722,1,1,0,1,0,0,1,0
10604,ALABAMA,AL,2,0,2,51,9997,CENTRAL,29,10,October,2010,6,Friday,18,31,0,12,4,0,32.45975556,-86.40769167,12,3,0,1,0,0,1,1
10605,ALABAMA,AL,1,0,1,3,0,BALDWIN,30,10,October,2010,7,Saturday,0,10,0,6,4,0,30.83466111,-87.88370556,35,3,0,1,0,0,1,1
10606,ALABAMA,AL,1,0,1,5,0,BAKER HILL,30,10,October,2010,7,Saturday,16,0,0,3,2,2348,31.94291389,-85.18301944,1,1,0,1,0,0,1,1
10607,ALABAMA,AL,2,0,6,99,0,BEATRICE,30,10,October,2010,7,Saturday,13,30,0,6,4,0,31.71393056,-87.26637778,12,1,0,1,0,0,1,1
10608,ALABAMA,AL,2,0,6,39,0,ANDALUSIA,30,10,October,2010,7,Saturday,12,0,1,2,2,1424,31.27411389,-86.34716389,12,1,0,1,0,0,1,1
10609,ALABAMA,AL,1,0,1,113,2440,COTTONTON,30,10,October,2010,7,Saturday,1,50,0,16,6,0,32.49918333,-85.02899167,42,3,0,1,0,0,1,1
10610,ALABAMA,AL,1,0,2,21,0,CHILTON,31,10,October,2010,1,Sunday,8,15,0,2,2,1105,32.71188333,-86.82762222,42,1,0,1,0,0,1,0
10611,ALABAMA,AL,2,0,2,97,0,AXIS,31,10,October,2010,1,Sunday,17,10,0,4,4,0,30.38796111,-88.15280556,11,1,0,1,0,0,1,0
10612,ALABAMA,AL,1,0,1,81,0,AUBURN,2,11,November,2010,3,Tuesday,18,45,1,12,2,1182,32.52563889,-85.07275556,24,3,0,1,0,0,1,0
10613,ALABAMA,AL,1,0,1,97,0,AXIS,4,11,November,2010,5,Thursday,6,55,0,4,4,0,30.81122222,-88.38774444,42,1,0,1,0,0,1,0
10614,ALABAMA,AL,2,0,2,89,1730,BROWNSBORO,9,11,November,2010,3,Tuesday,10,15,0,15,6,0,34.77230556,-86.59731667,12,1,0,1,0,0,1,0
10615,ALABAMA,AL,2,0,6,73,350,ARGO,29,10,October,2010,6,Friday,23,15,1,11,1,1302,33.54765278,-86.74903333,12,2,0,1,0,0,1,0
10616,ALABAMA,AL,3,0,1,101,2130,BOYLSTON,30,10,October,2010,7,Saturday,23,30,0,14,6,0,32.37761389,-86.32573889,18,3,0,1,0,0,1,1
10617,ALABAMA,AL,1,1,1,59,2690,FRANKLIN,10,11,November,2010,4,Wednesday,17,15,0,5,4,0,34.51179444,-87.73426389,8,3,0,1,0,0,1,0
10618,ALABAMA,AL,1,0,1,89,1730,BROWNSBORO,13,11,November,2010,7,Saturday,23,59,0,12,4,0,34.82532500,-86.62284167,33,3,0,1,0,0,1,1
10619,ALABAMA,AL,1,0,5,121,680,BON AIR,25,9,September,2010,7,Saturday,15,38,0,15,4,0,33.26916667,-86.37423333,1,1,0,1,0,0,1,0
10620,ALABAMA,AL,1,0,2,73,330,ARGO,21,10,October,2010,5,Thursday,1,30,0,15,6,0,33.36078611,-86.88400278,42,2,0,1,0,0,2,0
10621,ALABAMA,AL,1,0,1,115,0,ASHVILLE,10,4,April,2010,7,Saturday,13,40,0,2,2,2066,33.89123889,-86.11634444,34,1,0,1,0,0,1,0
10622,ALABAMA,AL,2,0,2,83,170,ARDMORE,3,8,August,2010,3,Tuesday,17,55,0,12,2,3650,34.69350556,-86.95582222,12,1,0,1,0,0,1,0
10623,ALABAMA,AL,2,0,3,127,0,BURNWELL,25,10,October,2010,2,Monday,11,15,0,2,3,490,33.87038889,-87.44029167,12,1,0,1,0,0,1,0
10624,ALABAMA,AL,1,0,1,127,0,BURNWELL,26,10,October,2010,3,Tuesday,22,0,0,4,3,310,33.68892500,-87.24669722,42,3,0,2,0,0,1,0
10625,ALABAMA,AL,1,1,1,97,0,AXIS,26,10,October,2010,3,Tuesday,23,0,0,12,2,110,30.80793333,-88.15122778,8,3,0,2,0,0,1,1
10626,ALABAMA,AL,2,0,2,73,0,ARGO,25,10,October,2010,2,Monday,6,14,1,1,1,1391,33.62014444,-86.63620278,12,4,0,2,0,0,1,0
10627,ALABAMA,AL,3,0,4,97,0,AXIS,27,10,October,2010,4,Wednesday,20,10,1,5,1,185,30.87079167,-88.05496944,12,3,0,2,0,0,2,1
10628,ALABAMA,AL,1,2,1,81,200,AUBURN,5,11,November,2010,6,Friday,5,44,0,12,6,0,32.58477778,-85.48905556,8,3,0,1,0,0,1,0
10629,ALABAMA,AL,3,0,3,89,1730,BROWNSBORO,6,11,November,2010,7,Saturday,21,22,1,12,2,0,34.65800278,-86.56946944,12,3,0,1,0,0,1,1
10630,ALABAMA,AL,1,0,1,97,0,AXIS,9,11,November,2010,3,Tuesday,2,39,0,14,4,0,30.48363056,-88.21707222,34,3,0,1,0,0,1,1
10631,ALABAMA,AL,2,0,2,3,0,BALDWIN,10,11,November,2010,4,Wednesday,6,35,0,6,4,0,30.86990556,-87.65681111,12,1,0,1,0,0,1,0
10632,ALABAMA,AL,1,0,1,55,0,ATTALLA,11,11,November,2010,5,Thursday,5,35,0,6,4,0,34.14942500,-86.16410833,42,4,0,1,0,0,1,0
10633,ALABAMA,AL,1,0,1,69,2961,ASHFORD,14,11,November,2010,1,Sunday,0,35,0,14,4,0,31.14917222,-85.46365556,53,3,0,1,0,0,1,1
10634,ALABAMA,AL,1,0,1,37,0,BRADFORD,14,11,November,2010,1,Sunday,15,45,0,4,4,0,33.08000833,-86.07996111,42,1,0,2,0,0,1,0
10635,ALABAMA,AL,1,1,1,97,2100,AXIS,14,11,November,2010,1,Sunday,0,30,1,12,2,0,30.73218056,-88.05847222,8,3,0,5,0,0,1,0
10636,ALABAMA,AL,2,1,1,53,0,ATMORE,15,11,November,2010,2,Monday,0,0,1,1,1,743,31.24700833,-87.24502222,12,3,2,2,0,0,1,0
10637,ALABAMA,AL,2,0,2,71,2720,BRIDGEPORT,17,11,November,2010,4,Wednesday,6,32,1,2,2,1340,34.62153611,-86.09686111,12,1,0,1,0,0,1,0
10638,ALABAMA,AL,1,0,1,15,100,ANNISTON,6,11,November,2010,7,Saturday,1,50,1,14,2,0,33.65105833,-85.82655556,42,3,0,1,0,0,1,1
10639,ALABAMA,AL,2,0,3,61,1060,BELLWOOD,10,11,November,2010,4,Wednesday,15,30,0,5,3,320,31.04326389,-85.84326944,12,1,0,1,0,0,1,0
10640,ALABAMA,AL,2,0,6,117,3265,BIRMINGHAM,12,11,November,2010,6,Friday,22,30,1,12,2,203,33.35053056,-86.53572222,12,3,0,1,0,0,3,1