ST_CASE,State Name,State Abbreviation,VE_TOTAL,Pedestrains,Total_Persons_in_accident,COUNTY,CITY,City_County_Name,Calendar_DAY,MONTH,Month_Name,YEAR,DAY_WEEK,Day_Week_desc,HOUR,MINUTE,NHS_Desc,trafficway,ROUTE,MILEPT,LATITUDE,LONGITUD,First_Crash_event,Light_cond_desc,Weather_condition,WEATHER,SCH_BUS,Crash_cause,FATALS,DRUNK_DR
10641,ALABAMA,AL,1,0,1,115,0,ASHVILLE,14,11,November,2010,1,Sunday,13,0,0,6,4,0,33.49333333,-86.31601944,42,1,0,1,0,0,1,0
10642,ALABAMA,AL,2,0,14,83,0,ARDMORE,16,11,November,2010,3,Tuesday,7,20,0,4,3,58,34.89980833,-86.98961667,12,1,0,2,1,0,1,0
10643,ALABAMA,AL,1,0,2,31,0,COFFEE,17,11,November,2010,4,Wednesday,12,20,0,5,4,0,31.22221667,-86.03985833,42,1,0,1,0,0,1,1
10644,ALABAMA,AL,2,0,3,79,0,COURTLAND,17,11,November,2010,4,Wednesday,18,45,1,2,3,517,34.61092500,-87.45675000,12,3,0,1,0,0,2,0
10645,ALABAMA,AL,1,0,2,39,0,ANDALUSIA,19,11,November,2010,6,Friday,14,30,0,6,4,0,31.40296667,-86.64551111,35,1,0,1,0,0,1,1
10646,ALABAMA,AL,1,0,1,11,0,BULLOCK,20,11,November,2010,7,Saturday,20,10,0,3,2,1825,32.11296667,-85.93370556,32,3,0,1,0,0,1,0
10647,ALABAMA,AL,1,0,1,95,0,ALBERTVILLE,21,11,November,2010,1,Sunday,13,5,0,4,4,0,34.32222222,-86.10875833,32,1,0,1,0,0,1,0
10648,ALABAMA,AL,1,0,1,51,0,CENTRAL,21,11,November,2010,1,Sunday,14,40,0,3,3,101,32.63135278,-86.06912500,34,1,0,1,0,0,1,0
10649,ALABAMA,AL,1,0,1,3,0,BALDWIN,21,11,November,2010,1,Sunday,7,30,0,6,4,0,30.86934444,-87.80788333,1,1,0,1,0,0,1,1
10650,ALABAMA,AL,3,0,6,87,0,ARMSTRONG,21,11,November,2010,1,Sunday,6,0,1,1,1,254,32.42637500,-85.91061944,12,4,0,5,0,0,1,0
10651,ALABAMA,AL,1,0,1,31,0,COFFEE,22,11,November,2010,2,Monday,18,10,0,3,3,85,31.50680278,-85.99207222,42,3,0,1,0,0,1,1
10652,ALABAMA,AL,1,0,1,97,0,AXIS,24,11,November,2010,4,Wednesday,20,42,0,5,4,0,31.00190278,-88.13016667,34,3,0,1,0,0,1,1
10653,ALABAMA,AL,1,0,1,117,0,BIRMINGHAM,26,11,November,2010,6,Friday,16,3,0,15,4,0,33.23840000,-86.57921667,42,1,0,1,0,0,1,1
10654,ALABAMA,AL,2,0,2,79,0,COURTLAND,22,11,November,2010,2,Monday,18,45,1,2,3,530,34.49410833,-87.25870833,12,3,0,1,0,0,1,0
10655,ALABAMA,AL,2,1,5,33,0,CHEROKEE,23,11,November,2010,3,Tuesday,18,9,0,5,4,0,34.66900278,-87.50473611,12,3,0,1,0,0,1,0
10656,ALABAMA,AL,4,0,8,51,2063,CENTRAL,23,11,November,2010,3,Tuesday,20,24,0,14,3,0,32.50499167,-86.38624444,12,3,0,1,0,0,3,0
10657,ALABAMA,AL,1,0,5,23,0,BLADON SPRINGS,26,11,November,2010,6,Friday,1,0,0,5,3,92,32.17547500,-88.30638889,1,3,0,1,0,0,2,1
10658,ALABAMA,AL,1,0,1,81,2812,AUBURN,26,11,November,2010,6,Friday,9,11,0,14,4,0,32.50110833,-85.10921944,34,1,0,1,0,0,1,0
10659,ALABAMA,AL,1,0,2,63,0,BOLIGEE,26,11,November,2010,6,Friday,3,0,1,1,1,350,32.80738611,-88.01677500,1,3,0,1,0,0,1,1
10660,ALABAMA,AL,1,1,1,97,0,AXIS,29,11,November,2010,2,Monday,13,15,1,11,1,130,30.78319444,-88.09926389,8,1,0,2,0,0,1,0
10661,ALABAMA,AL,2,0,3,99,0,BEATRICE,29,11,November,2010,2,Monday,11,15,1,2,2,738,31.49970556,-87.39395556,12,1,0,2,0,0,1,0
10662,ALABAMA,AL,1,0,2,45,9997,ARITON,29,11,November,2010,2,Monday,13,16,1,12,6,0,31.29076389,-85.46038333,30,1,0,2,0,0,1,0
10663,ALABAMA,AL,3,0,5,113,0,COTTONTON,29,11,November,2010,2,Monday,16,13,0,4,3,190,32.23439722,-85.00223889,12,1,0,1,0,0,1,0
10664,ALABAMA,AL,2,0,3,125,2260,BROOKWOOD,30,11,November,2010,3,Tuesday,14,43,1,12,2,0,33.23924167,-87.59511111,12,1,0,2,0,0,1,0
10665,ALABAMA,AL,2,0,3,125,0,BROOKWOOD,30,11,November,2010,3,Tuesday,20,40,1,2,2,334,33.28138333,-87.80204722,12,3,0,1,0,0,1,0
10666,ALABAMA,AL,1,0,1,81,0,AUBURN,30,11,November,2010,3,Tuesday,14,0,1,12,2,1240,32.57585833,-85.14775556,30,1,0,2,0,0,1,0
10667,ALABAMA,AL,1,0,2,129,0,BIGBEE,30,11,November,2010,3,Tuesday,7,35,0,6,4,0,31.69420278,-88.41739444,35,1,0,2,0,0,1,0
10668,ALABAMA,AL,2,0,2,97,0,AXIS,30,11,November,2010,3,Tuesday,17,50,1,11,1,100,30.53969722,-88.23437778,12,3,0,2,0,0,1,0
10669,ALABAMA,AL,1,2,1,97,2100,AXIS,19,11,November,2010,6,Friday,5,50,1,12,2,0,30.57528056,-88.17111667,8,3,0,1,0,0,1,0
10670,ALABAMA,AL,2,0,2,95,0,ALBERTVILLE,1,12,December,2010,4,Wednesday,15,38,0,3,3,2646,34.30469444,-86.54530000,12,1,0,1,0,0,1,0
10671,ALABAMA,AL,1,0,1,89,1730,BROWNSBORO,2,12,December,2010,5,Thursday,22,0,0,15,6,0,34.59799444,-86.51353889,42,3,0,1,0,0,1,0
10672,ALABAMA,AL,1,0,2,125,0,BROOKWOOD,2,12,December,2010,5,Thursday,22,52,0,12,3,32,33.30002222,-87.62766111,35,3,0,1,0,0,1,1
10673,ALABAMA,AL,2,0,2,97,0,AXIS,3,12,December,2010,6,Friday,12,45,1,12,2,155,30.75438889,-88.20795278,12,1,0,1,0,0,1,0
10674,ALABAMA,AL,3,0,4,117,2405,BIRMINGHAM,3,12,December,2010,6,Friday,14,15,0,14,4,0,33.29548611,-86.75025833,12,1,0,1,0,0,1,0
10675,ALABAMA,AL,1,0,1,129,0,BIGBEE,4,12,December,2010,7,Saturday,21,40,0,5,4,0,31.20825000,-88.43166944,1,3,0,1,0,0,1,1
10676,ALABAMA,AL,1,0,2,15,100,ANNISTON,4,12,December,2010,7,Saturday,0,37,1,14,2,0,33.65034722,-85.82680000,5,3,0,1,0,0,1,1
10677,ALABAMA,AL,1,0,1,113,2440,COTTONTON,5,12,December,2010,1,Sunday,22,55,0,14,6,0,32.47523056,-85.03003889,33,3,0,1,0,0,1,1
10678,ALABAMA,AL,1,0,1,117,1630,BIRMINGHAM,6,12,December,2010,2,Monday,14,25,0,15,4,0,33.26899444,-86.92170278,42,1,0,1,0,0,1,0
10679,ALABAMA,AL,2,0,4,17,0,CHAMBERS,6,12,December,2010,2,Monday,20,45,0,16,4,0,32.74690833,-85.14804444,12,3,0,1,0,0,1,0
10680,ALABAMA,AL,1,1,1,117,47,BIRMINGHAM,7,12,December,2010,3,Tuesday,15,27,0,16,4,0,33.21522222,-86.79996944,8,1,0,1,0,0,1,0
10681,ALABAMA,AL,1,0,4,55,0,ATTALLA,8,12,December,2010,4,Wednesday,15,13,0,6,4,0,34.00652222,-86.13721111,32,1,0,1,0,0,1,1
10682,ALABAMA,AL,2,0,4,71,0,BRIDGEPORT,8,12,December,2010,4,Wednesday,18,10,0,5,3,88,34.62615000,-85.84798333,12,3,0,1,0,0,1,0
10683,ALABAMA,AL,1,0,1,127,0,BURNWELL,8,12,December,2010,4,Wednesday,5,55,0,4,4,0,33.82122778,-87.07079444,24,4,0,1,0,0,1,0
10684,ALABAMA,AL,1,1,1,103,0,DANVILLE,9,12,December,2010,5,Thursday,9,40,0,6,4,0,34.50027778,-87.06347500,8,1,0,1,0,0,1,0
10685,ALABAMA,AL,1,0,1,49,0,COLLINSVILLE,10,12,December,2010,6,Friday,17,15,0,3,3,133,34.61030556,-85.65535833,42,3,0,1,0,0,1,0
10686,ALABAMA,AL,1,0,1,89,0,BROWNSBORO,13,12,December,2010,2,Monday,23,15,0,15,4,0,34.80850833,-86.76461111,32,3,0,1,0,0,1,1
10687,ALABAMA,AL,1,0,1,115,0,ASHVILLE,13,12,December,2010,2,Monday,21,30,0,4,3,65,33.71775278,-86.40568889,59,3,0,1,0,0,1,0
10688,ALABAMA,AL,2,0,2,129,0,BIGBEE,14,12,December,2010,3,Tuesday,14,50,0,4,4,0,31.65531667,-88.14897500,12,1,0,1,0,0,1,0
10689,ALABAMA,AL,2,0,3,117,0,BIRMINGHAM,16,12,December,2010,5,Thursday,13,55,0,15,4,0,33.49566944,-86.44859444,12,1,0,2,0,0,1,0
10690,ALABAMA,AL,2,0,4,53,1180,ATMORE,30,8,August,2010,2,Monday,14,3,0,2,2,0,31.02001389,-87.25201111,12,1,0,1,0,0,4,0
10691,ALABAMA,AL,1,0,2,73,1716,ARGO,11,12,December,2010,7,Saturday,21,15,1,11,1,2490,33.37902778,-86.78147778,25,3,0,2,0,0,1,0
10692,ALABAMA,AL,3,0,7,71,2720,BRIDGEPORT,22,12,December,2010,4,Wednesday,16,10,1,2,2,1340,34.62154444,-86.09689722,12,1,0,1,0,0,1,0
10693,ALABAMA,AL,1,0,2,121,1870,BON AIR,24,12,December,2010,6,Friday,21,33,0,5,4,0,33.63511389,-86.07146389,43,3,0,1,0,0,1,0
10694,ALABAMA,AL,1,1,1,15,2370,ANNISTON,31,10,October,2010,1,Sunday,17,20,0,14,2,1545,33.59758889,-85.94165556,9,1,0,1,0,0,1,0
10695,ALABAMA,AL,1,0,4,81,2340,AUBURN,5,11,November,2010,6,Friday,15,0,1,11,1,581,32.61460000,-85.40571944,1,1,0,1,0,0,1,0
10696,ALABAMA,AL,2,0,2,133,940,ARLEY,18,11,November,2010,5,Thursday,8,15,0,4,3,250,34.16879444,-87.41940278,12,1,0,1,0,0,1,0
10697,ALABAMA,AL,2,0,2,71,1690,BRIDGEPORT,22,11,November,2010,2,Monday,12,8,1,3,2,1420,34.70204167,-85.98111667,12,1,0,1,0,0,1,0
10698,ALABAMA,AL,3,0,3,97,2100,AXIS,23,11,November,2010,3,Tuesday,19,35,1,12,2,0,30.71950000,-88.14044722,12,3,0,1,0,0,1,1
10699,ALABAMA,AL,2,0,3,97,2100,AXIS,27,11,November,2010,7,Saturday,13,5,0,14,6,0,30.66085556,-88.19067500,12,1,0,1,0,0,1,0
10700,ALABAMA,AL,1,0,1,69,3220,ASHFORD,27,11,November,2010,7,Saturday,19,2,0,15,6,0,31.25786111,-85.27609444,32,3,0,1,0,0,1,1
10701,ALABAMA,AL,3,0,3,83,9997,ARDMORE,29,11,November,2010,2,Monday,15,3,1,11,1,20,34.63119167,-86.87785000,12,1,0,1,0,0,1,0
10702,ALABAMA,AL,1,1,1,97,2100,AXIS,8,12,December,2010,4,Wednesday,17,20,1,12,2,0,30.73241111,-88.05730000,8,3,0,1,0,0,1,0
10703,ALABAMA,AL,1,0,5,121,0,BON AIR,27,11,November,2010,7,Saturday,9,45,0,6,4,0,33.20942778,-86.31469722,42,1,0,1,0,0,1,0
10704,ALABAMA,AL,2,0,2,113,0,COTTONTON,7,12,December,2010,3,Tuesday,16,20,0,99,4,0,32.34540278,-85.12834167,12,5,0,1,0,0,1,0
10705,ALABAMA,AL,1,0,1,83,0,ARDMORE,11,12,December,2010,7,Saturday,20,30,0,6,4,0,34.81011111,-87.08920833,43,3,0,2,0,0,1,0
10706,ALABAMA,AL,2,0,4,109,0,ANSLEY,15,12,December,2010,4,Wednesday,7,30,0,4,2,1727,31.77354722,-85.92498333,12,1,0,3,0,0,2,0
10707,ALABAMA,AL,1,1,1,101,0,BOYLSTON,15,12,December,2010,4,Wednesday,8,39,1,11,1,1605,32.22641944,-86.39075000,23,4,0,3,0,0,1,0
10708,ALABAMA,AL,1,0,1,11,0,BULLOCK,16,12,December,2010,5,Thursday,3,0,0,6,3,217,32.21436111,-85.90446944,34,3,0,2,0,0,1,0
10709,ALABAMA,AL,3,0,6,43,0,BAILEYTON,17,12,December,2010,6,Friday,21,45,0,4,2,3321,34.25020278,-86.87135278,12,3,0,1,0,0,1,1
10710,ALABAMA,AL,1,0,3,123,0,ALEXANDER CITY,18,12,December,2010,7,Saturday,11,35,0,3,3,1363,33.04183056,-85.68709444,1,1,0,1,0,0,1,0
10711,ALABAMA,AL,2,0,2,73,0,ARGO,19,12,December,2010,1,Sunday,3,30,1,11,1,1350,33.54605833,-86.65881944,12,3,0,1,0,0,1,1
10712,ALABAMA,AL,1,0,1,45,0,ARITON,21,12,December,2010,3,Tuesday,22,39,0,4,3,93,31.55913333,-85.53803889,42,3,0,1,0,0,1,0
10713,ALABAMA,AL,2,0,2,97,0,AXIS,22,12,December,2010,4,Wednesday,4,50,0,15,4,0,30.63982222,-88.27318333,12,3,0,1,0,0,1,0
10714,ALABAMA,AL,1,0,1,69,0,ASHFORD,22,12,December,2010,4,Wednesday,21,30,0,14,4,0,31.28506111,-85.42627500,42,3,0,1,0,0,1,1
10715,ALABAMA,AL,2,0,3,43,0,BAILEYTON,25,12,December,2010,7,Saturday,9,45,1,2,2,711,34.19628611,-86.96597500,12,1,0,4,0,0,1,0
10716,ALABAMA,AL,2,0,3,51,2063,CENTRAL,27,12,December,2010,2,Monday,19,5,0,15,3,0,32.48873611,-86.40883889,12,3,0,1,0,0,2,0
10717,ALABAMA,AL,1,0,4,115,0,ASHVILLE,30,12,December,2010,5,Thursday,15,0,1,1,1,1601,33.80289722,-86.36818611,42,1,0,1,0,0,1,0
10718,ALABAMA,AL,1,0,2,51,0,CENTRAL,31,12,December,2010,6,Friday,11,15,0,4,4,0,32.65280000,-86.32469444,42,1,0,1,0,0,1,0
10719,ALABAMA,AL,1,1,1,89,1730,BROWNSBORO,31,12,December,2010,6,Friday,17,23,0,14,6,0,34.61283333,-86.55875556,8,3,0,1,0,0,1,0
10720,ALABAMA,AL,2,0,5,117,530,BIRMINGHAM,11,12,December,2010,7,Saturday,18,35,0,15,3,0,33.13842500,-86.68945000,12,2,0,1,0,0,2,0
10721,ALABAMA,AL,1,1,1,89,2225,BROWNSBORO,3,7,July,2010,7,Saturday,21,30,0,16,6,0,34.53421944,-86.41271667,49,2,0,1,0,0,1,0
10722,ALABAMA,AL,2,0,7,73,350,ARGO,16,10,October,2010,7,Saturday,12,45,1,11,1,1320,33.57021667,-86.71945000,12,1,0,1,0,0,1,0
10723,ALABAMA,AL,1,0,2,73,330,ARGO,23,11,November,2010,3,Tuesday,3,40,0,16,6,0,33.41167500,-86.94119167,1,2,0,1,0,0,2,0
10724,ALABAMA,AL,2,0,2,73,0,ARGO,18,11,November,2010,5,Thursday,9,53,1,12,2,1387,33.56363056,-86.89470278,12,1,0,1,0,0,1,0
10725,ALABAMA,AL,2,0,3,73,1440,ARGO,2,12,December,2010,5,Thursday,7,50,0,15,6,0,33.62198056,-86.92852778,12,1,0,1,0,0,1,0
10726,ALABAMA,AL,1,0,1,73,350,ARGO,4,12,December,2010,7,Saturday,0,45,0,14,6,0,33.59095278,-86.71541944,42,3,0,1,0,0,1,1
10727,ALABAMA,AL,1,0,4,73,330,ARGO,7,12,December,2010,3,Tuesday,21,16,1,11,1,1135,33.42799444,-86.95376111,24,2,0,1,0,0,1,1
10728,ALABAMA,AL,1,0,1,73,0,ARGO,8,12,December,2010,4,Wednesday,18,15,0,15,4,0,33.79308889,-86.79664444,1,2,0,1,0,0,1,0
10729,ALABAMA,AL,3,0,6,73,350,ARGO,9,12,December,2010,5,Thursday,0,11,0,14,2,0,33.53063611,-86.72131111,12,3,0,1,0,0,3,0
10730,ALABAMA,AL,1,0,2,73,0,ARGO,30,12,December,2010,5,Thursday,0,45,0,15,4,0,33.73441389,-86.74758611,1,2,0,1,0,0,2,0
10731,ALABAMA,AL,2,0,2,79,2150,COURTLAND,4,6,June,2010,6,Friday,8,35,1,2,3,0,34.47405833,-87.26871389,12,1,0,1,0,0,1,0
10732,ALABAMA,AL,2,0,2,79,2150,COURTLAND,26,8,August,2010,5,Thursday,14,0,1,2,3,520,34.49156111,-87.29195556,12,1,0,1,0,0,1,0
10733,ALABAMA,AL,2,0,2,3,1011,BALDWIN,3,11,November,2010,4,Wednesday,17,40,0,5,4,0,30.39445556,-87.59832778,12,5,0,2,0,0,1,0
10734,ALABAMA,AL,1,0,1,73,1716,ARGO,27,11,November,2010,7,Saturday,23,45,0,14,4,0,33.40312500,-86.78499722,30,3,0,1,0,0,1,0
10735,ALABAMA,AL,1,1,1,53,0,ATMORE,9,11,November,2010,3,Tuesday,18,25,0,3,2,135,31.14956944,-86.89581389,9,3,0,1,0,0,1,1
10736,ALABAMA,AL,1,0,1,101,2130,BOYLSTON,22,12,December,2010,4,Wednesday,22,10,1,12,2,0,32.39195833,-86.38983333,1,3,0,1,0,0,1,0
10737,ALABAMA,AL,1,1,1,127,1780,BURNWELL,24,12,December,2010,6,Friday,1,27,1,3,2,0,33.84054167,-87.23574722,8,3,0,1,0,0,1,0
10738,ALABAMA,AL,1,2,1,97,2100,AXIS,30,12,December,2010,5,Thursday,18,46,1,12,2,0,30.70328333,-88.07894444,8,3,0,2,0,0,1,0
10739,ALABAMA,AL,1,0,1,95,50,ALBERTVILLE,30,12,December,2010,5,Thursday,23,0,0,3,6,0,34.30234167,-86.22780556,30,3,0,1,0,0,1,0
10740,ALABAMA,AL,2,0,2,125,2260,BROOKWOOD,31,12,December,2010,6,Friday,12,30,0,12,3,1500,33.26446389,-87.57211667,12,1,0,1,0,0,1,0
10741,ALABAMA,AL,2,0,2,61,1340,BELLWOOD,9,12,December,2010,5,Thursday,11,30,0,3,3,560,31.16536944,-85.48958611,12,1,0,1,0,0,1,0
10742,ALABAMA,AL,1,0,1,69,0,ASHFORD,18,12,December,2010,7,Saturday,5,15,0,4,4,0,31.11704167,-85.33945000,53,3,0,2,0,0,1,0
10743,ALABAMA,AL,2,1,1,89,0,BROWNSBORO,25,12,December,2010,7,Saturday,18,40,1,14,2,1080,34.74326111,-86.44594444,8,3,0,1,0,0,1,0
10744,ALABAMA,AL,1,0,1,33,0,CHEROKEE,28,12,December,2010,3,Tuesday,16,5,0,6,4,0,34.70939167,-87.47669722,1,1,0,1,0,0,1,1
10745,ALABAMA,AL,1,0,1,11,0,BULLOCK,28,12,December,2010,3,Tuesday,1,0,0,6,3,170,32.26400000,-85.94059444,32,3,0,1,0,0,1,0
10746,ALABAMA,AL,1,0,2,79,0,COURTLAND,28,12,December,2010,3,Tuesday,17,15,1,2,4,0,34.56960556,-87.37052222,53,3,0,1,0,0,2,1
10747,ALABAMA,AL,1,0,2,51,0,CENTRAL,30,12,December,2010,5,Thursday,4,10,0,14,4,0,32.45456667,-86.35804722,53,3,0,1,0,0,1,0
10748,ALABAMA,AL,2,0,4,97,0,AXIS,30,12,December,2010,5,Thursday,13,0,0,12,4,0,30.71730556,-88.22552500,12,1,0,2,0,0,1,0
10749,ALABAMA,AL,2,0,3,69,0,ASHFORD,31,12,December,2010,6,Friday,18,40,1,12,2,92,31.12604167,-85.40370278,12,3,0,1,0,0,2,0
10750,ALABAMA,AL,3,0,6,109,0,ANSLEY,31,12,December,2010,6,Friday,18,55,1,2,2,1737,31.76903889,-85.91207778,12,3,0,1,0,0,1,0
10751,ALABAMA,AL,1,1,1,51,2063,CENTRAL,31,12,December,2010,6,Friday,21,20,0,14,3,1610,32.52196667,-86.36587500,8,3,0,2,0,0,1,0
10752,ALABAMA,AL,1,0,2,73,1716,ARGO,22,11,November,2010,2,Monday,3,18,0,15,6,0,33.38658056,-86.86739444,30,3,0,1,0,0,1,0
10753,ALABAMA,AL,1,0,3,15,100,ANNISTON,19,11,November,2010,6,Friday,23,15,1,14,2,0,33.65973611,-85.82658333,33,3,0,1,0,0,1,0
10754,ALABAMA,AL,2,0,4,123,2940,ALEXANDER CITY,3,4,April,2010,7,Saturday,10,7,0,3,3,0,32.55160556,-85.86230000,12,1,0,1,0,0,1,0
10755,ALABAMA,AL,2,0,3,3,1210,BALDWIN,2,3,March,2010,3,Tuesday,6,13,0,3,4,0,30.37028889,-87.65314722,12,1,0,1,0,0,1,0
10756,ALABAMA,AL,1,0,1,3,1210,BALDWIN,7,3,March,2010,1,Sunday,9,37,0,5,6,0,30.38868333,-87.67481389,32,1,0,1,0,0,1,1
10757,ALABAMA,AL,2,0,5,3,1210,BALDWIN,1,7,July,2010,5,Thursday,12,35,0,3,6,0,30.37028333,-87.65342222,12,1,0,1,0,0,1,0
10758,ALABAMA,AL,5,0,5,97,2175,AXIS,28,11,November,2010,1,Sunday,1,51,1,2,6,0,31.08654444,-88.01591111,12,3,0,1,0,0,1,0
10759,ALABAMA,AL,1,1,1,3,1210,BALDWIN,2,11,November,2010,3,Tuesday,18,27,0,3,6,0,30.38481389,-87.69067778,8,3,0,2,0,0,1,0
10760,ALABAMA,AL,1,0,1,3,1210,BALDWIN,24,11,November,2010,4,Wednesday,19,29,0,5,4,0,30.42126389,-87.71288056,34,3,0,1,0,0,1,1
10761,ALABAMA,AL,1,1,2,89,1730,BROWNSBORO,29,12,December,2010,4,Wednesday,22,3,0,14,6,0,34.68971389,-86.56826389,8,3,0,1,0,0,1,0
10762,ALABAMA,AL,2,0,2,73,350,ARGO,23,10,October,2010,7,Saturday,6,30,1,16,6,0,33.55507222,-86.77879444,12,4,0,1,0,0,1,0
10763,ALABAMA,AL,2,0,2,81,200,AUBURN,2,9,September,2010,5,Thursday,6,59,0,14,6,0,32.60943889,-85.47524167,12,1,0,1,0,0,1,0
10764,ALABAMA,AL,1,0,1,83,170,ARDMORE,16,9,September,2010,5,Thursday,21,30,0,14,3,50,34.81749444,-86.92123611,32,3,0,10,0,0,1,0
10765,ALABAMA,AL,1,0,1,73,0,ARGO,21,1,January,2010,5,Thursday,19,4,0,99,3,200,33.61158056,-87.13497222,24,2,0,1,0,0,1,0
10766,ALABAMA,AL,1,1,1,73,1110,ARGO,13,1,January,2010,4,Wednesday,5,47,1,11,1,1192,33.49722222,-86.90640000,8,2,0,1,0,0,1,0
10767,ALABAMA,AL,1,1,1,73,350,ARGO,28,1,January,2010,5,Thursday,21,35,1,11,1,0,33.52180000,-86.82723611,8,3,0,1,0,0,1,0
10768,ALABAMA,AL,1,0,2,73,350,ARGO,6,2,February,2010,7,Saturday,0,15,0,14,6,0,33.51518889,-86.73107500,30,3,0,2,0,0,1,0
10769,ALABAMA,AL,2,0,4,73,350,ARGO,24,3,March,2010,4,Wednesday,21,57,1,11,1,1320,33.57000278,-86.71964722,12,2,0,1,0,0,1,0
10770,ALABAMA,AL,2,0,4,73,350,ARGO,27,3,March,2010,7,Saturday,17,18,0,16,6,0,33.51118333,-86.88184722,12,1,0,1,0,0,1,0
10771,ALABAMA,AL,2,0,4,73,350,ARGO,3,4,April,2010,7,Saturday,18,20,0,14,6,0,33.56178889,-86.84193611,12,1,0,1,0,0,1,0
10772,ALABAMA,AL,2,0,5,73,350,ARGO,27,6,June,2010,1,Sunday,6,25,1,11,1,1253,33.52092222,-86.82055278,12,1,0,1,0,0,1,0
10773,ALABAMA,AL,1,0,4,55,2562,ATTALLA,21,6,June,2010,2,Monday,4,17,1,12,3,0,33.98265556,-86.06878333,43,3,0,1,0,0,1,0
10774,ALABAMA,AL,1,0,1,73,350,ARGO,15,7,July,2010,5,Thursday,19,31,0,16,6,0,33.54263056,-86.72226111,30,1,0,1,0,0,1,0
10775,ALABAMA,AL,1,0,1,73,0,ARGO,3,7,July,2010,7,Saturday,1,29,1,14,2,13,33.47429167,-86.76769167,43,2,0,1,0,0,1,1
10776,ALABAMA,AL,2,0,6,73,0,ARGO,24,7,July,2010,7,Saturday,0,32,1,12,3,26,33.62018611,-86.68489167,12,3,0,1,0,0,2,1
10777,ALABAMA,AL,1,0,1,71,0,BRIDGEPORT,22,8,August,2010,1,Sunday,2,40,0,4,3,262,34.82026944,-85.66138611,35,3,0,10,0,0,1,1
10778,ALABAMA,AL,2,0,5,73,350,ARGO,11,9,September,2010,7,Saturday,4,45,1,11,1,1201,33.49910556,-86.89756389,12,3,0,1,0,0,1,1
10779,ALABAMA,AL,2,0,5,73,350,ARGO,22,11,November,2010,2,Monday,10,5,0,14,6,0,33.48418889,-86.82483889,12,1,0,1,0,0,1,0
10780,ALABAMA,AL,1,0,1,73,2170,ARGO,9,11,November,2010,3,Tuesday,22,58,0,15,6,0,33.49125000,-86.77903056,43,2,0,1,0,0,1,1
10781,ALABAMA,AL,1,0,2,73,350,ARGO,25,12,December,2010,7,Saturday,2,20,0,16,6,0,33.49384444,-86.86896389,42,3,0,1,0,0,1,0
10782,ALABAMA,AL,3,0,4,73,330,ARGO,15,11,November,2010,2,Monday,14,3,1,11,1,1070,33.35333056,-87.01489444,12,1,0,2,0,0,1,0
10783,ALABAMA,AL,2,0,2,73,1270,ARGO,22,7,July,2010,5,Thursday,21,28,0,16,2,0,33.60840833,-86.79695833,12,3,0,1,0,0,1,0
10784,ALABAMA,AL,1,0,1,49,1230,COLLINSVILLE,25,7,July,2010,1,Sunday,13,7,0,6,6,0,34.44356667,-85.75114444,23,1,0,98,0,0,1,0
10785,ALABAMA,AL,1,0,1,49,1230,COLLINSVILLE,19,8,August,2010,5,Thursday,21,45,0,99,4,0,34.46646111,-85.61894444,42,8,0,98,0,0,1,1
10786,ALABAMA,AL,2,0,2,73,350,ARGO,26,8,August,2010,5,Thursday,15,7,1,11,1,1280,33.54657222,-86.78273333,12,1,0,1,0,0,1,0
10787,ALABAMA,AL,1,0,1,115,0,ASHVILLE,17,9,September,2010,6,Friday,7,15,0,4,3,15,33.76802500,-86.41405833,34,1,0,1,0,0,1,0
10788,ALABAMA,AL,3,0,3,17,1830,CHAMBERS,6,10,October,2010,4,Wednesday,19,57,1,1,1,752,32.80083889,-85.23176111,24,3,0,1,0,0,1,0
10789,ALABAMA,AL,2,0,2,27,1890,ASHLAND,8,11,November,2010,2,Monday,9,5,0,4,3,0,33.34131944,-85.75416944,12,1,0,1,0,0,1,0
10790,ALABAMA,AL,1,1,1,97,2100,AXIS,7,12,December,2010,3,Tuesday,17,29,0,14,6,0,30.66139444,-88.15003333,8,3,0,1,0,0,1,0
10791,ALABAMA,AL,2,0,3,131,540,ARLINGTON,18,2,February,2010,5,Thursday,16,45,0,3,3,0,32.00123333,-87.31525833,12,1,0,1,0,0,1,0
10792,ALABAMA,AL,1,0,1,105,2020,MARION,18,8,August,2010,4,Wednesday,1,0,0,14,3,0,32.63722500,-87.30275000,99,6,0,99,0,0,1,1
10793,ALABAMA,AL,2,0,2,71,480,BRIDGEPORT,2,12,December,2010,5,Thursday,18,59,0,3,2,1637,34.94586111,-85.75214167,12,3,0,1,0,0,1,0
10794,ALABAMA,AL,1,0,1,87,3070,ARMSTRONG,22,5,May,2010,7,Saturday,18,46,0,12,4,0,32.45603889,-85.70616389,38,1,0,1,0,0,1,1
10795,ALABAMA,AL,2,0,5,81,2340,AUBURN,23,6,June,2010,4,Wednesday,11,40,0,99,2,1083,32.61666667,-85.40197500,12,1,0,1,0,0,1,0
20001,ALASKA,AK,2,1,1,20,130,ANCHORAGE,7,1,January,2010,5,Thursday,15,15,1,11,3,3,61.36284167,-149.54066389,12,1,0,10,0,0,1,0