ST_CASE,State Name,State Abbreviation,VE_TOTAL,Pedestrains,Total_Persons_in_accident,COUNTY,CITY,City_County_Name,Calendar_DAY,MONTH,Month_Name,YEAR,DAY_WEEK,Day_Week_desc,HOUR,MINUTE,NHS_Desc,trafficway,ROUTE,MILEPT,LATITUDE,LONGITUD,First_Crash_event,Light_cond_desc,Weather_condition,WEATHER,SCH_BUS,Crash_cause,FATALS,DRUNK_DR
20002,ALASKA,AK,1,1,1,290,1760,ALEXANDERS VILLAGE,23,1,January,2010,7,Saturday,19,34,1,1,3,2672,64.55123333,-149.09593056,8,2,0,1,0,0,1,0
20003,ALASKA,AK,2,0,4,122,0,ANCHOR POINT,29,1,January,2010,6,Friday,19,27,1,1,3,652,60.75774444,-149.24105000,24,2,0,1,0,0,1,0
20004,ALASKA,AK,2,0,2,122,0,ANCHOR POINT,25,3,March,2010,5,Thursday,15,58,1,1,3,676,60.78796111,-149.21118056,12,1,0,1,0,0,1,0
20005,ALASKA,AK,1,0,2,20,0,ANCHORAGE,13,4,April,2010,3,Tuesday,7,26,1,1,3,1021,60.98570278,-149.50182500,1,1,0,1,0,0,1,0
20006,ALASKA,AK,2,0,2,20,130,ANCHORAGE,30,1,January,2010,7,Saturday,1,53,0,14,6,8,61.19870556,-149.89793333,12,3,0,10,0,0,1,1
20007,ALASKA,AK,1,1,1,290,1910,ALEXANDERS VILLAGE,17,1,January,2010,1,Sunday,3,10,0,6,8,99999,64.72963611,-158.11072778,8,2,0,10,0,0,1,0
20008,ALASKA,AK,2,0,7,170,0,ALEXANDER,4,3,March,2010,5,Thursday,13,0,1,1,3,1410,63.04484444,-149.58091667,12,1,0,10,0,0,2,0
20009,ALASKA,AK,1,0,1,201,2595,ANNETTE,14,4,April,2010,4,Wednesday,11,0,0,4,8,12,55.70310556,-132.84946944,11,1,0,1,0,0,1,0
20010,ALASKA,AK,1,0,1,240,2630,BIG DELTA,28,4,April,2010,4,Wednesday,19,25,1,1,3,294,62.91833056,-141.53896944,35,1,0,10,0,0,1,1
20011,ALASKA,AK,2,0,2,170,2790,ALEXANDER,3,5,May,2010,2,Monday,9,3,1,1,3,52,61.57308889,-149.39570556,12,1,0,1,0,0,2,0
20012,ALASKA,AK,3,0,5,90,0,AURORA LODGE,14,5,May,2010,6,Friday,20,52,1,11,3,3172,64.85870833,-147.89555556,12,1,0,1,0,0,2,0
20013,ALASKA,AK,1,0,1,170,2000,ALEXANDER,21,5,May,2010,6,Friday,20,43,0,6,8,21,61.65725556,-149.05242500,1,1,0,1,0,0,1,0
20014,ALASKA,AK,2,0,4,122,120,ANCHOR POINT,29,5,May,2010,7,Saturday,20,7,1,2,3,1231,59.72019167,-151.70973333,12,1,0,1,0,0,1,0
20015,ALASKA,AK,1,0,2,20,130,ANCHORAGE,1,6,June,2010,3,Tuesday,22,12,0,15,6,21,61.21951389,-149.89940278,5,1,0,10,0,0,1,0
20016,ALASKA,AK,1,0,1,130,1250,CLOVER PASS,21,6,June,2010,2,Monday,11,7,0,14,6,21,55.37741111,-131.72718889,1,1,0,10,0,0,1,0
20017,ALASKA,AK,1,0,1,90,0,AURORA LODGE,25,6,June,2010,6,Friday,0,1,1,13,3,45,64.88480000,-147.62852778,24,1,0,1,0,0,1,1
20018,ALASKA,AK,1,0,2,170,2790,ALEXANDER,26,6,June,2010,7,Saturday,4,5,0,6,5,17,61.55806389,-149.60193611,1,4,0,10,0,0,1,1
20019,ALASKA,AK,1,0,1,90,810,AURORA LODGE,26,6,June,2010,7,Saturday,7,13,0,5,8,72,64.94661667,-147.64883611,42,1,0,1,0,0,1,1
20020,ALASKA,AK,1,0,1,90,760,AURORA LODGE,27,6,June,2010,1,Sunday,23,15,1,1,3,3035,64.77258889,-148.26135556,1,1,0,1,0,0,1,1
20021,ALASKA,AK,1,0,1,170,0,ALEXANDER,4,7,July,2010,1,Sunday,12,30,1,1,3,988,61.80122222,-147.68410278,35,1,0,1,0,0,1,0
20022,ALASKA,AK,2,0,2,90,770,AURORA LODGE,4,7,July,2010,1,Sunday,19,31,0,14,6,6,64.83695000,-147.73903333,1,1,0,10,0,0,1,0
20023,ALASKA,AK,1,0,1,110,1130,JUNEAU,23,7,July,2010,6,Friday,22,42,0,14,3,214,58.46971667,-134.78036944,42,2,2,2,0,0,1,0
20024,ALASKA,AK,1,2,1,90,770,AURORA LODGE,28,7,July,2010,4,Wednesday,14,2,1,12,3,20,64.85855556,-147.67614167,8,1,0,1,0,0,1,0
20025,ALASKA,AK,3,0,5,20,130,ANCHORAGE,1,7,July,2010,5,Thursday,17,25,1,11,3,144,61.34716389,-149.55568333,12,1,0,10,0,0,1,0
20027,ALASKA,AK,1,1,2,20,130,ANCHORAGE,28,8,August,2010,7,Saturday,22,39,0,14,6,11,61.21525000,-149.80842222,8,3,0,2,0,0,1,0
20028,ALASKA,AK,1,0,2,90,2233,AURORA LODGE,14,9,September,2010,3,Tuesday,1,47,1,1,3,3356,64.57047500,-147.04259167,5,2,0,10,0,0,1,1
20029,ALASKA,AK,1,0,9,170,2790,ALEXANDER,4,8,August,2010,4,Wednesday,10,39,0,9,9,99999,61.41103889,-149.92230278,42,1,0,2,0,0,1,1
20030,ALASKA,AK,2,0,2,170,292,ALEXANDER,18,8,August,2010,4,Wednesday,18,4,0,4,8,68,61.52969167,-149.87719444,1,1,0,1,0,0,1,0
20031,ALASKA,AK,1,0,1,170,2823,ALEXANDER,2,9,September,2010,5,Thursday,19,34,1,1,3,296,61.68913889,-149.97114722,1,1,0,10,0,0,1,1
20032,ALASKA,AK,4,0,6,122,1240,ANCHOR POINT,5,9,September,2010,1,Sunday,22,57,0,6,6,1,60.55260556,-151.26631111,12,3,0,10,0,0,1,1
20033,ALASKA,AK,2,0,3,90,770,AURORA LODGE,15,9,September,2010,4,Wednesday,12,43,0,15,9,1,64.87056389,-147.67078889,12,1,0,1,0,0,1,0
20034,ALASKA,AK,1,0,1,20,130,ANCHORAGE,18,9,September,2010,7,Saturday,1,30,0,15,6,10,61.12052778,-149.74611944,39,2,0,5,0,0,1,1
20035,ALASKA,AK,1,0,2,150,1340,AFOGNAK,16,9,September,2010,5,Thursday,0,8,0,14,9,4,57.80041944,-152.36913889,52,3,0,1,0,0,1,1
20036,ALASKA,AK,1,0,2,20,130,ANCHORAGE,13,7,July,2010,3,Tuesday,19,6,1,11,3,1226,61.16561111,-149.85642222,1,1,0,10,0,0,1,0
20037,ALASKA,AK,1,0,2,170,2790,ALEXANDER,15,7,July,2010,5,Thursday,16,33,0,16,9,29,61.62102500,-149.43689444,44,1,0,10,0,0,1,0
20038,ALASKA,AK,2,0,3,240,0,BIG DELTA,26,9,September,2010,1,Sunday,16,13,1,1,3,98,62.71778056,-141.17954167,12,1,0,4,0,0,1,0
20039,ALASKA,AK,1,1,2,20,130,ANCHORAGE,30,9,September,2010,5,Thursday,23,19,1,13,6,15,61.20238889,-149.73346944,8,3,0,2,0,0,1,0
20040,ALASKA,AK,2,0,3,90,1895,AURORA LODGE,2,10,October,2010,7,Saturday,15,11,1,11,3,3544,64.76733889,-147.40311389,12,1,0,1,0,0,1,0
20041,ALASKA,AK,1,0,2,170,2790,ALEXANDER,18,10,October,2010,2,Monday,17,42,0,15,9,45,61.54239444,-149.42062778,1,1,0,1,0,0,1,0
20042,ALASKA,AK,2,0,3,90,760,AURORA LODGE,26,10,October,2010,3,Tuesday,20,56,1,1,3,3111,64.81705000,-148.04232778,12,2,0,1,0,0,1,1
20043,ALASKA,AK,1,0,2,20,130,ANCHORAGE,30,10,October,2010,7,Saturday,4,55,1,11,3,1,61.21744722,-149.82514722,59,3,0,1,0,0,1,1
20044,ALASKA,AK,2,0,3,122,1240,ANCHOR POINT,2,11,November,2010,3,Tuesday,11,19,1,2,9,78,60.56919444,-151.17311944,12,1,0,1,0,0,1,0
20045,ALASKA,AK,2,0,3,170,292,ALEXANDER,4,11,November,2010,5,Thursday,17,5,0,4,9,34,61.55392500,-149.81403333,12,5,0,4,0,0,1,1
20046,ALASKA,AK,2,0,3,122,1815,ANCHOR POINT,6,11,November,2010,7,Saturday,10,16,1,2,9,179,60.62431389,-151.33553333,12,1,0,4,0,0,2,0
20047,ALASKA,AK,1,0,5,20,130,ANCHORAGE,14,11,November,2010,1,Sunday,17,5,1,11,3,183,61.39293889,-149.48929444,35,5,0,10,0,0,1,0
20048,ALASKA,AK,1,0,2,68,950,ANDERSON,24,11,November,2010,4,Wednesday,17,1,1,1,3,2160,63.91020833,-149.07777778,1,5,0,3,0,0,1,0
20049,ALASKA,AK,2,0,3,90,0,AURORA LODGE,8,12,December,2010,4,Wednesday,9,45,1,1,3,3036,64.30063056,-146.49710556,12,1,0,1,0,0,1,0
20050,ALASKA,AK,1,0,1,170,292,ALEXANDER,12,12,December,2010,1,Sunday,0,0,0,4,8,36,61.54889167,-149.81873333,31,3,0,1,0,0,1,1
20051,ALASKA,AK,2,0,2,20,0,ANCHORAGE,17,12,December,2010,6,Friday,17,2,1,1,3,1093,60.93047500,-149.35660000,12,2,0,1,0,0,1,1
20052,ALASKA,AK,2,0,3,90,760,AURORA LODGE,21,12,December,2010,3,Tuesday,20,0,1,11,3,3149,64.84550278,-147.96219444,12,2,0,1,0,0,1,1
20053,ALASKA,AK,1,0,1,122,2670,ANCHOR POINT,23,12,December,2010,5,Thursday,21,44,0,6,8,99998,61.06942500,-151.14298333,48,2,0,1,0,0,1,1
40001,ARIZONA,AZ,1,0,5,19,530,CEDAR BLUFF,1,1,January,2010,6,Friday,2,53,1,11,1,2613,32.18591111,-110.96328611,25,3,0,1,0,0,1,1
40002,ARIZONA,AZ,1,0,1,13,190,BOLLING,2,1,January,2010,7,Saturday,7,57,1,12,3,431,33.28500556,-111.76129722,1,1,0,1,0,0,1,0
40003,ARIZONA,AZ,1,0,1,19,530,CEDAR BLUFF,2,1,January,2010,7,Saturday,18,24,1,13,6,0,32.25045556,-110.85331667,33,3,0,1,0,0,1,0
40004,ARIZONA,AZ,2,0,2,17,0,CHAMBERS,4,1,January,2010,2,Monday,5,20,0,3,2,3281,34.10504722,-110.15660000,11,2,0,1,0,0,1,0
40005,ARIZONA,AZ,2,0,2,13,190,BOLLING,8,1,January,2010,6,Friday,7,26,0,14,6,0,33.35718611,-111.75595278,12,1,0,1,0,0,1,0
40006,ARIZONA,AZ,1,0,1,19,530,CEDAR BLUFF,9,1,January,2010,7,Saturday,6,3,0,14,6,0,32.13601111,-110.95622778,33,3,0,1,0,0,1,1
40008,ARIZONA,AZ,2,0,3,13,370,BOLLING,10,1,January,2010,1,Sunday,1,58,1,12,3,41,33.51969722,-112.04412778,12,3,0,1,0,0,1,1
40009,ARIZONA,AZ,1,0,1,11,0,BULLOCK,11,1,January,2010,2,Monday,21,14,0,5,3,1585,32.98476944,-109.18194167,1,2,0,1,0,0,1,1
40010,ARIZONA,AZ,1,0,4,21,70,CHILTON,12,1,January,2010,3,Tuesday,2,2,1,1,1,1938,32.89538889,-111.68696944,1,2,0,1,0,0,2,0
40012,ARIZONA,AZ,3,0,3,13,370,BOLLING,15,1,January,2010,6,Friday,8,31,1,11,1,1989,33.43809444,-112.10828889,1,1,0,1,0,0,1,0
40013,ARIZONA,AZ,1,0,1,25,0,BARLOW BEND,15,1,January,2010,6,Friday,23,7,1,1,1,3052,34.75368889,-111.67115556,1,2,0,1,0,0,1,0
40014,ARIZONA,AZ,1,0,2,13,290,BOLLING,18,1,January,2010,2,Monday,1,47,0,16,6,0,33.40421667,-111.82770833,33,3,0,10,0,0,1,1
40015,ARIZONA,AZ,1,0,2,5,0,BAKER HILL,19,1,January,2010,3,Tuesday,6,32,1,1,1,2074,35.20193611,-111.47351944,1,2,0,4,0,0,2,1
40017,ARIZONA,AZ,1,0,2,13,0,BOLLING,24,1,January,2010,1,Sunday,2,1,1,2,3,2212,33.90247778,-111.45381667,25,2,0,10,0,0,1,0
40018,ARIZONA,AZ,2,0,3,11,0,BULLOCK,15,1,January,2010,6,Friday,11,56,0,6,9,0,99.99990000,999.99990000,12,1,0,1,0,0,1,0
40019,ARIZONA,AZ,2,0,3,13,290,BOLLING,26,1,January,2010,3,Tuesday,0,15,0,13,6,0,33.43719444,-111.78786944,12,3,0,1,0,0,1,0
40020,ARIZONA,AZ,1,1,1,13,370,BOLLING,29,1,January,2010,6,Friday,7,9,0,13,6,0,33.49510556,-112.01740000,15,4,0,10,0,0,1,0
40021,ARIZONA,AZ,2,0,3,13,290,BOLLING,29,1,January,2010,6,Friday,15,1,0,16,6,0,33.38351667,-111.82602500,12,1,0,1,0,0,1,0
40022,ARIZONA,AZ,1,1,4,5,0,BAKER HILL,29,1,January,2010,6,Friday,21,51,1,1,1,3172,34.87750833,-111.63643611,8,2,0,10,0,0,1,0
40023,ARIZONA,AZ,2,0,3,13,370,BOLLING,31,1,January,2010,1,Sunday,8,52,1,11,1,1422,33.46222778,-112.12500000,12,1,0,1,0,0,1,0
40025,ARIZONA,AZ,1,0,2,1,0,AUTAUGA,1,1,January,2010,6,Friday,99,99,0,4,2,4876,36.61570000,-109.57973056,99,9,0,99,0,0,1,0
40026,ARIZONA,AZ,1,0,2,5,0,BAKER HILL,1,1,January,2010,6,Friday,12,20,0,15,8,0,99.99990000,999.99990000,99,1,0,99,0,0,1,0
40027,ARIZONA,AZ,1,0,1,13,370,BOLLING,3,1,January,2010,1,Sunday,1,34,1,13,2,1600,33.48270833,-112.11850000,25,3,0,1,0,0,1,1
40028,ARIZONA,AZ,1,0,2,13,370,BOLLING,9,1,January,2010,7,Saturday,22,36,0,13,6,0,33.43717222,-112.20220000,33,3,0,1,0,0,1,1
40029,ARIZONA,AZ,2,0,3,13,370,BOLLING,15,1,January,2010,6,Friday,14,29,1,11,1,2176,33.70695556,-112.11634722,12,1,0,1,0,0,1,0
40030,ARIZONA,AZ,2,0,5,13,370,BOLLING,21,1,January,2010,5,Thursday,13,5,0,14,6,0,33.49047222,-112.18645000,12,1,0,2,0,0,1,0
40031,ARIZONA,AZ,1,1,1,21,70,CHILTON,24,1,January,2010,1,Sunday,18,19,0,13,3,99999,32.87956111,-111.74433056,8,3,0,1,0,0,1,0
40032,ARIZONA,AZ,1,0,1,13,0,BOLLING,25,1,January,2010,2,Monday,0,15,0,16,6,0,33.63810278,-112.29959444,33,3,0,1,0,0,1,1
40033,ARIZONA,AZ,1,0,2,15,0,ANNISTON,25,1,January,2010,2,Monday,23,59,0,6,9,0,34.67946111,-113.69758056,35,3,0,1,0,0,1,1
40036,ARIZONA,AZ,2,0,2,19,0,CEDAR BLUFF,29,1,January,2010,6,Friday,3,50,1,1,1,2957,31.96532500,-110.45948333,12,2,0,1,0,0,1,0
40037,ARIZONA,AZ,1,0,2,5,0,BAKER HILL,1,1,January,2010,6,Friday,11,20,0,5,4,0,35.20235000,-111.40696667,25,1,0,1,0,0,1,1
40038,ARIZONA,AZ,2,0,7,21,0,CHILTON,9,1,January,2010,7,Saturday,11,47,0,3,3,2240,33.13217500,-111.84096389,12,1,0,1,0,0,1,1
40039,ARIZONA,AZ,2,0,3,13,486,BOLLING,11,1,January,2010,2,Monday,7,58,0,13,6,0,33.63875833,-112.30767500,12,1,0,1,0,0,1,0
40040,ARIZONA,AZ,1,0,6,13,370,BOLLING,12,1,January,2010,3,Tuesday,21,4,0,13,6,0,33.48050278,-112.17574167,33,3,0,1,0,0,1,0
40041,ARIZONA,AZ,1,1,1,13,370,BOLLING,13,1,January,2010,4,Wednesday,18,11,0,14,6,0,33.46576111,-112.04765278,8,3,0,10,0,0,1,0
40042,ARIZONA,AZ,1,0,16,19,0,CEDAR BLUFF,15,1,January,2010,6,Friday,5,43,0,5,9,0,32.03447222,-111.06423056,30,4,0,1,0,0,1,0
40044,ARIZONA,AZ,2,0,6,13,370,BOLLING,1,1,January,2010,6,Friday,10,36,0,13,6,0,33.62516944,-112.16835000,12,1,0,1,0,0,2,0
40045,ARIZONA,AZ,1,1,1,13,370,BOLLING,4,1,January,2010,2,Monday,21,41,0,15,6,0,33.57097500,-112.05675556,15,3,0,1,0,0,1,1
40046,ARIZONA,AZ,2,0,3,21,0,CHILTON,8,1,January,2010,6,Friday,7,27,0,6,9,0,32.92726667,-111.65311944,12,1,0,1,0,0,1,0
40047,ARIZONA,AZ,2,0,7,13,370,BOLLING,9,1,January,2010,7,Saturday,1,40,0,14,6,0,33.62512500,-112.15109722,12,3,0,1,0,0,2,0
40049,ARIZONA,AZ,2,0,2,13,158,BOLLING,13,1,January,2010,4,Wednesday,14,50,0,15,6,0,33.61629722,-112.34205556,12,1,0,99,0,0,1,0
40050,ARIZONA,AZ,1,1,1,13,370,BOLLING,18,1,January,2010,2,Monday,22,2,0,13,6,0,33.48049444,-112.19074167,8,3,0,1,0,0,1,0
40051,ARIZONA,AZ,1,1,1,13,370,BOLLING,20,1,January,2010,4,Wednesday,17,28,0,14,6,0,33.49963333,-112.11705556,8,1,0,1,0,0,1,1
40052,ARIZONA,AZ,1,1,1,13,370,BOLLING,28,1,January,2010,5,Thursday,19,20,0,13,6,0,33.54500278,-112.09963333,8,3,0,10,0,0,1,0
40053,ARIZONA,AZ,2,0,4,5,0,BAKER HILL,27,1,January,2010,4,Wednesday,17,31,0,4,3,3504,36.57837500,-110.78251111,12,1,4,4,0,0,1,0
40054,ARIZONA,AZ,1,0,1,25,386,BARLOW BEND,2,2,February,2010,3,Tuesday,10,1,0,14,6,0,34.58107778,-112.48208333,33,1,0,10,0,0,1,0
40055,ARIZONA,AZ,1,1,1,19,530,CEDAR BLUFF,2,2,February,2010,3,Tuesday,17,3,1,13,6,0,32.25013333,-110.98009722,8,1,0,10,0,0,1,0
40056,ARIZONA,AZ,2,0,2,13,370,BOLLING,3,2,February,2010,4,Wednesday,9,29,0,13,6,0,33.56755278,-112.09125556,12,1,0,1,0,0,1,0
40057,ARIZONA,AZ,1,0,2,13,0,BOLLING,3,2,February,2010,4,Wednesday,17,59,0,6,9,0,33.70352222,-112.31210278,1,1,0,10,0,0,1,1
40058,ARIZONA,AZ,1,0,1,13,290,BOLLING,4,2,February,2010,5,Thursday,23,17,1,12,2,1836,33.38650000,-111.76762778,25,3,0,1,0,0,1,1
40059,ARIZONA,AZ,2,0,2,13,370,BOLLING,5,2,February,2010,6,Friday,2,43,1,11,1,1410,33.46347500,-112.13403889,12,3,0,1,0,0,1,1
40060,ARIZONA,AZ,1,0,1,13,0,BOLLING,5,2,February,2010,6,Friday,12,4,1,13,2,1369,33.69660278,-112.42477778,1,1,0,1,0,0,1,1
40062,ARIZONA,AZ,2,0,2,25,65,BARLOW BEND,6,2,February,2010,7,Saturday,16,36,0,3,3,99999,34.59550000,-111.89258333,12,1,2,2,0,0,1,0
40063,ARIZONA,AZ,2,0,6,21,22,CHILTON,6,2,February,2010,7,Saturday,18,21,0,15,6,0,33.40982500,-111.55095833,12,5,0,1,0,0,1,1
40064,ARIZONA,AZ,4,0,4,19,530,CEDAR BLUFF,8,2,February,2010,2,Monday,8,37,1,13,6,0,32.14135556,-110.93483056,12,1,0,1,0,0,1,0
40065,ARIZONA,AZ,1,1,1,25,0,BARLOW BEND,8,2,February,2010,2,Monday,19,15,1,2,2,1961,34.00313889,-112.77156389,8,3,0,1,0,0,1,0
40067,ARIZONA,AZ,1,1,1,13,420,BOLLING,11,2,February,2010,5,Thursday,6,50,0,13,6,0,33.60338889,-111.92598611,8,3,0,1,0,0,1,0
40068,ARIZONA,AZ,2,0,2,19,530,CEDAR BLUFF,11,2,February,2010,5,Thursday,9,10,0,13,6,0,32.26487222,-110.94380278,12,1,0,1,0,0,1,0
40069,ARIZONA,AZ,2,0,3,19,0,CEDAR BLUFF,10,2,February,2010,4,Wednesday,20,54,1,1,1,523,32.04023889,-110.99253333,12,2,0,2,0,0,2,0
40070,ARIZONA,AZ,1,0,1,25,0,BARLOW BEND,16,2,February,2010,3,Tuesday,13,33,0,4,3,2755,34.20647778,-112.75449444,24,1,0,1,0,0,1,0
40072,ARIZONA,AZ,1,1,1,13,370,BOLLING,17,2,February,2010,4,Wednesday,7,13,1,11,1,2219,33.76842778,-112.12899722,8,4,0,1,0,0,1,0
40073,ARIZONA,AZ,1,0,1,3,0,BALDWIN,17,2,February,2010,4,Wednesday,9,19,1,1,1,3281,32.14556667,-109.99715556,1,1,0,1,0,0,1,0
40074,ARIZONA,AZ,1,1,1,13,290,BOLLING,17,2,February,2010,4,Wednesday,13,12,0,13,6,0,33.41555556,-111.76355000,9,1,0,1,0,0,1,0
40075,ARIZONA,AZ,2,0,2,13,0,BOLLING,18,2,February,2010,5,Thursday,17,32,0,4,3,160,33.83076667,-112.36409167,12,1,0,1,0,0,2,0
40076,ARIZONA,AZ,2,0,3,23,0,BLADON SPRINGS,20,2,February,2010,7,Saturday,99,99,0,4,3,135,31.48281667,-110.81686111,12,1,0,10,0,0,1,0
40077,ARIZONA,AZ,1,0,1,3,0,BALDWIN,21,2,February,2010,1,Sunday,15,37,1,1,1,3017,31.96182500,-110.35781667,32,1,0,10,0,0,1,1
40079,ARIZONA,AZ,1,1,1,13,420,BOLLING,24,2,February,2010,4,Wednesday,13,12,0,15,6,0,33.74517222,-111.85527778,9,1,0,10,0,0,1,0
40080,ARIZONA,AZ,1,0,1,19,0,CEDAR BLUFF,26,2,February,2010,6,Friday,20,12,1,13,9,0,32.32319722,-110.99959444,30,2,0,1,0,0,1,1
40081,ARIZONA,AZ,1,1,1,13,0,BOLLING,27,2,February,2010,7,Saturday,1,28,0,4,3,166,33.83445833,-112.35468611,8,2,0,1,0,0,1,0
40082,ARIZONA,AZ,2,0,2,25,0,BARLOW BEND,27,2,February,2010,7,Saturday,3,3,1,2,2,1626,34.36396944,-113.17559444,12,2,0,1,0,0,1,0
40083,ARIZONA,AZ,1,0,4,19,0,CEDAR BLUFF,27,2,February,2010,7,Saturday,14,49,1,1,1,474,31.96657222,-110.98908889,1,1,0,1,0,0,1,0
40084,ARIZONA,AZ,2,0,2,13,0,BOLLING,27,2,February,2010,7,Saturday,15,54,1,2,2,1299,33.76641667,-112.51414722,12,1,0,10,0,0,1,0
40085,ARIZONA,AZ,2,0,3,13,370,BOLLING,1,2,February,2010,2,Monday,0,34,0,13,6,0,33.37774722,-112.09916944,12,3,0,1,0,0,1,1
40086,ARIZONA,AZ,2,0,3,13,370,BOLLING,5,2,February,2010,6,Friday,19,13,0,14,6,0,33.45138333,-112.18290278,12,3,0,1,0,0,1,1
40087,ARIZONA,AZ,3,0,5,25,0,BARLOW BEND,25,2,February,2010,5,Thursday,14,18,1,1,1,2904,34.61330833,-111.85488056,12,1,0,1,0,0,1,0
40088,ARIZONA,AZ,2,1,2,13,370,BOLLING,4,2,February,2010,5,Thursday,6,50,0,13,6,0,33.44058611,-112.13456667,8,2,0,1,0,0,1,0
40089,ARIZONA,AZ,2,0,2,13,0,BOLLING,4,2,February,2010,5,Thursday,16,6,0,6,4,0,33.37338056,-112.76383889,12,1,0,1,0,0,1,0
40090,ARIZONA,AZ,1,6,1,13,200,BOLLING,9,2,February,2010,3,Tuesday,18,42,0,14,6,0,33.52687222,-112.20311667,8,5,0,1,0,0,1,0
40091,ARIZONA,AZ,1,0,2,21,0,CHILTON,12,2,February,2010,6,Friday,15,48,0,6,9,0,32.67104444,-111.42590556,10,1,0,1,0,0,1,0
40092,ARIZONA,AZ,2,0,4,13,370,BOLLING,13,2,February,2010,7,Saturday,20,35,0,14,6,0,33.46597222,-112.15181667,12,3,0,1,0,0,2,1
40093,ARIZONA,AZ,2,0,2,13,290,BOLLING,16,2,February,2010,3,Tuesday,17,0,0,14,6,0,99.99990000,999.99990000,12,1,0,99,0,0,1,0
40095,ARIZONA,AZ,2,0,3,13,370,BOLLING,28,2,February,2010,1,Sunday,3,23,0,14,6,0,33.49969444,-112.15163333,12,3,0,10,0,0,2,1
40096,ARIZONA,AZ,2,0,2,13,370,BOLLING,21,2,February,2010,1,Sunday,18,24,0,13,6,0,33.44719722,-112.03809722,12,3,0,1,0,0,1,0
40097,ARIZONA,AZ,1,0,1,13,200,BOLLING,1,3,March,2010,2,Monday,16,24,1,12,3,170,33.66780000,-112.21387500,42,1,0,1,0,0,1,0
40098,ARIZONA,AZ,1,1,1,13,420,BOLLING,2,3,March,2010,3,Tuesday,9,38,0,13,6,0,33.45123611,-111.92562778,8,1,0,1,0,0,1,0
40099,ARIZONA,AZ,2,0,3,21,110,CHILTON,4,3,March,2010,5,Thursday,18,12,0,6,6,0,32.92321389,-111.56670833,12,1,0,1,0,0,1,0
40100,ARIZONA,AZ,1,1,1,19,530,CEDAR BLUFF,4,3,March,2010,5,Thursday,20,2,0,14,6,0,32.26481667,-110.95788611,8,2,0,1,0,0,1,0
40102,ARIZONA,AZ,2,0,23,21,0,CHILTON,5,3,March,2010,6,Friday,5,27,1,1,1,1742,33.13742500,-111.85686944,12,3,0,1,0,0,6,0
40103,ARIZONA,AZ,1,0,1,25,0,BARLOW BEND,5,3,March,2010,6,Friday,6,12,1,2,2,1504,34.46556944,-113.30621944,58,3,0,1,0,0,1,0
40105,ARIZONA,AZ,6,0,8,13,190,BOLLING,6,3,March,2010,7,Saturday,19,51,0,16,6,0,33.27890278,-111.73794722,12,3,0,10,0,0,2,0
40106,ARIZONA,AZ,1,1,1,13,290,BOLLING,6,3,March,2010,7,Saturday,19,55,0,13,6,0,33.40705833,-111.82297778,8,3,0,10,0,0,1,0
40107,ARIZONA,AZ,1,0,2,19,530,CEDAR BLUFF,8,3,March,2010,2,Monday,0,5,1,13,6,0,32.25076111,-110.88403889,30,3,0,2,0,0,1,0
40108,ARIZONA,AZ,2,0,2,9,0,BLOUNT,8,3,March,2010,2,Monday,19,55,0,3,2,3487,32.79785278,-109.56181111,12,2,0,1,0,0,1,0
40109,ARIZONA,AZ,1,0,1,13,370,BOLLING,9,3,March,2010,3,Tuesday,1,16,1,11,7,2120,33.64207222,-112.11603611,1,3,0,1,0,0,1,1
40110,ARIZONA,AZ,1,0,2,13,0,BOLLING,9,3,March,2010,3,Tuesday,4,3,1,11,1,1207,33.46264722,-112.49588056,24,3,0,1,0,0,1,1
40111,ARIZONA,AZ,1,1,1,5,170,BAKER HILL,10,3,March,2010,4,Wednesday,21,46,0,16,6,0,35.22042222,-111.58410000,8,6,0,99,0,0,1,0
40113,ARIZONA,AZ,1,0,5,3,0,BALDWIN,13,3,March,2010,7,Saturday,14,12,1,1,1,3084,31.96886667,-110.24401667,1,1,0,1,0,0,2,0
40114,ARIZONA,AZ,1,0,2,25,373,BARLOW BEND,14,3,March,2010,1,Sunday,4,14,0,15,6,0,34.61051389,-112.29613889,35,6,0,1,0,0,1,1
40115,ARIZONA,AZ,1,1,1,19,530,CEDAR BLUFF,15,3,March,2010,2,Monday,21,3,1,13,6,0,32.29730833,-110.98126944,8,3,0,1,0,0,1,0
40116,ARIZONA,AZ,1,0,1,19,0,CEDAR BLUFF,16,3,March,2010,3,Tuesday,15,41,0,5,9,0,31.97147778,-111.09406667,35,1,0,1,0,0,1,1
40117,ARIZONA,AZ,2,0,5,21,0,CHILTON,17,3,March,2010,4,Wednesday,15,48,0,3,3,1199,32.87071944,-111.25007778,12,1,0,1,0,0,1,0
40118,ARIZONA,AZ,1,1,2,13,290,BOLLING,17,3,March,2010,4,Wednesday,19,50,0,14,6,0,33.43541667,-111.82426111,15,3,0,1,0,0,1,0
40120,ARIZONA,AZ,2,0,4,17,0,CHAMBERS,19,3,March,2010,6,Friday,9,51,0,4,3,154,34.66286944,-110.32763333,12,1,10,6,0,0,1,0