ST_CASE,State Name,State Abbreviation,VE_TOTAL,Pedestrains,Total_Persons_in_accident,COUNTY,CITY,City_County_Name,Calendar_DAY,MONTH,Month_Name,YEAR,DAY_WEEK,Day_Week_desc,HOUR,MINUTE,NHS_Desc,trafficway,ROUTE,MILEPT,LATITUDE,LONGITUD,First_Crash_event,Light_cond_desc,Weather_condition,WEATHER,SCH_BUS,Crash_cause,FATALS,DRUNK_DR
40122,ARIZONA,AZ,1,1,1,19,530,CEDAR BLUFF,20,3,March,2010,7,Saturday,21,54,1,13,6,0,32.22145278,-110.97598611,8,3,0,10,0,0,1,1
40123,ARIZONA,AZ,1,1,5,5,0,BAKER HILL,22,3,March,2010,2,Monday,19,30,1,2,2,4466,35.60068889,-111.52585278,8,2,0,1,0,0,1,0
40124,ARIZONA,AZ,1,1,1,13,200,BOLLING,23,3,March,2010,3,Tuesday,19,3,0,13,6,0,33.56751667,-112.17743889,8,3,0,1,0,0,1,0
40125,ARIZONA,AZ,3,0,3,19,530,CEDAR BLUFF,24,3,March,2010,4,Wednesday,8,35,0,13,6,0,32.20642778,-110.84260000,12,1,0,1,0,0,1,0
40126,ARIZONA,AZ,2,0,2,13,290,BOLLING,24,3,March,2010,4,Wednesday,12,3,0,15,6,0,33.41390000,-111.59799444,12,1,0,1,0,0,1,0
40127,ARIZONA,AZ,2,0,2,19,0,CEDAR BLUFF,24,3,March,2010,4,Wednesday,14,17,0,4,9,0,32.27407222,-111.21871944,12,1,0,1,0,0,1,0
40128,ARIZONA,AZ,2,0,3,19,530,CEDAR BLUFF,26,3,March,2010,6,Friday,5,57,0,14,6,0,32.27209444,-110.99231944,12,1,0,1,0,0,1,1
40129,ARIZONA,AZ,2,0,4,21,0,CHILTON,26,3,March,2010,6,Friday,99,99,0,3,3,1715,33.02906944,-112.04786111,12,1,0,1,0,0,1,0
40130,ARIZONA,AZ,1,1,2,1,0,AUTAUGA,28,3,March,2010,1,Sunday,11,39,0,4,2,4616,36.35377778,-109.61754167,8,1,0,1,0,0,1,0
40131,ARIZONA,AZ,1,1,1,13,0,BOLLING,20,2,February,2010,7,Saturday,20,37,0,6,9,0,33.85127778,-112.63473333,8,2,0,2,0,0,1,1
40132,ARIZONA,AZ,2,0,3,13,192,BOLLING,31,3,March,2010,4,Wednesday,16,33,0,15,6,0,33.60953611,-111.72300556,12,5,0,1,0,0,1,0
40133,ARIZONA,AZ,1,1,1,13,370,BOLLING,19,2,February,2010,6,Friday,0,9,1,11,7,0,33.53089444,-112.11263611,8,3,0,1,0,0,1,0
40134,ARIZONA,AZ,1,1,3,13,370,BOLLING,19,3,March,2010,6,Friday,20,35,0,13,6,0,33.43178056,-112.08249167,9,3,0,1,0,0,1,1
40135,ARIZONA,AZ,1,0,2,5,179,BAKER HILL,30,3,March,2010,3,Tuesday,15,37,0,2,3,2879,34.32883056,-110.80955556,5,1,0,1,0,0,1,0
40136,ARIZONA,AZ,1,0,1,13,420,BOLLING,10,1,January,2010,1,Sunday,2,20,0,13,6,0,99.99990000,999.99990000,38,6,0,99,0,0,1,1
40137,ARIZONA,AZ,2,0,3,1,0,AUTAUGA,28,1,January,2010,5,Thursday,11,26,0,4,2,4622,36.36005556,-109.61507222,99,1,0,99,0,0,1,0
40138,ARIZONA,AZ,1,0,2,1,0,AUTAUGA,4,2,February,2010,5,Thursday,11,0,0,4,8,0,99.99990000,999.99990000,1,1,0,99,0,0,2,0
40139,ARIZONA,AZ,2,0,2,13,190,BOLLING,12,2,February,2010,6,Friday,18,57,0,15,6,0,33.33577222,-111.75576111,12,5,0,1,0,0,1,0
40140,ARIZONA,AZ,1,1,1,17,0,CHAMBERS,14,2,February,2010,1,Sunday,99,99,0,6,8,0,99.99990000,999.99990000,8,6,0,99,0,0,1,0
40142,ARIZONA,AZ,1,0,2,17,0,CHAMBERS,28,2,February,2010,1,Sunday,99,99,0,4,3,3767,35.38405556,-110.42555278,99,9,0,99,0,0,1,0
40143,ARIZONA,AZ,1,0,2,21,0,CHILTON,28,2,February,2010,1,Sunday,9,20,0,6,8,0,99.99990000,999.99990000,1,1,0,10,0,0,1,0
40145,ARIZONA,AZ,2,0,7,13,200,BOLLING,28,2,February,2010,1,Sunday,4,3,0,13,6,0,33.50947222,-112.16879167,12,3,0,2,0,0,1,0
40146,ARIZONA,AZ,1,1,1,13,490,BOLLING,1,3,March,2010,2,Monday,8,33,0,13,6,0,99.99990000,999.99990000,8,1,0,99,0,0,1,0
40147,ARIZONA,AZ,2,0,5,13,370,BOLLING,2,3,March,2010,3,Tuesday,6,17,0,14,6,0,33.42420556,-112.13456389,12,3,0,1,0,0,1,0
40148,ARIZONA,AZ,1,1,1,13,370,BOLLING,3,3,March,2010,4,Wednesday,6,26,0,13,6,0,33.48051111,-112.15212778,8,3,0,1,0,0,1,0
40149,ARIZONA,AZ,1,1,1,13,370,BOLLING,3,3,March,2010,4,Wednesday,12,52,0,13,6,0,33.49736389,-112.06504167,9,1,0,1,0,0,1,0
40150,ARIZONA,AZ,1,1,1,13,370,BOLLING,3,3,March,2010,4,Wednesday,13,31,0,14,6,0,33.45135833,-112.05898333,15,1,0,1,0,0,1,0
40151,ARIZONA,AZ,2,0,3,13,368,BOLLING,6,3,March,2010,7,Saturday,17,45,0,14,6,0,33.56633056,-112.25030833,12,1,0,10,0,0,1,0
40152,ARIZONA,AZ,1,1,1,13,490,BOLLING,6,3,March,2010,7,Saturday,10,33,0,13,6,0,33.39425833,-111.97834444,8,1,0,1,0,0,1,0
40153,ARIZONA,AZ,1,1,1,13,370,BOLLING,6,3,March,2010,7,Saturday,21,40,0,13,6,0,33.37793889,-112.02259167,8,6,0,10,0,0,1,1
40155,ARIZONA,AZ,1,1,1,13,200,BOLLING,11,3,March,2010,5,Thursday,7,12,0,14,6,0,33.53843889,-112.16738056,8,1,0,1,0,0,1,0
40156,ARIZONA,AZ,1,1,1,19,0,CEDAR BLUFF,12,3,March,2010,6,Friday,20,23,0,3,3,99999,32.03150833,-111.55783056,8,2,0,1,0,0,1,0
40157,ARIZONA,AZ,1,0,4,1,0,AUTAUGA,13,3,March,2010,7,Saturday,5,16,0,4,2,5088,36.90446111,-109.62467500,1,2,0,1,0,0,1,1
40158,ARIZONA,AZ,2,0,3,21,70,CHILTON,12,3,March,2010,6,Friday,9,28,0,3,3,1166,32.87966944,-111.67069444,12,1,0,1,0,0,1,0
40159,ARIZONA,AZ,1,0,2,13,290,BOLLING,12,3,March,2010,6,Friday,11,55,0,14,6,0,99.99990000,999.99990000,99,1,0,99,0,0,1,0
40160,ARIZONA,AZ,2,0,2,13,370,BOLLING,12,3,March,2010,6,Friday,18,52,0,16,6,0,33.30910278,-112.00174167,33,5,0,1,0,0,1,0
40161,ARIZONA,AZ,2,0,3,17,0,CHAMBERS,17,3,March,2010,4,Wednesday,18,16,1,2,2,3743,36.56137500,-110.50205556,12,1,0,1,0,0,1,0
40163,ARIZONA,AZ,1,1,1,13,370,BOLLING,22,3,March,2010,2,Monday,10,52,1,11,7,0,33.53864167,-112.11285278,9,1,0,1,0,0,1,0
40164,ARIZONA,AZ,1,1,1,13,0,BOLLING,23,3,March,2010,3,Tuesday,12,28,0,16,6,0,33.66826111,-112.35762222,15,1,0,1,0,0,1,0
40165,ARIZONA,AZ,1,1,1,25,373,BARLOW BEND,25,3,March,2010,5,Thursday,5,46,0,14,6,0,34.62882500,-112.32303889,9,2,0,1,0,0,1,0
40166,ARIZONA,AZ,1,0,2,13,200,BOLLING,27,3,March,2010,7,Saturday,2,26,0,14,6,0,33.68578333,-112.18670833,33,6,0,99,0,0,1,1
40167,ARIZONA,AZ,1,0,1,21,0,CHILTON,28,3,March,2010,1,Sunday,99,99,0,4,9,0,99.99990000,999.99990000,1,9,0,99,0,0,1,1
40168,ARIZONA,AZ,1,0,1,21,160,CHILTON,26,2,February,2010,6,Friday,99,99,0,6,6,0,32.80708056,-111.63665000,35,2,0,1,0,0,1,1
40169,ARIZONA,AZ,1,0,1,25,0,BARLOW BEND,1,4,April,2010,5,Thursday,10,46,0,4,3,2736,34.20150278,-112.77664444,58,1,0,1,0,0,1,0
40170,ARIZONA,AZ,1,1,2,21,297,CHILTON,1,4,April,2010,5,Thursday,19,15,0,6,6,0,33.05797222,-112.05448611,8,6,0,1,0,0,1,0
40172,ARIZONA,AZ,2,0,2,13,190,BOLLING,2,4,April,2010,6,Friday,19,19,0,16,6,0,33.31541667,-111.75132500,12,3,0,1,0,0,1,1
40173,ARIZONA,AZ,2,0,6,13,290,BOLLING,3,4,April,2010,7,Saturday,14,27,0,13,6,0,33.45190833,-111.75340278,12,1,0,10,0,0,1,0
40174,ARIZONA,AZ,2,0,4,19,0,CEDAR BLUFF,4,4,April,2010,1,Sunday,2,53,1,1,1,2375,32.45122500,-111.20132778,12,2,0,1,0,0,1,1
40175,ARIZONA,AZ,3,1,1,25,0,BARLOW BEND,4,4,April,2010,1,Sunday,11,30,0,16,9,0,34.69513611,-111.98865833,34,1,0,1,0,0,1,0
40176,ARIZONA,AZ,1,1,3,13,0,BOLLING,5,4,April,2010,2,Monday,4,41,0,6,9,0,33.32102500,-112.48090278,15,2,0,1,0,0,1,0
40177,ARIZONA,AZ,2,0,11,5,0,BAKER HILL,6,4,April,2010,3,Tuesday,10,55,1,2,3,1999,35.45947500,-112.17108056,12,1,0,1,0,0,1,0
40179,ARIZONA,AZ,3,0,4,21,0,CHILTON,9,4,April,2010,6,Friday,10,20,0,3,3,1303,32.93273056,-110.73497778,12,1,0,1,0,0,1,0
40180,ARIZONA,AZ,2,0,2,21,22,CHILTON,9,4,April,2010,6,Friday,13,56,0,13,3,1940,33.41900000,-111.54611111,12,1,0,1,0,0,1,0
40181,ARIZONA,AZ,3,0,5,7,0,BIBB,9,4,April,2010,6,Friday,15,7,1,2,3,2491,34.19347778,-111.32919444,12,1,0,1,0,0,1,0
40182,ARIZONA,AZ,1,1,1,21,0,CHILTON,10,4,April,2010,7,Saturday,1,19,0,5,8,0,33.13222222,-111.91400556,8,2,0,1,0,0,1,1
40183,ARIZONA,AZ,2,0,4,19,530,CEDAR BLUFF,10,4,April,2010,7,Saturday,18,40,1,11,1,2559,32.25505556,-110.99655833,12,1,0,1,0,0,1,0
40185,ARIZONA,AZ,2,0,5,25,0,BARLOW BEND,15,4,April,2010,5,Thursday,12,47,0,3,3,3627,34.79325833,-111.91703889,12,1,0,1,0,0,1,0
40187,ARIZONA,AZ,1,1,1,21,70,CHILTON,16,4,April,2010,6,Friday,20,26,0,13,6,0,32.87957500,-111.74141111,8,3,0,1,0,0,1,0
40188,ARIZONA,AZ,1,1,3,13,0,BOLLING,17,4,April,2010,7,Saturday,2,40,1,2,3,1988,33.62530556,-111.56315833,8,2,0,1,0,0,1,0
40189,ARIZONA,AZ,2,0,6,15,104,ANNISTON,17,4,April,2010,7,Saturday,15,15,0,4,3,30,36.96930278,-112.97405278,12,1,0,1,0,0,1,0
40191,ARIZONA,AZ,1,0,3,1,0,AUTAUGA,19,4,April,2010,2,Monday,16,26,1,1,1,3315,35.17791111,-109.46595000,1,1,0,10,0,0,1,0
40192,ARIZONA,AZ,2,0,4,19,530,CEDAR BLUFF,20,4,April,2010,3,Tuesday,8,43,0,13,6,0,32.20632778,-110.78983889,12,1,0,10,0,0,2,0
40193,ARIZONA,AZ,2,0,3,25,0,BARLOW BEND,22,4,April,2010,5,Thursday,3,50,1,1,1,1286,35.27670833,-112.77245833,12,2,0,1,0,0,1,0
40194,ARIZONA,AZ,1,1,1,13,290,BOLLING,22,4,April,2010,5,Thursday,21,52,0,13,6,0,33.41510833,-111.62405556,8,2,0,2,0,0,1,0
40195,ARIZONA,AZ,2,0,2,17,0,CHAMBERS,23,4,April,2010,6,Friday,99,99,0,4,2,4010,36.80319444,-110.23255000,12,2,0,1,0,0,1,0
40196,ARIZONA,AZ,1,0,1,19,0,CEDAR BLUFF,24,4,April,2010,7,Saturday,0,55,0,4,9,0,32.21565556,-111.13158056,1,2,0,1,0,0,1,1
40198,ARIZONA,AZ,1,0,1,17,240,CHAMBERS,25,4,April,2010,1,Sunday,1,55,0,6,6,0,34.90029722,-110.15879722,46,2,0,1,0,0,1,1
40202,ARIZONA,AZ,2,0,3,13,290,BOLLING,30,4,April,2010,6,Friday,13,42,0,13,6,0,33.38812500,-111.85736389,12,1,0,10,0,0,1,0
40203,ARIZONA,AZ,4,0,6,25,373,BARLOW BEND,10,4,April,2010,7,Saturday,13,21,1,13,3,2872,34.58560278,-112.31798611,12,1,0,1,0,0,2,0
40204,ARIZONA,AZ,15,0,17,13,370,BOLLING,25,3,March,2010,5,Thursday,12,59,0,4,6,0,33.79832778,-112.11895833,12,1,0,1,0,0,4,0
40205,ARIZONA,AZ,1,1,1,13,370,BOLLING,25,4,April,2010,1,Sunday,18,20,0,16,6,0,33.43381944,-112.08364167,8,1,0,1,0,0,1,0
40206,ARIZONA,AZ,1,0,3,13,0,BOLLING,17,4,April,2010,7,Saturday,1,18,0,13,9,0,33.51259444,-112.27248333,1,3,0,1,0,0,1,1
40207,ARIZONA,AZ,3,0,5,19,530,CEDAR BLUFF,25,4,April,2010,1,Sunday,0,54,1,11,1,2573,32.24421389,-110.98806667,12,3,0,1,0,0,1,1
40208,ARIZONA,AZ,5,1,4,13,290,BOLLING,27,4,April,2010,3,Tuesday,6,23,1,12,2,1780,33.38597500,-111.86333333,12,1,0,1,0,0,1,0
40209,ARIZONA,AZ,2,0,3,13,370,BOLLING,2,4,April,2010,6,Friday,13,39,0,13,6,0,33.62638611,-112.01335833,12,1,0,1,0,0,1,0
40210,ARIZONA,AZ,1,1,1,13,80,BOLLING,2,4,April,2010,6,Friday,21,57,0,13,6,0,33.20724444,-111.84120556,8,2,0,1,0,0,1,0
40212,ARIZONA,AZ,1,0,1,13,370,BOLLING,8,4,April,2010,5,Thursday,9,15,1,1,1,2224,33.77551667,-112.13048056,25,1,0,1,0,0,1,0
40213,ARIZONA,AZ,2,0,3,13,420,BOLLING,9,4,April,2010,6,Friday,22,4,0,13,6,0,33.49133056,-111.92614722,12,3,0,1,0,0,1,1
40214,ARIZONA,AZ,1,1,1,13,370,BOLLING,9,4,April,2010,6,Friday,23,35,0,16,6,0,33.54586667,-112.12140000,8,6,0,1,0,0,1,0
40215,ARIZONA,AZ,1,1,2,5,0,BAKER HILL,10,4,April,2010,7,Saturday,3,47,1,2,2,4862,36.15547500,-111.39785000,8,2,0,1,0,0,1,0
40216,ARIZONA,AZ,1,0,1,13,0,BOLLING,10,4,April,2010,7,Saturday,3,54,1,1,1,2230,33.80045833,-112.13710833,1,2,0,1,0,0,1,1
40217,ARIZONA,AZ,1,1,1,13,370,BOLLING,11,4,April,2010,1,Sunday,23,4,0,13,6,0,33.45987778,-112.06519167,8,3,0,1,0,0,1,0
40218,ARIZONA,AZ,1,0,1,21,0,CHILTON,12,4,April,2010,2,Monday,19,47,0,6,9,0,32.89303056,-111.54966111,1,2,0,10,0,0,1,0
40219,ARIZONA,AZ,2,0,4,19,0,CEDAR BLUFF,13,4,April,2010,3,Tuesday,16,0,1,1,1,2746,32.06916944,-110.78602500,12,1,0,1,0,0,1,0
40221,ARIZONA,AZ,1,1,3,13,370,BOLLING,18,4,April,2010,1,Sunday,21,49,0,13,6,0,33.48048611,-112.00779444,8,3,0,1,0,0,1,0
40222,ARIZONA,AZ,1,1,1,7,0,BIBB,18,4,April,2010,1,Sunday,99,99,0,3,2,2710,33.29911667,-110.46166389,8,9,0,99,0,0,1,0
40223,ARIZONA,AZ,3,0,3,13,80,BOLLING,21,4,April,2010,4,Wednesday,11,28,0,13,6,0,33.32066667,-111.85920833,12,1,0,10,0,0,1,0
40224,ARIZONA,AZ,2,0,2,7,210,BIBB,21,4,April,2010,4,Wednesday,15,26,0,3,2,2525,33.38847222,-110.76127222,12,1,0,10,0,0,1,1
40225,ARIZONA,AZ,2,0,3,13,0,BOLLING,23,4,April,2010,6,Friday,12,53,0,4,3,220,33.82779167,-112.26285556,12,1,0,1,0,0,1,0
40226,ARIZONA,AZ,1,0,1,7,0,BIBB,23,4,April,2010,6,Friday,16,47,1,2,3,2720,34.31065833,-111.04443333,35,1,2,2,0,0,1,1
40227,ARIZONA,AZ,1,0,2,5,0,BAKER HILL,24,4,April,2010,7,Saturday,99,99,0,6,8,0,99.99990000,999.99990000,1,1,0,99,0,0,1,0
40228,ARIZONA,AZ,1,1,1,13,370,BOLLING,26,4,April,2010,2,Monday,20,23,0,13,6,0,33.62699167,-112.02406944,8,3,0,1,0,0,1,0
40229,ARIZONA,AZ,2,0,2,13,370,BOLLING,27,4,April,2010,3,Tuesday,22,25,0,15,6,0,33.50236111,-112.02160000,12,3,0,1,0,0,1,0
40230,ARIZONA,AZ,1,1,1,17,0,CHAMBERS,19,1,January,2010,3,Tuesday,23,15,0,6,8,0,99.99990000,999.99990000,8,6,0,4,0,0,1,0
40231,ARIZONA,AZ,1,1,1,17,0,CHAMBERS,9,4,April,2010,6,Friday,23,31,0,6,8,0,99.99990000,999.99990000,8,6,0,99,0,0,1,0
40232,ARIZONA,AZ,1,0,2,1,0,AUTAUGA,23,4,April,2010,6,Friday,13,36,0,6,8,0,36.35652500,-109.61451111,1,1,0,99,0,0,1,0
40233,ARIZONA,AZ,1,0,2,13,490,BOLLING,1,5,May,2010,7,Saturday,3,5,0,16,6,0,33.43656944,-111.90962500,25,3,0,10,0,0,1,1
40234,ARIZONA,AZ,1,0,1,25,0,BARLOW BEND,1,5,May,2010,7,Saturday,16,11,0,5,4,0,34.16242222,-112.16693333,34,1,0,1,0,0,1,1
40235,ARIZONA,AZ,3,0,5,21,0,CHILTON,2,5,May,2010,1,Sunday,12,44,1,1,1,2143,32.69663611,-111.46878889,25,1,7,7,0,0,1,0
40236,ARIZONA,AZ,1,0,2,3,0,BALDWIN,3,5,May,2010,2,Monday,11,14,0,4,9,0,31.46708333,-109.73197222,1,1,0,1,0,0,2,0
40237,ARIZONA,AZ,1,0,1,3,0,BALDWIN,3,5,May,2010,2,Monday,15,7,1,1,1,3542,32.36205833,-109.65105000,42,1,0,1,0,0,1,0
40238,ARIZONA,AZ,1,0,1,15,0,ANNISTON,4,5,May,2010,3,Tuesday,7,54,0,4,3,725,35.39756667,-113.83805278,52,1,0,1,0,0,1,0
40239,ARIZONA,AZ,1,1,1,13,290,BOLLING,4,5,May,2010,3,Tuesday,20,27,0,14,6,0,33.40738889,-111.87450833,9,3,0,1,0,0,1,0
40240,ARIZONA,AZ,1,1,1,13,0,BOLLING,4,5,May,2010,3,Tuesday,21,32,0,4,9,0,33.39651389,-112.87651667,8,2,0,1,0,0,1,0
40241,ARIZONA,AZ,1,0,1,15,0,ANNISTON,5,5,May,2010,4,Wednesday,14,18,0,16,6,0,99.99990000,999.99990000,33,1,0,1,0,0,1,0
40242,ARIZONA,AZ,2,0,4,13,370,BOLLING,6,5,May,2010,5,Thursday,12,10,1,1,1,2258,33.82375278,-112.14269444,12,1,0,1,0,0,1,1
40243,ARIZONA,AZ,4,0,9,5,0,BAKER HILL,6,5,May,2010,5,Thursday,22,49,1,1,1,2203,35.15730278,-111.26020833,12,3,0,1,0,0,1,1
40244,ARIZONA,AZ,4,0,6,5,0,BAKER HILL,7,5,May,2010,6,Friday,0,53,1,1,1,2231,35.14076389,-111.21518056,12,2,0,1,0,0,1,0
40245,ARIZONA,AZ,1,0,2,21,0,CHILTON,7,5,May,2010,6,Friday,3,47,0,3,2,2335,33.33705556,-111.02288056,17,2,0,1,0,0,1,1
40247,ARIZONA,AZ,1,0,2,13,0,BOLLING,7,5,May,2010,6,Friday,14,50,1,1,1,918,33.50509444,-112.97696111,6,1,0,1,0,0,1,0
40248,ARIZONA,AZ,1,0,1,3,0,BALDWIN,7,5,May,2010,6,Friday,18,50,0,4,3,3820,31.47547222,-109.39580278,38,5,0,1,0,0,1,0
40249,ARIZONA,AZ,1,0,4,13,370,BOLLING,7,5,May,2010,6,Friday,22,17,0,16,9,0,33.80445278,-112.14710833,5,2,0,1,0,0,1,0
40250,ARIZONA,AZ,1,0,2,5,0,BAKER HILL,8,5,May,2010,7,Saturday,8,35,1,1,1,3345,35.09886111,-111.68311944,1,1,0,1,0,0,2,1
40251,ARIZONA,AZ,1,0,1,19,530,CEDAR BLUFF,8,5,May,2010,7,Saturday,15,40,0,14,6,0,32.13395833,-111.00967500,33,1,0,1,0,0,1,0
40252,ARIZONA,AZ,1,0,2,19,530,CEDAR BLUFF,8,5,May,2010,7,Saturday,20,36,0,4,6,0,32.06026389,-110.77481389,1,2,0,1,0,0,1,0
40253,ARIZONA,AZ,2,0,3,13,290,BOLLING,8,5,May,2010,7,Saturday,23,33,0,15,6,0,33.38590833,-111.61533611,12,3,0,1,0,0,1,0
40254,ARIZONA,AZ,1,0,2,13,370,BOLLING,9,5,May,2010,1,Sunday,1,15,1,11,1,1367,33.46282778,-112.21461944,59,3,0,1,0,0,1,1
40255,ARIZONA,AZ,1,0,1,19,530,CEDAR BLUFF,9,5,May,2010,1,Sunday,5,14,0,14,6,0,32.27286667,-110.91316111,33,2,0,1,0,0,1,1
40256,ARIZONA,AZ,1,0,2,15,0,ANNISTON,9,5,May,2010,1,Sunday,10,38,1,1,1,699,35.16445000,-113.73246944,1,1,0,1,0,0,1,0
40257,ARIZONA,AZ,1,0,1,17,610,CHAMBERS,10,5,May,2010,2,Monday,3,8,1,11,7,0,35.03965833,-110.73665278,1,2,0,1,0,0,1,1
40258,ARIZONA,AZ,1,1,3,13,370,BOLLING,10,5,May,2010,2,Monday,19,40,0,13,6,0,33.45903611,-112.13447500,8,3,0,1,0,0,1,0
40260,ARIZONA,AZ,1,0,2,5,0,BAKER HILL,12,5,May,2010,4,Wednesday,12,39,0,3,3,3495,35.91981667,-110.88662500,1,1,0,1,0,0,1,0
40261,ARIZONA,AZ,1,0,1,13,370,BOLLING,14,5,May,2010,6,Friday,2,18,1,12,3,30,33.45529167,-111.98351389,1,3,0,1,0,0,1,0
40262,ARIZONA,AZ,2,0,4,19,530,CEDAR BLUFF,14,5,May,2010,6,Friday,23,5,1,13,6,0,32.20704444,-110.90960000,12,3,0,1,0,0,1,1
40263,ARIZONA,AZ,1,0,3,13,0,BOLLING,16,5,May,2010,1,Sunday,17,38,1,2,2,1331,33.73466389,-112.47344722,1,1,0,1,0,0,1,0
40264,ARIZONA,AZ,1,1,1,13,490,BOLLING,17,5,May,2010,2,Monday,17,25,0,13,6,0,33.40014167,-111.90913333,9,1,0,1,0,0,1,0
40267,ARIZONA,AZ,1,0,1,3,0,BALDWIN,21,5,May,2010,6,Friday,18,43,0,6,9,0,32.00681944,-109.90709722,1,1,0,1,0,0,1,1
40268,ARIZONA,AZ,2,0,2,19,530,CEDAR BLUFF,22,5,May,2010,7,Saturday,0,18,1,11,7,0,32.20720833,-110.98008889,12,3,0,1,0,0,1,2
40269,ARIZONA,AZ,2,0,4,25,386,BARLOW BEND,22,5,May,2010,7,Saturday,2,2,1,13,3,2913,34.56828889,-112.37234167,12,2,0,1,0,0,2,1
40270,ARIZONA,AZ,1,0,5,23,0,BLADON SPRINGS,22,5,May,2010,7,Saturday,8,45,1,11,1,62,31.40826667,-110.96199722,1,1,0,1,0,0,1,0
40271,ARIZONA,AZ,2,0,7,13,370,BOLLING,23,5,May,2010,1,Sunday,9,51,1,11,1,2169,33.69451389,-112.11349444,12,1,0,1,0,0,1,0
40272,ARIZONA,AZ,2,0,4,15,0,ANNISTON,23,5,May,2010,1,Sunday,13,7,1,2,2,1125,34.87691667,-113.64673056,24,1,0,1,0,0,1,0
40273,ARIZONA,AZ,2,1,1,13,368,BOLLING,24,5,May,2010,2,Monday,15,3,0,14,6,0,33.59609444,-112.20846111,8,1,0,1,0,0,1,0
40275,ARIZONA,AZ,2,0,4,21,0,CHILTON,26,5,May,2010,4,Wednesday,17,15,0,3,2,2352,33.34486389,-110.99646944,12,1,0,1,0,0,1,0
40276,ARIZONA,AZ,1,0,2,5,0,BAKER HILL,28,5,May,2010,6,Friday,12,57,0,6,8,0,34.42113889,-110.90247222,44,1,0,1,0,0,1,0
40277,ARIZONA,AZ,3,0,3,13,290,BOLLING,28,5,May,2010,6,Friday,16,30,0,13,6,0,33.40318889,-111.83926389,12,1,0,1,0,0,1,0
40278,ARIZONA,AZ,1,0,1,13,370,BOLLING,29,5,May,2010,7,Saturday,4,41,1,11,1,1472,33.46127778,-112.03901944,24,4,0,1,0,0,1,1
40279,ARIZONA,AZ,1,0,2,7,0,BIBB,29,5,May,2010,7,Saturday,12,0,0,3,2,2893,33.78296111,-110.50160833,35,1,0,1,0,0,1,0
40280,ARIZONA,AZ,1,0,2,19,0,CEDAR BLUFF,30,5,May,2010,1,Sunday,11,52,1,13,9,0,32.30082778,-110.82405278,5,1,0,1,0,0,1,0
40281,ARIZONA,AZ,1,0,1,19,0,CEDAR BLUFF,30,5,May,2010,1,Sunday,17,42,1,13,9,0,32.30605833,-111.02054722,33,1,0,1,0,0,1,0
40282,ARIZONA,AZ,2,0,4,21,22,CHILTON,31,5,May,2010,2,Monday,15,48,0,15,6,0,33.37890278,-111.57219167,12,1,0,1,0,0,1,1
40283,ARIZONA,AZ,3,0,5,3,0,BALDWIN,31,5,May,2010,2,Monday,19,6,1,1,1,3149,32.00465556,-110.14302500,12,1,0,1,0,0,1,0
40285,ARIZONA,AZ,1,0,4,13,0,BOLLING,21,5,May,2010,6,Friday,17,58,0,3,3,285,32.57796667,-112.87431944,1,5,0,1,0,0,1,0
40286,ARIZONA,AZ,2,0,3,19,0,CEDAR BLUFF,28,4,April,2010,4,Wednesday,19,30,0,4,9,0,32.32367778,-111.14609444,12,1,0,1,0,0,1,0
40287,ARIZONA,AZ,1,0,1,13,0,BOLLING,16,5,May,2010,1,Sunday,99,99,0,3,3,1858,33.22641667,-111.98639722,1,2,0,1,0,0,1,1
40288,ARIZONA,AZ,1,1,1,13,200,BOLLING,5,5,May,2010,4,Wednesday,7,18,0,13,6,0,33.58192222,-112.16005000,8,1,0,1,1,0,1,0
40289,ARIZONA,AZ,2,0,2,13,80,BOLLING,6,5,May,2010,5,Thursday,22,14,0,3,6,0,33.32005556,-111.93031389,12,3,0,1,0,0,1,1
40291,ARIZONA,AZ,1,0,2,13,0,BOLLING,8,5,May,2010,7,Saturday,99,99,1,13,2,99999,99.99990000,999.99990000,99,9,0,99,0,0,1,0
40292,ARIZONA,AZ,1,1,3,13,490,BOLLING,10,5,May,2010,2,Monday,18,12,0,13,6,0,33.42191944,-111.94228889,9,1,0,1,0,0,1,1
40293,ARIZONA,AZ,1,0,2,5,0,BAKER HILL,13,5,May,2010,5,Thursday,10,44,0,6,8,0,99.99990000,999.99990000,1,1,0,99,0,0,1,0
40294,ARIZONA,AZ,3,0,7,1,0,AUTAUGA,13,5,May,2010,5,Thursday,21,7,0,3,3,4589,35.71277778,-109.33207500,12,2,0,1,0,0,2,1
40295,ARIZONA,AZ,1,1,1,1,0,AUTAUGA,14,5,May,2010,6,Friday,99,99,0,4,2,4500,36.18997500,-109.59383056,8,9,0,99,0,0,1,0
40296,ARIZONA,AZ,2,0,3,13,200,BOLLING,14,5,May,2010,6,Friday,15,33,0,13,6,0,33.50945556,-112.15858611,12,1,0,1,0,0,1,0
40297,ARIZONA,AZ,1,1,2,13,370,BOLLING,14,5,May,2010,6,Friday,23,30,0,16,6,0,33.49148889,-112.16752222,8,6,0,1,0,0,1,1
40298,ARIZONA,AZ,3,0,7,13,370,BOLLING,16,5,May,2010,1,Sunday,17,47,0,13,6,0,33.62560833,-112.09969722,12,1,0,1,0,0,1,0
40299,ARIZONA,AZ,1,1,1,9,410,BLOUNT,17,5,May,2010,2,Monday,21,43,0,16,2,3387,32.83488611,-109.72087222,8,3,0,1,0,0,1,0
40300,ARIZONA,AZ,1,0,1,13,370,BOLLING,22,5,May,2010,7,Saturday,0,31,0,13,6,0,33.42028333,-112.00358333,33,3,0,1,0,0,1,1
40301,ARIZONA,AZ,1,0,1,25,90,BARLOW BEND,23,5,May,2010,1,Sunday,17,48,0,4,3,3488,34.76001389,-112.06602500,31,5,0,10,0,0,1,1
40303,ARIZONA,AZ,2,0,4,13,370,BOLLING,26,5,May,2010,4,Wednesday,18,17,0,16,6,0,33.39609444,-112.10356944,12,1,0,1,0,0,1,0
40304,ARIZONA,AZ,2,0,2,17,0,CHAMBERS,28,5,May,2010,6,Friday,13,33,0,4,8,0,99.99990000,999.99990000,12,1,0,1,0,0,1,0
40305,ARIZONA,AZ,1,0,1,3,0,BALDWIN,28,5,May,2010,6,Friday,99,99,0,5,9,0,31.58161389,-109.69803611,34,1,0,99,0,0,1,0