ST_CASE,State Name,State Abbreviation,VE_TOTAL,Pedestrains,Total_Persons_in_accident,COUNTY,CITY,City_County_Name,Calendar_DAY,MONTH,Month_Name,YEAR,DAY_WEEK,Day_Week_desc,HOUR,MINUTE,NHS_Desc,trafficway,ROUTE,MILEPT,LATITUDE,LONGITUD,First_Crash_event,Light_cond_desc,Weather_condition,WEATHER,SCH_BUS,Crash_cause,FATALS,DRUNK_DR
40306,ARIZONA,AZ,1,0,4,21,0,CHILTON,28,5,May,2010,6,Friday,3,45,0,6,4,0,33.11831944,-111.50495833,1,2,0,1,0,0,1,1
40307,ARIZONA,AZ,3,0,3,13,370,BOLLING,30,5,May,2010,1,Sunday,21,10,0,14,6,0,33.55309167,-112.13190556,12,3,0,1,0,0,1,2
40308,ARIZONA,AZ,2,0,5,13,370,BOLLING,30,5,May,2010,1,Sunday,22,28,0,15,6,0,33.71290000,-112.10039444,33,3,0,1,0,0,1,0
40309,ARIZONA,AZ,1,1,1,13,370,BOLLING,2,6,June,2010,4,Wednesday,20,54,0,14,6,0,33.37915278,-112.06465556,8,3,0,1,0,0,1,0
40310,ARIZONA,AZ,1,0,2,13,0,BOLLING,2,6,June,2010,4,Wednesday,21,48,1,1,1,1012,32.90816111,-112.97775000,2,2,0,1,0,0,1,0
40311,ARIZONA,AZ,1,0,9,3,0,BALDWIN,3,6,June,2010,5,Thursday,7,44,0,6,9,0,32.20081111,-110.19943889,35,1,0,1,0,0,1,0
40312,ARIZONA,AZ,1,0,2,5,0,BAKER HILL,4,6,June,2010,6,Friday,2,10,0,4,2,2247,35.26825278,-111.72566667,42,2,0,1,0,0,1,1
40313,ARIZONA,AZ,1,0,1,13,0,BOLLING,4,6,June,2010,6,Friday,10,11,0,13,4,0,33.37752778,-112.48711944,42,1,0,1,0,0,1,0
40314,ARIZONA,AZ,2,0,8,19,295,CEDAR BLUFF,6,6,June,2010,1,Sunday,10,41,0,4,9,0,32.45326944,-111.23413611,12,1,0,1,0,0,1,0
40315,ARIZONA,AZ,1,0,1,1,0,AUTAUGA,7,6,June,2010,2,Monday,10,3,0,4,3,3577,34.31779722,-109.76486667,31,1,0,1,0,0,1,0
40316,ARIZONA,AZ,1,1,1,5,0,BAKER HILL,6,6,June,2010,1,Sunday,21,41,1,13,2,4203,35.24303333,-111.56721667,8,3,0,1,0,0,1,0
40317,ARIZONA,AZ,3,0,5,3,0,BALDWIN,7,6,June,2010,2,Monday,14,7,1,1,1,3578,32.34667500,-109.59614167,1,1,0,1,0,0,3,0
40318,ARIZONA,AZ,1,0,6,15,0,ANNISTON,7,6,June,2010,2,Monday,16,38,1,1,1,80,36.88586389,-113.93802500,1,1,0,1,0,0,1,0
40319,ARIZONA,AZ,1,0,1,19,460,CEDAR BLUFF,7,6,June,2010,2,Monday,20,22,0,14,6,0,32.19726389,-110.96536944,42,3,0,1,0,0,1,1
40320,ARIZONA,AZ,1,0,1,25,0,BARLOW BEND,10,6,June,2010,5,Thursday,12,48,1,1,1,2918,34.62612500,-111.83669444,1,1,0,1,0,0,1,1
40321,ARIZONA,AZ,3,0,8,25,0,BARLOW BEND,11,6,June,2010,6,Friday,11,55,1,2,2,1929,34.03051389,-112.81689722,12,1,0,1,0,0,1,0
40322,ARIZONA,AZ,2,0,2,13,290,BOLLING,11,6,June,2010,6,Friday,13,50,1,12,3,266,33.43575833,-111.64827500,12,1,0,10,0,0,1,0
40323,ARIZONA,AZ,1,0,2,13,0,BOLLING,11,6,June,2010,6,Friday,20,56,0,15,6,0,33.27014722,-111.68620000,33,3,0,1,0,0,1,1
40324,ARIZONA,AZ,3,1,6,19,530,CEDAR BLUFF,12,6,June,2010,7,Saturday,0,3,1,13,6,0,32.25015278,-110.97820833,12,3,0,1,0,0,1,1
40325,ARIZONA,AZ,1,0,1,13,200,BOLLING,12,6,June,2010,7,Saturday,1,37,1,12,3,89,33.56061389,-112.25755278,1,3,0,1,0,0,1,1
40326,ARIZONA,AZ,3,0,5,13,388,BOLLING,12,6,June,2010,7,Saturday,18,16,0,15,6,0,33.24869722,-111.63791111,12,5,0,1,0,0,1,0
40327,ARIZONA,AZ,1,0,1,5,0,BAKER HILL,13,6,June,2010,1,Sunday,9,51,1,1,1,3270,34.99309722,-111.68710833,1,1,0,10,0,0,1,0
40328,ARIZONA,AZ,1,0,2,13,0,BOLLING,14,6,June,2010,2,Monday,16,32,1,1,1,882,33.51490556,-113.03759167,1,1,0,1,0,0,1,0
40329,ARIZONA,AZ,2,1,1,13,370,BOLLING,16,6,June,2010,4,Wednesday,22,27,0,14,6,0,33.39222778,-112.07060000,12,3,0,1,0,0,1,0
40330,ARIZONA,AZ,1,0,2,12,0,BOUSE,17,6,June,2010,5,Thursday,17,32,1,1,1,344,33.65479167,-113.95530278,1,1,0,1,0,0,1,0
40331,ARIZONA,AZ,1,0,8,25,0,BARLOW BEND,19,6,June,2010,7,Saturday,9,53,1,1,1,2538,34.20855833,-112.11806389,31,1,0,1,0,0,2,0
40332,ARIZONA,AZ,1,0,1,19,0,CEDAR BLUFF,20,6,June,2010,1,Sunday,3,27,0,16,9,0,32.29482500,-111.02320833,1,2,0,1,0,0,1,1
40333,ARIZONA,AZ,1,0,1,25,0,BARLOW BEND,22,6,June,2010,3,Tuesday,10,49,1,1,1,2699,34.41703889,-112.06405833,35,1,0,1,0,0,1,1
40334,ARIZONA,AZ,1,0,2,12,0,BOUSE,24,6,June,2010,5,Thursday,2,40,1,1,1,634,33.58478333,-113.45938056,1,3,0,1,0,0,1,1
40335,ARIZONA,AZ,1,0,1,19,295,CEDAR BLUFF,24,6,June,2010,5,Thursday,19,21,1,1,1,2451,32.37946389,-111.10972500,2,1,0,1,0,0,1,0
40336,ARIZONA,AZ,1,0,1,17,610,CHAMBERS,25,6,June,2010,6,Friday,17,39,0,15,3,1,35.03777778,-110.73071389,59,1,0,1,0,0,1,1
40337,ARIZONA,AZ,1,0,2,19,530,CEDAR BLUFF,25,6,June,2010,6,Friday,17,50,0,15,6,0,32.25767222,-110.96230278,30,1,0,1,0,0,2,1
40338,ARIZONA,AZ,1,0,1,19,0,CEDAR BLUFF,26,6,June,2010,7,Saturday,2,10,1,13,6,0,32.31934444,-111.01206111,46,3,0,1,0,0,1,1
40339,ARIZONA,AZ,2,0,1,1,0,AUTAUGA,27,6,June,2010,1,Sunday,20,55,0,4,2,5073,36.88310278,-109.62853889,12,2,0,1,0,0,1,0
40340,ARIZONA,AZ,1,0,1,5,0,BAKER HILL,28,6,June,2010,2,Monday,8,48,1,1,1,1605,35.23085833,-112.23322778,1,1,0,1,0,0,1,0
40341,ARIZONA,AZ,1,0,4,12,0,BOUSE,8,5,May,2010,7,Saturday,18,21,0,6,9,0,34.26406111,-113.53331667,1,1,0,1,0,0,1,1
40342,ARIZONA,AZ,1,0,1,19,530,CEDAR BLUFF,23,6,June,2010,4,Wednesday,7,37,0,16,6,0,32.20954167,-110.84118333,33,1,0,1,0,0,1,0
40343,ARIZONA,AZ,1,1,2,13,370,BOLLING,12,6,June,2010,7,Saturday,23,31,0,13,6,0,33.57263889,-112.05941944,8,3,0,1,0,0,1,0
40344,ARIZONA,AZ,1,1,1,13,370,BOLLING,28,6,June,2010,2,Monday,20,12,1,13,2,1588,33.49705556,-112.13692500,9,5,0,1,0,0,1,0
40347,ARIZONA,AZ,2,0,4,5,528,BAKER HILL,10,6,June,2010,5,Thursday,22,36,0,13,8,0,36.11806389,-111.22770000,12,6,0,99,0,0,3,0
40348,ARIZONA,AZ,1,1,1,17,0,CHAMBERS,18,6,June,2010,6,Friday,19,57,0,4,3,3384,33.82956667,-109.97000556,8,2,0,1,0,0,1,0
40349,ARIZONA,AZ,1,0,6,13,370,BOLLING,20,6,June,2010,1,Sunday,21,41,0,13,6,0,33.47985833,-112.23503056,33,3,0,1,0,0,3,0
40350,ARIZONA,AZ,1,0,1,17,0,CHAMBERS,20,6,June,2010,1,Sunday,21,48,0,4,2,4130,36.94979722,-110.20712778,1,1,0,1,0,0,1,0
40351,ARIZONA,AZ,1,0,2,13,490,BOLLING,21,6,June,2010,2,Monday,18,50,0,14,6,0,33.36370556,-111.93794167,33,1,0,1,0,0,1,0
40352,ARIZONA,AZ,2,0,5,13,200,BOLLING,26,6,June,2010,7,Saturday,13,35,0,13,6,0,33.59585556,-112.18600556,12,1,0,1,0,0,1,0
40353,ARIZONA,AZ,1,1,1,13,370,BOLLING,30,6,June,2010,4,Wednesday,21,20,0,13,6,0,33.40580833,-112.07328333,8,3,0,1,0,0,1,0
40354,ARIZONA,AZ,2,0,6,5,0,BAKER HILL,1,7,July,2010,5,Thursday,3,47,1,1,1,2073,35.20151944,-111.47620556,41,2,0,1,0,0,2,0
40357,ARIZONA,AZ,1,0,6,13,0,BOLLING,3,7,July,2010,7,Saturday,16,28,1,1,1,920,33.50406111,-112.97362222,1,1,0,1,0,0,2,0
40358,ARIZONA,AZ,1,0,1,19,530,CEDAR BLUFF,5,7,July,2010,2,Monday,4,13,0,14,6,0,32.14572222,-111.01370556,38,2,0,1,0,0,1,1
40359,ARIZONA,AZ,2,0,2,19,530,CEDAR BLUFF,5,7,July,2010,2,Monday,5,55,0,15,6,0,32.22203889,-110.96598611,44,1,0,1,0,0,1,0
40360,ARIZONA,AZ,1,0,2,21,0,CHILTON,5,7,July,2010,2,Monday,15,33,0,3,3,1166,32.75429444,-110.64787500,34,1,0,1,0,0,1,0
40361,ARIZONA,AZ,2,0,3,13,80,BOLLING,6,7,July,2010,3,Tuesday,18,5,0,14,6,0,33.31264167,-111.96305278,12,1,0,1,0,0,1,1
40362,ARIZONA,AZ,1,0,2,13,60,BOLLING,7,7,July,2010,4,Wednesday,18,18,1,11,1,1205,33.46228056,-112.49977500,1,1,0,1,0,0,1,0
40363,ARIZONA,AZ,1,1,1,19,530,CEDAR BLUFF,7,7,July,2010,4,Wednesday,20,27,0,15,6,0,32.25124444,-110.96101389,8,3,0,10,0,0,1,0
40364,ARIZONA,AZ,1,0,2,19,530,CEDAR BLUFF,9,7,July,2010,6,Friday,2,15,0,15,6,0,32.27179444,-110.98659167,30,3,0,1,0,0,1,1
40365,ARIZONA,AZ,1,0,6,19,0,CEDAR BLUFF,10,7,July,2010,7,Saturday,0,18,0,5,8,0,32.00698889,-112.33462500,5,2,0,1,0,0,1,1
40366,ARIZONA,AZ,2,0,1,21,22,CHILTON,10,7,July,2010,7,Saturday,11,5,0,15,3,1981,33.43675833,-111.52120833,18,1,0,1,0,0,1,0
40367,ARIZONA,AZ,1,0,8,1,0,AUTAUGA,10,7,July,2010,7,Saturday,16,40,1,1,1,3119,35.06258611,-109.77663889,1,1,0,1,0,0,1,0
40368,ARIZONA,AZ,2,0,2,13,490,BOLLING,10,7,July,2010,7,Saturday,23,45,0,13,6,0,33.39294167,-111.92639444,12,3,0,1,0,0,1,0
40369,ARIZONA,AZ,1,1,2,13,0,BOLLING,11,7,July,2010,1,Sunday,23,37,1,2,3,1839,33.51216667,-111.75896667,8,2,0,10,0,0,1,0
40370,ARIZONA,AZ,1,0,2,21,70,CHILTON,13,7,July,2010,3,Tuesday,16,11,1,1,1,1897,32.94974722,-111.71033889,1,1,0,1,0,0,1,0
40371,ARIZONA,AZ,1,0,2,15,0,ANNISTON,14,7,July,2010,4,Wednesday,9,11,1,1,1,261,36.98104167,-113.66969167,43,1,0,1,0,0,2,0
40372,ARIZONA,AZ,2,0,2,21,180,CHILTON,16,7,July,2010,6,Friday,0,13,0,4,6,0,33.05099444,-111.45844444,12,2,0,1,0,0,1,1
40373,ARIZONA,AZ,2,0,4,5,0,BAKER HILL,16,7,July,2010,6,Friday,14,33,0,4,8,0,35.24628611,-111.50635833,12,1,0,10,0,0,1,1
40374,ARIZONA,AZ,1,0,2,5,0,BAKER HILL,17,7,July,2010,7,Saturday,14,38,1,2,2,5188,36.56433333,-111.63742222,1,1,0,1,0,0,1,0
40376,ARIZONA,AZ,2,0,6,13,0,BOLLING,18,7,July,2010,1,Sunday,20,25,1,1,1,973,33.48549722,-112.88443056,1,2,0,1,0,0,2,0
40378,ARIZONA,AZ,1,1,1,19,530,CEDAR BLUFF,20,7,July,2010,3,Tuesday,11,10,1,13,6,0,32.22224167,-110.84110833,8,1,0,1,0,0,1,0
40379,ARIZONA,AZ,1,0,1,25,0,BARLOW BEND,23,7,July,2010,6,Friday,22,16,0,5,9,0,34.89548333,-112.47508333,35,2,0,10,0,0,1,1
40380,ARIZONA,AZ,2,0,2,13,220,BOLLING,24,7,July,2010,7,Saturday,17,30,0,4,6,0,33.34849167,-112.46704167,12,1,0,1,0,0,1,0
40381,ARIZONA,AZ,1,0,1,25,0,BARLOW BEND,25,7,July,2010,1,Sunday,7,2,1,1,1,2916,34.62448333,-111.83972500,34,1,0,10,0,0,1,0
40382,ARIZONA,AZ,1,1,2,21,22,CHILTON,25,7,July,2010,1,Sunday,19,55,0,14,6,0,33.41340556,-111.58079722,9,2,0,2,0,0,1,0
40383,ARIZONA,AZ,1,0,1,1,0,AUTAUGA,26,7,July,2010,2,Monday,16,40,0,4,3,3847,34.07310278,-109.47979444,1,1,0,10,0,0,1,1
40384,ARIZONA,AZ,1,0,1,13,0,BOLLING,27,7,July,2010,3,Tuesday,99,99,0,4,9,0,33.00045833,-112.66655556,34,6,0,99,0,0,1,1
40385,ARIZONA,AZ,1,0,1,13,486,BOLLING,29,7,July,2010,5,Thursday,3,4,1,13,2,1372,33.69368333,-112.42057778,1,2,0,2,0,0,1,0
40386,ARIZONA,AZ,2,0,1,13,370,BOLLING,31,7,July,2010,7,Saturday,23,59,1,12,3,0,33.46177500,-112.04408889,45,3,0,10,0,0,1,1
40387,ARIZONA,AZ,1,0,1,13,80,BOLLING,17,7,July,2010,7,Saturday,10,4,0,15,6,0,33.26080556,-111.80683056,33,1,0,1,0,0,1,1
40388,ARIZONA,AZ,1,0,1,17,0,CHAMBERS,24,7,July,2010,7,Saturday,5,31,0,4,3,3602,34.07499444,-109.86327500,1,4,0,1,0,0,1,1
40389,ARIZONA,AZ,2,0,2,13,370,BOLLING,31,7,July,2010,7,Saturday,5,57,1,11,1,1500,33.42683333,-112.03080000,12,4,0,10,0,0,1,1
40390,ARIZONA,AZ,2,0,3,19,295,CEDAR BLUFF,30,7,July,2010,6,Friday,23,18,1,1,1,2354,32.47155833,-111.22992222,12,2,0,2,0,0,1,0
40391,ARIZONA,AZ,2,0,2,13,370,BOLLING,23,7,July,2010,6,Friday,21,59,0,14,6,0,33.58315556,-112.15155833,12,3,0,1,0,0,1,0
40392,ARIZONA,AZ,2,0,3,13,370,BOLLING,24,7,July,2010,7,Saturday,8,22,0,13,6,0,33.49511389,-112.18643889,12,1,0,1,0,0,1,0
40393,ARIZONA,AZ,2,0,2,7,0,BIBB,28,7,July,2010,4,Wednesday,15,15,0,3,2,2907,33.78771667,-110.49380000,12,1,0,10,0,0,1,1
40394,ARIZONA,AZ,2,0,2,19,0,CEDAR BLUFF,27,7,July,2010,3,Tuesday,11,31,0,14,6,0,32.35595000,-111.03066667,12,1,0,1,0,0,1,0
40395,ARIZONA,AZ,1,0,1,3,0,BALDWIN,1,7,July,2010,5,Thursday,1,32,1,1,7,0,31.99335556,-110.17646111,35,2,0,1,0,0,1,1
40396,ARIZONA,AZ,1,1,1,13,370,BOLLING,2,7,July,2010,6,Friday,22,46,0,13,6,0,33.49471111,-112.21574167,8,3,0,1,0,0,1,0
40397,ARIZONA,AZ,1,0,2,13,370,BOLLING,3,7,July,2010,7,Saturday,13,43,0,13,6,0,33.39257778,-112.00901111,42,1,0,1,0,0,1,1
40398,ARIZONA,AZ,1,2,3,13,370,BOLLING,3,7,July,2010,7,Saturday,20,22,0,16,6,0,33.45866389,-112.13151389,33,3,0,1,0,0,1,0
40399,ARIZONA,AZ,1,0,3,17,0,CHAMBERS,3,7,July,2010,7,Saturday,11,23,0,6,9,0,99.99990000,999.99990000,1,1,0,98,0,0,1,1
40400,ARIZONA,AZ,1,0,7,17,0,CHAMBERS,4,7,July,2010,1,Sunday,0,46,0,6,9,0,35.12418333,-110.32244444,1,3,0,1,0,0,2,1
40401,ARIZONA,AZ,2,0,2,19,530,CEDAR BLUFF,4,7,July,2010,1,Sunday,12,51,0,13,6,0,32.23566389,-110.83030278,12,1,0,1,0,0,1,0
40402,ARIZONA,AZ,1,0,1,7,0,BIBB,5,7,July,2010,2,Monday,17,28,0,6,8,0,34.26191667,-110.89391667,34,1,0,1,0,0,1,0
40403,ARIZONA,AZ,1,0,2,13,266,BOLLING,5,7,July,2010,2,Monday,99,99,0,15,9,0,99.99990000,999.99990000,99,9,0,99,0,0,1,0
40404,ARIZONA,AZ,1,0,10,19,0,CEDAR BLUFF,7,7,July,2010,4,Wednesday,99,99,0,6,8,0,32.18831111,-111.74800556,1,1,0,1,0,0,1,1
40405,ARIZONA,AZ,1,1,2,13,370,BOLLING,16,7,July,2010,6,Friday,20,40,0,13,6,0,33.37775556,-112.07159722,8,3,0,1,0,0,1,0
40406,ARIZONA,AZ,1,1,1,1,0,AUTAUGA,25,7,July,2010,1,Sunday,2,17,0,6,8,0,99.99990000,999.99990000,8,6,0,99,0,0,1,0
40408,ARIZONA,AZ,1,1,1,13,370,BOLLING,28,7,July,2010,4,Wednesday,12,48,0,13,6,0,33.51990556,-112.09985000,8,1,0,1,0,0,1,0
40409,ARIZONA,AZ,1,2,3,13,370,BOLLING,29,7,July,2010,5,Thursday,19,34,0,13,6,0,33.64063333,-112.00531389,33,3,0,2,0,0,1,0
40410,ARIZONA,AZ,2,0,5,13,200,BOLLING,30,7,July,2010,6,Friday,23,51,0,13,6,0,33.58191944,-112.16885556,12,3,0,10,0,0,1,0
40411,ARIZONA,AZ,1,1,1,5,0,BAKER HILL,31,7,July,2010,7,Saturday,0,30,0,4,8,0,99.99990000,999.99990000,8,6,0,99,0,0,1,0
40412,ARIZONA,AZ,1,1,3,13,370,BOLLING,31,7,July,2010,7,Saturday,23,33,0,14,6,0,33.45115278,-112.11910000,8,2,0,1,0,0,1,0
40413,ARIZONA,AZ,1,1,2,5,170,BAKER HILL,4,8,August,2010,4,Wednesday,21,1,1,11,1,1999,35.20787778,-111.60080278,8,2,0,1,0,0,1,0
40414,ARIZONA,AZ,2,0,2,25,0,BARLOW BEND,5,8,August,2010,5,Thursday,9,55,1,1,1,2978,34.67790833,-111.75626667,12,1,0,1,0,0,1,0
40415,ARIZONA,AZ,2,0,2,3,0,BALDWIN,5,8,August,2010,5,Thursday,15,33,0,3,3,3095,31.79234444,-110.15196111,12,1,0,2,0,0,1,0
40416,ARIZONA,AZ,3,0,6,13,486,BOLLING,5,8,August,2010,5,Thursday,16,31,0,13,6,0,33.63862222,-112.32481111,12,1,0,1,0,0,1,0
40417,ARIZONA,AZ,1,1,1,13,420,BOLLING,5,8,August,2010,5,Thursday,19,52,0,13,6,0,33.50161111,-111.90893889,8,3,0,1,0,0,1,0
40419,ARIZONA,AZ,2,0,4,25,0,BARLOW BEND,7,8,August,2010,7,Saturday,6,15,0,4,3,48,34.54706111,-112.16236389,12,4,2,2,0,0,3,0
40420,ARIZONA,AZ,4,0,6,19,530,CEDAR BLUFF,7,8,August,2010,7,Saturday,16,6,0,13,6,0,32.22105833,-110.82383889,12,1,0,1,0,0,1,0
40423,ARIZONA,AZ,1,0,1,3,0,BALDWIN,13,8,August,2010,6,Friday,6,10,1,2,3,3338,31.50645556,-110.01000556,58,1,0,1,0,0,1,0
40424,ARIZONA,AZ,1,0,1,13,290,BOLLING,15,8,August,2010,1,Sunday,2,43,0,14,6,0,33.40823611,-111.75383333,33,3,0,1,0,0,1,1
40425,ARIZONA,AZ,1,0,1,1,0,AUTAUGA,15,8,August,2010,1,Sunday,10,55,0,3,3,4688,35.66906389,-109.16530833,1,1,0,1,0,0,1,0
40426,ARIZONA,AZ,2,0,6,13,486,BOLLING,15,8,August,2010,1,Sunday,16,37,0,16,6,0,33.63138611,-112.39402222,12,1,0,1,0,0,1,0
40427,ARIZONA,AZ,3,0,5,25,0,BARLOW BEND,15,8,August,2010,1,Sunday,16,50,1,2,2,1806,34.14498611,-112.98158333,12,1,0,1,0,0,2,0
40428,ARIZONA,AZ,1,0,1,19,0,CEDAR BLUFF,16,8,August,2010,2,Monday,14,25,1,11,1,551,32.08058611,-110.99297500,43,1,0,10,0,0,1,0
40429,ARIZONA,AZ,1,0,1,25,386,BARLOW BEND,18,8,August,2010,4,Wednesday,13,21,0,6,6,0,34.57065833,-112.42551944,33,1,0,10,0,0,1,0
40430,ARIZONA,AZ,1,0,2,13,0,BOLLING,20,8,August,2010,6,Friday,3,58,0,15,6,0,33.37880556,-111.58076389,58,2,0,1,0,0,1,1
40431,ARIZONA,AZ,2,0,2,13,370,BOLLING,20,8,August,2010,6,Friday,9,3,1,11,1,2045,33.51803611,-112.11222500,12,1,0,1,0,0,1,0
40432,ARIZONA,AZ,2,0,13,13,0,BOLLING,20,8,August,2010,6,Friday,18,1,1,11,1,1155,33.43693889,-112.58092778,12,1,0,1,0,0,1,0
40433,ARIZONA,AZ,1,0,1,21,0,CHILTON,22,8,August,2010,1,Sunday,1,18,1,1,1,1780,32.81902500,-111.68704167,24,2,0,10,0,0,1,0
40434,ARIZONA,AZ,2,0,3,5,170,BAKER HILL,22,8,August,2010,1,Sunday,11,58,1,13,2,4207,35.24522500,-111.56486389,12,1,0,10,0,0,1,0
40435,ARIZONA,AZ,2,0,4,23,330,BLADON SPRINGS,22,8,August,2010,1,Sunday,17,5,1,11,1,75,31.42701111,-110.96463889,12,1,0,1,0,0,1,0
40436,ARIZONA,AZ,2,0,2,3,40,BALDWIN,23,8,August,2010,2,Monday,7,59,1,1,1,3037,31.97205833,-110.32649722,12,1,0,1,0,0,1,0
40437,ARIZONA,AZ,1,0,1,13,290,BOLLING,24,8,August,2010,3,Tuesday,19,41,0,13,6,0,33.45149444,-111.82912500,33,3,0,10,0,0,1,1
40438,ARIZONA,AZ,2,0,2,19,530,CEDAR BLUFF,25,8,August,2010,4,Wednesday,22,40,0,15,6,0,32.30148333,-111.02288889,12,3,0,1,0,0,1,0
40439,ARIZONA,AZ,1,0,1,5,0,BAKER HILL,27,8,August,2010,6,Friday,13,0,0,4,2,5428,36.77800000,-111.69492778,1,1,0,10,0,0,1,0
40440,ARIZONA,AZ,1,0,1,13,0,BOLLING,28,8,August,2010,7,Saturday,7,14,1,2,3,2144,33.81654167,-111.48094167,34,1,0,10,0,0,1,0
40441,ARIZONA,AZ,1,0,1,13,0,BOLLING,29,8,August,2010,1,Sunday,6,15,1,1,1,923,33.50364167,-112.96839444,1,1,0,1,0,0,1,0
40442,ARIZONA,AZ,1,0,1,15,0,ANNISTON,29,8,August,2010,1,Sunday,20,4,1,1,1,155,36.92703056,-113.83211111,25,2,0,1,0,0,1,1
40443,ARIZONA,AZ,2,0,2,25,373,BARLOW BEND,9,8,August,2010,2,Monday,7,39,1,13,3,2897,34.57965278,-112.36028333,12,1,0,1,0,0,1,0
40444,ARIZONA,AZ,1,0,3,21,0,CHILTON,5,6,June,2010,7,Saturday,7,21,0,6,9,0,33.07413889,-111.83446944,1,1,0,1,0,0,1,1
40445,ARIZONA,AZ,1,0,8,13,0,BOLLING,31,8,August,2010,3,Tuesday,5,10,1,1,1,1640,33.26188889,-111.95292778,1,1,0,1,0,0,1,0
40447,ARIZONA,AZ,1,0,2,13,0,BOLLING,1,7,July,2010,5,Thursday,99,99,0,13,4,0,99.99990000,999.99990000,99,9,0,99,0,0,1,0
40448,ARIZONA,AZ,1,0,1,7,230,BIBB,13,7,July,2010,3,Tuesday,7,15,0,6,8,0,32.99869444,-110.78437222,1,1,0,1,0,0,1,0
40449,ARIZONA,AZ,1,0,1,13,290,BOLLING,2,8,August,2010,2,Monday,99,99,0,14,6,0,99.99990000,999.99990000,99,9,0,99,0,0,1,0
40450,ARIZONA,AZ,1,1,1,17,0,CHAMBERS,6,8,August,2010,6,Friday,4,0,0,3,3,3789,35.84761944,-110.53421111,8,6,0,98,0,0,1,0
40451,ARIZONA,AZ,1,0,4,17,0,CHAMBERS,7,8,August,2010,7,Saturday,22,0,0,4,8,0,99.99990000,999.99990000,1,6,0,99,0,0,1,0
40452,ARIZONA,AZ,1,1,1,7,0,BIBB,9,8,August,2010,2,Monday,99,99,0,4,8,0,99.99990000,999.99990000,8,9,0,99,0,0,1,0
40453,ARIZONA,AZ,2,0,3,5,336,BAKER HILL,10,8,August,2010,3,Tuesday,23,29,1,13,2,99999,36.90179444,-111.48603889,12,2,0,1,0,0,1,1
40454,ARIZONA,AZ,1,0,1,13,0,BOLLING,13,8,August,2010,6,Friday,99,99,0,14,6,0,99.99990000,999.99990000,33,9,0,99,0,0,1,0
40455,ARIZONA,AZ,1,0,2,1,0,AUTAUGA,17,8,August,2010,3,Tuesday,0,2,0,4,2,4589,36.31510000,-109.61316111,99,6,0,99,0,0,2,1
40456,ARIZONA,AZ,2,0,3,1,0,AUTAUGA,18,8,August,2010,4,Wednesday,19,13,0,3,3,4506,35.71796111,-109.47801667,12,6,0,99,0,0,2,0
40457,ARIZONA,AZ,1,0,2,9,0,BLOUNT,29,8,August,2010,1,Sunday,99,99,0,3,2,2790,33.27563611,-110.32841667,99,9,0,99,0,0,1,0
40459,ARIZONA,AZ,2,0,6,13,370,BOLLING,2,8,August,2010,2,Monday,18,8,0,13,6,0,33.64037778,-112.03951667,12,1,0,1,0,0,1,0
40460,ARIZONA,AZ,3,0,4,13,158,BOLLING,6,8,August,2010,6,Friday,15,52,0,15,6,0,33.61876111,-112.34208333,12,1,0,1,0,0,1,0
40462,ARIZONA,AZ,3,0,4,13,370,BOLLING,13,8,August,2010,6,Friday,18,23,0,13,6,0,33.49487778,-112.08240278,12,1,0,1,0,0,1,0
40463,ARIZONA,AZ,1,1,1,13,370,BOLLING,25,8,August,2010,4,Wednesday,20,52,0,14,6,0,33.54245556,-112.15145278,15,3,0,1,0,0,1,0
40464,ARIZONA,AZ,1,1,1,13,80,BOLLING,13,8,August,2010,6,Friday,22,11,0,14,6,0,33.32064444,-111.85057778,8,3,0,1,0,0,1,0
40465,ARIZONA,AZ,1,1,3,13,0,BOLLING,1,9,September,2010,4,Wednesday,19,41,0,14,6,0,33.43693889,-111.61109444,8,3,0,1,0,0,1,0
40466,ARIZONA,AZ,1,0,2,19,0,CEDAR BLUFF,2,9,September,2010,5,Thursday,3,11,0,14,9,0,99.99990000,999.99990000,1,3,0,1,0,0,1,1
40467,ARIZONA,AZ,1,0,2,5,0,BAKER HILL,2,9,September,2010,5,Thursday,14,19,1,1,1,2186,35.15873611,-111.28813889,1,1,0,1,0,0,1,0
40468,ARIZONA,AZ,1,0,1,23,447,BLADON SPRINGS,2,9,September,2010,5,Thursday,23,13,0,5,9,0,31.67153333,-110.59376944,1,3,0,1,0,0,1,1
40469,ARIZONA,AZ,1,1,1,17,565,CHAMBERS,6,9,September,2010,2,Monday,5,5,0,15,3,3359,33.80064722,-109.99469167,8,3,0,10,0,0,1,0
40470,ARIZONA,AZ,1,0,2,19,0,CEDAR BLUFF,6,9,September,2010,2,Monday,9,6,0,6,9,0,32.07064167,-110.65207500,32,1,0,1,0,0,1,0
40471,ARIZONA,AZ,1,0,2,25,0,BARLOW BEND,10,9,September,2010,6,Friday,16,47,0,6,8,0,99.99990000,999.99990000,1,1,0,1,0,0,1,1
40472,ARIZONA,AZ,2,0,4,13,490,BOLLING,11,9,September,2010,7,Saturday,3,3,0,13,6,0,33.42201389,-111.92161389,12,3,0,1,0,0,1,1
40473,ARIZONA,AZ,2,0,2,21,22,CHILTON,11,9,September,2010,7,Saturday,14,28,0,16,6,0,33.41151667,-111.52444722,12,1,0,1,0,0,1,0
40474,ARIZONA,AZ,2,0,2,15,0,ANNISTON,13,9,September,2010,2,Monday,20,7,1,1,1,205,36.96229444,-113.76053611,25,2,0,1,0,0,1,1
40475,ARIZONA,AZ,2,0,4,13,190,BOLLING,14,9,September,2010,3,Tuesday,18,22,0,15,6,0,33.36486389,-111.72187500,12,5,0,1,0,0,1,0
40476,ARIZONA,AZ,1,0,1,11,0,BULLOCK,15,9,September,2010,4,Wednesday,9,0,0,5,3,1683,33.05141667,-109.08599722,24,1,0,1,0,0,1,0
40477,ARIZONA,AZ,1,0,1,1,0,AUTAUGA,17,9,September,2010,6,Friday,18,17,0,4,3,3846,34.07217222,-109.48076389,1,5,0,1,0,0,1,0