ST_CASE,State Name,State Abbreviation,VE_TOTAL,Pedestrains,Total_Persons_in_accident,COUNTY,CITY,City_County_Name,Calendar_DAY,MONTH,Month_Name,YEAR,DAY_WEEK,Day_Week_desc,HOUR,MINUTE,NHS_Desc,trafficway,ROUTE,MILEPT,LATITUDE,LONGITUD,First_Crash_event,Light_cond_desc,Weather_condition,WEATHER,SCH_BUS,Crash_cause,FATALS,DRUNK_DR
40478,ARIZONA,AZ,1,0,2,17,0,CHAMBERS,19,9,September,2010,1,Sunday,8,18,0,6,9,0,35.03518056,-110.67584167,30,1,0,1,0,0,1,1
40479,ARIZONA,AZ,1,0,1,5,0,BAKER HILL,19,9,September,2010,1,Sunday,11,49,0,4,8,0,35.29807222,-111.33850556,1,1,0,1,0,0,1,0
40480,ARIZONA,AZ,5,0,7,13,370,BOLLING,19,9,September,2010,1,Sunday,13,32,1,12,3,40,33.50495278,-112.04320278,39,1,0,1,0,0,1,0
40481,ARIZONA,AZ,1,0,1,23,0,BLADON SPRINGS,20,9,September,2010,2,Monday,20,9,1,1,1,153,31.52414722,-111.02066667,1,3,0,2,0,0,1,0
40482,ARIZONA,AZ,2,0,2,13,370,BOLLING,21,9,September,2010,3,Tuesday,9,4,1,11,1,1387,33.46271944,-112.18554722,1,1,0,1,0,0,1,0
40483,ARIZONA,AZ,2,0,3,13,370,BOLLING,25,9,September,2010,7,Saturday,4,46,1,11,1,1504,33.42342778,-112.02281944,12,3,0,1,0,0,2,1
40484,ARIZONA,AZ,2,0,2,25,0,BARLOW BEND,25,9,September,2010,7,Saturday,12,48,1,2,2,1935,34.02525833,-112.80894722,12,1,0,1,0,0,1,0
40488,ARIZONA,AZ,1,0,3,13,0,BOLLING,29,9,September,2010,4,Wednesday,14,3,1,1,1,893,33.51223333,-113.01894722,1,1,0,1,0,0,1,0
40489,ARIZONA,AZ,1,1,1,19,530,CEDAR BLUFF,29,9,September,2010,4,Wednesday,19,20,0,14,6,0,32.15002222,-110.97758333,8,3,0,1,0,0,1,0
40490,ARIZONA,AZ,1,0,3,3,0,BALDWIN,30,9,September,2010,5,Thursday,2,16,1,1,1,3899,32.23232222,-109.06991944,1,2,0,1,0,0,1,0
40491,ARIZONA,AZ,1,1,1,13,370,BOLLING,5,8,August,2010,5,Thursday,18,27,0,14,6,0,33.65461389,-112.09151389,9,1,0,1,0,0,1,0
40492,ARIZONA,AZ,1,0,3,13,370,BOLLING,20,8,August,2010,6,Friday,21,29,0,5,6,0,33.85930000,-112.19332222,17,2,0,1,0,0,2,0
40493,ARIZONA,AZ,1,0,1,19,0,CEDAR BLUFF,12,9,September,2010,1,Sunday,99,99,0,5,8,0,32.26203889,-112.56447222,42,3,0,1,0,0,1,1
40494,ARIZONA,AZ,2,0,9,13,190,BOLLING,26,9,September,2010,1,Sunday,10,14,1,13,3,1707,33.36419167,-111.84185000,12,1,0,1,0,0,1,0
40495,ARIZONA,AZ,2,0,2,13,80,BOLLING,7,9,September,2010,3,Tuesday,11,22,0,13,6,0,33.32059722,-111.85913611,12,1,0,1,0,0,1,0
40496,ARIZONA,AZ,1,0,3,15,104,ANNISTON,2,10,October,2010,7,Saturday,23,5,0,6,6,0,36.99732500,-112.98470833,44,6,0,1,0,0,1,0
40497,ARIZONA,AZ,1,1,1,19,295,CEDAR BLUFF,3,10,October,2010,1,Sunday,3,15,1,1,1,2376,32.45029722,-111.20000556,8,3,0,2,0,0,1,0
40498,ARIZONA,AZ,1,0,2,25,0,BARLOW BEND,4,10,October,2010,2,Monday,12,27,1,1,1,1460,35.21978611,-112.47865278,1,1,0,2,0,0,1,0
40499,ARIZONA,AZ,2,0,3,9,0,BLOUNT,4,10,October,2010,2,Monday,12,28,0,3,2,3494,32.79210833,-109.55085833,12,1,0,1,0,0,1,0
40500,ARIZONA,AZ,1,0,1,17,0,CHAMBERS,5,10,October,2010,3,Tuesday,12,50,1,2,3,3098,34.39357778,-110.52155000,24,1,0,10,0,0,1,0
40501,ARIZONA,AZ,1,0,1,13,80,BOLLING,5,10,October,2010,3,Tuesday,15,26,1,12,3,550,33.29495278,-111.95951944,20,1,3,3,0,0,1,0
40502,ARIZONA,AZ,1,0,1,21,0,CHILTON,8,10,October,2010,6,Friday,16,0,1,1,1,2289,32.54423333,-111.29836944,38,1,0,1,0,0,1,0
40504,ARIZONA,AZ,1,0,2,15,0,ANNISTON,9,10,October,2010,7,Saturday,13,30,0,6,4,0,34.61954167,-113.43362222,1,1,0,1,0,0,1,1
40505,ARIZONA,AZ,1,0,1,19,0,CEDAR BLUFF,10,10,October,2010,1,Sunday,17,5,0,4,3,475,31.86183611,-110.69110833,24,1,0,1,0,0,1,1
40506,ARIZONA,AZ,1,0,1,23,0,BLADON SPRINGS,12,10,October,2010,3,Tuesday,5,35,0,4,3,429,31.72398056,-110.48932222,52,2,0,1,0,0,1,0
40508,ARIZONA,AZ,1,0,2,15,0,ANNISTON,15,10,October,2010,6,Friday,14,54,1,1,1,887,35.19246667,-113.41707778,1,1,0,10,0,0,1,0
40509,ARIZONA,AZ,1,0,2,9,0,BLOUNT,15,10,October,2010,6,Friday,18,15,0,3,2,1362,32.82472222,-109.46598333,1,3,0,1,0,0,1,0
40510,ARIZONA,AZ,2,0,2,13,220,BOLLING,16,10,October,2010,7,Saturday,0,31,0,15,6,0,33.49370000,-112.44409167,12,2,0,1,0,0,1,1
40512,ARIZONA,AZ,2,0,3,25,0,BARLOW BEND,17,10,October,2010,1,Sunday,10,5,1,2,2,1884,34.07229167,-112.87710000,12,1,0,1,0,0,1,0
40513,ARIZONA,AZ,1,0,1,7,0,BIBB,19,10,October,2010,3,Tuesday,99,99,0,4,3,2620,34.31965000,-111.41479167,31,9,0,99,0,0,1,0
40514,ARIZONA,AZ,1,0,1,21,0,CHILTON,20,10,October,2010,4,Wednesday,10,16,0,3,3,993,32.64636944,-111.02145000,41,1,0,1,0,0,1,0
40515,ARIZONA,AZ,1,0,2,25,0,BARLOW BEND,20,10,October,2010,4,Wednesday,17,10,0,4,3,2425,34.50932222,-111.55491944,1,1,2,3,0,0,1,0
40516,ARIZONA,AZ,1,0,1,13,490,BOLLING,21,10,October,2010,5,Thursday,2,32,1,12,2,1760,33.38929444,-111.89066667,25,3,0,2,0,0,1,1
40517,ARIZONA,AZ,1,0,2,13,190,BOLLING,23,10,October,2010,7,Saturday,1,26,0,15,6,0,33.31430556,-111.70396944,43,3,0,1,0,0,1,1
40518,ARIZONA,AZ,1,1,1,13,290,BOLLING,26,10,October,2010,3,Tuesday,18,16,0,15,6,0,33.43733056,-111.76232500,9,3,0,1,0,0,1,0
40519,ARIZONA,AZ,2,0,2,13,290,BOLLING,28,10,October,2010,5,Thursday,0,0,1,12,3,145,33.46529722,-111.82273056,12,3,0,1,0,0,1,1
40520,ARIZONA,AZ,1,2,2,21,70,CHILTON,28,10,October,2010,5,Thursday,7,33,0,14,6,0,32.92344722,-111.75676111,8,4,0,1,0,0,1,0
40521,ARIZONA,AZ,2,0,3,19,0,CEDAR BLUFF,29,10,October,2010,6,Friday,10,47,1,1,1,508,32.01812222,-110.99223333,12,1,0,1,0,0,2,0
40522,ARIZONA,AZ,1,1,1,13,490,BOLLING,29,10,October,2010,6,Friday,18,5,0,13,6,0,33.42205833,-111.89375278,8,5,0,1,0,0,1,0
40523,ARIZONA,AZ,1,0,1,13,370,BOLLING,30,10,October,2010,7,Saturday,6,19,1,11,1,1392,33.46303611,-112.17699444,57,4,0,1,0,0,1,1
40524,ARIZONA,AZ,1,0,1,13,220,BOLLING,30,10,October,2010,7,Saturday,8,57,0,5,6,0,33.37463056,-112.40010278,41,3,0,10,0,0,1,0
40525,ARIZONA,AZ,1,1,2,13,190,BOLLING,22,10,October,2010,6,Friday,20,52,1,12,3,409,33.30528611,-111.73941667,8,3,0,1,0,0,1,0
40526,ARIZONA,AZ,2,1,11,13,370,BOLLING,6,8,August,2010,6,Friday,15,32,0,16,6,0,33.47672778,-112.02155833,12,1,0,10,0,0,2,0
40527,ARIZONA,AZ,1,1,1,19,530,CEDAR BLUFF,5,9,September,2010,1,Sunday,21,41,1,11,1,603,32.15532778,-110.98651944,8,2,0,1,0,0,1,0
40528,ARIZONA,AZ,1,1,2,13,370,BOLLING,12,8,August,2010,5,Thursday,21,17,0,13,6,0,33.50945000,-112.12166667,8,3,0,1,0,0,1,0
40529,ARIZONA,AZ,1,1,1,13,370,BOLLING,14,8,August,2010,7,Saturday,21,15,0,14,6,0,33.47817500,-112.20329167,8,3,0,1,0,0,1,0
40530,ARIZONA,AZ,1,1,2,21,0,CHILTON,17,8,August,2010,3,Tuesday,16,41,0,6,9,0,33.24863056,-111.52239444,8,1,0,1,0,0,1,0
40531,ARIZONA,AZ,3,1,3,13,370,BOLLING,17,8,August,2010,3,Tuesday,22,9,0,13,6,0,33.50941111,-112.08249722,8,3,0,2,0,0,1,0
40532,ARIZONA,AZ,1,0,1,13,200,BOLLING,20,8,August,2010,6,Friday,22,15,0,13,6,0,33.59278333,-112.16867778,33,3,0,1,0,0,1,1
40533,ARIZONA,AZ,2,0,4,19,530,CEDAR BLUFF,21,8,August,2010,7,Saturday,12,46,0,14,3,1699,32.17788611,-111.01158889,12,1,0,1,0,0,1,0
40534,ARIZONA,AZ,1,0,3,5,0,BAKER HILL,23,8,August,2010,2,Monday,18,30,0,6,9,0,99.99990000,999.99990000,42,9,0,99,0,0,1,0
40535,ARIZONA,AZ,1,1,2,21,0,CHILTON,26,8,August,2010,5,Thursday,6,38,0,6,6,0,33.18415000,-111.57851667,8,1,0,1,0,0,1,0
40536,ARIZONA,AZ,2,0,5,13,420,BOLLING,26,8,August,2010,5,Thursday,20,23,1,12,3,346,33.65778611,-111.92399167,25,3,0,1,0,0,1,0
40537,ARIZONA,AZ,2,0,2,25,373,BARLOW BEND,27,8,August,2010,6,Friday,17,48,0,16,9,0,34.59582222,-112.32727778,12,1,0,1,0,0,1,0
40538,ARIZONA,AZ,1,1,1,13,370,BOLLING,29,8,August,2010,1,Sunday,0,23,0,13,6,0,33.51197500,-112.13421667,8,3,0,1,0,0,1,0
40539,ARIZONA,AZ,1,0,1,13,200,BOLLING,30,8,August,2010,2,Monday,1,58,0,13,6,0,33.58190833,-112.16248056,33,3,0,1,0,0,1,1
40540,ARIZONA,AZ,2,0,2,19,0,CEDAR BLUFF,2,9,September,2010,5,Thursday,9,30,0,5,8,0,31.63443611,-111.77464444,12,1,0,1,0,0,1,1
40541,ARIZONA,AZ,1,1,1,1,0,AUTAUGA,2,9,September,2010,5,Thursday,99,99,0,4,8,0,99.99990000,999.99990000,8,9,0,99,0,0,1,0
40543,ARIZONA,AZ,2,0,2,19,530,CEDAR BLUFF,2,9,September,2010,5,Thursday,99,99,0,14,6,0,32.28683333,-110.99509722,12,1,0,1,0,0,1,0
40544,ARIZONA,AZ,1,0,2,17,0,CHAMBERS,3,9,September,2010,6,Friday,12,40,0,6,9,0,99.99990000,999.99990000,1,1,0,99,0,0,1,0
40545,ARIZONA,AZ,3,0,7,13,370,BOLLING,4,9,September,2010,7,Saturday,14,41,1,11,1,1402,33.46223333,-112.15971944,12,1,0,1,0,0,2,0
40546,ARIZONA,AZ,1,0,5,7,0,BIBB,4,9,September,2010,7,Saturday,15,10,0,5,8,0,99.99990000,999.99990000,1,1,0,99,0,0,2,1
40547,ARIZONA,AZ,1,1,1,19,295,CEDAR BLUFF,5,9,September,2010,1,Sunday,1,51,0,4,9,0,32.46043056,-111.25130278,8,6,0,98,0,0,1,0
40548,ARIZONA,AZ,1,0,4,21,297,CHILTON,5,9,September,2010,1,Sunday,21,34,0,6,8,0,33.05723333,-111.94467500,34,2,0,1,0,0,1,0
40549,ARIZONA,AZ,1,1,2,17,240,CHAMBERS,5,9,September,2010,1,Sunday,19,31,0,6,6,0,34.90893333,-110.15803889,8,3,0,1,0,0,1,0
40550,ARIZONA,AZ,1,0,1,13,370,BOLLING,10,9,September,2010,6,Friday,10,30,0,13,6,0,33.43499444,-112.08255000,30,1,0,1,0,0,1,0
40551,ARIZONA,AZ,2,0,3,13,490,BOLLING,11,9,September,2010,7,Saturday,3,5,0,13,6,0,33.42201389,-111.92161389,12,3,0,1,0,0,1,1
40552,ARIZONA,AZ,1,0,1,1,0,AUTAUGA,15,9,September,2010,4,Wednesday,18,42,0,3,2,4520,36.21788889,-109.60315000,99,6,0,99,0,0,1,0
40553,ARIZONA,AZ,1,1,1,5,170,BAKER HILL,16,9,September,2010,5,Thursday,16,34,0,14,6,0,35.18411111,-111.66846944,9,1,0,1,0,0,1,0
40554,ARIZONA,AZ,2,0,4,13,200,BOLLING,19,9,September,2010,1,Sunday,21,12,0,13,6,0,33.52407222,-112.18629722,12,3,0,1,0,0,1,2
40555,ARIZONA,AZ,1,1,4,19,0,CEDAR BLUFF,19,9,September,2010,1,Sunday,0,19,0,6,8,0,32.11167222,-111.07008889,8,2,0,1,0,0,1,1
40556,ARIZONA,AZ,1,1,1,5,528,BAKER HILL,23,9,September,2010,5,Thursday,10,9,0,6,6,0,99.99990000,999.99990000,8,1,0,99,0,0,1,0
40557,ARIZONA,AZ,1,0,2,13,370,BOLLING,24,9,September,2010,6,Friday,2,48,0,15,6,0,33.36880000,-112.10041944,42,2,0,1,0,0,1,1
40558,ARIZONA,AZ,3,0,4,19,355,CEDAR BLUFF,25,9,September,2010,7,Saturday,12,38,0,13,6,0,32.42731944,-110.94683889,12,1,0,1,0,0,1,1
40559,ARIZONA,AZ,1,0,3,13,370,BOLLING,26,9,September,2010,1,Sunday,3,54,0,14,6,0,33.52393611,-112.14779722,33,3,0,1,0,0,1,0
40560,ARIZONA,AZ,1,0,2,21,110,CHILTON,27,9,September,2010,2,Monday,14,13,0,14,9,0,32.97252778,-111.48136111,3,1,0,99,0,0,1,0
40561,ARIZONA,AZ,1,1,1,21,0,CHILTON,27,9,September,2010,2,Monday,19,58,0,6,8,0,33.03046944,-111.62072222,8,2,0,1,0,0,1,0
40562,ARIZONA,AZ,3,0,10,19,530,CEDAR BLUFF,29,9,September,2010,4,Wednesday,20,57,0,14,6,0,32.14890278,-110.90920000,12,3,0,1,0,0,1,0
40563,ARIZONA,AZ,2,0,3,1,470,AUTAUGA,29,9,September,2010,4,Wednesday,16,19,1,2,2,99999,34.13281667,-109.27550278,12,1,0,1,0,0,1,1
40564,ARIZONA,AZ,1,0,1,3,50,BALDWIN,30,9,September,2010,5,Thursday,0,3,0,16,6,0,31.44123611,-109.91746111,33,6,0,1,0,0,1,1
40565,ARIZONA,AZ,1,0,1,5,0,BAKER HILL,1,10,October,2010,6,Friday,3,40,1,2,2,4749,35.99112222,-111.39307222,1,2,0,99,0,0,1,0
40567,ARIZONA,AZ,1,0,1,21,0,CHILTON,1,10,October,2010,6,Friday,12,2,0,6,9,0,32.95846389,-111.37149722,42,1,0,1,0,0,1,0
40568,ARIZONA,AZ,1,0,3,1,0,AUTAUGA,2,10,October,2010,7,Saturday,12,4,0,6,8,0,99.99990000,999.99990000,99,1,0,99,0,0,2,0
40569,ARIZONA,AZ,2,0,2,19,0,CEDAR BLUFF,3,10,October,2010,1,Sunday,11,44,0,14,6,0,32.23573611,-110.77268333,12,1,0,1,0,0,1,1
40570,ARIZONA,AZ,1,1,1,1,0,AUTAUGA,3,10,October,2010,1,Sunday,99,99,0,6,9,0,99.99990000,999.99990000,8,6,0,99,0,0,1,0
40571,ARIZONA,AZ,4,0,8,13,370,BOLLING,4,10,October,2010,2,Monday,19,45,1,11,1,2060,33.53982500,-112.11223333,12,3,0,1,0,0,1,0
40573,ARIZONA,AZ,2,0,2,13,370,BOLLING,6,10,October,2010,4,Wednesday,18,42,0,16,6,0,33.77673056,-112.11231667,12,3,0,1,0,0,1,0
40574,ARIZONA,AZ,2,0,5,19,530,CEDAR BLUFF,10,10,October,2010,1,Sunday,0,38,1,12,6,0,32.19803889,-110.92715278,12,3,0,1,0,0,1,1
40575,ARIZONA,AZ,4,0,7,13,80,BOLLING,12,10,October,2010,3,Tuesday,10,40,0,13,3,1687,33.33481667,-111.84175000,12,1,0,1,0,0,1,1
40576,ARIZONA,AZ,1,1,1,19,530,CEDAR BLUFF,13,10,October,2010,4,Wednesday,5,50,0,15,6,0,32.27886111,-110.96110000,8,2,0,1,0,0,1,0
40577,ARIZONA,AZ,1,0,6,21,70,CHILTON,13,10,October,2010,4,Wednesday,15,40,0,13,6,0,32.87331667,-111.75684444,33,1,0,1,0,0,4,0
40578,ARIZONA,AZ,1,1,1,13,200,BOLLING,13,10,October,2010,4,Wednesday,17,20,0,13,6,0,33.63830556,-112.20015000,8,1,0,1,0,0,1,0
40580,ARIZONA,AZ,1,0,1,19,530,CEDAR BLUFF,17,10,October,2010,1,Sunday,15,21,0,16,6,0,32.16878056,-110.96167500,33,1,0,10,0,0,1,1
40581,ARIZONA,AZ,1,1,1,13,370,BOLLING,19,10,October,2010,3,Tuesday,18,22,0,14,6,0,33.49132222,-112.15166667,8,3,0,10,0,0,1,0
40582,ARIZONA,AZ,2,0,2,21,0,CHILTON,21,10,October,2010,5,Thursday,18,16,0,6,9,0,32.56243056,-110.51613056,12,5,0,1,0,0,1,0
40583,ARIZONA,AZ,1,1,1,19,0,CEDAR BLUFF,19,10,October,2010,3,Tuesday,23,2,0,3,3,651,32.20565556,-112.56368333,8,2,0,10,0,0,1,0
40584,ARIZONA,AZ,1,1,1,13,368,BOLLING,29,10,October,2010,6,Friday,22,49,0,14,6,0,33.60813333,-112.23759444,8,3,0,1,0,0,1,0
40585,ARIZONA,AZ,2,0,3,13,0,BOLLING,31,10,October,2010,1,Sunday,11,3,0,14,6,0,33.64656944,-112.27703889,12,1,0,1,0,0,1,0
40586,ARIZONA,AZ,1,1,1,13,370,BOLLING,25,10,October,2010,2,Monday,21,17,0,14,6,0,33.34893889,-111.98123611,8,3,0,1,0,0,1,0
40587,ARIZONA,AZ,2,1,5,13,339,BOLLING,2,11,November,2010,3,Tuesday,17,42,0,15,6,0,33.51231389,-111.94330833,12,1,0,1,0,0,1,0
40590,ARIZONA,AZ,1,1,1,13,420,BOLLING,5,11,November,2010,6,Friday,18,14,1,12,7,390,33.61837222,-111.89075278,9,3,0,1,0,0,1,0
40591,ARIZONA,AZ,1,1,1,13,370,BOLLING,5,11,November,2010,6,Friday,21,12,0,13,6,0,33.53849167,-112.13747500,8,3,0,1,0,0,1,0
40593,ARIZONA,AZ,1,0,1,19,355,CEDAR BLUFF,9,11,November,2010,3,Tuesday,13,25,0,14,6,0,32.45823889,-110.97073333,33,1,0,1,0,0,1,0
40594,ARIZONA,AZ,2,0,2,19,295,CEDAR BLUFF,11,11,November,2010,5,Thursday,7,6,1,1,1,2418,32.41151111,-111.14645833,12,1,0,1,0,0,1,0
40595,ARIZONA,AZ,2,0,4,13,370,BOLLING,11,11,November,2010,5,Thursday,21,30,1,11,1,2108,33.60869722,-112.11655556,59,3,0,1,0,0,1,0
40596,ARIZONA,AZ,1,0,1,25,0,BARLOW BEND,12,11,November,2010,6,Friday,10,38,1,1,1,2600,34.29191111,-112.12379167,41,1,0,1,0,0,1,0
40597,ARIZONA,AZ,1,0,1,13,490,BOLLING,11,11,November,2010,5,Thursday,21,40,1,12,2,1760,33.38368611,-111.89125000,39,3,0,1,0,0,1,0
40598,ARIZONA,AZ,2,0,2,13,370,BOLLING,13,11,November,2010,7,Saturday,8,9,1,11,1,2131,33.64196111,-112.11563056,14,1,0,1,0,0,1,0
40599,ARIZONA,AZ,1,1,1,13,370,BOLLING,14,11,November,2010,1,Sunday,99,99,0,14,6,0,33.41330000,-112.04705000,8,3,0,1,0,0,1,0
40600,ARIZONA,AZ,1,1,1,13,370,BOLLING,14,11,November,2010,1,Sunday,4,34,0,14,6,0,33.45107778,-111.97695833,9,3,0,1,0,0,1,1
40601,ARIZONA,AZ,1,0,4,17,0,CHAMBERS,14,11,November,2010,1,Sunday,14,2,0,4,8,0,99.99990000,999.99990000,5,1,0,1,0,0,1,0
40602,ARIZONA,AZ,1,0,2,5,0,BAKER HILL,14,11,November,2010,1,Sunday,18,43,0,4,3,2744,34.43667778,-111.49985556,1,2,0,1,0,0,2,0
40603,ARIZONA,AZ,2,0,3,13,510,BOLLING,15,11,November,2010,2,Monday,20,2,1,11,1,1345,33.46204722,-112.25833056,12,3,0,1,0,0,1,0
40605,ARIZONA,AZ,1,0,1,25,0,BARLOW BEND,18,11,November,2010,5,Thursday,12,31,0,4,3,2748,34.20006111,-112.76278333,58,1,0,1,0,0,1,0
40607,ARIZONA,AZ,2,0,4,17,489,CHAMBERS,20,11,November,2010,7,Saturday,13,53,1,2,3,99999,99.99990000,999.99990000,12,1,0,1,0,0,1,1
40608,ARIZONA,AZ,2,0,3,13,0,BOLLING,23,11,November,2010,3,Tuesday,19,56,1,2,3,1958,33.59195556,-111.59543611,12,2,0,10,0,0,1,0
40609,ARIZONA,AZ,3,0,7,13,60,BOLLING,24,11,November,2010,4,Wednesday,19,50,1,11,1,1173,33.44637222,-112.55181389,12,3,0,1,0,0,2,0
40610,ARIZONA,AZ,1,0,1,17,0,CHAMBERS,25,11,November,2010,5,Thursday,8,32,0,4,3,198,34.70373333,-110.30212500,1,1,0,1,0,0,1,0
40611,ARIZONA,AZ,2,0,2,13,0,BOLLING,25,11,November,2010,5,Thursday,15,22,1,1,1,1031,33.46379444,-112.78740278,12,1,0,1,0,0,1,0
40613,ARIZONA,AZ,1,0,2,25,0,BARLOW BEND,26,11,November,2010,6,Friday,12,2,0,4,3,3309,34.66979167,-112.21148333,1,1,0,1,0,0,1,0
40614,ARIZONA,AZ,1,0,1,13,370,BOLLING,26,11,November,2010,6,Friday,16,34,0,13,6,0,33.59124167,-112.04338056,1,1,0,1,0,0,1,0
40615,ARIZONA,AZ,3,0,3,13,420,BOLLING,28,11,November,2010,1,Sunday,17,33,0,13,6,0,33.58249722,-111.81337500,12,5,0,1,0,0,1,1
40616,ARIZONA,AZ,1,0,1,1,0,AUTAUGA,29,11,November,2010,2,Monday,16,16,1,2,2,3904,34.13270000,-109.24066389,1,1,0,1,0,0,1,1
40617,ARIZONA,AZ,2,0,3,5,0,BAKER HILL,29,11,November,2010,2,Monday,22,37,1,2,2,4684,35.89757778,-111.40585278,12,2,0,1,0,0,1,1
40618,ARIZONA,AZ,1,0,5,19,530,CEDAR BLUFF,6,11,November,2010,7,Saturday,99,99,1,1,1,2744,32.07088889,-110.78875000,1,2,0,1,0,0,2,0
40619,ARIZONA,AZ,1,0,2,19,0,CEDAR BLUFF,9,11,November,2010,3,Tuesday,19,15,0,3,3,1578,32.12279444,-111.20111111,1,2,0,1,0,0,1,0
40620,ARIZONA,AZ,1,0,3,19,0,CEDAR BLUFF,7,11,November,2010,1,Sunday,1,0,0,5,8,0,31.63866944,-111.77353611,42,2,0,1,0,0,1,1
40621,ARIZONA,AZ,2,0,6,19,530,CEDAR BLUFF,19,11,November,2010,6,Friday,6,0,0,15,6,0,32.11918889,-111.02129722,12,2,0,1,0,0,1,0
40622,ARIZONA,AZ,1,1,2,1,0,AUTAUGA,23,11,November,2010,3,Tuesday,17,44,0,6,8,0,36.60695000,-109.04755278,8,2,0,7,0,0,1,0
40623,ARIZONA,AZ,2,0,3,13,0,BOLLING,16,11,November,2010,3,Tuesday,9,45,0,16,9,0,33.67211667,-112.34991389,12,1,0,1,0,0,1,0
40624,ARIZONA,AZ,2,0,2,13,486,BOLLING,30,11,November,2010,3,Tuesday,18,2,0,13,6,0,33.63845278,-112.33453333,1,5,0,1,0,0,1,0
40625,ARIZONA,AZ,1,0,3,13,368,BOLLING,5,11,November,2010,6,Friday,7,48,1,13,2,1488,33.59371389,-112.25968056,33,1,0,1,0,0,1,0
40626,ARIZONA,AZ,2,0,4,19,0,CEDAR BLUFF,3,12,December,2010,6,Friday,13,51,1,1,1,522,32.03844722,-110.99247778,12,1,0,1,0,0,1,0
40627,ARIZONA,AZ,3,0,6,13,290,BOLLING,4,12,December,2010,7,Saturday,12,30,1,12,2,1860,33.38662222,-111.72608889,12,1,0,1,0,0,1,0
40628,ARIZONA,AZ,2,0,2,1,0,AUTAUGA,6,12,December,2010,2,Monday,7,19,1,2,2,3617,34.27209444,-109.68613889,12,1,0,1,0,0,1,0
40629,ARIZONA,AZ,1,1,1,1,0,AUTAUGA,6,12,December,2010,2,Monday,20,0,1,2,2,4492,36.96030833,-109.36615556,8,2,0,1,0,0,1,0
40630,ARIZONA,AZ,1,0,1,21,0,CHILTON,8,12,December,2010,4,Wednesday,16,56,1,1,1,1732,33.14821944,-111.86559444,24,1,0,1,0,0,1,0
40631,ARIZONA,AZ,2,0,4,13,370,BOLLING,9,12,December,2010,5,Thursday,20,8,1,12,3,200,33.66847222,-112.17254167,12,3,0,1,0,0,2,1
40632,ARIZONA,AZ,1,0,3,17,0,CHAMBERS,11,12,December,2010,7,Saturday,3,33,1,1,1,2744,34.95678611,-110.35688056,1,2,0,1,0,0,1,1
40633,ARIZONA,AZ,1,0,1,19,530,CEDAR BLUFF,11,12,December,2010,7,Saturday,4,32,1,11,7,2705,32.10333611,-110.84363333,38,2,0,1,0,0,1,1
40634,ARIZONA,AZ,1,0,4,12,0,BOUSE,11,12,December,2010,7,Saturday,12,1,1,1,1,586,33.59706944,-113.54123056,41,1,0,1,0,0,1,0
40635,ARIZONA,AZ,1,0,1,13,370,BOLLING,12,12,December,2010,1,Sunday,16,35,1,12,3,320,33.66629167,-111.95611667,30,1,0,1,0,0,1,0
40636,ARIZONA,AZ,1,0,2,13,290,BOLLING,14,12,December,2010,3,Tuesday,2,48,1,12,2,1814,33.38605833,-111.80576667,52,3,0,1,0,0,1,1
40638,ARIZONA,AZ,2,0,2,21,160,CHILTON,15,12,December,2010,4,Wednesday,20,31,0,6,6,0,32.65032500,-111.55133333,12,2,0,1,0,0,1,1
40639,ARIZONA,AZ,1,0,2,7,365,BIBB,17,12,December,2010,6,Friday,19,31,0,4,3,2595,34.31746111,-111.37465833,1,2,0,1,0,0,1,0
40640,ARIZONA,AZ,1,0,1,19,530,CEDAR BLUFF,19,11,November,2010,6,Friday,4,55,0,4,9,0,32.19280556,-111.10427778,33,2,0,1,0,0,1,1
40641,ARIZONA,AZ,1,1,1,13,420,BOLLING,19,12,December,2010,1,Sunday,19,59,0,13,6,0,33.46589722,-111.90707222,8,3,0,1,0,0,1,0
40642,ARIZONA,AZ,1,0,7,23,17,BLADON SPRINGS,20,12,December,2010,2,Monday,16,54,1,1,1,285,31.70563333,-111.06515556,1,1,0,1,0,0,1,0
40643,ARIZONA,AZ,2,0,3,15,0,ANNISTON,24,12,December,2010,6,Friday,9,4,1,1,1,890,35.19484444,-113.41272778,12,1,0,10,0,0,2,0
40645,ARIZONA,AZ,2,0,2,11,0,BULLOCK,25,12,December,2010,7,Saturday,15,37,0,4,2,1568,32.97516667,-109.24640833,52,1,0,1,0,0,1,0
40646,ARIZONA,AZ,1,1,2,21,70,CHILTON,25,12,December,2010,7,Saturday,19,56,0,15,6,0,32.85046944,-111.67111944,8,2,0,1,0,0,1,0
40647,ARIZONA,AZ,1,1,1,19,530,CEDAR BLUFF,26,12,December,2010,1,Sunday,18,57,1,13,6,0,32.32318333,-110.99273889,8,2,0,1,0,0,1,1
40648,ARIZONA,AZ,3,0,4,19,295,CEDAR BLUFF,28,12,December,2010,3,Tuesday,12,29,1,11,7,99998,32.33786389,-111.06765278,33,1,0,1,0,0,1,1
40649,ARIZONA,AZ,3,0,9,13,0,BOLLING,28,12,December,2010,3,Tuesday,16,2,1,1,1,1037,33.46154167,-112.77736389,12,1,0,1,0,0,1,0