ST_CASE,State Name,State Abbreviation,VE_TOTAL,Pedestrains,Total_Persons_in_accident,COUNTY,CITY,City_County_Name,Calendar_DAY,MONTH,Month_Name,YEAR,DAY_WEEK,Day_Week_desc,HOUR,MINUTE,NHS_Desc,trafficway,ROUTE,MILEPT,LATITUDE,LONGITUD,First_Crash_event,Light_cond_desc,Weather_condition,WEATHER,SCH_BUS,Crash_cause,FATALS,DRUNK_DR
40650,ARIZONA,AZ,3,0,4,13,420,BOLLING,28,12,December,2010,3,Tuesday,23,57,0,13,6,0,33.48037778,-111.89953333,12,3,0,10,0,0,1,0
40652,ARIZONA,AZ,2,1,5,3,431,BALDWIN,31,12,December,2010,6,Friday,21,57,0,13,3,3237,31.55463889,-110.24427222,8,2,0,1,0,0,1,0
40653,ARIZONA,AZ,1,1,2,13,370,BOLLING,17,11,November,2010,4,Wednesday,20,6,0,13,6,0,33.65089167,-112.06560000,8,3,0,1,0,0,1,0
40654,ARIZONA,AZ,1,0,3,13,370,BOLLING,2,12,December,2010,5,Thursday,0,43,0,16,6,0,33.41256389,-112.00426111,33,3,0,1,0,0,1,1
40655,ARIZONA,AZ,1,0,1,13,370,BOLLING,22,12,December,2010,4,Wednesday,21,31,0,13,6,0,33.52158889,-112.03005278,33,2,0,2,0,0,1,1
40656,ARIZONA,AZ,2,0,2,13,220,BOLLING,23,10,October,2010,7,Saturday,13,59,0,15,6,0,33.43544444,-112.37241389,12,1,0,1,0,0,1,0
40657,ARIZONA,AZ,1,0,1,19,0,CEDAR BLUFF,18,12,December,2010,7,Saturday,9,0,1,11,1,433,31.90688056,-110.98544722,1,1,0,1,0,0,1,0
40658,ARIZONA,AZ,2,0,3,13,370,BOLLING,21,10,October,2010,5,Thursday,7,20,0,13,6,0,33.52620833,-112.09969722,1,1,0,2,0,0,1,0
40659,ARIZONA,AZ,1,1,1,21,0,CHILTON,21,10,October,2010,5,Thursday,21,50,0,4,8,0,33.10951667,-111.73769444,8,2,0,1,0,0,1,0
40661,ARIZONA,AZ,2,0,2,13,370,BOLLING,26,10,October,2010,3,Tuesday,16,41,0,14,6,0,33.65510278,-112.02218056,12,1,0,1,0,0,1,0
40662,ARIZONA,AZ,1,1,1,13,370,BOLLING,26,10,October,2010,3,Tuesday,18,6,0,13,6,0,33.49486389,-112.19931944,9,3,0,1,0,0,1,0
40663,ARIZONA,AZ,1,1,1,13,200,BOLLING,27,10,October,2010,4,Wednesday,23,0,0,13,6,0,33.51927778,-112.18630000,8,2,0,1,0,0,1,0
40664,ARIZONA,AZ,1,0,4,15,260,ANNISTON,30,10,October,2010,7,Saturday,2,59,0,14,6,0,99.99990000,999.99990000,33,6,0,99,0,0,1,1
40665,ARIZONA,AZ,1,0,2,13,368,BOLLING,14,8,August,2010,7,Saturday,2,45,0,16,6,0,33.67266111,-112.26308611,33,3,0,1,0,0,1,1
40666,ARIZONA,AZ,1,0,1,13,80,BOLLING,25,11,November,2010,5,Thursday,3,2,0,14,6,0,33.29125278,-111.91117500,33,3,0,1,0,0,1,1
40667,ARIZONA,AZ,1,1,1,19,530,CEDAR BLUFF,15,12,December,2010,4,Wednesday,99,99,1,11,1,2617,32.18379444,-110.95678056,8,3,0,1,0,0,1,0
40668,ARIZONA,AZ,2,0,4,13,370,BOLLING,5,3,March,2010,6,Friday,2,10,1,11,1,1418,33.46293611,-112.13244167,12,3,0,1,0,0,1,0
40669,ARIZONA,AZ,2,0,4,19,530,CEDAR BLUFF,1,11,November,2010,2,Monday,6,10,0,14,6,0,32.26482222,-110.96100278,12,4,0,1,0,0,1,0
40670,ARIZONA,AZ,2,0,2,19,530,CEDAR BLUFF,4,11,November,2010,5,Thursday,10,37,0,14,6,0,32.25766944,-110.96098611,12,1,0,1,0,0,1,0
40671,ARIZONA,AZ,1,2,1,13,370,BOLLING,5,11,November,2010,6,Friday,0,16,0,13,6,0,33.49382500,-112.27076667,15,2,0,1,0,0,1,0
40672,ARIZONA,AZ,2,0,2,13,370,BOLLING,5,11,November,2010,6,Friday,8,16,0,15,6,0,33.37556667,-111.97841667,12,1,0,1,0,0,1,0
40673,ARIZONA,AZ,3,0,4,13,420,BOLLING,5,11,November,2010,6,Friday,18,51,0,13,6,0,33.65881667,-111.92553611,12,3,0,1,0,0,1,0
40674,ARIZONA,AZ,1,1,3,5,336,BAKER HILL,10,11,November,2010,4,Wednesday,17,55,0,15,6,0,36.90714722,-111.47546667,15,3,0,1,0,0,1,0
40675,ARIZONA,AZ,2,0,2,19,530,CEDAR BLUFF,11,11,November,2010,5,Thursday,13,28,1,13,6,0,32.19172500,-110.80508056,12,1,0,1,0,0,1,1
40676,ARIZONA,AZ,1,1,1,19,530,CEDAR BLUFF,15,11,November,2010,2,Monday,1,14,0,14,6,0,32.23595556,-111.01645278,8,2,0,1,0,0,1,0
40677,ARIZONA,AZ,1,1,1,13,370,BOLLING,16,11,November,2010,3,Tuesday,17,35,0,13,6,0,33.57636111,-112.06516389,8,5,0,1,0,0,1,0
40678,ARIZONA,AZ,3,0,5,13,370,BOLLING,16,11,November,2010,3,Tuesday,18,58,0,15,6,0,33.77743611,-111.97732222,12,3,0,1,0,0,1,1
40679,ARIZONA,AZ,2,0,2,13,370,BOLLING,17,11,November,2010,4,Wednesday,9,12,0,13,6,0,33.61064444,-112.15984722,12,1,0,1,0,0,1,0
40680,ARIZONA,AZ,1,1,1,13,510,BOLLING,17,11,November,2010,4,Wednesday,17,21,0,14,6,0,33.44739167,-112.25517222,8,3,0,1,0,0,1,0
40682,ARIZONA,AZ,1,0,1,13,368,BOLLING,20,11,November,2010,7,Saturday,99,99,0,5,9,0,33.81652222,-112.23821667,1,9,0,99,0,0,1,1
40683,ARIZONA,AZ,2,0,4,13,370,BOLLING,21,11,November,2010,1,Sunday,4,6,0,13,6,0,33.44931111,-112.16920833,12,3,0,1,0,0,2,1
40684,ARIZONA,AZ,1,0,4,13,0,BOLLING,21,11,November,2010,1,Sunday,18,27,0,16,6,0,33.35368056,-112.13499444,1,2,0,1,0,0,1,0
40685,ARIZONA,AZ,1,1,1,13,370,BOLLING,22,11,November,2010,2,Monday,16,12,0,13,6,0,33.54218056,-112.13432778,8,1,0,1,0,0,1,0
40686,ARIZONA,AZ,1,0,2,19,530,CEDAR BLUFF,22,11,November,2010,2,Monday,22,15,0,16,6,0,32.28995278,-110.98383333,33,3,0,1,0,0,1,1
40687,ARIZONA,AZ,1,1,2,13,370,BOLLING,23,11,November,2010,3,Tuesday,21,39,0,13,6,0,33.37775556,-112.06644722,8,3,0,1,0,0,1,0
40688,ARIZONA,AZ,1,0,2,19,530,CEDAR BLUFF,25,11,November,2010,5,Thursday,19,20,0,14,6,0,32.09040000,-110.92517778,1,2,0,1,0,0,1,1
40689,ARIZONA,AZ,1,1,3,13,370,BOLLING,12,12,December,2010,1,Sunday,18,11,0,13,6,0,33.48050556,-112.17430833,8,3,0,1,0,0,1,0
40690,ARIZONA,AZ,2,0,4,19,530,CEDAR BLUFF,1,12,December,2010,4,Wednesday,20,13,0,14,6,0,32.19957778,-110.99063611,12,3,0,1,0,0,1,1
40691,ARIZONA,AZ,2,0,4,19,530,CEDAR BLUFF,3,12,December,2010,6,Friday,16,48,0,14,6,0,32.23471944,-110.82388889,12,5,0,1,0,0,1,1
40692,ARIZONA,AZ,2,0,2,19,530,CEDAR BLUFF,7,12,December,2010,3,Tuesday,10,10,1,13,6,0,32.25056111,-110.91406111,12,1,0,1,0,0,1,0
40693,ARIZONA,AZ,2,0,4,19,530,CEDAR BLUFF,26,12,December,2010,1,Sunday,13,42,0,14,6,0,32.26479167,-110.95670000,12,1,0,1,0,0,1,0
40694,ARIZONA,AZ,1,1,1,19,530,CEDAR BLUFF,30,12,December,2010,5,Thursday,18,10,1,13,6,0,32.13399167,-110.96985556,8,3,0,10,0,0,1,0
40696,ARIZONA,AZ,2,0,2,13,370,BOLLING,26,11,November,2010,6,Friday,12,28,0,14,6,0,33.40672500,-112.07606389,12,1,0,1,0,0,1,0
40697,ARIZONA,AZ,2,0,4,13,370,BOLLING,26,11,November,2010,6,Friday,16,13,0,13,6,0,33.55707500,-112.13426944,12,1,0,1,0,0,1,0
40698,ARIZONA,AZ,2,0,3,1,0,AUTAUGA,29,11,November,2010,2,Monday,11,34,0,4,8,0,99.99990000,999.99990000,12,1,0,99,0,0,1,0
40699,ARIZONA,AZ,1,1,1,13,370,BOLLING,3,12,December,2010,6,Friday,19,40,0,14,6,0,33.43708889,-112.07904167,8,3,0,98,0,0,1,0
40700,ARIZONA,AZ,1,0,4,21,0,CHILTON,3,12,December,2010,6,Friday,18,16,0,6,6,0,33.20154722,-111.85358889,35,1,0,1,0,0,1,1
40701,ARIZONA,AZ,1,1,1,5,336,BAKER HILL,5,12,December,2010,1,Sunday,17,56,0,3,3,2978,36.89646667,-111.43623611,8,2,0,1,0,0,1,0
40702,ARIZONA,AZ,1,0,2,7,0,BIBB,8,12,December,2010,4,Wednesday,16,45,0,6,9,0,99.99990000,999.99990000,99,9,0,99,0,0,1,0
40703,ARIZONA,AZ,1,0,1,21,0,CHILTON,11,12,December,2010,7,Saturday,15,50,0,6,8,0,33.06572222,-111.92793889,1,1,0,1,0,0,1,0
40704,ARIZONA,AZ,1,1,1,3,40,BALDWIN,13,12,December,2010,2,Monday,19,53,0,6,6,0,31.97051389,-110.30750833,8,3,0,1,0,0,1,0
40705,ARIZONA,AZ,1,0,1,1,0,AUTAUGA,14,12,December,2010,3,Tuesday,99,99,0,6,8,0,99.99990000,999.99990000,1,9,0,99,0,0,1,0
40706,ARIZONA,AZ,1,1,1,17,0,CHAMBERS,15,12,December,2010,4,Wednesday,22,0,0,4,8,0,99.99990000,999.99990000,8,2,0,2,0,0,1,0
40707,ARIZONA,AZ,1,0,1,27,620,ASHLAND,15,12,December,2010,4,Wednesday,99,99,0,16,6,0,99.99990000,999.99990000,99,9,0,99,0,0,1,0
40708,ARIZONA,AZ,1,0,2,13,370,BOLLING,17,12,December,2010,6,Friday,3,29,0,13,6,0,33.59044722,-112.01314722,42,3,0,5,0,0,2,1
40709,ARIZONA,AZ,1,1,1,13,370,BOLLING,19,12,December,2010,1,Sunday,18,42,0,14,6,0,33.38100278,-112.04731944,8,3,0,1,0,0,1,0
40710,ARIZONA,AZ,1,1,1,13,200,BOLLING,22,12,December,2010,4,Wednesday,19,48,0,13,6,0,33.56828056,-112.18632222,8,3,0,2,0,0,1,0
40711,ARIZONA,AZ,1,1,1,13,200,BOLLING,23,12,December,2010,5,Thursday,14,56,0,13,6,0,33.63560000,-112.18605000,8,1,0,10,0,0,1,0
40712,ARIZONA,AZ,1,1,1,13,370,BOLLING,23,12,December,2010,5,Thursday,15,4,0,16,6,0,33.44768611,-112.14149167,9,1,0,1,0,0,1,0
40713,ARIZONA,AZ,1,1,1,17,0,CHAMBERS,5,8,August,2010,5,Thursday,99,99,0,3,3,3801,35.83313056,-110.52946667,8,9,0,99,0,0,1,0
40714,ARIZONA,AZ,1,0,2,1,0,AUTAUGA,25,9,September,2010,7,Saturday,99,99,0,6,8,0,99.99990000,999.99990000,1,9,0,99,0,0,1,0
40715,ARIZONA,AZ,1,2,1,13,370,BOLLING,25,12,December,2010,7,Saturday,2,36,0,14,6,0,33.46578889,-112.02943889,8,3,0,1,0,0,1,1
40716,ARIZONA,AZ,1,0,2,21,70,CHILTON,25,12,December,2010,7,Saturday,1,15,0,16,6,0,32.87652500,-111.75658889,10,3,0,1,0,0,1,1
40717,ARIZONA,AZ,1,0,2,21,25,CHILTON,26,12,December,2010,1,Sunday,3,0,0,6,6,0,99.99990000,999.99990000,1,6,0,99,0,0,1,1
40718,ARIZONA,AZ,1,0,1,13,370,BOLLING,27,12,December,2010,2,Monday,99,99,1,12,3,280,33.67126667,-112.03443611,99,9,0,99,0,0,1,0
40719,ARIZONA,AZ,1,1,1,13,370,BOLLING,28,12,December,2010,3,Tuesday,21,47,0,13,6,0,33.49510278,-112.01800556,8,3,0,1,0,0,1,0
40720,ARIZONA,AZ,1,0,1,19,530,CEDAR BLUFF,28,12,December,2010,3,Tuesday,99,99,0,16,6,0,99.99990000,999.99990000,42,6,0,99,0,0,1,0
40721,ARIZONA,AZ,1,0,1,13,370,BOLLING,30,12,December,2010,5,Thursday,21,1,0,16,6,0,33.64335000,-112.09579167,33,3,0,10,0,0,1,1
40722,ARIZONA,AZ,1,0,1,13,200,BOLLING,31,12,December,2010,6,Friday,23,1,1,12,7,0,33.65840556,-112.23285278,33,3,0,1,0,0,1,1
40723,ARIZONA,AZ,1,0,1,21,405,CHILTON,5,9,September,2010,1,Sunday,9,5,0,6,9,0,33.07265278,-111.74633056,30,1,0,1,0,0,1,1
40724,ARIZONA,AZ,1,0,2,1,0,AUTAUGA,28,9,September,2010,3,Tuesday,18,32,0,4,2,4565,36.28157500,-109.60250278,99,9,0,99,0,0,1,0
40725,ARIZONA,AZ,1,0,2,17,0,CHAMBERS,29,9,September,2010,4,Wednesday,12,0,0,4,8,0,99.99990000,999.99990000,99,1,0,99,0,0,1,0
40726,ARIZONA,AZ,1,0,1,21,0,CHILTON,7,12,December,2010,3,Tuesday,6,53,0,6,9,0,33.19368333,-111.86749167,1,1,0,1,0,0,1,0
40727,ARIZONA,AZ,2,0,3,13,370,BOLLING,27,9,September,2010,2,Monday,15,56,0,13,6,0,33.50924444,-112.04018056,12,1,0,1,0,0,1,0
50001,ARKANSAS,AR,1,0,2,149,0,BELLEVILLE,2,1,January,2010,7,Saturday,2,16,0,4,3,5,35.18057778,-93.14844167,43,6,0,1,0,0,1,1
50002,ARKANSAS,AR,1,0,1,51,0,CENTRAL,2,1,January,2010,7,Saturday,11,44,0,3,3,9,34.39798611,-93.10235000,42,1,0,1,0,0,1,0
50003,ARKANSAS,AR,2,0,2,19,0,CEDAR BLUFF,4,1,January,2010,2,Monday,4,26,1,1,1,538,33.89687778,-93.30597778,14,6,0,5,0,0,1,0
50004,ARKANSAS,AR,1,0,2,115,0,ASHVILLE,4,1,January,2010,2,Monday,12,43,0,6,4,0,35.32773056,-93.20556111,18,1,0,1,0,0,2,0
50005,ARKANSAS,AR,1,0,2,79,0,COURTLAND,6,1,January,2010,4,Wednesday,16,10,0,6,4,0,34.03564444,-91.89318889,35,1,0,1,0,0,1,0
50006,ARKANSAS,AR,1,0,1,45,0,ARITON,10,1,January,2010,1,Sunday,4,7,0,4,3,48,35.25788611,-92.36257500,42,6,0,1,0,0,1,1
50007,ARKANSAS,AR,1,0,1,23,1820,BLADON SPRINGS,10,1,January,2010,1,Sunday,15,50,0,14,3,23,35.49219444,-92.06783333,24,1,0,1,0,0,1,1
50008,ARKANSAS,AR,1,0,1,145,3530,BALD KNOB,11,1,January,2010,2,Monday,20,58,0,13,2,16,35.20912500,-91.73266389,32,6,0,1,0,99,1,0
50009,ARKANSAS,AR,1,0,1,35,0,BROOKLYN,12,1,January,2010,3,Tuesday,3,12,1,1,1,2726,35.14545833,-90.27088056,1,6,0,1,0,0,1,0
50010,ARKANSAS,AR,1,0,1,15,0,ANNISTON,13,1,January,2010,4,Wednesday,22,19,0,3,2,51,36.39461944,-93.69531111,34,6,0,1,0,0,1,1
50011,ARKANSAS,AR,1,0,1,83,0,ARDMORE,15,1,January,2010,6,Friday,10,24,0,3,3,79,35.29568889,-93.78049722,34,1,0,1,0,0,1,1
50012,ARKANSAS,AR,1,0,1,9,0,BLOUNT,15,1,January,2010,6,Friday,16,50,0,4,3,14,36.48191667,-93.19725833,32,1,0,1,0,0,1,1
50013,ARKANSAS,AR,1,0,1,149,0,BELLEVILLE,16,1,January,2010,7,Saturday,21,45,0,4,3,19,33.76960556,-93.83105278,34,6,0,2,0,0,1,0
50014,ARKANSAS,AR,1,0,4,131,1370,ARLINGTON,17,1,January,2010,1,Sunday,2,49,0,13,3,3,35.32923611,-94.42062500,46,6,0,8,0,0,4,1
50015,ARKANSAS,AR,1,0,1,145,0,BALD KNOB,17,1,January,2010,1,Sunday,3,33,0,4,3,36,35.27346111,-91.67850556,42,6,0,2,0,0,1,0
50016,ARKANSAS,AR,1,0,1,119,2880,BELLAMY,17,1,January,2010,1,Sunday,7,24,1,12,2,1,34.77997222,-92.23262778,21,1,0,1,0,0,1,1
50017,ARKANSAS,AR,2,0,2,45,860,ARITON,18,1,January,2010,2,Monday,9,18,0,14,3,3,35.11848611,-92.44718333,12,1,0,5,0,0,1,0
50018,ARKANSAS,AR,2,0,2,5,0,BAKER HILL,18,1,January,2010,2,Monday,16,37,0,3,3,168,36.32383889,-92.35330556,32,1,0,1,0,0,1,0
50019,ARKANSAS,AR,1,0,1,53,0,ATMORE,21,1,January,2010,5,Thursday,12,16,1,2,2,96,34.30281944,-92.39919167,35,1,0,1,0,0,1,0
50020,ARKANSAS,AR,2,0,2,69,0,ASHFORD,22,1,January,2010,6,Friday,13,53,0,6,4,0,34.22649444,-92.20003333,12,1,0,1,0,0,1,0
50021,ARKANSAS,AR,2,0,2,7,0,BIBB,28,1,January,2010,5,Thursday,8,22,0,3,3,178,36.26455278,-94.48061944,12,1,0,1,0,0,1,0
50022,ARKANSAS,AR,2,0,4,59,0,FRANKLIN,30,1,January,2010,7,Saturday,3,58,1,1,1,827,34.23603889,-93.00650000,12,6,0,3,0,0,1,0
50023,ARKANSAS,AR,2,0,2,127,0,BURNWELL,31,1,January,2010,1,Sunday,19,29,1,2,2,207,34.87776667,-94.09615278,12,2,0,1,0,0,1,1
50024,ARKANSAS,AR,1,0,1,113,0,COTTONTON,3,2,February,2010,4,Wednesday,12,22,1,2,2,170,34.39843056,-94.40440278,35,1,0,1,0,0,1,0
50025,ARKANSAS,AR,1,1,1,113,0,COTTONTON,3,2,February,2010,4,Wednesday,20,47,1,2,2,47,34.60329444,-94.20475833,8,6,0,10,0,0,1,0
50026,ARKANSAS,AR,2,0,2,37,0,BRADFORD,5,2,February,2010,6,Friday,11,18,0,3,2,43,35.24180000,-90.72567778,12,1,0,8,0,0,1,0
50027,ARKANSAS,AR,2,0,2,31,0,COFFEE,7,2,February,2010,1,Sunday,0,18,1,2,2,49,35.90674444,-90.81333056,12,2,0,10,0,0,1,1
50028,ARKANSAS,AR,1,1,1,119,2320,BELLAMY,10,2,February,2010,4,Wednesday,1,2,1,11,1,1343,34.69220833,-92.30403889,8,3,0,1,0,0,1,0
50029,ARKANSAS,AR,1,0,2,13,0,BOLLING,10,2,February,2010,4,Wednesday,14,55,0,4,3,13,33.79202222,-92.51421667,32,1,0,1,0,0,2,0
50030,ARKANSAS,AR,2,0,3,19,0,CEDAR BLUFF,14,2,February,2010,1,Sunday,6,0,1,1,1,630,33.99660278,-93.18407778,12,6,0,1,0,0,2,0
50031,ARKANSAS,AR,3,0,3,127,0,BURNWELL,15,2,February,2010,2,Monday,9,37,1,2,2,187,34.86037778,-94.07057500,12,1,0,1,0,0,1,1
50032,ARKANSAS,AR,1,0,1,15,0,ANNISTON,15,2,February,2010,2,Monday,0,0,1,2,2,132,36.20130833,-93.36846944,1,6,0,1,0,0,1,0
50033,ARKANSAS,AR,2,0,6,7,315,BIBB,16,2,February,2010,3,Tuesday,15,54,1,13,2,90,36.43832222,-94.23731111,12,1,0,1,0,0,2,0
50034,ARKANSAS,AR,1,0,1,119,2320,BELLAMY,17,2,February,2010,4,Wednesday,1,35,0,16,6,0,34.76788889,-92.31025000,42,3,0,1,0,0,1,1
50035,ARKANSAS,AR,1,1,1,75,0,BEAVERTON,18,2,February,2010,5,Thursday,1,15,1,2,2,84,36.00800556,-91.00387500,8,6,0,1,0,0,1,1
50036,ARKANSAS,AR,1,0,1,131,1370,ARLINGTON,19,2,February,2010,6,Friday,2,0,1,11,1,70,35.39233889,-94.36577778,23,6,0,1,0,0,1,1
50037,ARKANSAS,AR,1,0,1,61,0,BELLWOOD,21,2,February,2010,1,Sunday,4,4,0,3,3,35,33.87471944,-93.96461667,34,6,0,1,0,0,1,1
50038,ARKANSAS,AR,2,0,3,41,0,BRANTLEY,22,2,February,2010,2,Monday,5,5,1,2,2,40,33.92163889,-91.50976111,12,6,0,8,0,0,1,0
50039,ARKANSAS,AR,3,0,3,139,0,CALION,25,2,February,2010,5,Thursday,7,55,1,2,3,65,33.14879722,-92.52947222,12,1,0,1,0,0,1,0
50040,ARKANSAS,AR,2,0,4,113,1560,COTTONTON,26,2,February,2010,6,Friday,11,8,1,2,2,16,34.20456111,-94.31299167,12,1,0,4,0,0,2,0
50041,ARKANSAS,AR,1,0,3,9,0,BLOUNT,27,2,February,2010,7,Saturday,11,40,0,4,3,130,36.43826944,-93.04432778,35,1,0,1,0,0,1,0
50042,ARKANSAS,AR,2,0,3,115,2340,ASHVILLE,1,3,March,2010,2,Monday,6,20,1,1,1,768,35.32468333,-93.20738611,5,2,0,1,0,0,2,0
50043,ARKANSAS,AR,2,0,2,7,0,BIBB,1,3,March,2010,2,Monday,9,10,0,3,3,91,36.37869167,-94.44186667,12,1,0,1,0,0,1,0
50044,ARKANSAS,AR,2,0,2,27,2490,ASHLAND,3,3,March,2010,4,Wednesday,7,5,0,13,2,176,33.27873611,-93.21478889,12,1,0,1,0,0,1,0
50045,ARKANSAS,AR,2,0,2,119,2320,BELLAMY,3,3,March,2010,4,Wednesday,14,15,0,16,6,0,34.66275833,-92.36287500,12,1,0,1,0,0,1,0
50046,ARKANSAS,AR,1,0,2,53,3550,ATMORE,3,3,March,2010,4,Wednesday,20,2,0,4,3,176,34.29152778,-92.42518889,34,6,0,1,0,0,1,0
50047,ARKANSAS,AR,1,0,1,51,0,CENTRAL,5,3,March,2010,6,Friday,22,10,0,4,3,81,34.42144167,-93.02051111,34,6,0,1,0,0,1,1
50048,ARKANSAS,AR,1,0,1,45,0,ARITON,6,3,March,2010,7,Saturday,15,18,0,4,3,73,35.14693333,-92.23751944,34,1,0,1,0,0,1,1
50049,ARKANSAS,AR,2,0,2,125,0,BROOKWOOD,6,3,March,2010,7,Saturday,18,15,0,6,4,0,34.55635278,-92.65682500,12,6,0,1,0,0,1,1
50050,ARKANSAS,AR,2,0,2,31,2070,COFFEE,7,3,March,2010,1,Sunday,16,42,0,13,3,24,35.82102222,-90.65237778,7,1,0,1,0,0,1,0
50051,ARKANSAS,AR,1,0,1,93,0,BEAR CREEK,7,3,March,2010,1,Sunday,20,15,0,4,3,122,35.69961667,-90.17784167,32,6,0,1,0,0,1,1
50052,ARKANSAS,AR,2,0,2,103,0,DANVILLE,10,3,March,2010,4,Wednesday,15,35,0,14,3,34,33.53681667,-92.86874167,12,1,0,1,0,0,1,0
50053,ARKANSAS,AR,1,0,1,93,450,BEAR CREEK,12,3,March,2010,6,Friday,1,58,0,16,6,0,35.92188611,-89.90085000,10,6,0,2,0,0,1,1
50054,ARKANSAS,AR,2,0,3,7,3390,BIBB,14,3,March,2010,1,Sunday,21,50,1,11,1,793,36.27310000,-94.15034167,12,6,0,1,0,0,1,1
50055,ARKANSAS,AR,4,0,6,45,860,ARITON,15,3,March,2010,2,Monday,14,52,0,13,2,21,35.11406389,-92.48722222,12,1,0,1,0,0,1,0
50056,ARKANSAS,AR,2,0,2,145,0,BALD KNOB,17,3,March,2010,4,Wednesday,1,19,1,2,2,61,35.30349722,-91.62876667,12,6,0,1,0,0,1,0
50057,ARKANSAS,AR,2,0,2,95,550,ALBERTVILLE,17,3,March,2010,4,Wednesday,12,41,0,4,2,16,34.83106667,-91.37809722,12,1,0,1,0,0,1,0
50058,ARKANSAS,AR,1,0,1,83,2811,ARDMORE,17,3,March,2010,4,Wednesday,18,31,0,3,3,68,35.28777222,-93.43863611,34,1,0,1,0,0,1,0
50059,ARKANSAS,AR,2,0,3,37,0,BRADFORD,19,3,March,2010,6,Friday,16,14,0,6,4,0,35.18261389,-90.75258611,12,1,0,1,0,0,1,0
50060,ARKANSAS,AR,1,0,1,145,0,BALD KNOB,20,3,March,2010,7,Saturday,20,47,0,4,3,147,35.25683333,-91.87145278,42,6,0,2,0,0,1,1
50061,ARKANSAS,AR,2,0,3,143,0,CANEHILL,22,3,March,2010,2,Monday,16,27,1,2,2,156,36.16164722,-94.07489722,12,1,0,1,0,0,1,1
50062,ARKANSAS,AR,3,0,3,51,0,CENTRAL,24,3,March,2010,4,Wednesday,4,15,0,3,2,57,34.43246944,-93.26766111,12,6,0,1,0,0,1,1
50063,ARKANSAS,AR,1,0,1,113,0,COTTONTON,24,3,March,2010,4,Wednesday,7,45,0,4,3,111,34.53880278,-94.06219444,35,1,0,1,0,0,1,0
50064,ARKANSAS,AR,1,0,1,125,0,BROOKWOOD,25,3,March,2010,5,Thursday,4,19,1,1,1,10950,34.50118056,-92.70195000,42,6,0,2,0,0,1,0
50065,ARKANSAS,AR,2,0,6,41,0,BRANTLEY,25,3,March,2010,5,Thursday,23,8,1,2,2,10,33.95076389,-91.53740000,12,6,0,1,0,0,2,0
50066,ARKANSAS,AR,1,0,1,59,0,FRANKLIN,26,3,March,2010,6,Friday,6,58,0,2,2,32,34.42305278,-92.83584722,1,1,0,1,0,0,1,0
50067,ARKANSAS,AR,1,0,5,55,0,ATTALLA,27,3,March,2010,7,Saturday,1,0,0,4,3,31,35.98731389,-90.48854722,59,6,0,1,0,0,1,1
50068,ARKANSAS,AR,2,0,2,55,3030,ATTALLA,27,3,March,2010,7,Saturday,11,46,1,13,2,20,36.05236111,-90.44709167,12,1,0,1,0,0,1,0
50069,ARKANSAS,AR,1,0,1,23,0,BLADON SPRINGS,28,3,March,2010,1,Sunday,14,26,0,4,3,96,35.54791389,-92.21772500,1,1,0,1,0,0,1,1
50070,ARKANSAS,AR,1,0,1,7,315,BIBB,29,3,March,2010,2,Monday,13,42,0,16,6,0,36.46988889,-94.25415556,1,1,0,1,0,0,1,0
50072,ARKANSAS,AR,2,0,2,93,2970,BEAR CREEK,28,3,March,2010,1,Sunday,6,16,0,6,6,0,35.69762222,-89.99317778,12,6,0,1,0,0,1,1
50073,ARKANSAS,AR,1,0,6,57,0,BANKSTON,1,4,April,2010,5,Thursday,7,8,1,1,1,185,33.61800556,-93.79113611,34,1,0,1,0,0,4,0
50074,ARKANSAS,AR,1,0,1,71,0,BRIDGEPORT,1,4,April,2010,5,Thursday,12,0,0,4,3,47,35.53617222,-93.42837778,42,1,0,1,0,0,1,1
50075,ARKANSAS,AR,1,0,1,55,0,ATTALLA,1,4,April,2010,5,Thursday,13,5,1,2,2,28,36.07012222,-90.77505000,23,1,0,1,0,0,1,0
50076,ARKANSAS,AR,2,1,3,59,2500,FRANKLIN,1,4,April,2010,5,Thursday,22,57,0,13,2,5,34.36340833,-92.80371389,12,6,0,1,0,0,2,0
50077,ARKANSAS,AR,5,0,6,143,0,CANEHILL,3,4,April,2010,7,Saturday,17,53,0,3,2,56,35.82261667,-94.12344444,12,1,0,1,0,0,2,0
50078,ARKANSAS,AR,1,0,1,25,0,BARLOW BEND,4,4,April,2010,1,Sunday,2,30,0,4,3,94,33.93438889,-92.04508889,34,6,0,1,0,0,1,0
50079,ARKANSAS,AR,1,0,2,59,0,FRANKLIN,4,4,April,2010,1,Sunday,6,30,0,3,3,61,34.22372500,-92.72499444,34,4,0,1,0,0,1,0
50080,ARKANSAS,AR,2,0,3,143,1310,CANEHILL,4,4,April,2010,1,Sunday,10,47,1,13,3,47,36.11982500,-94.11858611,12,1,0,1,0,0,1,0
50081,ARKANSAS,AR,2,0,8,7,315,BIBB,4,4,April,2010,1,Sunday,18,10,0,4,3,75,36.49416389,-94.20623889,12,1,0,1,0,0,1,1
50082,ARKANSAS,AR,1,0,4,63,0,BOLIGEE,4,4,April,2010,1,Sunday,18,42,0,6,4,0,35.80885278,-91.39108056,38,1,0,1,0,0,2,1
50083,ARKANSAS,AR,1,0,2,21,0,CHILTON,5,4,April,2010,2,Monday,1,5,0,3,2,28,36.35080278,-90.21140000,1,6,0,1,0,0,1,1