ST_CASE,State Name,State Abbreviation,VE_TOTAL,Pedestrains,Total_Persons_in_accident,COUNTY,CITY,City_County_Name,Calendar_DAY,MONTH,Month_Name,YEAR,DAY_WEEK,Day_Week_desc,HOUR,MINUTE,NHS_Desc,trafficway,ROUTE,MILEPT,LATITUDE,LONGITUD,First_Crash_event,Light_cond_desc,Weather_condition,WEATHER,SCH_BUS,Crash_cause,FATALS,DRUNK_DR
50084,ARKANSAS,AR,2,0,4,25,0,BARLOW BEND,5,4,April,2010,2,Monday,16,12,1,2,2,49,33.86364444,-92.28335278,12,1,0,1,0,0,1,0
50085,ARKANSAS,AR,2,0,2,111,1740,GRAHAM,5,4,April,2010,2,Monday,17,58,1,2,3,1,35.56693333,-90.72438889,12,1,0,1,0,0,1,0
50086,ARKANSAS,AR,1,0,1,119,2320,BELLAMY,5,4,April,2010,2,Monday,22,48,1,11,1,96,34.79449167,-92.38781111,20,6,0,1,0,0,1,1
50087,ARKANSAS,AR,2,0,3,133,2330,ARLEY,7,4,April,2010,4,Wednesday,12,9,1,2,2,103,33.92940278,-94.17590000,12,1,0,1,0,0,1,0
50088,ARKANSAS,AR,1,0,1,127,4000,BURNWELL,8,4,April,2010,5,Thursday,10,2,0,16,6,0,34.88503333,-94.08017500,53,1,0,1,0,0,1,0
50089,ARKANSAS,AR,2,0,2,141,0,BEE BRANCH,8,4,April,2010,5,Thursday,21,30,1,2,2,170,35.36791667,-92.40755000,12,6,0,1,0,0,1,0
50090,ARKANSAS,AR,1,0,1,85,0,BENTON,9,4,April,2010,6,Friday,11,31,0,3,3,119,34.93745278,-91.87454167,1,1,0,1,0,0,1,0
50091,ARKANSAS,AR,1,0,1,31,0,COFFEE,9,4,April,2010,6,Friday,14,27,0,3,3,0,35.79150000,-90.81041389,10,1,0,1,0,0,1,0
50092,ARKANSAS,AR,2,0,2,143,3670,CANEHILL,9,4,April,2010,6,Friday,19,0,0,16,6,0,36.15375556,-94.15242500,12,1,0,1,0,0,1,1
50093,ARKANSAS,AR,1,0,3,101,0,BOYLSTON,10,4,April,2010,7,Saturday,16,54,0,6,4,0,35.91352222,-93.14037222,38,1,0,1,0,0,1,0
50094,ARKANSAS,AR,1,0,2,51,1907,CENTRAL,10,4,April,2010,7,Saturday,18,57,0,2,2,0,34.47090000,-92.98390278,33,1,0,1,0,0,1,0
50095,ARKANSAS,AR,1,0,1,31,2070,COFFEE,12,4,April,2010,2,Monday,2,17,0,16,6,0,35.80693889,-90.60176389,42,2,0,1,0,0,1,0
50096,ARKANSAS,AR,2,0,2,117,0,BIRMINGHAM,12,4,April,2010,2,Monday,21,26,1,1,1,1867,34.81757222,-91.65378611,12,2,0,1,0,0,2,1
50097,ARKANSAS,AR,2,0,2,5,0,BAKER HILL,13,4,April,2010,3,Tuesday,6,40,0,4,3,0,36.22696667,-92.29408333,12,1,0,1,0,0,1,0
50098,ARKANSAS,AR,3,0,5,131,0,ARLINGTON,14,4,April,2010,4,Wednesday,20,55,1,2,2,33,35.10610000,-94.26716667,12,2,0,1,0,0,1,1
50099,ARKANSAS,AR,1,1,2,119,2880,BELLAMY,14,4,April,2010,4,Wednesday,22,24,1,11,1,1589,34.77997222,-92.16396389,8,6,0,1,0,0,1,0
50100,ARKANSAS,AR,1,1,1,123,1360,ALEXANDER CITY,15,4,April,2010,5,Thursday,16,13,0,6,6,0,34.99724722,-90.78166944,8,1,0,1,0,0,1,0
50101,ARKANSAS,AR,1,0,1,33,0,CHEROKEE,15,4,April,2010,5,Thursday,16,51,0,6,4,0,35.59412222,-94.27711389,34,1,0,1,0,0,1,0
50102,ARKANSAS,AR,2,0,2,73,2300,ARGO,15,4,April,2010,5,Thursday,18,15,1,2,2,73,33.35525556,-93.57771389,12,1,0,1,0,0,1,0
50103,ARKANSAS,AR,3,0,3,135,0,ASH FLAT,15,4,April,2010,5,Thursday,18,23,0,4,3,91,35.99703611,-91.48864722,12,1,0,1,0,0,1,0
50104,ARKANSAS,AR,1,0,1,123,0,ALEXANDER CITY,17,4,April,2010,7,Saturday,12,30,1,1,1,2595,35.13258056,-90.48584444,34,1,0,1,0,0,1,0
50105,ARKANSAS,AR,2,0,4,93,0,BEAR CREEK,17,4,April,2010,7,Saturday,12,35,0,2,3,27,35.85016944,-90.13037778,24,1,0,1,0,0,1,0
50106,ARKANSAS,AR,2,0,2,99,0,BEATRICE,17,4,April,2010,7,Saturday,19,15,0,4,3,40,33.55473611,-93.41846389,12,1,0,1,0,0,1,0
50107,ARKANSAS,AR,2,0,4,55,3030,ATTALLA,18,4,April,2010,1,Sunday,20,9,1,13,2,172,36.05991944,-90.52126667,12,2,0,1,0,0,2,0
50108,ARKANSAS,AR,1,0,3,5,2209,BAKER HILL,19,4,April,2010,2,Monday,20,36,0,4,3,30,36.37867500,-92.52928056,53,6,0,1,0,0,1,0
50110,ARKANSAS,AR,2,0,4,127,0,BURNWELL,21,4,April,2010,4,Wednesday,16,30,0,4,3,73,34.90288056,-93.99977500,12,1,0,1,0,0,1,1
50111,ARKANSAS,AR,1,0,1,91,3810,DAYTON,23,4,April,2010,6,Friday,18,7,0,13,2,23,33.44601667,-94.01176944,43,1,0,1,0,0,1,0
50112,ARKANSAS,AR,1,0,32,115,2340,ASHVILLE,24,4,April,2010,7,Saturday,17,14,1,1,1,764,35.33039167,-93.22931667,24,1,0,1,0,0,2,0
50113,ARKANSAS,AR,1,0,1,49,0,COLLINSVILLE,28,4,April,2010,4,Wednesday,6,9,1,2,2,131,36.34586111,-91.47622222,34,1,0,1,0,0,1,0
50114,ARKANSAS,AR,1,0,2,101,3075,BOYLSTON,29,4,April,2010,5,Thursday,15,32,0,6,4,0,35.95182500,-93.26228611,5,1,0,1,0,0,1,0
50115,ARKANSAS,AR,2,0,2,13,0,BOLLING,30,4,April,2010,6,Friday,6,5,1,2,2,19,33.36483611,-92.51651389,12,6,0,1,0,0,1,0
50116,ARKANSAS,AR,1,0,4,15,0,ANNISTON,30,4,April,2010,6,Friday,18,45,0,3,3,26,36.34814167,-93.74994167,1,1,0,8,0,0,1,0
50117,ARKANSAS,AR,1,0,1,75,3310,BEAVERTON,30,4,April,2010,6,Friday,23,24,1,2,2,2,36.24193611,-91.26589444,38,6,0,2,0,0,1,1
50118,ARKANSAS,AR,2,0,4,119,2880,BELLAMY,7,3,March,2010,1,Sunday,19,0,1,2,2,22,34.72122778,-92.12036111,12,6,0,1,0,0,1,0
50119,ARKANSAS,AR,2,0,4,23,0,BLADON SPRINGS,1,5,May,2010,7,Saturday,2,38,0,4,3,58,35.60490556,-92.20250000,12,6,0,2,0,0,1,1
50120,ARKANSAS,AR,1,0,4,19,0,CEDAR BLUFF,1,5,May,2010,7,Saturday,3,2,0,3,3,174,33.98464722,-93.18466111,42,6,0,8,0,0,1,1
50121,ARKANSAS,AR,2,0,3,7,3610,BIBB,4,5,May,2010,3,Tuesday,7,38,0,13,3,5,36.16282500,-94.52911389,12,1,0,1,0,0,1,0
50122,ARKANSAS,AR,1,0,1,23,0,BLADON SPRINGS,5,5,May,2010,4,Wednesday,3,51,0,6,4,0,35.37631944,-92.05331667,38,6,0,1,0,0,1,0
50123,ARKANSAS,AR,1,0,2,95,0,ALBERTVILLE,6,5,May,2010,5,Thursday,13,40,1,2,2,88,34.68996944,-91.16180556,34,1,0,1,0,0,1,0
50124,ARKANSAS,AR,1,0,2,9,0,BLOUNT,7,5,May,2010,6,Friday,3,15,1,2,2,98,36.36421389,-93.22088333,1,6,0,1,0,0,1,1
50125,ARKANSAS,AR,1,0,1,109,0,ANSLEY,7,5,May,2010,6,Friday,8,35,0,3,3,135,34.22883611,-93.64038056,35,1,0,1,0,0,1,0
50126,ARKANSAS,AR,1,0,1,143,0,CANEHILL,7,5,May,2010,6,Friday,18,15,0,3,2,56,35.95890278,-94.45143611,43,1,0,1,0,0,1,0
50127,ARKANSAS,AR,1,0,3,7,0,BIBB,7,5,May,2010,6,Friday,21,15,0,6,4,0,36.21325556,-94.07631389,31,1,0,1,0,0,1,0
50128,ARKANSAS,AR,2,0,2,57,0,BANKSTON,8,5,May,2010,7,Saturday,5,15,0,4,3,39,33.70370556,-93.85838889,12,6,0,1,0,0,1,1
50129,ARKANSAS,AR,3,0,3,9,1750,BLOUNT,8,5,May,2010,7,Saturday,13,10,1,13,2,18,36.23167500,-93.08518333,12,1,0,1,0,0,1,1
50130,ARKANSAS,AR,1,0,2,95,0,ALBERTVILLE,8,5,May,2010,7,Saturday,13,55,0,4,3,89,34.59663611,-91.22770000,34,1,0,1,0,0,1,1
50131,ARKANSAS,AR,1,0,4,143,1610,CANEHILL,8,5,May,2010,7,Saturday,21,25,1,1,1,568,35.96991389,-94.19716389,35,6,0,1,0,0,1,1
50132,ARKANSAS,AR,2,0,3,119,2320,BELLAMY,9,5,May,2010,1,Sunday,19,19,0,16,6,0,34.74878889,-92.29453333,12,5,0,1,0,0,1,1
50133,ARKANSAS,AR,2,0,2,31,2070,COFFEE,11,5,May,2010,3,Tuesday,14,30,0,14,2,11,35.79643889,-90.73150000,12,1,0,1,0,0,1,0
50134,ARKANSAS,AR,1,0,1,51,0,CENTRAL,12,5,May,2010,4,Wednesday,4,45,0,4,3,10,34.58696389,-92.96877500,34,6,0,1,0,0,1,1
50135,ARKANSAS,AR,1,0,1,103,0,DANVILLE,13,5,May,2010,5,Thursday,20,35,0,3,3,124,33.63025278,-92.94360556,42,6,0,1,0,0,1,0
50136,ARKANSAS,AR,2,0,4,87,0,ARMSTRONG,14,5,May,2010,6,Friday,18,0,1,2,2,2,36.12200000,-93.72960000,12,1,0,1,0,0,1,1
50137,ARKANSAS,AR,1,0,1,125,0,BROOKWOOD,16,5,May,2010,1,Sunday,8,48,0,6,4,0,34.67243056,-92.45660278,18,1,0,1,0,0,1,0
50138,ARKANSAS,AR,1,1,1,7,3390,BIBB,18,5,May,2010,3,Tuesday,4,13,1,13,2,10,36.35603056,-94.16182222,8,6,0,1,0,0,1,0
50139,ARKANSAS,AR,1,0,2,7,0,BIBB,19,5,May,2010,4,Wednesday,13,50,0,13,3,0,36.15726389,-94.52746111,35,1,0,1,0,0,1,0
50140,ARKANSAS,AR,2,0,3,89,0,BROWNSBORO,20,5,May,2010,5,Thursday,16,30,0,3,3,63,36.14035278,-92.67306667,7,1,0,1,0,0,1,0
50141,ARKANSAS,AR,2,0,2,7,1570,BIBB,20,5,May,2010,5,Thursday,19,3,0,4,3,17,36.41468611,-94.42832778,12,1,0,1,0,0,1,0
50142,ARKANSAS,AR,2,0,5,145,0,BALD KNOB,21,5,May,2010,6,Friday,16,54,0,3,3,28,35.39086944,-91.81180000,12,1,0,1,0,0,1,0
50143,ARKANSAS,AR,2,0,2,149,0,BELLEVILLE,22,5,May,2010,7,Saturday,22,18,0,3,3,93,35.11309722,-93.16775278,12,6,0,1,0,0,1,0
50144,ARKANSAS,AR,2,0,4,143,0,CANEHILL,23,5,May,2010,1,Sunday,19,10,0,3,2,46,35.80932222,-94.13103056,12,1,0,1,0,0,1,0
50145,ARKANSAS,AR,1,0,1,3,0,BALDWIN,23,5,May,2010,1,Sunday,19,14,0,4,4,0,33.19930278,-92.03989444,34,1,0,1,0,0,1,1
50146,ARKANSAS,AR,2,0,3,119,2320,BELLAMY,24,5,May,2010,2,Monday,10,26,0,16,6,0,34.74859444,-92.39424722,12,1,0,1,0,0,1,0
50147,ARKANSAS,AR,1,0,1,99,0,BEATRICE,24,5,May,2010,2,Monday,11,19,0,3,2,43,33.61004444,-93.39134167,35,1,0,1,0,0,1,0
50148,ARKANSAS,AR,2,0,4,7,212,BIBB,25,5,May,2010,3,Tuesday,14,52,1,2,2,77,36.40232222,-94.07232222,12,1,0,2,0,0,1,0
50149,ARKANSAS,AR,1,0,1,23,0,BLADON SPRINGS,25,5,May,2010,3,Tuesday,21,36,0,4,3,0,35.62032500,-91.98320278,34,6,0,1,0,0,1,1
50150,ARKANSAS,AR,1,1,1,59,0,FRANKLIN,26,5,May,2010,4,Wednesday,4,57,0,6,4,0,34.38824722,-92.72272222,8,6,0,1,0,0,1,0
50151,ARKANSAS,AR,1,0,3,95,0,ALBERTVILLE,26,5,May,2010,4,Wednesday,7,30,0,4,3,1,34.57492500,-91.18763889,35,1,0,1,0,0,1,0
50152,ARKANSAS,AR,1,0,1,21,2413,CHILTON,26,5,May,2010,4,Wednesday,16,34,0,3,2,130,36.43378333,-90.38375000,35,1,0,1,0,0,1,1
50153,ARKANSAS,AR,2,0,2,31,2070,COFFEE,27,5,May,2010,5,Thursday,9,51,1,13,2,143,35.80427500,-90.66948056,12,1,0,1,0,0,1,0
50154,ARKANSAS,AR,1,0,1,63,0,BOLIGEE,27,5,May,2010,5,Thursday,19,35,0,4,3,38,35.78408611,-91.72135556,53,1,0,1,0,0,1,1
50155,ARKANSAS,AR,12,0,14,125,570,BROOKWOOD,28,5,May,2010,6,Friday,7,45,1,1,1,1225,34.61417222,-92.50875556,39,1,0,1,0,0,1,0
50156,ARKANSAS,AR,1,0,1,89,0,BROWNSBORO,28,5,May,2010,6,Friday,9,38,0,5,3,9,36.40740833,-92.86936389,34,1,0,1,0,0,1,1
50157,ARKANSAS,AR,3,0,5,141,0,BEE BRANCH,28,5,May,2010,6,Friday,14,30,1,2,2,49,35.73390278,-92.52062222,12,1,0,1,0,0,1,0
50158,ARKANSAS,AR,2,0,5,37,0,BRADFORD,29,5,May,2010,7,Saturday,15,20,1,2,3,15,35.19183611,-90.79723889,12,1,0,2,0,0,1,1
50159,ARKANSAS,AR,1,0,2,135,0,ASH FLAT,30,5,May,2010,1,Sunday,5,57,0,4,3,9,36.25446667,-91.35247778,34,2,0,5,0,0,1,1
50160,ARKANSAS,AR,1,0,3,123,0,ALEXANDER CITY,30,5,May,2010,1,Sunday,9,54,1,1,1,2370,34.99372222,-90.88088056,1,1,0,1,0,0,1,0
50161,ARKANSAS,AR,2,0,3,119,2320,BELLAMY,31,5,May,2010,2,Monday,9,56,0,16,6,0,34.77194722,-92.39953333,12,1,0,1,0,0,1,0
50162,ARKANSAS,AR,1,0,1,107,4110,CARROLLTON,29,5,May,2010,7,Saturday,3,13,1,13,2,259,34.52683611,-90.64006111,42,3,0,1,0,0,1,1
50163,ARKANSAS,AR,1,1,1,35,2550,BROOKLYN,1,6,June,2010,3,Tuesday,4,30,1,1,7,129,35.24436111,-90.21858889,8,6,0,1,0,0,1,0
50164,ARKANSAS,AR,1,0,1,119,0,BELLAMY,1,6,June,2010,3,Tuesday,8,25,0,4,3,64,34.66042778,-92.23208056,42,1,0,1,0,0,1,0
50165,ARKANSAS,AR,1,0,1,31,0,COFFEE,1,6,June,2010,3,Tuesday,18,1,0,3,3,0,35.96888889,-90.98555556,10,1,0,1,0,0,1,0
50166,ARKANSAS,AR,2,0,2,69,0,ASHFORD,2,6,June,2010,4,Wednesday,16,30,0,3,2,68,34.08536389,-92.00809444,12,1,0,1,0,0,1,0
50167,ARKANSAS,AR,1,1,1,119,2320,BELLAMY,2,6,June,2010,4,Wednesday,21,2,0,6,4,0,34.65486389,-92.23524167,8,6,0,1,0,0,1,0
50168,ARKANSAS,AR,1,0,4,59,0,FRANKLIN,3,6,June,2010,5,Thursday,14,56,1,1,1,825,34.23397222,-93.00900000,1,1,0,1,0,0,1,0
50169,ARKANSAS,AR,2,0,3,123,0,ALEXANDER CITY,3,6,June,2010,5,Thursday,17,0,1,1,1,2626,35.14703889,-90.41018611,12,1,0,2,0,0,2,1
50170,ARKANSAS,AR,1,0,1,73,0,ARGO,5,6,June,2010,7,Saturday,11,5,0,4,3,105,33.09037222,-93.86806667,59,1,0,1,0,0,1,0
50171,ARKANSAS,AR,2,0,5,83,0,ARDMORE,5,6,June,2010,7,Saturday,15,40,0,4,3,92,35.12485833,-93.90169167,12,1,0,1,0,0,1,1
50172,ARKANSAS,AR,3,0,7,143,4100,CANEHILL,5,6,June,2010,7,Saturday,18,2,1,1,1,550,35.97307500,-94.19866667,12,1,0,1,0,0,1,0
50173,ARKANSAS,AR,1,0,1,63,0,BOLIGEE,5,6,June,2010,7,Saturday,99,99,0,6,4,0,35.86191111,-91.40349167,35,2,0,1,0,0,1,1
50174,ARKANSAS,AR,1,0,1,47,0,BROWNS,6,6,June,2010,1,Sunday,3,23,0,4,3,36,35.36392500,-93.87383889,34,2,0,1,0,0,1,1
50175,ARKANSAS,AR,1,0,3,93,0,BEAR CREEK,6,6,June,2010,1,Sunday,19,2,0,6,4,0,35.92975278,-90.15913056,35,1,0,1,0,0,1,1
50176,ARKANSAS,AR,1,0,1,87,2161,ARMSTRONG,9,6,June,2010,4,Wednesday,7,2,0,4,4,0,36.05374722,-93.50875833,34,1,0,1,0,0,1,0
50177,ARKANSAS,AR,1,0,1,27,2490,ASHLAND,10,6,June,2010,5,Thursday,16,28,0,14,3,11,33.28307778,-93.23468056,33,1,0,10,0,0,1,0
50178,ARKANSAS,AR,1,0,1,119,2880,BELLAMY,13,6,June,2010,1,Sunday,5,33,0,16,6,0,34.77965556,-92.27760278,33,4,0,1,0,0,1,1
50179,ARKANSAS,AR,1,0,1,119,0,BELLAMY,14,6,June,2010,2,Monday,18,0,0,3,3,31,34.88015833,-92.72323611,24,1,0,1,0,0,1,0
50180,ARKANSAS,AR,1,0,1,45,2600,ARITON,14,6,June,2010,2,Monday,20,10,1,1,1,1360,34.97775833,-92.41696944,1,5,0,1,0,0,1,0
50181,ARKANSAS,AR,1,1,1,131,1370,ARLINGTON,17,6,June,2010,5,Thursday,9,56,0,16,6,0,35.37241944,-94.41666389,8,1,0,1,0,0,1,0
50182,ARKANSAS,AR,2,0,13,33,9997,CHEROKEE,17,6,June,2010,5,Thursday,11,40,0,3,3,217,35.51249167,-94.35491944,12,1,0,1,0,0,1,0
50183,ARKANSAS,AR,2,0,2,51,0,CENTRAL,17,6,June,2010,5,Thursday,16,48,0,4,3,81,34.42018611,-93.02119722,12,1,0,1,0,0,1,1
50184,ARKANSAS,AR,1,0,2,77,0,ANDERSON,17,6,June,2010,5,Thursday,22,54,0,6,3,30,34.83666667,-90.99675278,1,6,0,1,0,0,1,0
50185,ARKANSAS,AR,2,0,2,119,2880,BELLAMY,18,6,June,2010,6,Friday,19,28,0,16,6,0,34.80030833,-92.25982500,12,5,0,1,0,0,1,1
50186,ARKANSAS,AR,2,0,3,99,0,BEATRICE,18,6,June,2010,6,Friday,11,53,0,3,3,0,33.81295556,-93.14153056,12,1,0,1,0,0,1,0
50187,ARKANSAS,AR,1,0,1,115,0,ASHVILLE,18,6,June,2010,6,Friday,22,40,0,6,4,0,35.46399167,-93.19723611,24,6,0,1,0,0,1,1
50188,ARKANSAS,AR,1,1,1,119,0,BELLAMY,19,6,June,2010,7,Saturday,5,15,1,2,2,143,34.92866389,-92.08080278,8,6,0,1,0,0,1,0
50189,ARKANSAS,AR,1,0,2,119,1837,BELLAMY,19,6,June,2010,7,Saturday,15,49,0,6,4,0,34.50710000,-92.20959444,24,1,0,1,0,0,1,1
50190,ARKANSAS,AR,1,0,2,145,3530,BALD KNOB,19,6,June,2010,7,Saturday,10,47,1,2,2,182,35.22473611,-91.71408056,34,1,0,1,0,0,1,0
50191,ARKANSAS,AR,1,1,3,119,2320,BELLAMY,20,6,June,2010,1,Sunday,9,3,0,13,3,76,34.79161111,-92.39671389,9,1,0,1,0,0,1,0
50192,ARKANSAS,AR,1,0,1,31,2070,COFFEE,20,6,June,2010,1,Sunday,17,50,0,16,6,0,35.81459444,-90.70720833,33,1,0,1,0,0,1,0
50193,ARKANSAS,AR,2,0,2,57,0,BANKSTON,21,6,June,2010,2,Monday,6,50,0,3,3,0,33.48017222,-93.63553056,12,1,0,1,0,0,1,0
50194,ARKANSAS,AR,2,0,2,119,2036,BELLAMY,21,6,June,2010,2,Monday,8,20,0,6,6,0,34.88891111,-92.10082500,12,1,0,1,0,0,1,0
50195,ARKANSAS,AR,1,0,2,103,0,DANVILLE,21,6,June,2010,2,Monday,21,12,0,6,6,0,33.64479444,-92.78825278,34,6,0,1,0,0,2,1
50196,ARKANSAS,AR,1,0,1,67,0,ABBEVILLE,22,6,June,2010,3,Tuesday,10,35,1,2,2,147,35.73538333,-91.19637222,1,1,0,1,0,0,1,0
50197,ARKANSAS,AR,1,0,1,45,0,ARITON,22,6,June,2010,3,Tuesday,22,50,0,6,4,0,35.00558611,-92.31689167,42,1,0,1,0,0,1,1
50198,ARKANSAS,AR,1,0,1,19,0,CEDAR BLUFF,23,6,June,2010,4,Wednesday,3,20,0,6,4,0,34.16078889,-93.10988056,32,6,0,1,0,0,1,1
50199,ARKANSAS,AR,1,0,2,91,3810,DAYTON,24,6,June,2010,5,Thursday,2,30,1,12,3,245,33.38453889,-94.01820000,1,6,0,1,0,0,1,1
50200,ARKANSAS,AR,1,0,1,3,0,BALDWIN,24,6,June,2010,5,Thursday,11,17,1,2,2,17,33.23613889,-91.77248889,24,1,0,1,0,0,1,0
50201,ARKANSAS,AR,2,0,4,85,0,BENTON,24,6,June,2010,5,Thursday,23,55,0,3,3,30,34.84404722,-92.02563611,12,6,0,1,0,0,1,1
50202,ARKANSAS,AR,1,0,1,57,0,BANKSTON,25,6,June,2010,6,Friday,13,30,0,4,3,32,33.72733889,-93.90924444,1,1,0,1,0,0,1,1
50203,ARKANSAS,AR,2,0,3,131,1370,ARLINGTON,25,6,June,2010,6,Friday,19,24,0,16,6,0,35.38228889,-94.39878056,12,1,0,1,0,0,1,1
50204,ARKANSAS,AR,2,0,6,149,0,BELLEVILLE,27,6,June,2010,1,Sunday,1,34,0,3,3,168,35.20244444,-93.15483611,12,6,0,1,0,0,2,1
50205,ARKANSAS,AR,1,0,1,143,3670,CANEHILL,27,6,June,2010,1,Sunday,5,53,0,16,6,0,36.14900278,-94.09491667,53,4,0,1,0,0,1,1
50206,ARKANSAS,AR,1,0,1,101,0,BOYLSTON,27,6,June,2010,1,Sunday,14,46,0,4,3,118,35.99002222,-93.41859444,24,1,0,1,0,0,1,0
50207,ARKANSAS,AR,2,0,4,31,0,COFFEE,4,3,March,2010,5,Thursday,22,40,0,6,4,0,35.75431389,-90.69132222,12,1,0,1,0,0,1,0
50208,ARKANSAS,AR,3,3,4,93,0,BEAR CREEK,1,7,July,2010,5,Thursday,15,40,1,1,1,620,35.87555833,-89.92953333,14,1,0,1,0,0,2,0
50209,ARKANSAS,AR,2,0,3,135,0,ASH FLAT,1,7,July,2010,5,Thursday,21,8,1,2,2,189,36.18139444,-91.61842222,12,6,0,1,0,0,1,0
50210,ARKANSAS,AR,3,0,6,29,0,BORDEN SPRINGS,2,7,July,2010,6,Friday,14,20,0,4,3,77,35.33686944,-92.77799722,12,1,0,1,0,0,1,0
50211,ARKANSAS,AR,2,0,2,27,2440,ASHLAND,2,7,July,2010,6,Friday,16,55,1,2,2,54,33.36795556,-93.18569167,12,1,0,1,0,0,1,0
50212,ARKANSAS,AR,1,0,4,57,0,BANKSTON,3,7,July,2010,7,Saturday,7,15,1,1,1,359,33.73511944,-93.52566667,34,1,0,1,0,0,1,0
50213,ARKANSAS,AR,1,0,2,135,9997,ASH FLAT,4,7,July,2010,1,Sunday,1,18,1,2,2,47,36.28863333,-91.50688611,11,6,0,1,0,0,2,0
50214,ARKANSAS,AR,1,0,1,7,0,BIBB,4,7,July,2010,1,Sunday,14,30,0,6,4,0,36.37782778,-94.29350833,35,1,0,1,0,0,1,1
50215,ARKANSAS,AR,2,0,2,5,0,BAKER HILL,7,7,July,2010,4,Wednesday,15,45,0,3,3,175,36.31759722,-92.35058056,12,1,0,1,0,0,1,0
50216,ARKANSAS,AR,1,0,6,45,860,ARITON,8,7,July,2010,5,Thursday,19,22,1,11,1,1289,35.06948611,-92.41765833,34,1,0,1,0,0,1,0
50217,ARKANSAS,AR,1,0,1,125,330,BROOKWOOD,11,7,July,2010,1,Sunday,0,50,1,1,1,1131,34.54127778,-92.64049444,1,6,0,1,0,0,1,0
50218,ARKANSAS,AR,1,0,1,99,0,BEATRICE,12,7,July,2010,2,Monday,15,40,0,4,3,189,33.44762778,-93.41425833,53,1,0,1,0,0,1,1
50219,ARKANSAS,AR,2,0,3,61,0,BELLWOOD,12,7,July,2010,2,Monday,17,10,0,4,2,115,34.00638889,-93.93958611,12,1,0,1,0,0,1,0
50220,ARKANSAS,AR,1,1,2,119,2320,BELLAMY,13,7,July,2010,3,Tuesday,0,21,1,11,1,1300,34.69191944,-92.30417778,8,6,0,1,0,0,1,0
50221,ARKANSAS,AR,3,0,3,125,330,BROOKWOOD,13,7,July,2010,3,Tuesday,23,40,1,11,1,1160,34.56688889,-92.60020278,12,6,0,1,0,0,1,0
50222,ARKANSAS,AR,1,1,1,145,3530,BALD KNOB,14,7,July,2010,4,Wednesday,1,26,1,12,2,197,35.23321111,-91.70417500,8,6,0,1,0,0,1,0
50223,ARKANSAS,AR,1,0,1,33,0,CHEROKEE,15,7,July,2010,5,Thursday,21,26,0,4,3,35,35.51841389,-94.31773333,32,6,0,1,0,0,1,0
50224,ARKANSAS,AR,1,0,1,119,2320,BELLAMY,16,7,July,2010,6,Friday,8,3,1,11,1,1270,34.65003056,-92.41629444,24,1,0,1,0,0,1,0
50225,ARKANSAS,AR,1,0,2,67,0,ABBEVILLE,17,7,July,2010,7,Saturday,2,30,0,4,2,12,35.57970833,-91.34706944,23,6,0,1,0,0,1,1
50226,ARKANSAS,AR,1,0,1,7,0,BIBB,17,7,July,2010,7,Saturday,11,49,0,6,4,0,36.45245833,-94.52958611,42,1,0,1,0,0,1,0
50227,ARKANSAS,AR,1,0,1,149,0,BELLEVILLE,17,7,July,2010,7,Saturday,13,15,1,2,3,48,35.01840000,-93.22517500,1,1,0,1,0,0,1,0
50228,ARKANSAS,AR,1,1,1,31,2070,COFFEE,17,7,July,2010,7,Saturday,22,29,0,13,3,166,35.84516111,-90.69953056,8,2,0,1,0,0,1,0
50229,ARKANSAS,AR,1,0,2,91,0,DAYTON,18,7,July,2010,1,Sunday,0,2,0,3,3,165,33.35315000,-93.77753611,1,6,0,1,0,0,1,1
50230,ARKANSAS,AR,2,0,2,113,0,COTTONTON,18,7,July,2010,1,Sunday,12,45,1,2,2,212,34.43378056,-94.41143889,12,1,0,1,0,0,1,0
50231,ARKANSAS,AR,1,0,1,83,695,ARDMORE,18,7,July,2010,1,Sunday,0,55,0,3,3,37,35.30146667,-93.85384167,59,2,0,1,0,0,1,1
50232,ARKANSAS,AR,1,0,1,49,0,COLLINSVILLE,20,7,July,2010,3,Tuesday,19,50,1,2,2,83,36.39475556,-91.99822500,34,1,0,1,0,0,1,0
50233,ARKANSAS,AR,2,0,2,63,0,BOLIGEE,21,7,July,2010,4,Wednesday,5,30,0,6,3,51,35.72679444,-91.73077500,12,4,0,1,0,0,2,0
50234,ARKANSAS,AR,1,0,1,143,0,CANEHILL,22,7,July,2010,5,Thursday,22,20,1,1,1,492,35.86004722,-94.17677778,1,6,0,1,0,0,1,1
50235,ARKANSAS,AR,1,0,1,119,2036,BELLAMY,23,7,July,2010,6,Friday,19,11,0,6,6,0,34.83582222,-92.13044722,1,1,0,1,0,0,1,1
50236,ARKANSAS,AR,2,0,2,77,0,ANDERSON,24,7,July,2010,7,Saturday,1,44,0,2,2,184,34.77419167,-90.79994167,12,6,0,1,0,0,1,0
50237,ARKANSAS,AR,1,0,2,125,0,BROOKWOOD,24,7,July,2010,7,Saturday,18,24,0,6,4,0,34.67327778,-92.60851944,38,1,0,1,0,0,1,1
50238,ARKANSAS,AR,1,0,1,145,0,BALD KNOB,24,7,July,2010,7,Saturday,19,28,0,3,3,17,35.13078889,-92.09890278,1,1,0,1,0,0,1,1
50239,ARKANSAS,AR,1,1,4,27,0,ASHLAND,24,7,July,2010,7,Saturday,22,28,0,4,4,0,33.14393056,-93.41490278,8,6,0,1,0,0,1,0
50240,ARKANSAS,AR,2,0,2,35,0,BROOKLYN,25,7,July,2010,1,Sunday,23,40,1,1,1,2719,35.14616111,-90.27345556,12,6,0,1,0,99,1,1
50241,ARKANSAS,AR,1,0,1,31,0,COFFEE,26,7,July,2010,2,Monday,5,12,0,6,4,0,35.92332500,-90.35988889,1,6,0,1,0,0,1,1
50242,ARKANSAS,AR,1,0,2,33,0,CHEROKEE,29,7,July,2010,5,Thursday,18,20,0,6,4,0,35.41403889,-94.30829722,1,1,0,1,0,0,1,0
50243,ARKANSAS,AR,1,0,2,85,660,BENTON,30,7,July,2010,6,Friday,6,30,0,4,3,59,34.86030000,-91.74871389,32,6,0,1,0,0,1,0
50244,ARKANSAS,AR,1,1,1,77,0,ANDERSON,30,7,July,2010,6,Friday,16,26,0,6,4,0,34.79390556,-90.82519167,8,1,0,1,0,0,2,0