ST_CASE,State Name,State Abbreviation,VE_TOTAL,Pedestrains,Total_Persons_in_accident,COUNTY,CITY,City_County_Name,Calendar_DAY,MONTH,Month_Name,YEAR,DAY_WEEK,Day_Week_desc,HOUR,MINUTE,NHS_Desc,trafficway,ROUTE,MILEPT,LATITUDE,LONGITUD,First_Crash_event,Light_cond_desc,Weather_condition,WEATHER,SCH_BUS,Crash_cause,FATALS,DRUNK_DR
50401,ARKANSAS,AR,2,0,2,119,2880,BELLAMY,27,10,October,2010,4,Wednesday,18,15,0,13,3,162,34.76873611,-92.27907222,12,5,0,1,1,0,1,0
50402,ARKANSAS,AR,2,0,4,125,0,BROOKWOOD,28,10,October,2010,5,Thursday,7,12,1,2,2,6,34.56821111,-92.59786944,12,1,0,1,0,0,1,0
50403,ARKANSAS,AR,1,0,1,35,0,BROOKLYN,29,10,October,2010,6,Friday,3,40,0,6,4,0,35.18675556,-90.39965556,34,6,0,1,0,0,1,0
50404,ARKANSAS,AR,2,0,5,19,603,CEDAR BLUFF,29,10,October,2010,6,Friday,19,18,0,3,3,25,34.21458889,-93.08374722,12,6,0,1,0,0,3,0
50405,ARKANSAS,AR,1,1,2,115,3450,ASHVILLE,30,10,October,2010,7,Saturday,1,5,0,13,3,8,35.23574444,-93.14076944,8,6,0,1,0,0,1,0
50406,ARKANSAS,AR,1,0,3,85,660,BENTON,31,10,October,2010,1,Sunday,1,55,0,4,3,63,34.90610000,-91.76506389,42,6,0,1,0,0,1,1
50407,ARKANSAS,AR,1,0,2,119,2880,BELLAMY,10,10,October,2010,1,Sunday,13,50,0,16,6,0,34.87939167,-92.23819722,1,1,0,1,0,99,1,1
50408,ARKANSAS,AR,1,0,1,117,0,BIRMINGHAM,24,10,October,2010,1,Sunday,2,30,0,3,3,72,34.99203611,-91.69258056,34,6,0,1,0,0,1,0
50409,ARKANSAS,AR,2,0,3,103,0,DANVILLE,1,8,August,2010,1,Sunday,11,12,0,4,3,166,33.80636111,-92.83176944,11,1,0,1,0,0,1,0
50410,ARKANSAS,AR,1,0,1,65,1905,CYPRESS,1,11,November,2010,2,Monday,18,55,0,16,6,0,36.22689722,-91.74210833,42,5,0,1,0,0,1,0
50411,ARKANSAS,AR,1,0,1,115,1130,ASHVILLE,1,11,November,2010,2,Monday,20,0,0,4,3,42,35.42945000,-93.05797500,42,6,0,10,0,0,1,0
50412,ARKANSAS,AR,1,1,1,41,0,BRANTLEY,3,11,November,2010,4,Wednesday,0,0,1,2,2,14,33.95416667,-91.53611111,8,6,0,2,0,0,1,0
50413,ARKANSAS,AR,3,0,5,85,600,BENTON,3,11,November,2010,4,Wednesday,12,52,1,12,2,36,34.98142222,-92.03153056,12,1,0,8,0,0,2,0
50414,ARKANSAS,AR,1,0,2,147,0,AUGUSTA,5,11,November,2010,6,Friday,5,15,0,3,2,78,35.25168333,-91.10237778,58,6,0,1,0,0,1,0
50415,ARKANSAS,AR,1,0,2,65,555,CYPRESS,5,11,November,2010,6,Friday,13,25,0,3,3,58,36.13494722,-91.92578333,42,1,0,1,0,0,1,0
50416,ARKANSAS,AR,2,0,4,31,560,COFFEE,5,11,November,2010,6,Friday,17,19,0,6,4,0,35.90733611,-90.58161111,12,5,0,1,0,0,1,0
50417,ARKANSAS,AR,1,0,2,119,2320,BELLAMY,5,11,November,2010,6,Friday,23,23,0,16,6,0,34.63035000,-92.38174722,1,6,0,1,0,0,1,1
50418,ARKANSAS,AR,1,0,1,63,0,BOLIGEE,5,11,November,2010,6,Friday,23,21,0,4,3,11,35.78332778,-91.30583889,1,6,0,1,0,0,1,1
50419,ARKANSAS,AR,2,0,5,111,3860,GRAHAM,6,11,November,2010,7,Saturday,19,41,0,14,3,20,35.68255833,-90.52680000,12,5,0,1,0,0,1,0
50420,ARKANSAS,AR,2,0,3,7,3390,BIBB,6,11,November,2010,7,Saturday,22,45,0,13,2,56,36.29050000,-94.12759722,12,6,0,1,0,0,1,1
50421,ARKANSAS,AR,2,0,4,69,0,ASHFORD,7,11,November,2010,1,Sunday,4,0,1,1,1,208,34.42903611,-92.19310278,12,6,0,1,0,0,1,1
50422,ARKANSAS,AR,2,0,2,1,0,AUTAUGA,7,11,November,2010,1,Sunday,5,20,1,2,2,23,34.42422222,-91.67738889,12,6,0,1,0,0,1,1
50423,ARKANSAS,AR,1,0,1,139,1210,CALION,8,11,November,2010,2,Monday,11,22,0,13,2,31,33.25168056,-92.66341111,1,1,0,1,0,0,1,0
50424,ARKANSAS,AR,1,0,1,119,0,BELLAMY,8,11,November,2010,2,Monday,14,1,0,4,4,0,34.73960278,-92.48989444,34,1,0,1,0,0,1,0
50425,ARKANSAS,AR,5,0,6,141,820,BEE BRANCH,8,11,November,2010,2,Monday,15,39,1,2,2,10,35.58686389,-92.45183889,12,1,0,1,0,0,1,1
50426,ARKANSAS,AR,1,1,3,35,2550,BROOKLYN,9,11,November,2010,3,Tuesday,18,14,1,1,1,118,35.23649722,-90.21515556,8,6,0,1,0,0,1,0
50427,ARKANSAS,AR,1,0,1,69,3150,ASHFORD,9,11,November,2010,3,Tuesday,23,43,0,16,6,0,34.22638611,-92.05135278,34,6,0,1,0,0,1,1
50428,ARKANSAS,AR,1,0,1,143,0,CANEHILL,10,11,November,2010,4,Wednesday,21,51,0,4,4,0,36.18673611,-94.32344167,32,2,0,1,0,0,1,1
50429,ARKANSAS,AR,1,0,1,121,0,BON AIR,10,11,November,2010,4,Wednesday,10,38,0,4,3,27,36.39004167,-91.10620833,34,1,0,2,0,0,1,0
50430,ARKANSAS,AR,3,0,4,45,0,ARITON,11,11,November,2010,5,Thursday,9,26,0,4,3,246,35.32839722,-92.11693889,12,1,0,1,0,0,1,0
50431,ARKANSAS,AR,2,0,2,69,0,ASHFORD,11,11,November,2010,5,Thursday,22,38,1,2,2,78,34.14423889,-92.10465556,12,6,0,1,0,0,1,1
50432,ARKANSAS,AR,1,0,2,35,0,BROOKLYN,13,11,November,2010,7,Saturday,13,9,0,6,4,0,35.21848611,-90.11511944,30,1,0,2,0,0,1,0
50433,ARKANSAS,AR,2,0,2,75,4010,BEAVERTON,12,11,November,2010,6,Friday,14,10,0,3,2,3,36.08409167,-90.93952500,12,1,0,1,0,0,1,0
50434,ARKANSAS,AR,1,0,1,99,0,BEATRICE,12,11,November,2010,6,Friday,17,1,0,3,3,158,33.75374722,-93.14921389,34,5,0,1,0,0,1,0
50435,ARKANSAS,AR,1,1,3,95,3384,ALBERTVILLE,12,11,November,2010,6,Friday,17,48,1,2,2,26,34.63352500,-91.38496389,8,6,0,1,0,0,1,1
50436,ARKANSAS,AR,2,0,5,7,0,BIBB,12,11,November,2010,6,Friday,21,29,1,2,2,74,36.17370278,-94.44302500,12,6,0,2,0,0,1,1
50437,ARKANSAS,AR,1,0,1,143,0,CANEHILL,13,11,November,2010,7,Saturday,0,39,0,4,3,57,36.09648056,-94.09678333,34,6,0,2,0,0,1,1
50438,ARKANSAS,AR,1,0,1,139,0,CALION,13,11,November,2010,7,Saturday,16,32,1,2,3,48,33.31080556,-92.68907500,42,1,0,1,0,0,1,0
50439,ARKANSAS,AR,1,0,1,111,9997,GRAHAM,16,11,November,2010,3,Tuesday,17,43,1,2,2,126,35.52730278,-90.43434722,1,6,0,2,0,0,1,0
50440,ARKANSAS,AR,1,0,2,105,0,MARION,18,11,November,2010,5,Thursday,1,30,0,3,3,31,35.03098056,-92.61809444,34,6,0,5,0,0,1,1
50441,ARKANSAS,AR,2,0,2,23,0,BLADON SPRINGS,20,11,November,2010,7,Saturday,7,1,0,3,3,98,35.54423889,-91.95565278,12,1,0,5,0,0,1,0
50442,ARKANSAS,AR,2,0,3,127,0,BURNWELL,20,11,November,2010,7,Saturday,9,42,1,2,2,148,34.81411944,-94.03957778,59,1,0,1,0,0,1,0
50443,ARKANSAS,AR,2,0,3,81,0,AUBURN,21,11,November,2010,1,Sunday,17,42,0,3,3,15,33.90760833,-94.40088333,24,6,0,1,0,0,1,0
50444,ARKANSAS,AR,1,0,1,53,1563,ATMORE,23,11,November,2010,3,Tuesday,19,13,0,4,3,55,34.08405000,-92.29880278,53,6,0,1,0,0,1,0
50445,ARKANSAS,AR,2,0,3,93,2240,BEAR CREEK,24,11,November,2010,4,Wednesday,4,50,0,2,3,15,35.88804167,-90.25775000,12,2,0,2,0,0,2,0
50446,ARKANSAS,AR,1,1,1,51,1907,CENTRAL,26,11,November,2010,6,Friday,17,30,1,13,2,9,34.49470000,-93.03823889,8,2,0,1,0,0,1,0
50447,ARKANSAS,AR,2,0,3,137,0,ALCO,27,11,November,2010,7,Saturday,0,11,0,3,3,125,35.81235000,-92.03307222,12,6,0,1,0,0,2,1
50448,ARKANSAS,AR,1,0,2,73,0,ARGO,27,11,November,2010,7,Saturday,3,30,0,5,4,0,33.27340000,-93.45950278,34,6,0,1,0,0,1,1
50449,ARKANSAS,AR,1,0,4,139,0,CALION,27,11,November,2010,7,Saturday,19,35,1,2,2,93,33.13679722,-92.49578611,35,6,0,1,0,0,1,0
50450,ARKANSAS,AR,1,0,1,43,2680,BAILEYTON,28,11,November,2010,1,Sunday,0,31,0,16,6,0,33.62348333,-91.76296111,42,6,0,1,0,0,1,1
50451,ARKANSAS,AR,1,1,2,125,570,BROOKWOOD,28,11,November,2010,1,Sunday,10,18,1,11,1,1229,34.61788056,-92.49878889,8,1,0,1,0,0,1,0
50452,ARKANSAS,AR,1,0,1,131,0,ARLINGTON,29,11,November,2010,2,Monday,7,31,0,4,3,228,35.27554444,-94.39225556,42,1,0,2,0,0,1,0
50453,ARKANSAS,AR,1,0,1,53,3550,ATMORE,11,11,November,2010,5,Thursday,14,55,0,16,4,0,34.22290833,-92.32124722,34,1,0,1,0,0,1,1
50454,ARKANSAS,AR,1,0,4,5,2730,BAKER HILL,25,4,April,2010,1,Sunday,4,30,0,6,5,0,36.31428611,-92.38941944,5,6,0,1,0,0,1,0
50455,ARKANSAS,AR,1,0,1,119,0,BELLAMY,25,10,October,2010,2,Monday,18,19,0,6,4,0,34.54099444,-92.21743611,42,6,0,1,0,0,1,0
50456,ARKANSAS,AR,1,0,1,45,0,ARITON,16,11,November,2010,3,Tuesday,11,53,0,6,4,0,35.34236389,-92.26636389,42,1,0,1,0,0,1,1
50457,ARKANSAS,AR,2,0,2,15,0,ANNISTON,2,12,December,2010,5,Thursday,12,38,1,2,2,37,36.15135556,-93.50459444,12,1,0,1,0,0,1,0
50458,ARKANSAS,AR,2,0,2,83,0,ARDMORE,2,12,December,2010,5,Thursday,13,50,0,3,3,15,35.16582778,-94.00758611,12,1,0,1,0,0,1,0
50459,ARKANSAS,AR,1,0,4,7,3390,BIBB,2,12,December,2010,5,Thursday,23,49,0,16,6,0,36.35328333,-94.11276944,34,6,0,1,0,0,1,1
50460,ARKANSAS,AR,2,0,2,55,3030,ATTALLA,3,12,December,2010,6,Friday,14,51,0,6,6,0,36.06724444,-90.45777778,12,1,0,1,0,0,1,0
50461,ARKANSAS,AR,1,0,1,97,0,AXIS,3,12,December,2010,6,Friday,16,0,0,3,3,168,34.44966667,-93.67620833,34,1,0,1,0,0,1,0
50462,ARKANSAS,AR,1,1,1,115,3230,ASHVILLE,3,12,December,2010,6,Friday,17,54,0,3,3,19,35.22374722,-93.11150278,8,6,0,1,0,0,1,0
50463,ARKANSAS,AR,2,0,7,115,3450,ASHVILLE,4,12,December,2010,7,Saturday,11,26,0,13,3,4,35.23087222,-93.14201389,12,1,0,1,0,0,1,0
50464,ARKANSAS,AR,4,0,7,5,0,BAKER HILL,4,12,December,2010,7,Saturday,11,40,1,2,2,65,36.31085000,-92.41938889,12,1,0,1,0,0,1,0
50465,ARKANSAS,AR,2,0,5,135,0,ASH FLAT,4,12,December,2010,7,Saturday,20,56,1,2,2,93,36.27427500,-91.34142500,12,2,0,1,0,0,1,0
50466,ARKANSAS,AR,2,0,5,141,0,BEE BRANCH,6,12,December,2010,2,Monday,13,49,1,2,2,78,35.69285556,-92.51211389,12,1,0,1,0,0,4,2
50467,ARKANSAS,AR,3,1,3,107,0,CARROLLTON,6,12,December,2010,2,Monday,17,45,1,2,2,208,34.51548056,-90.63316667,8,6,0,1,0,0,1,0
50468,ARKANSAS,AR,3,0,3,119,2880,BELLAMY,8,12,December,2010,4,Wednesday,8,35,1,11,1,1533,34.77546111,-92.26069444,12,1,0,1,0,0,1,1
50469,ARKANSAS,AR,1,0,1,15,0,ANNISTON,9,12,December,2010,5,Thursday,22,53,0,4,3,237,36.42532222,-93.41524722,38,6,0,1,0,0,1,0
50470,ARKANSAS,AR,1,0,1,29,3180,BORDEN SPRINGS,10,12,December,2010,6,Friday,4,57,0,4,3,18,35.18335000,-92.63791944,1,4,0,5,0,0,1,0
50471,ARKANSAS,AR,2,0,5,7,0,BIBB,10,12,December,2010,6,Friday,20,40,0,4,3,63,36.32065833,-93.98567778,12,6,0,1,0,0,1,1
50472,ARKANSAS,AR,1,0,1,11,0,BULLOCK,10,12,December,2010,6,Friday,21,20,0,3,2,50,33.66353333,-92.06199722,34,6,0,1,0,0,1,1
50473,ARKANSAS,AR,2,0,2,29,2710,BORDEN SPRINGS,11,12,December,2010,7,Saturday,16,19,1,13,3,3,35.15668889,-92.71791389,12,1,0,1,0,0,1,0
50474,ARKANSAS,AR,1,0,2,89,3280,BROWNSBORO,13,12,December,2010,2,Monday,7,59,0,4,3,80,36.24067222,-92.85138056,43,1,0,1,0,0,1,0
50475,ARKANSAS,AR,1,1,2,73,0,ARGO,13,12,December,2010,2,Monday,18,4,1,2,2,50,33.35867222,-93.62385833,8,6,0,1,0,0,1,0
50476,ARKANSAS,AR,1,0,1,127,0,BURNWELL,15,12,December,2010,4,Wednesday,11,42,0,4,3,192,34.94240000,-94.10977778,34,1,0,1,0,0,1,0
50477,ARKANSAS,AR,3,0,3,55,3030,ATTALLA,15,12,December,2010,4,Wednesday,21,23,0,16,6,0,36.07078333,-90.50532778,12,3,0,2,0,0,1,0
50478,ARKANSAS,AR,1,0,1,55,0,ATTALLA,16,12,December,2010,5,Thursday,5,3,0,3,3,33,36.01213611,-90.44138333,34,6,0,8,0,0,1,0
50479,ARKANSAS,AR,2,0,3,145,0,BALD KNOB,16,12,December,2010,5,Thursday,9,36,0,3,3,95,35.28588056,-91.76351944,12,1,0,1,0,0,1,1
50480,ARKANSAS,AR,1,0,1,29,2710,BORDEN SPRINGS,17,12,December,2010,6,Friday,9,18,1,11,1,1079,35.17430000,-92.71904167,1,1,0,1,0,0,1,0
50481,ARKANSAS,AR,1,0,1,29,0,BORDEN SPRINGS,18,12,December,2010,7,Saturday,7,10,0,4,2,162,35.15323056,-92.60337222,35,4,0,1,0,0,1,1
50482,ARKANSAS,AR,1,0,5,131,1370,ARLINGTON,18,12,December,2010,7,Saturday,18,32,0,16,6,0,35.30950556,-94.29705000,35,6,0,1,0,0,1,0
50483,ARKANSAS,AR,2,0,2,29,9997,BORDEN SPRINGS,19,12,December,2010,1,Sunday,2,50,1,1,1,1033,35.19546667,-92.79887500,1,6,0,1,0,0,1,2
50484,ARKANSAS,AR,1,0,1,125,0,BROOKWOOD,19,12,December,2010,1,Sunday,23,55,0,3,3,161,34.78247500,-92.75984167,32,6,0,1,0,0,1,0
50485,ARKANSAS,AR,1,1,1,51,1907,CENTRAL,20,12,December,2010,2,Monday,17,29,0,16,6,0,34.50551389,-93.04891944,8,6,0,1,0,0,1,0
50486,ARKANSAS,AR,1,1,1,119,2036,BELLAMY,21,12,December,2010,3,Tuesday,19,12,1,12,2,73,34.83976667,-92.15950000,8,6,0,1,0,0,1,0
50487,ARKANSAS,AR,1,1,1,119,2320,BELLAMY,21,12,December,2010,3,Tuesday,23,17,1,11,1,1393,34.73255000,-92.26219722,8,3,0,1,0,0,1,1
50488,ARKANSAS,AR,1,0,1,69,3150,ASHFORD,23,12,December,2010,5,Thursday,2,50,0,16,4,0,34.27668611,-92.13057500,32,6,0,1,0,0,1,1
50489,ARKANSAS,AR,1,1,1,73,0,ARGO,23,12,December,2010,5,Thursday,21,5,1,2,2,87,33.36031944,-93.55425000,8,6,0,1,0,0,1,0
50490,ARKANSAS,AR,1,0,1,57,0,BANKSTON,23,12,December,2010,5,Thursday,22,10,0,6,4,0,33.56521389,-93.56047222,34,6,0,1,0,0,1,1
50491,ARKANSAS,AR,1,0,1,59,0,FRANKLIN,24,12,December,2010,6,Friday,4,37,1,1,1,868,34.25218056,-92.98961111,1,6,0,1,0,0,1,1
50492,ARKANSAS,AR,2,0,3,93,0,BEAR CREEK,25,12,December,2010,7,Saturday,20,23,1,1,1,403,35.59869444,-90.11810278,1,6,0,1,0,0,1,0
50493,ARKANSAS,AR,1,0,1,85,0,BENTON,28,12,December,2010,3,Tuesday,19,15,1,1,1,1690,34.80104722,-91.99350278,21,6,0,2,0,0,1,1
50494,ARKANSAS,AR,2,0,2,79,0,COURTLAND,30,12,December,2010,5,Thursday,15,40,1,2,2,83,33.94699167,-91.84368611,12,1,0,1,0,0,1,0
50495,ARKANSAS,AR,2,0,3,119,2320,BELLAMY,30,12,December,2010,5,Thursday,15,50,0,16,6,0,34.75656389,-92.37261667,12,1,0,3,0,0,1,0
50496,ARKANSAS,AR,1,0,1,149,0,BELLEVILLE,31,12,December,2010,6,Friday,11,28,0,3,3,67,34.79216667,-93.48335278,42,1,0,1,0,0,1,0
50497,ARKANSAS,AR,1,0,2,7,3390,BIBB,31,12,December,2010,6,Friday,22,40,1,2,3,26,36.34109167,-94.09721389,38,6,0,1,0,0,1,0
50498,ARKANSAS,AR,1,0,2,113,4160,COTTONTON,17,1,January,2010,1,Sunday,9,33,0,6,6,0,34.30351111,-94.33930000,10,1,0,1,0,0,1,0
50499,ARKANSAS,AR,1,0,1,51,0,CENTRAL,17,2,February,2010,4,Wednesday,9,47,0,6,4,0,34.52891389,-93.12297222,42,1,0,1,0,0,1,0
50500,ARKANSAS,AR,1,0,1,119,2320,BELLAMY,22,3,March,2010,2,Monday,0,42,0,16,6,0,34.74852500,-92.28884722,42,3,0,8,0,0,1,1
50501,ARKANSAS,AR,2,0,2,55,3030,ATTALLA,16,7,July,2010,6,Friday,15,14,0,16,6,0,36.05621944,-90.49898611,12,1,0,1,0,0,1,0
50502,ARKANSAS,AR,1,0,1,115,0,ASHVILLE,22,7,July,2010,5,Thursday,11,57,0,4,3,40,35.38226111,-93.05267500,38,1,0,1,0,0,1,0
50503,ARKANSAS,AR,1,0,1,147,0,AUGUSTA,13,9,September,2010,2,Monday,12,50,0,3,3,28,35.00683611,-91.31664167,1,1,0,1,0,0,1,0
50504,ARKANSAS,AR,2,0,2,35,0,BROOKLYN,17,9,September,2010,6,Friday,21,10,0,3,2,52,35.27198889,-90.48837778,12,6,0,1,0,0,1,1
50505,ARKANSAS,AR,2,0,4,145,3530,BALD KNOB,3,8,August,2010,3,Tuesday,21,27,0,14,3,133,35.23964444,-91.74064722,12,6,0,1,0,0,1,1
50506,ARKANSAS,AR,2,0,5,59,3412,FRANKLIN,3,6,June,2010,5,Thursday,8,36,1,1,3,984,34.39954444,-92.82236944,12,6,0,1,0,0,1,1
50507,ARKANSAS,AR,1,0,1,103,0,DANVILLE,4,7,July,2010,1,Sunday,4,30,0,6,4,0,33.51789167,-92.79649167,34,6,0,1,0,0,1,0
50508,ARKANSAS,AR,1,0,1,77,0,ANDERSON,17,9,September,2010,6,Friday,7,10,0,4,3,21,34.76414444,-90.89989167,34,9,0,1,0,0,1,1
50510,ARKANSAS,AR,1,0,1,125,0,BROOKWOOD,22,12,December,2010,4,Wednesday,13,12,1,2,2,49,34.53816667,-92.74495000,42,1,0,1,0,0,1,1
50511,ARKANSAS,AR,1,0,1,119,2880,BELLAMY,26,12,December,2010,1,Sunday,16,32,1,11,1,128,34.82292778,-92.34270556,24,5,0,1,0,0,1,0
50513,ARKANSAS,AR,1,0,2,9,1300,BLOUNT,6,3,March,2010,7,Saturday,16,49,0,6,4,0,36.15968889,-92.93651389,1,1,0,1,0,0,1,0
50514,ARKANSAS,AR,1,0,1,29,0,BORDEN SPRINGS,18,3,March,2010,5,Thursday,15,4,0,3,3,59,35.12283889,-92.83445000,42,1,0,1,0,0,1,0
50515,ARKANSAS,AR,1,1,1,119,2880,BELLAMY,23,4,April,2010,6,Friday,22,57,0,13,3,168,34.75888056,-92.28081111,9,2,0,1,0,0,1,0
50516,ARKANSAS,AR,1,0,1,29,0,BORDEN SPRINGS,8,6,June,2010,3,Tuesday,9,50,0,6,4,0,35.09752778,-92.99156389,72,1,0,1,0,0,1,0
50517,ARKANSAS,AR,1,1,2,25,2160,BARLOW BEND,12,6,June,2010,7,Saturday,18,17,0,6,6,0,33.85560833,-92.30062778,8,5,0,1,0,0,1,0
50518,ARKANSAS,AR,1,0,3,131,0,ARLINGTON,9,7,July,2010,6,Friday,18,11,1,2,2,69,35.15675833,-94.27458333,5,1,0,1,0,0,1,0
50519,ARKANSAS,AR,2,0,3,149,0,BELLEVILLE,14,7,July,2010,4,Wednesday,15,3,0,4,3,34,34.97063056,-93.23979722,12,1,0,1,0,0,1,0
50520,ARKANSAS,AR,1,0,1,21,3130,CHILTON,5,8,August,2010,5,Thursday,99,99,0,6,6,0,36.38543889,-90.18350000,34,2,0,1,0,0,1,0
50521,ARKANSAS,AR,1,0,1,17,2210,CHAMBERS,29,8,August,2010,1,Sunday,8,18,0,6,4,0,33.23451389,-91.32259444,34,1,0,1,0,99,1,1
80001,COLORADO,CO,3,0,5,59,0,FRANKLIN,5,1,January,2010,3,Tuesday,19,2,1,2,2,2296,39.46654167,-105.38346111,12,2,0,1,0,0,2,0
80002,COLORADO,CO,2,0,2,59,1435,FRANKLIN,5,1,January,2010,3,Tuesday,21,26,0,13,3,42,39.71488611,-105.05327778,12,3,0,1,0,0,1,1
80003,COLORADO,CO,1,0,1,69,0,ASHFORD,1,1,January,2010,6,Friday,14,30,0,4,4,86,40.75731944,-105.36163889,23,1,0,1,0,0,1,0
80004,COLORADO,CO,2,0,4,103,0,DANVILLE,19,1,January,2010,3,Tuesday,7,10,0,3,3,398,40.02435000,-107.94320000,12,4,0,4,0,0,1,0
80005,COLORADO,CO,2,0,2,123,0,ALEXANDER CITY,11,1,January,2010,2,Monday,8,40,1,1,1,255,40.00445000,-104.71031111,12,1,0,1,0,0,1,0
80006,COLORADO,CO,2,0,4,59,0,FRANKLIN,23,1,January,2010,7,Saturday,16,55,1,13,4,0,39.60970000,-105.07259167,12,5,0,1,0,0,1,0
80007,COLORADO,CO,3,0,6,41,0,BRANTLEY,29,1,January,2010,6,Friday,19,20,1,11,1,1330,38.73881944,-104.74700278,1,2,0,1,0,0,1,0
80008,COLORADO,CO,1,0,1,123,0,ALEXANDER CITY,25,1,January,2010,2,Monday,0,30,0,6,4,0,40.56785833,-104.01370000,35,2,0,6,0,0,1,1
80009,COLORADO,CO,2,1,3,59,1435,FRANKLIN,24,1,January,2010,1,Sunday,17,48,0,13,2,2936,39.74028611,-105.06631389,8,3,0,1,0,0,1,0
80010,COLORADO,CO,2,0,2,59,2555,FRANKLIN,16,1,January,2010,7,Saturday,12,19,0,14,6,0,39.76208889,-105.06501944,12,1,0,1,0,0,1,0
80011,COLORADO,CO,1,0,1,1,0,AUTAUGA,27,1,January,2010,4,Wednesday,0,1,0,16,4,0,39.87150556,-104.73237778,31,2,0,1,0,0,1,1
80012,COLORADO,CO,1,0,1,87,0,ARMSTRONG,28,1,January,2010,5,Thursday,7,26,1,1,1,856,40.26788889,-103.69863056,1,1,0,4,0,0,1,0
80013,COLORADO,CO,1,0,1,35,0,BROOKLYN,30,1,January,2010,7,Saturday,14,15,1,2,2,1934,39.47446944,-104.99077222,43,1,0,1,0,0,1,0
80014,COLORADO,CO,2,0,3,59,1435,FRANKLIN,30,1,January,2010,7,Saturday,7,24,1,12,2,2801,39.72555833,-105.09513333,12,1,0,1,0,0,1,0
80015,COLORADO,CO,2,0,2,35,1952,BROOKLYN,30,1,January,2010,7,Saturday,21,10,0,13,3,569,39.47858333,-104.75813056,12,3,0,1,0,0,1,1
80016,COLORADO,CO,2,0,3,13,0,BOLLING,4,2,February,2010,5,Thursday,17,58,0,4,3,46,39.96121389,-105.20050556,12,2,0,1,0,0,1,0
80017,COLORADO,CO,2,0,6,39,0,ANDALUSIA,8,2,February,2010,2,Monday,8,5,1,1,1,3549,39.28791667,-103.78949722,31,1,0,4,0,0,2,0
80018,COLORADO,CO,2,0,4,83,0,ARDMORE,10,2,February,2010,4,Wednesday,16,4,0,5,4,0,37.60838889,-108.75582222,12,1,0,1,0,0,1,0
80019,COLORADO,CO,1,0,2,125,0,BROOKWOOD,11,2,February,2010,5,Thursday,12,58,0,6,4,0,40.08471944,-102.17931667,10,1,0,1,0,0,2,0
80020,COLORADO,CO,1,1,1,59,1435,FRANKLIN,12,2,February,2010,6,Friday,22,5,1,13,3,139,39.74400278,-105.08140556,8,3,0,1,0,0,1,0
80021,COLORADO,CO,1,0,1,59,0,FRANKLIN,13,2,February,2010,7,Saturday,15,15,1,12,3,63,39.62874444,-105.15781111,59,1,0,1,0,0,1,1
80022,COLORADO,CO,2,0,5,107,0,CARROLLTON,13,2,February,2010,7,Saturday,18,25,1,2,2,1173,40.48508889,-107.09623056,12,2,0,1,0,0,1,0
80023,COLORADO,CO,2,0,7,41,430,BRANTLEY,14,2,February,2010,1,Sunday,2,13,0,13,6,0,38.81748611,-104.78054444,12,3,0,1,0,0,1,2
80024,COLORADO,CO,4,0,4,31,600,COFFEE,15,2,February,2010,2,Monday,22,39,0,14,6,0,39.75481667,-105.02993611,12,3,0,1,0,0,1,1
80025,COLORADO,CO,1,0,1,23,0,BLADON SPRINGS,20,2,February,2010,7,Saturday,16,17,0,3,3,303,37.21686944,-105.48180833,1,1,0,1,0,0,1,0
80026,COLORADO,CO,1,0,3,73,0,ARGO,21,2,February,2010,1,Sunday,8,57,0,3,3,768,38.91235000,-103.70101111,1,1,0,1,0,0,1,0
80027,COLORADO,CO,1,0,2,59,1435,FRANKLIN,23,2,February,2010,3,Tuesday,19,46,0,15,6,0,39.65955278,-105.09934167,42,3,0,1,0,0,1,0
80028,COLORADO,CO,1,0,1,119,0,BELLAMY,27,2,February,2010,7,Saturday,12,45,0,3,3,617,38.84436944,-105.14427778,1,1,0,1,0,0,1,0
80029,COLORADO,CO,2,0,4,123,1070,ALEXANDER CITY,2,2,February,2010,3,Tuesday,7,18,0,14,6,0,40.44102222,-104.74297500,12,1,0,1,1,0,1,0
80030,COLORADO,CO,2,0,3,35,0,BROOKLYN,26,2,February,2010,6,Friday,7,6,0,3,4,0,39.51073056,-104.92220000,12,1,0,1,0,0,1,0
80031,COLORADO,CO,1,1,1,123,780,ALEXANDER CITY,20,2,February,2010,7,Saturday,3,25,1,12,2,2645,40.37519444,-104.69445556,8,2,0,1,0,0,1,0
80032,COLORADO,CO,1,0,1,35,1952,BROOKLYN,20,2,February,2010,7,Saturday,20,54,0,13,3,615,39.54411111,-104.77196111,33,3,0,4,0,0,1,0
80033,COLORADO,CO,3,0,6,13,1390,BOLLING,22,2,February,2010,2,Monday,18,13,1,13,2,3018,39.97236667,-105.09008889,12,3,0,1,0,0,1,0
80034,COLORADO,CO,2,0,4,41,0,BRANTLEY,13,2,February,2010,7,Saturday,5,20,0,3,3,341,38.64348889,-104.86468333,12,2,0,1,0,0,2,1
80035,COLORADO,CO,2,0,3,101,0,BOYLSTON,3,3,March,2010,4,Wednesday,15,55,1,2,2,3252,38.27302222,-104.44023889,12,1,0,1,0,0,1,0