ST_CASE,State Name,State Abbreviation,VE_TOTAL,Pedestrains,Total_Persons_in_accident,COUNTY,CITY,City_County_Name,Calendar_DAY,MONTH,Month_Name,YEAR,DAY_WEEK,Day_Week_desc,HOUR,MINUTE,NHS_Desc,trafficway,ROUTE,MILEPT,LATITUDE,LONGITUD,First_Crash_event,Light_cond_desc,Weather_condition,WEATHER,SCH_BUS,Crash_cause,FATALS,DRUNK_DR
80194,COLORADO,CO,2,0,3,5,110,BAKER HILL,21,7,July,2010,4,Wednesday,22,57,0,13,3,100,39.72560000,-104.82585000,12,3,0,1,0,0,1,0
80195,COLORADO,CO,1,0,2,1,434,AUTAUGA,21,7,July,2010,4,Wednesday,13,1,1,11,1,25,39.79950278,-104.93283889,1,1,0,1,0,0,1,0
80196,COLORADO,CO,1,0,1,29,0,BORDEN SPRINGS,24,7,July,2010,7,Saturday,15,15,0,3,3,166,38.97404722,-107.94220833,1,1,0,1,0,0,1,1
80197,COLORADO,CO,3,0,3,31,600,COFFEE,26,7,July,2010,2,Monday,1,27,0,15,6,0,39.77367222,-104.92231667,14,3,0,1,0,0,2,0
80198,COLORADO,CO,1,0,1,65,0,CYPRESS,26,7,July,2010,2,Monday,2,0,0,3,3,85,39.35459722,-106.21465000,31,2,0,1,0,0,1,1
80199,COLORADO,CO,2,1,3,101,2050,BOYLSTON,27,7,July,2010,3,Tuesday,21,23,0,13,3,570,38.27104722,-104.59167500,8,3,0,1,0,0,1,0
80200,COLORADO,CO,1,0,1,41,430,BRANTLEY,12,7,July,2010,2,Monday,15,55,0,16,6,0,38.89760556,-104.84105000,33,1,0,1,0,0,1,0
80201,COLORADO,CO,1,1,1,41,430,BRANTLEY,15,7,July,2010,5,Thursday,21,26,1,2,2,3194,38.92291667,-104.62014167,8,3,0,1,0,0,1,0
80202,COLORADO,CO,1,0,1,117,0,BIRMINGHAM,28,7,July,2010,4,Wednesday,19,25,1,1,1,2023,39.59180000,-106.09740278,31,3,0,2,0,0,1,0
80203,COLORADO,CO,1,0,3,43,0,BAILEYTON,29,7,July,2010,5,Thursday,17,5,0,4,4,0,38.46116944,-105.09766111,53,1,0,1,0,0,3,0
80204,COLORADO,CO,1,2,1,83,450,ARDMORE,7,7,July,2010,4,Wednesday,21,29,1,13,2,392,37.34885833,-108.57056944,8,3,0,1,0,0,1,0
80205,COLORADO,CO,1,0,2,1,2427,AUTAUGA,25,7,July,2010,1,Sunday,0,17,0,15,6,0,39.85989167,-104.95001667,1,3,0,1,0,0,1,1
80206,COLORADO,CO,1,0,1,1,0,AUTAUGA,2,7,July,2010,6,Friday,5,40,1,11,1,2170,39.82878889,-104.98244444,24,1,0,1,0,0,1,0
80207,COLORADO,CO,3,0,3,31,600,COFFEE,13,7,July,2010,3,Tuesday,10,16,0,13,6,0,39.71309722,-104.91273056,12,1,0,1,0,0,1,0
80208,COLORADO,CO,1,1,1,31,600,COFFEE,23,7,July,2010,6,Friday,11,1,0,13,3,133,39.71118333,-105.01447222,8,1,0,1,0,0,1,0
80209,COLORADO,CO,2,0,2,77,1040,ANDERSON,2,8,August,2010,2,Monday,21,35,0,13,6,0,39.09180833,-108.50017222,12,3,0,1,0,0,1,1
80210,COLORADO,CO,2,0,4,67,0,ABBEVILLE,2,8,August,2010,2,Monday,6,10,0,4,3,167,37.16906389,-107.71379167,12,4,0,2,0,0,1,0
80211,COLORADO,CO,2,0,3,59,0,FRANKLIN,3,8,August,2010,3,Tuesday,22,46,1,13,3,23,39.58075833,-105.08723056,12,3,0,1,0,0,1,0
80212,COLORADO,CO,1,0,1,115,0,ASHVILLE,4,8,August,2010,4,Wednesday,13,5,0,4,2,437,40.93611111,-102.51278889,52,1,0,1,0,0,1,0
80213,COLORADO,CO,1,0,2,69,0,ASHFORD,5,8,August,2010,5,Thursday,11,50,1,11,1,2664,40.53891389,-104.99550000,1,1,0,1,0,0,1,0
80214,COLORADO,CO,1,0,1,51,0,CENTRAL,5,8,August,2010,5,Thursday,12,45,1,2,2,1208,38.39034167,-107.43938611,41,1,0,1,0,0,1,0
80215,COLORADO,CO,1,0,1,45,0,ARITON,5,8,August,2010,5,Thursday,23,59,0,6,4,25,39.58114722,-107.66146667,1,2,0,1,0,0,1,1
80216,COLORADO,CO,1,0,1,29,0,BORDEN SPRINGS,7,8,August,2010,7,Saturday,20,50,0,3,3,62,38.85885000,-107.63785000,31,2,0,2,0,0,1,1
80217,COLORADO,CO,2,0,4,69,0,ASHFORD,8,8,August,2010,1,Sunday,14,50,0,4,4,0,40.75510556,-105.01924444,12,1,0,1,0,0,1,0
80218,COLORADO,CO,2,0,2,101,2050,BOYLSTON,7,8,August,2010,7,Saturday,9,5,0,14,2,13,38.25254722,-104.60652500,12,1,0,1,0,0,1,0
80219,COLORADO,CO,1,0,2,91,0,DAYTON,10,8,August,2010,3,Tuesday,17,0,1,2,2,1145,38.29103056,-107.77001944,31,1,0,1,0,0,1,0
80220,COLORADO,CO,1,1,1,83,0,ARDMORE,11,8,August,2010,4,Wednesday,10,30,1,13,2,350,37.30940556,-108.61131389,8,1,0,1,0,0,1,0
80221,COLORADO,CO,2,0,2,17,0,CHAMBERS,9,8,August,2010,2,Monday,11,33,0,2,2,4689,38.81507500,-102.36940556,12,1,0,1,0,0,1,0
80222,COLORADO,CO,1,0,2,1,434,AUTAUGA,12,8,August,2010,5,Thursday,4,58,0,13,6,0,39.87447500,-104.77186389,1,2,0,1,0,0,1,1
80223,COLORADO,CO,1,0,1,13,0,BOLLING,12,8,August,2010,5,Thursday,16,20,0,3,3,439,40.07513333,-105.50735000,31,1,0,1,0,0,1,1
80224,COLORADO,CO,1,0,1,31,600,COFFEE,13,8,August,2010,6,Friday,3,0,0,15,6,0,39.70397222,-105.03811389,38,2,0,1,0,0,1,1
80225,COLORADO,CO,1,0,2,55,0,ATTALLA,13,8,August,2010,6,Friday,20,7,1,2,2,3005,37.59733889,-104.86098889,1,5,0,1,0,0,1,1
80226,COLORADO,CO,3,0,5,21,315,CHILTON,14,8,August,2010,7,Saturday,1,30,0,4,3,225,37.28355000,-106.11100556,38,3,0,1,0,0,3,1
80227,COLORADO,CO,1,0,1,61,0,BELLWOOD,14,8,August,2010,7,Saturday,6,15,0,6,4,0,38.50983056,-102.21675556,1,4,0,1,0,0,1,0
80228,COLORADO,CO,1,0,1,59,0,FRANKLIN,15,8,August,2010,1,Sunday,12,0,0,3,4,0,39.39580833,-105.27981944,18,1,0,1,0,0,1,0
80229,COLORADO,CO,2,0,2,5,740,BAKER HILL,3,8,August,2010,3,Tuesday,23,43,0,13,6,0,39.67866667,-105.01332500,12,3,0,1,0,0,1,1
80230,COLORADO,CO,1,0,1,69,0,ASHFORD,18,8,August,2010,4,Wednesday,11,5,0,4,4,0,40.47410000,-105.11569167,1,1,0,1,0,0,1,1
80231,COLORADO,CO,1,0,3,77,0,ANDERSON,13,8,August,2010,6,Friday,19,36,0,5,4,0,38.83739167,-108.56561667,1,1,0,1,0,0,1,0
80232,COLORADO,CO,1,0,1,97,0,AXIS,21,8,August,2010,7,Saturday,23,45,1,13,3,334,39.27625000,-106.89393056,1,2,0,1,0,0,1,1
80233,COLORADO,CO,1,0,1,33,0,CHEROKEE,20,8,August,2010,6,Friday,14,10,0,3,3,560,37.77998889,-107.94648889,1,1,0,1,0,0,1,1
80234,COLORADO,CO,1,1,1,1,230,AUTAUGA,6,8,August,2010,6,Friday,23,8,0,16,6,0,39.98859167,-104.80695278,9,3,0,1,0,0,1,0
80235,COLORADO,CO,1,0,1,13,0,BOLLING,27,8,August,2010,6,Friday,8,15,0,3,3,282,39.97161111,-105.47221111,1,1,0,1,0,0,1,0
80236,COLORADO,CO,1,1,2,101,0,BOYLSTON,28,8,August,2010,7,Saturday,0,15,1,1,1,1113,38.44843889,-104.60567500,8,2,0,1,0,0,1,0
80237,COLORADO,CO,1,0,2,45,0,ARITON,29,8,August,2010,1,Sunday,6,30,1,1,1,1134,39.56083889,-107.37826944,1,4,0,1,0,0,1,0
80238,COLORADO,CO,2,0,2,59,0,FRANKLIN,30,8,August,2010,2,Monday,9,40,1,2,2,2438,39.58702222,-105.22121944,12,1,0,1,0,0,1,0
80239,COLORADO,CO,1,0,2,123,1070,ALEXANDER CITY,29,8,August,2010,1,Sunday,16,34,1,12,2,2660,40.39430556,-104.68075278,24,1,0,1,0,0,2,1
80240,COLORADO,CO,1,0,1,1,0,AUTAUGA,31,8,August,2010,3,Tuesday,2,0,0,3,2,1084,39.73980833,-104.09986667,11,2,0,1,0,0,1,0
80241,COLORADO,CO,1,1,1,9,0,BLOUNT,31,8,August,2010,3,Tuesday,20,50,0,3,2,4817,37.38176389,-102.30146944,15,2,0,1,0,0,1,0
80242,COLORADO,CO,2,0,3,123,870,ALEXANDER CITY,13,8,August,2010,6,Friday,9,14,1,13,2,2427,40.09463889,-104.81220833,12,1,0,1,0,0,1,0
80243,COLORADO,CO,1,0,3,1,230,AUTAUGA,22,8,August,2010,1,Sunday,23,44,0,14,6,0,40.00047222,-104.79426667,35,2,0,1,0,0,1,1
80244,COLORADO,CO,1,0,4,119,510,BELLAMY,28,8,August,2010,7,Saturday,1,9,0,4,5,0,38.74725833,-105.18857222,1,2,0,1,0,0,1,0
80245,COLORADO,CO,1,0,1,45,990,ARITON,30,8,August,2010,2,Monday,18,31,0,14,6,0,39.53111389,-107.32882500,35,1,0,1,0,0,1,1
80246,COLORADO,CO,2,0,3,31,600,COFFEE,22,8,August,2010,1,Sunday,1,25,0,13,6,0,39.67854167,-104.97987778,12,3,0,1,0,0,2,0
80247,COLORADO,CO,2,0,4,13,1390,BOLLING,29,8,August,2010,1,Sunday,11,51,0,14,6,0,39.99691667,-105.07430000,12,1,0,1,0,0,1,0
80248,COLORADO,CO,1,0,2,53,1420,ATMORE,31,8,August,2010,3,Tuesday,22,45,0,3,3,720,38.02529444,-107.31735833,42,3,0,1,0,0,1,1
80249,COLORADO,CO,2,0,2,31,600,COFFEE,27,8,August,2010,6,Friday,0,50,0,13,6,0,39.69663056,-104.98745833,12,3,0,1,0,0,1,2
80250,COLORADO,CO,1,0,1,77,0,ANDERSON,2,9,September,2010,5,Thursday,17,0,0,14,3,47,39.11295000,-108.70048056,31,1,0,1,0,0,1,0
80251,COLORADO,CO,1,0,1,123,1070,ALEXANDER CITY,2,9,September,2010,5,Thursday,22,12,0,14,6,0,40.40488889,-104.69709722,33,3,0,1,0,0,1,0
80252,COLORADO,CO,1,0,1,121,0,BON AIR,4,9,September,2010,7,Saturday,15,45,0,6,4,0,39.56615556,-103.18643056,1,1,0,1,0,0,1,0
80253,COLORADO,CO,1,1,1,3,0,BALDWIN,4,9,September,2010,7,Saturday,21,50,1,2,7,331,37.45466111,-105.87813333,8,2,0,1,0,0,1,0
80254,COLORADO,CO,1,0,4,69,0,ASHFORD,6,9,September,2010,2,Monday,5,10,1,2,2,3820,40.96463611,-105.37317222,17,2,0,1,0,0,1,0
80255,COLORADO,CO,2,0,7,87,0,ARMSTRONG,4,9,September,2010,7,Saturday,15,5,1,1,1,651,40.23988889,-104.07179444,1,1,0,1,0,0,1,1
80256,COLORADO,CO,1,0,3,49,0,COLLINSVILLE,4,9,September,2010,7,Saturday,19,5,0,6,4,0,40.17380833,-106.39636667,1,5,0,1,0,0,1,1
80257,COLORADO,CO,1,0,4,101,0,BOYLSTON,7,9,September,2010,3,Tuesday,16,15,1,1,1,917,38.17590000,-104.63437778,1,1,0,1,0,0,1,0
80258,COLORADO,CO,1,0,3,13,1540,BOLLING,8,9,September,2010,4,Wednesday,19,49,0,13,6,0,39.98683333,-105.14211389,33,5,0,1,0,0,1,1
80259,COLORADO,CO,2,0,2,41,0,BRANTLEY,9,9,September,2010,5,Thursday,20,30,0,16,4,0,38.97320000,-104.60764167,1,2,0,1,0,0,1,0
80260,COLORADO,CO,2,0,2,77,1040,ANDERSON,10,9,September,2010,6,Friday,10,51,0,15,6,0,39.09047778,-108.59886389,12,1,0,1,0,0,1,0
80261,COLORADO,CO,3,0,4,101,0,BOYLSTON,11,9,September,2010,7,Saturday,19,59,0,3,2,74,38.24484444,-104.49683889,12,2,0,1,0,0,2,1
80262,COLORADO,CO,2,0,3,101,2050,BOYLSTON,11,9,September,2010,7,Saturday,18,26,0,13,6,0,38.24581944,-104.64379444,12,1,0,1,0,0,1,1
80263,COLORADO,CO,1,0,2,93,0,BEAR CREEK,13,9,September,2010,2,Monday,17,10,0,3,2,2531,39.04776944,-105.54363889,1,1,0,1,0,0,1,0
80264,COLORADO,CO,1,0,1,41,0,BRANTLEY,15,9,September,2010,4,Wednesday,22,27,0,13,3,243,39.04873333,-104.76383611,1,2,0,1,0,0,1,1
80265,COLORADO,CO,1,0,1,35,0,BROOKLYN,16,9,September,2010,5,Thursday,15,38,1,2,2,1921,39.45578056,-104.98126389,18,1,0,1,0,0,1,0
80266,COLORADO,CO,2,0,3,77,0,ANDERSON,10,9,September,2010,6,Friday,8,0,0,3,3,1042,38.60229167,-108.93026389,12,1,0,1,0,0,1,0
80267,COLORADO,CO,1,0,4,29,0,BORDEN SPRINGS,18,9,September,2010,7,Saturday,16,50,1,2,2,603,38.77615000,-108.23120000,1,1,0,1,0,0,1,0
80268,COLORADO,CO,2,0,2,101,2050,BOYLSTON,7,9,September,2010,3,Tuesday,16,22,0,13,3,568,38.27096944,-104.59471667,1,1,0,1,0,0,1,0
80269,COLORADO,CO,1,0,1,123,0,ALEXANDER CITY,21,9,September,2010,3,Tuesday,17,19,0,6,4,0,40.26085000,-104.79985833,10,1,0,1,0,0,1,0
80270,COLORADO,CO,1,0,2,45,0,ARITON,23,9,September,2010,5,Thursday,16,38,0,3,3,345,39.59538056,-108.81123056,24,1,0,1,0,0,1,0
80271,COLORADO,CO,1,1,3,69,860,ASHFORD,18,9,September,2010,7,Saturday,22,36,0,14,6,0,40.58148056,-105.07195833,8,3,0,1,0,0,1,0
80272,COLORADO,CO,1,0,1,101,0,BOYLSTON,25,9,September,2010,7,Saturday,2,25,1,1,1,1118,38.45570000,-104.60671111,1,2,0,1,0,0,1,1
80273,COLORADO,CO,1,0,1,71,0,BRIDGEPORT,25,9,September,2010,7,Saturday,9,27,1,1,1,220,37.28191944,-104.51486944,1,1,0,1,0,0,1,0
80274,COLORADO,CO,1,0,1,1,2427,AUTAUGA,26,9,September,2010,1,Sunday,2,10,1,13,6,0,39.88479444,-104.95551111,33,3,0,1,0,0,1,1
80275,COLORADO,CO,2,0,2,59,1435,FRANKLIN,9,9,September,2010,5,Thursday,15,52,1,13,3,106,39.69662778,-105.08163611,12,1,0,1,0,0,1,0
80276,COLORADO,CO,1,0,1,117,0,BIRMINGHAM,2,9,September,2010,5,Thursday,16,5,0,4,4,41,39.80691111,-106.10456944,24,1,0,1,0,0,1,0
80277,COLORADO,CO,2,0,3,87,0,ARMSTRONG,16,9,September,2010,5,Thursday,16,40,0,2,2,1760,40.26309444,-103.55590556,12,1,0,1,0,0,1,0
80278,COLORADO,CO,1,1,1,31,600,COFFEE,24,9,September,2010,6,Friday,22,22,0,13,3,48,39.72321111,-105.05325556,8,3,0,1,0,0,1,0
80279,COLORADO,CO,2,0,2,17,0,CHAMBERS,29,9,September,2010,4,Wednesday,3,10,1,2,2,1271,38.67673056,-102.78595000,12,2,0,1,0,0,1,0
80280,COLORADO,CO,1,0,1,123,910,ALEXANDER CITY,4,9,September,2010,7,Saturday,20,40,0,16,6,0,40.08509722,-104.98419444,1,1,0,1,0,0,1,0
80281,COLORADO,CO,3,0,3,5,110,BAKER HILL,28,9,September,2010,3,Tuesday,10,10,0,14,6,0,39.69651111,-104.77780278,12,1,0,1,0,0,1,0
80282,COLORADO,CO,2,0,2,13,0,BOLLING,30,9,September,2010,5,Thursday,12,45,1,2,2,3109,40.09507500,-105.10290000,12,1,0,1,0,0,1,0
80283,COLORADO,CO,3,0,3,9,0,BLOUNT,29,9,September,2010,4,Wednesday,22,11,1,2,2,221,37.28606944,-102.61546389,12,2,0,1,0,0,1,0
80284,COLORADO,CO,4,0,5,41,430,BRANTLEY,27,9,September,2010,2,Monday,17,43,0,13,6,0,38.92581667,-104.77532500,12,1,0,1,0,0,1,0
80285,COLORADO,CO,1,0,1,45,2280,ARITON,4,9,September,2010,7,Saturday,14,57,0,5,5,0,39.55477500,-107.66230833,33,1,0,1,0,0,1,0
80286,COLORADO,CO,1,1,1,31,600,COFFEE,30,9,September,2010,5,Thursday,6,36,0,16,6,0,39.71782500,-105.02570278,8,2,0,1,0,0,1,0
80287,COLORADO,CO,1,0,1,123,0,ALEXANDER CITY,1,9,September,2010,4,Wednesday,15,0,0,6,4,0,40.61147778,-104.06505833,1,1,0,1,0,0,1,1
80288,COLORADO,CO,1,0,2,1,800,AUTAUGA,22,9,September,2010,4,Wednesday,1,46,1,13,2,2916,39.86874444,-105.02505833,1,3,0,1,0,0,2,1
80289,COLORADO,CO,1,0,3,1,2550,AUTAUGA,19,9,September,2010,1,Sunday,1,54,0,14,6,0,39.84181111,-105.04721944,1,3,0,1,0,0,1,1
80290,COLORADO,CO,1,1,1,123,1300,ALEXANDER CITY,27,9,September,2010,2,Monday,17,20,0,15,3,95,40.33473889,-104.91250556,9,5,0,1,0,0,1,0
80291,COLORADO,CO,1,1,1,31,600,COFFEE,20,9,September,2010,2,Monday,5,22,0,13,3,133,39.71119167,-105.01486111,8,4,0,1,0,0,1,0
80292,COLORADO,CO,1,0,2,21,0,CHILTON,1,10,October,2010,6,Friday,18,36,0,6,4,0,37.31255556,-105.83451944,1,5,0,1,0,0,1,0
80293,COLORADO,CO,1,0,1,97,0,AXIS,2,10,October,2010,7,Saturday,15,0,0,3,3,477,39.13387500,-107.26361389,1,1,0,1,0,0,1,1
80294,COLORADO,CO,2,0,3,93,0,BEAR CREEK,3,10,October,2010,1,Sunday,14,58,1,2,2,1895,39.27930000,-105.91663889,12,1,0,1,0,0,1,0
80295,COLORADO,CO,2,0,3,31,600,COFFEE,2,10,October,2010,7,Saturday,5,50,0,15,6,0,39.68918056,-105.02971667,12,3,0,1,0,0,1,1
80296,COLORADO,CO,2,0,2,1,434,AUTAUGA,3,10,October,2010,1,Sunday,11,0,0,16,6,0,39.80788056,-104.91286667,12,1,0,1,0,0,1,0
80297,COLORADO,CO,1,0,3,73,0,ARGO,6,10,October,2010,4,Wednesday,5,40,0,4,4,0,38.74941111,-103.64469444,1,2,0,1,0,0,1,0
80298,COLORADO,CO,1,0,1,17,0,CHAMBERS,7,10,October,2010,5,Thursday,13,30,0,6,4,0,38.78467222,-102.70312778,10,1,0,1,0,0,1,0
80299,COLORADO,CO,2,0,2,125,0,BROOKWOOD,8,10,October,2010,6,Friday,13,48,0,3,2,2035,39.69766667,-102.39228889,12,1,0,1,0,0,1,0
80300,COLORADO,CO,2,0,4,123,0,ALEXANDER CITY,8,10,October,2010,6,Friday,18,4,0,3,3,505,40.20458056,-104.83868056,12,1,0,1,0,0,1,1
80301,COLORADO,CO,1,0,1,69,0,ASHFORD,9,10,October,2010,7,Saturday,13,10,0,3,3,1018,40.68978889,-105.43098889,18,1,0,1,0,0,1,0
80302,COLORADO,CO,1,0,7,123,0,ALEXANDER CITY,13,10,October,2010,4,Wednesday,1,45,0,5,4,0,40.56629722,-104.94410278,24,2,0,1,0,0,1,1
80303,COLORADO,CO,2,0,2,1,2427,AUTAUGA,1,10,October,2010,6,Friday,0,23,0,13,6,0,39.87048611,-104.94855278,12,3,0,1,0,0,1,1
80304,COLORADO,CO,1,0,1,13,0,BOLLING,13,10,October,2010,4,Wednesday,11,20,0,3,3,516,40.14428333,-105.48071944,53,1,0,1,0,0,1,0
80305,COLORADO,CO,2,0,2,123,1800,ALEXANDER CITY,14,10,October,2010,5,Thursday,19,10,0,3,2,2890,40.71045000,-104.78220556,12,2,0,1,0,0,1,1
80306,COLORADO,CO,2,0,8,83,0,ARDMORE,14,10,October,2010,5,Thursday,19,9,1,2,2,183,37.08930278,-108.73280556,12,5,0,1,0,0,3,0
80307,COLORADO,CO,1,1,3,77,1040,ANDERSON,14,10,October,2010,5,Thursday,19,50,0,14,6,0,39.07396389,-108.57087500,15,3,0,1,0,0,1,0
80308,COLORADO,CO,2,0,6,55,0,ATTALLA,9,10,October,2010,7,Saturday,8,30,0,3,3,168,37.74095556,-104.49888333,12,1,0,1,0,0,1,0
80309,COLORADO,CO,1,0,2,81,0,AUBURN,16,10,October,2010,7,Saturday,11,45,0,6,4,257,40.56037222,-108.43135833,1,1,0,1,0,0,1,0
80310,COLORADO,CO,2,0,3,31,600,COFFEE,1,10,October,2010,6,Friday,12,45,0,13,6,0,39.67860556,-105.00761944,12,1,0,1,0,0,1,0
80311,COLORADO,CO,1,0,2,59,0,FRANKLIN,3,10,October,2010,1,Sunday,15,17,0,3,3,177,39.65323333,-105.19850000,11,1,0,1,0,0,1,0
80312,COLORADO,CO,1,0,1,71,0,BRIDGEPORT,12,10,October,2010,3,Tuesday,13,24,0,4,3,619,37.13101944,-104.62581111,1,1,0,1,0,0,1,1
80313,COLORADO,CO,1,1,1,77,1040,ANDERSON,17,10,October,2010,1,Sunday,20,10,0,13,6,0,39.10778056,-108.54347500,8,3,0,1,0,0,1,0
80314,COLORADO,CO,2,0,4,59,1435,FRANKLIN,18,10,October,2010,2,Monday,14,7,1,12,3,8,39.70174444,-105.19368333,12,1,0,1,0,0,2,0
80315,COLORADO,CO,1,0,1,31,600,COFFEE,20,10,October,2010,4,Wednesday,10,59,0,14,6,0,39.63628333,-104.89373056,1,1,0,1,0,0,1,0
80316,COLORADO,CO,1,0,3,117,0,BIRMINGHAM,22,10,October,2010,6,Friday,9,30,1,1,1,1996,39.56253611,-106.12936667,17,1,0,4,0,0,1,0
80317,COLORADO,CO,1,0,2,23,0,BLADON SPRINGS,22,10,October,2010,6,Friday,17,15,1,2,2,2492,37.47273889,-105.58071944,38,1,0,1,0,0,1,0
80318,COLORADO,CO,1,0,1,5,0,BAKER HILL,24,10,October,2010,1,Sunday,1,0,0,5,4,0,39.56594167,-104.65218056,35,2,0,1,0,0,1,1
80319,COLORADO,CO,2,0,3,123,0,ALEXANDER CITY,24,10,October,2010,1,Sunday,9,0,0,15,4,0,40.02940833,-104.94252500,12,1,0,1,0,0,2,0
80320,COLORADO,CO,2,0,7,1,110,AUTAUGA,23,10,October,2010,7,Saturday,12,23,1,11,1,115,39.76157778,-104.82776667,12,1,0,1,0,0,1,0
80321,COLORADO,CO,1,1,1,3,0,BALDWIN,24,10,October,2010,1,Sunday,13,37,0,5,4,0,37.52081944,-105.89440556,9,1,0,1,0,0,1,0
80322,COLORADO,CO,2,0,4,15,0,ANNISTON,25,10,October,2010,2,Monday,18,30,1,2,2,2211,38.85246944,-105.98334722,12,2,0,4,0,0,1,0
80323,COLORADO,CO,2,0,3,31,600,COFFEE,26,10,October,2010,3,Tuesday,23,59,0,14,6,0,39.77672500,-105.03463056,12,3,0,1,0,0,2,1
80324,COLORADO,CO,4,0,2,5,740,BAKER HILL,11,10,October,2010,2,Monday,13,54,1,13,2,2597,39.65332778,-104.99466667,42,1,0,1,0,0,2,1
80325,COLORADO,CO,1,1,1,41,430,BRANTLEY,12,10,October,2010,3,Tuesday,15,14,1,11,1,1438,38.86532778,-104.83361111,8,1,0,1,0,0,1,0
80326,COLORADO,CO,1,0,4,83,0,ARDMORE,28,10,October,2010,5,Thursday,13,14,1,2,2,31,37.04278889,-108.73928056,1,1,0,1,0,0,1,0
80327,COLORADO,CO,2,0,2,123,0,ALEXANDER CITY,28,10,October,2010,5,Thursday,18,15,1,12,2,1157,40.39176667,-104.63121111,12,5,0,1,0,0,1,1
80328,COLORADO,CO,1,1,1,13,0,BOLLING,28,10,October,2010,5,Thursday,18,51,1,12,2,444,39.94723056,-105.14948611,8,2,0,1,0,0,1,0
80329,COLORADO,CO,4,1,4,31,600,COFFEE,30,10,October,2010,7,Saturday,5,57,1,13,6,0,39.70973333,-104.88969722,8,3,0,1,0,0,1,0
80330,COLORADO,CO,2,0,3,59,0,FRANKLIN,31,10,October,2010,1,Sunday,9,25,1,2,2,2340,39.50177500,-105.32363056,12,1,0,1,0,0,2,0
80331,COLORADO,CO,2,0,2,5,110,BAKER HILL,31,10,October,2010,1,Sunday,15,26,0,13,6,0,39.67491944,-104.82038611,12,1,0,1,0,0,1,0
80332,COLORADO,CO,2,0,5,41,0,BRANTLEY,30,10,October,2010,7,Saturday,16,40,0,14,4,0,38.73751389,-104.64985278,12,1,0,1,0,0,1,0
80333,COLORADO,CO,1,0,1,77,0,ANDERSON,26,10,October,2010,3,Tuesday,19,38,0,15,4,0,39.08005000,-108.44076111,38,2,0,1,0,0,1,0
80334,COLORADO,CO,1,1,4,101,2050,BOYLSTON,31,10,October,2010,1,Sunday,20,32,1,11,1,1028,38.32820278,-104.61652500,8,2,0,1,0,0,1,0
80335,COLORADO,CO,2,0,2,31,600,COFFEE,6,10,October,2010,4,Wednesday,2,0,1,13,3,59,39.73826111,-104.94058611,12,3,0,1,0,0,1,1
80336,COLORADO,CO,1,1,1,123,1070,ALEXANDER CITY,21,10,October,2010,5,Thursday,10,10,0,13,2,95,40.42264722,-104.70167500,15,1,0,1,0,0,1,0
80337,COLORADO,CO,1,1,1,13,1530,BOLLING,30,10,October,2010,7,Saturday,12,33,0,13,6,0,40.17398889,-105.11648889,8,1,0,1,0,0,1,0
80338,COLORADO,CO,2,0,2,69,860,ASHFORD,21,10,October,2010,5,Thursday,5,52,0,14,6,0,40.49441389,-105.11559444,12,2,0,1,0,0,1,0
80339,COLORADO,CO,1,0,1,1,0,AUTAUGA,4,10,October,2010,2,Monday,10,6,1,11,1,59,39.81741944,-104.98191111,25,1,0,1,0,0,1,0
80340,COLORADO,CO,1,0,1,5,1520,BAKER HILL,29,10,October,2010,6,Friday,17,47,0,16,6,0,39.59393611,-104.99375833,33,5,0,1,0,0,1,0
80341,COLORADO,CO,2,0,5,123,0,ALEXANDER CITY,1,11,November,2010,2,Monday,13,40,0,3,3,173,40.08002500,-104.86947500,12,1,0,1,0,0,2,0
80342,COLORADO,CO,1,0,1,59,1435,FRANKLIN,3,11,November,2010,4,Wednesday,1,59,0,15,6,0,39.69651389,-105.19353056,31,2,0,1,0,0,1,0
80343,COLORADO,CO,2,0,2,59,0,FRANKLIN,3,11,November,2010,4,Wednesday,20,24,1,2,2,2384,39.54489444,-105.28063056,12,2,0,1,0,0,1,1
80344,COLORADO,CO,3,0,3,59,1435,FRANKLIN,3,11,November,2010,4,Wednesday,7,0,0,14,6,0,39.73132778,-105.10023889,12,4,0,1,0,0,1,1
80345,COLORADO,CO,1,0,4,35,0,BROOKLYN,1,11,November,2010,2,Monday,19,41,0,13,4,0,39.54032222,-104.96111389,33,3,0,1,0,0,1,0
80346,COLORADO,CO,1,0,1,123,0,ALEXANDER CITY,8,11,November,2010,2,Monday,23,43,0,6,4,0,40.00095556,-104.30126667,1,2,0,1,0,0,1,0
80347,COLORADO,CO,1,0,1,79,0,COURTLAND,11,11,November,2010,5,Thursday,8,25,1,2,2,1629,37.47540278,-106.86348889,1,1,0,4,0,0,1,0