ST_CASE,State Name,State Abbreviation,VE_TOTAL,Pedestrains,Total_Persons_in_accident,COUNTY,CITY,City_County_Name,Calendar_DAY,MONTH,Month_Name,YEAR,DAY_WEEK,Day_Week_desc,HOUR,MINUTE,NHS_Desc,trafficway,ROUTE,MILEPT,LATITUDE,LONGITUD,First_Crash_event,Light_cond_desc,Weather_condition,WEATHER,SCH_BUS,Crash_cause,FATALS,DRUNK_DR
80348,COLORADO,CO,1,0,1,45,0,ARITON,12,11,November,2010,6,Friday,9,0,1,1,1,1077,39.57343056,-107.47410000,35,1,0,1,0,0,1,0
80349,COLORADO,CO,1,0,1,121,0,BON AIR,13,11,November,2010,7,Saturday,13,45,1,1,1,1026,40.36532222,-103.41766111,1,1,0,1,0,0,1,0
80350,COLORADO,CO,1,0,6,101,0,BOYLSTON,14,11,November,2010,1,Sunday,11,20,1,1,1,880,38.12933056,-104.66936944,31,1,0,1,0,0,1,0
80351,COLORADO,CO,1,0,1,7,0,BIBB,12,11,November,2010,6,Friday,17,15,1,2,2,1324,37.23565000,-107.17688056,1,1,0,1,0,0,1,0
80352,COLORADO,CO,2,0,2,87,0,ARMSTRONG,5,11,November,2010,6,Friday,17,40,1,2,2,1740,40.26102500,-103.59396667,12,5,0,1,0,0,1,0
80353,COLORADO,CO,2,0,3,31,600,COFFEE,12,11,November,2010,6,Friday,12,30,0,14,6,0,39.79836667,-104.78774722,12,1,0,1,0,0,2,0
80354,COLORADO,CO,1,0,4,67,0,ABBEVILLE,19,11,November,2010,6,Friday,21,55,0,5,4,69,37.09321667,-107.78581111,42,2,0,1,0,0,1,0
80355,COLORADO,CO,2,0,2,121,0,BON AIR,20,11,November,2010,7,Saturday,8,40,0,3,2,1648,39.69919444,-103.06618611,12,1,0,5,0,0,1,0
80356,COLORADO,CO,1,1,1,55,0,ATTALLA,20,11,November,2010,7,Saturday,23,30,1,1,1,501,37.63150000,-104.76839167,8,2,0,1,0,0,1,0
80357,COLORADO,CO,1,0,2,75,0,BEAVERTON,21,11,November,2010,1,Sunday,20,15,1,1,1,1230,40.59729167,-103.18664722,1,2,0,5,0,0,1,0
80358,COLORADO,CO,1,0,5,35,0,BROOKLYN,22,11,November,2010,2,Monday,7,40,1,1,1,1678,39.19278056,-104.85155833,31,1,0,1,0,0,1,0
80359,COLORADO,CO,1,0,2,85,0,BENTON,22,11,November,2010,2,Monday,20,30,0,3,3,573,38.22264444,-108.51605278,1,2,0,1,0,0,1,1
80360,COLORADO,CO,2,0,7,77,0,ANDERSON,23,11,November,2010,3,Tuesday,18,37,1,1,7,609,39.31473889,-108.21325833,12,2,0,1,0,0,1,1
80361,COLORADO,CO,1,0,2,1,1771,AUTAUGA,28,11,November,2010,1,Sunday,1,48,0,16,6,0,39.88660556,-105.01210833,30,3,0,1,0,0,1,1
80362,COLORADO,CO,1,0,2,39,0,ANDALUSIA,28,11,November,2010,1,Sunday,15,9,0,6,4,0,39.20616389,-104.17943889,1,1,0,1,0,0,1,0
80363,COLORADO,CO,1,0,2,1,1771,AUTAUGA,18,11,November,2010,5,Thursday,11,54,1,11,1,2201,39.87101111,-104.98773333,42,1,0,1,0,0,1,0
80364,COLORADO,CO,1,0,2,15,0,ANNISTON,28,11,November,2010,1,Sunday,22,10,0,4,4,0,38.74066111,-106.08528889,38,2,0,1,0,0,1,1
80365,COLORADO,CO,2,0,2,59,1435,FRANKLIN,27,11,November,2010,7,Saturday,10,5,0,13,2,2903,39.74019167,-105.12826667,12,1,0,1,0,0,1,0
80366,COLORADO,CO,1,0,1,123,0,ALEXANDER CITY,29,11,November,2010,2,Monday,1,12,0,3,2,2989,40.85098333,-104.79533611,31,2,0,1,0,0,1,1
80367,COLORADO,CO,2,0,2,31,600,COFFEE,7,11,November,2010,1,Sunday,8,0,1,13,2,2857,39.78380556,-105.02510833,12,1,0,1,0,0,1,0
80368,COLORADO,CO,1,0,1,15,0,ANNISTON,16,11,November,2010,3,Tuesday,17,5,1,2,2,2215,38.85706944,-105.98593889,35,2,0,4,0,0,1,0
80369,COLORADO,CO,2,0,3,29,590,BORDEN SPRINGS,19,11,November,2010,6,Friday,11,29,1,2,2,676,38.76275833,-108.11245833,12,1,0,1,0,0,1,0
80370,COLORADO,CO,1,0,1,41,430,BRANTLEY,10,11,November,2010,4,Wednesday,19,35,0,14,6,0,38.91741944,-104.75318333,33,1,0,1,0,0,1,0
80371,COLORADO,CO,1,0,1,14,253,BROOMFIELD,1,12,December,2010,4,Wednesday,19,53,1,1,1,2293,40.00370833,-104.98086111,1,3,0,1,0,0,1,0
80372,COLORADO,CO,2,0,3,117,0,BIRMINGHAM,1,12,December,2010,4,Wednesday,20,50,0,2,3,941,39.57739444,-106.06175278,12,2,0,1,0,0,1,0
80373,COLORADO,CO,1,0,1,117,0,BIRMINGHAM,4,12,December,2010,7,Saturday,14,0,0,3,3,152,39.41736111,-106.17158611,48,1,0,1,0,0,1,1
80374,COLORADO,CO,1,0,2,63,0,BOLIGEE,5,12,December,2010,1,Sunday,2,30,0,6,4,0,39.33110000,-102.15911111,1,2,0,1,0,0,1,1
80375,COLORADO,CO,1,0,1,21,0,CHILTON,5,12,December,2010,1,Sunday,7,50,0,4,4,0,37.23268056,-105.91023611,38,1,0,1,0,0,1,1
80376,COLORADO,CO,1,0,1,59,1435,FRANKLIN,2,12,December,2010,5,Thursday,15,54,1,12,7,2792,39.72620278,-105.11151944,43,1,0,1,0,0,1,0
80377,COLORADO,CO,1,0,1,105,0,MARION,8,12,December,2010,4,Wednesday,8,45,0,6,4,0,37.69123889,-106.35075556,38,1,0,1,0,0,1,0
80378,COLORADO,CO,2,0,2,105,0,MARION,8,12,December,2010,4,Wednesday,14,45,1,2,2,2137,37.58203889,-106.18541944,12,1,0,1,0,0,1,0
80379,COLORADO,CO,1,0,4,123,0,ALEXANDER CITY,8,12,December,2010,4,Wednesday,17,12,0,5,4,0,40.05653056,-104.64052778,1,2,0,1,0,0,1,0
80380,COLORADO,CO,1,0,1,43,0,BAILEYTON,5,12,December,2010,1,Sunday,19,31,0,6,4,0,38.45943056,-105.02735833,1,2,0,1,0,0,1,1
80381,COLORADO,CO,3,0,7,31,600,COFFEE,10,12,December,2010,6,Friday,22,50,1,12,2,2104,39.70149722,-104.99470556,12,3,0,1,0,0,1,0
80382,COLORADO,CO,1,0,1,13,0,BOLLING,11,12,December,2010,7,Saturday,17,30,0,3,3,278,39.97207778,-105.47848611,35,2,0,1,0,0,1,1
80383,COLORADO,CO,2,0,4,55,0,ATTALLA,10,12,December,2010,6,Friday,10,17,1,2,2,2968,37.57560556,-104.91826111,31,1,0,1,0,0,1,0
80384,COLORADO,CO,1,0,2,71,0,BRIDGEPORT,13,12,December,2010,2,Monday,6,5,1,1,1,292,37.36723056,-104.58830000,24,2,0,1,0,0,1,0
80385,COLORADO,CO,1,0,1,31,600,COFFEE,4,12,December,2010,7,Saturday,11,48,1,11,1,2092,39.72465000,-105.01525833,25,1,0,1,0,0,1,0
80386,COLORADO,CO,1,0,1,5,110,BAKER HILL,13,12,December,2010,2,Monday,3,35,0,13,6,0,39.63854444,-104.78560278,33,3,0,1,0,0,1,1
80387,COLORADO,CO,1,1,3,59,1435,FRANKLIN,10,12,December,2010,6,Friday,17,10,1,13,3,122,39.72195833,-105.08166944,8,3,0,1,0,0,1,0
80388,COLORADO,CO,1,1,2,5,110,BAKER HILL,14,12,December,2010,3,Tuesday,6,22,1,13,3,50,39.68569167,-104.86592500,8,3,0,1,0,0,1,0
80389,COLORADO,CO,1,1,1,1,110,AUTAUGA,14,12,December,2010,3,Tuesday,6,26,1,13,2,3059,39.74030000,-104.83770000,8,3,0,1,0,0,1,0
80390,COLORADO,CO,2,0,3,13,1530,BOLLING,7,12,December,2010,3,Tuesday,17,31,0,14,6,0,40.15238611,-105.17831389,12,3,0,1,0,0,1,0
80391,COLORADO,CO,1,0,1,37,0,BRADFORD,17,12,December,2010,6,Friday,0,30,0,4,2,1502,39.65965556,-106.81587222,1,2,0,1,0,0,1,1
80392,COLORADO,CO,1,0,1,39,0,ANDALUSIA,17,12,December,2010,6,Friday,3,45,0,3,3,440,39.27373889,-104.09413889,31,2,0,1,0,0,1,1
80393,COLORADO,CO,2,0,3,43,0,BAILEYTON,17,12,December,2010,6,Friday,5,55,0,3,3,219,38.50051944,-104.95653889,12,2,0,4,0,0,1,0
80394,COLORADO,CO,2,0,2,123,0,ALEXANDER CITY,19,12,December,2010,1,Sunday,6,40,1,2,2,2485,40.17759444,-104.81714444,12,1,0,1,0,0,1,1
80395,COLORADO,CO,2,0,2,67,130,ABBEVILLE,20,12,December,2010,2,Monday,17,12,1,2,2,1032,37.23224722,-107.59478889,12,5,0,2,0,0,1,0
80396,COLORADO,CO,1,0,1,59,1435,FRANKLIN,20,12,December,2010,2,Monday,3,43,0,13,3,2,39.65611667,-105.11101944,33,3,0,1,0,0,1,1
80397,COLORADO,CO,2,0,4,73,0,ARGO,24,12,December,2010,6,Friday,6,4,1,2,2,4175,38.95158333,-103.22416667,31,3,0,1,0,0,1,0
80398,COLORADO,CO,2,0,4,39,0,ANDALUSIA,26,12,December,2010,1,Sunday,20,5,1,1,1,3482,39.35928056,-103.87465000,12,2,0,1,0,0,1,1
80399,COLORADO,CO,1,0,1,41,0,BRANTLEY,27,12,December,2010,2,Monday,4,45,0,6,4,0,38.98301111,-104.46344167,1,2,0,1,0,0,1,0
80400,COLORADO,CO,4,0,13,5,345,BAKER HILL,25,12,December,2010,7,Saturday,12,1,1,13,3,10,39.58060556,-104.96034444,12,1,0,1,0,0,1,0
80401,COLORADO,CO,1,1,1,81,460,AUBURN,28,12,December,2010,3,Tuesday,5,15,1,13,2,889,40.51404167,-107.58371111,8,2,0,1,0,0,1,0
80402,COLORADO,CO,2,0,2,69,0,ASHFORD,29,12,December,2010,4,Wednesday,16,40,0,15,4,0,40.58656389,-105.16203056,12,5,0,1,0,0,1,0
80403,COLORADO,CO,4,0,6,101,0,BOYLSTON,29,12,December,2010,4,Wednesday,19,30,1,1,1,1141,38.48728056,-104.62048889,54,2,0,1,0,0,1,0
80404,COLORADO,CO,2,0,2,1,230,AUTAUGA,14,12,December,2010,3,Tuesday,17,8,1,11,1,228,39.97730000,-104.74625278,12,5,0,1,0,0,1,0
80405,COLORADO,CO,2,0,2,41,430,BRANTLEY,9,12,December,2010,5,Thursday,11,0,0,13,6,0,38.79595000,-104.79299722,12,1,0,1,0,0,1,0
80406,COLORADO,CO,1,1,1,31,600,COFFEE,12,12,December,2010,1,Sunday,17,23,1,13,3,55,39.73349167,-104.94078056,8,3,0,1,0,0,1,0
80407,COLORADO,CO,2,0,6,123,1220,ALEXANDER CITY,22,12,December,2010,4,Wednesday,10,50,1,1,1,314,40.07366944,-104.64772778,12,1,0,1,0,0,1,0
80408,COLORADO,CO,2,0,2,123,1300,ALEXANDER CITY,14,12,December,2010,3,Tuesday,19,43,0,15,3,50,40.34898611,-104.98057500,12,2,0,1,0,0,1,0
80409,COLORADO,CO,1,3,1,5,1520,BAKER HILL,17,12,December,2010,6,Friday,7,34,0,13,6,0,39.58058056,-105.04689167,8,1,0,1,0,0,1,0
80410,COLORADO,CO,1,0,1,45,0,ARITON,15,11,November,2010,2,Monday,22,10,0,4,2,973,39.54831389,-107.68916389,1,2,0,1,0,0,1,1
80411,COLORADO,CO,1,0,1,101,0,BOYLSTON,20,11,November,2010,7,Saturday,22,15,0,3,3,722,38.25671944,-104.31951944,32,2,0,1,0,0,1,0
90001,CONNECTICUT,CT,1,0,3,9,790,BLOUNT,2,1,January,2010,7,Saturday,4,18,1,11,1,151,41.46713056,-72.77531944,24,2,0,1,0,0,2,0
90002,CONNECTICUT,CT,1,0,1,9,538,BLOUNT,6,1,January,2010,4,Wednesday,21,5,0,12,3,418,41.29152778,-73.03820556,42,2,0,1,0,0,1,0
90004,CONNECTICUT,CT,2,0,2,1,510,AUTAUGA,8,1,January,2010,6,Friday,1,25,1,11,1,154,41.10663889,-73.41887222,12,3,0,1,0,0,1,0
90005,CONNECTICUT,CT,1,0,1,3,229,BALDWIN,9,1,January,2010,7,Saturday,6,25,0,13,3,76,41.98543889,-72.51228056,33,4,0,1,0,0,1,1
90006,CONNECTICUT,CT,1,0,1,5,286,BAKER HILL,9,1,January,2010,7,Saturday,21,11,0,4,3,65,41.74522222,-73.07925278,59,2,0,1,0,0,1,1
90007,CONNECTICUT,CT,3,0,1,9,410,BLOUNT,10,1,January,2010,1,Sunday,10,6,0,14,3,14,41.50549167,-73.03246667,53,1,0,1,0,0,1,0
90008,CONNECTICUT,CT,1,0,1,1,80,AUTAUGA,10,1,January,2010,1,Sunday,11,56,0,14,6,0,41.19400278,-73.18866944,38,1,0,1,0,0,1,0
90009,CONNECTICUT,CT,2,1,2,15,670,ANNISTON,22,1,January,2010,6,Friday,1,22,0,4,3,167,41.93735556,-71.96770278,8,2,0,1,0,0,1,0
90010,CONNECTICUT,CT,1,0,2,15,215,ANNISTON,22,1,January,2010,6,Friday,6,44,0,4,3,6,41.89155833,-72.07078056,30,4,0,1,0,0,1,0
90011,CONNECTICUT,CT,2,0,7,3,280,BALDWIN,23,1,January,2010,7,Saturday,23,5,0,16,6,3,41.73866111,-72.70366389,12,3,0,1,0,0,1,1
90012,CONNECTICUT,CT,3,0,3,3,680,BALDWIN,25,1,January,2010,2,Monday,6,24,1,11,1,52,41.55325833,-72.85731667,12,2,0,2,0,0,1,0
90013,CONNECTICUT,CT,1,1,0,1,235,AUTAUGA,29,1,January,2010,6,Friday,13,44,0,16,6,1,41.13379722,-73.25921667,8,1,0,1,0,0,1,0
90014,CONNECTICUT,CT,2,0,2,3,420,BALDWIN,4,1,January,2010,2,Monday,17,52,0,16,6,1,41.65557222,-72.76368611,12,3,0,1,0,0,1,0
90015,CONNECTICUT,CT,1,0,1,11,520,BULLOCK,12,1,January,2010,3,Tuesday,2,39,0,15,6,8,41.53316111,-72.09385556,39,3,0,1,0,0,1,1
90016,CONNECTICUT,CT,1,0,2,1,460,AUTAUGA,20,1,January,2010,4,Wednesday,16,1,1,11,1,167,41.41881111,-73.26236667,24,1,0,1,0,0,1,0
90017,CONNECTICUT,CT,1,0,1,3,89,BALDWIN,28,1,January,2010,5,Thursday,11,44,0,14,3,13,41.80123333,-72.92835000,39,1,0,4,0,0,1,0
90018,CONNECTICUT,CT,1,0,1,1,832,AUTAUGA,4,2,February,2010,5,Thursday,0,27,0,14,3,79,41.24446667,-73.41294167,24,2,0,1,0,0,1,0
90019,CONNECTICUT,CT,1,0,1,11,349,BULLOCK,4,2,February,2010,5,Thursday,3,3,0,14,3,188,41.57932222,-71.99869722,53,2,0,1,0,0,1,1
90020,CONNECTICUT,CT,1,1,1,11,543,BULLOCK,4,2,February,2010,5,Thursday,11,54,0,14,2,1093,41.35418889,-71.96655278,8,1,0,1,0,0,1,0
90021,CONNECTICUT,CT,2,0,2,5,154,BAKER HILL,7,2,February,2010,1,Sunday,17,12,0,4,3,474,41.91114722,-73.27193056,12,1,0,1,0,0,1,0
90022,CONNECTICUT,CT,2,0,2,7,295,BIBB,11,2,February,2010,5,Thursday,10,12,0,3,3,129,41.45588333,-72.55471944,12,1,0,1,0,0,1,0
90023,CONNECTICUT,CT,1,0,1,11,505,BULLOCK,16,2,February,2010,3,Tuesday,2,32,0,6,6,10,41.45386389,-71.92305833,42,2,0,4,0,0,1,1
90024,CONNECTICUT,CT,2,0,2,3,280,BALDWIN,19,2,February,2010,6,Friday,18,1,0,14,6,7,41.75796944,-72.70249444,12,5,0,1,0,0,1,1
90025,CONNECTICUT,CT,1,0,1,13,691,BOLLING,21,2,February,2010,1,Sunday,23,2,0,16,6,5,41.96033056,-72.30070833,30,2,0,1,0,0,1,1
90026,CONNECTICUT,CT,1,1,1,9,852,BLOUNT,24,2,February,2010,4,Wednesday,6,51,0,16,6,6,41.56927222,-72.95234167,8,1,0,2,0,0,1,0
90027,CONNECTICUT,CT,2,0,4,1,185,AUTAUGA,19,1,January,2010,3,Tuesday,14,30,1,11,1,120,41.07456111,-73.46757500,24,1,0,2,0,0,1,0
90028,CONNECTICUT,CT,1,0,1,5,33,BAKER HILL,6,3,March,2010,7,Saturday,2,2,0,16,6,2,41.89340556,-73.01376389,53,2,0,1,0,0,1,1
90029,CONNECTICUT,CT,2,0,2,1,715,AUTAUGA,6,3,March,2010,7,Saturday,2,11,1,11,1,341,41.20020000,-73.11654444,25,3,0,1,0,0,1,0
90030,CONNECTICUT,CT,2,1,2,13,691,BOLLING,7,3,March,2010,1,Sunday,15,34,0,4,3,3,41.97438333,-72.33168889,8,1,0,1,0,0,1,0
90031,CONNECTICUT,CT,1,0,1,1,256,AUTAUGA,8,3,March,2010,2,Monday,23,39,0,13,2,44,41.04105556,-73.58636667,33,3,0,1,0,0,1,0
90032,CONNECTICUT,CT,1,0,1,5,760,BAKER HILL,11,3,March,2010,5,Thursday,11,57,1,12,3,558,41.88162222,-73.07120000,24,1,0,1,0,0,1,0
90033,CONNECTICUT,CT,3,0,3,13,367,BOLLING,17,3,March,2010,4,Wednesday,16,9,0,13,2,743,41.80733333,-72.30098333,12,1,0,1,0,0,1,0
90034,CONNECTICUT,CT,2,0,2,1,650,AUTAUGA,18,3,March,2010,5,Thursday,22,18,0,14,3,141,41.33463056,-73.17400833,12,3,0,1,0,0,1,1
90035,CONNECTICUT,CT,1,0,1,11,710,BULLOCK,20,3,March,2010,7,Saturday,8,0,1,11,1,1042,41.37864444,-71.90460556,24,1,0,1,0,0,1,0
90036,CONNECTICUT,CT,1,1,3,9,360,BLOUNT,20,3,March,2010,7,Saturday,16,46,1,11,1,660,41.29090556,-72.57781667,8,1,0,1,0,0,1,0
90037,CONNECTICUT,CT,3,0,5,1,700,AUTAUGA,21,3,March,2010,1,Sunday,4,53,0,14,6,3,41.06387500,-73.53297500,33,1,0,1,0,0,1,1
90038,CONNECTICUT,CT,1,0,4,11,386,BULLOCK,21,3,March,2010,1,Sunday,23,42,1,11,1,58,41.43508611,-72.11986944,1,2,0,1,0,0,1,1
90039,CONNECTICUT,CT,3,0,3,11,710,BULLOCK,25,3,March,2010,5,Thursday,19,3,1,11,1,1010,41.37648611,-71.90941111,12,5,0,1,0,0,2,0
90040,CONNECTICUT,CT,1,1,1,3,280,BALDWIN,27,3,March,2010,7,Saturday,6,40,0,14,6,4,41.75448333,-72.67727500,8,1,0,1,0,0,1,0
90041,CONNECTICUT,CT,4,0,5,1,835,AUTAUGA,29,3,March,2010,2,Monday,10,40,1,11,1,180,41.12014444,-73.37696667,12,1,0,2,0,0,1,0
90042,CONNECTICUT,CT,1,1,1,1,80,AUTAUGA,18,3,March,2010,5,Thursday,11,20,0,16,6,3,41.19262500,-73.18206944,9,1,0,1,0,0,1,0
90043,CONNECTICUT,CT,1,0,4,1,835,AUTAUGA,13,3,March,2010,7,Saturday,19,17,0,16,6,0,41.13847778,-73.34819722,16,2,0,1,0,0,1,1
90044,CONNECTICUT,CT,1,0,1,3,369,BALDWIN,3,1,January,2010,1,Sunday,11,5,1,12,3,128,41.65232778,-72.49977778,42,1,0,4,0,0,1,0
90045,CONNECTICUT,CT,2,0,19,3,280,BALDWIN,9,1,January,2010,7,Saturday,8,3,1,11,1,606,41.76098056,-72.69953611,12,1,0,1,1,0,1,0
90046,CONNECTICUT,CT,2,0,3,3,842,BALDWIN,10,1,January,2010,1,Sunday,2,26,1,11,1,446,41.85326111,-72.66437778,12,3,0,1,0,0,1,1
90047,CONNECTICUT,CT,2,0,2,3,229,BALDWIN,16,1,January,2010,7,Saturday,5,21,1,11,1,568,42.00750000,-72.58568333,12,3,0,1,0,0,1,0
90048,CONNECTICUT,CT,2,0,3,3,280,BALDWIN,21,1,January,2010,5,Thursday,18,58,1,11,1,595,41.74999722,-72.71161667,12,3,0,1,0,0,1,0
90049,CONNECTICUT,CT,3,0,4,3,214,BALDWIN,27,1,January,2010,4,Wednesday,16,39,0,14,3,273,41.92527222,-72.70350000,12,1,0,1,0,0,1,0
90050,CONNECTICUT,CT,1,0,1,11,539,BULLOCK,30,1,January,2010,7,Saturday,9,6,1,11,1,819,41.31627222,-72.28939444,35,1,0,1,0,0,1,1
90051,CONNECTICUT,CT,3,0,3,9,385,BLOUNT,7,1,January,2010,5,Thursday,15,34,0,13,2,369,41.20945833,-73.08356667,12,1,0,1,0,0,1,0
90052,CONNECTICUT,CT,2,0,3,7,822,BIBB,9,2,February,2010,3,Tuesday,14,54,0,4,3,41,41.32343611,-72.49382222,12,1,0,1,0,0,1,0
90053,CONNECTICUT,CT,2,0,2,3,89,BALDWIN,2,4,April,2010,6,Friday,15,54,0,13,3,347,41.77362500,-72.94957222,1,1,0,1,0,0,1,0
90054,CONNECTICUT,CT,1,0,1,3,255,BALDWIN,6,4,April,2010,3,Tuesday,0,53,1,12,3,44,41.72629444,-72.61047500,42,3,0,1,0,0,1,0
90055,CONNECTICUT,CT,1,0,1,9,430,BLOUNT,7,4,April,2010,4,Wednesday,0,8,1,11,1,12,41.31433889,-72.90938056,24,3,0,1,0,0,1,1
90056,CONNECTICUT,CT,2,0,2,9,385,BLOUNT,7,4,April,2010,4,Wednesday,3,52,1,11,1,410,41.24316667,-73.01452778,50,3,0,1,0,0,1,0
90057,CONNECTICUT,CT,1,0,1,5,740,BAKER HILL,8,4,April,2010,5,Thursday,7,21,1,12,3,380,41.65279444,-73.07911944,31,1,0,1,0,0,1,1
90058,CONNECTICUT,CT,1,0,1,1,765,AUTAUGA,11,4,April,2010,1,Sunday,13,57,1,12,3,88,41.28071667,-73.21572222,35,1,0,1,0,0,1,0
90059,CONNECTICUT,CT,1,0,4,7,380,BIBB,17,4,April,2010,7,Saturday,23,1,0,16,6,0,41.54472500,-72.68332222,19,3,0,1,0,0,2,1
90060,CONNECTICUT,CT,1,0,1,3,224,BALDWIN,16,4,April,2010,6,Friday,23,11,0,16,6,2,41.90873611,-72.61622778,53,3,0,2,0,0,1,1
90061,CONNECTICUT,CT,1,0,2,7,160,BIBB,23,4,April,2010,6,Friday,1,41,1,11,1,260,41.60628056,-72.70242222,35,3,0,1,0,0,1,0
90062,CONNECTICUT,CT,2,0,4,9,430,BLOUNT,24,4,April,2010,7,Saturday,12,54,1,11,1,466,41.28689167,-72.92515833,12,1,0,1,0,0,1,0
90063,CONNECTICUT,CT,2,0,2,15,843,ANNISTON,24,4,April,2010,7,Saturday,15,34,1,13,2,941,41.74112222,-72.17723611,12,1,0,1,0,0,1,0
90064,CONNECTICUT,CT,1,0,1,13,368,BOLLING,30,4,April,2010,6,Friday,1,37,0,4,3,11,41.77814167,-72.18891944,42,2,0,1,0,0,1,1
90065,CONNECTICUT,CT,2,0,2,1,650,AUTAUGA,30,4,April,2010,6,Friday,2,22,0,14,3,61,41.27940000,-73.15864444,12,3,0,1,0,0,1,1
90066,CONNECTICUT,CT,1,0,1,9,360,BLOUNT,15,4,April,2010,5,Thursday,9,1,1,11,1,640,41.28820000,-72.61531667,42,1,0,1,0,0,1,0
90067,CONNECTICUT,CT,1,0,1,9,410,BLOUNT,24,4,April,2010,7,Saturday,11,20,0,16,6,0,41.49390000,-73.08124167,39,1,0,1,0,0,1,0
90068,CONNECTICUT,CT,2,0,2,11,440,BULLOCK,5,4,April,2010,2,Monday,15,46,0,14,6,3,41.34678333,-72.10040000,12,1,0,1,0,0,1,1
90069,CONNECTICUT,CT,2,0,2,1,835,AUTAUGA,29,4,April,2010,5,Thursday,16,1,0,14,6,4,41.12294722,-73.35337778,12,1,0,1,0,0,1,0
90070,CONNECTICUT,CT,1,0,1,7,332,BIBB,2,4,April,2010,6,Friday,1,7,0,6,6,0,41.34974444,-72.56099444,1,3,0,1,0,0,1,1
90071,CONNECTICUT,CT,1,0,2,3,229,BALDWIN,26,4,April,2010,2,Monday,4,21,0,14,3,73,41.95862778,-72.52738333,24,3,0,1,0,0,1,1
90072,CONNECTICUT,CT,1,0,2,13,293,BOLLING,1,5,May,2010,7,Saturday,1,39,0,15,6,2,41.59483333,-72.39813333,24,2,0,1,0,0,1,1
90073,CONNECTICUT,CT,1,0,2,5,326,BAKER HILL,1,5,May,2010,7,Saturday,13,16,0,4,3,48,41.72111389,-73.45221944,34,1,0,1,0,0,2,0
90074,CONNECTICUT,CT,1,0,1,3,280,BALDWIN,1,5,May,2010,7,Saturday,13,46,1,11,1,375,41.75419444,-72.65918611,25,1,0,1,0,0,1,0
90075,CONNECTICUT,CT,2,0,2,11,584,BULLOCK,1,5,May,2010,7,Saturday,21,53,0,4,3,27,41.53430556,-72.01928889,12,2,0,1,0,0,1,1
90076,CONNECTICUT,CT,1,0,2,9,585,BLOUNT,1,5,May,2010,7,Saturday,22,45,0,16,6,5,41.51355833,-72.99510556,33,2,0,1,0,0,1,1
90077,CONNECTICUT,CT,2,0,3,3,90,BALDWIN,2,5,May,2010,1,Sunday,12,13,1,13,2,494,41.69650833,-72.90653889,12,1,0,1,0,0,1,0
90078,CONNECTICUT,CT,1,0,1,1,765,AUTAUGA,3,5,May,2010,2,Monday,13,40,1,12,3,87,41.28005278,-73.21494167,35,1,0,1,0,0,1,0
90079,CONNECTICUT,CT,3,1,2,9,790,BLOUNT,8,5,May,2010,7,Saturday,16,53,1,11,1,119,41.43210000,-72.80561389,12,1,0,1,0,0,1,0
90080,CONNECTICUT,CT,1,0,1,3,224,BALDWIN,14,5,May,2010,6,Friday,0,8,1,11,1,511,41.92953611,-72.60873333,42,3,0,1,0,0,1,1
90081,CONNECTICUT,CT,1,0,1,11,140,BULLOCK,15,5,May,2010,7,Saturday,20,36,1,2,3,269,41.57015556,-72.28548056,1,2,0,1,0,0,1,1
90082,CONNECTICUT,CT,1,0,4,3,280,BALDWIN,17,5,May,2010,2,Monday,3,50,0,14,6,6,41.79818333,-72.67381944,42,3,0,1,0,0,3,1
90083,CONNECTICUT,CT,4,0,4,1,235,AUTAUGA,15,5,May,2010,7,Saturday,22,16,1,11,1,229,41.13670556,-73.29059722,12,3,0,1,0,0,1,0
90084,CONNECTICUT,CT,3,0,2,13,151,BOLLING,21,5,May,2010,6,Friday,0,32,1,2,3,306,41.70210833,-72.30172778,31,3,0,1,0,0,1,1
90085,CONNECTICUT,CT,2,0,3,3,680,BALDWIN,5,5,May,2010,4,Wednesday,23,47,0,14,3,74,41.56480833,-72.88987500,12,3,0,1,0,0,1,2
90086,CONNECTICUT,CT,1,0,2,9,810,BLOUNT,16,5,May,2010,1,Sunday,1,25,0,13,3,161,41.54631944,-73.02638889,33,3,0,1,0,0,1,1
90087,CONNECTICUT,CT,1,0,1,7,160,BIBB,23,5,May,2010,1,Sunday,14,17,1,11,1,278,41.62397500,-72.68564444,30,1,0,1,0,0,1,1
90088,CONNECTICUT,CT,2,0,1,1,700,AUTAUGA,24,5,May,2010,2,Monday,21,57,0,14,6,25,41.08101667,-73.52156389,33,3,0,1,0,0,1,1
90089,CONNECTICUT,CT,2,0,3,9,585,BLOUNT,26,5,May,2010,4,Wednesday,11,54,0,13,3,136,41.52167778,-72.99335278,12,1,0,1,0,0,1,0
90090,CONNECTICUT,CT,2,0,2,9,430,BLOUNT,30,5,May,2010,1,Sunday,3,26,0,16,6,3,41.29420000,-72.93322778,12,3,0,1,0,0,1,1
90091,CONNECTICUT,CT,3,1,4,3,225,BALDWIN,26,5,May,2010,4,Wednesday,23,51,0,14,2,560,41.77564722,-72.62861667,9,3,0,1,0,0,1,0