ST_CASE,State Name,State Abbreviation,VE_TOTAL,Pedestrains,Total_Persons_in_accident,COUNTY,CITY,City_County_Name,Calendar_DAY,MONTH,Month_Name,YEAR,DAY_WEEK,Day_Week_desc,HOUR,MINUTE,NHS_Desc,trafficway,ROUTE,MILEPT,LATITUDE,LONGITUD,First_Crash_event,Light_cond_desc,Weather_condition,WEATHER,SCH_BUS,Crash_cause,FATALS,DRUNK_DR
90092,CONNECTICUT,CT,1,0,1,11,520,BULLOCK,31,5,May,2010,2,Monday,12,19,0,16,6,6,41.57766667,-72.11143611,33,1,0,1,0,0,1,0
90093,CONNECTICUT,CT,2,0,2,9,430,BLOUNT,25,5,May,2010,3,Tuesday,15,15,0,14,6,3,41.30048056,-72.94322778,12,1,0,1,0,0,1,0
90094,CONNECTICUT,CT,1,1,1,3,224,BALDWIN,27,5,May,2010,5,Thursday,11,26,0,16,6,0,41.92311667,-72.60714167,8,1,0,1,0,0,1,0
90095,CONNECTICUT,CT,1,1,1,5,450,BAKER HILL,3,6,June,2010,5,Thursday,22,29,1,13,2,324,41.50560556,-73.41901389,9,2,0,1,0,0,1,0
90096,CONNECTICUT,CT,1,0,1,13,293,BOLLING,4,6,June,2010,6,Friday,18,50,0,5,3,332,41.71855556,-72.43602222,59,1,0,1,0,0,1,1
90097,CONNECTICUT,CT,2,0,3,15,268,ANNISTON,5,6,June,2010,7,Saturday,15,57,1,2,2,1026,41.77576111,-72.03691389,12,1,0,1,0,0,1,0
90098,CONNECTICUT,CT,1,0,1,1,170,AUTAUGA,6,6,June,2010,1,Sunday,21,14,1,11,1,42,41.39438611,-73.47829722,25,3,0,1,0,0,1,1
90099,CONNECTICUT,CT,2,0,2,9,200,BLOUNT,7,6,June,2010,2,Monday,17,35,0,13,3,116,41.34066389,-73.11895000,12,1,0,1,0,0,1,0
90100,CONNECTICUT,CT,3,1,2,9,502,BLOUNT,8,6,June,2010,3,Tuesday,2,22,1,11,1,36,41.33510833,-72.87574722,14,3,0,1,0,0,1,0
90101,CONNECTICUT,CT,2,0,2,5,760,BAKER HILL,8,6,June,2010,3,Tuesday,13,21,1,13,2,423,41.78632500,-73.14360833,12,1,0,1,0,0,1,0
90102,CONNECTICUT,CT,2,0,2,7,822,BIBB,9,6,June,2010,4,Wednesday,17,10,0,4,3,33,41.31300000,-72.49301667,24,1,0,2,0,0,1,1
90103,CONNECTICUT,CT,2,0,2,9,430,BLOUNT,11,6,June,2010,6,Friday,23,33,1,11,1,472,41.29424167,-72.91885278,12,3,0,1,0,0,1,1
90104,CONNECTICUT,CT,1,0,1,3,237,BALDWIN,13,6,June,2010,1,Sunday,19,14,1,11,1,529,41.70297222,-72.80461389,24,1,0,1,0,0,1,1
90105,CONNECTICUT,CT,2,0,2,11,260,BULLOCK,17,6,June,2010,5,Thursday,16,37,1,11,1,967,41.35959444,-72.04291944,12,1,0,1,0,0,1,0
90106,CONNECTICUT,CT,1,0,2,1,610,AUTAUGA,20,6,June,2010,1,Sunday,1,54,0,15,6,12,41.32324722,-73.49023611,35,3,0,1,0,0,1,1
90107,CONNECTICUT,CT,2,0,4,9,640,BLOUNT,14,6,June,2010,2,Monday,15,24,0,13,3,109,41.34848056,-73.12735833,12,1,0,1,0,0,1,0
90108,CONNECTICUT,CT,1,0,1,9,430,BLOUNT,15,6,June,2010,3,Tuesday,12,16,0,16,6,4,41.32445833,-72.98333611,30,1,0,1,0,0,1,1
90109,CONNECTICUT,CT,2,0,3,11,339,BULLOCK,23,6,June,2010,4,Wednesday,1,49,0,13,3,30,41.40377222,-72.07952500,12,2,0,2,0,0,1,1
90110,CONNECTICUT,CT,1,0,1,15,268,ANNISTON,25,6,June,2010,6,Friday,1,44,0,4,3,178,41.78186667,-72.05495556,33,2,0,1,0,0,1,1
90111,CONNECTICUT,CT,2,0,2,15,858,ANNISTON,4,6,June,2010,6,Friday,12,58,0,4,3,182,41.93425000,-71.94619167,12,1,0,1,0,0,1,0
90112,CONNECTICUT,CT,1,0,2,15,705,ANNISTON,26,6,June,2010,7,Saturday,18,34,0,4,3,215,41.68602222,-71.84944444,30,1,0,1,0,0,1,0
90113,CONNECTICUT,CT,2,1,1,3,842,BALDWIN,26,6,June,2010,7,Saturday,3,29,1,11,1,434,41.83311944,-72.66531944,14,3,0,1,0,0,1,1
90114,CONNECTICUT,CT,3,0,6,3,365,BALDWIN,27,6,June,2010,1,Sunday,0,31,1,11,1,695,41.79794444,-72.55756389,12,3,0,1,0,0,2,2
90115,CONNECTICUT,CT,1,0,1,15,843,ANNISTON,27,6,June,2010,1,Sunday,14,2,0,15,3,6,41.68639722,-72.16251667,30,1,0,1,0,0,1,1
90116,CONNECTICUT,CT,2,0,2,3,842,BALDWIN,25,6,June,2010,6,Friday,22,22,1,11,1,23,41.80798889,-72.62439167,12,3,0,1,0,0,1,0
90117,CONNECTICUT,CT,1,0,1,7,295,BIBB,26,6,June,2010,7,Saturday,2,16,0,14,6,11,41.48821389,-72.57716944,53,2,0,1,0,0,1,1
90118,CONNECTICUT,CT,1,1,0,9,370,BLOUNT,10,6,June,2010,5,Thursday,23,21,0,14,6,0,41.53914167,-72.80890833,19,2,0,1,0,0,1,0
90119,CONNECTICUT,CT,1,0,1,11,632,BULLOCK,28,6,June,2010,2,Monday,21,42,1,2,3,127,41.49655833,-72.30173056,24,2,0,1,0,0,1,1
90120,CONNECTICUT,CT,1,0,1,5,492,BAKER HILL,28,6,June,2010,2,Monday,18,30,0,6,6,0,42.02405556,-73.32305000,30,1,0,1,0,0,1,0
90121,CONNECTICUT,CT,1,0,3,9,585,BLOUNT,28,6,June,2010,2,Monday,22,22,0,16,6,0,41.51337500,-72.98760000,5,2,0,1,0,0,1,0
90122,CONNECTICUT,CT,1,0,1,1,510,AUTAUGA,17,6,June,2010,5,Thursday,0,45,0,15,6,5,41.09862500,-73.41617222,33,3,0,1,0,0,1,0
90123,CONNECTICUT,CT,2,0,2,3,258,BALDWIN,30,6,June,2010,4,Wednesday,12,8,0,16,6,14,41.97394444,-72.82385278,12,1,0,1,0,0,1,0
90124,CONNECTICUT,CT,3,0,4,9,810,BLOUNT,25,6,June,2010,6,Friday,23,53,0,14,3,47,41.56929722,-73.05418889,12,2,0,1,0,0,1,0
90125,CONNECTICUT,CT,2,0,2,9,370,BLOUNT,24,6,June,2010,5,Thursday,15,54,0,12,3,4,41.53421111,-72.75523056,12,1,0,1,0,0,1,0
90126,CONNECTICUT,CT,1,0,1,15,590,ANNISTON,2,7,July,2010,6,Friday,22,56,0,4,3,11,41.89087222,-71.86820278,30,2,0,1,0,0,1,1
90127,CONNECTICUT,CT,1,1,1,13,691,BOLLING,3,7,July,2010,7,Saturday,15,2,0,16,6,11,41.96901667,-72.29813889,8,1,0,1,0,0,2,1
90128,CONNECTICUT,CT,1,0,1,5,326,BAKER HILL,4,7,July,2010,1,Sunday,9,0,0,3,2,497,41.70953333,-73.48866389,1,1,0,1,0,0,1,0
90129,CONNECTICUT,CT,1,0,1,9,502,BLOUNT,4,7,July,2010,1,Sunday,17,36,1,12,3,545,41.40555833,-72.86190833,42,1,0,1,0,0,1,0
90130,CONNECTICUT,CT,2,0,5,1,80,AUTAUGA,5,7,July,2010,2,Monday,12,3,1,11,1,293,41.17429167,-73.18835556,1,1,0,1,0,0,1,0
90131,CONNECTICUT,CT,2,1,1,1,650,AUTAUGA,3,7,July,2010,7,Saturday,22,3,0,14,3,111,41.33313333,-73.12084722,14,3,0,1,0,0,1,1
90132,CONNECTICUT,CT,2,0,2,9,410,BLOUNT,7,7,July,2010,4,Wednesday,15,47,0,15,3,1,41.48701667,-73.05153333,12,1,0,1,0,0,1,0
90133,CONNECTICUT,CT,1,0,1,15,843,ANNISTON,9,7,July,2010,6,Friday,5,35,0,15,3,25,41.71016667,-72.16569722,30,1,0,1,0,0,1,1
90134,CONNECTICUT,CT,2,0,3,3,225,BALDWIN,9,7,July,2010,6,Friday,23,38,1,11,1,627,41.76944444,-72.66550000,12,3,0,1,0,0,1,1
90135,CONNECTICUT,CT,1,0,1,1,80,AUTAUGA,11,7,July,2010,1,Sunday,17,40,1,12,3,21,41.19626111,-73.19486111,24,1,0,1,0,0,1,1
90136,CONNECTICUT,CT,1,0,4,15,330,ANNISTON,12,7,July,2010,2,Monday,19,29,1,11,1,413,41.84492500,-71.87917778,31,1,0,1,0,0,1,0
90137,CONNECTICUT,CT,2,0,2,9,370,BLOUNT,15,7,July,2010,5,Thursday,15,34,0,13,6,28,41.53687778,-72.79910556,12,1,0,1,0,0,1,0
90138,CONNECTICUT,CT,1,1,1,3,420,BALDWIN,19,7,July,2010,2,Monday,4,40,1,12,3,358,41.66755556,-72.77297500,8,3,0,1,0,0,1,0
90139,CONNECTICUT,CT,3,0,3,9,669,BLOUNT,19,7,July,2010,2,Monday,5,50,0,14,3,173,41.47603056,-73.20528333,12,1,0,1,0,0,1,0
90140,CONNECTICUT,CT,1,1,1,1,80,AUTAUGA,6,7,July,2010,3,Tuesday,13,21,0,15,6,11,41.16783611,-73.20014167,9,1,0,99,0,0,1,0
90141,CONNECTICUT,CT,1,0,1,13,775,BOLLING,19,7,July,2010,2,Monday,17,25,1,1,1,969,42.01984722,-72.15052222,31,1,0,1,0,0,1,0
90142,CONNECTICUT,CT,1,0,2,9,370,BLOUNT,26,7,July,2010,2,Monday,2,38,1,11,1,178,41.50627222,-72.76917778,42,2,0,1,0,0,2,0
90143,CONNECTICUT,CT,1,0,1,9,502,BLOUNT,20,7,July,2010,3,Tuesday,2,12,0,16,6,3,41.38601667,-72.85543889,42,3,0,1,0,0,1,1
90144,CONNECTICUT,CT,2,0,2,9,502,BLOUNT,21,7,July,2010,4,Wednesday,10,40,0,14,3,50,41.38662500,-72.86133611,12,1,0,1,0,0,1,0
90145,CONNECTICUT,CT,2,0,2,3,224,BALDWIN,28,7,July,2010,4,Wednesday,22,23,1,13,2,438,41.87532222,-72.60926389,12,2,0,1,0,0,1,0
90146,CONNECTICUT,CT,3,0,1,1,185,AUTAUGA,11,7,July,2010,1,Sunday,1,33,0,14,6,38,41.06710833,-73.49982222,33,3,0,1,0,0,1,0
90147,CONNECTICUT,CT,3,0,3,3,229,BALDWIN,2,9,September,2010,5,Thursday,16,16,1,11,1,564,42.00173611,-72.58484722,14,1,0,1,0,0,1,0
90148,CONNECTICUT,CT,1,1,1,1,256,AUTAUGA,3,9,September,2010,6,Friday,8,30,0,13,2,0,41.01258889,-73.65484444,8,1,0,1,0,0,1,0
90149,CONNECTICUT,CT,2,0,2,15,550,ANNISTON,4,9,September,2010,7,Saturday,17,20,1,1,1,308,41.70306111,-71.90090556,12,1,0,1,0,0,1,0
90150,CONNECTICUT,CT,2,0,2,9,502,BLOUNT,5,9,September,2010,1,Sunday,19,20,0,14,2,79,41.40759722,-72.84481944,12,5,0,1,0,0,1,0
90151,CONNECTICUT,CT,1,1,1,5,817,BAKER HILL,6,9,September,2010,2,Monday,17,45,0,15,6,1,41.59420000,-73.08108611,8,1,0,1,0,0,1,0
90152,CONNECTICUT,CT,1,0,1,3,369,BALDWIN,8,9,September,2010,4,Wednesday,16,11,1,12,3,132,41.65065278,-72.49355556,31,1,0,1,0,0,1,0
90153,CONNECTICUT,CT,1,0,3,15,330,ANNISTON,11,9,September,2010,7,Saturday,2,28,0,3,3,93,41.84891389,-71.79832500,35,2,0,1,0,0,1,0
90154,CONNECTICUT,CT,1,0,1,7,130,BIBB,14,9,September,2010,3,Tuesday,13,59,0,14,3,1,41.27955278,-72.52786111,50,1,0,1,0,0,1,0
90155,CONNECTICUT,CT,3,1,3,9,430,BLOUNT,16,9,September,2010,5,Thursday,23,57,1,11,1,482,41.29822778,-72.90340556,8,3,0,2,0,0,1,0
90156,CONNECTICUT,CT,1,0,1,11,787,BULLOCK,11,8,August,2010,4,Wednesday,9,45,0,4,3,111,41.55501111,-71.85179167,42,1,0,1,0,0,1,0
90157,CONNECTICUT,CT,2,0,3,5,428,BAKER HILL,14,8,August,2010,7,Saturday,14,29,1,2,2,528,41.83030556,-72.98550278,12,1,0,1,0,0,1,0
90158,CONNECTICUT,CT,1,0,1,1,510,AUTAUGA,17,9,September,2010,6,Friday,0,47,1,12,3,178,41.14351667,-73.42157222,33,2,0,2,0,0,1,1
90159,CONNECTICUT,CT,1,0,1,3,225,BALDWIN,18,9,September,2010,7,Saturday,2,17,1,12,3,35,41.73459444,-72.62491111,33,3,0,1,0,0,1,1
90160,CONNECTICUT,CT,1,0,1,9,370,BLOUNT,18,9,September,2010,7,Saturday,23,1,1,12,3,624,41.50501111,-72.79095833,24,2,0,1,0,0,1,0
90161,CONNECTICUT,CT,1,0,1,9,265,BLOUNT,19,9,September,2010,1,Sunday,21,6,0,15,3,110,41.42372222,-72.69142222,33,2,0,1,0,0,1,0
90162,CONNECTICUT,CT,1,0,1,9,430,BLOUNT,15,8,August,2010,1,Sunday,2,20,0,13,3,10,41.29488889,-72.94612778,30,3,0,1,0,0,1,1
90163,CONNECTICUT,CT,1,0,1,15,104,ANNISTON,7,8,August,2010,7,Saturday,7,40,0,4,3,98,41.65562778,-71.97520278,24,2,0,1,0,0,1,1
90164,CONNECTICUT,CT,2,0,1,1,80,AUTAUGA,13,9,September,2010,2,Monday,4,5,0,16,6,7,41.22288611,-73.20875278,59,3,0,1,0,0,1,0
90165,CONNECTICUT,CT,1,0,1,3,555,BALDWIN,21,9,September,2010,3,Tuesday,22,51,0,14,3,290,41.66326111,-72.86413889,33,3,0,1,0,0,1,1
90166,CONNECTICUT,CT,2,0,2,3,280,BALDWIN,18,8,August,2010,4,Wednesday,0,55,1,11,1,605,41.75829444,-72.70060556,12,3,0,1,0,0,1,1
90167,CONNECTICUT,CT,1,0,1,9,502,BLOUNT,18,8,August,2010,4,Wednesday,6,51,1,12,3,576,41.42369722,-72.85453333,42,1,0,1,0,0,1,0
90168,CONNECTICUT,CT,1,0,1,7,580,BIBB,26,9,September,2010,1,Sunday,17,43,0,6,6,11,41.60222222,-72.57644444,34,1,0,1,0,0,1,0
90169,CONNECTICUT,CT,1,1,1,1,425,AUTAUGA,18,8,August,2010,4,Wednesday,16,41,0,14,3,93,41.18650556,-73.52284167,8,1,0,1,0,0,1,0
90170,CONNECTICUT,CT,1,1,1,11,440,BULLOCK,30,9,September,2010,5,Thursday,4,32,1,11,1,938,41.36345000,-72.09725278,8,3,0,2,0,0,1,0
90171,CONNECTICUT,CT,1,1,2,13,228,BOLLING,9,9,September,2010,5,Thursday,18,42,0,13,3,175,41.89947500,-72.45956944,9,5,0,1,0,0,1,0
90172,CONNECTICUT,CT,2,0,3,9,265,BLOUNT,18,9,September,2010,7,Saturday,12,31,0,13,3,87,41.34822222,-72.73343056,12,1,0,1,0,0,2,0
90173,CONNECTICUT,CT,2,0,2,3,838,BALDWIN,2,9,September,2010,5,Thursday,12,50,1,11,1,322,41.68755278,-72.64953056,12,1,0,1,0,0,1,0
90174,CONNECTICUT,CT,1,1,2,3,255,BALDWIN,9,9,September,2010,5,Thursday,18,40,0,16,6,4,41.66343889,-72.53600278,8,1,0,1,0,0,1,0
90175,CONNECTICUT,CT,1,0,1,5,802,BAKER HILL,19,9,September,2010,1,Sunday,1,27,1,2,2,309,41.70314167,-73.30015833,24,2,0,1,0,0,1,0
90176,CONNECTICUT,CT,1,1,1,9,370,BLOUNT,17,9,September,2010,6,Friday,21,31,0,14,3,103,41.51657778,-72.82526944,8,3,0,1,0,0,1,0
90177,CONNECTICUT,CT,1,0,1,1,650,AUTAUGA,3,10,October,2010,1,Sunday,4,37,1,12,3,112,41.30118333,-73.10165833,30,2,0,1,0,0,1,1
90178,CONNECTICUT,CT,3,0,4,1,510,AUTAUGA,5,10,October,2010,3,Tuesday,11,43,1,11,1,154,41.10665556,-73.42242778,12,1,0,2,0,0,1,0
90179,CONNECTICUT,CT,2,0,3,13,156,BOLLING,9,10,October,2010,7,Saturday,9,28,0,15,3,108,41.77368889,-72.30699722,12,1,0,1,0,0,1,0
90180,CONNECTICUT,CT,2,0,2,3,237,BALDWIN,12,10,October,2010,3,Tuesday,9,48,0,13,3,432,41.72572500,-72.81753333,12,1,0,1,0,0,1,1
90181,CONNECTICUT,CT,2,0,3,5,286,BAKER HILL,5,8,August,2010,5,Thursday,20,20,0,6,6,17,41.74680278,-73.05505833,12,2,0,1,0,0,2,1
90182,CONNECTICUT,CT,2,0,3,5,801,BAKER HILL,13,10,October,2010,4,Wednesday,8,4,0,4,3,110,41.74396389,-73.35375000,12,1,0,1,0,0,1,0
90183,CONNECTICUT,CT,1,1,2,9,370,BLOUNT,21,8,August,2010,7,Saturday,22,54,1,11,1,186,41.51881389,-72.77084444,8,3,0,1,0,0,1,0
90184,CONNECTICUT,CT,2,0,2,13,64,BOLLING,14,10,October,2010,5,Thursday,20,9,0,14,2,762,41.78494444,-72.45930833,12,3,0,2,0,0,1,0
90185,CONNECTICUT,CT,1,0,1,7,160,BIBB,21,8,August,2010,7,Saturday,22,4,0,16,6,12,41.59336389,-72.66503333,57,2,0,1,0,0,1,1
90186,CONNECTICUT,CT,3,2,7,1,185,AUTAUGA,16,10,October,2010,7,Saturday,2,26,1,11,1,115,41.07201389,-73.47726944,8,3,0,1,0,0,2,1
90187,CONNECTICUT,CT,3,0,4,11,263,BULLOCK,2,8,August,2010,2,Monday,15,39,0,4,3,103,41.55433333,-71.88211667,12,1,0,1,0,0,1,0
90188,CONNECTICUT,CT,1,0,3,15,590,ANNISTON,17,10,October,2010,1,Sunday,2,57,0,6,6,40,41.90940833,-71.80084722,30,2,0,1,0,0,1,0
90189,CONNECTICUT,CT,2,0,4,3,229,BALDWIN,25,8,August,2010,4,Wednesday,2,32,1,11,1,555,41.98610833,-72.58840000,12,3,0,2,0,0,1,1
90190,CONNECTICUT,CT,1,0,4,13,846,BOLLING,17,10,October,2010,1,Sunday,20,3,1,1,1,851,41.89484444,-72.29360556,1,3,0,1,0,0,3,1
90191,CONNECTICUT,CT,1,1,1,9,430,BLOUNT,22,8,August,2010,1,Sunday,1,44,0,15,6,3,41.31705000,-72.94346944,8,3,0,1,0,0,1,0
90192,CONNECTICUT,CT,1,0,2,11,263,BULLOCK,21,10,October,2010,5,Thursday,19,32,0,4,3,169,41.60762222,-71.92406667,35,2,0,2,0,0,1,1
90193,CONNECTICUT,CT,2,0,3,5,492,BAKER HILL,27,10,October,2010,4,Wednesday,14,39,1,2,2,98,42.01719444,-73.35058056,12,1,0,1,0,0,1,0
90194,CONNECTICUT,CT,1,0,2,1,80,AUTAUGA,27,8,August,2010,6,Friday,1,2,0,14,3,28,41.21825000,-73.17627778,42,3,0,1,0,0,1,0
90195,CONNECTICUT,CT,1,0,1,9,430,BLOUNT,29,10,October,2010,6,Friday,19,3,1,11,1,19,41.31860000,-72.89726944,25,3,0,1,0,0,1,0
90196,CONNECTICUT,CT,1,0,1,9,502,BLOUNT,30,10,October,2010,7,Saturday,3,19,1,13,3,536,41.39564444,-72.87229167,42,2,0,1,0,0,1,1
90197,CONNECTICUT,CT,2,0,1,9,200,BLOUNT,30,10,October,2010,7,Saturday,14,39,0,13,3,129,41.32772222,-73.10308889,33,1,0,1,0,0,1,0
90198,CONNECTICUT,CT,1,0,1,13,156,BOLLING,30,10,October,2010,7,Saturday,22,40,0,16,6,1,41.79795278,-72.31484444,42,2,0,1,0,0,1,1
90199,CONNECTICUT,CT,2,0,4,13,368,BOLLING,29,10,October,2010,6,Friday,18,15,0,2,3,29,41.75383056,-72.19268611,12,1,0,1,0,0,1,0
90200,CONNECTICUT,CT,1,0,3,1,700,AUTAUGA,30,10,October,2010,7,Saturday,7,21,1,12,3,120,41.11891389,-73.52349722,24,1,0,1,0,0,1,0
90201,CONNECTICUT,CT,1,0,3,1,700,AUTAUGA,29,10,October,2010,6,Friday,2,9,1,11,1,88,41.05525556,-73.52046111,42,3,0,1,0,0,1,0
90202,CONNECTICUT,CT,1,1,3,11,140,BULLOCK,15,10,October,2010,6,Friday,19,54,0,4,3,80,41.54266389,-72.41272222,8,2,0,1,0,0,1,0
90203,CONNECTICUT,CT,2,0,2,9,430,BLOUNT,27,8,August,2010,6,Friday,7,38,0,16,6,16,41.29310278,-72.89266111,12,1,0,1,0,0,1,0
90204,CONNECTICUT,CT,3,1,2,9,110,BLOUNT,28,8,August,2010,7,Saturday,2,33,1,11,1,400,41.55745556,-72.92303889,8,3,0,1,0,0,1,0
90205,CONNECTICUT,CT,2,0,7,3,90,BALDWIN,31,10,October,2010,1,Sunday,19,45,0,14,6,13,41.70304444,-72.91106944,12,3,0,1,0,0,1,0
90206,CONNECTICUT,CT,1,1,2,3,680,BALDWIN,14,8,August,2010,7,Saturday,9,44,1,11,1,438,41.60786111,-72.90100833,8,1,0,1,0,0,1,0
90207,CONNECTICUT,CT,2,0,1,3,90,BALDWIN,25,10,October,2010,2,Monday,11,0,0,16,6,0,41.66682778,-72.92118611,14,1,0,1,0,0,1,0
90208,CONNECTICUT,CT,1,0,1,7,205,BIBB,29,8,August,2010,1,Sunday,0,4,0,13,3,135,41.45031944,-72.69906389,42,2,0,1,0,0,1,1
90209,CONNECTICUT,CT,2,0,2,9,502,BLOUNT,31,8,August,2010,3,Tuesday,17,18,0,14,2,89,41.42300000,-72.83933889,12,1,0,1,0,0,1,0
90210,CONNECTICUT,CT,1,0,4,9,810,BLOUNT,2,11,November,2010,3,Tuesday,0,22,0,15,6,2,41.53404167,-73.02236667,30,3,0,1,0,0,2,1
90211,CONNECTICUT,CT,1,0,1,15,858,ANNISTON,23,8,August,2010,2,Monday,23,28,0,6,6,13,41.96125000,-72.05910278,30,2,0,1,0,0,1,0
90212,CONNECTICUT,CT,1,0,3,13,846,BOLLING,7,8,August,2010,7,Saturday,23,13,0,3,3,463,41.92188333,-72.30004167,1,2,0,1,0,0,1,0
90213,CONNECTICUT,CT,1,0,2,15,268,ANNISTON,4,11,November,2010,5,Thursday,10,46,0,4,3,210,41.81726389,-72.04070000,30,1,0,2,0,0,1,0
90214,CONNECTICUT,CT,1,1,1,3,435,BALDWIN,5,11,November,2010,6,Friday,18,28,0,15,6,18,41.64836111,-72.73613889,15,2,0,1,0,0,1,0
90215,CONNECTICUT,CT,3,0,3,13,7,BOLLING,6,11,November,2010,7,Saturday,13,35,1,2,2,826,41.73864167,-72.36994722,12,1,0,1,0,0,1,0
90216,CONNECTICUT,CT,2,0,4,5,760,BAKER HILL,4,11,November,2010,5,Thursday,19,13,1,12,3,558,41.88820556,-73.07059444,12,2,0,2,0,0,1,0
90217,CONNECTICUT,CT,1,1,1,3,90,BALDWIN,16,11,November,2010,3,Tuesday,16,59,0,16,6,0,41.69750278,-72.90274167,8,3,0,2,0,0,1,0
90218,CONNECTICUT,CT,1,0,2,3,555,BALDWIN,17,11,November,2010,4,Wednesday,3,13,0,16,6,1,41.66601944,-72.87364444,42,3,0,2,0,0,1,1
90219,CONNECTICUT,CT,2,0,3,9,38,BLOUNT,20,11,November,2010,7,Saturday,20,55,1,12,3,208,41.42561389,-73.06804167,12,2,0,1,0,0,1,0
90220,CONNECTICUT,CT,2,0,2,11,520,BULLOCK,23,11,November,2010,3,Tuesday,3,2,1,11,1,144,41.55681111,-72.10440000,12,3,0,1,0,0,1,0
90221,CONNECTICUT,CT,1,0,1,5,760,BAKER HILL,25,11,November,2010,5,Thursday,15,47,0,15,6,1,41.79792500,-73.14291389,53,1,0,1,0,0,1,0
90222,CONNECTICUT,CT,2,0,3,15,330,ANNISTON,28,11,November,2010,1,Sunday,17,28,1,2,2,1141,41.79043056,-71.83321944,12,2,0,1,0,0,1,0
90223,CONNECTICUT,CT,1,1,1,7,380,BIBB,23,11,November,2010,3,Tuesday,17,29,0,13,3,57,41.55633333,-72.66845556,8,3,0,1,0,0,1,0
90224,CONNECTICUT,CT,1,0,2,13,756,BOLLING,4,12,December,2010,7,Saturday,0,41,0,14,3,97,41.87656389,-72.39571944,42,2,0,1,0,0,1,1
90225,CONNECTICUT,CT,1,0,2,1,235,AUTAUGA,4,12,December,2010,7,Saturday,15,31,1,11,1,260,41.15837222,-73.24452500,24,1,0,1,0,0,1,0
90226,CONNECTICUT,CT,2,0,2,11,349,BULLOCK,5,12,December,2010,1,Sunday,17,36,0,4,3,86,41.63036667,-72.00297778,12,2,0,1,0,0,1,0
90227,CONNECTICUT,CT,2,0,4,11,505,BULLOCK,6,12,December,2010,2,Monday,19,45,1,11,1,1103,41.43041111,-71.81549167,12,2,0,1,0,0,1,0
90228,CONNECTICUT,CT,1,0,2,1,235,AUTAUGA,10,12,December,2010,6,Friday,12,35,0,13,2,249,41.14108611,-73.25752778,6,1,0,1,0,0,1,0
90229,CONNECTICUT,CT,1,0,1,1,650,AUTAUGA,11,12,December,2010,7,Saturday,5,32,1,12,3,114,41.30336944,-73.10052500,17,3,0,1,0,0,1,0
90230,CONNECTICUT,CT,1,0,2,3,842,BALDWIN,16,12,December,2010,5,Thursday,17,40,1,11,1,443,41.85204444,-72.66545556,59,3,0,1,0,0,1,1
90231,CONNECTICUT,CT,1,0,2,7,160,BIBB,17,12,December,2010,6,Friday,0,48,1,12,3,261,41.59098889,-72.65239444,42,2,0,1,0,0,1,1
90232,CONNECTICUT,CT,1,0,2,3,660,BALDWIN,21,12,December,2010,3,Tuesday,1,10,0,15,6,12,41.83471667,-72.86708889,42,3,0,1,0,0,1,0
90233,CONNECTICUT,CT,1,0,1,3,237,BALDWIN,17,12,December,2010,6,Friday,23,8,0,15,6,18,41.73897778,-72.86210278,43,3,0,1,0,0,1,1
90234,CONNECTICUT,CT,1,0,2,5,760,BAKER HILL,21,12,December,2010,3,Tuesday,13,20,0,14,3,218,41.81927222,-73.15202500,17,1,0,1,0,0,2,0
90235,CONNECTICUT,CT,2,0,2,1,605,AUTAUGA,2,12,December,2010,5,Thursday,19,8,0,4,3,32,41.28673056,-73.39839722,12,2,0,1,0,0,1,0
90236,CONNECTICUT,CT,1,1,1,1,835,AUTAUGA,21,12,December,2010,3,Tuesday,19,5,0,13,2,225,41.13840278,-73.30394722,8,3,0,1,0,0,1,0
90237,CONNECTICUT,CT,1,0,1,5,760,BAKER HILL,22,12,December,2010,4,Wednesday,12,28,1,12,3,555,41.87801111,-73.07155556,21,1,0,1,0,0,1,0
90238,CONNECTICUT,CT,1,0,2,7,190,BIBB,23,12,December,2010,5,Thursday,20,55,1,12,3,74,41.37866111,-72.44143333,24,2,0,1,0,0,1,1
90239,CONNECTICUT,CT,1,1,1,11,584,BULLOCK,4,12,December,2010,7,Saturday,4,49,1,2,3,459,41.48825556,-71.98031944,8,2,0,1,0,0,1,0
90240,CONNECTICUT,CT,1,1,1,3,255,BALDWIN,3,12,December,2010,6,Friday,19,52,0,13,3,4,41.71421944,-72.59552500,9,2,0,1,0,0,1,0
90241,CONNECTICUT,CT,1,0,3,1,765,AUTAUGA,24,12,December,2010,6,Friday,1,29,1,12,3,329,41.23764722,-73.17974722,59,3,0,1,0,0,1,0
90242,CONNECTICUT,CT,1,0,2,1,700,AUTAUGA,28,1,January,2010,5,Thursday,1,25,0,13,3,70,41.14628056,-73.54804722,24,3,0,1,0,0,1,1
90243,CONNECTICUT,CT,2,1,1,1,460,AUTAUGA,14,1,January,2010,5,Thursday,14,35,0,14,3,231,41.42181389,-73.35525833,8,1,0,1,0,0,1,0
90244,CONNECTICUT,CT,1,1,1,3,842,BALDWIN,18,2,February,2010,5,Thursday,20,43,0,13,3,56,41.81765000,-72.68258333,8,2,0,1,0,0,1,0