ST_CASE,State Name,State Abbreviation,VE_TOTAL,Pedestrains,Total_Persons_in_accident,COUNTY,CITY,City_County_Name,Calendar_DAY,MONTH,Month_Name,YEAR,DAY_WEEK,Day_Week_desc,HOUR,MINUTE,NHS_Desc,trafficway,ROUTE,MILEPT,LATITUDE,LONGITUD,First_Crash_event,Light_cond_desc,Weather_condition,WEATHER,SCH_BUS,Crash_cause,FATALS,DRUNK_DR
90245,CONNECTICUT,CT,1,0,2,9,385,BLOUNT,28,2,February,2010,1,Sunday,15,18,0,14,6,15,41.20824444,-73.04348056,30,1,0,1,0,0,2,0
90246,CONNECTICUT,CT,2,0,2,1,700,AUTAUGA,2,3,March,2010,3,Tuesday,2,32,1,11,1,64,41.04491111,-73.56411111,12,2,0,1,0,0,1,0
90247,CONNECTICUT,CT,1,0,2,1,50,AUTAUGA,5,4,April,2010,2,Monday,11,53,0,4,3,181,41.34571667,-73.41469444,42,1,0,1,0,0,1,0
90248,CONNECTICUT,CT,1,0,1,1,425,AUTAUGA,20,4,April,2010,3,Tuesday,14,24,0,14,3,66,41.16146667,-73.50788056,53,1,0,1,0,0,1,0
90249,CONNECTICUT,CT,3,0,4,1,170,AUTAUGA,20,4,April,2010,3,Tuesday,21,27,1,11,1,33,41.38476667,-73.47988611,12,3,0,1,0,0,1,1
90250,CONNECTICUT,CT,3,0,3,9,790,BLOUNT,5,4,April,2010,2,Monday,14,34,0,14,3,77,41.48725000,-72.82162778,12,1,0,1,0,0,1,0
90251,CONNECTICUT,CT,1,1,1,9,810,BLOUNT,15,4,April,2010,5,Thursday,17,5,0,16,6,6,41.56631111,-73.04870278,8,1,0,1,0,0,1,0
90252,CONNECTICUT,CT,2,0,3,9,669,BLOUNT,11,4,April,2010,1,Sunday,13,35,0,14,3,147,41.50222222,-73.22559722,12,1,0,1,0,0,1,0
90253,CONNECTICUT,CT,2,0,4,9,854,BLOUNT,8,5,May,2010,7,Saturday,12,42,0,13,3,16,41.35643611,-72.98350833,12,1,0,1,0,0,1,0
90254,CONNECTICUT,CT,1,0,1,9,854,BLOUNT,24,7,July,2010,7,Saturday,19,52,0,13,3,44,41.37431389,-72.99885278,33,5,0,1,0,0,1,1
90255,CONNECTICUT,CT,1,1,1,3,280,BALDWIN,13,8,August,2010,6,Friday,19,57,0,14,6,9,41.74581111,-72.69407500,8,1,0,1,0,0,1,0
90256,CONNECTICUT,CT,1,1,1,3,280,BALDWIN,20,8,August,2010,6,Friday,10,45,0,14,6,6,41.74519444,-72.68715556,15,1,0,1,0,0,1,0
90257,CONNECTICUT,CT,1,0,1,9,854,BLOUNT,19,9,September,2010,1,Sunday,2,45,0,15,6,6,41.32184722,-73.03706667,42,2,0,1,0,0,1,0
90258,CONNECTICUT,CT,1,0,2,11,349,BULLOCK,28,8,August,2010,7,Saturday,22,11,0,6,6,3,41.64180278,-72.01698056,1,2,0,1,0,0,1,1
90259,CONNECTICUT,CT,3,0,4,9,541,BLOUNT,6,10,October,2010,4,Wednesday,11,19,0,14,3,229,41.43447222,-73.11677500,12,1,0,2,0,0,1,0
90260,CONNECTICUT,CT,1,0,1,9,375,BLOUNT,30,10,October,2010,7,Saturday,19,37,1,11,1,268,41.51094722,-73.13107222,42,2,0,1,0,0,1,0
90261,CONNECTICUT,CT,1,0,1,9,541,BLOUNT,31,10,October,2010,1,Sunday,5,5,0,15,3,32,41.40345278,-73.14111667,42,3,0,1,0,0,1,1
90262,CONNECTICUT,CT,1,1,1,11,811,BULLOCK,12,11,November,2010,6,Friday,13,53,0,14,3,224,41.34144167,-72.13575833,8,1,0,1,0,0,1,0
90263,CONNECTICUT,CT,1,0,2,11,539,BULLOCK,29,11,November,2010,2,Monday,1,38,1,11,1,827,41.31903056,-72.27495556,24,2,0,1,0,0,1,0
90264,CONNECTICUT,CT,1,0,5,11,263,BULLOCK,7,12,December,2010,3,Tuesday,16,34,0,4,3,148,41.58931111,-71.90194444,42,1,0,1,0,0,4,0
90265,CONNECTICUT,CT,1,0,1,15,330,ANNISTON,10,12,December,2010,6,Friday,17,55,1,2,2,1161,41.79362778,-71.79546389,42,3,0,1,0,0,1,0
90267,CONNECTICUT,CT,1,0,1,3,101,BALDWIN,20,12,December,2010,2,Monday,2,1,0,6,2,401,41.82983889,-72.90298889,33,2,0,1,0,0,1,1
90268,CONNECTICUT,CT,2,0,3,5,817,BAKER HILL,1,7,July,2010,5,Thursday,14,48,0,13,3,13,41.58677778,-73.08345833,12,1,0,1,0,0,1,0
90269,CONNECTICUT,CT,1,1,1,9,385,BLOUNT,3,10,October,2010,1,Sunday,17,36,0,13,2,359,41.20286111,-73.10040278,8,3,0,2,0,0,1,1
90270,CONNECTICUT,CT,1,0,2,9,370,BLOUNT,12,12,December,2010,1,Sunday,2,26,0,16,6,20,41.28968889,-72.84000000,17,2,0,2,0,0,1,1
90271,CONNECTICUT,CT,1,0,1,9,70,BLOUNT,17,5,May,2010,2,Monday,16,44,0,16,6,5,41.30640833,-72.78695833,42,1,0,1,0,0,1,0
90272,CONNECTICUT,CT,1,0,1,1,80,AUTAUGA,1,5,May,2010,7,Saturday,20,32,0,16,6,3,41.20020278,-73.19080833,30,1,0,1,0,0,1,0
90273,CONNECTICUT,CT,1,0,1,3,90,BALDWIN,28,8,August,2010,7,Saturday,3,54,0,13,3,253,41.65479722,-72.96721111,53,3,0,1,0,0,1,1
90274,CONNECTICUT,CT,1,1,1,5,850,BAKER HILL,20,1,January,2010,4,Wednesday,19,23,0,13,2,276,41.92168611,-73.07427222,8,3,0,1,0,0,1,0
90275,CONNECTICUT,CT,1,1,1,3,280,BALDWIN,2,1,January,2010,7,Saturday,6,27,0,13,2,526,41.77786389,-72.68556111,8,3,0,4,0,0,1,0
90277,CONNECTICUT,CT,1,0,1,9,541,BLOUNT,3,7,July,2010,7,Saturday,1,33,0,13,3,76,41.38436944,-73.16090556,1,2,0,1,0,0,1,1
90278,CONNECTICUT,CT,2,0,3,9,385,BLOUNT,11,9,September,2010,7,Saturday,0,52,0,13,2,363,41.20529167,-73.09332778,12,3,0,1,0,0,1,1
90279,CONNECTICUT,CT,1,0,1,9,267,BLOUNT,26,5,May,2010,4,Wednesday,11,42,0,16,6,4,41.34123333,-72.94531389,30,1,0,1,0,0,1,1
90280,CONNECTICUT,CT,1,0,1,11,440,BULLOCK,21,3,March,2010,1,Sunday,0,42,0,14,6,2,41.35842500,-72.12537222,33,3,0,1,0,0,1,1
90281,CONNECTICUT,CT,2,0,2,9,852,BLOUNT,18,6,June,2010,6,Friday,23,37,0,14,3,43,41.55876389,-72.94792778,12,2,0,1,0,0,1,2
90282,CONNECTICUT,CT,1,1,1,1,510,AUTAUGA,29,6,June,2010,3,Tuesday,22,56,1,13,2,43,41.15730278,-73.42180556,8,2,0,1,0,0,1,0
90283,CONNECTICUT,CT,3,0,6,3,718,BALDWIN,8,7,July,2010,5,Thursday,17,9,0,14,3,161,42.02130556,-72.61676111,12,1,0,1,0,0,1,0
90284,CONNECTICUT,CT,1,1,1,1,170,AUTAUGA,29,7,July,2010,5,Thursday,18,16,0,16,6,2,41.39366944,-73.45909722,8,1,0,1,0,0,1,0
90285,CONNECTICUT,CT,1,0,1,3,420,BALDWIN,22,7,July,2010,5,Thursday,20,0,0,15,6,6,41.69012222,-72.78297778,30,1,0,1,0,0,1,1
90286,CONNECTICUT,CT,2,0,2,3,280,BALDWIN,18,11,November,2010,5,Thursday,19,30,0,14,6,1,41.75202778,-72.68097778,12,1,0,1,0,0,1,0
90287,CONNECTICUT,CT,1,1,1,3,420,BALDWIN,12,11,November,2010,6,Friday,21,20,0,14,6,0,41.67033056,-72.78117222,8,3,0,1,0,0,1,0
90288,CONNECTICUT,CT,2,0,2,3,90,BALDWIN,26,11,November,2010,6,Friday,6,58,1,13,2,454,41.68160833,-72.97664444,12,1,0,2,0,0,1,0
90289,CONNECTICUT,CT,1,1,1,1,835,AUTAUGA,11,12,December,2010,7,Saturday,17,36,0,13,2,194,41.14141944,-73.36082222,8,2,0,1,0,0,1,0
90290,CONNECTICUT,CT,2,0,2,1,510,AUTAUGA,3,10,October,2010,1,Sunday,21,38,0,16,6,0,41.10693611,-73.40583056,14,3,0,2,0,0,1,0
90291,CONNECTICUT,CT,1,0,2,9,430,BLOUNT,15,10,October,2010,6,Friday,1,40,0,16,6,4,41.31651944,-72.93404444,42,3,0,2,0,0,2,1
90292,CONNECTICUT,CT,1,1,1,3,845,BALDWIN,30,10,October,2010,7,Saturday,0,0,0,15,6,6,41.93088889,-72.63933611,9,2,0,1,0,0,1,1
90293,CONNECTICUT,CT,1,0,2,7,580,BIBB,27,10,October,2010,4,Wednesday,23,46,1,13,3,81,41.57250278,-72.63911667,5,3,5,2,0,0,1,1
90294,CONNECTICUT,CT,1,1,3,9,430,BLOUNT,7,8,August,2010,7,Saturday,18,2,0,13,6,7,41.31913333,-72.89651667,8,1,0,1,0,0,1,0
90295,CONNECTICUT,CT,4,0,6,3,280,BALDWIN,10,8,August,2010,3,Tuesday,18,11,0,14,6,2,41.77538889,-72.67669444,12,1,0,1,0,0,1,1
90296,CONNECTICUT,CT,1,0,1,7,220,BIBB,31,8,August,2010,3,Tuesday,14,36,0,16,6,2,41.62984167,-72.50166944,42,1,0,1,0,0,1,0
90297,CONNECTICUT,CT,1,0,3,9,538,BLOUNT,29,8,August,2010,1,Sunday,19,14,0,14,6,17,41.28391667,-73.05149722,42,5,0,1,0,0,1,0
90298,CONNECTICUT,CT,1,0,1,1,700,AUTAUGA,30,8,August,2010,2,Monday,7,39,0,16,6,3,41.09928889,-73.55856944,33,1,0,1,0,0,1,0
90299,CONNECTICUT,CT,1,0,2,1,185,AUTAUGA,4,4,April,2010,1,Sunday,1,0,0,16,6,10,41.07689444,-73.47453611,5,3,0,1,0,0,1,0
90300,CONNECTICUT,CT,1,0,1,7,266,BIBB,20,5,May,2010,5,Thursday,16,3,0,4,3,227,41.47723056,-72.51228056,53,1,0,1,0,0,1,0
90301,CONNECTICUT,CT,2,0,2,3,229,BALDWIN,23,12,December,2010,5,Thursday,17,16,1,11,1,534,41.95941944,-72.59219444,12,3,0,1,0,0,1,1
90302,CONNECTICUT,CT,2,0,2,3,435,BALDWIN,23,12,December,2010,5,Thursday,14,57,0,16,6,3,41.67010278,-72.72192500,12,1,0,1,0,0,1,0
100001,DELAWARE,DE,1,1,1,3,0,BALDWIN,2,1,January,2010,7,Saturday,2,26,1,11,1,138,39.64740278,-75.74300833,8,3,0,1,0,0,1,0
100002,DELAWARE,DE,2,0,2,5,0,BAKER HILL,4,1,January,2010,2,Monday,8,22,0,6,4,28,38.71598889,-75.13275278,12,1,0,1,0,0,1,0
100003,DELAWARE,DE,1,1,1,3,0,BALDWIN,5,1,January,2010,3,Tuesday,6,3,1,13,3,8,39.72109444,-75.65521389,8,2,0,1,0,0,1,0
100004,DELAWARE,DE,2,0,5,5,0,BAKER HILL,10,1,January,2010,1,Sunday,12,50,0,4,4,54,38.75564444,-75.50038056,12,1,0,1,0,0,1,0
100005,DELAWARE,DE,1,1,3,3,490,BALDWIN,9,1,January,2010,7,Saturday,14,46,0,16,6,0,39.75282500,-75.53479444,9,1,0,1,0,0,1,0
100006,DELAWARE,DE,2,0,3,3,0,BALDWIN,11,1,January,2010,2,Monday,16,7,0,13,2,17,39.60542500,-75.74609722,12,1,0,1,0,0,1,2
100007,DELAWARE,DE,2,0,4,1,0,AUTAUGA,12,1,January,2010,3,Tuesday,7,45,0,4,3,65,39.06391389,-75.63340278,12,1,0,1,0,0,2,1
100008,DELAWARE,DE,1,0,1,1,0,AUTAUGA,28,1,January,2010,5,Thursday,18,25,0,6,4,13,39.25488611,-75.58555000,53,2,0,1,0,0,1,1
100009,DELAWARE,DE,2,0,2,3,0,BALDWIN,9,2,February,2010,3,Tuesday,15,41,1,2,2,59,39.61580556,-75.64567500,12,1,0,1,0,0,1,0
100010,DELAWARE,DE,1,1,1,3,0,BALDWIN,17,2,February,2010,4,Wednesday,23,10,1,13,2,34,39.74072222,-75.58731111,8,2,0,1,0,0,1,0
100011,DELAWARE,DE,3,0,4,3,0,BALDWIN,20,2,February,2010,7,Saturday,1,14,0,13,3,21,39.73357778,-75.67260000,12,2,0,1,0,0,2,1
100012,DELAWARE,DE,2,0,3,3,0,BALDWIN,25,2,February,2010,5,Thursday,16,32,0,3,2,13,39.32420556,-75.62172778,18,1,0,1,0,0,2,0
100013,DELAWARE,DE,1,1,1,3,0,BALDWIN,27,2,February,2010,7,Saturday,18,32,1,13,3,57,39.70982778,-75.65262778,8,2,0,1,0,0,1,0
100014,DELAWARE,DE,1,1,3,3,0,BALDWIN,6,3,March,2010,7,Saturday,23,51,1,13,2,46,39.66597222,-75.60447778,8,2,0,1,0,0,1,0
100015,DELAWARE,DE,1,0,1,1,0,AUTAUGA,4,3,March,2010,5,Thursday,21,18,0,6,4,15,39.13358889,-75.71047778,32,2,0,1,0,0,1,1
100016,DELAWARE,DE,1,0,1,1,0,AUTAUGA,18,3,March,2010,5,Thursday,23,20,0,6,4,6,39.05465000,-75.72927500,42,2,0,1,0,0,1,0
100017,DELAWARE,DE,1,1,1,3,0,BALDWIN,25,3,March,2010,5,Thursday,5,16,0,6,4,36,39.46223889,-75.71983333,8,2,0,1,0,0,1,0
100018,DELAWARE,DE,2,0,2,5,0,BAKER HILL,26,3,March,2010,6,Friday,14,19,0,4,3,37,38.52070556,-75.63323056,12,1,0,2,0,0,1,0
100019,DELAWARE,DE,2,0,3,5,0,BAKER HILL,2,4,April,2010,6,Friday,15,9,0,4,3,218,38.55783056,-75.34492500,12,1,0,1,0,0,1,0
100021,DELAWARE,DE,1,1,1,5,0,BAKER HILL,6,4,April,2010,3,Tuesday,20,47,0,4,4,45,38.62454167,-75.12039167,8,2,0,1,0,0,1,0
100022,DELAWARE,DE,1,1,1,3,0,BALDWIN,6,4,April,2010,3,Tuesday,21,49,0,16,3,31,39.67706944,-75.68687500,8,3,0,1,0,0,1,0
100023,DELAWARE,DE,1,0,2,3,0,BALDWIN,8,4,April,2010,5,Thursday,1,4,0,3,2,38,39.58214167,-75.65820556,30,2,0,2,0,0,1,1
100024,DELAWARE,DE,1,0,1,5,0,BAKER HILL,18,4,April,2010,1,Sunday,18,17,0,6,4,27,38.84151389,-75.45719167,42,1,0,1,0,0,1,1
100025,DELAWARE,DE,2,1,2,3,490,BALDWIN,21,4,April,2010,4,Wednesday,16,12,0,16,5,0,39.74362500,-75.55031667,12,1,0,2,0,0,1,0
100026,DELAWARE,DE,2,0,2,5,0,BAKER HILL,27,4,April,2010,3,Tuesday,9,0,0,4,3,395,38.71966944,-75.14665556,12,1,0,10,0,0,1,0
100027,DELAWARE,DE,1,0,1,5,0,BAKER HILL,30,4,April,2010,6,Friday,7,35,0,6,4,4,38.65642778,-75.22742222,42,1,0,1,0,0,1,0
100028,DELAWARE,DE,1,0,1,3,0,BALDWIN,30,4,April,2010,6,Friday,0,34,0,3,4,24,39.71550556,-75.74129167,31,6,0,1,0,0,1,1
100029,DELAWARE,DE,2,0,3,3,490,BALDWIN,2,5,May,2010,1,Sunday,1,21,0,13,6,61,39.75860556,-75.57220556,12,3,0,10,0,0,1,2
100030,DELAWARE,DE,1,1,1,5,0,BAKER HILL,5,5,May,2010,4,Wednesday,23,39,1,2,3,41,38.73246111,-75.13485556,8,2,0,1,0,0,1,0
100031,DELAWARE,DE,2,0,3,3,0,BALDWIN,8,5,May,2010,7,Saturday,16,4,0,4,3,26,39.82580833,-75.55675556,12,1,0,1,0,0,1,0
100032,DELAWARE,DE,2,0,2,5,0,BAKER HILL,11,5,May,2010,3,Tuesday,7,27,1,2,2,94,38.69977778,-75.58962778,12,1,0,1,0,0,1,1
100033,DELAWARE,DE,3,0,11,3,0,BALDWIN,21,5,May,2010,6,Friday,14,18,0,14,3,55,39.61679722,-75.71966111,12,1,0,1,1,0,1,1
100034,DELAWARE,DE,1,0,2,3,0,BALDWIN,23,5,May,2010,1,Sunday,6,58,0,14,3,25,39.71313056,-75.77991389,1,1,0,2,0,0,1,1
100035,DELAWARE,DE,1,1,1,1,320,AUTAUGA,28,5,May,2010,6,Friday,14,39,0,2,3,9,38.93030278,-75.42011389,8,1,0,10,0,0,1,0
100036,DELAWARE,DE,2,0,2,3,0,BALDWIN,1,6,June,2010,3,Tuesday,14,48,0,13,3,7,39.78905000,-75.69640278,12,1,0,1,0,0,1,0
100037,DELAWARE,DE,1,0,2,3,0,BALDWIN,6,6,June,2010,1,Sunday,4,16,0,5,4,23,39.51735000,-75.60868333,30,2,0,1,0,0,1,1
100038,DELAWARE,DE,1,0,1,5,0,BAKER HILL,7,6,June,2010,2,Monday,14,40,1,2,2,25,38.67572778,-75.59246111,1,1,0,1,0,0,1,0
100039,DELAWARE,DE,2,0,3,3,0,BALDWIN,8,6,June,2010,3,Tuesday,14,45,0,16,6,7,39.63373611,-75.71465000,12,1,0,1,0,0,1,0
100040,DELAWARE,DE,1,2,1,3,0,BALDWIN,8,6,June,2010,3,Tuesday,19,38,0,15,4,12,39.62092778,-75.77111667,8,1,0,1,0,0,1,0
100041,DELAWARE,DE,1,0,1,3,0,BALDWIN,10,6,June,2010,5,Thursday,19,8,0,14,2,28,39.75293056,-75.50838889,33,1,0,1,0,0,1,0
100042,DELAWARE,DE,3,0,1,5,350,BAKER HILL,14,6,June,2010,2,Monday,17,57,0,4,4,175,38.76870556,-75.31668611,26,1,0,10,0,0,1,1
100043,DELAWARE,DE,3,0,4,3,360,BALDWIN,23,6,June,2010,4,Wednesday,12,34,0,14,5,20,39.71128056,-75.74350833,12,1,0,1,0,0,1,0
100044,DELAWARE,DE,2,0,2,5,0,BAKER HILL,25,6,June,2010,6,Friday,13,19,0,6,4,13,38.54575000,-75.10060833,12,1,0,1,0,0,1,0
100045,DELAWARE,DE,1,0,1,1,0,AUTAUGA,3,7,July,2010,7,Saturday,4,5,0,4,4,19,39.01638333,-75.63941111,34,2,0,1,0,0,1,1
100046,DELAWARE,DE,1,0,1,5,0,BAKER HILL,4,7,July,2010,1,Sunday,18,11,0,2,3,80,38.75522222,-75.19334722,42,1,0,1,0,0,1,1
100047,DELAWARE,DE,2,0,2,3,0,BALDWIN,9,7,July,2010,6,Friday,23,59,1,13,2,54,39.70137500,-75.57289167,12,3,0,10,0,0,1,1
100048,DELAWARE,DE,2,0,3,5,0,BAKER HILL,11,7,July,2010,1,Sunday,7,43,1,2,3,110,38.71040278,-75.53031944,12,1,0,1,0,0,1,1
100049,DELAWARE,DE,1,1,1,3,0,BALDWIN,16,7,July,2010,6,Friday,8,29,1,13,2,47,39.71163611,-75.56076667,8,1,0,1,0,0,1,0
100050,DELAWARE,DE,1,1,1,1,130,AUTAUGA,16,7,July,2010,6,Friday,16,19,0,14,5,30,39.16837500,-75.53097500,8,1,0,1,0,0,1,0
100051,DELAWARE,DE,2,0,3,5,0,BAKER HILL,14,7,July,2010,4,Wednesday,12,10,0,4,3,26,38.63242778,-75.29651667,12,1,0,1,0,0,1,0
100052,DELAWARE,DE,1,0,1,5,0,BAKER HILL,17,7,July,2010,7,Saturday,1,17,0,4,3,23,38.74575000,-75.17772778,30,2,0,1,0,0,1,0
100053,DELAWARE,DE,1,1,1,3,0,BALDWIN,20,7,July,2010,3,Tuesday,20,49,0,15,4,6,39.65045833,-75.78034444,8,2,0,1,0,0,1,0
100054,DELAWARE,DE,1,0,6,3,0,BALDWIN,28,7,July,2010,4,Wednesday,21,48,1,13,2,7,39.63477778,-75.65528889,1,2,0,1,0,0,1,1
100055,DELAWARE,DE,1,0,3,1,0,AUTAUGA,1,8,August,2010,1,Sunday,17,45,0,6,4,15,38.90539444,-75.48603056,42,1,0,1,0,0,1,1
100056,DELAWARE,DE,1,1,1,5,0,BAKER HILL,1,8,August,2010,1,Sunday,21,10,0,3,4,41,38.60372500,-75.51546944,9,2,0,1,0,0,1,0
100057,DELAWARE,DE,2,0,3,5,0,BAKER HILL,3,8,August,2010,3,Tuesday,12,21,0,6,4,13,38.66902500,-75.54791389,12,1,0,1,0,0,1,0
100058,DELAWARE,DE,2,0,2,3,0,BALDWIN,5,8,August,2010,5,Thursday,6,44,1,11,1,14,39.71781667,-75.54705556,12,1,0,1,0,0,1,0
100059,DELAWARE,DE,2,0,3,1,0,AUTAUGA,6,8,August,2010,6,Friday,20,55,0,4,4,13,39.13165833,-75.73888889,12,2,0,10,0,0,1,2
100060,DELAWARE,DE,2,0,2,1,130,AUTAUGA,15,8,August,2010,1,Sunday,1,9,0,6,3,51,39.14763611,-75.66481667,12,2,0,1,0,0,1,1
100061,DELAWARE,DE,1,0,1,5,320,BAKER HILL,18,8,August,2010,4,Wednesday,15,42,0,4,3,73,38.88762500,-75.38990000,42,1,0,2,0,0,1,1
100062,DELAWARE,DE,1,0,1,3,0,BALDWIN,25,8,August,2010,4,Wednesday,23,56,0,6,4,4,39.44149722,-75.64413056,21,2,0,1,0,0,1,0
100063,DELAWARE,DE,2,0,5,1,130,AUTAUGA,27,8,August,2010,6,Friday,16,34,0,14,3,28,39.15575556,-75.58971389,12,1,0,1,0,0,3,0
100064,DELAWARE,DE,2,0,6,5,0,BAKER HILL,29,8,August,2010,1,Sunday,16,12,0,4,4,54,38.75568889,-75.50079444,12,1,0,1,0,0,1,0
100065,DELAWARE,DE,1,1,1,3,0,BALDWIN,9,9,September,2010,5,Thursday,5,5,1,13,2,1,39.65467500,-75.61607222,8,2,0,1,0,0,1,0
100066,DELAWARE,DE,1,0,1,3,0,BALDWIN,9,9,September,2010,5,Thursday,20,42,0,6,4,40,39.37630833,-75.73047500,34,2,0,1,0,0,1,0
100067,DELAWARE,DE,2,0,6,3,0,BALDWIN,15,9,September,2010,4,Wednesday,22,6,0,13,3,70,39.75616389,-75.59769722,12,2,0,1,0,0,1,0
100068,DELAWARE,DE,1,0,2,5,0,BAKER HILL,12,9,September,2010,1,Sunday,12,38,0,4,4,51,38.51479444,-75.18038611,42,1,0,2,0,0,2,0
100069,DELAWARE,DE,1,0,1,1,0,AUTAUGA,29,9,September,2010,4,Wednesday,19,19,0,3,4,23,39.15841667,-75.65434444,34,1,0,1,0,0,1,1
100070,DELAWARE,DE,2,0,2,3,0,BALDWIN,4,10,October,2010,2,Monday,9,0,0,16,4,11,39.75081944,-75.67992222,12,1,0,2,0,0,1,0
100071,DELAWARE,DE,2,0,2,3,0,BALDWIN,7,10,October,2010,5,Thursday,1,37,1,2,2,79,39.57195556,-75.73923056,12,3,0,1,0,0,1,1
100072,DELAWARE,DE,1,1,1,1,0,AUTAUGA,7,10,October,2010,5,Thursday,22,39,0,3,2,34,39.22892778,-75.57915556,8,2,0,1,0,0,1,0
100073,DELAWARE,DE,2,1,4,5,0,BAKER HILL,15,10,October,2010,6,Friday,21,33,0,4,3,31,38.63832778,-75.55263611,8,2,0,1,0,0,1,0
100074,DELAWARE,DE,1,0,2,3,0,BALDWIN,28,10,October,2010,5,Thursday,15,12,1,2,3,51,39.57552778,-75.65769167,24,1,0,1,0,0,2,0
100075,DELAWARE,DE,3,0,4,1,0,AUTAUGA,31,10,October,2010,1,Sunday,20,12,1,2,2,46,38.97836111,-75.56877222,12,2,0,1,0,0,2,0
100076,DELAWARE,DE,1,1,1,1,0,AUTAUGA,7,11,November,2010,1,Sunday,9,0,0,6,4,74,39.07297778,-75.61555000,8,1,0,1,0,0,1,0
100077,DELAWARE,DE,1,1,1,5,0,BAKER HILL,8,11,November,2010,2,Monday,17,47,0,6,4,27,38.70835278,-75.61331667,9,2,0,1,0,0,1,0
100078,DELAWARE,DE,1,0,1,5,0,BAKER HILL,11,11,November,2010,5,Thursday,8,49,0,6,4,2,38.74712222,-75.20725278,42,1,0,1,0,0,1,0
100079,DELAWARE,DE,2,0,2,5,0,BAKER HILL,22,11,November,2010,2,Monday,0,1,1,2,3,26,38.89049722,-75.38689722,12,2,0,1,0,0,2,1
100080,DELAWARE,DE,2,0,3,1,0,AUTAUGA,22,11,November,2010,2,Monday,15,40,0,4,4,44,38.98870278,-75.51031944,12,1,0,1,0,0,1,0
100081,DELAWARE,DE,2,0,6,5,0,BAKER HILL,26,11,November,2010,6,Friday,18,59,0,4,4,318,38.62008889,-75.19841111,12,2,0,1,0,0,1,1
100082,DELAWARE,DE,2,0,2,5,0,BAKER HILL,21,11,November,2010,1,Sunday,9,21,0,4,3,55,38.63578056,-75.19455000,12,1,0,1,0,0,1,0
100083,DELAWARE,DE,1,1,1,3,0,BALDWIN,6,12,December,2010,2,Monday,7,6,0,14,4,50,39.63035000,-75.76077500,8,1,0,1,0,0,1,0
100084,DELAWARE,DE,2,0,2,3,0,BALDWIN,9,12,December,2010,5,Thursday,19,52,0,3,2,17,39.50033333,-75.65013889,12,1,0,1,0,0,1,0
100085,DELAWARE,DE,1,0,1,1,320,AUTAUGA,11,12,December,2010,7,Saturday,1,23,0,3,3,6,38.91748333,-75.42047778,1,3,0,1,0,0,1,1
100086,DELAWARE,DE,1,0,1,3,0,BALDWIN,11,12,December,2010,7,Saturday,5,47,0,13,3,52,39.72884167,-75.58563611,33,2,0,1,0,0,1,1
100087,DELAWARE,DE,2,0,2,5,0,BAKER HILL,18,8,August,2010,4,Wednesday,5,17,0,4,3,218,38.55944167,-75.34561111,12,2,0,2,0,0,1,1
100088,DELAWARE,DE,1,1,1,1,130,AUTAUGA,15,12,December,2010,4,Wednesday,20,4,0,13,2,17,39.13914722,-75.52482500,8,2,0,1,0,0,1,1
100089,DELAWARE,DE,1,1,1,3,0,BALDWIN,16,12,December,2010,5,Thursday,2,7,0,13,2,9,39.71999444,-75.55606944,8,2,0,1,0,0,1,0
100090,DELAWARE,DE,2,0,2,1,0,AUTAUGA,18,12,December,2010,7,Saturday,7,25,1,2,2,33,38.97175556,-75.56705556,12,1,0,1,0,0,1,1
100091,DELAWARE,DE,1,0,4,1,0,AUTAUGA,24,12,December,2010,6,Friday,18,2,0,6,3,13,39.08623611,-75.57778333,34,2,0,1,0,0,1,1
100092,DELAWARE,DE,1,0,1,3,0,BALDWIN,30,12,December,2010,5,Thursday,1,2,1,2,2,18,39.46906389,-75.72112222,1,2,0,1,0,0,1,1
100093,DELAWARE,DE,1,0,1,3,0,BALDWIN,23,12,December,2010,5,Thursday,11,59,1,11,1,103,39.69767778,-75.61486111,42,1,0,1,0,0,1,0
110001,DISTRICT OF COLUMBIA,DC,1,0,1,1,10,AUTAUGA,3,1,January,2010,1,Sunday,0,30,0,16,6,99999,38.90913611,-77.05063889,1,6,0,98,0,0,1,1
110002,DISTRICT OF COLUMBIA,DC,2,1,1,1,10,AUTAUGA,16,1,January,2010,7,Saturday,2,7,1,11,1,0,38.89831389,-76.94923056,8,3,0,1,0,0,1,1
110003,DISTRICT OF COLUMBIA,DC,1,0,2,1,10,AUTAUGA,20,2,February,2010,7,Saturday,2,35,0,16,6,0,38.94685278,-77.00848333,30,3,0,1,0,0,1,1
110004,DISTRICT OF COLUMBIA,DC,1,1,1,1,10,AUTAUGA,2,3,March,2010,3,Tuesday,4,20,0,16,6,0,38.91526111,-76.99358333,8,3,0,1,0,0,1,0
110005,DISTRICT OF COLUMBIA,DC,1,1,1,1,10,AUTAUGA,6,3,March,2010,7,Saturday,6,14,0,16,6,0,38.89207778,-77.03194722,8,4,0,1,0,0,1,0
110006,DISTRICT OF COLUMBIA,DC,1,1,1,1,10,AUTAUGA,30,3,March,2010,3,Tuesday,21,30,0,16,6,99999,38.90521111,-77.06286944,8,1,0,1,0,0,1,0
110007,DISTRICT OF COLUMBIA,DC,1,1,1,1,10,AUTAUGA,6,4,April,2010,3,Tuesday,10,55,0,16,6,99999,38.90203056,-77.05012222,8,1,0,1,0,0,1,0
110008,DISTRICT OF COLUMBIA,DC,1,1,1,1,10,AUTAUGA,8,4,April,2010,5,Thursday,21,30,0,16,6,99999,38.90435833,-76.92412500,8,3,0,2,0,0,1,0