ST_CASE,State Name,State Abbreviation,VE_TOTAL,Pedestrains,Total_Persons_in_accident,COUNTY,CITY,City_County_Name,Calendar_DAY,MONTH,Month_Name,YEAR,DAY_WEEK,Day_Week_desc,HOUR,MINUTE,NHS_Desc,trafficway,ROUTE,MILEPT,LATITUDE,LONGITUD,First_Crash_event,Light_cond_desc,Weather_condition,WEATHER,SCH_BUS,Crash_cause,FATALS,DRUNK_DR
110009,DISTRICT OF COLUMBIA,DC,2,0,2,1,10,AUTAUGA,10,4,April,2010,7,Saturday,6,30,0,16,6,99999,38.93410833,-76.96214722,12,4,0,1,0,0,1,0
110010,DISTRICT OF COLUMBIA,DC,1,1,1,1,10,AUTAUGA,12,4,April,2010,2,Monday,18,4,0,16,6,99999,38.90065278,-77.02813889,9,1,0,1,0,0,1,0
110011,DISTRICT OF COLUMBIA,DC,2,0,7,1,10,AUTAUGA,19,4,April,2010,2,Monday,18,50,0,16,6,99999,38.86366944,-76.95613889,12,1,0,1,0,0,1,0
110012,DISTRICT OF COLUMBIA,DC,1,1,1,1,10,AUTAUGA,29,4,April,2010,5,Thursday,10,21,0,16,6,99999,38.87648333,-77.00727222,8,1,0,1,0,0,1,0
110013,DISTRICT OF COLUMBIA,DC,1,0,3,1,10,AUTAUGA,1,6,June,2010,3,Tuesday,18,12,0,16,6,99999,38.95331944,-77.00441944,42,1,0,1,0,0,1,0
110014,DISTRICT OF COLUMBIA,DC,1,1,1,1,10,AUTAUGA,3,6,June,2010,5,Thursday,18,53,0,16,6,99999,38.90868333,-76.98611389,8,1,0,1,0,0,1,0
110015,DISTRICT OF COLUMBIA,DC,1,1,1,1,10,AUTAUGA,4,6,June,2010,6,Friday,22,50,0,16,6,99999,38.83806944,-76.97991389,9,3,0,1,0,0,1,1
110016,DISTRICT OF COLUMBIA,DC,1,1,2,1,10,AUTAUGA,11,7,July,2010,1,Sunday,18,9,0,16,6,99999,38.91222500,-77.06598056,8,1,0,1,0,0,1,0
110017,DISTRICT OF COLUMBIA,DC,3,0,3,1,10,AUTAUGA,26,7,July,2010,2,Monday,4,20,0,16,6,99999,38.90763333,-77.00836667,12,3,0,1,0,0,1,0
110018,DISTRICT OF COLUMBIA,DC,1,0,1,1,10,AUTAUGA,31,7,July,2010,7,Saturday,2,1,1,11,1,99999,38.88221389,-77.01072778,24,3,0,1,0,0,1,1
110019,DISTRICT OF COLUMBIA,DC,1,2,1,1,10,AUTAUGA,8,9,September,2010,4,Wednesday,20,38,0,16,6,0,38.91693333,-77.04158333,33,3,0,1,0,0,1,1
110020,DISTRICT OF COLUMBIA,DC,1,0,2,1,10,AUTAUGA,30,10,October,2010,7,Saturday,1,33,0,16,6,0,38.86233333,-76.99341111,33,3,0,1,0,0,1,0
110021,DISTRICT OF COLUMBIA,DC,3,1,1,1,10,AUTAUGA,7,10,October,2010,5,Thursday,1,34,0,16,6,99999,38.90820000,-77.04231389,8,3,0,1,0,0,1,1
110022,DISTRICT OF COLUMBIA,DC,1,0,1,1,10,AUTAUGA,5,11,November,2010,6,Friday,17,50,0,16,6,0,38.90392500,-76.97410000,33,1,0,1,0,0,1,1
110023,DISTRICT OF COLUMBIA,DC,1,1,1,1,10,AUTAUGA,8,11,November,2010,2,Monday,0,45,0,16,6,0,38.84681111,-77.00810833,8,3,0,1,0,0,1,0
110024,DISTRICT OF COLUMBIA,DC,1,1,2,1,10,AUTAUGA,12,12,December,2010,1,Sunday,2,35,1,11,1,0,38.85758889,-77.00398889,8,3,0,2,0,0,1,1
120001,FLORIDA,FL,1,0,2,11,0,BULLOCK,1,1,January,2010,6,Friday,12,58,1,12,3,99998,26.19274167,-80.21016389,24,1,0,10,0,0,1,0
120002,FLORIDA,FL,1,0,1,9,0,BLOUNT,1,1,January,2010,6,Friday,99,99,0,6,4,0,28.12033333,-80.71772222,34,2,0,10,0,0,1,1
120003,FLORIDA,FL,1,0,2,11,0,BULLOCK,1,1,January,2010,6,Friday,16,2,0,13,2,99998,26.14581111,-80.20266667,30,1,0,2,0,0,1,0
120004,FLORIDA,FL,3,0,2,86,0,AVENTURA,1,1,January,2010,6,Friday,6,45,0,13,3,99998,25.73227500,-80.37173889,46,4,0,10,0,0,1,1
120005,FLORIDA,FL,2,0,3,95,0,ALBERTVILLE,1,1,January,2010,6,Friday,0,28,0,6,4,0,28.73073056,-81.61798889,12,2,0,10,0,0,2,2
120006,FLORIDA,FL,2,0,6,95,0,ALBERTVILLE,2,1,January,2010,7,Saturday,19,21,0,6,4,0,28.37162500,-81.30955833,33,2,0,1,0,0,1,0
120007,FLORIDA,FL,2,0,3,33,0,CHEROKEE,3,1,January,2010,1,Sunday,17,15,0,13,2,99998,30.40076111,-87.42372222,12,2,0,1,0,0,1,0
120009,FLORIDA,FL,1,0,1,86,2010,AVENTURA,3,1,January,2010,1,Sunday,0,0,1,13,2,99998,25.73171944,-80.25520833,43,3,0,1,0,0,1,1
120010,FLORIDA,FL,1,1,2,95,0,ALBERTVILLE,3,1,January,2010,1,Sunday,3,20,0,2,3,99998,28.53692500,-81.00495556,8,2,0,1,0,0,1,0
120011,FLORIDA,FL,2,0,4,65,2100,CYPRESS,3,1,January,2010,1,Sunday,0,1,1,2,2,99998,30.52947500,-83.87121111,12,2,0,1,0,0,1,2
120012,FLORIDA,FL,2,0,2,29,0,BORDEN SPRINGS,4,1,January,2010,2,Monday,7,40,0,6,4,0,29.63951389,-83.13981944,12,1,0,1,0,0,1,0
120013,FLORIDA,FL,2,0,2,95,3290,ALBERTVILLE,5,1,January,2010,3,Tuesday,20,40,0,16,6,0,28.51442500,-81.64417778,12,2,0,1,0,0,1,0
120014,FLORIDA,FL,2,0,2,1,1130,AUTAUGA,6,1,January,2010,4,Wednesday,8,45,0,13,2,99998,29.73543889,-82.38077500,12,1,0,1,0,0,1,0
120015,FLORIDA,FL,2,0,2,85,0,BENTON,6,1,January,2010,4,Wednesday,12,55,0,13,2,99998,27.10514167,-80.16573056,12,1,0,1,0,0,2,0
120016,FLORIDA,FL,2,0,2,113,0,COTTONTON,7,1,January,2010,5,Thursday,14,43,0,14,2,99998,30.60321944,-87.10755000,12,1,0,10,0,0,1,0
120017,FLORIDA,FL,3,1,1,51,0,CENTRAL,7,1,January,2010,5,Thursday,5,30,1,2,2,99998,26.75405556,-81.00201389,12,2,0,1,0,0,1,0
120018,FLORIDA,FL,2,0,4,101,0,BOYLSTON,7,1,January,2010,5,Thursday,19,50,0,6,4,0,28.23056111,-82.35121667,12,2,0,10,0,0,2,1
120019,FLORIDA,FL,1,0,5,131,0,ARLINGTON,7,1,January,2010,5,Thursday,17,15,1,1,1,99998,30.69051389,-86.03593056,1,2,0,2,0,0,1,0
120020,FLORIDA,FL,1,0,3,31,1510,COFFEE,8,1,January,2010,6,Friday,2,8,1,11,1,99998,30.31780278,-81.72860278,1,3,0,1,0,0,1,1
120021,FLORIDA,FL,2,0,2,123,2510,ALEXANDER CITY,20,1,January,2010,4,Wednesday,7,3,1,13,2,99998,30.12790278,-83.59714722,12,2,0,5,0,0,1,0
120022,FLORIDA,FL,1,1,1,103,0,DANVILLE,8,1,January,2010,6,Friday,18,55,0,6,4,0,27.84218333,-82.76240000,8,2,0,1,0,0,2,0
120023,FLORIDA,FL,1,1,1,71,0,BRIDGEPORT,8,1,January,2010,6,Friday,21,37,0,13,2,99998,26.66254444,-81.87702500,8,3,0,10,0,0,1,0
120024,FLORIDA,FL,2,0,3,57,0,BANKSTON,8,1,January,2010,6,Friday,6,25,0,6,4,0,28.02535000,-82.49105000,12,4,0,10,0,0,1,1
120025,FLORIDA,FL,1,0,1,101,0,BOYLSTON,8,1,January,2010,6,Friday,8,55,0,6,4,0,28.39180278,-82.59805278,1,1,0,1,0,0,1,0
120026,FLORIDA,FL,2,0,1,86,2010,AVENTURA,9,1,January,2010,7,Saturday,0,58,0,16,6,0,25.77807222,-80.28638889,33,3,0,10,0,0,1,1
120027,FLORIDA,FL,1,1,1,86,2010,AVENTURA,16,1,January,2010,7,Saturday,18,40,0,13,2,99998,25.76579722,-80.21652500,8,3,0,1,0,0,1,0
120028,FLORIDA,FL,2,0,2,133,0,ARLEY,9,1,January,2010,7,Saturday,11,30,1,1,1,99998,30.75396667,-85.60129444,12,1,0,1,0,0,1,0
120029,FLORIDA,FL,2,0,2,101,0,BOYLSTON,9,1,January,2010,7,Saturday,9,29,0,13,3,99998,28.33101667,-82.66815000,12,1,0,3,0,0,1,0
120030,FLORIDA,FL,1,1,1,101,0,BOYLSTON,9,1,January,2010,7,Saturday,2,39,0,6,4,0,28.41988056,-82.29053611,8,2,0,1,0,0,1,0
120031,FLORIDA,FL,1,0,3,117,0,BIRMINGHAM,9,1,January,2010,7,Saturday,0,30,0,6,4,0,28.62828333,-81.11733889,38,2,0,1,0,0,2,1
120032,FLORIDA,FL,1,0,3,83,0,ARDMORE,10,1,January,2010,1,Sunday,20,35,0,6,4,0,29.18643056,-82.23101111,1,2,0,1,0,0,1,1
120033,FLORIDA,FL,1,1,1,86,2010,AVENTURA,11,1,January,2010,2,Monday,18,14,0,14,2,99998,25.80822778,-80.20748056,8,3,0,1,0,0,1,0
120034,FLORIDA,FL,1,1,1,115,2780,ASHVILLE,19,1,January,2010,3,Tuesday,6,40,0,16,6,0,27.32554444,-82.53788333,15,3,0,1,0,0,1,0
120035,FLORIDA,FL,1,0,1,71,0,BRIDGEPORT,11,1,January,2010,2,Monday,16,44,1,11,1,99998,26.64225278,-81.80082500,1,1,0,1,0,0,1,0
120036,FLORIDA,FL,2,0,3,83,0,ARDMORE,12,1,January,2010,3,Tuesday,10,0,0,6,4,0,29.29593611,-82.16052778,12,1,0,1,0,0,2,0
120037,FLORIDA,FL,2,1,2,81,0,AUBURN,12,1,January,2010,3,Tuesday,23,10,0,13,2,99998,27.45412500,-82.57537778,12,2,0,1,0,0,1,1
120038,FLORIDA,FL,1,1,1,103,0,DANVILLE,12,1,January,2010,3,Tuesday,20,47,0,13,3,99998,27.81724167,-82.72862500,9,3,0,1,0,0,1,0
120039,FLORIDA,FL,3,0,8,11,771,BULLOCK,13,1,January,2010,4,Wednesday,4,4,1,11,1,99998,26.11084722,-80.29777500,12,2,0,1,0,0,1,1
120040,FLORIDA,FL,2,0,3,23,1660,BLADON SPRINGS,13,1,January,2010,4,Wednesday,6,55,0,13,3,99998,30.18738889,-82.64874167,12,4,0,1,0,0,1,0
120041,FLORIDA,FL,1,1,1,55,0,ATTALLA,13,1,January,2010,4,Wednesday,20,0,0,6,4,0,27.21653889,-81.30816111,8,2,0,1,0,0,1,0
120042,FLORIDA,FL,1,1,1,83,0,ARDMORE,13,1,January,2010,4,Wednesday,18,19,1,13,3,99998,29.26692500,-82.19159722,8,3,0,1,0,0,1,0
120043,FLORIDA,FL,1,0,1,71,0,BRIDGEPORT,14,1,January,2010,5,Thursday,3,40,1,1,1,99998,26.72056389,-81.81675278,1,2,0,1,0,0,1,0
120044,FLORIDA,FL,2,0,3,99,0,BEATRICE,14,1,January,2010,5,Thursday,14,37,0,6,4,0,26.66141944,-80.56044722,12,1,0,1,0,0,1,0
120045,FLORIDA,FL,1,0,3,127,780,BURNWELL,14,1,January,2010,5,Thursday,16,14,1,11,1,99998,29.19898056,-81.09577500,1,1,0,1,0,0,1,0
120046,FLORIDA,FL,1,0,2,53,0,ATMORE,15,1,January,2010,6,Friday,10,37,0,6,4,0,28.44110278,-82.43348333,42,1,0,1,0,0,1,0
120047,FLORIDA,FL,2,0,3,86,0,AVENTURA,16,1,January,2010,7,Saturday,10,40,0,14,3,99998,25.69354722,-80.33368611,12,1,0,10,0,0,1,0
120048,FLORIDA,FL,1,0,2,73,0,ARGO,16,1,January,2010,7,Saturday,3,40,0,6,4,0,30.66070278,-84.21428056,1,2,0,2,0,0,1,1
120049,FLORIDA,FL,1,0,1,127,0,BURNWELL,16,1,January,2010,7,Saturday,1,31,0,6,4,0,28.98578056,-81.33530278,42,2,0,10,0,0,1,1
120050,FLORIDA,FL,2,0,6,69,0,ASHFORD,16,1,January,2010,7,Saturday,19,45,0,6,4,0,28.47443056,-81.78960556,12,2,0,10,0,0,1,0
120051,FLORIDA,FL,1,1,1,86,2010,AVENTURA,17,1,January,2010,1,Sunday,19,15,0,14,3,99998,25.77372500,-80.20787222,8,3,0,1,0,0,1,0
120052,FLORIDA,FL,1,0,4,57,0,BANKSTON,17,1,January,2010,1,Sunday,12,1,0,6,4,0,27.70319167,-82.31051944,5,1,0,10,0,0,1,0
120053,FLORIDA,FL,1,0,1,107,0,CARROLLTON,17,1,January,2010,1,Sunday,21,55,0,6,4,0,29.59381389,-81.95040833,42,2,0,1,0,0,1,1
120054,FLORIDA,FL,1,1,1,57,2950,BANKSTON,18,1,January,2010,2,Monday,18,32,1,11,1,99999,27.94664444,-82.53423889,8,3,0,1,0,0,1,0
120055,FLORIDA,FL,2,0,4,105,0,MARION,18,1,January,2010,2,Monday,16,20,1,2,2,99998,27.83261389,-81.59016944,12,1,0,1,0,0,1,0
120056,FLORIDA,FL,4,0,4,127,0,BURNWELL,19,1,January,2010,3,Tuesday,6,38,0,3,3,99998,28.84283333,-81.16543889,12,1,0,10,0,0,1,0
120057,FLORIDA,FL,1,1,1,57,2950,BANKSTON,12,2,February,2010,6,Friday,20,30,0,16,6,0,27.96672500,-82.48978333,8,3,0,10,0,0,1,0
120058,FLORIDA,FL,1,0,1,55,0,ATTALLA,20,1,January,2010,4,Wednesday,17,50,0,6,4,0,27.47090556,-81.51230000,34,2,0,1,0,0,1,1
120059,FLORIDA,FL,1,0,1,9,0,BLOUNT,22,1,January,2010,6,Friday,17,15,1,12,3,99998,28.41164444,-80.82050556,23,1,0,1,0,0,1,1
120060,FLORIDA,FL,1,1,2,127,0,BURNWELL,22,1,January,2010,6,Friday,19,12,0,3,3,99998,28.84343333,-81.16492222,8,2,0,1,0,0,1,0
120061,FLORIDA,FL,2,0,3,83,0,ARDMORE,23,1,January,2010,7,Saturday,20,9,0,6,4,0,29.33892500,-82.09598889,12,2,0,10,0,0,1,1
120062,FLORIDA,FL,1,0,1,86,0,AVENTURA,24,1,January,2010,1,Sunday,8,22,1,2,2,99998,25.38541111,-80.46566944,18,1,0,1,0,0,1,0
120063,FLORIDA,FL,2,0,3,9,2005,BLOUNT,24,1,January,2010,1,Sunday,5,36,0,16,6,0,28.27874722,-80.66688056,12,2,0,1,0,0,1,1
120064,FLORIDA,FL,2,0,2,86,0,AVENTURA,1,1,January,2010,6,Friday,14,25,0,6,4,0,25.89548056,-80.23546389,12,1,0,1,0,0,1,0
120065,FLORIDA,FL,5,0,10,86,0,AVENTURA,1,1,January,2010,6,Friday,2,43,1,13,3,99998,25.88303611,-80.22672778,12,3,0,1,0,0,1,1
120066,FLORIDA,FL,2,0,3,105,0,MARION,5,1,January,2010,3,Tuesday,10,56,0,13,2,99998,28.13549167,-81.97351667,12,1,0,1,0,0,1,0
120067,FLORIDA,FL,2,0,3,1,1370,AUTAUGA,17,1,January,2010,1,Sunday,19,14,0,2,2,99998,29.81108333,-82.56011111,12,2,0,1,0,0,1,0
120068,FLORIDA,FL,2,0,2,95,2360,ALBERTVILLE,18,1,January,2010,2,Monday,23,47,0,13,3,99998,28.50574167,-81.31033056,12,2,0,1,0,0,1,0
120069,FLORIDA,FL,1,1,3,87,1568,ARMSTRONG,1,1,January,2010,6,Friday,12,34,1,13,2,99998,25.10392222,-80.43083611,8,1,0,10,0,0,1,0
120070,FLORIDA,FL,2,0,6,105,120,MARION,1,1,January,2010,6,Friday,1,28,0,13,2,99998,28.05707778,-81.81748056,12,3,0,10,0,0,1,0
120071,FLORIDA,FL,1,1,1,57,2950,BANKSTON,2,1,January,2010,7,Saturday,6,52,0,13,2,99998,27.99603611,-82.47643056,8,3,0,1,0,0,1,0
120072,FLORIDA,FL,1,0,1,86,2230,AVENTURA,2,1,January,2010,7,Saturday,3,5,1,11,1,99998,25.94136389,-80.18996111,20,3,0,1,0,0,1,0
120073,FLORIDA,FL,2,0,3,11,771,BULLOCK,4,1,January,2010,2,Monday,12,38,1,11,1,99998,26.10728611,-80.28300000,12,1,0,1,0,0,1,0
120074,FLORIDA,FL,1,1,3,86,0,AVENTURA,12,1,January,2010,3,Tuesday,16,58,0,13,2,99998,25.93726667,-80.20483333,8,3,0,1,0,0,1,0
120075,FLORIDA,FL,4,0,8,101,0,BOYLSTON,13,1,January,2010,4,Wednesday,18,25,0,3,2,99998,28.30325556,-82.49763611,12,2,0,1,0,0,1,0
120076,FLORIDA,FL,2,0,2,31,1510,COFFEE,14,1,January,2010,5,Thursday,3,30,1,12,3,99998,30.20862222,-81.51372778,12,3,0,1,0,0,1,1
120077,FLORIDA,FL,1,1,1,57,0,BANKSTON,15,1,January,2010,6,Friday,19,8,1,2,3,99998,27.92719444,-82.05692778,8,2,0,1,0,0,1,0
120078,FLORIDA,FL,2,0,2,86,0,AVENTURA,16,1,January,2010,7,Saturday,6,32,1,11,1,99998,25.94965278,-80.35110278,12,4,0,1,0,0,1,1
120079,FLORIDA,FL,3,0,5,11,1050,BULLOCK,17,1,January,2010,1,Sunday,22,1,1,11,1,99998,26.13828611,-80.16925833,12,3,0,10,0,0,1,0
120080,FLORIDA,FL,1,0,1,86,0,AVENTURA,17,1,January,2010,1,Sunday,3,7,1,2,3,99998,25.73186944,-80.48051944,24,2,0,10,0,0,1,0
120081,FLORIDA,FL,1,0,1,11,2260,BULLOCK,18,1,January,2010,2,Monday,8,36,1,11,1,99998,26.16625833,-80.15970278,24,1,0,1,0,0,1,0
120082,FLORIDA,FL,2,0,2,9,0,BLOUNT,21,1,January,2010,5,Thursday,17,24,0,13,2,99998,28.01006111,-80.56703056,12,1,0,10,0,0,1,0
120083,FLORIDA,FL,2,0,3,15,0,ANNISTON,22,1,January,2010,6,Friday,11,14,1,1,1,99999,26.88431667,-81.99083889,12,1,0,10,0,0,1,0
120084,FLORIDA,FL,2,0,2,83,0,ARDMORE,22,1,January,2010,6,Friday,18,44,1,2,3,99998,29.17450556,-81.84147222,12,2,0,1,0,0,1,0
120085,FLORIDA,FL,2,1,2,105,0,MARION,22,1,January,2010,6,Friday,18,45,1,13,3,99998,27.90350278,-81.62684167,8,2,0,10,0,0,1,0
120086,FLORIDA,FL,3,0,4,23,0,BLADON SPRINGS,23,1,January,2010,7,Saturday,12,40,0,3,3,99998,29.94735000,-82.71340278,12,1,0,1,0,0,1,0
120087,FLORIDA,FL,1,0,6,51,0,CENTRAL,23,1,January,2010,7,Saturday,0,15,0,6,4,0,26.74141389,-80.90248333,1,2,0,5,0,0,2,1
120088,FLORIDA,FL,1,0,1,73,0,ARGO,23,1,January,2010,7,Saturday,14,54,0,6,4,0,30.57977778,-84.35856667,1,1,0,1,0,0,1,1
120089,FLORIDA,FL,1,0,1,107,2622,CARROLLTON,23,1,January,2010,7,Saturday,2,30,0,3,3,99998,29.73697500,-81.96052778,1,2,0,10,0,0,1,1
120090,FLORIDA,FL,1,0,2,115,0,ASHVILLE,23,1,January,2010,7,Saturday,11,5,1,1,1,99998,27.06882222,-82.09518889,1,1,0,10,0,0,2,0
120091,FLORIDA,FL,1,0,1,53,0,ATMORE,24,1,January,2010,1,Sunday,14,54,1,13,3,99998,28.53947222,-82.46710833,33,1,0,10,0,0,1,1
120092,FLORIDA,FL,2,0,4,71,2218,BRIDGEPORT,25,1,January,2010,2,Monday,12,40,0,13,2,99998,26.68713889,-81.90127222,12,1,0,1,0,0,1,1
120093,FLORIDA,FL,2,0,2,105,0,MARION,25,1,January,2010,2,Monday,18,32,0,6,4,0,27.82091667,-81.75734722,12,2,0,10,0,0,1,0
120094,FLORIDA,FL,1,1,1,57,0,BANKSTON,26,1,January,2010,3,Tuesday,17,47,0,6,4,0,28.12784722,-82.51880000,9,1,0,1,0,0,1,0
120095,FLORIDA,FL,2,1,4,17,0,CHAMBERS,26,1,January,2010,3,Tuesday,20,48,1,13,2,99998,28.83522500,-82.57936944,8,2,0,1,0,0,1,0
120096,FLORIDA,FL,2,0,2,21,0,CHILTON,26,1,January,2010,3,Tuesday,4,55,1,1,1,99998,26.16961389,-81.05403889,12,2,0,1,0,0,1,0
120097,FLORIDA,FL,2,0,2,17,0,CHAMBERS,27,1,January,2010,4,Wednesday,20,33,1,13,3,99998,28.85050278,-82.37765000,12,3,0,1,0,0,1,1
120098,FLORIDA,FL,2,0,3,83,0,ARDMORE,27,1,January,2010,4,Wednesday,13,50,1,2,2,99998,29.28245000,-82.33720833,12,1,0,1,0,0,1,0
120099,FLORIDA,FL,1,0,1,95,0,ALBERTVILLE,27,1,January,2010,4,Wednesday,2,10,0,6,4,0,28.51391389,-81.28666111,42,3,0,1,0,0,1,1
120100,FLORIDA,FL,1,1,3,23,0,BLADON SPRINGS,29,1,January,2010,6,Friday,22,40,1,11,1,99999,30.18232222,-82.68957500,8,3,0,10,0,0,1,0
120101,FLORIDA,FL,2,0,2,97,0,AXIS,29,1,January,2010,6,Friday,10,13,0,6,4,0,28.15900000,-81.27016944,12,1,0,1,0,0,1,0
120102,FLORIDA,FL,2,0,3,99,0,BEATRICE,29,1,January,2010,6,Friday,6,30,0,5,4,99998,26.81263889,-80.58257222,12,2,0,10,0,0,2,1
120103,FLORIDA,FL,2,0,2,107,887,CARROLLTON,29,1,January,2010,6,Friday,19,40,0,13,2,99998,29.63494444,-81.58872500,12,2,0,10,0,0,1,1
120104,FLORIDA,FL,1,0,1,83,0,ARDMORE,31,1,January,2010,1,Sunday,13,15,0,6,4,0,29.07398889,-81.89000000,1,1,0,10,0,0,1,0
120105,FLORIDA,FL,2,0,4,127,780,BURNWELL,9,1,January,2010,7,Saturday,17,9,0,16,6,0,29.21820000,-81.04253889,12,1,0,10,0,0,1,0
120106,FLORIDA,FL,1,1,1,113,0,COTTONTON,15,1,January,2010,6,Friday,10,5,0,16,6,0,30.56704722,-87.01613889,8,1,0,10,0,0,1,0
120107,FLORIDA,FL,2,0,6,1,0,AUTAUGA,16,1,January,2010,7,Saturday,20,50,1,1,1,99998,29.49415833,-82.29376667,12,3,0,2,0,0,1,1
120108,FLORIDA,FL,2,0,4,111,0,GRAHAM,22,1,January,2010,6,Friday,23,17,1,11,1,99998,27.31873333,-80.41355833,12,3,0,10,0,0,1,0
120109,FLORIDA,FL,1,1,1,86,0,AVENTURA,24,1,January,2010,1,Sunday,22,15,0,13,3,99998,25.68857778,-80.31947222,9,3,0,10,0,0,1,1
120110,FLORIDA,FL,1,1,1,109,0,ANSLEY,24,1,January,2010,1,Sunday,4,15,0,13,2,99998,29.82923333,-81.32241111,8,3,0,1,0,0,1,0
120111,FLORIDA,FL,1,0,1,105,0,MARION,25,1,January,2010,2,Monday,21,10,0,6,4,0,27.87533889,-81.72742500,18,2,0,1,0,0,1,1
120112,FLORIDA,FL,1,0,2,59,0,FRANKLIN,26,1,January,2010,3,Tuesday,13,55,0,16,6,0,30.85749167,-85.76223889,38,1,0,1,0,0,1,0
120113,FLORIDA,FL,1,0,1,117,2770,BIRMINGHAM,26,1,January,2010,3,Tuesday,17,3,1,11,1,99998,28.78912778,-81.34861944,21,1,0,1,0,0,1,0
120114,FLORIDA,FL,2,0,3,17,233,CHAMBERS,29,1,January,2010,6,Friday,9,20,0,6,4,0,28.95050000,-82.44278889,12,1,0,10,0,0,1,0
120115,FLORIDA,FL,1,0,1,95,0,ALBERTVILLE,30,1,January,2010,7,Saturday,14,6,0,12,3,99998,28.36430000,-81.61006389,5,1,0,2,0,0,1,0
120116,FLORIDA,FL,1,0,1,101,1409,BOYLSTON,30,1,January,2010,7,Saturday,18,0,1,13,2,99998,28.18474167,-82.74001111,5,1,0,10,0,0,1,1
120117,FLORIDA,FL,1,0,1,21,1465,CHILTON,31,1,January,2010,1,Sunday,17,56,0,6,4,0,26.27829444,-81.52434722,24,2,0,10,0,0,1,1
120118,FLORIDA,FL,3,0,3,85,1552,BENTON,31,1,January,2010,1,Sunday,2,15,0,13,2,99998,27.24446111,-80.27203611,12,3,0,10,0,0,1,1
120119,FLORIDA,FL,1,0,1,95,0,ALBERTVILLE,31,1,January,2010,1,Sunday,2,0,0,2,3,99998,28.38716111,-80.93208333,1,2,0,1,0,0,1,1
120120,FLORIDA,FL,2,0,2,127,0,BURNWELL,2,2,February,2010,3,Tuesday,9,25,0,2,2,99998,29.20068611,-81.43770278,12,1,0,2,0,0,1,0
120121,FLORIDA,FL,1,0,1,95,0,ALBERTVILLE,2,2,February,2010,3,Tuesday,22,50,1,1,3,99998,28.57545833,-81.55687778,3,3,0,1,0,0,1,0
120122,FLORIDA,FL,1,0,2,81,0,AUBURN,2,2,February,2010,3,Tuesday,8,1,1,11,1,99998,27.57783056,-82.51479167,1,1,0,2,0,0,1,0
120123,FLORIDA,FL,1,1,1,31,1510,COFFEE,2,2,February,2010,3,Tuesday,18,30,1,13,2,99998,30.36754444,-81.72200278,8,2,0,10,0,0,1,0
120124,FLORIDA,FL,2,0,2,41,0,BRANTLEY,3,2,February,2010,4,Wednesday,20,20,0,3,2,99998,29.84128611,-82.86596667,12,2,0,10,0,0,1,0
120125,FLORIDA,FL,2,0,2,71,0,BRIDGEPORT,6,2,February,2010,7,Saturday,0,13,0,6,4,0,26.45117500,-81.77435000,42,3,0,10,0,0,1,0
120126,FLORIDA,FL,2,0,2,95,0,ALBERTVILLE,6,2,February,2010,7,Saturday,11,43,0,14,3,99998,28.55227222,-81.28593611,12,1,0,1,0,0,1,0
120127,FLORIDA,FL,1,0,1,15,0,ANNISTON,27,1,January,2010,4,Wednesday,9,0,0,14,3,99998,26.95030000,-82.21441111,33,1,0,1,0,0,1,0
120128,FLORIDA,FL,1,1,4,57,2950,BANKSTON,30,1,January,2010,7,Saturday,22,25,0,13,2,99998,27.96073333,-82.50554722,8,3,0,10,0,0,1,0
120129,FLORIDA,FL,2,0,2,81,340,AUBURN,1,1,January,2010,6,Friday,16,32,0,14,3,99998,27.49572778,-82.60388333,12,1,0,1,0,0,1,0
120131,FLORIDA,FL,2,0,3,11,790,BULLOCK,20,1,January,2010,4,Wednesday,21,50,0,13,2,99998,26.30834167,-80.09225833,12,3,0,1,0,0,1,0
120132,FLORIDA,FL,6,0,7,99,2660,BEATRICE,20,1,January,2010,4,Wednesday,16,51,1,13,3,99998,26.76883333,-80.06127778,12,1,0,1,0,0,1,0
120133,FLORIDA,FL,3,0,4,31,1510,COFFEE,21,1,January,2010,5,Thursday,15,10,0,13,2,99998,30.41875833,-81.75135000,12,1,0,2,0,0,1,0
120134,FLORIDA,FL,2,0,6,99,0,BEATRICE,22,1,January,2010,6,Friday,20,30,0,14,6,99998,26.34416667,-80.12876944,12,3,0,1,0,0,1,0
120135,FLORIDA,FL,1,0,2,86,844,AVENTURA,29,1,January,2010,6,Friday,23,38,0,16,6,0,25.80550278,-80.36923889,30,3,0,1,0,0,2,0
120136,FLORIDA,FL,3,0,6,99,0,BEATRICE,30,1,January,2010,7,Saturday,14,32,0,13,3,99998,26.65214722,-80.13256111,12,1,0,10,0,0,1,0
120137,FLORIDA,FL,3,0,3,105,1690,MARION,2,2,February,2010,3,Tuesday,6,26,0,16,6,0,28.04600556,-82.01805833,12,2,0,5,0,0,1,0
120138,FLORIDA,FL,1,1,1,31,1510,COFFEE,3,2,February,2010,4,Wednesday,5,57,0,13,2,99998,30.28696667,-81.53354167,8,3,0,1,0,0,1,0
120139,FLORIDA,FL,2,0,1,9,2424,BLOUNT,3,2,February,2010,4,Wednesday,11,54,0,16,6,0,27.97480000,-80.65767500,14,1,0,10,0,0,1,0