ST_CASE,State Name,State Abbreviation,VE_TOTAL,Pedestrains,Total_Persons_in_accident,COUNTY,CITY,City_County_Name,Calendar_DAY,MONTH,Month_Name,YEAR,DAY_WEEK,Day_Week_desc,HOUR,MINUTE,NHS_Desc,trafficway,ROUTE,MILEPT,LATITUDE,LONGITUD,First_Crash_event,Light_cond_desc,Weather_condition,WEATHER,SCH_BUS,Crash_cause,FATALS,DRUNK_DR
120140,FLORIDA,FL,1,0,1,5,1850,BAKER HILL,7,2,February,2010,1,Sunday,22,4,0,16,6,0,30.23282500,-85.63875556,1,3,0,1,0,0,1,1
120141,FLORIDA,FL,1,1,1,105,0,MARION,21,1,January,2010,5,Thursday,21,5,0,13,2,99998,28.04795833,-81.91612500,8,3,0,10,0,0,1,0
120142,FLORIDA,FL,1,0,3,131,800,ARLINGTON,7,2,February,2010,1,Sunday,2,37,0,16,6,0,30.73675278,-86.13427500,42,3,0,1,0,0,2,0
120143,FLORIDA,FL,2,1,2,86,0,AVENTURA,28,1,January,2010,5,Thursday,17,34,1,11,1,99998,25.86045833,-80.20838333,8,5,0,1,0,0,1,0
120144,FLORIDA,FL,1,1,1,101,0,BOYLSTON,30,1,January,2010,7,Saturday,21,27,1,13,2,99998,28.19079722,-82.73990556,8,3,0,10,0,0,1,0
120145,FLORIDA,FL,4,0,12,11,2260,BULLOCK,31,1,January,2010,1,Sunday,2,23,1,11,1,99998,26.15957222,-80.16390556,12,3,0,1,0,0,1,1
120146,FLORIDA,FL,1,0,2,87,1925,ARMSTRONG,2,2,February,2010,3,Tuesday,17,34,1,13,2,99998,24.70835833,-81.11051667,38,1,0,1,0,0,1,1
120147,FLORIDA,FL,1,0,1,83,0,ARDMORE,3,2,February,2010,4,Wednesday,15,0,1,13,3,99999,29.25990000,-82.09840000,53,1,0,1,0,0,1,1
120148,FLORIDA,FL,1,0,2,103,0,DANVILLE,4,2,February,2010,5,Thursday,19,30,1,11,1,99998,27.76204444,-82.66382222,34,3,0,1,0,0,1,0
120149,FLORIDA,FL,2,0,2,83,0,ARDMORE,4,2,February,2010,5,Thursday,5,30,0,6,4,0,29.16978333,-81.89262500,12,2,0,1,0,0,1,1
120150,FLORIDA,FL,1,0,1,131,0,ARLINGTON,5,2,February,2010,6,Friday,4,10,1,1,1,99998,30.69188056,-86.01335833,42,2,0,2,0,0,1,0
120151,FLORIDA,FL,1,1,1,89,0,BROWNSBORO,5,2,February,2010,6,Friday,20,0,0,16,6,0,30.58204722,-81.52104444,8,2,0,10,0,0,1,0
120152,FLORIDA,FL,1,0,2,79,0,COURTLAND,5,2,February,2010,6,Friday,15,20,1,1,1,99998,30.43557500,-83.47270556,34,1,0,2,0,0,1,0
120153,FLORIDA,FL,1,0,2,131,0,ARLINGTON,6,2,February,2010,7,Saturday,21,35,1,2,2,99998,30.48175278,-86.12496944,34,2,0,1,0,0,1,1
120154,FLORIDA,FL,1,1,4,21,0,CHILTON,6,2,February,2010,7,Saturday,9,47,0,6,4,0,26.04754167,-81.69422500,8,1,0,1,0,0,1,0
120155,FLORIDA,FL,2,0,1,57,0,BANKSTON,6,2,February,2010,7,Saturday,8,17,1,12,3,99998,28.00654444,-82.54549722,12,1,0,10,0,0,1,0
120156,FLORIDA,FL,1,1,1,71,0,BRIDGEPORT,7,2,February,2010,1,Sunday,20,30,0,13,3,99998,26.67574444,-81.81331389,8,3,0,1,0,0,1,0
120157,FLORIDA,FL,2,0,3,73,0,ARGO,7,2,February,2010,1,Sunday,21,33,0,13,2,99998,30.42927500,-84.19757778,12,2,0,1,0,0,1,1
120158,FLORIDA,FL,2,0,1,5,0,BAKER HILL,8,2,February,2010,2,Monday,4,15,0,6,4,0,30.47946111,-85.43023056,14,2,0,1,0,0,1,1
120159,FLORIDA,FL,1,1,1,49,0,COLLINSVILLE,8,2,February,2010,2,Monday,19,7,1,13,2,99998,27.57471944,-81.81705556,8,2,0,1,0,0,1,0
120160,FLORIDA,FL,1,0,1,11,0,BULLOCK,8,2,February,2010,2,Monday,22,23,1,2,2,99998,26.44675278,-80.62471389,18,2,0,1,0,0,1,0
120161,FLORIDA,FL,2,0,4,121,0,BON AIR,9,2,February,2010,3,Tuesday,13,56,0,3,3,99998,30.14406944,-83.16556111,12,1,0,2,0,0,2,0
120162,FLORIDA,FL,1,1,1,103,0,DANVILLE,9,2,February,2010,3,Tuesday,20,35,1,13,2,99998,28.09836944,-82.73987222,8,3,0,10,0,0,1,0
120163,FLORIDA,FL,2,0,4,95,0,ALBERTVILLE,9,2,February,2010,3,Tuesday,20,55,0,6,4,0,28.61902222,-81.47615000,42,3,0,10,0,0,2,0
120164,FLORIDA,FL,2,0,2,97,0,AXIS,9,2,February,2010,3,Tuesday,7,13,0,2,2,99998,28.19192778,-81.15451389,12,1,0,10,0,0,1,0
120165,FLORIDA,FL,1,0,1,57,0,BANKSTON,9,2,February,2010,3,Tuesday,2,59,1,11,1,99998,27.99570833,-82.34941667,18,3,0,1,0,0,1,0
120166,FLORIDA,FL,2,0,6,86,2330,AVENTURA,11,2,February,2010,5,Thursday,11,13,1,12,3,99998,25.88245000,-80.25620000,12,1,0,1,0,0,1,0
120167,FLORIDA,FL,1,1,1,33,0,CHEROKEE,12,2,February,2010,6,Friday,2,18,0,6,4,0,30.44662778,-87.24900278,8,2,0,2,0,0,1,0
120168,FLORIDA,FL,5,0,5,71,0,BRIDGEPORT,2,3,March,2010,3,Tuesday,23,15,0,6,4,0,26.54732222,-81.80490833,12,3,0,10,0,0,1,1
120169,FLORIDA,FL,1,0,1,107,0,CARROLLTON,14,2,February,2010,1,Sunday,2,25,0,6,4,0,29.52386389,-81.66877778,35,2,0,1,0,0,1,1
120170,FLORIDA,FL,2,0,2,31,1510,COFFEE,16,2,February,2010,3,Tuesday,23,52,0,12,3,99998,30.24007500,-81.55193611,12,3,0,1,0,0,1,1
120171,FLORIDA,FL,5,0,7,86,1340,AVENTURA,14,1,January,2010,5,Thursday,16,29,0,13,3,99998,25.85995833,-80.26673611,30,1,0,1,0,0,1,0
120172,FLORIDA,FL,1,1,4,99,3147,BEATRICE,25,1,January,2010,2,Monday,1,13,0,16,6,0,26.63592778,-80.19989722,8,3,0,1,0,0,1,0
120173,FLORIDA,FL,1,1,1,86,2230,AVENTURA,28,1,January,2010,5,Thursday,6,39,0,13,3,99998,25.92622500,-80.15397778,8,4,0,1,0,0,1,0
120174,FLORIDA,FL,3,0,3,86,0,AVENTURA,1,2,February,2010,2,Monday,18,27,0,14,3,99998,25.59546667,-80.37211111,59,3,0,10,0,0,1,0
120175,FLORIDA,FL,1,1,1,57,2950,BANKSTON,2,2,February,2010,3,Tuesday,19,3,0,16,6,0,28.14218889,-82.32303611,8,3,0,1,0,0,1,0
120176,FLORIDA,FL,1,1,1,57,0,BANKSTON,6,2,February,2010,7,Saturday,21,25,0,6,4,0,28.00463333,-82.59010833,8,1,0,1,0,0,1,1
120177,FLORIDA,FL,1,0,1,127,780,BURNWELL,6,2,February,2010,7,Saturday,13,37,0,16,6,0,29.22580833,-81.02345556,1,1,0,1,0,0,1,0
120178,FLORIDA,FL,2,0,2,57,2950,BANKSTON,10,2,February,2010,4,Wednesday,16,40,0,16,6,0,28.02533889,-82.46625556,12,1,0,1,0,0,1,1
120179,FLORIDA,FL,1,1,2,117,2770,BIRMINGHAM,13,2,February,2010,7,Saturday,20,51,0,16,6,0,28.77663611,-81.26472778,8,3,0,1,0,0,1,0
120180,FLORIDA,FL,1,0,2,86,2906,AVENTURA,14,2,February,2010,1,Sunday,6,20,1,12,6,99998,25.95300833,-80.12065833,23,3,0,1,0,0,1,1
120182,FLORIDA,FL,2,0,3,73,2940,ARGO,23,1,January,2010,7,Saturday,23,42,1,11,1,99998,30.50142500,-84.23088889,12,2,0,10,0,0,1,0
120183,FLORIDA,FL,1,1,2,103,2530,DANVILLE,23,1,January,2010,7,Saturday,22,49,0,13,3,99998,27.83926944,-82.71061389,8,3,0,1,0,0,1,0
120184,FLORIDA,FL,2,0,5,61,3070,BELLWOOD,23,1,January,2010,7,Saturday,0,46,0,16,6,0,27.63982500,-80.38911111,12,3,0,10,0,0,1,1
120185,FLORIDA,FL,1,1,2,55,1730,ATTALLA,17,1,January,2010,1,Sunday,7,46,1,13,2,99998,27.28902778,-81.35833611,8,3,0,1,0,0,1,0
120186,FLORIDA,FL,5,0,8,105,0,MARION,2,2,February,2010,3,Tuesday,18,55,0,13,2,99998,28.05957778,-81.79704444,12,3,0,1,0,0,1,1
120187,FLORIDA,FL,1,0,3,107,0,CARROLLTON,6,2,February,2010,7,Saturday,20,35,0,6,4,0,29.40236389,-81.51420278,42,2,0,1,0,0,1,1
120188,FLORIDA,FL,1,0,1,91,0,DAYTON,10,2,February,2010,4,Wednesday,18,17,1,1,1,99998,30.72579722,-86.56859722,50,2,0,1,0,0,1,0
120189,FLORIDA,FL,1,1,1,57,0,BANKSTON,10,2,February,2010,4,Wednesday,3,5,0,13,3,99998,28.03351111,-82.50484722,8,3,0,1,0,0,1,0
120190,FLORIDA,FL,2,0,2,133,0,ARLEY,13,2,February,2010,7,Saturday,18,30,0,2,3,99998,30.69897500,-85.56308889,12,2,0,1,0,0,1,1
120191,FLORIDA,FL,2,0,5,55,0,ATTALLA,13,2,February,2010,7,Saturday,18,45,1,13,2,99998,27.26536944,-81.34693611,12,2,0,1,0,0,1,0
120192,FLORIDA,FL,1,0,1,83,0,ARDMORE,14,2,February,2010,1,Sunday,0,45,0,6,4,0,28.96718611,-81.90222222,42,2,0,1,0,0,1,1
120193,FLORIDA,FL,1,1,5,95,0,ALBERTVILLE,16,2,February,2010,3,Tuesday,19,6,0,16,6,0,28.48631389,-81.41755278,8,2,0,1,0,0,1,0
120194,FLORIDA,FL,1,1,1,31,1510,COFFEE,16,2,February,2010,3,Tuesday,21,48,0,13,2,99998,30.43107500,-81.64446111,8,2,0,1,0,0,1,0
120195,FLORIDA,FL,1,0,1,59,0,FRANKLIN,17,2,February,2010,4,Wednesday,13,15,1,1,1,99998,30.76099167,-85.65193611,42,1,0,1,0,0,1,0
120196,FLORIDA,FL,1,0,1,103,2730,DANVILLE,9,1,January,2010,7,Saturday,1,45,0,13,2,99998,27.80744722,-82.75120278,33,3,0,10,0,0,1,1
120197,FLORIDA,FL,1,1,2,57,2950,BANKSTON,27,1,January,2010,4,Wednesday,13,6,1,14,3,99998,27.87788333,-82.50641389,9,1,0,1,0,0,1,0
120198,FLORIDA,FL,1,1,1,57,2980,BANKSTON,1,1,January,2010,6,Friday,2,0,0,16,6,0,28.03254167,-82.38306389,8,3,0,10,0,0,1,0
120199,FLORIDA,FL,2,0,3,86,2020,AVENTURA,1,1,January,2010,6,Friday,1,10,0,13,3,99998,25.85600556,-80.12508611,12,3,0,1,0,0,1,0
120200,FLORIDA,FL,2,0,2,127,2375,BURNWELL,13,1,January,2010,4,Wednesday,14,47,0,13,2,99998,29.28816389,-81.06517778,12,1,0,1,0,0,1,0
120201,FLORIDA,FL,1,0,1,103,570,DANVILLE,16,1,January,2010,7,Saturday,0,24,0,16,6,0,28.03494722,-82.71731111,30,3,0,1,0,0,1,1
120202,FLORIDA,FL,1,0,1,31,1510,COFFEE,20,1,January,2010,4,Wednesday,1,8,0,16,6,0,30.21891389,-81.76062500,42,2,0,1,0,0,1,1
120203,FLORIDA,FL,1,1,2,99,820,BEATRICE,20,1,January,2010,4,Wednesday,18,50,0,16,6,0,26.45785278,-80.09372500,8,2,0,1,0,0,1,0
120204,FLORIDA,FL,1,1,1,99,1760,BEATRICE,14,1,January,2010,5,Thursday,18,0,0,16,6,0,26.58835556,-80.05428611,8,5,0,1,0,0,1,0
120205,FLORIDA,FL,1,0,2,21,0,CHILTON,26,1,January,2010,3,Tuesday,12,55,0,6,4,0,26.20129722,-81.70191111,3,1,0,1,0,0,1,0
120206,FLORIDA,FL,1,0,3,115,0,ASHVILLE,1,1,January,2010,6,Friday,23,11,0,6,4,0,27.04142778,-82.42673056,53,3,0,10,0,0,1,1
120207,FLORIDA,FL,1,0,1,11,2260,BULLOCK,19,1,January,2010,3,Tuesday,21,50,0,13,3,99998,26.16699444,-80.12206111,59,3,0,1,0,0,1,0
120208,FLORIDA,FL,1,0,1,11,663,BULLOCK,3,1,January,2010,1,Sunday,11,52,0,16,6,0,26.04568889,-80.28053333,1,1,0,1,0,0,1,0
120210,FLORIDA,FL,1,0,1,86,0,AVENTURA,18,1,January,2010,2,Monday,8,10,1,13,2,99998,25.54024444,-80.40724167,25,1,0,1,0,0,1,0
120211,FLORIDA,FL,1,0,5,97,0,AXIS,20,1,January,2010,4,Wednesday,14,12,1,2,3,99998,27.74559722,-80.93283611,1,1,0,1,0,0,1,0
120212,FLORIDA,FL,2,0,2,31,1510,COFFEE,31,1,January,2010,1,Sunday,2,30,0,14,3,99998,30.30905000,-81.72213056,12,3,0,1,0,0,1,1
120213,FLORIDA,FL,2,0,5,101,0,BOYLSTON,19,1,January,2010,3,Tuesday,14,41,0,6,4,0,28.18962500,-82.78505000,12,1,0,1,0,0,1,0
120214,FLORIDA,FL,1,1,2,81,340,AUBURN,26,1,January,2010,3,Tuesday,22,0,0,14,3,99998,27.49593889,-82.61832500,8,2,0,1,0,0,1,1
120215,FLORIDA,FL,1,1,1,57,0,BANKSTON,7,1,January,2010,5,Thursday,6,32,0,6,4,0,27.93430833,-82.31038056,8,3,0,1,0,0,1,0
120216,FLORIDA,FL,1,1,1,11,1050,BULLOCK,12,1,January,2010,3,Tuesday,14,45,0,16,6,0,26.17641111,-80.09922500,8,1,0,1,0,0,1,0
120217,FLORIDA,FL,2,0,4,127,0,BURNWELL,2,1,January,2010,7,Saturday,12,35,0,2,2,99998,29.13984167,-81.12918889,12,1,0,1,0,0,1,0
120218,FLORIDA,FL,2,1,3,73,2940,ARGO,6,1,January,2010,4,Wednesday,23,15,0,13,2,99998,30.48147222,-84.30566667,8,3,0,1,0,0,1,0
120219,FLORIDA,FL,2,0,2,11,760,BULLOCK,7,1,January,2010,5,Thursday,18,37,0,13,2,99998,26.04434722,-80.14342778,12,3,0,1,0,0,1,1
120220,FLORIDA,FL,2,0,2,99,3147,BEATRICE,7,1,January,2010,5,Thursday,14,57,0,15,6,99998,26.66653611,-80.25699167,12,1,0,1,0,0,1,0
120221,FLORIDA,FL,1,1,3,103,1770,DANVILLE,7,1,January,2010,5,Thursday,20,39,0,16,6,0,27.88309722,-82.83241944,8,3,0,1,0,0,1,0
120222,FLORIDA,FL,2,0,2,86,0,AVENTURA,9,1,January,2010,7,Saturday,17,38,0,14,3,99998,25.56087222,-80.37220000,12,5,0,2,0,0,1,0
120223,FLORIDA,FL,1,1,1,86,0,AVENTURA,11,1,January,2010,2,Monday,6,46,0,6,4,0,25.54442500,-80.36750833,8,4,0,1,0,0,1,0
120224,FLORIDA,FL,2,0,3,11,2916,BULLOCK,11,1,January,2010,2,Monday,14,11,0,16,6,0,26.15673889,-80.26809722,12,1,0,1,0,0,1,0
120225,FLORIDA,FL,2,0,3,86,670,AVENTURA,13,1,January,2010,4,Wednesday,12,43,0,16,6,0,25.70834167,-80.25787222,12,1,0,1,0,0,1,0
120226,FLORIDA,FL,1,0,1,57,0,BANKSTON,17,1,January,2010,1,Sunday,99,99,0,6,4,0,28.02569722,-82.36375000,30,3,0,2,0,0,1,1
120227,FLORIDA,FL,2,0,3,119,0,BELLAMY,20,1,January,2010,4,Wednesday,9,0,0,13,3,99998,28.55521667,-82.05467500,12,1,0,10,0,0,1,0
120229,FLORIDA,FL,1,1,1,99,1190,BEATRICE,23,1,January,2010,7,Saturday,10,13,0,13,3,99998,26.61857500,-80.11851944,9,1,0,1,0,0,1,0
120230,FLORIDA,FL,2,0,5,11,2948,BULLOCK,24,1,January,2010,1,Sunday,19,33,0,13,3,99998,26.22886389,-80.25299167,12,3,0,1,0,0,1,0
120231,FLORIDA,FL,1,1,1,31,1510,COFFEE,24,1,January,2010,1,Sunday,12,44,0,16,6,0,30.27086111,-81.63667500,9,1,0,10,0,0,1,0
120232,FLORIDA,FL,3,0,4,99,820,BEATRICE,25,1,January,2010,2,Monday,17,0,0,15,6,99998,26.47308889,-80.09791389,12,1,0,10,0,0,1,1
120233,FLORIDA,FL,1,1,1,103,570,DANVILLE,27,1,January,2010,4,Wednesday,14,50,9,99,9,99998,27.96048056,-82.72877222,8,1,0,1,0,0,1,0
120234,FLORIDA,FL,1,0,1,131,0,ARLINGTON,28,1,January,2010,5,Thursday,18,35,1,2,3,99998,30.50763889,-86.20700278,1,2,0,1,0,0,1,0
120236,FLORIDA,FL,3,0,5,71,0,BRIDGEPORT,31,1,January,2010,1,Sunday,16,52,1,11,1,99998,26.66807500,-81.79987500,12,1,0,1,0,0,1,0
120237,FLORIDA,FL,1,2,1,117,30,BIRMINGHAM,2,1,January,2010,7,Saturday,12,16,9,99,9,99998,28.68720833,-81.40287500,33,1,0,1,0,0,1,0
120238,FLORIDA,FL,1,1,2,127,780,BURNWELL,4,1,January,2010,2,Monday,18,48,0,13,3,99998,29.17241111,-81.03536944,8,3,0,1,0,0,1,0
120239,FLORIDA,FL,1,1,1,127,2190,BURNWELL,19,1,January,2010,3,Tuesday,14,8,0,14,3,99998,29.03858333,-80.90281667,9,1,0,1,0,0,1,0
120240,FLORIDA,FL,2,0,2,11,1781,BULLOCK,20,1,January,2010,4,Wednesday,23,22,0,13,2,99998,26.16886667,-80.20314444,12,3,0,1,0,0,1,0
120241,FLORIDA,FL,4,0,8,11,2260,BULLOCK,23,1,January,2010,7,Saturday,21,55,0,14,3,99998,26.19627222,-80.13245000,12,3,0,10,0,0,1,0
120242,FLORIDA,FL,2,0,4,9,2670,BLOUNT,31,1,January,2010,1,Sunday,18,32,0,13,3,99998,28.34556389,-80.74253056,12,3,0,1,0,0,1,0
120243,FLORIDA,FL,2,0,4,33,0,CHEROKEE,25,2,February,2010,5,Thursday,12,22,1,13,2,99998,30.53324722,-87.27693611,12,1,0,1,0,0,1,0
120244,FLORIDA,FL,2,0,4,9,1896,BLOUNT,26,2,February,2010,6,Friday,1,17,1,11,1,99998,27.98932222,-80.62411389,12,2,0,1,0,0,2,1
120245,FLORIDA,FL,1,0,1,11,0,BULLOCK,27,2,February,2010,7,Saturday,3,20,1,12,3,99998,25.97247500,-80.25169444,30,3,0,10,0,0,1,1
120246,FLORIDA,FL,2,0,2,31,1510,COFFEE,27,2,February,2010,7,Saturday,21,50,1,11,1,99998,30.18936944,-81.65176944,12,3,0,1,0,0,1,0
120247,FLORIDA,FL,2,0,3,39,0,ANDALUSIA,1,3,March,2010,2,Monday,20,38,1,2,2,99998,30.59904722,-84.41744167,12,2,0,10,0,0,1,1
120248,FLORIDA,FL,1,1,2,9,0,BLOUNT,1,3,March,2010,2,Monday,19,25,0,13,3,99998,28.11466389,-80.57445278,8,2,0,1,0,0,1,0
120249,FLORIDA,FL,1,0,1,33,0,CHEROKEE,5,3,March,2010,6,Friday,3,5,0,6,4,0,30.63883889,-87.38445278,24,2,0,1,0,0,1,1
120250,FLORIDA,FL,2,0,2,33,944,CHEROKEE,6,3,March,2010,7,Saturday,9,57,0,14,2,99998,30.48215556,-87.25182500,12,1,0,1,0,0,1,0
120251,FLORIDA,FL,1,0,1,35,2439,BROOKLYN,6,3,March,2010,7,Saturday,1,15,0,13,3,99998,29.47553056,-81.21845833,33,2,0,1,0,0,1,1
120252,FLORIDA,FL,3,0,3,71,0,BRIDGEPORT,23,2,February,2010,3,Tuesday,10,40,0,6,4,0,26.45178056,-81.73020000,12,1,0,1,0,0,1,0
120253,FLORIDA,FL,1,0,5,57,2950,BANKSTON,28,2,February,2010,1,Sunday,3,13,1,11,1,99998,27.95644444,-82.47614722,24,3,0,1,0,0,1,1
120254,FLORIDA,FL,2,0,2,57,0,BANKSTON,1,3,March,2010,2,Monday,18,55,0,13,2,99998,27.90534167,-82.34507778,12,3,0,1,0,0,1,0
120255,FLORIDA,FL,1,1,1,95,0,ALBERTVILLE,9,3,March,2010,3,Tuesday,21,53,0,13,3,99998,28.56795833,-81.21682778,8,2,0,1,0,0,1,0
120256,FLORIDA,FL,3,0,4,61,0,BELLWOOD,11,2,February,2010,5,Thursday,12,36,0,3,4,99998,27.61734444,-80.49613889,12,1,0,1,0,0,1,0
120257,FLORIDA,FL,2,0,2,115,0,ASHVILLE,15,2,February,2010,2,Monday,22,45,0,14,3,99998,27.29875556,-82.48932222,12,3,0,1,0,0,1,0
120258,FLORIDA,FL,1,1,1,83,0,ARDMORE,17,2,February,2010,4,Wednesday,17,0,0,3,3,99998,29.16964444,-81.64330833,8,1,0,1,0,0,1,0
120259,FLORIDA,FL,3,0,5,87,0,ARMSTRONG,18,2,February,2010,5,Thursday,15,57,1,2,2,99998,24.69800556,-81.17293611,12,1,0,8,0,0,2,0
120260,FLORIDA,FL,2,0,6,83,0,ARDMORE,18,2,February,2010,5,Thursday,19,20,1,2,3,99998,29.16718889,-81.65077778,12,2,0,1,0,0,2,0
120261,FLORIDA,FL,1,1,1,117,0,BIRMINGHAM,19,2,February,2010,6,Friday,23,18,0,6,4,0,28.78652778,-81.35637222,8,2,0,10,0,0,1,1
120262,FLORIDA,FL,1,0,1,127,0,BURNWELL,20,2,February,2010,7,Saturday,7,25,1,11,1,99998,29.13225833,-81.06155000,42,4,0,1,0,0,1,1
120264,FLORIDA,FL,2,0,3,115,0,ASHVILLE,20,2,February,2010,7,Saturday,8,40,0,6,4,0,27.30819444,-82.50531389,12,1,0,10,0,0,1,0
120265,FLORIDA,FL,3,0,3,95,0,ALBERTVILLE,20,2,February,2010,7,Saturday,10,12,1,12,3,99998,28.54653611,-81.55850556,24,1,0,1,0,0,1,0
120266,FLORIDA,FL,1,1,2,95,0,ALBERTVILLE,21,2,February,2010,1,Sunday,14,54,0,13,2,99998,28.49776944,-81.39686944,15,1,0,1,0,0,1,0
120267,FLORIDA,FL,2,0,1,95,0,ALBERTVILLE,21,2,February,2010,1,Sunday,1,25,0,6,4,0,28.54356389,-81.30186944,43,3,0,1,0,0,1,0
120268,FLORIDA,FL,1,0,1,115,0,ASHVILLE,3,3,March,2010,4,Wednesday,7,15,1,1,1,99998,27.21065278,-82.44456111,42,1,0,1,0,0,1,0
120269,FLORIDA,FL,1,1,1,83,0,ARDMORE,22,2,February,2010,2,Monday,19,30,0,13,2,99998,29.00630000,-82.00507500,8,2,0,10,0,0,1,0
120270,FLORIDA,FL,1,0,1,69,0,ASHFORD,22,2,February,2010,2,Monday,12,56,0,6,4,0,28.90088056,-81.95359167,1,1,0,10,0,0,1,1
120271,FLORIDA,FL,1,0,1,69,0,ASHFORD,23,2,February,2010,3,Tuesday,14,40,0,6,4,0,28.96136667,-81.57786389,24,1,0,1,0,0,1,1
120272,FLORIDA,FL,1,0,1,97,0,AXIS,25,2,February,2010,5,Thursday,18,1,0,13,2,99998,28.24593889,-81.23386667,1,1,0,1,0,0,1,1
120273,FLORIDA,FL,3,0,3,99,1560,BEATRICE,26,2,February,2010,6,Friday,20,1,1,11,1,99998,26.93320000,-80.14999722,12,2,0,10,0,0,1,0
120274,FLORIDA,FL,2,0,4,71,1823,BRIDGEPORT,27,2,February,2010,7,Saturday,1,30,0,16,6,0,26.61283889,-81.59811111,12,3,0,1,0,0,2,0
120275,FLORIDA,FL,1,0,3,83,0,ARDMORE,27,2,February,2010,7,Saturday,3,20,0,6,4,0,29.25175278,-82.30948333,32,2,0,1,0,0,1,1
120276,FLORIDA,FL,1,0,1,83,0,ARDMORE,28,2,February,2010,1,Sunday,11,56,1,2,3,99998,29.21263611,-81.95580833,30,1,0,1,0,0,1,1
120277,FLORIDA,FL,1,0,1,83,0,ARDMORE,1,3,March,2010,2,Monday,21,10,0,6,4,0,28.97317778,-81.68236944,11,2,0,1,0,0,1,0
120278,FLORIDA,FL,2,1,2,95,0,ALBERTVILLE,1,3,March,2010,2,Monday,14,10,0,13,3,99998,28.60203333,-81.31750278,12,1,0,1,0,0,1,0
120279,FLORIDA,FL,1,0,1,127,817,BURNWELL,1,3,March,2010,2,Monday,23,50,0,13,2,99998,29.11201389,-81.34942500,38,2,0,1,0,0,1,1
120280,FLORIDA,FL,1,0,1,75,0,BEAVERTON,6,3,March,2010,7,Saturday,5,25,0,6,4,0,29.29051667,-82.57195556,1,2,0,1,0,0,1,1
120281,FLORIDA,FL,1,0,1,83,0,ARDMORE,7,3,March,2010,1,Sunday,18,35,0,6,4,0,29.08042778,-81.89106111,42,5,0,1,0,0,1,0
120282,FLORIDA,FL,2,0,4,97,0,AXIS,9,3,March,2010,3,Tuesday,2,17,0,13,2,99998,28.33291389,-81.53152500,12,3,0,1,0,0,1,1
120283,FLORIDA,FL,1,0,1,21,0,CHILTON,6,2,February,2010,7,Saturday,22,55,0,6,4,0,26.20449444,-81.73937500,33,3,0,10,0,0,1,1
120284,FLORIDA,FL,1,1,2,15,0,ANNISTON,13,3,March,2010,7,Saturday,20,51,0,13,2,99998,26.94245278,-82.03243333,9,3,0,10,0,0,1,0
120285,FLORIDA,FL,1,1,1,71,0,BRIDGEPORT,19,2,February,2010,6,Friday,19,9,0,13,3,99998,26.68252500,-81.87940278,8,2,0,1,0,0,1,0
120286,FLORIDA,FL,1,0,1,11,0,BULLOCK,22,2,February,2010,2,Monday,12,17,1,12,3,99998,26.31011111,-80.16972500,25,1,0,1,0,0,1,0
120287,FLORIDA,FL,2,0,2,23,0,BLADON SPRINGS,1,3,March,2010,2,Monday,23,53,1,1,1,99998,30.25180278,-82.51350278,12,2,0,10,0,0,1,0
120288,FLORIDA,FL,1,1,1,35,0,BROOKLYN,5,3,March,2010,6,Friday,6,8,0,2,2,99998,29.37808611,-81.18225556,8,2,0,1,0,0,1,0
120289,FLORIDA,FL,1,0,1,55,0,ATTALLA,6,3,March,2010,7,Saturday,3,20,0,6,4,0,27.23959167,-81.38271111,30,3,0,1,0,0,1,1
120290,FLORIDA,FL,3,0,5,86,844,AVENTURA,13,3,March,2010,7,Saturday,14,25,1,12,3,99998,25.81650278,-80.32134167,12,1,0,1,0,0,1,0
120291,FLORIDA,FL,1,0,1,21,0,CHILTON,15,3,March,2010,2,Monday,1,21,0,6,4,0,26.23283333,-81.77906389,41,3,0,1,0,0,1,1
120292,FLORIDA,FL,1,0,1,73,0,ARGO,1,3,March,2010,2,Monday,3,24,0,6,4,0,30.49875000,-84.30295556,34,2,0,1,0,0,1,1
120293,FLORIDA,FL,2,0,3,57,0,BANKSTON,3,3,March,2010,4,Wednesday,11,25,0,13,2,99998,27.71241944,-82.33505556,12,1,0,1,0,0,2,0
120294,FLORIDA,FL,2,0,2,71,0,BRIDGEPORT,9,3,March,2010,3,Tuesday,5,55,0,3,3,99998,26.54810833,-81.64092778,12,4,0,1,0,0,1,0
120295,FLORIDA,FL,3,0,5,57,0,BANKSTON,10,3,March,2010,4,Wednesday,21,40,0,13,3,99998,27.95238889,-82.12109722,12,2,0,10,0,0,3,1
120296,FLORIDA,FL,2,0,5,57,0,BANKSTON,12,3,March,2010,6,Friday,15,20,0,2,2,99998,28.12932222,-82.23431389,12,1,0,2,0,0,1,0
120297,FLORIDA,FL,1,0,1,57,0,BANKSTON,13,3,March,2010,7,Saturday,7,10,1,11,1,99998,27.72690833,-82.38290278,21,1,0,1,0,0,1,0
120298,FLORIDA,FL,1,0,1,75,0,BEAVERTON,13,3,March,2010,7,Saturday,8,5,0,3,2,99998,29.35160000,-82.45582500,53,1,0,1,0,0,1,0