ST_CASE,State Name,State Abbreviation,VE_TOTAL,Pedestrains,Total_Persons_in_accident,COUNTY,CITY,City_County_Name,Calendar_DAY,MONTH,Month_Name,YEAR,DAY_WEEK,Day_Week_desc,HOUR,MINUTE,NHS_Desc,trafficway,ROUTE,MILEPT,LATITUDE,LONGITUD,First_Crash_event,Light_cond_desc,Weather_condition,WEATHER,SCH_BUS,Crash_cause,FATALS,DRUNK_DR
120299,FLORIDA,FL,1,0,1,11,2916,BULLOCK,21,2,February,2010,1,Sunday,23,11,0,16,6,0,26.17975278,-80.27583056,33,3,0,10,0,0,1,1
120300,FLORIDA,FL,1,1,2,11,1420,BULLOCK,22,2,February,2010,2,Monday,19,6,0,12,6,99998,26.01120833,-80.15487222,8,3,0,10,0,0,1,0
120301,FLORIDA,FL,1,0,1,86,0,AVENTURA,24,2,February,2010,4,Wednesday,2,18,0,6,4,0,25.48589444,-80.45298333,42,2,0,1,0,0,1,1
120302,FLORIDA,FL,2,0,3,117,30,BIRMINGHAM,26,2,February,2010,6,Friday,20,3,0,13,3,99998,28.66336944,-81.35007778,12,3,0,1,0,0,1,0
120303,FLORIDA,FL,1,0,1,99,0,BEATRICE,3,3,March,2010,4,Wednesday,18,5,0,14,4,99998,26.72117500,-80.11883056,1,5,0,10,0,0,1,0
120304,FLORIDA,FL,2,0,2,99,0,BEATRICE,4,3,March,2010,5,Thursday,18,5,0,12,4,99998,26.42473889,-80.12206667,12,5,0,1,0,0,1,0
120305,FLORIDA,FL,2,0,2,57,0,BANKSTON,5,3,March,2010,6,Friday,14,40,0,6,4,0,27.73453611,-82.37739167,12,1,0,1,0,0,1,0
120306,FLORIDA,FL,1,1,1,57,0,BANKSTON,7,3,March,2010,1,Sunday,21,31,0,6,4,0,28.02538611,-82.50895556,8,3,0,1,0,0,1,0
120307,FLORIDA,FL,3,0,6,61,0,BELLWOOD,26,2,February,2010,6,Friday,13,4,0,14,4,99998,27.61645278,-80.41391389,12,1,0,1,0,0,1,0
120308,FLORIDA,FL,1,1,1,115,0,ASHVILLE,1,3,March,2010,2,Monday,19,55,0,6,4,0,27.30687500,-82.51413611,8,2,0,1,0,0,1,0
120309,FLORIDA,FL,1,0,1,127,0,BURNWELL,6,3,March,2010,7,Saturday,17,50,1,1,1,99998,29.01834722,-81.22338333,5,1,0,1,0,0,1,0
120310,FLORIDA,FL,1,0,1,103,0,DANVILLE,6,3,March,2010,7,Saturday,19,15,1,11,2,99998,27.70890278,-82.67915278,38,3,0,1,0,0,1,1
120311,FLORIDA,FL,1,0,1,127,0,BURNWELL,7,3,March,2010,1,Sunday,14,52,0,6,4,0,28.85536389,-81.20938056,1,1,0,1,0,0,1,1
120312,FLORIDA,FL,2,0,5,91,0,DAYTON,7,3,March,2010,1,Sunday,14,5,1,13,2,99998,30.41013889,-86.79089722,12,1,0,1,0,0,1,0
120313,FLORIDA,FL,2,0,3,83,0,ARDMORE,7,3,March,2010,1,Sunday,13,30,0,6,4,0,29.23012500,-82.12014167,12,1,0,1,0,0,1,0
120314,FLORIDA,FL,1,0,1,81,0,AUBURN,7,3,March,2010,1,Sunday,4,5,1,2,3,99998,27.37444444,-82.22435000,34,2,0,1,0,0,1,1
120315,FLORIDA,FL,1,1,1,95,0,ALBERTVILLE,10,3,March,2010,4,Wednesday,5,37,0,6,4,0,28.35678056,-81.30973333,8,2,0,1,0,0,1,0
120316,FLORIDA,FL,1,0,1,81,0,AUBURN,10,3,March,2010,4,Wednesday,13,10,1,11,1,99998,27.40674722,-82.45361667,1,1,0,1,0,0,1,0
120317,FLORIDA,FL,1,0,1,81,0,AUBURN,11,3,March,2010,5,Thursday,0,45,0,6,4,0,27.35053889,-82.25095278,30,2,0,1,0,0,1,0
120318,FLORIDA,FL,1,0,2,131,0,ARLINGTON,11,3,March,2010,5,Thursday,7,0,1,1,1,99998,30.70062778,-85.97135278,42,1,0,2,0,0,2,0
120319,FLORIDA,FL,4,0,7,119,0,BELLAMY,13,3,March,2010,7,Saturday,18,53,0,6,4,0,28.64460000,-82.18452778,12,2,0,10,0,0,4,3
120320,FLORIDA,FL,1,0,4,131,0,ARLINGTON,13,3,March,2010,7,Saturday,18,12,1,2,2,99998,30.89810000,-86.28164167,1,2,0,1,0,0,1,0
120321,FLORIDA,FL,1,0,1,103,0,DANVILLE,13,3,March,2010,7,Saturday,14,35,0,14,3,99998,27.91620278,-82.70961111,33,1,0,1,0,0,1,0
120322,FLORIDA,FL,1,1,1,95,0,ALBERTVILLE,14,3,March,2010,1,Sunday,21,47,0,15,3,99998,28.45101389,-81.47774167,8,2,0,1,0,0,1,0
120323,FLORIDA,FL,2,0,3,31,1510,COFFEE,6,3,March,2010,7,Saturday,13,25,0,13,2,99998,30.33203056,-81.65526111,12,1,0,1,0,0,1,1
120324,FLORIDA,FL,4,0,8,21,0,CHILTON,11,3,March,2010,5,Thursday,13,29,0,13,2,99998,26.26151389,-81.80146667,12,1,0,10,0,0,1,0
120325,FLORIDA,FL,2,0,3,86,0,AVENTURA,27,2,February,2010,7,Saturday,20,37,0,6,4,0,25.74601667,-80.39217778,12,3,0,1,0,0,1,0
120326,FLORIDA,FL,2,0,2,57,0,BANKSTON,28,2,February,2010,1,Sunday,4,7,0,6,4,0,28.08468611,-82.51010278,12,3,0,1,0,0,1,1
120327,FLORIDA,FL,1,0,3,101,0,BOYLSTON,12,2,February,2010,6,Friday,17,35,1,1,1,99998,28.35401667,-82.32004167,42,1,0,2,0,0,1,0
120328,FLORIDA,FL,1,1,1,101,0,BOYLSTON,18,2,February,2010,5,Thursday,18,34,0,13,2,99998,28.21079167,-82.18213056,9,5,0,1,0,0,1,0
120329,FLORIDA,FL,1,1,1,61,0,BELLWOOD,26,2,February,2010,6,Friday,21,10,1,1,1,99998,27.70875833,-80.54214444,8,2,0,1,0,0,1,0
120330,FLORIDA,FL,1,0,3,86,0,AVENTURA,28,2,February,2010,1,Sunday,7,10,1,12,3,99998,25.69082500,-80.38891667,24,1,0,1,0,0,2,1
120331,FLORIDA,FL,1,0,1,15,0,ANNISTON,3,3,March,2010,4,Wednesday,14,0,1,2,2,99998,27.00605556,-81.95850278,34,1,0,1,0,0,1,0
120332,FLORIDA,FL,1,0,1,95,0,ALBERTVILLE,3,3,March,2010,4,Wednesday,20,50,0,16,6,0,28.52964722,-81.57968889,42,3,0,1,0,0,1,1
120333,FLORIDA,FL,1,1,6,31,1510,COFFEE,4,3,March,2010,5,Thursday,18,30,1,12,2,99998,30.32757500,-81.63672222,8,1,0,1,0,0,1,0
120334,FLORIDA,FL,1,0,1,117,0,BIRMINGHAM,7,3,March,2010,1,Sunday,11,8,0,2,3,99998,28.74330278,-81.12622222,1,1,0,1,0,0,1,0
120335,FLORIDA,FL,1,1,2,127,0,BURNWELL,7,3,March,2010,1,Sunday,21,58,1,1,1,99998,29.07353611,-81.17883611,8,2,0,1,0,0,1,0
120336,FLORIDA,FL,1,0,57,39,0,ANDALUSIA,8,3,March,2010,2,Monday,15,9,0,6,4,0,30.67456667,-84.82245556,42,1,0,1,1,0,1,0
120337,FLORIDA,FL,1,0,1,121,0,BON AIR,8,3,March,2010,2,Monday,23,50,0,6,4,0,29.94675278,-82.82690278,35,2,0,1,0,0,1,1
120338,FLORIDA,FL,2,0,2,85,0,BENTON,11,3,March,2010,5,Thursday,5,49,1,2,3,99998,27.06693056,-80.53835833,12,2,0,10,0,0,1,0
120339,FLORIDA,FL,3,0,4,109,0,ANSLEY,12,3,March,2010,6,Friday,11,54,0,13,2,99998,29.95246111,-81.34236389,12,1,0,2,0,0,1,1
120340,FLORIDA,FL,1,0,2,37,0,BRADFORD,13,3,March,2010,7,Saturday,13,18,0,2,2,99998,29.89641944,-84.56071667,16,1,0,6,0,0,2,0
120341,FLORIDA,FL,1,1,3,13,0,BOLLING,14,3,March,2010,1,Sunday,19,5,0,3,3,99998,30.26397778,-85.18380278,8,2,0,1,0,0,1,0
120342,FLORIDA,FL,1,0,2,75,0,BEAVERTON,14,3,March,2010,1,Sunday,21,13,0,6,4,0,29.33033333,-82.43880000,1,2,0,10,0,0,1,1
120343,FLORIDA,FL,2,0,2,23,0,BLADON SPRINGS,14,3,March,2010,1,Sunday,0,13,0,2,2,99998,30.33777222,-82.62406944,12,2,0,10,0,0,1,1
120344,FLORIDA,FL,2,0,3,73,0,ARGO,14,3,March,2010,1,Sunday,18,20,0,6,4,0,30.37033889,-84.10570556,53,1,0,1,0,0,3,0
120345,FLORIDA,FL,2,0,2,101,0,BOYLSTON,15,3,March,2010,2,Monday,22,32,0,6,4,0,28.20984444,-82.71536111,12,3,0,10,0,0,1,0
120346,FLORIDA,FL,2,0,3,3,0,BALDWIN,15,3,March,2010,2,Monday,0,10,1,1,1,99998,30.27978611,-82.05836667,12,2,0,1,0,0,2,0
120347,FLORIDA,FL,1,1,2,33,0,CHEROKEE,16,3,March,2010,3,Tuesday,21,10,0,16,6,0,30.55984167,-87.28592500,8,2,0,1,0,0,1,0
120348,FLORIDA,FL,1,0,1,21,0,CHILTON,16,3,March,2010,3,Tuesday,1,29,0,2,3,99998,26.49581111,-81.43491389,1,2,0,1,0,0,1,1
120350,FLORIDA,FL,1,0,2,93,0,BEAR CREEK,18,3,March,2010,5,Thursday,0,30,0,14,3,99998,27.19590000,-80.83470833,38,2,0,1,0,0,1,0
120351,FLORIDA,FL,3,0,7,95,0,ALBERTVILLE,18,3,March,2010,5,Thursday,20,54,0,6,4,0,28.47243889,-81.40868056,12,3,0,10,0,0,1,0
120352,FLORIDA,FL,2,0,3,117,0,BIRMINGHAM,18,3,March,2010,5,Thursday,14,5,0,13,3,99998,28.81138611,-81.35800278,12,1,0,10,0,0,1,0
120353,FLORIDA,FL,2,0,1,9,0,BLOUNT,19,3,March,2010,6,Friday,3,19,0,6,4,0,28.06588333,-80.69950556,53,2,0,1,0,0,1,1
120354,FLORIDA,FL,1,0,1,119,0,BELLAMY,19,3,March,2010,6,Friday,21,30,0,6,4,0,28.65350833,-81.96550833,1,2,0,1,0,0,1,0
120355,FLORIDA,FL,1,0,3,95,0,ALBERTVILLE,20,3,March,2010,7,Saturday,19,12,0,6,4,0,28.59250000,-81.27838889,5,1,0,1,0,0,1,0
120356,FLORIDA,FL,1,1,1,33,0,CHEROKEE,21,3,March,2010,1,Sunday,20,49,0,13,2,99998,30.43907778,-87.28097500,8,2,0,1,0,0,1,0
120357,FLORIDA,FL,1,0,1,23,0,BLADON SPRINGS,21,3,March,2010,1,Sunday,2,15,0,14,2,99998,30.18625278,-82.60286667,33,2,0,10,0,0,1,1
120359,FLORIDA,FL,3,0,3,95,0,ALBERTVILLE,22,2,February,2010,2,Monday,6,50,0,6,4,0,28.60032778,-81.27399722,12,1,0,10,0,0,1,0
120360,FLORIDA,FL,1,0,2,11,672,BULLOCK,4,2,February,2010,5,Thursday,8,6,1,12,3,99998,26.23484167,-80.29608889,24,1,0,1,0,0,1,0
120361,FLORIDA,FL,3,0,3,127,780,BURNWELL,6,3,March,2010,7,Saturday,0,45,0,13,3,99998,29.21393611,-81.01695000,24,3,0,1,0,0,1,0
120362,FLORIDA,FL,1,1,1,103,2530,DANVILLE,14,3,March,2010,1,Sunday,0,45,0,13,3,99998,27.83928611,-82.70420278,8,3,0,10,0,0,1,1
120363,FLORIDA,FL,1,0,2,51,600,CENTRAL,20,3,March,2010,7,Saturday,16,22,0,6,4,0,26.32541111,-80.99818333,1,1,0,1,0,0,1,0
120364,FLORIDA,FL,1,0,3,115,2235,ASHVILLE,20,3,March,2010,7,Saturday,17,31,0,16,6,0,27.06033889,-82.08179722,1,1,0,1,0,0,1,0
120365,FLORIDA,FL,1,1,1,95,2360,ALBERTVILLE,19,3,March,2010,6,Friday,20,20,0,13,3,99998,28.50746944,-81.37626389,9,3,0,1,0,0,1,0
120366,FLORIDA,FL,2,0,3,81,0,AUBURN,21,3,March,2010,1,Sunday,14,10,1,13,3,99998,27.43878889,-82.45143056,12,1,0,2,0,0,1,0
120367,FLORIDA,FL,2,0,4,127,2190,BURNWELL,28,2,February,2010,1,Sunday,16,34,0,13,3,99998,29.02724167,-80.89037500,12,1,0,1,0,0,1,0
120368,FLORIDA,FL,2,0,3,99,0,BEATRICE,6,3,March,2010,7,Saturday,5,27,1,2,2,99998,26.66551389,-80.71669167,12,2,0,1,0,0,2,1
120369,FLORIDA,FL,2,0,2,15,0,ANNISTON,10,3,March,2010,4,Wednesday,8,16,0,3,3,99998,26.93457222,-82.30180000,12,1,0,1,0,0,1,0
120370,FLORIDA,FL,1,1,1,57,0,BANKSTON,15,3,March,2010,2,Monday,23,45,0,13,3,99998,27.99653056,-82.56758333,8,3,0,1,0,0,1,0
120371,FLORIDA,FL,1,0,1,57,0,BANKSTON,21,3,March,2010,1,Sunday,3,28,1,1,1,99998,27.93866389,-82.32999722,59,3,0,1,0,0,1,1
120372,FLORIDA,FL,1,0,1,83,0,ARDMORE,22,3,March,2010,2,Monday,7,50,0,6,4,0,29.06356111,-82.52273056,42,1,0,10,0,0,1,0
120373,FLORIDA,FL,2,0,4,51,0,CENTRAL,26,3,March,2010,6,Friday,7,24,1,2,3,99998,26.75385000,-81.08116111,12,1,0,10,0,0,1,0
120374,FLORIDA,FL,1,0,1,113,0,COTTONTON,28,3,March,2010,1,Sunday,0,26,0,14,2,99998,30.63493889,-86.97234444,33,2,0,1,0,0,1,1
120375,FLORIDA,FL,2,0,33,55,0,ATTALLA,22,2,February,2010,2,Monday,14,15,1,2,2,99998,27.35511111,-81.38899444,12,1,0,1,0,0,5,0
120376,FLORIDA,FL,1,1,1,81,0,AUBURN,22,2,February,2010,2,Monday,19,55,0,6,4,0,27.44291944,-82.58765000,8,2,0,10,0,0,1,0
120377,FLORIDA,FL,1,1,1,57,2950,BANKSTON,12,3,March,2010,6,Friday,2,40,0,13,3,99998,27.95224444,-82.38698889,8,3,0,2,0,0,1,0
120378,FLORIDA,FL,1,1,1,86,0,AVENTURA,16,3,March,2010,3,Tuesday,6,50,0,14,3,99998,25.93968611,-80.28135556,8,3,0,1,0,0,1,0
120379,FLORIDA,FL,1,0,2,21,0,CHILTON,21,3,March,2010,1,Sunday,0,47,0,2,2,99998,25.99431111,-81.59268333,30,3,0,1,0,0,1,1
120380,FLORIDA,FL,1,1,1,95,2360,ALBERTVILLE,14,2,February,2010,1,Sunday,23,3,0,16,6,0,28.49389444,-81.46127222,8,3,0,1,0,0,1,0
120381,FLORIDA,FL,2,0,2,105,0,MARION,1,2,February,2010,2,Monday,18,40,0,13,2,99998,27.94400833,-81.79821389,12,3,0,2,0,0,1,1
120382,FLORIDA,FL,1,1,1,123,2510,ALEXANDER CITY,4,3,March,2010,5,Thursday,19,37,0,13,2,99998,30.10592500,-83.57940278,9,3,0,1,0,0,1,0
120383,FLORIDA,FL,2,0,2,11,2468,BULLOCK,8,3,March,2010,2,Monday,10,30,0,13,3,99998,26.02452500,-80.31225278,12,1,0,1,0,0,1,0
120384,FLORIDA,FL,1,0,1,31,1510,COFFEE,9,3,March,2010,3,Tuesday,14,18,0,16,6,0,30.46260278,-81.83335000,30,1,0,1,0,0,1,1
120385,FLORIDA,FL,2,0,3,95,0,ALBERTVILLE,10,3,March,2010,4,Wednesday,12,50,0,14,3,99998,28.50802222,-81.33102500,12,1,0,1,0,0,1,0
120386,FLORIDA,FL,2,0,2,127,0,BURNWELL,11,3,March,2010,5,Thursday,20,31,0,13,2,99998,29.06466111,-81.30461667,12,2,0,10,0,0,1,0
120387,FLORIDA,FL,1,1,1,87,1568,ARMSTRONG,13,3,March,2010,7,Saturday,2,11,1,13,2,99998,25.11328889,-80.42302222,8,2,0,1,0,0,1,0
120388,FLORIDA,FL,2,0,4,31,1510,COFFEE,18,3,March,2010,5,Thursday,20,30,0,14,3,99998,30.35244444,-81.54693889,1,3,0,1,0,0,2,1
120389,FLORIDA,FL,1,0,2,111,1080,GRAHAM,18,3,March,2010,5,Thursday,0,59,0,6,4,0,27.42429167,-80.31503611,31,3,0,1,0,0,1,1
120390,FLORIDA,FL,1,1,1,57,0,BANKSTON,19,3,March,2010,6,Friday,6,50,0,13,2,99998,28.05342500,-82.33221944,9,2,0,10,0,0,1,0
120391,FLORIDA,FL,1,1,3,127,0,BURNWELL,20,3,March,2010,7,Saturday,14,40,0,6,4,0,29.32880833,-81.05760556,8,1,0,1,0,0,1,0
120392,FLORIDA,FL,1,0,2,99,330,BEATRICE,20,3,March,2010,7,Saturday,5,10,1,11,1,99998,26.52176944,-80.07283333,31,3,0,10,0,0,1,1
120393,FLORIDA,FL,1,1,1,11,771,BULLOCK,20,3,March,2010,7,Saturday,2,47,0,13,2,99998,26.07872778,-80.20460556,8,6,0,1,0,0,1,0
120394,FLORIDA,FL,3,0,5,99,290,BEATRICE,21,3,March,2010,1,Sunday,0,15,1,11,1,99998,26.40460278,-80.08980556,12,3,0,10,0,0,1,1
120395,FLORIDA,FL,1,0,1,99,0,BEATRICE,24,3,March,2010,4,Wednesday,10,35,1,2,2,99998,26.61308611,-80.71226111,1,1,0,1,0,0,1,0
120396,FLORIDA,FL,1,0,1,71,0,BRIDGEPORT,24,3,March,2010,4,Wednesday,10,55,0,6,4,0,26.50547778,-81.91106944,31,1,0,1,0,0,1,0
120397,FLORIDA,FL,2,0,4,101,0,BOYLSTON,25,3,March,2010,5,Thursday,21,50,0,6,4,0,28.27640000,-82.70724444,12,2,0,2,0,0,1,0
120398,FLORIDA,FL,1,0,5,81,0,AUBURN,25,3,March,2010,5,Thursday,23,29,1,1,1,99998,27.61213611,-82.49171389,42,2,0,2,0,0,1,0
120399,FLORIDA,FL,2,0,2,35,0,BROOKLYN,25,3,March,2010,5,Thursday,3,30,0,2,2,99998,29.40687222,-81.19680833,12,2,0,1,0,0,1,1
120400,FLORIDA,FL,1,0,1,107,0,CARROLLTON,26,3,March,2010,6,Friday,2,50,0,3,3,99998,29.73257500,-81.95809444,38,2,0,10,0,0,1,1
120401,FLORIDA,FL,1,0,4,63,0,BOLIGEE,27,3,March,2010,7,Saturday,0,46,1,1,1,99998,30.63548056,-84.90833889,1,2,0,10,0,0,1,0
120402,FLORIDA,FL,1,0,1,9,2424,BLOUNT,27,3,March,2010,7,Saturday,22,17,0,16,6,0,28.01609167,-80.64590000,39,3,0,1,0,0,1,0
120403,FLORIDA,FL,2,0,1,83,0,ARDMORE,27,3,March,2010,7,Saturday,5,0,0,16,6,0,29.27543611,-81.88119444,14,2,0,1,0,0,1,0
120404,FLORIDA,FL,3,0,4,131,0,ARLINGTON,29,3,March,2010,2,Monday,8,10,1,2,2,99998,30.65369444,-86.11573056,12,1,0,10,0,0,1,0
120405,FLORIDA,FL,2,0,5,11,1050,BULLOCK,18,2,February,2010,5,Thursday,22,15,0,13,3,99998,26.15158333,-80.15449722,12,3,0,1,0,0,1,0
120406,FLORIDA,FL,1,1,1,9,0,BLOUNT,19,2,February,2010,6,Friday,22,42,0,13,2,99998,28.44054722,-80.76260000,8,2,0,1,0,0,1,0
120407,FLORIDA,FL,1,0,2,69,0,ASHFORD,19,2,February,2010,6,Friday,19,36,0,6,4,0,29.00841389,-81.40820556,42,2,0,1,0,0,2,0
120408,FLORIDA,FL,2,0,9,86,2010,AVENTURA,20,2,February,2010,7,Saturday,2,30,1,11,1,99998,25.78721389,-80.18136944,12,3,0,10,0,0,1,0
120409,FLORIDA,FL,3,0,4,86,0,AVENTURA,11,3,March,2010,5,Thursday,5,37,0,6,4,0,25.85464722,-80.25026111,12,3,0,1,0,0,1,1
120410,FLORIDA,FL,2,0,2,11,771,BULLOCK,13,3,March,2010,7,Saturday,16,27,0,13,3,99998,26.07649444,-80.25202500,12,1,0,1,0,0,1,1
120411,FLORIDA,FL,2,0,5,71,1070,BRIDGEPORT,13,3,March,2010,7,Saturday,17,50,0,16,6,0,26.63284722,-81.85457778,12,1,0,1,0,0,1,0
120412,FLORIDA,FL,2,0,3,23,0,BLADON SPRINGS,18,3,March,2010,5,Thursday,11,25,0,14,2,99998,30.17949444,-82.69485833,12,1,0,1,0,0,1,0
120413,FLORIDA,FL,1,0,2,86,0,AVENTURA,19,3,March,2010,6,Friday,3,20,0,6,4,0,25.91413889,-80.20972778,42,2,0,1,0,0,2,0
120414,FLORIDA,FL,1,0,2,23,0,BLADON SPRINGS,20,3,March,2010,7,Saturday,18,1,0,6,4,0,30.15525833,-82.73968889,42,1,0,1,0,0,1,0
120416,FLORIDA,FL,2,0,2,83,0,ARDMORE,23,3,March,2010,3,Tuesday,11,50,0,13,2,99998,29.02583056,-82.01934444,12,1,0,1,0,0,1,0
120417,FLORIDA,FL,2,0,1,101,0,BOYLSTON,25,3,March,2010,5,Thursday,21,20,0,6,4,0,28.32878889,-82.68842222,53,3,0,2,0,0,1,1
120418,FLORIDA,FL,3,2,1,11,1420,BULLOCK,26,3,March,2010,6,Friday,4,18,1,11,1,99998,26.03031944,-80.16493889,12,3,0,2,0,0,1,0
120419,FLORIDA,FL,2,0,2,11,1782,BULLOCK,29,3,March,2010,2,Monday,22,59,0,13,3,99998,26.18828333,-80.25185556,12,3,0,1,0,0,1,0
120420,FLORIDA,FL,1,0,3,51,0,CENTRAL,27,3,March,2010,7,Saturday,23,38,0,6,4,0,26.60276389,-81.34809444,34,2,0,1,0,0,1,1
120421,FLORIDA,FL,3,0,3,31,1510,COFFEE,29,3,March,2010,2,Monday,7,0,1,11,1,99998,30.32039167,-81.69079722,12,4,0,10,0,0,1,0
120422,FLORIDA,FL,2,0,4,97,0,AXIS,31,3,March,2010,4,Wednesday,3,25,0,2,2,99998,28.21699167,-81.17716944,12,2,0,1,0,0,1,1
120423,FLORIDA,FL,1,1,1,95,0,ALBERTVILLE,1,4,April,2010,5,Thursday,13,35,0,6,4,0,28.41056667,-81.55805833,9,1,0,1,0,0,1,0
120424,FLORIDA,FL,2,0,2,95,0,ALBERTVILLE,2,4,April,2010,6,Friday,0,31,0,6,4,0,28.56716389,-81.12733056,12,3,0,1,0,0,1,1
120425,FLORIDA,FL,1,0,3,63,0,BOLIGEE,3,4,April,2010,7,Saturday,7,40,0,6,4,0,30.96068333,-85.14744444,42,1,0,10,0,0,3,0
120426,FLORIDA,FL,1,1,2,99,1559,BEATRICE,4,4,April,2010,1,Sunday,6,30,0,16,6,0,26.87812500,-80.05303889,8,3,0,1,0,0,1,0
120427,FLORIDA,FL,2,0,2,101,0,BOYLSTON,19,2,February,2010,6,Friday,8,47,1,13,2,99998,28.28904722,-82.71215833,12,1,0,1,0,0,1,1
120428,FLORIDA,FL,1,0,1,9,3175,BLOUNT,25,2,February,2010,5,Thursday,23,2,0,16,6,0,28.05732222,-80.67123333,43,2,0,1,0,0,1,1
120429,FLORIDA,FL,1,1,2,127,787,BURNWELL,5,3,March,2010,6,Friday,23,34,0,16,6,0,28.89017222,-81.33182222,9,3,0,1,0,0,1,0
120430,FLORIDA,FL,1,0,3,81,340,AUBURN,12,3,March,2010,6,Friday,19,20,0,14,3,99998,27.49585278,-82.60921667,33,3,0,10,0,0,1,1
120431,FLORIDA,FL,1,1,2,86,0,AVENTURA,14,3,March,2010,1,Sunday,20,5,0,6,4,0,25.74717222,-80.35155833,8,3,0,1,0,0,1,0
120432,FLORIDA,FL,2,0,2,121,0,BON AIR,18,3,March,2010,5,Thursday,23,4,0,6,4,0,30.29008889,-83.12943333,12,2,0,1,0,0,1,0
120433,FLORIDA,FL,1,0,1,113,0,COTTONTON,25,3,March,2010,5,Thursday,13,0,0,3,3,99998,30.85433333,-86.83196667,34,1,0,2,0,0,1,0
120434,FLORIDA,FL,1,1,1,115,0,ASHVILLE,29,3,March,2010,2,Monday,4,28,0,13,2,99998,27.38658056,-82.55847222,8,3,0,2,0,0,1,0
120435,FLORIDA,FL,1,0,2,99,0,BEATRICE,30,3,March,2010,3,Tuesday,1,50,0,6,4,0,26.87764722,-80.24738889,59,2,0,1,0,0,2,1
120436,FLORIDA,FL,3,0,6,113,0,COTTONTON,31,3,March,2010,4,Wednesday,14,34,0,3,3,99998,30.54317222,-86.90221389,12,1,0,1,0,0,1,0
120437,FLORIDA,FL,1,1,1,107,0,CARROLLTON,31,3,March,2010,4,Wednesday,18,20,0,6,4,0,29.62247778,-81.71453333,8,1,0,1,0,0,1,0
120438,FLORIDA,FL,1,0,1,131,0,ARLINGTON,4,4,April,2010,1,Sunday,19,5,0,6,4,0,30.66218611,-85.91863611,42,1,0,1,0,0,1,1
120439,FLORIDA,FL,2,0,2,113,0,COTTONTON,5,4,April,2010,2,Monday,19,19,0,14,2,99998,30.60246667,-87.15320000,1,2,0,1,0,0,1,1
120440,FLORIDA,FL,2,0,2,81,0,AUBURN,8,4,April,2010,5,Thursday,18,30,0,6,4,0,27.44787500,-82.61246667,12,1,0,1,0,0,1,0
120441,FLORIDA,FL,1,0,1,107,0,CARROLLTON,9,2,February,2010,3,Tuesday,12,50,0,6,4,0,29.61577222,-81.68795556,42,1,0,2,0,0,1,0
120442,FLORIDA,FL,1,0,1,61,0,BELLWOOD,18,2,February,2010,5,Thursday,12,45,1,2,3,99998,27.64171667,-80.69355000,1,1,0,10,0,0,1,0
120443,FLORIDA,FL,1,1,1,57,0,BANKSTON,14,2,February,2010,1,Sunday,1,18,0,13,3,99998,27.99658056,-82.54796389,8,2,0,10,0,0,1,0
120444,FLORIDA,FL,2,0,2,71,457,BRIDGEPORT,2,2,February,2010,3,Tuesday,9,7,0,16,6,0,26.69691944,-82.00645000,12,1,0,2,0,0,1,0
120445,FLORIDA,FL,2,0,5,49,3120,COLLINSVILLE,2,2,February,2010,3,Tuesday,16,18,1,13,2,99998,27.53295833,-81.80935000,12,1,0,10,0,0,1,0
120446,FLORIDA,FL,1,0,1,91,0,DAYTON,17,2,February,2010,4,Wednesday,6,35,0,2,3,99998,30.89304722,-86.50704444,33,1,0,1,0,0,1,0
120447,FLORIDA,FL,1,1,3,9,454,BLOUNT,18,2,February,2010,5,Thursday,20,36,0,13,3,99998,28.37799722,-80.60563889,8,3,0,1,0,0,1,0
120448,FLORIDA,FL,2,0,2,93,0,BEAR CREEK,25,2,February,2010,5,Thursday,13,34,0,2,2,99998,27.34843611,-80.82172778,12,1,0,1,0,0,1,0
120449,FLORIDA,FL,1,1,1,127,0,BURNWELL,2,2,February,2010,3,Tuesday,18,57,0,13,3,99998,29.32316389,-81.05523611,8,3,0,10,0,0,1,0
120450,FLORIDA,FL,1,0,2,131,0,ARLINGTON,21,2,February,2010,1,Sunday,12,10,1,1,1,99998,30.73416667,-86.37219167,1,1,0,10,0,0,1,0
120451,FLORIDA,FL,1,0,1,103,2730,DANVILLE,11,2,February,2010,5,Thursday,1,41,0,16,6,0,27.80640833,-82.70614167,30,3,0,1,0,0,1,1
120452,FLORIDA,FL,2,0,2,99,3147,BEATRICE,12,2,February,2010,6,Friday,1,5,0,15,6,99998,26.62218333,-80.23653611,12,3,0,1,0,0,1,1
120453,FLORIDA,FL,1,1,1,11,2916,BULLOCK,13,2,February,2010,7,Saturday,22,20,0,13,3,99998,26.15072500,-80.25701944,8,3,0,1,0,0,1,0
120454,FLORIDA,FL,3,0,5,86,2010,AVENTURA,13,2,February,2010,7,Saturday,15,9,0,13,3,99998,25.77515833,-80.26391667,12,1,0,1,0,0,1,0
120455,FLORIDA,FL,2,0,2,86,2025,AVENTURA,15,2,February,2010,2,Monday,14,43,0,16,6,0,25.91177222,-80.32100278,12,1,0,1,0,0,1,0
120456,FLORIDA,FL,1,1,1,57,0,BANKSTON,14,2,February,2010,1,Sunday,19,5,0,6,4,0,27.75926111,-82.26671944,8,2,0,1,0,0,1,0
120457,FLORIDA,FL,1,1,1,31,1510,COFFEE,17,2,February,2010,4,Wednesday,9,13,0,16,6,0,30.31258333,-81.68287500,8,1,0,1,0,0,1,0