ST_CASE,State Name,State Abbreviation,VE_TOTAL,Pedestrains,Total_Persons_in_accident,COUNTY,CITY,City_County_Name,Calendar_DAY,MONTH,Month_Name,YEAR,DAY_WEEK,Day_Week_desc,HOUR,MINUTE,NHS_Desc,trafficway,ROUTE,MILEPT,LATITUDE,LONGITUD,First_Crash_event,Light_cond_desc,Weather_condition,WEATHER,SCH_BUS,Crash_cause,FATALS,DRUNK_DR
120458,FLORIDA,FL,2,0,2,99,0,BEATRICE,21,2,February,2010,1,Sunday,11,26,0,14,4,99998,26.94255278,-80.24247500,12,1,0,1,0,0,1,0
120459,FLORIDA,FL,1,1,1,95,2360,ALBERTVILLE,22,2,February,2010,2,Monday,19,54,0,16,6,0,28.52422778,-81.34106667,8,3,0,2,0,0,1,0
120461,FLORIDA,FL,1,1,1,87,1580,ARMSTRONG,3,3,March,2010,4,Wednesday,14,43,1,13,2,99998,24.56327222,-81.77622778,8,1,0,1,0,0,1,0
120462,FLORIDA,FL,2,0,2,86,1340,AVENTURA,12,2,February,2010,6,Friday,7,0,0,16,6,0,25.88668889,-80.33970278,12,1,0,1,0,0,1,0
120463,FLORIDA,FL,1,0,1,1,0,AUTAUGA,5,2,February,2010,6,Friday,14,28,1,11,1,99998,29.62360000,-82.39038611,34,1,0,2,0,0,1,0
120464,FLORIDA,FL,2,0,2,86,9999,AVENTURA,17,2,February,2010,4,Wednesday,16,14,1,12,3,99998,25.94704722,-80.35370278,12,1,0,1,0,0,1,0
120465,FLORIDA,FL,1,0,3,47,0,BROWNS,24,2,February,2010,4,Wednesday,6,35,1,1,1,99998,30.50836667,-83.04863611,42,4,0,1,0,0,1,0
120466,FLORIDA,FL,2,0,3,53,0,ATMORE,24,2,February,2010,4,Wednesday,8,22,1,13,2,99998,28.53831944,-82.56605278,12,1,0,10,0,0,1,0
120467,FLORIDA,FL,1,1,1,33,0,CHEROKEE,25,2,February,2010,5,Thursday,18,58,0,6,4,0,30.52573889,-87.18986389,8,2,0,1,0,0,1,0
120468,FLORIDA,FL,1,1,1,11,1782,BULLOCK,12,2,February,2010,6,Friday,11,15,0,13,3,99998,26.12138611,-80.18680556,8,1,0,1,0,0,1,0
120469,FLORIDA,FL,2,0,4,57,2950,BANKSTON,18,2,February,2010,5,Thursday,2,15,1,13,2,99998,27.93088889,-82.50586944,33,3,0,1,0,0,1,1
120470,FLORIDA,FL,2,1,2,127,2580,BURNWELL,26,2,February,2010,6,Friday,14,56,0,16,6,0,29.11426389,-81.01848056,8,1,0,1,0,0,1,0
120471,FLORIDA,FL,2,0,3,111,1080,GRAHAM,2,3,March,2010,3,Tuesday,18,10,0,13,3,99998,27.42570556,-80.35039444,12,1,0,1,0,0,1,0
120472,FLORIDA,FL,1,1,2,11,2570,BULLOCK,3,3,March,2010,4,Wednesday,22,33,0,14,3,99998,26.27162222,-80.11406944,8,3,0,1,0,0,1,0
120473,FLORIDA,FL,1,0,1,86,2030,AVENTURA,7,3,March,2010,1,Sunday,22,34,1,11,1,99998,25.86491111,-80.20821944,31,3,0,1,0,0,1,1
120474,FLORIDA,FL,2,0,3,85,0,BENTON,14,3,March,2010,1,Sunday,22,48,0,6,4,0,27.10156111,-80.15143333,12,3,0,1,0,0,1,2
120475,FLORIDA,FL,2,0,2,11,771,BULLOCK,19,3,March,2010,6,Friday,8,9,0,16,6,0,26.09365278,-80.27385833,12,1,0,1,0,0,1,0
120476,FLORIDA,FL,1,0,1,83,2270,ARDMORE,20,3,March,2010,7,Saturday,3,48,0,16,6,0,29.14180833,-82.13500278,42,2,0,1,0,0,1,1
120477,FLORIDA,FL,2,0,2,61,0,BELLWOOD,21,3,March,2010,1,Sunday,12,55,0,6,4,0,27.58810000,-80.38010833,12,1,0,1,0,0,1,0
120479,FLORIDA,FL,1,0,1,53,0,ATMORE,26,3,March,2010,6,Friday,2,0,0,3,2,99998,28.65821667,-82.32441944,38,2,0,1,0,0,1,1
120480,FLORIDA,FL,1,0,1,127,0,BURNWELL,26,3,March,2010,6,Friday,16,20,1,11,1,99998,29.39015833,-81.14922500,1,1,0,1,0,0,1,0
120481,FLORIDA,FL,1,1,1,9,620,BLOUNT,27,3,March,2010,7,Saturday,22,40,1,12,3,99998,28.40021667,-80.75455556,8,2,0,1,0,0,1,0
120482,FLORIDA,FL,3,0,3,27,0,ASHLAND,30,3,March,2010,3,Tuesday,17,44,1,2,2,99998,27.08285833,-81.95614444,12,5,0,1,0,0,1,0
120483,FLORIDA,FL,2,0,2,87,0,ARMSTRONG,31,3,March,2010,4,Wednesday,8,28,1,13,2,99998,24.57905000,-81.73450556,12,1,0,1,0,0,1,1
120484,FLORIDA,FL,1,0,3,65,0,CYPRESS,1,4,April,2010,5,Thursday,13,0,1,1,1,99998,30.47654722,-83.89404722,42,1,0,1,0,0,3,0
120485,FLORIDA,FL,2,0,2,117,0,BIRMINGHAM,2,4,April,2010,6,Friday,12,45,0,13,3,99998,28.81188889,-81.36752500,12,1,0,1,0,0,1,1
120486,FLORIDA,FL,3,0,9,89,0,BROWNSBORO,2,4,April,2010,6,Friday,16,40,1,2,2,99998,30.66317500,-81.88476111,12,1,0,1,0,0,6,0
120487,FLORIDA,FL,2,0,2,11,2541,BULLOCK,2,4,April,2010,6,Friday,15,48,1,12,3,99998,26.11220000,-80.21844444,12,1,0,1,0,0,1,0
120488,FLORIDA,FL,1,0,1,11,771,BULLOCK,3,4,April,2010,7,Saturday,22,1,1,11,1,99998,26.06624722,-80.35490000,35,2,0,10,0,0,1,0
120489,FLORIDA,FL,1,0,1,107,0,CARROLLTON,3,4,April,2010,7,Saturday,0,20,0,2,2,99998,29.47199167,-81.53248056,1,2,0,1,0,0,1,1
120490,FLORIDA,FL,3,0,6,71,0,BRIDGEPORT,3,4,April,2010,7,Saturday,11,9,0,6,4,0,26.65138889,-81.59808889,12,1,0,1,0,0,1,0
120491,FLORIDA,FL,1,0,1,83,0,ARDMORE,4,4,April,2010,1,Sunday,4,35,0,6,4,0,29.29731389,-81.97808056,42,2,0,1,0,0,1,1
120492,FLORIDA,FL,1,0,2,9,0,BLOUNT,4,4,April,2010,1,Sunday,18,42,0,13,2,99998,28.20551667,-80.66194444,1,1,0,1,0,0,1,1
120493,FLORIDA,FL,3,0,4,107,2420,CARROLLTON,5,4,April,2010,2,Monday,10,6,0,16,6,0,29.64822778,-81.64248333,12,1,0,1,0,0,1,0
120494,FLORIDA,FL,2,0,2,31,1510,COFFEE,5,4,April,2010,2,Monday,11,31,1,13,2,99998,30.21510833,-81.70389167,12,1,0,1,0,0,1,0
120495,FLORIDA,FL,2,0,6,21,0,CHILTON,5,4,April,2010,2,Monday,15,55,0,2,2,99998,25.81862222,-80.88850278,12,1,0,1,0,0,1,0
120496,FLORIDA,FL,1,0,1,86,2010,AVENTURA,7,4,April,2010,4,Wednesday,18,30,1,11,1,99998,25.78555556,-80.19345833,24,1,0,10,0,0,1,0
120497,FLORIDA,FL,2,0,3,89,430,BROWNSBORO,7,4,April,2010,4,Wednesday,12,30,1,2,2,99998,30.57313056,-81.83490278,12,1,0,1,0,0,2,0
120498,FLORIDA,FL,1,0,1,57,0,BANKSTON,7,4,April,2010,4,Wednesday,13,53,1,11,1,99998,28.10098611,-82.44576667,1,1,0,1,0,0,1,0
120499,FLORIDA,FL,1,0,1,47,0,BROWNS,7,4,April,2010,4,Wednesday,2,5,0,6,4,0,30.50252500,-83.21995000,1,2,0,1,0,0,1,1
120500,FLORIDA,FL,1,0,1,86,0,AVENTURA,8,4,April,2010,5,Thursday,15,25,1,12,3,99998,25.89580833,-80.28229167,24,1,0,1,0,0,1,0
120502,FLORIDA,FL,2,0,4,63,0,BOLIGEE,9,4,April,2010,6,Friday,10,50,0,4,3,99998,30.95181389,-85.24008889,12,1,0,1,0,0,1,0
120503,FLORIDA,FL,1,0,2,11,790,BULLOCK,9,4,April,2010,6,Friday,2,10,1,11,1,99998,26.28658611,-80.12468056,42,3,0,1,0,0,1,0
120504,FLORIDA,FL,1,0,1,127,0,BURNWELL,10,4,April,2010,7,Saturday,11,58,0,6,4,0,29.09268056,-81.06863056,11,1,0,1,0,0,1,0
120505,FLORIDA,FL,1,0,1,21,0,CHILTON,11,4,April,2010,1,Sunday,14,48,1,11,1,99998,26.16426389,-81.71886111,42,1,0,2,0,0,1,0
120506,FLORIDA,FL,1,1,1,21,0,CHILTON,12,4,April,2010,2,Monday,7,42,0,6,4,0,26.15392500,-81.74083333,8,1,0,1,0,0,1,0
120507,FLORIDA,FL,1,0,1,86,0,AVENTURA,21,3,March,2010,1,Sunday,18,59,0,6,4,0,25.75130278,-80.31107778,18,5,0,1,0,0,1,0
120508,FLORIDA,FL,1,0,1,57,0,BANKSTON,4,4,April,2010,1,Sunday,3,26,0,6,4,0,27.99764444,-82.56283333,30,3,0,1,0,0,1,1
120509,FLORIDA,FL,1,1,2,105,1740,MARION,26,2,February,2010,6,Friday,21,0,1,13,2,99998,27.91754167,-81.60455278,8,2,0,1,0,0,1,0
120510,FLORIDA,FL,2,0,3,105,0,MARION,10,3,March,2010,4,Wednesday,16,0,0,6,4,0,28.07555833,-82.01493333,12,1,0,1,0,0,1,0
120511,FLORIDA,FL,2,0,3,81,0,AUBURN,13,4,April,2010,3,Tuesday,1,39,1,11,1,99998,27.39035556,-82.44911944,14,3,0,1,0,0,1,0
120512,FLORIDA,FL,1,0,1,9,0,BLOUNT,7,3,March,2010,1,Sunday,15,55,1,1,1,99998,28.73805556,-80.88477778,1,1,0,1,0,0,1,0
120513,FLORIDA,FL,1,1,1,57,2950,BANKSTON,10,2,February,2010,4,Wednesday,6,10,0,13,2,99998,27.99610556,-82.42649444,9,3,0,1,0,0,1,0
120514,FLORIDA,FL,1,2,1,21,0,CHILTON,9,3,March,2010,3,Tuesday,21,29,0,13,2,99998,26.13826667,-81.78277500,8,3,0,10,0,0,1,0
120515,FLORIDA,FL,2,1,5,73,2940,ARGO,20,3,March,2010,7,Saturday,2,31,0,14,2,99998,30.44876667,-84.30413056,8,3,0,1,0,0,1,0
120516,FLORIDA,FL,1,1,1,11,790,BULLOCK,1,4,April,2010,5,Thursday,2,3,1,1,1,99998,26.30452222,-80.11946944,8,2,0,1,0,0,1,0
120517,FLORIDA,FL,1,2,1,105,0,MARION,1,4,April,2010,5,Thursday,6,46,1,13,2,99998,28.22618889,-81.64597500,8,3,0,1,0,0,1,0
120518,FLORIDA,FL,2,0,2,23,0,BLADON SPRINGS,2,4,April,2010,6,Friday,13,40,0,3,3,99998,30.11044444,-82.65979444,12,1,0,1,0,0,1,0
120519,FLORIDA,FL,2,0,2,93,0,BEAR CREEK,2,4,April,2010,6,Friday,8,18,0,13,2,99998,27.20085000,-80.77418889,12,1,0,1,0,0,1,0
120520,FLORIDA,FL,4,0,8,86,2526,AVENTURA,3,4,April,2010,7,Saturday,20,40,1,13,2,99998,25.67941389,-80.31701389,12,3,0,1,0,0,1,1
120521,FLORIDA,FL,3,0,7,57,2950,BANKSTON,4,4,April,2010,1,Sunday,3,3,0,13,3,99998,27.98131111,-82.48065833,12,3,0,1,0,0,1,1
120522,FLORIDA,FL,1,0,1,117,0,BIRMINGHAM,4,4,April,2010,1,Sunday,5,39,0,14,3,99998,28.61429444,-81.27266111,24,2,0,5,0,0,1,1
120523,FLORIDA,FL,1,1,1,117,0,BIRMINGHAM,5,4,April,2010,2,Monday,18,59,0,6,4,0,28.65590556,-81.34000556,8,5,0,10,0,0,1,0
120524,FLORIDA,FL,2,0,3,5,0,BAKER HILL,6,4,April,2010,3,Tuesday,18,31,1,2,3,99998,30.33678611,-85.66004722,1,2,0,1,0,0,1,1
120525,FLORIDA,FL,1,0,1,103,0,DANVILLE,8,4,April,2010,5,Thursday,14,9,9,99,9,0,27.90596389,-82.66625278,3,1,0,1,0,0,1,0
120526,FLORIDA,FL,2,0,2,73,0,ARGO,8,4,April,2010,5,Thursday,22,54,1,2,2,99998,30.62711667,-84.16980000,12,2,0,10,0,0,1,1
120527,FLORIDA,FL,1,1,1,1,0,AUTAUGA,9,4,April,2010,6,Friday,14,30,1,1,1,99998,29.59638611,-82.36806389,8,1,0,1,0,0,1,0
120528,FLORIDA,FL,1,0,3,99,3190,BEATRICE,9,4,April,2010,6,Friday,18,31,0,15,6,99998,26.64827500,-80.05923333,31,1,0,10,0,0,1,0
120530,FLORIDA,FL,1,0,1,75,0,BEAVERTON,10,4,April,2010,7,Saturday,9,50,1,2,2,99998,29.47653611,-82.69119444,42,1,0,1,0,0,1,0
120531,FLORIDA,FL,2,0,4,57,0,BANKSTON,11,4,April,2010,1,Sunday,23,20,1,11,1,99998,28.02638056,-82.22850278,12,2,0,1,0,0,1,0
120532,FLORIDA,FL,2,0,2,1,0,AUTAUGA,11,4,April,2010,1,Sunday,13,30,1,2,3,99998,29.61476667,-82.34070556,12,1,0,1,0,0,1,0
120533,FLORIDA,FL,1,1,3,55,0,ATTALLA,12,4,April,2010,2,Monday,6,35,0,6,4,0,27.52486667,-81.43315278,9,2,0,1,0,0,1,0
120535,FLORIDA,FL,1,1,1,33,2085,CHEROKEE,15,4,April,2010,5,Thursday,19,48,0,6,4,0,30.70416111,-87.33416389,8,2,0,1,0,0,1,0
120536,FLORIDA,FL,3,0,5,95,0,ALBERTVILLE,15,4,April,2010,5,Thursday,1,25,0,13,3,99998,28.56823333,-81.28602778,12,2,0,1,0,0,1,0
120537,FLORIDA,FL,2,0,2,73,0,ARGO,16,4,April,2010,6,Friday,16,16,0,13,3,99998,30.48800000,-84.36318889,12,1,0,1,0,0,1,0
120538,FLORIDA,FL,2,0,2,33,0,CHEROKEE,17,4,April,2010,7,Saturday,0,10,1,11,1,99998,30.55517222,-87.35985000,12,3,0,10,0,0,1,1
120539,FLORIDA,FL,1,0,4,71,0,BRIDGEPORT,17,4,April,2010,7,Saturday,12,52,1,11,1,99998,26.39176667,-81.77210556,1,1,0,1,0,0,1,0
120540,FLORIDA,FL,1,0,1,115,0,ASHVILLE,17,4,April,2010,7,Saturday,23,30,0,6,4,0,27.22552500,-82.49736944,38,2,0,10,0,0,1,1
120541,FLORIDA,FL,1,0,2,101,0,BOYLSTON,18,4,April,2010,1,Sunday,22,50,0,6,4,0,28.34289722,-82.30678611,1,2,0,10,0,0,1,1
120542,FLORIDA,FL,1,0,1,101,0,BOYLSTON,18,4,April,2010,1,Sunday,22,38,1,2,3,99998,28.40555000,-82.51256944,35,2,0,10,0,0,1,0
120543,FLORIDA,FL,2,0,3,39,2630,ANDALUSIA,18,2,February,2010,5,Thursday,9,30,0,14,3,99998,30.59245556,-84.56392500,12,1,0,1,0,0,1,1
120545,FLORIDA,FL,1,0,1,11,2948,BULLOCK,9,4,April,2010,6,Friday,10,20,0,13,3,99998,26.19952778,-80.25228611,39,1,0,1,0,0,1,0
120546,FLORIDA,FL,1,1,2,11,2260,BULLOCK,2,2,February,2010,3,Tuesday,19,48,0,13,3,99998,26.18111944,-80.15488611,9,3,0,1,0,0,1,0
120547,FLORIDA,FL,2,0,2,83,2270,ARDMORE,4,2,February,2010,5,Thursday,22,14,0,16,6,0,29.12033889,-82.05125833,12,3,0,1,0,0,1,1
120548,FLORIDA,FL,1,0,1,107,2420,CARROLLTON,5,2,February,2010,6,Friday,15,36,1,13,2,99998,29.64696389,-81.62863056,25,1,0,2,0,0,1,1
120550,FLORIDA,FL,1,0,1,127,0,BURNWELL,6,2,February,2010,7,Saturday,21,26,1,11,1,99998,29.04641944,-81.00720278,1,2,0,10,0,0,1,0
120551,FLORIDA,FL,1,0,1,117,1705,BIRMINGHAM,10,2,February,2010,4,Wednesday,15,36,0,16,6,0,28.75627222,-81.34955000,39,1,0,1,0,0,1,0
120552,FLORIDA,FL,6,0,11,97,0,AXIS,11,2,February,2010,5,Thursday,14,50,0,13,2,99998,28.33268056,-81.53454167,12,1,0,1,0,0,1,0
120553,FLORIDA,FL,1,0,1,57,0,BANKSTON,11,2,February,2010,5,Thursday,16,24,0,6,4,0,28.06147222,-82.35452500,5,1,0,1,0,0,1,0
120554,FLORIDA,FL,2,0,2,57,0,BANKSTON,14,2,February,2010,1,Sunday,13,5,0,6,4,0,27.95963889,-82.31040833,12,1,0,1,0,0,1,0
120555,FLORIDA,FL,1,0,5,9,1990,BLOUNT,15,2,February,2010,2,Monday,11,47,0,16,6,0,28.14391667,-80.63690556,1,1,0,1,0,0,1,0
120556,FLORIDA,FL,1,1,1,86,0,AVENTURA,15,2,February,2010,2,Monday,20,12,0,13,3,99998,25.85413333,-80.24208889,8,3,0,1,0,0,1,0
120557,FLORIDA,FL,1,0,3,115,2780,ASHVILLE,18,2,February,2010,5,Thursday,13,20,0,13,2,99998,27.33139444,-82.53099444,19,1,0,98,0,0,2,0
120558,FLORIDA,FL,1,0,2,97,0,AXIS,19,2,February,2010,6,Friday,10,50,0,13,2,99998,28.13168056,-81.01018889,35,1,0,1,0,0,1,0
120560,FLORIDA,FL,3,0,5,11,633,BULLOCK,20,2,February,2010,7,Saturday,12,38,0,14,6,99998,26.24454722,-80.19466944,12,1,0,1,0,0,1,0
120561,FLORIDA,FL,1,0,1,19,1200,CEDAR BLUFF,21,2,February,2010,1,Sunday,16,45,0,13,3,99998,29.99040833,-81.68535000,1,1,0,10,0,0,1,0
120562,FLORIDA,FL,1,1,1,83,2270,ARDMORE,22,2,February,2010,2,Monday,20,35,0,16,6,0,29.09357778,-82.10013611,8,3,0,2,0,0,1,0
120563,FLORIDA,FL,1,1,1,86,2220,AVENTURA,22,2,February,2010,2,Monday,10,4,1,13,3,99998,25.88352778,-80.21460833,8,1,0,10,0,0,1,0
120564,FLORIDA,FL,1,1,2,71,0,BRIDGEPORT,23,2,February,2010,3,Tuesday,18,40,0,16,6,0,26.60048056,-81.64279444,8,3,0,1,0,0,1,0
120565,FLORIDA,FL,1,1,2,86,0,AVENTURA,25,2,February,2010,5,Thursday,23,56,0,13,3,99998,25.86673333,-80.24238889,8,3,0,1,0,0,1,0
120566,FLORIDA,FL,1,1,1,86,0,AVENTURA,25,2,February,2010,5,Thursday,8,47,0,6,4,0,25.85107500,-80.19703611,8,1,0,1,1,0,1,0
120567,FLORIDA,FL,1,0,1,99,0,BEATRICE,27,2,February,2010,7,Saturday,12,21,1,12,3,99998,26.93838611,-80.15455278,1,1,0,10,0,0,1,0
120568,FLORIDA,FL,1,0,2,23,0,BLADON SPRINGS,27,2,February,2010,7,Saturday,23,0,0,6,4,0,30.18356667,-82.65506389,52,2,0,1,0,0,1,1
120569,FLORIDA,FL,1,0,1,95,2360,ALBERTVILLE,28,2,February,2010,1,Sunday,20,54,0,16,6,0,28.57466667,-81.42263889,34,3,0,1,0,0,1,1
120570,FLORIDA,FL,1,1,1,131,800,ARLINGTON,2,3,March,2010,3,Tuesday,18,33,1,3,2,99998,30.72537778,-86.12791944,8,2,0,1,0,0,1,0
120571,FLORIDA,FL,3,0,7,31,1510,COFFEE,2,3,March,2010,3,Tuesday,13,12,1,11,1,99998,30.39363889,-81.66815000,12,1,0,1,0,0,1,0
120573,FLORIDA,FL,1,1,1,11,2260,BULLOCK,5,3,March,2010,6,Friday,19,39,0,13,3,99998,26.16658889,-80.13807500,8,3,0,1,0,0,1,0
120574,FLORIDA,FL,1,0,2,73,2940,ARGO,8,3,March,2010,2,Monday,1,2,0,16,6,0,30.42921111,-84.33513056,34,3,0,1,0,0,1,0
120575,FLORIDA,FL,4,0,4,105,3300,MARION,9,3,March,2010,3,Tuesday,13,35,0,13,3,99998,28.04635000,-81.75996389,12,1,0,1,0,0,1,0
120576,FLORIDA,FL,3,0,4,105,1690,MARION,10,3,March,2010,4,Wednesday,15,30,0,16,6,0,28.10058889,-81.97181111,12,1,0,1,0,0,1,0
120577,FLORIDA,FL,1,1,2,86,0,AVENTURA,11,3,March,2010,5,Thursday,19,49,0,14,3,99998,25.68780000,-80.36593333,15,3,0,1,0,0,1,0
120578,FLORIDA,FL,1,1,1,86,0,AVENTURA,11,3,March,2010,5,Thursday,19,0,0,13,2,99998,25.95796667,-80.20575278,8,3,0,1,0,0,1,0
120579,FLORIDA,FL,1,0,2,117,0,BIRMINGHAM,14,3,March,2010,1,Sunday,15,15,0,2,3,99998,28.71641111,-81.05442500,11,1,0,1,0,0,1,0
120580,FLORIDA,FL,1,1,1,21,2150,CHILTON,15,3,March,2010,2,Monday,11,34,0,13,2,99998,26.15024167,-81.79588889,8,1,0,1,0,0,1,0
120581,FLORIDA,FL,2,0,3,86,2526,AVENTURA,16,3,March,2010,3,Tuesday,12,14,1,13,2,99998,25.66306389,-80.32518611,12,1,0,1,0,0,1,0
120582,FLORIDA,FL,1,0,1,97,0,AXIS,20,3,March,2010,7,Saturday,8,50,0,13,2,99998,28.28408889,-81.35132500,1,1,0,1,0,0,1,0
120583,FLORIDA,FL,6,0,5,11,1420,BULLOCK,21,3,March,2010,1,Sunday,12,17,0,13,2,99998,25.99995000,-80.14280556,12,1,0,10,0,0,1,0
120584,FLORIDA,FL,4,0,2,11,1420,BULLOCK,8,4,April,2010,5,Thursday,20,46,0,13,2,99998,26.02861667,-80.20830556,12,3,0,1,0,0,1,0
120585,FLORIDA,FL,2,0,2,127,810,BURNWELL,20,4,April,2010,3,Tuesday,22,32,0,13,3,99998,29.02807500,-81.30678056,12,3,0,1,0,0,1,0
120586,FLORIDA,FL,2,0,4,69,0,ASHFORD,18,4,April,2010,1,Sunday,16,40,1,2,2,99998,28.40381944,-81.69783333,12,1,0,2,0,0,1,0
120587,FLORIDA,FL,2,0,2,71,2218,BRIDGEPORT,20,4,April,2010,3,Tuesday,15,39,0,13,3,99998,26.68212500,-81.88570278,12,1,0,10,0,0,1,0
120588,FLORIDA,FL,1,0,1,71,457,BRIDGEPORT,4,2,February,2010,5,Thursday,22,8,0,16,6,0,26.72527222,-81.90669444,1,3,0,1,0,0,1,1
120589,FLORIDA,FL,2,0,2,99,0,BEATRICE,6,3,March,2010,7,Saturday,15,6,0,14,6,99998,26.39427222,-80.19235000,12,1,0,1,0,0,1,0
120590,FLORIDA,FL,2,0,2,86,0,AVENTURA,28,3,March,2010,1,Sunday,5,56,1,11,1,99998,25.70296667,-80.31738611,12,3,0,1,0,0,1,0
120591,FLORIDA,FL,1,0,1,111,0,GRAHAM,28,3,March,2010,1,Sunday,5,45,0,14,4,99998,27.30847500,-80.25944167,43,2,1,10,0,0,1,1
120592,FLORIDA,FL,4,0,6,11,2468,BULLOCK,2,4,April,2010,6,Friday,22,57,0,13,3,99998,25.99458333,-80.24760278,12,3,0,1,0,0,2,2
120593,FLORIDA,FL,1,0,1,31,1510,COFFEE,2,4,April,2010,6,Friday,2,14,0,14,3,99998,30.19921944,-81.61988056,33,3,0,1,0,0,1,1
120594,FLORIDA,FL,1,0,1,86,0,AVENTURA,3,4,April,2010,7,Saturday,18,29,0,13,3,99998,25.83986389,-80.30994167,41,1,0,1,0,0,1,1
120595,FLORIDA,FL,2,0,2,53,0,ATMORE,5,4,April,2010,2,Monday,11,12,1,13,3,99998,28.52313333,-82.56050833,12,1,0,1,0,0,1,0
120596,FLORIDA,FL,1,1,1,83,0,ARDMORE,9,4,April,2010,6,Friday,1,45,0,13,2,99998,28.97937778,-82.04136111,8,2,0,2,0,0,1,0
120597,FLORIDA,FL,1,0,2,73,0,ARGO,10,4,April,2010,7,Saturday,16,45,0,6,4,0,30.34247222,-84.68879722,1,1,0,1,0,0,1,0
120598,FLORIDA,FL,1,1,1,86,0,AVENTURA,10,4,April,2010,7,Saturday,21,9,0,6,4,0,25.60870833,-80.51514167,8,2,0,1,0,0,1,0
120599,FLORIDA,FL,1,1,1,103,3010,DANVILLE,14,4,April,2010,4,Wednesday,20,25,0,14,3,99998,27.75584167,-82.76396944,8,3,0,1,0,0,1,0
120600,FLORIDA,FL,1,0,2,127,0,BURNWELL,15,4,April,2010,5,Thursday,17,44,1,1,1,99998,28.91069444,-80.93407778,42,1,0,10,0,0,1,0
120601,FLORIDA,FL,2,0,2,31,1510,COFFEE,16,4,April,2010,6,Friday,13,40,0,14,3,99998,30.40380556,-81.50683611,12,1,0,1,0,0,1,0
120602,FLORIDA,FL,1,0,2,86,0,AVENTURA,17,4,April,2010,7,Saturday,5,23,1,12,3,99998,25.65406389,-80.38131111,18,3,0,10,0,0,1,1
120603,FLORIDA,FL,1,0,3,131,0,ARLINGTON,17,4,April,2010,7,Saturday,15,40,0,4,3,99998,30.68408056,-85.93641389,42,1,0,1,0,0,1,0
120604,FLORIDA,FL,1,0,3,53,0,ATMORE,18,4,April,2010,1,Sunday,18,11,0,6,4,0,28.45900556,-82.37063611,32,1,0,2,0,0,2,1
120605,FLORIDA,FL,2,0,3,71,0,BRIDGEPORT,20,4,April,2010,3,Tuesday,21,28,0,13,2,99998,26.68896944,-81.90122222,12,3,0,10,0,0,2,1
120606,FLORIDA,FL,1,1,2,117,0,BIRMINGHAM,21,4,April,2010,4,Wednesday,0,53,0,13,3,99998,28.81163611,-81.32126944,8,2,0,2,0,0,1,0
120607,FLORIDA,FL,1,0,1,35,0,BROOKLYN,21,4,April,2010,4,Wednesday,6,15,0,2,2,99998,29.40783611,-81.19851389,59,2,0,10,0,0,1,0
120608,FLORIDA,FL,2,0,3,21,0,CHILTON,23,4,April,2010,6,Friday,9,42,0,14,3,99998,25.98228611,-81.70294444,12,1,0,1,0,0,1,0
120609,FLORIDA,FL,1,0,3,63,0,BOLIGEE,23,4,April,2010,6,Friday,5,10,0,3,2,99998,30.74076111,-85.14686944,32,2,0,5,0,0,1,0
120610,FLORIDA,FL,2,0,2,53,0,ATMORE,23,4,April,2010,6,Friday,23,31,1,2,2,99998,28.53663889,-82.34042778,12,2,0,1,0,0,1,1
120611,FLORIDA,FL,1,0,1,119,0,BELLAMY,24,4,April,2010,7,Saturday,14,21,9,99,4,99998,28.95424167,-82.00294722,18,1,0,1,0,0,1,1
120612,FLORIDA,FL,2,0,10,105,0,MARION,24,4,April,2010,7,Saturday,16,5,0,3,3,99998,28.33650278,-81.83199722,12,1,0,1,0,0,1,0
120613,FLORIDA,FL,2,0,3,105,0,MARION,24,4,April,2010,7,Saturday,12,20,1,13,2,99998,28.32841389,-81.67058333,12,1,0,1,0,0,1,0
120615,FLORIDA,FL,1,0,1,87,0,ARMSTRONG,7,2,February,2010,1,Sunday,0,3,1,13,2,99998,24.66637500,-81.50035000,42,2,0,1,0,0,1,1
120616,FLORIDA,FL,2,0,3,15,0,ANNISTON,5,3,March,2010,6,Friday,22,12,0,14,3,99998,26.94105000,-82.34921389,12,3,0,1,0,0,1,0
120617,FLORIDA,FL,2,0,3,57,0,BANKSTON,26,4,April,2010,2,Monday,17,44,0,6,4,0,27.71324444,-82.44480833,12,1,0,1,0,0,2,0
120618,FLORIDA,FL,1,1,1,127,0,BURNWELL,19,4,April,2010,2,Monday,20,19,0,13,3,99998,29.31984722,-81.05361111,8,3,0,1,0,0,1,0
120619,FLORIDA,FL,1,1,1,86,0,AVENTURA,4,4,April,2010,1,Sunday,1,55,0,6,4,0,25.77225000,-80.36470278,8,3,0,1,0,0,1,0
120620,FLORIDA,FL,2,0,2,31,1510,COFFEE,20,4,April,2010,3,Tuesday,6,43,0,14,3,99998,30.28115833,-81.75526389,12,4,0,1,0,0,1,1
120621,FLORIDA,FL,1,0,1,83,2270,ARDMORE,21,4,April,2010,4,Wednesday,22,30,0,16,6,0,28.98608889,-82.16251111,33,3,0,10,0,0,1,1
120622,FLORIDA,FL,3,0,4,99,1190,BEATRICE,22,4,April,2010,5,Thursday,15,45,0,12,6,99998,26.60818333,-80.14683056,12,1,0,1,0,0,1,0