ST_CASE,State Name,State Abbreviation,VE_TOTAL,Pedestrains,Total_Persons_in_accident,COUNTY,CITY,City_County_Name,Calendar_DAY,MONTH,Month_Name,YEAR,DAY_WEEK,Day_Week_desc,HOUR,MINUTE,NHS_Desc,trafficway,ROUTE,MILEPT,LATITUDE,LONGITUD,First_Crash_event,Light_cond_desc,Weather_condition,WEATHER,SCH_BUS,Crash_cause,FATALS,DRUNK_DR
120951,FLORIDA,FL,3,0,7,95,2360,ALBERTVILLE,1,6,June,2010,3,Tuesday,22,3,1,11,1,99998,28.49633611,-81.44823889,12,3,0,2,0,0,1,0
120952,FLORIDA,FL,1,1,2,57,2950,BANKSTON,5,6,June,2010,7,Saturday,3,2,0,13,3,99998,27.94475833,-82.50151389,8,3,0,1,0,0,1,0
120953,FLORIDA,FL,2,0,2,115,0,ASHVILLE,6,6,June,2010,1,Sunday,22,12,0,13,2,99998,27.19162778,-82.48831111,12,3,0,1,0,0,1,0
120954,FLORIDA,FL,2,0,4,109,1300,ANSLEY,8,6,June,2010,3,Tuesday,7,45,1,3,3,99998,29.72530278,-81.48260556,12,1,0,10,0,0,1,0
120955,FLORIDA,FL,2,0,2,69,0,ASHFORD,12,6,June,2010,7,Saturday,5,20,0,3,3,99998,29.12713889,-81.62108056,12,1,0,1,0,0,1,0
120957,FLORIDA,FL,1,0,2,121,0,BON AIR,12,6,June,2010,7,Saturday,19,24,0,6,4,0,30.03857500,-82.94496944,42,1,0,10,0,0,1,1
120958,FLORIDA,FL,1,0,1,71,0,BRIDGEPORT,13,6,June,2010,1,Sunday,2,46,0,6,4,0,26.67127222,-81.71409444,34,2,0,1,0,0,1,1
120959,FLORIDA,FL,2,0,6,75,0,BEAVERTON,15,6,June,2010,3,Tuesday,8,40,1,2,2,99998,29.47466389,-82.82296944,12,1,0,1,0,0,1,1
120960,FLORIDA,FL,1,0,1,75,0,BEAVERTON,15,6,June,2010,3,Tuesday,14,58,0,3,3,99998,29.37476944,-82.47246667,30,1,0,1,0,0,1,0
120961,FLORIDA,FL,2,0,3,85,2438,BENTON,16,6,June,2010,4,Wednesday,5,41,0,16,6,0,27.15460000,-80.26969722,12,2,0,1,0,0,1,0
120962,FLORIDA,FL,1,1,1,83,0,ARDMORE,17,6,June,2010,5,Thursday,3,10,0,6,4,0,29.04213889,-81.97159167,8,2,0,10,0,0,1,0
120963,FLORIDA,FL,2,0,2,131,0,ARLINGTON,17,6,June,2010,5,Thursday,21,24,0,3,2,99998,30.74612222,-86.21894444,12,2,0,1,0,0,1,0
120964,FLORIDA,FL,2,0,2,101,0,BOYLSTON,18,6,June,2010,6,Friday,21,16,1,1,1,99998,28.36868889,-82.31948333,12,2,0,10,0,0,1,0
120965,FLORIDA,FL,1,0,5,61,0,BELLWOOD,19,6,June,2010,7,Saturday,12,35,1,2,3,99998,27.55949167,-80.73226111,1,1,0,10,0,0,1,0
120966,FLORIDA,FL,1,0,1,59,0,FRANKLIN,20,6,June,2010,1,Sunday,2,30,0,6,4,0,30.80530278,-85.86549167,1,2,0,1,0,0,1,1
120967,FLORIDA,FL,1,1,2,33,0,CHEROKEE,20,6,June,2010,1,Sunday,3,7,0,6,4,0,30.51989167,-87.32663889,8,2,0,10,0,0,1,1
120968,FLORIDA,FL,1,0,1,127,0,BURNWELL,20,6,June,2010,1,Sunday,18,45,1,1,1,99998,29.06324444,-81.18902778,42,1,0,10,0,0,1,1
120969,FLORIDA,FL,2,0,4,119,0,BELLAMY,20,6,June,2010,1,Sunday,17,0,0,3,3,99998,28.43178889,-82.05516944,12,1,0,10,0,0,2,0
120970,FLORIDA,FL,2,0,2,115,0,ASHVILLE,18,6,June,2010,6,Friday,19,25,0,6,4,0,27.33540833,-82.31676111,12,1,0,10,0,0,2,0
120971,FLORIDA,FL,2,1,1,71,457,BRIDGEPORT,12,4,April,2010,2,Monday,6,28,0,16,6,0,26.57318611,-81.99082778,8,4,0,1,0,0,1,0
120972,FLORIDA,FL,2,0,2,86,0,AVENTURA,3,6,June,2010,5,Thursday,15,12,0,14,3,99998,25.76856667,-80.28805000,12,1,0,10,1,0,1,0
120973,FLORIDA,FL,1,0,1,57,0,BANKSTON,9,6,June,2010,4,Wednesday,9,48,0,6,4,0,27.89376389,-82.28446389,33,1,0,1,0,0,1,0
120974,FLORIDA,FL,1,0,1,57,0,BANKSTON,10,6,June,2010,5,Thursday,19,21,0,6,4,0,27.78956111,-82.28071111,34,1,0,1,0,0,1,1
120975,FLORIDA,FL,1,0,6,49,0,COLLINSVILLE,13,6,June,2010,1,Sunday,11,40,1,2,2,99998,27.47601667,-81.79801944,24,1,0,1,0,0,1,0
120976,FLORIDA,FL,1,0,1,9,1896,BLOUNT,21,6,June,2010,2,Monday,14,34,1,1,1,99998,27.95362222,-80.60960278,24,1,0,1,0,0,1,0
120977,FLORIDA,FL,2,0,3,11,1050,BULLOCK,22,6,June,2010,3,Tuesday,20,24,0,14,3,99998,26.10761389,-80.14008611,12,5,0,1,0,0,1,0
120978,FLORIDA,FL,1,0,2,9,3000,BLOUNT,5,3,March,2010,6,Friday,0,1,0,14,3,99998,28.55440278,-80.84658056,30,3,0,1,0,0,1,1
120979,FLORIDA,FL,1,1,1,103,1770,DANVILLE,8,3,March,2010,2,Monday,5,11,0,16,6,0,27.90010000,-82.82475556,8,2,0,1,0,0,1,0
120980,FLORIDA,FL,1,1,1,73,2940,ARGO,23,3,March,2010,3,Tuesday,7,51,0,13,3,99998,30.44103611,-84.32594444,8,1,0,1,0,0,1,0
120981,FLORIDA,FL,2,0,6,105,0,MARION,6,4,April,2010,3,Tuesday,19,4,0,13,2,99998,28.04782222,-81.91636667,12,5,0,1,0,0,1,1
120982,FLORIDA,FL,2,0,2,105,0,MARION,18,5,May,2010,3,Tuesday,8,25,1,2,3,99998,27.80620278,-81.31601667,12,1,0,5,0,0,1,0
120983,FLORIDA,FL,1,1,1,86,1340,AVENTURA,2,6,June,2010,4,Wednesday,21,1,0,13,3,99998,25.84802222,-80.26639444,9,3,0,10,0,0,1,0
120984,FLORIDA,FL,2,0,2,103,570,DANVILLE,4,6,June,2010,6,Friday,16,42,0,13,3,99998,27.96097500,-82.79434167,33,1,0,1,0,0,1,1
120985,FLORIDA,FL,2,0,3,57,0,BANKSTON,5,6,June,2010,7,Saturday,22,57,0,6,4,0,28.05492778,-82.09707222,12,2,0,1,0,0,1,1
120986,FLORIDA,FL,1,1,1,127,780,BURNWELL,7,6,June,2010,2,Monday,23,25,0,13,2,99998,29.22171111,-81.02868056,8,3,0,1,0,0,1,0
120987,FLORIDA,FL,1,0,1,86,2441,AVENTURA,9,6,June,2010,4,Wednesday,1,35,0,16,6,0,25.61145833,-80.31028889,24,2,0,10,0,0,1,0
120988,FLORIDA,FL,2,0,2,103,2530,DANVILLE,11,6,June,2010,6,Friday,6,13,1,13,2,99998,27.85049722,-82.69163333,12,3,0,1,0,0,1,0
120989,FLORIDA,FL,1,1,1,103,570,DANVILLE,15,6,June,2010,3,Tuesday,22,23,0,13,3,99998,27.96063333,-82.76873333,8,3,0,1,0,0,1,0
120990,FLORIDA,FL,3,0,3,11,2468,BULLOCK,18,6,June,2010,6,Friday,10,40,0,14,6,99998,26.00145556,-80.26348333,12,1,0,10,0,0,1,0
120991,FLORIDA,FL,8,0,17,103,570,DANVILLE,19,6,June,2010,7,Saturday,18,13,1,13,2,99998,27.94035556,-82.73019444,12,1,0,10,0,0,2,0
120992,FLORIDA,FL,1,0,1,86,2010,AVENTURA,20,6,June,2010,1,Sunday,13,21,0,16,6,0,25.81273611,-80.22084444,59,1,0,1,0,0,1,1
120993,FLORIDA,FL,1,0,1,127,2375,BURNWELL,20,6,June,2010,1,Sunday,13,29,0,16,6,0,29.34050278,-81.08378889,24,1,0,1,0,0,1,0
120994,FLORIDA,FL,2,0,5,7,0,BIBB,11,6,June,2010,6,Friday,10,45,0,14,3,99998,29.77604444,-82.04983611,12,1,0,1,0,0,1,0
120995,FLORIDA,FL,1,1,2,95,0,ALBERTVILLE,23,6,June,2010,4,Wednesday,2,38,0,6,4,0,28.37266111,-81.36657500,9,3,0,1,0,0,1,1
120996,FLORIDA,FL,4,0,6,11,672,BULLOCK,5,6,June,2010,7,Saturday,11,27,0,14,6,99998,26.28684444,-80.24586389,12,1,0,10,0,0,1,0
120997,FLORIDA,FL,2,0,6,105,1690,MARION,23,5,May,2010,1,Sunday,22,19,0,14,3,99998,28.06235278,-81.97515000,12,3,0,1,0,0,1,1
120998,FLORIDA,FL,1,0,2,49,0,COLLINSVILLE,30,5,May,2010,1,Sunday,4,55,0,2,3,99998,27.49890833,-81.81691944,1,2,0,1,0,0,2,1
120999,FLORIDA,FL,1,1,2,11,672,BULLOCK,2,6,June,2010,4,Wednesday,23,10,0,13,3,99998,26.23750556,-80.25489167,8,3,0,1,0,0,1,0
121000,FLORIDA,FL,1,0,1,31,1510,COFFEE,11,6,June,2010,6,Friday,13,9,1,11,1,99998,30.26918056,-81.52011944,3,1,0,1,0,0,1,0
121004,FLORIDA,FL,1,0,1,69,0,ASHFORD,16,6,June,2010,4,Wednesday,13,24,0,6,4,0,28.82911667,-81.51706111,42,1,0,10,0,0,1,0
121005,FLORIDA,FL,1,1,2,95,0,ALBERTVILLE,16,6,June,2010,4,Wednesday,17,27,0,2,3,99998,28.53689722,-81.00766667,8,1,0,10,0,0,1,0
121006,FLORIDA,FL,2,0,4,109,0,ANSLEY,17,6,June,2010,5,Thursday,23,23,0,2,2,99998,30.09544722,-81.46931389,12,2,0,10,0,0,1,0
121007,FLORIDA,FL,2,0,3,85,0,BENTON,18,6,June,2010,6,Friday,0,20,0,14,6,99998,27.16305278,-80.24230556,12,2,0,1,0,0,1,2
121008,FLORIDA,FL,2,0,2,86,2230,AVENTURA,18,6,June,2010,6,Friday,3,30,1,11,1,99998,25.94710000,-80.18543889,12,3,0,1,0,0,2,2
121009,FLORIDA,FL,1,0,2,7,0,BIBB,20,6,June,2010,1,Sunday,3,30,0,6,4,0,30.03011389,-82.08168056,42,2,0,1,0,0,1,1
121010,FLORIDA,FL,1,1,2,95,0,ALBERTVILLE,21,6,June,2010,2,Monday,21,0,0,13,3,99998,28.55539722,-81.11216667,8,2,0,1,0,0,1,0
121011,FLORIDA,FL,1,0,4,83,0,ARDMORE,21,6,June,2010,2,Monday,4,5,0,2,2,99998,29.39838889,-82.20028889,24,2,0,1,0,0,1,1
121012,FLORIDA,FL,1,1,1,69,0,ASHFORD,21,6,June,2010,2,Monday,6,54,0,6,4,0,28.73131389,-81.65968889,8,2,0,1,0,0,1,1
121013,FLORIDA,FL,2,0,2,9,0,BLOUNT,21,6,June,2010,2,Monday,10,25,0,13,3,99998,28.40018056,-80.70530278,12,1,0,1,0,0,1,0
121014,FLORIDA,FL,1,0,2,31,1510,COFFEE,22,6,June,2010,3,Tuesday,9,25,1,11,1,99998,30.19250556,-81.72866111,30,1,0,1,0,0,2,0
121015,FLORIDA,FL,2,0,6,99,330,BEATRICE,23,6,June,2010,4,Wednesday,15,12,1,11,1,99998,26.52369444,-80.07265000,12,1,0,10,0,0,1,0
121016,FLORIDA,FL,1,0,1,103,0,DANVILLE,24,6,June,2010,5,Thursday,0,16,1,11,1,99998,27.77718333,-82.65598333,26,3,0,1,0,0,1,1
121017,FLORIDA,FL,1,0,7,15,0,ANNISTON,25,6,June,2010,6,Friday,21,30,1,11,1,99998,26.92630833,-82.01509722,1,2,0,10,0,0,1,0
121018,FLORIDA,FL,1,0,1,113,0,COTTONTON,26,6,June,2010,7,Saturday,16,9,0,14,3,99998,30.72256111,-87.04482778,42,1,0,1,0,0,1,1
121019,FLORIDA,FL,1,0,1,83,0,ARDMORE,26,6,June,2010,7,Saturday,16,50,0,6,4,0,29.15655556,-82.49537500,35,1,0,10,0,0,1,1
121020,FLORIDA,FL,3,0,5,1,0,AUTAUGA,26,6,June,2010,7,Saturday,13,4,1,11,1,99998,29.66785278,-82.42578611,12,1,0,10,0,0,1,0
121021,FLORIDA,FL,2,0,3,33,0,CHEROKEE,27,6,June,2010,1,Sunday,20,41,0,13,2,99998,30.43644444,-87.27826667,12,3,0,1,0,0,1,1
121022,FLORIDA,FL,1,0,1,1,0,AUTAUGA,30,6,June,2010,4,Wednesday,15,0,0,3,3,99998,29.53978611,-82.40075556,42,1,0,10,0,0,1,0
121023,FLORIDA,FL,1,0,2,71,0,BRIDGEPORT,22,6,June,2010,3,Tuesday,3,0,0,3,3,99998,26.52066667,-81.57238056,1,2,0,1,0,0,1,0
121024,FLORIDA,FL,1,1,1,31,1510,COFFEE,25,6,June,2010,6,Friday,20,13,0,16,6,0,30.32489444,-81.70547778,9,3,0,10,0,0,1,1
121025,FLORIDA,FL,1,0,1,127,1410,BURNWELL,17,1,January,2010,1,Sunday,16,12,0,16,6,0,29.24526111,-81.03626111,30,1,0,1,0,0,1,0
121026,FLORIDA,FL,1,1,2,115,2780,ASHVILLE,25,1,January,2010,2,Monday,7,0,0,13,2,99998,27.34036944,-82.53099722,8,3,0,1,0,0,1,0
121027,FLORIDA,FL,3,0,3,99,330,BEATRICE,2,2,February,2010,3,Tuesday,16,45,0,13,3,99998,26.52879722,-80.07946389,12,1,0,10,0,0,1,0
121028,FLORIDA,FL,1,0,1,71,0,BRIDGEPORT,25,2,February,2010,5,Thursday,8,21,0,16,6,0,26.65988056,-81.92084444,3,1,0,1,0,0,1,1
121029,FLORIDA,FL,2,0,3,113,2070,COTTONTON,27,2,February,2010,7,Saturday,19,15,0,14,3,99998,30.62322222,-87.05633056,12,3,0,1,0,0,1,1
121030,FLORIDA,FL,2,0,2,86,2010,AVENTURA,25,3,March,2010,5,Thursday,5,15,0,6,4,0,25.83177222,-80.22286111,12,3,0,1,0,0,1,0
121031,FLORIDA,FL,1,0,1,127,0,BURNWELL,3,7,July,2010,7,Saturday,5,55,0,16,6,0,29.04476944,-81.26058889,30,4,0,1,0,0,1,1
121032,FLORIDA,FL,2,0,3,86,0,AVENTURA,6,6,June,2010,1,Sunday,12,10,0,13,2,99998,25.75049444,-80.20401944,12,1,0,1,0,0,1,0
121033,FLORIDA,FL,2,0,5,57,0,BANKSTON,19,6,June,2010,7,Saturday,18,3,0,6,4,0,28.08083889,-82.55062222,12,1,0,10,0,0,1,0
121034,FLORIDA,FL,2,0,2,69,0,ASHFORD,26,5,May,2010,4,Wednesday,6,15,0,6,4,0,28.88704167,-81.89147222,12,4,0,1,0,0,1,0
121035,FLORIDA,FL,2,0,2,5,1850,BAKER HILL,9,6,June,2010,4,Wednesday,13,9,0,14,3,99998,30.23761667,-85.64994167,12,1,0,1,0,0,1,0
121036,FLORIDA,FL,2,0,4,79,0,COURTLAND,11,6,June,2010,6,Friday,20,42,1,1,1,99998,30.43113611,-83.58980278,12,2,0,1,0,0,1,0
121037,FLORIDA,FL,4,1,2,101,0,BOYLSTON,14,6,June,2010,2,Monday,18,30,0,6,4,0,28.17416111,-82.74361944,12,1,0,1,0,0,1,0
121038,FLORIDA,FL,2,0,2,95,0,ALBERTVILLE,16,6,June,2010,4,Wednesday,12,56,0,13,3,99998,28.69343889,-81.55665278,12,1,0,1,0,0,1,0
121039,FLORIDA,FL,2,0,2,89,0,BROWNSBORO,19,6,June,2010,7,Saturday,2,30,1,2,3,99998,30.60385278,-81.75048611,12,2,0,1,0,0,1,0
121040,FLORIDA,FL,2,0,4,86,2220,AVENTURA,19,6,June,2010,7,Saturday,23,30,1,11,1,99998,25.90762222,-80.21026111,12,3,0,10,0,0,1,1
121041,FLORIDA,FL,1,1,9,105,1740,MARION,21,6,June,2010,2,Monday,5,45,1,13,3,99998,27.90283333,-81.60933333,8,3,0,1,0,0,1,0
121042,FLORIDA,FL,1,0,1,33,1867,CHEROKEE,21,6,June,2010,2,Monday,2,50,0,6,4,0,30.92622222,-87.38065556,42,2,0,1,0,0,1,1
121043,FLORIDA,FL,2,0,1,87,1568,ARMSTRONG,22,6,June,2010,3,Tuesday,22,22,1,13,2,99998,25.11791111,-80.41885278,14,3,0,1,0,0,1,0
121044,FLORIDA,FL,1,0,1,83,0,ARDMORE,24,6,June,2010,5,Thursday,0,5,0,2,2,99998,29.46825833,-82.22328889,42,2,0,1,0,0,1,1
121045,FLORIDA,FL,2,0,2,95,3310,ALBERTVILLE,24,6,June,2010,5,Thursday,12,46,0,13,3,99998,28.59342222,-81.38515000,12,1,0,10,0,0,1,0
121046,FLORIDA,FL,1,0,3,95,0,ALBERTVILLE,24,6,June,2010,5,Thursday,18,3,1,2,3,99998,28.45148611,-81.10504444,59,1,0,1,0,0,1,0
121047,FLORIDA,FL,1,0,2,57,0,BANKSTON,25,6,June,2010,6,Friday,15,7,0,13,2,99998,27.74077500,-82.33523333,34,1,0,1,0,0,1,0
121048,FLORIDA,FL,1,0,2,101,0,BOYLSTON,26,6,June,2010,7,Saturday,2,50,0,6,4,0,28.29053333,-82.18480556,34,2,0,10,0,0,1,1
121049,FLORIDA,FL,1,0,1,37,60,BRADFORD,26,6,June,2010,7,Saturday,1,55,0,16,6,0,29.71670833,-84.99439722,53,3,0,1,0,0,1,1
121050,FLORIDA,FL,1,0,3,83,0,ARDMORE,26,6,June,2010,7,Saturday,18,2,1,11,1,99998,29.00362500,-82.14975556,24,1,0,1,0,0,1,0
121051,FLORIDA,FL,1,0,5,99,1750,BEATRICE,26,6,June,2010,7,Saturday,6,57,1,11,1,99998,26.63060833,-80.06733611,34,4,0,10,0,0,2,0
121052,FLORIDA,FL,1,0,3,53,0,ATMORE,27,6,June,2010,1,Sunday,8,13,1,1,1,99998,28.54386111,-82.23676111,24,1,0,1,0,0,1,1
121053,FLORIDA,FL,1,0,1,87,0,ARMSTRONG,27,6,June,2010,1,Sunday,0,41,0,16,6,0,24.98787222,-80.55029167,1,2,0,1,0,0,1,1
121054,FLORIDA,FL,1,1,1,95,0,ALBERTVILLE,28,6,June,2010,2,Monday,22,20,0,13,3,99998,28.56116111,-81.31083056,8,2,0,1,0,0,1,0
121055,FLORIDA,FL,2,0,5,93,0,BEAR CREEK,30,6,June,2010,4,Wednesday,11,10,0,2,2,99998,27.28978333,-80.82813333,54,1,0,1,0,0,1,0
121056,FLORIDA,FL,2,0,4,113,0,COTTONTON,3,7,July,2010,7,Saturday,21,50,0,14,2,99998,30.59324722,-87.17403333,12,2,0,1,0,0,1,1
121057,FLORIDA,FL,1,1,1,69,0,ASHFORD,4,7,July,2010,1,Sunday,22,16,0,2,3,99998,28.57675000,-81.92601111,8,2,0,10,0,0,1,0
121058,FLORIDA,FL,1,0,6,9,3073,BLOUNT,4,7,July,2010,1,Sunday,18,10,1,11,1,99998,28.24303333,-80.72233611,1,1,0,2,0,0,1,0
121059,FLORIDA,FL,2,0,5,9,0,BLOUNT,4,7,July,2010,1,Sunday,14,33,1,11,1,99998,28.50448333,-80.84079444,1,1,0,2,0,0,3,0
121060,FLORIDA,FL,2,0,4,73,2940,ARGO,2,5,May,2010,1,Sunday,13,57,0,13,2,99998,30.38712778,-84.23536389,12,8,0,98,0,0,1,0
121061,FLORIDA,FL,3,0,4,105,0,MARION,11,5,May,2010,3,Tuesday,19,40,0,13,2,99998,28.00586111,-81.90538611,12,1,0,1,0,0,1,0
121062,FLORIDA,FL,1,0,3,99,1760,BEATRICE,14,5,May,2010,6,Friday,16,49,0,16,6,0,26.57777500,-80.06128611,5,1,0,1,0,0,1,0
121063,FLORIDA,FL,2,0,3,86,0,AVENTURA,15,5,May,2010,7,Saturday,4,57,0,6,4,0,25.56586667,-80.42940556,12,2,0,1,0,0,1,0
121064,FLORIDA,FL,1,0,1,105,0,MARION,27,5,May,2010,5,Thursday,11,40,1,1,1,99998,28.22292222,-81.66309167,1,1,0,1,0,0,1,0
121065,FLORIDA,FL,1,0,1,101,0,BOYLSTON,28,5,May,2010,6,Friday,22,23,0,6,4,0,28.28836667,-82.16175000,1,2,0,2,0,0,1,1
121066,FLORIDA,FL,1,1,1,55,130,ATTALLA,25,1,January,2010,2,Monday,19,33,1,13,2,99998,27.60665278,-81.51437500,8,3,0,1,0,0,1,0
121067,FLORIDA,FL,1,0,1,99,0,BEATRICE,19,2,February,2010,6,Friday,12,50,9,99,9,99998,26.53083333,-80.12494444,1,1,0,1,0,0,1,0
121068,FLORIDA,FL,1,0,1,33,0,CHEROKEE,21,2,February,2010,1,Sunday,1,42,0,16,6,0,30.45939444,-87.18792500,30,3,0,1,0,0,1,1
121069,FLORIDA,FL,1,1,1,86,1340,AVENTURA,28,2,February,2010,1,Sunday,22,44,0,13,3,99998,25.86655556,-80.30683056,8,3,0,1,0,0,1,0
121070,FLORIDA,FL,1,0,3,11,2916,BULLOCK,27,3,March,2010,7,Saturday,0,55,0,13,3,99998,26.16980556,-80.31649722,33,3,0,1,0,0,1,0
121071,FLORIDA,FL,1,0,1,86,2010,AVENTURA,2,4,April,2010,6,Friday,23,40,0,16,6,0,25.94536944,-80.26161667,33,3,0,1,0,0,1,0
121072,FLORIDA,FL,2,0,2,105,0,MARION,19,4,April,2010,2,Monday,18,0,0,13,2,99998,27.94500833,-81.79673333,1,1,0,10,0,0,1,0
121073,FLORIDA,FL,2,0,3,81,340,AUBURN,5,5,May,2010,4,Wednesday,23,33,0,16,6,0,27.48480278,-82.60370556,12,2,0,1,0,0,1,0
121074,FLORIDA,FL,2,0,3,105,0,MARION,15,5,May,2010,7,Saturday,22,19,1,13,2,99998,28.21212778,-81.63998889,12,2,0,1,0,0,1,0
121075,FLORIDA,FL,1,1,2,11,2916,BULLOCK,16,5,May,2010,1,Sunday,1,1,0,13,3,99998,26.17040278,-80.25622222,8,3,0,1,0,0,1,0
121076,FLORIDA,FL,2,0,4,9,3175,BLOUNT,22,5,May,2010,7,Saturday,22,2,1,13,2,99998,28.07890833,-80.67259722,12,3,0,1,0,0,1,0
121077,FLORIDA,FL,2,0,4,86,0,AVENTURA,12,6,June,2010,7,Saturday,18,0,0,13,2,99998,25.78390278,-80.17469722,24,1,0,1,0,0,1,1
121078,FLORIDA,FL,2,0,2,99,0,BEATRICE,18,6,June,2010,6,Friday,13,51,0,14,3,99998,26.61724722,-80.08258611,12,1,0,1,0,0,1,0
121079,FLORIDA,FL,1,1,1,99,0,BEATRICE,20,6,June,2010,1,Sunday,2,8,0,13,3,99998,26.68722778,-80.11186389,8,2,0,10,0,0,1,0
121080,FLORIDA,FL,1,0,1,86,0,AVENTURA,22,6,June,2010,3,Tuesday,4,39,0,6,4,0,25.97410556,-80.15525278,30,3,0,1,0,0,1,0
121081,FLORIDA,FL,2,1,2,87,1580,ARMSTRONG,8,7,July,2010,5,Thursday,22,47,1,13,2,99998,24.57060556,-81.75279722,9,2,0,10,0,0,1,0
121082,FLORIDA,FL,3,0,2,11,0,BULLOCK,3,4,April,2010,7,Saturday,3,20,1,1,1,99998,26.06236389,-80.16401111,12,3,0,10,0,0,1,0
121083,FLORIDA,FL,2,0,4,31,0,COFFEE,20,5,May,2010,5,Thursday,18,28,0,6,4,0,30.30961667,-82.00864722,24,1,0,1,0,0,1,0
121084,FLORIDA,FL,2,0,2,15,0,ANNISTON,6,7,July,2010,3,Tuesday,13,35,0,6,4,0,27.00530833,-82.13526389,12,1,0,10,0,0,1,1
121085,FLORIDA,FL,1,1,1,69,0,ASHFORD,16,6,June,2010,4,Wednesday,22,50,0,2,2,99998,28.34693056,-81.66620000,8,3,0,1,0,0,1,1
121087,FLORIDA,FL,1,0,1,83,0,ARDMORE,23,6,June,2010,4,Wednesday,21,35,0,6,4,0,29.30942500,-82.24686111,34,2,0,1,0,0,1,1
121088,FLORIDA,FL,2,0,2,19,0,CEDAR BLUFF,24,6,June,2010,5,Thursday,10,15,0,6,4,0,30.10215278,-81.71991944,12,1,0,1,0,0,1,0
121089,FLORIDA,FL,1,0,1,5,0,BAKER HILL,26,6,June,2010,7,Saturday,1,26,1,13,3,99998,30.30665278,-85.65044444,1,2,0,10,0,0,1,1
121090,FLORIDA,FL,1,0,7,53,0,ATMORE,1,7,July,2010,5,Thursday,17,25,0,6,4,0,28.49718056,-82.15709167,1,1,0,10,0,0,1,0
121091,FLORIDA,FL,1,0,2,23,0,BLADON SPRINGS,5,7,July,2010,2,Monday,22,40,0,6,4,0,30.09528611,-82.51027778,38,2,0,1,0,0,1,0
121092,FLORIDA,FL,1,0,1,11,2570,BULLOCK,5,7,July,2010,2,Monday,20,0,1,11,1,99998,26.25685278,-80.13548611,1,2,0,10,0,0,1,0
121093,FLORIDA,FL,1,1,1,91,0,DAYTON,6,7,July,2010,3,Tuesday,14,30,1,2,3,99998,30.48710278,-86.41949722,8,1,0,2,0,0,1,0
121094,FLORIDA,FL,2,0,10,23,0,BLADON SPRINGS,8,7,July,2010,5,Thursday,8,30,1,1,1,99998,30.26237222,-82.73627778,12,1,0,1,0,0,2,0
121095,FLORIDA,FL,1,0,1,5,0,BAKER HILL,8,7,July,2010,5,Thursday,16,43,0,6,4,0,30.17840278,-85.77715556,59,1,0,1,0,0,1,0
121096,FLORIDA,FL,1,1,1,86,0,AVENTURA,10,7,July,2010,7,Saturday,23,15,0,14,3,99998,25.57229722,-80.37225833,8,3,0,10,0,0,1,0
121098,FLORIDA,FL,3,0,5,43,0,BAILEYTON,10,7,July,2010,7,Saturday,8,30,1,2,3,99998,26.91741667,-81.32208611,12,1,0,1,0,0,1,0
121099,FLORIDA,FL,2,0,7,21,0,CHILTON,10,7,July,2010,7,Saturday,16,36,0,2,2,99998,25.89824167,-81.28672500,12,1,0,1,0,0,1,0
121100,FLORIDA,FL,1,1,2,9,0,BLOUNT,11,7,July,2010,1,Sunday,20,55,0,13,3,99998,28.31633889,-80.61010000,8,3,0,1,0,0,1,0
121101,FLORIDA,FL,2,0,6,3,0,BALDWIN,11,7,July,2010,1,Sunday,3,20,0,3,2,99998,30.21294444,-82.38613056,12,2,0,10,0,0,1,2
121102,FLORIDA,FL,2,0,3,9,2005,BLOUNT,13,7,July,2010,3,Tuesday,17,21,0,16,6,0,28.34682222,-80.66505556,12,1,0,1,0,0,1,0
121103,FLORIDA,FL,2,0,3,99,1190,BEATRICE,26,4,April,2010,2,Monday,16,5,0,16,6,0,26.62877778,-80.12493056,12,1,0,1,0,0,1,0
121104,FLORIDA,FL,2,0,2,103,2730,DANVILLE,11,5,May,2010,3,Tuesday,14,49,0,13,2,99998,27.77375556,-82.67934722,12,1,0,1,0,0,1,0
121105,FLORIDA,FL,1,0,3,71,457,BRIDGEPORT,11,6,June,2010,6,Friday,19,58,0,16,6,0,26.71541111,-81.92380833,42,1,0,1,0,0,1,1
121106,FLORIDA,FL,2,0,3,89,0,BROWNSBORO,2,7,July,2010,6,Friday,12,30,0,6,4,0,30.55428333,-81.90066389,12,1,0,2,0,0,1,0
121107,FLORIDA,FL,2,0,4,125,0,BROOKWOOD,2,7,July,2010,6,Friday,20,58,0,6,4,0,29.95080000,-82.50715000,12,2,0,10,0,0,1,0
121108,FLORIDA,FL,4,0,8,91,835,DAYTON,3,7,July,2010,7,Saturday,13,15,1,13,2,99998,30.38566944,-86.46088056,12,1,0,1,0,0,1,0
121109,FLORIDA,FL,1,0,1,127,0,BURNWELL,3,7,July,2010,7,Saturday,7,20,1,1,1,99998,29.10293889,-81.15062500,42,1,0,10,0,0,1,0
121110,FLORIDA,FL,2,0,2,85,0,BENTON,4,7,July,2010,1,Sunday,5,4,1,1,1,99998,26.98723333,-80.18852222,12,2,0,10,0,0,1,1
121111,FLORIDA,FL,1,0,1,111,0,GRAHAM,6,7,July,2010,3,Tuesday,21,55,0,13,2,99998,27.51314444,-80.35182778,1,2,0,1,0,0,1,0
121112,FLORIDA,FL,2,0,2,95,0,ALBERTVILLE,8,7,July,2010,5,Thursday,9,2,0,14,3,99998,28.54664722,-81.28588611,12,1,0,1,0,0,1,0
121113,FLORIDA,FL,1,1,1,101,0,BOYLSTON,9,7,July,2010,6,Friday,23,21,0,6,4,0,28.27220278,-82.70735278,8,2,0,1,0,0,1,0