ST_CASE,State Name,State Abbreviation,VE_TOTAL,Pedestrains,Total_Persons_in_accident,COUNTY,CITY,City_County_Name,Calendar_DAY,MONTH,Month_Name,YEAR,DAY_WEEK,Day_Week_desc,HOUR,MINUTE,NHS_Desc,trafficway,ROUTE,MILEPT,LATITUDE,LONGITUD,First_Crash_event,Light_cond_desc,Weather_condition,WEATHER,SCH_BUS,Crash_cause,FATALS,DRUNK_DR
121114,FLORIDA,FL,1,1,1,11,1050,BULLOCK,16,1,January,2010,7,Saturday,12,53,0,16,6,0,26.13108333,-80.15953611,8,1,0,1,0,0,1,0
121115,FLORIDA,FL,1,0,2,11,790,BULLOCK,29,1,January,2010,6,Friday,15,3,0,14,3,99998,26.31772222,-80.15288056,42,1,0,1,0,0,1,0
121116,FLORIDA,FL,1,1,1,57,0,BANKSTON,25,5,May,2010,3,Tuesday,13,32,0,6,4,0,28.04000278,-82.50890000,8,1,0,10,0,0,1,0
121117,FLORIDA,FL,1,1,1,86,1340,AVENTURA,1,6,June,2010,3,Tuesday,23,9,0,16,6,0,25.86250833,-80.31475556,8,3,0,10,0,0,1,0
121118,FLORIDA,FL,2,0,3,86,0,AVENTURA,8,6,June,2010,3,Tuesday,6,5,0,14,3,99998,25.77258056,-80.41741389,12,4,0,1,0,0,1,1
121119,FLORIDA,FL,2,0,2,86,0,AVENTURA,9,6,June,2010,4,Wednesday,21,11,0,6,4,0,25.64108611,-80.41482778,12,3,0,1,0,0,1,0
121120,FLORIDA,FL,1,1,3,99,0,BEATRICE,23,6,June,2010,4,Wednesday,8,35,0,13,3,99998,26.70705833,-80.11527222,8,1,0,1,0,0,1,0
121121,FLORIDA,FL,1,1,1,11,2260,BULLOCK,24,6,June,2010,5,Thursday,22,58,0,14,3,99998,26.17614444,-80.13305278,9,3,0,1,0,0,1,0
121122,FLORIDA,FL,1,0,1,69,580,ASHFORD,25,6,June,2010,6,Friday,23,57,0,16,3,0,28.54538056,-81.76252500,42,3,0,1,0,0,1,1
121123,FLORIDA,FL,2,0,4,11,672,BULLOCK,27,6,June,2010,1,Sunday,5,29,0,14,6,99998,26.23547222,-80.24907222,12,3,0,1,0,0,1,0
121124,FLORIDA,FL,2,0,3,57,0,BANKSTON,2,7,July,2010,6,Friday,9,27,0,6,4,0,28.08303333,-82.32285833,12,1,0,2,0,0,1,0
121125,FLORIDA,FL,1,0,1,31,1510,COFFEE,4,7,July,2010,1,Sunday,3,0,0,16,6,0,30.29183333,-81.45898889,38,3,0,10,0,0,1,0
121126,FLORIDA,FL,1,1,1,86,2010,AVENTURA,15,7,July,2010,5,Thursday,21,20,0,16,6,0,25.77869722,-80.26849444,8,3,0,10,0,0,1,0
121127,FLORIDA,FL,2,0,3,31,1510,COFFEE,19,6,June,2010,7,Saturday,22,55,1,11,1,99998,30.19741389,-81.74108333,1,3,0,1,0,0,1,0
121128,FLORIDA,FL,1,0,1,57,2950,BANKSTON,5,6,June,2010,7,Saturday,16,5,0,14,3,99998,27.99126667,-82.43480000,30,1,0,1,0,0,1,0
121129,FLORIDA,FL,1,1,1,31,1510,COFFEE,22,6,June,2010,3,Tuesday,6,0,0,16,6,0,30.46126944,-81.59186389,8,3,0,10,0,0,1,0
121130,FLORIDA,FL,3,0,5,57,0,BANKSTON,4,7,July,2010,1,Sunday,23,17,0,6,4,0,28.12821389,-82.54330556,12,2,0,10,0,0,1,1
121131,FLORIDA,FL,1,1,1,57,0,BANKSTON,5,7,July,2010,2,Monday,4,37,0,6,4,0,27.90824444,-82.36866944,8,2,0,2,0,0,1,0
121132,FLORIDA,FL,1,1,1,31,1510,COFFEE,10,7,July,2010,7,Saturday,20,45,0,16,6,0,30.48305833,-81.57672778,9,2,0,1,0,0,1,0
121133,FLORIDA,FL,1,0,1,57,0,BANKSTON,13,7,July,2010,3,Tuesday,14,49,0,6,4,0,27.92903889,-82.32001111,34,1,0,1,0,0,1,0
121134,FLORIDA,FL,2,0,3,11,2916,BULLOCK,3,2,February,2010,4,Wednesday,16,46,0,14,6,99998,26.16846944,-80.29615000,12,1,0,10,0,0,1,0
121135,FLORIDA,FL,1,1,1,11,1050,BULLOCK,3,3,March,2010,4,Wednesday,20,4,0,14,3,99998,26.10461111,-80.19702778,8,3,0,1,0,0,1,0
121136,FLORIDA,FL,2,0,3,111,2601,GRAHAM,21,3,March,2010,1,Sunday,18,35,0,13,2,99998,27.27110000,-80.28847500,12,5,0,2,0,0,1,0
121137,FLORIDA,FL,1,1,1,11,1050,BULLOCK,31,3,March,2010,4,Wednesday,12,45,0,15,6,99998,26.11911667,-80.14135833,8,1,0,1,0,0,1,0
121138,FLORIDA,FL,1,1,1,91,710,DAYTON,6,4,April,2010,3,Tuesday,22,24,0,13,3,99998,30.75123889,-86.56380000,8,3,0,10,0,0,1,0
121139,FLORIDA,FL,7,0,7,111,1080,GRAHAM,16,4,April,2010,6,Friday,15,4,0,13,2,99998,27.40630000,-80.32588889,12,1,0,2,0,0,1,0
121140,FLORIDA,FL,1,1,1,11,1050,BULLOCK,18,4,April,2010,1,Sunday,21,38,0,14,3,99998,26.10840278,-80.10714444,8,3,0,2,0,0,1,0
121141,FLORIDA,FL,2,0,3,81,340,AUBURN,27,4,April,2010,3,Tuesday,18,53,0,16,6,0,27.49827222,-82.56121111,12,5,0,1,0,0,1,0
121142,FLORIDA,FL,1,0,1,31,1510,COFFEE,9,6,June,2010,4,Wednesday,16,49,1,11,1,99998,30.46006667,-81.65448889,42,1,0,1,0,0,1,0
121143,FLORIDA,FL,2,0,4,5,0,BAKER HILL,21,6,June,2010,2,Monday,13,41,0,6,4,0,30.22354444,-85.60726667,12,1,0,2,0,0,1,0
121144,FLORIDA,FL,2,0,3,37,0,BRADFORD,22,6,June,2010,3,Tuesday,12,55,0,6,4,0,29.73140278,-85.01213056,12,1,0,10,0,0,1,0
121145,FLORIDA,FL,2,0,5,69,1820,ASHFORD,8,5,May,2010,7,Saturday,12,10,0,13,2,99998,28.79720000,-81.88767222,12,1,0,1,0,0,1,0
121146,FLORIDA,FL,1,1,1,11,1280,BULLOCK,17,6,June,2010,5,Thursday,20,25,0,13,3,0,25.98615000,-80.12456667,9,5,0,1,0,0,1,0
121147,FLORIDA,FL,1,0,1,11,2916,BULLOCK,2,7,July,2010,6,Friday,22,20,0,13,3,99998,26.16501389,-80.24076667,33,2,0,10,0,0,1,0
121148,FLORIDA,FL,2,0,2,86,0,AVENTURA,7,7,July,2010,4,Wednesday,15,48,0,6,4,0,25.85035833,-80.22147500,12,1,0,1,0,0,1,0
121149,FLORIDA,FL,4,0,14,95,2360,ALBERTVILLE,16,7,July,2010,6,Friday,0,13,0,13,3,99998,28.49863056,-81.31033611,12,3,0,1,0,0,1,1
121150,FLORIDA,FL,2,0,3,1,1130,AUTAUGA,17,7,July,2010,7,Saturday,2,47,0,13,2,99998,29.63344167,-82.33945000,12,3,0,1,0,0,1,1
121151,FLORIDA,FL,3,0,4,86,0,AVENTURA,6,7,July,2010,3,Tuesday,19,28,0,16,6,0,25.76911667,-80.34788333,12,1,0,1,0,0,2,0
121152,FLORIDA,FL,2,0,3,17,0,CHAMBERS,15,5,May,2010,7,Saturday,15,16,0,6,4,0,28.74159444,-82.27374722,12,1,0,1,0,0,1,0
121153,FLORIDA,FL,3,0,4,86,3180,AVENTURA,1,7,July,2010,5,Thursday,13,0,0,16,6,0,25.75597500,-80.29766389,12,1,0,1,0,0,1,0
121154,FLORIDA,FL,1,0,1,83,0,ARDMORE,3,7,July,2010,7,Saturday,7,29,1,1,1,99998,29.38097500,-82.23323889,1,1,0,10,0,0,1,0
121155,FLORIDA,FL,1,0,1,101,0,BOYLSTON,12,7,July,2010,2,Monday,16,30,0,2,2,99998,28.18620833,-82.20616944,1,1,0,1,0,0,1,0
121156,FLORIDA,FL,2,0,2,33,0,CHEROKEE,19,7,July,2010,2,Monday,16,42,0,14,3,99998,30.40889444,-87.31763889,12,1,0,1,0,0,1,0
121157,FLORIDA,FL,2,0,5,103,1880,DANVILLE,10,3,March,2010,4,Wednesday,19,15,0,14,3,99998,27.79840556,-82.79800000,12,3,0,10,0,0,1,0
121158,FLORIDA,FL,1,1,1,99,2660,BEATRICE,19,3,March,2010,6,Friday,22,2,1,13,3,99998,26.78307500,-80.09206944,33,3,0,1,0,0,1,0
121159,FLORIDA,FL,1,0,1,71,1070,BRIDGEPORT,9,5,May,2010,1,Sunday,0,33,0,16,6,0,26.63340000,-81.88073889,25,3,0,1,0,0,1,0
121160,FLORIDA,FL,2,0,2,33,520,CHEROKEE,14,5,May,2010,6,Friday,14,35,1,2,2,99998,30.98141111,-87.25752778,12,1,0,1,0,0,1,0
121161,FLORIDA,FL,1,1,2,86,0,AVENTURA,25,5,May,2010,3,Tuesday,5,48,0,6,4,0,25.71248889,-80.43100278,8,2,0,1,0,0,1,0
121162,FLORIDA,FL,2,0,2,101,0,BOYLSTON,11,6,June,2010,6,Friday,9,25,0,3,2,99998,28.40055000,-82.48133889,12,1,0,1,0,0,1,0
121163,FLORIDA,FL,1,0,1,86,0,AVENTURA,11,6,June,2010,6,Friday,19,10,0,6,4,0,25.70916111,-80.41876944,1,1,0,1,0,0,1,0
121164,FLORIDA,FL,2,0,3,17,1445,CHAMBERS,22,6,June,2010,3,Tuesday,6,30,1,13,2,99998,28.78248333,-82.55865556,12,4,0,1,0,0,1,0
121165,FLORIDA,FL,1,0,3,105,0,MARION,25,6,June,2010,6,Friday,12,25,0,6,4,0,28.03310000,-82.00107222,52,1,0,10,0,0,1,0
121166,FLORIDA,FL,2,0,3,41,0,BRANTLEY,3,7,July,2010,7,Saturday,10,49,0,3,2,99998,29.79607500,-82.86686944,12,1,0,1,0,0,1,0
121167,FLORIDA,FL,1,1,1,31,1510,COFFEE,7,7,July,2010,4,Wednesday,17,20,0,16,6,0,30.46370833,-81.54558056,9,1,0,1,0,0,1,0
121168,FLORIDA,FL,1,0,2,131,0,ARLINGTON,8,7,July,2010,5,Thursday,20,55,1,1,1,99998,30.69540556,-86.14746944,1,2,0,1,0,0,1,0
121169,FLORIDA,FL,2,0,2,109,0,ANSLEY,8,7,July,2010,5,Thursday,14,38,0,6,4,0,29.81662778,-81.34414167,12,1,0,1,0,0,1,0
121170,FLORIDA,FL,2,0,3,86,0,AVENTURA,10,7,July,2010,7,Saturday,15,10,0,13,3,99998,25.88280833,-80.24316389,12,1,0,2,0,0,1,0
121171,FLORIDA,FL,1,0,1,86,0,AVENTURA,10,7,July,2010,7,Saturday,3,35,1,11,1,99998,25.78188056,-80.33056111,34,3,0,10,0,0,1,1
121172,FLORIDA,FL,2,0,5,39,0,ANDALUSIA,11,7,July,2010,1,Sunday,12,40,0,4,3,99998,30.50553056,-84.60898056,12,1,0,1,0,0,2,0
121173,FLORIDA,FL,1,1,2,81,0,AUBURN,11,7,July,2010,1,Sunday,2,20,0,6,4,0,27.46073889,-82.55538889,8,2,0,1,0,0,1,0
121174,FLORIDA,FL,1,1,3,97,0,AXIS,12,7,July,2010,2,Monday,21,13,0,6,4,0,28.33606111,-81.30003333,8,2,0,1,0,0,1,0
121175,FLORIDA,FL,2,0,2,117,0,BIRMINGHAM,12,7,July,2010,2,Monday,20,5,0,6,4,0,28.69953889,-81.44399722,12,5,0,1,0,0,1,0
121176,FLORIDA,FL,2,0,2,105,0,MARION,12,7,July,2010,2,Monday,15,15,0,13,2,99998,28.18656667,-81.99760556,12,1,0,1,0,0,1,0
121177,FLORIDA,FL,2,0,2,17,0,CHAMBERS,12,7,July,2010,2,Monday,21,0,0,6,4,0,28.90251944,-82.44737778,12,2,0,1,0,0,1,0
121178,FLORIDA,FL,2,0,2,71,1823,BRIDGEPORT,13,7,July,2010,3,Tuesday,17,21,0,3,3,99998,26.57993889,-81.70957778,12,1,0,2,0,0,1,0
121179,FLORIDA,FL,1,0,2,75,0,BEAVERTON,13,7,July,2010,3,Tuesday,14,0,1,2,2,99998,29.04795278,-82.66264167,1,1,0,1,0,0,2,0
121180,FLORIDA,FL,1,1,2,107,0,CARROLLTON,13,7,July,2010,3,Tuesday,1,30,0,13,2,99998,29.58303889,-81.61473889,8,2,0,1,0,0,1,0
121181,FLORIDA,FL,4,0,4,121,0,BON AIR,14,7,July,2010,4,Wednesday,9,33,0,3,2,99998,30.25778611,-82.90544722,12,1,0,1,0,0,1,0
121182,FLORIDA,FL,1,1,2,103,0,DANVILLE,14,7,July,2010,4,Wednesday,1,34,0,13,3,99998,27.89444722,-82.75158056,8,2,0,10,0,0,1,0
121183,FLORIDA,FL,2,0,2,3,0,BALDWIN,14,7,July,2010,4,Wednesday,16,16,0,3,2,99998,30.23945556,-82.30250278,12,1,0,10,0,0,1,0
121184,FLORIDA,FL,3,0,6,83,0,ARDMORE,15,7,July,2010,5,Thursday,21,35,0,14,3,99998,29.08893611,-82.05352500,12,2,0,10,0,0,1,1
121185,FLORIDA,FL,1,1,1,95,0,ALBERTVILLE,15,7,July,2010,5,Thursday,22,15,0,13,2,99998,28.50178889,-81.39711389,8,3,0,1,0,0,1,0
121186,FLORIDA,FL,2,1,6,95,0,ALBERTVILLE,15,7,July,2010,5,Thursday,22,43,0,13,2,99998,28.64498611,-81.46032778,8,2,0,1,0,0,1,0
121187,FLORIDA,FL,2,0,2,69,0,ASHFORD,15,7,July,2010,5,Thursday,17,19,0,3,3,99998,28.85147222,-81.55546111,12,1,0,2,0,0,1,0
121188,FLORIDA,FL,1,0,1,19,0,CEDAR BLUFF,16,7,July,2010,6,Friday,11,34,0,13,3,99998,30.17504444,-81.74501944,19,1,0,1,0,0,1,0
121189,FLORIDA,FL,1,0,1,113,0,COTTONTON,17,7,July,2010,7,Saturday,13,42,1,1,1,99998,30.63335833,-86.92521667,35,1,0,2,0,0,1,0
121190,FLORIDA,FL,1,0,9,115,2235,ASHVILLE,17,7,July,2010,7,Saturday,21,40,1,1,1,99998,27.09947778,-82.23584167,1,2,0,1,0,0,1,0
121191,FLORIDA,FL,1,1,1,127,0,BURNWELL,18,7,July,2010,1,Sunday,15,18,9,99,9,99998,29.21885000,-81.02941111,8,1,0,1,0,0,1,0
121192,FLORIDA,FL,3,0,9,127,780,BURNWELL,18,7,July,2010,1,Sunday,1,22,1,11,1,99998,29.17578889,-81.08718056,12,2,0,1,0,0,1,1
121193,FLORIDA,FL,2,0,7,89,0,BROWNSBORO,18,7,July,2010,1,Sunday,22,50,0,2,2,99998,30.51083056,-81.79326111,12,2,0,1,0,0,1,0
121194,FLORIDA,FL,1,1,2,83,0,ARDMORE,19,7,July,2010,2,Monday,13,40,1,13,2,99998,29.21000000,-82.19000000,15,1,0,1,0,0,1,0
121195,FLORIDA,FL,2,0,5,107,2420,CARROLLTON,19,7,July,2010,2,Monday,18,45,1,14,3,99998,29.65832500,-81.66844167,12,1,0,1,0,0,1,0
121196,FLORIDA,FL,2,0,2,15,0,ANNISTON,19,7,July,2010,2,Monday,13,20,0,6,4,0,26.89497500,-82.01137222,12,1,0,10,0,0,1,0
121197,FLORIDA,FL,1,0,1,93,0,BEAR CREEK,20,7,July,2010,3,Tuesday,4,30,1,2,3,99998,27.26200278,-80.74320278,52,2,0,1,0,0,1,0
121198,FLORIDA,FL,2,0,2,67,0,ABBEVILLE,20,7,July,2010,3,Tuesday,8,25,0,3,3,99998,30.09899722,-83.17173056,12,1,0,1,0,0,1,0
121199,FLORIDA,FL,1,0,1,33,0,CHEROKEE,20,7,July,2010,3,Tuesday,21,5,0,6,4,0,30.55843889,-87.33996111,1,2,0,1,0,0,1,0
121200,FLORIDA,FL,1,0,1,23,0,BLADON SPRINGS,21,7,July,2010,4,Wednesday,11,30,0,6,4,0,29.87133056,-82.65393333,32,1,0,1,0,0,1,0
121201,FLORIDA,FL,3,0,3,11,3193,BULLOCK,21,7,July,2010,4,Wednesday,2,53,1,11,1,99998,26.12548056,-80.36039167,12,2,0,10,0,0,1,1
121202,FLORIDA,FL,1,0,1,27,0,ASHLAND,22,7,July,2010,5,Thursday,23,11,0,6,4,0,27.06139167,-82.02570833,30,3,0,1,0,0,1,1
121203,FLORIDA,FL,1,0,7,1,0,AUTAUGA,22,7,July,2010,5,Thursday,14,49,1,11,1,99998,29.63827222,-82.34275278,1,1,0,1,0,0,1,0
121204,FLORIDA,FL,2,1,4,127,0,BURNWELL,23,7,July,2010,6,Friday,21,6,0,14,3,99998,29.07983056,-81.30527222,8,3,0,1,0,0,1,0
121205,FLORIDA,FL,1,0,1,91,0,DAYTON,23,7,July,2010,6,Friday,4,25,1,13,3,99998,30.46198056,-86.56465278,1,2,0,1,0,0,1,0
121206,FLORIDA,FL,2,0,2,33,0,CHEROKEE,23,7,July,2010,6,Friday,14,0,0,3,2,99998,30.52236944,-87.44261667,12,1,0,10,0,0,1,0
121207,FLORIDA,FL,1,0,1,37,0,BRADFORD,23,7,July,2010,6,Friday,8,11,0,2,2,99998,29.72063333,-85.10838889,42,1,0,10,0,0,1,1
121208,FLORIDA,FL,1,0,1,101,0,BOYLSTON,23,7,July,2010,6,Friday,20,5,0,13,3,99998,28.18996111,-82.61411667,58,5,0,10,0,0,1,1
121209,FLORIDA,FL,2,0,2,11,3193,BULLOCK,24,7,July,2010,7,Saturday,3,0,1,11,1,99998,26.09260556,-80.36311389,12,3,0,2,0,0,1,1
121210,FLORIDA,FL,1,0,3,7,0,BIBB,24,7,July,2010,7,Saturday,0,40,0,6,4,0,29.94576944,-82.18546944,1,2,0,10,0,0,1,1
121211,FLORIDA,FL,2,0,2,9,0,BLOUNT,25,7,July,2010,1,Sunday,3,55,1,11,1,99998,28.31082500,-80.76228889,12,2,0,10,0,0,1,1
121212,FLORIDA,FL,1,0,2,87,1568,ARMSTRONG,25,7,July,2010,1,Sunday,13,5,1,13,2,99998,25.07036944,-80.46725556,30,1,0,2,0,0,2,1
121213,FLORIDA,FL,3,0,3,101,0,BOYLSTON,12,7,July,2010,2,Monday,14,30,0,13,3,99998,28.33121389,-82.69118056,12,1,0,10,0,0,1,0
121214,FLORIDA,FL,1,0,2,11,2876,BULLOCK,12,7,July,2010,2,Monday,16,50,0,16,4,0,26.05135833,-80.37791944,5,1,0,1,0,0,1,0
121215,FLORIDA,FL,2,0,3,111,2601,GRAHAM,26,3,March,2010,6,Friday,22,19,0,14,6,99998,27.29655833,-80.36777500,12,3,0,1,0,0,1,0
121216,FLORIDA,FL,2,0,3,103,2873,DANVILLE,10,4,April,2010,7,Saturday,11,40,0,16,6,0,27.75795833,-82.72430556,12,1,0,1,0,0,1,0
121217,FLORIDA,FL,1,1,1,127,787,BURNWELL,1,6,June,2010,3,Tuesday,16,10,0,16,6,0,28.89017500,-81.33174722,8,1,0,10,0,0,1,0
121218,FLORIDA,FL,1,1,2,69,2970,ASHFORD,5,7,July,2010,2,Monday,3,25,0,16,6,0,28.81765556,-81.70430278,8,2,0,10,0,0,1,0
121219,FLORIDA,FL,2,0,3,9,620,BLOUNT,10,7,July,2010,7,Saturday,12,6,1,12,3,99998,28.37440000,-80.80458333,12,1,0,1,0,0,1,0
121220,FLORIDA,FL,2,0,3,103,2730,DANVILLE,15,3,March,2010,2,Monday,13,40,0,16,6,0,27.77086944,-82.73163056,12,1,0,1,0,0,1,1
121221,FLORIDA,FL,1,1,1,71,312,BRIDGEPORT,10,6,June,2010,5,Thursday,15,9,0,16,6,0,26.33790556,-81.75819444,15,1,0,1,0,0,1,0
121222,FLORIDA,FL,1,1,2,117,0,BIRMINGHAM,13,7,July,2010,3,Tuesday,8,25,0,6,4,0,28.65625278,-81.23680556,8,1,0,1,0,0,1,0
121223,FLORIDA,FL,2,0,2,101,750,BOYLSTON,28,6,June,2010,2,Monday,13,8,0,13,3,99998,28.35450833,-82.20468611,12,1,0,1,0,0,1,0
121224,FLORIDA,FL,2,0,2,11,2083,BULLOCK,6,7,July,2010,3,Tuesday,19,49,0,16,6,0,25.98228056,-80.34011389,12,5,0,1,0,0,1,0
121225,FLORIDA,FL,1,0,1,15,2620,ANNISTON,14,7,July,2010,4,Wednesday,2,0,0,16,6,0,26.93169722,-82.04417778,34,3,0,1,0,0,1,1
121226,FLORIDA,FL,1,1,1,101,0,BOYLSTON,15,7,July,2010,5,Thursday,23,40,0,13,3,99998,28.21711944,-82.71989444,8,3,0,1,0,0,1,0
121227,FLORIDA,FL,1,1,1,86,0,AVENTURA,23,7,July,2010,6,Friday,6,42,0,13,2,99998,25.76106389,-80.40983333,8,4,0,2,0,0,1,0
121228,FLORIDA,FL,1,0,4,61,0,BELLWOOD,23,7,July,2010,6,Friday,9,36,1,1,1,99998,27.73862778,-80.54897778,1,1,0,10,0,0,2,0
121229,FLORIDA,FL,2,0,8,53,0,ATMORE,24,7,July,2010,7,Saturday,20,40,0,6,4,0,28.56315278,-82.17474167,12,5,0,10,0,0,2,0
121230,FLORIDA,FL,1,1,3,61,0,BELLWOOD,25,7,July,2010,1,Sunday,0,13,0,6,4,0,27.75262778,-80.52598611,8,3,0,1,0,0,1,0
121232,FLORIDA,FL,2,0,6,81,0,AUBURN,26,7,July,2010,2,Monday,22,30,0,6,4,0,27.57547222,-82.51747500,12,2,0,1,0,0,1,0
121233,FLORIDA,FL,1,0,6,61,0,BELLWOOD,27,7,July,2010,3,Tuesday,18,49,1,1,1,99998,27.73832500,-80.54856111,1,1,0,1,0,0,1,0
121235,FLORIDA,FL,1,1,1,101,0,BOYLSTON,29,7,July,2010,5,Thursday,9,50,1,13,2,99998,28.33565833,-82.69907500,8,1,0,1,0,0,1,0
121236,FLORIDA,FL,1,0,1,95,0,ALBERTVILLE,30,7,July,2010,6,Friday,4,15,0,6,4,0,28.60703889,-81.52578889,42,2,0,1,0,0,1,0
121237,FLORIDA,FL,2,0,2,67,0,ABBEVILLE,30,7,July,2010,6,Friday,11,18,0,2,2,99998,30.05092222,-83.08647500,12,1,0,1,0,0,1,0
121238,FLORIDA,FL,2,0,7,9,3000,BLOUNT,30,7,July,2010,6,Friday,16,0,1,11,1,99998,28.62547778,-80.85331944,12,1,0,10,0,0,1,0
121239,FLORIDA,FL,1,0,1,113,0,COTTONTON,30,7,July,2010,6,Friday,3,44,0,6,4,0,30.59820278,-87.16108611,19,2,0,1,0,0,1,1
121240,FLORIDA,FL,1,1,1,109,0,ANSLEY,31,7,July,2010,7,Saturday,0,50,0,2,3,99998,29.92075833,-81.41638333,8,2,0,1,0,0,1,0
121241,FLORIDA,FL,1,0,9,81,0,AUBURN,31,7,July,2010,7,Saturday,7,36,1,11,1,99998,27.53259167,-82.50938333,59,1,0,1,0,0,2,0
121242,FLORIDA,FL,1,0,1,81,0,AUBURN,31,7,July,2010,7,Saturday,20,29,0,6,4,0,27.43515556,-82.53546667,1,5,0,1,0,0,1,0
121243,FLORIDA,FL,1,0,1,86,1566,AVENTURA,31,7,July,2010,7,Saturday,3,35,0,12,3,99998,25.69494444,-80.34339444,42,3,0,1,0,0,1,1
121244,FLORIDA,FL,1,0,1,55,0,ATTALLA,1,8,August,2010,1,Sunday,10,15,0,6,4,0,27.39427778,-81.40074167,42,1,0,1,0,0,1,1
121245,FLORIDA,FL,1,1,1,99,0,BEATRICE,6,6,June,2010,1,Sunday,19,5,9,99,9,99998,26.36786944,-80.18474444,8,1,0,2,0,0,1,0
121246,FLORIDA,FL,4,0,4,1,10,AUTAUGA,2,3,March,2010,3,Tuesday,18,43,0,2,2,99998,29.80285278,-82.51988333,12,3,0,10,0,0,3,0
121247,FLORIDA,FL,1,0,1,69,0,ASHFORD,22,5,May,2010,7,Saturday,14,50,0,16,6,0,28.92653889,-81.52601944,1,1,0,1,0,0,1,1
121248,FLORIDA,FL,3,0,6,111,2601,GRAHAM,23,5,May,2010,1,Sunday,17,43,0,16,6,0,27.28914444,-80.33805000,12,1,0,1,0,0,1,0
121249,FLORIDA,FL,2,0,2,85,2438,BENTON,25,5,May,2010,3,Tuesday,15,2,0,13,3,99998,27.17228333,-80.26652778,12,1,0,1,0,0,1,0
121250,FLORIDA,FL,1,0,1,11,1280,BULLOCK,30,5,May,2010,1,Sunday,4,25,0,16,6,0,25.98212500,-80.13156667,25,3,0,1,0,0,1,1
121251,FLORIDA,FL,2,0,2,105,120,MARION,29,6,June,2010,3,Tuesday,11,35,0,14,3,99998,28.09943056,-81.78930833,12,1,0,1,0,0,1,0
121252,FLORIDA,FL,1,1,1,125,0,BROOKWOOD,19,7,July,2010,2,Monday,2,10,0,3,3,99998,30.01079167,-82.29980556,8,2,0,1,0,0,1,0
121253,FLORIDA,FL,1,1,1,99,0,BEATRICE,25,7,July,2010,1,Sunday,4,34,0,13,3,99998,26.73387778,-80.10990278,8,3,0,1,0,0,1,0
121254,FLORIDA,FL,1,1,1,57,0,BANKSTON,26,7,July,2010,2,Monday,13,6,0,6,4,0,27.97692222,-82.31060000,9,1,0,1,0,0,1,0
121255,FLORIDA,FL,1,0,1,11,2541,BULLOCK,27,7,July,2010,3,Tuesday,12,27,0,16,6,0,26.14596111,-80.29315000,42,1,0,1,0,0,1,0
121256,FLORIDA,FL,1,1,1,11,2570,BULLOCK,28,7,July,2010,4,Wednesday,21,51,0,13,3,99998,26.27520000,-80.10974167,8,3,0,1,0,0,1,0
121257,FLORIDA,FL,1,0,3,123,0,ALEXANDER CITY,28,7,July,2010,4,Wednesday,22,0,0,2,2,99998,30.14286389,-83.81585556,1,2,0,1,0,0,1,1
121258,FLORIDA,FL,2,0,2,3,1860,BALDWIN,29,7,July,2010,5,Thursday,23,51,0,14,3,99998,30.27643333,-82.12251389,12,2,0,1,0,0,1,1
121259,FLORIDA,FL,3,0,4,11,2468,BULLOCK,31,7,July,2010,7,Saturday,7,10,1,13,2,99998,26.01514167,-80.43258889,12,4,0,1,0,0,2,0
121260,FLORIDA,FL,2,0,2,85,2900,BENTON,3,7,July,2010,7,Saturday,20,19,0,13,2,99998,27.18331111,-80.24216667,12,3,0,2,0,0,1,0
121262,FLORIDA,FL,1,0,1,11,2916,BULLOCK,4,7,July,2010,1,Sunday,3,36,1,11,3,99998,26.17573611,-80.31158333,59,3,0,2,0,0,1,0
121263,FLORIDA,FL,1,1,1,57,2950,BANKSTON,29,7,July,2010,5,Thursday,6,0,0,16,6,0,27.94315278,-82.46391111,9,4,0,1,0,0,1,0
121264,FLORIDA,FL,1,0,1,9,630,BLOUNT,30,7,July,2010,6,Friday,2,15,0,16,6,0,28.33700833,-80.61364167,42,2,0,1,0,0,1,1
121265,FLORIDA,FL,1,0,1,69,0,ASHFORD,4,8,August,2010,4,Wednesday,2,40,0,6,4,0,28.88263889,-81.72300833,30,2,0,1,0,0,1,1
121266,FLORIDA,FL,2,0,2,127,2580,BURNWELL,28,3,March,2010,1,Sunday,0,37,0,13,2,99998,29.14313889,-80.98739167,12,3,0,1,0,0,1,0
121267,FLORIDA,FL,1,0,1,86,1340,AVENTURA,8,7,July,2010,5,Thursday,9,44,1,13,2,99998,25.82154167,-80.27871111,41,1,0,2,0,0,1,0
121268,FLORIDA,FL,2,0,4,86,2010,AVENTURA,5,8,August,2010,5,Thursday,14,10,0,14,2,99998,25.80862222,-80.25648611,12,1,0,1,0,0,2,0
121269,FLORIDA,FL,1,0,2,111,2601,GRAHAM,19,3,March,2010,6,Friday,2,41,0,16,6,0,27.34142222,-80.38360000,24,3,0,1,0,0,1,1
121270,FLORIDA,FL,1,0,4,105,0,MARION,23,4,April,2010,6,Friday,18,40,0,6,4,0,28.12617222,-81.93066944,5,1,0,1,0,0,1,0
121271,FLORIDA,FL,1,0,1,91,0,DAYTON,8,5,May,2010,7,Saturday,19,0,1,2,3,99998,30.52260278,-86.49493333,1,1,0,1,0,0,1,1
121272,FLORIDA,FL,2,0,3,86,0,AVENTURA,5,6,June,2010,7,Saturday,11,17,0,6,4,0,25.80340556,-80.24414167,12,1,0,1,0,0,1,0
121273,FLORIDA,FL,1,0,1,99,290,BEATRICE,6,6,June,2010,1,Sunday,11,40,0,13,2,99998,26.35052222,-80.08636944,33,1,0,1,0,0,1,0
121274,FLORIDA,FL,2,0,3,11,771,BULLOCK,8,6,June,2010,3,Tuesday,8,41,1,11,1,99998,26.06287500,-80.35026944,12,1,0,1,0,0,1,0