ST_CASE,State Name,State Abbreviation,VE_TOTAL,Pedestrains,Total_Persons_in_accident,COUNTY,CITY,City_County_Name,Calendar_DAY,MONTH,Month_Name,YEAR,DAY_WEEK,Day_Week_desc,HOUR,MINUTE,NHS_Desc,trafficway,ROUTE,MILEPT,LATITUDE,LONGITUD,First_Crash_event,Light_cond_desc,Weather_condition,WEATHER,SCH_BUS,Crash_cause,FATALS,DRUNK_DR
121275,FLORIDA,FL,2,0,2,11,3193,BULLOCK,14,6,June,2010,2,Monday,6,16,1,13,2,99998,26.05254167,-80.43331111,12,4,0,1,0,0,1,0
121276,FLORIDA,FL,1,0,2,127,2375,BURNWELL,22,6,June,2010,3,Tuesday,1,20,0,16,6,0,29.32483333,-81.10063611,42,3,0,1,0,0,1,0
121277,FLORIDA,FL,2,0,2,95,2360,ALBERTVILLE,3,7,July,2010,7,Saturday,16,55,0,13,3,99998,28.55254444,-81.43039722,12,1,0,10,0,0,1,0
121278,FLORIDA,FL,4,0,10,95,0,ALBERTVILLE,5,7,July,2010,2,Monday,14,36,1,11,1,99998,28.59333889,-81.38214722,12,1,0,1,0,0,1,0
121279,FLORIDA,FL,3,0,3,9,1990,BLOUNT,7,7,July,2010,4,Wednesday,13,53,0,13,2,99998,28.17211944,-80.64738333,12,1,0,1,0,0,1,0
121280,FLORIDA,FL,2,0,2,95,2360,ALBERTVILLE,8,7,July,2010,5,Thursday,18,28,0,16,6,0,28.52788056,-81.38473333,12,1,0,1,0,0,1,0
121282,FLORIDA,FL,1,1,1,31,1510,COFFEE,10,7,July,2010,7,Saturday,9,56,0,16,6,0,30.27499167,-81.61328611,8,1,0,1,0,0,1,0
121283,FLORIDA,FL,1,0,2,19,0,CEDAR BLUFF,17,7,July,2010,7,Saturday,4,10,0,3,3,99998,30.06158889,-81.87578889,42,2,0,5,0,0,1,1
121284,FLORIDA,FL,3,0,4,81,0,AUBURN,18,7,July,2010,1,Sunday,12,0,0,6,4,0,27.44053889,-82.57120000,12,1,0,1,0,0,1,0
121285,FLORIDA,FL,2,0,3,131,0,ARLINGTON,26,7,July,2010,2,Monday,12,40,1,2,2,99998,30.66825278,-86.12290278,12,1,0,10,0,0,1,0
121286,FLORIDA,FL,1,1,1,86,1178,AVENTURA,27,7,July,2010,3,Tuesday,22,50,0,14,3,99998,25.56635833,-80.37221944,8,3,0,1,0,0,1,0
121287,FLORIDA,FL,2,0,3,11,1280,BULLOCK,28,7,July,2010,4,Wednesday,23,47,1,11,1,99998,26.12298611,-80.17086944,12,3,0,1,0,0,1,1
121288,FLORIDA,FL,1,0,1,69,0,ASHFORD,29,7,July,2010,5,Thursday,21,10,0,3,3,99998,28.98386944,-81.40120833,1,2,0,1,0,0,1,0
121289,FLORIDA,FL,1,1,1,83,0,ARDMORE,29,7,July,2010,5,Thursday,21,30,0,13,2,99998,28.97470000,-81.97970000,15,2,0,1,0,0,1,0
121290,FLORIDA,FL,2,0,2,11,760,BULLOCK,29,7,July,2010,5,Thursday,0,8,1,11,1,99998,26.05076667,-80.16195278,12,3,0,1,0,0,1,2
121291,FLORIDA,FL,2,0,3,69,0,ASHFORD,29,7,July,2010,5,Thursday,13,41,0,14,3,99998,28.81846389,-81.94567500,12,1,0,1,0,0,1,0
121292,FLORIDA,FL,3,0,8,57,0,BANKSTON,30,7,July,2010,6,Friday,19,9,0,13,3,99998,28.02397222,-82.62929722,12,5,0,1,0,0,1,0
121293,FLORIDA,FL,2,0,2,3,0,BALDWIN,31,7,July,2010,7,Saturday,20,8,0,3,3,99998,30.21674722,-82.15231667,12,5,0,2,0,0,1,1
121294,FLORIDA,FL,1,1,1,95,0,ALBERTVILLE,1,8,August,2010,1,Sunday,20,50,0,13,3,99998,28.55048889,-81.19191111,8,3,0,1,0,0,1,0
121295,FLORIDA,FL,1,0,2,21,0,CHILTON,2,8,August,2010,2,Monday,0,10,0,6,4,0,26.34517500,-81.42902222,35,2,0,1,0,0,1,0
121296,FLORIDA,FL,2,0,2,103,0,DANVILLE,2,8,August,2010,2,Monday,10,55,0,13,3,99998,27.82095278,-82.72858056,12,1,0,1,0,0,1,0
121297,FLORIDA,FL,1,0,1,127,0,BURNWELL,3,8,August,2010,3,Tuesday,0,40,0,6,4,0,28.84630833,-81.08545278,34,2,0,1,0,0,1,0
121298,FLORIDA,FL,1,0,1,7,0,BIBB,3,8,August,2010,3,Tuesday,17,55,0,6,4,0,30.04656667,-82.14002222,52,1,0,10,0,0,1,1
121299,FLORIDA,FL,1,0,1,99,820,BEATRICE,4,8,August,2010,4,Wednesday,8,50,1,11,1,99998,26.43765556,-80.08925833,24,1,0,10,0,0,1,0
121300,FLORIDA,FL,1,0,1,83,0,ARDMORE,4,8,August,2010,4,Wednesday,4,0,0,2,2,99998,29.19748333,-82.43725556,1,2,0,1,0,0,1,1
121301,FLORIDA,FL,2,0,2,57,0,BANKSTON,4,8,August,2010,4,Wednesday,22,55,1,11,1,99998,27.93968889,-82.55414444,12,3,0,1,0,0,1,2
121302,FLORIDA,FL,1,0,1,43,0,BAILEYTON,5,8,August,2010,5,Thursday,18,45,0,3,3,99998,27.11040278,-80.93874722,42,1,0,1,0,0,1,0
121303,FLORIDA,FL,2,0,2,103,0,DANVILLE,6,8,August,2010,6,Friday,21,15,0,6,4,0,28.13126667,-82.69727222,12,3,0,1,0,0,1,1
121305,FLORIDA,FL,1,0,1,33,0,CHEROKEE,7,8,August,2010,7,Saturday,2,50,0,13,2,99998,30.53030000,-87.18865833,41,2,0,10,0,0,1,1
121306,FLORIDA,FL,1,0,1,7,2890,BIBB,7,8,August,2010,7,Saturday,20,52,0,15,3,99998,29.93926944,-82.09134444,42,3,0,10,0,0,1,1
121307,FLORIDA,FL,1,0,2,9,3000,BLOUNT,7,8,August,2010,7,Saturday,23,40,1,11,1,99998,28.62028611,-80.85137778,24,2,0,2,0,0,1,1
121308,FLORIDA,FL,1,0,1,95,0,ALBERTVILLE,7,8,August,2010,7,Saturday,3,8,0,6,4,0,28.52831667,-81.50466944,35,2,0,1,0,0,1,1
121309,FLORIDA,FL,2,0,3,133,0,ARLEY,8,8,August,2010,1,Sunday,10,15,0,3,3,99998,30.59976111,-85.75639722,12,1,0,1,0,0,1,0
121310,FLORIDA,FL,1,0,7,107,0,CARROLLTON,8,8,August,2010,1,Sunday,0,30,0,3,3,99998,29.70557778,-81.78036944,42,2,0,1,0,0,2,0
121311,FLORIDA,FL,2,0,2,121,0,BON AIR,4,8,August,2010,4,Wednesday,14,15,0,6,4,0,30.40770000,-83.08073333,12,1,0,10,0,0,1,0
121312,FLORIDA,FL,3,0,7,95,0,ALBERTVILLE,9,8,August,2010,2,Monday,20,28,0,14,3,99998,28.52020833,-81.28774722,12,3,0,10,0,0,2,0
121313,FLORIDA,FL,1,0,2,127,2375,BURNWELL,18,7,July,2010,1,Sunday,23,56,0,13,2,99998,29.28823889,-81.06507222,42,3,0,1,0,0,1,1
121314,FLORIDA,FL,2,0,3,11,2083,BULLOCK,22,7,July,2010,5,Thursday,16,10,0,13,3,99998,25.97869722,-80.29526389,12,1,0,1,0,0,1,0
121315,FLORIDA,FL,1,0,1,127,2580,BURNWELL,25,7,July,2010,1,Sunday,13,45,0,16,6,0,29.10190278,-80.99375833,5,1,0,1,0,0,1,0
121316,FLORIDA,FL,1,1,1,95,2290,ALBERTVILLE,26,7,July,2010,2,Monday,3,15,0,16,6,0,28.54598333,-81.65221389,8,3,0,10,0,0,1,0
121317,FLORIDA,FL,2,0,2,103,570,DANVILLE,10,7,July,2010,7,Saturday,22,32,0,13,2,99998,27.93891389,-82.78745833,12,3,0,1,0,0,1,1
121318,FLORIDA,FL,1,0,3,15,0,ANNISTON,18,7,July,2010,1,Sunday,15,30,0,16,6,0,26.88288056,-81.99517222,5,1,0,1,0,0,1,0
121319,FLORIDA,FL,2,0,2,86,0,AVENTURA,28,7,July,2010,4,Wednesday,10,45,0,6,4,0,25.91314167,-80.20970278,12,1,0,1,0,0,1,0
121320,FLORIDA,FL,1,1,1,99,2431,BEATRICE,6,8,August,2010,6,Friday,0,52,0,16,6,0,26.80854722,-80.08856111,15,2,0,1,0,0,1,0
121321,FLORIDA,FL,1,0,2,113,0,COTTONTON,8,8,August,2010,1,Sunday,17,47,1,13,2,99998,30.40223056,-86.92824722,53,1,0,1,0,0,1,1
121322,FLORIDA,FL,1,1,1,11,2260,BULLOCK,1,5,May,2010,7,Saturday,0,15,0,13,3,99998,26.17375556,-80.15466944,8,3,0,1,0,0,1,0
121323,FLORIDA,FL,1,1,3,91,710,DAYTON,17,5,May,2010,2,Monday,0,41,0,16,6,0,30.76434167,-86.57641111,8,3,0,10,0,0,1,0
121324,FLORIDA,FL,2,0,2,11,1050,BULLOCK,28,5,May,2010,6,Friday,8,39,0,13,2,99998,26.18515278,-80.11781944,12,1,0,1,0,0,1,0
121325,FLORIDA,FL,1,1,1,86,670,AVENTURA,10,6,June,2010,5,Thursday,20,59,0,16,6,0,25.75154167,-80.26686944,9,3,0,1,0,0,1,0
121326,FLORIDA,FL,2,0,7,101,0,BOYLSTON,25,7,July,2010,1,Sunday,15,48,1,1,1,99998,28.42651389,-82.28150278,12,1,0,1,0,0,2,0
121327,FLORIDA,FL,1,0,1,35,2439,BROOKLYN,1,8,August,2010,1,Sunday,14,0,0,2,2,99998,29.42636111,-81.22146667,33,1,0,10,0,0,1,0
121328,FLORIDA,FL,3,0,3,91,1091,DAYTON,23,6,June,2010,4,Wednesday,22,35,0,16,6,0,30.45875278,-86.61246944,12,3,0,10,0,0,1,1
121329,FLORIDA,FL,1,0,17,97,0,AXIS,17,7,July,2010,7,Saturday,20,1,1,2,3,99998,27.77333056,-80.96335833,1,1,0,1,0,0,1,0
121330,FLORIDA,FL,2,0,4,57,0,BANKSTON,2,8,August,2010,2,Monday,18,11,0,14,3,99998,27.92273889,-82.38504722,12,1,0,1,0,0,1,0
121332,FLORIDA,FL,2,0,4,86,0,AVENTURA,6,8,August,2010,6,Friday,6,45,1,2,3,99998,25.67305278,-80.48132222,12,1,0,10,0,0,1,0
121333,FLORIDA,FL,1,0,2,73,0,ARGO,6,8,August,2010,6,Friday,11,0,0,6,4,0,30.54712778,-84.04536667,42,1,0,1,0,0,1,0
121334,FLORIDA,FL,1,1,2,15,0,ANNISTON,7,8,August,2010,7,Saturday,21,15,0,3,3,99998,26.98166111,-82.20711944,8,3,0,10,0,0,1,1
121336,FLORIDA,FL,2,0,4,115,0,ASHVILLE,8,8,August,2010,1,Sunday,12,29,1,1,1,99998,27.11086111,-82.38298611,12,1,0,2,0,0,1,0
121337,FLORIDA,FL,2,0,2,86,2025,AVENTURA,9,8,August,2010,2,Monday,22,34,1,1,1,99998,25.89853611,-80.33263611,12,3,0,2,0,0,1,0
121338,FLORIDA,FL,2,0,2,86,1566,AVENTURA,9,8,August,2010,2,Monday,14,21,0,13,3,99998,25.68505556,-80.42480278,12,1,0,2,0,0,1,0
121339,FLORIDA,FL,1,1,1,11,1782,BULLOCK,10,8,August,2010,3,Tuesday,5,59,0,15,6,99998,26.17616944,-80.23994167,8,3,0,2,0,0,1,0
121340,FLORIDA,FL,1,1,1,33,0,CHEROKEE,11,8,August,2010,4,Wednesday,0,14,0,15,3,99998,30.35126944,-87.18276389,8,3,0,1,0,0,1,0
121341,FLORIDA,FL,1,0,1,95,0,ALBERTVILLE,11,8,August,2010,4,Wednesday,3,26,0,16,6,0,28.59723611,-81.26251389,1,3,0,1,0,0,1,1
121342,FLORIDA,FL,2,0,5,115,0,ASHVILLE,13,8,August,2010,6,Friday,15,11,0,14,3,99998,27.26913056,-82.45840278,12,1,0,1,0,0,2,0
121343,FLORIDA,FL,1,1,1,95,0,ALBERTVILLE,15,8,August,2010,1,Sunday,4,55,1,12,3,99998,28.42113889,-81.45898056,8,2,0,1,0,0,1,0
121344,FLORIDA,FL,2,0,2,57,0,BANKSTON,16,8,August,2010,2,Monday,16,35,0,13,3,99998,27.79230000,-82.37160000,12,1,0,10,0,0,1,0
121345,FLORIDA,FL,1,1,1,95,0,ALBERTVILLE,16,8,August,2010,2,Monday,1,26,0,13,3,99998,28.56259444,-81.31095000,8,2,0,1,0,0,1,0
121346,FLORIDA,FL,2,0,2,115,2235,ASHVILLE,18,8,August,2010,4,Wednesday,13,53,1,1,1,99998,27.09915833,-82.16471389,12,1,0,1,0,0,1,0
121347,FLORIDA,FL,2,0,4,85,0,BENTON,7,8,August,2010,7,Saturday,16,44,1,1,1,99998,27.12740278,-80.30969444,12,1,0,1,0,0,1,0
121348,FLORIDA,FL,3,0,1,57,0,BANKSTON,22,7,July,2010,5,Thursday,19,15,0,6,4,0,28.01792500,-82.57588056,14,3,0,1,0,0,1,0
121350,FLORIDA,FL,2,0,2,31,1510,COFFEE,7,8,August,2010,7,Saturday,1,34,0,16,6,0,30.25648889,-81.53796944,12,3,0,10,0,0,1,2
121351,FLORIDA,FL,1,2,2,27,80,ASHLAND,26,6,June,2010,7,Saturday,0,0,0,16,6,0,27.20742778,-81.86175278,8,3,0,1,0,0,1,1
121352,FLORIDA,FL,2,1,5,113,2070,COTTONTON,15,5,May,2010,7,Saturday,20,37,0,14,2,99998,30.60718611,-87.06267500,8,2,0,1,0,0,1,0
121353,FLORIDA,FL,2,0,3,99,0,BEATRICE,14,8,August,2010,7,Saturday,19,34,0,14,4,99998,26.58955000,-80.14149444,12,1,0,1,0,0,1,1
121354,FLORIDA,FL,1,0,4,99,0,BEATRICE,15,8,August,2010,1,Sunday,13,42,1,2,2,99998,26.41055000,-80.59644444,1,1,0,10,0,0,1,0
121355,FLORIDA,FL,2,0,2,109,0,ANSLEY,20,3,March,2010,7,Saturday,23,16,0,6,4,0,29.81573056,-81.31660000,12,3,0,1,0,0,1,1
121356,FLORIDA,FL,1,0,2,86,0,AVENTURA,1,5,May,2010,7,Saturday,23,44,0,6,4,0,25.52302778,-80.42891667,30,2,0,1,0,0,1,0
121357,FLORIDA,FL,1,1,1,11,2948,BULLOCK,6,5,May,2010,5,Thursday,20,35,0,13,2,99998,26.18653889,-80.20360833,8,3,0,10,0,0,1,0
121358,FLORIDA,FL,2,1,2,115,2780,ASHVILLE,7,5,May,2010,6,Friday,9,45,0,16,6,0,27.35974722,-82.54078333,12,1,0,1,0,0,1,0
121359,FLORIDA,FL,2,0,3,99,290,BEATRICE,21,5,May,2010,6,Friday,18,31,0,15,4,99998,26.37818056,-80.21192222,12,1,0,1,0,0,2,1
121360,FLORIDA,FL,1,0,1,99,1560,BEATRICE,26,5,May,2010,4,Wednesday,18,10,0,13,2,99998,26.95006667,-80.08527778,33,1,0,1,0,0,1,1
121361,FLORIDA,FL,1,1,1,99,3190,BEATRICE,26,5,May,2010,4,Wednesday,21,58,0,14,6,99998,26.73917778,-80.11814444,8,3,0,1,0,0,1,0
121362,FLORIDA,FL,1,0,1,86,844,AVENTURA,2,6,June,2010,4,Wednesday,17,39,0,16,6,0,25.85022500,-80.37875556,39,1,0,1,0,0,1,0
121363,FLORIDA,FL,2,1,2,71,1070,BRIDGEPORT,5,6,June,2010,7,Saturday,23,21,0,14,3,99998,26.63036944,-81.78800278,8,2,0,1,0,0,1,0
121364,FLORIDA,FL,2,0,3,17,0,CHAMBERS,19,6,June,2010,7,Saturday,16,29,0,14,2,99998,28.81857222,-82.31618056,12,1,0,10,0,0,1,0
121365,FLORIDA,FL,1,0,2,39,0,ANDALUSIA,2,7,July,2010,6,Friday,1,0,0,6,4,0,30.52467778,-84.44609444,32,2,0,10,0,0,1,0
121366,FLORIDA,FL,2,0,3,31,1510,COFFEE,5,7,July,2010,2,Monday,12,30,0,14,3,99998,30.21863333,-81.55248333,12,1,0,1,0,0,1,0
121367,FLORIDA,FL,2,0,2,127,810,BURNWELL,10,7,July,2010,7,Saturday,0,12,0,14,3,99998,29.05440556,-81.32498056,12,2,0,1,0,0,1,1
121370,FLORIDA,FL,2,0,3,105,0,MARION,31,7,July,2010,7,Saturday,21,10,0,2,2,99998,28.23362500,-82.03858056,12,2,0,10,0,0,2,1
121371,FLORIDA,FL,1,0,2,19,0,CEDAR BLUFF,7,8,August,2010,7,Saturday,19,53,0,6,4,0,29.77243056,-82.00958333,1,3,0,2,0,0,1,0
121372,FLORIDA,FL,2,0,3,23,0,BLADON SPRINGS,16,8,August,2010,2,Monday,14,45,0,2,2,99998,30.07420556,-82.60058333,12,1,0,1,0,0,1,0
121373,FLORIDA,FL,2,0,4,23,0,BLADON SPRINGS,18,8,August,2010,4,Wednesday,10,30,0,6,4,0,30.07215833,-82.63953611,12,1,0,1,0,0,1,0
121374,FLORIDA,FL,2,0,1,9,0,BLOUNT,19,8,August,2010,5,Thursday,1,40,1,1,1,99998,28.78508889,-80.89765278,12,2,0,1,0,0,1,0
121375,FLORIDA,FL,1,1,1,21,0,CHILTON,21,8,August,2010,7,Saturday,17,55,0,6,4,0,26.17872222,-81.70850000,15,1,0,2,0,0,1,0
121376,FLORIDA,FL,1,1,3,23,0,BLADON SPRINGS,22,8,August,2010,1,Sunday,5,48,1,1,1,99998,30.25165556,-82.54234444,8,2,0,1,0,0,1,0
121377,FLORIDA,FL,2,0,8,105,0,MARION,7,8,August,2010,7,Saturday,13,15,1,2,3,99998,27.89423889,-81.93558889,59,1,0,2,0,0,2,0
121378,FLORIDA,FL,2,0,6,121,0,BON AIR,8,8,August,2010,1,Sunday,14,40,0,3,2,99998,30.36317778,-83.13362500,12,1,0,1,0,0,1,0
121379,FLORIDA,FL,1,1,1,73,2940,ARGO,10,8,August,2010,3,Tuesday,9,42,0,16,6,0,30.43963611,-84.29813889,15,1,0,1,0,0,1,0
121380,FLORIDA,FL,1,0,1,109,0,ANSLEY,14,8,August,2010,7,Saturday,1,25,1,1,1,99998,29.90762778,-81.40918611,34,2,0,10,0,0,1,0
121381,FLORIDA,FL,1,0,1,123,0,ALEXANDER CITY,14,8,August,2010,7,Saturday,22,30,0,6,4,0,29.77227500,-83.55761944,42,2,0,1,0,0,1,1
121382,FLORIDA,FL,1,1,1,95,0,ALBERTVILLE,14,8,August,2010,7,Saturday,2,42,0,13,2,99998,28.47908611,-81.39671667,8,3,0,1,0,0,1,0
121383,FLORIDA,FL,1,0,1,63,0,BOLIGEE,16,8,August,2010,2,Monday,0,5,0,3,3,99998,30.69978611,-85.18367500,34,2,0,1,0,0,1,1
121384,FLORIDA,FL,1,0,5,86,0,AVENTURA,16,8,August,2010,2,Monday,20,32,0,13,2,99998,25.76165278,-80.34628889,39,3,0,10,0,0,1,0
121385,FLORIDA,FL,2,0,2,81,0,AUBURN,16,8,August,2010,2,Monday,20,53,0,6,4,0,27.47167222,-82.58767778,12,2,0,1,0,0,1,1
121386,FLORIDA,FL,2,1,2,95,0,ALBERTVILLE,16,8,August,2010,2,Monday,21,35,0,13,3,99998,28.56843889,-81.27803889,8,2,0,1,0,0,1,0
121387,FLORIDA,FL,1,0,1,97,0,AXIS,16,8,August,2010,2,Monday,7,48,1,2,3,99998,27.91032222,-81.05070556,24,1,0,10,0,0,1,0
121388,FLORIDA,FL,2,0,2,95,0,ALBERTVILLE,17,8,August,2010,3,Tuesday,5,34,0,6,4,0,28.63665833,-81.42728889,12,3,0,1,0,0,1,0
121389,FLORIDA,FL,3,0,4,125,0,BROOKWOOD,20,8,August,2010,6,Friday,16,35,0,3,3,99998,29.95396944,-82.41361944,12,1,0,2,0,0,1,0
121390,FLORIDA,FL,1,0,2,53,0,ATMORE,21,8,August,2010,7,Saturday,11,35,0,6,4,0,28.48948056,-82.40066389,38,1,0,10,0,0,1,0
121391,FLORIDA,FL,2,0,2,95,0,ALBERTVILLE,23,8,August,2010,2,Monday,10,44,0,13,2,99998,28.69031389,-81.54685556,12,1,0,1,0,0,1,0
121392,FLORIDA,FL,1,1,1,33,0,CHEROKEE,24,8,August,2010,3,Tuesday,1,19,0,6,4,0,30.33400556,-87.13596944,8,3,0,1,0,0,1,0
121393,FLORIDA,FL,2,0,4,86,0,AVENTURA,19,5,May,2010,4,Wednesday,7,0,0,13,3,99998,25.73224167,-80.36773611,12,1,0,1,0,0,1,0
121394,FLORIDA,FL,1,0,2,99,290,BEATRICE,22,5,May,2010,7,Saturday,22,25,1,11,1,99998,26.39771389,-80.09088056,1,3,0,1,0,0,1,0
121395,FLORIDA,FL,2,0,2,85,0,BENTON,12,8,August,2010,5,Thursday,18,24,0,13,3,99998,27.17346667,-80.26252500,12,1,0,1,0,0,1,1
121396,FLORIDA,FL,1,0,2,101,0,BOYLSTON,13,8,August,2010,6,Friday,13,5,0,6,4,0,28.23376389,-82.69317222,43,1,0,1,0,0,1,0
121397,FLORIDA,FL,1,1,3,57,0,BANKSTON,17,8,August,2010,3,Tuesday,10,21,0,6,4,0,27.89363889,-82.31853333,8,1,0,1,0,0,1,0
121398,FLORIDA,FL,1,1,1,31,1510,COFFEE,18,8,August,2010,4,Wednesday,20,20,1,12,3,99998,30.17881389,-81.51520000,8,3,0,10,0,0,1,0
121400,FLORIDA,FL,3,0,5,57,0,BANKSTON,22,8,August,2010,1,Sunday,1,9,0,13,3,99998,28.00743611,-82.60357778,12,2,0,10,0,0,1,1
121401,FLORIDA,FL,1,1,1,117,2770,BIRMINGHAM,23,5,May,2010,1,Sunday,18,17,0,16,6,0,28.81258889,-81.25942222,8,1,0,1,0,0,1,1
121402,FLORIDA,FL,1,1,1,86,0,AVENTURA,14,6,June,2010,2,Monday,12,20,0,13,2,99998,25.76529722,-80.23470556,8,1,0,1,0,0,1,0
121403,FLORIDA,FL,1,1,1,105,1690,MARION,20,7,July,2010,3,Tuesday,1,12,0,13,3,99998,28.04418611,-81.94715000,8,3,0,1,0,0,1,0
121404,FLORIDA,FL,1,0,2,33,2490,CHEROKEE,2,8,August,2010,2,Monday,20,46,0,13,2,99998,30.45908889,-87.16613333,24,3,0,10,0,0,1,0
121405,FLORIDA,FL,1,0,2,86,0,AVENTURA,15,8,August,2010,1,Sunday,0,50,1,12,3,99998,25.92715556,-80.22519167,24,3,0,1,0,0,1,0
121406,FLORIDA,FL,2,0,3,99,0,BEATRICE,18,8,August,2010,4,Wednesday,20,34,0,13,3,99998,26.72127222,-80.11050833,12,3,0,1,0,0,2,1
121407,FLORIDA,FL,1,0,1,83,0,ARDMORE,24,8,August,2010,3,Tuesday,5,15,1,11,1,99998,29.23992222,-82.18978056,38,2,0,2,0,0,1,0
121408,FLORIDA,FL,1,1,2,86,2010,AVENTURA,28,8,August,2010,7,Saturday,10,25,0,16,6,0,25.82282778,-80.19584444,9,1,0,10,0,0,1,0
121409,FLORIDA,FL,1,0,2,127,0,BURNWELL,22,8,August,2010,1,Sunday,16,10,0,6,4,0,29.07301944,-81.25448056,16,1,0,2,0,0,1,0
121410,FLORIDA,FL,1,0,4,86,2025,AVENTURA,22,8,August,2010,1,Sunday,7,25,1,12,3,99998,25.91003333,-80.31808333,35,1,0,10,0,0,2,1
121411,FLORIDA,FL,2,0,2,83,0,ARDMORE,23,8,August,2010,2,Monday,14,20,0,6,4,0,29.18728333,-82.36017778,12,1,0,2,0,0,1,0
121412,FLORIDA,FL,2,0,2,105,0,MARION,24,8,August,2010,3,Tuesday,6,15,0,6,4,0,27.99669444,-82.05591944,12,4,0,1,0,0,1,0
121413,FLORIDA,FL,2,0,9,97,0,AXIS,24,8,August,2010,3,Tuesday,12,15,0,6,4,0,28.27505556,-81.47421111,12,1,0,2,0,0,3,1
121414,FLORIDA,FL,1,0,2,11,771,BULLOCK,27,8,August,2010,6,Friday,3,14,1,1,1,99998,26.08403611,-80.19498056,59,3,0,10,0,0,1,1
121415,FLORIDA,FL,1,0,1,21,0,CHILTON,27,8,August,2010,6,Friday,5,33,0,6,4,0,26.23782500,-81.70357222,59,2,0,1,0,0,1,0
121416,FLORIDA,FL,2,0,2,113,0,COTTONTON,27,8,August,2010,6,Friday,17,11,1,11,1,99998,30.59180000,-87.00328611,12,1,0,2,0,0,1,0
121417,FLORIDA,FL,2,0,2,97,0,AXIS,27,8,August,2010,6,Friday,19,57,1,2,3,99998,27.72884722,-81.01135556,12,3,0,2,0,0,1,0
121418,FLORIDA,FL,3,0,3,57,0,BANKSTON,28,8,August,2010,7,Saturday,2,20,0,13,3,99998,28.02397222,-82.62937500,12,2,0,10,0,0,1,1
121419,FLORIDA,FL,1,1,2,49,0,COLLINSVILLE,29,8,August,2010,1,Sunday,16,57,1,13,2,99998,27.57530556,-81.81751111,8,1,0,10,0,0,1,0
121420,FLORIDA,FL,1,0,1,69,0,ASHFORD,23,8,August,2010,2,Monday,20,5,0,6,4,0,28.74596111,-81.87792778,42,1,0,10,0,0,1,1
121421,FLORIDA,FL,1,0,1,95,0,ALBERTVILLE,31,8,August,2010,3,Tuesday,20,41,0,13,3,99998,28.60686944,-81.39373056,30,3,0,1,0,0,1,1
121422,FLORIDA,FL,1,1,1,71,457,BRIDGEPORT,23,6,June,2010,4,Wednesday,21,52,0,16,6,0,26.62303333,-81.98690000,9,2,0,1,0,0,1,0
121423,FLORIDA,FL,1,0,1,99,0,BEATRICE,16,7,July,2010,6,Friday,13,59,1,2,2,99998,26.71467778,-80.42520000,3,1,0,10,0,0,1,0
121424,FLORIDA,FL,2,0,1,86,0,AVENTURA,1,8,August,2010,1,Sunday,18,48,0,14,2,99998,25.84794444,-80.20936389,14,1,0,1,0,0,1,0
121425,FLORIDA,FL,2,0,3,86,0,AVENTURA,1,8,August,2010,1,Sunday,4,17,0,14,3,99998,25.91384167,-80.16443889,12,3,0,1,0,0,1,0
121426,FLORIDA,FL,1,1,1,86,0,AVENTURA,2,8,August,2010,2,Monday,12,0,1,12,3,99998,25.88256944,-80.25127500,8,1,0,1,0,0,1,0
121427,FLORIDA,FL,1,1,1,99,1560,BEATRICE,11,8,August,2010,4,Wednesday,9,40,0,14,6,99998,26.92576667,-80.10211667,8,1,0,1,0,0,1,0
121428,FLORIDA,FL,2,0,2,99,0,BEATRICE,14,8,August,2010,7,Saturday,5,10,1,2,2,99998,26.68681111,-80.38678056,12,3,0,1,0,0,1,0
121429,FLORIDA,FL,1,1,2,69,2130,ASHFORD,28,8,August,2010,7,Saturday,1,23,0,13,2,99998,28.82339722,-81.64377222,8,2,0,1,0,0,1,0
121430,FLORIDA,FL,1,0,1,73,2940,ARGO,30,8,August,2010,2,Monday,2,11,0,16,6,0,30.48995278,-84.27007222,42,3,0,1,0,0,1,0
121431,FLORIDA,FL,1,0,2,99,330,BEATRICE,2,9,September,2010,5,Thursday,17,50,1,1,1,99998,26.67683056,-80.07135000,43,1,0,1,0,0,1,1
121432,FLORIDA,FL,1,1,2,103,570,DANVILLE,25,7,July,2010,1,Sunday,19,46,0,16,6,0,27.98583611,-82.82662500,43,1,0,2,0,0,1,0
121433,FLORIDA,FL,1,0,1,51,0,CENTRAL,31,7,July,2010,7,Saturday,12,25,0,6,4,0,26.76132222,-80.94660000,42,1,0,1,0,0,1,0
121435,FLORIDA,FL,2,0,3,11,672,BULLOCK,7,8,August,2010,7,Saturday,16,53,0,14,6,99998,26.25924167,-80.24658889,12,1,0,10,0,0,1,0
121436,FLORIDA,FL,2,0,2,11,2083,BULLOCK,9,8,August,2010,2,Monday,16,5,0,12,6,99998,25.98448611,-80.21070278,12,1,0,10,0,0,1,0
121437,FLORIDA,FL,4,0,5,117,0,BIRMINGHAM,24,8,August,2010,3,Tuesday,14,45,0,13,3,99998,28.78656111,-81.21287222,12,1,0,2,0,0,1,0
121438,FLORIDA,FL,1,0,1,31,1510,COFFEE,28,8,August,2010,7,Saturday,19,54,0,14,3,99998,30.41198889,-81.57723333,33,3,0,10,0,0,1,1
121439,FLORIDA,FL,1,0,1,31,1510,COFFEE,29,8,August,2010,1,Sunday,4,30,0,12,3,99998,30.35535000,-81.55296111,30,3,0,2,0,0,1,0