ST_CASE,State Name,State Abbreviation,VE_TOTAL,Pedestrains,Total_Persons_in_accident,COUNTY,CITY,City_County_Name,Calendar_DAY,MONTH,Month_Name,YEAR,DAY_WEEK,Day_Week_desc,HOUR,MINUTE,NHS_Desc,trafficway,ROUTE,MILEPT,LATITUDE,LONGITUD,First_Crash_event,Light_cond_desc,Weather_condition,WEATHER,SCH_BUS,Crash_cause,FATALS,DRUNK_DR
121440,FLORIDA,FL,2,0,4,95,0,ALBERTVILLE,29,8,August,2010,1,Sunday,0,30,1,12,3,99998,28.52531111,-81.25069444,12,2,0,10,0,0,1,0
121441,FLORIDA,FL,3,0,3,57,0,BANKSTON,30,8,August,2010,2,Monday,11,45,0,6,4,0,27.95965833,-82.28590556,12,1,0,1,0,0,1,0
121442,FLORIDA,FL,2,0,5,83,0,ARDMORE,31,8,August,2010,3,Tuesday,0,12,0,6,4,0,29.30978889,-82.11611389,12,2,0,1,0,0,4,1
121443,FLORIDA,FL,1,0,1,57,0,BANKSTON,31,8,August,2010,3,Tuesday,11,55,0,13,2,99998,27.77005556,-82.33505000,24,1,0,1,0,0,1,0
121444,FLORIDA,FL,2,0,3,103,0,DANVILLE,1,9,September,2010,4,Wednesday,5,40,0,13,3,99998,27.89130556,-82.80977222,12,3,0,1,1,0,1,0
121445,FLORIDA,FL,2,0,2,86,0,AVENTURA,18,7,July,2010,1,Sunday,0,50,0,6,4,0,25.48994722,-80.43663611,12,2,0,1,0,0,1,1
121446,FLORIDA,FL,2,0,4,83,0,ARDMORE,14,8,August,2010,7,Saturday,14,0,0,6,4,0,29.25000000,-82.11000000,12,1,0,1,0,0,1,0
121447,FLORIDA,FL,2,0,3,101,0,BOYLSTON,17,8,August,2010,3,Tuesday,16,40,0,2,3,99998,28.32631944,-82.52864167,12,1,0,10,0,0,1,0
121448,FLORIDA,FL,2,0,2,127,810,BURNWELL,9,7,July,2010,6,Friday,13,32,0,13,3,99998,29.02796944,-81.32002500,12,1,0,1,0,0,1,0
121449,FLORIDA,FL,2,0,2,99,2446,BEATRICE,23,8,August,2010,2,Monday,21,30,0,14,6,99998,26.62910000,-80.10220833,12,3,0,10,0,0,1,0
121450,FLORIDA,FL,2,0,7,133,0,ARLEY,24,8,August,2010,3,Tuesday,5,30,1,2,3,99998,30.45083889,-85.89743333,12,4,0,1,0,0,1,0
121451,FLORIDA,FL,4,0,6,117,30,BIRMINGHAM,28,8,August,2010,7,Saturday,1,25,1,11,1,99998,28.66928611,-81.38878889,12,2,0,10,0,0,1,2
121452,FLORIDA,FL,1,0,1,109,0,ANSLEY,31,8,August,2010,3,Tuesday,22,40,0,3,3,99998,29.75698889,-81.27830000,11,2,0,1,0,0,1,0
121453,FLORIDA,FL,1,0,1,21,0,CHILTON,31,8,August,2010,3,Tuesday,21,55,1,1,1,99998,26.17441667,-81.73648889,21,3,0,1,0,0,1,0
121454,FLORIDA,FL,2,0,5,83,0,ARDMORE,3,9,September,2010,6,Friday,23,20,0,6,4,0,29.03425000,-82.25254167,12,2,0,1,0,0,1,1
121455,FLORIDA,FL,1,0,1,91,0,DAYTON,3,9,September,2010,6,Friday,11,45,0,3,2,99998,30.72423889,-86.71139722,59,1,0,1,0,0,1,1
121456,FLORIDA,FL,1,0,1,115,0,ASHVILLE,3,9,September,2010,6,Friday,0,0,0,14,3,99998,26.94606111,-82.35276111,1,3,0,1,0,0,1,1
121457,FLORIDA,FL,1,1,1,127,0,BURNWELL,4,9,September,2010,7,Saturday,21,10,0,14,3,99998,29.00211667,-81.31470556,8,2,0,1,0,0,1,0
121458,FLORIDA,FL,1,0,1,91,0,DAYTON,4,9,September,2010,7,Saturday,4,45,0,6,4,0,30.79461111,-86.51173889,1,2,0,1,0,0,1,1
121459,FLORIDA,FL,2,0,2,23,0,BLADON SPRINGS,4,9,September,2010,7,Saturday,16,25,0,2,2,99998,29.88304722,-82.60908056,12,1,0,10,0,0,2,0
121460,FLORIDA,FL,1,0,1,77,0,ANDERSON,5,9,September,2010,1,Sunday,2,55,0,3,3,99998,30.41725833,-84.78338333,1,2,0,1,0,0,1,1
121461,FLORIDA,FL,1,0,2,111,0,GRAHAM,6,9,September,2010,2,Monday,15,14,1,11,1,99998,27.46517500,-80.41859167,42,1,0,2,0,0,1,0
121462,FLORIDA,FL,1,1,1,9,620,BLOUNT,6,9,September,2010,2,Monday,5,44,0,13,3,99998,28.35576667,-80.73635556,8,3,0,1,0,0,1,0
121464,FLORIDA,FL,2,0,2,11,1927,BULLOCK,26,8,August,2010,5,Thursday,21,4,0,13,2,99998,26.22817500,-80.20498056,12,3,0,1,0,0,1,0
121465,FLORIDA,FL,2,0,3,86,1340,AVENTURA,1,9,September,2010,4,Wednesday,14,33,0,6,4,0,25.90247222,-80.29209444,12,1,0,1,0,0,1,0
121467,FLORIDA,FL,1,0,1,115,0,ASHVILLE,2,9,September,2010,5,Thursday,2,45,1,11,1,99998,27.30814722,-82.44811667,24,2,0,1,0,0,1,1
121468,FLORIDA,FL,1,0,3,31,1510,COFFEE,2,9,September,2010,5,Thursday,19,34,1,12,3,99998,30.43313056,-81.57903056,34,5,0,1,0,0,1,1
121469,FLORIDA,FL,2,0,2,9,0,BLOUNT,2,9,September,2010,5,Thursday,10,5,1,2,2,99998,27.93452778,-80.52883333,12,1,0,1,0,0,1,1
121470,FLORIDA,FL,1,0,2,103,0,DANVILLE,3,9,September,2010,6,Friday,15,16,9,99,9,99998,27.81080556,-82.74330278,42,1,0,1,0,0,1,0
121471,FLORIDA,FL,2,0,2,119,0,BELLAMY,8,9,September,2010,4,Wednesday,8,43,0,2,3,99998,28.55879444,-82.04358889,12,1,0,1,0,0,1,0
121472,FLORIDA,FL,1,0,1,83,0,ARDMORE,9,9,September,2010,5,Thursday,23,55,0,6,4,0,29.35914444,-82.13835000,42,2,0,1,0,0,1,1
121473,FLORIDA,FL,2,0,2,1,0,AUTAUGA,9,9,September,2010,5,Thursday,16,22,0,14,3,99998,29.60506667,-82.40951389,12,1,0,1,0,0,1,0
121474,FLORIDA,FL,1,0,1,99,820,BEATRICE,16,8,August,2010,2,Monday,9,34,0,14,6,99998,26.43940278,-80.09079444,18,1,0,1,0,0,1,0
121475,FLORIDA,FL,2,0,7,86,0,AVENTURA,19,8,August,2010,5,Thursday,18,4,0,13,3,99998,25.89138889,-80.24346389,12,1,0,1,0,0,1,0
121476,FLORIDA,FL,1,1,2,86,2010,AVENTURA,2,8,August,2010,2,Monday,5,55,0,13,3,99998,25.76679444,-80.23898056,8,3,0,1,0,0,1,0
121477,FLORIDA,FL,1,0,1,99,3190,BEATRICE,30,8,August,2010,2,Monday,13,0,0,15,6,99998,26.74593611,-80.05965833,18,1,0,1,0,0,1,1
121478,FLORIDA,FL,2,0,3,57,0,BANKSTON,3,9,September,2010,6,Friday,14,26,0,6,4,0,28.14933333,-82.59112778,12,1,0,1,0,0,1,1
121479,FLORIDA,FL,1,0,2,57,0,BANKSTON,4,9,September,2010,7,Saturday,2,53,0,6,4,0,27.91524444,-82.32376389,33,3,0,1,0,0,1,0
121480,FLORIDA,FL,1,2,1,57,0,BANKSTON,28,8,August,2010,7,Saturday,1,25,0,13,3,99998,27.94084444,-82.12103333,8,2,0,10,0,0,1,0
121481,FLORIDA,FL,1,0,2,65,0,CYPRESS,30,8,August,2010,2,Monday,16,15,0,6,4,0,30.58210278,-83.75622500,42,1,0,1,1,0,1,0
121482,FLORIDA,FL,1,0,5,47,0,BROWNS,5,9,September,2010,1,Sunday,3,20,0,6,4,0,30.58103056,-83.19560278,34,2,0,1,0,0,1,1
121483,FLORIDA,FL,2,0,4,86,0,AVENTURA,6,9,September,2010,2,Monday,16,55,1,12,3,99998,25.83121111,-80.32165278,12,1,0,10,0,0,1,0
121484,FLORIDA,FL,2,0,2,86,0,AVENTURA,7,9,September,2010,3,Tuesday,22,32,1,2,3,99998,25.58193889,-80.47833056,12,2,0,2,0,0,1,1
121485,FLORIDA,FL,1,1,1,109,0,ANSLEY,7,9,September,2010,3,Tuesday,21,15,0,13,2,99998,29.93855000,-81.33401944,8,2,0,1,0,0,1,0
121486,FLORIDA,FL,1,0,3,85,0,BENTON,9,9,September,2010,5,Thursday,15,30,1,2,3,99998,27.07845556,-80.55653889,10,1,0,10,0,0,1,0
121487,FLORIDA,FL,2,0,6,5,0,BAKER HILL,13,9,September,2010,2,Monday,15,5,1,13,3,99998,30.32228611,-85.65975556,12,1,0,1,0,0,1,0
121488,FLORIDA,FL,2,0,4,101,0,BOYLSTON,13,9,September,2010,2,Monday,14,50,0,13,2,99998,28.17180833,-82.46127500,12,1,0,1,0,0,1,0
121489,FLORIDA,FL,2,0,2,103,2730,DANVILLE,26,7,July,2010,2,Monday,23,52,0,16,6,0,27.84702778,-82.64691944,12,3,0,1,0,0,1,1
121490,FLORIDA,FL,1,1,1,57,0,BANKSTON,9,9,September,2010,5,Thursday,7,13,0,6,4,0,28.08065000,-82.42365278,9,1,0,1,0,0,1,0
121491,FLORIDA,FL,2,0,3,85,0,BENTON,28,8,August,2010,7,Saturday,7,23,1,1,1,99998,27.12711389,-80.34125833,12,1,0,1,0,0,1,1
121492,FLORIDA,FL,1,1,1,109,0,ANSLEY,2,9,September,2010,5,Thursday,23,10,0,13,2,99998,29.94473889,-81.33778889,8,3,0,1,0,0,1,0
121493,FLORIDA,FL,2,0,2,9,620,BLOUNT,6,9,September,2010,2,Monday,9,35,0,14,3,99998,28.37460000,-80.80428611,12,1,0,10,0,0,1,0
121494,FLORIDA,FL,1,1,1,99,0,BEATRICE,7,9,September,2010,3,Tuesday,21,11,0,14,4,99998,26.37135278,-80.18659444,8,3,0,2,0,0,1,0
121495,FLORIDA,FL,2,1,2,1,0,AUTAUGA,8,9,September,2010,4,Wednesday,9,24,1,2,3,99998,29.65402500,-82.50726389,8,1,0,1,0,0,1,0
121496,FLORIDA,FL,1,1,2,97,0,AXIS,9,9,September,2010,5,Thursday,19,50,0,6,4,0,28.32780000,-81.36428889,8,3,0,2,0,0,1,0
121498,FLORIDA,FL,1,0,2,105,1690,MARION,13,9,September,2010,2,Monday,12,30,1,12,3,99998,27.99459167,-81.94921111,1,1,0,10,0,0,1,0
121500,FLORIDA,FL,2,0,5,86,2010,AVENTURA,15,9,September,2010,4,Wednesday,15,41,1,11,1,99998,25.78578889,-80.25428889,12,1,0,1,0,0,1,0
121501,FLORIDA,FL,1,1,1,95,0,ALBERTVILLE,15,9,September,2010,4,Wednesday,23,16,0,13,2,99998,28.69071944,-81.54810278,8,3,0,10,0,0,1,0
121502,FLORIDA,FL,2,0,2,37,0,BRADFORD,15,9,September,2010,4,Wednesday,7,16,0,2,2,99998,29.86389722,-84.62168889,12,1,0,1,0,0,1,0
121503,FLORIDA,FL,1,0,2,1,0,AUTAUGA,16,9,September,2010,5,Thursday,17,33,1,1,1,99998,29.85309444,-82.53616389,1,1,0,1,0,0,1,0
121505,FLORIDA,FL,1,0,1,29,0,BORDEN SPRINGS,18,9,September,2010,7,Saturday,14,40,0,6,4,0,29.59104444,-83.05768889,43,1,0,1,0,0,1,0
121506,FLORIDA,FL,1,0,1,103,2730,DANVILLE,18,9,September,2010,7,Saturday,11,35,1,11,1,99998,27.87366944,-82.66352778,52,1,0,1,0,0,1,0
121507,FLORIDA,FL,2,0,2,101,0,BOYLSTON,4,9,September,2010,7,Saturday,22,22,0,6,4,0,28.28048889,-82.67601944,12,3,0,1,0,0,1,1
121508,FLORIDA,FL,2,0,2,103,2730,DANVILLE,11,9,September,2010,7,Saturday,3,10,1,11,1,99998,27.77660556,-82.64748333,12,3,0,1,0,0,1,2
121509,FLORIDA,FL,1,1,1,95,0,ALBERTVILLE,12,9,September,2010,1,Sunday,15,25,0,13,3,99998,28.46058889,-81.36619444,8,1,0,10,0,0,1,0
121510,FLORIDA,FL,3,0,3,63,2830,BOLIGEE,17,9,September,2010,6,Friday,14,40,0,6,4,0,30.72184167,-85.18648056,12,1,0,10,0,0,1,0
121511,FLORIDA,FL,2,0,4,73,0,ARGO,4,9,September,2010,7,Saturday,15,19,0,6,4,0,30.37046111,-84.12628611,12,1,0,1,0,0,1,0
121512,FLORIDA,FL,1,0,2,11,672,BULLOCK,6,9,September,2010,2,Monday,15,51,0,14,6,99998,26.25898611,-80.26590278,42,1,0,10,0,0,1,0
121513,FLORIDA,FL,2,0,3,11,1050,BULLOCK,10,9,September,2010,6,Friday,21,38,0,13,2,99998,26.13655278,-80.15184444,12,3,0,1,0,0,1,1
121514,FLORIDA,FL,3,0,3,9,2073,BLOUNT,30,8,August,2010,2,Monday,12,12,0,14,3,99998,28.66598611,-80.87281944,12,1,0,10,0,0,1,0
121515,FLORIDA,FL,1,0,5,85,0,BENTON,15,9,September,2010,4,Wednesday,7,10,0,3,3,99998,27.05872778,-80.30606389,42,1,0,1,0,0,1,0
121516,FLORIDA,FL,3,0,4,33,0,CHEROKEE,19,9,September,2010,1,Sunday,22,30,0,13,3,99998,30.29083056,-87.47121667,12,3,0,1,0,0,1,3
121517,FLORIDA,FL,3,0,2,31,1510,COFFEE,20,9,September,2010,2,Monday,13,1,1,11,1,99998,30.31828889,-81.76988889,12,1,0,1,0,0,1,0
121518,FLORIDA,FL,2,0,3,97,0,AXIS,1,9,September,2010,4,Wednesday,18,27,1,1,1,99998,27.69753056,-80.89842778,12,1,0,1,0,0,2,0
121519,FLORIDA,FL,1,0,3,105,0,MARION,7,7,July,2010,4,Wednesday,23,17,0,4,3,99998,27.78734444,-81.53891389,1,3,0,1,0,0,1,1
121520,FLORIDA,FL,1,0,1,15,0,ANNISTON,13,9,September,2010,2,Monday,6,53,0,3,3,99998,27.01826389,-81.76073611,34,4,0,1,0,0,1,1
121521,FLORIDA,FL,2,0,6,57,2950,BANKSTON,2,9,September,2010,5,Thursday,20,40,0,16,6,0,27.98510278,-82.42237778,12,3,0,1,0,0,3,2
121522,FLORIDA,FL,1,1,1,31,1510,COFFEE,6,9,September,2010,2,Monday,1,53,0,16,6,0,30.40820833,-81.78119722,8,2,0,1,0,0,1,0
121523,FLORIDA,FL,1,0,2,129,0,BIGBEE,10,9,September,2010,6,Friday,0,5,0,6,4,0,30.25358056,-84.68527778,24,2,0,1,0,0,1,1
121524,FLORIDA,FL,1,0,1,31,1510,COFFEE,12,9,September,2010,1,Sunday,9,1,1,11,1,99998,30.35743333,-81.76094167,34,1,0,1,0,0,1,1
121525,FLORIDA,FL,1,1,1,17,1445,CHAMBERS,13,9,September,2010,2,Monday,0,29,1,13,2,99998,28.80300833,-82.57610000,8,3,0,1,0,0,1,0
121526,FLORIDA,FL,1,1,1,81,0,AUBURN,14,9,September,2010,3,Tuesday,21,23,0,13,2,99998,27.47650556,-82.57506111,8,3,0,1,0,0,1,0
121527,FLORIDA,FL,1,1,1,115,2235,ASHVILLE,15,9,September,2010,4,Wednesday,19,0,0,16,6,0,27.04600556,-82.06970556,8,5,0,1,0,0,1,0
121528,FLORIDA,FL,1,0,3,9,454,BLOUNT,16,9,September,2010,5,Thursday,16,40,0,16,6,0,28.63101389,-80.82610556,1,1,0,10,0,0,1,0
121529,FLORIDA,FL,1,0,1,61,0,BELLWOOD,16,9,September,2010,5,Thursday,19,10,0,6,4,0,27.68410278,-80.39494722,42,3,0,1,0,0,1,1
121530,FLORIDA,FL,2,0,3,101,0,BOYLSTON,18,9,September,2010,7,Saturday,12,18,0,6,4,0,28.27873889,-82.70723056,12,1,0,1,0,0,1,0
121531,FLORIDA,FL,1,0,8,11,1050,BULLOCK,18,9,September,2010,7,Saturday,10,7,1,11,1,99998,26.13098611,-80.16921389,1,1,0,10,0,0,2,0
121532,FLORIDA,FL,1,0,5,86,0,AVENTURA,8,7,July,2010,5,Thursday,12,49,0,6,4,0,25.62724167,-80.38536667,38,1,0,1,0,0,5,0
121533,FLORIDA,FL,1,0,1,127,2190,BURNWELL,9,7,July,2010,6,Friday,14,9,0,16,6,0,29.04781667,-81.04050278,42,1,0,1,0,0,1,0
121534,FLORIDA,FL,2,0,7,11,1050,BULLOCK,21,7,July,2010,4,Wednesday,20,15,0,15,6,99998,26.15131389,-80.16996111,12,3,0,1,0,0,1,0
121535,FLORIDA,FL,1,0,1,115,3050,ASHVILLE,27,7,July,2010,3,Tuesday,11,54,0,13,2,99998,27.09823611,-82.43366111,43,1,0,1,0,0,1,0
121536,FLORIDA,FL,1,0,1,89,0,BROWNSBORO,12,9,September,2010,1,Sunday,18,45,0,6,4,0,30.59210556,-81.52220278,33,1,0,10,0,0,1,1
121537,FLORIDA,FL,1,0,1,31,1510,COFFEE,12,9,September,2010,1,Sunday,11,3,0,16,6,0,30.26836111,-81.55471667,3,1,0,1,0,0,1,1
121538,FLORIDA,FL,2,0,2,99,330,BEATRICE,16,9,September,2010,5,Thursday,9,45,1,11,1,99998,26.54224444,-80.07234444,12,1,0,1,0,0,1,0
121539,FLORIDA,FL,2,0,2,97,1590,AXIS,6,8,August,2010,6,Friday,13,57,0,16,6,0,28.31891389,-81.41595000,12,1,0,1,0,0,1,0
121540,FLORIDA,FL,2,0,2,33,0,CHEROKEE,18,9,September,2010,7,Saturday,1,45,0,13,3,99998,30.47210000,-87.24617500,12,2,0,1,0,0,1,1
121541,FLORIDA,FL,1,0,2,31,1510,COFFEE,18,9,September,2010,7,Saturday,18,55,1,11,1,99998,30.33646111,-81.66978056,1,1,0,1,0,0,2,0
121542,FLORIDA,FL,1,0,4,21,0,CHILTON,19,9,September,2010,1,Sunday,13,53,1,1,1,99998,26.16862778,-81.07471111,1,1,0,1,0,0,2,0
121543,FLORIDA,FL,1,0,3,127,2580,BURNWELL,19,9,September,2010,1,Sunday,14,48,1,11,1,99998,29.11624722,-81.03821111,1,1,0,10,0,0,1,0
121545,FLORIDA,FL,2,0,2,17,0,CHAMBERS,20,9,September,2010,2,Monday,20,10,1,2,3,99998,28.85587500,-82.43943333,12,3,0,1,0,0,1,0
121546,FLORIDA,FL,4,0,5,101,0,BOYLSTON,21,9,September,2010,3,Tuesday,15,18,0,16,6,0,28.28028056,-82.68380278,12,1,0,1,0,0,1,0
121547,FLORIDA,FL,1,0,1,83,0,ARDMORE,18,9,September,2010,7,Saturday,2,12,0,13,2,99998,29.11361667,-82.09569167,32,3,0,1,0,0,1,1
121548,FLORIDA,FL,1,0,3,107,2786,CARROLLTON,18,9,September,2010,7,Saturday,2,35,0,6,4,0,29.52479167,-81.66764722,42,2,0,1,0,0,2,1
121549,FLORIDA,FL,1,1,1,19,0,CEDAR BLUFF,20,9,September,2010,2,Monday,0,12,0,13,3,99998,30.17504722,-81.74498889,8,3,0,1,0,0,1,0
121550,FLORIDA,FL,1,0,1,57,2950,BANKSTON,22,9,September,2010,4,Wednesday,3,26,0,16,6,0,27.91887500,-82.51786944,42,3,0,1,0,0,1,1
121551,FLORIDA,FL,1,0,1,81,0,AUBURN,20,6,June,2010,1,Sunday,3,20,0,3,3,99998,27.58733056,-82.23239722,1,2,0,1,0,0,1,1
121552,FLORIDA,FL,1,1,1,99,0,BEATRICE,15,7,July,2010,5,Thursday,16,48,0,14,4,99998,26.62816944,-80.07709167,9,1,0,1,0,0,1,0
121553,FLORIDA,FL,2,0,3,105,1690,MARION,24,7,July,2010,7,Saturday,2,1,0,16,6,0,28.08054167,-81.98991944,12,3,0,10,0,0,1,1
121554,FLORIDA,FL,2,0,2,11,2083,BULLOCK,7,8,August,2010,7,Saturday,19,5,0,13,3,99998,25.98616111,-80.30354722,12,1,0,1,0,0,1,0
121555,FLORIDA,FL,1,1,1,127,780,BURNWELL,9,8,August,2010,2,Monday,4,22,0,13,3,99998,29.24007778,-81.01465278,8,3,0,1,0,0,1,0
121556,FLORIDA,FL,1,0,1,99,1560,BEATRICE,11,8,August,2010,4,Wednesday,9,58,0,13,3,99998,26.93442500,-80.13428611,42,1,0,1,0,0,1,0
121557,FLORIDA,FL,2,0,3,127,0,BURNWELL,15,8,August,2010,1,Sunday,22,51,1,11,1,99998,29.23847778,-81.10947500,12,2,0,1,0,0,1,1
121558,FLORIDA,FL,2,0,3,99,2430,BEATRICE,16,8,August,2010,2,Monday,16,32,0,14,3,99998,26.70593889,-80.04579444,12,1,0,1,0,0,1,0
121559,FLORIDA,FL,1,1,1,57,0,BANKSTON,16,8,August,2010,2,Monday,20,35,0,13,3,99998,28.03260278,-82.39706389,8,3,0,1,0,0,1,0
121560,FLORIDA,FL,2,0,2,86,1340,AVENTURA,21,8,August,2010,7,Saturday,4,13,0,13,3,99998,25.88710556,-80.29145000,12,3,0,10,0,0,1,0
121561,FLORIDA,FL,1,1,1,83,2270,ARDMORE,21,8,August,2010,7,Saturday,22,29,0,14,3,99998,29.17167778,-82.15038333,8,2,0,10,0,0,1,0
121562,FLORIDA,FL,2,0,8,127,2580,BURNWELL,23,8,August,2010,2,Monday,18,21,0,13,3,99998,29.11709444,-80.99335556,12,1,0,1,0,0,1,0
121563,FLORIDA,FL,2,0,2,99,3190,BEATRICE,23,3,March,2010,3,Tuesday,0,6,0,14,6,99998,26.75932500,-80.10036389,12,3,0,10,0,0,1,0
121564,FLORIDA,FL,1,0,1,9,1990,BLOUNT,31,8,August,2010,3,Tuesday,2,20,0,16,6,0,28.15597222,-80.67205000,34,3,0,1,0,0,1,1
121565,FLORIDA,FL,1,0,1,97,0,AXIS,18,9,September,2010,7,Saturday,0,7,0,6,4,0,28.32175000,-81.36593056,42,3,0,1,0,0,1,1
121566,FLORIDA,FL,2,0,2,103,570,DANVILLE,12,4,April,2010,2,Monday,1,44,0,16,6,0,27.96795833,-82.74621111,12,3,0,10,0,0,1,1
121567,FLORIDA,FL,3,0,3,101,0,BOYLSTON,16,9,September,2010,5,Thursday,18,18,0,13,2,99998,28.32415556,-82.18750556,12,2,0,1,0,0,1,0
121568,FLORIDA,FL,1,1,2,57,0,BANKSTON,20,9,September,2010,2,Monday,22,13,0,13,3,99998,27.98147500,-82.29859722,8,2,0,1,0,0,1,0
121569,FLORIDA,FL,4,0,4,97,0,AXIS,21,9,September,2010,3,Tuesday,14,15,0,6,4,0,28.32200278,-81.23576944,12,1,0,1,0,0,1,0
121570,FLORIDA,FL,1,1,1,57,0,BANKSTON,24,9,September,2010,6,Friday,20,48,1,13,3,99998,27.93807222,-82.29770000,8,3,0,10,0,0,1,0
121571,FLORIDA,FL,2,0,2,41,0,BRANTLEY,25,9,September,2010,7,Saturday,14,30,1,2,3,99998,29.61315556,-82.85069444,12,1,0,10,0,0,1,1
121572,FLORIDA,FL,2,0,3,71,0,BRIDGEPORT,25,9,September,2010,7,Saturday,15,40,0,6,4,0,26.48199722,-81.83689444,12,1,0,1,0,0,1,0
121573,FLORIDA,FL,2,0,3,33,0,CHEROKEE,26,9,September,2010,1,Sunday,21,35,1,14,3,99998,30.37156111,-87.35760556,12,2,0,10,0,0,1,1
121574,FLORIDA,FL,1,1,1,99,0,BEATRICE,31,8,August,2010,3,Tuesday,20,34,0,13,3,99998,26.70696944,-80.11114167,9,3,0,1,0,0,1,0
121575,FLORIDA,FL,1,1,2,86,0,AVENTURA,19,9,September,2010,1,Sunday,20,25,1,13,2,99998,25.64430833,-80.33403889,8,3,0,1,0,0,1,0
121576,FLORIDA,FL,2,0,2,119,0,BELLAMY,20,9,September,2010,2,Monday,13,10,1,1,1,99998,28.74091944,-82.10889167,12,1,0,1,0,0,1,1
121578,FLORIDA,FL,1,1,1,127,0,BURNWELL,25,9,September,2010,7,Saturday,11,38,0,13,3,99998,29.33456389,-81.05943056,8,1,0,1,0,0,1,0
121579,FLORIDA,FL,1,0,1,83,0,ARDMORE,26,9,September,2010,1,Sunday,20,50,0,6,4,0,29.04400000,-82.06100000,34,2,0,10,0,0,1,0
121580,FLORIDA,FL,1,0,1,9,2424,BLOUNT,9,9,September,2010,5,Thursday,1,30,0,16,6,0,27.94335000,-80.62846111,34,2,0,1,0,0,1,1
121581,FLORIDA,FL,1,0,1,61,0,BELLWOOD,11,9,September,2010,7,Saturday,20,3,0,13,2,99998,27.55882778,-80.36812222,25,2,0,1,0,0,1,1
121582,FLORIDA,FL,3,0,5,31,1510,COFFEE,20,9,September,2010,2,Monday,11,35,1,11,1,99998,30.28186111,-81.62079444,24,1,0,1,0,0,1,0
121583,FLORIDA,FL,1,0,1,105,0,MARION,23,9,September,2010,5,Thursday,4,4,1,11,1,99998,28.15295556,-81.85068889,52,3,0,1,0,0,1,0
121584,FLORIDA,FL,2,0,2,9,630,BLOUNT,24,9,September,2010,6,Friday,20,30,0,13,3,99998,28.35780000,-80.63272222,12,3,0,10,0,0,1,1
121585,FLORIDA,FL,1,0,1,57,0,BANKSTON,25,9,September,2010,7,Saturday,19,13,0,6,4,0,27.85652222,-82.33753056,30,5,0,1,0,0,1,1
121586,FLORIDA,FL,2,0,2,89,0,BROWNSBORO,25,9,September,2010,7,Saturday,3,14,1,2,2,99998,30.41590556,-81.92901111,12,2,0,1,0,0,1,1
121587,FLORIDA,FL,2,0,10,86,0,AVENTURA,28,8,August,2010,7,Saturday,16,16,0,16,6,0,25.87660000,-80.22641389,12,1,0,2,0,0,3,0
121588,FLORIDA,FL,2,0,2,115,0,ASHVILLE,2,9,September,2010,5,Thursday,18,35,0,13,3,99998,27.33833056,-82.46812778,12,1,0,1,0,0,1,0
121589,FLORIDA,FL,1,1,2,35,2439,BROOKLYN,18,9,September,2010,7,Saturday,23,25,0,14,3,99998,29.59476111,-81.19471111,9,2,0,1,0,0,1,0
121590,FLORIDA,FL,1,1,1,57,0,BANKSTON,25,9,September,2010,7,Saturday,1,49,0,6,4,0,28.05780000,-82.42617778,9,2,0,1,0,0,1,0
121591,FLORIDA,FL,3,0,7,95,0,ALBERTVILLE,23,9,September,2010,5,Thursday,15,35,0,13,3,99998,28.60121944,-81.30732778,12,1,0,10,0,0,1,0
121592,FLORIDA,FL,2,0,3,31,1510,COFFEE,24,9,September,2010,6,Friday,1,14,1,11,1,99998,30.46565833,-81.64785278,12,3,0,1,0,0,1,1
121593,FLORIDA,FL,1,1,1,95,0,ALBERTVILLE,24,9,September,2010,6,Friday,7,14,0,2,3,99998,28.53607500,-81.04471389,8,1,0,10,0,0,1,0
121594,FLORIDA,FL,3,0,3,95,0,ALBERTVILLE,24,9,September,2010,6,Friday,19,58,0,2,3,99998,28.53603056,-81.06034722,12,2,0,2,0,0,1,0
121595,FLORIDA,FL,4,0,4,101,0,BOYLSTON,24,9,September,2010,6,Friday,8,25,0,2,3,99998,28.32135000,-82.43620833,12,1,0,1,0,0,2,0
121596,FLORIDA,FL,2,0,6,95,0,ALBERTVILLE,26,9,September,2010,1,Sunday,3,18,0,14,3,99998,28.54238333,-81.45828611,59,3,0,10,0,0,1,0
121597,FLORIDA,FL,1,1,2,107,0,CARROLLTON,27,9,September,2010,2,Monday,21,30,0,6,4,0,29.67142222,-81.86660000,8,2,0,10,0,0,1,1
121598,FLORIDA,FL,1,0,2,33,0,CHEROKEE,28,9,September,2010,3,Tuesday,22,20,0,13,3,99998,30.32401667,-87.41672222,1,2,0,1,0,0,1,0
121599,FLORIDA,FL,3,0,8,85,0,BENTON,29,9,September,2010,4,Wednesday,19,0,0,13,3,99998,27.14633889,-80.24488889,12,5,0,2,0,0,1,0