ST_CASE,State Name,State Abbreviation,VE_TOTAL,Pedestrains,Total_Persons_in_accident,COUNTY,CITY,City_County_Name,Calendar_DAY,MONTH,Month_Name,YEAR,DAY_WEEK,Day_Week_desc,HOUR,MINUTE,NHS_Desc,trafficway,ROUTE,MILEPT,LATITUDE,LONGITUD,First_Crash_event,Light_cond_desc,Weather_condition,WEATHER,SCH_BUS,Crash_cause,FATALS,DRUNK_DR
121600,FLORIDA,FL,4,0,4,31,1510,COFFEE,29,9,September,2010,4,Wednesday,20,10,0,13,2,99998,30.45638333,-81.62938056,12,2,0,2,0,0,1,0
121601,FLORIDA,FL,1,1,1,119,2984,BELLAMY,2,10,October,2010,7,Saturday,0,6,0,6,4,0,28.92726667,-82.00531667,8,3,0,1,0,0,1,0
121602,FLORIDA,FL,2,0,5,7,0,BIBB,3,10,October,2010,1,Sunday,18,34,0,3,3,99998,30.06259444,-82.18108056,12,1,0,10,0,0,2,0
121603,FLORIDA,FL,1,0,1,103,570,DANVILLE,28,8,August,2010,7,Saturday,23,53,1,13,2,99998,28.00386111,-82.72964167,31,3,0,10,0,0,1,0
121604,FLORIDA,FL,1,0,1,86,0,AVENTURA,5,9,September,2010,1,Sunday,21,28,0,6,4,0,25.68004722,-80.32925278,42,2,0,10,0,0,1,1
121605,FLORIDA,FL,2,0,2,86,0,AVENTURA,7,9,September,2010,3,Tuesday,11,36,0,6,4,0,25.72220556,-80.39932222,12,1,0,1,0,0,1,0
121606,FLORIDA,FL,1,1,1,86,0,AVENTURA,10,9,September,2010,6,Friday,7,28,0,13,3,99998,25.92818611,-80.19629722,8,1,0,1,0,0,1,0
121607,FLORIDA,FL,1,1,1,86,1340,AVENTURA,12,9,September,2010,1,Sunday,21,8,0,13,3,99998,25.84877222,-80.29013889,8,2,0,10,0,0,1,0
121608,FLORIDA,FL,2,0,2,57,2950,BANKSTON,21,9,September,2010,3,Tuesday,5,18,0,14,2,99998,27.95638611,-82.45950556,12,3,0,1,0,0,1,0
121609,FLORIDA,FL,2,0,7,86,2010,AVENTURA,23,9,September,2010,5,Thursday,12,43,0,16,6,0,25.77879167,-80.19953333,12,1,0,2,0,0,1,0
121610,FLORIDA,FL,1,1,1,11,1050,BULLOCK,25,9,September,2010,7,Saturday,0,21,0,13,3,99998,26.18855000,-80.15527500,8,3,0,2,0,0,1,0
121611,FLORIDA,FL,2,0,2,9,2424,BLOUNT,29,9,September,2010,4,Wednesday,21,42,0,16,6,0,28.02424722,-80.69640000,12,3,0,1,0,0,1,1
121612,FLORIDA,FL,1,0,1,103,2652,DANVILLE,30,9,September,2010,5,Thursday,13,34,0,16,6,0,27.82641111,-82.82484167,53,1,0,1,0,0,1,0
121613,FLORIDA,FL,3,2,1,9,2424,BLOUNT,2,10,October,2010,7,Saturday,0,58,0,13,2,99998,28.04648333,-80.58659167,1,3,0,1,0,0,1,0
121614,FLORIDA,FL,1,1,2,105,0,MARION,25,8,August,2010,4,Wednesday,22,16,0,6,4,0,27.98643333,-81.78421111,9,2,0,1,0,0,1,0
121615,FLORIDA,FL,2,1,2,73,0,ARGO,31,8,August,2010,3,Tuesday,6,24,0,16,6,0,30.40317500,-84.30914722,8,2,0,98,1,0,1,0
121616,FLORIDA,FL,1,1,0,101,2180,BOYLSTON,2,9,September,2010,5,Thursday,23,45,9,99,9,99998,28.20984167,-82.73944444,8,2,0,1,0,0,1,0
121617,FLORIDA,FL,1,1,1,11,2916,BULLOCK,13,9,September,2010,2,Monday,15,10,0,15,6,99998,26.17922222,-80.27581667,8,1,0,1,0,0,1,0
121618,FLORIDA,FL,1,0,2,31,1510,COFFEE,14,9,September,2010,3,Tuesday,19,12,0,14,3,99998,30.29934722,-81.75173889,59,1,0,1,0,0,1,1
121619,FLORIDA,FL,1,0,2,99,0,BEATRICE,16,9,September,2010,5,Thursday,5,48,0,13,3,99998,26.70639444,-80.09087778,31,3,0,1,0,0,1,0
121620,FLORIDA,FL,1,1,1,35,2439,BROOKLYN,18,9,September,2010,7,Saturday,21,50,1,11,1,99998,29.57781667,-81.23423333,8,2,0,1,0,0,1,0
121621,FLORIDA,FL,1,1,1,105,0,MARION,19,9,September,2010,1,Sunday,3,5,0,13,2,99998,28.13875278,-81.97354722,9,2,0,1,0,0,1,0
121622,FLORIDA,FL,1,0,2,131,0,ARLINGTON,1,10,October,2010,6,Friday,19,20,0,2,3,99998,30.96699444,-86.37777222,34,2,0,1,0,0,1,1
121623,FLORIDA,FL,1,0,1,11,760,BULLOCK,2,10,October,2010,7,Saturday,4,2,1,11,1,99998,26.06155000,-80.16375278,25,3,0,1,0,0,1,0
121624,FLORIDA,FL,1,0,1,121,0,BON AIR,2,10,October,2010,7,Saturday,3,30,0,6,4,0,30.30451111,-83.00842500,43,2,0,1,0,0,1,1
121625,FLORIDA,FL,1,0,1,131,0,ARLINGTON,2,10,October,2010,7,Saturday,20,15,1,2,2,99998,30.32694722,-86.05199444,1,2,0,1,0,0,1,0
121626,FLORIDA,FL,2,0,3,47,0,BROWNS,2,10,October,2010,7,Saturday,14,38,1,1,1,99998,30.45615000,-82.94510833,12,1,0,1,0,0,1,1
121627,FLORIDA,FL,2,0,9,71,0,BRIDGEPORT,2,10,October,2010,7,Saturday,20,34,0,2,2,99998,26.76704167,-81.92939444,12,2,0,1,0,0,2,0
121628,FLORIDA,FL,1,1,1,71,2218,BRIDGEPORT,4,10,October,2010,2,Monday,6,20,0,13,3,99998,26.69275833,-81.85679722,8,2,0,1,0,0,1,0
121630,FLORIDA,FL,1,1,1,5,0,BAKER HILL,6,10,October,2010,4,Wednesday,8,55,1,2,3,99998,30.43973889,-85.77668056,9,1,0,1,0,0,1,0
121631,FLORIDA,FL,1,0,3,97,0,AXIS,6,10,October,2010,4,Wednesday,2,34,0,13,2,99998,28.34592500,-81.60395556,33,3,0,1,0,0,1,1
121632,FLORIDA,FL,2,0,3,33,0,CHEROKEE,7,10,October,2010,5,Thursday,3,35,1,14,3,99998,30.36065556,-87.35872222,12,3,0,1,0,0,1,1
121633,FLORIDA,FL,1,1,1,117,0,BIRMINGHAM,8,10,October,2010,6,Friday,20,0,0,13,2,99998,28.65608889,-81.34513889,8,2,0,1,0,0,1,0
121634,FLORIDA,FL,2,0,2,105,0,MARION,14,8,August,2010,7,Saturday,15,16,1,13,2,99998,27.71173333,-81.56096667,12,1,0,1,0,0,1,1
121635,FLORIDA,FL,1,1,1,81,340,AUBURN,20,9,September,2010,2,Monday,21,5,0,13,2,99998,27.49755278,-82.56305556,8,3,0,1,0,0,1,0
121636,FLORIDA,FL,1,1,1,95,0,ALBERTVILLE,26,9,September,2010,1,Sunday,3,50,0,6,4,0,28.35390278,-81.36127222,8,3,0,10,0,0,1,0
121637,FLORIDA,FL,1,0,2,101,0,BOYLSTON,30,9,September,2010,5,Thursday,21,22,0,6,4,0,28.30290833,-82.17101389,42,2,0,1,0,0,2,0
121638,FLORIDA,FL,2,0,3,57,0,BANKSTON,30,9,September,2010,5,Thursday,19,23,1,1,1,99998,27.98891667,-82.37318056,12,3,0,1,0,0,1,0
121639,FLORIDA,FL,1,1,1,103,0,DANVILLE,2,10,October,2010,7,Saturday,2,54,1,13,3,99998,27.89394444,-82.68483333,8,2,0,1,0,0,1,0
121640,FLORIDA,FL,2,0,2,101,0,BOYLSTON,2,10,October,2010,7,Saturday,11,31,0,6,4,0,28.20793611,-82.24196667,12,1,0,1,0,0,1,0
121641,FLORIDA,FL,3,0,4,31,1510,COFFEE,3,10,October,2010,1,Sunday,6,25,0,14,3,99998,30.39763333,-81.50118333,12,3,0,1,0,0,1,0
121642,FLORIDA,FL,1,1,1,95,2360,ALBERTVILLE,3,10,October,2010,1,Sunday,22,28,0,13,3,99998,28.49891111,-81.31034722,8,3,0,1,0,0,1,0
121643,FLORIDA,FL,2,0,2,57,0,BANKSTON,4,10,October,2010,2,Monday,20,56,0,6,4,0,28.01723056,-82.53400556,12,3,0,1,0,0,1,1
121644,FLORIDA,FL,1,1,1,81,0,AUBURN,5,10,October,2010,3,Tuesday,20,43,0,13,2,99998,27.41851944,-82.57553889,8,2,0,1,0,0,1,0
121645,FLORIDA,FL,2,0,4,23,0,BLADON SPRINGS,7,10,October,2010,5,Thursday,19,54,0,13,2,99998,30.24353333,-82.63832222,12,2,0,1,0,0,2,0
121646,FLORIDA,FL,2,1,3,95,0,ALBERTVILLE,8,10,October,2010,6,Friday,22,40,0,14,3,99998,28.60760556,-81.29286944,8,2,0,1,0,0,1,0
121647,FLORIDA,FL,1,0,1,57,2950,BANKSTON,28,9,September,2010,3,Tuesday,23,56,0,13,3,99998,28.03259722,-82.43996389,33,3,0,10,0,0,1,0
121648,FLORIDA,FL,1,1,1,103,3010,DANVILLE,19,9,September,2010,1,Sunday,21,57,0,14,3,99998,27.76810278,-82.76891667,8,3,0,10,0,0,1,1
121649,FLORIDA,FL,1,0,3,3,0,BALDWIN,5,10,October,2010,3,Tuesday,22,50,0,6,4,0,30.24842778,-82.24840556,34,2,0,1,0,0,1,1
121650,FLORIDA,FL,1,0,1,23,0,BLADON SPRINGS,6,10,October,2010,4,Wednesday,10,35,0,3,3,99998,30.13693889,-82.70914722,34,1,0,1,0,0,1,0
121651,FLORIDA,FL,1,0,1,101,0,BOYLSTON,7,10,October,2010,5,Thursday,2,18,1,13,2,99998,28.41618333,-82.64836667,30,3,0,1,0,0,1,1
121652,FLORIDA,FL,1,1,1,11,1782,BULLOCK,8,2,February,2010,2,Monday,19,25,0,13,3,99998,26.18663611,-80.25199444,9,3,0,1,0,0,1,0
121653,FLORIDA,FL,1,1,1,73,0,ARGO,10,10,October,2010,1,Sunday,13,49,0,13,3,99998,30.40044722,-84.28098333,8,1,0,1,0,0,2,0
121654,FLORIDA,FL,2,0,2,5,2451,BAKER HILL,5,9,September,2010,1,Sunday,4,22,0,14,3,99998,30.23036667,-85.90563889,12,2,0,1,0,0,2,1
121655,FLORIDA,FL,2,0,3,73,2940,ARGO,16,9,September,2010,5,Thursday,0,12,0,13,2,99998,30.48236667,-84.23686667,12,3,0,1,0,0,1,0
121656,FLORIDA,FL,3,0,6,57,0,BANKSTON,26,9,September,2010,1,Sunday,2,15,1,11,1,99998,28.01978889,-82.25884444,12,3,0,1,0,0,2,0
121657,FLORIDA,FL,1,0,1,103,2730,DANVILLE,27,9,September,2010,2,Monday,9,0,1,11,1,99998,27.78540833,-82.66124444,24,1,0,1,0,0,1,0
121658,FLORIDA,FL,1,1,1,86,0,AVENTURA,28,9,September,2010,3,Tuesday,3,35,1,12,3,99998,25.79296389,-80.32111389,8,3,0,10,0,0,1,0
121659,FLORIDA,FL,1,0,1,86,0,AVENTURA,1,10,October,2010,6,Friday,15,26,1,12,3,99998,25.76229722,-80.38525000,24,1,0,1,0,0,1,0
121660,FLORIDA,FL,1,1,2,101,0,BOYLSTON,4,10,October,2010,2,Monday,17,25,0,6,4,0,28.36507222,-82.22909444,9,1,0,1,0,0,1,0
121661,FLORIDA,FL,3,0,4,53,0,ATMORE,8,10,October,2010,6,Friday,13,40,1,13,3,99998,28.53370833,-82.51156667,12,1,0,1,0,0,1,0
121662,FLORIDA,FL,1,0,2,39,0,ANDALUSIA,9,10,October,2010,7,Saturday,13,12,1,1,1,99998,30.60721944,-84.74145278,43,1,0,1,0,0,1,0
121663,FLORIDA,FL,1,0,3,5,0,BAKER HILL,9,10,October,2010,7,Saturday,2,25,1,2,2,99998,30.51831389,-85.40902778,1,2,0,1,0,0,1,1
121664,FLORIDA,FL,1,0,1,53,0,ATMORE,9,10,October,2010,7,Saturday,19,49,0,2,3,99998,28.50767778,-82.13451111,42,2,0,1,0,0,1,0
121665,FLORIDA,FL,3,0,5,63,0,BOLIGEE,10,10,October,2010,1,Sunday,19,28,1,2,2,99998,30.58412500,-85.39443889,1,2,0,1,0,0,1,2
121666,FLORIDA,FL,3,0,7,95,0,ALBERTVILLE,11,10,October,2010,2,Monday,11,35,0,13,3,99998,28.60309722,-81.31352500,42,1,0,1,0,0,2,0
121667,FLORIDA,FL,1,0,2,81,0,AUBURN,11,10,October,2010,2,Monday,22,25,0,6,4,0,27.42904167,-82.13310278,38,2,0,1,0,0,1,1
121668,FLORIDA,FL,1,1,3,33,0,CHEROKEE,12,10,October,2010,3,Tuesday,19,0,0,3,2,99998,30.53576944,-87.38495556,8,2,0,10,0,0,1,0
121669,FLORIDA,FL,2,0,2,5,0,BAKER HILL,13,10,October,2010,4,Wednesday,16,0,1,13,2,99998,30.26186944,-85.95794722,12,1,0,1,0,0,1,0
121670,FLORIDA,FL,1,0,1,21,0,CHILTON,13,10,October,2010,4,Wednesday,5,32,0,6,4,0,26.21140278,-81.78045833,46,3,0,2,0,0,1,0
121671,FLORIDA,FL,1,0,1,49,0,COLLINSVILLE,14,10,October,2010,5,Thursday,17,51,0,6,4,0,27.41148611,-81.59256111,30,1,0,1,0,0,1,1
121672,FLORIDA,FL,1,0,2,17,0,CHAMBERS,16,10,October,2010,7,Saturday,19,55,0,6,4,0,28.76404722,-82.50076944,1,2,0,1,0,0,1,0
121673,FLORIDA,FL,1,0,1,9,3000,BLOUNT,23,7,July,2010,6,Friday,13,4,0,13,2,99998,28.60918333,-80.80758611,33,1,0,1,0,0,1,0
121674,FLORIDA,FL,3,0,3,103,2730,DANVILLE,1,8,August,2010,1,Sunday,11,22,0,13,2,99998,27.74836389,-82.67938333,1,1,0,1,0,0,1,0
121675,FLORIDA,FL,2,0,6,103,2730,DANVILLE,1,8,August,2010,1,Sunday,0,46,0,16,6,0,27.79207500,-82.64675556,12,3,0,1,0,0,4,1
121676,FLORIDA,FL,1,0,1,31,1510,COFFEE,5,8,August,2010,5,Thursday,18,24,0,16,6,0,30.33295278,-81.83468056,1,1,0,1,0,0,1,0
121677,FLORIDA,FL,3,0,3,81,340,AUBURN,31,8,August,2010,3,Tuesday,5,42,0,14,3,99998,27.49577500,-82.60698333,12,3,0,1,0,0,1,1
121678,FLORIDA,FL,1,1,1,69,1240,ASHFORD,19,9,September,2010,1,Sunday,19,13,0,16,6,0,28.56897500,-81.85408056,8,5,0,1,0,0,1,1
121679,FLORIDA,FL,1,0,1,105,0,MARION,26,7,July,2010,2,Monday,16,53,1,2,3,99998,27.91646389,-81.72937500,34,1,0,1,0,0,1,0
121680,FLORIDA,FL,1,1,1,105,0,MARION,19,8,August,2010,5,Thursday,16,57,0,13,2,99998,28.04796944,-81.90801111,15,1,0,1,0,0,1,0
121681,FLORIDA,FL,2,0,7,105,0,MARION,20,8,August,2010,6,Friday,18,55,0,14,3,99998,28.02888889,-81.77891111,12,1,0,10,0,0,1,0
121682,FLORIDA,FL,2,0,2,105,0,MARION,30,8,August,2010,2,Monday,19,59,0,3,3,99998,28.25850000,-81.82462778,12,5,0,1,0,0,1,0
121683,FLORIDA,FL,1,1,1,57,2950,BANKSTON,13,9,September,2010,2,Monday,20,14,0,16,6,0,27.94558889,-82.52423056,8,3,0,10,0,0,1,0
121684,FLORIDA,FL,2,0,3,103,0,DANVILLE,2,10,October,2010,7,Saturday,21,31,1,13,2,99998,28.05954167,-82.73877500,12,3,0,1,0,0,1,0
121685,FLORIDA,FL,1,0,4,105,0,MARION,2,10,October,2010,7,Saturday,3,12,0,6,4,0,28.03015278,-82.01536944,59,2,0,1,0,0,1,1
121686,FLORIDA,FL,2,0,2,11,790,BULLOCK,8,10,October,2010,6,Friday,12,5,1,11,1,99998,26.28954444,-80.12375000,1,1,0,1,0,0,1,0
121687,FLORIDA,FL,1,0,6,99,1560,BEATRICE,11,10,October,2010,2,Monday,6,35,1,11,1,99998,26.93025833,-80.14929722,25,4,0,1,0,0,1,0
121688,FLORIDA,FL,1,0,3,11,1050,BULLOCK,12,10,October,2010,3,Tuesday,18,48,1,11,1,99998,26.08173333,-80.16463056,39,2,0,1,0,0,1,0
121689,FLORIDA,FL,1,2,1,101,0,BOYLSTON,13,10,October,2010,4,Wednesday,8,15,0,6,4,0,28.26322778,-82.45476667,8,1,0,1,0,0,1,0
121690,FLORIDA,FL,1,0,1,53,0,ATMORE,14,10,October,2010,5,Thursday,8,49,1,13,2,99998,28.56029444,-82.56081944,42,1,0,1,0,0,1,0
121691,FLORIDA,FL,2,0,3,31,1510,COFFEE,9,10,October,2010,7,Saturday,15,25,0,13,3,99998,30.25206111,-81.74305556,1,1,0,1,0,0,1,0
121692,FLORIDA,FL,1,0,1,123,0,ALEXANDER CITY,19,10,October,2010,3,Tuesday,7,5,1,2,2,99998,30.23699167,-83.68807500,42,4,0,1,0,0,1,0
121693,FLORIDA,FL,2,0,2,111,2601,GRAHAM,3,4,April,2010,7,Saturday,22,53,0,14,6,99998,27.30314167,-80.32793889,12,3,0,1,0,0,1,0
121694,FLORIDA,FL,2,0,2,99,0,BEATRICE,8,10,October,2010,6,Friday,10,19,0,6,4,0,26.73880833,-80.30795556,12,1,0,1,0,0,1,1
121695,FLORIDA,FL,2,0,2,86,1340,AVENTURA,24,9,September,2010,6,Friday,19,41,0,14,3,99998,25.84545556,-80.25777778,12,3,0,2,0,0,1,0
121696,FLORIDA,FL,1,0,1,95,2360,ALBERTVILLE,4,10,October,2010,2,Monday,2,45,1,11,1,99998,28.53550278,-81.38322222,1,3,0,1,0,0,1,1
121697,FLORIDA,FL,2,1,2,11,771,BULLOCK,13,10,October,2010,4,Wednesday,9,3,0,14,3,99998,26.08480278,-80.18700556,12,1,0,10,0,0,1,0
121698,FLORIDA,FL,1,0,3,86,2230,AVENTURA,3,10,October,2010,1,Sunday,1,40,1,11,1,99998,25.95426667,-80.17687500,43,3,0,1,0,0,2,0
121699,FLORIDA,FL,2,0,3,127,0,BURNWELL,18,10,October,2010,2,Monday,20,5,1,11,1,99998,29.22671389,-81.10560833,12,2,0,1,0,0,1,1
121700,FLORIDA,FL,2,0,4,15,0,ANNISTON,16,10,October,2010,7,Saturday,20,37,0,6,4,0,26.88005000,-82.02351667,12,2,0,1,0,0,1,0
121701,FLORIDA,FL,3,0,4,111,1080,GRAHAM,7,8,August,2010,7,Saturday,20,39,0,13,2,99998,27.37421944,-80.32600000,12,3,0,2,0,0,1,0
121702,FLORIDA,FL,1,0,5,111,2601,GRAHAM,5,7,July,2010,2,Monday,1,19,0,16,6,0,27.27195556,-80.33042222,30,3,0,2,0,0,1,0
121703,FLORIDA,FL,3,0,6,105,1690,MARION,8,9,September,2010,4,Wednesday,12,12,0,14,3,99998,27.99665833,-81.95714444,12,1,0,1,0,0,2,0
121704,FLORIDA,FL,2,0,2,99,330,BEATRICE,19,9,September,2010,1,Sunday,18,0,0,13,3,99998,26.52807222,-80.08336667,12,1,0,10,0,0,1,0
121706,FLORIDA,FL,1,1,1,86,2020,AVENTURA,3,9,September,2010,6,Friday,9,4,0,13,3,99998,25.78048333,-80.13175556,8,1,0,10,0,0,1,0
121707,FLORIDA,FL,1,0,1,86,0,AVENTURA,3,9,September,2010,6,Friday,4,15,0,6,4,0,25.55030278,-80.51377778,30,1,0,1,0,0,1,1
121708,FLORIDA,FL,1,0,1,53,0,ATMORE,12,10,October,2010,3,Tuesday,6,45,0,6,4,0,28.44617500,-82.37076667,11,4,0,1,0,0,1,0
121709,FLORIDA,FL,1,0,1,86,0,AVENTURA,10,9,September,2010,6,Friday,22,6,0,6,4,0,25.62687222,-80.39548611,30,3,0,1,0,0,1,0
121710,FLORIDA,FL,1,1,2,86,0,AVENTURA,16,9,September,2010,5,Thursday,16,5,0,6,4,0,25.60651389,-80.43168056,42,1,0,10,0,0,1,0
121711,FLORIDA,FL,2,0,2,73,0,ARGO,16,9,September,2010,5,Thursday,7,40,0,13,2,99998,30.37598611,-84.27899722,12,1,0,1,0,0,1,0
121712,FLORIDA,FL,1,0,2,86,0,AVENTURA,18,9,September,2010,7,Saturday,22,13,0,6,4,0,25.68276111,-80.39575556,42,3,0,1,0,0,1,0
121713,FLORIDA,FL,3,1,5,86,0,AVENTURA,29,9,September,2010,4,Wednesday,6,10,0,14,3,99998,25.82410556,-80.23533889,8,2,0,2,0,0,1,0
121714,FLORIDA,FL,2,0,2,119,0,BELLAMY,19,10,October,2010,3,Tuesday,16,42,0,16,4,0,28.64420278,-82.25578056,12,1,0,1,0,0,1,0
121715,FLORIDA,FL,1,1,1,21,1926,CHILTON,22,7,July,2010,5,Thursday,13,5,0,16,6,0,25.95572222,-81.74178056,8,1,0,1,0,0,1,0
121716,FLORIDA,FL,1,1,1,86,0,AVENTURA,10,9,September,2010,6,Friday,13,20,0,13,2,99998,25.76110278,-80.35237222,8,1,0,10,0,0,1,0
121717,FLORIDA,FL,2,0,2,11,1420,BULLOCK,15,9,September,2010,4,Wednesday,15,40,0,13,2,99998,26.00580556,-80.20748056,12,1,0,1,0,0,1,0
121718,FLORIDA,FL,1,0,1,31,1510,COFFEE,27,9,September,2010,2,Monday,3,5,0,16,6,0,30.35999444,-81.67604444,30,3,0,10,0,0,1,1
121719,FLORIDA,FL,2,0,2,103,2730,DANVILLE,28,9,September,2010,3,Tuesday,0,15,0,16,6,0,27.74938056,-82.64453056,12,3,0,1,0,0,1,0
121720,FLORIDA,FL,1,1,1,11,760,BULLOCK,1,9,September,2010,4,Wednesday,21,20,0,13,3,99998,26.06225556,-80.18514167,8,3,0,1,0,0,1,0
121721,FLORIDA,FL,2,0,2,99,0,BEATRICE,4,9,September,2010,7,Saturday,14,2,9,99,9,99998,26.69884444,-80.11130556,12,1,0,10,0,0,1,0
121722,FLORIDA,FL,1,0,4,109,0,ANSLEY,4,9,September,2010,7,Saturday,17,18,0,6,4,0,29.94674722,-81.30732222,5,1,0,1,0,0,1,0
121723,FLORIDA,FL,1,0,2,21,2150,CHILTON,5,9,September,2010,1,Sunday,8,23,0,16,6,0,26.14973056,-81.79080556,30,1,0,1,0,0,2,0
121725,FLORIDA,FL,2,0,2,86,2441,AVENTURA,6,9,September,2010,2,Monday,19,48,1,13,2,99998,25.60698889,-80.34824167,12,1,0,2,0,0,1,0
121726,FLORIDA,FL,2,0,3,95,0,ALBERTVILLE,9,10,October,2010,7,Saturday,13,10,0,6,4,0,28.35814444,-81.50771111,12,1,0,1,0,0,1,0
121727,FLORIDA,FL,1,1,2,1,1130,AUTAUGA,11,9,September,2010,7,Saturday,22,40,0,16,6,0,29.63424722,-82.37295278,8,2,0,1,0,0,1,0
121728,FLORIDA,FL,2,0,3,103,570,DANVILLE,20,9,September,2010,2,Monday,4,45,0,14,3,99998,27.98266389,-82.71543056,12,3,0,1,0,0,1,1
121729,FLORIDA,FL,1,0,1,11,2916,BULLOCK,30,9,September,2010,5,Thursday,3,50,0,14,3,99998,26.11885556,-80.34730833,21,2,0,2,0,0,1,0
121730,FLORIDA,FL,2,0,2,123,0,ALEXANDER CITY,7,10,October,2010,5,Thursday,14,40,1,2,2,99998,30.17163889,-83.63112778,12,1,0,1,0,0,1,0
121731,FLORIDA,FL,2,0,2,103,2730,DANVILLE,3,9,September,2010,6,Friday,21,54,0,16,6,0,27.76648056,-82.67534444,12,3,0,1,0,0,1,1
121732,FLORIDA,FL,1,0,1,73,2940,ARGO,13,10,October,2010,4,Wednesday,3,30,1,11,1,99998,30.47839722,-84.34550556,24,3,0,1,0,0,1,1
121733,FLORIDA,FL,2,0,2,83,0,ARDMORE,14,10,October,2010,5,Thursday,17,30,0,6,4,0,29.08482500,-82.13626944,12,1,0,1,0,0,1,0
121734,FLORIDA,FL,2,0,3,57,0,BANKSTON,14,10,October,2010,5,Thursday,15,0,1,11,1,99998,27.94675556,-82.32889167,12,1,0,1,0,0,1,0
121735,FLORIDA,FL,2,1,5,99,1750,BEATRICE,16,10,October,2010,7,Saturday,6,30,1,11,1,99998,26.61907778,-80.06833056,8,3,0,1,0,0,1,0
121736,FLORIDA,FL,1,1,1,95,0,ALBERTVILLE,19,10,October,2010,3,Tuesday,20,32,0,14,3,99998,28.57166944,-81.43074722,8,3,0,1,0,0,1,0
121737,FLORIDA,FL,3,1,6,9,2005,BLOUNT,20,10,October,2010,4,Wednesday,20,6,1,12,3,99998,28.40500556,-80.65604167,12,2,0,10,0,0,1,0
121738,FLORIDA,FL,1,0,1,86,0,AVENTURA,15,9,September,2010,4,Wednesday,19,36,0,6,4,0,25.77870278,-80.41640833,43,3,0,2,0,0,1,0
121739,FLORIDA,FL,5,0,1,86,2010,AVENTURA,24,10,October,2010,1,Sunday,4,12,1,13,2,99998,25.73144444,-80.25542778,38,3,0,10,0,0,1,0
121740,FLORIDA,FL,1,0,1,111,2601,GRAHAM,9,2,February,2010,3,Tuesday,19,0,0,15,6,99998,27.25566944,-80.29806389,1,3,0,2,0,0,1,0
121741,FLORIDA,FL,1,1,2,71,457,BRIDGEPORT,23,9,September,2010,5,Thursday,0,52,0,16,6,0,26.56858333,-81.96660278,8,2,0,1,0,0,1,0
121742,FLORIDA,FL,1,0,1,11,1050,BULLOCK,17,10,October,2010,1,Sunday,10,30,1,11,1,99998,26.12918333,-80.16924167,24,1,0,1,0,0,1,0
121743,FLORIDA,FL,1,0,1,131,0,ARLINGTON,17,10,October,2010,1,Sunday,20,0,1,13,2,99998,30.37516944,-86.35975833,33,2,0,1,0,0,1,1
121744,FLORIDA,FL,1,0,2,13,0,BOLLING,19,10,October,2010,3,Tuesday,13,55,0,3,3,99998,30.23508056,-85.20813611,34,1,0,10,0,0,1,1
121745,FLORIDA,FL,2,0,2,49,0,COLLINSVILLE,19,10,October,2010,3,Tuesday,12,0,1,2,2,99998,27.45364722,-81.79719444,12,1,0,1,0,0,1,1
121746,FLORIDA,FL,1,0,1,1,0,AUTAUGA,20,10,October,2010,4,Wednesday,20,57,0,6,4,0,29.63088333,-82.52376111,11,2,0,1,0,0,1,0
121747,FLORIDA,FL,2,0,6,71,0,BRIDGEPORT,2,10,October,2010,7,Saturday,22,11,0,3,3,99998,26.56637222,-81.67833889,12,2,0,1,0,0,1,1
121748,FLORIDA,FL,2,0,5,93,0,BEAR CREEK,13,10,October,2010,4,Wednesday,20,24,0,2,2,99998,27.61088056,-80.85476111,12,2,0,1,0,0,2,0
121749,FLORIDA,FL,1,0,1,95,0,ALBERTVILLE,14,10,October,2010,5,Thursday,6,29,0,2,3,99998,28.50710556,-81.05578611,38,2,0,10,0,0,1,0
121750,FLORIDA,FL,3,1,2,86,0,AVENTURA,1,10,October,2010,6,Friday,7,52,0,6,4,0,25.76355278,-80.26575000,8,1,0,1,0,0,1,1
121751,FLORIDA,FL,1,0,1,95,2290,ALBERTVILLE,2,10,October,2010,7,Saturday,15,29,0,16,6,0,28.60917778,-81.51608611,24,1,0,1,0,0,1,1
121752,FLORIDA,FL,1,0,1,57,2950,BANKSTON,3,10,October,2010,1,Sunday,15,22,0,16,6,0,28.00133333,-82.48323889,1,1,0,1,0,0,1,0
121753,FLORIDA,FL,1,1,1,57,0,BANKSTON,8,10,October,2010,6,Friday,22,50,0,6,4,0,27.71324167,-82.43684722,8,2,0,1,0,0,1,0
121754,FLORIDA,FL,3,0,4,57,0,BANKSTON,11,10,October,2010,2,Monday,7,59,0,6,4,0,28.02154444,-82.30251667,12,1,0,1,0,0,1,0
121755,FLORIDA,FL,2,0,2,57,0,BANKSTON,12,10,October,2010,3,Tuesday,1,36,0,13,2,99998,27.82205833,-82.33100556,12,2,0,1,0,0,1,1