ST_CASE,State Name,State Abbreviation,VE_TOTAL,Pedestrains,Total_Persons_in_accident,COUNTY,CITY,City_County_Name,Calendar_DAY,MONTH,Month_Name,YEAR,DAY_WEEK,Day_Week_desc,HOUR,MINUTE,NHS_Desc,trafficway,ROUTE,MILEPT,LATITUDE,LONGITUD,First_Crash_event,Light_cond_desc,Weather_condition,WEATHER,SCH_BUS,Crash_cause,FATALS,DRUNK_DR
121757,FLORIDA,FL,2,0,4,99,0,BEATRICE,10,10,October,2010,1,Sunday,1,55,0,13,4,99998,26.81183056,-80.25833889,12,2,0,1,0,0,1,1
121758,FLORIDA,FL,1,0,5,86,2220,AVENTURA,11,10,October,2010,2,Monday,16,15,0,16,6,0,25.89179444,-80.19339444,42,1,0,1,0,0,1,0
121759,FLORIDA,FL,2,0,6,105,0,MARION,28,9,September,2010,3,Tuesday,7,55,0,6,4,0,27.85080278,-82.02115833,12,1,0,1,0,0,1,0
121760,FLORIDA,FL,2,0,3,105,1670,MARION,11,10,October,2010,2,Monday,13,30,0,16,6,0,28.04064444,-81.61191389,12,1,0,1,0,0,1,1
121761,FLORIDA,FL,1,1,1,11,2916,BULLOCK,16,10,October,2010,7,Saturday,3,18,0,12,6,99998,26.16869167,-80.30978333,8,2,0,1,0,0,1,0
121763,FLORIDA,FL,1,0,2,81,0,AUBURN,20,10,October,2010,4,Wednesday,20,52,1,11,1,99998,27.50686389,-82.49127500,1,2,0,1,0,0,1,0
121764,FLORIDA,FL,1,1,1,86,0,AVENTURA,7,9,September,2010,3,Tuesday,3,17,0,13,3,99998,25.78259444,-80.23951389,8,3,0,2,0,0,1,0
121765,FLORIDA,FL,1,0,8,1,1130,AUTAUGA,16,10,October,2010,7,Saturday,0,53,1,13,3,99998,29.60781111,-82.36522222,42,3,0,1,0,0,1,1
121766,FLORIDA,FL,1,1,1,49,320,COLLINSVILLE,16,4,April,2010,6,Friday,20,57,1,13,2,99998,27.63113889,-81.82499167,8,2,0,1,0,0,1,0
121767,FLORIDA,FL,2,0,2,83,0,ARDMORE,4,1,January,2010,2,Monday,16,33,0,13,3,99998,29.21546667,-82.05963056,12,1,0,1,0,0,1,0
121769,FLORIDA,FL,5,0,11,57,2950,BANKSTON,26,9,September,2010,1,Sunday,10,18,0,16,6,0,27.95945833,-82.50142222,12,1,0,1,0,0,1,0
121770,FLORIDA,FL,2,0,17,11,1420,BULLOCK,9,10,October,2010,7,Saturday,7,15,0,13,2,99998,26.02208889,-80.14326111,12,1,0,1,0,0,1,1
121771,FLORIDA,FL,4,0,5,101,0,BOYLSTON,13,10,October,2010,4,Wednesday,13,4,1,13,2,99998,28.20177500,-82.73967222,12,1,0,1,0,0,1,0
121772,FLORIDA,FL,1,0,2,35,0,BROOKLYN,15,10,October,2010,6,Friday,14,33,0,6,4,0,29.40371667,-81.15730278,1,1,0,1,0,0,1,0
121773,FLORIDA,FL,1,1,2,86,0,AVENTURA,18,10,October,2010,2,Monday,5,44,1,13,2,99998,25.55890833,-80.38911111,8,3,0,1,0,0,1,0
121774,FLORIDA,FL,1,0,2,89,430,BROWNSBORO,19,10,October,2010,3,Tuesday,16,10,1,2,2,99998,30.54458889,-81.84869722,42,1,0,1,0,0,1,0
121776,FLORIDA,FL,2,0,2,83,0,ARDMORE,23,10,October,2010,7,Saturday,12,45,0,6,4,0,29.26666667,-82.11186667,12,1,0,1,0,0,1,1
121777,FLORIDA,FL,1,0,1,95,0,ALBERTVILLE,24,10,October,2010,1,Sunday,2,52,0,6,4,0,28.54393056,-81.19682778,33,3,0,1,0,0,1,1
121778,FLORIDA,FL,3,0,4,21,0,CHILTON,24,10,October,2010,1,Sunday,14,0,0,6,4,0,26.18222778,-81.68710278,12,1,0,10,0,0,1,1
121779,FLORIDA,FL,1,0,2,83,0,ARDMORE,24,10,October,2010,1,Sunday,1,38,0,6,4,0,29.24083333,-81.87516111,42,2,0,1,0,0,1,0
121780,FLORIDA,FL,1,1,1,113,0,COTTONTON,25,10,October,2010,2,Monday,20,17,1,13,2,99998,30.40030556,-86.99610556,8,3,0,1,0,0,1,1
121781,FLORIDA,FL,5,0,8,101,0,BOYLSTON,26,10,October,2010,3,Tuesday,16,58,0,6,4,0,28.27375556,-82.67433333,12,1,0,10,0,0,2,0
121782,FLORIDA,FL,1,0,1,49,0,COLLINSVILLE,27,10,October,2010,4,Wednesday,0,30,0,2,3,99998,27.48556667,-82.01385556,35,2,0,1,0,0,1,0
121783,FLORIDA,FL,1,0,1,103,0,DANVILLE,4,10,October,2010,2,Monday,23,6,1,11,1,99998,27.79627222,-82.66151944,24,3,0,1,0,0,1,0
121785,FLORIDA,FL,1,0,1,99,2674,BEATRICE,4,10,October,2010,2,Monday,7,30,0,15,6,99998,26.72188611,-80.22731111,1,1,0,1,0,0,1,0
121786,FLORIDA,FL,2,0,2,127,825,BURNWELL,8,10,October,2010,6,Friday,16,30,0,6,4,0,28.94693333,-81.20267500,12,1,0,1,0,0,1,0
121787,FLORIDA,FL,1,1,1,95,0,ALBERTVILLE,25,10,October,2010,2,Monday,20,34,0,14,3,99998,28.57749722,-81.47669722,8,3,0,1,0,0,1,0
121788,FLORIDA,FL,2,0,3,101,0,BOYLSTON,28,10,October,2010,5,Thursday,10,48,1,13,2,99998,28.18970000,-82.46631944,12,1,0,10,0,0,1,0
121789,FLORIDA,FL,2,0,3,31,1510,COFFEE,8,10,October,2010,6,Friday,9,14,0,13,2,99998,30.28691944,-81.53446111,12,1,0,1,0,0,1,1
121790,FLORIDA,FL,1,0,1,86,0,AVENTURA,17,8,August,2010,3,Tuesday,0,38,1,12,3,99998,25.72355556,-80.31859444,25,3,0,2,0,0,1,1
121791,FLORIDA,FL,2,0,3,9,3000,BLOUNT,3,9,September,2010,6,Friday,13,0,0,13,3,99998,28.61536111,-80.81603333,12,1,0,1,0,0,1,0
121792,FLORIDA,FL,2,0,2,127,780,BURNWELL,10,9,September,2010,6,Friday,20,49,0,13,3,99998,29.22832778,-81.00887500,12,3,0,1,0,0,1,0
121793,FLORIDA,FL,1,0,1,105,0,MARION,18,9,September,2010,7,Saturday,14,20,0,6,4,0,27.96952778,-81.73397222,43,1,0,1,0,0,1,0
121794,FLORIDA,FL,1,0,1,21,0,CHILTON,2,11,November,2010,3,Tuesday,21,4,0,6,4,0,26.03160000,-81.67394722,33,3,0,1,0,0,1,0
121795,FLORIDA,FL,2,0,7,95,2360,ALBERTVILLE,2,10,October,2010,7,Saturday,1,12,0,13,3,99998,28.50560833,-81.31035000,12,3,0,1,0,0,1,1
121796,FLORIDA,FL,2,0,2,127,2375,BURNWELL,7,10,October,2010,5,Thursday,2,54,0,13,3,99998,29.27096667,-81.08119444,12,3,0,1,0,0,1,1
121797,FLORIDA,FL,1,1,1,31,1510,COFFEE,10,9,September,2010,6,Friday,6,0,0,14,3,99998,30.39493889,-81.43585556,9,3,0,1,0,0,1,0
121798,FLORIDA,FL,1,0,2,69,580,ASHFORD,10,10,October,2010,1,Sunday,1,53,0,16,6,0,28.54342222,-81.74874444,59,3,0,1,0,0,1,1
121799,FLORIDA,FL,1,1,1,115,2780,ASHVILLE,27,8,August,2010,6,Friday,16,19,0,13,2,99998,27.37074722,-82.55291111,8,1,0,1,0,0,1,0
121800,FLORIDA,FL,1,1,1,86,0,AVENTURA,12,10,October,2010,3,Tuesday,19,49,0,14,2,99998,25.87457778,-80.21015000,8,3,0,10,0,0,1,0
121801,FLORIDA,FL,1,1,1,31,1510,COFFEE,15,10,October,2010,6,Friday,16,48,0,13,2,99998,30.35472222,-81.65386389,9,1,0,1,1,0,1,0
121802,FLORIDA,FL,1,1,1,109,2690,ANSLEY,16,10,October,2010,7,Saturday,3,36,0,13,2,99998,29.92525000,-81.32591944,8,3,0,1,0,0,1,0
121803,FLORIDA,FL,2,0,6,11,2468,BULLOCK,17,10,October,2010,1,Sunday,11,14,0,13,3,99998,26.00759444,-80.27981944,12,1,0,1,0,0,1,0
121804,FLORIDA,FL,3,0,7,97,0,AXIS,22,10,October,2010,6,Friday,20,17,1,2,3,99998,27.79850278,-81.16982500,12,2,0,1,0,0,1,0
121805,FLORIDA,FL,2,0,2,57,0,BANKSTON,23,10,October,2010,7,Saturday,19,10,0,6,4,0,27.96743056,-82.25284167,12,5,0,1,0,0,1,1
121806,FLORIDA,FL,2,0,3,85,1405,BENTON,25,10,October,2010,2,Monday,12,46,0,13,2,99998,27.10603889,-80.16663611,12,1,0,1,0,0,1,0
121807,FLORIDA,FL,1,0,1,53,0,ATMORE,25,10,October,2010,2,Monday,6,30,0,6,4,0,28.58467222,-82.50045833,59,2,0,1,0,0,1,0
121808,FLORIDA,FL,1,0,1,95,0,ALBERTVILLE,26,10,October,2010,3,Tuesday,18,0,0,2,3,99998,28.54351389,-80.94084722,1,2,0,1,0,0,1,1
121809,FLORIDA,FL,2,0,3,53,0,ATMORE,27,10,October,2010,4,Wednesday,5,53,0,6,4,0,28.43395278,-82.60237222,12,3,0,1,0,0,1,0
121810,FLORIDA,FL,1,0,1,89,1010,BROWNSBORO,28,10,October,2010,5,Thursday,16,43,0,16,6,0,30.59681111,-81.45956944,42,1,0,1,0,0,1,0
121811,FLORIDA,FL,2,0,2,113,0,COTTONTON,29,10,October,2010,6,Friday,21,28,0,14,2,99998,30.59434722,-87.17247500,12,2,0,1,0,0,1,1
121812,FLORIDA,FL,2,0,4,95,0,ALBERTVILLE,29,10,October,2010,6,Friday,20,57,0,13,3,99998,28.54809167,-81.31058889,12,3,0,1,0,0,1,1
121813,FLORIDA,FL,2,0,2,115,0,ASHVILLE,30,10,October,2010,7,Saturday,19,2,0,3,3,99998,27.24260278,-82.33211944,11,2,0,1,0,0,1,0
121814,FLORIDA,FL,1,1,2,127,0,BURNWELL,30,10,October,2010,7,Saturday,19,30,0,13,2,99998,29.07654722,-81.31167778,8,2,0,1,0,0,1,0
121815,FLORIDA,FL,1,1,2,86,1440,AVENTURA,3,10,October,2010,1,Sunday,4,0,1,13,2,99998,25.47721111,-80.46503056,9,3,0,1,0,0,1,1
121816,FLORIDA,FL,2,0,3,86,1440,AVENTURA,6,10,October,2010,4,Wednesday,18,11,0,16,6,0,25.46263056,-80.43624167,12,1,0,1,0,0,1,1
121817,FLORIDA,FL,1,0,1,95,2360,ALBERTVILLE,26,10,October,2010,3,Tuesday,1,5,0,16,6,0,28.54280000,-81.40373889,42,3,0,1,0,0,1,1
121818,FLORIDA,FL,2,0,3,86,0,AVENTURA,9,10,October,2010,7,Saturday,0,20,0,6,4,0,25.66966389,-80.44819167,12,3,0,1,0,0,1,0
121819,FLORIDA,FL,1,0,5,99,0,BEATRICE,16,10,October,2010,7,Saturday,22,28,0,6,4,0,26.68865556,-80.28239444,30,2,0,1,0,0,1,1
121820,FLORIDA,FL,1,1,1,81,340,AUBURN,23,10,October,2010,7,Saturday,21,28,0,13,3,99998,27.49846111,-82.51563611,8,2,0,1,0,0,1,0
121821,FLORIDA,FL,1,1,2,53,0,ATMORE,25,10,October,2010,2,Monday,21,37,1,13,2,99998,28.49157222,-82.59884722,8,3,0,1,0,0,1,1
121822,FLORIDA,FL,1,0,1,57,0,BANKSTON,29,10,October,2010,6,Friday,18,56,1,11,1,99998,27.99400278,-82.32623333,38,5,0,1,0,0,1,0
121823,FLORIDA,FL,1,1,1,57,2950,BANKSTON,29,10,October,2010,6,Friday,19,18,0,16,6,0,27.96437500,-82.39146389,8,3,0,1,0,0,1,0
121824,FLORIDA,FL,1,0,1,61,0,BELLWOOD,30,10,October,2010,7,Saturday,14,22,1,2,3,99998,27.64749444,-80.77820000,32,1,0,1,0,0,1,0
121825,FLORIDA,FL,2,1,2,31,1510,COFFEE,31,10,October,2010,1,Sunday,2,15,1,11,1,99998,30.43202500,-81.72871111,12,2,0,10,0,0,1,0
121826,FLORIDA,FL,1,1,1,115,0,ASHVILLE,31,10,October,2010,1,Sunday,1,40,1,1,1,99998,27.10922500,-82.37298056,8,2,0,1,0,0,1,0
121827,FLORIDA,FL,4,0,4,101,0,BOYLSTON,1,11,November,2010,2,Monday,7,15,0,13,3,99998,28.19821389,-82.64473333,12,2,0,1,0,0,1,0
121828,FLORIDA,FL,1,1,1,57,0,BANKSTON,1,11,November,2010,2,Monday,16,35,0,13,3,99998,28.05446389,-82.35895556,9,1,0,1,0,0,1,0
121829,FLORIDA,FL,1,0,1,9,2005,BLOUNT,2,11,November,2010,3,Tuesday,0,38,0,16,6,0,28.33201389,-80.68979444,42,2,0,1,0,0,1,1
121830,FLORIDA,FL,1,0,2,31,1510,COFFEE,7,10,October,2010,5,Thursday,1,48,0,16,6,0,30.28201111,-81.75518889,53,3,0,1,0,0,1,1
121831,FLORIDA,FL,2,0,2,103,2730,DANVILLE,5,9,September,2010,1,Sunday,2,33,0,13,2,99998,27.80285278,-82.67946111,12,3,0,1,0,0,1,2
121832,FLORIDA,FL,4,0,7,127,780,BURNWELL,15,10,October,2010,6,Friday,21,58,0,16,6,0,29.21559167,-81.03270556,12,3,0,1,0,0,1,1
121833,FLORIDA,FL,1,1,1,57,0,BANKSTON,18,10,October,2010,2,Monday,22,15,0,6,4,0,28.04238333,-82.52261389,8,2,0,1,0,0,1,0
121834,FLORIDA,FL,1,1,1,105,1270,MARION,20,10,October,2010,4,Wednesday,6,45,0,16,6,0,28.10676111,-81.59704722,8,2,0,1,0,0,1,0
121835,FLORIDA,FL,1,1,1,95,2360,ALBERTVILLE,30,9,September,2010,5,Thursday,8,17,0,13,3,99998,28.52758056,-81.31051667,8,1,0,10,0,0,1,0
121836,FLORIDA,FL,2,0,3,21,0,CHILTON,31,10,October,2010,1,Sunday,1,51,0,6,4,0,26.21171667,-81.73437222,12,3,0,1,0,0,2,0
121837,FLORIDA,FL,1,1,1,103,1770,DANVILLE,1,11,November,2010,2,Monday,19,26,0,13,2,99998,27.88889167,-82.78703889,8,3,0,1,0,0,1,0
121838,FLORIDA,FL,1,0,2,31,1510,COFFEE,16,10,October,2010,7,Saturday,20,50,0,16,6,0,30.22535000,-81.91593333,32,3,0,1,0,0,1,1
121839,FLORIDA,FL,2,0,1,103,2730,DANVILLE,28,8,August,2010,7,Saturday,1,9,0,16,6,0,27.77029167,-82.65598333,14,3,0,1,0,0,1,1
121840,FLORIDA,FL,2,0,4,103,2730,DANVILLE,30,8,August,2010,2,Monday,22,48,0,16,6,0,27.76111389,-82.65480278,12,3,0,1,0,0,1,0
121841,FLORIDA,FL,3,0,3,99,3147,BEATRICE,16,10,October,2010,7,Saturday,10,27,0,13,2,99998,26.62466389,-80.20449167,12,1,0,1,0,0,1,0
121842,FLORIDA,FL,2,0,7,129,0,BIGBEE,23,10,October,2010,7,Saturday,21,50,0,2,2,99998,30.13336667,-84.38785556,12,2,0,1,0,0,2,0
121843,FLORIDA,FL,1,0,1,83,2270,ARDMORE,29,10,October,2010,6,Friday,0,31,0,14,3,99998,29.17162500,-82.11971667,43,2,0,1,0,0,1,1
121844,FLORIDA,FL,2,0,2,99,2660,BEATRICE,31,10,October,2010,1,Sunday,19,20,0,14,2,99998,26.72243056,-80.05165833,12,3,0,1,0,0,1,1
121845,FLORIDA,FL,1,0,1,31,1510,COFFEE,22,10,October,2010,6,Friday,2,5,0,16,6,0,30.25995833,-81.55626389,30,3,0,1,0,0,1,1
121846,FLORIDA,FL,1,1,2,31,1510,COFFEE,29,10,October,2010,6,Friday,6,51,0,13,2,99998,30.33278889,-81.65885000,8,3,0,1,0,0,1,0
121847,FLORIDA,FL,1,0,1,75,0,BEAVERTON,30,10,October,2010,7,Saturday,23,45,0,6,4,0,29.37575278,-82.54004722,38,2,0,1,0,0,1,1
121848,FLORIDA,FL,1,1,1,127,0,BURNWELL,31,10,October,2010,1,Sunday,7,8,0,13,2,99998,29.33432500,-81.12914167,8,4,0,1,0,0,1,0
121849,FLORIDA,FL,1,0,2,105,0,MARION,31,10,October,2010,1,Sunday,2,20,1,13,2,99998,27.98654722,-81.89262222,24,2,0,1,0,0,1,1
121850,FLORIDA,FL,2,1,2,11,771,BULLOCK,3,11,November,2010,4,Wednesday,3,25,1,11,1,99998,26.11911667,-80.33673056,8,2,0,1,0,0,1,0
121851,FLORIDA,FL,2,0,3,86,0,AVENTURA,3,11,November,2010,4,Wednesday,21,14,1,2,2,99998,25.36838056,-80.46195833,12,2,0,2,0,0,1,1
121852,FLORIDA,FL,1,0,2,31,1510,COFFEE,7,11,November,2010,1,Sunday,2,0,0,14,3,99998,30.41057222,-81.62394444,1,6,0,1,0,0,2,1
121853,FLORIDA,FL,2,0,2,57,2950,BANKSTON,22,10,October,2010,6,Friday,7,57,0,16,6,0,27.96019722,-82.41004722,12,1,0,1,0,0,1,0
121854,FLORIDA,FL,2,1,4,57,2950,BANKSTON,16,10,October,2010,7,Saturday,7,2,0,13,3,99998,27.99617222,-82.50729722,8,3,0,1,0,0,1,0
121855,FLORIDA,FL,1,0,1,121,0,BON AIR,24,10,October,2010,1,Sunday,4,25,0,3,2,99998,29.97791944,-82.93364444,30,2,0,5,0,0,1,0
121856,FLORIDA,FL,1,0,1,17,1500,CHAMBERS,25,10,October,2010,2,Monday,17,9,0,16,6,0,28.84315556,-82.32563056,1,1,0,1,0,0,1,0
121857,FLORIDA,FL,2,0,3,57,0,BANKSTON,31,10,October,2010,1,Sunday,21,44,0,6,4,0,28.03646111,-82.18703611,12,2,0,1,0,0,1,2
121858,FLORIDA,FL,1,0,2,47,0,BROWNS,1,11,November,2010,2,Monday,18,0,0,6,4,0,30.46529167,-83.04665278,1,1,0,1,0,0,1,1
121859,FLORIDA,FL,1,0,2,17,0,CHAMBERS,6,11,November,2010,7,Saturday,1,30,0,6,4,0,28.95151667,-82.58085000,43,2,0,1,0,0,2,0
121860,FLORIDA,FL,2,0,4,19,0,CEDAR BLUFF,6,11,November,2010,7,Saturday,6,55,1,2,2,99998,30.15212222,-82.03295833,12,2,0,1,0,0,1,0
121861,FLORIDA,FL,1,0,1,17,0,CHAMBERS,12,11,November,2010,6,Friday,17,22,0,6,4,0,28.69830556,-82.43657778,1,1,0,1,0,0,1,0
121862,FLORIDA,FL,1,0,1,99,0,BEATRICE,27,10,October,2010,4,Wednesday,20,59,1,2,2,99998,26.68072778,-80.74429722,1,2,0,1,0,0,1,0
121863,FLORIDA,FL,3,4,1,101,0,BOYLSTON,5,11,November,2010,6,Friday,19,40,0,6,4,0,28.34542500,-82.69195278,53,3,0,1,0,0,1,0
121864,FLORIDA,FL,1,0,2,33,0,CHEROKEE,9,11,November,2010,3,Tuesday,18,5,0,6,4,0,30.70579167,-87.34286389,38,2,0,1,0,0,1,1
121865,FLORIDA,FL,1,1,1,117,2770,BIRMINGHAM,11,11,November,2010,5,Thursday,1,56,0,13,2,99998,28.79862778,-81.27308889,8,3,0,1,0,0,1,0
121866,FLORIDA,FL,1,0,2,11,2083,BULLOCK,5,10,October,2010,3,Tuesday,1,54,0,16,6,0,25.97823333,-80.37572500,1,3,0,1,0,0,2,0
121867,FLORIDA,FL,1,0,2,127,2580,BURNWELL,29,10,October,2010,6,Friday,22,36,0,13,2,99998,29.12978889,-80.98140000,1,3,0,1,0,0,1,0
121868,FLORIDA,FL,1,1,1,73,2940,ARGO,11,11,November,2010,5,Thursday,19,30,0,14,2,99998,30.46541111,-84.21341389,8,2,0,1,0,0,1,0
121869,FLORIDA,FL,1,0,2,113,0,COTTONTON,13,11,November,2010,7,Saturday,15,59,1,1,1,99998,30.62551389,-86.94242778,1,1,0,1,0,0,1,0
121870,FLORIDA,FL,2,0,3,61,3070,BELLWOOD,21,10,October,2010,5,Thursday,23,30,0,13,3,99998,27.63839167,-80.41376389,12,3,0,1,0,0,1,0
121871,FLORIDA,FL,1,1,1,86,1340,AVENTURA,1,11,November,2010,2,Monday,11,40,0,16,6,0,25.86389167,-80.30675278,8,1,0,10,0,0,1,0
121872,FLORIDA,FL,1,0,1,103,0,DANVILLE,7,11,November,2010,1,Sunday,2,49,1,13,3,99998,27.89380000,-82.69045000,1,3,0,1,0,0,1,1
121873,FLORIDA,FL,2,0,3,87,0,ARMSTRONG,8,11,November,2010,2,Monday,22,55,1,2,2,99998,25.20230000,-80.41949167,25,2,0,1,0,0,1,1
121874,FLORIDA,FL,1,0,1,81,0,AUBURN,11,11,November,2010,5,Thursday,5,50,0,2,2,99998,27.58399167,-82.58457222,42,3,0,1,0,0,1,1
121875,FLORIDA,FL,2,0,3,9,0,BLOUNT,11,11,November,2010,5,Thursday,10,30,0,6,4,0,27.89602500,-80.62239722,12,1,0,1,0,0,1,0
121876,FLORIDA,FL,2,0,3,87,1925,ARMSTRONG,13,11,November,2010,7,Saturday,18,15,1,13,2,99998,24.71981111,-81.06366667,12,2,0,1,0,0,1,1
121877,FLORIDA,FL,1,1,1,105,0,MARION,30,10,October,2010,7,Saturday,20,8,0,2,2,99998,28.20880556,-81.57635000,8,2,0,1,0,0,1,0
121878,FLORIDA,FL,2,0,2,11,2468,BULLOCK,27,10,October,2010,4,Wednesday,21,40,0,13,3,99998,26.00850556,-80.27346944,12,2,0,1,0,0,1,0
121879,FLORIDA,FL,2,0,4,86,1340,AVENTURA,30,10,October,2010,7,Saturday,2,29,0,16,6,0,25.88432500,-80.29953889,12,3,0,1,0,0,1,0
121880,FLORIDA,FL,1,0,1,99,2410,BEATRICE,9,11,November,2010,3,Tuesday,7,15,9,99,9,99998,26.84605278,-80.61735278,1,2,0,1,0,0,1,0
121881,FLORIDA,FL,1,0,2,57,0,BANKSTON,10,11,November,2010,4,Wednesday,22,49,0,6,4,0,27.87556111,-82.26221667,42,3,0,1,0,0,1,1
121882,FLORIDA,FL,1,0,1,131,0,ARLINGTON,14,10,October,2010,5,Thursday,21,50,0,6,4,0,30.98360833,-86.18784722,1,2,0,1,0,0,1,1
121883,FLORIDA,FL,2,1,5,103,2730,DANVILLE,10,7,July,2010,7,Saturday,7,22,0,14,2,99998,27.77031111,-82.63845833,12,1,0,1,0,0,1,0
121884,FLORIDA,FL,2,0,2,115,2780,ASHVILLE,4,9,September,2010,7,Saturday,3,12,0,13,2,99998,27.30820833,-82.53003889,12,3,0,1,0,0,1,1
121885,FLORIDA,FL,1,1,1,86,2010,AVENTURA,6,9,September,2010,2,Monday,22,53,0,13,3,99998,25.84739444,-80.19806111,8,3,0,10,0,0,1,0
121886,FLORIDA,FL,7,0,9,103,2730,DANVILLE,7,9,September,2010,3,Tuesday,13,6,0,14,2,99998,27.77719722,-82.69964444,12,1,0,1,0,0,1,0
121887,FLORIDA,FL,1,1,1,101,2180,BOYLSTON,10,9,September,2010,6,Friday,20,7,0,16,6,0,28.23655000,-82.72330556,9,3,0,1,0,0,1,0
121888,FLORIDA,FL,1,0,1,103,2740,DANVILLE,11,9,September,2010,7,Saturday,11,5,0,14,3,99998,27.74410278,-82.74803333,42,1,0,1,0,0,1,0
121889,FLORIDA,FL,1,1,1,103,2730,DANVILLE,12,9,September,2010,1,Sunday,23,59,0,14,2,99998,27.83913056,-82.63870556,9,3,0,1,0,0,1,0
121890,FLORIDA,FL,2,1,3,91,1091,DAYTON,18,9,September,2010,7,Saturday,22,18,1,13,2,99998,30.40575000,-86.62786944,8,3,0,1,0,0,1,0
121891,FLORIDA,FL,1,0,1,85,1562,BENTON,19,9,September,2010,1,Sunday,3,21,0,16,6,0,27.06416389,-80.11506111,42,8,0,10,0,0,1,0
121892,FLORIDA,FL,2,0,5,99,2674,BEATRICE,24,9,September,2010,6,Friday,5,52,1,13,2,99998,26.68031667,-80.19526389,12,3,0,2,0,0,1,0
121893,FLORIDA,FL,1,0,6,105,0,MARION,25,9,September,2010,7,Saturday,3,5,0,6,4,0,27.94581111,-82.05533889,1,2,0,1,0,0,1,1
121894,FLORIDA,FL,1,1,1,55,2800,ATTALLA,28,9,September,2010,3,Tuesday,6,19,0,15,3,99998,27.50108889,-81.43930833,8,3,0,10,0,0,1,0
121895,FLORIDA,FL,1,1,1,57,2950,BANKSTON,30,9,September,2010,5,Thursday,23,13,0,13,2,99998,27.99616389,-82.49725000,8,3,0,1,0,0,1,0
121896,FLORIDA,FL,3,1,5,57,2950,BANKSTON,1,10,October,2010,6,Friday,7,30,0,16,6,0,27.95944722,-82.50139722,12,1,0,1,0,0,1,0
121897,FLORIDA,FL,1,0,1,99,290,BEATRICE,3,10,October,2010,1,Sunday,13,40,0,16,6,0,26.42059167,-80.08029444,59,1,0,1,0,0,1,0
121898,FLORIDA,FL,2,0,3,87,1568,ARMSTRONG,5,11,November,2010,6,Friday,22,38,1,13,2,99998,25.11001389,-80.42571389,12,3,0,1,0,0,1,1
121899,FLORIDA,FL,1,1,1,86,1440,AVENTURA,4,10,October,2010,2,Monday,6,45,0,16,6,0,25.44834722,-80.43178889,8,2,0,1,0,0,1,0
121900,FLORIDA,FL,1,0,1,57,2540,BANKSTON,6,10,October,2010,4,Wednesday,0,14,0,13,3,99998,27.96708889,-82.12136389,34,2,0,1,0,0,1,0
121901,FLORIDA,FL,1,0,1,9,2424,BLOUNT,9,10,October,2010,7,Saturday,0,53,0,13,2,99998,28.05748611,-80.59034444,30,3,0,1,0,0,1,1
121902,FLORIDA,FL,4,0,8,99,0,BEATRICE,10,10,October,2010,1,Sunday,13,56,0,12,4,99998,26.35058333,-80.13741111,12,1,0,1,0,0,1,0
121903,FLORIDA,FL,1,0,2,91,835,DAYTON,12,10,October,2010,3,Tuesday,4,27,1,13,2,99998,30.39182778,-86.49461111,31,3,0,1,0,0,1,1
121904,FLORIDA,FL,1,0,3,31,1510,COFFEE,15,10,October,2010,6,Friday,11,35,1,11,1,99998,30.28724722,-81.62630556,1,1,0,1,0,0,1,0
121905,FLORIDA,FL,1,0,1,11,2468,BULLOCK,17,10,October,2010,1,Sunday,5,40,0,13,3,99998,25.99579722,-80.17735000,30,3,0,10,0,0,1,0
121906,FLORIDA,FL,2,0,3,69,1820,ASHFORD,18,10,October,2010,2,Monday,0,41,0,13,2,99998,28.80303611,-81.88765278,12,3,0,1,0,0,1,0
121907,FLORIDA,FL,2,0,4,99,0,BEATRICE,20,10,October,2010,4,Wednesday,8,47,0,13,2,99998,26.35718889,-80.20327222,12,1,0,1,0,0,1,0
121908,FLORIDA,FL,1,0,3,97,0,AXIS,22,10,October,2010,6,Friday,10,45,0,2,2,99998,27.70176111,-81.04286944,1,1,0,1,0,0,1,0
121910,FLORIDA,FL,2,0,6,86,2010,AVENTURA,22,10,October,2010,6,Friday,18,26,0,16,6,0,25.93291667,-80.26503333,12,5,0,1,0,0,1,0
121912,FLORIDA,FL,1,1,2,86,0,AVENTURA,22,10,October,2010,6,Friday,19,15,0,14,3,99998,25.84642222,-80.22537500,9,3,0,1,0,0,1,0
121913,FLORIDA,FL,2,0,3,81,2440,AUBURN,25,10,October,2010,2,Monday,15,0,0,13,2,99998,27.52113611,-82.56617222,12,1,0,1,0,0,1,0
121914,FLORIDA,FL,1,0,1,11,2541,BULLOCK,25,10,October,2010,2,Monday,0,15,0,14,6,99998,26.12088889,-80.27497500,33,3,0,2,0,0,1,0