ST_CASE,State Name,State Abbreviation,VE_TOTAL,Pedestrains,Total_Persons_in_accident,COUNTY,CITY,City_County_Name,Calendar_DAY,MONTH,Month_Name,YEAR,DAY_WEEK,Day_Week_desc,HOUR,MINUTE,NHS_Desc,trafficway,ROUTE,MILEPT,LATITUDE,LONGITUD,First_Crash_event,Light_cond_desc,Weather_condition,WEATHER,SCH_BUS,Crash_cause,FATALS,DRUNK_DR
121915,FLORIDA,FL,2,0,3,86,2025,AVENTURA,27,10,October,2010,4,Wednesday,10,32,1,11,1,99998,25.90616389,-80.34917500,12,1,0,1,0,0,2,0
121916,FLORIDA,FL,1,0,1,69,0,ASHFORD,28,10,October,2010,5,Thursday,17,55,1,2,3,99998,28.40874722,-81.36996944,1,1,0,10,0,0,1,1
121917,FLORIDA,FL,1,1,1,57,2950,BANKSTON,28,10,October,2010,5,Thursday,19,30,0,13,3,99998,27.95219444,-82.40175000,8,2,0,1,0,0,1,0
121918,FLORIDA,FL,1,0,2,99,2674,BEATRICE,30,10,October,2010,7,Saturday,11,39,1,13,2,99998,26.68116111,-80.22977500,39,1,0,1,0,0,1,0
121919,FLORIDA,FL,4,0,5,57,2950,BANKSTON,30,10,October,2010,7,Saturday,3,54,0,14,3,99998,27.99610556,-82.45113333,12,3,0,1,0,0,1,1
121920,FLORIDA,FL,1,2,3,57,2950,BANKSTON,30,10,October,2010,7,Saturday,1,57,0,16,6,0,27.93976944,-82.45447500,43,3,0,1,0,0,2,1
121921,FLORIDA,FL,1,2,1,95,0,ALBERTVILLE,3,11,November,2010,4,Wednesday,6,35,0,6,4,0,28.55385278,-81.25860000,8,2,0,1,0,0,1,0
121922,FLORIDA,FL,2,0,2,103,0,DANVILLE,3,11,November,2010,4,Wednesday,20,20,0,6,4,0,27.93208056,-82.70095833,12,3,0,1,0,0,1,0
121923,FLORIDA,FL,1,1,1,95,2360,ALBERTVILLE,4,11,November,2010,5,Thursday,13,58,0,13,3,99998,28.57759167,-81.37300000,8,1,0,10,0,0,1,0
121924,FLORIDA,FL,4,0,6,86,0,AVENTURA,5,11,November,2010,6,Friday,8,20,0,14,3,99998,25.74718056,-80.36764722,12,3,0,2,0,0,1,1
121925,FLORIDA,FL,2,0,2,105,1690,MARION,3,10,October,2010,1,Sunday,1,6,0,13,2,99998,28.04148056,-81.99007778,12,3,0,1,0,0,1,2
121926,FLORIDA,FL,3,0,5,11,2083,BULLOCK,5,11,November,2010,6,Friday,8,20,0,13,3,99998,25.98494444,-80.24739167,12,1,0,1,0,0,1,0
121927,FLORIDA,FL,1,1,1,99,0,BEATRICE,5,11,November,2010,6,Friday,8,48,0,6,4,0,26.47083056,-80.16769722,8,1,0,1,0,0,1,0
121928,FLORIDA,FL,1,0,2,89,0,BROWNSBORO,5,11,November,2010,6,Friday,21,15,1,14,3,99998,30.62100000,-81.49696944,42,3,0,1,0,0,1,0
121929,FLORIDA,FL,1,1,4,97,0,AXIS,5,11,November,2010,6,Friday,23,47,0,13,2,99998,28.24603889,-81.26428611,9,3,0,1,0,0,1,0
121930,FLORIDA,FL,1,1,1,86,2930,AVENTURA,8,11,November,2010,2,Monday,19,33,0,16,6,0,25.76824167,-80.37996944,8,3,0,1,0,0,1,0
121931,FLORIDA,FL,1,0,1,86,2010,AVENTURA,9,11,November,2010,3,Tuesday,12,0,1,12,3,99998,25.59314444,-80.37032222,1,1,0,1,0,0,1,0
121932,FLORIDA,FL,1,0,1,109,0,ANSLEY,10,11,November,2010,4,Wednesday,8,0,0,6,4,0,29.98805833,-81.45520000,5,1,0,1,0,0,1,1
121933,FLORIDA,FL,2,0,2,57,2950,BANKSTON,11,11,November,2010,5,Thursday,4,45,0,13,3,99998,28.03341667,-82.48411667,12,3,0,1,0,0,1,0
121934,FLORIDA,FL,1,1,1,86,2010,AVENTURA,12,11,November,2010,6,Friday,16,33,0,16,6,0,25.80280556,-80.19100000,8,1,0,1,0,0,1,0
121935,FLORIDA,FL,3,0,4,127,0,BURNWELL,12,11,November,2010,6,Friday,19,22,0,2,3,99998,29.05485000,-81.35315000,12,2,0,1,0,0,1,0
121936,FLORIDA,FL,2,0,4,111,0,GRAHAM,12,11,November,2010,6,Friday,17,43,1,11,1,99998,27.53362778,-80.46059444,12,5,0,10,0,0,2,0
121937,FLORIDA,FL,1,0,1,19,2056,CEDAR BLUFF,13,11,November,2010,7,Saturday,3,10,0,6,4,0,30.02860278,-81.80761111,1,2,0,1,0,0,1,1
121938,FLORIDA,FL,1,0,1,31,1510,COFFEE,13,11,November,2010,7,Saturday,19,0,1,11,1,99998,30.48171111,-81.64427778,42,3,0,1,0,0,1,0
121939,FLORIDA,FL,1,1,1,86,2010,AVENTURA,14,11,November,2010,1,Sunday,19,18,0,13,2,99998,25.75129444,-80.20259722,8,2,0,1,0,0,1,0
121940,FLORIDA,FL,2,0,2,31,1510,COFFEE,14,11,November,2010,1,Sunday,0,20,1,13,3,99998,30.32440278,-81.52378056,12,3,0,1,0,0,1,1
121941,FLORIDA,FL,2,0,6,3,0,BALDWIN,16,11,November,2010,3,Tuesday,18,40,0,3,2,99998,30.27020000,-82.19136389,12,2,0,10,0,0,2,1
121942,FLORIDA,FL,3,0,4,99,0,BEATRICE,16,11,November,2010,3,Tuesday,11,48,0,13,3,99998,26.61796667,-80.10541389,12,1,0,1,0,0,1,0
121943,FLORIDA,FL,1,1,2,11,2083,BULLOCK,16,11,November,2010,3,Tuesday,18,32,0,16,6,0,25.98263333,-80.35975278,8,2,0,1,0,0,1,0
121944,FLORIDA,FL,1,1,1,117,2770,BIRMINGHAM,16,11,November,2010,3,Tuesday,18,46,0,13,2,99998,28.76685000,-81.28228333,8,3,0,1,0,0,1,0
121945,FLORIDA,FL,2,5,1,11,1050,BULLOCK,16,11,November,2010,3,Tuesday,20,33,1,11,1,99998,26.14509444,-80.16953333,14,3,0,1,0,0,2,1
121946,FLORIDA,FL,1,0,1,31,1510,COFFEE,18,11,November,2010,5,Thursday,11,12,1,11,1,99998,30.21061667,-81.75967500,42,1,0,1,0,0,1,0
121947,FLORIDA,FL,3,0,3,115,0,ASHVILLE,19,11,November,2010,6,Friday,0,2,1,1,1,99998,27.17526667,-82.43523611,12,2,0,1,0,0,1,1
121948,FLORIDA,FL,1,0,1,95,0,ALBERTVILLE,19,11,November,2010,6,Friday,1,20,0,6,4,0,28.39016389,-81.41300000,1,3,0,1,0,0,1,1
121949,FLORIDA,FL,2,2,2,31,1510,COFFEE,20,11,November,2010,7,Saturday,18,27,0,14,3,99998,30.24840833,-81.75759444,8,2,0,1,0,0,2,0
121950,FLORIDA,FL,2,0,6,86,0,AVENTURA,20,11,November,2010,7,Saturday,21,24,1,12,3,99998,25.78041667,-80.31205278,24,2,0,10,0,0,1,0
121951,FLORIDA,FL,1,0,1,11,771,BULLOCK,20,11,November,2010,7,Saturday,7,52,0,15,6,99998,26.02958333,-80.34504722,24,1,0,1,0,0,1,0
121952,FLORIDA,FL,1,1,1,91,0,DAYTON,20,11,November,2010,7,Saturday,20,47,0,14,3,99998,30.44949722,-86.62708333,8,2,0,1,0,0,1,0
121953,FLORIDA,FL,1,1,1,69,0,ASHFORD,11,12,December,2010,7,Saturday,19,0,0,6,4,0,28.80117778,-81.53544167,8,2,0,1,0,0,1,1
121954,FLORIDA,FL,2,0,4,35,2439,BROOKLYN,20,11,November,2010,7,Saturday,0,4,0,16,6,0,29.53091667,-81.25177222,12,3,0,1,0,0,2,1
121955,FLORIDA,FL,2,0,2,86,2010,AVENTURA,21,11,November,2010,1,Sunday,13,25,1,11,1,99998,25.84584444,-80.20763056,12,1,0,10,0,0,1,1
121956,FLORIDA,FL,2,0,2,103,2530,DANVILLE,22,11,November,2010,2,Monday,18,5,0,13,3,99998,27.83913333,-82.72116111,12,3,0,1,0,0,1,0
121957,FLORIDA,FL,2,0,2,3,0,BALDWIN,22,11,November,2010,2,Monday,6,15,0,3,3,99998,30.14416667,-82.18603333,12,2,0,10,0,0,1,1
121958,FLORIDA,FL,2,0,4,9,0,BLOUNT,24,11,November,2010,4,Wednesday,21,12,0,6,4,0,28.43646944,-80.78834722,12,2,0,1,0,0,1,1
121959,FLORIDA,FL,1,0,1,57,0,BANKSTON,25,11,November,2010,5,Thursday,3,2,0,6,4,0,28.03854722,-82.20370833,34,3,0,10,0,0,1,1
121960,FLORIDA,FL,2,0,6,109,0,ANSLEY,25,11,November,2010,5,Thursday,11,5,1,1,1,99998,29.70471389,-81.32944444,12,1,0,1,0,0,1,0
121961,FLORIDA,FL,1,1,2,113,0,COTTONTON,26,11,November,2010,6,Friday,22,26,1,13,2,99998,30.40403611,-86.96773333,9,2,0,1,0,0,1,1
121962,FLORIDA,FL,1,0,6,19,0,CEDAR BLUFF,26,11,November,2010,6,Friday,23,58,0,6,4,0,29.79821667,-81.89086667,1,2,0,2,0,0,1,0
121963,FLORIDA,FL,1,1,1,86,1566,AVENTURA,27,11,November,2010,7,Saturday,22,7,0,13,3,99998,25.68609444,-80.39022222,8,3,0,1,0,0,1,0
121964,FLORIDA,FL,1,0,1,49,0,COLLINSVILLE,28,11,November,2010,1,Sunday,8,15,0,6,4,0,27.40030556,-81.61368056,1,1,0,1,0,0,1,0
121965,FLORIDA,FL,2,0,5,101,2180,BOYLSTON,30,11,November,2010,3,Tuesday,7,55,1,13,2,99998,28.22733611,-82.73215278,12,1,0,1,0,0,1,0
121966,FLORIDA,FL,1,1,1,9,1990,BLOUNT,2,11,November,2010,3,Tuesday,19,32,0,13,2,99998,28.07876944,-80.60293333,8,3,0,1,0,0,1,0
121967,FLORIDA,FL,1,0,1,71,457,BRIDGEPORT,9,11,November,2010,3,Tuesday,19,18,0,16,6,0,26.66982222,-82.01840556,53,3,0,1,0,0,1,1
121968,FLORIDA,FL,1,1,2,103,2730,DANVILLE,13,11,November,2010,7,Saturday,23,54,0,14,2,99998,27.80523611,-82.63865556,8,3,0,1,0,0,1,0
121969,FLORIDA,FL,2,0,4,86,0,AVENTURA,13,11,November,2010,7,Saturday,99,99,0,6,4,0,25.72699444,-80.35142778,12,3,0,1,0,0,1,0
121970,FLORIDA,FL,2,0,2,31,1510,COFFEE,15,11,November,2010,2,Monday,18,20,0,14,3,99998,30.30278889,-81.75996389,12,3,0,1,0,0,1,0
121971,FLORIDA,FL,1,1,1,11,2916,BULLOCK,19,11,November,2010,6,Friday,16,0,0,12,6,99998,26.17012222,-80.28573611,8,1,0,1,0,0,1,0
121972,FLORIDA,FL,1,0,2,86,0,AVENTURA,21,11,November,2010,1,Sunday,3,42,0,13,3,99998,25.66955278,-80.41646667,42,3,0,1,0,0,1,0
121973,FLORIDA,FL,1,0,2,71,1070,BRIDGEPORT,28,11,November,2010,1,Sunday,3,58,0,16,6,0,26.59766389,-81.84110556,33,3,0,1,0,0,1,1
121974,FLORIDA,FL,1,0,1,103,1770,DANVILLE,3,12,December,2010,6,Friday,2,49,0,16,6,0,27.91675833,-82.79455833,42,3,0,1,0,0,1,0
121975,FLORIDA,FL,2,0,3,95,2360,ALBERTVILLE,6,12,December,2010,2,Monday,11,12,0,14,3,99998,28.53792778,-81.34768056,12,1,0,1,0,0,1,0
121976,FLORIDA,FL,2,0,4,86,0,AVENTURA,19,11,November,2010,6,Friday,20,54,0,6,4,0,25.69948889,-80.43087500,42,3,0,1,0,0,2,0
121977,FLORIDA,FL,1,1,1,71,0,BRIDGEPORT,28,11,November,2010,1,Sunday,0,0,0,13,2,99998,26.67969167,-81.90083611,8,2,0,10,0,0,1,0
121978,FLORIDA,FL,1,1,2,86,1030,AVENTURA,22,11,November,2010,2,Monday,2,40,0,16,6,0,25.44793056,-80.47520000,8,3,0,1,0,0,1,0
121979,FLORIDA,FL,2,0,4,9,3175,BLOUNT,20,11,November,2010,7,Saturday,21,40,0,16,6,0,28.07507500,-80.63793056,12,3,0,10,0,0,1,0
121980,FLORIDA,FL,1,1,1,99,1190,BEATRICE,8,9,September,2010,4,Wednesday,14,31,0,12,6,99998,26.65806944,-80.14521667,9,1,0,1,0,0,1,0
121981,FLORIDA,FL,3,0,6,99,3190,BEATRICE,3,12,December,2010,6,Friday,14,53,0,13,3,99998,27.89417222,-82.74179167,12,1,0,1,0,0,1,0
121982,FLORIDA,FL,1,0,1,95,2360,ALBERTVILLE,4,10,October,2010,2,Monday,2,58,1,11,1,99998,28.51176667,-81.39540833,44,3,0,1,0,0,1,1
121983,FLORIDA,FL,1,1,1,71,1070,BRIDGEPORT,19,11,November,2010,6,Friday,15,53,0,16,6,0,26.65685556,-81.82751389,8,1,0,1,0,0,1,0
121984,FLORIDA,FL,1,1,1,93,0,BEAR CREEK,28,9,September,2010,3,Tuesday,21,5,0,6,4,0,27.24902222,-80.81308333,8,2,0,2,0,0,1,1
121985,FLORIDA,FL,1,0,1,11,3193,BULLOCK,14,9,September,2010,3,Tuesday,13,52,1,11,1,99998,26.13144167,-80.38441389,51,1,0,2,0,0,1,0
121986,FLORIDA,FL,1,1,1,31,1510,COFFEE,15,8,August,2010,1,Sunday,17,20,0,16,6,0,30.29792500,-81.63130278,8,1,0,1,0,0,1,0
121987,FLORIDA,FL,1,1,1,97,1590,AXIS,27,9,September,2010,2,Monday,22,0,0,16,6,0,28.30809444,-81.42026111,9,3,0,10,0,0,1,1
121989,FLORIDA,FL,2,0,6,57,2950,BANKSTON,20,11,November,2010,7,Saturday,21,37,0,16,6,0,28.02715833,-82.46975556,12,3,0,10,0,0,1,1
121990,FLORIDA,FL,1,1,1,69,1820,ASHFORD,28,9,September,2010,3,Tuesday,19,55,0,16,6,0,28.81260278,-81.91386667,9,3,0,2,0,0,1,0
121991,FLORIDA,FL,2,0,3,57,2540,BANKSTON,15,10,October,2010,6,Friday,20,30,0,13,2,99998,28.01869167,-82.10501667,12,3,0,1,0,0,1,1
121992,FLORIDA,FL,1,1,1,86,125,AVENTURA,27,11,November,2010,7,Saturday,16,30,0,16,6,0,25.96177778,-80.14189167,8,1,0,1,0,0,1,0
121993,FLORIDA,FL,2,0,3,57,0,BANKSTON,5,12,December,2010,1,Sunday,9,34,0,6,4,0,28.09926389,-82.58034444,12,1,0,10,0,0,1,0
121994,FLORIDA,FL,2,0,3,99,0,BEATRICE,20,11,November,2010,7,Saturday,19,28,0,12,4,99998,26.46506389,-80.14693889,12,3,0,1,0,0,2,0
121995,FLORIDA,FL,1,1,1,99,0,BEATRICE,26,11,November,2010,6,Friday,18,48,0,12,4,99998,26.57148611,-80.11351111,8,2,0,1,0,0,1,0
121996,FLORIDA,FL,1,0,1,11,790,BULLOCK,9,12,December,2010,5,Thursday,1,18,0,16,6,0,26.30768889,-80.12743333,42,3,0,1,0,0,1,1
121997,FLORIDA,FL,2,0,2,35,2439,BROOKLYN,3,11,November,2010,4,Wednesday,6,5,0,16,6,0,29.51587778,-81.16391111,12,2,0,10,0,0,2,0
121998,FLORIDA,FL,1,0,1,99,3190,BEATRICE,29,11,November,2010,2,Monday,22,29,0,15,6,9733,26.66598333,-80.07181389,10,3,0,1,0,0,1,1
121999,FLORIDA,FL,2,0,2,99,0,BEATRICE,2,12,December,2010,5,Thursday,8,14,1,2,2,99998,26.60817500,-80.71243333,12,1,0,1,0,0,1,0
122000,FLORIDA,FL,2,0,4,99,0,BEATRICE,3,12,December,2010,6,Friday,20,34,0,14,4,99998,26.58749167,-80.07676944,12,3,0,1,0,0,1,0
122002,FLORIDA,FL,3,0,3,57,2950,BANKSTON,4,11,November,2010,5,Thursday,21,22,0,13,2,99998,28.01068611,-82.45128889,12,3,0,10,0,0,1,1
122003,FLORIDA,FL,2,0,2,99,0,BEATRICE,28,11,November,2010,1,Sunday,4,15,0,13,3,99998,26.65181111,-80.12061944,12,3,0,1,0,0,1,1
122004,FLORIDA,FL,2,0,2,99,3190,BEATRICE,20,11,November,2010,7,Saturday,11,23,0,15,9,99998,26.71171389,-80.09609444,12,1,0,1,0,0,1,0
122005,FLORIDA,FL,1,1,1,1,1130,AUTAUGA,4,12,December,2010,7,Saturday,3,43,0,16,6,0,29.69272222,-82.31919444,8,2,0,1,0,0,1,0
122006,FLORIDA,FL,3,0,3,101,2180,BOYLSTON,10,12,December,2010,6,Friday,15,28,1,13,2,99998,28.26175000,-82.72773611,12,1,0,1,0,0,1,0
122007,FLORIDA,FL,1,0,2,9,2785,BLOUNT,12,9,September,2010,1,Sunday,6,37,0,13,3,99998,28.18663056,-80.59305556,30,4,0,1,0,0,1,0
122008,FLORIDA,FL,1,1,1,86,0,AVENTURA,30,8,August,2010,2,Monday,2,53,0,16,6,0,25.61271389,-80.31031389,8,2,0,2,0,0,1,0
122009,FLORIDA,FL,1,0,1,99,3190,BEATRICE,19,10,October,2010,3,Tuesday,7,8,0,13,3,99998,26.70853333,-80.17467222,32,2,0,1,0,0,1,1
122010,FLORIDA,FL,3,0,4,131,0,ARLINGTON,3,11,November,2010,4,Wednesday,7,55,1,2,2,99998,30.46738611,-86.13018889,12,1,0,10,0,0,1,0
122011,FLORIDA,FL,4,0,8,115,0,ASHVILLE,7,11,November,2010,1,Sunday,16,20,0,13,2,99998,27.38842778,-82.53149444,12,1,0,1,0,0,1,1
122012,FLORIDA,FL,2,0,3,95,0,ALBERTVILLE,7,11,November,2010,1,Sunday,23,12,0,6,4,0,28.62195000,-81.49875278,12,3,0,1,0,0,2,1
122013,FLORIDA,FL,2,0,2,11,0,BULLOCK,11,11,November,2010,5,Thursday,23,16,1,12,3,99998,26.25133889,-80.16648056,14,3,0,1,0,0,1,1
122014,FLORIDA,FL,2,0,2,17,0,CHAMBERS,12,11,November,2010,6,Friday,18,51,1,13,3,99998,28.88967222,-82.54664722,12,2,0,1,0,0,1,1
122015,FLORIDA,FL,1,0,4,119,0,BELLAMY,13,11,November,2010,7,Saturday,4,40,0,2,3,99998,28.67044722,-82.10099722,1,2,0,1,0,0,2,0
122016,FLORIDA,FL,1,0,4,49,0,COLLINSVILLE,14,11,November,2010,1,Sunday,14,0,0,6,4,0,27.35178056,-81.66180556,1,1,0,1,0,0,1,0
122017,FLORIDA,FL,3,0,6,71,0,BRIDGEPORT,14,11,November,2010,1,Sunday,19,48,0,3,3,99998,26.54317778,-81.63610556,12,2,0,1,0,0,1,0
122018,FLORIDA,FL,1,0,2,61,0,BELLWOOD,15,11,November,2010,2,Monday,13,13,1,13,3,99998,27.63823889,-80.43083333,30,1,0,10,0,0,2,0
122019,FLORIDA,FL,1,1,2,57,0,BANKSTON,16,11,November,2010,3,Tuesday,5,1,0,13,2,99998,27.91866111,-82.40179167,9,2,0,1,0,0,1,0
122020,FLORIDA,FL,1,0,4,75,0,BEAVERTON,16,11,November,2010,3,Tuesday,4,5,0,6,4,0,29.48921944,-82.90541667,42,2,0,10,0,0,3,1
122021,FLORIDA,FL,1,1,1,95,0,ALBERTVILLE,17,11,November,2010,4,Wednesday,17,59,0,16,6,0,28.59250556,-81.47601944,8,3,0,1,0,0,1,0
122022,FLORIDA,FL,2,0,4,83,0,ARDMORE,17,11,November,2010,4,Wednesday,7,31,0,13,2,99998,29.22824722,-82.14881667,12,1,0,1,0,0,1,0
122023,FLORIDA,FL,1,0,4,101,0,BOYLSTON,19,11,November,2010,6,Friday,18,45,1,1,1,99998,28.31278889,-82.32535556,1,2,0,1,0,0,1,0
122025,FLORIDA,FL,2,0,2,73,0,ARGO,19,11,November,2010,6,Friday,18,40,0,2,3,99998,30.39670833,-84.60630833,12,5,0,1,0,0,1,0
122026,FLORIDA,FL,1,1,4,101,0,BOYLSTON,20,11,November,2010,7,Saturday,23,25,0,13,3,99998,28.19075833,-82.61241389,8,2,0,1,0,0,1,0
122028,FLORIDA,FL,1,0,1,95,0,ALBERTVILLE,21,11,November,2010,1,Sunday,0,0,0,6,4,0,28.54198333,-81.44699444,33,3,0,1,0,0,1,1
122029,FLORIDA,FL,1,0,2,35,2439,BROOKLYN,21,11,November,2010,1,Sunday,1,45,0,13,2,99998,29.51164722,-81.26401111,1,2,0,1,0,0,1,1
122030,FLORIDA,FL,1,1,2,69,1240,ASHFORD,21,11,November,2010,1,Sunday,7,20,1,2,2,99998,28.63103333,-81.77300000,9,1,0,1,0,0,1,0
122031,FLORIDA,FL,1,0,4,93,2300,BEAR CREEK,21,11,November,2010,1,Sunday,5,30,0,6,4,0,27.44969167,-80.80703611,1,2,0,10,0,0,1,1
122032,FLORIDA,FL,1,1,2,101,0,BOYLSTON,22,11,November,2010,2,Monday,19,30,0,3,2,99998,28.43281944,-82.46240278,8,2,0,1,0,0,1,0
122033,FLORIDA,FL,1,0,1,121,0,BON AIR,23,11,November,2010,3,Tuesday,23,0,0,3,2,99998,29.93451667,-82.86030556,35,2,0,1,0,0,1,1
122035,FLORIDA,FL,1,0,1,97,0,AXIS,24,11,November,2010,4,Wednesday,22,24,0,6,4,0,28.18862222,-81.43786389,1,2,0,1,0,0,1,1
122036,FLORIDA,FL,3,0,3,127,0,BURNWELL,24,11,November,2010,4,Wednesday,2,3,0,13,2,99998,29.33725000,-81.13298333,12,2,0,1,0,0,1,1
122037,FLORIDA,FL,2,0,2,85,1552,BENTON,24,11,November,2010,4,Wednesday,23,35,0,13,2,99998,27.24302222,-80.27150000,12,3,0,1,0,0,1,1
122039,FLORIDA,FL,2,0,6,11,1420,BULLOCK,25,11,November,2010,5,Thursday,18,10,1,11,1,99998,26.00458333,-80.16710278,12,3,0,10,0,0,1,0
122040,FLORIDA,FL,3,0,5,131,0,ARLINGTON,26,11,November,2010,6,Friday,9,45,1,2,2,99998,30.39822222,-86.16978611,12,1,0,10,0,0,2,0
122041,FLORIDA,FL,3,0,4,103,0,DANVILLE,26,11,November,2010,6,Friday,10,5,0,14,3,99998,28.04871389,-82.71826667,12,1,0,10,0,0,2,0
122042,FLORIDA,FL,1,0,2,107,0,CARROLLTON,27,11,November,2010,7,Saturday,2,26,0,3,3,99998,29.66880556,-81.70020556,34,2,0,10,0,0,1,1
122043,FLORIDA,FL,2,0,4,57,0,BANKSTON,27,11,November,2010,7,Saturday,18,45,1,11,1,99998,27.71126667,-82.38578333,12,3,0,1,0,0,1,1
122045,FLORIDA,FL,2,0,3,95,0,ALBERTVILLE,28,11,November,2010,1,Sunday,2,52,0,13,3,99998,28.64005278,-81.44339167,12,3,0,1,0,0,1,2
122046,FLORIDA,FL,1,0,1,115,0,ASHVILLE,29,11,November,2010,2,Monday,6,55,1,1,1,99998,27.10000556,-82.28253611,34,1,0,5,0,0,1,0
122047,FLORIDA,FL,2,0,2,127,920,BURNWELL,29,11,November,2010,2,Monday,23,0,1,1,1,99998,28.79883333,-80.90150000,1,2,0,2,0,0,1,1
122048,FLORIDA,FL,3,0,7,21,0,CHILTON,29,11,November,2010,2,Monday,19,25,0,3,3,99998,26.49431667,-81.46840556,12,2,0,1,0,0,1,0
122049,FLORIDA,FL,2,0,3,1,0,AUTAUGA,30,11,November,2010,3,Tuesday,8,20,1,11,1,99998,29.66906389,-82.42748611,12,1,0,10,0,0,1,1
122050,FLORIDA,FL,3,0,4,131,0,ARLINGTON,30,11,November,2010,3,Tuesday,20,5,1,1,1,99998,30.70975278,-86.16803056,12,2,0,2,0,0,2,0
122051,FLORIDA,FL,2,0,3,5,2450,BAKER HILL,30,11,November,2010,3,Tuesday,17,35,0,16,6,0,30.21133056,-85.55771667,12,2,0,2,0,0,1,0
122052,FLORIDA,FL,1,1,1,95,0,ALBERTVILLE,30,11,November,2010,3,Tuesday,16,0,0,13,3,99998,28.60644722,-81.39417778,8,1,0,1,0,0,1,0
122053,FLORIDA,FL,2,0,2,53,0,ATMORE,30,11,November,2010,3,Tuesday,6,10,0,3,2,99998,28.60893056,-82.35963889,12,2,0,10,0,0,1,0
122055,FLORIDA,FL,2,0,2,17,0,CHAMBERS,3,12,December,2010,6,Friday,12,56,0,6,4,0,28.96579444,-82.42076667,12,1,0,1,0,0,1,0
122056,FLORIDA,FL,3,0,3,127,0,BURNWELL,3,12,December,2010,6,Friday,5,38,1,11,1,99998,29.33585556,-81.13099722,12,2,0,1,0,0,1,1
122057,FLORIDA,FL,2,3,1,86,1340,AVENTURA,3,12,December,2010,6,Friday,13,40,0,12,3,99998,25.87130000,-80.32293889,14,1,0,1,0,0,1,0
122058,FLORIDA,FL,1,0,1,103,0,DANVILLE,4,12,December,2010,7,Saturday,23,30,0,6,4,0,28.09668889,-82.74690556,33,2,0,1,0,0,1,1
122059,FLORIDA,FL,1,0,1,53,0,ATMORE,4,12,December,2010,7,Saturday,21,0,0,6,4,0,28.52691389,-82.30119167,1,2,0,10,0,0,1,0
122062,FLORIDA,FL,2,0,6,95,0,ALBERTVILLE,6,12,December,2010,2,Monday,6,15,0,6,4,0,28.53831667,-81.46760000,12,4,0,1,0,0,1,0
122063,FLORIDA,FL,1,1,1,119,0,BELLAMY,10,12,December,2010,6,Friday,16,38,0,6,4,0,28.57000833,-82.03412778,8,1,0,10,0,0,1,0
122064,FLORIDA,FL,2,0,5,109,0,ANSLEY,10,12,December,2010,6,Friday,13,20,0,13,2,99998,29.82603889,-81.32218056,12,1,0,2,0,0,1,0
122065,FLORIDA,FL,2,0,4,53,0,ATMORE,11,12,December,2010,7,Saturday,3,42,1,1,1,99998,28.56241389,-82.23613333,24,2,0,5,0,0,1,1
122066,FLORIDA,FL,1,0,2,47,0,BROWNS,11,12,December,2010,7,Saturday,3,10,0,6,4,0,30.53055833,-82.93926667,42,2,0,2,0,0,2,1
122067,FLORIDA,FL,1,0,1,133,0,ARLEY,17,12,December,2010,6,Friday,12,0,0,2,3,99998,30.56353889,-85.61386389,24,9,0,99,0,0,1,0
122068,FLORIDA,FL,5,0,12,127,780,BURNWELL,6,11,November,2010,7,Saturday,20,28,0,13,3,99998,29.18818889,-81.03145000,1,2,0,1,0,0,1,0
122069,FLORIDA,FL,2,0,3,86,0,AVENTURA,26,11,November,2010,6,Friday,0,2,0,6,4,0,25.61247500,-80.38167222,12,3,0,1,0,0,2,1
122070,FLORIDA,FL,1,0,2,11,1050,BULLOCK,2,12,December,2010,5,Thursday,3,30,1,11,1,99998,26.11995833,-80.16891111,41,3,0,1,0,0,2,1
122071,FLORIDA,FL,1,1,2,86,0,AVENTURA,5,12,December,2010,1,Sunday,21,22,0,6,4,0,25.74348611,-80.41672500,8,3,0,1,0,0,1,0
122072,FLORIDA,FL,1,0,1,1,10,AUTAUGA,12,12,December,2010,1,Sunday,17,39,0,2,2,99998,29.77672500,-82.44645556,42,1,0,1,0,0,1,0
122073,FLORIDA,FL,1,1,1,17,0,CHAMBERS,13,12,December,2010,2,Monday,18,42,1,13,3,99998,28.85090278,-82.37809444,8,2,0,1,0,0,1,0
122074,FLORIDA,FL,1,1,3,9,0,BLOUNT,19,12,December,2010,1,Sunday,18,48,0,13,3,99998,28.35734444,-80.66908889,8,2,0,1,0,0,1,0
122075,FLORIDA,FL,1,0,1,21,0,CHILTON,20,12,December,2010,2,Monday,11,47,0,6,4,0,26.23591389,-81.75244722,42,1,0,1,0,0,1,0
122076,FLORIDA,FL,2,0,2,11,1050,BULLOCK,18,8,August,2010,4,Wednesday,14,40,0,13,2,99998,26.18194722,-80.11939167,12,1,0,1,0,0,1,0