ST_CASE,State Name,State Abbreviation,VE_TOTAL,Pedestrains,Total_Persons_in_accident,COUNTY,CITY,City_County_Name,Calendar_DAY,MONTH,Month_Name,YEAR,DAY_WEEK,Day_Week_desc,HOUR,MINUTE,NHS_Desc,trafficway,ROUTE,MILEPT,LATITUDE,LONGITUD,First_Crash_event,Light_cond_desc,Weather_condition,WEATHER,SCH_BUS,Crash_cause,FATALS,DRUNK_DR
122078,FLORIDA,FL,1,0,1,15,0,ANNISTON,5,11,November,2010,6,Friday,12,34,0,14,3,99998,26.96601111,-82.21090000,30,1,0,10,0,0,1,0
122079,FLORIDA,FL,2,0,4,95,0,ALBERTVILLE,1,12,December,2010,4,Wednesday,7,2,0,13,3,99998,28.59901111,-81.30653333,12,1,0,10,0,0,1,0
122080,FLORIDA,FL,1,0,3,99,290,BEATRICE,1,12,December,2010,4,Wednesday,19,50,1,11,1,99998,26.38702500,-80.10402778,30,3,0,1,0,0,1,0
122081,FLORIDA,FL,2,0,2,31,1510,COFFEE,2,12,December,2010,5,Thursday,9,32,0,13,2,99998,30.25022500,-81.69831111,12,1,0,1,0,0,1,0
122082,FLORIDA,FL,1,1,1,51,600,CENTRAL,3,12,December,2010,6,Friday,6,2,1,13,2,99998,26.75424722,-80.93886944,8,3,0,1,0,0,1,0
122083,FLORIDA,FL,1,1,1,83,0,ARDMORE,3,12,December,2010,6,Friday,21,55,0,6,4,0,29.10233056,-82.01051389,8,3,0,1,0,0,1,0
122084,FLORIDA,FL,1,0,3,97,0,AXIS,6,12,December,2010,2,Monday,19,20,1,2,3,99998,27.96594722,-81.10353056,1,2,0,10,0,0,1,1
122085,FLORIDA,FL,1,0,1,11,672,BULLOCK,9,12,December,2010,5,Thursday,4,33,1,12,3,99998,26.29160556,-80.29825278,1,3,0,10,0,0,1,1
122086,FLORIDA,FL,3,0,8,11,0,BULLOCK,9,12,December,2010,5,Thursday,0,19,1,2,2,99998,26.23139444,-80.46070278,12,2,0,1,0,0,3,0
122087,FLORIDA,FL,2,0,7,91,0,DAYTON,10,12,December,2010,6,Friday,8,5,1,13,3,99998,30.48547778,-86.41898056,12,1,0,1,0,0,1,0
122088,FLORIDA,FL,2,0,5,71,1823,BRIDGEPORT,10,12,December,2010,6,Friday,6,18,0,6,4,0,26.61691389,-81.71440556,12,2,0,1,0,0,1,0
122089,FLORIDA,FL,2,0,3,95,0,ALBERTVILLE,10,12,December,2010,6,Friday,11,49,0,14,3,99998,28.61020000,-81.41516111,12,1,0,1,0,0,1,0
122090,FLORIDA,FL,1,0,2,117,0,BIRMINGHAM,11,12,December,2010,7,Saturday,4,25,0,16,6,0,28.71431111,-81.11476111,43,2,0,5,0,0,2,1
122091,FLORIDA,FL,2,0,2,99,0,BEATRICE,11,12,December,2010,7,Saturday,9,17,0,14,6,99998,26.62858889,-80.09078056,12,1,0,1,0,0,1,1
122092,FLORIDA,FL,1,0,1,31,1510,COFFEE,12,12,December,2010,1,Sunday,2,20,1,11,3,99998,30.35315000,-81.55307500,33,3,0,5,0,0,1,1
122093,FLORIDA,FL,2,0,2,11,3193,BULLOCK,14,12,December,2010,3,Tuesday,23,53,1,11,1,99998,26.09074167,-80.36318333,12,3,0,1,0,0,1,1
122094,FLORIDA,FL,1,0,1,69,0,ASHFORD,14,12,December,2010,3,Tuesday,23,50,0,16,6,0,28.46971389,-81.84421111,18,2,0,1,0,0,1,1
122095,FLORIDA,FL,1,1,1,57,0,BANKSTON,15,12,December,2010,4,Wednesday,13,40,0,13,2,99998,28.08673889,-82.45925556,8,1,0,1,0,0,1,0
122096,FLORIDA,FL,2,0,2,89,0,BROWNSBORO,16,12,December,2010,5,Thursday,18,15,0,2,2,99998,30.51078056,-81.79373889,12,2,0,1,0,0,1,1
122097,FLORIDA,FL,2,0,1,57,0,BANKSTON,17,12,December,2010,6,Friday,21,15,1,11,1,99998,27.85307222,-82.34636111,14,3,0,1,0,0,1,1
122098,FLORIDA,FL,1,0,3,81,0,AUBURN,18,12,December,2010,7,Saturday,3,17,1,2,3,99998,27.38518889,-82.24533889,34,2,0,1,0,0,1,1
122099,FLORIDA,FL,1,1,1,86,2010,AVENTURA,10,12,December,2010,6,Friday,18,10,0,14,2,99998,25.82313056,-80.26736944,8,1,0,1,0,0,1,0
122100,FLORIDA,FL,1,0,1,51,0,CENTRAL,20,12,December,2010,2,Monday,6,0,0,6,4,0,26.65324444,-80.90251111,43,4,0,1,0,0,1,0
122101,FLORIDA,FL,1,1,1,57,0,BANKSTON,20,12,December,2010,2,Monday,20,43,0,13,3,99998,28.01272778,-82.50499722,8,3,0,1,0,0,1,0
122102,FLORIDA,FL,2,0,5,57,0,BANKSTON,21,12,December,2010,3,Tuesday,20,58,1,13,3,99998,27.99983333,-82.24450000,12,3,0,1,0,0,1,0
122103,FLORIDA,FL,2,0,2,115,0,ASHVILLE,21,12,December,2010,3,Tuesday,13,23,0,6,4,0,27.32306667,-82.46451111,12,1,0,1,0,0,1,0
122104,FLORIDA,FL,1,1,1,91,0,DAYTON,22,12,December,2010,4,Wednesday,17,25,0,6,4,0,30.44416667,-86.61759167,8,2,0,1,0,0,1,0
122105,FLORIDA,FL,2,0,2,119,0,BELLAMY,22,12,December,2010,4,Wednesday,17,13,0,2,2,99998,28.62170278,-82.13266389,12,1,0,10,0,0,2,2
122106,FLORIDA,FL,2,0,2,99,0,BEATRICE,2,12,December,2010,5,Thursday,15,18,0,15,4,99998,26.69926389,-80.17294444,12,1,0,1,0,0,1,0
122107,FLORIDA,FL,1,0,3,57,0,BANKSTON,3,12,December,2010,6,Friday,15,44,0,6,4,0,27.99160556,-82.38753333,42,1,0,1,0,0,1,0
122108,FLORIDA,FL,1,1,4,39,0,ANDALUSIA,11,12,December,2010,7,Saturday,18,46,1,2,2,99998,30.68037222,-84.38376389,8,2,0,1,0,0,1,0
122109,FLORIDA,FL,1,0,1,99,0,BEATRICE,15,12,December,2010,4,Wednesday,8,17,0,15,4,99998,26.35944444,-80.17138333,3,1,0,1,0,0,1,0
122110,FLORIDA,FL,2,0,4,101,0,BOYLSTON,15,12,December,2010,4,Wednesday,20,55,1,13,2,99998,28.31186111,-82.69938889,12,3,0,10,0,0,1,1
122111,FLORIDA,FL,1,1,1,127,2375,BURNWELL,17,12,December,2010,6,Friday,1,25,0,13,2,99998,29.30782222,-81.09708889,8,3,0,1,0,0,1,0
122112,FLORIDA,FL,1,1,1,57,0,BANKSTON,17,12,December,2010,6,Friday,20,43,0,6,4,0,27.79225000,-82.37200556,8,2,0,1,0,0,1,0
122113,FLORIDA,FL,2,0,5,101,0,BOYLSTON,18,12,December,2010,7,Saturday,22,43,0,6,4,0,28.34781389,-82.20105278,12,2,0,5,0,0,1,0
122115,FLORIDA,FL,1,0,1,9,2424,BLOUNT,27,12,December,2010,2,Monday,3,20,1,11,1,99998,28.03731667,-80.65933056,1,2,0,1,0,0,1,1
122116,FLORIDA,FL,2,0,2,69,1820,ASHFORD,14,12,December,2010,3,Tuesday,14,18,0,14,3,99998,28.80669167,-81.86089167,12,1,0,1,0,0,1,0
122117,FLORIDA,FL,2,0,3,45,2600,ARITON,15,12,December,2010,4,Wednesday,9,8,0,2,2,99998,29.82962778,-85.31196389,12,1,0,1,0,0,2,0
122118,FLORIDA,FL,2,0,2,86,1340,AVENTURA,25,10,October,2010,2,Monday,18,2,0,16,6,0,25.86133333,-80.28284167,12,1,0,10,0,0,1,0
122119,FLORIDA,FL,1,1,2,86,1340,AVENTURA,28,11,November,2010,1,Sunday,21,17,0,14,3,99998,25.84092500,-80.28004444,8,3,0,10,0,0,1,0
122120,FLORIDA,FL,1,1,1,11,760,BULLOCK,8,12,December,2010,4,Wednesday,18,58,0,13,3,99998,26.06227500,-80.18749722,9,2,0,1,0,0,1,0
122121,FLORIDA,FL,1,1,3,11,771,BULLOCK,18,12,December,2010,7,Saturday,1,25,1,11,3,99998,26.09091667,-80.20101111,8,2,0,1,0,0,1,0
122122,FLORIDA,FL,1,1,2,117,30,BIRMINGHAM,24,12,December,2010,6,Friday,20,10,0,13,3,99998,28.65423333,-81.41852500,9,3,0,1,0,0,1,0
122123,FLORIDA,FL,2,0,3,105,1740,MARION,29,8,August,2010,1,Sunday,14,38,0,16,6,0,27.95133611,-81.61689444,12,1,0,10,0,0,1,0
122124,FLORIDA,FL,1,0,1,103,570,DANVILLE,30,9,September,2010,5,Thursday,15,20,0,13,3,99998,28.02669722,-82.70486667,33,1,0,1,0,0,1,0
122125,FLORIDA,FL,1,1,1,86,670,AVENTURA,13,11,November,2010,7,Saturday,19,21,0,14,3,99998,25.72966111,-80.28632778,8,3,0,1,0,0,1,0
122126,FLORIDA,FL,1,0,1,57,0,BANKSTON,13,11,November,2010,7,Saturday,23,55,0,6,4,0,28.12788056,-82.44287778,1,3,0,1,0,0,1,0
122127,FLORIDA,FL,1,0,1,17,1500,CHAMBERS,19,11,November,2010,6,Friday,7,52,0,14,2,99998,28.86198889,-82.35223333,33,1,0,1,0,0,1,0
122128,FLORIDA,FL,1,1,1,105,0,MARION,29,11,November,2010,2,Monday,6,5,0,6,4,0,28.14669444,-81.98207500,8,2,0,10,0,0,1,0
122129,FLORIDA,FL,1,0,3,71,1070,BRIDGEPORT,2,12,December,2010,5,Thursday,1,41,0,16,6,0,26.63024722,-81.84730278,42,3,0,2,0,0,1,0
122130,FLORIDA,FL,2,0,4,105,1740,MARION,3,12,December,2010,6,Friday,13,59,0,16,6,0,27.90146389,-81.55603889,12,1,0,1,0,0,2,0
122131,FLORIDA,FL,2,0,2,86,0,AVENTURA,4,12,December,2010,7,Saturday,4,30,1,12,3,99998,25.90212500,-80.38501111,12,3,0,1,0,0,1,2
122132,FLORIDA,FL,2,0,1,105,0,MARION,16,12,December,2010,5,Thursday,15,20,0,6,4,0,27.90948056,-82.03680278,34,1,0,1,0,0,1,1
122133,FLORIDA,FL,1,0,1,5,2450,BAKER HILL,17,12,December,2010,6,Friday,2,35,1,13,2,99998,30.17539167,-85.69732778,33,3,0,10,0,0,1,1
122134,FLORIDA,FL,2,1,1,95,0,ALBERTVILLE,17,12,December,2010,6,Friday,1,48,0,6,4,0,28.58748889,-81.12437500,12,2,0,1,0,0,1,0
122135,FLORIDA,FL,1,0,2,119,0,BELLAMY,18,12,December,2010,7,Saturday,21,50,0,6,4,0,28.61645556,-82.10613611,34,2,0,1,0,0,1,0
122136,FLORIDA,FL,1,1,1,101,0,BOYLSTON,19,12,December,2010,1,Sunday,19,18,0,6,4,0,28.30816111,-82.66631944,9,3,0,1,0,0,1,0
122137,FLORIDA,FL,2,1,1,86,2010,AVENTURA,20,12,December,2010,2,Monday,4,50,1,12,3,99998,25.78150000,-80.37366667,14,3,0,10,0,0,1,1
122138,FLORIDA,FL,1,0,1,31,1510,COFFEE,20,12,December,2010,2,Monday,23,15,0,14,3,99998,30.24629722,-81.87383333,1,2,0,1,0,0,1,1
122139,FLORIDA,FL,2,2,3,95,0,ALBERTVILLE,23,12,December,2010,5,Thursday,18,53,0,13,3,99998,28.58317222,-81.20769722,8,3,0,1,0,0,1,0
122140,FLORIDA,FL,2,1,1,99,1750,BEATRICE,24,12,December,2010,6,Friday,14,32,1,11,1,99998,26.58203889,-80.06898889,14,1,0,10,0,0,1,1
122141,FLORIDA,FL,1,1,1,83,0,ARDMORE,24,12,December,2010,6,Friday,3,25,0,6,4,0,29.42061111,-82.08274722,8,2,0,1,0,0,1,0
122142,FLORIDA,FL,2,0,5,101,0,BOYLSTON,24,12,December,2010,6,Friday,13,55,0,13,3,99998,28.19187222,-82.60633333,12,1,0,1,0,0,1,0
122143,FLORIDA,FL,1,1,2,11,1782,BULLOCK,25,12,December,2010,7,Saturday,22,14,0,13,3,99998,26.19388611,-80.24556667,8,3,0,1,0,0,1,0
122144,FLORIDA,FL,1,0,1,31,1510,COFFEE,25,12,December,2010,7,Saturday,13,0,1,11,1,99998,30.31696111,-81.76866944,24,1,0,1,0,0,1,0
122145,FLORIDA,FL,1,1,1,95,0,ALBERTVILLE,26,12,December,2010,1,Sunday,17,49,9,99,9,99998,28.38587778,-81.53724444,8,5,0,1,0,0,1,0
122146,FLORIDA,FL,2,0,4,57,2540,BANKSTON,27,12,December,2010,2,Monday,18,38,0,13,2,99998,28.02018889,-82.09675278,12,2,0,1,0,0,1,0
122147,FLORIDA,FL,1,0,9,35,0,BROOKLYN,5,12,December,2010,1,Sunday,23,0,1,11,1,99998,29.59036111,-81.24284722,1,2,0,10,0,0,5,0
122148,FLORIDA,FL,2,0,2,103,2730,DANVILLE,30,9,September,2010,5,Thursday,0,1,0,16,6,0,27.75206944,-82.66090278,12,3,0,1,0,0,1,0
122149,FLORIDA,FL,1,0,1,9,2424,BLOUNT,24,10,October,2010,1,Sunday,1,17,0,16,6,0,28.01103611,-80.67198333,30,3,0,1,0,0,1,0
122150,FLORIDA,FL,2,0,3,117,0,BIRMINGHAM,20,11,November,2010,7,Saturday,21,59,0,16,6,0,28.78643889,-81.31631944,12,3,0,1,0,0,1,1
122151,FLORIDA,FL,1,1,1,9,2424,BLOUNT,24,11,November,2010,4,Wednesday,18,27,0,16,6,0,28.03505278,-80.61840000,8,1,0,1,0,0,1,0
122152,FLORIDA,FL,2,0,4,49,0,COLLINSVILLE,28,11,November,2010,1,Sunday,13,35,1,13,2,99998,27.45933333,-81.99983333,12,1,0,1,0,0,1,0
122153,FLORIDA,FL,2,0,2,127,0,BURNWELL,28,11,November,2010,1,Sunday,10,58,9,99,9,99998,28.98471944,-81.23593333,12,1,0,1,0,0,1,0
122154,FLORIDA,FL,1,1,1,9,630,BLOUNT,1,12,December,2010,4,Wednesday,23,48,0,13,3,99998,28.35796111,-80.61400556,15,2,0,1,0,0,1,0
122155,FLORIDA,FL,1,1,1,83,0,ARDMORE,2,12,December,2010,5,Thursday,22,18,0,6,4,0,29.15671667,-82.17855000,8,2,0,1,0,0,1,0
122156,FLORIDA,FL,2,0,3,35,2439,BROOKLYN,7,12,December,2010,3,Tuesday,10,58,0,13,3,99998,29.47617222,-81.18335000,12,1,0,1,0,0,1,0
122157,FLORIDA,FL,1,0,1,17,0,CHAMBERS,9,12,December,2010,5,Thursday,0,0,0,6,4,0,28.76403889,-82.52999444,1,2,0,1,0,0,1,1
122158,FLORIDA,FL,2,0,2,81,340,AUBURN,16,12,December,2010,5,Thursday,23,26,0,14,3,99998,27.49588333,-82.61255833,12,3,0,1,0,0,1,1
122159,FLORIDA,FL,2,0,2,9,0,BLOUNT,18,12,December,2010,7,Saturday,9,52,0,6,4,0,28.20769444,-80.67217222,12,1,0,2,0,0,1,0
122160,FLORIDA,FL,1,1,1,86,0,AVENTURA,19,12,December,2010,1,Sunday,6,15,0,13,2,99998,25.76711389,-80.20244722,8,4,0,1,0,0,1,0
122161,FLORIDA,FL,2,0,2,95,2360,ALBERTVILLE,19,12,December,2010,1,Sunday,3,15,0,16,6,0,28.48286389,-81.45365278,12,3,0,5,0,0,1,0
122162,FLORIDA,FL,3,0,5,99,820,BEATRICE,23,12,December,2010,5,Thursday,11,28,0,12,6,99998,26.43562778,-80.12224444,12,1,0,1,0,0,1,0
122164,FLORIDA,FL,3,0,6,17,0,CHAMBERS,24,12,December,2010,6,Friday,20,0,0,3,2,99998,28.72461944,-82.30351111,12,2,0,1,0,0,1,0
122165,FLORIDA,FL,1,1,1,31,110,COFFEE,24,12,December,2010,6,Friday,18,50,0,13,3,99998,30.32460556,-81.40598333,8,2,0,1,0,0,1,1
122166,FLORIDA,FL,1,0,7,86,1440,AVENTURA,25,12,December,2010,7,Saturday,22,0,0,16,6,0,25.47771667,-80.42004722,1,3,0,1,0,0,1,1
122167,FLORIDA,FL,1,0,1,21,0,CHILTON,28,12,December,2010,3,Tuesday,13,5,0,6,4,0,26.30727778,-81.74209444,33,1,0,1,0,0,1,0
122168,FLORIDA,FL,1,0,1,29,0,BORDEN SPRINGS,29,12,December,2010,4,Wednesday,20,35,0,6,4,0,29.54651111,-82.99078056,1,2,0,1,0,0,1,1
122169,FLORIDA,FL,1,1,1,57,0,BANKSTON,30,12,December,2010,5,Thursday,17,15,0,6,4,0,27.99975278,-82.52596111,8,2,0,1,0,0,1,0
122170,FLORIDA,FL,1,0,1,5,0,BAKER HILL,30,12,December,2010,5,Thursday,11,40,0,6,4,0,30.15232500,-85.74807222,42,1,0,10,0,0,1,1
122171,FLORIDA,FL,2,0,2,9,0,BLOUNT,30,12,December,2010,5,Thursday,21,25,0,6,4,0,28.48318056,-80.67861111,12,2,0,10,0,0,1,1
122172,FLORIDA,FL,2,0,3,57,2950,BANKSTON,30,12,December,2010,5,Thursday,16,1,1,11,1,99998,27.95071111,-82.51990278,12,1,0,1,0,0,1,0
122173,FLORIDA,FL,1,1,1,86,2010,AVENTURA,30,12,December,2010,5,Thursday,0,25,1,11,1,99998,25.78625556,-80.18858889,8,3,0,10,0,0,1,0
122174,FLORIDA,FL,1,0,1,115,0,ASHVILLE,30,12,December,2010,5,Thursday,9,11,1,1,1,99998,27.29570556,-82.44739444,1,1,0,1,0,0,1,0
122175,FLORIDA,FL,2,0,3,95,0,ALBERTVILLE,30,12,December,2010,5,Thursday,21,0,0,13,3,99998,28.58108333,-81.30789722,12,2,0,1,0,0,1,0
122176,FLORIDA,FL,1,0,1,21,0,CHILTON,31,12,December,2010,6,Friday,15,14,0,2,2,99998,25.84486111,-80.91959444,42,1,0,1,0,0,1,1
122177,FLORIDA,FL,1,0,1,89,0,BROWNSBORO,31,12,December,2010,6,Friday,22,30,0,6,4,0,30.45815833,-82.00157778,34,2,0,5,0,0,1,0
122178,FLORIDA,FL,1,1,1,86,670,AVENTURA,6,7,July,2010,3,Tuesday,16,44,0,16,6,0,25.74877778,-80.25636389,8,1,0,10,0,0,1,0
122179,FLORIDA,FL,1,1,3,111,2601,GRAHAM,28,10,October,2010,5,Thursday,14,27,0,15,6,99998,27.31766667,-80.37925556,9,1,0,98,0,0,1,0
122180,FLORIDA,FL,2,1,2,83,0,ARDMORE,29,10,October,2010,6,Friday,20,25,0,6,4,0,29.26716111,-82.21538056,9,2,0,1,0,0,1,0
122181,FLORIDA,FL,2,0,2,111,0,GRAHAM,23,11,November,2010,3,Tuesday,10,34,1,11,1,99998,27.37453056,-80.40895833,12,1,0,1,0,0,1,0
122182,FLORIDA,FL,1,0,1,127,0,BURNWELL,25,11,November,2010,5,Thursday,22,35,1,11,1,99998,29.15656111,-81.07072500,42,3,0,1,0,0,1,0
122183,FLORIDA,FL,1,1,4,31,110,COFFEE,28,11,November,2010,1,Sunday,1,51,0,16,6,0,30.32805556,-81.39741667,9,3,0,1,0,0,1,0
122184,FLORIDA,FL,3,0,4,105,0,MARION,18,12,December,2010,7,Saturday,6,56,1,2,3,99998,27.80577778,-81.30346111,12,4,0,10,0,0,1,0
122185,FLORIDA,FL,1,0,3,71,0,BRIDGEPORT,24,12,December,2010,6,Friday,2,24,0,6,4,0,26.52640000,-81.90106944,42,2,0,1,0,0,1,1
122186,FLORIDA,FL,1,0,1,31,1510,COFFEE,28,12,December,2010,3,Tuesday,22,40,1,11,1,99998,30.17620278,-81.55883056,59,3,0,1,0,0,1,0
122187,FLORIDA,FL,2,0,3,71,0,BRIDGEPORT,28,12,December,2010,3,Tuesday,23,35,0,13,2,99998,26.50182778,-81.85608056,12,2,0,1,0,0,2,1
122188,FLORIDA,FL,2,0,2,115,0,ASHVILLE,28,12,December,2010,3,Tuesday,19,55,0,6,4,0,27.33638611,-82.45024444,12,3,0,1,0,0,1,0
122189,FLORIDA,FL,1,0,1,83,0,ARDMORE,29,12,December,2010,4,Wednesday,11,25,0,6,4,0,29.17010278,-82.51046389,30,1,0,1,0,0,1,1
122190,FLORIDA,FL,3,1,12,87,1568,ARMSTRONG,29,12,December,2010,4,Wednesday,19,33,1,13,2,99998,25.09625833,-80.43865556,9,2,0,1,0,0,1,0
122191,FLORIDA,FL,1,1,1,95,0,ALBERTVILLE,29,12,December,2010,4,Wednesday,18,30,0,6,4,0,28.67544444,-81.48872222,8,2,0,1,0,0,1,0
122192,FLORIDA,FL,1,1,2,127,0,BURNWELL,29,12,December,2010,4,Wednesday,18,20,0,14,3,99998,29.02367778,-81.32412500,8,2,0,1,0,0,1,0
122193,FLORIDA,FL,2,0,2,111,2601,GRAHAM,3,2,February,2010,4,Wednesday,6,0,0,15,6,99998,27.28856944,-80.40738056,12,3,0,10,0,0,1,0
122194,FLORIDA,FL,1,1,1,91,1091,DAYTON,17,11,November,2010,4,Wednesday,17,54,1,13,2,99998,30.40433333,-86.61646111,8,3,0,1,0,0,1,0
122195,FLORIDA,FL,2,0,3,99,1560,BEATRICE,7,11,November,2010,1,Sunday,16,54,0,15,6,99998,26.91759722,-80.13451944,12,1,0,10,0,0,1,0
122196,FLORIDA,FL,1,1,1,111,0,GRAHAM,22,11,November,2010,2,Monday,22,3,0,15,6,99998,27.52923889,-80.39821389,8,3,0,10,0,0,1,0
122197,FLORIDA,FL,2,0,4,105,0,MARION,20,12,December,2010,2,Monday,10,15,0,6,4,0,28.14308889,-81.62339722,12,1,0,1,0,0,1,0
122198,FLORIDA,FL,1,1,1,57,2950,BANKSTON,18,11,November,2010,5,Thursday,6,20,0,13,3,99998,27.98132778,-82.49047222,8,3,0,1,0,0,1,0
122199,FLORIDA,FL,1,0,7,127,2340,BURNWELL,11,12,December,2010,7,Saturday,1,33,0,16,6,0,28.91672500,-81.28812500,30,2,0,10,0,0,2,0
122200,FLORIDA,FL,1,0,1,57,2950,BANKSTON,13,12,December,2010,2,Monday,21,13,0,16,6,0,27.95511111,-82.48293056,19,3,0,1,0,0,1,0
122201,FLORIDA,FL,1,0,2,86,0,AVENTURA,18,12,December,2010,7,Saturday,5,7,0,6,4,0,25.67582778,-80.44006944,1,3,0,1,0,0,1,1
122202,FLORIDA,FL,3,0,3,103,1770,DANVILLE,27,12,December,2010,2,Monday,19,13,1,12,2,99998,27.90815833,-82.72895556,25,3,0,1,0,0,1,0
122203,FLORIDA,FL,1,1,1,86,0,AVENTURA,23,10,October,2010,7,Saturday,6,34,0,6,4,0,25.59471944,-80.38088056,8,2,0,1,0,0,1,0
122204,FLORIDA,FL,2,0,3,57,0,BANKSTON,3,11,November,2010,4,Wednesday,21,41,0,6,4,0,28.06083333,-82.54056111,12,2,0,1,0,0,1,0
122205,FLORIDA,FL,1,1,1,11,1420,BULLOCK,6,11,November,2010,7,Saturday,22,7,0,14,3,99998,25.98895278,-80.11902500,8,3,0,1,0,0,1,0
122206,FLORIDA,FL,1,1,2,127,0,BURNWELL,12,11,November,2010,6,Friday,18,8,0,16,6,0,28.94868056,-81.26353333,8,2,0,1,0,0,1,0
122207,FLORIDA,FL,3,1,2,11,1782,BULLOCK,22,5,May,2010,7,Saturday,9,7,0,16,6,0,26.13494444,-80.19663611,14,1,0,1,0,0,2,0
122208,FLORIDA,FL,1,0,1,103,2730,DANVILLE,26,10,October,2010,3,Tuesday,14,34,0,16,6,0,27.77385000,-82.65486389,44,1,0,1,0,0,1,1
122209,FLORIDA,FL,2,0,2,19,0,CEDAR BLUFF,15,11,November,2010,2,Monday,18,20,0,6,4,0,30.10431389,-81.86461389,12,2,0,1,0,0,1,0
122210,FLORIDA,FL,1,1,1,86,2010,AVENTURA,11,7,July,2010,1,Sunday,20,50,0,16,6,0,25.83845556,-80.22523611,8,2,0,1,0,0,1,0
122211,FLORIDA,FL,1,0,1,11,2468,BULLOCK,26,9,September,2010,1,Sunday,5,35,0,15,6,99998,26.02298611,-80.26784722,33,2,0,1,0,0,1,0
122212,FLORIDA,FL,1,1,1,11,1050,BULLOCK,17,10,October,2010,1,Sunday,6,58,0,14,3,99998,26.13816389,-80.10293889,8,4,0,10,0,0,1,0
122214,FLORIDA,FL,1,1,2,127,2190,BURNWELL,17,11,November,2010,4,Wednesday,20,15,0,13,3,99998,29.01333889,-80.95453056,8,3,0,1,0,0,1,0
122215,FLORIDA,FL,2,0,2,86,1340,AVENTURA,20,11,November,2010,7,Saturday,19,45,0,16,6,0,25.85884722,-80.27466389,12,3,0,10,0,0,1,0
122216,FLORIDA,FL,2,0,5,86,0,AVENTURA,25,11,November,2010,5,Thursday,18,24,0,16,6,0,25.91143056,-80.25514167,12,3,0,1,0,0,1,0
122217,FLORIDA,FL,1,1,1,86,2230,AVENTURA,26,11,November,2010,6,Friday,18,42,0,16,6,0,25.92169722,-80.17592778,9,2,0,1,0,0,1,0
122218,FLORIDA,FL,1,1,1,95,2360,ALBERTVILLE,26,11,November,2010,6,Friday,3,32,0,14,3,99998,28.45068056,-81.45281111,15,2,0,1,0,0,1,0
122219,FLORIDA,FL,1,0,1,11,1420,BULLOCK,26,11,November,2010,6,Friday,3,0,0,16,6,0,26.00447500,-80.19914444,38,3,0,1,0,0,1,0
122220,FLORIDA,FL,1,1,1,127,1410,BURNWELL,30,11,November,2010,3,Tuesday,21,12,0,16,6,0,29.25935000,-81.05730556,9,2,0,1,0,0,1,0
122221,FLORIDA,FL,2,0,2,105,0,MARION,30,11,November,2010,3,Tuesday,3,20,0,13,2,99998,28.04797222,-81.87076667,1,2,0,1,0,0,2,1
122222,FLORIDA,FL,2,0,2,105,3300,MARION,30,11,November,2010,3,Tuesday,13,42,0,14,2,99998,28.06773889,-81.75151944,12,1,0,1,0,0,1,0
122223,FLORIDA,FL,1,0,1,86,0,AVENTURA,5,12,December,2010,1,Sunday,4,5,1,11,1,99998,25.81041667,-80.14268611,42,3,0,1,0,0,1,1
122224,FLORIDA,FL,1,0,1,31,1510,COFFEE,12,12,December,2010,1,Sunday,8,47,0,13,3,99998,30.25206389,-81.74305000,1,2,0,10,0,0,1,1
122225,FLORIDA,FL,1,0,1,81,0,AUBURN,17,12,December,2010,6,Friday,16,45,0,2,3,99998,27.47351111,-82.20780278,34,1,0,1,0,0,1,1
122226,FLORIDA,FL,1,0,1,83,0,ARDMORE,19,12,December,2010,1,Sunday,3,10,0,6,4,0,28.99530278,-82.24322222,42,2,0,10,0,0,1,1
122227,FLORIDA,FL,2,0,4,1,0,AUTAUGA,30,12,December,2010,5,Thursday,13,30,0,14,3,99998,29.59453056,-82.42974444,12,1,0,1,0,0,2,0
122228,FLORIDA,FL,1,0,1,19,0,CEDAR BLUFF,31,12,December,2010,6,Friday,3,18,0,6,4,0,30.12025833,-81.94916944,1,2,0,1,0,0,1,1
122229,FLORIDA,FL,2,0,2,31,1510,COFFEE,31,12,December,2010,6,Friday,11,39,0,16,6,0,30.27645556,-81.73492500,12,1,0,1,0,0,1,0
122230,FLORIDA,FL,1,0,1,15,0,ANNISTON,31,12,December,2010,6,Friday,14,56,0,16,6,0,26.83774167,-82.27278056,59,1,0,1,0,0,1,0
122231,FLORIDA,FL,3,0,4,85,0,BENTON,31,12,December,2010,6,Friday,16,48,1,2,3,99998,27.10301389,-80.59280278,12,1,0,1,0,0,1,0
122232,FLORIDA,FL,1,0,1,11,2541,BULLOCK,19,12,December,2010,1,Sunday,2,20,0,16,6,0,26.12291111,-80.27674167,42,3,0,10,0,0,1,0