ST_CASE,State Name,State Abbreviation,VE_TOTAL,Pedestrains,Total_Persons_in_accident,COUNTY,CITY,City_County_Name,Calendar_DAY,MONTH,Month_Name,YEAR,DAY_WEEK,Day_Week_desc,HOUR,MINUTE,NHS_Desc,trafficway,ROUTE,MILEPT,LATITUDE,LONGITUD,First_Crash_event,Light_cond_desc,Weather_condition,WEATHER,SCH_BUS,Crash_cause,FATALS,DRUNK_DR
122233,FLORIDA,FL,2,0,2,69,1820,ASHFORD,24,12,December,2010,6,Friday,7,30,0,13,2,99998,28.81886389,-81.77357778,12,1,0,1,0,0,1,0
122234,FLORIDA,FL,1,1,1,11,2570,BULLOCK,2,11,November,2010,3,Tuesday,15,5,0,2,3,99998,26.27477222,-80.13979167,8,1,0,1,0,0,1,0
122235,FLORIDA,FL,1,1,1,11,1420,BULLOCK,29,11,November,2010,2,Monday,10,58,0,14,3,99998,26.03342778,-80.14958611,8,1,0,1,0,0,1,0
122236,FLORIDA,FL,1,0,2,31,1510,COFFEE,30,11,November,2010,3,Tuesday,22,37,0,16,6,0,30.20620833,-81.93830000,38,2,0,1,0,0,1,1
122237,FLORIDA,FL,6,0,9,73,2940,ARGO,2,12,December,2010,5,Thursday,16,10,0,6,4,0,30.44470278,-84.28849167,12,1,0,1,0,0,1,0
122238,FLORIDA,FL,2,0,2,99,0,BEATRICE,3,12,December,2010,6,Friday,10,59,0,13,3,99998,26.70726389,-80.13180278,12,1,0,1,0,0,1,0
122239,FLORIDA,FL,1,0,1,105,3300,MARION,4,12,December,2010,7,Saturday,14,32,0,14,3,99998,28.00462778,-81.71088333,43,1,0,1,0,0,1,0
122240,FLORIDA,FL,2,0,2,73,0,ARGO,11,12,December,2010,7,Saturday,21,33,0,6,3,0,30.41461944,-84.34441944,12,9,0,1,0,0,1,1
122241,FLORIDA,FL,1,0,1,17,0,CHAMBERS,29,8,August,2010,1,Sunday,4,55,0,16,6,0,28.81870278,-82.53522778,42,2,0,1,0,0,1,1
122242,FLORIDA,FL,1,1,1,127,1410,BURNWELL,30,8,August,2010,2,Monday,20,55,0,13,2,99998,29.22670278,-81.03122222,8,3,0,1,0,0,1,0
122243,FLORIDA,FL,2,0,2,119,0,BELLAMY,24,9,September,2010,6,Friday,23,36,0,2,2,99998,28.88102778,-82.03724167,12,2,0,2,0,0,1,0
122244,FLORIDA,FL,2,0,5,127,787,BURNWELL,25,11,November,2010,5,Thursday,18,11,0,13,2,99998,28.89706389,-81.30520833,12,3,0,1,0,0,1,0
122245,FLORIDA,FL,2,0,2,71,0,BRIDGEPORT,22,12,December,2010,4,Wednesday,11,51,0,13,2,99998,26.37362500,-81.80795833,12,1,0,1,0,0,1,0
122246,FLORIDA,FL,1,0,1,125,0,BROOKWOOD,23,12,December,2010,5,Thursday,16,26,0,6,4,0,30.06281111,-82.23666944,1,1,0,1,0,0,1,0
122247,FLORIDA,FL,1,1,1,11,760,BULLOCK,23,12,December,2010,5,Thursday,20,5,0,13,3,99998,26.06238889,-80.18550278,8,3,0,1,0,0,1,1
122248,FLORIDA,FL,1,1,1,95,0,ALBERTVILLE,30,12,December,2010,5,Thursday,21,59,0,6,4,0,28.47233889,-81.40881944,8,3,0,1,0,0,1,0
122249,FLORIDA,FL,1,0,1,103,2530,DANVILLE,3,10,October,2010,1,Sunday,16,29,0,16,6,0,27.85459167,-82.71245278,30,1,0,10,0,0,1,1
122250,FLORIDA,FL,2,2,3,127,782,BURNWELL,16,10,October,2010,7,Saturday,19,59,0,13,3,99998,29.14751667,-80.96722222,8,3,0,1,0,0,1,0
122251,FLORIDA,FL,1,1,1,11,0,BULLOCK,20,10,October,2010,4,Wednesday,22,9,0,13,3,99998,25.98427500,-80.19598333,15,3,0,2,0,0,1,0
122252,FLORIDA,FL,1,1,2,11,1400,BULLOCK,11,12,December,2010,7,Saturday,19,0,0,15,3,99998,26.27581111,-80.08033333,8,2,0,1,0,0,1,0
122253,FLORIDA,FL,1,0,1,103,0,DANVILLE,20,12,December,2010,2,Monday,12,0,0,16,6,0,27.86645833,-82.74284444,42,1,0,1,0,0,1,0
122254,FLORIDA,FL,2,0,3,31,1510,COFFEE,22,12,December,2010,4,Wednesday,10,3,0,13,2,99998,30.30383611,-81.63091667,12,1,0,10,0,0,1,0
122255,FLORIDA,FL,4,0,5,99,0,BEATRICE,10,11,November,2010,4,Wednesday,10,0,0,13,3,99998,26.50760556,-80.12306667,12,1,0,1,0,0,1,0
122256,FLORIDA,FL,1,1,1,11,1050,BULLOCK,2,11,November,2010,3,Tuesday,22,54,0,14,6,99998,26.14834444,-80.18671389,9,2,0,1,0,0,1,1
122257,FLORIDA,FL,1,0,1,103,570,DANVILLE,11,11,November,2010,5,Thursday,7,32,0,16,6,0,27.95719722,-82.78314167,43,1,0,1,0,0,1,0
122258,FLORIDA,FL,2,0,3,95,70,ALBERTVILLE,29,11,November,2010,2,Monday,5,56,0,16,6,0,28.64736111,-81.55230833,12,2,0,10,0,0,2,0
122259,FLORIDA,FL,1,1,1,95,70,ALBERTVILLE,10,12,December,2010,6,Friday,19,15,0,16,6,0,28.66551111,-81.50942500,8,3,0,10,0,0,1,0
122260,FLORIDA,FL,2,0,4,71,0,BRIDGEPORT,8,11,November,2010,2,Monday,21,14,0,6,4,0,26.62143056,-81.61502778,12,3,0,1,0,0,2,0
122261,FLORIDA,FL,1,0,1,105,0,MARION,19,11,November,2010,6,Friday,17,15,0,6,4,0,28.25111944,-81.60166944,33,1,0,1,0,0,1,1
122262,FLORIDA,FL,1,1,1,86,670,AVENTURA,5,12,December,2010,1,Sunday,1,2,0,16,6,0,25.71327500,-80.28328611,8,3,0,1,0,0,1,0
122263,FLORIDA,FL,2,0,3,111,1080,GRAHAM,30,9,September,2010,5,Thursday,9,53,0,13,3,99998,27.44466389,-80.34994167,12,1,0,1,0,0,2,0
122264,FLORIDA,FL,1,1,1,71,1070,BRIDGEPORT,5,12,December,2010,1,Sunday,20,47,0,14,3,99998,26.64091389,-81.84980000,9,3,0,1,0,0,1,0
122265,FLORIDA,FL,1,0,1,71,1070,BRIDGEPORT,9,12,December,2010,5,Thursday,1,30,0,16,6,0,26.56857778,-81.78280278,33,3,0,10,0,0,1,1
122266,FLORIDA,FL,2,0,7,31,1510,COFFEE,7,10,October,2010,5,Thursday,11,43,0,14,3,99998,30.27008333,-81.75642778,12,1,0,1,0,0,1,0
122267,FLORIDA,FL,2,0,2,117,480,BIRMINGHAM,7,11,November,2010,1,Sunday,1,5,0,13,3,99998,28.62524722,-81.31585278,12,3,0,1,0,0,1,0
122268,FLORIDA,FL,1,0,1,109,0,ANSLEY,16,11,November,2010,3,Tuesday,5,46,0,6,4,0,29.82657778,-81.35026111,42,2,0,10,0,0,1,0
122269,FLORIDA,FL,1,0,1,86,2220,AVENTURA,13,12,December,2010,2,Monday,5,5,0,16,6,0,25.89087500,-80.21517778,42,2,0,1,0,0,1,1
122271,FLORIDA,FL,1,1,3,11,672,BULLOCK,20,12,December,2010,2,Monday,11,31,0,13,3,99998,26.24432222,-80.25345278,8,1,0,1,0,0,1,0
122272,FLORIDA,FL,2,0,3,31,1510,COFFEE,22,12,December,2010,4,Wednesday,11,8,0,14,3,99998,30.24840556,-81.74726944,12,1,0,1,0,0,1,0
122273,FLORIDA,FL,2,0,3,95,2360,ALBERTVILLE,27,12,December,2010,2,Monday,3,56,0,16,6,0,28.46243611,-81.45626944,12,3,0,1,0,0,1,0
122274,FLORIDA,FL,2,0,2,86,2330,AVENTURA,8,11,November,2010,2,Monday,10,45,0,13,3,99998,25.89451389,-80.24340833,12,1,0,10,0,0,1,0
122275,FLORIDA,FL,1,1,1,86,0,AVENTURA,1,12,December,2010,4,Wednesday,18,5,0,6,4,0,25.85608056,-80.22571111,8,2,0,1,0,0,1,0
122276,FLORIDA,FL,1,1,1,11,1420,BULLOCK,12,12,December,2010,1,Sunday,3,55,1,11,1,99998,26.03527222,-80.16428333,8,3,0,1,0,0,1,0
122277,FLORIDA,FL,1,1,1,9,0,BLOUNT,21,12,December,2010,3,Tuesday,8,50,0,6,4,0,28.21914167,-80.64417222,8,1,0,1,0,0,1,0
122278,FLORIDA,FL,1,0,1,105,1690,MARION,23,12,December,2010,5,Thursday,1,37,0,16,6,0,28.00680833,-81.94879167,42,3,0,1,0,0,1,1
122279,FLORIDA,FL,1,2,1,57,2950,BANKSTON,24,12,December,2010,6,Friday,21,38,0,16,6,0,27.91986111,-82.51724167,8,3,0,1,0,0,1,0
122280,FLORIDA,FL,1,1,1,95,0,ALBERTVILLE,29,12,December,2010,4,Wednesday,0,40,0,13,2,99998,28.50153056,-81.39689722,8,3,0,1,0,0,1,0
122281,FLORIDA,FL,2,0,2,103,2730,DANVILLE,29,11,November,2010,2,Monday,17,12,0,16,6,0,27.76992222,-82.74090833,12,1,0,1,0,0,1,0
122282,FLORIDA,FL,2,0,5,61,0,BELLWOOD,30,12,December,2010,5,Thursday,18,25,0,13,2,99998,27.68961667,-80.40759444,12,3,0,1,0,0,1,0
122283,FLORIDA,FL,2,0,2,105,0,MARION,29,12,December,2010,4,Wednesday,18,50,0,6,4,0,27.97858056,-81.61011389,12,2,0,1,0,0,2,0
122284,FLORIDA,FL,1,0,1,86,0,AVENTURA,3,12,December,2010,6,Friday,21,33,0,6,4,0,25.49255000,-80.42458889,3,2,0,1,0,0,1,0
122285,FLORIDA,FL,2,0,3,69,1240,ASHFORD,22,12,December,2010,4,Wednesday,14,14,0,13,3,99998,28.55793333,-81.84739444,12,1,0,1,0,0,1,0
122286,FLORIDA,FL,1,1,1,127,2375,BURNWELL,13,11,November,2010,7,Saturday,16,25,9,99,9,99998,29.25016111,-81.09666111,8,1,0,1,0,0,2,0
122287,FLORIDA,FL,1,0,1,89,0,BROWNSBORO,30,12,December,2010,5,Thursday,14,15,1,1,1,99998,30.28294444,-82.04228056,1,1,0,1,0,0,1,0
122288,FLORIDA,FL,1,1,1,86,2010,AVENTURA,24,10,October,2010,1,Sunday,0,24,0,16,6,0,25.77982778,-80.22773056,8,3,0,1,0,0,1,0
122289,FLORIDA,FL,1,0,2,101,750,BOYLSTON,7,11,November,2010,1,Sunday,2,5,0,16,6,0,28.37605278,-82.21234444,1,2,0,1,0,0,1,0
122290,FLORIDA,FL,1,1,1,86,0,AVENTURA,19,11,November,2010,6,Friday,6,14,0,13,2,99998,25.96125556,-80.20586944,8,3,0,1,0,0,1,0
122291,FLORIDA,FL,2,1,5,86,2010,AVENTURA,5,12,December,2010,1,Sunday,18,12,0,16,6,0,25.77821944,-80.28350278,8,3,0,10,0,0,1,0
122292,FLORIDA,FL,2,0,2,11,2570,BULLOCK,26,12,December,2010,1,Sunday,14,41,0,13,3,99998,26.22672778,-80.12791111,12,1,0,1,0,0,1,0
122294,FLORIDA,FL,2,0,4,86,0,AVENTURA,31,12,December,2010,6,Friday,18,30,1,12,3,99998,25.85413056,-80.32266111,12,3,0,1,0,0,1,0
122295,FLORIDA,FL,1,0,1,11,2570,BULLOCK,26,12,December,2010,1,Sunday,16,7,0,16,6,0,26.22362778,-80.14119444,30,1,0,1,0,0,1,0
122296,FLORIDA,FL,1,1,2,95,0,ALBERTVILLE,22,12,December,2010,4,Wednesday,21,4,0,6,4,0,28.61187222,-81.41738889,8,3,0,1,0,0,1,0
122297,FLORIDA,FL,1,0,2,11,2083,BULLOCK,31,12,December,2010,6,Friday,4,11,0,6,4,0,25.95190000,-80.43116667,3,2,0,99,0,0,1,0
122298,FLORIDA,FL,1,0,2,86,0,AVENTURA,5,12,December,2010,1,Sunday,6,28,0,13,2,99998,25.76088333,-80.44333056,33,4,0,1,0,0,2,0
122299,FLORIDA,FL,1,0,1,109,1300,ANSLEY,7,12,December,2010,3,Tuesday,1,40,0,6,4,0,29.67843889,-81.43175278,1,2,0,1,0,0,1,1
122300,FLORIDA,FL,2,0,2,11,1927,BULLOCK,10,12,December,2010,6,Friday,16,55,0,16,6,0,26.23553333,-80.22171667,12,1,0,1,0,0,1,0
122301,FLORIDA,FL,1,1,1,83,2270,ARDMORE,15,12,December,2010,4,Wednesday,23,52,0,6,4,0,29.20330278,-82.10328611,15,2,0,1,0,0,1,0
122302,FLORIDA,FL,1,1,1,11,1420,BULLOCK,21,12,December,2010,3,Tuesday,18,41,1,2,3,99998,25.99687500,-80.20710556,15,2,0,1,0,0,1,0
122303,FLORIDA,FL,2,0,3,57,0,BANKSTON,22,12,December,2010,4,Wednesday,14,9,0,13,3,99998,28.05416111,-82.34383056,12,1,0,1,0,0,1,0
122304,FLORIDA,FL,1,1,2,127,780,BURNWELL,12,11,November,2010,6,Friday,18,5,0,13,2,99998,29.22342500,-81.02960556,8,3,0,1,0,0,1,0
122305,FLORIDA,FL,1,1,2,103,2730,DANVILLE,21,10,October,2010,5,Thursday,6,48,1,16,6,0,27.71801944,-82.67088611,8,3,0,1,0,0,1,0
122306,FLORIDA,FL,1,1,1,127,810,BURNWELL,19,12,December,2010,1,Sunday,13,28,0,13,2,99998,29.05484444,-81.29570833,9,1,0,1,0,0,1,0
122307,FLORIDA,FL,2,0,3,111,2601,GRAHAM,11,8,August,2010,4,Wednesday,11,44,0,13,3,99998,27.27105278,-80.29425000,12,1,0,1,0,0,1,0
122308,FLORIDA,FL,1,1,1,86,1340,AVENTURA,13,11,November,2010,7,Saturday,10,8,0,16,6,0,25.86366389,-80.28292500,8,1,0,10,0,0,1,0
122309,FLORIDA,FL,1,1,1,17,1500,CHAMBERS,27,11,November,2010,7,Saturday,11,34,0,14,2,99998,28.82323889,-82.31821944,9,1,0,1,0,0,1,0
122310,FLORIDA,FL,3,0,3,105,0,MARION,4,12,December,2010,7,Saturday,8,0,1,13,2,99998,27.96756944,-81.87964167,12,1,0,1,0,0,1,0
122311,FLORIDA,FL,1,1,1,11,1050,BULLOCK,21,7,July,2010,4,Wednesday,21,24,0,13,2,99998,26.13814167,-80.10684167,8,3,0,1,0,0,1,0
122312,FLORIDA,FL,1,1,3,73,0,ARGO,22,11,November,2010,2,Monday,19,30,0,2,3,99998,30.42229444,-84.54038056,8,2,0,1,0,0,1,0
122313,FLORIDA,FL,1,0,1,105,0,MARION,1,12,December,2010,4,Wednesday,7,55,0,6,4,0,28.19349444,-81.99972778,34,1,0,1,0,0,1,0
122314,FLORIDA,FL,2,0,5,69,0,ASHFORD,17,9,September,2010,6,Friday,18,56,0,6,4,0,28.88294722,-81.88286667,12,1,0,1,0,0,1,0
122316,FLORIDA,FL,3,0,4,105,1670,MARION,3,12,December,2010,6,Friday,13,21,0,15,3,99998,28.05536944,-81.61986667,12,1,0,1,0,0,1,0
122317,FLORIDA,FL,2,0,1,33,0,CHEROKEE,3,11,November,2010,4,Wednesday,8,54,1,11,1,99998,30.50591111,-87.16413889,39,1,0,2,0,0,1,0
122318,FLORIDA,FL,1,0,4,31,1510,COFFEE,23,11,November,2010,3,Tuesday,3,5,0,16,6,0,30.22387778,-81.76422222,30,3,0,1,0,0,1,1
122319,FLORIDA,FL,1,0,1,49,0,COLLINSVILLE,25,12,December,2010,7,Saturday,1,35,0,16,6,0,27.62418056,-81.77688056,30,2,0,1,0,0,1,1
122320,FLORIDA,FL,1,1,1,73,2940,ARGO,29,12,December,2010,4,Wednesday,15,16,0,6,4,0,30.42851667,-84.28170833,8,1,0,1,0,0,1,0
122321,FLORIDA,FL,1,0,1,111,2601,GRAHAM,4,11,November,2010,5,Thursday,0,40,0,16,6,0,27.31214722,-80.37778889,41,3,0,10,0,0,1,1
122322,FLORIDA,FL,1,1,1,103,2730,DANVILLE,30,11,November,2010,3,Tuesday,22,0,0,14,2,99998,27.78603333,-82.63851111,15,3,0,1,0,0,1,0
122323,FLORIDA,FL,2,2,1,105,0,MARION,12,12,December,2010,1,Sunday,10,30,0,6,4,0,28.02785000,-81.77607222,38,1,0,1,0,0,1,0
122324,FLORIDA,FL,1,1,1,11,2219,BULLOCK,22,12,December,2010,4,Wednesday,16,53,0,16,6,0,26.21456111,-80.22202222,8,1,0,1,0,0,1,0
122325,FLORIDA,FL,3,0,3,105,0,MARION,21,12,December,2010,3,Tuesday,12,15,0,13,2,99998,28.11369167,-81.97382778,12,1,0,1,0,0,1,0
122326,FLORIDA,FL,1,0,1,105,0,MARION,23,12,December,2010,5,Thursday,0,5,1,13,2,99998,28.31165000,-81.66770556,1,2,0,10,0,0,1,1
122327,FLORIDA,FL,1,0,2,75,540,BEAVERTON,29,10,October,2010,6,Friday,12,5,1,2,2,99998,29.49657500,-82.86832500,7,1,0,1,0,0,1,0
122328,FLORIDA,FL,1,0,1,71,457,BRIDGEPORT,21,12,December,2010,3,Tuesday,15,6,0,16,6,0,26.67912778,-82.03946667,1,1,0,1,0,0,1,0
122329,FLORIDA,FL,1,2,1,97,1590,AXIS,4,11,November,2010,5,Thursday,18,48,0,16,6,0,28.30805278,-81.43653056,8,3,0,2,0,0,1,0
122330,FLORIDA,FL,1,0,4,97,1590,AXIS,24,11,November,2010,4,Wednesday,23,19,0,13,2,99998,28.30445556,-81.39132222,42,3,0,1,0,0,1,0
122331,FLORIDA,FL,1,0,1,103,2730,DANVILLE,26,12,December,2010,1,Sunday,3,36,0,16,6,0,27.76658611,-82.65593333,21,3,0,1,0,0,1,1
122332,FLORIDA,FL,2,0,2,86,0,AVENTURA,5,12,December,2010,1,Sunday,7,25,0,13,2,99998,25.76101944,-80.37840000,12,1,0,1,0,0,1,0
122333,FLORIDA,FL,1,1,1,105,0,MARION,22,12,December,2010,4,Wednesday,18,41,1,13,2,99998,27.73366944,-81.57370000,8,2,0,1,0,0,1,0
122334,FLORIDA,FL,2,0,3,33,0,CHEROKEE,30,12,December,2010,5,Thursday,22,15,1,14,3,99998,30.48730000,-87.30645556,12,2,0,10,0,0,1,0
122335,FLORIDA,FL,1,0,3,71,0,BRIDGEPORT,20,11,November,2010,7,Saturday,20,0,0,6,4,0,26.44009167,-81.59507778,5,3,0,1,0,0,1,0
122336,FLORIDA,FL,1,0,1,127,2580,BURNWELL,16,12,December,2010,5,Thursday,2,24,0,16,6,0,29.14325833,-80.99293056,10,3,0,1,0,0,1,0
122337,FLORIDA,FL,3,0,5,111,2601,GRAHAM,28,12,December,2010,3,Tuesday,14,57,0,13,2,99998,27.29821389,-80.30409444,12,1,0,1,0,0,1,0
122338,FLORIDA,FL,1,1,3,11,1927,BULLOCK,31,12,December,2010,6,Friday,21,11,0,4,3,99998,26.11343056,-80.20178611,8,3,0,1,0,0,1,0
122339,FLORIDA,FL,1,1,1,103,570,DANVILLE,8,12,December,2010,4,Wednesday,19,40,0,6,4,0,27.96068889,-82.77450000,8,3,0,1,0,0,1,1
122340,FLORIDA,FL,1,0,2,71,0,BRIDGEPORT,23,12,December,2010,5,Thursday,16,24,0,16,6,0,26.49437222,-81.94328889,5,1,0,1,0,0,1,1
122341,FLORIDA,FL,2,0,2,86,2330,AVENTURA,1,10,October,2010,6,Friday,21,15,0,4,3,99998,25.89008889,-80.24341667,12,3,0,10,0,0,1,0
122342,FLORIDA,FL,2,0,2,86,1030,AVENTURA,31,12,December,2010,6,Friday,23,43,1,2,2,99998,25.45518056,-80.47523889,12,3,0,1,0,0,1,0
122344,FLORIDA,FL,2,0,2,53,0,ATMORE,13,9,September,2010,2,Monday,10,15,0,16,6,0,28.53402778,-82.40711944,12,1,0,1,0,0,1,0
122345,FLORIDA,FL,1,0,2,86,735,AVENTURA,18,9,September,2010,7,Saturday,4,59,0,16,6,0,25.58111944,-80.34635000,42,2,0,1,0,0,1,0
122346,FLORIDA,FL,2,0,2,11,2570,BULLOCK,15,12,December,2010,4,Wednesday,15,14,0,13,3,99998,26.23135833,-80.16563056,12,1,0,1,0,0,1,0
130001,GEORGIA,GA,1,0,1,15,0,ANNISTON,1,1,January,2010,6,Friday,3,55,0,4,3,80,34.38720278,-84.87374167,18,2,0,1,0,0,1,1
130002,GEORGIA,GA,1,1,0,21,3390,CHILTON,1,1,January,2010,6,Friday,13,46,0,16,6,4,32.77865000,-83.63788611,8,1,0,1,0,0,1,0
130003,GEORGIA,GA,1,0,1,51,4910,CENTRAL,1,1,January,2010,6,Friday,2,12,0,14,4,99999,32.00499167,-80.99406389,19,2,0,1,0,0,1,1
130004,GEORGIA,GA,1,0,2,57,0,BANKSTON,1,1,January,2010,6,Friday,17,51,0,16,4,10,34.25187778,-84.50333889,35,2,0,10,0,0,1,0
130005,GEORGIA,GA,1,0,1,105,0,MARION,1,1,January,2010,6,Friday,7,30,0,4,4,52,34.18463056,-82.87242778,34,1,0,10,0,0,1,1
130006,GEORGIA,GA,2,0,3,71,0,BRIDGEPORT,2,1,January,2010,7,Saturday,7,44,0,16,4,5,31.20327778,-83.79418333,12,1,0,1,0,0,1,0
130007,GEORGIA,GA,2,0,3,77,3750,ANDERSON,3,1,January,2010,1,Sunday,15,51,0,3,3,78,33.28683611,-84.76771944,12,1,0,1,0,0,1,1
130008,GEORGIA,GA,1,0,2,139,0,CALION,3,1,January,2010,1,Sunday,16,24,0,16,4,4,34.26330000,-83.87068056,42,1,0,1,0,0,1,1
130009,GEORGIA,GA,1,0,4,45,0,ARITON,4,1,January,2010,2,Monday,14,41,0,9,4,99999,33.62342778,-84.93043056,42,1,0,1,0,0,1,0
130010,GEORGIA,GA,1,1,1,121,280,BON AIR,5,1,January,2010,3,Tuesday,18,29,1,11,1,93,33.76616944,-84.50208056,8,1,0,1,0,0,1,0
130011,GEORGIA,GA,1,0,2,175,1780,CADWELL,6,1,January,2010,4,Wednesday,15,26,0,6,4,1,99.99990000,999.99990000,34,1,0,1,0,0,1,1
130012,GEORGIA,GA,1,0,1,57,0,BANKSTON,7,1,January,2010,5,Thursday,20,49,0,16,4,3,34.08205833,-84.64004444,42,2,0,4,0,0,1,0
130013,GEORGIA,GA,1,1,1,93,0,BEAR CREEK,7,1,January,2010,5,Thursday,19,10,0,3,3,102,32.13493889,-83.87162500,8,2,0,1,0,0,1,0
130014,GEORGIA,GA,1,0,1,151,0,FLIPPEN,7,1,January,2010,5,Thursday,18,5,0,5,4,8,33.33045556,-84.12518889,23,2,0,10,0,0,1,0
130015,GEORGIA,GA,1,0,3,217,0,COVINGTON,7,1,January,2010,5,Thursday,0,18,0,16,4,5,33.51749722,-83.97715278,35,2,0,1,0,0,1,0
130016,GEORGIA,GA,1,0,1,309,0,ALAMO,7,1,January,2010,5,Thursday,22,23,0,4,3,3,32.05782778,-82.81305278,35,2,0,10,0,0,1,1
130017,GEORGIA,GA,2,0,5,187,0,DAHLONEGA,8,1,January,2010,6,Friday,17,26,0,5,4,37,34.55716667,-84.05431389,12,1,0,10,0,0,2,0
130018,GEORGIA,GA,1,0,1,255,0,EAST GRIFFIN,8,1,January,2010,6,Friday,5,2,0,3,3,74,33.26684167,-84.21481944,35,2,0,10,0,0,1,0
130019,GEORGIA,GA,1,0,1,19,3890,CEDAR BLUFF,9,1,January,2010,7,Saturday,0,20,0,3,3,119,31.20944167,-83.24980278,31,3,0,1,0,0,1,1
130020,GEORGIA,GA,2,1,4,73,0,ARGO,9,1,January,2010,7,Saturday,23,4,0,13,3,34,33.52205833,-82.14166389,8,3,0,1,0,0,1,0
130021,GEORGIA,GA,1,0,1,123,0,ALEXANDER CITY,9,1,January,2010,7,Saturday,14,30,0,9,4,99999,34.67295833,-84.54900000,42,1,0,1,0,0,1,0
130022,GEORGIA,GA,1,0,1,233,0,ARAGON,9,1,January,2010,7,Saturday,11,49,0,4,4,97,34.07694167,-85.10293056,34,1,0,1,0,0,1,0
130023,GEORGIA,GA,1,1,1,63,0,BOLIGEE,10,1,January,2010,1,Sunday,17,29,0,14,4,27,99.99990000,999.99990000,8,2,0,1,0,0,1,0
130024,GEORGIA,GA,2,0,3,123,2000,ALEXANDER CITY,11,1,January,2010,2,Monday,12,32,0,19,3,99999,34.68624444,-84.47456389,12,1,0,1,0,0,1,0
130025,GEORGIA,GA,1,0,1,133,0,ARLEY,11,1,January,2010,2,Monday,23,1,0,6,4,19,33.48180000,-83.18161111,34,2,0,1,0,0,1,1
130026,GEORGIA,GA,1,0,2,135,0,ASH FLAT,11,1,January,2010,2,Monday,18,52,0,14,3,185,34.00738333,-83.96565278,34,3,0,1,0,0,1,1
130027,GEORGIA,GA,2,0,3,175,1780,CADWELL,11,1,January,2010,2,Monday,10,47,0,3,3,292,32.54048333,-83.04698333,12,1,0,1,0,0,1,0
130028,GEORGIA,GA,2,0,2,211,4830,APALACHEE,11,1,January,2010,2,Monday,9,27,1,1,1,26,33.59608611,-83.63859444,12,1,0,1,0,0,1,0
130029,GEORGIA,GA,2,0,3,245,310,AUGUSTA,11,1,January,2010,2,Monday,14,25,0,13,3,103,33.51325833,-82.05081111,12,1,0,1,0,0,1,0
130030,GEORGIA,GA,2,0,3,63,0,BOLIGEE,14,1,January,2010,5,Thursday,15,19,0,15,4,6,33.58970556,-84.43649722,12,1,0,1,0,0,1,0
130031,GEORGIA,GA,2,0,3,63,0,BOLIGEE,14,1,January,2010,5,Thursday,3,52,1,11,1,70,33.60084167,-84.39193056,24,2,0,10,0,0,2,0
130032,GEORGIA,GA,2,0,2,115,4760,ASHVILLE,14,1,January,2010,5,Thursday,13,27,0,13,3,150,34.26915000,-85.21568889,12,1,0,1,0,0,2,0
130033,GEORGIA,GA,1,0,1,115,0,ASHVILLE,15,1,January,2010,6,Friday,15,22,0,6,4,22,34.17900278,-85.27690833,23,1,0,1,0,0,1,0
130034,GEORGIA,GA,2,0,2,135,0,ASH FLAT,15,1,January,2010,6,Friday,20,15,0,16,4,2,33.95485833,-83.83370833,12,2,0,1,0,0,1,1
130035,GEORGIA,GA,1,0,2,151,0,FLIPPEN,15,1,January,2010,6,Friday,16,3,0,16,4,0,33.43559444,-84.29290278,42,1,0,1,0,99,1,1
130036,GEORGIA,GA,1,0,1,223,0,BRASWELL,15,1,January,2010,6,Friday,2,56,0,9,4,6,34.02300000,-84.86813889,34,2,0,1,0,0,1,0
130037,GEORGIA,GA,2,0,3,303,0,DAVISBORO,15,1,January,2010,6,Friday,18,44,0,3,3,70,32.91738611,-82.79833333,12,2,0,1,0,0,1,0
130038,GEORGIA,GA,2,0,2,9,3620,BLOUNT,16,1,January,2010,7,Saturday,11,30,0,13,3,199,33.14608611,-83.27284722,12,1,0,2,0,0,1,0
130039,GEORGIA,GA,2,1,2,95,90,ALBERTVILLE,16,1,January,2010,7,Saturday,20,4,1,13,3,41,31.57524444,-84.15576667,8,3,0,2,0,0,1,0
130040,GEORGIA,GA,1,0,1,157,0,ARCADE,16,1,January,2010,7,Saturday,18,43,0,4,3,33,34.09943889,-83.70601389,42,2,0,2,0,0,1,0
130041,GEORGIA,GA,1,1,1,185,0,ANAKTUVUK PASS,16,1,January,2010,7,Saturday,4,30,0,15,4,15,30.88994444,-83.27855556,8,2,0,2,0,0,1,0
130042,GEORGIA,GA,1,1,1,67,5070,ABBEVILLE,17,1,January,2010,1,Sunday,10,34,0,14,4,44,33.89596944,-84.49914444,9,1,0,2,0,0,1,0
130043,GEORGIA,GA,1,0,1,139,0,CALION,17,1,January,2010,1,Sunday,12,3,0,6,4,8,34.33126389,-83.76079444,42,1,0,2,0,0,1,1