ST_CASE,State Name,State Abbreviation,VE_TOTAL,Pedestrains,Total_Persons_in_accident,COUNTY,CITY,City_County_Name,Calendar_DAY,MONTH,Month_Name,YEAR,DAY_WEEK,Day_Week_desc,HOUR,MINUTE,NHS_Desc,trafficway,ROUTE,MILEPT,LATITUDE,LONGITUD,First_Crash_event,Light_cond_desc,Weather_condition,WEATHER,SCH_BUS,Crash_cause,FATALS,DRUNK_DR
130044,GEORGIA,GA,2,0,5,175,0,CADWELL,17,1,January,2010,1,Sunday,11,22,0,4,3,99999,99.99990000,999.99990000,54,1,0,10,0,0,1,0
130045,GEORGIA,GA,1,0,1,245,310,AUGUSTA,22,1,January,2010,6,Friday,15,58,0,14,3,83,33.35130556,-81.98131111,59,1,0,1,0,0,1,1
130046,GEORGIA,GA,1,0,1,121,280,BON AIR,23,1,January,2010,7,Saturday,2,14,0,14,6,3,33.67785556,-84.49649444,33,2,0,1,0,0,1,0
130047,GEORGIA,GA,1,0,1,25,2750,BARLOW BEND,24,1,January,2010,1,Sunday,21,29,1,2,3,40,31.18090000,-82.13966944,33,2,0,1,0,0,1,1
130048,GEORGIA,GA,2,0,3,87,0,ARMSTRONG,25,1,January,2010,2,Monday,12,3,1,2,3,14,30.97043333,-84.73347222,12,1,0,1,0,0,2,0
130049,GEORGIA,GA,4,0,6,121,4882,BON AIR,25,1,January,2010,2,Monday,14,0,1,11,1,218,33.90867778,-84.43014722,12,1,0,1,0,0,1,0
130050,GEORGIA,GA,1,0,1,157,0,ARCADE,26,1,January,2010,3,Tuesday,10,21,1,2,3,30,34.06069444,-83.42122778,43,1,0,1,0,0,1,0
130051,GEORGIA,GA,1,1,1,121,280,BON AIR,26,1,January,2010,3,Tuesday,20,48,1,11,1,70,33.74487778,-84.38995556,8,2,0,1,0,0,1,0
130052,GEORGIA,GA,2,0,5,81,0,AUBURN,27,1,January,2010,4,Wednesday,22,55,1,1,1,65,31.90415833,-83.73715000,12,2,0,1,0,0,3,0
130053,GEORGIA,GA,1,2,2,31,0,COFFEE,28,1,January,2010,5,Thursday,20,39,1,2,3,91,32.38432778,-81.83413333,8,2,0,1,0,0,2,0
130054,GEORGIA,GA,1,0,1,75,0,BEAVERTON,28,1,January,2010,5,Thursday,10,0,0,5,4,8,31.22707778,-83.48184722,34,1,0,1,0,0,1,0
130055,GEORGIA,GA,1,0,1,139,2160,CALION,28,1,January,2010,5,Thursday,20,17,0,14,3,42,34.18324722,-83.92597778,30,3,0,10,0,0,1,1
130056,GEORGIA,GA,1,0,1,189,1600,BONEVILLE,29,1,January,2010,6,Friday,23,0,0,4,6,21,33.36429722,-82.39887778,1,2,0,10,0,0,1,1
130058,GEORGIA,GA,4,2,2,121,280,BON AIR,30,1,January,2010,7,Saturday,19,54,1,11,1,87,33.74502222,-84.39051389,12,2,0,2,0,0,2,0
130059,GEORGIA,GA,2,0,5,117,0,BIRMINGHAM,31,1,January,2010,1,Sunday,20,22,0,9,3,11,34.33043056,-84.01120556,12,2,0,10,0,0,2,2
130060,GEORGIA,GA,3,0,3,67,3440,ABBEVILLE,18,1,January,2010,2,Monday,18,44,0,14,3,6,33.92250278,-84.47661389,12,3,0,1,0,0,1,0
130061,GEORGIA,GA,1,0,1,77,3950,ANDERSON,18,1,January,2010,2,Monday,10,45,0,13,6,99999,99.99990000,999.99990000,35,1,0,1,0,0,1,0
130062,GEORGIA,GA,1,1,1,67,3440,ABBEVILLE,19,1,January,2010,3,Tuesday,16,12,0,16,4,7,33.92224444,-84.49218056,15,1,0,1,0,0,1,0
130063,GEORGIA,GA,1,0,1,73,0,ARGO,19,1,January,2010,3,Tuesday,5,46,0,16,4,5,33.52721111,-82.14795000,33,3,0,1,0,0,1,0
130064,GEORGIA,GA,1,3,1,89,0,BROWNSBORO,20,1,January,2010,4,Wednesday,15,17,0,16,4,9,33.81206389,-84.20121389,8,1,0,1,0,0,1,0
130065,GEORGIA,GA,1,1,1,121,1900,BON AIR,20,1,January,2010,4,Wednesday,21,5,0,14,4,44,33.67163056,-84.45950000,8,3,0,2,0,0,1,0
130066,GEORGIA,GA,1,1,1,45,0,ARITON,21,1,January,2010,5,Thursday,19,4,0,13,3,0,33.61545833,-84.99832500,8,2,0,2,0,0,1,0
130067,GEORGIA,GA,1,0,1,105,0,MARION,21,1,January,2010,5,Thursday,23,36,0,6,4,0,34.17318056,-83.04308056,34,2,0,2,0,0,1,0
130068,GEORGIA,GA,3,0,3,119,0,BELLAMY,21,1,January,2010,5,Thursday,18,51,1,1,1,99999,34.37517778,-83.25737778,25,2,0,2,0,0,1,0
130069,GEORGIA,GA,1,0,1,117,0,BIRMINGHAM,22,1,January,2010,6,Friday,20,13,0,15,4,9,34.18429444,-84.18170833,34,2,0,10,0,0,1,0
130070,GEORGIA,GA,1,0,1,77,3950,ANDERSON,24,1,January,2010,1,Sunday,99,99,0,13,6,6,33.38268333,-84.76246111,33,2,0,10,0,0,1,1
130071,GEORGIA,GA,1,1,1,121,4790,BON AIR,1,2,February,2010,2,Monday,19,45,0,13,6,81,34.02243056,-84.32648333,8,3,0,10,0,0,1,0
130072,GEORGIA,GA,1,1,1,67,0,ABBEVILLE,2,2,February,2010,3,Tuesday,6,24,0,13,3,72,33.80457778,-84.52653333,8,3,0,2,0,0,1,0
130073,GEORGIA,GA,2,0,3,139,0,CALION,2,2,February,2010,3,Tuesday,8,21,1,13,3,71,34.40220000,-83.67985833,12,1,0,2,0,0,2,0
130074,GEORGIA,GA,1,0,1,83,0,ARDMORE,3,2,February,2010,4,Wednesday,18,36,1,1,1,142,34.90330278,-85.49258056,35,5,0,10,0,0,1,0
130075,GEORGIA,GA,2,0,2,169,0,BRADLEY,3,2,February,2010,4,Wednesday,14,47,1,13,3,80,32.94227500,-83.48504167,35,1,0,1,0,0,1,0
130076,GEORGIA,GA,1,0,1,295,0,BLOWING SPRINGS,3,2,February,2010,4,Wednesday,15,52,0,6,4,16,34.67502222,-85.28924722,34,1,0,1,0,0,1,1
130077,GEORGIA,GA,1,1,1,77,3950,ANDERSON,4,2,February,2010,5,Thursday,3,51,0,16,6,6,33.38268333,-84.76243889,8,2,0,1,0,0,1,0
130078,GEORGIA,GA,2,0,2,139,0,CALION,4,2,February,2010,5,Thursday,12,35,1,13,3,148,34.35445556,-83.82403056,12,1,0,2,0,0,1,0
130079,GEORGIA,GA,1,0,1,143,0,CANEHILL,4,2,February,2010,5,Thursday,22,6,1,1,1,45,33.69001389,-85.19611944,24,2,0,2,0,0,1,0
130080,GEORGIA,GA,1,0,2,89,0,BROWNSBORO,5,2,February,2010,6,Friday,20,30,0,14,4,79,33.85247222,-84.22947500,30,3,0,2,0,0,1,1
130081,GEORGIA,GA,1,1,1,73,0,ARGO,6,2,February,2010,7,Saturday,20,52,0,13,3,34,33.52204167,-82.14181389,8,3,0,1,0,0,1,0
130082,GEORGIA,GA,1,1,2,89,0,BROWNSBORO,6,2,February,2010,7,Saturday,10,0,0,14,3,116,33.86412500,-84.19739444,24,1,0,10,0,0,1,1
130083,GEORGIA,GA,2,0,2,1,0,AUTAUGA,8,2,February,2010,2,Monday,17,40,0,5,4,21,31.65957222,-82.41458333,12,1,0,1,0,0,1,0
130084,GEORGIA,GA,1,0,1,67,0,ABBEVILLE,8,2,February,2010,2,Monday,1,43,0,16,4,14,34.06279167,-84.64158889,42,3,0,1,0,0,1,1
130085,GEORGIA,GA,2,0,6,11,0,BULLOCK,9,2,February,2010,3,Tuesday,16,48,0,4,3,141,34.34541944,-83.47397222,12,1,0,10,0,0,1,0
130086,GEORGIA,GA,1,0,1,65,0,CYPRESS,9,2,February,2010,3,Tuesday,14,43,0,6,4,18,99.99990000,999.99990000,42,1,0,2,0,0,1,0
130087,GEORGIA,GA,1,0,2,143,0,CANEHILL,9,2,February,2010,3,Tuesday,20,4,0,5,4,61,33.80582500,-85.20890833,35,2,0,1,0,0,1,0
130088,GEORGIA,GA,1,1,1,169,0,BRADLEY,9,2,February,2010,3,Tuesday,6,46,0,16,4,32,32.90095556,-83.54076944,8,2,0,10,1,0,1,0
130089,GEORGIA,GA,2,0,4,13,0,BOLLING,11,2,February,2010,5,Thursday,15,16,0,16,4,7,33.96738889,-83.70676389,12,1,0,1,0,0,1,0
130090,GEORGIA,GA,2,0,3,15,0,ANNISTON,11,2,February,2010,5,Thursday,21,41,1,2,3,18,34.20356944,-85.01368889,12,2,0,10,0,0,2,0
130091,GEORGIA,GA,1,0,1,139,0,CALION,11,2,February,2010,5,Thursday,20,49,0,14,3,3,34.16563611,-84.00161389,38,2,0,10,0,0,1,0
130092,GEORGIA,GA,1,0,1,21,3390,CHILTON,13,2,February,2010,7,Saturday,6,6,1,11,1,93,32.80651944,-83.65775556,25,3,0,4,0,0,1,0
130093,GEORGIA,GA,1,0,1,51,4910,CENTRAL,14,2,February,2010,1,Sunday,2,30,0,13,3,220,32.03787500,-81.10500000,42,3,0,1,0,0,1,1
130094,GEORGIA,GA,2,0,4,89,0,BROWNSBORO,14,2,February,2010,1,Sunday,0,6,0,14,3,55,33.72749722,-84.18643056,12,2,0,10,0,0,2,1
130095,GEORGIA,GA,2,0,4,139,2285,CALION,14,2,February,2010,1,Sunday,15,34,0,13,3,65,34.28296389,-83.85078889,12,1,0,10,0,0,1,0
130096,GEORGIA,GA,1,0,1,321,0,BRIDGEBORO,14,2,February,2010,1,Sunday,16,35,0,3,3,117,31.49664167,-83.85720556,35,1,0,1,0,0,1,0
130097,GEORGIA,GA,1,0,1,121,0,BON AIR,15,2,February,2010,2,Monday,14,15,1,11,1,8,33.63634722,-84.49222222,42,1,0,1,0,0,1,0
130098,GEORGIA,GA,1,1,1,15,0,ANNISTON,17,2,February,2010,4,Wednesday,19,2,0,13,4,33,34.19476667,-84.83539444,8,2,0,1,0,0,1,0
130099,GEORGIA,GA,1,1,1,269,0,BUTLER,17,2,February,2010,4,Wednesday,21,36,0,2,3,80,99.99990000,999.99990000,8,2,0,1,0,0,1,0
130100,GEORGIA,GA,2,0,4,15,980,ANNISTON,18,2,February,2010,5,Thursday,14,55,0,13,3,122,34.22863889,-84.78514167,12,1,0,1,0,0,1,0
130101,GEORGIA,GA,2,0,6,315,0,ABBEVILLE,18,2,February,2010,5,Thursday,15,58,0,3,3,112,31.95562222,-83.43560556,12,1,0,1,0,0,5,0
130102,GEORGIA,GA,1,0,1,51,4910,CENTRAL,21,2,February,2010,1,Sunday,15,24,0,14,6,29,32.06285000,-81.10270000,42,1,0,1,0,0,1,0
130103,GEORGIA,GA,1,0,2,135,800,ASH FLAT,21,2,February,2010,1,Sunday,1,50,1,2,1,72,34.12908889,-83.96236944,42,2,0,1,0,0,2,0
130104,GEORGIA,GA,1,1,1,121,5640,BON AIR,22,2,February,2010,2,Monday,21,18,0,14,3,26,33.57030833,-84.55048056,8,2,0,1,0,0,1,0
130105,GEORGIA,GA,1,1,1,59,270,FRANKLIN,6,3,March,2010,7,Saturday,6,26,0,14,3,56,33.98660556,-83.42058333,9,2,0,1,0,0,1,0
130106,GEORGIA,GA,2,1,3,95,0,ALBERTVILLE,4,3,March,2010,5,Thursday,16,59,0,14,3,154,31.61660556,-84.13883611,8,1,0,1,0,0,1,0
130107,GEORGIA,GA,2,0,3,135,0,ASH FLAT,6,3,March,2010,7,Saturday,22,36,0,14,3,55,33.97835000,-84.09980556,12,2,0,1,0,0,1,0
130108,GEORGIA,GA,1,0,1,59,270,FRANKLIN,8,3,March,2010,2,Monday,1,18,0,15,4,3,33.92133611,-83.34782222,33,2,0,1,0,0,1,0
130109,GEORGIA,GA,2,0,4,63,0,BOLIGEE,27,2,February,2010,7,Saturday,0,39,0,13,3,5,33.48988889,-84.38935556,12,3,0,1,0,0,1,0
130110,GEORGIA,GA,2,0,5,39,3010,ANDALUSIA,22,2,February,2010,2,Monday,14,19,1,13,3,175,99.99990000,999.99990000,12,1,0,2,0,0,1,0
130111,GEORGIA,GA,2,0,3,215,1280,BIBB CITY,30,1,January,2010,7,Saturday,20,14,0,14,6,13,32.48017222,-84.89884722,12,3,0,2,0,0,1,0
130112,GEORGIA,GA,1,0,1,255,0,EAST GRIFFIN,1,2,February,2010,2,Monday,14,30,0,6,4,5,33.26513889,-84.41624167,1,1,0,10,0,0,1,0
130113,GEORGIA,GA,1,0,1,33,0,CHEROKEE,2,2,February,2010,3,Tuesday,0,1,0,4,4,78,33.12795556,-82.07211944,34,2,0,1,0,0,1,0
130114,GEORGIA,GA,2,0,5,179,0,ALLENHURST,2,2,February,2010,3,Tuesday,17,40,0,3,3,94,31.65469722,-81.39525833,12,1,0,10,0,0,2,0
130115,GEORGIA,GA,1,0,1,69,0,ASHFORD,3,2,February,2010,4,Wednesday,8,36,0,5,4,57,31.51363611,-83.04717778,32,1,0,1,0,0,1,0
130116,GEORGIA,GA,2,0,5,129,0,BIGBEE,3,2,February,2010,4,Wednesday,14,56,0,3,3,35,34.43871667,-85.00016944,12,1,0,1,0,0,1,0
130117,GEORGIA,GA,1,0,2,155,0,IRWIN,3,2,February,2010,4,Wednesday,13,25,0,3,3,245,99.99990000,999.99990000,42,1,0,1,0,0,1,0
130118,GEORGIA,GA,2,0,4,15,2010,ANNISTON,5,2,February,2010,6,Friday,1,44,1,11,1,87,34.14269444,-84.73883611,24,2,0,2,0,0,1,1
130119,GEORGIA,GA,3,2,3,57,0,BANKSTON,5,2,February,2010,6,Friday,18,30,1,1,1,22,34.10679444,-84.53262778,12,3,0,2,0,0,1,0
130120,GEORGIA,GA,2,0,4,161,2630,DENTON,5,2,February,2010,6,Friday,14,39,0,2,6,127,31.87733889,-82.59686667,12,1,0,2,0,0,1,0
130121,GEORGIA,GA,2,0,3,45,0,ARITON,7,2,February,2010,1,Sunday,20,41,1,13,3,152,33.62316111,-85.10018333,12,2,0,10,0,0,2,0
130122,GEORGIA,GA,1,0,3,277,0,BROOKFIELD,7,2,February,2010,1,Sunday,10,57,0,5,4,8,31.43051111,-83.50240278,10,1,0,1,0,0,2,0
130123,GEORGIA,GA,2,0,3,95,90,ALBERTVILLE,8,2,February,2010,2,Monday,13,17,0,12,3,61,31.59657500,-84.13970556,1,1,0,1,0,0,1,0
130124,GEORGIA,GA,2,0,5,215,1280,BIBB CITY,8,2,February,2010,2,Monday,9,53,0,13,6,114,32.51956944,-84.87710833,12,1,0,1,0,0,1,0
130125,GEORGIA,GA,2,0,3,217,0,COVINGTON,8,2,February,2010,2,Monday,10,19,0,14,3,123,33.55048056,-83.84686111,12,1,0,1,0,0,1,0
130126,GEORGIA,GA,2,1,1,217,1380,COVINGTON,8,2,February,2010,2,Monday,11,2,0,14,3,124,33.55176667,-83.84737778,12,1,0,1,0,0,1,0
130127,GEORGIA,GA,1,0,1,45,0,ARITON,12,2,February,2010,6,Friday,17,31,0,4,4,32,33.49216111,-85.18490833,21,1,0,4,0,0,1,0
130128,GEORGIA,GA,1,0,1,77,0,ANDERSON,12,2,February,2010,6,Friday,16,55,0,14,4,2,33.49386111,-84.61811667,35,1,0,4,0,0,1,0
130129,GEORGIA,GA,2,0,6,159,3730,FARRAR,12,2,February,2010,6,Friday,18,31,0,3,3,159,33.32934444,-83.66316389,12,1,0,1,0,0,1,0
130130,GEORGIA,GA,2,0,3,297,0,BETWEEN,12,2,February,2010,6,Friday,19,2,0,3,3,2,33.71850278,-83.69614444,12,2,0,4,0,0,2,0
130131,GEORGIA,GA,2,0,4,45,0,ARITON,13,2,February,2010,7,Saturday,10,30,0,9,3,202,99.99990000,999.99990000,12,1,0,4,0,0,1,0
130132,GEORGIA,GA,1,0,2,301,0,BARNETT,13,2,February,2010,7,Saturday,6,10,1,1,1,109,99.99990000,999.99990000,34,2,0,1,0,0,1,0
130133,GEORGIA,GA,2,0,3,303,0,DAVISBORO,16,2,February,2010,3,Tuesday,10,28,0,4,4,140,33.05318889,-83.12371667,12,1,0,1,0,0,1,0
130134,GEORGIA,GA,1,0,2,77,0,ANDERSON,17,2,February,2010,4,Wednesday,11,23,0,5,4,11,33.26686111,-84.58618611,34,1,0,1,0,0,1,1
130135,GEORGIA,GA,1,0,2,21,3390,CHILTON,19,2,February,2010,6,Friday,23,37,0,14,3,102,32.81429444,-83.66290556,33,3,0,1,0,0,2,1
130136,GEORGIA,GA,1,0,1,295,0,BLOWING SPRINGS,19,2,February,2010,6,Friday,14,55,0,4,3,59,34.65801111,-85.31879444,34,1,0,1,0,0,1,0
130137,GEORGIA,GA,1,0,1,311,0,CLEVELAND,19,2,February,2010,6,Friday,2,12,0,3,3,28,34.54705833,-83.80328056,34,2,0,1,0,0,1,1
130138,GEORGIA,GA,2,0,5,31,5170,COFFEE,20,2,February,2010,7,Saturday,19,9,0,2,3,83,32.37662778,-81.84213611,12,1,0,1,0,0,3,0
130139,GEORGIA,GA,3,0,4,115,0,ASHVILLE,20,2,February,2010,7,Saturday,15,7,0,13,3,168,34.30550833,-85.17419167,12,1,0,1,0,0,1,0
130140,GEORGIA,GA,2,0,2,193,3720,IDEAL,21,2,February,2010,1,Sunday,16,15,0,4,3,63,32.43342500,-84.07111944,12,1,0,1,0,0,1,0
130141,GEORGIA,GA,2,0,2,45,970,ARITON,22,2,February,2010,2,Monday,21,0,0,16,4,24,99.99990000,999.99990000,12,2,0,1,0,0,1,0
130142,GEORGIA,GA,1,0,2,175,0,CADWELL,22,2,February,2010,2,Monday,20,10,0,6,4,99999,99.99990000,999.99990000,59,2,0,1,0,0,1,1
130143,GEORGIA,GA,1,0,1,297,0,BETWEEN,22,2,February,2010,2,Monday,20,16,0,5,4,0,33.87167222,-83.71987778,35,2,0,10,0,0,1,1
130144,GEORGIA,GA,1,0,1,179,0,ALLENHURST,23,2,February,2010,3,Tuesday,1,23,0,6,4,99999,31.83597500,-81.38028056,32,2,0,1,0,0,1,1
130145,GEORGIA,GA,3,0,3,247,0,CONYERS,23,2,February,2010,3,Tuesday,19,21,0,14,3,18,33.63054722,-83.97867778,12,3,0,1,0,0,1,0
130146,GEORGIA,GA,1,1,3,321,0,BRIDGEBORO,23,2,February,2010,3,Tuesday,19,18,0,2,3,7,31.55077222,-83.96896667,8,2,0,10,0,0,1,0
130147,GEORGIA,GA,2,0,2,33,3580,CHEROKEE,24,2,February,2010,4,Wednesday,16,52,0,4,3,69,32.92030000,-82.24149722,12,1,0,1,0,0,1,0
130148,GEORGIA,GA,1,1,1,63,0,BOLIGEE,24,2,February,2010,4,Wednesday,6,54,0,13,3,19,33.54320833,-84.41615556,8,2,0,10,0,0,1,0
130149,GEORGIA,GA,2,0,3,291,0,BLAIRSVILLE,25,2,February,2010,5,Thursday,19,28,0,2,3,63,34.86064444,-84.00622778,12,5,0,1,0,0,1,0
130150,GEORGIA,GA,2,0,2,75,40,BEAVERTON,27,2,February,2010,7,Saturday,10,29,0,3,3,40,31.15023611,-83.47363056,12,1,0,1,0,0,1,0
130151,GEORGIA,GA,2,0,2,175,0,CADWELL,28,2,February,2010,1,Sunday,18,25,1,2,2,129,32.36550000,-82.93016944,12,1,0,1,0,0,1,0
130152,GEORGIA,GA,1,0,2,115,4760,ASHVILLE,1,3,March,2010,2,Monday,14,21,0,19,6,99999,34.29415556,-85.21835556,5,1,0,1,0,0,1,0
130153,GEORGIA,GA,2,0,3,151,0,FLIPPEN,1,3,March,2010,2,Monday,19,16,0,9,4,5,33.54807500,-84.28941667,12,2,0,10,0,0,1,0
130154,GEORGIA,GA,1,1,1,89,0,BROWNSBORO,2,3,March,2010,3,Tuesday,1,44,0,13,3,25,33.85234722,-84.31825833,8,3,0,2,0,0,1,0
130155,GEORGIA,GA,1,0,2,89,280,BROWNSBORO,6,3,March,2010,7,Saturday,2,43,0,15,4,15,33.72287500,-84.32794444,53,3,0,1,0,0,2,1
130156,GEORGIA,GA,2,0,4,319,108,ALLENTOWN,6,3,March,2010,7,Saturday,9,25,0,3,3,7,32.59071944,-83.22776667,12,1,0,1,0,0,1,0
130157,GEORGIA,GA,1,0,1,119,0,BELLAMY,7,3,March,2010,1,Sunday,19,5,0,4,4,27,34.27111944,-83.28327778,35,2,0,1,0,0,1,0
130158,GEORGIA,GA,2,0,3,63,0,BOLIGEE,8,3,March,2010,2,Monday,7,45,0,4,4,99999,99.99990000,999.99990000,12,1,0,1,0,0,1,0
130159,GEORGIA,GA,2,0,3,135,5080,ASH FLAT,10,3,March,2010,4,Wednesday,16,53,0,13,3,34,33.83668333,-84.07169444,12,1,0,2,0,0,1,0
130160,GEORGIA,GA,2,0,4,223,0,BRASWELL,10,3,March,2010,4,Wednesday,19,27,0,14,3,132,33.96839444,-84.73960833,12,2,0,2,0,0,1,0
130161,GEORGIA,GA,3,0,5,51,4910,CENTRAL,11,3,March,2010,5,Thursday,11,29,0,13,3,60,32.11945556,-81.18937222,12,1,0,2,0,0,1,0
130162,GEORGIA,GA,2,1,1,89,0,BROWNSBORO,11,3,March,2010,5,Thursday,3,50,1,11,1,166,33.70018889,-84.08838889,12,2,0,2,0,0,1,0
130163,GEORGIA,GA,2,0,3,121,280,BON AIR,11,3,March,2010,5,Thursday,5,48,1,11,1,41,33.70597222,-84.40268056,12,3,10,2,0,0,1,0
130164,GEORGIA,GA,1,1,1,215,1280,BIBB CITY,11,3,March,2010,5,Thursday,17,50,0,16,6,3,32.48741111,-84.98293889,15,1,0,10,0,0,1,0
130165,GEORGIA,GA,1,1,2,89,0,BROWNSBORO,12,3,March,2010,6,Friday,19,47,0,14,4,57,33.73706389,-84.22853056,8,2,0,2,0,0,1,0
130166,GEORGIA,GA,1,0,1,171,0,ALDORA,12,3,March,2010,6,Friday,22,20,0,4,4,99999,99.99990000,999.99990000,35,2,0,5,0,0,1,0
130167,GEORGIA,GA,1,1,3,51,2290,CENTRAL,13,3,March,2010,7,Saturday,23,48,0,13,3,78,32.04220556,-81.19003889,8,2,0,10,0,0,1,0
130168,GEORGIA,GA,2,0,3,37,0,BRADFORD,15,3,March,2010,2,Monday,11,50,0,3,3,79,31.46377500,-84.59841667,12,1,0,1,0,0,1,0
130169,GEORGIA,GA,1,0,2,59,590,FRANKLIN,15,3,March,2010,2,Monday,20,39,0,16,6,3,33.94711667,-83.52233611,32,2,0,1,0,0,1,1
130170,GEORGIA,GA,1,0,1,117,0,BIRMINGHAM,15,3,March,2010,2,Monday,23,59,0,16,4,18,34.24386111,-84.13544722,42,2,0,1,0,0,1,0
130171,GEORGIA,GA,2,1,2,63,0,BOLIGEE,16,3,March,2010,3,Tuesday,22,38,0,14,3,1,33.55627222,-84.44714167,8,6,0,1,0,0,1,0
130172,GEORGIA,GA,2,0,4,89,0,BROWNSBORO,16,3,March,2010,3,Tuesday,8,45,0,16,4,99999,33.76486111,-84.16467222,12,1,0,1,0,0,1,0
130173,GEORGIA,GA,2,0,7,119,0,BELLAMY,16,3,March,2010,3,Tuesday,19,41,0,4,3,74,34.32630278,-83.27426389,12,5,0,1,0,0,1,0
130174,GEORGIA,GA,1,0,1,15,0,ANNISTON,17,3,March,2010,4,Wednesday,18,0,0,3,3,2,34.36901667,-85.00330278,30,1,0,2,0,0,1,0
130175,GEORGIA,GA,3,0,4,321,0,BRIDGEBORO,18,3,March,2010,5,Thursday,7,19,1,2,3,99999,31.50725278,-83.73412500,12,1,0,1,0,0,1,0
130176,GEORGIA,GA,1,0,1,231,0,CONCORD,19,3,March,2010,6,Friday,21,0,0,4,4,15,33.17159444,-84.49357500,42,2,0,1,0,0,1,1
130177,GEORGIA,GA,1,0,1,71,0,BRIDGEPORT,20,3,March,2010,7,Saturday,15,50,0,5,4,22,31.26989444,-83.57801944,34,1,0,10,0,0,1,1
130178,GEORGIA,GA,2,1,2,135,1810,ASH FLAT,20,3,March,2010,7,Saturday,12,8,1,11,1,82,33.96126667,-84.11122222,8,1,0,1,0,0,1,0
130179,GEORGIA,GA,2,0,2,57,390,BANKSTON,23,3,March,2010,3,Tuesday,14,59,0,4,3,126,34.32508056,-84.35714722,12,1,0,1,0,0,1,0
130180,GEORGIA,GA,1,0,1,153,4340,BONAIRE,23,3,March,2010,3,Tuesday,16,34,0,3,3,176,32.48600000,-83.78849722,1,1,0,1,0,0,1,0
130181,GEORGIA,GA,2,0,5,199,3420,ALVATON,23,3,March,2010,3,Tuesday,15,36,0,6,6,11,32.84921667,-84.60957500,12,1,0,1,0,0,1,0
130182,GEORGIA,GA,2,0,2,121,280,BON AIR,24,3,March,2010,4,Wednesday,23,28,1,11,1,65,33.74716389,-84.43261389,12,3,0,1,0,0,1,0
130183,GEORGIA,GA,2,0,3,247,0,CONYERS,25,3,March,2010,5,Thursday,7,28,0,15,4,2,33.67838889,-84.05791944,12,1,0,1,0,0,2,0
130184,GEORGIA,GA,1,1,1,121,280,BON AIR,26,3,March,2010,6,Friday,2,40,1,11,1,99,33.78100278,-84.39062222,8,3,0,10,0,0,1,0
130185,GEORGIA,GA,1,0,3,121,0,BON AIR,27,3,March,2010,7,Saturday,22,20,0,14,3,74,34.17083611,-84.32996111,42,2,0,1,0,0,2,0
130186,GEORGIA,GA,2,1,3,135,3990,ASH FLAT,27,3,March,2010,7,Saturday,1,8,0,14,3,33,33.93430000,-84.25700556,8,2,0,10,0,0,1,0
130187,GEORGIA,GA,2,3,1,145,0,BALD KNOB,27,3,March,2010,7,Saturday,3,35,1,1,1,74,99.99990000,999.99990000,12,2,0,10,0,0,2,0
130188,GEORGIA,GA,1,0,1,201,0,ANNETTE,28,3,March,2010,1,Sunday,20,24,0,4,3,3,31.07028611,-84.79248056,35,1,0,1,0,0,1,0
130189,GEORGIA,GA,1,0,1,47,2210,BROWNS,29,3,March,2010,2,Monday,13,9,0,14,6,13,34.94086389,-85.24487222,42,1,0,1,0,0,1,1
130190,GEORGIA,GA,1,1,1,121,2060,BON AIR,29,3,March,2010,2,Monday,21,36,0,13,3,58,33.55337778,-84.59807500,8,2,0,1,0,0,1,1
130191,GEORGIA,GA,2,0,4,179,0,ALLENHURST,29,3,March,2010,2,Monday,18,45,0,14,3,78,31.87868611,-81.39536667,12,1,0,1,0,0,1,0
130192,GEORGIA,GA,2,0,2,245,310,AUGUSTA,29,3,March,2010,2,Monday,19,18,0,14,6,5,33.47571389,-81.99643889,12,1,0,1,0,0,1,0
130193,GEORGIA,GA,1,1,1,17,0,CHAMBERS,31,3,March,2010,4,Wednesday,20,17,0,14,3,62,99.99990000,999.99990000,15,2,0,1,0,0,1,0
130194,GEORGIA,GA,2,0,3,107,0,CARROLLTON,2,3,March,2010,3,Tuesday,16,30,1,2,2,257,32.62119444,-82.37720556,12,1,0,2,0,0,2,0
130195,GEORGIA,GA,4,0,4,63,0,BOLIGEE,3,3,March,2010,4,Wednesday,19,51,1,11,1,1079,33.64493889,-84.39896944,12,1,0,10,0,0,1,0
130196,GEORGIA,GA,1,1,1,11,3490,BULLOCK,4,3,March,2010,5,Thursday,17,58,0,4,3,56,34.26088889,-83.55967222,8,1,0,1,0,0,1,0
130197,GEORGIA,GA,1,0,1,87,0,ARMSTRONG,4,3,March,2010,5,Thursday,15,26,0,4,3,221,31.04284167,-84.53130833,42,1,0,1,0,0,1,0
130198,GEORGIA,GA,4,0,5,89,0,BROWNSBORO,4,3,March,2010,5,Thursday,13,49,1,11,1,237,33.67862222,-84.31738611,12,1,0,10,0,0,1,0
130200,GEORGIA,GA,1,1,1,89,0,BROWNSBORO,13,1,January,2010,4,Wednesday,16,35,0,9,3,4,33.82966389,-84.32548611,8,1,0,1,0,0,1,0