ST_CASE,State Name,State Abbreviation,VE_TOTAL,Pedestrains,Total_Persons_in_accident,COUNTY,CITY,City_County_Name,Calendar_DAY,MONTH,Month_Name,YEAR,DAY_WEEK,Day_Week_desc,HOUR,MINUTE,NHS_Desc,trafficway,ROUTE,MILEPT,LATITUDE,LONGITUD,First_Crash_event,Light_cond_desc,Weather_condition,WEATHER,SCH_BUS,Crash_cause,FATALS,DRUNK_DR
130201,GEORGIA,GA,1,0,1,127,0,BURNWELL,25,1,January,2010,2,Monday,5,3,0,9,3,6,99.99990000,999.99990000,42,2,0,2,0,0,1,0
130202,GEORGIA,GA,1,0,1,31,0,COFFEE,20,2,February,2010,7,Saturday,11,46,0,6,4,23,32.45564167,-81.70309167,34,1,0,1,0,0,1,1
130203,GEORGIA,GA,1,0,1,229,0,BLACKSHEAR,13,2,February,2010,7,Saturday,22,57,0,4,4,104,31.39335000,-82.23377222,42,2,0,1,0,0,1,1
130204,GEORGIA,GA,2,0,2,305,0,DOCTORTOWN,21,2,February,2010,1,Sunday,19,38,0,2,3,230,31.53858333,-81.79904722,12,2,0,1,0,99,1,0
130205,GEORGIA,GA,1,0,7,21,3390,CHILTON,26,2,February,2010,6,Friday,2,56,1,11,1,130,32.85249722,-83.64164167,24,3,0,1,0,0,1,0
130206,GEORGIA,GA,2,0,4,153,5790,BONAIRE,27,2,February,2010,7,Saturday,7,50,1,13,6,30,32.59370278,-83.61626944,12,1,0,10,0,0,1,0
130207,GEORGIA,GA,1,1,1,321,5340,BRIDGEBORO,6,3,March,2010,7,Saturday,3,9,0,9,6,125,31.53059167,-83.83530278,8,3,0,99,0,0,1,0
130208,GEORGIA,GA,1,0,1,97,1770,AXIS,11,3,March,2010,5,Thursday,12,0,1,11,1,183,33.77688333,-84.60652778,25,1,0,10,0,0,1,0
130209,GEORGIA,GA,1,1,1,151,0,FLIPPEN,12,3,March,2010,6,Friday,19,32,0,4,4,25,33.35239722,-84.07638889,8,3,0,10,0,0,1,0
130210,GEORGIA,GA,2,0,3,67,0,ABBEVILLE,13,3,March,2010,7,Saturday,16,51,1,11,1,20,33.77384444,-84.56131944,12,1,0,10,0,0,1,1
130211,GEORGIA,GA,1,1,1,73,0,ARGO,17,3,March,2010,4,Wednesday,17,14,0,14,4,3,33.51766667,-82.10335556,8,1,0,2,0,0,1,0
130212,GEORGIA,GA,2,0,6,39,0,ANDALUSIA,19,3,March,2010,6,Friday,7,42,0,9,4,71,30.87815278,-81.57630833,12,1,0,1,0,0,2,0
130213,GEORGIA,GA,1,0,1,141,5120,BEE BRANCH,20,3,March,2010,7,Saturday,19,25,0,3,3,95,33.28680833,-82.97512222,42,1,0,1,0,0,1,0
130214,GEORGIA,GA,1,0,1,33,5860,CHEROKEE,21,3,March,2010,1,Sunday,4,13,0,16,6,7,33.09462500,-82.01307778,10,2,0,1,0,0,1,0
130215,GEORGIA,GA,1,0,1,153,4340,BONAIRE,24,3,March,2010,4,Wednesday,22,16,1,11,1,123,99.99990000,999.99990000,34,3,0,1,0,0,1,1
130216,GEORGIA,GA,2,0,3,113,4278,COTTONTON,25,3,March,2010,5,Thursday,14,28,0,13,3,38,33.42240000,-84.55872778,12,1,0,10,0,0,1,0
130217,GEORGIA,GA,1,0,4,139,0,CALION,26,3,March,2010,6,Friday,21,30,0,16,4,2,34.15785556,-83.88162500,1,2,0,1,0,0,1,0
130218,GEORGIA,GA,2,0,4,263,0,BOX SPRINGS,26,3,March,2010,6,Friday,16,39,0,3,3,250,32.84234444,-84.62323333,12,1,0,1,0,0,1,0
130219,GEORGIA,GA,2,0,5,59,270,FRANKLIN,27,3,March,2010,7,Saturday,10,32,0,15,4,19,33.93349167,-83.36724722,12,1,0,1,0,0,1,0
130220,GEORGIA,GA,1,0,2,39,0,ANDALUSIA,28,3,March,2010,1,Sunday,22,30,1,11,1,30,99.99990000,999.99990000,42,2,0,1,0,0,2,0
130221,GEORGIA,GA,2,0,2,245,310,AUGUSTA,28,3,March,2010,1,Sunday,19,13,0,13,3,73,99.99990000,999.99990000,12,3,0,10,0,0,1,0
130222,GEORGIA,GA,1,0,2,299,0,BEACH,28,3,March,2010,1,Sunday,23,24,1,2,3,106,31.26201667,-82.51783889,34,2,0,2,0,0,1,0
130223,GEORGIA,GA,1,0,1,221,0,ARNOLDSVILLE,17,3,March,2010,4,Wednesday,20,24,0,2,3,40,99.99990000,999.99990000,34,2,0,10,0,0,1,0
130224,GEORGIA,GA,2,0,2,107,5310,CARROLLTON,1,4,April,2010,5,Thursday,7,40,1,2,3,230,32.58681389,-82.36638889,12,1,0,1,0,0,1,0
130225,GEORGIA,GA,1,0,1,177,0,LEE,1,4,April,2010,5,Thursday,17,13,0,6,4,59,31.87114444,-84.03463889,1,1,0,1,0,0,1,0
130226,GEORGIA,GA,1,0,2,89,280,BROWNSBORO,3,4,April,2010,7,Saturday,17,23,0,16,6,1,33.77272500,-84.33978889,42,1,0,1,0,0,1,0
130227,GEORGIA,GA,1,0,2,115,0,ASHVILLE,3,4,April,2010,7,Saturday,22,25,0,15,4,15,34.24084444,-85.13076111,35,2,0,1,0,0,1,1
130228,GEORGIA,GA,3,0,4,63,0,BOLIGEE,4,4,April,2010,1,Sunday,1,29,1,11,1,69,33.59411944,-84.38671667,12,3,0,1,0,0,1,0
130229,GEORGIA,GA,2,0,3,245,310,AUGUSTA,5,4,April,2010,2,Monday,11,53,0,14,3,93,33.36892222,-81.99693333,12,1,0,1,0,0,1,0
130230,GEORGIA,GA,1,0,1,13,0,BOLLING,6,4,April,2010,3,Tuesday,10,54,0,3,3,101,34.02191667,-83.68376389,43,1,0,1,0,0,1,0
130231,GEORGIA,GA,2,0,2,51,0,CENTRAL,6,4,April,2010,3,Tuesday,8,19,1,13,4,99999,31.97510000,-81.09708333,12,1,0,1,0,0,1,0
130232,GEORGIA,GA,2,0,6,45,0,ARITON,29,3,March,2010,2,Monday,14,15,0,3,3,29,33.76302222,-84.94836944,12,1,0,10,0,0,1,0
130233,GEORGIA,GA,1,0,2,189,1600,BONEVILLE,30,3,March,2010,3,Tuesday,15,48,0,6,4,10,33.34372222,-82.41213889,32,1,0,1,0,0,1,0
130234,GEORGIA,GA,5,0,6,215,1280,BIBB CITY,4,1,January,2010,2,Monday,13,43,0,15,6,9,32.50756389,-84.95353333,30,1,0,10,0,0,1,0
130235,GEORGIA,GA,1,1,3,277,5490,BROOKFIELD,2,4,April,2010,6,Friday,20,53,0,4,4,36,31.39531667,-83.51630556,8,2,0,1,0,0,1,0
130236,GEORGIA,GA,1,0,2,43,0,BAILEYTON,3,4,April,2010,7,Saturday,2,46,0,9,4,99999,32.41978333,-82.14138611,42,2,0,1,0,0,2,1
130237,GEORGIA,GA,2,0,2,85,0,BENTON,3,4,April,2010,7,Saturday,20,44,0,2,3,129,34.38486111,-84.07488333,12,2,0,10,0,0,1,0
130238,GEORGIA,GA,1,0,1,213,0,CARTERS,3,4,April,2010,7,Saturday,3,34,0,4,4,8,34.74617222,-84.80875556,31,2,0,1,0,0,1,1
130239,GEORGIA,GA,1,0,1,23,1220,BLADON SPRINGS,5,4,April,2010,2,Monday,13,55,0,6,4,8,32.43048889,-83.21270278,34,1,0,1,0,0,1,0
130240,GEORGIA,GA,2,0,2,31,0,COFFEE,7,4,April,2010,4,Wednesday,0,32,1,2,2,380,32.28608056,-81.53795278,12,2,0,1,0,0,1,1
130241,GEORGIA,GA,1,0,1,213,0,CARTERS,7,4,April,2010,4,Wednesday,11,20,0,4,3,165,34.83290833,-84.80858611,34,1,0,1,0,0,1,0
130242,GEORGIA,GA,1,0,1,57,0,BANKSTON,8,4,April,2010,5,Thursday,14,42,0,4,3,120,34.34317500,-84.51445833,35,1,0,2,0,0,1,0
130243,GEORGIA,GA,1,0,1,121,280,BON AIR,8,4,April,2010,5,Thursday,12,45,0,14,3,21,33.72179722,-84.34946667,38,1,0,10,0,0,1,0
130244,GEORGIA,GA,2,0,2,205,0,BACONTON,8,4,April,2010,5,Thursday,10,43,1,2,2,53,31.37959167,-84.15007500,12,1,0,10,0,0,1,0
130245,GEORGIA,GA,1,0,1,121,0,BON AIR,9,4,April,2010,6,Friday,6,17,1,13,3,27,33.69957778,-84.57688889,42,4,0,10,0,0,1,0
130246,GEORGIA,GA,1,0,1,175,0,CADWELL,9,4,April,2010,6,Friday,15,32,1,1,1,299,32.45730556,-82.76726111,32,1,0,1,0,0,1,0
130247,GEORGIA,GA,1,1,2,121,280,BON AIR,10,4,April,2010,7,Saturday,0,1,0,14,3,231,33.73221389,-84.41420833,8,3,0,10,0,0,1,0
130248,GEORGIA,GA,3,0,3,121,280,BON AIR,10,4,April,2010,7,Saturday,22,2,1,11,1,24,33.75855278,-84.49328611,12,3,0,10,0,0,1,0
130249,GEORGIA,GA,1,0,1,63,1250,BOLIGEE,11,4,April,2010,1,Sunday,16,3,0,14,3,54,33.62541111,-84.44638889,33,1,0,1,0,0,1,0
130250,GEORGIA,GA,3,0,5,51,4910,CENTRAL,11,4,April,2010,1,Sunday,15,17,1,13,3,164,31.98286111,-81.15278889,12,1,0,1,0,0,1,0
130251,GEORGIA,GA,2,0,2,47,0,BROWNS,13,4,April,2010,3,Tuesday,10,30,0,6,4,19,34.86123333,-85.26163889,12,1,0,1,0,0,1,0
130252,GEORGIA,GA,2,0,2,77,0,ANDERSON,15,4,April,2010,5,Thursday,7,37,0,16,4,0,33.46792222,-84.64145000,12,1,0,1,0,0,1,0
130253,GEORGIA,GA,1,0,1,299,5850,BEACH,15,4,April,2010,5,Thursday,18,11,0,14,6,6,31.19759167,-82.35806944,33,1,0,1,0,0,1,1
130254,GEORGIA,GA,1,1,1,89,0,BROWNSBORO,16,4,April,2010,6,Friday,2,18,1,13,2,40,33.73376667,-84.21141389,8,2,0,1,0,0,1,0
130255,GEORGIA,GA,2,0,3,69,0,ASHFORD,16,4,April,2010,6,Friday,22,29,0,3,3,19,31.57198056,-83.02876389,12,2,0,1,0,0,2,0
130256,GEORGIA,GA,2,0,3,89,0,BROWNSBORO,16,4,April,2010,6,Friday,4,18,0,14,4,25,33.66743611,-84.27989722,12,3,0,1,0,0,1,0
130257,GEORGIA,GA,2,0,2,123,0,ALEXANDER CITY,16,4,April,2010,6,Friday,13,48,0,2,3,49,34.62080833,-84.51682500,12,1,0,1,0,0,1,0
130258,GEORGIA,GA,2,0,2,143,0,CANEHILL,16,4,April,2010,6,Friday,16,40,1,2,2,35,33.74470833,-85.16275833,12,1,0,1,0,0,1,0
130259,GEORGIA,GA,1,0,1,245,310,AUGUSTA,16,4,April,2010,6,Friday,0,38,1,13,3,101,33.37385000,-82.03126389,33,2,0,1,0,0,1,0
130260,GEORGIA,GA,2,1,3,51,4910,CENTRAL,17,4,April,2010,7,Saturday,10,46,0,13,6,1,32.04290556,-81.06344722,12,1,0,1,0,0,2,0
130261,GEORGIA,GA,1,0,1,121,280,BON AIR,17,4,April,2010,7,Saturday,19,0,1,11,1,85,33.75883056,-84.37935556,39,1,0,1,0,0,1,0
130262,GEORGIA,GA,1,0,4,67,0,ABBEVILLE,18,4,April,2010,1,Sunday,2,37,0,13,4,14,33.98489722,-84.60451111,43,2,0,1,0,0,1,1
130263,GEORGIA,GA,1,0,2,121,280,BON AIR,18,4,April,2010,1,Sunday,3,30,0,13,6,31,99.99990000,999.99990000,30,3,0,1,0,0,1,1
130264,GEORGIA,GA,1,0,1,157,0,ARCADE,18,4,April,2010,1,Sunday,0,47,1,1,1,108,99.99990000,999.99990000,57,2,0,1,0,0,1,0
130265,GEORGIA,GA,2,0,2,199,0,ALVATON,18,4,April,2010,1,Sunday,18,54,0,3,3,32,32.87643333,-84.64060278,12,1,0,1,0,0,1,0
130266,GEORGIA,GA,1,1,1,263,5350,BOX SPRINGS,18,4,April,2010,1,Sunday,20,51,0,3,3,117,99.99990000,999.99990000,8,2,0,1,0,0,1,0
130267,GEORGIA,GA,1,0,1,269,0,BUTLER,18,4,April,2010,1,Sunday,3,57,0,6,4,99999,99.99990000,999.99990000,38,2,0,1,0,0,1,1
130268,GEORGIA,GA,1,1,1,63,0,BOLIGEE,19,4,April,2010,2,Monday,23,26,0,13,3,17,99.99990000,999.99990000,8,2,0,1,0,0,1,0
130269,GEORGIA,GA,1,0,2,73,0,ARGO,19,4,April,2010,2,Monday,20,12,0,4,3,47,33.60618333,-82.39559444,59,2,0,1,0,0,1,1
130270,GEORGIA,GA,1,0,1,121,120,BON AIR,19,4,April,2010,2,Monday,6,52,0,12,3,166,34.04097778,-84.31000556,42,1,0,1,0,0,1,0
130271,GEORGIA,GA,1,0,1,35,0,BROOKLYN,20,4,April,2010,3,Tuesday,21,24,0,4,4,65,33.40269444,-83.93466667,42,2,0,2,0,0,1,0
130272,GEORGIA,GA,1,0,1,157,0,ARCADE,20,4,April,2010,3,Tuesday,7,32,0,6,4,22,34.07958889,-83.43161389,34,2,0,1,0,0,1,1
130273,GEORGIA,GA,1,0,1,105,0,MARION,24,4,April,2010,7,Saturday,17,14,0,5,4,17,34.03921667,-82.66956667,32,1,0,2,0,0,1,1
130274,GEORGIA,GA,1,1,1,21,3390,CHILTON,28,1,January,2010,5,Thursday,18,18,1,13,3,80,32.77306944,-83.65978611,9,2,0,1,0,0,1,0
130275,GEORGIA,GA,1,0,2,185,0,ANAKTUVUK PASS,2,4,April,2010,6,Friday,15,53,1,11,1,141,30.77736389,-83.29571944,24,1,0,1,0,0,1,1
130276,GEORGIA,GA,2,0,2,297,0,BETWEEN,5,4,April,2010,2,Monday,11,57,0,6,4,18,33.87523611,-83.63092222,12,1,0,1,0,0,1,0
130277,GEORGIA,GA,2,0,2,305,0,DOCTORTOWN,6,4,April,2010,3,Tuesday,7,20,0,5,4,90,31.44736389,-82.02108333,12,1,0,1,0,0,1,0
130278,GEORGIA,GA,1,0,2,39,0,ANDALUSIA,8,4,April,2010,5,Thursday,20,51,1,1,1,210,31.04531389,-81.65029444,1,2,0,10,0,0,2,0
130279,GEORGIA,GA,1,0,1,39,0,ANDALUSIA,10,4,April,2010,7,Saturday,12,7,0,6,4,20,99.99990000,999.99990000,38,1,0,1,0,0,1,0
130280,GEORGIA,GA,1,2,2,67,0,ABBEVILLE,10,4,April,2010,7,Saturday,21,30,0,14,3,89,33.90701111,-84.56176111,8,3,0,1,0,0,1,0
130281,GEORGIA,GA,4,0,4,9,3620,BLOUNT,12,4,April,2010,2,Monday,6,59,1,13,3,78,33.06884167,-83.26497222,12,1,0,1,0,0,1,0
130282,GEORGIA,GA,1,0,1,127,0,BURNWELL,12,4,April,2010,2,Monday,3,0,0,13,3,22,99.99990000,999.99990000,35,2,0,1,0,0,1,1
130283,GEORGIA,GA,2,0,3,139,0,CALION,13,4,April,2010,3,Tuesday,17,10,0,14,3,44,99.99990000,999.99990000,53,1,0,1,0,0,1,1
130284,GEORGIA,GA,2,0,5,163,3250,AVERA,14,4,April,2010,4,Wednesday,19,0,0,2,3,222,33.11756944,-82.40514167,12,1,0,1,0,0,2,1
130285,GEORGIA,GA,6,0,1,21,0,CHILTON,17,4,April,2010,7,Saturday,4,42,0,13,3,127,32.91768333,-83.70842778,59,3,0,10,0,0,1,0
130286,GEORGIA,GA,2,1,2,121,4882,BON AIR,17,4,April,2010,7,Saturday,1,21,1,12,3,124,99.99990000,999.99990000,8,2,0,1,0,0,1,1
130287,GEORGIA,GA,1,0,2,97,0,AXIS,18,4,April,2010,1,Sunday,18,20,1,11,1,145,99.99990000,999.99990000,24,1,0,1,0,0,1,1
130288,GEORGIA,GA,3,0,4,127,0,BURNWELL,19,4,April,2010,2,Monday,20,22,0,3,3,53,99.99990000,999.99990000,12,3,0,10,0,0,1,1
130289,GEORGIA,GA,2,0,2,57,0,BANKSTON,21,4,April,2010,4,Wednesday,8,5,0,2,3,187,34.25112222,-84.36918889,12,1,0,10,0,0,1,0
130290,GEORGIA,GA,2,0,2,31,5204,COFFEE,22,4,April,2010,5,Thursday,16,36,0,4,4,96,99.99990000,999.99990000,12,1,0,1,0,0,1,0
130291,GEORGIA,GA,3,0,4,85,0,BENTON,23,4,April,2010,6,Friday,16,52,0,2,3,167,34.35132778,-84.03040000,12,1,0,1,0,0,1,0
130292,GEORGIA,GA,1,0,1,229,0,BLACKSHEAR,23,4,April,2010,6,Friday,5,59,0,4,3,24,31.35468056,-82.28577500,30,2,0,1,0,0,1,0
130293,GEORGIA,GA,2,0,2,57,0,BANKSTON,24,4,April,2010,7,Saturday,23,23,0,14,3,242,34.15250556,-84.40504167,12,2,0,10,0,0,1,1
130294,GEORGIA,GA,1,0,1,139,0,CALION,24,4,April,2010,7,Saturday,19,6,0,5,4,5,34.14119167,-83.92976389,32,5,0,2,0,0,1,1
130295,GEORGIA,GA,1,0,4,283,5100,SOPERTON,25,4,April,2010,1,Sunday,12,8,1,1,1,132,99.99990000,999.99990000,42,1,0,1,0,0,1,0
130296,GEORGIA,GA,1,0,1,1,0,AUTAUGA,26,4,April,2010,2,Monday,10,59,0,4,3,70,99.99990000,999.99990000,1,1,0,1,0,0,1,0
130297,GEORGIA,GA,1,0,1,25,0,BARLOW BEND,27,4,April,2010,3,Tuesday,21,18,0,9,4,99999,99.99990000,999.99990000,1,2,0,1,0,0,1,0
130298,GEORGIA,GA,1,0,1,123,0,ALEXANDER CITY,27,4,April,2010,3,Tuesday,18,58,0,4,4,10,34.82767500,-84.40729444,42,1,0,10,0,0,1,1
130299,GEORGIA,GA,1,0,1,133,0,ARLEY,28,4,April,2010,4,Wednesday,6,2,0,3,3,50,33.52230833,-83.06191944,42,1,0,1,0,0,1,0
130300,GEORGIA,GA,2,0,3,153,5790,BONAIRE,28,4,April,2010,4,Wednesday,11,49,1,13,3,45,32.55437500,-83.64584722,12,1,0,1,0,0,1,0
130301,GEORGIA,GA,1,0,1,133,0,ARLEY,29,4,April,2010,5,Thursday,9,42,1,1,1,25,33.53840833,-83.23600556,1,1,0,1,0,0,1,0
130302,GEORGIA,GA,1,1,1,235,2620,FINLEYSON,30,4,April,2010,6,Friday,13,24,0,6,4,18,32.33522778,-83.43733611,9,1,0,1,0,0,1,0
130303,GEORGIA,GA,2,0,2,217,0,COVINGTON,6,1,January,2010,4,Wednesday,17,46,0,4,3,64,33.57370833,-83.77026944,12,2,0,1,0,0,1,0
130304,GEORGIA,GA,2,0,2,89,0,BROWNSBORO,24,2,February,2010,4,Wednesday,17,28,0,15,4,22,33.70833333,-84.23486667,12,1,0,1,0,0,1,0
130305,GEORGIA,GA,1,2,1,153,5790,BONAIRE,23,3,March,2010,3,Tuesday,21,19,0,13,3,22,32.61835278,-83.68010000,8,3,0,1,0,0,2,0
130306,GEORGIA,GA,2,0,2,51,0,CENTRAL,11,4,April,2010,1,Sunday,12,20,0,14,4,28,32.01466667,-80.98599722,12,1,0,1,0,0,1,0
130308,GEORGIA,GA,3,0,4,51,4910,CENTRAL,19,4,April,2010,2,Monday,17,30,0,13,3,7,31.99641111,-81.11529167,12,1,0,1,0,0,1,0
130309,GEORGIA,GA,1,0,2,97,0,AXIS,24,4,April,2010,7,Saturday,20,6,1,1,1,25,33.72162778,-84.87904167,1,1,0,2,0,0,1,0
130310,GEORGIA,GA,2,0,2,89,0,BROWNSBORO,25,4,April,2010,1,Sunday,4,7,1,11,1,48,33.86720833,-84.28562778,12,3,0,1,0,0,1,2
130311,GEORGIA,GA,1,0,1,157,0,ARCADE,25,4,April,2010,1,Sunday,2,41,0,6,4,35,34.15729167,-83.69298889,42,2,0,2,0,0,1,1
130312,GEORGIA,GA,2,0,5,213,0,CARTERS,25,4,April,2010,1,Sunday,13,34,0,4,3,149,34.81153056,-84.81584722,12,1,0,1,0,0,2,0
130313,GEORGIA,GA,1,0,1,67,0,ABBEVILLE,26,4,April,2010,2,Monday,21,7,0,15,4,37,34.06563611,-84.46861944,42,2,0,1,0,0,1,0
130314,GEORGIA,GA,2,0,5,95,90,ALBERTVILLE,27,4,April,2010,3,Tuesday,19,41,1,13,3,167,31.54906389,-84.17675278,12,1,0,1,0,0,1,0
130315,GEORGIA,GA,1,0,1,319,0,ALLENTOWN,27,4,April,2010,3,Tuesday,13,38,0,4,3,55,32.63688056,-83.15639722,34,1,0,10,0,0,1,0
130316,GEORGIA,GA,2,0,3,69,750,ASHFORD,28,4,April,2010,4,Wednesday,21,41,1,2,3,170,31.63451111,-82.89706111,12,2,0,1,0,0,2,0
130317,GEORGIA,GA,1,0,1,153,4340,BONAIRE,28,4,April,2010,4,Wednesday,13,30,1,11,1,93,32.41786389,-83.76113889,34,1,0,1,0,0,1,0
130318,GEORGIA,GA,1,0,2,175,1780,CADWELL,28,4,April,2010,4,Wednesday,8,58,0,14,3,185,32.52266389,-82.90062222,34,1,0,1,0,0,1,0
130319,GEORGIA,GA,1,0,1,67,0,ABBEVILLE,29,4,April,2010,5,Thursday,2,41,0,16,4,25,33.98160556,-84.46756944,34,2,0,1,0,0,1,1
130320,GEORGIA,GA,2,0,4,245,310,AUGUSTA,11,2,February,2010,5,Thursday,12,4,0,13,6,9,33.46692778,-82.01068611,12,1,0,1,0,0,1,0
130322,GEORGIA,GA,1,1,1,97,0,AXIS,25,3,March,2010,5,Thursday,7,14,0,16,4,0,33.76128333,-84.73270000,8,2,0,1,0,0,1,0
130323,GEORGIA,GA,1,1,1,151,0,FLIPPEN,2,4,April,2010,6,Friday,21,35,1,13,3,25,33.54016111,-84.20466944,8,3,0,1,0,0,1,0
130324,GEORGIA,GA,2,0,2,121,280,BON AIR,12,4,April,2010,2,Monday,12,18,1,11,1,98,33.76498611,-84.49387500,12,1,0,1,0,0,1,0
130325,GEORGIA,GA,2,0,2,277,5620,BROOKFIELD,28,4,April,2010,4,Wednesday,14,57,1,2,3,9,31.47157222,-83.65069722,12,1,0,1,0,0,1,0
130326,GEORGIA,GA,2,0,3,69,0,ASHFORD,1,5,May,2010,7,Saturday,17,31,0,4,3,76,31.62248889,-82.92587778,12,1,0,1,0,0,1,0
130327,GEORGIA,GA,1,1,2,217,1380,COVINGTON,1,5,May,2010,7,Saturday,15,38,0,14,3,101,33.59322222,-83.87281111,8,1,0,1,0,0,1,1
130328,GEORGIA,GA,2,0,5,283,0,SOPERTON,1,5,May,2010,7,Saturday,13,7,1,1,1,132,32.42887500,-82.47857222,12,1,0,1,0,0,1,0
130329,GEORGIA,GA,2,0,3,21,0,CHILTON,4,5,May,2010,3,Tuesday,13,22,0,14,2,156,32.90435833,-83.68933611,12,1,0,1,0,0,1,0
130330,GEORGIA,GA,1,1,1,193,0,IDEAL,5,5,May,2010,4,Wednesday,17,40,0,4,3,28,32.44018611,-84.13370833,8,1,0,1,0,0,1,0
130331,GEORGIA,GA,1,1,1,95,90,ALBERTVILLE,6,5,May,2010,5,Thursday,1,14,1,12,3,13,31.61977778,-84.21178333,8,2,0,1,0,0,1,0
130332,GEORGIA,GA,1,0,1,297,3710,BETWEEN,6,5,May,2010,5,Thursday,2,57,0,4,4,99999,33.86390278,-83.75087222,33,2,0,1,0,0,1,1
130333,GEORGIA,GA,3,0,8,67,0,ABBEVILLE,7,5,May,2010,6,Friday,14,43,0,13,3,56,33.91691667,-84.69105833,12,1,0,1,0,0,1,0
130334,GEORGIA,GA,2,0,2,139,0,CALION,11,5,May,2010,3,Tuesday,14,45,0,13,3,22,34.27336389,-83.91595278,12,1,0,10,0,0,1,0
130335,GEORGIA,GA,2,0,2,31,0,COFFEE,12,5,May,2010,4,Wednesday,13,50,0,4,4,67,32.55401667,-81.78869444,12,1,0,10,0,0,1,0
130336,GEORGIA,GA,2,0,2,47,2210,BROWNS,12,5,May,2010,4,Wednesday,8,28,0,14,3,41,34.93577778,-85.19852778,12,1,0,10,0,0,1,0
130337,GEORGIA,GA,1,1,1,185,0,ANAKTUVUK PASS,14,2,February,2010,1,Sunday,3,21,0,2,3,146,30.85206389,-83.22288889,8,2,0,1,0,0,1,0
130338,GEORGIA,GA,2,0,4,175,1780,CADWELL,1,5,May,2010,7,Saturday,11,2,0,3,3,333,32.39764722,-82.84255833,12,1,0,1,0,0,1,0
130339,GEORGIA,GA,1,0,2,269,0,BUTLER,1,5,May,2010,7,Saturday,20,29,9,9,4,11,99.99990000,999.99990000,35,2,0,1,0,0,1,0
130340,GEORGIA,GA,1,1,3,89,280,BROWNSBORO,2,5,May,2010,1,Sunday,10,48,0,16,6,8,33.75343333,-84.34076389,9,1,0,1,0,0,1,0
130341,GEORGIA,GA,1,0,4,31,0,COFFEE,3,5,May,2010,2,Monday,16,8,1,2,3,46,32.32915278,-81.87597500,34,1,0,10,0,0,2,0
130342,GEORGIA,GA,1,1,2,63,0,BOLIGEE,3,5,May,2010,2,Monday,20,50,1,13,3,103,33.56503611,-84.37152500,8,2,0,10,0,0,1,0
130343,GEORGIA,GA,2,1,1,89,0,BROWNSBORO,3,5,May,2010,2,Monday,12,50,0,12,3,135,33.82140556,-84.16986389,8,1,1,2,0,0,1,0
130344,GEORGIA,GA,1,0,1,121,1250,BON AIR,3,5,May,2010,2,Monday,1,24,0,15,6,9,33.64206389,-84.47314722,30,3,0,10,0,0,1,1
130345,GEORGIA,GA,1,2,1,277,1134,BROOKFIELD,5,5,May,2010,4,Wednesday,7,14,0,4,6,57,31.48388611,-83.56179722,8,4,0,5,1,0,1,0
130346,GEORGIA,GA,3,0,5,313,0,COHUTTA,5,5,May,2010,4,Wednesday,10,13,1,11,1,48,34.78476667,-85.00081389,1,1,0,1,0,0,1,0
130347,GEORGIA,GA,1,0,2,71,0,BRIDGEPORT,5,5,May,2010,4,Wednesday,18,56,0,16,4,3,31.20103611,-83.79293889,34,1,0,10,0,0,1,1
130348,GEORGIA,GA,2,0,3,147,0,AUGUSTA,5,5,May,2010,4,Wednesday,6,33,0,4,3,85,34.36026667,-82.97190556,12,1,0,10,0,0,1,0
130349,GEORGIA,GA,1,0,2,313,0,COHUTTA,6,5,May,2010,5,Thursday,3,0,1,1,1,140,34.80520556,-85.01632778,52,2,0,1,0,0,1,1
130350,GEORGIA,GA,1,0,1,319,3370,ALLENTOWN,6,5,May,2010,5,Thursday,14,16,0,4,3,301,32.88530000,-83.13084167,34,1,0,1,0,0,1,0
130351,GEORGIA,GA,2,0,2,89,0,BROWNSBORO,8,5,May,2010,7,Saturday,1,0,1,11,1,99999,33.66826389,-84.33903611,1,3,0,1,0,0,1,0
130352,GEORGIA,GA,1,0,1,313,0,COHUTTA,8,5,May,2010,7,Saturday,21,35,0,6,4,34,34.63945833,-84.93292222,1,1,0,1,0,0,1,1
130353,GEORGIA,GA,1,0,2,157,0,ARCADE,9,5,May,2010,1,Sunday,0,52,0,3,3,17,34.01282778,-83.48270278,35,2,0,1,0,0,1,1
130354,GEORGIA,GA,1,0,1,73,0,ARGO,10,5,May,2010,2,Monday,9,3,0,4,4,68,33.57098889,-82.32081389,42,1,0,1,0,0,1,0
130355,GEORGIA,GA,2,0,4,13,0,BOLLING,11,5,May,2010,3,Tuesday,17,27,0,14,3,42,34.00160278,-83.79924722,12,1,0,10,0,0,1,1
130356,GEORGIA,GA,2,0,3,67,0,ABBEVILLE,11,5,May,2010,3,Tuesday,15,58,0,14,4,9,33.99528889,-84.43392222,12,1,0,10,0,0,1,0
130357,GEORGIA,GA,1,0,1,15,0,ANNISTON,12,5,May,2010,4,Wednesday,16,36,1,2,3,86,34.22363611,-84.88918889,35,1,0,1,0,0,1,0
130358,GEORGIA,GA,1,0,2,75,0,BEAVERTON,12,5,May,2010,4,Wednesday,3,8,0,4,4,34,31.17844167,-83.38477222,32,2,0,1,0,0,1,1
130359,GEORGIA,GA,1,0,1,119,0,BELLAMY,14,5,May,2010,6,Friday,3,51,0,6,4,43,34.33767778,-83.22677778,59,2,0,10,0,0,1,1
130360,GEORGIA,GA,2,0,2,73,0,ARGO,15,5,May,2010,7,Saturday,18,5,0,3,3,46,33.63952500,-82.30480556,12,1,0,1,0,0,2,0