ST_CASE,State Name,State Abbreviation,VE_TOTAL,Pedestrains,Total_Persons_in_accident,COUNTY,CITY,City_County_Name,Calendar_DAY,MONTH,Month_Name,YEAR,DAY_WEEK,Day_Week_desc,HOUR,MINUTE,NHS_Desc,trafficway,ROUTE,MILEPT,LATITUDE,LONGITUD,First_Crash_event,Light_cond_desc,Weather_condition,WEATHER,SCH_BUS,Crash_cause,FATALS,DRUNK_DR
130361,GEORGIA,GA,2,0,4,121,280,BON AIR,16,5,May,2010,1,Sunday,5,11,1,11,1,103,33.76038333,-84.38036389,12,3,0,1,0,0,1,1
130362,GEORGIA,GA,2,0,2,245,310,AUGUSTA,17,5,May,2010,2,Monday,4,48,1,11,1,1,33.48770556,-82.10793333,24,2,0,2,0,0,1,0
130363,GEORGIA,GA,1,0,1,135,0,ASH FLAT,22,5,May,2010,7,Saturday,2,20,0,15,4,63,34.03493333,-83.99052222,30,2,0,10,0,0,1,1
130364,GEORGIA,GA,1,0,1,131,0,ARLINGTON,23,5,May,2010,1,Sunday,7,7,0,3,3,24,30.71831944,-84.34791944,34,2,0,1,0,0,1,0
130365,GEORGIA,GA,1,0,4,183,0,FORT STEWART,5,2,February,2010,6,Friday,1,40,0,5,4,31,31.81738889,-81.87297222,1,2,0,10,0,0,1,1
130366,GEORGIA,GA,4,0,4,77,3950,ANDERSON,30,4,April,2010,6,Friday,12,15,1,2,2,33,33.43323611,-84.86825833,12,1,0,1,0,0,1,0
130367,GEORGIA,GA,2,0,2,305,0,DOCTORTOWN,2,5,May,2010,1,Sunday,20,22,1,2,3,99,31.79428611,-81.60738889,12,5,0,1,0,0,1,1
130368,GEORGIA,GA,2,0,2,21,0,CHILTON,3,5,May,2010,2,Monday,22,44,0,6,4,13,32.80308333,-83.55490833,12,3,0,2,0,0,1,1
130369,GEORGIA,GA,1,0,1,145,2550,BALD KNOB,3,5,May,2010,2,Monday,12,0,0,4,3,207,99.99990000,999.99990000,32,1,0,2,0,0,1,0
130370,GEORGIA,GA,2,0,5,295,0,BLOWING SPRINGS,5,5,May,2010,4,Wednesday,13,16,0,9,3,269,34.95438056,-85.26791944,12,1,0,1,0,0,1,0
130371,GEORGIA,GA,2,0,2,97,0,AXIS,7,5,May,2010,6,Friday,13,18,0,14,4,22,33.75944444,-84.65103056,12,1,0,1,0,0,1,1
130372,GEORGIA,GA,1,0,3,217,0,COVINGTON,8,5,May,2010,7,Saturday,18,14,0,15,4,6,33.62111389,-83.92579444,53,1,0,1,0,0,2,0
130373,GEORGIA,GA,1,0,1,133,2490,ARLEY,13,5,May,2010,5,Thursday,1,53,0,9,4,20,99.99990000,999.99990000,42,2,0,1,0,0,1,1
130374,GEORGIA,GA,1,0,2,185,0,ANAKTUVUK PASS,13,5,May,2010,5,Thursday,21,21,0,6,4,4,30.90441111,-83.34312778,32,2,0,1,0,0,2,0
130375,GEORGIA,GA,3,0,4,77,3750,ANDERSON,19,5,May,2010,4,Wednesday,16,28,0,3,3,30,33.26631944,-84.76120833,12,1,0,1,0,0,1,0
130376,GEORGIA,GA,1,1,1,245,310,AUGUSTA,19,5,May,2010,4,Wednesday,11,57,0,14,4,12,33.47558056,-82.00934444,9,1,0,1,0,0,1,0
130377,GEORGIA,GA,2,0,4,167,3030,ADRIAN,12,5,May,2010,4,Wednesday,9,43,0,3,3,294,32.80011667,-82.53260000,12,1,0,1,0,0,1,0
130378,GEORGIA,GA,1,0,2,275,0,BARWICK,12,5,May,2010,4,Wednesday,21,46,0,4,3,117,31.00277222,-83.94548056,34,2,0,1,0,0,1,1
130379,GEORGIA,GA,2,0,2,159,0,FARRAR,13,5,May,2010,5,Thursday,16,1,0,4,4,99999,99.99990000,999.99990000,12,1,0,1,0,0,1,0
130380,GEORGIA,GA,1,1,2,193,4150,IDEAL,14,5,May,2010,6,Friday,23,15,0,3,3,81,32.27867778,-84.07532222,8,3,0,1,0,0,1,0
130381,GEORGIA,GA,1,0,2,289,0,ALLENTOWN,15,5,May,2010,7,Saturday,5,6,1,1,1,19,99.99990000,999.99990000,35,2,0,1,0,0,1,1
130382,GEORGIA,GA,2,0,2,95,90,ALBERTVILLE,16,5,May,2010,1,Sunday,4,7,0,14,4,76,31.55242778,-84.13705556,12,3,0,1,0,0,1,0
130383,GEORGIA,GA,1,0,1,285,3050,GABBETTVILLE,16,5,May,2010,1,Sunday,0,6,0,14,6,91,33.05637222,-85.05615278,33,3,0,1,0,0,1,1
130384,GEORGIA,GA,2,0,3,153,4340,BONAIRE,17,5,May,2010,2,Monday,9,0,1,11,1,143,32.49380000,-83.74249167,12,1,0,10,0,0,1,0
130385,GEORGIA,GA,2,0,2,275,0,BARWICK,19,5,May,2010,4,Wednesday,15,18,0,6,3,15,30.87418056,-83.95661944,12,1,0,1,0,0,1,0
130386,GEORGIA,GA,1,0,1,47,0,BROWNS,20,5,May,2010,5,Thursday,20,12,0,6,4,10,34.80011389,-85.16704444,34,5,0,1,0,0,1,1
130387,GEORGIA,GA,1,0,1,13,0,BOLLING,21,5,May,2010,6,Friday,18,48,0,4,3,8,33.97440000,-83.67490000,42,1,0,10,0,0,1,0
130388,GEORGIA,GA,1,0,1,199,5780,ALVATON,22,5,May,2010,7,Saturday,17,5,0,3,3,6,99.99990000,999.99990000,43,1,0,1,0,0,1,0
130389,GEORGIA,GA,3,0,4,293,0,EAST THOMASTON,22,5,May,2010,7,Saturday,18,13,0,3,3,9,32.97358611,-84.49055000,12,1,0,1,0,0,1,1
130390,GEORGIA,GA,2,0,2,13,0,BOLLING,23,5,May,2010,1,Sunday,7,4,1,2,3,108,33.94186389,-83.71599167,12,1,0,5,0,0,1,0
130391,GEORGIA,GA,1,1,3,21,3390,CHILTON,23,5,May,2010,1,Sunday,17,26,1,13,6,129,32.81391389,-83.65219722,8,1,0,1,0,0,1,0
130392,GEORGIA,GA,1,0,3,31,4577,COFFEE,23,5,May,2010,1,Sunday,13,45,1,1,1,5,99.99990000,999.99990000,32,1,0,1,0,0,1,0
130393,GEORGIA,GA,1,0,1,51,4910,CENTRAL,23,5,May,2010,1,Sunday,15,19,1,13,6,24,32.00066944,-81.07950833,1,1,0,1,0,0,1,0
130394,GEORGIA,GA,2,0,3,267,3410,COBBTOWN,23,5,May,2010,1,Sunday,22,39,0,6,4,4,32.19704167,-82.01959167,12,2,0,10,0,0,2,1
130395,GEORGIA,GA,2,0,2,115,0,ASHVILLE,24,5,May,2010,2,Monday,11,37,1,13,3,44,34.27938333,-85.12614722,12,1,0,1,0,0,1,0
130396,GEORGIA,GA,2,0,2,245,2670,AUGUSTA,26,5,May,2010,4,Wednesday,7,23,0,14,3,70,33.31066111,-82.10793333,12,1,0,1,0,0,1,0
130397,GEORGIA,GA,1,0,1,245,310,AUGUSTA,26,5,May,2010,4,Wednesday,23,54,0,14,4,27,33.27950833,-82.07967222,30,2,0,1,0,0,1,0
130398,GEORGIA,GA,1,0,3,153,4340,BONAIRE,27,5,May,2010,5,Thursday,6,18,1,11,1,106,32.44979167,-83.75438056,35,1,0,1,0,0,2,0
130399,GEORGIA,GA,2,0,2,121,280,BON AIR,28,5,May,2010,6,Friday,1,30,1,11,1,107,33.79082778,-84.39076111,12,3,0,1,0,0,1,2
130400,GEORGIA,GA,2,0,3,95,90,ALBERTVILLE,31,5,May,2010,2,Monday,7,42,0,13,6,6,31.54906389,-84.20835833,12,1,0,1,0,0,1,0
130401,GEORGIA,GA,1,0,3,285,0,GABBETTVILLE,20,5,May,2010,5,Thursday,11,35,0,9,4,12,33.14013889,-84.97515000,32,1,0,1,0,0,2,0
130402,GEORGIA,GA,1,0,2,67,0,ABBEVILLE,23,5,May,2010,1,Sunday,0,17,0,14,4,58,33.89953889,-84.44643611,33,3,0,1,0,0,1,0
130403,GEORGIA,GA,1,0,1,167,6080,ADRIAN,26,5,May,2010,4,Wednesday,0,30,0,6,4,7,32.73974722,-82.85498056,42,2,0,10,0,0,1,1
130404,GEORGIA,GA,2,0,2,97,0,AXIS,31,5,May,2010,2,Monday,12,20,0,9,4,8,33.75667222,-84.56915000,12,1,0,10,0,0,1,0
130405,GEORGIA,GA,1,1,1,121,280,BON AIR,31,5,May,2010,2,Monday,6,16,0,19,3,0,99.99990000,999.99990000,8,4,0,2,0,0,1,0
130406,GEORGIA,GA,2,0,2,103,0,DANVILLE,5,1,January,2010,3,Tuesday,14,47,0,2,3,2,32.22570278,-81.50976111,12,1,0,1,0,0,1,1
130407,GEORGIA,GA,2,0,2,267,0,COBBTOWN,6,1,January,2010,4,Wednesday,18,24,0,6,3,99,31.93286111,-81.96805000,12,2,0,1,0,0,1,0
130408,GEORGIA,GA,3,2,1,95,0,ALBERTVILLE,8,1,January,2010,6,Friday,15,26,0,3,3,68,31.52759167,-84.08536389,12,1,0,1,0,0,1,0
130409,GEORGIA,GA,1,0,3,285,3050,GABBETTVILLE,14,2,February,2010,1,Sunday,6,14,1,11,1,175,33.05283611,-84.95697500,52,2,0,1,0,0,1,0
130410,GEORGIA,GA,2,0,4,299,5850,BEACH,29,3,March,2010,2,Monday,16,15,1,13,3,214,31.20869722,-82.37242500,12,1,0,10,0,0,1,0
130411,GEORGIA,GA,1,0,1,151,0,FLIPPEN,5,4,April,2010,2,Monday,20,23,0,9,4,40,33.45690278,-84.01906111,34,2,0,1,0,0,1,1
130412,GEORGIA,GA,1,0,1,89,0,BROWNSBORO,6,4,April,2010,3,Tuesday,23,35,1,12,2,133,33.82520278,-84.15248611,42,2,0,1,0,0,1,0
130413,GEORGIA,GA,2,0,3,15,0,ANNISTON,15,4,April,2010,5,Thursday,11,34,0,13,3,166,34.25485833,-84.85865000,12,1,0,1,0,0,1,0
130414,GEORGIA,GA,1,1,1,121,280,BON AIR,23,4,April,2010,6,Friday,2,46,0,15,6,52,33.76354444,-84.43229722,8,3,0,1,0,0,1,0
130415,GEORGIA,GA,2,0,2,151,0,FLIPPEN,23,4,April,2010,6,Friday,6,49,0,13,3,150,33.53082500,-84.13965278,12,3,0,1,0,0,1,0
130416,GEORGIA,GA,1,0,1,151,0,FLIPPEN,14,5,May,2010,6,Friday,11,24,0,15,4,20,33.58153611,-84.22578333,43,1,0,1,0,0,1,0
130417,GEORGIA,GA,2,0,2,299,0,BEACH,29,4,April,2010,5,Thursday,21,38,1,2,3,99999,31.26719722,-82.63298056,12,1,0,1,0,0,1,0
130418,GEORGIA,GA,2,0,2,179,0,ALLENHURST,30,4,April,2010,6,Friday,16,54,0,3,3,139,99.99990000,999.99990000,12,1,0,1,0,0,1,0
130419,GEORGIA,GA,1,0,1,29,0,BORDEN SPRINGS,3,5,May,2010,2,Monday,19,4,0,6,4,45,99.99990000,999.99990000,42,1,0,2,0,0,1,1
130420,GEORGIA,GA,1,0,2,51,0,CENTRAL,18,5,May,2010,3,Tuesday,17,29,1,1,1,1,32.08188333,-81.27310000,1,1,0,1,0,0,1,0
130421,GEORGIA,GA,1,0,1,51,4910,CENTRAL,29,5,May,2010,7,Saturday,23,44,0,14,6,29,32.04876944,-81.16544722,33,2,0,1,0,0,1,0
130422,GEORGIA,GA,1,0,5,121,4882,BON AIR,22,5,May,2010,7,Saturday,4,30,0,15,6,12,33.90456389,-84.38712222,42,2,0,10,0,0,1,1
130423,GEORGIA,GA,2,0,3,291,0,BLAIRSVILLE,22,5,May,2010,7,Saturday,13,0,1,2,3,10,34.74829444,-83.91900278,12,1,0,1,0,0,1,0
130424,GEORGIA,GA,1,0,1,5,110,BAKER HILL,26,5,May,2010,4,Wednesday,20,51,0,4,6,26,31.58347222,-82.53678611,59,2,0,1,0,0,1,1
130425,GEORGIA,GA,1,0,1,53,0,ATMORE,28,5,May,2010,6,Friday,19,58,1,2,3,28,32.26982500,-84.78585000,59,5,0,10,0,0,1,0
130426,GEORGIA,GA,2,0,2,105,0,MARION,1,6,June,2010,3,Tuesday,13,27,0,5,4,62,34.22695556,-83.00885556,12,1,0,1,0,0,1,0
130427,GEORGIA,GA,2,0,2,279,5700,LYONS,1,6,June,2010,3,Tuesday,15,12,0,15,6,3,32.21063333,-82.41741667,12,1,0,10,0,0,1,0
130428,GEORGIA,GA,1,0,2,39,0,ANDALUSIA,2,6,June,2010,4,Wednesday,15,42,0,4,3,250,31.10685278,-81.77420278,32,1,0,10,0,0,1,0
130429,GEORGIA,GA,2,0,3,217,9997,COVINGTON,2,6,June,2010,4,Wednesday,16,15,0,6,4,12,33.39900000,-83.85386944,12,1,0,10,0,0,1,0
130430,GEORGIA,GA,2,0,4,157,2920,ARCADE,3,6,June,2010,5,Thursday,17,6,0,3,3,42,34.09189444,-83.61566667,12,1,0,10,0,0,1,0
130431,GEORGIA,GA,2,0,4,305,0,DOCTORTOWN,5,6,June,2010,7,Saturday,11,4,0,4,3,103,31.56183889,-81.98121944,12,1,0,1,0,0,2,0
130432,GEORGIA,GA,2,0,2,223,0,BRASWELL,6,6,June,2010,1,Sunday,13,50,0,6,4,12,34.06819444,-84.82286667,12,1,0,1,0,0,1,0
130433,GEORGIA,GA,2,0,3,137,0,ALCO,7,6,June,2010,2,Monday,19,36,0,4,4,30,34.68496944,-83.42465556,12,1,0,10,0,0,1,0
130434,GEORGIA,GA,1,1,5,245,310,AUGUSTA,6,6,June,2010,1,Sunday,21,5,0,16,4,10,33.35919444,-82.07503611,8,2,0,1,0,0,1,0
130435,GEORGIA,GA,1,0,3,195,0,CARLTON,9,6,June,2010,4,Wednesday,11,37,0,4,3,57,34.20027500,-83.14014722,1,1,0,1,0,0,1,0
130436,GEORGIA,GA,1,0,2,45,970,ARITON,10,6,June,2010,5,Thursday,18,27,0,19,6,100,33.55543611,-85.07342500,33,1,0,10,0,0,1,0
130437,GEORGIA,GA,2,1,4,89,0,BROWNSBORO,10,6,June,2010,5,Thursday,1,1,1,11,1,146,33.77859722,-84.24209722,8,2,0,10,0,0,1,0
130438,GEORGIA,GA,2,0,3,115,0,ASHVILLE,10,6,June,2010,5,Thursday,16,37,1,2,2,232,34.39225278,-85.18966389,12,1,0,10,0,0,1,0
130439,GEORGIA,GA,2,0,3,121,280,BON AIR,10,6,June,2010,5,Thursday,23,9,0,14,3,58,33.85056944,-84.38303611,12,3,0,10,0,0,1,1
130440,GEORGIA,GA,2,0,3,143,0,CANEHILL,11,6,June,2010,6,Friday,9,57,0,4,3,118,33.81739167,-85.29210000,12,1,0,1,0,0,1,0
130441,GEORGIA,GA,1,0,1,73,0,ARGO,11,6,June,2010,6,Friday,5,33,0,4,4,44,33.54352222,-82.35819444,18,2,0,1,0,0,1,0
130442,GEORGIA,GA,1,0,1,89,0,BROWNSBORO,12,6,June,2010,7,Saturday,23,10,0,16,4,6,33.80035000,-84.24747778,42,2,0,10,0,0,1,1
130443,GEORGIA,GA,1,0,1,129,0,BIGBEE,12,6,June,2010,7,Saturday,10,5,0,9,3,99999,34.39710000,-84.93455278,34,1,0,10,0,0,1,0
130444,GEORGIA,GA,2,0,3,137,1360,ALCO,12,6,June,2010,7,Saturday,12,11,0,4,3,20,34.51471944,-83.52848611,12,1,0,1,0,0,1,0
130445,GEORGIA,GA,1,0,4,233,0,ARAGON,13,6,June,2010,1,Sunday,15,42,0,4,4,116,33.97937222,-85.10402500,42,1,0,1,0,0,1,0
130446,GEORGIA,GA,2,0,3,135,5300,ASH FLAT,3,6,June,2010,5,Thursday,11,33,0,15,4,23,34.08441389,-84.07297222,12,1,0,1,0,0,1,0
130447,GEORGIA,GA,1,0,1,135,0,ASH FLAT,6,6,June,2010,1,Sunday,3,30,1,13,3,142,33.97366944,-83.87160278,24,2,0,1,0,0,1,1
130448,GEORGIA,GA,2,0,2,15,0,ANNISTON,5,6,June,2010,7,Saturday,3,7,0,16,4,16,34.10155278,-84.77466944,12,2,0,10,0,0,1,2
130449,GEORGIA,GA,1,0,2,63,0,BOLIGEE,5,6,June,2010,7,Saturday,20,13,0,16,4,3,33.59515833,-84.40098611,34,1,0,1,0,0,1,0
130450,GEORGIA,GA,2,0,2,87,0,ARMSTRONG,5,6,June,2010,7,Saturday,13,17,0,4,3,206,30.95165556,-84.41486944,12,1,0,1,0,0,1,0
130451,GEORGIA,GA,1,1,3,15,0,ANNISTON,6,6,June,2010,1,Sunday,5,10,0,13,3,108,34.19851111,-84.79237222,8,2,0,10,0,0,1,0
130452,GEORGIA,GA,1,0,1,175,0,CADWELL,11,6,June,2010,6,Friday,22,26,0,3,3,47,99.99990000,999.99990000,53,2,0,1,0,0,1,1
130453,GEORGIA,GA,1,1,1,165,3630,HERNDON,14,6,June,2010,2,Monday,10,0,0,3,3,149,32.80419444,-81.92987778,8,1,0,1,0,0,1,0
130454,GEORGIA,GA,2,0,2,257,0,AVALON,16,6,June,2010,4,Wednesday,11,13,1,13,3,83,34.54435278,-83.28507778,12,1,0,1,0,0,1,0
130455,GEORGIA,GA,1,0,1,223,0,BRASWELL,17,6,June,2010,5,Thursday,10,55,0,14,3,130,33.87426389,-84.85839722,53,1,0,1,0,0,1,0
130456,GEORGIA,GA,1,0,1,159,0,FARRAR,7,6,June,2010,2,Monday,17,5,0,5,4,18,99.99990000,999.99990000,34,1,0,1,0,0,1,1
130457,GEORGIA,GA,2,0,3,227,2910,JASPER,7,6,June,2010,2,Monday,13,45,1,2,3,56,34.45163333,-84.45088333,12,1,0,1,0,0,1,0
130458,GEORGIA,GA,2,0,2,39,4850,ANDALUSIA,9,6,June,2010,4,Wednesday,15,40,0,14,6,0,30.75991111,-81.64801389,12,1,0,1,0,0,1,0
130459,GEORGIA,GA,2,0,2,297,0,BETWEEN,11,6,June,2010,6,Friday,5,19,0,3,3,173,33.87165278,-83.71989444,12,2,0,1,0,0,1,0
130460,GEORGIA,GA,1,1,1,21,3390,CHILTON,13,6,June,2010,1,Sunday,0,10,0,14,3,123,32.83215833,-83.66260833,8,3,0,1,0,0,1,0
130461,GEORGIA,GA,1,1,1,21,3390,CHILTON,13,6,June,2010,1,Sunday,21,31,0,14,6,18,32.84478889,-83.68828056,8,2,0,1,0,0,1,0
130462,GEORGIA,GA,3,0,8,45,0,ARITON,13,6,June,2010,1,Sunday,12,47,0,4,2,30,33.73700278,-85.00052222,12,1,0,1,0,0,1,0
130463,GEORGIA,GA,2,0,3,121,280,BON AIR,13,6,June,2010,1,Sunday,21,45,1,11,1,92,99.99990000,999.99990000,1,3,0,10,0,0,1,1
130464,GEORGIA,GA,1,0,1,151,0,FLIPPEN,14,6,June,2010,2,Monday,19,38,0,14,4,20,33.57720278,-84.18940000,53,1,0,1,0,0,1,1
130465,GEORGIA,GA,2,0,2,121,280,BON AIR,16,6,June,2010,4,Wednesday,7,48,0,14,3,221,33.71825278,-84.42516667,12,1,0,1,0,0,1,0
130466,GEORGIA,GA,2,0,2,279,5700,LYONS,18,6,June,2010,6,Friday,18,40,0,5,4,6,32.16727222,-82.38667222,1,1,0,10,0,0,1,0
130467,GEORGIA,GA,2,0,2,121,280,BON AIR,19,6,June,2010,7,Saturday,14,39,0,13,3,41,33.82757500,-84.38745000,12,1,0,1,0,0,1,0
130468,GEORGIA,GA,1,0,1,97,1770,AXIS,28,6,June,2010,2,Monday,16,17,0,14,4,23,33.73058056,-84.73927500,34,1,0,1,0,0,1,0
130469,GEORGIA,GA,1,0,3,267,4580,COBBTOWN,30,6,June,2010,4,Wednesday,6,33,0,3,3,212,32.08469722,-82.11516944,30,1,0,1,0,0,1,0
130470,GEORGIA,GA,1,1,1,67,0,ABBEVILLE,3,7,July,2010,7,Saturday,23,48,0,14,3,93,33.91334167,-84.55549722,8,3,0,1,0,0,1,0
130471,GEORGIA,GA,1,0,2,217,1380,COVINGTON,3,7,July,2010,7,Saturday,12,50,0,14,3,111,33.60466111,-83.86465278,10,1,0,1,0,0,1,0
130472,GEORGIA,GA,1,0,1,283,0,SOPERTON,3,7,July,2010,7,Saturday,13,30,0,4,3,165,32.34008611,-82.65312222,1,1,0,1,0,0,1,0
130473,GEORGIA,GA,2,2,1,179,2730,ALLENHURST,4,7,July,2010,1,Sunday,21,47,0,16,6,6,31.81510000,-81.60431111,53,3,0,1,0,0,1,1
130474,GEORGIA,GA,1,0,1,145,4375,BALD KNOB,9,7,July,2010,6,Friday,22,12,0,4,3,116,32.86152500,-84.86174722,1,2,0,2,0,0,1,0
130475,GEORGIA,GA,1,0,1,217,0,COVINGTON,10,7,July,2010,7,Saturday,16,7,0,14,4,83,33.58962500,-83.89299722,42,1,0,1,0,0,1,1
130476,GEORGIA,GA,2,0,3,45,0,ARITON,12,7,July,2010,2,Monday,16,34,1,1,1,76,33.70328611,-85.05776111,12,1,0,10,0,0,2,0
130477,GEORGIA,GA,2,0,3,67,0,ABBEVILLE,12,7,July,2010,2,Monday,16,5,0,14,3,71,33.88768056,-84.58444444,12,1,0,10,0,0,1,0
130478,GEORGIA,GA,1,0,1,227,0,JASPER,12,7,July,2010,2,Monday,10,7,1,2,3,152,34.54214444,-84.51778056,32,1,0,10,0,0,1,0
130479,GEORGIA,GA,2,0,3,297,0,BETWEEN,13,7,July,2010,3,Tuesday,14,42,0,4,4,50,33.86435000,-83.68652500,12,1,0,1,0,0,1,0
130480,GEORGIA,GA,1,0,1,3,0,BALDWIN,14,7,July,2010,4,Wednesday,14,5,0,5,4,54,31.16698333,-82.71838056,1,1,0,1,0,0,1,0
130481,GEORGIA,GA,5,0,4,121,280,BON AIR,1,6,June,2010,3,Tuesday,12,10,0,13,3,45,33.77217222,-84.44087500,12,1,0,1,0,0,1,0
130482,GEORGIA,GA,1,0,1,319,2870,ALLENTOWN,1,6,June,2010,3,Tuesday,19,0,1,2,3,40,99.99990000,999.99990000,1,1,0,1,0,0,1,1
130483,GEORGIA,GA,1,0,2,277,0,BROOKFIELD,2,6,June,2010,4,Wednesday,16,40,0,6,4,5,31.33303889,-83.48946389,34,1,0,1,0,0,2,0
130484,GEORGIA,GA,2,0,3,175,0,CADWELL,19,6,June,2010,7,Saturday,18,23,0,4,3,90,32.48152778,-82.81876111,12,1,0,1,0,0,2,1
130485,GEORGIA,GA,1,1,1,135,3990,ASH FLAT,20,6,June,2010,1,Sunday,0,37,0,14,4,51,33.96131944,-84.20767222,8,2,0,1,0,0,1,0
130486,GEORGIA,GA,2,0,5,135,0,ASH FLAT,28,6,June,2010,2,Monday,3,43,0,14,4,16,33.95071111,-84.09800278,12,2,0,1,0,0,1,0
130487,GEORGIA,GA,1,1,1,135,0,ASH FLAT,28,6,June,2010,2,Monday,11,17,0,15,4,16,34.12926667,-84.02275000,8,1,0,1,0,0,1,0
130488,GEORGIA,GA,2,0,3,29,4655,BORDEN SPRINGS,14,6,June,2010,2,Monday,10,27,1,1,1,108,31.97098611,-81.31766667,12,1,0,1,0,0,1,0
130489,GEORGIA,GA,2,0,5,121,280,BON AIR,14,6,June,2010,2,Monday,13,4,1,11,1,28,33.76305833,-84.48954167,12,1,0,1,0,0,2,0
130490,GEORGIA,GA,1,0,2,43,0,BAILEYTON,15,6,June,2010,3,Tuesday,19,56,0,6,4,33,32.42043611,-82.00708056,35,1,0,1,0,0,1,0
130491,GEORGIA,GA,2,0,2,185,0,ANAKTUVUK PASS,15,6,June,2010,3,Tuesday,20,50,0,4,3,90,30.69068056,-83.17193333,12,2,0,1,0,0,1,1
130492,GEORGIA,GA,1,0,1,277,5490,BROOKFIELD,15,6,June,2010,3,Tuesday,21,8,0,15,6,8,31.43059444,-83.50310000,59,2,0,10,0,0,1,0
130493,GEORGIA,GA,1,0,1,115,0,ASHVILLE,17,6,June,2010,5,Thursday,19,6,0,16,4,5,34.36541944,-85.10052778,34,1,0,10,0,0,1,0
130494,GEORGIA,GA,1,0,2,187,0,DAHLONEGA,17,6,June,2010,5,Thursday,21,15,1,2,3,2,34.66575833,-83.87915556,11,2,0,1,0,0,1,1
130495,GEORGIA,GA,1,0,1,51,0,CENTRAL,18,6,June,2010,6,Friday,2,32,1,13,3,277,32.02481389,-80.96636389,1,2,0,1,0,0,1,1
130496,GEORGIA,GA,2,0,4,189,5470,BONEVILLE,18,6,June,2010,6,Friday,9,58,0,4,6,69,33.41749167,-82.52869722,12,1,0,1,0,0,1,0
130497,GEORGIA,GA,2,0,2,121,280,BON AIR,19,6,June,2010,7,Saturday,4,8,0,14,6,14,33.79188889,-84.38775556,12,3,0,1,0,0,1,2
130498,GEORGIA,GA,1,0,1,189,5470,BONEVILLE,19,6,June,2010,7,Saturday,7,15,0,6,6,26,99.99990000,999.99990000,1,1,0,1,0,0,1,1
130499,GEORGIA,GA,2,0,3,97,1770,AXIS,21,6,June,2010,2,Monday,15,15,0,2,3,42,33.62903889,-84.83114722,11,1,0,1,0,0,1,0
130500,GEORGIA,GA,1,0,1,289,0,ALLENTOWN,22,6,June,2010,3,Tuesday,1,37,0,3,3,61,32.64985556,-83.31464722,18,2,0,1,0,0,1,0
130501,GEORGIA,GA,3,0,6,63,0,BOLIGEE,24,6,June,2010,5,Thursday,23,2,1,11,1,40,33.62210556,-84.42680000,12,3,0,1,0,0,1,0
130502,GEORGIA,GA,1,0,1,69,0,ASHFORD,24,6,June,2010,5,Thursday,5,43,0,6,4,0,31.47069167,-82.82273056,1,2,0,1,0,0,1,0
130503,GEORGIA,GA,1,0,3,135,800,ASH FLAT,24,6,June,2010,5,Thursday,23,39,0,16,4,5,34.08017500,-83.89342500,35,2,0,1,0,0,3,1
130504,GEORGIA,GA,2,0,6,153,4340,BONAIRE,24,6,June,2010,5,Thursday,4,35,1,1,1,73,99.99990000,999.99990000,12,2,0,1,0,0,1,0
130505,GEORGIA,GA,2,0,2,225,2220,BYRON,25,6,June,2010,6,Friday,13,59,1,2,3,32,99.99990000,999.99990000,12,1,0,1,0,0,1,1
130506,GEORGIA,GA,1,0,4,107,0,CARROLLTON,26,6,June,2010,7,Saturday,6,0,1,1,1,61,99.99990000,999.99990000,34,4,0,1,0,0,1,0
130507,GEORGIA,GA,1,0,4,135,0,ASH FLAT,26,6,June,2010,7,Saturday,18,25,0,16,4,9,99.99990000,999.99990000,42,1,0,10,0,0,1,0
130508,GEORGIA,GA,2,0,2,85,0,BENTON,15,6,June,2010,3,Tuesday,8,41,0,3,3,86,99.99990000,999.99990000,12,1,0,10,0,0,1,0
130509,GEORGIA,GA,3,0,5,229,530,BLACKSHEAR,9,6,June,2010,4,Wednesday,6,36,1,13,2,13,31.25203889,-82.30627778,12,1,0,1,0,0,3,0
130510,GEORGIA,GA,2,0,2,205,0,BACONTON,11,6,June,2010,6,Friday,22,42,0,3,3,46,31.15426111,-84.39798056,12,2,0,1,0,0,1,0
130511,GEORGIA,GA,2,0,2,305,2960,DOCTORTOWN,11,6,June,2010,6,Friday,9,47,1,13,2,168,31.60296944,-81.87543611,12,1,0,1,0,0,1,0
130512,GEORGIA,GA,1,0,2,189,1600,BONEVILLE,12,6,June,2010,7,Saturday,3,45,0,3,2,35,33.34773889,-82.34791389,42,2,0,1,0,0,1,0
130513,GEORGIA,GA,2,0,4,305,0,DOCTORTOWN,13,6,June,2010,1,Sunday,12,39,1,13,2,116,31.59219167,-81.94931389,12,1,0,10,0,0,1,0
130514,GEORGIA,GA,1,0,1,119,960,BELLAMY,15,6,June,2010,3,Tuesday,7,42,0,4,3,11,34.39154167,-83.36816389,35,1,0,1,0,0,1,0
130515,GEORGIA,GA,1,0,1,33,3000,CHEROKEE,16,6,June,2010,4,Wednesday,21,39,0,6,4,10,33.23648889,-82.13846111,34,2,0,1,0,0,1,1
130516,GEORGIA,GA,1,1,1,99,0,BEATRICE,19,6,June,2010,7,Saturday,0,40,0,4,3,89,31.17726667,-84.95015278,8,2,0,1,0,0,1,0
130517,GEORGIA,GA,1,0,1,261,0,ALAGANIK,20,6,June,2010,1,Sunday,22,14,0,4,3,3,31.97145833,-84.43950278,42,2,0,1,0,0,1,0
130518,GEORGIA,GA,1,0,1,139,0,CALION,22,6,June,2010,3,Tuesday,13,47,0,5,4,16,99.99990000,999.99990000,34,1,0,1,0,0,1,1
130519,GEORGIA,GA,1,0,2,165,0,HERNDON,24,6,June,2010,5,Thursday,22,33,1,2,3,113,32.81111944,-81.94828611,24,2,0,1,0,0,1,1