ST_CASE,State Name,State Abbreviation,VE_TOTAL,Pedestrains,Total_Persons_in_accident,COUNTY,CITY,City_County_Name,Calendar_DAY,MONTH,Month_Name,YEAR,DAY_WEEK,Day_Week_desc,HOUR,MINUTE,NHS_Desc,trafficway,ROUTE,MILEPT,LATITUDE,LONGITUD,First_Crash_event,Light_cond_desc,Weather_condition,WEATHER,SCH_BUS,Crash_cause,FATALS,DRUNK_DR
130520,GEORGIA,GA,1,0,2,157,0,ARCADE,25,6,June,2010,6,Friday,5,4,0,3,3,168,34.15581667,-83.51261667,35,2,0,1,0,0,1,0
130521,GEORGIA,GA,1,0,1,25,0,BARLOW BEND,27,6,June,2010,1,Sunday,3,32,0,9,4,18,99.99990000,999.99990000,42,2,0,10,0,0,1,0
130522,GEORGIA,GA,2,0,2,121,4882,BON AIR,28,6,June,2010,2,Monday,11,0,1,11,1,232,33.91592500,-84.40684444,12,1,0,1,0,0,1,0
130523,GEORGIA,GA,1,0,1,29,4655,BORDEN SPRINGS,29,6,June,2010,3,Tuesday,18,38,1,1,1,108,31.96554444,-81.32333333,1,1,0,10,0,0,1,0
130524,GEORGIA,GA,2,0,3,51,553,CENTRAL,29,6,June,2010,3,Tuesday,18,26,0,13,6,99999,32.16378889,-81.23314722,12,1,0,1,0,0,1,0
130525,GEORGIA,GA,1,0,1,241,0,CLAYTON,29,6,June,2010,3,Tuesday,12,32,0,4,4,99999,34.85841389,-83.46377778,1,1,0,10,0,0,1,0
130526,GEORGIA,GA,2,0,2,179,3590,ALLENHURST,30,6,June,2010,4,Wednesday,21,40,1,13,3,173,99.99990000,999.99990000,12,2,0,1,0,0,1,0
130527,GEORGIA,GA,1,0,1,185,0,ANAKTUVUK PASS,30,6,June,2010,4,Wednesday,19,0,0,4,3,32,30.68486944,-83.24836389,34,1,0,2,0,0,1,1
130528,GEORGIA,GA,1,0,1,109,1160,ANSLEY,2,7,July,2010,6,Friday,11,37,0,4,3,81,32.17546667,-81.92406111,30,1,0,1,0,0,1,0
130529,GEORGIA,GA,1,0,2,223,0,BRASWELL,2,7,July,2010,6,Friday,14,36,0,16,4,13,33.89692222,-84.85932222,35,1,0,10,0,0,1,0
130530,GEORGIA,GA,1,0,3,115,4760,ASHVILLE,3,7,July,2010,7,Saturday,18,23,0,14,3,88,34.21473056,-85.15921389,5,1,0,1,0,0,1,0
130531,GEORGIA,GA,1,0,1,289,2930,ALLENTOWN,4,7,July,2010,1,Sunday,12,59,1,1,1,33,32.71788611,-83.52843056,24,1,0,1,0,0,1,0
130532,GEORGIA,GA,1,0,1,245,310,AUGUSTA,5,7,July,2010,2,Monday,3,36,0,14,3,88,33.35616111,-81.98633056,1,2,0,1,0,0,1,1
130533,GEORGIA,GA,2,0,2,67,0,ABBEVILLE,6,7,July,2010,3,Tuesday,22,33,1,11,1,12,33.77527778,-84.57863333,12,2,0,1,0,0,1,0
130534,GEORGIA,GA,1,0,1,269,0,BUTLER,10,7,July,2010,7,Saturday,14,27,1,2,3,99999,99.99990000,999.99990000,34,1,0,10,0,0,1,0
130535,GEORGIA,GA,2,0,7,51,4910,CENTRAL,11,7,July,2010,1,Sunday,11,26,1,11,1,36,32.10586111,-81.33961944,12,1,0,1,0,0,1,0
130536,GEORGIA,GA,1,0,1,59,270,FRANKLIN,13,7,July,2010,3,Tuesday,21,2,1,13,3,1,33.99277778,-83.33876667,33,3,0,1,0,0,1,0
130537,GEORGIA,GA,1,1,1,59,270,FRANKLIN,13,7,July,2010,3,Tuesday,21,55,0,13,4,9,33.97039444,-83.36777778,8,3,0,10,0,0,1,0
130538,GEORGIA,GA,2,0,6,87,370,ARMSTRONG,16,7,July,2010,6,Friday,18,8,0,14,3,202,30.88539444,-84.59412500,12,1,0,10,0,0,1,0
130539,GEORGIA,GA,1,0,1,245,310,AUGUSTA,18,7,July,2010,1,Sunday,2,26,0,13,4,99999,99.99990000,999.99990000,1,3,0,1,0,0,1,1
130540,GEORGIA,GA,1,1,1,51,4910,CENTRAL,20,7,July,2010,3,Tuesday,21,33,0,14,3,99999,31.99941389,-81.24891667,9,3,0,1,0,0,1,0
130541,GEORGIA,GA,3,0,3,135,1810,ASH FLAT,10,7,July,2010,7,Saturday,8,55,0,16,4,114,34.01314722,-84.11027778,12,1,0,10,0,0,1,0
130542,GEORGIA,GA,1,0,1,135,0,ASH FLAT,5,7,July,2010,2,Monday,22,11,0,16,4,10,99.99990000,999.99990000,33,2,0,1,0,0,1,0
130543,GEORGIA,GA,1,0,1,255,0,EAST GRIFFIN,17,7,July,2010,7,Saturday,23,41,1,2,3,18,33.21262500,-84.28908333,1,2,0,10,0,0,1,1
130544,GEORGIA,GA,1,0,1,45,0,ARITON,20,7,July,2010,3,Tuesday,12,35,0,4,4,99999,99.99990000,999.99990000,18,1,0,1,0,0,1,0
130545,GEORGIA,GA,2,0,2,47,2210,BROWNS,20,7,July,2010,3,Tuesday,19,46,0,14,6,3,34.95549722,-85.25911944,12,1,0,10,0,0,1,0
130546,GEORGIA,GA,1,1,1,277,0,BROOKFIELD,20,7,July,2010,3,Tuesday,5,29,0,13,3,141,31.45660000,-83.47302778,9,2,0,1,0,0,1,0
130547,GEORGIA,GA,2,0,2,67,5070,ABBEVILLE,21,7,July,2010,4,Wednesday,6,46,0,13,6,73,33.84037222,-84.51818611,12,1,0,1,0,0,1,0
130548,GEORGIA,GA,1,0,1,299,0,BEACH,21,7,July,2010,4,Wednesday,13,15,1,2,3,136,31.25635833,-82.46642500,1,1,0,1,0,0,1,0
130549,GEORGIA,GA,1,0,1,69,0,ASHFORD,22,7,July,2010,5,Thursday,6,3,0,14,3,48,31.45703889,-82.88895000,34,4,0,1,0,0,1,0
130550,GEORGIA,GA,1,0,1,15,0,ANNISTON,24,7,July,2010,7,Saturday,16,16,0,6,4,5,34.27374444,-84.87436389,35,1,0,10,0,0,1,0
130551,GEORGIA,GA,1,0,1,59,270,FRANKLIN,24,7,July,2010,7,Saturday,16,20,0,15,6,8,33.98165833,-83.37069444,30,1,0,1,0,0,1,0
130552,GEORGIA,GA,1,0,1,171,0,ALDORA,24,7,July,2010,7,Saturday,1,22,0,5,4,2,33.17962222,-84.24531111,32,2,0,1,0,0,1,1
130553,GEORGIA,GA,3,0,5,67,0,ABBEVILLE,25,7,July,2010,1,Sunday,10,2,1,11,1,173,34.00172778,-84.56200278,12,1,0,1,0,0,1,0
130554,GEORGIA,GA,1,0,3,289,0,ALLENTOWN,24,7,July,2010,7,Saturday,23,21,0,6,4,99999,32.71281389,-83.52306667,1,2,0,1,0,0,1,1
130555,GEORGIA,GA,2,0,4,19,0,CEDAR BLUFF,26,7,July,2010,2,Monday,18,55,0,3,3,36,31.19870556,-83.28325556,12,1,0,1,0,0,1,0
130556,GEORGIA,GA,1,0,1,169,0,BRADLEY,23,7,July,2010,6,Friday,99,99,0,3,3,80,32.99468056,-83.56143333,35,1,0,1,0,0,1,0
130557,GEORGIA,GA,2,0,4,217,0,COVINGTON,27,7,July,2010,3,Tuesday,16,19,0,14,3,1,33.74140000,-83.85396389,12,1,0,1,0,0,1,0
130558,GEORGIA,GA,1,1,1,19,3890,CEDAR BLUFF,29,7,July,2010,5,Thursday,9,5,0,3,3,118,31.20588333,-83.25332222,15,1,0,1,0,0,1,0
130559,GEORGIA,GA,2,0,3,97,0,AXIS,30,7,July,2010,6,Friday,10,14,0,3,4,99999,99.99990000,999.99990000,12,1,0,1,0,0,1,0
130560,GEORGIA,GA,1,0,3,135,3100,ASH FLAT,26,7,July,2010,2,Monday,20,38,0,16,6,8,33.93221667,-83.96503056,34,1,0,1,0,0,1,0
130561,GEORGIA,GA,1,0,1,63,0,BOLIGEE,2,8,August,2010,2,Monday,23,12,1,11,1,15,33.57079167,-84.27436389,21,3,0,1,0,0,1,1
130562,GEORGIA,GA,1,1,1,135,3158,ASH FLAT,7,8,August,2010,7,Saturday,21,31,0,14,6,6,33.90062778,-84.14806389,8,2,0,1,0,0,1,0
130563,GEORGIA,GA,1,0,1,245,580,AUGUSTA,7,8,August,2010,7,Saturday,5,42,0,15,6,99999,33.29640556,-82.20078056,42,3,0,10,0,0,1,0
130564,GEORGIA,GA,1,0,1,135,5080,ASH FLAT,8,8,August,2010,1,Sunday,19,45,0,12,6,47,33.88992222,-84.05092500,59,1,0,1,0,0,1,0
130565,GEORGIA,GA,1,0,1,169,0,BRADLEY,14,8,August,2010,7,Saturday,4,17,0,4,3,233,32.92997500,-83.40603611,32,2,0,1,0,0,1,1
130566,GEORGIA,GA,1,1,3,67,3440,ABBEVILLE,6,7,July,2010,3,Tuesday,22,24,0,16,4,20,33.93725000,-84.50605000,8,2,0,10,0,0,1,0
130567,GEORGIA,GA,1,1,1,89,0,BROWNSBORO,7,7,July,2010,4,Wednesday,11,47,0,13,3,186,33.84400000,-84.31491944,8,1,0,10,0,0,1,0
130568,GEORGIA,GA,1,0,1,213,0,CARTERS,7,7,July,2010,4,Wednesday,19,55,0,4,3,25,34.69676944,-84.73517778,34,1,0,1,0,0,1,0
130569,GEORGIA,GA,1,1,1,39,4850,ANDALUSIA,9,7,July,2010,6,Friday,7,7,0,13,3,199,30.75712222,-81.59553333,33,1,0,1,0,0,1,0
130570,GEORGIA,GA,1,0,2,129,0,BIGBEE,10,7,July,2010,7,Saturday,11,50,1,11,1,36,34.45086389,-84.91958611,1,1,0,1,0,0,1,0
130571,GEORGIA,GA,1,0,2,189,5470,BONEVILLE,10,7,July,2010,7,Saturday,22,50,0,6,4,99999,33.58555000,-82.44208333,34,2,0,1,0,0,1,1
130572,GEORGIA,GA,1,0,2,301,0,BARNETT,11,7,July,2010,1,Sunday,17,44,1,1,1,29,33.50329167,-82.76962222,42,1,0,2,0,0,1,0
130573,GEORGIA,GA,1,0,2,121,280,BON AIR,17,7,July,2010,7,Saturday,4,8,1,11,1,28,33.79320000,-84.39285278,35,3,0,1,0,0,1,0
130574,GEORGIA,GA,1,0,1,45,0,ARITON,18,7,July,2010,1,Sunday,19,31,0,9,3,99999,99.99990000,999.99990000,1,1,0,1,0,0,1,1
130575,GEORGIA,GA,2,0,2,235,2620,FINLEYSON,19,7,July,2010,2,Monday,11,45,0,3,3,89,32.24774722,-83.47305556,12,1,0,1,0,0,1,0
130576,GEORGIA,GA,2,0,5,267,0,COBBTOWN,20,7,July,2010,3,Tuesday,11,42,0,3,3,29,31.97867222,-81.91786111,59,1,0,1,0,0,1,0
130577,GEORGIA,GA,3,0,7,97,0,AXIS,22,7,July,2010,5,Thursday,16,30,0,4,2,99999,99.99990000,999.99990000,12,1,0,1,0,0,1,0
130578,GEORGIA,GA,1,0,1,179,2218,ALLENHURST,22,7,July,2010,5,Thursday,3,50,0,3,3,95,31.95580278,-81.49387778,34,6,0,99,0,0,1,0
130579,GEORGIA,GA,1,1,1,89,280,BROWNSBORO,23,7,July,2010,6,Friday,21,18,0,14,3,3,33.74012500,-84.34316111,8,3,0,1,0,0,1,0
130580,GEORGIA,GA,1,0,1,227,0,JASPER,24,7,July,2010,7,Saturday,18,16,0,5,4,2,34.47118056,-84.61291667,32,1,0,1,0,0,1,0
130581,GEORGIA,GA,1,0,1,263,0,BOX SPRINGS,24,7,July,2010,7,Saturday,23,24,0,3,3,2,32.85960000,-84.55005278,42,2,0,1,0,0,1,0
130582,GEORGIA,GA,2,0,5,95,0,ALBERTVILLE,25,7,July,2010,1,Sunday,18,49,0,13,3,158,31.55525278,-83.99740278,12,1,0,1,0,0,1,0
130583,GEORGIA,GA,1,0,1,51,0,CENTRAL,31,7,July,2010,7,Saturday,20,42,0,16,4,13,99.99990000,999.99990000,3,3,0,1,0,0,1,0
130584,GEORGIA,GA,2,0,3,135,3230,ASH FLAT,31,7,July,2010,7,Saturday,13,27,0,13,3,129,33.84967500,-83.91748889,12,1,0,1,0,0,1,0
130585,GEORGIA,GA,1,0,5,47,0,BROWNS,1,8,August,2010,1,Sunday,12,2,1,11,1,80,34.92492778,-85.15060833,1,1,0,1,0,0,1,0
130586,GEORGIA,GA,1,0,2,81,1340,AUBURN,2,8,August,2010,2,Monday,17,11,0,6,4,27,31.96454167,-83.65745556,34,1,0,1,0,0,1,0
130587,GEORGIA,GA,2,0,2,171,0,ALDORA,6,8,August,2010,6,Friday,3,30,1,1,1,10,33.15645000,-84.03541111,12,2,0,1,0,0,1,1
130588,GEORGIA,GA,1,0,1,81,0,AUBURN,7,8,August,2010,7,Saturday,4,34,1,13,2,75,31.89825556,-83.76040833,34,2,0,10,0,0,1,0
130589,GEORGIA,GA,2,0,3,299,5850,BEACH,24,4,April,2010,7,Saturday,18,8,0,2,3,138,31.16985000,-82.41428333,12,1,0,1,0,0,1,1
130590,GEORGIA,GA,1,1,1,21,0,CHILTON,20,5,May,2010,5,Thursday,4,38,0,16,4,5,32.73655833,-83.70453056,9,2,0,1,0,0,1,0
130591,GEORGIA,GA,2,0,2,113,4278,COTTONTON,1,6,June,2010,3,Tuesday,13,20,0,16,6,8,33.37518611,-84.56376389,12,1,0,1,0,0,1,0
130592,GEORGIA,GA,1,0,4,131,0,ARLINGTON,1,7,July,2010,5,Thursday,19,0,0,3,3,99999,30.83746667,-84.23994444,34,1,0,2,0,0,1,1
130593,GEORGIA,GA,1,0,1,295,0,BLOWING SPRINGS,1,7,July,2010,5,Thursday,4,3,0,14,3,226,34.98077500,-85.33455000,1,2,0,1,0,0,1,1
130594,GEORGIA,GA,2,0,2,67,20,ABBEVILLE,2,7,July,2010,6,Friday,0,16,1,11,1,150,34.05386944,-84.59313889,12,2,0,1,0,0,1,0
130595,GEORGIA,GA,1,0,2,111,3770,GRAHAM,3,7,July,2010,7,Saturday,10,20,0,4,3,109,34.81346944,-84.18602222,1,1,0,1,0,0,1,0
130596,GEORGIA,GA,1,0,2,275,0,BARWICK,2,7,July,2010,6,Friday,23,45,0,3,3,72,30.90148889,-83.83903056,34,2,0,1,0,0,1,0
130597,GEORGIA,GA,1,0,5,39,0,ANDALUSIA,6,7,July,2010,3,Tuesday,16,25,1,1,1,139,30.95048889,-81.68528056,1,1,0,1,0,0,2,0
130598,GEORGIA,GA,3,0,6,219,0,BISHOP,7,7,July,2010,4,Wednesday,7,45,0,13,3,30,33.93904444,-83.45565556,12,1,0,1,0,0,1,0
130599,GEORGIA,GA,1,0,1,59,270,FRANKLIN,8,7,July,2010,5,Thursday,21,50,0,9,3,99999,33.97578611,-83.35468889,34,2,0,1,0,0,1,0
130600,GEORGIA,GA,1,0,1,61,0,BELLWOOD,9,7,July,2010,6,Friday,13,35,0,2,3,0,31.61443056,-84.83488056,34,1,0,1,0,0,1,0
130601,GEORGIA,GA,3,0,3,121,0,BON AIR,11,7,July,2010,1,Sunday,2,48,0,14,3,42,33.61049444,-84.47145833,12,6,0,1,0,0,1,1
130602,GEORGIA,GA,3,0,4,21,0,CHILTON,14,7,July,2010,4,Wednesday,18,10,1,13,3,46,32.73823889,-83.65579167,12,1,0,1,0,0,1,0
130603,GEORGIA,GA,2,0,4,157,1300,ARCADE,14,7,July,2010,4,Wednesday,14,47,0,13,3,144,34.21329722,-83.44195556,12,1,0,1,0,0,1,0
130604,GEORGIA,GA,1,0,1,279,0,LYONS,7,8,August,2010,7,Saturday,12,58,0,4,3,99999,99.99990000,999.99990000,42,1,0,1,0,0,1,0
130605,GEORGIA,GA,1,0,2,57,920,BANKSTON,8,8,August,2010,1,Sunday,16,30,1,11,1,128,34.24375556,-84.46733333,57,1,0,1,0,0,1,0
130606,GEORGIA,GA,2,0,2,117,1440,BIRMINGHAM,9,8,August,2010,2,Monday,17,10,0,14,6,15,34.20860833,-84.12742222,12,1,0,1,0,0,1,1
130607,GEORGIA,GA,1,0,2,67,3440,ABBEVILLE,10,8,August,2010,3,Tuesday,11,10,0,13,6,25,33.97141111,-84.61107778,42,1,0,10,0,0,1,0
130608,GEORGIA,GA,1,0,1,117,0,BIRMINGHAM,10,8,August,2010,3,Tuesday,6,32,0,16,4,2,34.16361111,-84.15428611,42,2,0,1,0,0,1,0
130609,GEORGIA,GA,2,0,3,277,0,BROOKFIELD,12,8,August,2010,5,Thursday,1,38,1,1,1,151,99.99990000,999.99990000,18,2,0,10,0,0,1,0
130610,GEORGIA,GA,3,0,4,113,0,COTTONTON,13,8,August,2010,6,Friday,15,55,0,13,3,61,33.44771667,-84.51872222,12,1,0,1,0,0,1,0
130611,GEORGIA,GA,2,0,2,121,5640,BON AIR,13,8,August,2010,6,Friday,19,41,0,13,3,83,33.62432222,-84.58449167,12,1,0,10,0,0,1,0
130612,GEORGIA,GA,1,0,1,195,0,CARLTON,15,7,July,2010,5,Thursday,12,41,0,3,3,56,34.07806389,-83.25487778,42,1,0,1,0,0,1,0
130613,GEORGIA,GA,2,0,3,35,0,BROOKLYN,17,7,July,2010,7,Saturday,16,55,0,3,3,153,33.37942222,-83.90623611,12,1,0,2,0,0,1,0
130614,GEORGIA,GA,2,0,4,223,0,BRASWELL,14,8,August,2010,7,Saturday,18,56,0,15,4,51,33.96726389,-84.79284444,12,1,0,1,0,0,1,0
130615,GEORGIA,GA,1,1,1,157,670,ARCADE,17,7,July,2010,7,Saturday,22,5,1,1,1,7,34.11209722,-83.77716111,8,1,0,1,0,0,1,0
130616,GEORGIA,GA,2,0,2,93,0,BEAR CREEK,15,8,August,2010,1,Sunday,4,5,1,1,1,66,32.12090833,-83.76163333,12,3,0,1,0,0,1,0
130617,GEORGIA,GA,2,0,1,33,0,CHEROKEE,18,7,July,2010,1,Sunday,16,42,0,6,4,10,33.12272778,-81.96550833,38,1,0,1,0,0,1,0
130618,GEORGIA,GA,1,0,1,67,3440,ABBEVILLE,18,7,July,2010,1,Sunday,3,41,1,11,1,36,33.92371944,-84.48524444,23,3,0,1,0,0,1,0
130619,GEORGIA,GA,1,0,1,127,0,BURNWELL,21,7,July,2010,4,Wednesday,7,30,0,5,4,4,31.13305278,-81.62035556,53,1,0,1,0,0,1,0
130620,GEORGIA,GA,2,0,3,51,4910,CENTRAL,16,8,August,2010,2,Monday,19,1,1,13,1,2,32.03935000,-81.14360278,12,1,0,10,0,0,2,0
130621,GEORGIA,GA,1,0,2,287,0,ASHBURN,21,7,July,2010,4,Wednesday,15,43,1,1,1,63,31.67428333,-83.61453889,1,1,0,1,0,0,1,0
130622,GEORGIA,GA,1,0,1,115,0,ASHVILLE,17,8,August,2010,3,Tuesday,5,27,1,2,3,230,34.39083333,-85.18668056,11,2,0,2,0,0,1,0
130623,GEORGIA,GA,2,0,6,13,5980,BOLLING,23,7,July,2010,6,Friday,14,44,0,4,3,69,33.99240278,-83.75486389,12,1,0,1,0,0,1,0
130624,GEORGIA,GA,1,0,1,283,0,SOPERTON,17,8,August,2010,3,Tuesday,14,30,1,1,1,72,32.42551667,-82.54866111,42,1,0,2,0,0,1,0
130625,GEORGIA,GA,1,0,1,101,0,BOYLSTON,24,7,July,2010,7,Saturday,21,0,0,6,4,28,30.67298889,-83.10147778,34,2,0,10,0,0,1,1
130626,GEORGIA,GA,1,0,1,145,0,BALD KNOB,24,7,July,2010,7,Saturday,16,30,0,4,3,23,32.70290556,-84.81901389,35,1,0,10,0,0,1,1
130627,GEORGIA,GA,2,0,3,205,0,BACONTON,24,7,July,2010,7,Saturday,16,6,0,14,4,58,31.20683611,-84.17872778,12,1,0,1,0,0,1,1
130628,GEORGIA,GA,2,0,5,15,0,ANNISTON,21,8,August,2010,7,Saturday,20,4,0,16,4,33,34.10235278,-84.72003889,12,5,0,10,0,0,1,0
130629,GEORGIA,GA,1,0,1,185,0,ANAKTUVUK PASS,27,7,July,2010,3,Tuesday,23,0,0,4,3,110,30.70201111,-83.14256667,34,2,0,2,0,0,1,1
130630,GEORGIA,GA,1,1,1,121,280,BON AIR,28,7,July,2010,4,Wednesday,8,10,0,13,3,9,33.76259444,-84.36405556,8,1,0,1,0,0,1,0
130631,GEORGIA,GA,2,0,2,51,0,CENTRAL,21,8,August,2010,7,Saturday,10,42,0,15,4,99999,99.99990000,999.99990000,12,1,0,1,0,0,1,0
130632,GEORGIA,GA,1,0,1,89,0,BROWNSBORO,21,8,August,2010,7,Saturday,11,50,0,15,4,7,33.71138333,-84.19855278,21,1,0,1,0,0,1,1
130633,GEORGIA,GA,2,0,3,115,0,ASHVILLE,21,8,August,2010,7,Saturday,15,26,0,4,3,3,34.39586111,-85.18474722,12,1,0,1,0,0,2,0
130634,GEORGIA,GA,1,0,1,255,0,EAST GRIFFIN,22,8,August,2010,1,Sunday,0,40,0,6,4,52,33.30126389,-84.17351111,11,3,0,10,0,0,1,1
130635,GEORGIA,GA,3,0,7,45,0,ARITON,23,8,August,2010,2,Monday,12,49,1,13,3,90,33.54431111,-85.07374722,12,1,0,1,0,0,1,0
130636,GEORGIA,GA,1,1,1,63,1250,BOLIGEE,24,8,August,2010,3,Tuesday,22,8,1,11,1,133,33.64765278,-84.44761389,8,2,0,10,0,0,1,0
130637,GEORGIA,GA,1,0,1,105,0,MARION,24,8,August,2010,3,Tuesday,23,2,0,6,4,10,34.08149167,-82.75256389,42,2,0,1,0,0,1,0
130638,GEORGIA,GA,2,0,10,39,0,ANDALUSIA,31,7,July,2010,7,Saturday,7,11,1,1,1,159,30.96696944,-81.67730833,18,4,0,1,0,0,2,0
130639,GEORGIA,GA,2,0,2,115,0,ASHVILLE,27,8,August,2010,6,Friday,10,9,1,13,3,44,34.27933056,-85.12631944,12,1,0,1,0,0,1,0
130640,GEORGIA,GA,2,0,2,135,1470,ASH FLAT,28,8,August,2010,7,Saturday,6,9,0,14,3,204,33.98859722,-83.89132222,12,2,0,1,0,0,1,0
130641,GEORGIA,GA,1,1,1,3,4280,BALDWIN,3,8,August,2010,3,Tuesday,19,3,0,2,3,85,31.28650833,-82.85540556,9,1,0,1,0,0,1,0
130642,GEORGIA,GA,1,0,1,135,0,ASH FLAT,4,9,September,2010,7,Saturday,5,40,1,13,3,8,34.12338611,-84.08188889,34,2,0,1,0,0,1,1
130643,GEORGIA,GA,1,0,1,153,4340,BONAIRE,8,8,August,2010,1,Sunday,18,16,0,6,4,99999,32.51248611,-83.67368333,33,1,0,1,0,0,1,1
130644,GEORGIA,GA,2,0,3,51,4475,CENTRAL,22,6,June,2010,3,Tuesday,7,46,1,13,3,116,32.19849444,-81.19776111,12,1,0,1,0,0,1,0
130645,GEORGIA,GA,2,0,2,291,540,BLAIRSVILLE,23,6,June,2010,4,Wednesday,14,31,1,2,3,99999,34.98266389,-84.07088056,12,1,0,10,0,0,1,0
130646,GEORGIA,GA,1,0,6,103,0,DANVILLE,27,6,June,2010,1,Sunday,2,47,0,4,4,99999,99.99990000,999.99990000,1,2,0,10,0,0,2,0
130647,GEORGIA,GA,1,0,1,297,3230,BETWEEN,30,6,June,2010,4,Wednesday,6,23,0,16,4,1,33.84812500,-83.91968889,43,1,0,1,0,0,1,1
130648,GEORGIA,GA,1,0,1,221,0,ARNOLDSVILLE,4,7,July,2010,1,Sunday,6,36,0,5,4,2,33.95355833,-83.11155000,34,2,0,1,0,0,1,0
130649,GEORGIA,GA,1,1,1,11,0,BULLOCK,6,7,July,2010,3,Tuesday,18,2,0,4,3,61,34.37477222,-83.40189444,8,1,0,1,0,0,1,0
130650,GEORGIA,GA,1,0,5,285,3050,GABBETTVILLE,8,7,July,2010,5,Thursday,7,54,1,1,1,62,32.96672778,-84.95588056,1,1,0,1,0,0,1,0
130651,GEORGIA,GA,2,0,2,139,0,CALION,20,7,July,2010,3,Tuesday,23,21,0,4,3,95,34.44821944,-83.77950556,12,2,0,1,0,0,1,0
130652,GEORGIA,GA,2,0,3,179,0,ALLENHURST,21,7,July,2010,4,Wednesday,19,48,1,1,1,43,99.99990000,999.99990000,12,1,0,1,0,0,1,0
130653,GEORGIA,GA,1,1,1,215,1280,BIBB CITY,26,7,July,2010,2,Monday,23,23,0,14,6,5,32.46038333,-84.97311111,8,3,0,10,0,0,1,1
130654,GEORGIA,GA,1,1,2,89,0,BROWNSBORO,16,5,May,2010,1,Sunday,12,54,0,14,4,7,99.99990000,999.99990000,8,1,0,1,0,0,1,0
130655,GEORGIA,GA,2,0,3,215,1280,BIBB CITY,21,5,May,2010,6,Friday,14,1,1,13,3,29,32.47953611,-84.94447222,12,1,0,10,0,0,1,0
130656,GEORGIA,GA,1,0,1,275,0,BARWICK,27,7,July,2010,3,Tuesday,7,4,0,6,4,99999,99.99990000,999.99990000,42,1,0,1,0,0,1,1
130657,GEORGIA,GA,2,0,3,169,2460,BRADLEY,25,5,May,2010,3,Tuesday,10,43,0,4,3,99999,99.99990000,999.99990000,12,1,0,1,0,0,1,0
130658,GEORGIA,GA,1,1,1,11,0,BULLOCK,31,7,July,2010,7,Saturday,6,5,1,2,3,50,34.30053333,-83.47581667,8,2,0,10,0,0,1,0
130659,GEORGIA,GA,2,0,2,151,0,FLIPPEN,1,6,June,2010,3,Tuesday,16,59,0,15,4,18,33.51749722,-84.23005278,12,1,0,1,0,0,1,0
130660,GEORGIA,GA,1,0,1,21,3390,CHILTON,2,6,June,2010,4,Wednesday,10,20,1,11,1,106,32.83018333,-83.65477778,24,1,0,10,0,0,1,1
130661,GEORGIA,GA,2,0,3,89,0,BROWNSBORO,3,6,June,2010,5,Thursday,19,34,0,13,4,38,33.74382778,-84.19601111,33,1,0,10,0,0,1,0
130662,GEORGIA,GA,1,0,1,93,0,BEAR CREEK,5,6,June,2010,7,Saturday,10,47,1,1,1,66,32.12055833,-83.76124167,52,1,0,1,0,0,1,0
130664,GEORGIA,GA,1,2,2,45,0,ARITON,11,6,June,2010,6,Friday,21,15,0,6,4,1,33.60701944,-84.98870556,8,5,0,1,0,0,1,0
130665,GEORGIA,GA,1,1,1,89,0,BROWNSBORO,12,6,June,2010,7,Saturday,1,0,0,14,3,99999,33.69513333,-84.26268889,8,2,0,1,0,0,1,0
130666,GEORGIA,GA,2,0,3,137,0,ALCO,20,6,June,2010,1,Sunday,11,43,1,2,3,21,34.46808056,-83.59935833,12,1,0,1,0,0,1,0
130667,GEORGIA,GA,1,0,2,151,0,FLIPPEN,20,6,June,2010,1,Sunday,9,52,0,4,4,35,33.46230278,-83.95791667,34,1,0,1,0,0,2,1
130668,GEORGIA,GA,1,0,1,221,0,ARNOLDSVILLE,11,6,June,2010,6,Friday,6,37,0,4,4,99999,34.01977500,-83.12581944,38,2,0,1,0,0,1,1
130669,GEORGIA,GA,1,0,1,303,0,DAVISBORO,10,8,August,2010,3,Tuesday,22,10,0,4,4,91,32.91290000,-82.70580833,34,2,0,1,0,0,1,0
130670,GEORGIA,GA,2,0,2,185,0,ANAKTUVUK PASS,11,8,August,2010,4,Wednesday,7,19,0,16,4,9,30.89691389,-83.25235278,12,1,0,1,0,0,1,0
130671,GEORGIA,GA,1,0,3,255,0,EAST GRIFFIN,12,8,August,2010,5,Thursday,21,9,0,6,4,0,33.28675556,-84.12958889,5,2,0,1,0,0,1,1
130672,GEORGIA,GA,1,0,3,27,0,ASHLAND,21,8,August,2010,7,Saturday,18,45,0,3,3,198,31.03156111,-83.58450000,34,1,0,2,0,0,1,1
130673,GEORGIA,GA,2,2,1,15,0,ANNISTON,22,8,August,2010,1,Sunday,5,45,1,1,1,129,34.21496111,-84.75459722,8,2,0,10,0,0,1,0
130674,GEORGIA,GA,1,0,1,67,0,ABBEVILLE,22,8,August,2010,1,Sunday,16,27,1,11,1,0,33.77025556,-84.54121111,1,1,0,1,0,0,1,0
130675,GEORGIA,GA,1,1,1,69,5872,ASHFORD,22,8,August,2010,1,Sunday,22,1,0,5,4,99999,31.61305000,-82.73275833,8,2,0,2,0,0,1,0
130676,GEORGIA,GA,1,0,2,117,0,BIRMINGHAM,23,8,August,2010,2,Monday,99,99,0,14,4,47,34.13523889,-84.15000556,32,2,0,1,0,0,1,1
130677,GEORGIA,GA,1,0,2,31,730,COFFEE,26,8,August,2010,5,Thursday,2,13,0,3,3,43,99.99990000,999.99990000,32,2,0,1,0,0,1,1
130678,GEORGIA,GA,1,0,2,175,0,CADWELL,29,8,August,2010,1,Sunday,2,4,0,6,4,19,32.53408333,-83.00503611,42,2,0,1,0,0,1,0