ST_CASE,State Name,State Abbreviation,VE_TOTAL,Pedestrains,Total_Persons_in_accident,COUNTY,CITY,City_County_Name,Calendar_DAY,MONTH,Month_Name,YEAR,DAY_WEEK,Day_Week_desc,HOUR,MINUTE,NHS_Desc,trafficway,ROUTE,MILEPT,LATITUDE,LONGITUD,First_Crash_event,Light_cond_desc,Weather_condition,WEATHER,SCH_BUS,Crash_cause,FATALS,DRUNK_DR
130679,GEORGIA,GA,2,0,2,319,0,ALLENTOWN,30,8,August,2010,2,Monday,13,7,0,2,3,25,99.99990000,999.99990000,12,1,0,1,0,0,1,0
130680,GEORGIA,GA,1,0,1,31,730,COFFEE,31,8,August,2010,3,Tuesday,19,0,0,3,3,319,32.33544444,-81.60391389,11,1,0,1,0,0,1,0
130681,GEORGIA,GA,1,1,1,141,0,BEE BRANCH,31,8,August,2010,3,Tuesday,12,22,0,3,3,190,33.31582500,-82.87240556,9,1,0,1,0,0,1,0
130682,GEORGIA,GA,2,0,5,293,5450,EAST THOMASTON,1,9,September,2010,4,Wednesday,18,30,1,13,3,167,32.90963889,-84.33034722,12,1,0,1,0,0,1,0
130683,GEORGIA,GA,1,0,2,213,0,CARTERS,2,9,September,2010,5,Thursday,15,31,0,6,4,4,34.97524444,-84.73731389,42,1,0,1,0,0,1,0
130684,GEORGIA,GA,2,0,4,89,0,BROWNSBORO,4,9,September,2010,7,Saturday,18,11,1,11,1,218,33.69731667,-84.28359167,12,1,0,1,0,0,1,0
130685,GEORGIA,GA,1,0,1,279,0,LYONS,2,9,September,2010,5,Thursday,17,13,0,4,4,93,32.18176944,-82.34701389,1,1,0,1,0,0,1,1
130686,GEORGIA,GA,2,0,3,175,1780,CADWELL,4,9,September,2010,7,Saturday,21,26,0,14,6,6,99.99990000,999.99990000,12,2,0,1,0,0,1,0
130687,GEORGIA,GA,1,0,2,233,0,ARAGON,5,9,September,2010,1,Sunday,19,21,0,6,4,2,33.95380833,-85.34014444,34,1,0,1,0,0,1,1
130688,GEORGIA,GA,1,1,1,59,270,FRANKLIN,9,9,September,2010,5,Thursday,11,39,0,13,3,42,33.97206944,-83.41223611,8,1,0,1,0,0,1,0
130689,GEORGIA,GA,2,0,2,59,270,FRANKLIN,9,9,September,2010,5,Thursday,7,48,0,13,6,9,33.94165000,-83.50060000,12,1,0,10,0,0,1,0
130690,GEORGIA,GA,2,1,2,67,3440,ABBEVILLE,10,9,September,2010,6,Friday,21,20,0,14,6,83,33.96457500,-84.53297222,8,3,0,1,0,0,1,0
130691,GEORGIA,GA,1,0,4,81,200,AUBURN,10,9,September,2010,6,Friday,20,4,1,1,1,32,31.83866389,-83.71498333,1,5,0,1,0,0,1,0
130692,GEORGIA,GA,2,0,6,15,0,ANNISTON,12,9,September,2010,1,Sunday,12,32,0,3,3,40,34.10525000,-84.91715000,12,1,0,1,0,0,1,0
130693,GEORGIA,GA,1,1,1,67,3440,ABBEVILLE,16,9,September,2010,5,Thursday,23,51,0,16,6,0,33.92377778,-84.48235278,8,3,0,10,0,0,1,0
130694,GEORGIA,GA,2,0,2,115,0,ASHVILLE,17,9,September,2010,6,Friday,6,52,0,14,3,67,34.18427500,-85.15253889,12,2,0,1,0,0,1,0
130695,GEORGIA,GA,1,1,1,135,1810,ASH FLAT,20,9,September,2010,2,Monday,20,15,1,13,4,36,33.95496667,-84.13158333,8,3,0,1,0,0,1,0
130696,GEORGIA,GA,1,0,1,135,0,ASH FLAT,24,9,September,2010,6,Friday,0,19,0,15,4,7,33.86074167,-84.16387778,11,3,0,1,0,0,1,0
130697,GEORGIA,GA,4,0,7,135,1810,ASH FLAT,27,9,September,2010,2,Monday,15,52,0,14,4,5,33.95551667,-84.09452778,12,1,0,1,0,0,1,0
130698,GEORGIA,GA,2,0,2,51,4910,CENTRAL,1,10,October,2010,6,Friday,16,1,1,13,3,111,31.99106111,-81.22681667,12,1,0,1,0,0,1,1
130699,GEORGIA,GA,2,0,2,115,0,ASHVILLE,1,10,October,2010,6,Friday,23,22,0,13,3,55,34.17406944,-85.20785833,12,3,0,1,0,0,1,0
130700,GEORGIA,GA,1,0,2,139,0,CALION,6,8,August,2010,6,Friday,22,2,0,6,4,9,34.39140000,-83.94413056,42,2,0,10,0,0,1,1
130701,GEORGIA,GA,4,0,5,139,2285,CALION,6,8,August,2010,6,Friday,19,26,0,2,6,99999,34.33158333,-83.93438889,14,5,0,10,0,0,1,0
130702,GEORGIA,GA,1,0,1,215,1280,BIBB CITY,22,8,August,2010,1,Sunday,8,15,1,13,6,12,32.48900278,-84.99021389,30,1,0,1,0,0,1,0
130703,GEORGIA,GA,2,0,2,215,1280,BIBB CITY,27,8,August,2010,6,Friday,19,20,0,13,3,104,32.49561111,-84.98023611,12,3,0,10,0,0,1,0
130704,GEORGIA,GA,1,0,2,103,9999,DANVILLE,31,1,January,2010,1,Sunday,19,57,0,5,4,13,32.26293889,-81.36398333,42,2,0,1,0,0,1,1
130705,GEORGIA,GA,2,0,2,151,0,FLIPPEN,22,3,March,2010,2,Monday,13,14,0,3,3,2,33.32055556,-84.05798056,12,1,0,10,0,0,1,0
130706,GEORGIA,GA,1,1,2,65,2800,CYPRESS,8,4,April,2010,5,Thursday,17,20,0,6,6,15,31.02916111,-82.75808889,8,1,0,1,0,0,1,0
130707,GEORGIA,GA,2,0,3,151,0,FLIPPEN,17,4,April,2010,7,Saturday,10,23,1,1,1,38,33.35068056,-84.12454722,1,1,0,1,0,0,1,0
130708,GEORGIA,GA,2,0,2,151,3220,FLIPPEN,5,5,May,2010,4,Wednesday,10,2,0,3,3,41,33.34885556,-84.11041944,12,1,0,1,0,0,1,0
130709,GEORGIA,GA,1,0,1,209,0,AILEY,8,5,May,2010,7,Saturday,0,50,0,6,4,75,32.07376944,-82.47452500,34,2,0,1,0,0,1,1
130710,GEORGIA,GA,2,0,2,247,1320,CONYERS,14,5,May,2010,6,Friday,23,24,0,16,4,17,33.69520556,-83.99764167,34,2,0,1,0,0,1,1
130711,GEORGIA,GA,2,0,3,51,4450,CENTRAL,17,5,May,2010,2,Monday,16,16,1,11,1,1558,32.08641111,-81.28682222,12,1,0,2,0,0,1,0
130712,GEORGIA,GA,2,0,2,151,0,FLIPPEN,20,5,May,2010,5,Thursday,14,32,0,4,4,20,33.37643333,-84.24023611,12,1,0,1,0,0,1,1
130713,GEORGIA,GA,1,0,3,151,0,FLIPPEN,21,5,May,2010,6,Friday,19,21,0,15,4,15,33.36368333,-84.27940000,35,1,0,10,0,0,2,0
130714,GEORGIA,GA,2,0,2,237,0,EATONTON,2,6,June,2010,4,Wednesday,13,0,0,13,3,97,33.29705556,-83.38471944,12,1,0,1,0,0,1,0
130715,GEORGIA,GA,2,0,2,247,1320,CONYERS,11,6,June,2010,6,Friday,6,50,0,14,3,38,33.60843611,-84.07481389,12,1,0,1,0,0,1,0
130716,GEORGIA,GA,1,0,2,247,0,CONYERS,17,6,June,2010,5,Thursday,14,18,1,11,1,9,33.68316111,-84.06308056,24,1,0,1,0,0,2,0
130717,GEORGIA,GA,1,1,1,121,4882,BON AIR,25,6,June,2010,6,Friday,22,58,0,14,3,82,33.88150556,-84.37980000,8,3,0,1,0,0,1,0
130718,GEORGIA,GA,1,0,2,127,0,BURNWELL,26,6,June,2010,7,Saturday,13,53,1,1,1,388,31.26760278,-81.49291389,24,1,0,1,0,0,1,0
130719,GEORGIA,GA,1,0,1,103,2520,DANVILLE,27,6,June,2010,1,Sunday,20,52,0,4,3,61,32.22038889,-81.36929444,18,2,0,2,0,0,1,0
130720,GEORGIA,GA,1,0,1,151,0,FLIPPEN,16,7,July,2010,6,Friday,14,0,0,16,4,0,33.50567500,-84.11563333,43,1,0,1,0,0,1,0
130721,GEORGIA,GA,2,0,2,175,1780,CADWELL,19,7,July,2010,2,Monday,16,9,0,3,3,193,32.58641111,-82.94228889,12,1,0,1,0,0,1,1
130722,GEORGIA,GA,1,0,2,299,0,BEACH,24,7,July,2010,7,Saturday,16,4,0,4,4,44,31.32128889,-82.38970000,53,1,0,1,0,0,1,1
130723,GEORGIA,GA,1,0,3,135,0,ASH FLAT,26,7,July,2010,2,Monday,18,29,0,16,4,7,33.94872222,-84.02953611,53,1,0,2,0,0,1,1
130724,GEORGIA,GA,1,0,2,51,4910,CENTRAL,31,7,July,2010,7,Saturday,3,29,0,15,6,23,32.04570556,-81.10412778,33,3,0,1,0,0,1,1
130725,GEORGIA,GA,3,0,7,39,0,ANDALUSIA,2,8,August,2010,2,Monday,15,22,1,1,1,220,31.05628889,-81.63990833,45,1,0,10,0,0,1,0
130726,GEORGIA,GA,1,0,1,157,2810,ARCADE,2,8,August,2010,2,Monday,7,0,0,19,4,99999,99.99990000,999.99990000,42,4,0,10,0,0,1,0
130727,GEORGIA,GA,1,0,2,185,0,ANAKTUVUK PASS,2,8,August,2010,2,Monday,10,36,0,3,3,30,30.66888611,-83.31698611,53,1,0,10,0,0,1,0
130728,GEORGIA,GA,1,0,1,305,0,DOCTORTOWN,2,8,August,2010,2,Monday,21,17,0,3,3,119,31.76139722,-82.01710278,34,2,0,2,0,0,1,1
130729,GEORGIA,GA,1,0,1,103,5130,DANVILLE,4,8,August,2010,4,Wednesday,6,55,0,3,3,100,32.34986667,-81.28305556,33,1,0,1,0,0,1,0
130730,GEORGIA,GA,1,0,2,113,0,COTTONTON,5,8,August,2010,5,Thursday,20,44,0,15,4,69,33.50985000,-84.45744167,35,5,0,1,0,0,1,1
130731,GEORGIA,GA,1,1,1,51,2290,CENTRAL,7,8,August,2010,7,Saturday,3,30,0,13,3,72,32.04057778,-81.19817222,8,2,0,10,0,0,1,0
130732,GEORGIA,GA,1,0,2,119,0,BELLAMY,7,8,August,2010,7,Saturday,17,42,1,1,1,1740,34.45175000,-83.10957778,1,1,0,1,0,0,1,0
130733,GEORGIA,GA,1,0,2,153,4340,BONAIRE,8,9,September,2010,4,Wednesday,8,14,1,1,1,154,32.51104722,-83.74292222,42,1,0,1,0,0,2,0
130734,GEORGIA,GA,1,0,2,67,0,ABBEVILLE,10,9,September,2010,6,Friday,3,48,0,15,4,15,33.99637222,-84.62854444,42,2,0,1,0,0,1,1
130735,GEORGIA,GA,1,0,1,263,0,BOX SPRINGS,10,9,September,2010,6,Friday,20,30,0,4,3,43,32.66394444,-84.62513333,35,2,0,1,0,0,1,0
130736,GEORGIA,GA,2,0,6,151,0,FLIPPEN,11,9,September,2010,7,Saturday,21,45,0,5,4,17,33.37611667,-84.07098889,12,2,0,10,0,0,1,1
130737,GEORGIA,GA,1,0,1,21,0,CHILTON,12,9,September,2010,1,Sunday,6,44,0,4,4,6,32.72283333,-83.76714722,42,4,0,10,0,0,1,0
130738,GEORGIA,GA,1,0,1,21,3390,CHILTON,12,9,September,2010,1,Sunday,16,46,1,11,1,99999,32.82482500,-83.65739167,24,1,0,1,0,0,1,0
130739,GEORGIA,GA,2,0,2,21,3390,CHILTON,12,9,September,2010,1,Sunday,17,46,0,15,6,12,32.82181389,-83.64127500,12,1,0,1,0,0,1,0
130740,GEORGIA,GA,1,1,1,231,0,CONCORD,15,9,September,2010,4,Wednesday,7,10,0,4,3,60,33.16994167,-84.40302500,8,4,0,1,0,0,1,0
130741,GEORGIA,GA,1,1,1,9,3620,BLOUNT,19,9,September,2010,1,Sunday,20,43,0,14,6,18,33.10660556,-83.23081389,8,3,0,1,0,0,1,0
130742,GEORGIA,GA,1,0,1,185,5680,ANAKTUVUK PASS,21,9,September,2010,3,Tuesday,1,27,0,14,6,6,30.84791389,-83.26647500,34,3,0,10,0,0,1,0
130743,GEORGIA,GA,3,0,3,57,920,BANKSTON,22,9,September,2010,4,Wednesday,19,29,1,11,1,113,34.22345833,-84.48426111,12,1,0,1,0,0,1,0
130744,GEORGIA,GA,1,0,1,245,310,AUGUSTA,24,9,September,2010,6,Friday,11,40,1,11,1,32,33.45301667,-82.07454444,1,1,0,1,0,0,1,1
130745,GEORGIA,GA,2,0,3,63,4690,BOLIGEE,25,9,September,2010,7,Saturday,11,40,0,13,3,44,33.57881944,-84.41203611,12,1,0,1,0,0,1,0
130746,GEORGIA,GA,1,0,1,97,0,AXIS,25,9,September,2010,7,Saturday,2,5,0,14,3,57,33.73047778,-84.81149167,33,2,0,1,0,0,1,0
130747,GEORGIA,GA,1,0,1,185,0,ANAKTUVUK PASS,25,9,September,2010,7,Saturday,0,36,1,1,1,272,30.96401389,-83.37968611,25,2,0,1,0,0,1,0
130748,GEORGIA,GA,1,0,2,285,3050,GABBETTVILLE,25,9,September,2010,7,Saturday,2,4,0,14,6,25,33.01746111,-85.06844722,30,3,0,1,0,0,1,1
130749,GEORGIA,GA,2,0,3,45,5730,ARITON,26,9,September,2010,1,Sunday,16,30,1,1,1,153,33.72282222,-84.92511111,12,1,0,2,0,0,1,0
130750,GEORGIA,GA,2,0,3,177,0,LEE,8,8,August,2010,1,Sunday,21,38,0,13,2,30,31.66656111,-84.17287500,12,2,0,1,0,0,3,0
130751,GEORGIA,GA,1,0,1,89,0,BROWNSBORO,26,9,September,2010,1,Sunday,3,20,1,11,1,208,33.69913611,-84.26614444,25,2,0,2,0,0,1,1
130752,GEORGIA,GA,1,0,1,87,0,ARMSTRONG,9,8,August,2010,2,Monday,7,8,1,2,3,12,30.70535833,-84.39031944,34,1,0,10,0,0,1,0
130753,GEORGIA,GA,1,0,4,175,1780,CADWELL,26,9,September,2010,1,Sunday,14,10,1,1,1,151,32.49655000,-82.97471389,7,1,0,10,0,0,1,0
130754,GEORGIA,GA,2,0,2,275,5460,BARWICK,9,8,August,2010,2,Monday,18,54,0,13,3,155,30.98507778,-84.04096944,12,1,0,1,0,0,1,0
130755,GEORGIA,GA,2,0,2,111,3770,GRAHAM,11,8,August,2010,4,Wednesday,12,35,1,2,2,103,34.88888333,-84.22355278,12,1,0,1,0,0,1,0
130756,GEORGIA,GA,1,0,3,29,0,BORDEN SPRINGS,27,9,September,2010,2,Monday,12,6,1,1,1,52,32.17926389,-81.45718611,34,1,0,2,0,0,1,0
130757,GEORGIA,GA,1,0,1,123,2000,ALEXANDER CITY,11,8,August,2010,4,Wednesday,17,14,0,4,3,5,34.57847500,-84.64814444,34,1,0,1,0,0,1,1
130758,GEORGIA,GA,2,0,2,31,5170,COFFEE,27,9,September,2010,2,Monday,19,42,0,4,6,55,32.53679167,-81.78606667,12,2,0,2,0,0,1,0
130759,GEORGIA,GA,2,0,3,199,0,ALVATON,11,8,August,2010,4,Wednesday,7,54,0,9,3,99999,99.99990000,999.99990000,12,1,0,1,0,0,1,0
130760,GEORGIA,GA,2,1,2,97,0,AXIS,27,9,September,2010,2,Monday,20,26,0,14,3,132,33.77600833,-84.74726944,8,2,0,10,0,0,1,0
130761,GEORGIA,GA,2,0,3,45,0,ARITON,28,9,September,2010,3,Tuesday,14,49,0,4,3,44,33.73783056,-84.97598611,12,1,0,1,0,0,1,0
130762,GEORGIA,GA,5,0,8,237,0,EATONTON,11,8,August,2010,4,Wednesday,14,19,1,2,2,212,33.42604167,-83.37022222,12,1,0,1,0,0,1,1
130763,GEORGIA,GA,5,0,7,15,0,ANNISTON,29,9,September,2010,4,Wednesday,17,34,1,2,3,174,34.20569722,-84.77104444,12,1,0,1,0,0,1,0
130764,GEORGIA,GA,2,0,4,51,2290,CENTRAL,13,8,August,2010,6,Friday,12,50,0,13,2,108,32.08687500,-81.15930000,12,1,0,1,0,0,2,0
130765,GEORGIA,GA,1,1,3,233,4730,ARAGON,14,8,August,2010,7,Saturday,0,20,0,3,3,28,34.00648056,-85.04155556,9,3,0,1,0,0,1,1
130766,GEORGIA,GA,1,0,4,133,0,ARLEY,16,8,August,2010,2,Monday,20,54,0,3,2,131,33.58874444,-83.15069444,43,1,0,1,0,0,3,1
130767,GEORGIA,GA,2,0,3,195,2850,CARLTON,17,8,August,2010,3,Tuesday,8,29,0,3,3,127,34.20821389,-83.28296111,53,1,0,2,0,0,1,0
130768,GEORGIA,GA,1,0,1,21,0,CHILTON,21,8,August,2010,7,Saturday,12,57,1,11,1,96,32.87734722,-83.76590833,24,1,0,1,0,0,1,0
130769,GEORGIA,GA,2,0,3,109,1490,ANSLEY,21,8,August,2010,7,Saturday,14,19,0,2,3,95,32.15158889,-81.80058611,12,1,0,1,0,0,1,1
130770,GEORGIA,GA,1,0,3,157,0,ARCADE,22,8,August,2010,1,Sunday,14,12,0,5,4,18,34.10320556,-83.39288333,38,1,0,1,0,0,1,1
130771,GEORGIA,GA,2,0,6,89,0,BROWNSBORO,24,8,August,2010,3,Tuesday,4,15,1,11,1,235,33.69196944,-84.29558611,12,2,0,1,0,0,1,1
130772,GEORGIA,GA,2,0,2,49,9997,COLLINSVILLE,27,8,August,2010,6,Friday,20,45,1,2,2,169,30.98903333,-82.12449722,12,2,0,1,0,0,2,0
130773,GEORGIA,GA,1,0,1,179,0,ALLENHURST,28,8,August,2010,7,Saturday,99,99,0,6,4,80,31.71862222,-81.48454444,1,1,0,10,0,0,1,1
130774,GEORGIA,GA,1,0,1,191,0,CRESCENT,28,8,August,2010,7,Saturday,99,99,0,9,4,99999,99.99990000,999.99990000,34,2,0,1,0,0,1,1
130775,GEORGIA,GA,2,0,1,121,4790,BON AIR,29,8,August,2010,1,Sunday,8,17,0,9,6,99999,34.02202778,-84.33056944,33,1,0,1,0,0,1,0
130776,GEORGIA,GA,1,0,1,135,0,ASH FLAT,30,8,August,2010,2,Monday,4,18,1,11,1,159,34.04380556,-84.03210556,52,2,0,1,0,99,1,0
130777,GEORGIA,GA,3,1,3,121,5640,BON AIR,31,8,August,2010,3,Tuesday,5,46,1,11,1,86,33.58482500,-84.51323056,12,2,0,1,0,0,1,0
130778,GEORGIA,GA,2,0,2,139,0,CALION,6,7,July,2010,3,Tuesday,11,40,0,13,3,75,34.26808611,-83.81890278,12,1,0,1,0,0,1,0
130779,GEORGIA,GA,1,0,2,299,0,BEACH,5,8,August,2010,5,Thursday,2,30,0,14,4,5,31.22223333,-82.38814722,31,2,0,1,0,0,1,1
130780,GEORGIA,GA,1,0,1,215,1280,BIBB CITY,13,8,August,2010,6,Friday,5,11,0,16,6,4,32.52566667,-84.88903889,34,2,0,10,0,0,1,1
130781,GEORGIA,GA,1,0,2,91,0,DAYTON,30,8,August,2010,2,Monday,12,48,1,13,3,110,32.18481944,-83.17053889,34,1,0,1,0,0,1,0
130782,GEORGIA,GA,2,0,8,85,1590,BENTON,1,9,September,2010,4,Wednesday,10,26,0,19,2,99999,99.99990000,999.99990000,12,1,0,1,0,0,1,0
130783,GEORGIA,GA,2,0,3,57,0,BANKSTON,4,9,September,2010,7,Saturday,14,53,1,2,3,18,34.22205000,-84.62284722,12,1,0,1,0,0,1,0
130784,GEORGIA,GA,2,0,5,121,280,BON AIR,4,9,September,2010,7,Saturday,3,37,1,11,1,10,33.75086389,-84.45483611,12,2,0,1,0,0,1,1
130785,GEORGIA,GA,2,0,2,185,5680,ANAKTUVUK PASS,5,9,September,2010,1,Sunday,9,28,0,14,3,0,30.88265000,-83.27343889,12,1,0,1,0,0,1,0
130786,GEORGIA,GA,1,0,2,295,0,BLOWING SPRINGS,5,9,September,2010,1,Sunday,13,46,0,4,3,69,34.74559722,-85.33834167,24,1,0,1,0,0,1,0
130787,GEORGIA,GA,2,0,3,297,0,BETWEEN,5,9,September,2010,1,Sunday,4,14,0,14,3,34,33.75031944,-83.83559722,12,2,0,1,0,0,1,2
130788,GEORGIA,GA,1,0,1,173,0,LAKELAND,6,9,September,2010,2,Monday,2,6,0,4,3,99999,99.99990000,999.99990000,53,2,0,1,0,0,1,1
130789,GEORGIA,GA,1,0,1,151,0,FLIPPEN,7,9,September,2010,3,Tuesday,11,59,1,11,1,159,33.50235833,-84.22703889,42,1,0,1,0,0,1,0
130790,GEORGIA,GA,2,0,2,45,0,ARITON,1,10,October,2010,6,Friday,8,58,0,3,3,32,33.56405278,-85.21081944,12,1,0,1,0,0,1,0
130791,GEORGIA,GA,2,0,3,253,1740,DONALSONVILLE,1,10,October,2010,6,Friday,11,25,1,2,6,50,31.04043333,-84.88210833,12,1,0,1,0,0,1,0
130792,GEORGIA,GA,2,0,2,97,0,AXIS,3,10,October,2010,1,Sunday,0,8,1,11,1,136,33.75380000,-84.70572778,12,2,0,1,0,0,1,1
130793,GEORGIA,GA,1,0,16,45,970,ARITON,4,10,October,2010,2,Monday,13,39,0,4,3,99999,99.99990000,999.99990000,32,1,0,1,1,0,1,0
130794,GEORGIA,GA,2,0,2,47,0,BROWNS,5,10,October,2010,3,Tuesday,19,28,0,14,3,75,34.92795278,-85.14891389,12,5,0,1,0,0,1,1
130795,GEORGIA,GA,4,0,5,89,0,BROWNSBORO,5,10,October,2010,3,Tuesday,20,16,0,14,4,48,33.75975833,-84.17849167,12,2,0,1,0,0,1,0
130796,GEORGIA,GA,1,0,3,217,0,COVINGTON,5,10,October,2010,3,Tuesday,13,20,1,11,1,88,33.61083056,-83.80750833,1,1,0,1,0,0,1,0
130797,GEORGIA,GA,1,0,1,233,0,ARAGON,5,10,October,2010,3,Tuesday,8,8,1,2,3,156,34.08920278,-85.23704167,59,1,0,1,0,0,1,0
130798,GEORGIA,GA,1,0,1,245,310,AUGUSTA,5,10,October,2010,3,Tuesday,22,33,1,13,3,115,33.39361389,-82.02656389,33,3,0,1,0,0,1,1
130799,GEORGIA,GA,1,1,1,89,0,BROWNSBORO,6,10,October,2010,4,Wednesday,6,25,0,14,3,131,33.82761111,-84.32978889,8,3,0,1,0,0,1,0
130800,GEORGIA,GA,2,0,6,151,3220,FLIPPEN,6,10,October,2010,4,Wednesday,17,18,0,3,3,131,33.34117778,-84.10090000,12,1,0,1,0,0,1,0
130801,GEORGIA,GA,1,1,1,247,0,CONYERS,7,10,October,2010,5,Thursday,17,43,0,14,4,8,33.60477222,-84.02421111,8,1,0,1,0,0,1,0
130802,GEORGIA,GA,1,0,1,55,0,ATTALLA,8,10,October,2010,6,Friday,15,12,1,2,3,67,34.47118333,-85.30295833,35,1,0,1,0,0,1,0
130803,GEORGIA,GA,2,0,3,175,0,CADWELL,8,10,October,2010,6,Friday,8,0,0,4,4,85,32.45118611,-83.00930556,12,1,0,1,0,0,1,0
130804,GEORGIA,GA,2,0,3,73,0,ARGO,9,10,October,2010,7,Saturday,18,42,0,14,4,9,33.48786667,-82.12415556,12,1,0,1,0,0,1,0
130805,GEORGIA,GA,1,1,1,135,0,ASH FLAT,9,10,October,2010,7,Saturday,9,4,0,16,4,11,99.99990000,999.99990000,8,1,0,1,0,0,1,0
130806,GEORGIA,GA,2,0,5,135,0,ASH FLAT,9,10,October,2010,7,Saturday,11,50,0,15,4,31,33.95245556,-84.05811389,12,1,0,1,0,0,1,0
130807,GEORGIA,GA,2,0,3,113,0,COTTONTON,11,10,October,2010,2,Monday,8,51,0,6,4,0,33.38736944,-84.44371944,12,1,0,1,0,0,1,0
130808,GEORGIA,GA,1,0,1,227,0,JASPER,12,10,October,2010,3,Tuesday,23,22,0,4,3,28,34.52029444,-84.56931944,35,2,0,1,0,0,1,1
130809,GEORGIA,GA,1,0,1,45,0,ARITON,13,10,October,2010,4,Wednesday,7,38,0,3,3,96,33.56305000,-85.20096944,35,1,0,1,0,0,1,0
130810,GEORGIA,GA,2,0,2,67,320,ABBEVILLE,13,10,October,2010,4,Wednesday,21,47,1,13,3,69,33.82186944,-84.65985000,12,2,0,1,0,0,1,0
130811,GEORGIA,GA,1,1,1,59,270,FRANKLIN,16,10,October,2010,7,Saturday,22,55,0,14,6,38,33.96941667,-83.44004722,8,2,0,1,0,0,1,0
130812,GEORGIA,GA,1,1,1,121,4882,BON AIR,17,10,October,2010,1,Sunday,3,11,1,12,3,139,34.00918056,-84.33390833,8,2,0,1,0,0,1,0
130813,GEORGIA,GA,2,0,5,223,0,BRASWELL,17,10,October,2010,1,Sunday,13,14,0,4,4,14,33.83725278,-84.95354167,12,1,0,1,0,0,1,0
130814,GEORGIA,GA,4,0,6,51,4475,CENTRAL,21,10,October,2010,5,Thursday,17,46,1,11,1,152,32.17781111,-81.20568056,12,1,0,1,0,0,1,0
130815,GEORGIA,GA,1,0,1,295,0,BLOWING SPRINGS,21,10,October,2010,5,Thursday,13,49,0,6,4,19,34.69852500,-85.06889722,38,1,0,1,0,0,1,0
130817,GEORGIA,GA,1,0,1,143,0,CANEHILL,24,10,October,2010,1,Sunday,6,33,0,4,4,22,33.78114444,-85.13876389,42,2,0,1,0,0,1,0
130818,GEORGIA,GA,2,0,4,15,0,ANNISTON,25,10,October,2010,2,Monday,15,48,0,3,3,4,34.36876667,-84.99868889,12,1,0,10,0,0,4,0
130819,GEORGIA,GA,2,0,2,261,3140,ALAGANIK,25,10,October,2010,2,Monday,22,9,1,2,3,185,32.04482222,-84.17900556,12,2,0,10,0,0,1,0
130820,GEORGIA,GA,1,1,1,121,2060,BON AIR,28,10,October,2010,5,Thursday,4,16,0,13,3,99999,33.53606389,-84.57693889,8,2,0,2,0,0,1,0
130821,GEORGIA,GA,1,1,0,135,0,ASH FLAT,29,10,October,2010,6,Friday,12,38,0,16,4,2,34.05102500,-83.93977500,8,1,0,1,0,0,1,0
130822,GEORGIA,GA,1,0,2,135,0,ASH FLAT,1,11,November,2010,2,Monday,19,56,0,16,4,5,33.90714444,-84.21565556,33,2,0,1,0,0,1,1
130823,GEORGIA,GA,1,0,1,121,120,BON AIR,4,10,October,2010,2,Monday,11,21,1,12,3,163,34.03927222,-84.31161389,24,1,0,10,0,0,1,0
130824,GEORGIA,GA,1,0,1,121,280,BON AIR,7,5,May,2010,6,Friday,14,17,1,11,1,16,33.76533889,-84.51070833,35,1,0,1,0,0,1,0
130825,GEORGIA,GA,2,0,4,77,0,ANDERSON,23,5,May,2010,1,Sunday,2,19,0,6,3,99999,99.99990000,999.99990000,5,6,0,1,0,0,1,1
130826,GEORGIA,GA,1,1,2,21,3390,CHILTON,4,6,June,2010,6,Friday,1,11,0,14,6,24,32.80499722,-83.64921389,8,3,0,1,0,0,1,0
130827,GEORGIA,GA,1,0,1,157,670,ARCADE,24,6,June,2010,5,Thursday,14,5,0,19,6,99999,34.10574722,-83.87299722,18,1,0,1,0,0,1,0
130828,GEORGIA,GA,2,0,4,51,4910,CENTRAL,24,7,July,2010,7,Saturday,10,14,0,13,6,15,32.05806944,-81.08181111,12,1,0,1,0,0,1,0
130829,GEORGIA,GA,5,0,9,77,3950,ANDERSON,27,8,August,2010,6,Friday,15,30,0,13,3,60,33.39580833,-84.76089444,12,1,0,1,0,0,1,0
130830,GEORGIA,GA,1,1,1,89,5580,BROWNSBORO,2,9,September,2010,5,Thursday,99,99,0,14,3,99999,99.99990000,999.99990000,8,9,0,99,0,0,1,0
130831,GEORGIA,GA,1,1,1,179,0,ALLENHURST,3,9,September,2010,6,Friday,20,40,0,6,4,30,31.81487222,-81.36292778,9,2,0,1,0,0,1,0
130832,GEORGIA,GA,2,1,1,7,0,BIBB,6,9,September,2010,2,Monday,22,40,0,4,3,9,99.99990000,999.99990000,8,2,0,1,0,0,1,0
130833,GEORGIA,GA,1,0,2,179,0,ALLENHURST,9,9,September,2010,5,Thursday,16,32,1,1,1,103,31.78881389,-81.37592500,1,1,0,1,0,0,2,0
130834,GEORGIA,GA,1,0,1,285,3050,GABBETTVILLE,9,9,September,2010,5,Thursday,17,8,1,1,1,39,32.93881944,-84.95485000,23,1,0,1,0,0,1,0