ST_CASE,State Name,State Abbreviation,VE_TOTAL,Pedestrains,Total_Persons_in_accident,COUNTY,CITY,City_County_Name,Calendar_DAY,MONTH,Month_Name,YEAR,DAY_WEEK,Day_Week_desc,HOUR,MINUTE,NHS_Desc,trafficway,ROUTE,MILEPT,LATITUDE,LONGITUD,First_Crash_event,Light_cond_desc,Weather_condition,WEATHER,SCH_BUS,Crash_cause,FATALS,DRUNK_DR
130835,GEORGIA,GA,1,0,1,71,3800,BRIDGEPORT,10,9,September,2010,6,Friday,20,35,0,6,4,40,31.20619444,-83.92685556,34,2,0,1,0,0,1,1
130836,GEORGIA,GA,2,3,1,277,5490,BROOKFIELD,10,9,September,2010,6,Friday,9,17,1,13,2,92,31.43353333,-83.53491111,12,1,0,1,0,0,1,0
130837,GEORGIA,GA,2,0,4,285,0,GABBETTVILLE,11,9,September,2010,7,Saturday,10,32,0,14,3,15,33.01594167,-85.00564167,12,1,0,1,0,0,1,0
130838,GEORGIA,GA,2,0,5,285,3050,GABBETTVILLE,11,9,September,2010,7,Saturday,17,28,1,1,1,81,32.97533333,-85.06059444,12,1,0,1,0,0,1,0
130839,GEORGIA,GA,2,0,3,51,4910,CENTRAL,12,9,September,2010,1,Sunday,9,16,0,14,6,2,32.07326111,-81.08829444,12,1,0,10,0,0,1,0
130840,GEORGIA,GA,2,0,2,103,0,DANVILLE,14,9,September,2010,3,Tuesday,15,1,0,4,4,13,32.20263333,-81.39167500,12,1,0,1,0,0,1,0
130841,GEORGIA,GA,2,1,2,71,0,BRIDGEPORT,17,9,September,2010,6,Friday,23,5,0,3,3,201,31.31203056,-83.82636944,8,2,0,1,0,0,1,1
130842,GEORGIA,GA,1,1,5,135,0,ASH FLAT,17,9,September,2010,6,Friday,20,12,0,14,3,252,34.06922778,-83.90592500,8,2,0,1,0,0,1,0
130843,GEORGIA,GA,1,0,1,275,0,BARWICK,18,9,September,2010,7,Saturday,7,12,1,2,3,208,99.99990000,999.99990000,34,2,0,1,0,0,1,1
130844,GEORGIA,GA,1,0,2,61,0,BELLWOOD,19,9,September,2010,1,Sunday,12,50,0,9,4,99999,31.54500278,-84.88453333,42,1,0,1,0,0,2,0
130845,GEORGIA,GA,1,0,2,285,0,GABBETTVILLE,19,9,September,2010,1,Sunday,16,0,1,1,1,4,32.87570278,-85.15414722,1,1,0,1,0,0,1,0
130846,GEORGIA,GA,3,0,2,153,4340,BONAIRE,20,9,September,2010,2,Monday,11,54,0,6,4,13,32.53047778,-83.69705278,12,1,0,1,0,0,1,0
130847,GEORGIA,GA,2,0,2,197,790,BUENA VISTA,20,9,September,2010,2,Monday,18,10,0,6,4,19,32.50149167,-84.46836111,12,1,0,1,0,0,1,0
130848,GEORGIA,GA,1,0,2,277,0,BROOKFIELD,20,9,September,2010,2,Monday,8,40,1,1,1,193,31.58078333,-83.55266667,34,1,0,1,0,0,1,0
130849,GEORGIA,GA,2,0,3,215,1280,BIBB CITY,21,9,September,2010,3,Tuesday,7,34,1,11,1,10,32.42000556,-84.92763889,25,1,0,1,0,0,1,0
130850,GEORGIA,GA,2,0,3,39,3010,ANDALUSIA,24,9,September,2010,6,Friday,14,25,1,11,1,33,30.79251944,-81.65968056,12,1,0,1,0,0,1,0
130851,GEORGIA,GA,2,0,3,217,0,COVINGTON,26,9,September,2010,1,Sunday,19,22,0,14,3,22,33.53238611,-84.02586111,12,2,0,2,0,0,2,0
130852,GEORGIA,GA,2,0,3,317,0,DANBURG,27,9,September,2010,2,Monday,13,28,0,3,3,93,33.72641389,-82.71496111,12,1,0,1,0,0,1,0
130853,GEORGIA,GA,2,0,2,51,0,CENTRAL,30,9,September,2010,5,Thursday,6,30,0,14,3,0,32.00000556,-81.24856389,12,4,0,10,0,0,1,0
130854,GEORGIA,GA,1,0,1,227,0,JASPER,1,10,October,2010,6,Friday,21,6,0,4,3,2,34.53072778,-84.57040556,35,2,0,1,0,0,1,1
130855,GEORGIA,GA,1,0,1,95,90,ALBERTVILLE,2,10,October,2010,7,Saturday,7,53,0,13,3,99999,31.61666111,-84.17743889,24,2,0,1,0,0,1,0
130856,GEORGIA,GA,2,0,4,77,0,ANDERSON,3,10,October,2010,1,Sunday,23,44,0,14,3,175,33.40452778,-84.70705000,12,2,0,1,0,0,1,1
130857,GEORGIA,GA,3,0,7,77,0,ANDERSON,6,10,October,2010,4,Wednesday,13,1,0,14,3,175,33.40453056,-84.70705556,12,1,0,1,0,0,1,0
130858,GEORGIA,GA,1,0,2,121,280,BON AIR,6,10,October,2010,4,Wednesday,16,34,1,11,1,89,33.73743611,-84.50077778,24,1,0,1,0,0,1,0
130859,GEORGIA,GA,1,0,1,137,0,ALCO,2,9,September,2010,5,Thursday,22,3,0,2,3,138,34.57559167,-83.46401944,1,2,0,1,0,0,1,1
130860,GEORGIA,GA,1,2,1,139,0,CALION,4,9,September,2010,7,Saturday,6,45,0,15,4,0,34.21261667,-83.83790278,9,4,0,10,0,0,1,0
130861,GEORGIA,GA,2,1,2,151,2560,FLIPPEN,5,9,September,2010,1,Sunday,22,5,1,13,3,52,33.39959167,-84.31195833,8,3,0,1,0,0,1,0
130862,GEORGIA,GA,1,0,2,179,3590,ALLENHURST,8,9,September,2010,4,Wednesday,19,53,0,4,4,1,31.76017500,-81.36678333,32,2,0,1,0,0,1,1
130863,GEORGIA,GA,2,0,6,123,2000,ALEXANDER CITY,11,9,September,2010,7,Saturday,18,54,0,3,3,4,34.66516667,-84.65011944,12,1,0,2,0,0,2,0
130864,GEORGIA,GA,1,0,1,139,0,CALION,11,9,September,2010,7,Saturday,1,8,0,13,3,108,34.31621944,-83.78858889,33,2,0,1,0,0,1,1
130865,GEORGIA,GA,1,1,1,185,0,ANAKTUVUK PASS,11,9,September,2010,7,Saturday,1,45,0,6,4,28,30.73982778,-83.26734722,8,2,0,1,0,0,2,1
130866,GEORGIA,GA,1,0,1,311,0,CLEVELAND,12,9,September,2010,1,Sunday,12,8,0,4,4,99999,34.73045833,-83.66335556,34,1,0,1,0,99,1,0
130867,GEORGIA,GA,1,0,5,123,2000,ALEXANDER CITY,15,9,September,2010,4,Wednesday,16,4,0,2,3,142,34.72206944,-84.44338889,34,1,0,1,0,0,2,0
130868,GEORGIA,GA,3,0,3,77,0,ANDERSON,18,9,September,2010,7,Saturday,7,26,0,14,3,110,33.34126667,-84.66920556,12,1,0,1,0,0,1,1
130869,GEORGIA,GA,1,0,1,123,2000,ALEXANDER CITY,21,9,September,2010,3,Tuesday,9,19,0,6,4,99999,34.72788333,-84.50762500,42,1,0,1,0,0,1,0
130870,GEORGIA,GA,1,0,1,211,0,APALACHEE,24,9,September,2010,6,Friday,22,30,1,1,1,18,33.59727500,-83.64266111,42,1,0,1,0,0,1,0
130871,GEORGIA,GA,1,0,1,221,0,ARNOLDSVILLE,24,9,September,2010,6,Friday,19,15,0,3,3,197,33.88516111,-83.06168611,1,5,0,1,0,0,1,0
130872,GEORGIA,GA,1,0,1,97,0,AXIS,25,9,September,2010,7,Saturday,14,46,0,3,3,1,33.60610278,-84.90244167,35,1,0,1,0,0,1,0
130873,GEORGIA,GA,1,0,1,153,0,BONAIRE,25,9,September,2010,7,Saturday,1,46,0,14,4,5,32.54997778,-83.57893056,34,2,0,1,0,0,1,1
130874,GEORGIA,GA,1,0,1,291,540,BLAIRSVILLE,30,9,September,2010,5,Thursday,9,20,1,2,3,217,34.95578889,-84.05480833,32,1,0,2,0,0,1,0
130875,GEORGIA,GA,1,0,2,207,0,BOLINGBROKE,2,10,October,2010,7,Saturday,3,7,0,6,4,2,32.94838889,-83.79573333,32,2,0,1,0,0,1,0
130876,GEORGIA,GA,1,1,1,63,0,BOLIGEE,18,6,June,2010,6,Friday,99,99,0,13,3,99999,99.99990000,999.99990000,8,6,0,99,0,0,1,0
130877,GEORGIA,GA,1,0,1,89,0,BROWNSBORO,29,8,August,2010,1,Sunday,20,19,0,5,4,99999,33.65831389,-84.22730000,33,5,0,1,0,0,1,0
130878,GEORGIA,GA,1,0,2,285,0,GABBETTVILLE,13,8,August,2010,6,Friday,18,40,0,5,4,20,32.96467500,-85.07273889,35,1,0,1,0,0,1,0
130879,GEORGIA,GA,2,0,5,45,970,ARITON,25,9,September,2010,7,Saturday,11,41,0,14,6,99999,99.99990000,999.99990000,12,1,0,1,0,0,1,0
130880,GEORGIA,GA,1,0,1,51,2290,CENTRAL,27,9,September,2010,2,Monday,4,21,0,13,3,122,32.09775556,-81.14079167,33,3,0,10,0,0,1,0
130881,GEORGIA,GA,1,1,1,21,3390,CHILTON,1,10,October,2010,6,Friday,19,56,0,16,6,4,32.85249722,-83.60559722,8,2,0,1,0,0,1,1
130882,GEORGIA,GA,2,0,7,157,1300,ARCADE,29,9,September,2010,4,Wednesday,18,45,1,13,3,144,34.21336389,-83.44182778,12,1,0,2,0,0,2,0
130883,GEORGIA,GA,1,0,1,137,0,ALCO,1,10,October,2010,6,Friday,7,5,0,6,4,5,34.59674722,-83.60986667,1,1,0,1,0,0,1,0
130884,GEORGIA,GA,1,0,2,23,0,BLADON SPRINGS,10,10,October,2010,1,Sunday,11,10,0,3,3,6,32.32505556,-83.28876944,1,1,0,1,0,0,1,1
130885,GEORGIA,GA,1,1,1,285,0,GABBETTVILLE,1,10,October,2010,6,Friday,23,50,0,4,3,85,32.99084167,-85.02945278,8,2,0,1,0,0,1,0
130886,GEORGIA,GA,1,0,1,305,2960,DOCTORTOWN,1,10,October,2010,6,Friday,0,33,0,13,3,129,31.60185278,-81.92685556,20,3,0,10,0,0,1,1
130887,GEORGIA,GA,2,0,5,71,0,BRIDGEPORT,2,10,October,2010,7,Saturday,20,37,0,4,4,62,31.19989444,-83.58260000,12,2,0,1,0,0,1,0
130888,GEORGIA,GA,1,0,2,279,5700,LYONS,13,10,October,2010,4,Wednesday,8,14,0,4,4,22,32.33176389,-82.18492222,34,1,0,1,0,0,1,0
130889,GEORGIA,GA,1,1,1,63,0,BOLIGEE,3,10,October,2010,1,Sunday,0,59,1,13,3,108,33.57443056,-84.37194444,8,3,0,1,0,0,1,0
130890,GEORGIA,GA,1,0,19,99,0,BEATRICE,3,10,October,2010,1,Sunday,18,38,0,9,3,99999,99.99990000,999.99990000,1,1,0,1,0,0,4,0
130891,GEORGIA,GA,2,0,5,121,5640,BON AIR,16,10,October,2010,7,Saturday,20,12,0,16,6,8,33.57880000,-84.53580278,12,3,0,1,0,0,1,1
130892,GEORGIA,GA,2,0,3,153,5790,BONAIRE,4,10,October,2010,2,Monday,11,36,1,13,6,0,32.59250833,-83.66810833,12,1,0,1,0,0,1,0
130893,GEORGIA,GA,2,0,3,225,2220,BYRON,4,10,October,2010,2,Monday,8,55,0,3,3,47,32.51990278,-83.86318056,12,1,0,1,0,0,1,0
130894,GEORGIA,GA,1,1,1,245,310,AUGUSTA,16,10,October,2010,7,Saturday,20,53,0,16,6,3,33.36779167,-82.06905000,8,3,0,1,0,0,1,0
130895,GEORGIA,GA,1,0,2,83,0,ARDMORE,17,10,October,2010,1,Sunday,16,56,1,1,1,34,34.97617778,-85.41850833,18,1,0,1,0,0,1,0
130896,GEORGIA,GA,1,0,1,45,0,ARITON,19,10,October,2010,3,Tuesday,22,16,0,6,4,5,33.64038333,-84.90305278,34,2,0,1,0,0,1,0
130897,GEORGIA,GA,2,0,2,179,2730,ALLENHURST,19,10,October,2010,3,Tuesday,20,41,1,13,3,46,31.81963056,-81.60033056,12,3,0,1,0,0,1,0
130898,GEORGIA,GA,2,1,2,151,0,FLIPPEN,5,10,October,2010,3,Tuesday,7,18,0,13,3,85,33.44907500,-84.15910278,8,1,0,1,0,0,1,0
130899,GEORGIA,GA,1,0,2,175,0,CADWELL,5,10,October,2010,3,Tuesday,13,58,0,5,4,26,32.59039444,-82.76714444,34,1,0,1,0,0,1,0
130900,GEORGIA,GA,1,1,1,143,0,CANEHILL,20,10,October,2010,4,Wednesday,4,1,0,3,3,18,33.74072222,-85.32694722,8,2,0,2,0,0,1,0
130901,GEORGIA,GA,2,0,7,275,0,BARWICK,8,10,October,2010,6,Friday,18,16,1,2,2,166,30.81125000,-83.84972222,12,1,0,1,0,0,1,0
130902,GEORGIA,GA,2,0,4,31,5170,COFFEE,21,10,October,2010,5,Thursday,15,26,1,2,3,99999,99.99990000,999.99990000,12,1,0,1,0,0,1,0
130903,GEORGIA,GA,2,0,2,241,0,CLAYTON,22,10,October,2010,6,Friday,14,34,0,4,3,169,99.99990000,999.99990000,12,1,0,1,0,0,1,0
130904,GEORGIA,GA,3,1,6,175,0,CADWELL,24,10,October,2010,1,Sunday,1,18,1,11,1,161,99.99990000,999.99990000,12,2,0,1,0,0,1,0
130905,GEORGIA,GA,3,1,3,89,0,BROWNSBORO,25,10,October,2010,2,Monday,22,15,0,14,4,71,33.69795833,-84.26498611,8,6,0,10,0,0,1,0
130906,GEORGIA,GA,1,0,1,121,4790,BON AIR,26,10,October,2010,3,Tuesday,2,37,0,14,6,3,34.02417500,-84.36721111,42,3,0,10,0,0,1,0
130907,GEORGIA,GA,2,0,2,51,4910,CENTRAL,27,10,October,2010,4,Wednesday,15,34,0,16,6,3,32.08270278,-81.13896944,12,1,0,1,0,0,1,1
130908,GEORGIA,GA,2,0,2,55,0,ATTALLA,27,10,October,2010,4,Wednesday,16,24,0,4,4,35,34.53837778,-85.35853333,12,1,0,1,0,0,1,0
130909,GEORGIA,GA,1,0,1,315,0,ABBEVILLE,27,10,October,2010,4,Wednesday,15,45,0,4,3,184,32.09026389,-83.50317500,1,1,0,10,0,0,1,0
130910,GEORGIA,GA,2,0,2,1,440,AUTAUGA,28,10,October,2010,5,Thursday,18,30,0,6,6,2,31.77732222,-82.35094167,12,5,0,1,0,0,1,1
130911,GEORGIA,GA,2,0,3,67,2990,ABBEVILLE,28,10,October,2010,5,Thursday,21,0,0,16,3,158,34.02685833,-84.63764167,12,2,0,1,0,0,1,0
130912,GEORGIA,GA,1,1,1,117,0,BIRMINGHAM,28,10,October,2010,5,Thursday,17,54,1,13,3,125,34.15785833,-84.10999722,8,1,0,1,0,0,1,0
130913,GEORGIA,GA,1,0,1,51,0,CENTRAL,29,10,October,2010,6,Friday,2,15,1,2,3,280,32.03876667,-80.95507500,42,2,0,1,0,0,1,1
130914,GEORGIA,GA,2,0,6,89,0,BROWNSBORO,29,10,October,2010,6,Friday,20,19,0,15,4,4,33.69153056,-84.21893889,12,3,0,1,0,0,1,0
130915,GEORGIA,GA,2,0,5,137,0,ALCO,29,10,October,2010,6,Friday,15,6,0,4,3,22,99.99990000,999.99990000,12,1,0,1,0,0,1,0
130916,GEORGIA,GA,3,0,3,169,0,BRADLEY,30,10,October,2010,7,Saturday,19,26,0,3,3,88,32.94564444,-83.47085833,12,2,0,1,0,0,1,1
130917,GEORGIA,GA,1,0,2,135,800,ASH FLAT,31,10,October,2010,1,Sunday,13,58,1,11,1,263,34.08511667,-83.85765556,7,1,0,1,0,0,1,0
130918,GEORGIA,GA,1,1,1,33,0,CHEROKEE,16,10,October,2010,7,Saturday,12,34,0,4,3,10,33.20449167,-81.85357222,9,1,0,1,0,0,1,0
130919,GEORGIA,GA,1,0,4,121,280,BON AIR,16,10,October,2010,7,Saturday,3,51,1,11,1,101,33.76683889,-84.49514167,35,3,0,1,0,0,2,1
130920,GEORGIA,GA,1,0,1,205,4290,BACONTON,16,10,October,2010,7,Saturday,2,9,0,4,6,36,31.18183611,-84.19213889,35,2,0,1,0,0,1,1
130921,GEORGIA,GA,1,0,2,205,880,BACONTON,16,10,October,2010,7,Saturday,18,44,0,16,6,67,99.99990000,999.99990000,35,1,0,1,0,0,1,1
130922,GEORGIA,GA,1,0,2,229,0,BLACKSHEAR,16,10,October,2010,7,Saturday,1,17,0,3,3,170,31.39355833,-82.22852500,42,2,0,1,0,0,1,1
130923,GEORGIA,GA,1,0,1,13,300,BOLLING,18,10,October,2010,2,Monday,20,2,0,5,6,39,34.05673056,-83.82851667,42,2,0,1,0,0,1,1
130924,GEORGIA,GA,1,0,3,215,1280,BIBB CITY,18,10,October,2010,2,Monday,17,52,0,16,6,31,32.48630833,-84.91777222,53,1,0,1,0,0,1,0
130925,GEORGIA,GA,1,0,1,157,1300,ARCADE,19,10,October,2010,3,Tuesday,23,51,0,3,3,105,34.19139444,-83.41045556,34,2,0,1,0,0,1,1
130926,GEORGIA,GA,1,1,2,189,0,BONEVILLE,19,10,October,2010,3,Tuesday,7,14,0,14,4,18,33.45806667,-82.52856667,8,4,0,1,1,0,1,0
130927,GEORGIA,GA,2,0,2,217,0,COVINGTON,22,10,October,2010,6,Friday,5,19,0,14,4,73,33.58428889,-83.90685833,11,2,0,1,0,0,1,0
130928,GEORGIA,GA,1,0,1,217,0,COVINGTON,22,10,October,2010,6,Friday,22,3,0,4,4,32,33.55341111,-83.78332500,42,2,0,1,0,0,1,1
130929,GEORGIA,GA,1,0,2,273,4900,BRONWOOD,22,10,October,2010,6,Friday,12,0,1,2,3,232,31.91011389,-84.53101944,42,1,0,1,0,0,1,0
130930,GEORGIA,GA,1,1,1,135,1810,ASH FLAT,23,10,October,2010,7,Saturday,20,20,0,13,6,54,34.00016111,-84.16804167,8,3,0,10,0,0,1,0
130931,GEORGIA,GA,1,0,2,263,0,BOX SPRINGS,24,10,October,2010,1,Sunday,23,45,0,6,4,5,99.99990000,999.99990000,42,2,0,1,0,0,1,0
130932,GEORGIA,GA,3,0,7,135,3990,ASH FLAT,9,10,October,2010,7,Saturday,21,19,0,19,3,99999,33.93997222,-84.19513889,12,2,0,1,0,0,2,1
130933,GEORGIA,GA,2,0,3,15,0,ANNISTON,27,10,October,2010,4,Wednesday,9,29,1,2,3,33,34.21132222,-84.97120278,12,1,1,2,0,0,1,0
130934,GEORGIA,GA,1,0,1,171,0,ALDORA,27,10,October,2010,4,Wednesday,22,45,0,3,3,24,33.00671944,-84.19108611,35,2,0,2,0,0,1,1
130935,GEORGIA,GA,1,1,1,293,5450,EAST THOMASTON,9,10,October,2010,7,Saturday,12,43,0,14,4,126,32.88628889,-84.32353889,8,1,0,1,0,0,1,0
130936,GEORGIA,GA,1,0,2,121,280,BON AIR,28,10,October,2010,5,Thursday,10,36,0,14,6,2,33.72221667,-84.40587778,30,1,0,1,0,0,1,1
130937,GEORGIA,GA,1,0,1,11,2790,BULLOCK,29,10,October,2010,6,Friday,20,0,0,6,6,99999,34.37227500,-83.45611944,1,2,0,1,0,0,1,0
130938,GEORGIA,GA,2,0,5,67,0,ABBEVILLE,10,10,October,2010,1,Sunday,12,41,0,9,4,99999,33.97821667,-84.58868611,12,1,0,1,0,0,1,0
130939,GEORGIA,GA,1,0,2,187,0,DAHLONEGA,30,10,October,2010,7,Saturday,21,48,0,5,4,60,34.50857222,-83.97502778,42,2,0,10,0,0,1,1
130940,GEORGIA,GA,1,0,1,247,1320,CONYERS,10,10,October,2010,1,Sunday,6,8,1,11,1,59,33.64494722,-83.99164722,34,2,0,1,0,0,1,1
130941,GEORGIA,GA,1,0,1,273,4240,BRONWOOD,10,10,October,2010,1,Sunday,3,45,0,5,4,24,31.84338056,-84.48830833,35,2,0,1,0,0,1,1
130942,GEORGIA,GA,4,0,6,199,0,ALVATON,30,10,October,2010,7,Saturday,11,26,0,3,3,47,32.90236111,-84.68066389,12,1,0,1,0,0,1,0
130943,GEORGIA,GA,2,0,2,163,0,AVERA,11,10,October,2010,2,Monday,15,5,0,4,3,52,33.00715000,-82.37072500,12,1,0,1,0,0,1,0
130944,GEORGIA,GA,1,0,1,185,0,ANAKTUVUK PASS,12,10,October,2010,3,Tuesday,13,4,1,1,1,292,30.99276667,-83.38882778,25,1,0,1,0,0,1,0
130945,GEORGIA,GA,1,1,1,121,280,BON AIR,14,10,October,2010,5,Thursday,12,7,0,16,6,0,33.76873333,-84.37186667,8,1,0,1,0,0,1,0
130946,GEORGIA,GA,1,0,1,121,9997,BON AIR,31,10,October,2010,1,Sunday,17,57,0,15,6,38,34.12653056,-84.30152778,34,5,0,1,0,0,1,1
130947,GEORGIA,GA,1,0,1,21,0,CHILTON,16,10,October,2010,7,Saturday,22,40,0,9,4,99999,99.99990000,999.99990000,31,2,0,1,0,0,1,1
130949,GEORGIA,GA,2,0,1,139,0,CALION,31,10,October,2010,1,Sunday,4,3,0,4,4,31,34.33578333,-83.74111944,35,2,0,1,0,0,1,0
130950,GEORGIA,GA,1,0,4,279,3340,LYONS,31,10,October,2010,1,Sunday,2,16,0,6,6,7,32.22846667,-82.35362222,35,2,0,1,0,0,1,1
130951,GEORGIA,GA,2,0,3,57,0,BANKSTON,26,10,October,2010,3,Tuesday,11,28,0,4,4,44,34.29288333,-84.26403056,12,1,0,10,0,0,1,0
130952,GEORGIA,GA,2,0,2,67,0,ABBEVILLE,1,11,November,2010,2,Monday,15,45,0,13,3,26,33.81557778,-84.60000556,12,1,0,1,0,0,1,0
130953,GEORGIA,GA,1,1,2,223,0,BRASWELL,1,11,November,2010,2,Monday,22,30,0,14,3,136,33.94766667,-84.84811944,8,2,0,1,0,0,1,0
130954,GEORGIA,GA,2,0,3,89,280,BROWNSBORO,3,11,November,2010,4,Wednesday,10,0,0,14,6,2,33.74773333,-84.34545278,12,1,0,2,0,0,1,0
130955,GEORGIA,GA,1,0,1,117,0,BIRMINGHAM,3,11,November,2010,4,Wednesday,23,34,0,15,4,26,34.18821667,-84.16478056,30,2,0,2,0,0,1,1
130956,GEORGIA,GA,2,0,4,137,140,ALCO,3,11,November,2010,4,Wednesday,12,35,1,2,3,13,34.45836667,-83.60820000,12,1,0,10,0,0,3,0
130957,GEORGIA,GA,1,0,2,227,0,JASPER,4,11,November,2010,5,Thursday,15,17,0,5,4,58,34.52027778,-84.41310833,42,1,0,1,0,0,1,0
130958,GEORGIA,GA,1,0,1,89,0,BROWNSBORO,5,11,November,2010,6,Friday,0,58,0,14,4,58,33.78990000,-84.18351111,24,3,0,1,0,0,1,1
130959,GEORGIA,GA,1,1,1,89,0,BROWNSBORO,5,11,November,2010,6,Friday,13,0,0,14,4,77,33.74987500,-84.22726389,8,1,0,10,0,0,1,0
130960,GEORGIA,GA,2,0,5,73,0,ARGO,6,11,November,2010,7,Saturday,10,54,0,14,4,33,33.52978611,-82.17196111,12,1,0,1,0,0,1,0
130961,GEORGIA,GA,1,1,1,63,0,BOLIGEE,9,11,November,2010,3,Tuesday,21,38,0,13,4,3,33.58194722,-84.37718889,8,2,0,1,0,0,1,0
130962,GEORGIA,GA,1,1,1,63,0,BOLIGEE,1,11,November,2010,2,Monday,0,3,1,13,3,124,33.55375833,-84.26574722,8,3,0,1,0,0,1,0
130963,GEORGIA,GA,2,0,3,121,280,BON AIR,3,11,November,2010,4,Wednesday,11,25,0,14,3,128,33.75184722,-84.46568333,12,1,0,2,0,0,1,0
130964,GEORGIA,GA,1,1,1,127,0,BURNWELL,5,11,November,2010,6,Friday,6,57,0,13,3,171,31.19714444,-81.50606667,8,2,0,1,0,99,1,0
130965,GEORGIA,GA,1,1,2,131,0,ARLINGTON,5,11,November,2010,6,Friday,16,38,0,6,4,10,30.94833889,-84.16305833,8,1,0,1,0,0,1,0
130966,GEORGIA,GA,2,0,2,205,4870,BACONTON,9,11,November,2010,3,Tuesday,15,59,0,3,3,205,31.23193611,-84.03273889,12,1,0,1,0,0,1,0
130967,GEORGIA,GA,1,0,1,231,0,CONCORD,9,11,November,2010,3,Tuesday,22,27,0,5,4,0,33.06845000,-84.50232778,35,2,0,1,0,0,1,1
130968,GEORGIA,GA,1,0,1,51,4450,CENTRAL,10,11,November,2010,4,Wednesday,23,57,1,11,1,84,32.08491667,-81.24041389,52,2,0,1,0,0,1,0
130969,GEORGIA,GA,1,0,1,67,0,ABBEVILLE,10,11,November,2010,4,Wednesday,16,45,0,14,4,21,34.01123611,-84.43290278,33,1,0,1,0,0,1,0
130970,GEORGIA,GA,1,1,1,135,0,ASH FLAT,19,11,November,2010,6,Friday,19,22,0,13,4,15,33.88803889,-84.19406389,8,2,0,1,0,0,1,0
130971,GEORGIA,GA,2,0,3,47,4680,BROWNS,21,11,November,2010,1,Sunday,20,16,0,14,3,99999,34.91825556,-85.12284722,12,2,0,1,0,0,1,1
130972,GEORGIA,GA,3,0,4,87,370,ARMSTRONG,22,11,November,2010,2,Monday,10,25,0,14,3,113,30.90903889,-84.59582778,12,1,0,1,0,0,1,0
130973,GEORGIA,GA,2,0,3,117,0,BIRMINGHAM,22,11,November,2010,2,Monday,12,38,0,14,4,55,34.11111944,-84.15252222,12,1,0,1,0,0,1,0
130974,GEORGIA,GA,2,0,2,121,4790,BON AIR,24,11,November,2010,4,Wednesday,8,15,1,13,3,738,34.04286389,-84.35606389,12,1,0,10,0,0,1,0
130975,GEORGIA,GA,2,0,4,159,0,FARRAR,24,11,November,2010,4,Wednesday,18,30,0,4,4,71,33.40454722,-83.66346389,12,1,0,1,0,0,2,0
130976,GEORGIA,GA,1,0,1,57,0,BANKSTON,25,11,November,2010,5,Thursday,12,49,1,11,1,71,34.17335000,-84.51281667,57,1,0,1,0,0,1,0
130977,GEORGIA,GA,2,0,3,21,3390,CHILTON,26,11,November,2010,6,Friday,4,58,1,13,3,80,32.72987778,-83.65535833,12,3,0,2,0,0,1,0
130978,GEORGIA,GA,1,2,1,121,280,BON AIR,26,11,November,2010,6,Friday,22,16,0,16,6,99999,33.78177778,-84.37243611,8,3,0,1,0,0,1,0
130979,GEORGIA,GA,3,0,6,45,0,ARITON,30,11,November,2010,3,Tuesday,15,30,0,3,3,99999,33.75549444,-84.93712778,12,1,0,2,0,0,1,0
130980,GEORGIA,GA,3,0,3,55,0,ATTALLA,30,11,November,2010,3,Tuesday,13,44,0,2,3,85,34.46591111,-85.33060556,12,1,0,2,0,0,1,0
130981,GEORGIA,GA,1,1,1,67,0,ABBEVILLE,1,12,December,2010,4,Wednesday,21,12,0,15,4,4,33.82435556,-84.57571111,8,2,0,1,0,0,1,0
130982,GEORGIA,GA,1,1,1,121,280,BON AIR,9,11,November,2010,3,Tuesday,19,23,0,14,6,108,33.68563889,-84.53086944,8,2,0,1,0,0,1,0
130983,GEORGIA,GA,1,0,1,135,0,ASH FLAT,9,11,November,2010,3,Tuesday,21,32,0,16,4,24,34.05564722,-83.88527222,33,2,0,1,0,0,1,1
130984,GEORGIA,GA,1,0,1,89,0,BROWNSBORO,10,11,November,2010,4,Wednesday,6,30,0,15,4,99999,99.99990000,999.99990000,42,4,0,1,0,0,1,0
130985,GEORGIA,GA,2,0,4,89,0,BROWNSBORO,11,11,November,2010,5,Thursday,15,10,0,14,4,99999,33.64420556,-84.22823056,12,1,0,1,0,0,1,0
130986,GEORGIA,GA,2,0,2,119,3090,BELLAMY,11,11,November,2010,5,Thursday,9,30,1,2,3,99999,34.43785000,-83.10861111,12,1,0,10,0,0,1,0
130987,GEORGIA,GA,2,1,5,135,1470,ASH FLAT,11,11,November,2010,5,Thursday,17,4,0,16,6,26,34.02518889,-83.92595556,9,1,0,1,0,0,1,0
130988,GEORGIA,GA,2,0,2,151,0,FLIPPEN,12,11,November,2010,6,Friday,14,52,0,6,4,35,33.43862222,-83.99442778,12,1,0,1,0,0,1,0