ST_CASE,State Name,State Abbreviation,VE_TOTAL,Pedestrains,Total_Persons_in_accident,COUNTY,CITY,City_County_Name,Calendar_DAY,MONTH,Month_Name,YEAR,DAY_WEEK,Day_Week_desc,HOUR,MINUTE,NHS_Desc,trafficway,ROUTE,MILEPT,LATITUDE,LONGITUD,First_Crash_event,Light_cond_desc,Weather_condition,WEATHER,SCH_BUS,Crash_cause,FATALS,DRUNK_DR
130989,GEORGIA,GA,2,0,5,257,5530,AVALON,12,11,November,2010,6,Friday,6,26,0,4,6,2,34.56266111,-83.28739722,12,2,0,1,0,0,1,0
130990,GEORGIA,GA,2,0,3,227,2910,JASPER,13,11,November,2010,7,Saturday,13,36,1,2,3,132,34.46541667,-84.45853333,12,1,0,1,0,0,1,0
130991,GEORGIA,GA,1,1,1,63,3780,BOLIGEE,14,11,November,2010,1,Sunday,22,29,1,11,1,39,33.57731667,-84.34294167,8,2,0,10,0,0,1,0
130992,GEORGIA,GA,2,0,3,135,3100,ASH FLAT,14,11,November,2010,1,Sunday,15,17,0,14,6,59,34.00459167,-84.04064722,12,1,0,1,0,0,1,0
130993,GEORGIA,GA,2,0,2,247,1320,CONYERS,18,11,November,2010,5,Thursday,1,23,1,13,3,28,33.59994722,-84.10111389,12,3,0,1,0,0,1,1
130994,GEORGIA,GA,3,0,5,73,0,ARGO,20,11,November,2010,7,Saturday,9,27,0,13,3,68,33.55657778,-82.16003056,12,1,0,1,0,0,1,0
130995,GEORGIA,GA,2,0,4,151,0,FLIPPEN,20,11,November,2010,7,Saturday,1,24,1,11,1,123,33.46302500,-84.21003333,12,2,0,1,0,0,1,0
130996,GEORGIA,GA,1,1,1,67,3440,ABBEVILLE,22,11,November,2010,2,Monday,22,52,0,15,6,114,33.94763333,-84.54857222,8,3,0,1,0,0,1,0
130997,GEORGIA,GA,2,0,9,117,0,BIRMINGHAM,23,11,November,2010,3,Tuesday,6,59,0,14,4,27,34.20063889,-84.19668611,12,4,0,4,0,0,1,0
130998,GEORGIA,GA,2,0,2,135,3100,ASH FLAT,23,11,November,2010,3,Tuesday,19,6,1,13,3,79,33.98760278,-83.93829444,12,2,0,10,0,0,1,0
130999,GEORGIA,GA,1,0,1,227,0,JASPER,23,11,November,2010,3,Tuesday,5,8,0,2,3,258,34.42087778,-84.32356667,42,2,0,10,0,0,1,0
131000,GEORGIA,GA,1,0,1,135,0,ASH FLAT,30,11,November,2010,3,Tuesday,15,24,0,16,4,22,33.80076111,-84.09300278,16,1,0,4,0,0,1,0
131001,GEORGIA,GA,3,0,3,135,3100,ASH FLAT,23,11,November,2010,3,Tuesday,10,24,0,14,3,199,33.91220278,-83.96981389,12,1,0,1,0,0,1,0
131002,GEORGIA,GA,2,0,2,113,4278,COTTONTON,15,7,July,2010,5,Thursday,8,4,0,13,3,128,33.36211667,-84.56220000,12,1,0,1,0,0,1,0
131003,GEORGIA,GA,2,0,2,161,0,DENTON,7,10,October,2010,5,Thursday,19,43,0,9,4,99999,31.68584722,-82.62984722,12,5,0,1,0,0,1,1
131004,GEORGIA,GA,2,0,3,77,0,ANDERSON,12,10,October,2010,3,Tuesday,20,23,0,4,4,99999,33.29404722,-84.86922500,11,2,0,1,0,0,1,0
131005,GEORGIA,GA,2,0,2,121,4882,BON AIR,14,10,October,2010,5,Thursday,14,49,0,14,6,15,33.93653333,-84.38277778,12,1,0,1,0,0,1,0
131006,GEORGIA,GA,2,0,4,225,2220,BYRON,16,10,October,2010,7,Saturday,21,0,0,14,4,18,32.52700833,-83.90328056,12,2,0,1,0,0,1,1
131007,GEORGIA,GA,1,0,2,233,210,ARAGON,21,10,October,2010,5,Thursday,13,35,0,3,3,94,34.05856944,-85.07120556,32,1,0,1,0,0,1,0
131008,GEORGIA,GA,1,0,2,25,0,BARLOW BEND,30,10,October,2010,7,Saturday,21,16,0,6,4,22,31.33152500,-81.84865833,1,2,0,1,0,0,1,1
131009,GEORGIA,GA,1,0,1,139,0,CALION,30,10,October,2010,7,Saturday,21,7,0,9,4,99999,99.99990000,999.99990000,33,2,0,1,0,0,1,0
131010,GEORGIA,GA,4,0,5,45,0,ARITON,1,11,November,2010,2,Monday,15,55,0,3,3,88,33.55906667,-85.18198611,12,1,0,1,0,0,1,0
131011,GEORGIA,GA,1,1,1,77,0,ANDERSON,1,11,November,2010,2,Monday,19,34,0,14,3,17,33.36125833,-84.66204722,8,2,0,1,0,0,1,1
131012,GEORGIA,GA,1,0,1,45,970,ARITON,2,11,November,2010,3,Tuesday,10,55,0,16,6,4,33.56835278,-85.05946389,43,1,0,10,0,0,1,0
131013,GEORGIA,GA,4,0,6,153,0,BONAIRE,2,11,November,2010,3,Tuesday,6,44,0,4,3,21,32.44094444,-83.80060278,12,2,0,1,0,0,1,0
131014,GEORGIA,GA,1,0,1,321,5340,BRIDGEBORO,3,11,November,2010,4,Wednesday,7,45,1,2,3,29,31.55243611,-83.94805556,1,1,0,1,0,0,1,0
131015,GEORGIA,GA,2,0,4,139,0,CALION,4,11,November,2010,5,Thursday,20,10,0,9,3,99999,34.41456389,-83.65898889,12,2,0,10,0,0,1,0
131016,GEORGIA,GA,2,0,6,13,0,BOLLING,5,11,November,2010,6,Friday,23,37,0,6,4,19,33.93649167,-83.61933611,31,2,0,10,0,0,1,0
131017,GEORGIA,GA,2,0,2,139,0,CALION,5,11,November,2010,6,Friday,7,44,0,4,4,13,34.31866667,-83.69852500,12,1,0,1,0,0,2,0
131018,GEORGIA,GA,1,1,1,121,280,BON AIR,17,11,November,2010,4,Wednesday,16,0,1,11,1,188,33.68406667,-84.40802222,8,1,0,1,0,0,1,0
131019,GEORGIA,GA,1,0,1,121,280,BON AIR,18,11,November,2010,5,Thursday,23,50,1,11,1,124,33.78669167,-84.49297500,25,6,0,1,0,0,1,0
131020,GEORGIA,GA,1,0,1,157,0,ARCADE,18,11,November,2010,5,Thursday,10,17,0,4,3,99999,99.99990000,999.99990000,35,1,0,1,0,0,1,0
131021,GEORGIA,GA,2,0,2,29,4655,BORDEN SPRINGS,19,11,November,2010,6,Friday,7,19,0,14,3,122,31.92073333,-81.28765000,12,1,0,1,1,0,1,0
131022,GEORGIA,GA,2,0,7,151,0,FLIPPEN,19,11,November,2010,6,Friday,18,0,1,2,3,43,33.42645278,-84.28573611,12,2,0,10,0,0,1,0
131023,GEORGIA,GA,2,0,3,269,0,BUTLER,19,11,November,2010,6,Friday,10,55,0,5,4,99999,99.99990000,999.99990000,12,1,0,1,0,0,1,0
131024,GEORGIA,GA,2,0,2,305,0,DOCTORTOWN,19,11,November,2010,6,Friday,6,31,0,4,3,11,31.56096667,-82.13290833,12,2,0,1,0,0,1,0
131025,GEORGIA,GA,1,0,1,91,0,DAYTON,20,11,November,2010,7,Saturday,15,0,0,4,3,6,32.35446111,-83.23401111,1,1,0,1,0,0,1,0
131026,GEORGIA,GA,1,0,3,123,2000,ALEXANDER CITY,20,11,November,2010,7,Saturday,14,13,0,4,3,99999,34.59202500,-84.31116389,35,1,0,10,0,0,1,0
131027,GEORGIA,GA,1,0,1,191,0,CRESCENT,21,11,November,2010,1,Sunday,21,43,0,6,4,99999,99.99990000,999.99990000,34,1,0,1,0,0,1,1
131028,GEORGIA,GA,2,0,3,139,0,CALION,22,11,November,2010,2,Monday,15,0,0,5,4,26,34.24401944,-83.70494167,12,1,0,1,0,0,1,0
131029,GEORGIA,GA,1,0,1,185,0,ANAKTUVUK PASS,22,11,November,2010,2,Monday,22,38,0,16,4,14,30.97346944,-83.22225000,59,2,0,1,0,0,1,1
131030,GEORGIA,GA,1,0,1,25,0,BARLOW BEND,23,11,November,2010,3,Tuesday,1,20,0,6,4,99999,99.99990000,999.99990000,42,2,0,5,0,0,1,1
131031,GEORGIA,GA,1,0,1,137,0,ALCO,23,11,November,2010,3,Tuesday,20,55,0,4,3,33,34.53145000,-83.61179444,42,2,0,5,0,0,1,0
131032,GEORGIA,GA,2,0,3,183,3280,FORT STEWART,23,11,November,2010,3,Tuesday,19,10,1,2,3,65,31.71438611,-81.74368889,12,3,0,1,0,0,1,0
131033,GEORGIA,GA,1,0,2,277,0,BROOKFIELD,23,11,November,2010,3,Tuesday,6,57,0,6,4,50,31.45370833,-83.36595278,30,4,0,5,0,0,1,1
131034,GEORGIA,GA,1,0,3,311,0,CLEVELAND,23,11,November,2010,3,Tuesday,23,13,0,4,3,2,34.71334167,-83.73833056,35,2,0,10,0,0,1,1
131035,GEORGIA,GA,1,0,1,77,0,ANDERSON,25,11,November,2010,5,Thursday,19,44,0,6,4,56,33.29762500,-84.62869444,18,2,0,1,0,0,1,0
131036,GEORGIA,GA,2,0,3,175,0,CADWELL,25,11,November,2010,5,Thursday,11,40,0,3,3,304,32.57520556,-82.83824444,12,1,0,10,0,0,1,0
131037,GEORGIA,GA,1,1,1,45,0,ARITON,26,11,November,2010,6,Friday,21,43,0,16,4,99999,99.99990000,999.99990000,8,2,0,1,0,0,1,0
131038,GEORGIA,GA,2,0,3,175,1780,CADWELL,24,11,November,2010,4,Wednesday,18,33,0,3,3,117,32.42766111,-82.94192778,12,2,0,10,0,0,1,0
131039,GEORGIA,GA,1,0,1,147,0,AUGUSTA,26,11,November,2010,6,Friday,19,17,0,6,4,99999,34.25469722,-82.91609167,11,2,0,10,0,0,1,0
131040,GEORGIA,GA,1,0,1,321,0,BRIDGEBORO,27,11,November,2010,7,Saturday,22,4,0,4,4,60,31.41139444,-83.87956389,34,2,0,1,0,0,1,0
131041,GEORGIA,GA,3,0,4,255,0,EAST GRIFFIN,29,11,November,2010,2,Monday,18,15,1,13,3,93,33.31934167,-84.28944722,12,3,0,2,0,0,1,0
131042,GEORGIA,GA,2,0,3,167,0,ADRIAN,30,11,November,2010,3,Tuesday,6,20,0,4,3,63,32.71044722,-82.51616389,12,2,0,10,0,0,1,0
131043,GEORGIA,GA,2,0,2,189,5470,BONEVILLE,30,11,November,2010,3,Tuesday,7,24,0,14,6,61,33.40616944,-82.52938333,12,1,0,1,0,0,1,0
131044,GEORGIA,GA,1,0,2,57,0,BANKSTON,27,11,November,2010,7,Saturday,21,39,0,5,4,22,34.19868889,-84.36000000,42,2,0,1,0,0,2,1
131045,GEORGIA,GA,2,0,2,15,980,ANNISTON,6,11,November,2010,7,Saturday,16,26,0,13,3,50,34.14671111,-84.83263056,12,1,0,1,0,0,1,0
131046,GEORGIA,GA,3,0,3,153,5790,BONAIRE,8,11,November,2010,2,Monday,17,41,0,13,3,36,32.61828611,-83.65665000,12,1,0,1,0,0,1,0
131047,GEORGIA,GA,2,0,2,217,1380,COVINGTON,8,11,November,2010,2,Monday,16,33,0,16,4,2,33.61684444,-83.87093889,12,1,0,1,0,0,1,1
131048,GEORGIA,GA,2,0,4,293,0,EAST THOMASTON,8,11,November,2010,2,Monday,18,40,0,3,3,70,32.91236111,-84.42778611,12,2,0,1,0,0,1,0
131049,GEORGIA,GA,1,1,1,199,0,ALVATON,9,11,November,2010,3,Tuesday,17,21,0,4,4,99,33.02399444,-84.56099444,9,1,0,1,0,0,1,0
131050,GEORGIA,GA,2,0,4,229,0,BLACKSHEAR,9,11,November,2010,3,Tuesday,21,50,0,3,3,32,31.25106389,-82.20092222,12,2,0,1,0,0,2,0
131051,GEORGIA,GA,2,1,2,33,0,CHEROKEE,11,11,November,2010,5,Thursday,23,41,0,3,3,155,33.04983889,-81.94630278,14,2,0,1,0,0,1,1
131052,GEORGIA,GA,1,0,1,69,5872,ASHFORD,11,11,November,2010,5,Thursday,17,47,0,15,4,15,31.52857222,-82.80694722,35,5,0,1,0,0,1,1
131053,GEORGIA,GA,1,0,2,133,0,ARLEY,11,11,November,2010,5,Thursday,16,26,0,5,4,25,33.65452222,-83.00547500,35,1,0,1,0,0,1,0
131054,GEORGIA,GA,1,0,1,179,0,ALLENHURST,11,11,November,2010,5,Thursday,14,15,1,1,1,43,31.70233889,-81.39073056,42,1,0,1,0,0,1,0
131055,GEORGIA,GA,2,0,3,255,0,EAST GRIFFIN,11,11,November,2010,5,Thursday,0,40,0,4,4,16,33.18900556,-84.24821944,12,2,0,1,0,0,1,1
131056,GEORGIA,GA,1,1,1,177,9997,LEE,12,11,November,2010,6,Friday,18,21,0,14,3,21,31.64162222,-84.10330278,8,1,0,1,0,0,1,0
131057,GEORGIA,GA,1,0,1,267,0,COBBTOWN,12,11,November,2010,6,Friday,20,0,0,5,4,20,32.21563333,-82.02881944,34,1,0,1,0,0,1,1
131058,GEORGIA,GA,4,0,6,299,5850,BEACH,12,11,November,2010,6,Friday,18,9,1,13,3,238,31.20604444,-82.33131667,12,3,0,1,0,0,1,0
131059,GEORGIA,GA,1,0,1,197,790,BUENA VISTA,13,11,November,2010,7,Saturday,8,9,0,3,3,90,32.31818611,-84.50935278,38,1,0,1,0,0,1,0
131060,GEORGIA,GA,1,2,2,5,110,BAKER HILL,14,11,November,2010,1,Sunday,22,52,1,2,3,85,31.55581111,-82.46681111,8,3,0,1,0,0,2,0
131061,GEORGIA,GA,1,0,1,31,0,COFFEE,14,11,November,2010,1,Sunday,1,3,1,2,3,304,99.99990000,999.99990000,1,2,0,1,0,0,1,0
131062,GEORGIA,GA,1,1,1,89,0,BROWNSBORO,14,11,November,2010,1,Sunday,18,29,0,13,3,15,33.84199167,-84.32977778,8,3,0,2,0,0,1,0
131063,GEORGIA,GA,1,1,1,89,0,BROWNSBORO,14,11,November,2010,1,Sunday,21,20,0,13,3,29,33.85657500,-84.31353333,8,3,0,2,0,0,1,0
131064,GEORGIA,GA,1,0,1,311,1190,CLEVELAND,14,11,November,2010,1,Sunday,1,44,0,4,3,69,34.62163056,-83.68026389,32,2,0,1,0,0,1,1
131065,GEORGIA,GA,2,0,3,137,0,ALCO,15,11,November,2010,2,Monday,9,28,1,2,3,2,34.49455833,-83.53408611,12,1,0,2,0,0,2,0
131066,GEORGIA,GA,1,1,2,273,1580,BRONWOOD,1,12,December,2010,4,Wednesday,18,45,1,13,3,121,31.77433056,-84.44812778,8,3,0,1,0,0,1,0
131067,GEORGIA,GA,1,0,1,317,0,DANBURG,1,12,December,2010,4,Wednesday,15,46,0,4,4,1,33.78974167,-82.88313333,1,1,0,1,0,0,1,1
131068,GEORGIA,GA,1,0,1,297,0,BETWEEN,3,12,December,2010,6,Friday,11,30,0,6,4,0,33.90567500,-83.69270000,1,1,0,1,0,0,1,0
131069,GEORGIA,GA,2,0,1,63,0,BOLIGEE,4,12,December,2010,7,Saturday,6,56,1,11,1,37,33.62719722,-84.41880278,12,2,0,1,0,0,1,0
131070,GEORGIA,GA,1,0,1,185,0,ANAKTUVUK PASS,4,12,December,2010,7,Saturday,12,10,0,6,4,6,30.98229444,-83.28311944,43,1,0,1,0,0,1,1
131071,GEORGIA,GA,1,0,1,295,0,BLOWING SPRINGS,4,12,December,2010,7,Saturday,20,28,0,6,4,4,34.84581944,-85.25528611,34,2,0,10,0,0,1,1
131072,GEORGIA,GA,2,0,4,297,3710,BETWEEN,4,12,December,2010,7,Saturday,0,21,0,13,3,7,33.79508333,-83.74266944,12,3,0,1,0,0,1,0
131073,GEORGIA,GA,1,0,5,57,920,BANKSTON,5,12,December,2010,1,Sunday,0,32,0,6,4,2,34.28635556,-84.52814722,35,2,0,10,0,0,1,0
131074,GEORGIA,GA,1,1,1,127,0,BURNWELL,5,12,December,2010,1,Sunday,18,5,0,13,3,137,31.24085833,-81.54208889,8,5,0,99,0,0,1,0
131075,GEORGIA,GA,1,0,1,301,0,BARNETT,5,12,December,2010,1,Sunday,18,5,0,5,4,61,33.40982500,-82.76121111,1,2,0,1,0,0,1,1
131076,GEORGIA,GA,1,0,1,49,0,COLLINSVILLE,6,12,December,2010,2,Monday,2,25,0,4,3,100,30.48367500,-82.04325556,1,2,0,1,0,0,1,1
131077,GEORGIA,GA,1,0,1,321,0,BRIDGEBORO,6,12,December,2010,2,Monday,23,14,0,5,4,12,31.62506667,-83.97532500,34,2,0,1,0,0,1,1
131078,GEORGIA,GA,1,1,1,33,0,CHEROKEE,9,12,December,2010,5,Thursday,16,20,0,4,3,281,33.20826111,-81.93887778,8,1,0,1,0,0,1,0
131079,GEORGIA,GA,1,0,1,217,0,COVINGTON,10,12,December,2010,6,Friday,7,16,0,13,3,5,33.55876667,-83.88329722,35,2,0,1,0,0,1,1
131080,GEORGIA,GA,1,1,1,21,3390,CHILTON,11,12,December,2010,7,Saturday,3,31,0,13,3,75,32.84811667,-83.60816667,8,2,0,1,0,0,1,0
131081,GEORGIA,GA,1,0,5,31,0,COFFEE,11,12,December,2010,7,Saturday,9,20,1,1,1,241,32.23103611,-81.64101389,42,1,0,1,0,0,1,0
131082,GEORGIA,GA,2,0,5,251,0,DOVER,11,12,December,2010,7,Saturday,14,20,0,4,4,78,32.62539722,-81.63497778,12,1,0,10,0,0,1,0
131083,GEORGIA,GA,1,0,1,209,5670,AILEY,12,12,December,2010,1,Sunday,12,2,0,4,3,9,32.02632500,-82.47859722,35,1,0,10,0,0,1,0
131084,GEORGIA,GA,1,1,2,85,1590,BENTON,15,12,December,2010,4,Wednesday,17,48,1,2,3,63,34.40866111,-83.99694722,8,2,0,3,0,0,1,0
131085,GEORGIA,GA,1,0,1,121,4882,BON AIR,15,12,December,2010,4,Wednesday,3,36,0,14,3,5,33.94071111,-84.40138889,35,2,0,1,0,0,1,1
131086,GEORGIA,GA,1,0,1,33,0,CHEROKEE,17,12,December,2010,6,Friday,7,0,0,4,4,135,33.22773611,-82.09145000,42,1,0,10,0,0,1,0
131087,GEORGIA,GA,2,0,2,13,0,BOLLING,20,12,December,2010,2,Monday,10,0,0,3,3,21,34.03427222,-83.71440278,12,1,0,1,0,0,1,0
131088,GEORGIA,GA,2,0,2,121,4882,BON AIR,20,12,December,2010,2,Monday,22,45,0,14,3,4,33.94014722,-84.40062222,12,2,0,1,0,0,1,1
131089,GEORGIA,GA,1,0,4,159,4980,FARRAR,20,12,December,2010,2,Monday,7,33,0,3,3,251,33.42241667,-83.55679722,34,1,0,1,0,0,1,0
131090,GEORGIA,GA,1,2,1,59,270,FRANKLIN,5,12,December,2010,1,Sunday,9,21,0,14,6,26,33.88687500,-83.32026944,8,1,0,1,0,0,1,0
131091,GEORGIA,GA,2,0,2,135,3100,ASH FLAT,6,12,December,2010,2,Monday,4,56,0,14,3,101,33.93191389,-84.04307222,12,2,0,1,0,0,2,1
131092,GEORGIA,GA,1,1,1,135,1810,ASH FLAT,7,12,December,2010,3,Tuesday,20,36,1,13,6,37,33.95535833,-84.13218611,8,3,0,1,0,0,1,0
131093,GEORGIA,GA,1,0,1,21,3390,CHILTON,8,12,December,2010,4,Wednesday,19,43,0,16,6,4,32.78712222,-83.70743056,30,2,0,10,0,0,1,1
131094,GEORGIA,GA,1,0,1,143,5370,CANEHILL,8,12,December,2010,4,Wednesday,12,0,0,4,3,12,33.76171944,-85.27448333,35,1,0,10,0,0,1,0
131095,GEORGIA,GA,1,0,3,71,3800,BRIDGEPORT,8,12,December,2010,4,Wednesday,7,40,0,3,3,99999,99.99990000,999.99990000,35,1,0,1,0,0,1,0
131096,GEORGIA,GA,2,0,8,135,0,ASH FLAT,9,12,December,2010,5,Thursday,17,48,0,13,4,25,33.89934444,-84.20348889,12,3,0,1,0,0,1,0
131097,GEORGIA,GA,1,0,1,169,0,BRADLEY,11,12,December,2010,7,Saturday,4,2,0,6,4,20,33.05502222,-83.53943889,42,2,0,1,0,0,1,0
131098,GEORGIA,GA,2,0,3,135,0,ASH FLAT,12,12,December,2010,1,Sunday,3,17,1,11,1,23,33.91109722,-84.21687778,12,3,0,2,0,0,1,1
131099,GEORGIA,GA,3,0,10,135,1810,ASH FLAT,12,12,December,2010,1,Sunday,3,36,0,16,4,5,33.95909444,-84.14184167,12,2,0,2,0,0,2,3
131100,GEORGIA,GA,2,0,3,51,0,CENTRAL,13,12,December,2010,2,Monday,0,14,1,13,4,252,32.03823889,-80.99224167,12,2,0,1,0,0,1,0
131101,GEORGIA,GA,1,0,1,115,0,ASHVILLE,15,12,December,2010,4,Wednesday,22,11,0,13,3,221,34.33211389,-85.08971111,24,2,0,3,0,0,1,0
131102,GEORGIA,GA,2,0,3,51,4450,CENTRAL,16,12,December,2010,5,Thursday,6,14,0,14,3,35,32.12352778,-81.27101944,12,3,0,1,0,0,1,0
131103,GEORGIA,GA,2,0,4,51,4910,CENTRAL,18,12,December,2010,7,Saturday,7,25,0,13,6,213,32.02826944,-81.10830556,12,1,0,4,0,0,1,0
131104,GEORGIA,GA,1,0,1,215,1280,BIBB CITY,19,12,December,2010,1,Sunday,12,41,0,14,6,188,32.59677500,-84.90882500,42,1,0,1,0,0,1,0
131105,GEORGIA,GA,1,1,1,59,270,FRANKLIN,20,12,December,2010,2,Monday,18,8,0,13,3,98,99.99990000,999.99990000,8,2,0,1,0,0,1,0
131106,GEORGIA,GA,1,0,2,105,0,MARION,24,12,December,2010,6,Friday,5,44,0,5,4,48,34.09824722,-82.76670556,42,2,0,10,0,0,1,1
131107,GEORGIA,GA,2,0,3,135,0,ASH FLAT,27,12,December,2010,2,Monday,14,6,1,13,3,26,34.11173333,-84.05478611,12,1,0,1,0,0,1,0
131108,GEORGIA,GA,1,0,1,135,3990,ASH FLAT,31,12,December,2010,6,Friday,23,33,0,16,4,18,99.99990000,999.99990000,42,2,0,10,0,0,1,1
131109,GEORGIA,GA,1,0,1,149,0,BELLEVILLE,1,12,December,2010,4,Wednesday,16,39,0,3,3,99999,99.99990000,999.99990000,34,1,0,1,0,0,1,1
131110,GEORGIA,GA,1,0,1,151,0,FLIPPEN,11,12,December,2010,7,Saturday,17,41,0,13,4,21,33.46846667,-84.26571667,32,2,0,10,0,0,1,1
131111,GEORGIA,GA,1,0,1,121,4790,BON AIR,9,12,December,2010,5,Thursday,17,31,0,16,6,1,34.01435556,-84.35789722,42,1,0,1,0,0,1,0
131112,GEORGIA,GA,1,1,3,121,280,BON AIR,11,12,December,2010,7,Saturday,1,12,1,11,1,90,33.75367500,-84.49572222,8,3,0,10,0,0,1,0
131113,GEORGIA,GA,1,0,1,51,4450,CENTRAL,14,12,December,2010,3,Tuesday,11,11,1,11,1,50,32.14108056,-81.24100000,34,1,0,1,0,0,1,0
131114,GEORGIA,GA,1,1,3,299,5850,BEACH,20,12,December,2010,2,Monday,21,32,1,13,3,29,31.23166389,-82.36870833,9,3,0,1,0,0,1,0
131115,GEORGIA,GA,1,1,3,51,4910,CENTRAL,21,12,December,2010,3,Tuesday,18,8,1,13,1,99999,32.03154444,-81.11965556,8,2,0,1,0,0,1,0
131116,GEORGIA,GA,2,0,3,67,0,ABBEVILLE,23,12,December,2010,5,Thursday,13,45,0,14,4,46,33.89140000,-84.61174167,12,1,0,1,0,0,1,1
131117,GEORGIA,GA,1,1,1,245,310,AUGUSTA,26,12,December,2010,1,Sunday,18,38,1,11,1,55,33.42356111,-82.05894444,8,2,0,10,0,0,1,1
131118,GEORGIA,GA,2,0,3,135,0,ASH FLAT,31,12,December,2010,6,Friday,13,37,0,16,4,4,33.88340278,-84.10710000,12,1,0,1,0,0,1,0
131119,GEORGIA,GA,1,0,1,189,0,BONEVILLE,20,12,December,2010,2,Monday,17,27,0,14,4,75,33.42656944,-82.52680833,35,1,0,1,0,0,1,1
131120,GEORGIA,GA,2,0,3,225,0,BYRON,20,12,December,2010,2,Monday,11,11,1,2,3,18,32.55860556,-83.88349167,12,1,0,1,0,0,1,0
131121,GEORGIA,GA,2,0,2,93,0,BEAR CREEK,21,12,December,2010,3,Tuesday,14,17,0,6,4,9,32.12418056,-83.83873056,12,1,0,1,0,0,1,0
131122,GEORGIA,GA,2,0,2,127,0,BURNWELL,21,12,December,2010,3,Tuesday,12,35,1,13,3,162,31.21313056,-81.51490556,12,1,0,1,0,0,1,0
131123,GEORGIA,GA,2,0,2,19,0,CEDAR BLUFF,22,12,December,2010,4,Wednesday,18,45,0,4,3,102,31.16364167,-83.08775556,12,2,0,1,0,0,1,0
131124,GEORGIA,GA,1,0,1,293,0,EAST THOMASTON,22,12,December,2010,4,Wednesday,14,46,0,6,4,99999,99.99990000,999.99990000,34,1,0,1,0,0,1,0
131125,GEORGIA,GA,1,0,1,21,3390,CHILTON,23,12,December,2010,5,Thursday,16,25,1,11,1,3,32.85341667,-83.63428056,1,1,0,1,0,0,1,0
131126,GEORGIA,GA,2,0,3,151,0,FLIPPEN,23,12,December,2010,5,Thursday,5,56,0,3,3,40,33.39497500,-84.17402778,12,2,0,1,0,0,1,0
131127,GEORGIA,GA,2,0,6,313,0,COHUTTA,23,12,December,2010,5,Thursday,18,0,0,3,3,10,34.79565556,-84.88901944,12,2,0,10,0,0,1,0
131128,GEORGIA,GA,2,0,3,51,4910,CENTRAL,24,12,December,2010,6,Friday,17,25,0,14,6,2,32.05480833,-81.09309167,12,5,0,1,0,0,1,2
131129,GEORGIA,GA,1,0,1,177,0,LEE,24,12,December,2010,6,Friday,16,20,0,14,3,7,31.63358056,-84.16280556,1,1,0,1,0,0,1,1
131130,GEORGIA,GA,1,0,1,227,2910,JASPER,25,12,December,2010,7,Saturday,8,41,1,2,3,21,99.99990000,999.99990000,53,1,0,4,0,0,1,0
131131,GEORGIA,GA,1,0,2,259,3310,CHARLES,27,12,December,2010,2,Monday,13,30,0,3,3,99999,99.99990000,999.99990000,35,1,0,1,0,0,2,0
131132,GEORGIA,GA,1,0,1,189,0,BONEVILLE,28,12,December,2010,3,Tuesday,15,30,0,3,3,31,33.34761111,-82.34800000,31,1,0,1,0,0,1,0
131133,GEORGIA,GA,1,0,1,121,0,BON AIR,29,12,December,2010,4,Wednesday,3,38,0,14,4,8,33.63659722,-84.49213611,43,3,0,1,0,0,1,1
131134,GEORGIA,GA,2,0,2,147,0,AUGUSTA,29,12,December,2010,4,Wednesday,16,19,0,3,3,99999,99.99990000,999.99990000,12,1,0,1,0,0,1,1
131135,GEORGIA,GA,2,0,3,161,0,DENTON,29,12,December,2010,4,Wednesday,19,16,0,6,4,99999,31.88958333,-82.62510556,12,2,0,1,0,0,1,0
131136,GEORGIA,GA,1,0,1,7,0,BIBB,31,12,December,2010,6,Friday,16,49,0,3,4,234,31.40504167,-84.28532778,42,1,0,1,0,0,1,0
131137,GEORGIA,GA,1,1,1,69,0,ASHFORD,31,12,December,2010,6,Friday,18,17,0,14,3,123,31.52845278,-82.81706667,8,2,0,1,0,0,1,0
131138,GEORGIA,GA,2,0,2,139,2160,CALION,31,12,December,2010,6,Friday,14,36,0,6,6,0,34.19964722,-83.92097778,12,1,0,1,0,0,1,0
131139,GEORGIA,GA,2,0,5,83,0,ARDMORE,15,12,December,2010,4,Wednesday,19,20,1,1,1,15,34.97181667,-85.44389167,24,2,0,3,0,0,1,0
131140,GEORGIA,GA,4,0,5,189,0,BONEVILLE,9,12,December,2010,5,Thursday,20,47,1,1,1,8,99.99990000,999.99990000,54,2,0,1,0,0,2,0