ST_CASE,State Name,State Abbreviation,VE_TOTAL,Pedestrains,Total_Persons_in_accident,COUNTY,CITY,City_County_Name,Calendar_DAY,MONTH,Month_Name,YEAR,DAY_WEEK,Day_Week_desc,HOUR,MINUTE,NHS_Desc,trafficway,ROUTE,MILEPT,LATITUDE,LONGITUD,First_Crash_event,Light_cond_desc,Weather_condition,WEATHER,SCH_BUS,Crash_cause,FATALS,DRUNK_DR
131141,GEORGIA,GA,2,1,2,127,760,BURNWELL,25,12,December,2010,7,Saturday,20,55,0,14,6,10,31.17868056,-81.48857778,8,2,0,2,0,0,1,0
131142,GEORGIA,GA,2,1,2,39,0,ANDALUSIA,28,3,March,2010,1,Sunday,17,30,1,1,1,223,31.05655833,-81.63930833,8,1,0,1,0,0,1,0
131143,GEORGIA,GA,3,0,5,153,0,BONAIRE,4,4,April,2010,1,Sunday,13,51,0,3,3,187,32.54656111,-83.71993056,12,1,0,1,0,0,1,0
131144,GEORGIA,GA,1,0,2,85,0,BENTON,25,6,June,2010,6,Friday,22,20,1,2,3,8,34.34548611,-84.05103889,5,2,0,10,0,0,1,1
131145,GEORGIA,GA,1,0,1,187,0,DAHLONEGA,10,7,July,2010,7,Saturday,15,55,1,2,3,72,34.71900556,-83.90700833,42,1,0,1,0,0,1,0
131147,GEORGIA,GA,2,1,3,89,0,BROWNSBORO,20,12,December,2010,2,Monday,18,47,0,16,4,99999,33.78720278,-84.16562778,8,3,0,1,0,0,1,0
131148,GEORGIA,GA,1,0,1,15,5910,ANNISTON,22,9,September,2010,4,Wednesday,7,10,0,13,3,171,34.28596111,-84.74353611,42,2,0,10,0,0,1,1
131149,GEORGIA,GA,1,0,1,163,5750,AVERA,4,10,October,2010,2,Monday,16,26,0,3,6,12,32.85786944,-82.40460556,31,1,0,1,0,0,1,0
131150,GEORGIA,GA,2,0,2,133,0,ARLEY,19,10,October,2010,3,Tuesday,10,39,0,3,3,83,33.54405833,-83.09543611,24,1,0,1,0,0,1,0
131151,GEORGIA,GA,1,0,1,89,0,BROWNSBORO,9,12,December,2010,5,Thursday,14,15,0,16,4,2,33.73900833,-84.25799167,53,1,0,1,0,0,1,0
131152,GEORGIA,GA,1,0,3,95,0,ALBERTVILLE,18,12,December,2010,7,Saturday,4,56,1,13,3,28,31.48315556,-84.11695000,59,3,0,10,0,0,1,0
131153,GEORGIA,GA,1,0,1,105,0,MARION,16,12,December,2010,5,Thursday,16,20,0,2,3,54,34.09339167,-82.92253889,32,1,0,2,0,0,1,0
131154,GEORGIA,GA,1,0,3,67,0,ABBEVILLE,1,5,May,2010,7,Saturday,12,33,0,16,4,12,33.96996944,-84.49006667,33,1,0,99,0,0,1,0
131155,GEORGIA,GA,1,0,5,53,0,ATMORE,19,11,November,2010,6,Friday,22,30,0,9,4,99999,99.99990000,999.99990000,1,6,0,1,0,0,1,1
131156,GEORGIA,GA,1,0,1,89,0,BROWNSBORO,30,11,November,2010,3,Tuesday,8,45,0,16,4,8,33.78042222,-84.20109722,42,1,0,2,0,0,1,0
131157,GEORGIA,GA,2,0,3,157,670,ARCADE,30,11,November,2010,3,Tuesday,17,59,0,3,3,29,34.12026111,-83.76317778,12,3,0,2,0,0,1,0
131158,GEORGIA,GA,2,0,2,215,2195,BIBB CITY,13,12,December,2010,2,Monday,18,37,1,13,6,54,32.40534444,-84.93058611,12,3,0,1,0,0,1,0
150001,HAWAII,HI,2,0,1,1,7600,AUTAUGA,1,1,January,2010,6,Friday,0,1,0,6,4,0,19.20198056,-155.47727222,14,3,0,5,0,0,1,1
150002,HAWAII,HI,1,0,4,3,2760,BALDWIN,1,1,January,2010,6,Friday,16,42,1,2,3,0,21.54480556,-157.84601667,52,1,0,10,0,0,1,0
150003,HAWAII,HI,1,1,1,3,2400,BALDWIN,7,1,January,2010,5,Thursday,9,31,0,15,4,0,21.28205278,-157.82908611,8,1,0,1,0,0,1,0
150004,HAWAII,HI,1,1,1,1,3002,AUTAUGA,10,1,January,2010,1,Sunday,15,1,0,15,4,0,19.61647500,-155.98311389,8,1,0,1,0,0,2,1
150005,HAWAII,HI,1,1,1,3,2400,BALDWIN,12,1,January,2010,3,Tuesday,8,49,1,12,3,0,21.33788889,-157.83742222,8,1,0,1,0,0,1,0
150006,HAWAII,HI,1,0,2,1,1900,AUTAUGA,14,1,January,2010,5,Thursday,14,15,0,4,3,10,19.86505000,-155.11778333,24,1,10,6,0,0,1,0
150007,HAWAII,HI,1,1,1,3,2400,BALDWIN,14,1,January,2010,5,Thursday,14,59,0,13,3,0,21.31720833,-157.86006111,8,1,0,1,0,0,1,0
150008,HAWAII,HI,1,1,1,3,2400,BALDWIN,18,1,January,2010,2,Monday,23,15,0,16,4,0,21.27879444,-157.82460833,8,3,0,1,0,0,1,1
150009,HAWAII,HI,2,0,5,1,7700,AUTAUGA,19,1,January,2010,3,Tuesday,18,53,0,4,4,0,19.52646389,-154.92314722,12,2,0,1,0,0,1,1
150010,HAWAII,HI,2,0,3,7,9993,BIBB,19,1,January,2010,3,Tuesday,22,15,0,2,3,74,21.94325556,-159.47848333,12,2,0,1,0,0,1,1
150011,HAWAII,HI,2,0,2,7,5100,BIBB,22,1,January,2010,6,Friday,16,2,0,3,3,68,21.95061944,-159.46595278,12,1,0,1,0,0,1,0
150012,HAWAII,HI,1,0,2,3,6900,BALDWIN,23,1,January,2010,7,Saturday,17,40,0,15,4,0,21.38520000,-158.14457778,33,1,0,1,0,0,1,1
150013,HAWAII,HI,2,0,2,3,2400,BALDWIN,23,1,January,2010,7,Saturday,22,0,0,15,4,0,21.31530278,-157.81200556,12,3,0,1,0,0,1,0
150014,HAWAII,HI,1,1,1,9,4800,BLOUNT,26,1,January,2010,3,Tuesday,21,9,1,14,3,68,20.76470278,-156.45075278,8,2,0,1,0,0,1,0
150015,HAWAII,HI,2,0,2,9,8500,BLOUNT,27,1,January,2010,4,Wednesday,11,54,0,15,3,9,20.82818889,-156.31754167,12,1,0,2,0,0,1,0
150016,HAWAII,HI,1,0,1,1,2000,AUTAUGA,8,2,February,2010,2,Monday,4,2,0,2,4,0,19.61170556,-155.94938333,42,3,0,1,0,0,1,0
150017,HAWAII,HI,1,0,2,3,3000,BALDWIN,9,2,February,2010,3,Tuesday,5,59,0,14,4,0,21.41069167,-157.74470278,38,3,0,1,0,0,1,0
150018,HAWAII,HI,3,0,4,7,6100,BIBB,11,2,February,2010,5,Thursday,9,20,0,3,3,101,21.92331111,-159.50310556,12,1,0,1,0,0,1,0
150019,HAWAII,HI,1,1,1,3,2400,BALDWIN,19,2,February,2010,6,Friday,6,35,0,16,4,0,21.28730833,-157.82616944,8,4,10,2,1,0,1,0
150020,HAWAII,HI,2,0,2,7,5100,BIBB,19,2,February,2010,6,Friday,9,56,0,3,3,84,21.93038611,-159.48552222,12,1,0,1,0,0,2,0
150021,HAWAII,HI,2,0,4,1,3002,AUTAUGA,23,2,February,2010,3,Tuesday,20,0,1,2,3,880,19.80500556,-155.99337222,12,2,0,1,0,0,1,1
150022,HAWAII,HI,2,0,2,3,3627,BALDWIN,27,2,February,2010,7,Saturday,4,21,1,11,1,4,21.38978611,-158.02133611,12,3,0,1,0,0,1,1
150023,HAWAII,HI,1,0,1,1,3002,AUTAUGA,6,3,March,2010,7,Saturday,0,52,0,16,4,0,99.99990000,999.99990000,33,3,0,1,0,0,1,1
150024,HAWAII,HI,1,0,1,3,100,BALDWIN,12,3,March,2010,6,Friday,11,13,1,11,1,99999,21.40480833,-157.85127222,25,1,0,1,0,0,1,0
150025,HAWAII,HI,1,0,1,3,9200,BALDWIN,13,3,March,2010,7,Saturday,13,22,0,15,4,0,21.45200000,-158.17786944,30,1,0,1,0,0,1,0
150026,HAWAII,HI,1,0,1,3,9600,BALDWIN,13,3,March,2010,7,Saturday,21,20,0,16,4,0,21.38930833,-158.01023611,30,3,0,1,0,0,1,1
150027,HAWAII,HI,2,1,2,9,2900,BLOUNT,17,3,March,2010,4,Wednesday,5,39,1,13,3,2,20.88768333,-156.46573056,8,2,0,1,0,0,1,0
150028,HAWAII,HI,2,0,7,3,3000,BALDWIN,17,3,March,2010,4,Wednesday,18,36,1,13,3,99999,21.37561111,-157.74709444,12,5,10,2,0,0,1,0
150029,HAWAII,HI,1,0,2,3,2400,BALDWIN,17,3,March,2010,4,Wednesday,23,24,1,12,3,99999,21.36321111,-157.79879722,59,3,0,2,0,0,1,1
150030,HAWAII,HI,1,1,1,9,5600,BLOUNT,18,3,March,2010,5,Thursday,0,17,1,3,3,216,20.88666944,-156.68286944,8,3,0,10,0,0,1,0
150031,HAWAII,HI,1,0,1,9,3900,BLOUNT,29,3,March,2010,2,Monday,23,3,0,4,4,14,21.08158611,-157.00187222,59,3,0,1,0,0,1,1
150032,HAWAII,HI,2,0,1,3,3000,BALDWIN,3,4,April,2010,7,Saturday,19,55,0,15,4,0,21.38690833,-157.72986667,14,3,0,2,0,0,1,1
150033,HAWAII,HI,4,0,6,9,2900,BLOUNT,11,4,April,2010,1,Sunday,10,20,1,3,3,33,20.86735278,-156.38081111,12,1,0,1,0,0,1,0
150034,HAWAII,HI,1,0,1,3,9600,BALDWIN,14,4,April,2010,4,Wednesday,21,50,0,13,4,0,21.37445278,-158.03042500,35,3,0,1,0,0,1,1
150035,HAWAII,HI,1,0,1,1,2000,AUTAUGA,13,4,April,2010,3,Tuesday,15,45,0,15,4,49,19.63444444,-155.94923333,1,1,10,2,0,0,1,0
150036,HAWAII,HI,1,0,1,1,1700,AUTAUGA,16,4,April,2010,6,Friday,22,30,0,3,3,321,19.42050000,-155.30425833,24,2,0,10,0,0,1,1
150037,HAWAII,HI,1,0,1,9,5600,BLOUNT,20,4,April,2010,3,Tuesday,99,99,1,13,3,109,20.79160000,-156.56402222,35,1,0,1,0,0,1,1
150038,HAWAII,HI,2,0,4,1,7600,AUTAUGA,28,4,April,2010,4,Wednesday,5,30,0,3,3,577,19.15781667,-155.50563889,11,4,0,1,0,0,1,0
150039,HAWAII,HI,1,0,2,3,9100,BALDWIN,1,5,May,2010,7,Saturday,2,40,0,3,4,8,21.52890000,-158.08017222,24,2,0,10,0,0,1,1
150040,HAWAII,HI,1,0,11,3,9998,BALDWIN,7,5,May,2010,6,Friday,1,30,0,16,4,0,21.32377778,-158.07060278,33,2,0,1,0,0,1,0
150041,HAWAII,HI,2,0,3,3,100,BALDWIN,7,5,May,2010,6,Friday,4,45,1,1,1,99999,21.40556944,-157.85400833,12,3,0,1,0,0,1,0
150042,HAWAII,HI,2,0,3,3,3500,BALDWIN,8,5,May,2010,7,Saturday,15,50,1,13,3,99999,21.44937778,-157.83308056,12,1,0,1,0,0,1,0
150043,HAWAII,HI,2,0,5,3,2400,BALDWIN,9,5,May,2010,1,Sunday,15,35,1,13,3,0,21.33695000,-157.91344722,12,1,0,1,0,0,1,1
150044,HAWAII,HI,1,0,1,3,1600,BALDWIN,13,5,May,2010,5,Thursday,21,52,1,2,3,99999,21.57897222,-157.88477778,59,3,0,1,0,0,1,0
150045,HAWAII,HI,2,0,4,3,8900,BALDWIN,13,5,May,2010,5,Thursday,22,55,0,15,3,0,21.51129167,-158.01892222,12,3,0,1,0,0,1,1
150046,HAWAII,HI,2,0,6,1,3250,AUTAUGA,19,5,May,2010,4,Wednesday,18,30,1,2,3,398,20.06313333,-155.41765833,12,3,0,1,0,0,1,0
150047,HAWAII,HI,2,0,2,1,1900,AUTAUGA,21,5,May,2010,6,Friday,11,5,0,13,7,0,19.71801111,-155.07009167,12,1,0,1,0,0,1,0
150048,HAWAII,HI,2,1,2,3,3627,BALDWIN,22,5,May,2010,7,Saturday,1,35,1,1,1,99999,21.33247500,-158.09113333,12,2,0,1,0,0,1,0
150049,HAWAII,HI,3,0,8,1,3002,AUTAUGA,22,5,May,2010,7,Saturday,23,54,0,15,3,385,19.66807222,-155.98109722,12,6,0,1,0,0,2,1
150050,HAWAII,HI,2,0,3,1,3002,AUTAUGA,23,5,May,2010,1,Sunday,18,45,0,15,3,0,19.72727778,-155.97882222,12,5,0,98,0,0,1,2
150051,HAWAII,HI,1,0,2,3,3627,BALDWIN,25,5,May,2010,3,Tuesday,18,4,1,1,1,99999,21.37332222,-158.05226667,35,1,0,1,0,0,1,0
150052,HAWAII,HI,1,0,2,1,1700,AUTAUGA,28,5,May,2010,6,Friday,7,15,0,3,3,347,19.32815278,-155.40075278,35,1,0,10,0,0,1,0
150053,HAWAII,HI,1,0,4,1,3400,AUTAUGA,31,5,May,2010,2,Monday,17,32,0,6,8,0,99.99990000,999.99990000,5,1,0,10,0,0,1,0
150054,HAWAII,HI,2,0,3,7,4900,BIBB,1,6,June,2010,3,Tuesday,17,15,0,3,3,225,22.20152222,-159.40206111,12,1,0,1,0,0,1,0
150055,HAWAII,HI,2,0,3,1,6700,AUTAUGA,2,6,June,2010,4,Wednesday,14,49,0,3,3,99999,19.54741944,-155.11207500,12,1,0,1,0,0,1,1
150056,HAWAII,HI,1,0,1,3,9200,BALDWIN,18,6,June,2010,6,Friday,2,15,1,13,3,99999,21.48565833,-158.22973333,41,3,0,2,0,0,1,1
150057,HAWAII,HI,1,1,2,3,2400,BALDWIN,19,6,June,2010,7,Saturday,2,48,0,13,4,0,21.29635278,-157.84990000,8,3,0,1,0,0,1,1
150058,HAWAII,HI,2,0,3,1,9997,AUTAUGA,20,6,June,2010,1,Sunday,18,45,0,5,4,0,19.03842778,-155.64949167,12,5,2,2,0,0,1,0
150059,HAWAII,HI,1,0,1,7,200,BIBB,23,6,June,2010,4,Wednesday,21,24,0,4,4,0,22.14216667,-159.29891389,58,3,0,1,0,0,1,0
150060,HAWAII,HI,2,1,4,9,5600,BLOUNT,20,5,May,2010,5,Thursday,20,59,1,13,3,232,20.90496389,-156.68615278,8,2,0,1,0,0,1,0
150061,HAWAII,HI,1,0,2,3,2400,BALDWIN,28,6,June,2010,2,Monday,13,10,0,6,4,0,21.37760556,-157.91328056,5,1,0,1,0,0,1,0
150062,HAWAII,HI,1,0,3,9,9300,BLOUNT,3,7,July,2010,7,Saturday,2,4,1,13,3,13,20.86651111,-156.50277500,35,7,0,1,0,0,1,1
150063,HAWAII,HI,2,0,2,7,8400,BIBB,5,7,July,2010,2,Monday,9,43,1,13,3,22,21.96494722,-159.39992778,12,1,0,10,0,0,1,1
150064,HAWAII,HI,1,1,1,3,2400,BALDWIN,6,7,July,2010,3,Tuesday,6,10,0,14,3,99999,21.32755556,-157.87915833,8,4,2,2,0,0,1,0
150065,HAWAII,HI,1,1,1,3,2400,BALDWIN,10,7,July,2010,7,Saturday,6,40,0,14,4,0,21.32847500,-157.87198889,8,4,2,2,0,0,1,0
150066,HAWAII,HI,1,0,2,7,3600,BIBB,18,7,July,2010,1,Sunday,0,55,1,13,3,70,22.05791111,-159.32453611,17,6,0,1,0,0,1,1
150067,HAWAII,HI,2,0,2,3,2400,BALDWIN,23,7,July,2010,6,Friday,22,42,0,13,4,0,21.28881389,-157.81165000,12,3,0,1,0,0,1,0
150068,HAWAII,HI,2,0,5,3,9400,BALDWIN,25,7,July,2010,1,Sunday,1,43,1,13,3,99999,21.32767778,-157.68745556,12,3,0,1,0,0,1,1
150069,HAWAII,HI,1,1,1,3,3500,BALDWIN,26,7,July,2010,2,Monday,17,27,0,14,4,0,21.41651667,-157.80122222,8,1,0,1,0,0,1,0
150070,HAWAII,HI,2,0,2,3,2400,BALDWIN,28,7,July,2010,4,Wednesday,21,40,1,13,3,99999,21.31944167,-157.87650833,12,3,2,2,0,0,1,1
150071,HAWAII,HI,1,0,1,1,7700,AUTAUGA,28,7,July,2010,4,Wednesday,21,20,0,9,9,0,19.53055000,-154.98069722,30,2,0,10,0,0,1,1
150072,HAWAII,HI,1,0,2,1,3002,AUTAUGA,30,7,July,2010,6,Friday,0,55,0,15,3,369,19.66208056,-155.98143889,17,6,0,1,0,0,1,1
150073,HAWAII,HI,1,0,1,7,4900,BIBB,30,7,July,2010,6,Friday,0,30,0,3,3,250,22.20814722,-159.43230556,35,2,0,1,0,0,1,1
150074,HAWAII,HI,2,0,4,1,2100,AUTAUGA,1,8,August,2010,1,Sunday,18,10,0,3,3,879,19.18440833,-155.86346667,12,5,0,1,0,0,1,1
150075,HAWAII,HI,1,1,1,3,501,BALDWIN,13,8,August,2010,6,Friday,16,13,0,14,3,99999,21.31988056,-158.01498333,8,1,0,1,0,0,1,0
150076,HAWAII,HI,1,2,2,3,9600,BALDWIN,22,8,August,2010,1,Sunday,8,27,0,13,3,99999,21.38641944,-157.99820556,33,1,0,1,0,0,1,1
150077,HAWAII,HI,2,0,3,9,2900,BLOUNT,29,8,August,2010,1,Sunday,11,26,0,14,3,99999,20.88467500,-156.42758889,12,1,0,1,0,0,1,0
150078,HAWAII,HI,1,1,1,3,2400,BALDWIN,3,9,September,2010,6,Friday,15,56,0,14,4,0,21.32391944,-157.87593889,9,1,0,1,0,0,1,0
150079,HAWAII,HI,1,0,1,3,2400,BALDWIN,12,9,September,2010,1,Sunday,1,9,0,15,4,0,21.27210000,-157.77506667,33,2,0,1,0,0,1,1
150080,HAWAII,HI,1,1,1,1,1900,AUTAUGA,14,9,September,2010,3,Tuesday,8,45,0,16,6,0,19.72348333,-155.08794444,8,1,0,2,0,0,1,0
150081,HAWAII,HI,1,0,1,3,3627,BALDWIN,18,9,September,2010,7,Saturday,7,40,1,11,1,99999,21.35246111,-158.06725556,24,1,0,1,0,0,1,0
150082,HAWAII,HI,2,0,3,1,1900,AUTAUGA,22,9,September,2010,4,Wednesday,10,0,1,2,3,50,19.77168889,-155.09290833,12,1,0,10,0,0,1,0
150083,HAWAII,HI,1,0,2,3,9600,BALDWIN,27,9,September,2010,2,Monday,5,20,0,15,4,0,21.40521111,-157.99771111,33,4,0,1,0,0,1,0
150084,HAWAII,HI,1,1,2,3,2400,BALDWIN,29,9,September,2010,4,Wednesday,19,40,0,13,3,99999,21.33312222,-157.88896389,9,3,0,2,0,0,1,0
150085,HAWAII,HI,1,0,1,3,3500,BALDWIN,29,9,September,2010,4,Wednesday,22,39,1,2,3,99999,21.48985000,-157.85052222,42,3,2,2,0,0,1,1
150086,HAWAII,HI,1,1,2,3,9200,BALDWIN,9,10,October,2010,7,Saturday,4,10,1,13,3,99999,21.38283333,-158.14695000,33,3,0,1,0,0,1,1
150087,HAWAII,HI,2,0,2,3,2400,BALDWIN,15,10,October,2010,6,Friday,7,20,1,11,3,99999,21.35692500,-157.89895000,12,1,0,1,0,0,1,0
150088,HAWAII,HI,2,0,2,3,2400,BALDWIN,16,10,October,2010,7,Saturday,12,40,1,12,3,99999,21.36578889,-157.77992500,25,1,0,1,0,0,1,0
150089,HAWAII,HI,2,0,2,1,300,AUTAUGA,17,10,October,2010,1,Sunday,9,0,0,3,3,99999,19.21520833,-155.87140556,12,1,0,1,0,0,1,0
150090,HAWAII,HI,1,1,1,3,2400,BALDWIN,25,10,October,2010,2,Monday,16,40,0,15,4,0,21.28264722,-157.83431111,8,1,0,1,1,0,1,0
150091,HAWAII,HI,2,0,2,3,2400,BALDWIN,28,10,October,2010,5,Thursday,19,30,0,15,4,0,21.29317500,-157.82551111,12,6,0,10,0,0,1,0
150092,HAWAII,HI,2,0,2,9,2900,BLOUNT,29,10,October,2010,6,Friday,18,27,0,15,4,0,20.86971944,-156.48066389,12,5,0,1,0,0,1,0
150093,HAWAII,HI,1,1,1,3,9200,BALDWIN,2,11,November,2010,3,Tuesday,10,50,1,13,3,99999,21.45752222,-158.20162222,8,1,0,1,0,0,1,0
150094,HAWAII,HI,1,1,2,3,2400,BALDWIN,12,11,November,2010,6,Friday,5,49,0,14,4,0,21.31211111,-157.86020833,8,4,0,1,0,0,1,0
150095,HAWAII,HI,1,0,1,1,2500,AUTAUGA,14,11,November,2010,1,Sunday,20,22,1,2,3,140,19.88148056,-155.11794167,24,2,0,99,0,0,1,1
150096,HAWAII,HI,1,1,1,9,2900,BLOUNT,15,11,November,2010,2,Monday,21,48,1,13,3,99999,20.89191389,-156.46582500,8,5,0,1,0,0,1,0
150097,HAWAII,HI,1,1,1,3,3500,BALDWIN,18,11,November,2010,5,Thursday,5,19,1,13,3,99999,21.44388056,-157.83276667,8,3,0,1,0,0,1,0
150098,HAWAII,HI,4,0,5,3,1000,BALDWIN,21,11,November,2010,1,Sunday,22,23,1,2,3,99999,21.64666944,-158.06288889,38,6,0,1,0,0,1,1
150099,HAWAII,HI,1,1,1,3,2400,BALDWIN,21,11,November,2010,1,Sunday,23,5,0,13,4,0,21.30151944,-157.84876111,8,3,0,1,0,0,1,0
150100,HAWAII,HI,1,1,1,3,2400,BALDWIN,27,11,November,2010,7,Saturday,5,20,1,13,3,99999,21.33427222,-157.87153889,8,6,0,10,0,0,1,1
150101,HAWAII,HI,1,0,4,3,8900,BALDWIN,28,11,November,2010,1,Sunday,0,52,0,3,4,0,21.52494722,-158.07609444,30,6,2,2,0,0,2,1
150102,HAWAII,HI,2,0,1,3,3627,BALDWIN,28,11,November,2010,1,Sunday,19,52,1,11,1,99999,21.34094722,-158.07935833,14,2,0,1,0,0,1,1
150103,HAWAII,HI,1,0,1,3,100,BALDWIN,1,12,December,2010,4,Wednesday,6,14,1,11,1,99999,21.37238333,-157.92000278,35,4,2,2,0,0,1,0
150104,HAWAII,HI,1,0,1,3,9600,BALDWIN,10,12,December,2010,6,Friday,4,21,1,11,1,99999,21.39031667,-158.02011389,35,3,0,2,0,0,1,1
150105,HAWAII,HI,1,0,1,1,7700,AUTAUGA,11,12,December,2010,7,Saturday,1,0,0,6,8,0,19.45732500,-154.84233889,3,6,0,10,0,0,1,0
150107,HAWAII,HI,2,0,10,1,3002,AUTAUGA,18,12,December,2010,7,Saturday,15,50,1,2,3,976,19.67128056,-156.01555833,12,1,0,1,0,0,1,0
150108,HAWAII,HI,1,1,1,3,6625,BALDWIN,17,12,December,2010,6,Friday,23,10,1,13,3,99999,21.47858889,-158.02652778,9,3,0,1,0,0,1,0
150109,HAWAII,HI,2,0,3,1,3002,AUTAUGA,19,12,December,2010,1,Sunday,19,6,0,13,3,1210,19.63678611,-155.97912222,12,5,0,1,0,0,1,0
150110,HAWAII,HI,1,0,3,1,3625,AUTAUGA,30,12,December,2010,5,Thursday,13,0,0,6,8,0,20.23896667,-155.80529444,1,1,0,1,0,0,1,0
160001,IDAHO,ID,2,0,4,27,0,ASHLAND,9,1,January,2010,7,Saturday,18,22,1,2,3,86,43.60329167,-116.75249167,12,2,0,1,0,0,1,0
160002,IDAHO,ID,1,0,2,5,0,BAKER HILL,18,1,January,2010,2,Monday,15,40,1,1,1,640,42.80913056,-112.37656111,1,1,0,1,0,0,1,0
160003,IDAHO,ID,1,1,1,67,1590,ABBEVILLE,20,1,January,2010,4,Wednesday,10,20,0,14,6,516,42.61131944,-113.67753333,9,1,0,1,0,0,1,0
160004,IDAHO,ID,1,0,1,37,0,BRADFORD,23,1,January,2010,7,Saturday,2,0,1,2,2,2591,44.64368056,-114.10284444,42,2,0,1,0,0,1,0
160005,IDAHO,ID,2,0,4,33,0,CHEROKEE,5,1,January,2010,3,Tuesday,17,35,1,1,1,1897,44.48490278,-112.23552222,12,2,10,4,0,0,1,0
160006,IDAHO,ID,1,0,3,5,1430,BAKER HILL,26,1,January,2010,3,Tuesday,22,4,0,16,6,0,42.89857222,-112.45614167,43,3,0,10,0,0,1,1
160007,IDAHO,ID,1,0,1,65,0,CYPRESS,29,1,January,2010,6,Friday,23,36,1,2,2,3274,43.74742778,-111.85534722,11,2,0,5,0,0,1,0
160008,IDAHO,ID,1,0,2,27,0,ASHLAND,14,1,January,2010,5,Thursday,9,41,0,3,3,187,43.45410556,-116.57320833,35,1,0,1,0,0,1,0
160009,IDAHO,ID,1,0,1,77,0,ANDERSON,10,2,February,2010,4,Wednesday,99,99,1,1,1,522,42.88706944,-112.63900278,35,2,0,10,0,0,1,1
160010,IDAHO,ID,1,0,1,49,0,COLLINSVILLE,22,2,February,2010,2,Monday,15,15,0,3,3,168,46.02441389,-115.97434167,35,1,0,10,0,0,1,1
160011,IDAHO,ID,2,0,2,1,435,AUTAUGA,13,2,February,2010,7,Saturday,13,49,0,13,3,164,43.69489722,-116.37740556,12,1,0,10,0,0,1,0
160012,IDAHO,ID,1,0,1,1,160,AUTAUGA,15,2,February,2010,2,Monday,20,7,0,14,6,7,43.60026944,-116.25367778,24,3,0,1,0,0,1,0
160013,IDAHO,ID,2,0,2,11,0,BULLOCK,26,2,February,2010,6,Friday,12,27,0,3,3,398,43.13919444,-112.58156944,12,1,0,10,0,0,1,0
160014,IDAHO,ID,1,0,2,11,0,BULLOCK,17,2,February,2010,4,Wednesday,21,52,0,6,8,0,43.03684167,-112.49421944,42,2,0,10,0,0,2,1
160015,IDAHO,ID,1,0,5,53,0,ATMORE,1,3,March,2010,2,Monday,9,40,1,1,1,1975,42.57610833,-113.99155556,1,1,0,1,0,0,1,0
160016,IDAHO,ID,1,0,1,49,0,COLLINSVILLE,7,3,March,2010,1,Sunday,10,22,0,4,3,158,46.14726667,-116.08753889,42,1,0,1,0,0,1,0
160017,IDAHO,ID,1,0,1,5,0,BAKER HILL,10,3,March,2010,4,Wednesday,19,30,0,6,4,0,42.55059444,-112.05999444,1,2,0,1,0,0,1,1
160018,IDAHO,ID,1,0,2,31,0,COFFEE,10,3,March,2010,4,Wednesday,7,54,0,4,3,141,42.43226944,-113.81384444,1,1,0,1,0,0,1,0
160019,IDAHO,ID,1,0,1,11,0,BULLOCK,14,3,March,2010,1,Sunday,3,20,1,1,1,888,43.14943333,-112.38888611,24,2,0,10,0,0,1,0
160020,IDAHO,ID,1,0,2,31,0,COFFEE,11,3,March,2010,5,Thursday,14,26,0,6,4,0,42.16986111,-114.25944444,1,1,0,1,0,0,1,1
160021,IDAHO,ID,1,0,1,65,0,CYPRESS,20,3,March,2010,7,Saturday,8,8,0,4,4,1040,43.88353056,-111.89733611,34,1,0,1,0,0,1,1
160022,IDAHO,ID,1,0,1,61,0,BELLWOOD,20,3,March,2010,7,Saturday,99,99,0,4,3,257,46.22545278,-116.06626389,35,1,0,1,0,0,1,0
160023,IDAHO,ID,1,0,1,19,790,CEDAR BLUFF,27,3,March,2010,7,Saturday,18,9,0,13,6,2,43.51511389,-112.04230833,33,1,0,1,0,0,1,1
160024,IDAHO,ID,1,0,3,5,0,BAKER HILL,26,3,March,2010,6,Friday,19,49,1,1,1,259,42.36303056,-112.21596389,18,1,0,10,0,0,1,0
160025,IDAHO,ID,1,0,5,53,830,ATMORE,29,3,March,2010,2,Monday,10,13,1,1,1,1675,42.69401667,-114.52233333,1,1,0,10,0,0,1,0
160026,IDAHO,ID,1,0,1,79,0,COURTLAND,29,3,March,2010,2,Monday,21,30,0,4,4,287,47.62495278,-115.88591389,34,2,0,10,0,0,1,0
160027,IDAHO,ID,1,0,1,55,688,ATTALLA,29,3,March,2010,2,Monday,18,5,0,14,6,169,47.77295000,-116.80812222,38,1,0,10,0,0,1,0
160028,IDAHO,ID,2,0,3,5,1430,BAKER HILL,19,3,March,2010,6,Friday,19,2,0,14,6,107,42.90500833,-112.41266111,12,1,0,1,0,0,1,0
160029,IDAHO,ID,1,0,1,85,0,BENTON,22,3,March,2010,2,Monday,16,36,0,4,4,130,45.08199167,-116.05079444,42,1,0,1,0,0,1,1
160030,IDAHO,ID,1,0,5,39,0,ANDALUSIA,2,4,April,2010,6,Friday,18,25,1,1,1,1189,42.96423889,-115.33304167,1,1,10,4,0,0,1,0
160031,IDAHO,ID,1,0,1,49,0,COLLINSVILLE,4,4,April,2010,1,Sunday,15,7,1,2,2,1201,46.33373611,-115.34637222,35,1,0,10,0,0,1,0