ST_CASE,State Name,State Abbreviation,VE_TOTAL,Pedestrains,Total_Persons_in_accident,COUNTY,CITY,City_County_Name,Calendar_DAY,MONTH,Month_Name,YEAR,DAY_WEEK,Day_Week_desc,HOUR,MINUTE,NHS_Desc,trafficway,ROUTE,MILEPT,LATITUDE,LONGITUD,First_Crash_event,Light_cond_desc,Weather_condition,WEATHER,SCH_BUS,Crash_cause,FATALS,DRUNK_DR
170005,ILLINOIS,IL,4,0,5,23,0,BLADON SPRINGS,5,1,January,2010,3,Tuesday,2,15,1,1,1,1581,39.42925833,-87.56731111,12,2,0,1,0,0,1,1
170006,ILLINOIS,IL,2,0,2,31,0,COFFEE,7,1,January,2010,5,Thursday,11,32,1,11,1,380,41.68639722,-87.78101944,24,1,0,4,0,0,1,0
170007,ILLINOIS,IL,2,0,5,121,0,BON AIR,7,1,January,2010,5,Thursday,8,2,1,1,1,1146,38.59988056,-88.96738611,34,1,0,4,0,0,2,0
170008,ILLINOIS,IL,2,0,4,51,0,CENTRAL,7,1,January,2010,5,Thursday,13,20,0,4,4,0,39.00562778,-88.95642778,12,1,0,1,0,0,1,0
170009,ILLINOIS,IL,2,0,7,49,2650,COLLINSVILLE,7,1,January,2010,5,Thursday,9,41,1,11,1,1581,39.10306111,-88.57388611,12,1,0,4,0,0,1,0
170010,ILLINOIS,IL,2,0,2,185,0,ANAKTUVUK PASS,10,1,January,2010,1,Sunday,18,35,1,2,3,723,38.32063611,-87.92138056,12,2,0,1,0,0,2,0
170011,ILLINOIS,IL,1,1,1,21,6700,CHILTON,23,1,January,2010,7,Saturday,23,21,0,14,3,5,39.39277500,-89.07941944,8,3,0,2,0,0,1,0
170012,ILLINOIS,IL,1,0,3,163,2610,AVERA,5,1,January,2010,3,Tuesday,17,19,0,16,6,0,38.62770000,-90.12050000,30,1,0,1,0,0,1,1
170013,ILLINOIS,IL,1,0,1,197,887,BUENA VISTA,11,1,January,2010,2,Monday,11,15,1,11,1,2658,41.67306111,-88.09096389,34,1,0,1,0,0,1,0
170014,ILLINOIS,IL,2,0,3,51,0,CENTRAL,13,1,January,2010,4,Wednesday,16,53,0,4,4,0,39.13250278,-89.13863611,12,5,0,1,0,0,1,0
170015,ILLINOIS,IL,2,0,4,167,0,ADRIAN,14,1,January,2010,5,Thursday,21,33,0,3,3,90,39.82868333,-89.75851111,12,2,0,1,0,0,1,0
170016,ILLINOIS,IL,1,0,1,75,0,BEAVERTON,31,1,January,2010,1,Sunday,7,48,0,6,4,0,40.85928056,-88.07185556,42,2,0,1,0,0,1,1
170017,ILLINOIS,IL,1,0,1,183,0,FORT STEWART,27,1,January,2010,4,Wednesday,19,16,0,15,4,0,40.20462500,-87.61532222,10,2,0,4,0,0,1,0
170018,ILLINOIS,IL,2,0,2,83,0,ARDMORE,21,1,January,2010,5,Thursday,18,20,0,2,3,71,39.10868611,-90.53884444,12,2,0,5,0,0,1,1
170019,ILLINOIS,IL,1,0,1,19,0,CEDAR BLUFF,15,1,January,2010,6,Friday,7,30,0,6,4,0,40.31795556,-87.98771111,34,4,0,8,0,0,1,0
170020,ILLINOIS,IL,1,0,1,19,0,CEDAR BLUFF,16,1,January,2010,7,Saturday,0,49,0,4,4,0,40.02544444,-88.45827222,34,2,0,8,0,0,1,1
170021,ILLINOIS,IL,1,1,1,19,1550,CEDAR BLUFF,22,1,January,2010,6,Friday,22,11,0,14,6,0,40.09812500,-88.25098611,8,3,0,5,0,0,1,1
170022,ILLINOIS,IL,2,0,2,75,0,BEAVERTON,16,1,January,2010,7,Saturday,4,14,1,1,1,2991,40.96373611,-87.92053056,12,2,0,1,0,0,1,0
170023,ILLINOIS,IL,2,0,5,31,140,COFFEE,24,1,January,2010,1,Sunday,16,1,1,13,3,413,41.67143611,-87.73896667,12,1,0,1,0,0,1,1
170024,ILLINOIS,IL,2,0,4,45,0,ARITON,25,1,January,2010,2,Monday,17,24,0,3,2,2603,39.60725833,-87.59461667,12,2,0,4,0,0,1,0
170025,ILLINOIS,IL,1,0,1,79,0,COURTLAND,24,1,January,2010,1,Sunday,21,50,0,6,5,0,39.06791389,-88.31658056,34,2,0,1,0,0,1,0
170026,ILLINOIS,IL,1,0,1,1,0,AUTAUGA,29,1,January,2010,6,Friday,16,50,0,4,4,0,39.78878611,-91.29561389,35,1,0,1,0,0,1,0
170027,ILLINOIS,IL,2,0,3,173,0,LAKELAND,17,1,January,2010,1,Sunday,19,20,0,4,4,0,39.62377500,-88.87743056,12,2,0,5,0,0,2,2
170029,ILLINOIS,IL,1,0,5,157,0,ARCADE,19,1,January,2010,3,Tuesday,10,21,0,3,3,410,38.19438056,-89.63877500,34,1,0,5,0,0,1,0
170030,ILLINOIS,IL,2,0,2,179,0,ALLENHURST,20,1,January,2010,4,Wednesday,7,20,0,13,3,988,40.49859722,-89.66390833,12,1,0,2,0,0,1,0
170031,ILLINOIS,IL,2,0,3,3,0,BALDWIN,20,1,January,2010,4,Wednesday,15,18,1,2,3,295,37.33175556,-89.41229444,12,1,0,5,0,0,1,0
170032,ILLINOIS,IL,1,0,1,31,850,COFFEE,3,1,January,2010,1,Sunday,0,0,1,13,6,157,41.66233333,-87.70498333,33,3,0,1,0,0,1,1
170033,ILLINOIS,IL,2,0,2,31,1670,COFFEE,2,1,January,2010,7,Saturday,14,10,0,14,6,15,41.68880278,-87.70072222,12,1,0,1,0,0,1,0
170034,ILLINOIS,IL,2,0,3,31,1670,COFFEE,7,1,January,2010,5,Thursday,21,7,0,15,6,78,41.75996389,-87.63052500,12,3,0,4,0,0,1,1
170035,ILLINOIS,IL,1,1,1,31,1670,COFFEE,8,1,January,2010,6,Friday,17,55,1,13,3,563,41.88858056,-87.74559167,8,3,0,1,0,0,1,0
170036,ILLINOIS,IL,1,0,2,31,1670,COFFEE,9,1,January,2010,7,Saturday,2,0,0,16,6,0,41.89873889,-87.74376944,42,2,0,1,0,0,1,1
170037,ILLINOIS,IL,1,1,1,113,840,COTTONTON,13,1,January,2010,4,Wednesday,17,25,1,13,6,239,40.45848611,-89.00405278,8,2,0,1,0,0,1,0
170038,ILLINOIS,IL,1,0,1,31,1670,COFFEE,13,1,January,2010,4,Wednesday,10,40,0,15,6,0,41.74269167,-87.55158333,30,1,0,1,0,0,1,1
170039,ILLINOIS,IL,2,0,4,183,2220,FORT STEWART,22,1,January,2010,6,Friday,11,30,0,14,6,0,40.16014444,-87.61935278,12,1,0,1,0,0,2,1
170041,ILLINOIS,IL,1,0,2,83,0,ARDMORE,30,1,January,2010,7,Saturday,3,53,0,4,4,0,39.04340278,-90.33669167,34,2,0,1,0,0,1,1
170043,ILLINOIS,IL,2,0,4,47,3590,BROWNS,15,2,February,2010,2,Monday,9,10,0,3,3,3,38.27680833,-87.99747222,12,1,0,99,0,0,1,0
170044,ILLINOIS,IL,2,0,3,93,0,BEAR CREEK,20,2,February,2010,7,Saturday,15,51,0,4,4,0,41.53048056,-88.27404722,12,1,0,1,0,0,1,1
170045,ILLINOIS,IL,1,0,1,143,550,CANEHILL,19,1,January,2010,3,Tuesday,3,8,0,14,6,0,40.65020833,-89.65201667,39,3,0,5,0,0,1,1
170046,ILLINOIS,IL,2,1,1,31,0,COFFEE,15,2,February,2010,2,Monday,23,55,1,11,1,435,41.63280556,-87.70872778,8,2,0,4,0,0,1,0
170047,ILLINOIS,IL,2,0,2,163,0,AVERA,27,1,January,2010,4,Wednesday,16,16,0,14,5,0,38.42465556,-89.95637778,12,1,0,4,1,0,1,1
170048,ILLINOIS,IL,1,1,1,201,5087,ANNETTE,1,3,March,2010,2,Monday,18,20,1,13,3,1239,42.34703056,-89.05010000,8,5,0,1,0,0,1,0
170049,ILLINOIS,IL,1,0,1,201,7460,ANNETTE,28,2,February,2010,1,Sunday,23,3,0,14,6,0,42.28176667,-89.09562500,38,3,0,1,0,0,1,1
170050,ILLINOIS,IL,1,0,1,63,0,BOLIGEE,4,3,March,2010,5,Thursday,0,47,0,14,4,0,41.34383611,-88.39671944,24,3,0,1,0,0,1,1
170051,ILLINOIS,IL,1,0,1,137,0,ALCO,4,3,March,2010,5,Thursday,16,20,0,6,6,0,39.78745278,-90.31319722,10,1,0,1,0,0,1,0
170053,ILLINOIS,IL,2,0,7,167,8220,ADRIAN,31,1,January,2010,1,Sunday,13,24,0,14,6,0,39.79405556,-89.68704167,12,1,0,1,0,0,1,2
170054,ILLINOIS,IL,1,0,2,43,740,BAILEYTON,18,1,January,2010,2,Monday,16,14,0,16,6,0,41.95196667,-87.93955833,42,1,0,1,0,0,2,0
170055,ILLINOIS,IL,2,0,2,31,6650,COFFEE,6,1,January,2010,4,Wednesday,13,40,1,13,2,432,42.12488611,-88.06638889,12,1,0,1,0,0,1,0
170056,ILLINOIS,IL,2,0,2,117,0,BIRMINGHAM,2,2,February,2010,3,Tuesday,21,48,0,3,3,1404,39.46379722,-89.78085278,12,2,0,1,0,0,2,0
170057,ILLINOIS,IL,1,0,2,21,0,CHILTON,5,2,February,2010,6,Friday,1,35,0,3,3,1210,39.57901667,-89.39705556,42,2,0,2,0,0,1,1
170058,ILLINOIS,IL,2,0,6,113,0,COTTONTON,5,2,February,2010,6,Friday,15,48,1,2,2,1659,40.74601389,-88.93174167,12,1,0,4,0,0,1,0
170059,ILLINOIS,IL,1,0,1,19,0,CEDAR BLUFF,5,2,February,2010,6,Friday,8,10,0,6,4,0,39.93718611,-88.25815278,24,1,0,3,0,0,1,0
170060,ILLINOIS,IL,4,0,4,197,0,BUENA VISTA,7,2,February,2010,1,Sunday,14,55,1,11,1,1425,41.55194722,-87.91268333,25,1,0,1,0,0,1,0
170061,ILLINOIS,IL,2,0,3,61,0,BELLWOOD,7,2,February,2010,1,Sunday,1,37,1,2,2,291,39.23092222,-90.39340556,12,2,0,1,0,0,1,2
170062,ILLINOIS,IL,2,0,3,117,0,BIRMINGHAM,10,2,February,2010,4,Wednesday,6,29,0,4,4,0,39.02515278,-90.06711944,12,4,0,1,0,0,1,0
170063,ILLINOIS,IL,3,0,7,19,0,CEDAR BLUFF,5,2,February,2010,6,Friday,17,54,1,1,1,1754,40.17782500,-88.33685833,12,2,0,4,0,0,1,1
170064,ILLINOIS,IL,1,0,2,95,0,ALBERTVILLE,7,2,February,2010,1,Sunday,1,1,0,6,4,0,40.72095000,-90.20341944,34,2,0,1,0,0,1,1
170065,ILLINOIS,IL,2,0,3,119,0,BELLAMY,16,2,February,2010,3,Tuesday,17,45,0,3,3,328,38.72901111,-89.69006667,12,2,0,1,0,0,1,1
170066,ILLINOIS,IL,2,0,2,137,0,ALCO,1,2,February,2010,2,Monday,9,28,0,4,4,0,39.67407222,-90.04095278,12,1,0,1,0,0,1,1
170067,ILLINOIS,IL,2,0,3,167,0,ADRIAN,4,2,February,2010,5,Thursday,18,59,0,4,4,0,39.67034722,-89.54571389,12,2,0,1,0,0,1,0
170068,ILLINOIS,IL,1,0,2,31,2330,COFFEE,9,2,February,2010,3,Tuesday,20,7,0,13,2,3918,42.05092500,-87.88684722,10,3,0,4,0,0,1,1
170069,ILLINOIS,IL,1,0,1,183,0,FORT STEWART,29,1,January,2010,6,Friday,19,13,0,16,6,0,40.19600278,-87.61273611,34,2,0,1,0,0,1,1
170070,ILLINOIS,IL,3,0,6,97,585,AXIS,20,2,February,2010,7,Saturday,9,58,0,14,3,116,42.44383889,-87.87616389,12,1,0,4,0,0,1,3
170071,ILLINOIS,IL,1,0,2,197,887,BUENA VISTA,10,1,January,2010,1,Sunday,1,52,0,16,6,0,41.70167500,-88.10700000,33,3,0,1,0,0,1,1
170072,ILLINOIS,IL,1,0,1,105,0,MARION,15,1,January,2010,6,Friday,7,50,0,6,4,0,41.11310000,-88.30426389,34,2,0,2,0,0,1,0
170073,ILLINOIS,IL,1,0,4,197,2035,BUENA VISTA,30,1,January,2010,7,Saturday,1,31,1,13,6,0,41.55869722,-88.12144722,42,3,0,1,0,0,4,1
170075,ILLINOIS,IL,4,0,5,31,3820,COFFEE,4,2,February,2010,5,Thursday,12,38,0,14,6,0,41.57171944,-87.69439444,12,1,0,1,0,0,1,0
170076,ILLINOIS,IL,2,0,4,201,0,ANNETTE,25,2,February,2010,5,Thursday,19,4,0,14,4,0,42.38806944,-88.95398611,12,2,0,1,0,0,1,0
170077,ILLINOIS,IL,1,0,2,27,0,ASHLAND,27,2,February,2010,7,Saturday,0,16,0,4,4,0,38.62548333,-89.53514722,1,2,0,1,0,0,2,1
170078,ILLINOIS,IL,1,0,1,31,1670,COFFEE,22,2,February,2010,2,Monday,5,6,1,13,2,198,41.95301944,-87.64476389,42,3,0,4,0,0,1,0
170079,ILLINOIS,IL,4,0,4,197,7491,BUENA VISTA,9,2,February,2010,3,Tuesday,8,27,0,13,3,365,41.61459722,-88.07650833,12,1,0,4,0,0,1,1
170080,ILLINOIS,IL,1,1,2,55,9190,ATTALLA,6,3,March,2010,7,Saturday,3,18,1,11,1,720,38.00285000,-88.93130000,8,2,0,1,0,0,1,0
170081,ILLINOIS,IL,2,0,4,197,0,BUENA VISTA,8,3,March,2010,2,Monday,17,7,0,15,6,0,41.51097778,-88.02353333,12,1,0,1,0,0,1,0
170082,ILLINOIS,IL,2,0,4,119,3550,BELLAMY,12,3,March,2010,6,Friday,16,28,1,13,3,1556,38.73654722,-90.13498056,12,1,0,2,0,0,2,1
170083,ILLINOIS,IL,1,0,3,75,0,BEAVERTON,6,3,March,2010,7,Saturday,16,21,1,1,1,2826,40.74509167,-88.00652500,1,1,0,1,0,0,1,0
170084,ILLINOIS,IL,2,0,4,31,1670,COFFEE,20,1,January,2010,4,Wednesday,7,53,0,14,6,0,41.83648333,-87.62188889,12,1,0,1,0,0,1,0
170085,ILLINOIS,IL,2,0,6,31,1670,COFFEE,1,2,February,2010,2,Monday,21,38,1,13,3,592,41.93060278,-87.74658611,12,3,0,1,0,0,3,1
170086,ILLINOIS,IL,1,1,1,31,1680,COFFEE,2,2,February,2010,3,Tuesday,22,0,0,15,6,0,41.50977500,-87.59700833,9,2,0,8,0,0,1,0
170087,ILLINOIS,IL,1,1,1,31,1670,COFFEE,2,2,February,2010,3,Tuesday,4,30,0,16,6,0,41.88206111,-87.62780556,8,2,0,1,0,0,1,0
170088,ILLINOIS,IL,1,0,2,31,1670,COFFEE,4,2,February,2010,5,Thursday,2,16,0,15,6,0,41.70006389,-87.60891389,21,3,0,1,0,0,2,1
170089,ILLINOIS,IL,2,0,2,91,5200,DAYTON,5,2,February,2010,6,Friday,10,33,0,13,3,98,41.23530556,-87.84151389,12,1,0,1,0,0,1,0
170090,ILLINOIS,IL,1,1,1,31,1670,COFFEE,9,2,February,2010,3,Tuesday,14,15,0,16,6,0,42.00795556,-87.66485833,8,1,0,3,0,0,1,0
170091,ILLINOIS,IL,1,1,2,31,1670,COFFEE,21,1,January,2010,5,Thursday,17,10,0,14,6,26,41.96826667,-87.72560556,8,3,0,2,0,0,1,0
170092,ILLINOIS,IL,1,0,2,31,1670,COFFEE,23,1,January,2010,7,Saturday,2,30,0,15,6,0,41.87691111,-87.74201944,30,3,0,1,0,0,1,1
170093,ILLINOIS,IL,1,0,2,135,9490,ASH FLAT,20,2,February,2010,7,Saturday,3,35,0,4,4,0,39.25016389,-89.35440278,10,2,0,1,0,0,1,0
170094,ILLINOIS,IL,2,0,2,89,9115,BROWNSBORO,13,1,January,2010,4,Wednesday,1,15,0,14,3,200,41.95246944,-88.30543333,12,2,0,1,0,0,1,1
170095,ILLINOIS,IL,2,0,2,31,1670,COFFEE,19,1,January,2010,3,Tuesday,2,26,1,13,6,279,41.95331389,-87.75674444,14,2,0,1,0,0,1,1
170096,ILLINOIS,IL,2,0,3,31,1670,COFFEE,10,1,January,2010,1,Sunday,19,20,0,14,6,35,41.75675556,-87.60537778,12,3,0,1,0,0,1,1
170097,ILLINOIS,IL,2,0,3,99,0,BEATRICE,20,1,January,2010,4,Wednesday,9,18,0,4,6,0,41.14897778,-88.98006389,12,1,0,1,0,0,1,0
170098,ILLINOIS,IL,1,0,1,31,3820,COFFEE,12,2,February,2010,6,Friday,15,7,0,14,6,73,41.56879167,-87.68115556,33,1,0,1,0,0,1,0
170099,ILLINOIS,IL,1,2,1,31,1670,COFFEE,16,2,February,2010,3,Tuesday,18,30,0,14,6,0,41.76061111,-87.66368611,8,3,0,1,0,0,1,1
170100,ILLINOIS,IL,1,0,1,55,0,ATTALLA,16,3,March,2010,3,Tuesday,7,26,0,3,3,68,37.97573611,-89.10932500,32,1,0,1,0,0,1,0
170101,ILLINOIS,IL,1,0,1,31,1670,COFFEE,7,3,March,2010,1,Sunday,4,10,1,13,6,123,41.85210833,-87.61420833,24,3,0,1,0,0,1,1
170102,ILLINOIS,IL,2,0,4,31,6240,COFFEE,20,2,February,2010,7,Saturday,4,10,1,13,3,253,41.95277222,-87.80725556,12,3,0,4,0,0,1,1
170103,ILLINOIS,IL,1,1,1,31,1670,COFFEE,23,2,February,2010,3,Tuesday,5,25,0,14,6,0,41.76881389,-87.64450278,8,3,0,4,0,0,1,0
170104,ILLINOIS,IL,1,1,1,31,1670,COFFEE,23,2,February,2010,3,Tuesday,17,4,0,15,6,30,41.87927222,-87.64403611,8,1,0,1,0,0,1,0
170105,ILLINOIS,IL,2,0,2,111,2100,GRAHAM,2,3,March,2010,3,Tuesday,13,13,0,13,3,108,42.24791389,-88.40359167,12,1,0,1,0,0,1,0
170106,ILLINOIS,IL,1,0,1,135,3010,ASH FLAT,10,3,March,2010,4,Wednesday,0,4,0,4,4,0,39.11764167,-89.28558889,35,2,0,2,0,0,1,0
170108,ILLINOIS,IL,1,0,2,63,0,BOLIGEE,15,3,March,2010,2,Monday,0,44,0,3,3,57,41.23149167,-88.25289444,42,2,0,1,0,0,1,1
170109,ILLINOIS,IL,2,0,2,89,0,BROWNSBORO,23,3,March,2010,3,Tuesday,7,35,1,11,1,517,42.08359167,-88.34173611,14,1,0,1,0,0,1,0
170110,ILLINOIS,IL,1,0,1,163,670,AVERA,26,3,March,2010,6,Friday,5,48,0,13,3,140,38.49485556,-89.97347222,42,2,0,1,0,0,1,1
170111,ILLINOIS,IL,2,0,4,119,0,BELLAMY,14,3,March,2010,1,Sunday,20,2,1,11,1,3,38.76213056,-90.15243611,12,3,0,1,0,0,1,0
170112,ILLINOIS,IL,2,0,3,91,0,DAYTON,28,3,March,2010,1,Sunday,18,53,0,4,4,0,41.19214444,-87.79914167,12,1,0,1,0,0,1,0
170113,ILLINOIS,IL,1,1,2,111,0,GRAHAM,18,3,March,2010,5,Thursday,18,28,0,6,6,0,42.44404167,-88.66767778,9,1,0,1,0,0,1,0
170114,ILLINOIS,IL,2,0,3,63,0,BOLIGEE,17,3,March,2010,4,Wednesday,7,0,0,6,5,0,41.44439167,-88.44283889,12,1,0,1,0,0,1,0
170115,ILLINOIS,IL,1,0,3,31,1670,COFFEE,9,3,March,2010,3,Tuesday,22,0,1,11,1,3567,41.71234444,-87.65250833,35,3,0,8,0,0,1,1
170117,ILLINOIS,IL,1,0,2,163,0,AVERA,19,3,March,2010,6,Friday,14,50,1,11,1,193,38.65331111,-90.03351667,35,1,0,1,0,0,1,0
170118,ILLINOIS,IL,2,0,2,163,0,AVERA,19,3,March,2010,6,Friday,18,30,0,14,3,62,38.54715000,-90.10050833,12,1,0,1,0,0,1,1
170119,ILLINOIS,IL,2,0,2,141,0,BEE BRANCH,17,2,February,2010,4,Wednesday,8,37,0,4,4,0,41.92158611,-89.21710000,12,1,0,1,0,0,1,0
170120,ILLINOIS,IL,1,2,1,115,5910,ASHVILLE,14,3,March,2010,1,Sunday,0,23,0,16,6,0,39.77031667,-88.87699722,19,3,0,2,0,0,1,1
170121,ILLINOIS,IL,1,0,1,31,1670,COFFEE,9,3,March,2010,3,Tuesday,4,13,0,15,6,11,41.99054167,-87.82251944,30,2,0,5,0,0,1,1
170122,ILLINOIS,IL,2,0,2,31,1670,COFFEE,13,3,March,2010,7,Saturday,0,39,0,15,6,0,41.90351389,-87.65841944,12,3,0,1,0,0,1,0
170123,ILLINOIS,IL,2,0,2,141,0,BEE BRANCH,8,1,January,2010,6,Friday,0,16,0,4,4,0,41.97743889,-89.31798333,12,2,0,3,0,0,1,0
170124,ILLINOIS,IL,1,0,2,43,0,BAILEYTON,29,1,January,2010,6,Friday,19,45,0,14,6,0,41.89696667,-88.04498889,30,2,0,8,0,0,1,1
170126,ILLINOIS,IL,1,1,1,31,6650,COFFEE,18,2,February,2010,5,Thursday,6,14,1,13,6,446,42.12052778,-88.04131111,8,3,0,1,0,0,1,0
170127,ILLINOIS,IL,3,0,5,201,7460,ANNETTE,1,3,March,2010,2,Monday,13,42,0,14,6,0,42.29677500,-88.99957222,12,1,0,1,0,0,1,0
170128,ILLINOIS,IL,3,0,3,197,0,BUENA VISTA,30,3,March,2010,3,Tuesday,11,30,0,14,2,1491,41.54758889,-88.01025278,12,1,0,1,0,0,1,0
170129,ILLINOIS,IL,1,1,1,31,1670,COFFEE,4,3,March,2010,5,Thursday,8,7,0,16,6,0,41.88650833,-87.66679722,8,1,0,1,0,0,1,0
170130,ILLINOIS,IL,2,0,2,173,0,LAKELAND,3,4,April,2010,7,Saturday,7,55,0,2,3,1051,39.40575000,-88.91579722,12,1,0,2,0,0,2,0
170131,ILLINOIS,IL,1,0,1,69,0,ASHFORD,1,4,April,2010,5,Thursday,20,5,0,6,6,0,37.55481667,-88.14039167,42,2,0,1,0,0,1,0
170132,ILLINOIS,IL,2,0,2,143,0,CANEHILL,18,3,March,2010,5,Thursday,10,12,0,3,3,888,40.82926111,-89.96597778,12,1,0,5,0,0,1,1
170133,ILLINOIS,IL,1,0,1,197,4910,BUENA VISTA,20,3,March,2010,7,Saturday,0,26,0,14,6,13,41.61185000,-88.05164444,34,2,0,1,0,0,1,1
170134,ILLINOIS,IL,1,3,1,59,0,FRANKLIN,24,3,March,2010,4,Wednesday,13,50,0,4,4,0,37.81584722,-88.16980000,9,1,0,1,0,0,1,0
170135,ILLINOIS,IL,1,0,1,197,4300,BUENA VISTA,6,4,April,2010,3,Tuesday,23,45,1,11,1,1322,41.51227778,-88.09439722,24,2,0,1,0,0,1,1
170136,ILLINOIS,IL,1,0,1,97,4650,AXIS,2,4,April,2010,6,Friday,10,44,1,13,2,264,42.20312500,-88.11147222,43,1,0,1,0,0,1,0
170137,ILLINOIS,IL,2,0,2,27,0,ASHLAND,8,4,April,2010,5,Thursday,20,31,1,2,2,435,38.61566389,-89.61460278,12,3,0,1,0,0,1,1
170138,ILLINOIS,IL,2,0,2,133,0,ARLEY,8,4,April,2010,5,Thursday,5,35,1,2,3,1146,38.25230556,-90.07428889,12,2,0,1,0,0,1,1
170139,ILLINOIS,IL,1,0,2,51,0,CENTRAL,4,4,April,2010,1,Sunday,1,32,1,2,2,1416,38.88556944,-89.08587500,34,2,0,1,0,0,2,1
170140,ILLINOIS,IL,1,0,2,31,8410,COFFEE,1,4,April,2010,5,Thursday,19,37,1,11,1,0,41.79356111,-87.81790556,24,3,0,1,0,0,2,0
170142,ILLINOIS,IL,1,1,5,31,1670,COFFEE,30,3,March,2010,3,Tuesday,16,39,0,14,6,0,41.89495278,-87.75194167,9,1,0,1,0,0,1,0
170143,ILLINOIS,IL,1,3,1,31,0,COFFEE,21,2,February,2010,1,Sunday,2,25,1,12,3,101,41.51739722,-87.57844722,8,2,0,1,0,0,1,0
170144,ILLINOIS,IL,1,1,1,163,8430,AVERA,30,3,March,2010,3,Tuesday,22,14,1,13,3,229,38.53712778,-89.98357222,8,3,0,1,0,0,1,0
170145,ILLINOIS,IL,1,1,1,31,1670,COFFEE,18,3,March,2010,5,Thursday,13,35,0,14,6,25,41.87403889,-87.66654722,8,1,0,1,0,0,1,0
170146,ILLINOIS,IL,1,2,1,31,1670,COFFEE,19,3,March,2010,6,Friday,14,52,0,14,6,13,41.85688056,-87.66615556,8,1,0,1,0,0,1,0
170147,ILLINOIS,IL,1,0,4,57,0,BANKSTON,3,4,April,2010,7,Saturday,19,24,0,6,6,0,40.65695278,-90.40864444,30,1,0,1,0,0,2,0
170148,ILLINOIS,IL,2,0,5,31,1670,COFFEE,1,4,April,2010,5,Thursday,2,40,1,13,6,126,41.86725556,-87.63923889,12,3,0,1,0,0,1,1
170149,ILLINOIS,IL,2,0,5,31,1670,COFFEE,15,3,March,2010,2,Monday,22,57,1,11,1,2870,41.81846389,-87.73948889,25,3,0,1,0,0,1,0
170150,ILLINOIS,IL,1,0,3,31,1670,COFFEE,21,2,February,2010,1,Sunday,22,30,1,13,3,493,41.78835278,-87.74138611,21,3,0,4,0,0,1,1
170151,ILLINOIS,IL,1,0,1,31,1670,COFFEE,2,4,April,2010,6,Friday,5,36,0,15,6,91,41.84339722,-87.65433611,43,3,0,1,0,0,1,0
170152,ILLINOIS,IL,2,0,2,199,0,ALVATON,12,4,April,2010,2,Monday,9,5,0,3,3,455,37.61627222,-88.98034167,12,1,0,1,0,0,1,0
170153,ILLINOIS,IL,1,0,1,31,1670,COFFEE,5,2,February,2010,6,Friday,0,40,0,14,6,0,41.88438056,-87.70530556,21,3,0,1,0,0,1,1
170154,ILLINOIS,IL,2,0,2,31,1670,COFFEE,7,2,February,2010,1,Sunday,6,50,1,13,6,0,41.96130833,-87.68868611,12,1,0,1,0,0,1,1
170155,ILLINOIS,IL,1,0,1,31,1670,COFFEE,13,2,February,2010,7,Saturday,2,45,0,14,6,0,41.93861667,-87.76404722,30,3,0,1,0,0,1,1
170156,ILLINOIS,IL,1,0,1,99,0,BEATRICE,13,4,April,2010,3,Tuesday,12,15,0,3,3,249,41.31042778,-88.93587222,34,1,0,1,0,0,1,0
170157,ILLINOIS,IL,1,0,1,191,0,CRESCENT,14,4,April,2010,4,Wednesday,4,30,1,1,1,951,38.26730278,-88.62605000,21,2,0,1,0,0,1,0
170158,ILLINOIS,IL,2,0,2,117,0,BIRMINGHAM,10,4,April,2010,7,Saturday,14,35,0,3,3,722,39.45458056,-89.99161389,12,1,0,1,0,0,1,0
170159,ILLINOIS,IL,1,0,5,67,0,ABBEVILLE,1,4,April,2010,5,Thursday,6,15,1,2,2,199,40.41453611,-91.01480000,34,2,0,1,0,0,2,0
170160,ILLINOIS,IL,2,0,4,31,6650,COFFEE,14,2,February,2010,1,Sunday,20,1,1,13,2,436,42.12486667,-88.05950278,12,2,0,1,0,0,1,0
170161,ILLINOIS,IL,2,0,5,105,0,MARION,28,3,March,2010,1,Sunday,15,20,0,3,3,1561,40.87757222,-88.30051944,12,1,0,1,0,0,2,0
170162,ILLINOIS,IL,2,0,2,167,8220,ADRIAN,8,4,April,2010,5,Thursday,7,28,1,13,3,1696,39.84334444,-89.64481111,12,1,0,1,0,0,1,0
170163,ILLINOIS,IL,1,0,1,15,0,ANNISTON,7,4,April,2010,4,Wednesday,5,16,0,3,3,972,41.97231667,-89.80544444,34,2,0,1,0,0,1,0
170164,ILLINOIS,IL,1,0,1,57,0,BANKSTON,1,4,April,2010,5,Thursday,19,42,0,6,4,0,40.55443056,-90.40402222,11,5,0,1,0,0,1,0
170165,ILLINOIS,IL,1,0,4,31,1670,COFFEE,6,3,March,2010,7,Saturday,2,0,1,13,6,0,41.79423333,-87.65185556,42,3,0,1,0,0,4,1
170167,ILLINOIS,IL,1,0,2,43,9250,BAILEYTON,29,3,March,2010,2,Monday,21,37,0,16,6,0,41.77469722,-87.96481944,3,2,0,1,0,0,1,0
170168,ILLINOIS,IL,1,0,1,35,0,BROOKLYN,5,4,April,2010,2,Monday,15,30,0,4,4,0,39.35273056,-88.24865833,34,1,0,1,0,0,1,0
170170,ILLINOIS,IL,2,0,2,89,0,BROWNSBORO,10,4,April,2010,7,Saturday,16,58,0,4,4,0,41.80775556,-88.52818333,12,1,0,1,0,0,1,0
170171,ILLINOIS,IL,2,0,3,89,0,BROWNSBORO,14,4,April,2010,4,Wednesday,13,50,1,13,3,1193,41.80096667,-88.46123333,12,1,0,1,0,0,2,0