ST_CASE,State Name,State Abbreviation,VE_TOTAL,Pedestrains,Total_Persons_in_accident,COUNTY,CITY,City_County_Name,Calendar_DAY,MONTH,Month_Name,YEAR,DAY_WEEK,Day_Week_desc,HOUR,MINUTE,NHS_Desc,trafficway,ROUTE,MILEPT,LATITUDE,LONGITUD,First_Crash_event,Light_cond_desc,Weather_condition,WEATHER,SCH_BUS,Crash_cause,FATALS,DRUNK_DR
170172,ILLINOIS,IL,2,0,3,203,0,BENSON,13,4,April,2010,3,Tuesday,8,13,1,2,2,1540,40.73526111,-89.15727778,12,1,0,1,0,0,1,0
170173,ILLINOIS,IL,2,0,3,31,512,COFFEE,8,4,April,2010,5,Thursday,16,15,0,13,3,72,42.12821944,-88.14294444,12,1,0,1,0,0,2,1
170174,ILLINOIS,IL,2,0,2,63,0,BOLIGEE,20,4,April,2010,3,Tuesday,6,41,0,14,2,1192,41.37076111,-88.47485833,12,1,0,1,0,0,1,0
170175,ILLINOIS,IL,1,0,1,169,0,BRADLEY,18,4,April,2010,1,Sunday,1,7,1,2,2,1142,40.24076944,-90.59378333,24,2,0,1,0,0,1,1
170176,ILLINOIS,IL,1,1,1,197,8270,BUENA VISTA,24,2,February,2010,4,Wednesday,18,9,0,14,6,0,41.46980000,-87.63365833,8,2,0,1,0,0,1,0
170177,ILLINOIS,IL,1,2,1,31,5044,COFFEE,28,2,February,2010,1,Sunday,2,18,0,14,6,49,41.52675556,-87.56615278,8,2,0,2,0,0,1,0
170178,ILLINOIS,IL,2,0,2,89,560,BROWNSBORO,20,3,March,2010,7,Saturday,3,40,1,13,4,0,41.86496389,-88.34037222,12,3,0,1,0,0,1,1
170179,ILLINOIS,IL,1,0,2,31,1670,COFFEE,12,4,April,2010,2,Monday,4,5,1,13,6,167,41.81034444,-87.68449167,31,3,0,1,0,0,1,1
170180,ILLINOIS,IL,2,0,2,31,1670,COFFEE,15,4,April,2010,5,Thursday,2,35,1,13,6,0,41.79289722,-87.75251389,12,3,0,1,0,0,1,0
170181,ILLINOIS,IL,2,0,6,111,2100,GRAHAM,10,4,April,2010,7,Saturday,23,47,0,15,6,0,42.21054167,-88.36442222,12,2,0,1,0,0,1,1
170182,ILLINOIS,IL,2,0,5,145,9350,BALD KNOB,17,4,April,2010,7,Saturday,11,10,0,3,3,187,37.98056667,-89.58701944,12,1,0,1,0,0,1,0
170183,ILLINOIS,IL,2,0,2,97,3670,AXIS,12,2,February,2010,6,Friday,8,43,1,13,3,82,42.38596389,-87.98101389,12,1,0,1,0,0,1,0
170184,ILLINOIS,IL,1,0,1,83,0,ARDMORE,1,4,April,2010,5,Thursday,18,56,0,2,3,165,39.11615278,-90.36988889,34,1,0,1,0,0,1,0
170185,ILLINOIS,IL,1,0,8,113,0,COTTONTON,18,4,April,2010,1,Sunday,10,44,1,1,1,1457,40.32701389,-89.15390833,7,1,0,1,0,0,1,0
170186,ILLINOIS,IL,2,2,2,43,4940,BAILEYTON,19,4,April,2010,2,Monday,20,16,1,13,3,821,41.86009167,-88.01738611,12,3,0,1,0,0,1,0
170187,ILLINOIS,IL,2,0,2,101,0,BOYLSTON,15,4,April,2010,5,Thursday,10,55,1,2,3,1125,38.81249167,-87.68471667,12,1,0,1,0,0,1,0
170188,ILLINOIS,IL,1,0,1,153,0,BONAIRE,16,4,April,2010,6,Friday,12,27,0,4,2,64,37.17009722,-89.19628056,23,1,0,1,0,0,1,0
170189,ILLINOIS,IL,3,0,3,69,0,ASHFORD,23,4,April,2010,6,Friday,4,20,0,3,3,115,37.52543611,-88.41428889,12,2,0,1,0,0,1,0
170190,ILLINOIS,IL,1,0,1,19,0,CEDAR BLUFF,30,4,April,2010,6,Friday,14,3,0,14,3,881,40.12028611,-88.31956389,1,1,1,6,0,0,1,0
170191,ILLINOIS,IL,2,0,2,19,1550,CEDAR BLUFF,29,4,April,2010,5,Thursday,22,44,1,13,2,1854,40.11261667,-88.25005556,12,3,0,1,0,0,1,1
170192,ILLINOIS,IL,1,0,1,197,0,BUENA VISTA,21,4,April,2010,4,Wednesday,11,6,1,11,1,0,41.51172222,-88.12128333,1,1,0,1,0,0,1,0
170193,ILLINOIS,IL,2,0,3,97,0,AXIS,1,5,May,2010,7,Saturday,2,35,1,11,1,180,42.25465556,-87.90124167,12,3,0,1,0,0,1,1
170194,ILLINOIS,IL,1,0,3,29,0,BORDEN SPRINGS,28,4,April,2010,4,Wednesday,15,58,1,11,1,1880,39.46263889,-88.32415556,31,1,0,1,0,0,1,0
170195,ILLINOIS,IL,1,1,2,119,7073,BELLAMY,11,4,April,2010,1,Sunday,17,34,0,16,6,0,38.72785278,-90.06696389,9,1,0,1,0,0,1,0
170197,ILLINOIS,IL,1,0,3,31,1670,COFFEE,5,5,May,2010,4,Wednesday,23,24,1,11,1,0,41.87583889,-87.68907222,1,3,0,1,0,0,1,1
170198,ILLINOIS,IL,1,0,1,111,0,GRAHAM,4,5,May,2010,3,Tuesday,22,1,0,15,4,0,42.28727778,-88.37369444,34,2,0,1,0,0,1,1
170200,ILLINOIS,IL,2,0,3,109,0,ANSLEY,29,3,March,2010,2,Monday,9,55,1,2,2,1215,40.33555278,-90.61935556,12,1,0,1,0,0,1,0
170201,ILLINOIS,IL,3,0,5,43,540,BAILEYTON,9,4,April,2010,6,Friday,18,36,1,13,3,308,41.94678056,-88.20806944,12,1,0,1,0,0,1,0
170202,ILLINOIS,IL,2,0,2,167,0,ADRIAN,21,4,April,2010,4,Wednesday,13,0,0,4,5,0,39.67490556,-89.92766667,12,1,0,1,0,0,1,0
170203,ILLINOIS,IL,1,0,1,167,0,ADRIAN,22,4,April,2010,5,Thursday,6,14,0,14,4,0,39.72052500,-89.67734167,53,2,0,99,0,0,1,1
170204,ILLINOIS,IL,3,0,2,31,9300,COFFEE,25,3,March,2010,5,Thursday,3,38,1,13,3,627,42.12426389,-87.93681389,12,3,0,1,0,0,1,1
170205,ILLINOIS,IL,1,0,5,127,0,BURNWELL,17,4,April,2010,7,Saturday,14,0,0,6,5,0,37.24963056,-88.83424722,1,1,0,1,0,0,3,1
170206,ILLINOIS,IL,1,0,2,81,0,AUBURN,10,4,April,2010,7,Saturday,12,30,0,6,4,0,38.22852778,-88.93424444,34,1,0,1,0,0,1,0
170207,ILLINOIS,IL,1,1,1,31,1670,COFFEE,18,4,April,2010,1,Sunday,20,25,0,15,6,0,41.78318056,-87.78146944,9,3,0,1,0,0,1,0
170208,ILLINOIS,IL,1,1,1,31,1670,COFFEE,20,4,April,2010,3,Tuesday,17,38,1,13,2,776,41.72162500,-87.63592222,8,1,0,1,0,0,1,0
170209,ILLINOIS,IL,2,0,6,109,5100,ANSLEY,4,5,May,2010,3,Tuesday,23,36,1,13,2,391,40.45883611,-90.67821667,12,3,0,1,0,0,1,0
170210,ILLINOIS,IL,1,1,1,167,8220,ADRIAN,6,5,May,2010,5,Thursday,22,28,0,13,6,58,39.84216944,-89.60438889,8,2,0,1,0,0,1,0
170211,ILLINOIS,IL,1,0,1,163,0,AVERA,3,5,May,2010,2,Monday,23,30,0,14,6,0,38.64950278,-89.87466667,41,2,0,99,0,0,1,1
170212,ILLINOIS,IL,2,0,2,75,0,BEAVERTON,28,4,April,2010,4,Wednesday,11,55,0,6,4,0,40.64823056,-88.04482500,12,1,0,1,0,0,1,0
170213,ILLINOIS,IL,5,0,5,31,1670,COFFEE,6,5,May,2010,5,Thursday,13,52,0,16,6,0,41.83891389,-87.71341389,12,1,0,1,0,0,1,0
170214,ILLINOIS,IL,1,0,1,95,0,ALBERTVILLE,19,4,April,2010,2,Monday,6,58,0,4,4,0,40.82755833,-90.29036389,31,1,0,1,0,0,1,0
170215,ILLINOIS,IL,2,0,4,99,0,BEATRICE,10,4,April,2010,7,Saturday,18,12,0,3,2,890,41.36052222,-88.99103333,12,1,0,1,0,0,1,1
170216,ILLINOIS,IL,1,0,1,31,1670,COFFEE,1,5,May,2010,7,Saturday,16,34,0,15,6,0,41.98676111,-87.69929722,1,1,0,1,0,0,1,1
170217,ILLINOIS,IL,1,1,1,31,1670,COFFEE,10,5,May,2010,2,Monday,10,4,0,15,6,0,41.81893889,-87.64455278,33,1,0,1,0,0,1,0
170218,ILLINOIS,IL,2,0,4,31,2890,COFFEE,6,5,May,2010,5,Thursday,20,57,0,16,6,0,41.71156389,-87.70521389,12,3,0,1,0,0,1,0
170219,ILLINOIS,IL,3,0,3,197,7491,BUENA VISTA,29,4,April,2010,5,Thursday,14,53,0,14,6,0,41.63999722,-88.08544444,12,1,0,1,0,0,1,1
170220,ILLINOIS,IL,1,0,1,161,0,DENTON,9,5,May,2010,1,Sunday,1,55,0,4,4,0,41.67807222,-90.28006667,34,2,0,1,0,0,1,1
170221,ILLINOIS,IL,1,0,1,183,0,FORT STEWART,11,5,May,2010,3,Tuesday,9,25,1,1,1,2028,40.12445556,-87.84433056,24,1,0,1,0,0,1,0
170222,ILLINOIS,IL,1,0,1,133,0,ARLEY,12,5,May,2010,4,Wednesday,1,5,0,13,3,9,38.43856389,-90.16724167,35,2,0,1,0,0,1,1
170223,ILLINOIS,IL,2,0,2,45,0,ARITON,13,5,May,2010,5,Thursday,9,12,0,4,4,0,39.64410278,-87.85322500,12,1,0,1,0,0,1,0
170224,ILLINOIS,IL,3,0,4,167,0,ADRIAN,11,5,May,2010,3,Tuesday,12,17,0,3,3,72,39.83255278,-89.77271944,12,1,0,1,0,0,1,0
170225,ILLINOIS,IL,1,0,1,91,0,DAYTON,8,5,May,2010,7,Saturday,12,0,1,11,1,3105,41.10134167,-87.83506111,18,1,0,1,0,0,1,0
170227,ILLINOIS,IL,2,0,5,197,0,BUENA VISTA,15,3,March,2010,2,Monday,11,52,1,2,4,0,41.32240833,-87.95899167,12,1,0,1,0,0,1,0
170228,ILLINOIS,IL,6,3,6,31,1670,COFFEE,7,5,May,2010,6,Friday,15,30,1,13,6,58,41.81409167,-87.70420833,12,1,0,1,0,0,1,1
170229,ILLINOIS,IL,3,0,3,31,6650,COFFEE,1,4,April,2010,5,Thursday,10,25,0,13,6,0,42.08499722,-88.07792778,12,1,0,1,0,0,1,0
170230,ILLINOIS,IL,1,0,1,75,0,BEAVERTON,10,5,May,2010,2,Monday,2,59,0,4,4,0,40.93032500,-87.88671111,34,2,0,1,0,0,1,1
170231,ILLINOIS,IL,1,0,1,31,1670,COFFEE,4,4,April,2010,1,Sunday,5,7,0,14,6,94,41.85146111,-87.73825278,33,3,0,1,0,0,1,1
170233,ILLINOIS,IL,3,0,3,21,0,CHILTON,5,5,May,2010,4,Wednesday,7,53,0,13,3,285,39.57493056,-89.25861667,12,1,0,1,0,0,1,0
170234,ILLINOIS,IL,2,0,6,31,1670,COFFEE,12,5,May,2010,4,Wednesday,23,28,0,15,6,0,41.87703056,-87.73045556,12,3,0,2,0,0,1,0
170235,ILLINOIS,IL,2,0,2,31,1670,COFFEE,3,5,May,2010,2,Monday,21,52,1,11,1,2918,41.84474444,-87.65331944,12,3,0,1,0,0,1,2
170236,ILLINOIS,IL,1,0,1,31,1670,COFFEE,7,4,April,2010,4,Wednesday,7,18,1,13,3,359,41.94592222,-87.83650833,16,1,0,2,0,0,1,0
170237,ILLINOIS,IL,1,0,2,43,2225,BAILEYTON,2,5,May,2010,1,Sunday,5,48,0,14,4,0,41.75708611,-87.95458611,30,4,0,1,0,0,2,1
170238,ILLINOIS,IL,1,1,1,43,9180,BAILEYTON,20,5,May,2010,5,Thursday,22,4,1,13,3,262,41.88509444,-88.19448611,8,2,0,1,0,0,1,0
170239,ILLINOIS,IL,3,0,5,179,2070,ALLENHURST,2,5,May,2010,1,Sunday,14,26,0,13,3,1110,40.63673056,-89.60813056,12,1,0,1,0,0,1,0
170241,ILLINOIS,IL,1,0,2,27,0,ASHLAND,22,5,May,2010,7,Saturday,16,32,0,4,4,0,38.67441667,-89.33753889,7,1,0,1,0,0,1,0
170242,ILLINOIS,IL,1,0,1,197,7000,BUENA VISTA,23,5,May,2010,1,Sunday,1,1,0,15,5,0,41.59518611,-88.22091667,52,3,0,1,0,0,1,1
170243,ILLINOIS,IL,1,0,2,125,570,BROOKWOOD,22,5,May,2010,7,Saturday,17,2,0,4,4,0,40.19221667,-90.13625000,1,1,0,1,0,0,1,0
170244,ILLINOIS,IL,1,1,3,197,4300,BUENA VISTA,3,4,April,2010,7,Saturday,15,26,0,14,6,0,41.53755000,-88.08665000,8,1,0,1,0,0,1,0
170245,ILLINOIS,IL,1,0,1,101,0,BOYLSTON,21,5,May,2010,6,Friday,12,5,0,3,3,935,38.69837778,-87.52276667,42,1,0,2,0,0,1,0
170246,ILLINOIS,IL,2,0,2,85,0,BENTON,23,5,May,2010,1,Sunday,20,30,0,4,4,0,42.49581111,-90.01633333,12,5,0,1,0,0,1,1
170248,ILLINOIS,IL,1,0,1,19,0,CEDAR BLUFF,22,5,May,2010,7,Saturday,10,8,1,1,1,2526,40.34176111,-88.16508056,44,1,0,1,0,0,1,0
170249,ILLINOIS,IL,2,0,2,131,0,ARLINGTON,29,4,April,2010,5,Thursday,7,28,0,3,3,106,41.20129167,-90.82480278,12,1,0,1,0,0,1,0
170250,ILLINOIS,IL,4,0,6,197,0,BUENA VISTA,2,5,May,2010,1,Sunday,15,13,0,15,6,0,41.52251389,-88.04306389,12,1,0,1,0,0,1,0
170251,ILLINOIS,IL,1,0,1,131,0,ARLINGTON,29,5,May,2010,7,Saturday,1,59,0,5,4,0,41.30347222,-90.51253889,38,2,0,1,0,0,1,1
170252,ILLINOIS,IL,2,0,3,183,0,FORT STEWART,26,5,May,2010,4,Wednesday,20,36,1,2,3,2303,40.48795556,-87.68933333,12,5,0,1,0,0,1,0
170253,ILLINOIS,IL,1,0,1,73,0,ARGO,12,5,May,2010,4,Wednesday,3,17,0,3,3,140,41.29518889,-90.12138611,34,2,0,1,0,0,1,1
170254,ILLINOIS,IL,2,0,2,103,0,DANVILLE,15,5,May,2010,7,Saturday,23,12,0,14,5,72,41.85127778,-89.50990556,12,2,0,1,0,0,1,1
170255,ILLINOIS,IL,2,0,3,25,0,BARLOW BEND,25,5,May,2010,3,Tuesday,21,48,1,2,2,988,38.65263889,-88.63525000,12,2,0,1,0,0,1,0
170256,ILLINOIS,IL,2,0,2,83,0,ARDMORE,29,5,May,2010,7,Saturday,13,12,0,2,3,152,39.11651111,-90.39400556,12,1,0,1,0,0,1,0
170257,ILLINOIS,IL,1,0,1,23,0,BLADON SPRINGS,26,5,May,2010,4,Wednesday,16,12,1,2,3,1477,39.31588889,-87.67285556,31,1,0,1,0,0,1,0
170258,ILLINOIS,IL,1,0,2,63,0,BOLIGEE,26,5,May,2010,4,Wednesday,20,57,0,6,6,0,41.28394167,-88.44929722,1,2,0,1,0,0,1,0
170259,ILLINOIS,IL,1,0,1,29,0,BORDEN SPRINGS,29,5,May,2010,7,Saturday,18,57,0,4,4,0,39.60127500,-88.29415833,35,1,0,1,0,0,1,1
170260,ILLINOIS,IL,1,0,1,201,0,ANNETTE,30,5,May,2010,1,Sunday,20,3,0,13,3,619,42.37569722,-89.07843611,1,5,0,1,0,0,1,1
170261,ILLINOIS,IL,1,0,3,195,0,CARLTON,26,5,May,2010,4,Wednesday,16,33,0,5,4,0,41.72890833,-89.92421667,34,1,0,1,0,0,1,0
170262,ILLINOIS,IL,2,0,2,137,0,ALCO,29,5,May,2010,7,Saturday,12,27,0,3,3,118,39.85153333,-90.22076667,12,1,0,1,0,0,1,0
170263,ILLINOIS,IL,1,0,2,197,8270,BUENA VISTA,10,5,May,2010,2,Monday,3,15,0,14,6,0,41.46976667,-87.64477500,42,2,0,1,0,0,1,1
170264,ILLINOIS,IL,9,0,21,29,0,BORDEN SPRINGS,31,5,May,2010,2,Monday,17,2,1,1,1,1926,39.52719722,-88.31324167,12,1,0,1,0,0,3,0
170265,ILLINOIS,IL,1,0,1,63,0,BOLIGEE,19,5,May,2010,4,Wednesday,16,55,0,4,4,0,41.29652500,-88.26658611,34,1,0,1,0,0,1,0
170266,ILLINOIS,IL,1,1,1,31,1670,COFFEE,12,5,May,2010,4,Wednesday,20,47,0,14,6,0,41.79860278,-87.60632778,8,3,0,2,0,0,1,0
170267,ILLINOIS,IL,2,0,3,119,0,BELLAMY,28,5,May,2010,6,Friday,11,6,1,11,1,620,38.66236667,-90.10081944,12,1,0,1,0,0,1,0
170268,ILLINOIS,IL,2,0,2,37,0,BRADFORD,27,5,May,2010,5,Thursday,12,44,0,6,5,0,41.77674444,-88.71522222,12,1,0,1,0,0,1,0
170269,ILLINOIS,IL,2,0,3,9,0,BLOUNT,22,5,May,2010,7,Saturday,15,40,0,6,4,0,39.90861667,-90.71870278,12,1,0,1,0,0,1,0
170270,ILLINOIS,IL,2,0,2,119,9550,BELLAMY,23,5,May,2010,1,Sunday,21,32,1,13,3,1642,38.85258333,-90.10352500,12,2,0,1,0,0,1,1
170271,ILLINOIS,IL,1,0,1,37,0,BRADFORD,15,5,May,2010,7,Saturday,21,2,0,16,5,0,41.65369167,-88.63341389,33,3,0,1,0,0,1,1
170272,ILLINOIS,IL,1,0,1,167,0,ADRIAN,28,5,May,2010,6,Friday,0,0,0,3,3,69,39.83114722,-89.76800000,34,2,0,1,0,0,1,1
170273,ILLINOIS,IL,1,0,1,197,0,BUENA VISTA,4,6,June,2010,6,Friday,13,24,0,14,2,1525,41.54873611,-87.94385000,42,1,0,1,0,0,1,0
170274,ILLINOIS,IL,1,0,1,143,0,CANEHILL,28,5,May,2010,6,Friday,6,0,0,6,4,0,40.80718611,-89.88968333,35,2,0,1,0,0,1,1
170275,ILLINOIS,IL,1,0,1,197,0,BUENA VISTA,10,3,March,2010,4,Wednesday,2,19,0,15,6,0,41.57868611,-88.18628611,42,2,0,2,0,0,1,1
170276,ILLINOIS,IL,1,1,1,167,8220,ADRIAN,18,5,May,2010,3,Tuesday,20,34,0,16,6,13,39.80488333,-89.66950278,8,3,0,1,0,0,1,1
170277,ILLINOIS,IL,1,1,1,111,1440,GRAHAM,13,5,May,2010,5,Thursday,22,55,1,13,2,3192,42.20994444,-88.24261667,8,3,0,1,0,0,1,0
170278,ILLINOIS,IL,3,1,4,31,1670,COFFEE,6,3,March,2010,7,Saturday,23,17,0,14,6,66,41.73653889,-87.61281389,8,3,0,1,0,0,1,1
170279,ILLINOIS,IL,1,0,1,197,4300,BUENA VISTA,21,5,May,2010,6,Friday,13,0,0,14,4,0,41.48389167,-88.09988056,32,1,0,1,0,0,1,0
170280,ILLINOIS,IL,1,1,2,19,8770,CEDAR BLUFF,16,5,May,2010,1,Sunday,20,20,0,14,6,0,40.11243611,-88.20949722,8,5,0,1,0,0,1,0
170281,ILLINOIS,IL,4,0,5,31,1670,COFFEE,9,3,March,2010,3,Tuesday,15,0,0,15,3,1084,41.98785000,-87.84647500,12,1,0,2,0,0,1,0
170282,ILLINOIS,IL,1,1,1,31,1670,COFFEE,27,3,March,2010,7,Saturday,19,49,1,13,6,205,41.65967222,-87.61851944,8,2,0,1,0,0,1,0
170283,ILLINOIS,IL,2,0,1,31,1670,COFFEE,31,3,March,2010,4,Wednesday,23,30,1,13,3,189,41.77711389,-87.80096389,14,3,0,99,0,0,1,1
170284,ILLINOIS,IL,3,0,4,31,1670,COFFEE,16,4,April,2010,6,Friday,19,30,0,14,6,0,41.77928889,-87.67635000,12,1,0,1,0,0,1,0
170285,ILLINOIS,IL,1,1,3,161,2580,DENTON,15,5,May,2010,7,Saturday,23,52,0,14,6,0,41.48976111,-90.46054722,8,2,0,1,0,0,1,0
170286,ILLINOIS,IL,1,0,1,31,1670,COFFEE,26,4,April,2010,2,Monday,20,30,1,13,6,126,41.86726667,-87.63855000,33,2,0,1,0,0,1,0
170287,ILLINOIS,IL,4,1,2,31,1670,COFFEE,29,5,May,2010,7,Saturday,5,47,0,15,6,0,42.00795556,-87.67003889,14,1,0,1,0,0,1,1
170288,ILLINOIS,IL,1,0,1,91,4380,DAYTON,7,6,June,2010,2,Monday,2,38,0,14,6,0,41.13327222,-87.83721111,21,3,0,1,0,0,1,1
170289,ILLINOIS,IL,2,0,6,91,0,DAYTON,6,6,June,2010,1,Sunday,18,2,0,6,5,0,41.26864167,-87.64508056,12,1,0,2,0,0,1,1
170290,ILLINOIS,IL,1,1,1,63,0,BOLIGEE,9,6,June,2010,4,Wednesday,16,16,0,6,6,0,41.25817778,-88.31801944,8,1,0,1,0,0,1,0
170291,ILLINOIS,IL,1,0,1,141,0,BEE BRANCH,15,5,May,2010,7,Saturday,17,53,0,4,4,0,42.12797778,-89.22154167,10,1,0,1,0,0,1,1
170292,ILLINOIS,IL,1,0,1,195,8280,CARLTON,2,6,June,2010,4,Wednesday,17,50,0,16,6,0,41.80250556,-89.70812778,5,1,0,1,0,0,1,0
170293,ILLINOIS,IL,2,0,2,89,0,BROWNSBORO,31,5,May,2010,2,Monday,13,55,1,13,3,1419,42.11071111,-88.44527500,12,1,0,1,0,0,1,0
170294,ILLINOIS,IL,2,0,2,111,0,GRAHAM,7,6,June,2010,2,Monday,15,54,1,2,2,108,42.35865000,-88.55795278,12,1,0,1,0,0,1,0
170296,ILLINOIS,IL,1,0,3,73,0,ARGO,29,5,May,2010,7,Saturday,23,58,0,4,4,0,41.32394167,-90.20088611,1,2,0,1,0,0,1,1
170297,ILLINOIS,IL,2,0,2,73,0,ARGO,6,5,May,2010,5,Thursday,16,35,0,4,4,0,41.49886389,-90.29126667,12,1,0,1,0,0,1,0
170298,ILLINOIS,IL,2,0,5,201,5000,ANNETTE,12,6,June,2010,7,Saturday,10,16,1,13,6,0,42.34243056,-89.02875278,12,1,0,2,0,0,1,0
170299,ILLINOIS,IL,2,0,5,19,0,CEDAR BLUFF,5,6,June,2010,7,Saturday,13,45,0,6,4,0,40.25420556,-88.07838056,12,1,0,1,0,0,1,0
170300,ILLINOIS,IL,1,1,1,7,710,BIBB,7,6,June,2010,2,Monday,18,32,0,14,6,0,42.25405278,-88.84801389,8,1,0,1,0,0,1,1
170301,ILLINOIS,IL,1,0,1,97,9090,AXIS,31,5,May,2010,2,Monday,18,39,0,16,6,0,42.25168333,-88.15930556,42,1,0,1,0,0,1,1
170302,ILLINOIS,IL,1,0,1,115,2250,ASHVILLE,26,5,May,2010,4,Wednesday,18,40,0,13,6,6,39.82391667,-88.96388889,30,1,0,1,0,0,1,1
170303,ILLINOIS,IL,2,0,2,31,1670,COFFEE,10,6,June,2010,5,Thursday,12,44,1,11,1,0,41.69281944,-87.59928889,33,1,0,1,0,0,1,0
170304,ILLINOIS,IL,2,0,2,1,0,AUTAUGA,4,6,June,2010,6,Friday,17,4,0,4,5,0,40.16810556,-91.22297500,12,1,0,1,0,0,1,1
170305,ILLINOIS,IL,1,0,2,163,1460,AVERA,13,6,June,2010,1,Sunday,17,37,1,1,1,168,38.62570556,-90.06778611,52,1,0,2,0,0,1,0
170306,ILLINOIS,IL,1,0,1,85,0,BENTON,22,5,May,2010,7,Saturday,21,14,0,6,5,0,42.41018056,-90.20217500,11,2,0,1,0,0,1,1
170307,ILLINOIS,IL,1,0,3,23,0,BLADON SPRINGS,9,6,June,2010,4,Wednesday,15,1,1,1,1,1574,39.42651944,-87.57933333,1,1,0,1,0,0,1,0
170308,ILLINOIS,IL,1,0,2,57,0,BANKSTON,22,5,May,2010,7,Saturday,0,42,0,6,4,0,40.32477500,-90.16215556,34,2,0,1,0,0,1,1
170309,ILLINOIS,IL,2,0,2,93,9630,BEAR CREEK,4,6,June,2010,6,Friday,18,35,1,13,3,1090,41.65838611,-88.44262500,12,1,0,1,0,0,1,2
170310,ILLINOIS,IL,2,0,2,31,0,COFFEE,15,4,April,2010,5,Thursday,15,50,1,13,5,151,42.10927222,-87.87650556,12,1,0,1,0,0,1,0
170311,ILLINOIS,IL,1,0,3,97,0,AXIS,2,5,May,2010,1,Sunday,2,58,0,16,5,0,42.39805278,-88.14563333,5,2,0,2,0,0,1,1
170312,ILLINOIS,IL,1,0,1,31,1670,COFFEE,26,2,February,2010,6,Friday,19,56,0,15,6,0,41.77151944,-87.71293333,21,3,0,1,0,0,1,0
170313,ILLINOIS,IL,1,1,8,31,1670,COFFEE,11,6,June,2010,6,Friday,21,15,1,13,6,19,41.72960278,-87.58504722,8,3,0,1,0,0,1,0
170314,ILLINOIS,IL,1,0,1,77,0,ANDERSON,8,6,June,2010,3,Tuesday,2,12,1,2,3,13,37.76410000,-89.44510000,11,2,0,1,0,0,1,0
170315,ILLINOIS,IL,1,0,2,141,0,BEE BRANCH,17,5,May,2010,2,Monday,3,49,0,5,4,0,42.06340833,-89.15705556,11,2,0,1,0,0,1,1
170316,ILLINOIS,IL,1,0,2,31,2719,COFFEE,13,6,June,2010,1,Sunday,19,40,1,13,3,1009,42.02576111,-87.96581667,1,5,0,8,0,0,2,1
170317,ILLINOIS,IL,1,0,2,31,8410,COFFEE,12,6,June,2010,7,Saturday,16,27,1,11,1,0,41.79640278,-87.81438611,52,1,0,1,0,0,1,1
170318,ILLINOIS,IL,1,1,1,199,3870,ALVATON,13,6,June,2010,1,Sunday,21,51,0,13,3,128,37.78878889,-89.02778056,8,3,0,1,0,0,1,0
170319,ILLINOIS,IL,2,0,4,31,7320,COFFEE,25,5,May,2010,3,Tuesday,20,41,0,14,3,3192,41.65570278,-87.64119167,12,5,0,1,0,0,2,0
170320,ILLINOIS,IL,2,0,2,77,0,ANDERSON,10,6,June,2010,5,Thursday,9,2,0,3,2,618,37.82342222,-89.22858611,12,1,0,1,0,0,1,0
170321,ILLINOIS,IL,5,0,3,31,1670,COFFEE,4,6,June,2010,6,Friday,9,18,0,14,6,0,41.78952222,-87.60611667,12,1,0,1,0,0,1,0
170322,ILLINOIS,IL,1,1,1,31,1670,COFFEE,5,5,May,2010,4,Wednesday,17,5,0,14,6,0,41.89593611,-87.67823611,8,1,0,1,0,0,1,0
170323,ILLINOIS,IL,1,0,2,143,0,CANEHILL,21,6,June,2010,2,Monday,17,34,1,2,2,1144,40.55546944,-89.78542778,5,1,0,1,0,0,1,0
170324,ILLINOIS,IL,1,0,2,31,5450,COFFEE,28,5,May,2010,6,Friday,19,58,0,14,6,15,41.91490833,-87.86465000,33,3,0,1,0,0,1,1
170326,ILLINOIS,IL,2,0,3,183,0,FORT STEWART,19,6,June,2010,7,Saturday,22,33,0,6,6,0,40.22098611,-87.56603889,12,2,0,1,0,0,1,2
170327,ILLINOIS,IL,1,0,2,163,2610,AVERA,19,6,June,2010,7,Saturday,22,3,0,15,6,3,38.61178611,-90.09780833,31,2,0,1,0,0,1,1
170329,ILLINOIS,IL,1,0,4,163,0,AVERA,23,6,June,2010,4,Wednesday,19,45,1,11,1,124,38.59917222,-89.98171389,1,1,0,1,0,0,1,1
170330,ILLINOIS,IL,2,0,3,31,1680,COFFEE,10,5,May,2010,2,Monday,15,13,0,16,6,7,41.51859444,-87.64852778,12,1,0,1,0,0,1,0
170331,ILLINOIS,IL,2,0,2,43,0,BAILEYTON,18,6,June,2010,6,Friday,15,30,1,13,3,327,41.70969722,-87.94505000,12,1,0,1,0,0,1,0
170332,ILLINOIS,IL,1,1,1,31,1670,COFFEE,12,6,June,2010,7,Saturday,22,55,0,16,6,0,41.91074167,-87.80380833,8,2,0,1,0,0,1,0
170334,ILLINOIS,IL,1,0,1,83,0,ARDMORE,11,6,June,2010,6,Friday,3,9,0,6,6,0,39.17431667,-90.30595278,35,2,0,1,0,0,1,1
170335,ILLINOIS,IL,1,0,1,43,0,BAILEYTON,26,6,June,2010,7,Saturday,13,51,1,13,3,1148,41.90292778,-88.08294444,25,1,0,1,0,0,1,1
170336,ILLINOIS,IL,1,0,1,179,0,ALLENHURST,1,7,July,2010,5,Thursday,11,0,0,6,6,0,40.61179722,-89.50310556,42,1,0,1,0,0,1,0
170337,ILLINOIS,IL,2,0,3,19,0,CEDAR BLUFF,30,6,June,2010,4,Wednesday,19,6,0,4,4,0,39.90829722,-88.23668333,12,1,0,1,0,0,1,0
170338,ILLINOIS,IL,1,0,1,31,0,COFFEE,10,6,June,2010,5,Thursday,23,25,1,11,1,3449,41.56656389,-87.74456389,44,3,0,1,0,0,1,0
170339,ILLINOIS,IL,1,1,1,31,1670,COFFEE,22,6,June,2010,3,Tuesday,18,45,0,14,6,0,41.75180556,-87.56135833,8,1,0,5,0,0,1,0