ST_CASE,State Name,State Abbreviation,VE_TOTAL,Pedestrains,Total_Persons_in_accident,COUNTY,CITY,City_County_Name,Calendar_DAY,MONTH,Month_Name,YEAR,DAY_WEEK,Day_Week_desc,HOUR,MINUTE,NHS_Desc,trafficway,ROUTE,MILEPT,LATITUDE,LONGITUD,First_Crash_event,Light_cond_desc,Weather_condition,WEATHER,SCH_BUS,Crash_cause,FATALS,DRUNK_DR
170340,ILLINOIS,IL,1,0,1,111,0,GRAHAM,2,7,July,2010,6,Friday,1,10,0,16,6,0,42.27375556,-88.32417778,34,2,0,1,0,0,1,1
170341,ILLINOIS,IL,1,1,3,31,0,COFFEE,30,5,May,2010,1,Sunday,21,25,1,13,2,1665,41.60366667,-87.72173056,8,2,0,1,0,0,1,0
170343,ILLINOIS,IL,2,0,4,59,0,FRANKLIN,28,6,June,2010,2,Monday,9,41,1,2,2,790,37.90908889,-88.35691111,12,1,0,1,0,0,1,0
170344,ILLINOIS,IL,1,0,1,197,8763,BUENA VISTA,16,4,April,2010,6,Friday,21,36,0,15,6,0,41.45633333,-87.72459167,10,3,0,1,0,0,1,0
170345,ILLINOIS,IL,1,0,1,97,8933,AXIS,21,6,June,2010,2,Monday,16,59,0,13,2,597,42.43979722,-87.93797778,42,1,0,1,0,0,1,1
170346,ILLINOIS,IL,1,0,1,31,1670,COFFEE,2,7,July,2010,6,Friday,2,10,1,11,1,0,41.78431389,-87.63045000,20,3,0,1,0,0,1,1
170347,ILLINOIS,IL,1,0,3,117,0,BIRMINGHAM,6,7,July,2010,3,Tuesday,0,40,0,6,6,0,39.26336944,-89.81086111,23,2,0,1,0,0,1,1
170348,ILLINOIS,IL,2,0,2,111,4625,GRAHAM,3,7,July,2010,7,Saturday,13,55,1,13,6,0,42.19036111,-88.33553333,12,1,0,1,0,0,1,1
170349,ILLINOIS,IL,1,0,1,87,0,ARMSTRONG,11,6,June,2010,6,Friday,11,44,1,1,1,199,37.37853056,-88.81770278,35,1,0,2,0,0,1,0
170350,ILLINOIS,IL,1,0,1,75,0,BEAVERTON,20,6,June,2010,1,Sunday,18,3,1,2,3,2434,40.67718889,-87.69089722,44,1,0,1,0,0,1,0
170351,ILLINOIS,IL,1,0,4,97,7550,AXIS,23,6,June,2010,4,Wednesday,17,29,0,14,4,0,42.33141667,-88.12248611,34,1,0,1,0,0,1,1
170353,ILLINOIS,IL,2,0,3,31,1670,COFFEE,3,7,July,2010,7,Saturday,3,50,1,11,1,2932,41.84720278,-87.62979722,12,3,0,1,0,0,1,2
170354,ILLINOIS,IL,1,0,3,127,0,BURNWELL,10,7,July,2010,7,Saturday,19,15,1,1,1,357,37.18279722,-88.68238611,1,1,0,1,0,0,2,0
170355,ILLINOIS,IL,1,1,1,43,9250,BAILEYTON,11,7,July,2010,1,Sunday,8,29,1,13,3,405,41.82099167,-87.95338889,9,1,0,1,0,0,1,0
170356,ILLINOIS,IL,1,0,3,21,0,CHILTON,27,5,May,2010,5,Thursday,19,13,0,13,3,287,39.57764722,-89.25571389,5,1,0,1,0,0,1,0
170357,ILLINOIS,IL,2,0,2,75,0,BEAVERTON,17,5,May,2010,2,Monday,18,20,0,6,4,0,40.58980278,-88.08053056,12,1,0,2,0,0,1,1
170358,ILLINOIS,IL,2,0,2,35,0,BROOKLYN,29,6,June,2010,3,Tuesday,7,45,0,4,2,1848,39.28505556,-88.46857222,12,1,0,1,0,0,2,0
170359,ILLINOIS,IL,2,0,5,143,0,CANEHILL,2,7,July,2010,6,Friday,17,0,1,1,1,857,40.74775556,-89.68618611,1,1,0,1,0,0,1,1
170360,ILLINOIS,IL,1,0,1,31,1670,COFFEE,26,6,June,2010,7,Saturday,3,27,0,16,6,0,41.68789722,-87.67083333,43,2,0,1,0,0,1,1
170361,ILLINOIS,IL,1,0,2,105,0,MARION,20,6,June,2010,1,Sunday,0,25,0,4,4,0,40.96450556,-88.72958889,52,2,0,1,0,0,1,1
170362,ILLINOIS,IL,3,0,1,31,1670,COFFEE,24,6,June,2010,5,Thursday,16,30,0,16,6,0,41.91318333,-87.76315556,42,1,0,1,0,0,1,1
170363,ILLINOIS,IL,1,0,2,31,1670,COFFEE,1,5,May,2010,7,Saturday,0,36,1,14,6,0,41.93891111,-87.74067222,30,3,0,2,0,0,1,0
170364,ILLINOIS,IL,1,0,1,31,1670,COFFEE,28,6,June,2010,2,Monday,4,44,0,14,3,3196,41.66148333,-87.64133056,30,4,0,1,0,0,1,1
170365,ILLINOIS,IL,1,0,2,165,0,HERNDON,1,7,July,2010,5,Thursday,1,36,0,3,3,330,37.78302778,-88.54006389,42,2,0,1,0,0,1,1
170366,ILLINOIS,IL,1,0,5,31,9380,COFFEE,28,6,June,2010,2,Monday,2,33,0,14,6,72,42.07625556,-87.68641111,33,3,0,1,0,0,2,1
170367,ILLINOIS,IL,2,0,3,5,0,BAKER HILL,26,6,June,2010,7,Saturday,15,38,0,4,4,0,39.02782222,-89.38853056,12,1,0,1,0,0,1,0
170368,ILLINOIS,IL,2,0,3,31,5410,COFFEE,8,7,July,2010,5,Thursday,22,27,1,13,6,323,41.89364444,-87.83458333,12,3,0,1,0,0,3,0
170369,ILLINOIS,IL,2,0,4,183,0,FORT STEWART,8,7,July,2010,5,Thursday,12,20,1,11,1,2154,40.11014722,-87.61765000,12,1,0,2,0,0,3,0
170371,ILLINOIS,IL,2,0,2,119,1910,BELLAMY,15,7,July,2010,5,Thursday,18,35,0,13,3,191,38.72185556,-90.00905556,12,1,0,1,0,0,1,1
170372,ILLINOIS,IL,1,0,1,179,0,ALLENHURST,13,7,July,2010,3,Tuesday,3,0,0,6,6,0,40.55358056,-89.59845000,32,2,0,1,0,0,1,0
170374,ILLINOIS,IL,1,0,3,87,0,ARMSTRONG,11,6,June,2010,6,Friday,23,59,1,1,3,51,37.55813889,-88.94488611,1,2,0,1,0,0,1,0
170375,ILLINOIS,IL,2,0,5,201,5000,ANNETTE,10,7,July,2010,7,Saturday,23,46,0,13,4,0,42.31809167,-89.03800833,12,3,0,1,0,0,1,1
170376,ILLINOIS,IL,2,0,2,21,0,CHILTON,29,6,June,2010,3,Tuesday,17,54,0,3,3,124,39.41369167,-89.46134167,12,1,0,1,0,0,1,1
170377,ILLINOIS,IL,1,0,1,19,0,CEDAR BLUFF,14,7,July,2010,4,Wednesday,5,30,0,3,2,1885,40.31290556,-88.00713889,34,4,0,5,0,0,1,0
170378,ILLINOIS,IL,2,0,5,31,1670,COFFEE,2,7,July,2010,6,Friday,22,55,0,14,6,0,41.75061944,-87.64526667,12,3,0,1,0,0,1,1
170379,ILLINOIS,IL,1,0,1,31,1670,COFFEE,2,6,June,2010,4,Wednesday,3,20,1,14,6,0,41.80880556,-87.65001944,30,3,0,2,0,0,1,1
170380,ILLINOIS,IL,1,0,1,57,0,BANKSTON,10,7,July,2010,7,Saturday,0,38,1,2,2,606,40.35643611,-90.36218333,11,2,0,1,0,0,1,0
170381,ILLINOIS,IL,1,0,1,89,9997,BROWNSBORO,5,7,July,2010,2,Monday,16,39,0,13,4,0,41.97096111,-88.42387500,34,1,0,1,0,0,1,1
170382,ILLINOIS,IL,1,0,3,43,9440,BAILEYTON,27,6,June,2010,1,Sunday,13,48,1,13,3,752,41.85715278,-88.15003333,42,1,0,1,0,0,1,0
170383,ILLINOIS,IL,2,0,3,31,1670,COFFEE,3,7,July,2010,7,Saturday,1,24,0,13,6,40,41.80939167,-87.61658333,12,3,0,1,0,0,1,1
170384,ILLINOIS,IL,2,0,2,37,0,BRADFORD,14,7,July,2010,4,Wednesday,8,53,0,3,3,485,41.90822500,-88.64787778,12,1,0,1,0,0,1,0
170385,ILLINOIS,IL,1,0,1,41,8740,BRANTLEY,12,7,July,2010,2,Monday,9,0,1,1,1,2110,39.78486111,-88.26446111,11,1,0,1,0,0,1,0
170386,ILLINOIS,IL,1,0,1,201,0,ANNETTE,18,7,July,2010,1,Sunday,22,45,0,6,4,0,42.45933889,-89.35156944,32,2,0,1,0,0,1,1
170387,ILLINOIS,IL,2,0,4,201,7460,ANNETTE,23,5,May,2010,1,Sunday,20,50,0,13,4,0,42.30429167,-88.97922500,12,2,0,1,0,0,1,0
170388,ILLINOIS,IL,1,0,1,201,0,ANNETTE,21,7,July,2010,4,Wednesday,16,20,0,15,4,0,42.39823611,-89.03556389,1,1,0,1,0,0,1,1
170389,ILLINOIS,IL,1,0,1,121,7730,BON AIR,30,5,May,2010,1,Sunday,8,59,1,13,2,778,38.62136389,-89.01226111,42,1,0,1,0,0,1,0
170390,ILLINOIS,IL,2,0,2,31,540,COFFEE,22,6,June,2010,3,Tuesday,7,59,1,13,2,1478,42.01506667,-88.22195556,12,1,0,1,0,0,1,0
170391,ILLINOIS,IL,1,1,1,97,9997,AXIS,11,7,July,2010,1,Sunday,20,54,1,13,3,187,42.42366667,-87.82569722,9,2,0,2,0,0,1,0
170394,ILLINOIS,IL,3,0,3,43,0,BAILEYTON,17,6,June,2010,5,Thursday,5,58,1,13,2,1852,41.73234167,-88.26173333,12,4,0,1,0,0,1,1
170395,ILLINOIS,IL,1,0,1,97,3679,AXIS,2,7,July,2010,6,Friday,20,16,1,13,3,249,42.34421667,-88.06134722,42,5,0,1,0,0,1,1
170396,ILLINOIS,IL,3,0,3,43,5980,BAILEYTON,2,7,July,2010,6,Friday,11,10,0,13,6,0,41.77909167,-88.10974167,12,1,0,1,0,0,1,0
170397,ILLINOIS,IL,1,0,1,111,0,GRAHAM,22,7,July,2010,5,Thursday,6,0,0,6,6,0,42.22604722,-88.50482222,1,2,0,1,0,0,1,1
170398,ILLINOIS,IL,2,0,2,201,0,ANNETTE,24,7,July,2010,7,Saturday,14,0,0,13,3,521,42.24067222,-89.10991389,34,1,0,1,0,0,1,0
170399,ILLINOIS,IL,1,1,1,197,0,BUENA VISTA,22,7,July,2010,5,Thursday,0,40,1,13,2,1507,41.40985000,-87.97739167,8,2,0,1,0,0,1,0
170400,ILLINOIS,IL,1,2,2,197,0,BUENA VISTA,23,7,July,2010,6,Friday,2,24,0,13,2,1557,41.35149722,-87.95966111,8,2,0,1,0,0,2,0
170401,ILLINOIS,IL,2,0,4,179,0,ALLENHURST,23,7,July,2010,6,Friday,20,0,1,13,2,1335,40.71766111,-89.53794167,12,1,0,1,0,0,1,0
170402,ILLINOIS,IL,1,0,2,31,0,COFFEE,24,7,July,2010,7,Saturday,12,39,1,11,1,1512,41.56122222,-87.75391389,1,1,0,1,0,0,1,0
170403,ILLINOIS,IL,1,0,1,157,0,ARCADE,11,7,July,2010,1,Sunday,3,27,0,6,5,0,38.03838611,-89.80198889,35,2,0,1,0,0,1,1
170404,ILLINOIS,IL,1,0,2,201,1650,ANNETTE,25,7,July,2010,1,Sunday,13,40,0,13,2,1013,42.23903611,-88.95261944,24,1,0,1,0,99,1,0
170405,ILLINOIS,IL,7,0,11,55,0,ATTALLA,15,7,July,2010,5,Thursday,14,1,1,11,1,658,38.12508889,-88.91183056,12,1,0,1,0,0,2,0
170406,ILLINOIS,IL,1,0,2,113,840,COTTONTON,12,6,June,2010,7,Saturday,12,8,1,13,2,176,40.47943889,-89.02891111,5,1,0,1,0,0,1,0
170407,ILLINOIS,IL,2,0,5,31,0,COFFEE,17,7,July,2010,7,Saturday,14,15,1,13,3,544,41.86171389,-87.74463889,12,1,0,1,0,0,1,0
170408,ILLINOIS,IL,1,0,3,31,1670,COFFEE,11,7,July,2010,1,Sunday,2,47,1,11,1,277,41.87581667,-87.68349444,25,3,0,1,0,0,1,1
170409,ILLINOIS,IL,1,0,1,115,0,ASHVILLE,2,7,July,2010,6,Friday,16,52,0,6,6,0,39.94927222,-88.97603889,52,1,0,1,0,0,1,0
170410,ILLINOIS,IL,2,0,4,97,0,AXIS,19,7,July,2010,2,Monday,19,53,1,12,3,293,42.34020000,-87.97839722,12,5,0,1,0,0,1,1
170411,ILLINOIS,IL,3,0,3,199,0,ALVATON,17,7,July,2010,7,Saturday,10,15,1,1,1,455,37.62745556,-88.98402222,12,1,0,1,0,0,1,1
170412,ILLINOIS,IL,1,0,1,201,0,ANNETTE,3,7,July,2010,7,Saturday,16,4,0,14,4,0,42.33220833,-89.11675833,1,1,0,1,0,0,1,0
170413,ILLINOIS,IL,1,0,1,93,0,BEAR CREEK,31,7,July,2010,7,Saturday,3,5,1,13,3,628,41.63318333,-88.40889167,34,2,0,1,0,0,1,1
170414,ILLINOIS,IL,2,0,2,43,0,BAILEYTON,29,7,July,2010,5,Thursday,21,13,0,14,4,0,41.93248333,-88.10105000,12,1,0,1,0,0,1,0
170415,ILLINOIS,IL,2,0,6,201,1650,ANNETTE,30,7,July,2010,6,Friday,12,53,0,13,2,1011,42.23892500,-88.95578333,12,1,0,1,0,0,1,0
170416,ILLINOIS,IL,1,1,1,135,0,ASH FLAT,29,7,July,2010,5,Thursday,20,40,0,4,6,98,39.51615000,-89.64594722,9,5,0,1,0,0,1,0
170417,ILLINOIS,IL,2,0,6,201,7460,ANNETTE,1,8,August,2010,1,Sunday,2,9,1,13,2,178,42.27013611,-89.08724444,12,3,0,1,0,0,1,2
170418,ILLINOIS,IL,1,0,2,31,1670,COFFEE,14,5,May,2010,6,Friday,15,31,0,16,6,0,41.91095556,-87.67382778,5,1,0,1,0,0,1,0
170419,ILLINOIS,IL,1,0,3,31,1670,COFFEE,3,5,May,2010,2,Monday,21,50,0,16,6,0,41.76624722,-87.57384444,10,3,0,1,0,0,1,1
170420,ILLINOIS,IL,2,0,2,167,0,ADRIAN,29,7,July,2010,5,Thursday,22,31,0,6,6,0,39.91039444,-89.57331389,12,2,0,1,0,0,1,0
170421,ILLINOIS,IL,2,0,4,179,2600,ALLENHURST,26,6,June,2010,7,Saturday,23,35,1,13,3,397,40.68563889,-89.50803056,12,3,0,1,0,0,1,0
170422,ILLINOIS,IL,3,0,4,189,5990,BONEVILLE,30,6,June,2010,4,Wednesday,10,25,1,2,3,891,38.33116944,-89.38093333,12,1,0,1,0,0,1,0
170423,ILLINOIS,IL,1,0,1,151,0,FLIPPEN,4,7,July,2010,1,Sunday,22,12,0,6,6,0,37.12120556,-88.44566389,1,2,0,1,0,0,1,1
170424,ILLINOIS,IL,1,0,2,19,0,CEDAR BLUFF,2,8,August,2010,2,Monday,13,10,0,4,4,0,40.17894444,-88.27729444,34,1,0,1,0,0,1,0
170425,ILLINOIS,IL,1,0,1,31,1670,COFFEE,21,6,June,2010,2,Monday,1,0,1,11,1,0,41.82446944,-87.72089444,24,3,0,1,0,0,1,0
170426,ILLINOIS,IL,1,0,1,105,0,MARION,2,7,July,2010,6,Friday,8,35,0,6,4,0,40.76203611,-88.24249167,23,1,0,1,0,0,1,0
170427,ILLINOIS,IL,2,0,3,73,0,ARGO,7,7,July,2010,4,Wednesday,13,38,0,4,2,264,41.42355278,-90.10115278,12,1,0,1,0,0,1,0
170428,ILLINOIS,IL,2,0,3,43,0,BAILEYTON,11,7,July,2010,1,Sunday,20,40,1,13,3,183,41.83013611,-88.13410556,12,2,0,2,0,0,1,0
170429,ILLINOIS,IL,2,0,2,139,0,CALION,25,7,July,2010,1,Sunday,19,32,0,3,3,299,39.52089167,-88.60849722,12,1,0,1,0,0,1,0
170430,ILLINOIS,IL,1,0,1,163,0,AVERA,23,7,July,2010,6,Friday,12,45,0,14,6,0,38.52853333,-90.22140278,34,1,0,1,0,0,1,1
170431,ILLINOIS,IL,1,0,1,31,6730,COFFEE,11,7,July,2010,1,Sunday,4,35,0,16,6,0,41.48101667,-87.69846111,33,3,0,1,0,0,1,1
170432,ILLINOIS,IL,1,0,2,161,7470,DENTON,30,7,July,2010,6,Friday,19,19,0,16,6,0,41.46868333,-90.54451111,42,1,0,1,0,0,1,0
170433,ILLINOIS,IL,1,1,1,111,0,GRAHAM,26,7,July,2010,2,Monday,0,15,1,13,3,156,42.33845000,-88.23093889,8,2,0,1,0,0,1,0
170434,ILLINOIS,IL,1,0,1,31,0,COFFEE,6,8,August,2010,6,Friday,1,36,1,11,1,3538,41.67255833,-87.66218611,35,3,0,1,0,0,1,1
170435,ILLINOIS,IL,1,0,1,93,0,BEAR CREEK,23,6,June,2010,4,Wednesday,17,21,0,14,3,33,41.61470000,-88.39304167,42,1,0,1,0,0,1,1
170436,ILLINOIS,IL,1,0,1,197,0,BUENA VISTA,14,7,July,2010,4,Wednesday,19,11,1,13,4,0,41.59430833,-88.17980000,24,1,0,1,0,0,1,0
170437,ILLINOIS,IL,2,0,4,27,0,ASHLAND,30,7,July,2010,6,Friday,17,4,0,3,3,1170,38.72282500,-89.37192778,12,1,0,1,0,0,1,1
170438,ILLINOIS,IL,1,1,1,19,1550,CEDAR BLUFF,5,8,August,2010,5,Thursday,1,57,1,13,3,905,40.11280556,-88.27251389,8,3,0,1,0,0,1,0
170439,ILLINOIS,IL,1,0,2,119,0,BELLAMY,7,8,August,2010,7,Saturday,11,50,0,6,4,0,38.88938333,-89.85728056,1,1,0,1,0,0,1,0
170440,ILLINOIS,IL,1,0,1,89,0,BROWNSBORO,15,7,July,2010,5,Thursday,21,24,0,13,3,300,42.08074167,-88.25836667,30,2,0,1,0,0,1,0
170441,ILLINOIS,IL,1,1,1,35,0,BROOKLYN,30,7,July,2010,6,Friday,12,55,1,1,1,1184,39.22257500,-88.23472778,8,1,0,1,0,0,1,0
170442,ILLINOIS,IL,1,0,2,107,0,CARROLLTON,1,8,August,2010,1,Sunday,3,5,0,6,4,0,40.06239722,-89.26808333,1,2,1,5,0,0,1,1
170443,ILLINOIS,IL,3,0,6,29,0,BORDEN SPRINGS,7,8,August,2010,7,Saturday,9,46,1,1,1,1923,39.52266667,-88.31329167,12,1,0,1,0,0,1,0
170444,ILLINOIS,IL,4,0,5,119,0,BELLAMY,9,8,August,2010,2,Monday,6,54,1,1,1,334,38.78656944,-89.65425833,12,1,0,1,0,0,2,0
170446,ILLINOIS,IL,1,0,1,85,0,BENTON,10,7,July,2010,7,Saturday,15,55,0,4,4,0,42.33745278,-90.39125833,1,1,0,1,0,0,1,0
170447,ILLINOIS,IL,2,0,1,31,4350,COFFEE,16,7,July,2010,6,Friday,19,9,0,16,6,0,41.76066944,-87.83082222,33,1,0,1,0,0,1,0
170448,ILLINOIS,IL,3,0,4,43,0,BAILEYTON,8,8,August,2010,1,Sunday,23,12,1,11,1,126,41.80648889,-88.14940000,12,2,0,1,0,0,2,0
170449,ILLINOIS,IL,2,1,2,201,7460,ANNETTE,3,6,June,2010,5,Thursday,1,40,0,14,6,0,42.22359167,-89.05255833,9,2,0,1,0,0,1,0
170450,ILLINOIS,IL,2,0,2,59,0,FRANKLIN,9,8,August,2010,2,Monday,11,22,1,2,3,1492,37.69498056,-88.13886944,12,1,0,1,0,0,1,0
170451,ILLINOIS,IL,1,0,2,49,0,COLLINSVILLE,10,8,August,2010,3,Tuesday,20,20,0,6,6,0,39.02859722,-88.78600278,1,1,0,1,0,0,1,0
170452,ILLINOIS,IL,2,0,2,111,0,GRAHAM,12,8,August,2010,5,Thursday,1,12,1,1,1,373,42.17036111,-88.59664167,12,2,0,1,0,0,1,0
170453,ILLINOIS,IL,3,1,2,95,0,ALBERTVILLE,10,8,August,2010,3,Tuesday,23,40,0,4,3,51,40.77926944,-90.05274722,14,2,0,2,0,0,1,0
170454,ILLINOIS,IL,2,0,2,201,0,ANNETTE,10,8,August,2010,3,Tuesday,12,26,0,2,5,0,42.26158889,-89.13585556,12,1,0,1,0,0,1,0
170455,ILLINOIS,IL,1,0,2,31,1670,COFFEE,29,7,July,2010,5,Thursday,0,52,0,14,6,0,41.77267222,-87.64460278,30,3,0,1,0,0,1,0
170456,ILLINOIS,IL,2,0,7,85,0,BENTON,31,7,July,2010,7,Saturday,18,39,0,3,2,110,42.45384444,-90.45821111,12,1,0,1,0,0,1,0
170457,ILLINOIS,IL,1,0,2,181,0,LINCOLN,31,7,July,2010,7,Saturday,22,5,0,2,3,290,37.45334444,-89.17273889,11,2,0,1,0,0,1,0
170458,ILLINOIS,IL,1,0,1,43,9355,BAILEYTON,1,8,August,2010,1,Sunday,8,57,0,16,6,0,41.75590000,-87.93865278,33,1,0,1,0,0,1,0
170459,ILLINOIS,IL,1,1,1,143,6850,CANEHILL,5,8,August,2010,5,Thursday,1,45,0,14,6,7,40.68663889,-89.62615278,8,2,0,1,0,0,1,1
170460,ILLINOIS,IL,1,1,1,31,1690,COFFEE,21,5,May,2010,6,Friday,23,48,1,13,2,699,41.71952500,-87.78471667,8,3,0,1,0,0,1,0
170461,ILLINOIS,IL,2,0,2,109,0,ANSLEY,13,8,August,2010,6,Friday,21,25,0,6,5,0,40.57191389,-90.53597500,12,2,0,1,0,0,1,2
170462,ILLINOIS,IL,1,0,1,43,5980,BAILEYTON,28,6,June,2010,2,Monday,23,46,0,16,6,0,41.80439722,-88.12605833,33,3,0,1,0,0,1,1
170463,ILLINOIS,IL,5,0,7,31,3820,COFFEE,18,6,June,2010,6,Friday,17,25,0,14,6,0,41.57173056,-87.69436389,12,5,0,2,0,0,1,0
170464,ILLINOIS,IL,1,0,1,103,0,DANVILLE,24,7,July,2010,7,Saturday,20,13,0,6,6,0,41.78860000,-88.98102778,35,5,0,1,0,0,1,1
170465,ILLINOIS,IL,1,0,1,161,0,DENTON,14,8,August,2010,7,Saturday,3,0,0,4,3,14,41.54916944,-90.31641389,1,2,0,2,0,0,1,1
170466,ILLINOIS,IL,2,0,4,123,0,ALEXANDER CITY,6,8,August,2010,6,Friday,11,27,0,4,4,0,41.07549444,-89.59219167,12,1,0,1,0,0,1,0
170467,ILLINOIS,IL,1,0,2,195,0,CARLTON,8,8,August,2010,1,Sunday,22,4,0,4,4,0,41.71658889,-90.14205000,35,2,0,1,0,0,2,1
170468,ILLINOIS,IL,3,0,4,31,7350,COFFEE,16,7,July,2010,6,Friday,13,30,1,13,3,277,41.82804167,-87.82883889,12,1,0,1,0,0,1,0
170471,ILLINOIS,IL,1,0,2,167,0,ADRIAN,13,8,August,2010,6,Friday,17,8,0,14,6,32,39.63269722,-89.64767500,38,1,0,1,0,0,1,1
170472,ILLINOIS,IL,1,0,1,163,670,AVERA,18,8,August,2010,4,Wednesday,18,18,0,13,3,0,38.49822778,-89.98528611,52,1,0,1,0,0,1,0
170473,ILLINOIS,IL,2,0,2,197,0,BUENA VISTA,19,8,August,2010,5,Thursday,9,20,1,11,1,3301,41.36426944,-87.80105000,12,1,0,1,0,0,1,0
170474,ILLINOIS,IL,2,0,2,201,7460,ANNETTE,4,7,July,2010,1,Sunday,2,46,0,14,3,1133,42.21310833,-89.07211667,12,3,0,1,0,0,1,1
170475,ILLINOIS,IL,1,0,1,31,2330,COFFEE,4,8,August,2010,4,Wednesday,8,8,0,14,6,119,42.03917778,-87.88333889,10,1,0,2,0,0,1,0
170476,ILLINOIS,IL,2,0,3,75,0,BEAVERTON,8,8,August,2010,1,Sunday,23,10,0,3,2,1936,40.88775278,-87.83097222,12,2,0,1,0,0,1,1
170477,ILLINOIS,IL,1,1,1,31,0,COFFEE,20,8,August,2010,6,Friday,1,24,1,11,1,3501,41.62291667,-87.68132778,8,2,0,1,0,0,1,0
170479,ILLINOIS,IL,1,0,1,39,0,ANDALUSIA,21,8,August,2010,7,Saturday,22,20,0,4,4,0,40.22400000,-88.74027500,34,2,0,1,0,0,1,1
170480,ILLINOIS,IL,1,0,2,31,1670,COFFEE,20,8,August,2010,6,Friday,13,20,1,11,1,0,41.76045278,-87.62523611,1,1,0,1,0,0,2,1
170481,ILLINOIS,IL,1,1,1,31,0,COFFEE,22,8,August,2010,1,Sunday,2,15,1,11,1,3442,41.55666944,-87.74332778,8,3,0,1,0,0,1,1
170482,ILLINOIS,IL,2,0,2,31,1670,COFFEE,23,8,August,2010,2,Monday,1,37,1,11,1,554,41.82734167,-87.63015556,12,3,0,1,0,0,1,1
170483,ILLINOIS,IL,2,0,3,191,0,CRESCENT,20,8,August,2010,6,Friday,12,12,0,4,4,0,38.60122778,-88.33088333,12,1,0,1,0,0,1,1
170484,ILLINOIS,IL,1,0,1,187,4530,DAHLONEGA,22,8,August,2010,1,Sunday,6,10,0,6,6,0,40.86561389,-90.75880556,34,1,0,1,0,0,1,1
170485,ILLINOIS,IL,1,0,1,31,2330,COFFEE,18,8,August,2010,4,Wednesday,15,46,0,16,6,0,41.99855556,-87.87250000,59,1,0,1,0,0,1,0
170486,ILLINOIS,IL,1,0,1,31,1670,COFFEE,15,8,August,2010,1,Sunday,5,0,1,13,2,145,41.88351667,-87.61552778,25,3,0,1,0,0,1,1
170487,ILLINOIS,IL,1,0,6,99,0,BEATRICE,15,8,August,2010,1,Sunday,19,49,0,6,6,0,41.23458611,-88.92735000,30,5,0,1,0,0,3,1
170488,ILLINOIS,IL,1,1,1,89,7640,BROWNSBORO,6,8,August,2010,6,Friday,7,20,1,13,3,173,41.91337500,-88.31553333,8,1,0,1,0,0,1,0
170489,ILLINOIS,IL,1,1,1,31,8340,COFFEE,9,8,August,2010,2,Monday,21,46,1,13,2,530,41.90628611,-87.88386667,9,3,0,1,0,0,1,0
170490,ILLINOIS,IL,1,0,1,173,0,LAKELAND,22,8,August,2010,1,Sunday,20,10,0,4,4,0,39.31686944,-88.56907778,11,2,0,1,0,0,1,1
170491,ILLINOIS,IL,1,1,1,167,8220,ADRIAN,8,8,August,2010,1,Sunday,3,37,0,14,6,0,39.78488333,-89.63100278,9,2,0,1,0,0,1,1
170492,ILLINOIS,IL,3,0,5,31,1670,COFFEE,13,8,August,2010,6,Friday,17,20,0,14,3,3219,41.69549167,-87.64243056,12,1,0,1,0,0,1,0
170493,ILLINOIS,IL,2,0,6,31,0,COFFEE,31,5,May,2010,2,Monday,14,0,0,14,5,51,41.49568056,-87.54141111,12,1,0,2,0,0,1,1
170494,ILLINOIS,IL,1,0,1,81,0,AUBURN,27,7,July,2010,3,Tuesday,11,32,0,6,5,0,38.47145000,-88.71383889,10,1,0,1,0,0,1,0
170495,ILLINOIS,IL,3,0,3,197,0,BUENA VISTA,19,8,August,2010,5,Thursday,16,58,1,1,1,3255,41.30241111,-87.82719722,12,1,0,1,0,0,1,0
170496,ILLINOIS,IL,3,0,3,31,2390,COFFEE,20,7,July,2010,3,Tuesday,18,30,1,13,3,104,41.62258333,-87.59420833,12,1,0,1,0,0,1,0
170497,ILLINOIS,IL,2,0,2,61,0,BELLWOOD,26,8,August,2010,5,Thursday,15,21,0,3,3,96,39.30231111,-90.43679722,12,1,0,1,0,0,1,1
170498,ILLINOIS,IL,2,0,3,201,0,ANNETTE,26,8,August,2010,5,Thursday,7,16,0,6,6,0,42.17324167,-89.01703333,12,1,0,1,1,0,1,0
170499,ILLINOIS,IL,2,0,2,197,0,BUENA VISTA,26,8,August,2010,5,Thursday,17,49,0,13,3,187,41.35403611,-87.77865833,12,1,0,1,0,0,1,0
170500,ILLINOIS,IL,1,0,1,55,0,ATTALLA,14,8,August,2010,7,Saturday,1,24,0,4,4,0,37.98549167,-89.11883056,1,2,0,1,0,0,1,1
170501,ILLINOIS,IL,2,0,2,49,0,COLLINSVILLE,22,8,August,2010,1,Sunday,11,37,0,3,6,35,38.96274444,-88.38114722,12,1,0,1,0,0,1,0
170502,ILLINOIS,IL,2,0,3,31,1670,COFFEE,23,8,August,2010,2,Monday,6,5,0,14,6,0,41.99031389,-87.78760556,12,1,0,1,0,0,1,0
170503,ILLINOIS,IL,2,0,2,201,0,ANNETTE,26,8,August,2010,5,Thursday,0,4,0,13,4,0,42.25332778,-88.98006111,12,3,0,1,0,0,1,1
170504,ILLINOIS,IL,1,0,2,141,0,BEE BRANCH,18,7,July,2010,1,Sunday,18,56,0,4,4,0,41.94087500,-89.09824167,34,1,0,1,0,0,1,1
170505,ILLINOIS,IL,1,0,1,119,0,BELLAMY,8,8,August,2010,1,Sunday,0,14,0,5,4,0,38.91800833,-89.66491667,1,2,0,1,0,0,1,1
170506,ILLINOIS,IL,2,0,3,97,0,AXIS,11,8,August,2010,4,Wednesday,19,11,1,13,3,58,42.30558611,-87.92829444,12,1,0,1,0,0,1,0
170507,ILLINOIS,IL,1,0,1,119,8820,BELLAMY,28,8,August,2010,7,Saturday,14,10,0,15,6,0,38.67878611,-90.16981111,33,1,0,1,0,0,1,0