ST_CASE,State Name,State Abbreviation,VE_TOTAL,Pedestrains,Total_Persons_in_accident,COUNTY,CITY,City_County_Name,Calendar_DAY,MONTH,Month_Name,YEAR,DAY_WEEK,Day_Week_desc,HOUR,MINUTE,NHS_Desc,trafficway,ROUTE,MILEPT,LATITUDE,LONGITUD,First_Crash_event,Light_cond_desc,Weather_condition,WEATHER,SCH_BUS,Crash_cause,FATALS,DRUNK_DR
170508,ILLINOIS,IL,2,0,3,35,0,BROOKLYN,11,8,August,2010,4,Wednesday,17,38,0,6,4,0,39.19305000,-88.34902500,12,1,0,1,0,0,1,0
170509,ILLINOIS,IL,1,1,2,201,0,ANNETTE,29,8,August,2010,1,Sunday,3,51,1,13,3,45,42.37015833,-88.94892222,8,2,0,1,0,0,1,0
170510,ILLINOIS,IL,1,0,1,167,0,ADRIAN,13,8,August,2010,6,Friday,19,9,0,4,4,0,39.79561111,-89.46840833,1,2,0,2,0,0,1,0
170511,ILLINOIS,IL,1,0,1,197,950,BUENA VISTA,13,8,August,2010,6,Friday,10,41,0,6,6,0,41.26038889,-88.24363056,1,1,0,1,0,0,1,0
170512,ILLINOIS,IL,2,0,4,137,0,ALCO,28,8,August,2010,7,Saturday,16,30,0,4,3,826,39.63704167,-90.08281667,12,1,0,1,0,0,1,0
170513,ILLINOIS,IL,1,0,1,67,0,ABBEVILLE,27,8,August,2010,6,Friday,2,30,0,3,3,48,40.62417222,-91.21090556,1,2,0,1,0,0,1,1
170514,ILLINOIS,IL,2,0,2,83,0,ARDMORE,31,8,August,2010,3,Tuesday,10,34,0,2,3,154,39.11642500,-90.38941111,12,1,0,1,0,0,1,0
170515,ILLINOIS,IL,1,0,1,97,0,AXIS,21,8,August,2010,7,Saturday,3,11,0,14,6,0,42.49067500,-88.17635556,34,2,0,5,0,0,1,1
170516,ILLINOIS,IL,1,0,1,151,0,FLIPPEN,31,8,August,2010,3,Tuesday,8,15,0,3,3,618,37.37996667,-88.59967222,42,1,0,1,0,0,1,0
170517,ILLINOIS,IL,1,0,2,31,2330,COFFEE,25,8,August,2010,4,Wednesday,16,44,0,14,6,3,42.03019444,-87.93329722,46,1,0,1,0,0,1,0
170518,ILLINOIS,IL,1,0,2,49,0,COLLINSVILLE,22,8,August,2010,1,Sunday,13,51,1,11,1,0,39.14501389,-88.53025556,32,1,0,1,0,0,1,0
170519,ILLINOIS,IL,2,1,4,97,0,AXIS,1,9,September,2010,4,Wednesday,22,9,0,14,4,0,42.36278889,-87.92703611,8,2,0,1,0,0,1,1
170520,ILLINOIS,IL,1,1,5,31,1670,COFFEE,29,8,August,2010,1,Sunday,21,9,1,11,1,579,41.79110556,-87.63066944,9,3,0,1,0,0,1,0
170521,ILLINOIS,IL,2,0,8,31,5040,COFFEE,4,9,September,2010,7,Saturday,4,23,1,13,3,269,41.81876389,-87.83328611,12,2,0,1,0,0,1,1
170522,ILLINOIS,IL,3,0,5,195,0,CARLTON,3,9,September,2010,6,Friday,21,15,1,2,3,416,41.91808611,-90.10981944,12,2,0,1,0,0,1,0
170523,ILLINOIS,IL,1,0,4,117,0,BIRMINGHAM,8,5,May,2010,7,Saturday,3,30,0,3,3,289,39.30379444,-90.07868611,34,2,0,1,0,0,1,1
170524,ILLINOIS,IL,1,0,1,31,0,COFFEE,18,8,August,2010,4,Wednesday,7,50,1,12,6,25,41.99378889,-88.07844722,1,1,0,1,0,0,1,0
170525,ILLINOIS,IL,1,0,2,109,0,ANSLEY,4,9,September,2010,7,Saturday,10,19,0,6,4,0,40.45623889,-90.77341944,34,1,0,1,0,0,1,0
170526,ILLINOIS,IL,1,0,1,97,3670,AXIS,7,9,September,2010,3,Tuesday,14,0,0,16,6,0,42.37890000,-87.89221389,30,1,0,1,0,0,1,1
170527,ILLINOIS,IL,4,0,3,19,0,CEDAR BLUFF,31,8,August,2010,3,Tuesday,13,50,1,1,1,1962,40.11994167,-87.96811944,12,1,0,1,0,0,1,0
170528,ILLINOIS,IL,3,0,3,77,0,ANDERSON,7,9,September,2010,3,Tuesday,14,34,1,2,2,495,37.65294167,-89.23374722,24,1,0,1,0,0,1,0
170530,ILLINOIS,IL,2,0,6,191,0,CRESCENT,3,9,September,2010,6,Friday,22,3,0,2,2,1060,38.28603056,-88.35157778,12,2,0,1,0,0,2,0
170531,ILLINOIS,IL,2,0,2,37,2280,BRADFORD,27,8,August,2010,6,Friday,20,27,0,14,6,0,41.91917778,-88.77374722,12,3,0,1,0,0,1,0
170532,ILLINOIS,IL,1,0,2,167,8220,ADRIAN,27,8,August,2010,6,Friday,2,59,0,16,6,0,39.80873611,-89.63300556,30,3,0,1,0,0,1,1
170533,ILLINOIS,IL,2,0,4,97,0,AXIS,12,8,August,2010,5,Thursday,1,26,0,14,4,0,42.42574167,-88.16862500,12,2,0,1,0,0,1,2
170534,ILLINOIS,IL,1,0,2,49,0,COLLINSVILLE,25,8,August,2010,4,Wednesday,14,7,0,3,3,206,39.10392222,-88.46743889,1,1,0,1,0,0,1,0
170535,ILLINOIS,IL,1,0,2,197,0,BUENA VISTA,4,9,September,2010,7,Saturday,13,17,1,11,1,2395,41.32786111,-88.19090833,1,1,0,1,0,0,1,0
170536,ILLINOIS,IL,2,0,2,111,0,GRAHAM,20,7,July,2010,3,Tuesday,23,24,1,13,3,199,42.26972222,-88.23764167,12,2,0,1,0,0,1,1
170537,ILLINOIS,IL,3,0,4,43,5980,BAILEYTON,10,8,August,2010,3,Tuesday,15,55,0,14,6,0,41.75863056,-88.18698611,12,1,0,1,0,0,1,0
170538,ILLINOIS,IL,1,0,3,31,1670,COFFEE,20,8,August,2010,6,Friday,19,22,1,11,1,1011,41.77272500,-87.61772222,25,5,0,1,0,0,1,0
170539,ILLINOIS,IL,1,0,1,157,0,ARCADE,21,8,August,2010,7,Saturday,6,18,0,6,6,0,38.16123056,-89.67385556,1,2,0,2,0,0,1,1
170540,ILLINOIS,IL,2,0,4,113,840,COTTONTON,21,8,August,2010,7,Saturday,18,52,1,13,6,272,40.47352500,-88.95266111,1,1,0,1,0,0,1,0
170541,ILLINOIS,IL,2,0,2,163,5260,AVERA,25,8,August,2010,4,Wednesday,18,56,0,3,3,321,38.25966944,-89.75873611,12,1,0,1,0,0,1,0
170543,ILLINOIS,IL,1,1,1,33,0,CHEROKEE,8,9,September,2010,4,Wednesday,18,27,1,2,3,1182,38.89533611,-87.68453889,8,1,0,1,0,0,1,0
170544,ILLINOIS,IL,3,0,5,197,0,BUENA VISTA,12,9,September,2010,1,Sunday,16,22,1,11,1,1417,41.54564167,-87.92818611,12,1,0,1,0,0,1,1
170547,ILLINOIS,IL,2,0,7,43,9180,BAILEYTON,12,9,September,2010,1,Sunday,2,51,1,13,3,254,41.87293333,-88.19477778,12,2,0,1,0,0,1,2
170548,ILLINOIS,IL,1,1,1,163,2610,AVERA,8,9,September,2010,4,Wednesday,20,59,0,15,6,0,38.60988611,-90.15713056,8,3,0,1,0,0,1,0
170549,ILLINOIS,IL,1,1,1,119,7073,BELLAMY,2,9,September,2010,5,Thursday,21,32,1,14,6,12,38.70808889,-90.07048889,8,2,0,2,0,0,1,0
170551,ILLINOIS,IL,2,0,2,5,0,BAKER HILL,13,9,September,2010,2,Monday,18,53,0,4,2,407,38.82868333,-89.52848333,12,1,0,1,0,0,1,0
170552,ILLINOIS,IL,1,0,1,11,0,BULLOCK,27,8,August,2010,6,Friday,19,27,0,4,2,588,41.36696944,-89.49892500,35,1,0,1,0,0,1,0
170553,ILLINOIS,IL,2,0,3,203,5640,BENSON,28,8,August,2010,7,Saturday,19,47,0,4,6,0,40.90977222,-89.03466389,12,5,0,1,0,0,1,0
170554,ILLINOIS,IL,1,0,4,95,0,ALBERTVILLE,30,8,August,2010,2,Monday,21,3,0,6,5,0,41.06696389,-90.20360556,34,2,0,1,0,0,1,0
170555,ILLINOIS,IL,1,0,1,163,0,AVERA,31,8,August,2010,3,Tuesday,16,19,0,4,4,0,38.39081667,-90.06353611,1,1,0,1,0,0,1,1
170556,ILLINOIS,IL,1,0,1,191,0,CRESCENT,9,9,September,2010,5,Thursday,6,30,0,3,3,1185,38.37476389,-88.21202500,11,4,0,1,0,0,1,0
170557,ILLINOIS,IL,2,0,2,157,0,ARCADE,14,9,September,2010,3,Tuesday,13,26,1,2,3,807,37.88517500,-89.78651111,12,1,0,1,0,0,1,0
170558,ILLINOIS,IL,1,0,1,203,0,BENSON,29,8,August,2010,1,Sunday,17,15,0,4,4,0,40.79154167,-89.42768056,24,1,0,1,0,0,1,1
170559,ILLINOIS,IL,4,0,6,119,0,BELLAMY,25,8,August,2010,4,Wednesday,15,15,0,14,5,0,38.93107222,-90.15235000,12,1,0,1,0,0,1,0
170560,ILLINOIS,IL,1,0,2,31,1670,COFFEE,15,8,August,2010,1,Sunday,1,55,1,11,1,606,41.75206111,-87.62500000,33,3,0,1,0,0,1,1
170561,ILLINOIS,IL,1,1,1,31,1670,COFFEE,2,9,September,2010,5,Thursday,23,31,0,15,6,19,41.74235556,-87.57285833,9,3,0,2,0,0,1,0
170562,ILLINOIS,IL,3,0,4,31,1670,COFFEE,4,9,September,2010,7,Saturday,18,13,0,14,6,0,41.75973889,-87.64428056,12,1,0,1,0,0,1,0
170563,ILLINOIS,IL,1,1,1,31,1670,COFFEE,5,9,September,2010,1,Sunday,9,42,0,15,6,12,42.00641944,-87.68074167,9,1,0,1,0,0,1,0
170564,ILLINOIS,IL,1,1,1,31,2330,COFFEE,6,9,September,2010,2,Monday,20,7,0,14,6,6,42.06376667,-87.90901389,9,2,0,1,0,0,1,0
170565,ILLINOIS,IL,2,0,1,45,0,ARITON,9,9,September,2010,5,Thursday,11,41,0,4,4,0,39.55584167,-87.65561667,38,1,0,1,0,0,1,0
170566,ILLINOIS,IL,2,0,2,31,0,COFFEE,12,9,September,2010,1,Sunday,2,58,1,11,1,478,41.57901111,-87.67520000,12,2,0,1,0,0,2,0
170567,ILLINOIS,IL,2,0,3,113,0,COTTONTON,14,9,September,2010,3,Tuesday,16,21,0,3,3,1616,40.47144722,-88.52595278,12,1,0,1,0,0,1,0
170568,ILLINOIS,IL,1,0,1,83,0,ARDMORE,19,9,September,2010,1,Sunday,2,36,0,4,4,0,39.03801111,-90.39938611,32,2,0,2,0,0,1,1
170570,ILLINOIS,IL,2,0,7,43,3416,BAILEYTON,5,9,September,2010,1,Sunday,9,25,1,13,3,1149,41.90295278,-88.08197500,12,1,0,1,0,0,1,0
170571,ILLINOIS,IL,1,0,1,203,0,BENSON,23,8,August,2010,2,Monday,0,56,0,4,3,71,40.83222222,-89.51574444,24,2,0,1,0,0,1,0
170572,ILLINOIS,IL,1,1,1,31,6240,COFFEE,31,8,August,2010,3,Tuesday,20,0,1,13,3,251,41.95271111,-87.80976111,9,3,0,1,0,0,1,0
170573,ILLINOIS,IL,1,1,1,31,5870,COFFEE,26,8,August,2010,5,Thursday,2,10,1,13,3,158,42.04820000,-87.96025556,9,3,0,1,0,0,1,0
170574,ILLINOIS,IL,2,0,3,31,4750,COFFEE,9,9,September,2010,5,Thursday,9,47,0,16,6,0,41.64507222,-88.02777222,12,1,0,1,0,0,1,0
170575,ILLINOIS,IL,2,0,6,161,5670,DENTON,6,8,August,2010,6,Friday,15,30,0,14,6,0,41.51402222,-90.49781667,12,1,0,1,0,0,1,0
170576,ILLINOIS,IL,1,0,3,31,1670,COFFEE,28,8,August,2010,7,Saturday,18,30,1,13,6,209,41.65911389,-87.61314167,30,1,0,1,0,0,1,0
170577,ILLINOIS,IL,1,0,5,31,1670,COFFEE,20,8,August,2010,6,Friday,1,20,0,14,3,3213,41.68689167,-87.64227222,33,3,0,1,0,0,2,0
170578,ILLINOIS,IL,1,1,1,31,1670,COFFEE,29,8,August,2010,1,Sunday,5,25,1,13,6,0,41.95973056,-87.68866667,8,3,0,1,0,0,1,1
170579,ILLINOIS,IL,3,0,4,31,1670,COFFEE,31,8,August,2010,3,Tuesday,13,47,0,14,6,10,41.93203611,-87.70741944,12,1,0,1,0,0,1,0
170580,ILLINOIS,IL,1,1,1,53,0,ATMORE,20,9,September,2010,2,Monday,6,9,0,3,3,1750,40.45739722,-88.29095556,9,2,0,1,0,0,1,0
170581,ILLINOIS,IL,1,0,1,29,0,BORDEN SPRINGS,21,9,September,2010,3,Tuesday,19,49,0,4,4,57,39.50688889,-88.26139167,1,2,0,1,0,0,1,1
170582,ILLINOIS,IL,1,0,2,89,460,BROWNSBORO,1,2,February,2010,2,Monday,21,0,0,16,6,0,41.77783056,-88.30229167,5,3,0,1,0,0,1,0
170583,ILLINOIS,IL,1,0,1,143,0,CANEHILL,9,8,August,2010,2,Monday,11,58,0,6,6,0,40.92421111,-89.71650278,21,1,0,1,0,0,1,1
170584,ILLINOIS,IL,1,0,1,143,0,CANEHILL,11,8,August,2010,4,Wednesday,12,34,0,15,4,0,40.75582222,-89.68676111,35,1,0,1,0,0,1,0
170585,ILLINOIS,IL,2,0,2,77,1350,ANDERSON,13,9,September,2010,2,Monday,15,44,1,13,3,870,37.72826944,-89.23732778,12,1,0,1,0,0,1,0
170588,ILLINOIS,IL,2,0,2,197,0,BUENA VISTA,21,9,September,2010,3,Tuesday,0,58,1,13,3,91,41.59118333,-88.06642778,12,2,0,1,0,0,1,1
170589,ILLINOIS,IL,3,0,3,55,0,ATTALLA,24,9,September,2010,6,Friday,7,31,1,11,1,732,38.01929444,-88.92566667,11,1,0,1,0,0,1,0
170590,ILLINOIS,IL,1,1,1,31,0,COFFEE,22,9,September,2010,4,Wednesday,20,12,1,11,1,568,42.06665833,-88.24948333,8,2,0,1,0,0,1,0
170591,ILLINOIS,IL,1,0,1,99,0,BEATRICE,17,9,September,2010,6,Friday,3,0,1,11,1,891,41.36888611,-88.85846389,34,2,0,1,0,0,1,0
170592,ILLINOIS,IL,1,0,1,89,460,BROWNSBORO,17,8,August,2010,3,Tuesday,19,37,0,16,6,0,41.75529444,-88.27707222,31,5,0,1,0,0,1,0
170593,ILLINOIS,IL,2,0,4,161,0,DENTON,26,9,September,2010,1,Sunday,17,36,1,2,2,1972,41.34216944,-90.57866111,12,1,0,1,0,0,1,0
170594,ILLINOIS,IL,2,0,2,161,2580,DENTON,28,8,August,2010,7,Saturday,19,31,1,13,3,383,41.51624444,-90.43317500,1,1,0,1,0,0,1,1
170595,ILLINOIS,IL,1,1,1,31,3100,COFFEE,14,9,September,2010,3,Tuesday,8,10,0,14,6,0,41.87961944,-87.80610278,8,1,0,1,0,0,1,0
170596,ILLINOIS,IL,2,0,3,197,0,BUENA VISTA,24,9,September,2010,6,Friday,20,44,0,13,3,187,41.35401944,-87.77860000,12,2,0,1,0,0,1,1
170597,ILLINOIS,IL,1,0,1,5,0,BAKER HILL,24,9,September,2010,6,Friday,8,41,1,1,1,419,38.83253611,-89.51676389,52,1,0,1,0,0,1,0
170598,ILLINOIS,IL,1,0,1,37,0,BRADFORD,17,9,September,2010,6,Friday,18,43,0,4,4,0,42.01391111,-88.76706389,34,1,0,1,0,0,1,1
170599,ILLINOIS,IL,2,0,2,141,0,BEE BRANCH,8,9,September,2010,4,Wednesday,10,23,0,3,3,316,42.05480833,-89.62686111,12,1,0,1,0,0,1,0
170600,ILLINOIS,IL,1,0,1,201,5000,ANNETTE,20,9,September,2010,2,Monday,0,9,1,13,3,0,42.32235278,-89.05793333,19,3,0,1,0,0,1,0
170601,ILLINOIS,IL,4,0,5,31,1670,COFFEE,9,8,August,2010,2,Monday,16,6,0,14,6,17,41.93766667,-87.83155000,12,1,0,1,0,0,1,0
170603,ILLINOIS,IL,2,0,2,163,0,AVERA,29,9,September,2010,4,Wednesday,13,59,0,3,3,82,38.33009444,-89.99507500,24,1,0,1,0,0,1,0
170604,ILLINOIS,IL,2,0,3,15,0,ANNISTON,13,8,August,2010,6,Friday,16,30,0,3,2,36,42.09932500,-90.11304444,12,1,0,2,0,0,1,0
170605,ILLINOIS,IL,1,0,4,31,0,COFFEE,15,8,August,2010,1,Sunday,18,8,0,14,5,10,41.55736944,-87.76336389,1,1,0,1,0,0,1,0
170606,ILLINOIS,IL,1,0,1,89,0,BROWNSBORO,2,10,October,2010,7,Saturday,11,18,1,11,1,1085,41.82341389,-88.47552778,24,1,0,1,0,0,1,0
170607,ILLINOIS,IL,1,1,1,105,0,MARION,29,9,September,2010,4,Wednesday,18,17,0,3,3,1413,40.88894444,-88.56672500,9,1,0,1,0,0,1,0
170608,ILLINOIS,IL,1,0,1,29,0,BORDEN SPRINGS,26,9,September,2010,1,Sunday,0,34,0,6,4,0,39.60820000,-88.40054444,21,2,0,2,0,0,1,1
170609,ILLINOIS,IL,1,0,1,189,0,BONEVILLE,3,10,October,2010,1,Sunday,17,3,1,1,1,367,38.47711667,-89.58023611,42,1,0,1,0,0,1,0
170610,ILLINOIS,IL,1,0,1,31,7502,COFFEE,27,9,September,2010,2,Monday,18,23,1,11,1,0,41.99153056,-87.86666667,31,1,0,1,0,0,1,0
170611,ILLINOIS,IL,1,1,1,29,0,BORDEN SPRINGS,2,10,October,2010,7,Saturday,0,47,1,11,1,1877,39.45998611,-88.32754722,8,2,0,1,0,0,1,0
170612,ILLINOIS,IL,2,0,2,165,0,HERNDON,5,10,October,2010,3,Tuesday,8,2,0,13,2,593,37.70444444,-88.57494167,12,1,0,1,0,0,1,0
170613,ILLINOIS,IL,1,0,1,175,0,CADWELL,21,7,July,2010,4,Wednesday,17,45,0,6,5,0,41.21120000,-89.85885278,38,1,0,1,0,0,1,1
170614,ILLINOIS,IL,1,1,1,37,8450,BRADFORD,12,9,September,2010,1,Sunday,1,7,0,13,3,887,41.96789444,-88.71885833,8,3,0,1,0,0,1,1
170615,ILLINOIS,IL,1,0,2,167,0,ADRIAN,21,9,September,2010,3,Tuesday,18,24,0,4,4,0,39.65260278,-89.92730556,34,1,0,1,0,0,1,0
170616,ILLINOIS,IL,3,0,3,31,1670,COFFEE,23,9,September,2010,5,Thursday,14,50,0,14,6,53,41.99716111,-87.77007500,12,1,0,1,0,0,1,0
170617,ILLINOIS,IL,2,0,2,197,0,BUENA VISTA,17,9,September,2010,6,Friday,7,29,0,15,4,0,41.49606944,-88.04203056,12,1,0,1,0,0,1,0
170618,ILLINOIS,IL,2,0,1,119,3760,BELLAMY,28,9,September,2010,3,Tuesday,15,38,1,13,3,1631,38.83699722,-90.09782222,14,1,0,1,0,0,1,0
170619,ILLINOIS,IL,2,0,7,187,0,DAHLONEGA,2,10,October,2010,7,Saturday,6,31,0,3,3,286,40.73038056,-90.51705000,12,4,0,2,0,0,1,0
170620,ILLINOIS,IL,1,1,1,31,1670,COFFEE,23,9,September,2010,5,Thursday,9,55,0,13,3,315,41.95405000,-87.68620556,8,1,0,1,0,0,1,0
170621,ILLINOIS,IL,1,0,1,133,0,ARLEY,2,9,September,2010,5,Thursday,2,26,0,4,4,0,38.19515556,-90.05270000,34,2,0,1,0,0,1,1
170622,ILLINOIS,IL,1,1,1,163,120,AVERA,29,9,September,2010,4,Wednesday,19,30,0,14,3,92,38.58502500,-90.11239444,8,3,0,1,0,0,1,0
170623,ILLINOIS,IL,1,0,1,157,0,ARCADE,6,10,October,2010,4,Wednesday,17,7,0,2,3,20,38.20331944,-89.95957500,34,1,0,1,0,0,1,1
170624,ILLINOIS,IL,2,1,2,43,2440,BAILEYTON,6,10,October,2010,4,Wednesday,19,21,1,13,3,229,41.83169167,-88.04586667,8,2,0,1,0,0,1,0
170625,ILLINOIS,IL,1,0,1,201,0,ANNETTE,6,10,October,2010,4,Wednesday,22,40,0,15,4,0,42.39810556,-89.03741389,11,2,0,1,0,0,1,1
170626,ILLINOIS,IL,1,1,1,121,0,BON AIR,8,9,September,2010,4,Wednesday,18,51,0,6,4,0,38.60534444,-89.11170556,8,1,0,1,0,0,1,0
170627,ILLINOIS,IL,1,0,1,143,0,CANEHILL,8,9,September,2010,4,Wednesday,12,3,0,6,4,0,40.80711111,-89.88973333,35,1,0,1,0,0,1,0
170628,ILLINOIS,IL,2,0,2,51,0,CENTRAL,8,10,October,2010,6,Friday,10,20,1,2,2,1394,38.85269167,-89.08795278,54,1,0,1,0,0,1,0
170629,ILLINOIS,IL,2,3,2,197,0,BUENA VISTA,9,10,October,2010,7,Saturday,6,58,1,11,1,2506,41.49052500,-88.19767778,12,1,0,1,0,0,1,0
170630,ILLINOIS,IL,3,0,3,31,1670,COFFEE,8,10,October,2010,6,Friday,23,40,1,11,1,590,41.77650833,-87.62865833,25,3,0,1,0,0,1,1
170631,ILLINOIS,IL,1,0,1,35,0,BROOKLYN,9,10,October,2010,7,Saturday,17,5,0,4,4,0,39.21860556,-88.24316389,24,1,0,1,0,0,1,1
170632,ILLINOIS,IL,1,0,3,125,0,BROOKWOOD,10,10,October,2010,1,Sunday,5,22,0,6,4,0,40.17098333,-89.87608333,35,2,0,1,0,0,2,1
170633,ILLINOIS,IL,1,0,1,55,0,ATTALLA,11,10,October,2010,2,Monday,0,52,0,6,6,0,37.99815000,-89.13725556,43,2,0,1,0,0,1,1
170634,ILLINOIS,IL,2,0,5,167,8220,ADRIAN,10,10,October,2010,1,Sunday,14,54,1,11,1,905,39.71963333,-89.64380556,12,1,0,1,0,0,1,0
170635,ILLINOIS,IL,2,0,4,177,0,LEE,3,10,October,2010,1,Sunday,3,57,0,4,4,0,42.41110000,-89.86039722,12,2,0,1,0,0,1,1
170636,ILLINOIS,IL,1,1,0,31,1670,COFFEE,19,6,June,2010,7,Saturday,14,51,0,16,8,0,41.95466389,-87.70804167,8,1,0,1,0,0,1,0
170637,ILLINOIS,IL,1,1,1,31,140,COFFEE,30,9,September,2010,5,Thursday,15,44,0,16,6,0,41.66934444,-87.71769722,9,1,0,1,0,0,1,0
170638,ILLINOIS,IL,2,0,2,43,5980,BAILEYTON,10,9,September,2010,6,Friday,17,54,0,14,4,0,41.77759167,-88.11580278,12,1,0,1,0,0,1,1
170639,ILLINOIS,IL,1,1,1,31,1670,COFFEE,24,7,July,2010,7,Saturday,3,15,1,11,1,595,41.76899444,-87.62562500,8,3,0,2,0,0,1,0
170640,ILLINOIS,IL,2,0,5,23,0,BLADON SPRINGS,9,10,October,2010,7,Saturday,23,11,1,2,3,1390,39.19411111,-87.67987778,12,2,0,1,0,0,2,1
170642,ILLINOIS,IL,3,0,3,89,2690,BROWNSBORO,10,9,September,2010,6,Friday,15,2,0,13,4,0,42.05831111,-88.32013333,12,1,0,1,0,0,1,0
170643,ILLINOIS,IL,2,0,2,157,1660,ARCADE,15,9,September,2010,4,Wednesday,19,40,1,13,3,854,37.93590556,-89.86462222,12,2,0,2,0,0,1,0
170644,ILLINOIS,IL,2,0,2,49,2650,COLLINSVILLE,24,9,September,2010,6,Friday,15,8,0,13,3,3,39.12566111,-88.55781944,12,1,0,1,0,0,1,0
170645,ILLINOIS,IL,1,0,1,31,1185,COFFEE,23,9,September,2010,5,Thursday,18,30,0,16,6,0,41.74938333,-87.75960000,42,5,0,1,0,0,1,0
170646,ILLINOIS,IL,2,0,2,89,0,BROWNSBORO,5,10,October,2010,3,Tuesday,14,34,0,2,3,674,42.08826389,-88.57862222,12,1,0,1,0,0,1,0
170647,ILLINOIS,IL,1,0,1,163,0,AVERA,7,10,October,2010,5,Thursday,23,42,0,6,4,0,38.26867500,-89.82043056,1,2,0,1,0,0,1,1
170648,ILLINOIS,IL,1,0,3,113,0,COTTONTON,19,8,August,2010,5,Thursday,8,20,0,6,6,0,40.40068333,-89.01802222,42,1,0,1,0,0,1,0
170650,ILLINOIS,IL,4,0,1,99,0,BEATRICE,12,9,September,2010,1,Sunday,18,47,0,6,6,0,41.49973611,-89.02185278,14,1,0,1,0,0,1,1
170651,ILLINOIS,IL,1,0,3,31,1670,COFFEE,30,7,July,2010,6,Friday,0,30,0,14,6,0,41.80820833,-87.69907778,33,3,0,1,0,0,3,1
170652,ILLINOIS,IL,1,0,1,21,0,CHILTON,17,10,October,2010,1,Sunday,2,33,0,4,4,115,39.70720833,-89.27042778,34,2,0,1,0,0,1,1
170653,ILLINOIS,IL,2,0,2,167,0,ADRIAN,14,10,October,2010,5,Thursday,17,37,1,1,2,1143,39.83904167,-89.41013889,12,1,0,1,0,0,1,1
170654,ILLINOIS,IL,2,0,3,39,0,ANDALUSIA,15,10,October,2010,6,Friday,18,0,0,6,6,0,40.07675833,-88.14972222,12,1,0,1,0,0,1,0
170655,ILLINOIS,IL,2,0,2,7,0,BIBB,30,9,September,2010,5,Thursday,4,1,0,13,2,1097,42.24330833,-88.78975000,12,2,0,1,0,0,1,1
170656,ILLINOIS,IL,2,0,2,31,1670,COFFEE,7,10,October,2010,5,Thursday,17,54,1,13,3,191,41.78092778,-87.80107778,12,1,0,1,0,0,1,0
170657,ILLINOIS,IL,2,0,5,27,1510,ASHLAND,9,10,October,2010,7,Saturday,19,14,0,13,3,527,38.53399722,-89.17521389,12,3,0,1,0,0,1,1
170658,ILLINOIS,IL,1,1,1,31,6240,COFFEE,3,10,October,2010,1,Sunday,22,3,1,13,3,253,41.95276944,-87.80725556,8,3,0,1,0,0,1,0
170659,ILLINOIS,IL,3,0,4,107,0,CARROLLTON,15,10,October,2010,6,Friday,15,22,1,1,1,1326,40.18593056,-89.31318333,12,1,0,1,0,0,1,0
170660,ILLINOIS,IL,2,0,2,31,512,COFFEE,15,10,October,2010,6,Friday,8,20,1,13,3,165,42.13136944,-88.22523611,12,1,0,1,0,0,1,0
170661,ILLINOIS,IL,1,0,2,119,3550,BELLAMY,17,10,October,2010,1,Sunday,22,20,1,13,3,8,38.70330000,-90.10810278,34,3,0,1,0,0,2,1
170662,ILLINOIS,IL,4,0,8,31,1670,COFFEE,15,8,August,2010,1,Sunday,6,40,0,14,6,94,41.92432500,-87.73899722,12,1,0,1,0,0,1,1
170663,ILLINOIS,IL,2,0,6,31,1670,COFFEE,15,8,August,2010,1,Sunday,12,28,0,14,6,0,41.97433056,-87.66959444,12,1,0,1,0,0,1,0
170664,ILLINOIS,IL,2,0,2,31,1670,COFFEE,5,9,September,2010,1,Sunday,10,58,0,14,6,0,41.77983611,-87.64002500,33,1,0,1,0,0,1,0
170665,ILLINOIS,IL,1,1,1,31,1670,COFFEE,6,9,September,2010,2,Monday,20,30,0,16,6,6,41.72940833,-87.55487778,8,3,0,5,0,0,1,0
170666,ILLINOIS,IL,2,0,3,119,9550,BELLAMY,22,9,September,2010,4,Wednesday,11,26,0,13,3,199,38.86649444,-90.06772500,12,1,0,1,0,0,1,0
170667,ILLINOIS,IL,1,0,1,203,0,BENSON,11,10,October,2010,2,Monday,15,26,0,4,4,0,40.80118889,-89.27379722,51,1,0,1,0,0,1,0
170669,ILLINOIS,IL,2,0,2,143,0,CANEHILL,18,10,October,2010,2,Monday,12,47,1,1,1,861,40.74480278,-89.67634722,12,1,0,1,0,0,1,0
170670,ILLINOIS,IL,2,0,2,31,0,COFFEE,20,8,August,2010,6,Friday,14,25,1,13,2,519,41.92181667,-87.88433333,12,1,0,1,0,0,1,0
170671,ILLINOIS,IL,2,0,2,89,0,BROWNSBORO,4,10,October,2010,2,Monday,8,45,0,4,4,0,42.04581944,-88.41110278,12,1,0,1,0,0,1,0
170672,ILLINOIS,IL,1,0,1,183,0,FORT STEWART,9,10,October,2010,7,Saturday,8,44,0,15,5,0,40.12673611,-87.65892500,1,1,0,1,0,0,1,1
170674,ILLINOIS,IL,1,1,1,97,4958,AXIS,29,9,September,2010,4,Wednesday,0,37,0,13,3,808,42.17583889,-87.98923611,8,2,0,1,0,0,1,0