ST_CASE,State Name,State Abbreviation,VE_TOTAL,Pedestrains,Total_Persons_in_accident,COUNTY,CITY,City_County_Name,Calendar_DAY,MONTH,Month_Name,YEAR,DAY_WEEK,Day_Week_desc,HOUR,MINUTE,NHS_Desc,trafficway,ROUTE,MILEPT,LATITUDE,LONGITUD,First_Crash_event,Light_cond_desc,Weather_condition,WEATHER,SCH_BUS,Crash_cause,FATALS,DRUNK_DR
170675,ILLINOIS,IL,1,0,6,143,6850,CANEHILL,19,8,August,2010,5,Thursday,17,48,0,15,4,0,40.77514722,-89.68918611,42,1,0,1,0,0,1,0
170676,ILLINOIS,IL,2,0,2,145,0,BALD KNOB,9,10,October,2010,7,Saturday,5,49,1,2,3,742,38.11686389,-89.39076389,12,4,0,1,0,0,1,0
170677,ILLINOIS,IL,1,0,1,31,8620,COFFEE,9,10,October,2010,7,Saturday,18,43,0,15,6,0,41.59103889,-87.81332500,33,1,0,1,0,0,1,1
170678,ILLINOIS,IL,2,0,2,31,1670,COFFEE,10,10,October,2010,1,Sunday,23,35,1,13,2,197,41.95052500,-87.64437222,12,3,0,1,0,0,1,1
170679,ILLINOIS,IL,1,0,1,195,0,CARLTON,13,10,October,2010,4,Wednesday,1,1,0,6,6,0,41.81538611,-90.08583056,1,2,0,1,0,0,1,1
170680,ILLINOIS,IL,2,0,2,99,0,BEATRICE,20,10,October,2010,4,Wednesday,11,30,0,4,4,0,41.41161944,-89.01036111,12,1,0,1,0,0,1,0
170681,ILLINOIS,IL,2,0,3,19,0,CEDAR BLUFF,23,10,October,2010,7,Saturday,18,53,1,1,1,2277,40.01466667,-88.30377500,12,2,0,1,0,0,1,0
170682,ILLINOIS,IL,1,0,1,17,0,CHAMBERS,16,10,October,2010,7,Saturday,16,35,0,4,4,0,39.94203333,-90.24873333,34,1,0,1,0,0,1,1
170683,ILLINOIS,IL,2,0,2,201,0,ANNETTE,20,10,October,2010,4,Wednesday,8,14,0,4,4,0,42.36837500,-89.07830833,12,1,0,1,0,0,1,1
170684,ILLINOIS,IL,2,0,3,119,0,BELLAMY,22,10,October,2010,6,Friday,4,46,0,13,3,98,38.83609444,-90.01446111,12,2,0,1,0,0,1,1
170685,ILLINOIS,IL,1,0,1,201,7460,ANNETTE,22,10,October,2010,6,Friday,22,9,0,15,6,0,42.27026944,-89.10395833,42,3,0,1,0,0,1,0
170686,ILLINOIS,IL,4,0,7,201,0,ANNETTE,15,10,October,2010,6,Friday,10,23,1,11,1,167,42.25681667,-88.96499444,12,1,0,1,0,0,2,0
170687,ILLINOIS,IL,2,0,2,181,1860,LINCOLN,29,10,October,2010,6,Friday,10,15,0,4,2,62,37.53878889,-89.26148611,12,1,0,1,0,0,1,0
170688,ILLINOIS,IL,2,0,3,43,2750,BAILEYTON,9,9,September,2010,5,Thursday,11,27,1,13,3,866,41.86170556,-87.93048333,12,1,0,1,0,0,1,0
170689,ILLINOIS,IL,1,0,1,177,0,LEE,31,10,October,2010,1,Sunday,1,28,0,4,6,0,42.31941389,-89.69060000,31,2,0,1,0,0,1,1
170690,ILLINOIS,IL,2,0,3,81,5900,AUBURN,29,10,October,2010,6,Friday,10,30,1,11,1,961,38.33324167,-88.95684722,12,1,0,1,0,0,1,0
170691,ILLINOIS,IL,1,0,2,31,1670,COFFEE,2,10,October,2010,7,Saturday,12,12,1,13,2,81,41.79950278,-87.58134444,30,1,0,2,0,0,1,0
170692,ILLINOIS,IL,2,0,3,31,1670,COFFEE,31,10,October,2010,1,Sunday,3,50,1,11,1,489,41.90912778,-87.66350556,12,3,0,1,0,0,1,1
170693,ILLINOIS,IL,1,0,2,97,230,AXIS,25,10,October,2010,2,Monday,0,40,0,14,4,0,42.47986944,-88.06216944,32,2,0,1,0,0,1,0
170695,ILLINOIS,IL,1,0,1,191,0,CRESCENT,1,11,November,2010,2,Monday,13,17,0,3,3,1190,38.37735278,-88.20355278,1,1,0,1,0,0,1,0
170696,ILLINOIS,IL,2,0,9,49,2650,COLLINSVILLE,2,10,October,2010,7,Saturday,18,6,0,14,2,982,39.11078333,-88.57530278,12,1,0,1,0,0,2,0
170697,ILLINOIS,IL,2,0,2,93,0,BEAR CREEK,23,8,August,2010,2,Monday,13,4,1,13,2,1841,41.72238333,-88.27634167,12,1,0,1,0,0,1,0
170698,ILLINOIS,IL,1,0,1,27,0,ASHLAND,8,10,October,2010,6,Friday,19,3,0,3,3,1128,38.66267778,-89.37240556,1,1,0,1,0,0,1,1
170699,ILLINOIS,IL,1,0,1,199,0,ALVATON,8,10,October,2010,6,Friday,5,35,0,4,4,0,37.68061389,-88.80371389,34,2,0,1,0,0,1,0
170700,ILLINOIS,IL,2,0,3,133,1930,ARLEY,15,10,October,2010,6,Friday,16,0,1,13,3,1318,38.44396111,-90.21568889,12,1,0,1,0,0,1,0
170701,ILLINOIS,IL,1,1,1,43,4940,BAILEYTON,25,10,October,2010,2,Monday,10,35,0,16,6,0,41.89137222,-88.01998333,9,1,0,1,0,0,1,0
170703,ILLINOIS,IL,1,0,2,97,512,AXIS,24,10,October,2010,1,Sunday,4,21,0,14,6,42,42.15428889,-88.15705556,11,2,0,2,0,0,1,1
170704,ILLINOIS,IL,1,1,1,31,8300,COFFEE,18,8,August,2010,4,Wednesday,13,40,1,13,3,218,41.81941944,-87.80249167,8,1,0,1,0,0,1,0
170705,ILLINOIS,IL,1,0,1,97,0,AXIS,26,10,October,2010,3,Tuesday,20,17,0,13,3,777,42.30073889,-88.03207500,34,2,0,6,0,0,1,1
170707,ILLINOIS,IL,1,0,3,197,0,BUENA VISTA,28,10,October,2010,5,Thursday,5,6,0,16,6,0,41.39992500,-88.00041944,34,2,0,1,0,0,1,0
170708,ILLINOIS,IL,2,0,2,197,2060,BUENA VISTA,3,11,November,2010,4,Wednesday,5,39,1,13,3,67,41.47005833,-87.57735278,12,3,0,1,0,0,1,0
170709,ILLINOIS,IL,1,1,1,31,0,COFFEE,24,9,September,2010,6,Friday,19,45,1,13,3,217,42.05432222,-87.84869722,8,3,0,1,0,0,1,0
170710,ILLINOIS,IL,1,0,1,81,0,AUBURN,4,10,October,2010,2,Monday,1,30,0,3,3,858,38.33856944,-88.77941667,42,2,0,1,0,0,1,1
170711,ILLINOIS,IL,1,1,1,161,5670,DENTON,31,10,October,2010,1,Sunday,18,28,0,16,6,0,41.49798333,-90.50185833,8,3,0,1,0,0,1,0
170712,ILLINOIS,IL,2,0,3,173,0,LAKELAND,1,11,November,2010,2,Monday,12,25,0,2,3,1229,39.42638611,-88.60300000,12,1,0,1,0,0,2,0
170713,ILLINOIS,IL,1,0,2,19,0,CEDAR BLUFF,1,10,October,2010,6,Friday,0,5,0,6,5,0,39.92323889,-88.19561944,23,2,0,1,0,0,1,1
170714,ILLINOIS,IL,3,0,3,81,5900,AUBURN,21,10,October,2010,5,Thursday,14,22,1,11,1,0,38.29961944,-88.94417500,12,1,0,1,0,0,1,0
170715,ILLINOIS,IL,1,0,1,115,2250,ASHVILLE,4,10,October,2010,2,Monday,17,43,0,13,3,63,39.85328611,-88.88766111,33,1,0,1,0,0,1,0
170716,ILLINOIS,IL,2,0,3,119,3400,BELLAMY,30,10,October,2010,7,Saturday,18,35,0,13,6,238,38.77794167,-89.98457778,12,2,0,1,0,0,1,0
170718,ILLINOIS,IL,1,0,2,119,3550,BELLAMY,6,11,November,2010,7,Saturday,23,32,0,14,6,0,38.69679722,-90.15013056,33,3,0,1,0,0,1,0
170719,ILLINOIS,IL,2,0,3,133,1930,ARLEY,1,11,November,2010,2,Monday,14,42,0,16,6,0,38.43145556,-90.19625833,12,1,0,1,0,0,1,0
170720,ILLINOIS,IL,2,0,5,45,0,ARITON,3,11,November,2010,4,Wednesday,6,18,1,2,3,1610,39.50211944,-87.68018611,12,3,0,1,0,0,1,0
170721,ILLINOIS,IL,1,0,1,31,1670,COFFEE,5,11,November,2010,6,Friday,0,5,1,11,1,538,41.84670000,-87.63984444,25,3,0,1,0,0,1,1
170722,ILLINOIS,IL,1,0,2,31,0,COFFEE,31,10,October,2010,1,Sunday,23,20,1,11,1,3437,41.54966667,-87.74320000,1,3,0,1,0,0,1,1
170723,ILLINOIS,IL,3,0,4,91,0,DAYTON,2,11,November,2010,3,Tuesday,15,40,1,2,3,2882,41.23664722,-87.66244444,12,1,0,1,0,0,1,0
170724,ILLINOIS,IL,3,0,3,143,6850,CANEHILL,8,11,November,2010,2,Monday,11,36,1,13,2,8815,40.72923333,-89.56774722,12,1,0,1,0,0,1,0
170725,ILLINOIS,IL,2,0,2,5,0,BAKER HILL,7,11,November,2010,1,Sunday,2,1,0,14,3,438,38.90198889,-89.38635278,12,2,0,1,0,0,1,1
170728,ILLINOIS,IL,1,0,1,31,1670,COFFEE,5,11,November,2010,6,Friday,1,16,1,11,1,2915,41.84250833,-87.65764722,25,3,0,2,0,0,1,1
170729,ILLINOIS,IL,1,1,3,197,4300,BUENA VISTA,11,11,November,2010,5,Thursday,6,40,1,13,3,24,41.53270833,-88.12501389,8,4,0,1,0,0,1,0
170730,ILLINOIS,IL,2,1,1,5,0,BAKER HILL,13,11,November,2010,7,Saturday,7,5,1,11,1,486,38.86472778,-89.40103056,14,4,0,1,0,0,1,0
170731,ILLINOIS,IL,1,1,1,197,4300,BUENA VISTA,15,9,September,2010,4,Wednesday,19,13,0,13,2,1452,41.52858056,-88.07260833,8,2,0,1,0,0,1,0
170732,ILLINOIS,IL,1,1,1,27,0,ASHLAND,5,11,November,2010,6,Friday,22,34,0,4,4,0,38.72067778,-89.29141111,8,2,0,1,0,0,1,0
170733,ILLINOIS,IL,1,1,1,81,5900,AUBURN,13,11,November,2010,7,Saturday,16,41,1,11,1,945,38.30972222,-88.95040278,8,1,0,1,0,0,1,0
170734,ILLINOIS,IL,2,0,2,97,0,AXIS,14,9,September,2010,3,Tuesday,13,4,0,13,3,25,42.31458333,-88.10546944,12,1,0,1,0,0,1,1
170735,ILLINOIS,IL,1,0,2,113,0,COTTONTON,13,8,August,2010,6,Friday,0,30,0,14,4,0,40.46503889,-88.90193889,5,3,0,1,0,0,1,0
170736,ILLINOIS,IL,1,0,1,143,0,CANEHILL,9,10,October,2010,7,Saturday,15,34,0,15,6,39,40.69771111,-89.66423056,1,1,0,1,0,0,1,0
170737,ILLINOIS,IL,2,0,4,43,3731,BAILEYTON,15,11,November,2010,2,Monday,0,5,0,13,6,0,41.98289722,-88.14963056,12,2,0,1,0,0,1,1
170738,ILLINOIS,IL,1,1,1,43,0,BAILEYTON,9,11,November,2010,3,Tuesday,21,39,1,13,3,1163,41.90378889,-88.05463333,8,3,0,1,0,0,1,0
170739,ILLINOIS,IL,1,0,2,31,0,COFFEE,6,11,November,2010,7,Saturday,4,38,1,11,1,0,42.04085556,-87.98136944,35,3,0,1,0,0,1,1
170740,ILLINOIS,IL,2,0,2,31,1670,COFFEE,25,10,October,2010,2,Monday,22,55,1,13,3,330,41.98110556,-87.80695278,12,3,0,1,0,0,1,0
170742,ILLINOIS,IL,1,0,2,75,4195,BEAVERTON,11,11,November,2010,5,Thursday,4,13,0,4,2,2094,40.82947778,-87.58670833,42,2,0,1,0,0,1,1
170743,ILLINOIS,IL,2,0,2,71,0,BRIDGEPORT,12,11,November,2010,6,Friday,14,17,0,3,5,5,40.68746389,-91.07022500,12,1,0,1,0,0,1,0
170744,ILLINOIS,IL,2,0,2,23,0,BLADON SPRINGS,12,11,November,2010,6,Friday,16,55,0,4,4,0,39.46028611,-87.88798611,12,5,0,1,0,0,1,0
170745,ILLINOIS,IL,1,0,2,133,0,ARLEY,16,11,November,2010,3,Tuesday,23,10,0,3,3,86,38.32672778,-90.13711389,35,2,0,1,0,0,1,1
170746,ILLINOIS,IL,1,0,1,157,0,ARCADE,19,11,November,2010,6,Friday,22,19,0,4,4,0,38.00010833,-89.80859722,30,2,0,1,0,0,1,1
170747,ILLINOIS,IL,2,0,2,31,5380,COFFEE,10,9,September,2010,6,Friday,20,15,1,13,3,295,41.50232500,-87.73238611,12,3,0,1,0,0,1,1
170748,ILLINOIS,IL,1,1,1,97,9090,AXIS,16,9,September,2010,5,Thursday,20,24,1,13,3,252,42.25782222,-88.15297778,8,3,0,1,0,0,1,0
170749,ILLINOIS,IL,1,0,1,143,0,CANEHILL,25,9,September,2010,7,Saturday,2,35,0,6,6,0,40.87141667,-89.73633056,5,2,0,1,0,0,1,1
170750,ILLINOIS,IL,2,0,3,27,0,ASHLAND,17,11,November,2010,4,Wednesday,4,53,1,1,1,361,38.48315833,-89.58861389,12,2,0,1,0,0,2,1
170751,ILLINOIS,IL,1,0,1,31,1670,COFFEE,26,9,September,2010,1,Sunday,3,41,0,15,2,0,41.80491667,-87.58349167,33,3,0,1,0,0,1,1
170752,ILLINOIS,IL,1,1,5,31,1260,COFFEE,4,7,July,2010,1,Sunday,19,55,0,16,6,0,41.58745833,-87.52614444,8,1,0,1,0,0,1,0
170753,ILLINOIS,IL,2,0,2,97,7560,AXIS,21,8,August,2010,7,Saturday,16,46,0,14,4,0,42.38163889,-88.09139444,12,1,0,1,0,0,1,1
170754,ILLINOIS,IL,1,0,3,75,0,BEAVERTON,6,11,November,2010,7,Saturday,10,48,0,6,4,0,40.85920833,-87.80338333,34,1,0,1,0,0,1,1
170755,ILLINOIS,IL,2,0,2,119,160,BELLAMY,15,11,November,2010,2,Monday,13,12,0,16,6,0,38.89068889,-90.13150000,12,1,0,1,0,0,1,0
170756,ILLINOIS,IL,1,0,1,163,2610,AVERA,12,11,November,2010,6,Friday,6,19,0,15,6,0,38.63021389,-90.14673889,39,4,0,1,0,0,1,1
170757,ILLINOIS,IL,1,1,1,31,2330,COFFEE,5,11,November,2010,6,Friday,18,20,0,14,6,19,42.03101389,-87.90136389,8,3,0,1,0,0,1,0
170758,ILLINOIS,IL,1,0,1,201,0,ANNETTE,26,10,October,2010,3,Tuesday,1,39,0,6,6,0,42.31248611,-89.21259444,35,2,0,1,0,0,1,1
170759,ILLINOIS,IL,1,1,1,31,5790,COFFEE,30,9,September,2010,5,Thursday,9,17,1,13,2,604,42.02643056,-87.79377500,9,1,0,1,0,0,1,0
170760,ILLINOIS,IL,1,0,1,31,3190,COFFEE,30,9,September,2010,5,Thursday,17,49,0,14,6,20,41.93018889,-87.88105000,5,1,0,1,0,0,1,0
170761,ILLINOIS,IL,2,0,2,157,0,ARCADE,18,11,November,2010,5,Thursday,6,25,0,2,3,791,37.87214444,-89.76453333,12,1,0,1,0,0,1,0
170762,ILLINOIS,IL,1,1,1,119,3550,BELLAMY,18,11,November,2010,5,Thursday,14,58,1,13,3,1575,38.76215556,-90.12430000,8,1,0,1,0,0,1,0
170763,ILLINOIS,IL,2,1,3,31,0,COFFEE,15,8,August,2010,1,Sunday,19,49,0,15,6,0,41.61539444,-87.58669444,9,1,0,1,0,0,1,0
170764,ILLINOIS,IL,1,1,1,163,0,AVERA,18,11,November,2010,5,Thursday,2,43,1,13,3,9,38.65745000,-90.13550556,8,2,0,2,0,0,1,0
170766,ILLINOIS,IL,1,1,1,31,6380,COFFEE,7,8,August,2010,7,Saturday,16,36,1,13,3,370,41.61056667,-87.73675556,8,1,0,1,0,0,1,0
170767,ILLINOIS,IL,1,0,1,93,0,BEAR CREEK,24,10,October,2010,1,Sunday,18,44,0,4,4,0,41.56968056,-88.57961389,1,5,0,1,0,0,1,1
170768,ILLINOIS,IL,2,0,4,99,0,BEATRICE,31,10,October,2010,1,Sunday,11,30,0,6,6,0,41.38671944,-88.63280833,12,1,0,1,0,0,1,0
170769,ILLINOIS,IL,1,2,1,89,6270,BROWNSBORO,25,10,October,2010,2,Monday,2,0,0,19,6,0,41.80475278,-88.32171944,8,3,0,1,0,0,1,1
170770,ILLINOIS,IL,1,1,1,31,1670,COFFEE,6,11,November,2010,7,Saturday,2,13,0,15,6,0,41.76330278,-87.65408056,8,3,0,1,0,0,1,1
170771,ILLINOIS,IL,1,0,1,11,0,BULLOCK,14,10,October,2010,5,Thursday,16,20,0,4,4,0,41.40784444,-89.24726389,1,3,0,1,0,0,1,0
170772,ILLINOIS,IL,1,0,1,11,0,BULLOCK,2,10,October,2010,7,Saturday,15,44,0,4,4,0,41.49199167,-89.58846944,32,1,0,1,0,0,1,1
170773,ILLINOIS,IL,1,1,1,31,3105,COFFEE,17,9,September,2010,6,Friday,14,59,1,13,1,204,41.80054444,-87.80178889,8,1,0,1,0,0,1,0
170774,ILLINOIS,IL,1,2,1,103,0,DANVILLE,9,11,November,2010,3,Tuesday,15,55,0,4,4,0,41.81636111,-89.52809167,8,1,0,1,0,0,2,0
170775,ILLINOIS,IL,1,0,1,99,0,BEATRICE,10,11,November,2010,4,Wednesday,20,15,0,6,5,0,41.27158056,-88.61207500,32,2,0,1,0,0,1,0
170776,ILLINOIS,IL,2,0,2,55,0,ATTALLA,15,11,November,2010,2,Monday,15,54,0,3,3,206,37.88812222,-89.06148333,12,1,0,1,0,0,1,0
170777,ILLINOIS,IL,1,0,1,135,0,ASH FLAT,27,10,October,2010,4,Wednesday,16,56,0,4,4,0,39.13806667,-89.27882778,1,1,0,1,0,0,1,0
170778,ILLINOIS,IL,2,0,5,167,0,ADRIAN,26,11,November,2010,6,Friday,13,0,0,3,3,515,39.88074444,-89.66461111,12,1,0,1,0,0,2,0
170779,ILLINOIS,IL,2,0,4,201,0,ANNETTE,26,11,November,2010,6,Friday,16,40,0,3,3,178,42.41886944,-89.33139444,12,2,0,1,0,0,1,1
170780,ILLINOIS,IL,1,0,1,107,0,CARROLLTON,27,11,November,2010,7,Saturday,4,47,1,2,2,1067,40.30636667,-89.55293056,1,2,0,1,0,0,1,1
170781,ILLINOIS,IL,3,0,3,119,0,BELLAMY,28,11,November,2010,1,Sunday,21,53,1,1,1,316,38.78746667,-89.68347222,12,2,0,1,0,0,1,0
170782,ILLINOIS,IL,1,0,1,199,0,ALVATON,8,11,November,2010,2,Monday,12,34,0,4,4,0,37.65354722,-89.07803056,42,1,0,1,0,0,1,0
170783,ILLINOIS,IL,1,0,1,7,0,BIBB,2,11,November,2010,3,Tuesday,6,41,0,6,6,0,42.18857222,-88.90059444,1,2,0,1,0,0,1,0
170784,ILLINOIS,IL,2,0,3,197,887,BUENA VISTA,15,10,October,2010,6,Friday,15,25,0,13,3,421,41.69019722,-88.06794444,12,1,0,1,0,0,1,0
170785,ILLINOIS,IL,1,0,1,197,5690,BUENA VISTA,9,10,October,2010,7,Saturday,0,38,0,13,3,241,41.42462778,-87.74229444,30,3,0,1,0,0,1,1
170786,ILLINOIS,IL,2,0,3,31,2890,COFFEE,4,10,October,2010,2,Monday,21,41,1,13,2,736,41.72065833,-87.71160278,12,3,0,1,0,0,1,0
170787,ILLINOIS,IL,1,1,1,31,1670,COFFEE,13,9,September,2010,2,Monday,8,5,0,15,6,0,41.77335000,-87.58382500,8,1,0,1,0,0,1,0
170788,ILLINOIS,IL,2,0,2,31,0,COFFEE,21,9,September,2010,3,Tuesday,11,37,1,13,3,1023,42.01308333,-87.94746111,12,1,0,1,0,0,1,0
170789,ILLINOIS,IL,1,0,2,197,0,BUENA VISTA,27,11,November,2010,7,Saturday,16,0,1,11,1,2360,41.29380556,-88.22643889,30,1,0,1,0,0,1,0
170790,ILLINOIS,IL,1,0,2,31,1670,COFFEE,21,11,November,2010,1,Sunday,2,15,1,11,1,618,41.73566944,-87.62455000,33,3,0,1,0,0,1,1
170791,ILLINOIS,IL,1,0,1,111,0,GRAHAM,27,11,November,2010,7,Saturday,22,29,0,16,6,0,42.36813889,-88.41389722,34,2,0,1,0,0,1,1
170792,ILLINOIS,IL,1,0,1,111,0,GRAHAM,27,11,November,2010,7,Saturday,5,54,0,16,6,0,42.39645278,-88.41393889,23,2,0,1,0,0,1,1
170793,ILLINOIS,IL,1,0,4,177,0,LEE,25,11,November,2010,5,Thursday,17,50,1,2,3,1185,42.21425556,-89.63023056,1,2,0,1,0,0,1,1
170794,ILLINOIS,IL,2,0,2,89,8388,BROWNSBORO,24,11,November,2010,4,Wednesday,12,30,0,13,2,926,41.76544167,-88.44274722,12,1,0,1,0,0,1,0
170795,ILLINOIS,IL,1,2,1,163,0,AVERA,27,11,November,2010,7,Saturday,3,30,0,13,3,41,38.54973333,-90.12410000,8,2,0,1,0,0,1,1
170796,ILLINOIS,IL,2,0,2,163,1910,AVERA,7,12,December,2010,3,Tuesday,10,5,0,13,3,141,38.65311111,-90.01957500,12,1,0,1,0,0,1,0
170797,ILLINOIS,IL,1,1,1,97,6290,AXIS,24,11,November,2010,4,Wednesday,6,8,0,16,4,0,42.33423889,-87.87655278,8,2,0,8,0,0,1,0
170798,ILLINOIS,IL,1,1,2,77,0,ANDERSON,20,11,November,2010,7,Saturday,0,49,0,3,2,604,37.80706111,-89.22620556,8,2,0,1,0,0,1,1
170799,ILLINOIS,IL,1,0,1,197,0,BUENA VISTA,5,11,November,2010,6,Friday,10,36,0,16,6,0,41.68885278,-88.21246667,43,1,0,1,0,0,1,1
170800,ILLINOIS,IL,2,0,2,31,1730,COFFEE,4,11,November,2010,5,Thursday,7,18,0,15,6,0,41.83341944,-87.75358611,12,1,0,1,0,0,1,0
170801,ILLINOIS,IL,1,2,2,197,887,BUENA VISTA,13,11,November,2010,7,Saturday,2,23,0,16,6,0,41.68842222,-88.08102500,41,2,0,1,0,0,1,1
170802,ILLINOIS,IL,2,0,2,43,830,BAILEYTON,15,11,November,2010,2,Monday,7,28,0,14,4,0,41.94080278,-88.11897778,12,1,0,1,0,0,1,0
170803,ILLINOIS,IL,1,0,1,41,0,BRANTLEY,4,11,November,2010,5,Thursday,18,50,0,4,4,0,39.74749167,-88.37810556,10,2,0,1,0,0,1,0
170804,ILLINOIS,IL,1,0,4,31,1670,COFFEE,19,11,November,2010,6,Friday,13,47,0,14,6,13,41.69243889,-87.63688889,33,1,0,1,0,0,2,1
170805,ILLINOIS,IL,1,1,1,183,2220,FORT STEWART,29,11,November,2010,2,Monday,17,43,0,13,2,2227,40.13171667,-87.59469444,8,3,0,2,0,0,1,0
170806,ILLINOIS,IL,1,0,1,83,0,ARDMORE,4,12,December,2010,7,Saturday,18,20,0,2,3,115,39.11264722,-90.46082500,24,2,0,1,0,0,1,1
170807,ILLINOIS,IL,3,0,4,119,160,BELLAMY,21,11,November,2010,1,Sunday,13,45,0,13,6,0,38.92696944,-90.17829722,12,1,0,1,0,0,1,1
170808,ILLINOIS,IL,2,0,2,31,2719,COFFEE,27,11,November,2010,7,Saturday,12,10,0,14,6,7,42.00434444,-87.94021389,12,1,0,1,0,0,1,0
170809,ILLINOIS,IL,2,0,3,31,0,COFFEE,2,12,December,2010,5,Thursday,21,9,1,11,1,692,42.05439167,-88.01414722,12,3,0,1,0,0,1,0
170810,ILLINOIS,IL,2,0,2,11,7140,BULLOCK,4,12,December,2010,7,Saturday,9,26,1,13,3,575,41.41760556,-89.46861111,12,1,0,4,0,0,1,0
170811,ILLINOIS,IL,3,0,6,163,0,AVERA,10,12,December,2010,6,Friday,23,39,0,14,6,25,38.60664167,-90.07500556,12,2,0,1,0,0,1,2
170812,ILLINOIS,IL,1,0,1,19,0,CEDAR BLUFF,13,12,December,2010,2,Monday,10,14,0,4,4,0,40.22423889,-88.25247778,1,1,0,1,0,0,1,1
170813,ILLINOIS,IL,1,0,1,201,7460,ANNETTE,10,11,November,2010,4,Wednesday,1,3,0,14,6,0,42.25201111,-89.12938056,30,3,0,1,0,0,1,1
170814,ILLINOIS,IL,2,0,3,145,0,BALD KNOB,22,11,November,2010,2,Monday,12,38,0,4,4,0,37.99870000,-89.56618889,12,1,0,1,0,0,2,1
170815,ILLINOIS,IL,2,0,2,43,20,BAILEYTON,30,11,November,2010,3,Tuesday,6,40,0,16,4,0,41.93781944,-87.98869722,12,4,0,1,0,0,1,1
170816,ILLINOIS,IL,1,0,5,31,5280,COFFEE,22,10,October,2010,6,Friday,16,34,0,16,6,0,41.58734167,-87.69820278,31,1,0,1,0,0,1,0
170817,ILLINOIS,IL,1,0,1,95,3260,ALBERTVILLE,8,11,November,2010,2,Monday,22,46,1,12,2,433,40.95869722,-90.40285833,1,2,0,1,0,0,1,0
170818,ILLINOIS,IL,2,0,3,31,1670,COFFEE,26,11,November,2010,6,Friday,23,5,0,14,6,305,41.94638056,-87.72739722,12,3,0,1,0,0,2,1
170819,ILLINOIS,IL,2,0,3,35,0,BROOKLYN,30,11,November,2010,3,Tuesday,16,55,1,1,1,1314,39.30190278,-88.02375278,18,2,0,1,0,0,1,0
170820,ILLINOIS,IL,1,0,1,163,0,AVERA,5,12,December,2010,1,Sunday,8,58,0,6,6,0,38.52798611,-90.08832500,35,2,0,99,0,0,1,1
170821,ILLINOIS,IL,2,0,2,15,0,ANNISTON,7,11,November,2010,1,Sunday,1,46,0,4,4,0,42.13921944,-90.03783611,12,2,0,1,0,0,1,2
170822,ILLINOIS,IL,1,0,3,117,0,BIRMINGHAM,21,11,November,2010,1,Sunday,23,2,0,4,4,0,39.47940556,-89.74790278,34,2,0,1,0,0,1,1
170823,ILLINOIS,IL,1,0,1,117,0,BIRMINGHAM,27,11,November,2010,7,Saturday,19,50,0,6,6,0,39.15661111,-90.07310278,18,2,0,1,0,0,1,1
170824,ILLINOIS,IL,2,0,2,47,50,BROWNS,17,11,November,2010,4,Wednesday,10,0,0,3,3,1269,38.37763889,-88.05810556,12,1,0,1,0,0,1,0
170825,ILLINOIS,IL,2,0,2,97,0,AXIS,9,12,December,2010,5,Thursday,16,39,0,14,3,115,42.44345000,-87.87613056,12,2,0,3,0,0,1,0
170826,ILLINOIS,IL,1,0,1,81,0,AUBURN,12,12,December,2010,1,Sunday,7,56,1,1,1,926,38.28683889,-88.94060278,51,1,0,3,0,0,1,0
170827,ILLINOIS,IL,1,1,1,163,2610,AVERA,12,12,December,2010,1,Sunday,1,22,0,16,6,0,38.60743611,-90.13194722,8,3,0,4,0,0,1,0
170828,ILLINOIS,IL,3,0,6,143,6850,CANEHILL,15,12,December,2010,4,Wednesday,12,30,1,11,1,0,40.73770556,-89.63183056,12,1,0,1,0,0,1,0
170829,ILLINOIS,IL,3,0,3,167,0,ADRIAN,6,11,November,2010,7,Saturday,22,50,0,4,2,60,39.85270000,-89.49712222,12,2,0,1,0,0,1,0
170830,ILLINOIS,IL,1,1,1,31,0,COFFEE,7,11,November,2010,1,Sunday,3,0,0,13,6,0,41.99916111,-88.08017222,8,2,0,1,0,0,1,0
170831,ILLINOIS,IL,1,0,1,139,0,CALION,21,11,November,2010,1,Sunday,18,7,0,3,3,457,39.71933889,-88.65178333,34,2,0,1,0,0,1,1
170832,ILLINOIS,IL,1,1,1,37,0,BRADFORD,1,12,December,2010,4,Wednesday,18,14,0,14,5,0,42.00575833,-88.70773333,8,2,0,1,0,0,1,0
170833,ILLINOIS,IL,1,0,3,31,1670,COFFEE,4,12,December,2010,7,Saturday,5,20,1,14,6,0,41.82345278,-87.66534167,33,3,0,4,0,0,1,1
170834,ILLINOIS,IL,1,0,1,31,1670,COFFEE,4,12,December,2010,7,Saturday,6,21,0,14,6,0,41.88593056,-87.73561667,21,3,0,4,0,0,1,1
170835,ILLINOIS,IL,1,0,2,143,0,CANEHILL,27,10,October,2010,4,Wednesday,20,20,1,11,1,50,40.67564722,-89.67313611,24,2,0,1,0,0,1,0