ST_CASE,State Name,State Abbreviation,VE_TOTAL,Pedestrains,Total_Persons_in_accident,COUNTY,CITY,City_County_Name,Calendar_DAY,MONTH,Month_Name,YEAR,DAY_WEEK,Day_Week_desc,HOUR,MINUTE,NHS_Desc,trafficway,ROUTE,MILEPT,LATITUDE,LONGITUD,First_Crash_event,Light_cond_desc,Weather_condition,WEATHER,SCH_BUS,Crash_cause,FATALS,DRUNK_DR
180082,INDIANA,IN,2,0,3,89,2760,BROWNSBORO,23,2,February,2010,3,Tuesday,5,20,1,1,1,2350,41.21611111,-87.29405833,12,2,0,4,0,0,2,0
180083,INDIANA,IN,1,0,1,145,4470,BALD KNOB,27,2,February,2010,7,Saturday,4,48,0,4,3,0,39.66114722,-85.77335278,42,2,0,10,0,0,1,0
180084,INDIANA,IN,4,2,2,97,2210,AXIS,21,2,February,2010,1,Sunday,22,38,1,11,1,330,39.91970278,-86.10680278,12,3,0,1,0,0,1,1
180085,INDIANA,IN,1,0,1,163,1480,AVERA,1,3,March,2010,2,Monday,0,39,0,6,4,0,37.96944167,-87.45666389,42,2,0,1,0,0,1,1
180086,INDIANA,IN,1,0,2,85,5110,BENTON,2,3,March,2010,3,Tuesday,4,23,0,16,4,0,41.24838611,-85.91085556,42,2,0,1,0,0,1,1
180087,INDIANA,IN,1,0,1,39,1410,ANDALUSIA,2,3,March,2010,3,Tuesday,18,0,0,16,4,0,41.64527500,-86.02515833,53,1,0,10,0,0,1,0
180088,INDIANA,IN,1,0,1,35,3360,BROOKLYN,2,3,March,2010,3,Tuesday,0,5,0,6,4,0,40.17466111,-85.35797500,43,3,0,1,0,0,1,1
180089,INDIANA,IN,1,1,0,157,2480,ARCADE,1,1,January,2010,6,Friday,15,36,0,6,4,0,40.42480833,-86.87655556,8,1,0,4,0,0,1,0
180090,INDIANA,IN,1,0,2,73,4090,ARGO,28,2,February,2010,1,Sunday,22,5,0,14,2,0,40.76586944,-87.15233056,33,2,10,2,0,0,2,0
180091,INDIANA,IN,1,0,1,17,2768,CHAMBERS,3,3,March,2010,4,Wednesday,0,0,0,16,4,0,40.90961944,-86.28147222,42,2,0,10,0,0,1,1
180092,INDIANA,IN,1,0,3,85,4560,BENTON,11,2,February,2010,5,Thursday,11,25,0,16,4,0,41.10137778,-85.87729444,42,1,0,1,0,0,1,0
180093,INDIANA,IN,2,0,2,19,800,CEDAR BLUFF,5,3,March,2010,6,Friday,15,55,0,4,3,0,38.51660833,-85.73026667,12,1,0,1,0,0,2,1
180094,INDIANA,IN,1,0,1,183,980,FORT STEWART,4,3,March,2010,5,Thursday,22,7,0,4,3,0,41.00451667,-85.34831944,42,2,0,1,0,0,1,1
180095,INDIANA,IN,1,0,1,183,980,FORT STEWART,7,3,March,2010,1,Sunday,15,11,0,16,4,0,41.11874167,-85.37655833,30,1,0,1,0,0,1,0
180096,INDIANA,IN,2,0,5,77,1285,ANDERSON,2,3,March,2010,3,Tuesday,16,20,0,4,3,0,38.84666111,-85.50916667,12,1,0,1,0,0,2,0
180097,INDIANA,IN,1,0,1,95,70,ALBERTVILLE,6,3,March,2010,7,Saturday,23,48,0,6,4,0,40.29235833,-85.67190278,42,2,0,1,0,0,1,1
180098,INDIANA,IN,2,0,3,97,2210,AXIS,5,3,March,2010,6,Friday,6,55,0,6,4,0,39.82191944,-86.12152500,33,4,0,1,1,0,1,0
180099,INDIANA,IN,2,0,3,35,1760,BROOKLYN,8,3,March,2010,2,Monday,17,19,1,1,1,450,40.28076944,-85.55796111,1,1,0,1,0,0,1,0
180100,INDIANA,IN,1,0,1,83,5260,ARDMORE,6,3,March,2010,7,Saturday,10,45,0,16,4,0,38.67943056,-87.28519722,30,1,0,1,0,0,1,0
180101,INDIANA,IN,2,0,2,89,1730,BROWNSBORO,8,3,March,2010,2,Monday,6,55,0,15,3,0,41.52948611,-87.33616944,12,1,0,1,0,0,1,0
180102,INDIANA,IN,1,0,2,71,4440,BRIDGEPORT,1,3,March,2010,2,Monday,12,56,0,3,2,0,38.96333056,-85.82719167,34,1,0,1,0,0,1,0
180103,INDIANA,IN,1,1,1,63,3990,BOLIGEE,9,3,March,2010,3,Tuesday,6,23,0,6,4,0,39.68985000,-86.37617500,8,2,0,1,0,0,1,0
180104,INDIANA,IN,1,0,1,85,3680,BENTON,13,3,March,2010,7,Saturday,1,55,0,16,4,0,41.30208889,-85.65688056,42,2,10,2,0,0,1,1
180105,INDIANA,IN,2,0,2,19,800,CEDAR BLUFF,10,3,March,2010,4,Wednesday,23,0,0,15,3,0,38.44485000,-85.65482222,12,2,0,1,0,0,1,0
180106,INDIANA,IN,1,0,1,181,3130,LINCOLN,8,3,March,2010,2,Monday,9,0,0,16,4,0,40.87224722,-86.91116944,10,1,0,5,0,0,1,0
180107,INDIANA,IN,2,0,3,93,300,BEAR CREEK,10,3,March,2010,4,Wednesday,9,32,0,14,2,0,38.86126389,-86.51209722,12,1,0,1,0,0,1,0
180109,INDIANA,IN,2,0,3,37,2180,BRADFORD,12,3,March,2010,6,Friday,14,48,0,3,2,0,38.31371389,-86.95472778,12,1,0,2,0,0,1,0
180110,INDIANA,IN,1,0,1,135,4920,ASH FLAT,19,3,March,2010,6,Friday,8,53,0,4,3,0,40.18077500,-84.83247778,34,1,0,1,0,0,1,0
180111,INDIANA,IN,1,1,1,89,2515,BROWNSBORO,16,3,March,2010,3,Tuesday,1,28,1,11,1,126,41.56995833,-87.29681389,8,2,0,1,0,0,1,0
180112,INDIANA,IN,1,0,1,5,990,BAKER HILL,17,3,March,2010,4,Wednesday,22,7,0,3,2,0,39.15455833,-85.84236111,35,1,0,1,0,0,1,1
180113,INDIANA,IN,2,0,3,169,3650,BRADLEY,20,3,March,2010,7,Saturday,6,31,0,4,3,0,41.02860833,-85.89094167,12,2,0,10,0,0,2,0
180114,INDIANA,IN,1,0,1,91,2570,DAYTON,21,3,March,2010,1,Sunday,1,0,0,15,3,0,41.56896667,-86.74015000,1,2,0,1,0,0,1,1
180115,INDIANA,IN,1,1,1,127,4960,BURNWELL,16,3,March,2010,3,Tuesday,15,4,0,6,4,0,41.50729167,-87.03761944,8,1,0,1,0,0,1,0
180116,INDIANA,IN,1,0,2,53,2850,ATMORE,10,3,March,2010,4,Wednesday,0,47,0,6,4,0,40.53400833,-85.65284722,42,2,0,2,0,0,1,1
180117,INDIANA,IN,3,0,3,143,4400,CANEHILL,24,3,March,2010,4,Wednesday,6,57,1,1,1,310,38.70698611,-85.79455833,14,1,0,1,0,0,2,0
180118,INDIANA,IN,1,0,1,91,2570,DAYTON,18,3,March,2010,5,Thursday,17,35,0,16,4,0,41.59262500,-86.84353333,53,1,0,1,0,0,1,0
180119,INDIANA,IN,2,0,2,39,1410,ANDALUSIA,25,3,March,2010,5,Thursday,6,40,0,3,2,0,41.67047500,-86.00338056,12,2,0,2,0,0,1,0
180120,INDIANA,IN,1,0,1,7,1600,BIBB,25,3,March,2010,5,Thursday,18,25,0,14,2,0,40.61156111,-87.31488333,52,1,0,10,0,0,1,0
180121,INDIANA,IN,1,1,1,97,2210,AXIS,25,3,March,2010,5,Thursday,10,23,0,16,4,0,39.79644722,-86.03171944,8,1,0,10,0,0,1,1
180122,INDIANA,IN,1,0,1,35,3360,BROOKLYN,27,3,March,2010,7,Saturday,14,12,0,6,4,0,40.22869444,-85.38703056,39,1,0,1,0,0,1,0
180123,INDIANA,IN,2,0,2,73,5250,ARGO,27,3,March,2010,7,Saturday,10,5,0,4,3,0,41.18821389,-87.08416111,12,1,0,1,0,0,1,0
180124,INDIANA,IN,1,0,1,57,1540,BANKSTON,21,3,March,2010,1,Sunday,1,30,0,6,4,0,99.99990000,999.99990000,33,2,0,1,0,0,1,1
180125,INDIANA,IN,2,0,2,41,1000,BRANTLEY,25,3,March,2010,5,Thursday,13,10,0,4,3,0,39.63583611,-85.05409167,12,1,0,1,0,0,1,1
180126,INDIANA,IN,3,0,5,183,980,FORT STEWART,26,3,March,2010,6,Friday,17,31,0,3,2,0,41.16896389,-85.48581944,12,1,0,1,0,0,1,0
180127,INDIANA,IN,1,0,1,91,2990,DAYTON,20,3,March,2010,7,Saturday,4,0,0,6,4,0,41.70111389,-86.91438611,38,2,0,10,0,0,1,1
180128,INDIANA,IN,1,2,1,71,4440,BRIDGEPORT,21,3,March,2010,1,Sunday,2,3,0,3,2,0,38.95351944,-85.83465833,9,2,0,1,0,0,2,0
180129,INDIANA,IN,4,0,8,167,4840,ADRIAN,31,3,March,2010,4,Wednesday,17,25,0,16,4,0,39.46537500,-87.37889167,12,1,0,10,0,0,1,0
180130,INDIANA,IN,2,0,2,11,2630,BULLOCK,29,3,March,2010,2,Monday,7,25,0,4,3,0,40.12947500,-86.26378889,12,4,0,10,0,0,1,0
180131,INDIANA,IN,2,0,2,67,1930,ABBEVILLE,1,4,April,2010,5,Thursday,12,5,0,16,4,0,40.52221667,-85.87328333,12,1,0,1,0,0,1,0
180132,INDIANA,IN,2,0,2,93,3110,BEAR CREEK,1,4,April,2010,5,Thursday,13,31,0,6,4,0,38.74583333,-86.47489167,12,1,0,1,0,0,1,0
180133,INDIANA,IN,2,0,2,73,5250,ARGO,2,4,April,2010,6,Friday,20,20,0,4,3,0,41.24528889,-87.04493611,12,2,0,1,0,0,1,0
180134,INDIANA,IN,2,0,2,177,4120,LEE,4,4,April,2010,1,Sunday,16,40,0,6,4,0,39.83068611,-84.88783889,12,1,0,1,0,0,1,0
180135,INDIANA,IN,1,1,1,5,990,BAKER HILL,31,3,March,2010,4,Wednesday,15,55,0,6,4,0,39.23796944,-85.88012778,8,1,0,1,0,0,1,0
180136,INDIANA,IN,1,0,1,87,2500,ARMSTRONG,3,4,April,2010,7,Saturday,7,5,1,1,1,1280,41.73968056,-85.28523333,35,2,0,1,0,0,1,1
180137,INDIANA,IN,1,0,3,149,3620,BELLEVILLE,26,3,March,2010,6,Friday,13,51,0,16,4,0,41.23673611,-86.78555556,30,1,0,1,0,0,1,0
180138,INDIANA,IN,4,0,4,73,4090,ARGO,29,3,March,2010,2,Monday,10,31,1,1,1,2020,40.78596944,-87.13243889,12,1,0,1,0,0,1,0
180139,INDIANA,IN,2,0,5,123,4820,ALEXANDER CITY,2,4,April,2010,6,Friday,6,40,0,4,3,0,38.25112222,-86.59672778,12,2,0,1,0,0,1,0
180140,INDIANA,IN,1,0,2,59,1890,FRANKLIN,27,3,March,2010,7,Saturday,19,0,0,16,4,0,39.77193333,-85.82768333,43,1,0,10,0,0,1,0
180141,INDIANA,IN,1,1,1,67,2430,ABBEVILLE,10,4,April,2010,7,Saturday,23,25,0,14,2,0,40.45570000,-86.11298611,8,2,0,1,0,0,1,0
180142,INDIANA,IN,2,0,2,95,140,ALBERTVILLE,6,4,April,2010,3,Tuesday,16,21,0,6,4,0,40.09741111,-85.68046389,12,1,0,1,0,0,1,0
180143,INDIANA,IN,1,0,3,57,710,BANKSTON,9,4,April,2010,6,Friday,22,51,0,6,4,0,40.00026667,-86.03393611,30,2,0,1,0,0,2,0
180144,INDIANA,IN,2,0,3,167,4840,ADRIAN,10,4,April,2010,7,Saturday,14,40,0,16,4,0,39.34704167,-87.37658611,12,1,0,1,0,0,1,0
180145,INDIANA,IN,2,0,3,135,5350,ASH FLAT,11,4,April,2010,1,Sunday,20,15,0,16,4,0,40.12166667,-84.98851667,12,5,0,1,0,0,1,0
180146,INDIANA,IN,1,0,1,141,3100,BEE BRANCH,11,4,April,2010,1,Sunday,15,30,0,16,4,0,41.62987778,-86.11899444,1,1,0,1,0,0,1,1
180147,INDIANA,IN,3,1,5,61,3572,BELLWOOD,3,4,April,2010,7,Saturday,21,5,0,4,3,0,38.32866111,-86.09822222,8,2,0,1,0,0,1,0
180148,INDIANA,IN,1,0,1,153,4750,BONAIRE,3,4,April,2010,7,Saturday,21,8,0,4,3,0,39.11750833,-87.51048056,30,5,0,1,0,0,1,1
180149,INDIANA,IN,2,0,5,153,4750,BONAIRE,15,4,April,2010,5,Thursday,13,20,0,3,2,0,39.12859444,-87.41383611,12,1,0,1,0,0,1,0
180150,INDIANA,IN,2,0,4,113,2670,COTTONTON,15,4,April,2010,5,Thursday,8,30,0,3,2,0,41.45559444,-85.53869167,12,1,0,1,0,0,2,0
180151,INDIANA,IN,2,0,2,107,1060,CARROLLTON,17,4,April,2010,7,Saturday,15,0,0,14,2,0,40.01774722,-86.90389722,12,1,0,1,0,0,1,0
180152,INDIANA,IN,1,0,1,57,3590,BANKSTON,16,4,April,2010,6,Friday,12,25,0,16,4,0,40.06703611,-85.88235833,42,1,0,10,0,0,1,1
180153,INDIANA,IN,2,0,1,45,2110,ARITON,22,3,March,2010,2,Monday,20,30,0,14,2,0,40.10637222,-87.16046389,30,3,0,1,0,0,1,0
180154,INDIANA,IN,2,0,2,127,4960,BURNWELL,16,4,April,2010,6,Friday,15,51,0,3,2,0,41.47077222,-87.18140556,1,1,0,1,0,0,1,1
180155,INDIANA,IN,2,0,3,79,3670,COURTLAND,16,4,April,2010,6,Friday,17,38,0,4,3,0,39.01571667,-85.64117500,12,1,0,10,0,0,1,0
180156,INDIANA,IN,2,0,2,7,1600,BIBB,15,4,April,2010,5,Thursday,16,7,0,14,2,0,40.60613333,-87.30731944,12,1,0,1,0,0,1,0
180157,INDIANA,IN,2,0,2,143,2652,CANEHILL,12,4,April,2010,2,Monday,16,12,0,4,3,0,38.60426111,-85.64872778,12,1,0,1,0,0,1,0
180158,INDIANA,IN,5,0,10,43,3400,BAILEYTON,15,4,April,2010,5,Thursday,14,34,0,4,3,0,38.21525556,-85.86888333,12,1,0,1,0,0,1,0
180159,INDIANA,IN,2,0,2,57,3590,BANKSTON,19,4,April,2010,2,Monday,16,51,0,4,3,0,40.13328056,-85.91145556,12,1,0,1,0,0,1,0
180160,INDIANA,IN,2,0,2,81,1950,AUBURN,15,4,April,2010,5,Thursday,17,10,0,6,4,0,39.59252778,-86.11461667,12,1,0,1,0,0,1,0
180161,INDIANA,IN,2,0,4,35,3360,BROOKLYN,18,4,April,2010,1,Sunday,11,49,0,15,3,0,40.21945278,-85.46204444,12,1,0,1,0,0,1,1
180162,INDIANA,IN,1,0,2,89,1100,BROWNSBORO,18,4,April,2010,1,Sunday,11,28,0,16,4,0,41.40585000,-87.23908333,42,1,0,1,0,0,2,0
180163,INDIANA,IN,1,0,1,147,4364,AUGUSTA,21,4,April,2010,4,Wednesday,15,30,0,16,4,0,38.07195556,-86.81173333,35,1,0,1,0,0,1,0
180164,INDIANA,IN,2,0,2,175,4340,CADWELL,16,4,April,2010,6,Friday,7,8,0,16,4,0,38.60454722,-85.99831667,12,4,0,10,0,0,1,0
180165,INDIANA,IN,2,0,4,97,2210,AXIS,20,4,April,2010,3,Tuesday,9,20,0,6,4,0,39.86287778,-86.16903333,12,1,0,1,0,0,1,0
180166,INDIANA,IN,1,0,1,81,1950,AUBURN,28,1,January,2010,5,Thursday,13,7,0,6,4,0,39.58687222,-86.09105556,33,1,0,1,0,0,1,0
180167,INDIANA,IN,2,0,4,69,4180,ASHFORD,16,4,April,2010,6,Friday,14,47,0,4,3,0,41.00762500,-85.39466944,12,1,0,1,0,0,1,0
180168,INDIANA,IN,1,0,1,105,380,MARION,17,4,April,2010,7,Saturday,23,0,0,4,3,0,39.16653611,-86.45536389,30,3,0,1,0,0,1,0
180169,INDIANA,IN,1,0,2,105,380,MARION,21,4,April,2010,4,Wednesday,17,44,0,4,3,0,39.02345278,-86.40592500,1,1,0,1,0,0,1,1
180170,INDIANA,IN,1,0,1,89,2120,BROWNSBORO,24,4,April,2010,7,Saturday,20,59,0,6,4,0,41.52204167,-87.30817778,42,2,0,2,0,0,1,1
180171,INDIANA,IN,2,0,3,97,2210,AXIS,24,4,April,2010,7,Saturday,11,24,0,6,4,0,39.67997778,-86.28848889,12,1,0,10,0,0,1,0
180172,INDIANA,IN,1,0,1,167,4840,ADRIAN,17,4,April,2010,7,Saturday,1,44,0,6,4,0,39.43400556,-87.36941944,34,2,0,1,0,0,1,0
180173,INDIANA,IN,2,0,3,113,4225,COTTONTON,25,4,April,2010,1,Sunday,22,45,0,4,3,0,41.50471944,-85.37098056,24,2,0,2,0,0,1,0
180174,INDIANA,IN,2,0,3,49,4190,COLLINSVILLE,27,4,April,2010,3,Tuesday,12,5,0,3,2,0,41.06873889,-86.24014444,12,1,0,1,0,0,1,0
180175,INDIANA,IN,2,0,3,145,4470,BALD KNOB,14,4,April,2010,4,Wednesday,18,55,0,16,4,0,39.40088611,-85.82721111,12,1,0,1,0,0,1,0
180176,INDIANA,IN,1,0,1,147,4200,AUGUSTA,23,4,April,2010,6,Friday,15,4,0,16,4,0,37.87282222,-87.09257222,35,1,0,1,0,0,1,0
180177,INDIANA,IN,1,1,1,73,1206,ARGO,24,4,April,2010,7,Saturday,10,24,0,15,3,0,41.18815000,-87.19874444,9,1,0,10,0,0,1,0
180178,INDIANA,IN,1,0,2,153,700,BONAIRE,20,4,April,2010,3,Tuesday,1,12,0,3,2,0,39.01471667,-87.40156111,34,2,0,1,0,0,1,1
180179,INDIANA,IN,1,0,1,177,4120,LEE,29,4,April,2010,5,Thursday,13,0,0,4,3,0,39.78505833,-84.87316111,1,1,0,1,0,0,1,0
180180,INDIANA,IN,2,0,3,97,2210,AXIS,2,4,April,2010,6,Friday,21,46,0,6,4,0,39.82396389,-86.22585278,12,2,0,1,0,0,1,0
180181,INDIANA,IN,2,0,4,167,4840,ADRIAN,28,4,April,2010,4,Wednesday,19,23,0,6,4,0,39.48695278,-87.37692778,12,1,0,1,0,0,1,0
180182,INDIANA,IN,3,0,5,167,4840,ADRIAN,2,5,May,2010,1,Sunday,19,13,0,6,4,0,39.47304167,-87.37916111,1,1,0,1,0,0,1,1
180183,INDIANA,IN,1,0,1,137,2133,ALCO,26,4,April,2010,2,Monday,22,24,0,3,2,0,39.06424722,-85.44204722,42,2,0,1,0,0,1,1
180184,INDIANA,IN,1,0,1,149,2420,BELLEVILLE,28,4,April,2010,4,Wednesday,13,28,0,4,3,0,41.28812500,-86.52488611,1,1,0,1,0,0,1,0
180185,INDIANA,IN,1,0,1,3,2645,BALDWIN,3,5,May,2010,2,Monday,10,0,0,16,4,0,41.24361111,-85.00525556,42,1,0,1,0,0,1,0
180186,INDIANA,IN,2,0,2,167,4840,ADRIAN,28,4,April,2010,4,Wednesday,15,35,1,1,1,90,39.43153889,-87.39088889,12,1,0,1,0,0,1,0
180187,INDIANA,IN,2,0,1,41,1000,BRANTLEY,2,5,May,2010,1,Sunday,21,32,0,6,4,0,39.66174167,-85.14206944,14,3,0,10,0,0,1,1
180188,INDIANA,IN,2,0,3,51,2816,CENTRAL,3,5,May,2010,2,Monday,10,59,0,4,3,0,38.25415556,-87.39186389,12,1,0,1,0,0,1,0
180189,INDIANA,IN,1,1,2,127,4030,BURNWELL,30,4,April,2010,6,Friday,3,3,1,11,1,231,41.61386944,-87.08658889,8,2,0,1,0,0,1,1
180190,INDIANA,IN,5,0,7,19,4420,CEDAR BLUFF,6,5,May,2010,5,Thursday,11,45,0,4,3,0,38.44175833,-85.82386389,12,1,0,1,0,0,1,0
180191,INDIANA,IN,1,0,3,133,950,ARLEY,17,4,April,2010,7,Saturday,16,0,0,4,3,0,39.49658889,-86.71920833,42,1,0,1,0,0,1,1
180192,INDIANA,IN,1,0,1,73,4100,ARGO,8,5,May,2010,7,Saturday,0,25,0,16,4,0,40.91236667,-86.93300000,34,2,0,10,0,0,1,1
180193,INDIANA,IN,1,0,1,97,2210,AXIS,5,5,May,2010,4,Wednesday,3,15,0,6,4,0,39.66491389,-86.12388611,31,2,0,1,0,0,1,1
180194,INDIANA,IN,1,0,1,143,4400,CANEHILL,8,5,May,2010,7,Saturday,21,59,0,16,4,0,38.74377500,-85.73970833,1,2,0,10,0,0,1,0
180195,INDIANA,IN,1,0,1,17,3587,CHAMBERS,4,5,May,2010,3,Tuesday,5,32,0,16,4,0,40.77924167,-86.16989167,42,2,0,5,0,0,1,0
180196,INDIANA,IN,1,0,1,95,1440,ALBERTVILLE,30,4,April,2010,6,Friday,17,13,0,4,3,0,40.32138611,-85.78562778,32,1,0,1,0,0,1,0
180197,INDIANA,IN,1,0,1,29,2610,BORDEN SPRINGS,30,4,April,2010,6,Friday,21,59,0,15,3,0,39.10502222,-84.87831111,33,2,0,10,0,0,1,1
180198,INDIANA,IN,1,0,1,145,4470,BALD KNOB,30,4,April,2010,6,Friday,22,32,0,16,4,0,39.40963889,-85.76910556,30,2,0,10,0,0,1,0
180199,INDIANA,IN,1,0,1,97,2210,AXIS,11,5,May,2010,3,Tuesday,0,15,0,6,4,0,39.76051944,-86.07595000,33,2,0,2,0,0,1,1
180200,INDIANA,IN,1,2,3,11,5490,BULLOCK,8,5,May,2010,7,Saturday,3,7,0,4,3,0,40.04078056,-86.29888333,19,2,0,1,0,0,1,1
180201,INDIANA,IN,2,0,3,141,4580,BEE BRANCH,9,5,May,2010,1,Sunday,19,6,0,6,4,0,41.66592222,-86.19813056,12,1,0,1,0,0,1,2
180202,INDIANA,IN,1,0,1,57,4480,BANKSTON,10,4,April,2010,7,Saturday,6,28,0,4,3,0,40.12991944,-86.22581111,34,4,0,10,0,0,1,1
180203,INDIANA,IN,1,0,1,155,9997,IRWIN,2,3,March,2010,3,Tuesday,20,45,0,4,3,0,38.87339444,-85.04224722,42,2,0,1,0,0,1,1
180204,INDIANA,IN,1,1,1,41,1000,BRANTLEY,10,5,May,2010,2,Monday,17,0,0,16,4,0,39.64951667,-85.27832500,9,1,0,1,0,0,1,0
180205,INDIANA,IN,2,0,2,105,380,MARION,13,5,May,2010,5,Thursday,16,49,0,4,3,0,39.10512222,-86.43107500,12,1,0,10,0,0,1,0
180206,INDIANA,IN,1,0,1,61,1030,BELLWOOD,12,5,May,2010,4,Wednesday,19,40,0,4,3,0,38.14839444,-86.14431389,53,1,0,1,0,0,1,0
180207,INDIANA,IN,2,0,5,177,4120,LEE,15,5,May,2010,7,Saturday,15,52,1,1,1,1490,39.86748889,-84.92543333,57,1,0,10,0,0,1,0
180208,INDIANA,IN,1,0,2,89,2010,BROWNSBORO,15,5,May,2010,7,Saturday,16,14,0,6,4,0,41.57429722,-87.48971111,1,1,0,10,0,0,1,0
180209,INDIANA,IN,2,0,2,65,3020,CYPRESS,30,4,April,2010,6,Friday,23,0,0,3,2,0,40.00473889,-85.52830833,12,2,0,10,0,0,1,1
180210,INDIANA,IN,2,0,2,91,2570,DAYTON,14,5,May,2010,6,Friday,20,53,0,4,3,0,41.54770833,-86.89756389,12,2,0,1,0,0,1,1
180211,INDIANA,IN,1,0,1,97,2210,AXIS,10,5,May,2010,2,Monday,1,3,0,6,4,0,39.83846389,-86.11890833,18,2,0,1,0,0,1,0
180212,INDIANA,IN,1,0,5,89,1310,BROWNSBORO,2,5,May,2010,1,Sunday,0,14,0,14,2,0,41.64607500,-87.48121389,33,3,0,2,0,0,1,1
180213,INDIANA,IN,1,0,1,105,380,MARION,15,5,May,2010,7,Saturday,2,14,0,16,4,0,39.02058333,-86.52488611,42,2,0,1,0,0,1,1
180214,INDIANA,IN,1,1,1,39,3010,ANDALUSIA,31,3,March,2010,4,Wednesday,15,50,0,16,4,0,41.60605833,-85.69529167,8,1,0,10,0,0,1,0
180215,INDIANA,IN,2,0,2,79,3670,COURTLAND,4,5,May,2010,3,Tuesday,15,43,0,4,3,0,38.98770278,-85.61156389,12,1,0,1,0,0,1,0
180216,INDIANA,IN,1,0,2,27,3190,ASHLAND,17,5,May,2010,2,Monday,8,0,0,3,2,0,38.66513889,-86.92520278,34,1,0,2,0,0,2,0
180217,INDIANA,IN,1,0,2,157,2480,ARCADE,15,5,May,2010,7,Saturday,3,36,0,3,2,0,40.27310833,-86.90357222,34,2,0,1,0,0,1,1
180218,INDIANA,IN,3,0,3,97,2210,AXIS,19,5,May,2010,4,Wednesday,6,5,0,6,4,0,39.81595278,-86.14504444,12,3,0,10,0,0,1,0
180219,INDIANA,IN,1,0,2,127,4960,BURNWELL,19,5,May,2010,4,Wednesday,13,33,0,14,2,0,41.45699444,-87.05488333,24,1,0,1,0,0,1,0
180220,INDIANA,IN,1,0,1,89,1100,BROWNSBORO,17,5,May,2010,2,Monday,12,45,0,16,4,0,41.42901944,-87.23891389,42,1,2,2,0,0,1,0
180221,INDIANA,IN,2,0,2,35,3360,BROOKLYN,20,5,May,2010,5,Thursday,8,56,0,4,3,0,40.15117222,-85.35776111,12,1,0,1,0,0,1,0
180222,INDIANA,IN,2,0,2,57,4480,BANKSTON,21,5,May,2010,6,Friday,6,10,0,3,2,0,40.14633889,-86.12731944,12,4,0,10,0,0,1,0
180223,INDIANA,IN,1,0,2,29,5190,BORDEN SPRINGS,22,5,May,2010,7,Saturday,19,55,0,16,4,0,39.26761389,-84.85402222,24,2,0,1,0,0,1,1
180224,INDIANA,IN,1,0,4,73,1206,ARGO,22,5,May,2010,7,Saturday,2,16,0,16,4,0,41.17351667,-87.25676667,38,2,0,5,0,0,2,1
180225,INDIANA,IN,1,0,1,5,990,BAKER HILL,19,5,May,2010,4,Wednesday,8,10,0,16,4,0,39.18144167,-85.86656667,53,1,0,2,0,0,1,0
180226,INDIANA,IN,1,0,1,71,3598,BRIDGEPORT,14,5,May,2010,6,Friday,21,57,0,16,4,0,38.90462778,-86.19268056,34,2,0,1,0,0,1,0
180227,INDIANA,IN,1,0,2,105,380,MARION,18,5,May,2010,3,Tuesday,2,17,0,6,4,0,39.19791389,-86.55848889,42,2,0,1,0,0,1,0
180228,INDIANA,IN,1,1,1,55,360,ATTALLA,25,5,May,2010,3,Tuesday,8,35,0,14,2,0,39.02692222,-86.94438056,30,1,0,1,0,0,1,0
180229,INDIANA,IN,1,0,1,121,4210,BON AIR,23,5,May,2010,1,Sunday,15,35,0,16,4,0,39.85338889,-87.41830000,35,1,0,1,0,0,1,0
180230,INDIANA,IN,1,0,2,113,250,COTTONTON,25,5,May,2010,3,Tuesday,21,36,0,4,3,0,41.33621944,-85.22129167,11,2,0,1,0,0,1,0
180231,INDIANA,IN,2,0,3,97,2210,AXIS,25,5,May,2010,3,Tuesday,23,36,0,6,4,0,39.78868611,-86.12706111,12,2,0,1,0,0,2,1
180232,INDIANA,IN,3,0,8,5,990,BAKER HILL,30,4,April,2010,6,Friday,15,46,0,4,3,0,39.17325833,-85.84201944,12,1,0,1,0,0,1,0
180233,INDIANA,IN,2,0,2,3,1580,BALDWIN,30,4,April,2010,6,Friday,15,3,0,6,4,0,41.05513333,-85.13758333,33,1,0,1,0,0,1,0
180234,INDIANA,IN,1,0,1,107,1060,CARROLLTON,29,5,May,2010,7,Saturday,2,47,0,14,2,0,40.05764444,-86.90855000,34,2,0,1,0,0,1,1
180235,INDIANA,IN,2,0,2,147,1860,AUGUSTA,28,5,May,2010,6,Friday,6,22,0,4,3,0,37.95793611,-86.92125278,12,1,0,10,0,0,1,0
180236,INDIANA,IN,1,1,1,97,2210,AXIS,30,5,May,2010,1,Sunday,22,16,0,6,4,0,39.83348889,-86.00492500,8,2,0,1,0,0,1,0
180237,INDIANA,IN,2,0,3,39,1410,ANDALUSIA,28,5,May,2010,6,Friday,20,19,0,3,2,0,41.67740000,-85.92574722,12,1,0,1,0,0,1,1
180239,INDIANA,IN,1,0,1,19,2270,CEDAR BLUFF,30,5,May,2010,1,Sunday,15,55,1,11,1,620,38.33588333,-85.81616111,34,1,0,10,0,0,1,0
180240,INDIANA,IN,1,0,1,69,3320,ASHFORD,30,5,May,2010,1,Sunday,2,30,0,16,4,0,40.74065556,-85.55808889,24,2,0,1,0,0,1,1
180241,INDIANA,IN,1,0,1,141,4580,BEE BRANCH,5,5,May,2010,4,Wednesday,18,20,0,16,4,0,41.66464167,-86.36120833,43,1,0,1,0,0,1,0