ST_CASE,State Name,State Abbreviation,VE_TOTAL,Pedestrains,Total_Persons_in_accident,COUNTY,CITY,City_County_Name,Calendar_DAY,MONTH,Month_Name,YEAR,DAY_WEEK,Day_Week_desc,HOUR,MINUTE,NHS_Desc,trafficway,ROUTE,MILEPT,LATITUDE,LONGITUD,First_Crash_event,Light_cond_desc,Weather_condition,WEATHER,SCH_BUS,Crash_cause,FATALS,DRUNK_DR
180242,INDIANA,IN,2,0,2,71,4440,BRIDGEPORT,6,5,May,2010,5,Thursday,7,35,0,14,2,0,38.95013056,-85.91136944,14,1,0,1,0,0,1,0
180243,INDIANA,IN,2,0,2,127,4960,BURNWELL,28,5,May,2010,6,Friday,11,21,0,15,3,0,41.49275278,-87.02162500,12,1,0,1,0,0,1,0
180244,INDIANA,IN,1,0,1,153,4750,BONAIRE,4,4,April,2010,1,Sunday,9,34,0,6,4,0,39.08458889,-87.41469444,35,1,0,1,0,0,1,0
180245,INDIANA,IN,2,0,4,145,4470,BALD KNOB,28,5,May,2010,6,Friday,17,10,0,6,4,0,39.52360556,-85.74266667,12,1,0,1,0,0,1,0
180246,INDIANA,IN,2,0,4,59,1890,FRANKLIN,28,5,May,2010,6,Friday,17,12,0,15,3,0,39.81413889,-85.77026389,12,1,0,1,0,0,1,0
180247,INDIANA,IN,1,0,4,97,2210,AXIS,31,5,May,2010,2,Monday,3,5,0,6,4,0,39.82040278,-86.25632222,42,2,0,10,0,0,1,0
180248,INDIANA,IN,1,0,2,129,3340,BIGBEE,26,5,May,2010,4,Wednesday,23,19,0,16,4,0,37.95756389,-87.92543056,34,2,0,1,0,0,1,1
180249,INDIANA,IN,2,0,2,61,3850,BELLWOOD,1,6,June,2010,3,Tuesday,16,30,0,4,3,0,38.34583056,-86.10101111,12,1,0,1,0,0,1,0
180250,INDIANA,IN,2,0,2,5,990,BAKER HILL,1,6,June,2010,3,Tuesday,21,22,0,15,3,0,39.20000833,-85.94473333,12,5,0,1,0,0,1,0
180251,INDIANA,IN,2,0,2,51,1630,CENTRAL,3,6,June,2010,5,Thursday,13,30,0,4,3,0,38.32697778,-87.41735556,12,1,0,1,0,0,1,0
180252,INDIANA,IN,2,0,17,97,2210,AXIS,5,6,June,2010,7,Saturday,13,50,0,6,4,0,39.76134444,-86.15474167,12,1,0,10,0,0,1,0
180253,INDIANA,IN,2,0,2,89,4300,BROWNSBORO,7,6,June,2010,2,Monday,11,5,0,14,2,0,41.42115278,-87.44426389,12,1,0,1,0,0,2,0
180254,INDIANA,IN,2,0,3,97,2210,AXIS,30,5,May,2010,1,Sunday,13,38,0,6,4,0,39.82574444,-86.04588889,12,1,0,1,0,0,1,0
180255,INDIANA,IN,1,0,1,101,4520,BOYLSTON,30,5,May,2010,1,Sunday,15,20,0,6,4,0,38.67050000,-86.79443889,34,1,0,1,0,0,1,1
180256,INDIANA,IN,1,0,1,145,4470,BALD KNOB,4,6,June,2010,6,Friday,21,35,0,16,4,0,39.69424444,-85.89669167,24,2,0,10,0,0,1,0
180257,INDIANA,IN,1,0,1,181,5400,LINCOLN,6,6,June,2010,1,Sunday,14,35,1,1,1,1950,40.66443889,-87.03502222,1,1,0,1,0,0,1,0
180258,INDIANA,IN,1,0,1,27,670,ASHLAND,31,5,May,2010,2,Monday,0,30,0,16,4,0,38.75061944,-87.00729722,24,2,0,1,0,0,1,1
180259,INDIANA,IN,2,0,3,167,4840,ADRIAN,7,6,June,2010,2,Monday,16,47,0,15,3,0,39.43378056,-87.33304722,12,1,0,1,0,0,1,0
180260,INDIANA,IN,2,0,2,71,4440,BRIDGEPORT,7,6,June,2010,2,Monday,16,25,0,16,4,0,38.94298056,-86.02091111,12,1,0,1,0,0,1,1
180261,INDIANA,IN,1,0,1,53,2850,ATMORE,9,6,June,2010,4,Wednesday,16,36,0,6,4,0,40.55104167,-85.65614444,42,1,0,1,0,0,1,0
180262,INDIANA,IN,2,0,4,97,310,AXIS,3,5,May,2010,2,Monday,16,13,0,6,4,0,39.72328333,-86.11124167,12,1,0,1,0,0,1,0
180263,INDIANA,IN,2,2,4,97,2210,AXIS,23,5,May,2010,1,Sunday,18,22,0,6,4,0,39.72788333,-86.15311111,33,1,0,1,0,0,1,1
180265,INDIANA,IN,2,0,5,95,140,ALBERTVILLE,5,6,June,2010,7,Saturday,12,1,0,16,4,0,40.03323333,-85.67327500,12,1,0,1,0,0,1,0
180266,INDIANA,IN,3,0,6,163,1480,AVERA,5,6,June,2010,7,Saturday,13,56,0,15,3,330,37.99649167,-87.46646111,12,1,0,10,0,0,1,1
180267,INDIANA,IN,1,0,2,57,3590,BANKSTON,12,6,June,2010,7,Saturday,4,45,0,16,4,0,40.07445000,-85.86906667,30,2,0,10,0,0,1,1
180268,INDIANA,IN,1,0,1,31,1910,COFFEE,29,5,May,2010,7,Saturday,19,19,0,14,2,0,39.35799444,-85.51253611,1,1,0,1,0,0,1,1
180269,INDIANA,IN,2,0,2,169,2510,BRADLEY,5,6,June,2010,7,Saturday,16,23,0,16,4,0,40.76864722,-85.71050278,12,1,0,1,0,0,1,0
180270,INDIANA,IN,3,0,5,127,820,BURNWELL,9,6,June,2010,4,Wednesday,17,32,0,3,2,0,41.65109722,-87.00933889,12,1,0,1,0,0,1,1
180271,INDIANA,IN,2,0,2,73,1206,ARGO,12,6,June,2010,7,Saturday,16,30,0,4,3,0,41.14460833,-87.24752778,12,1,0,2,0,0,1,0
180272,INDIANA,IN,1,0,1,173,3430,LAKELAND,12,6,June,2010,7,Saturday,9,45,0,4,3,0,37.93258889,-87.34566389,35,1,0,1,0,0,1,0
180273,INDIANA,IN,1,0,2,97,2210,AXIS,6,6,June,2010,1,Sunday,1,19,0,6,4,0,39.68071944,-86.07961944,1,2,0,10,0,0,1,1
180274,INDIANA,IN,2,0,3,15,604,ANNISTON,11,6,June,2010,6,Friday,14,43,0,16,4,0,40.44559167,-86.45890556,12,1,0,1,0,0,1,0
180275,INDIANA,IN,1,0,2,17,2730,CHAMBERS,12,6,June,2010,7,Saturday,14,30,0,3,2,0,40.73411944,-86.30327222,1,1,0,10,0,0,1,0
180276,INDIANA,IN,1,0,1,179,2860,ALLENHURST,12,6,June,2010,7,Saturday,0,23,0,4,3,0,40.81283611,-85.29695000,34,2,0,10,0,0,1,0
180277,INDIANA,IN,2,0,2,3,1580,BALDWIN,12,6,June,2010,7,Saturday,19,24,0,6,4,0,41.02868889,-85.07827500,12,3,0,10,0,0,1,0
180279,INDIANA,IN,1,1,1,89,1730,BROWNSBORO,1,6,June,2010,3,Tuesday,21,55,0,15,3,0,41.57312500,-87.33679167,8,3,0,1,0,0,1,1
180280,INDIANA,IN,2,0,4,89,2010,BROWNSBORO,11,6,June,2010,6,Friday,18,25,1,1,1,89,41.61073889,-87.45911111,12,1,0,1,0,0,1,0
180281,INDIANA,IN,2,0,2,57,710,BANKSTON,12,6,June,2010,7,Saturday,16,43,0,6,4,0,39.92945278,-86.22911389,12,1,0,1,0,0,1,1
180282,INDIANA,IN,1,0,1,83,3150,ARDMORE,10,6,June,2010,5,Thursday,20,28,0,4,3,0,38.63598056,-87.42480000,34,1,0,10,0,0,1,0
180283,INDIANA,IN,2,0,3,141,3100,BEE BRANCH,14,6,June,2010,2,Monday,17,15,0,15,3,0,41.72386389,-86.18782500,12,1,0,10,0,0,1,0
180284,INDIANA,IN,2,0,2,3,2178,BALDWIN,15,6,June,2010,3,Tuesday,13,37,0,3,2,0,41.19325278,-85.29544722,12,1,0,1,0,0,1,0
180285,INDIANA,IN,2,0,4,73,1206,ARGO,16,6,June,2010,4,Wednesday,18,35,0,16,4,0,41.18824722,-87.21616667,12,1,0,1,0,0,2,0
180286,INDIANA,IN,2,0,2,91,2570,DAYTON,17,6,June,2010,5,Thursday,6,38,0,3,2,0,41.67281111,-86.58923333,12,1,0,1,0,0,1,0
180287,INDIANA,IN,3,0,3,89,2972,BROWNSBORO,17,6,June,2010,5,Thursday,16,0,0,15,3,0,41.51137222,-87.36031944,12,1,0,1,0,0,1,0
180288,INDIANA,IN,2,0,3,143,4400,CANEHILL,15,6,June,2010,3,Tuesday,23,45,1,1,1,235,38.60518611,-85.78133889,14,2,0,1,0,0,1,0
180289,INDIANA,IN,1,0,3,91,2570,DAYTON,18,6,June,2010,6,Friday,19,12,0,16,4,0,41.69451389,-86.63208889,42,1,0,2,0,0,2,0
180290,INDIANA,IN,2,0,3,63,560,BOLIGEE,20,6,June,2010,1,Sunday,22,36,0,15,3,0,39.85711111,-86.39288056,12,2,0,1,0,0,1,0
180291,INDIANA,IN,2,0,5,19,4420,CEDAR BLUFF,17,6,June,2010,5,Thursday,5,40,1,1,1,215,38.57370278,-85.77880278,12,2,0,1,0,0,1,0
180292,INDIANA,IN,2,0,7,79,3670,COURTLAND,9,6,June,2010,4,Wednesday,11,54,0,16,4,0,38.96349722,-85.53938889,12,1,0,1,0,0,1,0
180293,INDIANA,IN,2,0,4,5,990,BAKER HILL,21,6,June,2010,2,Monday,20,23,0,15,3,0,39.20093333,-85.92596111,12,1,0,1,0,0,1,1
180294,INDIANA,IN,2,0,5,87,2500,ARMSTRONG,22,3,March,2010,2,Monday,15,3,0,3,2,0,41.64187500,-85.38780278,12,1,0,10,0,0,1,0
180295,INDIANA,IN,1,0,1,87,2500,ARMSTRONG,23,4,April,2010,6,Friday,3,10,0,16,4,0,41.60645833,-85.20549722,42,2,0,10,0,0,1,1
180296,INDIANA,IN,1,1,1,87,2500,ARMSTRONG,27,4,April,2010,3,Tuesday,16,9,0,4,3,0,41.61993333,-85.41475278,49,1,0,1,0,0,1,0
180297,INDIANA,IN,1,0,2,87,2500,ARMSTRONG,4,6,June,2010,6,Friday,21,12,0,16,4,0,41.73282778,-85.20172222,42,1,0,1,0,0,1,1
180298,INDIANA,IN,1,1,1,91,2570,DAYTON,24,6,June,2010,5,Thursday,2,6,0,3,2,0,41.67240556,-86.63331389,8,2,0,1,0,0,1,0
180299,INDIANA,IN,1,0,1,127,4960,BURNWELL,22,6,June,2010,3,Tuesday,21,33,0,14,2,0,41.45713611,-87.05531944,25,2,0,10,0,0,1,0
180300,INDIANA,IN,3,0,4,89,2010,BROWNSBORO,22,6,June,2010,3,Tuesday,17,27,0,14,2,0,41.65540833,-87.50885000,12,1,0,1,0,0,1,0
180301,INDIANA,IN,2,0,3,97,2210,AXIS,23,6,June,2010,4,Wednesday,22,47,0,6,4,0,39.72261944,-86.15018889,12,2,0,1,0,0,1,1
180302,INDIANA,IN,1,0,1,109,2890,ANSLEY,10,6,June,2010,5,Thursday,6,0,0,16,4,0,39.44481111,-86.27520556,11,4,0,1,0,0,1,0
180303,INDIANA,IN,2,1,2,89,1730,BROWNSBORO,19,6,June,2010,7,Saturday,22,18,0,6,4,0,41.54809444,-87.37396667,8,2,0,1,0,0,1,0
180304,INDIANA,IN,2,0,3,7,430,BIBB,24,6,June,2010,5,Thursday,2,17,0,3,2,0,40.52116111,-87.37579722,12,2,0,10,0,0,1,0
180305,INDIANA,IN,1,0,2,63,560,BOLIGEE,22,6,June,2010,3,Tuesday,23,0,0,16,4,0,39.81568056,-86.38785278,5,3,0,1,0,0,1,0
180306,INDIANA,IN,1,1,2,53,2280,ATMORE,26,6,June,2010,7,Saturday,17,25,0,4,3,0,40.49765000,-85.63416944,8,1,0,1,0,0,1,0
180307,INDIANA,IN,1,0,2,119,4630,BELLAMY,26,6,June,2010,7,Saturday,15,37,0,4,3,0,39.44495833,-86.86586111,30,1,0,1,0,0,1,0
180308,INDIANA,IN,1,0,1,163,9997,AVERA,26,6,June,2010,7,Saturday,6,47,0,16,4,0,38.10312222,-87.57742778,53,1,0,1,0,0,1,0
180309,INDIANA,IN,1,0,1,61,2540,BELLWOOD,24,6,June,2010,5,Thursday,13,9,1,1,1,1115,38.25698611,-86.01556667,25,1,0,1,0,0,1,0
180310,INDIANA,IN,2,1,5,77,2830,ANDERSON,12,6,June,2010,7,Saturday,18,51,0,4,3,0,38.73701389,-85.64143056,12,1,0,1,0,0,1,0
180311,INDIANA,IN,2,0,2,163,1480,AVERA,27,6,June,2010,1,Sunday,8,21,0,3,2,0,38.07958056,-87.55545556,12,1,0,10,0,0,1,0
180312,INDIANA,IN,1,0,1,11,2630,BULLOCK,1,7,July,2010,5,Thursday,2,28,1,1,1,530,39.93343889,-86.59952222,35,2,0,1,0,0,1,0
180313,INDIANA,IN,1,0,2,39,480,ANDALUSIA,12,6,June,2010,7,Saturday,12,49,0,16,4,0,41.75415278,-85.80236389,5,1,0,10,0,0,1,0
180315,INDIANA,IN,1,0,5,31,1910,COFFEE,25,6,June,2010,6,Friday,0,29,0,4,3,0,39.30986389,-85.57663056,38,2,0,1,0,0,1,0
180316,INDIANA,IN,2,0,3,153,2970,BONAIRE,29,5,May,2010,7,Saturday,13,51,0,4,3,0,39.09584167,-87.55630833,1,1,0,1,0,0,1,0
180317,INDIANA,IN,1,0,1,169,4170,BRADLEY,1,7,July,2010,5,Thursday,18,45,0,6,4,0,40.88503333,-85.92441667,1,1,0,1,0,0,1,0
180318,INDIANA,IN,2,0,2,39,1410,ANDALUSIA,2,7,July,2010,6,Friday,13,0,0,6,4,0,41.68767500,-85.99149444,33,1,0,1,0,0,1,0
180319,INDIANA,IN,1,0,1,57,3590,BANKSTON,3,7,July,2010,7,Saturday,4,6,0,16,4,0,40.01183889,-86.08972500,42,2,0,1,0,0,1,1
180320,INDIANA,IN,2,0,3,97,2210,AXIS,3,7,July,2010,7,Saturday,18,13,0,6,4,0,39.76038611,-86.08337500,12,1,0,1,0,0,1,1
180321,INDIANA,IN,2,0,2,39,1830,ANDALUSIA,4,7,July,2010,1,Sunday,17,4,0,4,3,0,41.46865000,-85.84025833,12,1,0,10,0,0,1,0
180322,INDIANA,IN,1,1,1,39,1410,ANDALUSIA,4,7,July,2010,1,Sunday,22,17,0,15,3,0,41.74883889,-85.97531389,8,2,0,1,0,0,1,0
180323,INDIANA,IN,1,0,1,167,4840,ADRIAN,5,7,July,2010,2,Monday,20,30,0,16,4,0,39.28874167,-87.44499167,42,1,0,1,0,0,1,0
180324,INDIANA,IN,1,0,1,127,2080,BURNWELL,3,7,July,2010,7,Saturday,18,44,0,4,3,0,41.31817222,-87.16132222,42,1,0,1,0,0,1,1
180325,INDIANA,IN,2,0,2,33,1720,CHEROKEE,5,7,July,2010,2,Monday,16,21,0,4,3,0,41.30321667,-85.17476944,12,1,0,1,0,0,1,0
180326,INDIANA,IN,2,0,4,103,3940,DANVILLE,4,7,July,2010,1,Sunday,13,11,0,16,4,0,40.69350000,-85.96893889,12,1,0,1,0,0,1,0
180327,INDIANA,IN,1,0,1,55,2690,ATTALLA,1,7,July,2010,5,Thursday,22,45,0,6,4,0,39.03111389,-87.17694167,35,2,0,1,0,0,1,0
180328,INDIANA,IN,1,0,1,39,1830,ANDALUSIA,6,7,July,2010,3,Tuesday,1,34,0,16,4,0,41.56686389,-85.71108333,11,2,0,1,0,0,1,1
180329,INDIANA,IN,1,0,2,127,2080,BURNWELL,4,7,July,2010,1,Sunday,22,38,0,16,4,0,41.41056944,-87.21540278,5,2,0,1,0,0,1,0
180330,INDIANA,IN,1,0,1,3,1580,BALDWIN,10,7,July,2010,7,Saturday,3,17,0,6,4,0,41.10121667,-85.13133889,33,2,0,1,0,0,1,1
180331,INDIANA,IN,1,0,1,95,70,ALBERTVILLE,7,7,July,2010,4,Wednesday,7,18,0,4,3,0,40.27847778,-85.72837778,32,1,0,1,0,0,1,0
180332,INDIANA,IN,1,0,3,93,4903,BEAR CREEK,11,7,July,2010,1,Sunday,2,5,0,16,4,0,38.74980000,-86.33013611,42,2,0,1,0,0,1,0
180333,INDIANA,IN,2,0,3,97,2210,AXIS,11,7,July,2010,1,Sunday,0,30,0,6,4,0,39.70335556,-86.15856111,12,2,0,1,0,0,1,1
180334,INDIANA,IN,2,0,5,131,5340,ARLINGTON,2,7,July,2010,6,Friday,17,17,0,16,4,0,41.08491389,-86.69938056,12,1,0,1,0,0,1,0
180335,INDIANA,IN,2,0,3,105,380,MARION,9,7,July,2010,6,Friday,14,18,0,4,3,0,39.25709444,-86.52541111,12,1,0,1,0,0,1,0
180336,INDIANA,IN,1,0,1,129,4050,BIGBEE,30,6,June,2010,4,Wednesday,19,2,0,16,4,0,38.10369722,-87.73415556,58,1,0,1,0,0,1,0
180337,INDIANA,IN,2,0,3,147,4200,AUGUSTA,11,7,July,2010,1,Sunday,15,18,0,4,3,0,99.99990000,999.99990000,12,1,0,1,0,0,1,0
180338,INDIANA,IN,3,0,1,27,5120,ASHLAND,5,7,July,2010,2,Monday,15,16,0,6,4,0,38.66038056,-87.16501111,14,1,0,1,0,0,1,0
180339,INDIANA,IN,2,0,3,39,1830,ANDALUSIA,13,7,July,2010,3,Tuesday,16,1,0,3,2,0,41.45022222,-85.76944722,12,1,0,10,0,0,1,0
180340,INDIANA,IN,1,0,1,59,5310,FRANKLIN,9,7,July,2010,6,Friday,6,5,0,4,3,0,39.90176944,-85.67773889,42,4,0,10,0,0,1,0
180341,INDIANA,IN,3,0,9,89,1100,BROWNSBORO,7,7,July,2010,4,Wednesday,12,7,0,15,3,0,41.41046667,-87.35474167,12,1,0,1,0,0,1,0
180342,INDIANA,IN,1,0,1,77,2830,ANDERSON,11,7,July,2010,1,Sunday,15,41,0,4,3,0,38.83439167,-85.57675833,42,1,0,1,0,0,1,0
180343,INDIANA,IN,2,0,2,63,900,BOLIGEE,13,7,July,2010,3,Tuesday,4,45,0,4,3,0,39.61547500,-86.48034167,12,2,0,1,0,0,1,0
180344,INDIANA,IN,1,0,1,105,380,MARION,11,7,July,2010,1,Sunday,14,20,0,6,4,0,39.14914167,-86.58267222,43,1,0,1,0,0,1,0
180345,INDIANA,IN,1,0,1,127,4025,BURNWELL,8,7,July,2010,5,Thursday,1,35,1,1,1,185,41.60219167,-87.18151667,42,2,0,1,0,0,1,0
180346,INDIANA,IN,1,0,1,169,5040,BRADLEY,16,7,July,2010,6,Friday,1,50,0,16,4,0,40.75330278,-85.80658056,30,2,0,1,0,0,1,1
180347,INDIANA,IN,2,0,3,57,3590,BANKSTON,17,7,July,2010,7,Saturday,15,36,0,4,3,0,40.07439444,-85.98286667,12,1,0,1,0,0,1,1
180348,INDIANA,IN,1,0,1,89,760,BROWNSBORO,17,7,July,2010,7,Saturday,8,58,0,16,4,0,41.34485556,-87.47958056,42,2,0,1,0,0,1,0
180349,INDIANA,IN,5,0,9,89,1730,BROWNSBORO,9,7,July,2010,6,Friday,15,12,0,6,4,0,41.57519722,-87.35667222,12,1,0,1,0,0,1,0
180350,INDIANA,IN,3,0,4,33,1720,CHEROKEE,14,7,July,2010,4,Wednesday,10,35,0,16,4,0,41.30837500,-85.13606111,12,1,0,1,0,0,1,1
180351,INDIANA,IN,1,0,2,93,9997,BEAR CREEK,18,7,July,2010,1,Sunday,15,58,0,16,4,0,99.99990000,999.99990000,42,1,0,10,0,0,1,0
180352,INDIANA,IN,2,0,2,145,4470,BALD KNOB,13,7,July,2010,3,Tuesday,16,20,0,4,3,0,39.36393333,-85.86356111,12,1,0,1,0,0,1,0
180353,INDIANA,IN,1,0,1,145,4470,BALD KNOB,14,7,July,2010,4,Wednesday,15,48,0,4,3,0,39.42439167,-85.75112222,38,1,0,1,0,0,1,0
180354,INDIANA,IN,1,0,4,39,3380,ANDALUSIA,20,7,July,2010,3,Tuesday,7,18,0,6,4,0,41.44813056,-86.02374444,5,1,0,1,0,0,1,0
180355,INDIANA,IN,2,0,2,105,380,MARION,20,7,July,2010,3,Tuesday,6,50,0,6,4,0,39.12393333,-86.58308056,12,4,0,2,0,0,1,1
180356,INDIANA,IN,2,0,2,3,1580,BALDWIN,2,7,July,2010,6,Friday,8,23,0,6,4,0,41.06000278,-85.27485000,12,2,0,1,0,0,1,0
180357,INDIANA,IN,2,0,3,83,5030,ARDMORE,19,7,July,2010,2,Monday,14,17,0,16,4,0,99.99990000,999.99990000,12,1,0,1,0,0,1,1
180358,INDIANA,IN,1,0,1,11,2240,BULLOCK,24,7,July,2010,7,Saturday,16,15,0,16,4,0,39.92316667,-86.58518333,24,1,0,1,0,0,1,0
180359,INDIANA,IN,2,0,2,43,3400,BAILEYTON,16,7,July,2010,6,Friday,11,42,0,14,2,0,38.33499167,-85.90158333,12,1,0,1,0,0,1,0
180360,INDIANA,IN,2,0,2,159,2121,FARRAR,22,7,July,2010,5,Thursday,6,59,0,4,3,0,40.28541944,-85.95703056,12,1,0,5,0,0,1,0
180361,INDIANA,IN,1,0,1,127,4960,BURNWELL,24,7,July,2010,7,Saturday,6,58,0,4,3,0,41.50710000,-87.12398611,30,2,0,10,0,0,1,0
180362,INDIANA,IN,1,1,1,157,2480,ARCADE,24,7,July,2010,7,Saturday,13,53,1,11,1,1710,40.40980278,-86.81306389,8,1,0,1,0,0,1,0
180363,INDIANA,IN,4,0,6,127,4960,BURNWELL,26,7,July,2010,2,Monday,16,0,0,4,3,0,41.50613611,-86.95498333,12,1,0,1,0,0,1,0
180364,INDIANA,IN,1,0,3,57,4480,BANKSTON,26,7,July,2010,2,Monday,13,22,0,16,4,0,40.18861111,-86.20448056,34,1,0,1,0,0,1,0
180365,INDIANA,IN,2,0,2,167,4840,ADRIAN,1,6,June,2010,3,Tuesday,23,10,0,6,4,0,39.54270556,-87.37006111,12,2,0,1,0,0,1,1
180366,INDIANA,IN,2,0,2,67,2430,ABBEVILLE,28,7,July,2010,4,Wednesday,16,21,0,3,2,0,40.47718333,-86.07015556,30,1,0,1,0,0,1,0
180367,INDIANA,IN,1,0,1,47,550,BROWNS,26,7,July,2010,2,Monday,17,23,0,16,4,0,39.38333889,-85.08541944,11,1,0,1,0,0,1,0
180368,INDIANA,IN,1,0,1,61,3850,BELLWOOD,30,7,July,2010,6,Friday,1,55,0,16,4,0,38.36753611,-86.11204167,42,2,0,1,0,0,1,1
180369,INDIANA,IN,1,1,3,97,2210,AXIS,28,7,July,2010,4,Wednesday,21,43,0,6,4,0,39.81173333,-85.98188056,8,2,0,1,0,0,1,0
180370,INDIANA,IN,1,0,4,89,1730,BROWNSBORO,23,7,July,2010,6,Friday,9,16,0,14,2,0,41.61003611,-87.22256111,10,1,0,1,0,0,2,0
180371,INDIANA,IN,2,1,3,89,2120,BROWNSBORO,1,8,August,2010,1,Sunday,15,58,1,11,1,2566,41.51937500,-87.31856389,14,1,0,1,0,0,1,0
180372,INDIANA,IN,1,0,1,87,2165,ARMSTRONG,17,6,June,2010,5,Thursday,19,58,0,16,4,0,41.72880833,-85.41810000,31,1,0,1,0,0,1,1
180373,INDIANA,IN,2,0,3,11,2630,BULLOCK,30,7,July,2010,6,Friday,14,30,0,16,4,0,40.08306389,-86.49699167,12,1,0,10,0,0,1,0
180374,INDIANA,IN,2,0,2,23,2390,BLADON SPRINGS,2,8,August,2010,2,Monday,7,48,0,3,2,0,40.17769167,-86.35339722,12,1,0,1,0,0,1,0
180375,INDIANA,IN,2,0,1,143,4400,CANEHILL,6,7,July,2010,3,Tuesday,21,55,0,6,4,0,38.68852500,-85.77277500,18,2,0,1,0,0,1,0
180376,INDIANA,IN,2,0,3,87,4870,ARMSTRONG,15,6,June,2010,3,Tuesday,13,42,0,16,4,0,41.53967778,-85.50972500,12,1,0,1,0,0,1,0
180377,INDIANA,IN,2,0,5,39,3060,ANDALUSIA,3,8,August,2010,3,Tuesday,11,58,0,16,4,0,41.53771944,-85.71267222,12,1,0,2,0,0,1,0
180378,INDIANA,IN,2,0,2,103,3940,DANVILLE,2,8,August,2010,2,Monday,13,52,0,3,2,0,40.80640278,-86.12955000,12,1,0,1,0,0,2,0
180379,INDIANA,IN,2,0,4,141,4580,BEE BRANCH,30,7,July,2010,6,Friday,22,43,0,4,3,0,41.70893333,-86.25040000,1,2,0,1,0,0,1,1
180380,INDIANA,IN,2,0,2,19,800,CEDAR BLUFF,3,8,August,2010,3,Tuesday,8,20,0,16,4,0,38.47986389,-85.67078611,12,1,0,1,0,0,1,0
180381,INDIANA,IN,2,0,2,31,1910,COFFEE,21,6,June,2010,2,Monday,23,42,0,16,4,0,39.23393056,-85.61300000,12,2,0,1,0,0,1,0
180382,INDIANA,IN,1,0,1,89,1100,BROWNSBORO,3,8,August,2010,3,Tuesday,23,17,0,3,2,0,41.33681667,-87.22573889,34,2,0,1,0,0,1,1
180383,INDIANA,IN,2,0,3,89,1100,BROWNSBORO,4,8,August,2010,4,Wednesday,9,31,0,15,3,0,41.39115278,-87.35477222,12,1,0,1,0,0,1,0
180384,INDIANA,IN,4,0,5,97,2210,AXIS,6,8,August,2010,6,Friday,11,21,0,6,4,0,39.85510278,-86.05445000,12,1,0,1,0,0,1,1
180385,INDIANA,IN,2,0,2,99,4010,BEATRICE,17,7,July,2010,7,Saturday,7,12,0,3,2,0,41.31613333,-86.27544167,12,1,0,5,0,0,1,0
180386,INDIANA,IN,2,0,3,85,3680,BENTON,3,8,August,2010,3,Tuesday,16,27,0,4,3,0,41.30886111,-85.69106389,1,1,0,1,0,0,1,0
180387,INDIANA,IN,2,0,2,39,1830,ANDALUSIA,6,8,August,2010,6,Friday,17,56,0,16,4,0,41.55699167,-85.86703889,12,1,0,1,0,0,1,0
180388,INDIANA,IN,2,0,3,43,3400,BAILEYTON,6,8,August,2010,6,Friday,22,50,0,15,3,0,38.36383333,-85.78104444,12,2,0,1,0,0,1,0
180389,INDIANA,IN,1,0,5,143,240,CANEHILL,16,7,July,2010,6,Friday,17,45,0,6,4,0,38.74332222,-85.79914444,34,1,0,1,0,0,1,1
180390,INDIANA,IN,1,0,5,39,1830,ANDALUSIA,21,7,July,2010,4,Wednesday,21,48,0,15,3,0,41.57570833,-85.83214722,33,1,0,1,0,0,1,0
180391,INDIANA,IN,1,0,1,167,4840,ADRIAN,8,8,August,2010,1,Sunday,3,0,0,6,4,0,39.44719722,-87.40465278,33,2,0,1,0,0,1,1
180392,INDIANA,IN,1,0,1,89,4300,BROWNSBORO,8,8,August,2010,1,Sunday,2,50,0,14,2,0,41.42116944,-87.44134444,1,2,0,1,0,0,1,1
180393,INDIANA,IN,2,0,3,111,3270,GRAHAM,31,7,July,2010,7,Saturday,14,59,0,4,3,0,41.14476111,-87.41203333,12,1,0,1,0,0,2,1
180394,INDIANA,IN,1,0,3,23,1640,BLADON SPRINGS,2,8,August,2010,2,Monday,0,4,1,1,1,1580,40.26374444,-86.65698056,34,2,0,1,0,0,1,0
180395,INDIANA,IN,1,0,1,137,3030,ALCO,7,8,August,2010,7,Saturday,23,55,0,4,3,0,39.16327500,-85.13168333,42,2,0,1,0,0,1,0
180396,INDIANA,IN,2,0,2,149,2420,BELLEVILLE,2,7,July,2010,6,Friday,11,38,0,3,2,0,41.31778611,-86.62101667,12,1,0,1,0,0,1,0
180397,INDIANA,IN,2,0,4,27,5120,ASHLAND,22,7,July,2010,5,Thursday,18,22,0,15,3,0,38.65435000,-87.14741667,12,1,0,1,0,0,1,0
180398,INDIANA,IN,2,0,5,83,1190,ARDMORE,7,8,August,2010,7,Saturday,23,52,0,4,3,0,38.53870000,-87.50121111,12,2,0,1,0,0,1,1
180399,INDIANA,IN,2,0,2,81,4880,AUBURN,11,8,August,2010,4,Wednesday,6,36,0,16,4,0,99.99990000,999.99990000,12,4,0,1,0,0,1,0
180400,INDIANA,IN,1,1,1,95,140,ALBERTVILLE,10,8,August,2010,3,Tuesday,11,8,0,16,4,0,40.13515278,-85.63224722,9,1,0,1,0,0,1,0
180401,INDIANA,IN,1,0,1,85,4810,BENTON,1,8,August,2010,1,Sunday,2,59,0,16,4,0,41.40770000,-85.76397778,1,2,0,1,0,0,1,1
180402,INDIANA,IN,1,0,1,29,3230,BORDEN SPRINGS,2,6,June,2010,4,Wednesday,18,47,0,16,4,0,39.11825833,-85.02834444,42,1,0,10,0,0,1,0
180403,INDIANA,IN,1,0,1,39,1830,ANDALUSIA,12,8,August,2010,5,Thursday,21,5,0,6,4,0,41.58076667,-85.80611944,30,5,0,1,0,0,1,1