ST_CASE,State Name,State Abbreviation,VE_TOTAL,Pedestrains,Total_Persons_in_accident,COUNTY,CITY,City_County_Name,Calendar_DAY,MONTH,Month_Name,YEAR,DAY_WEEK,Day_Week_desc,HOUR,MINUTE,NHS_Desc,trafficway,ROUTE,MILEPT,LATITUDE,LONGITUD,First_Crash_event,Light_cond_desc,Weather_condition,WEATHER,SCH_BUS,Crash_cause,FATALS,DRUNK_DR
180404,INDIANA,IN,1,0,2,57,5180,BANKSTON,11,7,July,2010,1,Sunday,5,14,0,16,4,0,40.06459167,-86.13547222,30,2,0,1,0,0,1,1
180405,INDIANA,IN,1,0,2,79,3670,COURTLAND,14,8,August,2010,7,Saturday,18,16,0,16,4,0,39.10305556,-85.60280833,35,1,0,1,0,0,1,1
180406,INDIANA,IN,2,0,2,141,3790,BEE BRANCH,6,8,August,2010,6,Friday,9,38,0,16,4,0,41.68874444,-86.07788056,12,1,0,10,0,0,1,0
180407,INDIANA,IN,1,0,1,29,1880,BORDEN SPRINGS,14,8,August,2010,7,Saturday,14,48,0,6,4,0,99.99990000,999.99990000,30,1,0,10,0,0,1,0
180408,INDIANA,IN,1,0,2,89,4380,BROWNSBORO,13,8,August,2010,6,Friday,10,22,0,14,2,0,41.68374444,-87.50897778,19,1,0,1,0,0,1,0
180409,INDIANA,IN,2,0,2,127,4960,BURNWELL,14,8,August,2010,7,Saturday,11,58,0,3,2,0,41.44208333,-86.97876111,12,1,0,1,0,0,1,0
180410,INDIANA,IN,2,0,2,31,1910,COFFEE,12,8,August,2010,5,Thursday,19,15,0,3,2,0,39.26189722,-85.37415556,1,1,0,1,0,0,1,1
180411,INDIANA,IN,1,0,1,29,230,BORDEN SPRINGS,16,8,August,2010,2,Monday,12,18,0,16,4,0,39.08457222,-84.96251111,42,1,0,1,0,0,1,0
180412,INDIANA,IN,1,0,2,145,4470,BALD KNOB,11,8,August,2010,4,Wednesday,9,57,1,1,1,1160,39.52225000,-85.72842222,1,1,0,1,0,0,2,0
180413,INDIANA,IN,1,1,1,51,4060,CENTRAL,12,8,August,2010,5,Thursday,10,32,0,15,3,0,38.35545556,-87.56910278,8,1,0,1,0,0,1,0
180414,INDIANA,IN,2,0,5,87,2500,ARMSTRONG,13,8,August,2010,6,Friday,22,55,0,3,2,0,41.64110556,-85.38745833,12,2,0,1,0,0,2,0
180416,INDIANA,IN,1,1,1,3,1850,BALDWIN,18,8,August,2010,4,Wednesday,17,15,0,16,4,0,41.16566667,-84.93693333,9,1,0,1,0,0,1,0
180417,INDIANA,IN,1,0,1,97,2210,AXIS,15,8,August,2010,1,Sunday,3,18,0,6,4,0,39.81835833,-86.07176667,1,2,0,1,0,0,1,1
180418,INDIANA,IN,2,0,3,89,1100,BROWNSBORO,7,8,August,2010,7,Saturday,4,5,1,1,1,2490,41.41701667,-87.32135278,12,2,0,1,0,0,1,1
180419,INDIANA,IN,2,0,3,127,4960,BURNWELL,24,7,July,2010,7,Saturday,15,6,0,14,2,0,41.46003056,-87.06759444,12,1,0,1,0,0,1,0
180420,INDIANA,IN,2,0,2,27,5120,ASHLAND,19,8,August,2010,5,Thursday,10,19,0,3,2,0,38.65515278,-87.11008056,12,1,0,1,0,0,1,0
180421,INDIANA,IN,1,1,1,113,250,COTTONTON,18,8,August,2010,4,Wednesday,12,12,0,4,3,0,41.29799167,-85.19056389,9,1,0,1,0,0,1,0
180422,INDIANA,IN,2,0,2,169,5040,BRADLEY,22,8,August,2010,1,Sunday,12,55,0,15,3,0,40.81562778,-85.83858611,12,1,0,1,0,0,1,0
180423,INDIANA,IN,1,0,1,165,740,HERNDON,20,8,August,2010,6,Friday,19,45,0,4,3,0,39.94623333,-87.52599444,34,1,0,1,0,0,1,1
180424,INDIANA,IN,1,0,1,89,1970,BROWNSBORO,22,8,August,2010,1,Sunday,0,14,0,6,4,0,41.50827222,-87.41917778,38,2,0,1,0,0,1,1
180425,INDIANA,IN,1,0,1,181,3200,LINCOLN,20,8,August,2010,6,Friday,9,27,0,6,4,0,40.74257222,-86.76343056,42,1,0,1,0,0,1,0
180426,INDIANA,IN,2,0,2,119,4630,BELLAMY,5,6,June,2010,7,Saturday,6,50,0,4,3,0,39.28392500,-86.72877778,12,4,0,1,0,0,1,0
180427,INDIANA,IN,2,0,3,29,3230,BORDEN SPRINGS,21,8,August,2010,7,Saturday,16,50,0,16,4,0,39.05115278,-85.00933056,12,1,0,1,0,0,2,0
180428,INDIANA,IN,2,0,4,99,4010,BEATRICE,19,8,August,2010,5,Thursday,17,22,0,6,4,0,41.36077222,-86.31180000,12,1,0,1,0,0,1,0
180429,INDIANA,IN,2,0,6,121,4210,BON AIR,21,8,August,2010,7,Saturday,12,30,0,4,3,0,39.64472500,-87.10703333,12,1,0,1,0,0,2,0
180430,INDIANA,IN,2,0,4,97,2210,AXIS,15,8,August,2010,1,Sunday,21,20,0,6,4,0,39.85274722,-86.27893333,12,2,0,1,0,0,1,1
180431,INDIANA,IN,2,0,3,35,3360,BROOKLYN,22,8,August,2010,1,Sunday,19,16,0,4,3,0,40.27716944,-85.33072500,12,1,0,1,0,0,1,0
180432,INDIANA,IN,2,0,3,17,2730,CHAMBERS,19,8,August,2010,5,Thursday,17,10,0,3,2,0,40.75327222,-86.36438333,12,1,0,1,0,0,1,0
180433,INDIANA,IN,2,0,2,59,1890,FRANKLIN,17,8,August,2010,3,Tuesday,17,0,1,1,1,980,39.81964444,-85.87622222,12,1,0,1,0,0,1,1
180435,INDIANA,IN,3,0,3,39,1410,ANDALUSIA,2,8,August,2010,2,Monday,13,41,0,6,4,0,41.66976944,-86.00317500,12,1,0,1,0,0,1,0
180436,INDIANA,IN,2,0,3,33,5130,CHEROKEE,23,8,August,2010,2,Monday,21,0,0,16,4,0,41.42582778,-85.04391111,12,2,0,1,0,0,2,0
180437,INDIANA,IN,2,0,6,33,5130,CHEROKEE,31,7,July,2010,7,Saturday,16,50,0,6,4,0,41.43690833,-85.01782222,12,1,0,1,0,0,1,0
180438,INDIANA,IN,1,1,1,95,140,ALBERTVILLE,30,7,July,2010,6,Friday,16,45,0,6,4,0,40.10518889,-85.67851111,8,1,0,1,0,0,1,0
180439,INDIANA,IN,2,0,2,157,5200,ARCADE,24,8,August,2010,3,Tuesday,8,23,0,4,3,0,40.43705000,-86.89760556,12,1,0,1,0,0,1,1
180440,INDIANA,IN,2,0,4,161,2660,DENTON,25,8,August,2010,4,Wednesday,11,52,0,16,4,0,99.99990000,999.99990000,12,1,0,1,0,0,2,0
180441,INDIANA,IN,3,0,3,117,1690,BIRMINGHAM,14,7,July,2010,4,Wednesday,15,9,0,3,2,0,38.57823333,-86.56908889,12,1,0,1,0,0,1,0
180442,INDIANA,IN,1,0,1,83,5030,ARDMORE,22,8,August,2010,1,Sunday,3,42,0,3,2,0,38.68323056,-87.49031111,1,2,0,1,0,0,1,1
180443,INDIANA,IN,2,0,4,35,3360,BROOKLYN,26,8,August,2010,5,Thursday,20,35,0,16,4,0,40.16434722,-85.57864722,12,5,0,1,0,0,1,0
180444,INDIANA,IN,3,0,3,5,990,BAKER HILL,26,8,August,2010,5,Thursday,21,23,0,3,2,0,39.23790278,-85.93188333,12,2,0,1,0,0,1,0
180445,INDIANA,IN,2,0,2,61,2910,BELLWOOD,26,8,August,2010,5,Thursday,16,20,0,16,4,0,38.10031944,-86.17684444,12,1,0,1,0,0,1,0
180446,INDIANA,IN,2,0,4,55,5450,ATTALLA,27,8,August,2010,6,Friday,21,8,0,15,3,0,39.11467778,-86.97532778,12,2,0,1,0,0,1,0
180447,INDIANA,IN,3,0,5,117,3780,BIRMINGHAM,28,8,August,2010,7,Saturday,15,44,0,4,3,0,38.63899722,-86.45914167,12,1,0,1,0,0,1,0
180448,INDIANA,IN,1,0,3,85,600,BENTON,31,8,August,2010,3,Tuesday,1,15,0,16,4,0,41.10399722,-85.96570000,42,2,0,1,0,0,1,1
180449,INDIANA,IN,2,0,3,129,3470,BIGBEE,21,8,August,2010,7,Saturday,8,58,0,4,3,0,38.12855556,-87.91752222,12,1,0,10,0,0,1,0
180450,INDIANA,IN,2,0,3,73,4100,ARGO,25,8,August,2010,4,Wednesday,17,55,1,1,1,2170,40.97658056,-87.25063056,12,1,0,1,0,0,2,0
180451,INDIANA,IN,1,0,1,145,4470,BALD KNOB,27,8,August,2010,6,Friday,2,14,0,16,4,0,39.64309722,-85.91058611,42,2,0,1,0,0,1,1
180452,INDIANA,IN,1,1,1,3,1580,BALDWIN,27,8,August,2010,6,Friday,1,50,0,6,4,0,41.10477222,-85.13855000,8,2,0,1,0,0,1,0
180453,INDIANA,IN,1,0,3,71,570,BRIDGEPORT,26,8,August,2010,5,Thursday,17,51,0,16,4,0,38.93551111,-86.05848333,1,1,0,1,0,0,1,0
180454,INDIANA,IN,2,0,3,169,5040,BRADLEY,1,9,September,2010,4,Wednesday,11,30,0,15,3,0,40.79373333,-85.82038889,12,1,0,1,0,0,1,0
180455,INDIANA,IN,2,0,5,95,140,ALBERTVILLE,2,9,September,2010,5,Thursday,13,20,0,6,4,0,40.07603611,-85.74932222,12,1,0,1,0,0,1,0
180456,INDIANA,IN,1,0,1,141,4580,BEE BRANCH,7,9,September,2010,3,Tuesday,0,1,0,6,4,0,41.67938056,-86.27867778,19,3,0,10,0,0,1,0
180457,INDIANA,IN,2,0,2,97,2210,AXIS,6,8,August,2010,6,Friday,3,55,1,11,1,841,39.79002222,-86.12817778,12,2,0,1,0,0,1,1
180458,INDIANA,IN,2,0,2,97,2210,AXIS,26,8,August,2010,5,Thursday,18,1,0,6,4,0,39.67660833,-86.28868056,12,1,0,1,0,0,1,0
180460,INDIANA,IN,2,0,7,175,4340,CADWELL,4,9,September,2010,7,Saturday,17,19,0,4,3,0,38.57085000,-86.18808611,12,1,0,1,0,0,1,0
180461,INDIANA,IN,1,1,1,89,1730,BROWNSBORO,2,9,September,2010,5,Thursday,5,50,0,6,4,0,41.56453611,-87.35607222,8,4,0,2,0,0,1,0
180462,INDIANA,IN,1,1,1,29,5190,BORDEN SPRINGS,7,9,September,2010,3,Tuesday,15,31,0,16,4,0,39.24049722,-84.87161667,8,1,0,1,0,0,1,0
180463,INDIANA,IN,2,0,3,169,2490,BRADLEY,1,9,September,2010,4,Wednesday,12,9,0,4,3,0,40.65267222,-85.71113889,12,1,0,1,0,0,2,0
180464,INDIANA,IN,2,0,2,169,3650,BRADLEY,4,9,September,2010,7,Saturday,17,55,0,16,4,0,41.02860556,-85.87193333,12,1,0,1,0,0,1,0
180465,INDIANA,IN,1,0,1,141,4580,BEE BRANCH,13,9,September,2010,2,Monday,2,0,0,16,4,0,41.56440833,-86.22920000,30,2,0,1,0,0,1,1
180466,INDIANA,IN,1,0,1,175,4340,CADWELL,11,9,September,2010,7,Saturday,0,40,0,15,3,0,38.59810833,-86.08361944,1,2,0,1,0,0,1,1
180467,INDIANA,IN,2,0,5,95,140,ALBERTVILLE,6,9,September,2010,2,Monday,18,36,0,15,3,0,40.13285556,-85.65735278,12,1,0,1,0,0,1,1
180468,INDIANA,IN,2,0,2,127,4960,BURNWELL,11,9,September,2010,7,Saturday,22,27,0,3,2,0,41.55002222,-87.04656667,12,2,0,1,0,0,1,2
180469,INDIANA,IN,1,0,1,97,2210,AXIS,12,9,September,2010,1,Sunday,2,8,0,6,4,0,39.79627222,-86.11204167,30,2,0,10,0,0,1,1
180470,INDIANA,IN,1,0,1,1,1180,AUTAUGA,12,9,September,2010,1,Sunday,15,6,0,16,4,0,40.88681667,-84.99675833,30,1,0,1,0,0,1,0
180471,INDIANA,IN,1,0,1,33,220,CHEROKEE,13,9,September,2010,2,Monday,13,55,1,1,1,1290,41.36230278,-85.08376667,32,1,0,1,0,0,1,0
180472,INDIANA,IN,2,0,4,61,1030,BELLWOOD,6,9,September,2010,2,Monday,13,35,0,4,3,0,38.22226944,-86.00913056,12,1,0,1,0,0,1,0
180473,INDIANA,IN,1,0,1,97,2210,AXIS,26,8,August,2010,5,Thursday,3,17,0,6,4,0,39.80418333,-86.02728333,42,2,0,1,0,0,1,1
180474,INDIANA,IN,2,0,3,67,2430,ABBEVILLE,13,9,September,2010,2,Monday,19,46,0,15,3,0,40.47722500,-86.05093056,12,5,0,1,0,0,1,0
180475,INDIANA,IN,1,0,1,3,3480,BALDWIN,14,9,September,2010,3,Tuesday,16,10,0,6,4,0,41.05581389,-85.00363889,42,1,0,1,0,0,1,0
180476,INDIANA,IN,2,0,3,97,2210,AXIS,8,9,September,2010,4,Wednesday,9,55,1,1,1,1027,39.65823056,-86.07880278,12,1,0,1,0,0,1,0
180477,INDIANA,IN,2,0,3,39,1410,ANDALUSIA,25,6,June,2010,6,Friday,16,37,0,4,3,0,41.70489444,-85.87130278,12,1,0,1,0,0,1,0
180478,INDIANA,IN,2,0,4,127,4030,BURNWELL,20,8,August,2010,6,Friday,21,35,0,14,2,0,41.63195000,-87.06734722,12,3,0,1,0,0,1,1
180479,INDIANA,IN,2,0,4,157,2480,ARCADE,19,9,September,2010,1,Sunday,10,51,0,16,4,0,40.25821944,-86.71928333,12,1,0,10,0,0,2,0
180480,INDIANA,IN,1,0,1,101,2750,BOYLSTON,20,9,September,2010,2,Monday,12,5,0,3,2,0,38.70829722,-86.91871389,34,1,0,1,0,0,1,0
180481,INDIANA,IN,1,1,1,97,2210,AXIS,12,9,September,2010,1,Sunday,20,10,0,16,4,0,39.68552778,-86.09678611,9,2,0,1,0,0,1,0
180482,INDIANA,IN,2,0,2,75,4330,BEAVERTON,17,9,September,2010,6,Friday,19,51,0,16,4,0,40.38203889,-84.84326944,12,1,0,1,0,0,1,1
180483,INDIANA,IN,3,0,4,97,2210,AXIS,18,9,September,2010,7,Saturday,10,10,0,6,4,0,39.71425833,-86.23833056,12,1,0,1,0,0,1,0
180484,INDIANA,IN,1,0,1,97,2210,AXIS,18,9,September,2010,7,Saturday,0,43,0,6,4,0,39.80993611,-85.99085278,30,2,0,1,0,0,1,1
180485,INDIANA,IN,2,0,2,127,4025,BURNWELL,21,9,September,2010,3,Tuesday,15,33,0,15,3,0,41.60348056,-87.17391111,12,1,0,10,0,0,2,0
180486,INDIANA,IN,2,0,3,87,2500,ARMSTRONG,23,8,August,2010,2,Monday,4,15,0,16,4,0,41.62732778,-85.24799444,12,2,0,10,0,0,1,0
180487,INDIANA,IN,2,0,2,27,3190,ASHLAND,21,9,September,2010,3,Tuesday,13,48,0,3,2,0,38.65535278,-87.06184444,12,1,0,1,0,0,1,0
180488,INDIANA,IN,2,0,2,59,1890,FRANKLIN,9,9,September,2010,5,Thursday,8,30,0,4,3,0,39.88230833,-85.77052222,12,1,0,1,0,0,1,0
180489,INDIANA,IN,2,0,4,149,2420,BELLEVILLE,9,9,September,2010,5,Thursday,10,0,0,16,4,0,41.27360000,-86.67831944,12,1,0,1,0,0,1,0
180490,INDIANA,IN,2,0,4,149,1974,BELLEVILLE,11,9,September,2010,7,Saturday,3,55,0,3,2,0,41.36891944,-86.48958889,12,2,0,1,0,0,2,1
180491,INDIANA,IN,1,0,1,57,170,BANKSTON,26,9,September,2010,1,Sunday,1,45,0,16,4,0,40.17635278,-85.95779167,34,2,0,10,0,0,1,1
180493,INDIANA,IN,2,0,5,167,5230,ADRIAN,26,9,September,2010,1,Sunday,21,37,0,4,3,0,39.52551389,-87.43623056,12,2,0,1,0,0,2,0
180494,INDIANA,IN,2,0,4,33,220,CHEROKEE,27,9,September,2010,2,Monday,12,7,0,16,4,0,99.99990000,999.99990000,12,1,0,10,0,0,1,0
180495,INDIANA,IN,2,0,3,97,2210,AXIS,19,7,July,2010,2,Monday,18,19,0,6,4,0,39.85283056,-86.27632222,12,1,0,2,0,0,1,0
180496,INDIANA,IN,1,1,1,97,2210,AXIS,29,7,July,2010,5,Thursday,22,20,0,6,4,0,39.79670000,-86.00949444,8,2,0,1,0,0,1,0
180497,INDIANA,IN,1,0,1,97,2210,AXIS,5,8,August,2010,5,Thursday,5,15,0,6,4,0,39.73735556,-86.14380000,1,2,0,2,0,0,1,0
180498,INDIANA,IN,1,1,1,97,2210,AXIS,14,9,September,2010,3,Tuesday,8,24,0,6,4,0,39.81061389,-86.13989444,9,1,0,1,0,0,1,0
180499,INDIANA,IN,1,0,1,45,9997,ARITON,4,9,September,2010,7,Saturday,8,5,0,16,4,0,40.36355000,-87.35452778,30,1,0,1,0,0,1,1
180500,INDIANA,IN,3,0,6,63,560,BOLIGEE,23,9,September,2010,5,Thursday,7,50,0,4,3,0,39.88906111,-86.39236389,12,1,0,10,0,0,1,0
180501,INDIANA,IN,1,0,1,97,310,AXIS,25,9,September,2010,7,Saturday,3,45,0,6,4,0,99.99990000,999.99990000,34,2,0,1,0,0,1,0
180502,INDIANA,IN,1,0,1,141,3100,BEE BRANCH,14,9,September,2010,3,Tuesday,13,40,0,6,4,0,41.66303889,-86.16740278,33,1,0,1,0,0,1,0
180503,INDIANA,IN,2,0,2,97,2210,AXIS,29,9,September,2010,4,Wednesday,23,51,1,11,1,1134,39.78275000,-86.16341111,12,2,0,1,0,0,1,1
180504,INDIANA,IN,2,0,2,177,640,LEE,26,9,September,2010,1,Sunday,13,30,1,1,1,1355,39.85306111,-85.17880556,24,1,0,1,0,0,1,0
180505,INDIANA,IN,1,0,1,89,2120,BROWNSBORO,26,9,September,2010,1,Sunday,14,43,0,6,4,0,41.55091944,-87.26002778,33,1,0,1,0,0,1,0
180506,INDIANA,IN,1,0,1,127,4025,BURNWELL,1,10,October,2010,6,Friday,19,20,0,14,2,0,41.59278611,-87.21264722,24,2,0,10,0,0,1,1
180507,INDIANA,IN,2,0,2,93,300,BEAR CREEK,2,10,October,2010,7,Saturday,10,12,0,4,3,0,38.82673611,-86.51132500,12,1,0,1,0,0,1,0
180508,INDIANA,IN,1,0,3,97,2210,AXIS,16,9,September,2010,5,Thursday,3,14,0,6,4,0,39.74553056,-86.09038611,30,3,0,10,0,0,1,0
180509,INDIANA,IN,2,0,2,97,2210,AXIS,1,10,October,2010,6,Friday,14,20,0,6,4,0,39.76242500,-86.08476944,12,1,0,1,0,0,1,1
180510,INDIANA,IN,1,0,3,63,900,BOLIGEE,2,10,October,2010,7,Saturday,22,0,0,16,4,0,39.69960833,-86.48570556,30,2,0,10,0,0,1,1
180511,INDIANA,IN,1,0,1,3,1850,BALDWIN,5,10,October,2010,3,Tuesday,15,42,0,16,4,0,41.20636111,-84.90363056,1,1,0,1,0,0,1,0
180512,INDIANA,IN,1,1,1,19,2270,CEDAR BLUFF,4,10,October,2010,2,Monday,22,23,0,6,4,0,38.28131389,-85.74262500,8,2,0,1,0,0,1,0
180513,INDIANA,IN,3,0,6,109,2890,ANSLEY,5,10,October,2010,3,Tuesday,12,7,0,4,3,0,39.40788056,-86.51209722,12,1,0,1,0,0,1,0
180514,INDIANA,IN,1,0,1,35,1340,BROOKLYN,5,10,October,2010,3,Tuesday,7,54,0,16,4,0,40.35491667,-85.44170278,24,1,0,1,0,0,1,0
180515,INDIANA,IN,1,1,2,99,4010,BEATRICE,3,8,August,2010,3,Tuesday,15,52,0,16,4,0,41.33067778,-86.26155833,9,1,0,1,0,0,1,0
180516,INDIANA,IN,2,0,3,99,4010,BEATRICE,10,9,September,2010,6,Friday,16,12,0,16,4,0,41.33531944,-86.42987222,12,1,0,1,0,0,1,1
180517,INDIANA,IN,2,0,5,125,4690,BROOKWOOD,6,9,September,2010,2,Monday,15,52,0,4,3,0,99.99990000,999.99990000,12,1,0,1,0,0,1,0
180518,INDIANA,IN,1,0,1,59,5310,FRANKLIN,24,9,September,2010,6,Friday,21,48,0,4,3,0,39.89202500,-85.61542500,1,2,0,1,0,0,1,0
180519,INDIANA,IN,1,1,4,65,2400,CYPRESS,30,9,September,2010,5,Thursday,0,34,0,3,2,0,39.79335278,-85.56440000,9,2,0,1,0,0,1,0
180520,INDIANA,IN,1,0,4,55,2810,ATTALLA,27,9,September,2010,2,Monday,20,10,0,16,4,0,38.99447222,-87.09643333,32,1,0,1,0,0,1,0
180521,INDIANA,IN,1,1,1,97,2600,AXIS,6,9,September,2010,2,Monday,21,47,0,14,2,0,39.84401944,-86.01116944,8,2,0,1,0,0,1,0
180522,INDIANA,IN,1,0,2,19,4420,CEDAR BLUFF,7,10,October,2010,5,Thursday,23,15,0,16,4,0,38.52228333,-85.82682500,34,2,0,1,0,0,1,0
180523,INDIANA,IN,1,0,1,145,4470,BALD KNOB,2,10,October,2010,7,Saturday,21,35,0,16,4,0,39.56939167,-85.82738333,30,2,0,1,0,0,1,0
180524,INDIANA,IN,1,0,1,79,3670,COURTLAND,10,10,October,2010,1,Sunday,3,33,0,16,4,0,39.07694167,-85.71928056,35,2,0,1,0,0,1,1
180525,INDIANA,IN,2,0,3,53,2850,ATMORE,1,10,October,2010,6,Friday,12,30,0,16,4,0,40.52397500,-85.59655556,12,1,0,1,0,0,1,0
180526,INDIANA,IN,1,0,2,5,990,BAKER HILL,10,10,October,2010,1,Sunday,16,12,0,16,4,0,39.14973056,-85.92578889,42,1,0,1,0,0,2,1
180527,INDIANA,IN,2,0,3,89,4380,BROWNSBORO,8,10,October,2010,6,Friday,20,3,0,14,2,0,41.49089444,-87.48139722,12,3,0,1,0,0,1,1
180528,INDIANA,IN,2,0,2,119,4630,BELLAMY,7,10,October,2010,5,Thursday,15,28,0,16,4,0,39.31743333,-86.78323611,12,1,0,1,0,0,1,0
180529,INDIANA,IN,2,0,2,63,560,BOLIGEE,9,10,October,2010,7,Saturday,18,45,0,6,4,0,39.84660278,-86.37695833,12,1,0,1,0,0,1,1
180530,INDIANA,IN,2,0,2,97,2210,AXIS,10,10,October,2010,1,Sunday,14,15,0,6,4,0,39.78855556,-86.16860278,12,1,0,1,0,0,1,1
180531,INDIANA,IN,2,0,4,91,2990,DAYTON,2,10,October,2010,7,Saturday,20,22,0,3,2,0,41.65143056,-86.89421667,12,3,0,2,0,0,1,0
180532,INDIANA,IN,2,0,2,183,980,FORT STEWART,10,10,October,2010,1,Sunday,16,19,0,3,2,0,41.14123889,-85.43475278,12,1,0,1,0,0,1,0
180533,INDIANA,IN,1,0,2,109,2890,ANSLEY,10,10,October,2010,1,Sunday,21,24,0,6,4,0,39.46508889,-86.32533056,42,2,0,1,0,0,1,0
180534,INDIANA,IN,2,0,4,49,1700,COLLINSVILLE,28,9,September,2010,3,Tuesday,20,15,0,4,3,0,40.94600000,-86.30232778,12,2,0,1,0,0,1,0
180536,INDIANA,IN,1,0,2,141,2530,BEE BRANCH,7,10,October,2010,5,Thursday,23,50,0,3,2,0,41.51680278,-86.28335833,24,2,0,1,0,0,1,1
180537,INDIANA,IN,1,0,1,39,1830,ANDALUSIA,18,9,September,2010,7,Saturday,5,27,0,16,4,0,41.55188333,-85.77090833,19,2,0,1,0,0,1,1
180538,INDIANA,IN,2,0,2,145,4470,BALD KNOB,24,9,September,2010,6,Friday,6,46,1,1,1,1060,39.61782222,-85.86931111,12,2,0,1,0,0,1,0
180539,INDIANA,IN,2,0,2,53,1490,ATMORE,9,10,October,2010,7,Saturday,8,45,0,16,4,0,40.43724722,-85.64460833,12,1,0,1,0,0,1,0
180540,INDIANA,IN,2,0,2,63,3990,BOLIGEE,13,10,October,2010,4,Wednesday,23,50,0,3,2,0,39.71114722,-86.37536944,12,2,0,1,0,0,1,0
180541,INDIANA,IN,2,0,3,79,3670,COURTLAND,23,9,September,2010,5,Thursday,5,13,0,4,3,0,38.91151111,-85.62158611,12,2,0,5,0,0,1,0
180542,INDIANA,IN,1,0,2,169,3650,BRADLEY,1,10,October,2010,6,Friday,5,24,0,6,4,0,41.00427778,-85.76723889,42,3,0,2,0,0,1,0
180543,INDIANA,IN,1,0,5,97,2210,AXIS,16,10,October,2010,7,Saturday,15,58,0,6,4,0,39.76441111,-86.27953889,5,1,0,1,0,0,1,0
180544,INDIANA,IN,1,1,1,81,1950,AUBURN,16,10,October,2010,7,Saturday,8,53,1,1,1,1000,39.62522500,-86.07414722,8,1,0,1,0,0,1,0
180545,INDIANA,IN,1,0,1,97,2210,AXIS,16,10,October,2010,7,Saturday,23,51,0,6,4,0,39.66035556,-85.97127778,5,2,0,1,0,0,1,1
180546,INDIANA,IN,1,1,1,89,2515,BROWNSBORO,16,10,October,2010,7,Saturday,23,28,0,15,3,0,41.58296389,-87.24063056,8,2,0,1,0,0,1,1
180547,INDIANA,IN,2,0,5,91,5085,DAYTON,17,10,October,2010,1,Sunday,23,0,0,3,2,0,41.37577778,-86.89155556,12,2,0,1,0,0,1,1
180548,INDIANA,IN,1,0,2,105,380,MARION,16,10,October,2010,7,Saturday,17,26,0,15,3,0,39.18674722,-86.54673056,1,1,0,1,0,0,1,0
180549,INDIANA,IN,2,0,3,21,770,CHILTON,15,10,October,2010,6,Friday,13,17,0,4,3,0,39.38646389,-87.11060000,12,1,0,1,0,0,1,0
180550,INDIANA,IN,1,0,1,157,2480,ARCADE,16,10,October,2010,7,Saturday,19,39,0,6,4,0,40.41823333,-86.89552500,33,2,0,1,0,0,1,0
180551,INDIANA,IN,1,0,1,73,1206,ARGO,19,10,October,2010,3,Tuesday,1,30,0,16,4,0,41.22450556,-87.18028889,1,2,0,5,0,0,1,1
180552,INDIANA,IN,3,0,4,89,1730,BROWNSBORO,14,10,October,2010,5,Thursday,21,3,0,6,4,0,41.53955000,-87.34598611,12,2,0,1,0,0,1,0
180553,INDIANA,IN,2,0,3,119,4630,BELLAMY,15,10,October,2010,6,Friday,16,23,0,3,2,0,39.45733611,-86.77446111,14,1,0,1,0,0,1,0
180554,INDIANA,IN,1,0,1,141,3440,BEE BRANCH,9,10,October,2010,7,Saturday,22,47,0,3,2,0,41.71162222,-86.41111944,53,2,0,1,0,0,1,0
180555,INDIANA,IN,1,0,7,69,5090,ASHFORD,19,10,October,2010,3,Tuesday,14,41,1,1,1,760,40.70865278,-85.45166111,18,1,0,1,0,0,1,0
180556,INDIANA,IN,1,0,1,167,5230,ADRIAN,21,10,October,2010,5,Thursday,18,25,0,16,4,0,39.57832222,-87.46883056,34,5,0,1,0,0,1,0
180557,INDIANA,IN,1,0,1,95,140,ALBERTVILLE,22,10,October,2010,6,Friday,5,34,0,6,4,0,40.07639722,-85.65837222,31,3,0,1,0,0,1,0
180558,INDIANA,IN,1,0,1,39,480,ANDALUSIA,22,10,October,2010,6,Friday,23,40,0,4,3,0,41.69326389,-85.81684722,34,2,0,1,0,0,1,1
180559,INDIANA,IN,1,0,1,17,2730,CHAMBERS,24,10,October,2010,1,Sunday,5,0,0,6,4,0,40.74700556,-86.38300833,42,6,0,10,0,0,1,1
180560,INDIANA,IN,1,0,1,3,2645,BALDWIN,24,10,October,2010,1,Sunday,10,45,0,16,4,0,41.18078611,-85.02654167,43,1,0,10,0,0,1,0
180561,INDIANA,IN,1,1,1,127,4960,BURNWELL,21,10,October,2010,5,Thursday,18,38,0,15,3,0,99.99990000,999.99990000,9,2,0,1,0,0,1,0
180562,INDIANA,IN,2,0,3,141,4580,BEE BRANCH,23,10,October,2010,7,Saturday,5,25,1,1,1,764,41.72257778,-86.25675278,12,2,0,10,0,0,1,0