ST_CASE,State Name,State Abbreviation,VE_TOTAL,Pedestrains,Total_Persons_in_accident,COUNTY,CITY,City_County_Name,Calendar_DAY,MONTH,Month_Name,YEAR,DAY_WEEK,Day_Week_desc,HOUR,MINUTE,NHS_Desc,trafficway,ROUTE,MILEPT,LATITUDE,LONGITUD,First_Crash_event,Light_cond_desc,Weather_condition,WEATHER,SCH_BUS,Crash_cause,FATALS,DRUNK_DR
180563,INDIANA,IN,1,0,3,97,2210,AXIS,19,9,September,2010,1,Sunday,3,15,0,6,4,0,39.80504167,-86.21649722,30,2,0,1,0,0,1,1
180564,INDIANA,IN,2,0,2,127,4960,BURNWELL,26,10,October,2010,3,Tuesday,6,8,0,3,2,0,41.47103056,-87.20561111,12,2,0,6,0,0,1,0
180565,INDIANA,IN,1,0,1,149,2420,BELLEVILLE,7,10,October,2010,5,Thursday,12,45,0,4,3,0,41.33164444,-86.62084444,10,1,0,1,0,0,1,1
180566,INDIANA,IN,2,0,3,157,2480,ARCADE,2,10,October,2010,7,Saturday,2,5,1,11,1,1720,40.42097778,-86.82417778,12,2,0,1,0,0,1,0
180567,INDIANA,IN,1,0,1,47,550,BROWNS,10,10,October,2010,1,Sunday,15,45,0,4,3,0,39.41681667,-84.99504167,34,1,0,1,0,0,1,0
180568,INDIANA,IN,1,0,3,19,4420,CEDAR BLUFF,26,10,October,2010,3,Tuesday,17,3,1,11,1,175,38.50445278,-85.77083611,52,1,0,10,0,0,1,0
180569,INDIANA,IN,2,0,2,95,3910,ALBERTVILLE,23,10,October,2010,7,Saturday,20,21,0,4,3,0,39.98935278,-85.68271667,12,2,0,10,0,0,1,0
180570,INDIANA,IN,2,0,3,89,2090,BROWNSBORO,17,10,October,2010,1,Sunday,18,50,0,6,4,0,41.53743056,-87.45503333,12,2,0,1,0,0,1,0
180571,INDIANA,IN,1,2,1,65,3450,CYPRESS,7,10,October,2010,5,Thursday,7,15,0,6,4,0,39.91743889,-85.41904444,8,2,0,1,0,0,1,0
180572,INDIANA,IN,2,0,2,69,5090,ASHFORD,29,10,October,2010,6,Friday,11,43,0,4,3,0,40.65412500,-85.39591389,12,1,0,1,0,0,1,0
180573,INDIANA,IN,3,0,4,81,4880,AUBURN,29,10,October,2010,6,Friday,14,54,0,4,3,0,39.40867778,-86.13933611,12,1,0,1,0,0,1,0
180574,INDIANA,IN,1,0,2,39,1830,ANDALUSIA,29,10,October,2010,6,Friday,17,20,0,15,3,0,41.57160000,-85.83025833,42,1,0,1,0,0,1,0
180575,INDIANA,IN,2,0,2,3,3480,BALDWIN,30,10,October,2010,7,Saturday,7,15,0,3,2,0,41.10069722,-84.96937778,12,2,0,1,0,0,1,0
180576,INDIANA,IN,1,0,1,35,3360,BROOKLYN,30,10,October,2010,7,Saturday,3,0,0,16,4,0,40.26276111,-85.34952222,1,2,0,1,0,0,1,1
180577,INDIANA,IN,2,0,2,161,2660,DENTON,27,10,October,2010,4,Wednesday,8,16,0,3,2,0,39.70536944,-84.92770556,12,1,0,1,0,0,1,0
180578,INDIANA,IN,1,0,2,79,3670,COURTLAND,22,10,October,2010,6,Friday,21,0,0,16,4,0,39.01481667,-85.52573333,38,2,0,1,0,0,2,0
180579,INDIANA,IN,2,0,2,71,570,BRIDGEPORT,13,10,October,2010,4,Wednesday,6,25,0,3,2,0,38.90870000,-85.98878889,12,2,0,10,0,0,1,0
180580,INDIANA,IN,1,0,1,121,2880,BON AIR,19,9,September,2010,1,Sunday,19,5,0,16,4,0,39.77386111,-87.22015278,1,5,0,1,0,0,1,0
180581,INDIANA,IN,2,0,5,51,3830,CENTRAL,2,11,November,2010,3,Tuesday,13,16,0,4,3,0,38.25418889,-87.65223056,12,1,0,1,0,0,3,0
180582,INDIANA,IN,2,0,4,99,2550,BEATRICE,28,10,October,2010,5,Thursday,17,27,0,3,2,0,41.46251111,-86.30730833,12,5,0,10,0,0,1,0
180583,INDIANA,IN,1,0,2,31,1910,COFFEE,3,11,November,2010,4,Wednesday,15,49,0,16,4,0,39.35713056,-85.40891667,38,1,0,1,0,0,1,0
180584,INDIANA,IN,1,0,1,63,3990,BOLIGEE,2,11,November,2010,3,Tuesday,1,46,1,11,1,690,39.68773889,-86.32378611,24,2,0,1,0,0,1,1
180585,INDIANA,IN,2,0,2,113,2320,COTTONTON,4,11,November,2010,5,Thursday,21,50,0,3,2,0,41.45263333,-85.36634444,12,2,0,1,0,0,1,0
180586,INDIANA,IN,2,0,2,91,5085,DAYTON,5,11,November,2010,6,Friday,14,19,0,3,2,0,41.43426389,-86.91026667,12,1,0,10,0,0,1,0
180587,INDIANA,IN,1,0,1,147,1860,AUGUSTA,6,11,November,2010,7,Saturday,3,55,0,4,3,0,37.93920000,-86.98039722,42,2,0,1,0,0,1,1
180588,INDIANA,IN,2,0,3,83,3700,ARDMORE,2,11,November,2010,3,Tuesday,15,32,0,3,2,0,38.88190556,-87.44175556,12,1,0,1,0,0,1,0
180589,INDIANA,IN,1,0,1,89,1730,BROWNSBORO,27,10,October,2010,4,Wednesday,2,5,0,6,4,0,41.59442500,-87.35686667,52,2,0,1,0,0,1,1
180590,INDIANA,IN,2,0,4,43,1939,BAILEYTON,6,11,November,2010,7,Saturday,21,25,0,3,2,0,38.37779722,-86.00363611,12,2,0,1,0,0,2,0
180591,INDIANA,IN,3,0,4,3,1850,BALDWIN,9,11,November,2010,3,Tuesday,15,29,0,16,4,0,41.22973333,-85.07743889,12,1,0,1,0,0,2,0
180592,INDIANA,IN,2,0,4,71,4440,BRIDGEPORT,5,11,November,2010,6,Friday,19,3,0,3,2,0,38.98396667,-85.83515278,12,2,0,1,0,0,1,0
180593,INDIANA,IN,2,0,2,15,1200,ANNISTON,12,11,November,2010,6,Friday,5,19,0,15,3,0,40.59629444,-86.65629444,12,2,0,1,0,0,1,0
180594,INDIANA,IN,2,0,9,91,2990,DAYTON,31,10,October,2010,1,Sunday,2,15,1,1,1,450,41.70158611,-86.80787222,12,2,0,1,0,0,1,1
180595,INDIANA,IN,2,0,5,99,4010,BEATRICE,12,11,November,2010,6,Friday,18,11,0,3,2,0,41.36043611,-86.29208056,12,2,0,1,0,0,1,0
180596,INDIANA,IN,3,1,1,89,2120,BROWNSBORO,4,11,November,2010,5,Thursday,23,41,1,11,1,2581,41.56262778,-87.30685278,14,3,0,10,0,0,1,1
180597,INDIANA,IN,2,0,3,161,2660,DENTON,13,11,November,2010,7,Saturday,2,35,0,3,2,0,39.65031111,-84.92741389,14,2,0,1,0,0,1,0
180598,INDIANA,IN,1,0,1,83,5030,ARDMORE,8,11,November,2010,2,Monday,13,30,0,3,2,0,38.69421944,-87.49465556,50,1,0,1,0,0,1,1
180599,INDIANA,IN,1,0,1,11,2630,BULLOCK,16,11,November,2010,3,Tuesday,2,42,0,16,4,0,39.97389722,-86.47364722,34,2,0,1,0,0,1,1
180600,INDIANA,IN,2,0,3,97,2210,AXIS,14,11,November,2010,1,Sunday,11,23,0,6,4,0,39.76428056,-86.28936667,12,1,0,1,0,0,1,0
180601,INDIANA,IN,4,0,4,3,1580,BALDWIN,15,11,November,2010,2,Monday,12,54,0,6,4,0,41.03786667,-85.24489444,12,1,0,1,0,0,1,0
180602,INDIANA,IN,1,0,2,71,1090,BRIDGEPORT,7,11,November,2010,1,Sunday,18,32,1,1,1,375,38.78911389,-85.82038889,35,2,0,1,0,0,1,0
180603,INDIANA,IN,5,0,7,169,5040,BRADLEY,15,11,November,2010,2,Monday,13,51,0,4,3,0,40.84725556,-85.79163611,12,1,0,1,0,0,1,0
180604,INDIANA,IN,2,0,2,181,5400,LINCOLN,9,11,November,2010,3,Tuesday,7,53,0,16,4,0,40.75096389,-87.07969722,12,1,0,1,0,0,1,0
180605,INDIANA,IN,2,0,4,61,3572,BELLWOOD,3,4,April,2010,7,Saturday,21,5,0,4,3,0,38.32886389,-86.09813611,12,2,0,1,0,0,1,0
180606,INDIANA,IN,1,0,1,19,800,CEDAR BLUFF,24,4,April,2010,7,Saturday,10,55,0,4,3,0,38.42279722,-85.72498889,42,1,0,1,0,0,1,0
180607,INDIANA,IN,2,0,2,13,3390,BOLLING,16,11,November,2010,3,Tuesday,5,57,0,4,3,0,39.19554444,-86.09607778,12,2,0,10,0,0,1,0
180608,INDIANA,IN,1,0,1,143,4400,CANEHILL,7,9,September,2010,3,Tuesday,17,20,1,11,1,99999,38.58826389,-85.77893333,38,1,0,1,0,0,1,0
180609,INDIANA,IN,2,0,2,149,1974,BELLEVILLE,2,11,November,2010,3,Tuesday,14,19,0,3,2,0,41.36869167,-86.48643611,12,1,0,1,0,0,1,0
180610,INDIANA,IN,1,1,1,97,2210,AXIS,13,11,November,2010,7,Saturday,5,42,0,6,4,0,39.81196389,-85.97196667,8,2,0,1,0,0,1,0
180611,INDIANA,IN,1,0,2,25,3080,BARLOW BEND,31,10,October,2010,1,Sunday,10,20,0,4,3,0,38.37100278,-86.33159722,34,1,0,1,0,0,1,0
180612,INDIANA,IN,2,0,3,163,1480,AVERA,8,11,November,2010,2,Monday,18,35,0,3,2,0,38.15784444,-87.55082222,12,2,0,1,0,0,1,0
180613,INDIANA,IN,1,0,1,83,5030,ARDMORE,9,11,November,2010,3,Tuesday,13,25,0,16,4,0,38.53890000,-87.60309167,32,1,0,1,0,0,1,0
180614,INDIANA,IN,1,0,1,11,5280,BULLOCK,13,11,November,2010,7,Saturday,4,14,0,6,4,0,39.98783889,-86.34683056,5,2,0,1,0,0,1,1
180615,INDIANA,IN,1,0,1,57,3590,BANKSTON,16,11,November,2010,3,Tuesday,5,5,0,6,4,0,40.06033611,-86.05916944,34,2,0,1,0,0,1,0
180616,INDIANA,IN,1,1,1,19,2270,CEDAR BLUFF,18,11,November,2010,5,Thursday,18,19,0,6,4,0,38.31702500,-85.71584444,8,2,0,1,0,0,1,0
180617,INDIANA,IN,1,0,2,21,450,CHILTON,18,11,November,2010,5,Thursday,19,30,0,16,4,0,39.40566111,-86.98365278,42,2,0,1,0,0,1,1
180618,INDIANA,IN,1,1,4,89,2972,BROWNSBORO,31,10,October,2010,1,Sunday,4,13,0,14,2,0,41.47128611,-87.37289444,8,2,0,10,0,0,1,0
180620,INDIANA,IN,1,0,3,23,1640,BLADON SPRINGS,20,11,November,2010,7,Saturday,21,1,1,1,1,1530,40.26411944,-86.65743333,1,2,0,1,0,0,1,0
180621,INDIANA,IN,1,0,1,145,4470,BALD KNOB,25,7,July,2010,1,Sunday,7,35,0,16,4,0,39.54771111,-85.87566111,42,1,0,1,0,0,1,0
180622,INDIANA,IN,2,0,2,93,300,BEAR CREEK,22,11,November,2010,2,Monday,14,44,0,4,3,0,38.86136389,-86.52111111,12,1,0,10,0,0,1,0
180623,INDIANA,IN,1,0,1,15,1200,ANNISTON,5,7,July,2010,2,Monday,7,15,0,3,2,0,40.46170833,-86.63157500,35,4,0,1,0,0,1,0
180624,INDIANA,IN,1,0,1,31,1910,COFFEE,28,8,August,2010,7,Saturday,6,0,0,14,2,0,39.33247222,-85.47505000,43,2,0,1,0,0,1,1
180625,INDIANA,IN,3,1,2,89,1730,BROWNSBORO,17,11,November,2010,4,Wednesday,13,34,0,15,3,0,41.54051389,-87.33658889,8,1,0,1,0,0,1,0
180626,INDIANA,IN,1,1,1,95,140,ALBERTVILLE,23,11,November,2010,3,Tuesday,14,30,0,16,4,0,40.02285000,-85.69215833,8,1,0,1,0,0,1,0
180627,INDIANA,IN,1,0,1,153,4750,BONAIRE,22,11,November,2010,2,Monday,3,10,0,16,4,0,39.04038611,-87.44185833,34,2,0,1,0,0,1,1
180628,INDIANA,IN,1,2,1,55,2250,ATTALLA,7,11,November,2010,1,Sunday,20,8,0,15,3,0,39.16311667,-87.20285278,8,3,0,1,0,0,1,0
180629,INDIANA,IN,2,0,1,99,4010,BEATRICE,25,11,November,2010,5,Thursday,22,13,0,6,4,0,41.34709444,-86.32867778,14,3,0,1,0,0,1,0
180630,INDIANA,IN,4,0,6,81,4880,AUBURN,27,11,November,2010,7,Saturday,11,50,0,4,3,0,39.40912500,-86.10898333,12,1,0,1,0,0,1,0
180631,INDIANA,IN,1,1,4,67,2430,ABBEVILLE,27,11,November,2010,7,Saturday,21,23,0,6,4,0,40.49083056,-86.14225833,8,3,0,1,0,0,1,0
180632,INDIANA,IN,2,0,2,181,5400,LINCOLN,15,10,October,2010,6,Friday,15,36,0,16,4,0,40.70367500,-86.98562500,12,1,0,1,0,0,1,0
180633,INDIANA,IN,1,0,1,163,1480,AVERA,16,10,October,2010,7,Saturday,1,14,0,16,4,0,37.99056667,-87.65161944,42,2,0,1,0,0,1,1
180634,INDIANA,IN,2,0,3,97,2210,AXIS,24,11,November,2010,4,Wednesday,19,59,0,6,4,0,39.88108333,-86.09080833,12,3,0,2,0,0,1,0
180635,INDIANA,IN,2,0,2,97,2210,AXIS,21,11,November,2010,1,Sunday,4,29,0,6,4,0,39.87185278,-85.95712778,12,2,0,1,0,0,2,1
180636,INDIANA,IN,6,0,6,127,820,BURNWELL,24,11,November,2010,4,Wednesday,7,45,0,15,3,0,41.57628889,-87.04570833,12,1,0,1,0,0,1,0
180637,INDIANA,IN,3,0,8,141,4580,BEE BRANCH,24,10,October,2010,1,Sunday,13,11,0,14,2,0,99.99990000,999.99990000,12,1,0,1,0,0,1,0
180638,INDIANA,IN,2,0,3,89,2972,BROWNSBORO,25,11,November,2010,5,Thursday,16,32,0,6,4,0,41.50729167,-87.32193333,12,2,0,10,0,0,1,0
180639,INDIANA,IN,2,0,2,147,1780,AUGUSTA,25,11,November,2010,5,Thursday,12,3,0,4,3,0,38.11396389,-87.02991389,12,1,0,2,0,0,1,0
180640,INDIANA,IN,1,0,1,59,1890,FRANKLIN,30,11,November,2010,3,Tuesday,6,44,0,16,4,0,39.82828056,-85.79021944,11,2,0,10,0,0,1,0
180641,INDIANA,IN,2,0,2,3,2178,BALDWIN,2,12,December,2010,5,Thursday,17,30,0,3,2,0,41.19883889,-85.30111389,12,2,0,1,0,0,1,0
180642,INDIANA,IN,3,0,5,63,251,BOLIGEE,17,6,June,2010,5,Thursday,15,45,0,6,4,0,39.73368611,-86.38100278,12,1,0,1,0,0,1,0
180643,INDIANA,IN,1,1,1,97,2210,AXIS,30,11,November,2010,3,Tuesday,18,30,0,6,4,0,39.80016111,-86.21143333,8,2,0,10,0,0,1,0
180644,INDIANA,IN,1,0,2,81,1650,AUBURN,20,11,November,2010,7,Saturday,13,28,0,6,4,0,39.52086111,-86.05908333,31,1,0,10,0,0,1,0
180645,INDIANA,IN,1,0,1,37,2260,BRADFORD,21,11,November,2010,1,Sunday,17,9,0,16,4,0,99.99990000,999.99990000,34,1,0,10,0,0,1,0
180646,INDIANA,IN,2,0,3,97,2210,AXIS,25,11,November,2010,5,Thursday,15,50,0,6,4,0,39.78215833,-86.01651111,12,1,0,2,0,0,1,0
180647,INDIANA,IN,1,0,4,113,60,COTTONTON,27,11,November,2010,7,Saturday,3,30,0,16,4,0,41.27961389,-85.40136389,30,2,0,10,0,0,1,1
180648,INDIANA,IN,2,0,3,97,2210,AXIS,27,11,November,2010,7,Saturday,22,54,0,6,4,0,39.70124444,-86.13920556,12,2,0,1,0,0,1,0
180649,INDIANA,IN,1,0,1,71,9997,BRIDGEPORT,30,11,November,2010,3,Tuesday,15,19,0,16,4,0,99.99990000,999.99990000,42,1,0,10,0,0,1,0
180650,INDIANA,IN,2,0,4,97,2210,AXIS,30,11,November,2010,3,Tuesday,15,14,0,6,4,0,39.90697222,-86.24074444,12,1,0,1,0,0,1,0
180651,INDIANA,IN,3,0,7,89,2972,BROWNSBORO,2,12,December,2010,5,Thursday,18,32,0,15,3,0,41.48581944,-87.36551389,12,2,0,1,0,0,1,0
180652,INDIANA,IN,1,1,1,127,4960,BURNWELL,2,12,December,2010,5,Thursday,18,45,0,16,4,0,41.42747500,-87.04673889,8,2,0,10,0,0,1,0
180653,INDIANA,IN,1,2,1,97,2210,AXIS,3,12,December,2010,6,Friday,6,26,1,11,1,936,39.73207500,-86.04397778,8,2,0,10,0,0,1,0
180654,INDIANA,IN,2,0,4,23,1640,BLADON SPRINGS,3,12,December,2010,6,Friday,17,25,0,16,4,0,40.35197222,-86.46849722,12,5,0,10,0,0,1,1
180655,INDIANA,IN,1,1,1,39,1830,ANDALUSIA,3,12,December,2010,6,Friday,10,20,0,6,4,0,41.58665556,-85.86738056,8,1,0,10,0,0,1,0
180656,INDIANA,IN,2,0,3,73,1206,ARGO,3,12,December,2010,6,Friday,5,33,1,1,1,2270,41.10916944,-87.26534722,12,2,0,1,0,0,2,0
180657,INDIANA,IN,1,0,2,153,700,BONAIRE,4,12,December,2010,7,Saturday,19,51,0,3,2,0,38.99644167,-87.40164722,30,2,0,3,0,0,1,0
180658,INDIANA,IN,1,0,2,91,2570,DAYTON,4,12,December,2010,7,Saturday,7,36,0,16,4,0,41.53299722,-86.82683889,42,1,0,4,0,0,1,0
180659,INDIANA,IN,1,0,1,1,1180,AUTAUGA,4,12,December,2010,7,Saturday,22,57,0,16,4,0,40.75883056,-84.99546944,1,2,0,1,0,0,1,0
180660,INDIANA,IN,1,0,2,19,800,CEDAR BLUFF,8,12,December,2010,4,Wednesday,14,45,0,4,3,0,38.52839444,-85.73781944,31,1,0,1,0,0,1,0
180661,INDIANA,IN,1,0,1,173,410,LAKELAND,9,12,December,2010,5,Thursday,13,58,0,4,3,0,38.03970833,-87.22586667,34,1,0,10,0,0,1,0
180662,INDIANA,IN,2,0,4,57,170,BANKSTON,10,12,December,2010,6,Friday,11,38,0,3,2,0,40.13091944,-86.12835000,12,1,0,1,0,0,1,0
180663,INDIANA,IN,2,0,5,167,5230,ADRIAN,12,12,December,2010,1,Sunday,13,15,0,16,4,0,39.43755278,-87.53150833,12,1,0,4,0,0,1,0
180664,INDIANA,IN,1,0,1,89,2010,BROWNSBORO,11,12,December,2010,7,Saturday,8,46,0,6,4,0,41.62301389,-87.50790556,30,1,0,10,0,0,1,0
180665,INDIANA,IN,2,0,2,167,4840,ADRIAN,19,11,November,2010,6,Friday,7,20,0,6,4,0,39.49198611,-87.36053333,12,4,0,1,0,0,1,0
180666,INDIANA,IN,2,0,3,3,1580,BALDWIN,12,12,December,2010,1,Sunday,16,57,0,6,4,0,41.02057778,-85.18910278,12,2,0,4,0,0,1,0
180667,INDIANA,IN,1,0,1,45,1040,ARITON,1,10,October,2010,6,Friday,11,45,0,4,3,0,40.05140278,-87.33804722,42,1,0,1,0,0,1,0
180668,INDIANA,IN,1,0,1,145,4470,BALD KNOB,10,12,December,2010,6,Friday,17,50,0,16,4,0,39.61222778,-85.73912500,42,2,0,10,0,0,1,0
180669,INDIANA,IN,2,0,2,89,2010,BROWNSBORO,15,12,December,2010,4,Wednesday,11,16,0,6,4,0,41.58797222,-87.44225556,12,1,0,1,0,0,1,0
180670,INDIANA,IN,1,0,1,95,3910,ALBERTVILLE,16,12,December,2010,5,Thursday,13,30,0,4,3,0,40.00955556,-85.78777222,34,1,0,1,0,0,1,0
180671,INDIANA,IN,2,0,3,73,4090,ARGO,16,12,December,2010,5,Thursday,11,15,1,1,1,2050,40.81874722,-87.16351111,12,1,0,10,0,0,1,0
180672,INDIANA,IN,2,1,5,105,380,MARION,18,12,December,2010,7,Saturday,1,41,0,16,4,0,39.10174167,-86.57709444,12,2,0,1,0,0,1,0
180673,INDIANA,IN,2,0,5,19,2270,CEDAR BLUFF,20,12,December,2010,2,Monday,21,34,0,4,3,0,38.38640833,-85.68469167,34,2,0,4,0,0,1,0
180674,INDIANA,IN,2,0,2,139,4270,CALION,20,12,December,2010,2,Monday,6,30,0,4,3,0,39.57311111,-85.59452500,12,2,0,10,0,0,1,0
180675,INDIANA,IN,2,0,2,101,4520,BOYLSTON,20,12,December,2010,2,Monday,17,0,0,3,2,0,38.67683333,-86.79800000,12,3,0,1,0,0,2,0
180676,INDIANA,IN,1,0,1,153,2200,BONAIRE,25,12,December,2010,7,Saturday,9,27,0,4,3,0,39.18628056,-87.26660000,34,1,0,10,0,0,1,0
180677,INDIANA,IN,3,0,5,115,4150,ASHVILLE,26,10,October,2010,3,Tuesday,18,2,0,4,3,0,39.00921389,-84.87723889,12,1,0,1,0,0,1,0
180678,INDIANA,IN,2,0,3,3,1580,BALDWIN,22,12,December,2010,4,Wednesday,17,11,0,6,4,0,41.01760000,-85.10705000,12,5,0,10,0,0,1,1
180679,INDIANA,IN,2,0,2,71,4440,BRIDGEPORT,15,12,December,2010,4,Wednesday,13,36,0,3,2,0,38.98389722,-85.83489444,12,1,0,10,0,0,1,0
180680,INDIANA,IN,1,1,1,23,1640,BLADON SPRINGS,24,12,December,2010,6,Friday,10,32,0,14,2,0,40.27975278,-86.50487778,9,1,0,10,0,0,1,0
180681,INDIANA,IN,2,0,4,105,380,MARION,27,12,December,2010,2,Monday,9,30,0,4,3,0,39.26597222,-86.52256111,12,1,0,1,0,0,1,0
180682,INDIANA,IN,1,0,3,97,2210,AXIS,26,12,December,2010,1,Sunday,22,25,0,6,4,0,39.77461667,-86.10743056,21,3,0,1,0,0,1,1
180683,INDIANA,IN,1,0,2,117,3780,BIRMINGHAM,24,12,December,2010,6,Friday,20,5,0,4,3,0,38.55742778,-86.34890278,35,2,0,10,0,0,1,0
180684,INDIANA,IN,1,0,1,5,990,BAKER HILL,27,12,December,2010,2,Monday,8,52,0,6,4,0,39.22269167,-85.92158889,43,1,0,1,0,0,1,1
180685,INDIANA,IN,1,0,2,167,4840,ADRIAN,24,12,December,2010,6,Friday,1,17,0,6,4,0,39.46758889,-87.40444722,42,3,0,1,0,0,1,1
180686,INDIANA,IN,2,0,6,3,1580,BALDWIN,10,12,December,2010,6,Friday,1,20,0,6,4,0,41.05629722,-85.11376667,12,3,0,11,0,0,1,0
180687,INDIANA,IN,2,0,5,105,380,MARION,10,12,December,2010,6,Friday,12,20,0,6,4,0,39.14411667,-86.53180833,12,1,0,1,0,0,1,0
180688,INDIANA,IN,1,2,1,97,2210,AXIS,19,12,December,2010,1,Sunday,18,0,0,6,4,0,39.67125556,-86.17881667,8,2,0,10,0,0,1,1
180689,INDIANA,IN,1,1,1,97,2210,AXIS,23,12,December,2010,5,Thursday,8,23,0,6,4,0,39.88194722,-86.24439167,8,1,0,1,0,0,1,0
180690,INDIANA,IN,1,2,1,43,3400,BAILEYTON,28,12,December,2010,3,Tuesday,19,17,0,6,4,0,38.31492500,-85.80047500,8,2,0,10,0,0,2,0
180691,INDIANA,IN,1,0,2,57,850,BANKSTON,29,12,December,2010,4,Wednesday,23,38,0,16,4,0,40.16182222,-85.95840556,42,2,0,10,0,0,1,0
180692,INDIANA,IN,2,0,3,89,1730,BROWNSBORO,18,12,December,2010,7,Saturday,18,6,1,11,1,115,41.56803611,-87.30564722,20,2,0,1,0,0,1,0
180693,INDIANA,IN,2,0,4,95,70,ALBERTVILLE,29,12,December,2010,4,Wednesday,19,6,0,4,3,0,40.23419722,-85.66700833,12,2,0,10,0,0,1,0
180694,INDIANA,IN,2,0,3,89,1100,BROWNSBORO,31,12,December,2010,6,Friday,22,37,0,6,4,0,41.36933611,-87.35478333,12,2,0,2,0,0,2,1
180695,INDIANA,IN,1,0,1,91,2990,DAYTON,31,12,December,2010,6,Friday,15,28,0,3,2,0,41.68248056,-86.79136944,42,1,0,2,0,0,1,0
180696,INDIANA,IN,1,4,1,95,140,ALBERTVILLE,22,8,August,2010,1,Sunday,3,21,0,6,4,0,40.09983889,-85.70153611,8,2,0,1,0,0,1,1
180697,INDIANA,IN,2,0,2,137,3800,ALCO,17,12,December,2010,6,Friday,9,50,0,4,3,0,39.14337500,-85.26201667,12,1,0,3,0,0,1,0
180698,INDIANA,IN,2,0,5,3,1580,BALDWIN,31,12,December,2010,6,Friday,14,46,0,6,4,0,41.03916111,-85.13245556,12,1,0,10,0,0,1,0
180699,INDIANA,IN,2,0,4,17,2730,CHAMBERS,27,12,December,2010,2,Monday,15,28,0,4,3,0,40.79376667,-86.37429722,12,1,0,1,0,0,1,0
180700,INDIANA,IN,2,0,3,149,2420,BELLEVILLE,26,12,December,2010,1,Sunday,13,45,0,3,2,0,99.99990000,999.99990000,12,1,0,10,0,0,1,0
180701,INDIANA,IN,1,0,1,29,2610,BORDEN SPRINGS,29,12,December,2010,4,Wednesday,15,11,0,4,3,0,39.24117778,-84.94789722,59,1,0,10,0,0,1,0
180702,INDIANA,IN,1,0,1,165,940,HERNDON,30,10,October,2010,7,Saturday,22,58,0,6,4,0,39.66234444,-87.40536944,52,3,0,1,0,0,1,1
180703,INDIANA,IN,1,0,1,57,1540,BANKSTON,10,12,December,2010,6,Friday,0,40,0,16,4,0,39.95351111,-85.89000833,42,2,0,4,0,0,1,0
180704,INDIANA,IN,2,0,3,89,2972,BROWNSBORO,22,11,November,2010,2,Monday,23,30,0,15,3,0,41.51605000,-87.33607222,12,3,0,10,0,0,1,2
180705,INDIANA,IN,1,0,1,137,280,ALCO,31,12,December,2010,6,Friday,22,22,0,16,4,0,99.99990000,999.99990000,34,2,0,2,0,0,1,1
180706,INDIANA,IN,1,0,2,59,1890,FRANKLIN,29,12,December,2010,4,Wednesday,19,30,0,16,4,0,39.79774722,-85.91467778,5,2,0,2,0,0,1,0
180707,INDIANA,IN,2,0,2,123,4820,ALEXANDER CITY,26,11,November,2010,6,Friday,16,32,0,15,3,0,37.94094722,-86.76255278,12,1,0,1,0,0,1,0
180708,INDIANA,IN,1,0,1,97,2210,AXIS,23,7,July,2010,6,Friday,0,45,0,6,4,0,39.73969167,-86.15458056,30,3,0,1,0,0,1,0
180709,INDIANA,IN,1,1,1,57,5180,BANKSTON,20,12,December,2010,2,Monday,18,30,0,6,4,0,40.00358056,-86.12945556,8,3,0,10,0,0,1,0
180710,INDIANA,IN,1,0,3,47,550,BROWNS,4,9,September,2010,7,Saturday,1,0,0,4,3,0,39.41471111,-84.98173611,34,2,0,1,0,0,1,1
180711,INDIANA,IN,1,0,6,25,2620,BARLOW BEND,26,12,December,2010,1,Sunday,9,38,0,4,3,920,38.24263889,-86.35960833,35,1,0,10,0,0,1,0
180712,INDIANA,IN,2,0,2,63,3990,BOLIGEE,30,12,December,2010,5,Thursday,17,51,0,14,2,0,39.71618611,-86.36127500,12,2,0,10,0,0,1,0
180713,INDIANA,IN,2,0,2,133,950,ARLEY,21,12,December,2010,3,Tuesday,1,0,1,1,1,470,39.55398889,-86.69448889,12,2,0,3,0,0,1,0
180714,INDIANA,IN,1,0,1,13,3390,BOLLING,5,11,November,2010,6,Friday,6,30,0,4,3,0,39.20058333,-86.11899444,53,2,0,2,0,0,1,0
190001,IOWA,IA,2,0,3,153,0,BONAIRE,6,1,January,2010,4,Wednesday,15,20,1,1,1,168,41.64944167,-93.62958056,12,1,0,4,0,0,1,0
190002,IOWA,IA,3,0,3,155,0,IRWIN,7,1,January,2010,5,Thursday,3,38,1,1,1,369,41.49759167,-95.38798889,12,2,0,4,0,0,1,0