ST_CASE,State Name,State Abbreviation,VE_TOTAL,Pedestrains,Total_Persons_in_accident,COUNTY,CITY,City_County_Name,Calendar_DAY,MONTH,Month_Name,YEAR,DAY_WEEK,Day_Week_desc,HOUR,MINUTE,NHS_Desc,trafficway,ROUTE,MILEPT,LATITUDE,LONGITUD,First_Crash_event,Light_cond_desc,Weather_condition,WEATHER,SCH_BUS,Crash_cause,FATALS,DRUNK_DR
190003,IOWA,IA,2,0,2,161,0,DENTON,11,1,January,2010,2,Monday,9,11,0,3,3,50,42.31184444,-95.20851944,12,1,0,1,0,0,1,0
190004,IOWA,IA,2,0,6,163,2080,AVERA,15,1,January,2010,6,Friday,23,0,1,13,2,21,41.52827500,-90.55202500,12,3,0,1,0,0,3,1
190005,IOWA,IA,1,0,1,13,8790,BOLLING,16,1,January,2010,7,Saturday,16,40,0,16,6,0,42.49831111,-92.31803333,50,5,0,1,0,0,1,0
190006,IOWA,IA,1,0,1,173,0,LAKELAND,18,1,January,2010,2,Monday,7,5,0,3,3,19,40.74869722,-94.47144444,1,4,0,5,0,0,1,0
190007,IOWA,IA,2,0,2,111,0,GRAHAM,19,1,January,2010,3,Tuesday,7,13,0,4,4,0,40.69631944,-91.32985000,12,4,0,5,0,0,1,0
190008,IOWA,IA,1,0,1,155,0,IRWIN,24,1,January,2010,1,Sunday,17,15,1,1,1,239,41.45560000,-95.59984444,1,5,7,4,0,0,1,0
190009,IOWA,IA,2,0,3,163,2080,AVERA,21,1,January,2010,5,Thursday,2,39,0,16,6,0,41.53903333,-90.62265278,14,3,0,2,0,0,1,1
190010,IOWA,IA,1,0,1,153,9180,BONAIRE,24,1,January,2010,1,Sunday,22,56,1,11,1,32,41.59333889,-93.71529722,25,3,0,4,0,0,1,0
190011,IOWA,IA,2,0,2,53,0,ATMORE,13,1,January,2010,4,Wednesday,9,50,0,6,4,0,40.71089167,-93.74050556,12,1,0,1,0,0,1,0
190012,IOWA,IA,2,0,2,139,5930,CALION,25,1,January,2010,2,Monday,9,56,1,13,2,91,41.41584167,-91.08819167,12,1,0,4,0,0,1,0
190013,IOWA,IA,2,0,2,95,0,ALBERTVILLE,25,1,January,2010,2,Monday,14,10,1,1,1,20,41.69611389,-92.25401389,12,1,0,4,0,0,1,0
190014,IOWA,IA,3,0,3,133,0,ARLEY,25,1,January,2010,2,Monday,8,57,1,1,1,237,42.19742778,-96.24180278,12,1,4,4,0,0,1,0
190015,IOWA,IA,1,0,1,155,1900,IRWIN,2,2,February,2010,3,Tuesday,99,99,1,11,1,133,41.28828333,-95.86682222,35,9,0,1,0,0,1,0
190016,IOWA,IA,2,0,2,127,0,BURNWELL,28,1,January,2010,5,Thursday,14,16,0,3,3,184,42.12332778,-92.90363889,12,1,0,1,0,0,1,0
190017,IOWA,IA,2,0,3,77,0,ANDERSON,2,2,February,2010,3,Tuesday,7,41,0,4,4,0,41.50370833,-94.27515278,12,1,0,1,0,0,1,0
190018,IOWA,IA,2,0,2,75,0,BEAVERTON,2,2,February,2010,3,Tuesday,8,8,1,2,2,124,42.46292778,-92.74970833,12,1,0,1,0,0,1,0
190019,IOWA,IA,2,0,3,155,0,IRWIN,3,2,February,2010,4,Wednesday,7,13,1,1,1,227,41.41851944,-95.90067500,12,4,0,1,0,0,1,0
190020,IOWA,IA,2,0,2,147,0,AUGUSTA,4,2,February,2010,5,Thursday,7,32,0,3,3,217,43.17768333,-94.75751111,12,1,0,3,0,0,1,0
190021,IOWA,IA,1,0,2,61,2430,BELLWOOD,4,2,February,2010,5,Thursday,12,38,1,13,2,125,42.51449167,-90.67190278,6,1,0,1,0,0,1,0
190022,IOWA,IA,1,0,4,105,0,MARION,6,2,February,2010,7,Saturday,0,30,0,6,4,0,42.12142500,-91.20575556,1,2,0,10,0,0,1,0
190023,IOWA,IA,1,0,1,151,0,FLIPPEN,6,2,February,2010,7,Saturday,3,41,0,3,3,53,42.83508056,-94.81232778,42,2,0,4,0,0,1,1
190024,IOWA,IA,2,0,5,115,0,ASHVILLE,6,2,February,2010,7,Saturday,1,37,0,3,3,17,41.30238056,-91.35639444,12,2,0,1,0,0,4,2
190025,IOWA,IA,2,0,3,35,0,BROOKLYN,7,2,February,2010,1,Sunday,6,8,0,3,3,105,42.79824167,-95.64625278,12,2,0,4,0,0,1,0
190026,IOWA,IA,1,0,3,153,210,BONAIRE,9,2,February,2010,3,Tuesday,19,10,1,13,2,112,41.64491667,-93.51086389,1,2,0,1,0,0,1,0
190027,IOWA,IA,2,0,2,147,0,AUGUSTA,9,2,February,2010,3,Tuesday,6,15,0,3,3,247,43.22218889,-94.75831111,12,2,11,4,0,0,1,0
190028,IOWA,IA,3,0,3,31,0,COFFEE,11,2,February,2010,5,Thursday,16,30,1,1,1,136,41.64469444,-91.10000833,12,1,0,1,0,0,1,0
190029,IOWA,IA,5,0,5,85,0,BENTON,16,2,February,2010,3,Tuesday,11,45,1,1,1,23,41.53855556,-95.91771111,12,1,0,1,0,0,1,0
190030,IOWA,IA,3,0,5,103,0,DANVILLE,16,2,February,2010,3,Tuesday,16,36,1,1,1,12,41.68773611,-91.80839722,12,1,0,1,0,0,1,0
190031,IOWA,IA,2,0,2,193,7850,IDEAL,17,2,February,2010,4,Wednesday,16,46,0,14,3,8,42.44358611,-96.37108611,12,1,0,1,0,0,1,0
190032,IOWA,IA,2,0,2,135,0,ASH FLAT,19,2,February,2010,6,Friday,16,50,1,2,2,231,41.01587778,-92.65835278,12,1,0,4,0,0,1,0
190033,IOWA,IA,1,0,1,85,0,BENTON,20,2,February,2010,7,Saturday,2,35,0,3,3,21,41.54841111,-95.58019167,31,2,0,1,0,0,1,0
190034,IOWA,IA,2,0,5,123,0,ALEXANDER CITY,21,2,February,2010,1,Sunday,17,5,1,2,2,144,41.37402500,-92.65579722,12,1,0,4,0,0,1,0
190035,IOWA,IA,2,0,2,41,7940,BRANTLEY,23,2,February,2010,3,Tuesday,15,1,1,13,2,122,43.16916111,-95.14751111,12,1,0,1,0,0,1,0
190036,IOWA,IA,2,0,2,113,0,COTTONTON,24,2,February,2010,4,Wednesday,15,25,1,2,2,279,42.04720556,-91.49178611,12,1,0,1,1,0,1,0
190037,IOWA,IA,2,0,12,127,0,BURNWELL,26,2,February,2010,6,Friday,18,53,0,4,4,0,42.00750278,-91.96148889,12,2,0,1,0,0,1,0
190038,IOWA,IA,1,0,4,145,0,BALD KNOB,27,2,February,2010,7,Saturday,1,18,0,4,4,0,40.70878333,-95.01826111,35,2,0,1,0,0,1,1
190039,IOWA,IA,2,0,2,111,0,GRAHAM,8,2,February,2010,2,Monday,6,44,1,2,2,145,40.56983333,-91.51507778,12,2,0,4,0,0,1,0
190040,IOWA,IA,2,0,5,111,0,GRAHAM,16,2,February,2010,3,Tuesday,18,38,0,4,4,0,40.73561111,-91.32843611,12,2,0,1,0,0,3,0
190041,IOWA,IA,2,0,2,113,0,COTTONTON,3,3,March,2010,4,Wednesday,14,47,1,2,2,149,41.92581111,-91.55558056,12,1,0,1,0,0,1,0
190042,IOWA,IA,1,2,3,163,0,AVERA,11,3,March,2010,5,Thursday,23,55,1,1,1,244,41.59754444,-90.43319722,8,2,0,1,0,0,2,0
190043,IOWA,IA,2,0,4,131,0,ARLINGTON,4,3,March,2010,5,Thursday,7,35,0,3,3,39,43.28427778,-92.92499722,12,1,0,5,0,0,1,0
190044,IOWA,IA,2,0,2,75,0,BEAVERTON,11,3,March,2010,5,Thursday,6,20,0,3,3,0,42.25273056,-92.94349722,12,4,0,5,0,0,1,0
190045,IOWA,IA,1,0,1,113,0,COTTONTON,14,3,March,2010,1,Sunday,19,28,0,4,4,0,42.06921111,-91.78496111,3,1,0,1,0,0,1,1
190046,IOWA,IA,1,0,2,131,0,ARLINGTON,16,3,March,2010,3,Tuesday,14,8,1,2,2,291,43.49245278,-92.94348333,42,1,0,2,0,0,2,0
190047,IOWA,IA,1,0,4,85,0,BENTON,17,3,March,2010,4,Wednesday,7,58,0,3,3,0,41.51506111,-95.58945000,1,1,0,1,0,0,1,0
190048,IOWA,IA,1,1,1,69,0,ASHFORD,25,1,January,2010,2,Monday,13,7,1,1,1,171,42.83535556,-93.34973889,8,1,0,11,0,0,1,0
190049,IOWA,IA,2,0,2,83,4060,ARDMORE,17,3,March,2010,4,Wednesday,15,22,1,13,2,227,42.50379444,-93.26238056,12,1,0,1,0,0,1,0
190050,IOWA,IA,1,0,3,17,0,CHAMBERS,21,3,March,2010,1,Sunday,2,45,0,6,4,0,42.70046389,-92.51015000,1,2,0,1,0,0,1,1
190051,IOWA,IA,2,0,3,107,0,CARROLLTON,22,3,March,2010,2,Monday,12,5,0,3,3,202,41.45224167,-92.35510278,12,1,0,1,0,0,1,0
190052,IOWA,IA,2,0,4,123,0,ALEXANDER CITY,22,3,March,2010,2,Monday,15,16,0,4,4,0,41.33565833,-92.62919167,12,1,0,1,0,0,1,0
190053,IOWA,IA,2,0,2,163,0,AVERA,24,3,March,2010,4,Wednesday,18,42,1,2,2,49,41.50887222,-90.69381111,12,1,0,2,0,0,1,0
190054,IOWA,IA,1,0,4,153,0,BONAIRE,29,3,March,2010,2,Monday,21,44,0,4,4,0,41.49000000,-93.63906944,1,2,0,1,0,0,1,1
190055,IOWA,IA,2,0,2,67,0,ABBEVILLE,31,3,March,2010,4,Wednesday,12,21,0,4,4,0,43.09012778,-92.94482500,12,1,0,1,1,0,1,0
190056,IOWA,IA,2,0,2,179,6490,ALLENHURST,2,4,April,2010,6,Friday,14,18,0,16,6,0,41.02220000,-92.38606944,12,1,0,2,0,0,1,0
190057,IOWA,IA,1,0,1,173,0,LAKELAND,4,4,April,2010,1,Sunday,18,0,0,4,4,0,40.75214722,-94.79000556,34,1,0,1,0,0,1,0
190058,IOWA,IA,2,0,4,49,0,COLLINSVILLE,20,3,March,2010,7,Saturday,23,40,1,1,1,31,41.51778889,-94.15304722,12,2,0,4,0,0,1,0
190059,IOWA,IA,2,0,3,45,1630,ARITON,23,3,March,2010,3,Tuesday,13,50,0,16,6,0,41.84959167,-90.19811111,12,1,0,1,0,0,1,0
190060,IOWA,IA,1,0,1,99,0,BEATRICE,9,4,April,2010,6,Friday,17,27,0,4,4,0,41.58043056,-93.01645278,42,1,0,1,0,0,1,0
190061,IOWA,IA,2,0,2,43,0,BAILEYTON,9,4,April,2010,6,Friday,7,33,1,2,2,222,42.90518889,-91.25644722,12,1,0,1,0,0,1,0
190062,IOWA,IA,2,0,3,175,0,CADWELL,10,4,April,2010,7,Saturday,10,33,0,3,3,197,41.11480278,-94.41416667,12,1,0,1,0,0,1,0
190063,IOWA,IA,2,0,3,153,2260,BONAIRE,11,4,April,2010,1,Sunday,18,26,0,16,6,0,41.59431389,-93.55837222,12,1,0,1,0,0,1,2
190064,IOWA,IA,1,0,1,155,0,IRWIN,13,4,April,2010,3,Tuesday,2,45,0,3,3,128,41.23274722,-95.68166944,1,2,0,1,0,0,1,0
190065,IOWA,IA,2,0,2,139,0,CALION,15,4,April,2010,5,Thursday,14,40,0,3,3,47,41.50029722,-91.03943056,12,1,0,1,0,0,1,0
190066,IOWA,IA,1,0,1,33,5370,CHEROKEE,17,4,April,2010,7,Saturday,15,3,0,16,6,0,43.16142778,-93.22090556,30,1,0,1,0,0,1,0
190067,IOWA,IA,1,0,1,15,0,ANNISTON,19,4,April,2010,2,Monday,12,59,0,6,4,0,42.19550556,-93.86558889,32,1,0,1,0,0,1,0
190068,IOWA,IA,2,0,2,27,1250,ASHLAND,19,4,April,2010,2,Monday,14,28,1,13,2,129,42.06423333,-94.84672778,12,1,0,1,0,0,1,0
190069,IOWA,IA,2,0,3,37,0,BRADFORD,19,4,April,2010,2,Monday,17,58,0,4,4,0,43.04030000,-92.31783333,12,1,0,1,0,0,1,0
190070,IOWA,IA,1,0,1,193,0,IDEAL,24,4,April,2010,7,Saturday,15,46,0,4,4,0,42.36186944,-96.17547500,31,1,0,1,0,0,1,1
190071,IOWA,IA,1,0,1,71,0,BRIDGEPORT,1,4,April,2010,5,Thursday,17,0,0,4,4,0,40.71560556,-95.80895278,34,1,0,1,0,0,1,0
190072,IOWA,IA,2,0,2,117,0,BIRMINGHAM,10,4,April,2010,7,Saturday,11,50,1,2,2,94,41.02677778,-93.46098333,12,1,0,1,0,0,1,0
190073,IOWA,IA,1,0,2,47,0,BROWNS,24,4,April,2010,7,Saturday,19,24,0,3,3,77,42.04706667,-95.52329167,1,1,0,1,0,0,1,1
190074,IOWA,IA,1,0,2,87,0,ARMSTRONG,24,4,April,2010,7,Saturday,20,19,0,4,4,0,40.91503333,-91.62205833,34,2,0,2,0,0,1,1
190075,IOWA,IA,2,0,2,167,0,ADRIAN,26,4,April,2010,2,Monday,99,99,1,2,2,170,43.19584722,-96.17730833,12,1,0,2,0,0,1,0
190076,IOWA,IA,1,0,1,7,0,BIBB,28,4,April,2010,4,Wednesday,9,52,0,3,3,1,40.59067500,-92.98053611,1,1,0,1,0,0,1,0
190077,IOWA,IA,1,0,1,179,6490,ALLENHURST,17,4,April,2010,7,Saturday,19,59,0,16,6,0,41.02777778,-92.58463889,1,2,0,1,0,0,1,0
190078,IOWA,IA,1,0,1,87,0,ARMSTRONG,29,4,April,2010,5,Thursday,13,51,1,2,2,252,41.15916667,-91.54119444,1,1,0,1,0,0,1,0
190079,IOWA,IA,2,0,3,129,0,BIGBEE,30,4,April,2010,6,Friday,14,17,0,4,4,0,41.00893611,-95.80435000,12,1,0,1,0,0,1,0
190080,IOWA,IA,1,0,2,153,2260,BONAIRE,3,5,May,2010,2,Monday,2,35,0,3,3,59,41.59136944,-93.70350278,33,3,0,1,0,0,2,1
190081,IOWA,IA,1,0,1,153,0,BONAIRE,4,5,May,2010,3,Tuesday,14,57,1,1,1,196,41.65146944,-93.57982778,24,1,0,1,0,0,1,0
190082,IOWA,IA,1,0,1,45,0,ARITON,4,5,May,2010,3,Tuesday,1,25,0,6,4,0,41.98978056,-90.74105556,1,3,0,1,0,0,1,0
190083,IOWA,IA,1,0,1,49,0,COLLINSVILLE,1,5,May,2010,7,Saturday,19,17,0,4,4,0,41.59789722,-94.09990833,1,5,0,1,0,0,1,1
190084,IOWA,IA,2,0,2,87,5870,ARMSTRONG,5,5,May,2010,4,Wednesday,14,54,1,2,2,0,40.96013611,-91.52187778,12,1,0,1,0,0,1,0
190085,IOWA,IA,1,1,1,153,6765,BONAIRE,13,5,May,2010,5,Thursday,21,30,0,16,6,0,41.58705000,-93.51371111,8,3,0,1,0,0,1,0
190086,IOWA,IA,2,0,5,15,0,ANNISTON,13,5,May,2010,5,Thursday,11,26,1,2,2,10,42.03464722,-94.14480833,12,1,0,1,0,0,2,0
190087,IOWA,IA,1,0,2,81,0,AUBURN,15,5,May,2010,7,Saturday,14,15,0,4,4,0,43.00982500,-93.69911667,5,1,0,1,0,0,1,0
190088,IOWA,IA,1,0,1,187,0,DAHLONEGA,15,5,May,2010,7,Saturday,0,15,0,6,4,0,42.48158333,-94.16794167,30,2,0,1,0,0,1,0
190089,IOWA,IA,2,0,5,15,0,ANNISTON,18,5,May,2010,3,Tuesday,16,19,1,2,2,176,42.03477778,-93.82388333,12,1,0,1,0,0,1,0
190090,IOWA,IA,1,0,2,17,0,CHAMBERS,30,4,April,2010,6,Friday,1,5,0,6,4,0,42.78812222,-92.53390556,5,2,0,1,0,0,1,0
190091,IOWA,IA,1,1,1,57,1120,BANKSTON,21,5,May,2010,6,Friday,22,17,0,16,6,0,40.80749444,-91.10965278,8,3,0,1,0,0,1,0
190092,IOWA,IA,3,0,7,153,280,BONAIRE,6,5,May,2010,5,Thursday,15,32,0,16,6,0,41.70425833,-93.57121667,12,1,0,1,0,0,2,0
190093,IOWA,IA,2,0,4,163,2080,AVERA,21,5,May,2010,6,Friday,2,7,0,16,6,0,41.53825278,-90.58476667,12,3,0,2,0,0,1,1
190094,IOWA,IA,2,0,2,121,0,BON AIR,22,5,May,2010,7,Saturday,23,39,0,3,3,0,41.35583889,-93.91091111,12,2,0,1,0,0,1,0
190095,IOWA,IA,2,0,8,163,2080,AVERA,22,5,May,2010,7,Saturday,15,47,1,13,2,147,41.56816389,-90.63900556,12,1,0,1,0,0,3,0
190096,IOWA,IA,3,0,5,163,2080,AVERA,22,5,May,2010,7,Saturday,3,2,1,11,1,183,41.59511667,-90.55019444,12,2,0,5,0,0,1,0
190097,IOWA,IA,1,0,1,155,1900,IRWIN,22,5,May,2010,7,Saturday,1,24,1,11,1,34,41.21166111,-95.82372222,1,2,0,1,0,0,1,0
190098,IOWA,IA,1,0,1,187,0,DAHLONEGA,23,5,May,2010,1,Sunday,20,0,0,4,4,0,42.30970000,-94.06674722,1,1,0,1,0,0,1,0
190099,IOWA,IA,1,0,1,41,0,BRANTLEY,23,5,May,2010,1,Sunday,13,25,0,6,4,0,42.91844722,-95.30172500,51,1,0,1,0,0,1,0
190100,IOWA,IA,1,0,1,191,0,CRESCENT,23,5,May,2010,1,Sunday,19,55,0,4,4,0,43.34329444,-91.88042500,1,1,0,1,0,0,1,0
190101,IOWA,IA,2,0,2,167,0,ADRIAN,24,5,May,2010,2,Monday,15,33,0,4,4,0,43.13445278,-96.29450278,12,1,0,1,0,0,1,0
190102,IOWA,IA,1,1,1,21,0,CHILTON,26,5,May,2010,4,Wednesday,19,58,0,3,3,152,42.85084444,-94.92339722,9,1,0,1,0,0,1,0
190103,IOWA,IA,2,0,3,65,0,CYPRESS,26,5,May,2010,4,Wednesday,17,0,0,3,3,39,42.92061944,-91.75985833,12,1,0,1,0,0,1,0
190104,IOWA,IA,2,0,2,9,0,BLOUNT,27,5,May,2010,5,Thursday,13,3,1,2,2,121,41.66680833,-94.90515278,12,1,0,1,0,0,1,0
190105,IOWA,IA,1,0,1,171,0,ALDORA,29,5,May,2010,7,Saturday,21,30,0,3,3,196,42.14022222,-92.29918056,1,2,0,1,0,0,1,1
190106,IOWA,IA,1,0,2,129,0,BIGBEE,31,5,May,2010,2,Monday,13,16,0,4,4,0,41.00802500,-95.74770278,31,1,0,1,0,0,1,0
190107,IOWA,IA,2,0,3,197,0,BUENA VISTA,1,6,June,2010,3,Tuesday,16,23,0,6,4,0,42.70263611,-93.77465556,12,1,0,1,0,0,1,0
190108,IOWA,IA,1,0,2,149,4660,BELLEVILLE,3,6,June,2010,5,Thursday,11,44,1,13,2,159,42.76783611,-96.20920833,1,1,0,1,0,0,1,0
190109,IOWA,IA,2,0,5,87,0,ARMSTRONG,4,6,June,2010,6,Friday,14,30,0,4,4,0,40.83515833,-91.70116944,12,1,0,1,0,0,1,0
190110,IOWA,IA,1,0,2,29,0,BORDEN SPRINGS,4,6,June,2010,6,Friday,17,32,0,4,4,0,41.40465278,-95.03325000,31,1,0,1,0,0,1,1
190111,IOWA,IA,1,0,1,43,0,BAILEYTON,5,6,June,2010,7,Saturday,12,54,0,4,4,0,42.93038611,-91.38553056,21,1,0,2,0,0,1,0
190112,IOWA,IA,4,0,7,153,8980,BONAIRE,6,6,June,2010,1,Sunday,14,0,1,1,1,19,41.53869444,-93.77495000,12,1,0,1,0,0,1,0
190113,IOWA,IA,1,0,1,101,0,BOYLSTON,7,6,June,2010,2,Monday,17,33,0,6,4,0,40.94413611,-94.74100278,1,1,0,1,0,0,1,0
190114,IOWA,IA,2,0,2,55,0,ATTALLA,11,6,June,2010,6,Friday,16,5,1,2,2,237,42.47115556,-91.13419167,12,1,0,1,0,0,1,0
190115,IOWA,IA,1,0,1,13,1330,BOLLING,12,6,June,2010,7,Saturday,10,39,0,14,3,234,42.47380278,-92.44589444,57,1,0,2,0,0,1,0
190116,IOWA,IA,2,0,2,97,0,AXIS,8,6,June,2010,3,Tuesday,20,15,0,6,4,0,42.11803889,-90.27700000,12,5,0,1,0,0,1,1
190117,IOWA,IA,1,0,2,195,0,CARLTON,9,6,June,2010,4,Wednesday,22,48,1,1,1,49,43.33496944,-93.34880833,7,2,0,1,0,0,1,0
190118,IOWA,IA,2,0,2,3,0,BALDWIN,10,6,June,2010,5,Thursday,17,8,0,4,4,0,41.08600278,-94.60401389,12,1,0,1,0,0,1,0
190119,IOWA,IA,1,0,2,163,2080,AVERA,17,6,June,2010,5,Thursday,0,30,0,14,6,0,41.52042778,-90.59886944,33,3,0,1,0,0,1,0
190120,IOWA,IA,2,0,2,163,2080,AVERA,12,6,June,2010,7,Saturday,3,47,1,11,1,67,41.50511944,-90.67126667,12,3,0,1,0,0,1,0
190121,IOWA,IA,1,0,1,159,0,FARRAR,18,6,June,2010,6,Friday,19,51,1,2,2,77,40.61316944,-94.28236667,42,1,0,1,0,0,1,1
190122,IOWA,IA,2,0,2,153,8980,BONAIRE,19,6,June,2010,7,Saturday,13,32,1,1,1,226,41.59213611,-93.79826667,35,1,0,1,0,0,1,0
190123,IOWA,IA,1,0,7,121,0,BON AIR,21,6,June,2010,2,Monday,9,38,1,1,1,9,41.49414722,-94.22350833,57,1,0,2,0,0,1,0
190124,IOWA,IA,2,0,3,193,0,IDEAL,22,6,June,2010,3,Tuesday,12,10,0,4,4,0,42.54750833,-95.94018333,12,1,0,1,0,0,1,0
190125,IOWA,IA,2,0,4,125,0,BROOKWOOD,25,6,June,2010,6,Friday,5,45,0,4,4,0,41.27051111,-92.95686389,12,3,0,1,0,0,2,0
190126,IOWA,IA,1,1,1,113,1340,COTTONTON,25,6,June,2010,6,Friday,3,55,0,16,6,0,42.03506944,-91.64665556,8,3,0,1,0,0,1,0
190127,IOWA,IA,2,0,2,113,0,COTTONTON,26,6,June,2010,7,Saturday,13,6,0,6,4,0,42.18549167,-91.42322500,54,1,0,1,0,0,1,0
190128,IOWA,IA,2,0,2,137,7100,ALCO,26,6,June,2010,7,Saturday,13,4,0,16,6,0,41.01137500,-95.23034167,12,1,0,1,0,0,1,1
190129,IOWA,IA,1,0,6,105,0,MARION,2,6,June,2010,4,Wednesday,20,20,1,12,2,212,42.27794444,-91.13562778,1,5,0,1,0,0,2,0
190131,IOWA,IA,1,0,1,121,0,BON AIR,28,6,June,2010,2,Monday,13,5,0,6,4,0,41.31816111,-93.88517222,1,1,0,1,0,0,1,0
190132,IOWA,IA,3,0,6,85,0,BENTON,19,6,June,2010,7,Saturday,13,35,1,2,2,157,41.60270278,-95.82842778,12,1,0,1,0,0,1,0
190133,IOWA,IA,2,0,4,43,0,BAILEYTON,19,6,June,2010,7,Saturday,16,9,0,3,3,215,42.86385000,-91.38994167,12,1,0,1,0,0,1,0
190134,IOWA,IA,2,0,2,117,0,BIRMINGHAM,28,6,June,2010,2,Monday,19,7,0,4,4,0,41.02887500,-93.36580556,12,1,0,1,0,0,1,0
190135,IOWA,IA,1,1,1,85,0,BENTON,29,6,June,2010,3,Tuesday,17,35,0,4,4,0,41.80988056,-96.04831667,9,1,0,1,0,0,1,0
190136,IOWA,IA,1,0,2,45,0,ARITON,30,6,June,2010,4,Wednesday,15,40,1,2,2,0,41.80289167,-90.56721389,24,1,0,1,0,0,2,0
190137,IOWA,IA,1,0,3,187,0,DAHLONEGA,1,7,July,2010,5,Thursday,19,30,0,4,4,0,42.61608889,-94.03217222,1,1,0,1,0,0,1,0
190138,IOWA,IA,1,1,0,153,2260,BONAIRE,2,7,July,2010,6,Friday,16,34,0,16,6,0,41.59137222,-93.69551389,33,1,0,1,0,0,1,0
190139,IOWA,IA,1,0,1,103,0,DANVILLE,3,7,July,2010,7,Saturday,20,30,1,1,1,20,41.72355833,-91.64205556,21,5,0,1,0,0,1,0
190140,IOWA,IA,1,0,1,31,0,COFFEE,5,7,July,2010,2,Monday,20,16,0,6,4,0,41.68355556,-90.91859722,1,5,0,1,0,0,1,0
190141,IOWA,IA,1,0,3,153,0,BONAIRE,6,7,July,2010,3,Tuesday,4,0,0,4,4,0,41.77881944,-93.46098333,1,2,0,1,0,0,1,0
190142,IOWA,IA,3,0,3,81,0,AUBURN,30,6,June,2010,4,Wednesday,9,40,1,2,2,140,43.10491389,-93.68898611,12,1,0,1,0,0,1,0
190143,IOWA,IA,1,0,1,153,2260,BONAIRE,28,6,June,2010,2,Monday,14,38,0,16,6,0,41.52636944,-93.60895000,43,1,0,1,0,0,1,0
190144,IOWA,IA,2,0,3,61,0,BELLWOOD,5,7,July,2010,2,Monday,7,55,1,2,2,192,42.45177222,-90.77761667,12,1,0,2,0,0,1,0
190145,IOWA,IA,3,0,4,13,8790,BOLLING,25,6,June,2010,6,Friday,17,40,1,13,2,146,42.48940833,-92.36716944,12,1,0,1,0,0,1,0
190146,IOWA,IA,2,0,2,181,0,LINCOLN,7,7,July,2010,4,Wednesday,8,44,1,2,2,15,41.18500278,-93.50009722,12,1,0,1,0,0,1,0
190147,IOWA,IA,2,0,3,153,0,BONAIRE,8,7,July,2010,5,Thursday,17,5,1,1,1,296,41.79197222,-93.57039167,12,1,0,1,0,0,1,0
190148,IOWA,IA,2,0,4,111,4250,GRAHAM,8,7,July,2010,5,Thursday,11,15,0,16,2,23,40.42482778,-91.41160556,12,1,0,1,0,0,1,0
190149,IOWA,IA,1,1,1,49,0,COLLINSVILLE,9,7,July,2010,6,Friday,17,5,0,4,4,0,41.61500556,-94.08627222,9,1,0,1,0,0,1,0
190150,IOWA,IA,2,0,2,139,0,CALION,12,7,July,2010,2,Monday,11,46,1,2,2,208,41.50383333,-90.93518056,12,1,0,1,0,0,1,0
190151,IOWA,IA,3,0,3,25,0,BARLOW BEND,12,7,July,2010,2,Monday,15,15,1,2,2,221,42.39828611,-94.42160000,12,1,0,1,0,0,1,0
190152,IOWA,IA,2,0,2,177,0,LEE,13,7,July,2010,3,Tuesday,10,57,0,3,3,208,40.81355000,-91.83381667,12,1,0,1,0,0,1,0
190153,IOWA,IA,2,0,3,155,0,IRWIN,13,7,July,2010,3,Tuesday,8,35,0,3,3,116,41.28267778,-95.71284167,12,1,0,1,0,0,1,0
190154,IOWA,IA,2,0,3,61,0,BELLWOOD,17,7,July,2010,7,Saturday,15,23,0,4,4,0,42.63282778,-90.86401389,12,1,0,1,0,0,1,0
190155,IOWA,IA,1,0,1,43,0,BAILEYTON,17,7,July,2010,7,Saturday,8,10,0,4,4,0,42.96103611,-91.36296944,42,1,0,1,0,0,1,0
190156,IOWA,IA,1,0,2,7,0,BIBB,18,7,July,2010,1,Sunday,6,36,0,4,4,0,40.89238056,-93.02961667,42,1,0,1,0,0,1,0
190157,IOWA,IA,1,0,1,153,8980,BONAIRE,21,7,July,2010,4,Wednesday,12,9,1,1,1,57,41.59518333,-93.77820556,35,1,0,1,0,0,1,0
190158,IOWA,IA,1,0,1,153,2260,BONAIRE,16,7,July,2010,6,Friday,1,59,1,13,2,67,41.60013056,-93.60039722,30,3,0,1,0,0,1,1
190159,IOWA,IA,1,0,1,31,0,COFFEE,23,7,July,2010,6,Friday,6,30,0,4,4,0,41.67063611,-91.25049167,1,2,0,1,0,0,1,0
190160,IOWA,IA,1,0,3,87,0,ARMSTRONG,24,7,July,2010,7,Saturday,1,30,0,6,6,0,41.16270833,-91.54289722,31,2,0,1,0,0,1,0
190161,IOWA,IA,2,0,2,45,1190,ARITON,24,6,June,2010,5,Thursday,21,23,1,13,2,71,41.79426667,-90.27084444,11,2,0,1,0,0,1,0
190162,IOWA,IA,1,0,4,103,0,DANVILLE,25,7,July,2010,1,Sunday,1,36,0,6,4,0,41.67101111,-91.47476111,1,2,0,1,0,0,4,1
190163,IOWA,IA,2,0,3,21,0,CHILTON,25,7,July,2010,1,Sunday,15,24,0,3,3,90,42.74878333,-95.21008889,12,1,0,1,0,0,3,0
190164,IOWA,IA,2,0,5,177,0,LEE,26,7,July,2010,2,Monday,12,36,0,4,4,0,40.64530278,-92.08286389,12,1,0,1,0,0,1,0
190165,IOWA,IA,1,0,1,119,0,BELLAMY,30,7,July,2010,6,Friday,23,32,0,4,4,0,43.27243889,-95.92152500,11,2,0,1,0,0,1,1
190166,IOWA,IA,1,0,1,83,0,ARDMORE,29,7,July,2010,5,Thursday,15,41,0,6,4,0,42.28167500,-93.41583611,1,1,0,1,0,0,1,0
190167,IOWA,IA,1,0,1,5,0,BAKER HILL,1,8,August,2010,1,Sunday,20,50,0,3,3,159,43.33968333,-91.38925000,35,5,0,1,0,0,1,1