ST_CASE,State Name,State Abbreviation,VE_TOTAL,Pedestrains,Total_Persons_in_accident,COUNTY,CITY,City_County_Name,Calendar_DAY,MONTH,Month_Name,YEAR,DAY_WEEK,Day_Week_desc,HOUR,MINUTE,NHS_Desc,trafficway,ROUTE,MILEPT,LATITUDE,LONGITUD,First_Crash_event,Light_cond_desc,Weather_condition,WEATHER,SCH_BUS,Crash_cause,FATALS,DRUNK_DR
190168,IOWA,IA,1,0,1,25,0,BARLOW BEND,3,8,August,2010,3,Tuesday,14,19,0,4,4,0,42.51720833,-94.81611667,1,1,0,1,0,0,1,0
190169,IOWA,IA,1,0,2,13,0,BOLLING,4,8,August,2010,4,Wednesday,20,13,0,4,4,0,42.43727500,-92.10313889,1,1,0,1,0,0,1,1
190170,IOWA,IA,2,0,2,137,7100,ALCO,4,8,August,2010,4,Wednesday,14,13,1,13,2,81,41.02596667,-95.22809722,12,1,0,1,0,0,1,0
190171,IOWA,IA,1,0,1,153,0,BONAIRE,10,7,July,2010,7,Saturday,17,15,1,1,1,229,41.67587778,-93.42331389,1,1,0,1,0,0,1,0
190172,IOWA,IA,1,0,1,41,0,BRANTLEY,5,8,August,2010,5,Thursday,17,33,0,6,4,0,43.08361111,-95.05375000,1,1,0,1,0,0,1,0
190173,IOWA,IA,1,0,2,19,0,CEDAR BLUFF,6,8,August,2010,6,Friday,5,35,0,3,3,26,42.64207500,-92.02267222,1,2,0,1,0,0,2,1
190174,IOWA,IA,2,0,3,153,8980,BONAIRE,7,8,August,2010,7,Saturday,13,0,0,16,6,0,41.59224167,-93.76150556,12,1,0,1,0,0,1,0
190175,IOWA,IA,1,0,5,13,1330,BOLLING,7,8,August,2010,7,Saturday,18,40,0,16,6,0,99.99990000,999.99990000,5,1,0,1,0,0,1,0
190176,IOWA,IA,2,0,2,89,0,BROWNSBORO,7,8,August,2010,7,Saturday,17,49,1,2,2,143,43.42729444,-92.29853333,12,1,0,1,0,0,1,0
190177,IOWA,IA,2,0,2,97,0,AXIS,2,7,July,2010,6,Friday,15,50,0,6,4,0,42.37479444,-90.65691667,12,1,0,1,0,0,1,1
190178,IOWA,IA,5,0,5,85,0,BENTON,9,8,August,2010,2,Monday,17,45,1,1,1,230,41.80088333,-96.05448333,12,1,0,1,0,0,4,1
190179,IOWA,IA,1,0,1,1,0,AUTAUGA,10,8,August,2010,3,Tuesday,21,53,0,6,4,0,41.28750000,-94.61044444,35,2,0,1,0,0,1,0
190180,IOWA,IA,3,0,11,153,0,BONAIRE,11,8,August,2010,4,Wednesday,3,0,0,6,4,0,41.65863333,-93.44400833,12,2,0,2,0,0,1,1
190181,IOWA,IA,1,1,1,113,1340,COTTONTON,29,7,July,2010,5,Thursday,18,5,0,16,6,0,41.95577500,-91.64798333,9,1,0,1,0,0,1,0
190182,IOWA,IA,1,1,1,191,0,CRESCENT,11,8,August,2010,4,Wednesday,16,4,0,6,4,0,43.21610833,-91.87973611,9,1,0,1,0,0,1,0
190183,IOWA,IA,1,0,1,113,0,COTTONTON,16,7,July,2010,6,Friday,12,6,0,3,3,178,42.18306389,-91.54545556,1,1,0,1,0,0,1,0
190184,IOWA,IA,4,0,6,21,0,CHILTON,11,8,August,2010,4,Wednesday,12,3,1,2,2,180,42.82186389,-95.15116111,12,1,0,1,0,0,1,0
190185,IOWA,IA,2,0,2,163,790,AVERA,12,8,August,2010,5,Thursday,5,35,1,13,2,0,41.54986389,-90.44929722,11,4,0,1,0,0,1,0
190186,IOWA,IA,3,0,11,99,0,BEATRICE,14,8,August,2010,7,Saturday,11,14,1,1,1,94,41.68505556,-93.16063889,12,1,0,1,0,0,7,0
190187,IOWA,IA,2,0,4,49,0,COLLINSVILLE,16,8,August,2010,2,Monday,16,7,0,4,4,0,41.65836944,-93.96026667,12,1,0,1,0,0,1,0
190188,IOWA,IA,2,0,4,181,0,LINCOLN,17,8,August,2010,3,Tuesday,16,20,0,3,3,107,41.50902500,-93.67478333,12,1,0,1,0,0,1,0
190189,IOWA,IA,2,0,2,49,0,COLLINSVILLE,17,8,August,2010,3,Tuesday,16,35,1,13,2,253,41.61490278,-93.83690556,12,1,0,2,0,0,1,0
190190,IOWA,IA,2,0,2,33,5370,CHEROKEE,13,8,August,2010,6,Friday,22,34,0,16,3,64,43.14830000,-93.22871389,12,3,0,1,0,0,1,0
190191,IOWA,IA,2,0,3,189,0,BONEVILLE,11,8,August,2010,4,Wednesday,8,53,0,6,6,0,43.45865556,-93.71626944,12,1,0,1,0,0,1,0
190192,IOWA,IA,2,0,2,147,0,AUGUSTA,16,8,August,2010,2,Monday,17,48,0,3,3,18,42.93775833,-94.67863889,12,1,0,1,0,0,1,0
190193,IOWA,IA,2,0,2,9,0,BLOUNT,17,8,August,2010,3,Tuesday,18,44,0,6,4,0,41.57638889,-94.71542222,12,1,0,1,0,0,1,0
190194,IOWA,IA,1,0,2,135,0,ASH FLAT,19,8,August,2010,5,Thursday,22,39,0,4,4,0,41.02818056,-92.67955833,32,2,0,1,0,0,1,0
190195,IOWA,IA,1,0,1,17,8840,CHAMBERS,19,8,August,2010,5,Thursday,4,33,0,14,6,0,42.75179167,-92.48878611,42,3,0,1,0,0,1,0
190196,IOWA,IA,1,0,1,165,0,HERNDON,21,8,August,2010,7,Saturday,22,2,0,3,3,30,41.64616111,-95.49846667,35,2,0,1,0,0,1,1
190197,IOWA,IA,1,0,1,61,0,BELLWOOD,15,3,March,2010,2,Monday,8,28,0,16,6,0,42.48278889,-91.12408333,21,1,0,1,0,0,1,0
190198,IOWA,IA,1,1,1,179,6490,ALLENHURST,14,9,September,2010,3,Tuesday,15,37,0,14,6,0,41.00215000,-92.42707778,9,1,0,1,0,0,1,0
190199,IOWA,IA,1,0,1,129,0,BIGBEE,22,8,August,2010,1,Sunday,23,47,0,6,4,0,41.01646944,-95.82346111,1,2,0,1,0,0,1,0
190200,IOWA,IA,1,0,1,125,4380,BROOKWOOD,22,8,August,2010,1,Sunday,9,15,0,3,3,114,41.30625278,-93.10949444,31,1,0,1,0,0,1,0
190201,IOWA,IA,2,0,3,11,0,BULLOCK,21,8,August,2010,7,Saturday,1,40,0,3,3,130,42.24790556,-91.89082778,12,3,0,1,0,0,1,1
190202,IOWA,IA,1,0,1,111,0,GRAHAM,22,8,August,2010,1,Sunday,3,32,0,6,4,0,40.79136389,-91.41790000,42,2,0,5,0,0,1,0
190203,IOWA,IA,3,0,6,163,0,AVERA,22,8,August,2010,1,Sunday,17,26,1,2,2,165,41.62321389,-90.34805000,12,1,0,1,0,0,1,1
190204,IOWA,IA,1,0,1,65,0,CYPRESS,3,8,August,2010,3,Tuesday,1,0,0,4,4,0,42.93927778,-91.64605833,1,2,0,1,0,0,1,1
190205,IOWA,IA,2,0,2,153,8980,BONAIRE,23,8,August,2010,2,Monday,0,17,1,11,1,9,41.52404444,-93.77290000,12,2,0,1,0,0,1,0
190206,IOWA,IA,3,0,4,99,0,BEATRICE,23,8,August,2010,2,Monday,15,40,1,1,1,124,41.68089444,-93.09698611,12,1,0,1,0,0,1,0
190207,IOWA,IA,1,0,1,181,0,LINCOLN,6,8,August,2010,6,Friday,19,45,0,6,4,0,41.30795556,-93.74679722,1,1,0,1,0,0,1,0
190208,IOWA,IA,3,1,4,113,1340,COTTONTON,14,8,August,2010,7,Saturday,1,5,1,11,1,109,42.01250000,-91.66668333,8,3,0,1,0,0,1,0
190209,IOWA,IA,2,0,2,47,0,BROWNS,25,8,August,2010,4,Wednesday,21,56,0,6,4,0,41.92255556,-95.18938889,12,2,0,1,0,0,1,1
190210,IOWA,IA,2,0,2,11,0,BULLOCK,25,8,August,2010,4,Wednesday,4,18,1,2,2,109,41.96367500,-92.08495278,12,2,0,1,0,0,2,0
190211,IOWA,IA,1,0,1,13,8790,BOLLING,27,8,August,2010,6,Friday,11,23,1,13,2,194,42.52353333,-92.38929167,38,1,0,1,0,0,1,0
190212,IOWA,IA,1,0,2,179,0,ALLENHURST,28,8,August,2010,7,Saturday,7,40,0,3,3,54,40.92391389,-92.23051111,42,2,0,1,0,0,1,0
190213,IOWA,IA,1,0,3,195,0,CARLTON,29,8,August,2010,1,Sunday,10,30,0,6,4,0,43.37136111,-93.14235278,1,1,0,1,0,0,1,1
190214,IOWA,IA,1,0,1,149,0,BELLEVILLE,30,8,August,2010,2,Monday,11,35,0,6,4,0,42.82063056,-96.07568611,10,1,0,1,0,0,1,0
190215,IOWA,IA,2,0,4,99,0,BEATRICE,15,8,August,2010,1,Sunday,14,4,1,1,1,297,41.69536389,-92.78158611,1,1,0,1,0,0,1,0
190216,IOWA,IA,2,0,3,157,3500,ARCADE,27,8,August,2010,6,Friday,14,18,0,16,6,0,41.73887222,-92.72411667,12,1,0,1,0,0,1,0
190217,IOWA,IA,1,1,1,53,0,ATMORE,21,8,August,2010,7,Saturday,8,54,0,4,4,0,40.67533889,-93.95793611,49,1,0,1,0,0,1,0
190218,IOWA,IA,1,0,1,49,0,COLLINSVILLE,4,9,September,2010,7,Saturday,7,44,1,1,1,129,41.54513333,-93.96746389,24,1,0,1,0,0,1,0
190219,IOWA,IA,1,1,1,13,8790,BOLLING,3,9,September,2010,6,Friday,22,45,0,16,6,0,42.45746667,-92.31147500,9,2,0,1,0,0,1,0
190221,IOWA,IA,1,0,2,183,0,FORT STEWART,4,9,September,2010,7,Saturday,17,5,0,4,4,0,41.46720833,-91.58005278,1,1,0,1,0,0,1,1
190222,IOWA,IA,1,0,1,187,0,DAHLONEGA,5,9,September,2010,1,Sunday,19,20,0,6,4,0,42.26998611,-94.08663056,35,5,0,1,0,0,1,0
190223,IOWA,IA,1,0,1,193,0,IDEAL,5,9,September,2010,1,Sunday,18,37,0,4,4,0,42.25752778,-95.97318611,1,1,0,1,0,0,1,0
190224,IOWA,IA,1,0,1,153,8980,BONAIRE,6,9,September,2010,2,Monday,22,58,1,11,1,0,41.59280833,-93.77117222,25,1,0,1,0,0,1,0
190225,IOWA,IA,3,0,3,185,0,ANAKTUVUK PASS,7,9,September,2010,3,Tuesday,8,14,0,3,3,170,40.75343056,-93.23168611,12,1,0,1,0,0,3,0
190226,IOWA,IA,2,0,2,39,0,ANDALUSIA,7,9,September,2010,3,Tuesday,17,45,1,1,1,145,41.10930556,-93.78088889,12,1,0,1,0,0,1,0
190227,IOWA,IA,1,0,3,67,0,ABBEVILLE,6,9,September,2010,2,Monday,3,45,0,6,4,0,43.02308611,-92.91571111,1,2,0,1,0,0,1,1
190229,IOWA,IA,2,0,2,103,4050,DANVILLE,9,9,September,2010,5,Thursday,9,49,0,3,3,0,41.64740000,-91.54651667,12,1,0,1,0,0,1,0
190230,IOWA,IA,2,0,3,129,0,BIGBEE,10,9,September,2010,6,Friday,14,16,1,2,2,220,41.03072222,-95.51921111,12,1,0,1,0,0,1,0
190231,IOWA,IA,1,0,2,113,0,COTTONTON,11,9,September,2010,7,Saturday,18,2,0,4,4,0,42.19713889,-91.67140833,1,1,0,1,0,0,1,0
190232,IOWA,IA,1,0,1,169,8110,BRADLEY,12,9,September,2010,1,Sunday,20,37,1,11,1,229,41.19091111,-93.57063333,35,2,0,1,0,0,1,0
190233,IOWA,IA,1,0,1,179,0,ALLENHURST,13,9,September,2010,2,Monday,18,26,1,2,2,176,40.99860833,-92.33593611,35,5,0,1,0,0,1,0
190234,IOWA,IA,2,0,3,33,0,CHEROKEE,16,9,September,2010,5,Thursday,10,0,1,2,2,133,43.10170556,-93.20131667,12,1,0,1,0,0,1,0
190235,IOWA,IA,1,0,1,115,0,ASHVILLE,16,9,September,2010,5,Thursday,22,21,0,6,4,0,41.38944444,-91.40885278,1,2,0,1,0,0,1,0
190236,IOWA,IA,1,0,1,153,2260,BONAIRE,24,9,September,2010,6,Friday,5,0,0,3,3,151,41.49880000,-93.62556389,52,2,0,1,0,0,1,0
190237,IOWA,IA,1,1,1,49,8820,COLLINSVILLE,24,9,September,2010,6,Friday,17,58,0,16,6,0,41.60908611,-93.86089722,8,1,0,1,0,0,1,0
190238,IOWA,IA,2,0,2,129,0,BIGBEE,20,9,September,2010,2,Monday,8,40,1,1,1,96,41.03980833,-95.81888611,12,1,0,1,0,0,1,0
190239,IOWA,IA,2,0,2,181,0,LINCOLN,24,9,September,2010,6,Friday,16,15,1,2,2,247,41.47211111,-93.55915833,12,1,0,1,0,0,1,0
190240,IOWA,IA,1,0,1,113,1340,COTTONTON,25,9,September,2010,7,Saturday,0,45,0,16,6,0,41.98793056,-91.66042778,1,3,0,1,0,0,1,0
190241,IOWA,IA,3,0,4,127,5320,BURNWELL,27,9,September,2010,2,Monday,9,35,0,13,6,0,42.03831667,-92.88397222,12,1,0,1,0,0,1,0
190242,IOWA,IA,1,0,1,11,0,BULLOCK,28,9,September,2010,3,Tuesday,17,51,0,3,3,25,42.19450000,-92.01753611,42,1,0,1,0,0,1,1
190243,IOWA,IA,1,0,1,153,2260,BONAIRE,30,9,September,2010,5,Thursday,6,13,0,16,6,0,41.54077222,-93.59884444,30,4,0,1,0,0,1,0
190244,IOWA,IA,1,0,2,73,0,ARGO,1,10,October,2010,6,Friday,23,1,0,4,4,0,42.02251667,-94.25980000,32,2,0,1,0,0,2,1
190245,IOWA,IA,2,0,2,29,460,BORDEN SPRINGS,1,10,October,2010,6,Friday,15,39,1,13,2,124,41.40385833,-94.99118611,12,1,0,1,0,0,1,0
190246,IOWA,IA,3,0,4,79,0,COURTLAND,1,10,October,2010,6,Friday,13,0,0,4,4,0,42.47177500,-93.85330833,12,1,0,1,0,0,1,0
190247,IOWA,IA,1,1,1,157,0,ARCADE,6,10,October,2010,4,Wednesday,12,15,0,3,3,7,41.58514444,-92.48933611,9,1,0,1,0,0,1,0
190248,IOWA,IA,1,0,1,99,0,BEATRICE,6,10,October,2010,4,Wednesday,14,1,0,6,4,0,41.84899722,-93.24492778,2,1,0,1,0,0,1,0
190249,IOWA,IA,2,0,3,153,8980,BONAIRE,7,10,October,2010,5,Thursday,16,12,1,1,1,6,41.59223889,-93.76336944,12,1,0,1,0,0,1,0
190250,IOWA,IA,1,0,3,111,0,GRAHAM,7,10,October,2010,5,Thursday,11,0,1,2,2,82,40.50124167,-91.44305556,1,1,0,1,0,0,1,0
190251,IOWA,IA,1,0,1,5,0,BAKER HILL,7,10,October,2010,5,Thursday,20,35,0,4,4,0,43.11237222,-91.54735556,1,2,0,1,0,0,1,0
190252,IOWA,IA,1,0,1,13,1330,BOLLING,8,10,October,2010,6,Friday,16,56,0,4,4,0,42.50677778,-92.46575278,30,1,0,1,0,0,1,1
190253,IOWA,IA,2,0,2,141,0,BEE BRANCH,8,10,October,2010,6,Friday,18,10,1,2,2,30,42.95685278,-95.54446389,12,1,0,1,0,0,1,0
190254,IOWA,IA,1,0,3,87,0,ARMSTRONG,8,10,October,2010,6,Friday,22,9,0,4,4,0,40.82763611,-91.41646944,35,2,0,1,0,0,1,1
190255,IOWA,IA,1,0,2,71,0,BRIDGEPORT,9,10,October,2010,7,Saturday,8,49,1,2,2,110,40.89029444,-95.38971389,1,1,0,1,0,0,1,1
190256,IOWA,IA,2,0,4,193,7850,IDEAL,9,10,October,2010,7,Saturday,13,20,0,4,4,0,42.54366667,-96.40747222,12,1,0,1,0,0,1,0
190257,IOWA,IA,1,0,1,155,1900,IRWIN,10,10,October,2010,1,Sunday,13,43,1,11,1,107,41.27007500,-95.90552778,1,1,0,1,0,0,1,1
190258,IOWA,IA,1,0,4,11,0,BULLOCK,8,10,October,2010,6,Friday,14,33,0,6,4,0,42.03640833,-92.22268333,1,1,0,1,0,0,1,0
190259,IOWA,IA,2,0,5,155,0,IRWIN,10,10,October,2010,1,Sunday,19,35,0,4,4,0,41.21198611,-95.79895833,12,2,0,1,0,0,1,1
190260,IOWA,IA,2,0,2,85,0,BENTON,11,10,October,2010,2,Monday,5,46,0,3,3,245,40.71746667,-94.04681111,12,2,0,6,0,0,1,0
190261,IOWA,IA,3,0,3,153,2260,BONAIRE,11,10,October,2010,2,Monday,6,25,1,13,2,55,41.58696389,-93.59684722,12,4,0,1,0,0,1,0
190262,IOWA,IA,1,1,1,169,230,BRADLEY,2,10,October,2010,7,Saturday,21,59,0,16,6,0,42.00834722,-93.62505833,8,3,0,1,0,0,1,0
190263,IOWA,IA,4,0,5,99,0,BEATRICE,11,10,October,2010,2,Monday,18,35,1,1,1,90,41.69003056,-93.17846944,12,5,0,1,0,0,1,0
190264,IOWA,IA,1,0,1,153,0,BONAIRE,12,10,October,2010,3,Tuesday,2,49,0,3,3,28,41.72609444,-93.77526667,30,2,0,1,0,0,1,1
190265,IOWA,IA,2,0,2,5,0,BAKER HILL,14,10,October,2010,5,Thursday,5,55,0,3,3,93,43.28144444,-91.47549444,12,2,0,1,0,0,2,2
190266,IOWA,IA,1,0,1,191,0,CRESCENT,16,10,October,2010,7,Saturday,2,56,1,2,2,15,43.10190000,-91.63498611,43,2,0,1,0,0,1,1
190267,IOWA,IA,2,0,4,167,0,ADRIAN,15,10,October,2010,6,Friday,11,21,0,4,4,0,43.06923056,-95.92920000,12,1,0,1,0,0,1,0
190268,IOWA,IA,2,0,2,51,0,CENTRAL,16,10,October,2010,7,Saturday,15,0,0,4,4,0,40.86349444,-92.33766389,12,1,0,1,0,0,1,0
190269,IOWA,IA,1,0,2,155,0,IRWIN,16,10,October,2010,7,Saturday,18,23,0,6,4,0,41.30635556,-95.82546111,42,1,0,1,0,0,2,0
190270,IOWA,IA,1,0,2,61,2430,BELLWOOD,22,10,October,2010,6,Friday,23,40,0,16,6,0,41.52423056,-90.66941667,42,3,0,1,0,0,1,1
190271,IOWA,IA,1,0,3,149,0,BELLEVILLE,24,10,October,2010,1,Sunday,0,20,0,3,3,126,42.80793611,-96.44415000,59,2,0,1,0,0,2,1
190272,IOWA,IA,1,0,1,133,0,ARLEY,22,9,September,2010,4,Wednesday,17,0,0,6,4,0,42.19192778,-96.13334444,1,1,0,1,0,0,1,0
190273,IOWA,IA,1,1,1,153,9180,BONAIRE,5,10,October,2010,3,Tuesday,17,10,0,16,6,0,41.60036111,-93.71303611,8,1,0,1,0,0,1,0
190274,IOWA,IA,1,1,1,163,2080,AVERA,24,10,October,2010,1,Sunday,2,56,0,16,6,0,41.53826389,-90.58222500,8,3,0,2,0,0,1,1
190275,IOWA,IA,1,1,1,153,2260,BONAIRE,25,10,October,2010,2,Monday,7,45,1,13,2,53,41.58124444,-93.59686389,15,4,0,1,0,0,1,0
190276,IOWA,IA,1,0,1,153,2260,BONAIRE,25,10,October,2010,2,Monday,2,13,0,16,6,0,41.58093889,-93.59993889,43,3,0,1,0,0,1,1
190277,IOWA,IA,2,0,1,21,0,CHILTON,8,9,September,2010,4,Wednesday,15,50,0,4,4,0,42.60457222,-95.18410000,14,1,0,1,0,0,1,0
190278,IOWA,IA,1,0,2,33,5370,CHEROKEE,27,10,October,2010,4,Wednesday,12,19,0,16,6,0,43.15363889,-93.16770833,42,1,0,1,0,0,1,0
190279,IOWA,IA,3,0,5,181,4020,LINCOLN,28,10,October,2010,5,Thursday,8,50,1,13,2,181,41.37774167,-93.55851389,12,1,0,1,0,0,1,0
190280,IOWA,IA,1,0,2,57,1120,BANKSTON,30,10,October,2010,7,Saturday,12,1,0,16,6,0,40.82950278,-91.11419722,35,1,0,1,0,0,1,0
190281,IOWA,IA,2,0,2,59,7960,FRANKLIN,29,10,October,2010,6,Friday,14,27,0,4,4,0,43.39290556,-95.11236944,12,1,0,1,0,0,1,0
190282,IOWA,IA,1,0,1,135,0,ASH FLAT,3,10,October,2010,1,Sunday,0,12,0,4,4,0,40.94368056,-93.06002500,34,2,0,1,0,0,1,1
190283,IOWA,IA,1,1,1,131,0,ARLINGTON,19,10,October,2010,3,Tuesday,11,4,0,4,4,0,43.27824444,-92.81458333,8,1,0,1,0,0,1,0
190284,IOWA,IA,2,0,4,153,0,BONAIRE,31,10,October,2010,1,Sunday,10,30,0,3,3,19,41.65857222,-93.62021944,12,1,0,1,0,0,1,0
190285,IOWA,IA,2,0,2,79,0,COURTLAND,1,11,November,2010,2,Monday,15,15,0,4,4,0,42.48591944,-93.83067778,12,1,0,1,0,0,1,0
190286,IOWA,IA,1,0,1,149,0,BELLEVILLE,1,11,November,2010,2,Monday,20,59,0,3,3,130,42.72933333,-96.61128889,1,2,0,1,0,0,1,1
190287,IOWA,IA,2,0,4,163,2080,AVERA,2,11,November,2010,3,Tuesday,0,36,1,2,2,180,41.56010000,-90.59104444,12,3,0,1,0,0,1,0
190288,IOWA,IA,2,0,2,9,0,BLOUNT,2,11,November,2010,3,Tuesday,9,58,0,4,4,0,41.79135833,-95.07370833,12,1,0,1,0,0,1,0
190289,IOWA,IA,1,0,1,181,0,LINCOLN,2,11,November,2010,3,Tuesday,16,25,0,6,4,0,41.31960000,-93.53932500,35,1,0,1,0,0,1,0
190290,IOWA,IA,1,0,1,155,1900,IRWIN,5,11,November,2010,6,Friday,9,14,1,11,1,107,41.27048333,-95.90436389,30,1,0,1,0,0,1,0
190291,IOWA,IA,1,1,1,71,0,BRIDGEPORT,5,11,November,2010,6,Friday,23,30,1,1,1,101,40.68746111,-95.78176389,8,2,0,1,0,0,1,0
190292,IOWA,IA,1,0,2,47,0,BROWNS,5,11,November,2010,6,Friday,6,0,0,6,4,0,42.00373333,-95.37433333,1,2,0,1,0,0,2,0
190293,IOWA,IA,2,0,2,11,0,BULLOCK,5,11,November,2010,6,Friday,15,51,0,4,4,0,41.90596667,-92.02662500,12,1,0,1,0,0,1,0
190294,IOWA,IA,1,0,4,113,1340,COTTONTON,8,11,November,2010,2,Monday,1,40,0,4,4,0,41.99506944,-91.62374722,1,3,0,1,0,0,1,1
190295,IOWA,IA,3,0,5,163,2080,AVERA,7,11,November,2010,1,Sunday,11,49,1,2,2,180,41.56010000,-90.59104167,12,1,0,1,0,0,1,0
190296,IOWA,IA,2,0,4,103,0,DANVILLE,9,11,November,2010,3,Tuesday,19,4,1,2,2,61,41.60324722,-91.54950000,12,2,0,1,0,0,1,0
190297,IOWA,IA,1,0,1,61,0,BELLWOOD,10,11,November,2010,4,Wednesday,19,22,0,4,4,0,42.50112778,-90.86501944,1,2,0,1,0,0,1,0
190298,IOWA,IA,2,0,2,41,0,BRANTLEY,10,11,November,2010,4,Wednesday,15,35,0,6,4,0,43.15573056,-95.03307778,12,1,0,1,0,0,1,0
190299,IOWA,IA,2,0,2,85,0,BENTON,11,11,November,2010,5,Thursday,8,47,1,2,2,147,41.59400000,-95.83441111,12,1,0,1,0,0,1,0
190300,IOWA,IA,2,0,2,111,0,GRAHAM,11,11,November,2010,5,Thursday,8,43,0,3,3,140,40.63071111,-91.46670278,12,1,0,1,0,0,1,0
190301,IOWA,IA,1,0,1,187,0,DAHLONEGA,12,11,November,2010,6,Friday,1,7,0,4,4,0,42.56970000,-94.14871944,42,2,0,1,0,0,1,0
190302,IOWA,IA,2,0,2,13,1330,BOLLING,13,11,November,2010,7,Saturday,1,23,0,16,6,0,42.52763889,-92.43639167,14,2,0,2,0,0,1,1
190303,IOWA,IA,1,0,1,1,0,AUTAUGA,16,11,November,2010,3,Tuesday,19,44,0,3,3,20,41.25878056,-94.64445556,35,2,0,1,0,0,1,0
190304,IOWA,IA,1,0,1,49,8820,COLLINSVILLE,17,11,November,2010,4,Wednesday,3,48,0,16,6,0,41.54684167,-93.88534167,31,2,0,1,0,0,1,0
190305,IOWA,IA,1,0,2,153,0,BONAIRE,18,11,November,2010,5,Thursday,10,0,0,3,3,37,41.68355278,-93.61985833,1,1,0,1,0,0,1,0
190306,IOWA,IA,1,0,1,61,0,BELLWOOD,19,11,November,2010,6,Friday,2,15,0,4,4,0,42.47733056,-90.83167778,32,2,0,1,0,0,1,1
190307,IOWA,IA,2,0,4,153,920,BONAIRE,19,11,November,2010,6,Friday,1,22,1,13,2,177,41.70255556,-93.44311111,12,2,0,1,0,0,1,1
190308,IOWA,IA,2,0,4,127,0,BURNWELL,19,11,November,2010,6,Friday,18,1,1,2,2,220,42.00727778,-92.80400000,12,2,0,1,0,0,1,0
190309,IOWA,IA,1,0,1,125,0,BROOKWOOD,19,11,November,2010,6,Friday,19,40,0,4,4,0,41.34296667,-92.99176667,1,2,0,1,0,0,1,1
190310,IOWA,IA,2,0,2,59,380,FRANKLIN,19,11,November,2010,6,Friday,17,48,1,13,2,74,43.36415556,-95.13616667,12,3,0,1,0,0,1,0
190311,IOWA,IA,2,0,8,163,2080,AVERA,19,11,November,2010,6,Friday,11,42,1,13,2,125,41.52933611,-90.57401944,12,1,0,1,0,0,1,0
190312,IOWA,IA,1,0,2,69,0,ASHFORD,20,11,November,2010,7,Saturday,8,42,0,4,4,0,42.67368889,-93.47706944,43,1,0,1,0,0,2,0
190313,IOWA,IA,1,0,1,153,8980,BONAIRE,20,11,November,2010,7,Saturday,0,40,0,3,3,53,41.52119444,-93.72198889,1,2,0,1,0,0,1,0
190314,IOWA,IA,1,0,1,29,0,BORDEN SPRINGS,20,11,November,2010,7,Saturday,14,0,0,6,4,0,41.18750278,-94.95311389,23,1,0,1,0,0,1,0
190315,IOWA,IA,2,0,2,187,0,DAHLONEGA,21,11,November,2010,1,Sunday,12,48,0,6,4,0,42.32532500,-94.22295000,12,1,0,1,0,0,1,0
190316,IOWA,IA,1,0,1,177,0,LEE,21,11,November,2010,1,Sunday,23,46,0,6,4,0,40.76930556,-91.88900278,42,2,0,1,0,0,1,0
190317,IOWA,IA,2,0,2,151,0,FLIPPEN,22,11,November,2010,2,Monday,6,35,0,3,3,0,42.85067778,-94.90163333,12,4,0,3,0,0,1,0
190318,IOWA,IA,2,0,2,71,0,BRIDGEPORT,23,11,November,2010,3,Tuesday,15,50,0,3,3,270,40.74289444,-95.39891389,12,1,0,1,0,0,1,0
190319,IOWA,IA,1,0,1,179,0,ALLENHURST,23,11,November,2010,3,Tuesday,7,18,0,6,4,0,41.07107500,-92.40109167,42,1,0,1,0,0,1,0
190320,IOWA,IA,2,0,2,153,0,BONAIRE,24,11,November,2010,4,Wednesday,10,47,0,3,3,33,41.80343889,-93.81290556,12,1,0,1,0,0,1,0
190321,IOWA,IA,1,0,1,85,0,BENTON,25,11,November,2010,5,Thursday,1,15,0,3,3,112,41.68928056,-95.84318611,1,2,0,1,0,0,1,1
190322,IOWA,IA,2,0,3,195,0,CARLTON,24,11,November,2010,4,Wednesday,12,8,0,3,3,206,43.28409444,-93.10363611,12,1,0,3,0,0,1,0
190323,IOWA,IA,1,0,1,33,0,CHEROKEE,24,11,November,2010,4,Wednesday,11,30,1,1,1,121,43.08697222,-93.34274722,1,1,0,3,0,0,1,0
190324,IOWA,IA,2,0,2,49,6670,COLLINSVILLE,27,11,November,2010,7,Saturday,10,24,0,16,6,0,41.84927222,-94.09691667,12,1,0,1,0,0,1,0
190325,IOWA,IA,2,0,4,137,0,ALCO,28,11,November,2010,1,Sunday,17,41,0,3,3,31,40.94891389,-95.23294444,12,2,0,1,0,0,2,0
190326,IOWA,IA,1,0,1,167,0,ADRIAN,28,11,November,2010,1,Sunday,0,1,0,3,3,3,43.05100000,-96.48916111,24,2,0,1,0,0,1,1
190327,IOWA,IA,1,0,1,133,0,ARLEY,28,11,November,2010,1,Sunday,19,41,0,6,4,0,42.12765833,-96.25228889,1,2,0,1,0,0,1,0
190328,IOWA,IA,1,0,1,181,0,LINCOLN,28,11,November,2010,1,Sunday,4,29,1,1,1,225,41.48903611,-93.78011389,1,2,0,1,0,0,1,0
190329,IOWA,IA,1,0,2,127,0,BURNWELL,4,12,December,2010,7,Saturday,7,37,0,3,3,175,42.12002222,-92.90372222,1,1,6,4,0,0,1,0