ST_CASE,State Name,State Abbreviation,VE_TOTAL,Pedestrains,Total_Persons_in_accident,COUNTY,CITY,City_County_Name,Calendar_DAY,MONTH,Month_Name,YEAR,DAY_WEEK,Day_Week_desc,HOUR,MINUTE,NHS_Desc,trafficway,ROUTE,MILEPT,LATITUDE,LONGITUD,First_Crash_event,Light_cond_desc,Weather_condition,WEATHER,SCH_BUS,Crash_cause,FATALS,DRUNK_DR
190330,IOWA,IA,2,0,1,103,0,DANVILLE,24,9,September,2010,6,Friday,2,0,0,3,3,0,41.84893611,-91.67545556,14,2,0,1,0,0,1,1
190331,IOWA,IA,3,0,3,167,6380,ADRIAN,29,11,November,2010,2,Monday,14,14,0,16,3,0,42.99749444,-96.04636389,12,1,0,4,0,0,1,0
190332,IOWA,IA,1,0,2,183,0,FORT STEWART,4,12,December,2010,7,Saturday,7,27,1,2,2,74,41.26985278,-91.53789167,1,1,0,4,0,0,1,0
190333,IOWA,IA,1,0,1,99,0,BEATRICE,5,12,December,2010,1,Sunday,0,24,0,4,4,0,41.32022778,-93.24965833,53,2,0,1,0,0,1,0
190334,IOWA,IA,2,0,2,31,0,COFFEE,5,12,December,2010,1,Sunday,12,50,0,4,4,0,41.64071389,-90.91907778,12,1,0,1,0,0,1,0
190335,IOWA,IA,1,0,1,155,0,IRWIN,6,12,December,2010,2,Monday,18,20,1,1,1,448,41.49740278,-95.24545000,1,2,0,1,0,0,1,0
190336,IOWA,IA,1,0,1,13,8790,BOLLING,5,12,December,2010,1,Sunday,3,26,0,16,6,0,42.50131944,-92.40541944,42,2,0,1,0,0,1,0
190337,IOWA,IA,1,1,1,153,0,BONAIRE,9,12,December,2010,5,Thursday,21,33,1,1,1,286,41.78461389,-93.57060556,8,2,0,1,0,0,1,0
190338,IOWA,IA,2,0,2,15,0,ANNISTON,9,12,December,2010,5,Thursday,21,29,1,2,2,110,42.03366944,-93.95081944,12,2,0,1,0,0,1,0
190339,IOWA,IA,1,0,1,93,0,BEAR CREEK,9,12,December,2010,5,Thursday,16,0,0,3,3,62,42.32898889,-91.57453056,42,1,0,1,0,0,1,0
190340,IOWA,IA,1,0,2,51,0,CENTRAL,10,12,December,2010,6,Friday,17,49,1,2,2,6,40.60525278,-92.52394444,11,2,0,1,0,0,1,0
190341,IOWA,IA,1,0,1,129,0,BIGBEE,13,12,December,2010,2,Monday,18,25,1,1,1,100,41.04555278,-95.81966667,1,2,0,1,0,0,1,0
190342,IOWA,IA,2,0,2,153,2260,BONAIRE,21,12,December,2010,3,Tuesday,13,39,0,13,6,0,41.61816944,-93.64739722,12,1,0,1,0,0,1,0
190343,IOWA,IA,1,1,1,111,0,GRAHAM,21,12,December,2010,3,Tuesday,21,25,1,2,2,72,40.49130000,-91.44397500,8,2,0,1,0,0,1,0
190344,IOWA,IA,2,1,1,117,0,BIRMINGHAM,22,12,December,2010,4,Wednesday,19,30,1,2,2,26,40.92983056,-93.47093333,8,2,0,1,0,0,1,0
190345,IOWA,IA,1,0,1,171,0,ALDORA,23,12,December,2010,5,Thursday,2,40,0,6,4,0,42.01436667,-92.64943889,19,2,0,1,0,0,1,1
190346,IOWA,IA,2,0,4,127,0,BURNWELL,26,12,December,2010,1,Sunday,15,14,0,6,4,0,42.09222778,-93.03251667,12,1,0,1,0,0,1,0
190347,IOWA,IA,2,0,2,99,0,BEATRICE,23,12,December,2010,5,Thursday,14,35,0,3,3,1,41.68348889,-92.90289167,12,1,0,1,0,0,1,0
190348,IOWA,IA,2,0,2,147,0,AUGUSTA,27,12,December,2010,2,Monday,12,53,0,6,4,0,43.01490278,-94.52143611,12,1,0,1,0,0,1,0
190349,IOWA,IA,1,0,1,181,0,LINCOLN,30,12,December,2010,5,Thursday,12,43,0,3,3,166,41.50757500,-93.64498056,21,1,0,1,0,0,1,0
190350,IOWA,IA,1,1,1,83,4060,ARDMORE,30,12,December,2010,5,Thursday,19,0,0,16,6,0,42.52147778,-93.27973333,8,3,0,1,0,0,1,0
190351,IOWA,IA,2,0,2,105,0,MARION,14,12,December,2010,3,Tuesday,17,17,1,2,2,350,42.07028889,-91.36480278,12,3,0,1,0,0,1,0
200001,KANSAS,KS,1,0,1,173,5880,LAKELAND,9,1,January,2010,7,Saturday,7,0,1,1,1,50,37.64590833,-97.40023611,52,1,0,10,0,0,1,1
200002,KANSAS,KS,1,0,1,31,0,COFFEE,8,1,January,2010,6,Friday,19,1,0,4,4,0,38.34704167,-95.89656944,1,2,0,1,0,0,1,1
200003,KANSAS,KS,1,0,1,173,0,LAKELAND,12,1,January,2010,3,Tuesday,13,26,0,4,5,0,37.67879444,-97.53524722,42,1,0,10,0,0,1,1
200004,KANSAS,KS,2,0,5,173,0,LAKELAND,13,1,January,2010,4,Wednesday,15,19,0,4,4,0,37.60879167,-97.42744444,12,1,0,1,0,0,1,0
200005,KANSAS,KS,1,0,1,173,5880,LAKELAND,1,1,January,2010,6,Friday,4,18,0,16,5,0,37.71071389,-97.31698056,33,3,0,1,0,0,1,1
200006,KANSAS,KS,2,0,2,149,4880,BELLEVILLE,5,1,January,2010,3,Tuesday,9,10,0,4,3,0,39.19700833,-96.06943056,12,1,0,1,0,0,1,0
200007,KANSAS,KS,1,0,1,27,0,ASHLAND,16,1,January,2010,7,Saturday,2,0,0,4,4,0,39.30760556,-97.18943611,35,2,0,5,0,0,1,1
200008,KANSAS,KS,1,0,1,81,4910,AUBURN,12,1,January,2010,3,Tuesday,22,35,0,3,2,597,37.41707222,-101.02220556,1,2,0,10,0,0,1,1
200009,KANSAS,KS,2,0,2,91,3645,DAYTON,13,1,January,2010,4,Wednesday,10,27,0,12,6,0,39.01491667,-94.70146111,12,1,0,10,0,0,1,0
200010,KANSAS,KS,1,0,1,173,0,LAKELAND,13,1,January,2010,4,Wednesday,9,0,0,4,6,0,37.56417500,-97.52700833,43,1,0,10,0,0,1,1
200011,KANSAS,KS,1,0,1,113,3430,COTTONTON,20,1,January,2010,4,Wednesday,21,5,0,14,6,0,38.37678889,-97.63017778,43,3,5,5,0,0,1,1
200012,KANSAS,KS,1,0,1,121,0,BON AIR,19,1,January,2010,3,Tuesday,17,23,1,2,2,1402,38.69488889,-94.83638889,21,2,0,10,0,0,1,0
200013,KANSAS,KS,2,0,10,55,1950,ATTALLA,16,1,January,2010,7,Saturday,9,44,1,2,2,668,38.00400833,-100.86650833,12,1,0,10,0,0,1,0
200014,KANSAS,KS,1,0,2,161,3490,DENTON,31,1,January,2010,1,Sunday,12,28,0,13,6,0,39.20179722,-96.63805833,43,1,0,10,0,0,1,0
200015,KANSAS,KS,1,1,1,79,4000,COURTLAND,26,1,January,2010,3,Tuesday,15,47,0,13,3,1035,38.03619444,-97.34590556,8,1,0,1,0,0,1,0
200016,KANSAS,KS,2,0,3,151,0,FLIPPEN,29,1,January,2010,6,Friday,12,28,1,2,2,1274,37.64597500,-98.53551944,12,1,0,3,0,0,1,0
200017,KANSAS,KS,4,0,14,59,0,FRANKLIN,16,1,January,2010,7,Saturday,7,16,1,1,1,1943,38.68015000,-95.13542222,12,2,3,3,0,0,1,0
200018,KANSAS,KS,2,0,4,183,0,FORT STEWART,1,2,February,2010,2,Monday,14,16,1,2,2,1819,39.78585000,-98.48144444,12,1,0,1,0,0,3,1
200019,KANSAS,KS,2,0,2,31,0,COFFEE,2,2,February,2010,3,Tuesday,14,4,1,2,2,1025,38.28185278,-95.74104444,12,1,0,1,0,0,1,0
200020,KANSAS,KS,1,0,1,77,180,ANDERSON,2,2,February,2010,3,Tuesday,19,46,0,3,3,337,37.16414722,-98.03958889,35,2,0,1,0,0,1,1
200021,KANSAS,KS,1,0,1,169,0,BRADLEY,3,2,February,2010,4,Wednesday,9,50,0,3,3,0,38.79262778,-97.77093889,42,1,0,1,0,0,1,0
200022,KANSAS,KS,2,0,2,57,1370,BANKSTON,5,2,February,2010,6,Friday,7,25,1,2,2,1275,37.74309722,-99.97060833,12,1,0,1,0,0,2,0
200023,KANSAS,KS,2,0,2,139,0,CALION,5,2,February,2010,6,Friday,7,10,1,2,2,4050,38.78279167,-95.66422500,12,4,0,4,0,0,1,0
200026,KANSAS,KS,2,0,2,87,0,ARMSTRONG,12,2,February,2010,6,Friday,17,35,0,4,4,0,39.15296111,-95.41179722,12,5,0,1,0,0,1,2
200027,KANSAS,KS,1,0,4,63,4620,BOLIGEE,12,2,February,2010,6,Friday,1,25,1,1,1,1071,39.06131667,-100.24809722,1,2,0,1,0,0,2,1
200028,KANSAS,KS,3,0,3,155,0,IRWIN,17,2,February,2010,4,Wednesday,20,30,1,2,3,454,37.99183333,-98.04165000,12,2,0,1,0,0,1,0
200029,KANSAS,KS,2,0,3,15,0,ANNISTON,19,2,February,2010,6,Friday,19,55,1,2,2,2317,37.67994722,-97.05305000,12,2,0,1,0,0,1,1
200030,KANSAS,KS,2,0,3,115,3540,ASHVILLE,20,2,February,2010,7,Saturday,17,15,0,3,2,3022,38.36339722,-97.02653056,12,1,0,3,0,0,2,0
200031,KANSAS,KS,2,0,4,209,1510,AILEY,20,2,February,2010,7,Saturday,14,35,1,1,1,80,39.04845278,-94.78969444,12,1,0,4,0,0,1,0
200032,KANSAS,KS,1,0,6,93,1280,BEAR CREEK,21,2,February,2010,1,Sunday,9,2,0,4,4,0,37.95990000,-101.13018056,35,1,0,4,0,0,1,0
200033,KANSAS,KS,1,0,7,209,0,AILEY,21,2,February,2010,1,Sunday,14,6,1,1,1,4185,39.10408889,-94.85475556,24,1,0,4,0,0,1,0
200034,KANSAS,KS,1,0,2,175,0,CADWELL,27,2,February,2010,7,Saturday,1,20,0,4,6,0,37.20408056,-100.90152778,1,3,0,1,0,0,1,1
200035,KANSAS,KS,1,0,1,177,0,LEE,21,2,February,2010,1,Sunday,2,50,1,1,1,3536,39.05125278,-95.80738889,38,2,0,3,0,0,1,0
200036,KANSAS,KS,2,0,6,191,0,CRESCENT,24,2,February,2010,4,Wednesday,21,20,1,1,1,26,37.03750278,-97.33852500,12,2,0,1,0,0,4,1
200038,KANSAS,KS,1,0,1,111,0,GRAHAM,10,3,March,2010,4,Wednesday,18,35,0,3,3,960,38.26595000,-96.17706389,1,5,0,2,0,0,1,1
200039,KANSAS,KS,1,0,1,31,0,COFFEE,7,3,March,2010,1,Sunday,2,49,0,4,6,0,38.19421111,-95.72147500,34,2,0,1,0,0,1,1
200040,KANSAS,KS,1,0,2,109,0,ANSLEY,11,3,March,2010,5,Thursday,16,24,0,3,2,458,39.04851944,-101.26785278,1,1,0,1,0,0,1,1
200041,KANSAS,KS,2,0,2,173,0,LAKELAND,11,3,March,2010,5,Thursday,13,10,1,13,3,73,37.79595000,-97.20840556,12,1,0,1,0,0,1,0
200042,KANSAS,KS,2,0,2,177,0,LEE,8,3,March,2010,2,Monday,5,20,1,2,3,3382,39.12872778,-95.59375833,12,2,0,1,0,0,1,1
200043,KANSAS,KS,2,0,2,173,0,LAKELAND,12,3,March,2010,6,Friday,13,22,0,2,3,773,37.63081944,-97.44666944,12,1,0,1,0,0,1,0
200044,KANSAS,KS,3,0,6,191,0,CRESCENT,15,3,March,2010,2,Monday,4,32,1,1,1,313,37.44597222,-97.32307500,12,2,0,1,0,0,4,1
200045,KANSAS,KS,1,0,3,91,4285,DAYTON,16,3,March,2010,3,Tuesday,1,7,0,14,6,0,38.85408056,-94.66670000,33,3,0,1,0,0,2,1
200046,KANSAS,KS,2,0,2,133,0,ARLEY,16,3,March,2010,3,Tuesday,5,55,0,3,2,616,37.69149444,-95.16108611,12,2,0,1,0,0,1,0
200047,KANSAS,KS,2,0,2,91,0,DAYTON,20,3,March,2010,7,Saturday,4,18,1,2,2,4437,38.80787778,-94.67571389,12,2,0,4,0,0,1,0
200048,KANSAS,KS,1,0,1,91,4285,DAYTON,20,3,March,2010,7,Saturday,16,57,0,16,6,0,38.96394722,-94.70953056,42,1,0,4,0,0,1,1
200049,KANSAS,KS,2,0,2,151,0,FLIPPEN,23,3,March,2010,3,Tuesday,3,15,1,2,2,1460,37.64570278,-98.60066389,12,2,0,1,0,0,1,1
200050,KANSAS,KS,1,0,3,85,0,BENTON,25,3,March,2010,5,Thursday,12,33,0,4,3,2846,39.62426667,-95.76808056,34,1,0,1,0,0,1,0
200051,KANSAS,KS,1,0,1,155,0,IRWIN,13,3,March,2010,7,Saturday,14,41,0,4,5,0,37.77743056,-98.03701389,43,1,0,1,0,0,1,0
200052,KANSAS,KS,2,0,2,175,0,CADWELL,25,3,March,2010,5,Thursday,13,30,0,6,6,0,37.25725000,-100.76162222,12,1,0,1,0,0,1,0
200053,KANSAS,KS,2,0,4,111,0,GRAHAM,26,3,March,2010,6,Friday,13,4,1,2,2,3396,38.41250833,-96.26272222,12,1,0,1,0,0,1,0
200054,KANSAS,KS,1,0,3,77,0,ANDERSON,26,3,March,2010,6,Friday,15,0,0,6,4,0,37.23005556,-98.02139167,38,1,0,1,0,0,1,0
200055,KANSAS,KS,2,0,2,113,0,COTTONTON,29,3,March,2010,2,Monday,22,19,0,4,3,12,38.21559167,-97.51919722,12,2,0,1,0,0,1,0
200056,KANSAS,KS,2,0,3,35,0,BROOKLYN,30,3,March,2010,3,Tuesday,9,24,1,2,2,120,37.15812778,-97.03056389,12,1,0,1,0,0,1,0
200057,KANSAS,KS,2,0,3,85,0,BENTON,2,4,April,2010,6,Friday,14,35,1,2,2,1790,39.33243889,-95.72181667,12,1,0,1,0,0,1,0
200058,KANSAS,KS,2,0,3,45,3010,ARITON,4,4,April,2010,1,Sunday,19,53,1,1,1,3859,38.98930278,-95.25867500,25,3,0,1,0,0,1,1
200059,KANSAS,KS,1,0,1,207,0,BOLINGBROKE,5,4,April,2010,2,Monday,10,30,0,6,4,0,38.01016389,-95.72439167,43,1,0,1,0,0,1,0
200060,KANSAS,KS,1,0,1,53,0,ATMORE,6,4,April,2010,3,Tuesday,13,38,1,1,1,2075,38.84973611,-98.43956111,58,1,0,1,0,0,1,0
200061,KANSAS,KS,2,0,2,173,0,LAKELAND,22,4,April,2010,5,Thursday,10,45,0,3,3,0,37.47615278,-97.27784167,12,1,0,1,0,0,1,0
200062,KANSAS,KS,1,0,2,95,0,ALBERTVILLE,12,4,April,2010,2,Monday,20,58,0,4,3,432,37.45912222,-97.96276944,11,2,0,1,0,0,1,0
200063,KANSAS,KS,2,0,4,55,1950,ATTALLA,24,1,January,2010,1,Sunday,6,53,1,2,2,709,37.96788333,-100.83921389,12,3,0,1,0,0,3,1
200064,KANSAS,KS,2,0,2,43,0,BAILEYTON,28,1,January,2010,5,Thursday,11,2,1,2,2,3846,39.78743333,-95.02212500,12,1,0,1,0,0,1,0
200065,KANSAS,KS,1,0,3,173,0,LAKELAND,11,1,January,2010,2,Monday,23,50,0,6,6,0,37.57873333,-97.37079722,25,3,0,1,0,0,1,1
200066,KANSAS,KS,1,0,3,1,2930,AUTAUGA,12,1,January,2010,3,Tuesday,23,40,0,6,6,0,37.90790833,-95.27481111,38,2,0,1,0,0,1,1
200067,KANSAS,KS,2,0,6,209,2820,AILEY,17,1,January,2010,1,Sunday,19,19,0,14,6,0,39.13425556,-94.63279722,12,3,0,5,0,0,1,0
200068,KANSAS,KS,1,1,1,91,4285,DAYTON,21,1,January,2010,5,Thursday,22,29,0,13,6,0,38.97108889,-94.70283611,8,3,0,2,0,0,1,1
200069,KANSAS,KS,1,0,1,203,0,BENSON,7,2,February,2010,1,Sunday,23,0,0,3,3,1025,38.27861667,-101.33720278,38,2,0,1,0,0,1,0
200070,KANSAS,KS,1,0,1,173,5880,LAKELAND,7,2,February,2010,1,Sunday,2,58,0,14,6,0,37.73766667,-97.35526111,33,3,0,1,0,0,1,1
200071,KANSAS,KS,1,0,1,15,0,ANNISTON,31,3,March,2010,4,Wednesday,23,25,0,6,4,0,38.08539167,-96.61033611,10,2,0,1,0,0,1,0
200072,KANSAS,KS,1,0,1,173,5880,LAKELAND,21,3,March,2010,1,Sunday,4,30,0,13,6,0,37.71193611,-97.34539167,30,3,0,1,0,0,1,1
200073,KANSAS,KS,1,1,1,209,2820,AILEY,4,3,March,2010,5,Thursday,8,9,0,19,6,0,39.14690278,-94.73055833,8,1,0,1,1,0,1,1
200074,KANSAS,KS,1,0,8,209,2820,AILEY,7,3,March,2010,1,Sunday,3,59,0,15,6,0,39.05518333,-94.70609722,33,3,0,1,0,0,1,1
200075,KANSAS,KS,1,0,1,139,0,CALION,1,4,April,2010,5,Thursday,3,53,0,3,3,1,38.63792500,-95.68482500,35,2,0,6,0,0,1,1
200076,KANSAS,KS,1,0,2,173,5880,LAKELAND,2,4,April,2010,6,Friday,2,13,0,14,6,0,37.68572222,-97.30813889,33,3,0,1,0,0,1,1
200077,KANSAS,KS,1,0,1,91,4140,DAYTON,5,4,April,2010,2,Monday,14,45,0,14,6,0,38.90646389,-94.81638889,32,1,0,1,0,0,1,1
200078,KANSAS,KS,2,0,2,197,0,BUENA VISTA,11,4,April,2010,1,Sunday,13,0,0,3,3,1541,38.90840000,-96.28040278,12,1,0,1,0,0,1,0
200079,KANSAS,KS,3,0,3,69,950,ASHFORD,13,4,April,2010,3,Tuesday,15,0,1,2,2,1026,37.80680000,-100.33212778,12,1,0,6,0,0,1,0
200080,KANSAS,KS,1,0,1,9,0,BLOUNT,14,4,April,2010,4,Wednesday,16,0,0,6,6,0,38.37651944,-98.90527778,35,1,0,6,0,0,1,0
200081,KANSAS,KS,1,0,2,85,0,BENTON,15,4,April,2010,5,Thursday,17,30,0,4,6,0,39.24588056,-95.79631667,34,1,0,1,0,0,1,0
200082,KANSAS,KS,1,0,2,193,0,IDEAL,16,4,April,2010,6,Friday,13,36,1,1,1,368,39.34969722,-101.35299722,43,1,0,1,0,0,1,0
200083,KANSAS,KS,1,0,1,185,0,ANAKTUVUK PASS,17,4,April,2010,7,Saturday,12,43,0,5,6,0,37.98493333,-98.69370556,38,1,0,1,0,0,1,0
200084,KANSAS,KS,3,0,3,193,1060,IDEAL,21,4,April,2010,4,Wednesday,13,4,1,2,2,1733,39.42936389,-100.87002778,12,1,0,1,0,0,1,3
200085,KANSAS,KS,2,0,2,11,0,BULLOCK,21,4,April,2010,4,Wednesday,5,5,1,2,2,580,37.71180000,-94.70455278,12,2,0,1,0,0,1,2
200086,KANSAS,KS,2,0,5,61,0,BELLWOOD,25,4,April,2010,1,Sunday,0,10,1,2,2,1464,38.91133889,-96.85409444,12,2,0,1,0,0,1,1
200087,KANSAS,KS,1,0,2,57,0,BANKSTON,25,4,April,2010,1,Sunday,0,45,0,6,6,0,37.82334444,-100.01747222,30,2,0,6,0,0,1,1
200088,KANSAS,KS,2,0,2,69,0,ASHFORD,26,4,April,2010,2,Monday,17,45,0,6,6,0,37.75198611,-100.54378611,12,1,0,1,0,0,2,2
200089,KANSAS,KS,1,0,4,37,0,BRADFORD,30,4,April,2010,6,Friday,22,10,0,6,6,0,37.36756389,-94.65082222,42,2,0,1,0,0,1,1
200090,KANSAS,KS,1,0,1,51,0,CENTRAL,17,4,April,2010,7,Saturday,1,0,0,6,6,0,38.98796944,-99.23091944,35,2,0,1,0,0,1,1
200091,KANSAS,KS,2,0,3,103,0,DANVILLE,18,4,April,2010,1,Sunday,13,36,0,3,3,95,39.00984722,-95.01783333,12,1,0,1,0,0,1,0
200092,KANSAS,KS,2,0,2,11,0,BULLOCK,20,4,April,2010,3,Tuesday,10,55,1,2,2,623,37.87105833,-94.70626944,12,1,0,1,0,0,1,0
200093,KANSAS,KS,1,0,3,139,0,CALION,21,4,April,2010,4,Wednesday,23,50,0,6,6,0,38.62371111,-95.75889722,32,2,0,1,0,0,1,1
200094,KANSAS,KS,1,0,2,209,2820,AILEY,3,4,April,2010,7,Saturday,18,33,0,16,6,0,39.15828333,-94.72721111,42,1,0,1,0,0,1,0
200095,KANSAS,KS,1,0,1,209,2820,AILEY,3,4,April,2010,7,Saturday,19,20,0,15,6,0,39.15908333,-94.80377222,42,5,0,1,0,0,1,1
200097,KANSAS,KS,1,0,1,29,0,BORDEN SPRINGS,1,5,May,2010,7,Saturday,22,0,0,4,6,0,39.61124167,-97.53696389,32,2,0,1,0,0,1,1
200098,KANSAS,KS,1,0,1,173,0,LAKELAND,1,5,May,2010,7,Saturday,22,30,0,4,6,0,37.59328889,-97.77153889,32,2,0,1,0,0,1,1
200099,KANSAS,KS,1,0,4,1,0,AUTAUGA,18,2,February,2010,5,Thursday,23,7,0,4,5,0,37.99453889,-95.48320833,1,2,0,1,0,0,1,1
200100,KANSAS,KS,2,0,2,121,0,BON AIR,25,4,April,2010,1,Sunday,17,49,0,3,3,0,38.62223611,-94.93835556,12,1,0,1,0,0,1,0
200101,KANSAS,KS,2,0,3,155,0,IRWIN,27,4,April,2010,3,Tuesday,7,48,0,4,5,0,37.97031944,-98.01392500,12,1,0,1,0,0,2,0
200102,KANSAS,KS,1,1,1,173,5880,LAKELAND,1,5,May,2010,7,Saturday,21,4,0,13,6,0,37.69373611,-97.35096944,8,3,0,1,0,0,1,0
200103,KANSAS,KS,1,0,1,89,0,BROWNSBORO,2,5,May,2010,1,Sunday,0,35,0,4,3,240,39.82884167,-98.34411667,34,2,0,1,0,0,1,1
200104,KANSAS,KS,1,0,1,91,3080,DAYTON,2,5,May,2010,1,Sunday,17,10,1,2,3,1588,38.97515833,-94.85415556,1,1,0,1,0,0,1,0
200105,KANSAS,KS,2,2,2,173,5880,LAKELAND,3,4,April,2010,7,Saturday,21,53,0,15,6,0,37.70351667,-97.32230278,8,3,0,1,0,0,1,1
200106,KANSAS,KS,2,0,5,175,0,CADWELL,4,5,May,2010,3,Tuesday,14,5,1,2,2,513,37.39143611,-100.87234444,12,1,0,1,0,0,1,0
200107,KANSAS,KS,2,0,2,189,2610,BONEVILLE,3,5,May,2010,2,Monday,8,45,0,3,2,346,37.22110278,-101.31626111,12,1,0,1,0,0,1,0
200108,KANSAS,KS,2,0,2,159,0,FARRAR,7,5,May,2010,6,Friday,7,12,1,2,2,0,38.34791667,-98.22051944,12,1,0,1,0,0,1,0
200109,KANSAS,KS,2,0,4,173,5880,LAKELAND,14,5,May,2010,6,Friday,12,4,0,13,6,0,37.73685278,-97.36341389,12,1,0,1,0,0,2,0
200110,KANSAS,KS,2,0,2,125,2670,BROOKWOOD,14,5,May,2010,6,Friday,13,47,1,2,2,170,37.22431389,-95.58654722,12,1,0,1,0,0,1,0
200111,KANSAS,KS,2,0,2,155,2660,IRWIN,18,5,May,2010,3,Tuesday,15,42,1,13,2,2425,38.02929722,-97.90243056,32,1,0,1,0,0,1,0
200112,KANSAS,KS,2,0,2,173,5880,LAKELAND,19,5,May,2010,4,Wednesday,1,39,1,1,1,72,37.69692778,-97.31689444,12,2,0,2,0,0,1,0
200113,KANSAS,KS,1,0,3,43,5450,BAILEYTON,19,5,May,2010,4,Wednesday,2,30,0,4,4,0,39.76203611,-95.04821667,1,3,0,1,0,0,1,1
200114,KANSAS,KS,1,0,1,209,2820,AILEY,19,5,May,2010,4,Wednesday,20,50,0,14,3,71,39.14330833,-94.71176111,53,3,0,2,0,0,1,0
200115,KANSAS,KS,1,0,1,173,0,LAKELAND,20,5,May,2010,5,Thursday,17,15,1,1,1,332,37.47492500,-97.32281667,38,1,0,1,0,0,1,1
200117,KANSAS,KS,1,0,1,15,0,ANNISTON,21,5,May,2010,6,Friday,14,57,1,1,1,704,37.80808889,-96.91889722,1,1,0,1,0,0,1,0
200118,KANSAS,KS,5,0,11,103,0,DANVILLE,22,5,May,2010,7,Saturday,14,55,0,3,3,54,39.00384444,-95.09379444,12,1,0,1,0,0,2,1
200119,KANSAS,KS,1,0,1,59,0,FRANKLIN,22,5,May,2010,7,Saturday,17,30,0,4,4,0,38.65273889,-95.34974167,1,1,0,1,0,0,1,1
200120,KANSAS,KS,1,0,3,43,0,BAILEYTON,25,5,May,2010,3,Tuesday,20,40,0,5,4,0,39.82040278,-95.02555833,35,2,0,1,0,0,1,0
200121,KANSAS,KS,1,0,1,173,0,LAKELAND,25,5,May,2010,3,Tuesday,19,41,0,4,4,0,37.72185000,-97.54460278,11,1,0,1,0,0,1,0
200122,KANSAS,KS,1,0,6,177,0,LEE,26,5,May,2010,4,Wednesday,15,28,1,1,1,1878,39.01845000,-95.51479444,34,1,0,1,0,0,2,0
200123,KANSAS,KS,1,0,2,3,0,BALDWIN,27,5,May,2010,5,Thursday,8,11,1,2,2,833,38.12692778,-95.33892500,34,1,0,1,0,0,1,1
200124,KANSAS,KS,1,0,2,173,0,LAKELAND,28,5,May,2010,6,Friday,20,34,1,2,2,0,37.67988056,-97.15398889,1,1,0,1,0,0,2,0
200125,KANSAS,KS,1,0,1,173,0,LAKELAND,30,5,May,2010,1,Sunday,22,50,0,6,4,0,37.63156667,-97.15381667,17,2,0,2,0,0,1,1
200126,KANSAS,KS,2,0,2,123,440,ALEXANDER CITY,1,6,June,2010,3,Tuesday,16,26,1,2,2,2219,39.48112222,-98.13537500,12,1,0,1,0,0,1,0
200127,KANSAS,KS,2,0,2,173,5880,LAKELAND,2,6,June,2010,4,Wednesday,8,39,0,13,6,0,37.62048611,-97.29655278,12,1,0,1,0,0,1,0
200128,KANSAS,KS,2,0,3,197,0,BUENA VISTA,2,6,June,2010,4,Wednesday,16,23,0,3,3,1642,39.06658056,-96.28898611,12,1,0,1,0,0,1,0
200129,KANSAS,KS,2,0,8,31,0,COFFEE,4,6,June,2010,6,Friday,14,26,1,2,2,999,38.24303333,-95.73846944,12,1,0,1,0,0,3,0
200130,KANSAS,KS,1,0,1,125,2670,BROOKWOOD,10,5,May,2010,2,Monday,5,56,0,13,6,0,37.22332222,-95.71143056,31,4,0,2,0,0,1,0
200131,KANSAS,KS,3,1,2,173,5880,LAKELAND,4,6,June,2010,6,Friday,14,1,1,2,2,2154,37.67784167,-97.34968056,12,1,0,1,0,0,1,1
200132,KANSAS,KS,2,0,2,139,0,CALION,4,6,June,2010,6,Friday,0,9,1,2,2,1159,38.49014444,-95.72387778,12,2,0,1,0,0,1,1
200134,KANSAS,KS,2,0,3,173,5880,LAKELAND,5,6,June,2010,7,Saturday,12,1,0,16,6,0,37.60818056,-97.36238611,12,1,0,1,0,0,1,0
200135,KANSAS,KS,1,0,1,91,4285,DAYTON,5,6,June,2010,7,Saturday,20,10,0,13,6,0,38.95413611,-94.66815833,42,5,0,1,0,0,1,0
200136,KANSAS,KS,1,0,1,117,0,BIRMINGHAM,6,6,June,2010,1,Sunday,17,40,1,2,2,2314,39.86389722,-96.66706944,21,1,0,1,0,0,1,0
200137,KANSAS,KS,4,0,5,173,5880,LAKELAND,7,6,June,2010,2,Monday,15,27,0,13,6,0,37.62252500,-97.35251389,12,1,0,1,0,0,1,0
200138,KANSAS,KS,1,0,2,91,3080,DAYTON,14,5,May,2010,6,Friday,17,30,0,16,6,0,38.98083056,-94.71759722,34,1,0,1,0,0,1,1
200139,KANSAS,KS,2,0,3,169,0,BRADLEY,21,5,May,2010,6,Friday,14,45,0,4,4,0,38.65287500,-97.53842222,12,1,0,1,0,0,3,0
200140,KANSAS,KS,2,0,5,61,0,BELLWOOD,22,5,May,2010,7,Saturday,13,14,0,14,3,1667,39.03018611,-96.87263611,12,1,0,1,0,0,1,1
200141,KANSAS,KS,1,0,1,167,0,ADRIAN,31,5,May,2010,2,Monday,14,29,0,6,6,0,38.94205278,-98.53534722,1,1,0,1,0,0,1,0
200142,KANSAS,KS,1,0,2,17,0,CHAMBERS,17,1,January,2010,1,Sunday,9,10,0,3,3,83,38.36319444,-96.81461389,32,1,5,3,0,0,1,0
200143,KANSAS,KS,1,0,4,17,0,CHAMBERS,13,2,February,2010,7,Saturday,16,53,0,5,4,0,38.38795833,-96.48673889,1,1,0,1,0,0,1,0
200144,KANSAS,KS,2,0,3,173,2392,LAKELAND,8,3,March,2010,2,Monday,16,9,0,14,2,531,37.56499167,-97.33474722,12,1,0,2,0,0,1,0