ST_CASE,State Name,State Abbreviation,VE_TOTAL,Pedestrains,Total_Persons_in_accident,COUNTY,CITY,City_County_Name,Calendar_DAY,MONTH,Month_Name,YEAR,DAY_WEEK,Day_Week_desc,HOUR,MINUTE,NHS_Desc,trafficway,ROUTE,MILEPT,LATITUDE,LONGITUD,First_Crash_event,Light_cond_desc,Weather_condition,WEATHER,SCH_BUS,Crash_cause,FATALS,DRUNK_DR
200145,KANSAS,KS,2,0,4,155,0,IRWIN,8,6,June,2010,3,Tuesday,15,56,1,2,2,2360,37.99968056,-98.03306667,12,1,0,1,0,0,1,0
200146,KANSAS,KS,1,0,4,37,0,BRADFORD,10,6,June,2010,5,Thursday,4,10,0,6,6,0,37.34532500,-94.68721389,32,2,0,1,0,0,2,1
200147,KANSAS,KS,1,0,1,81,0,AUBURN,12,6,June,2010,7,Saturday,22,20,0,4,4,0,37.47840000,-100.96229444,34,2,0,1,0,0,1,1
200148,KANSAS,KS,2,0,4,99,3830,BEATRICE,16,6,June,2010,4,Wednesday,17,45,0,6,6,0,37.20052778,-95.41196944,12,1,0,1,0,0,1,0
200149,KANSAS,KS,2,0,2,15,0,ANNISTON,17,6,June,2010,5,Thursday,8,50,0,6,6,0,37.89788611,-96.93340278,12,1,0,1,0,0,1,0
200150,KANSAS,KS,1,0,3,1,0,AUTAUGA,19,6,June,2010,7,Saturday,22,20,1,2,2,624,37.82937778,-95.40965000,1,2,0,1,0,0,1,0
200151,KANSAS,KS,1,0,1,43,0,BAILEYTON,20,6,June,2010,1,Sunday,4,0,0,6,6,0,39.73333056,-95.11585278,43,2,0,1,0,0,1,1
200152,KANSAS,KS,2,0,3,185,0,ANAKTUVUK PASS,23,6,June,2010,4,Wednesday,12,55,1,2,2,2084,37.95665000,-98.51028333,12,1,0,1,0,0,1,0
200153,KANSAS,KS,3,0,3,95,0,ALBERTVILLE,25,6,June,2010,6,Friday,15,45,1,2,2,0,37.64631667,-98.33793611,12,1,0,1,0,0,1,0
200154,KANSAS,KS,1,0,1,151,0,FLIPPEN,28,6,June,2010,2,Monday,16,25,0,6,6,0,37.64278056,-98.81309444,10,1,0,1,0,0,1,0
200155,KANSAS,KS,1,0,2,121,0,BON AIR,28,6,June,2010,2,Monday,10,27,0,4,6,0,38.47616944,-94.65416944,23,1,0,1,0,0,1,0
200156,KANSAS,KS,2,0,2,191,0,CRESCENT,29,6,June,2010,3,Tuesday,14,50,0,3,3,677,37.47404167,-97.67755556,12,1,0,1,0,0,1,0
200157,KANSAS,KS,2,0,7,57,0,BANKSTON,29,6,June,2010,3,Tuesday,17,50,0,4,6,0,37.73705556,-100.17909167,12,1,0,1,0,0,4,1
200158,KANSAS,KS,2,0,2,161,0,DENTON,29,6,June,2010,3,Tuesday,7,48,1,2,2,3068,39.26356111,-96.68200556,12,1,0,1,0,0,1,0
200159,KANSAS,KS,1,0,1,195,0,CARLTON,29,6,June,2010,3,Tuesday,14,6,0,6,6,0,38.82794167,-99.87945556,38,1,0,1,0,0,1,0
200160,KANSAS,KS,1,0,7,119,3600,BELLAMY,29,6,June,2010,3,Tuesday,0,30,1,2,2,516,37.28634444,-100.20423889,24,2,0,1,0,0,1,0
200161,KANSAS,KS,2,0,6,57,0,BANKSTON,30,6,June,2010,4,Wednesday,5,43,1,13,2,1241,37.74004167,-99.96082222,12,4,0,1,0,0,1,1
200162,KANSAS,KS,2,0,2,119,0,BELLAMY,30,6,June,2010,4,Wednesday,15,4,1,2,2,554,37.29481389,-100.30380278,12,1,0,1,0,0,1,0
200163,KANSAS,KS,1,1,1,57,0,BANKSTON,21,6,June,2010,2,Monday,22,42,1,13,2,1179,37.75890833,-100.06313333,8,2,0,1,0,0,1,0
200164,KANSAS,KS,1,0,2,133,0,ARLEY,24,3,March,2010,4,Wednesday,9,20,0,3,3,0,37.51571667,-95.27017500,43,1,0,1,0,0,1,0
200165,KANSAS,KS,1,0,1,53,0,ATMORE,27,6,June,2010,1,Sunday,7,0,0,6,6,0,38.71230278,-98.34136944,38,1,0,1,0,0,1,1
200166,KANSAS,KS,2,0,3,177,5400,LEE,15,6,June,2010,3,Tuesday,8,29,0,13,6,0,39.04585278,-95.69941389,12,1,0,1,0,0,1,0
200167,KANSAS,KS,1,0,1,103,0,DANVILLE,13,6,June,2010,1,Sunday,1,0,0,6,6,0,39.14038056,-94.92007222,1,2,0,98,0,0,1,0
200168,KANSAS,KS,2,0,2,125,0,BROOKWOOD,6,7,July,2010,3,Tuesday,11,0,1,2,2,45,37.10721667,-95.91545000,12,1,0,2,0,0,1,2
200169,KANSAS,KS,2,0,3,3,0,BALDWIN,7,7,July,2010,4,Wednesday,13,20,0,3,2,888,38.19852778,-95.25146389,12,1,0,1,0,0,1,0
200170,KANSAS,KS,1,0,1,41,0,BRANTLEY,8,7,July,2010,5,Thursday,20,24,0,3,3,1810,39.03185278,-97.21338333,1,1,0,1,0,0,1,0
200171,KANSAS,KS,1,0,1,177,0,LEE,8,7,July,2010,5,Thursday,14,30,0,6,6,0,39.18237222,-95.70156111,31,1,0,2,0,0,1,1
200172,KANSAS,KS,1,0,1,113,0,COTTONTON,9,7,July,2010,6,Friday,21,10,0,3,2,2517,38.37826944,-97.59361389,42,2,0,1,0,0,1,0
200173,KANSAS,KS,2,0,2,57,0,BANKSTON,9,7,July,2010,6,Friday,5,48,1,2,2,1298,37.79025278,-99.87876944,12,4,0,1,0,0,2,0
200174,KANSAS,KS,2,0,2,173,5880,LAKELAND,9,7,July,2010,6,Friday,22,2,0,14,6,0,37.69672500,-97.44478333,12,3,0,1,0,0,1,2
200175,KANSAS,KS,2,0,4,125,0,BROOKWOOD,10,7,July,2010,7,Saturday,11,15,1,2,2,3903,37.34689444,-95.53075833,12,1,0,1,0,0,2,0
200176,KANSAS,KS,2,0,5,55,0,ATTALLA,10,7,July,2010,7,Saturday,18,3,0,6,6,0,37.97478611,-100.81071944,12,1,0,1,0,0,1,1
200177,KANSAS,KS,1,0,1,95,0,ALBERTVILLE,10,7,July,2010,7,Saturday,23,0,0,6,6,0,37.67702778,-97.85385000,42,2,0,1,0,0,1,1
200178,KANSAS,KS,1,0,1,209,2820,AILEY,10,7,July,2010,7,Saturday,1,8,0,14,6,0,39.12886111,-94.65717222,30,3,0,1,0,0,1,0
200179,KANSAS,KS,1,0,1,131,0,ARLINGTON,13,7,July,2010,3,Tuesday,22,49,0,6,6,0,39.88655833,-95.85228056,34,2,0,1,0,0,1,1
200180,KANSAS,KS,2,0,3,173,5880,LAKELAND,14,7,July,2010,4,Wednesday,0,10,1,2,2,0,37.67926944,-97.21029167,12,3,0,1,0,0,1,2
200181,KANSAS,KS,1,1,2,209,580,AILEY,16,7,July,2010,6,Friday,18,20,0,16,6,0,39.06018333,-94.88325000,15,1,0,1,0,0,1,0
200182,KANSAS,KS,1,0,2,169,4900,BRADLEY,29,8,August,2010,1,Sunday,2,5,0,6,6,0,38.88528611,-97.59386944,32,3,0,1,0,0,1,1
200183,KANSAS,KS,2,0,3,127,0,BURNWELL,16,7,July,2010,6,Friday,18,13,0,6,6,0,38.59970000,-96.36383056,12,1,0,1,0,0,1,0
200184,KANSAS,KS,1,0,1,159,0,FARRAR,17,7,July,2010,7,Saturday,23,15,0,6,6,0,38.20264444,-98.12481944,34,2,0,1,0,0,1,1
200185,KANSAS,KS,1,0,1,175,0,CADWELL,19,7,July,2010,2,Monday,22,59,1,2,2,176,37.21830000,-100.86753889,32,2,0,1,0,0,1,1
200186,KANSAS,KS,2,0,3,149,0,BELLEVILLE,21,7,July,2010,4,Wednesday,16,25,1,2,2,3212,39.19773889,-96.48399444,12,1,0,1,0,0,1,0
200187,KANSAS,KS,2,0,2,17,0,CHAMBERS,21,7,July,2010,4,Wednesday,2,59,1,2,2,3366,38.40517778,-96.38992222,12,2,0,2,0,0,1,1
200188,KANSAS,KS,1,0,1,59,0,FRANKLIN,23,7,July,2010,6,Friday,22,15,0,6,6,0,38.53816389,-95.47196389,42,2,0,1,0,0,1,0
200189,KANSAS,KS,1,0,3,81,0,AUBURN,24,7,July,2010,7,Saturday,20,45,0,6,4,0,37.40275556,-100.80574167,1,2,0,1,0,0,1,0
200190,KANSAS,KS,3,0,4,15,0,ANNISTON,24,7,July,2010,7,Saturday,15,30,1,2,2,2279,37.67981389,-97.12137222,12,1,0,1,0,0,1,0
200191,KANSAS,KS,1,0,1,209,2820,AILEY,25,7,July,2010,1,Sunday,3,36,1,2,1,4101,39.10595278,-94.83630278,24,2,0,1,0,0,1,0
200192,KANSAS,KS,1,0,1,87,0,ARMSTRONG,26,7,July,2010,2,Monday,15,30,1,2,3,3534,39.26123333,-95.51685278,42,1,0,2,0,0,1,0
200193,KANSAS,KS,2,0,5,87,0,ARMSTRONG,28,7,July,2010,4,Wednesday,7,50,0,4,4,0,39.28874167,-95.57092778,12,1,0,1,0,0,3,0
200194,KANSAS,KS,3,0,3,173,5880,LAKELAND,28,7,July,2010,4,Wednesday,12,8,1,2,2,2182,37.67967778,-97.29852778,12,1,0,1,0,0,1,0
200195,KANSAS,KS,2,0,3,179,0,ALLENHURST,28,7,July,2010,4,Wednesday,14,30,1,2,2,0,39.55964722,-100.53588889,12,1,0,1,0,0,1,0
200196,KANSAS,KS,2,0,2,53,0,ATMORE,31,7,July,2010,7,Saturday,17,45,0,6,4,0,38.53688611,-98.33158611,12,1,0,1,0,0,2,0
200197,KANSAS,KS,2,0,3,103,2975,DANVILLE,7,7,July,2010,4,Wednesday,21,24,0,13,6,0,39.26721389,-94.90951667,12,3,0,2,0,0,1,1
200198,KANSAS,KS,1,0,1,177,0,LEE,29,7,July,2010,5,Thursday,21,22,0,4,6,0,38.99717500,-95.63787500,5,2,0,1,0,0,1,0
200199,KANSAS,KS,1,0,1,173,0,LAKELAND,1,8,August,2010,1,Sunday,19,34,0,6,4,0,37.79371111,-97.58082500,32,1,0,1,0,0,1,0
200200,KANSAS,KS,1,0,1,185,0,ANAKTUVUK PASS,1,8,August,2010,1,Sunday,7,23,1,2,2,780,37.98946667,-98.74700556,11,1,0,1,0,0,1,0
200201,KANSAS,KS,1,0,2,85,0,BENTON,2,8,August,2010,2,Monday,2,57,0,6,6,0,39.43771667,-95.61727500,1,2,0,1,0,0,1,1
200202,KANSAS,KS,1,0,1,59,0,FRANKLIN,3,8,August,2010,3,Tuesday,20,0,0,6,4,0,38.46111667,-95.28751389,1,1,0,1,0,0,1,1
200203,KANSAS,KS,1,0,1,69,0,ASHFORD,5,8,August,2010,5,Thursday,7,47,1,2,2,850,37.87620833,-100.63854167,1,1,0,1,0,0,1,0
200204,KANSAS,KS,1,0,1,115,0,ASHVILLE,26,3,March,2010,6,Friday,16,10,0,6,6,0,38.48456944,-97.04043333,34,1,0,1,0,0,1,0
200205,KANSAS,KS,1,0,1,177,5400,LEE,5,8,August,2010,5,Thursday,10,15,1,1,1,3550,39.03358611,-95.59375833,35,1,0,1,0,0,1,1
200206,KANSAS,KS,1,0,3,17,0,CHAMBERS,6,8,August,2010,6,Friday,7,30,1,1,1,1082,38.17464722,-96.47197778,34,1,0,1,0,0,2,0
200207,KANSAS,KS,1,0,4,27,0,ASHLAND,7,8,August,2010,7,Saturday,1,50,0,6,6,0,39.13219167,-97.00138056,35,2,0,1,0,0,1,1
200208,KANSAS,KS,1,0,1,5,260,BAKER HILL,8,8,August,2010,1,Sunday,14,13,0,16,6,0,39.56580000,-95.17275833,30,1,0,1,0,0,1,1
200209,KANSAS,KS,1,0,1,197,0,BUENA VISTA,8,8,August,2010,1,Sunday,12,13,0,3,3,2830,38.87018611,-96.21585833,59,1,0,1,0,0,1,0
200210,KANSAS,KS,2,0,2,133,870,ARLEY,10,8,August,2010,3,Tuesday,14,0,0,13,6,0,37.68911944,-95.47136389,12,1,0,1,0,0,1,1
200211,KANSAS,KS,2,0,2,91,3030,DAYTON,10,8,August,2010,3,Tuesday,21,40,0,14,6,0,38.85461389,-94.64644444,12,3,0,1,0,0,1,1
200212,KANSAS,KS,2,0,2,29,0,BORDEN SPRINGS,10,8,August,2010,3,Tuesday,10,10,0,4,3,0,39.58875833,-97.78209722,12,1,0,1,0,0,1,0
200213,KANSAS,KS,1,0,1,79,0,COURTLAND,10,8,August,2010,3,Tuesday,13,46,0,3,3,98,37.95692222,-97.15828056,10,1,0,1,0,0,1,0
200214,KANSAS,KS,2,0,2,35,0,BROOKLYN,11,8,August,2010,4,Wednesday,15,44,1,2,2,0,37.11433611,-97.03691389,12,1,0,1,0,0,1,1
200215,KANSAS,KS,1,0,1,173,0,LAKELAND,11,8,August,2010,4,Wednesday,6,37,0,6,5,0,37.86875556,-97.26084722,1,3,0,1,0,0,1,1
200216,KANSAS,KS,1,0,2,133,0,ARLEY,12,8,August,2010,5,Thursday,11,40,0,3,3,302,37.68144167,-95.25232222,23,1,0,1,0,0,2,0
200217,KANSAS,KS,3,0,4,209,2820,AILEY,12,8,August,2010,5,Thursday,11,46,1,1,1,4102,39.10601944,-94.84128056,12,1,0,1,0,0,1,0
200218,KANSAS,KS,3,0,8,173,0,LAKELAND,14,8,August,2010,7,Saturday,11,57,1,13,3,74,37.79601667,-97.20857500,12,1,0,1,0,0,2,0
200219,KANSAS,KS,1,0,1,91,4140,DAYTON,27,8,August,2010,6,Friday,5,40,1,2,2,1460,38.81122222,-94.82771944,1,2,0,1,0,0,1,1
200220,KANSAS,KS,3,0,5,103,3020,DANVILLE,6,6,June,2010,1,Sunday,16,19,0,14,6,0,39.31630556,-94.92856944,12,1,0,1,0,0,1,0
200221,KANSAS,KS,3,0,5,155,2660,IRWIN,11,6,June,2010,6,Friday,20,31,1,13,3,0,38.04315556,-97.90389167,12,5,0,1,0,0,1,0
200222,KANSAS,KS,1,0,1,105,0,MARION,27,6,June,2010,1,Sunday,22,0,0,5,4,0,39.09250000,-98.19511389,38,2,0,1,0,0,1,1
200223,KANSAS,KS,1,0,1,189,0,BONEVILLE,22,7,July,2010,5,Thursday,4,0,0,3,3,0,37.17098611,-101.28776667,32,2,0,1,0,0,1,1
200224,KANSAS,KS,2,0,4,191,0,CRESCENT,29,7,July,2010,5,Thursday,14,55,1,2,3,0,37.47240556,-97.22591389,12,1,0,2,0,0,1,0
200225,KANSAS,KS,3,0,8,173,5880,LAKELAND,25,7,July,2010,1,Sunday,22,45,0,14,6,0,37.73800556,-97.34951111,12,3,0,2,0,0,1,1
200226,KANSAS,KS,3,0,3,173,5880,LAKELAND,16,8,August,2010,2,Monday,16,38,0,2,3,796,37.64400556,-97.40461389,12,1,0,1,0,0,1,0
200227,KANSAS,KS,3,0,5,91,4545,DAYTON,5,8,August,2010,5,Thursday,16,45,0,14,6,0,39.00411111,-94.64927778,12,1,0,1,0,0,1,0
200228,KANSAS,KS,1,0,1,173,0,LAKELAND,6,8,August,2010,6,Friday,7,12,0,4,5,0,37.87336389,-97.51902500,43,1,0,1,0,0,1,0
200229,KANSAS,KS,1,0,2,173,0,LAKELAND,30,8,August,2010,2,Monday,13,45,0,4,4,0,37.49065833,-97.42469722,35,1,0,1,0,0,1,0
200230,KANSAS,KS,1,0,1,29,0,BORDEN SPRINGS,14,8,August,2010,7,Saturday,0,55,0,4,6,0,39.61401944,-97.90208889,23,2,0,1,0,0,1,1
200231,KANSAS,KS,1,0,1,33,0,CHEROKEE,15,8,August,2010,1,Sunday,1,33,0,3,2,1776,37.19341667,-99.33563333,23,2,0,1,0,0,1,1
200232,KANSAS,KS,2,0,3,173,0,LAKELAND,16,8,August,2010,2,Monday,2,20,1,13,3,63,37.79615278,-97.22685833,12,3,0,1,0,0,1,1
200233,KANSAS,KS,2,0,2,91,1340,DAYTON,19,8,August,2010,5,Thursday,8,20,1,2,3,169,38.96181111,-95.00350000,12,1,0,1,0,0,1,0
200234,KANSAS,KS,2,0,4,139,0,CALION,20,8,August,2010,6,Friday,12,31,1,2,2,1201,38.50116111,-95.69658333,12,1,0,1,0,0,2,0
200235,KANSAS,KS,1,0,1,209,2820,AILEY,20,8,August,2010,6,Friday,17,31,1,1,1,4131,39.10528889,-94.78677778,31,1,0,2,0,0,1,0
200236,KANSAS,KS,1,0,4,125,0,BROOKWOOD,21,8,August,2010,7,Saturday,19,45,0,6,4,0,37.08229722,-95.86875833,1,1,0,1,0,0,1,0
200237,KANSAS,KS,1,0,1,15,0,ANNISTON,21,8,August,2010,7,Saturday,6,35,1,2,2,0,37.67981389,-97.03837500,35,4,0,1,0,0,1,1
200238,KANSAS,KS,1,0,1,147,0,AUGUSTA,23,8,August,2010,2,Monday,1,0,1,2,2,0,39.77054722,-99.06972778,34,2,0,1,0,0,1,1
200239,KANSAS,KS,1,0,1,147,0,AUGUSTA,23,8,August,2010,2,Monday,1,0,1,2,2,0,39.77107500,-99.06702500,34,2,0,1,0,0,1,1
200240,KANSAS,KS,2,0,3,209,1510,AILEY,24,8,August,2010,3,Tuesday,16,7,0,13,3,0,39.06091667,-94.80737778,12,1,0,1,0,0,2,0
200242,KANSAS,KS,2,0,2,163,0,AVERA,27,8,August,2010,6,Friday,17,47,0,3,2,1546,39.44375000,-99.24216389,12,1,0,1,0,0,1,0
200243,KANSAS,KS,1,0,1,175,0,CADWELL,29,8,August,2010,1,Sunday,1,55,0,6,4,0,37.09051389,-101.01310833,1,2,0,1,0,0,1,1
200244,KANSAS,KS,1,0,3,67,0,ABBEVILLE,29,8,August,2010,1,Sunday,7,7,0,4,3,57,37.47948889,-101.10752222,1,4,0,1,0,0,1,0
200245,KANSAS,KS,3,0,9,45,0,ARITON,28,8,August,2010,7,Saturday,20,13,0,2,2,1228,38.50089167,-95.26751389,12,5,0,1,0,0,1,0
200246,KANSAS,KS,2,0,2,191,0,CRESCENT,3,9,September,2010,6,Friday,9,15,0,3,3,548,37.45918889,-97.77042500,12,1,0,1,0,0,1,0
200247,KANSAS,KS,1,0,1,91,4140,DAYTON,20,8,August,2010,6,Friday,18,7,0,15,6,0,38.85488056,-94.84436944,43,9,0,99,0,0,1,1
200250,KANSAS,KS,2,0,2,1,0,AUTAUGA,22,4,April,2010,5,Thursday,16,10,1,2,2,3282,37.92219722,-95.34467778,12,1,8,2,0,0,1,0
200251,KANSAS,KS,2,0,3,173,5880,LAKELAND,20,8,August,2010,6,Friday,18,0,0,13,6,0,37.70487500,-97.28084444,12,1,0,1,0,0,1,0
200252,KANSAS,KS,2,0,2,43,0,BAILEYTON,5,9,September,2010,1,Sunday,18,46,1,2,2,3783,39.79587500,-95.08632778,12,1,0,1,0,0,1,0
200253,KANSAS,KS,2,0,5,209,0,AILEY,5,9,September,2010,1,Sunday,23,20,0,15,6,0,39.09250000,-94.77991111,24,3,0,1,0,0,1,2
200254,KANSAS,KS,1,0,4,7,0,BIBB,7,9,September,2010,3,Tuesday,18,10,0,6,4,0,37.30956111,-98.51577778,35,1,0,1,0,0,1,1
200255,KANSAS,KS,2,0,6,111,0,GRAHAM,8,9,September,2010,4,Wednesday,15,31,0,4,4,0,38.54064722,-96.26358056,12,1,0,1,0,0,3,0
200256,KANSAS,KS,1,0,1,137,0,ALCO,8,9,September,2010,4,Wednesday,17,40,1,2,3,309,39.83938611,-99.88563611,43,1,0,1,0,0,1,0
200258,KANSAS,KS,1,1,2,177,0,LEE,12,9,September,2010,1,Sunday,16,30,0,6,5,0,38.97128889,-95.74919722,9,1,0,1,0,0,1,1
200259,KANSAS,KS,2,0,3,1,0,AUTAUGA,12,9,September,2010,1,Sunday,8,13,1,13,2,3334,37.92219722,-95.41437222,12,1,0,1,0,0,1,0
200260,KANSAS,KS,1,0,1,59,0,FRANKLIN,15,9,September,2010,4,Wednesday,5,8,0,6,5,0,38.43395833,-95.22331111,1,2,0,1,0,0,1,0
200261,KANSAS,KS,2,0,1,57,1370,BANKSTON,18,9,September,2010,7,Saturday,4,9,0,16,4,0,37.77560000,-100.00245000,14,3,0,1,0,0,1,1
200262,KANSAS,KS,2,0,2,177,0,LEE,19,9,September,2010,1,Sunday,10,55,0,4,4,0,38.89911667,-95.63212500,12,1,0,1,0,0,1,0
200263,KANSAS,KS,1,0,1,177,5400,LEE,11,8,August,2010,4,Wednesday,11,40,0,16,8,0,39.07117778,-95.70465000,10,1,0,1,0,0,1,0
200264,KANSAS,KS,2,0,3,91,0,DAYTON,23,8,August,2010,2,Monday,17,54,0,6,5,0,38.84044167,-94.97397500,12,1,0,1,0,0,1,0
200265,KANSAS,KS,1,1,3,91,1970,DAYTON,2,9,September,2010,5,Thursday,15,34,0,16,6,0,38.81857778,-94.94341944,8,1,0,1,0,0,1,0
200266,KANSAS,KS,1,0,2,59,0,FRANKLIN,17,9,September,2010,6,Friday,3,35,1,1,1,1862,38.60728056,-95.23283889,21,2,0,5,0,0,1,1
200267,KANSAS,KS,2,0,3,155,2660,IRWIN,20,9,September,2010,2,Monday,9,11,0,4,5,0,38.11470556,-97.95950833,12,1,0,1,0,0,1,0
200268,KANSAS,KS,1,0,1,155,2660,IRWIN,20,9,September,2010,2,Monday,7,33,0,6,5,0,38.14805833,-98.17932222,1,4,0,1,0,0,1,0
200269,KANSAS,KS,2,0,2,181,2110,LINCOLN,22,9,September,2010,4,Wednesday,10,0,0,6,4,0,39.35095833,-101.83356389,12,9,0,1,0,0,1,1
200270,KANSAS,KS,2,0,2,117,0,BIRMINGHAM,23,9,September,2010,5,Thursday,16,43,1,2,2,3098,39.84235278,-96.30357778,12,1,0,1,0,0,1,1
200271,KANSAS,KS,2,0,2,185,0,ANAKTUVUK PASS,24,9,September,2010,6,Friday,5,45,0,3,2,897,38.15939722,-98.74855000,12,2,0,5,0,0,1,0
200272,KANSAS,KS,1,0,1,55,0,ATTALLA,25,9,September,2010,7,Saturday,0,28,0,6,4,0,38.16385000,-101.05104444,1,2,0,1,0,0,1,1
200273,KANSAS,KS,1,0,1,151,0,FLIPPEN,25,9,September,2010,7,Saturday,14,16,0,6,4,0,37.68846111,-98.66923889,10,1,0,1,0,0,1,0
200274,KANSAS,KS,1,0,2,21,0,CHILTON,27,9,September,2010,2,Monday,6,20,1,2,2,4174,37.07887222,-94.71313611,38,2,0,1,0,0,1,0
200275,KANSAS,KS,1,0,1,37,0,BRADFORD,27,9,September,2010,2,Monday,14,40,0,3,3,495,37.51381111,-94.70283611,35,1,0,1,0,0,1,1
200276,KANSAS,KS,2,0,2,173,5880,LAKELAND,27,9,September,2010,2,Monday,23,58,0,12,5,0,37.65909167,-97.38264167,12,3,0,1,0,0,1,1
200277,KANSAS,KS,1,0,1,33,0,CHEROKEE,28,9,September,2010,3,Tuesday,19,15,0,6,4,0,37.20244167,-99.50901111,11,2,0,1,0,0,1,1
200278,KANSAS,KS,1,1,1,91,3080,DAYTON,28,9,September,2010,3,Tuesday,12,53,1,1,1,87,38.94459167,-94.77098333,8,1,0,1,0,0,1,0
200279,KANSAS,KS,2,0,4,177,0,LEE,27,9,September,2010,2,Monday,18,50,1,13,3,3361,39.09596389,-95.59581667,12,1,0,1,0,0,1,0
200280,KANSAS,KS,2,0,3,51,0,CENTRAL,29,9,September,2010,4,Wednesday,6,21,1,1,1,1568,38.91534722,-99.36103889,12,2,0,1,0,0,1,0
200281,KANSAS,KS,2,0,3,57,0,BANKSTON,29,9,September,2010,4,Wednesday,1,55,1,2,2,761,37.72863889,-99.92168333,12,2,0,1,0,0,2,0
200282,KANSAS,KS,1,0,2,125,0,BROOKWOOD,1,10,October,2010,6,Friday,17,33,0,3,2,4015,37.22533889,-95.77614722,24,1,0,1,0,0,1,0
200283,KANSAS,KS,1,0,1,139,0,CALION,1,10,October,2010,6,Friday,18,53,0,3,2,3834,38.70755000,-95.83966389,34,5,0,1,0,0,1,0
200284,KANSAS,KS,1,4,5,155,0,IRWIN,5,9,September,2010,1,Sunday,16,30,0,6,4,0,38.01726389,-98.08799722,8,1,0,7,0,0,1,0
200285,KANSAS,KS,2,0,3,69,0,ASHFORD,2,10,October,2010,7,Saturday,12,15,0,5,4,0,37.55900278,-100.50808056,12,1,0,1,0,0,1,0
200286,KANSAS,KS,1,0,1,35,0,BROOKLYN,2,10,October,2010,7,Saturday,12,12,0,6,4,0,37.17262778,-97.02163611,10,1,0,1,0,0,1,1
200287,KANSAS,KS,2,0,3,15,0,ANNISTON,2,10,October,2010,7,Saturday,16,40,0,2,2,2596,37.81066667,-96.78225556,12,1,0,1,0,0,1,0
200288,KANSAS,KS,1,0,1,17,0,CHAMBERS,10,5,May,2010,2,Monday,99,99,0,4,3,378,38.29236111,-96.54167222,1,2,0,1,0,0,1,0
200289,KANSAS,KS,1,0,3,43,0,BAILEYTON,2,10,October,2010,7,Saturday,16,50,0,5,4,0,39.82027222,-95.02444167,1,1,0,1,0,0,1,1
200290,KANSAS,KS,1,0,1,1,2620,AUTAUGA,3,10,October,2010,1,Sunday,20,19,0,4,4,0,37.82043056,-95.51015833,31,2,0,1,0,0,1,1
200291,KANSAS,KS,2,0,3,173,5880,LAKELAND,4,10,October,2010,2,Monday,18,50,0,16,5,0,37.68782778,-97.36041111,12,3,0,1,0,0,1,0
200292,KANSAS,KS,1,0,2,21,0,CHILTON,4,10,October,2010,2,Monday,2,0,0,6,4,0,37.25301389,-94.91741111,1,2,0,1,0,0,1,1
200293,KANSAS,KS,1,0,1,39,2750,ANDALUSIA,5,10,October,2010,3,Tuesday,4,15,0,4,4,0,39.71299722,-100.39031944,1,2,0,1,0,0,1,1
200294,KANSAS,KS,1,0,1,111,1660,GRAHAM,5,10,October,2010,3,Tuesday,23,50,1,1,1,1269,38.41486111,-96.23697222,31,3,0,1,0,0,1,1
200295,KANSAS,KS,1,0,1,111,0,GRAHAM,7,10,October,2010,5,Thursday,20,20,0,4,4,0,38.45002500,-96.25302222,1,2,0,1,0,0,1,1
200296,KANSAS,KS,2,0,2,91,4285,DAYTON,8,10,October,2010,6,Friday,21,10,0,14,6,0,38.91280833,-94.69442500,12,3,0,1,0,0,1,1
200297,KANSAS,KS,1,0,1,173,5880,LAKELAND,8,10,October,2010,6,Friday,3,24,0,15,6,0,37.69346389,-97.49868333,24,2,0,1,0,0,1,1
200298,KANSAS,KS,2,0,2,93,2940,BEAR CREEK,9,10,October,2010,7,Saturday,5,12,1,2,2,354,37.94555000,-101.40243611,12,2,0,1,0,0,2,1
200299,KANSAS,KS,1,0,1,173,5880,LAKELAND,9,10,October,2010,7,Saturday,19,21,1,1,1,165,37.67240833,-97.39929167,24,5,0,1,0,0,1,0
200300,KANSAS,KS,3,0,4,103,0,DANVILLE,10,10,October,2010,1,Sunday,20,48,0,3,3,62,39.00404444,-95.07740000,12,2,0,1,0,0,3,2
200301,KANSAS,KS,1,0,1,57,0,BANKSTON,12,10,October,2010,3,Tuesday,99,99,0,4,4,0,37.82605556,-99.97129444,34,1,0,1,0,0,1,1
200302,KANSAS,KS,2,0,2,85,0,BENTON,13,10,October,2010,4,Wednesday,6,40,1,2,2,1878,39.45620833,-95.74808056,12,4,0,1,0,0,1,0
200303,KANSAS,KS,2,0,2,45,3010,ARITON,14,10,October,2010,5,Thursday,1,31,0,13,6,0,38.94285556,-95.29790000,12,3,0,1,0,0,1,2
200304,KANSAS,KS,2,0,6,5,0,BAKER HILL,15,10,October,2010,6,Friday,19,3,1,2,2,1951,39.44845556,-95.28596944,12,5,0,1,0,0,2,2
200305,KANSAS,KS,1,0,1,173,5880,LAKELAND,16,10,October,2010,7,Saturday,3,18,0,13,6,0,37.74574167,-97.28067500,43,3,0,1,0,0,1,1
200306,KANSAS,KS,1,0,2,11,0,BULLOCK,16,10,October,2010,7,Saturday,3,0,0,4,5,0,37.79079444,-94.72154722,34,2,0,1,0,0,2,1
200307,KANSAS,KS,2,0,2,135,0,ASH FLAT,16,10,October,2010,7,Saturday,13,10,0,4,4,0,38.45090000,-100.06278889,12,1,0,1,0,0,1,0
200308,KANSAS,KS,1,0,1,91,4285,DAYTON,17,10,October,2010,1,Sunday,2,39,1,2,2,1370,38.85194167,-94.67751389,31,2,0,1,0,0,1,0