ST_CASE,State Name,State Abbreviation,VE_TOTAL,Pedestrains,Total_Persons_in_accident,COUNTY,CITY,City_County_Name,Calendar_DAY,MONTH,Month_Name,YEAR,DAY_WEEK,Day_Week_desc,HOUR,MINUTE,NHS_Desc,trafficway,ROUTE,MILEPT,LATITUDE,LONGITUD,First_Crash_event,Light_cond_desc,Weather_condition,WEATHER,SCH_BUS,Crash_cause,FATALS,DRUNK_DR
210236,KENTUCKY,KY,1,0,1,31,0,COFFEE,6,5,May,2010,5,Thursday,9,50,0,4,2,138,37.25038333,-86.68367500,34,1,0,1,0,0,1,0
210237,KENTUCKY,KY,1,0,1,65,0,CYPRESS,24,3,March,2010,4,Wednesday,17,30,0,4,3,26,37.73559722,-83.86713889,42,1,0,10,0,0,1,0
210238,KENTUCKY,KY,1,0,1,121,0,BON AIR,17,4,April,2010,7,Saturday,20,50,0,5,3,25,36.88265000,-83.70065000,30,2,0,1,0,0,1,1
210239,KENTUCKY,KY,2,0,2,199,0,ALVATON,22,5,May,2010,7,Saturday,7,6,0,5,3,79,37.06767778,-84.77527222,12,1,0,10,0,0,1,0
210240,KENTUCKY,KY,1,0,1,55,0,ATTALLA,25,5,May,2010,3,Tuesday,22,22,0,6,3,19,37.29972778,-88.15206389,32,2,0,10,0,0,1,1
210241,KENTUCKY,KY,1,0,1,83,3620,ARDMORE,29,6,June,2010,3,Tuesday,22,44,0,4,3,112,36.63481389,-88.71717500,1,2,0,1,0,0,1,1
210242,KENTUCKY,KY,1,0,2,111,2090,GRAHAM,1,6,June,2010,3,Tuesday,5,28,0,16,5,17,38.27474444,-85.80126944,53,3,0,1,0,0,1,1
210243,KENTUCKY,KY,1,0,1,211,0,APALACHEE,3,6,June,2010,5,Thursday,5,52,0,3,3,140,38.28616389,-85.20360833,35,4,0,1,0,0,1,0
210244,KENTUCKY,KY,2,0,2,65,0,CYPRESS,4,6,June,2010,6,Friday,8,20,0,3,3,104,37.68351389,-83.94846389,12,1,0,1,0,0,1,0
210245,KENTUCKY,KY,1,0,2,239,0,GEORGETOWN,4,6,June,2010,6,Friday,14,6,0,4,3,100,37.98226111,-84.72287222,53,1,0,1,0,0,1,0
210246,KENTUCKY,KY,2,0,2,209,0,AILEY,4,6,June,2010,6,Friday,18,47,0,13,2,60,38.21457778,-84.54028333,12,1,0,1,0,0,1,0
210247,KENTUCKY,KY,2,0,7,151,2750,FLIPPEN,3,6,June,2010,5,Thursday,13,28,0,14,3,132,37.74313056,-84.26136111,12,1,0,1,0,0,3,1
210248,KENTUCKY,KY,1,0,1,89,0,BROWNSBORO,5,6,June,2010,7,Saturday,17,37,0,6,4,16,38.51670833,-82.96540278,42,1,0,1,0,0,1,0
210249,KENTUCKY,KY,1,1,6,235,0,FINLEYSON,5,6,June,2010,7,Saturday,21,59,1,1,1,81,36.68249722,-84.13484444,8,2,0,1,0,0,1,0
210250,KENTUCKY,KY,2,0,3,15,1150,ANNISTON,6,6,June,2010,1,Sunday,23,45,1,11,1,1775,38.95122500,-84.63398056,12,3,0,1,0,0,1,1
210251,KENTUCKY,KY,1,0,2,101,0,BOYLSTON,7,6,June,2010,2,Monday,17,5,0,6,4,2,37.88484722,-87.57176389,1,1,0,1,0,0,1,1
210252,KENTUCKY,KY,1,0,2,183,0,FORT STEWART,7,6,June,2010,2,Monday,19,30,0,4,3,123,37.43315833,-86.92940833,34,5,0,1,0,0,2,0
210253,KENTUCKY,KY,2,0,4,133,0,ARLEY,8,6,June,2010,3,Tuesday,7,13,1,2,2,231,37.15658889,-82.71585000,12,1,0,1,0,0,1,0
210254,KENTUCKY,KY,1,1,1,19,120,CEDAR BLUFF,7,6,June,2010,2,Monday,20,23,0,16,5,11,38.42084722,-82.67010278,8,5,0,1,0,0,1,0
210255,KENTUCKY,KY,1,0,1,93,1000,BEAR CREEK,9,6,June,2010,4,Wednesday,20,29,0,14,3,9,37.67746944,-85.81674167,53,1,0,1,0,0,1,0
210256,KENTUCKY,KY,3,0,4,65,0,CYPRESS,10,6,June,2010,5,Thursday,16,57,0,3,3,1,37.71651944,-84.09712222,12,1,0,1,0,0,1,0
210257,KENTUCKY,KY,2,0,2,9,0,BLOUNT,9,6,June,2010,4,Wednesday,12,0,0,4,2,23,37.02568333,-86.08328889,12,1,0,10,0,0,1,0
210258,KENTUCKY,KY,2,0,3,101,1510,BOYLSTON,12,6,June,2010,7,Saturday,3,4,0,13,2,174,37.87514167,-87.56779444,12,3,0,1,0,0,1,1
210259,KENTUCKY,KY,1,0,1,71,1716,BRIDGEPORT,12,6,June,2010,7,Saturday,14,30,1,2,2,85,37.60328333,-82.68962778,24,1,0,1,0,0,1,0
210260,KENTUCKY,KY,1,0,1,19,610,CEDAR BLUFF,12,6,June,2010,7,Saturday,14,28,0,4,3,43,38.38291111,-82.63345278,53,1,0,2,0,0,1,1
210261,KENTUCKY,KY,3,0,5,27,0,ASHLAND,12,6,June,2010,7,Saturday,16,39,0,2,2,314,37.87749444,-86.23829722,12,1,0,1,0,0,1,1
210262,KENTUCKY,KY,1,0,1,111,2090,GRAHAM,12,6,June,2010,7,Saturday,20,7,0,16,6,9,38.19970833,-85.71731667,35,1,0,1,0,0,1,0
210263,KENTUCKY,KY,2,0,2,137,0,ALCO,14,6,June,2010,2,Monday,10,30,0,5,3,6,37.33044722,-84.65824167,12,1,0,10,0,0,1,0
210264,KENTUCKY,KY,1,1,1,111,2090,GRAHAM,14,6,June,2010,2,Monday,22,42,1,13,2,66,38.08128889,-85.88210000,8,2,0,2,0,0,1,0
210265,KENTUCKY,KY,2,0,2,81,0,AUBURN,10,6,June,2010,5,Thursday,13,40,1,1,1,1567,38.65089722,-84.58687222,45,1,0,1,0,0,1,0
210266,KENTUCKY,KY,2,0,2,111,2090,GRAHAM,16,6,June,2010,4,Wednesday,4,15,0,16,5,2,38.12314722,-85.75005000,12,2,0,1,0,0,1,1
210267,KENTUCKY,KY,1,0,4,145,0,BALD KNOB,15,6,June,2010,3,Tuesday,22,5,0,14,3,33,36.98418056,-88.51512778,1,2,0,1,0,0,2,1
210268,KENTUCKY,KY,2,0,1,111,2090,GRAHAM,17,6,June,2010,5,Thursday,17,51,0,16,5,0,38.15814722,-85.67966944,1,1,0,1,0,0,1,1
210269,KENTUCKY,KY,3,0,6,93,2724,BEAR CREEK,6,6,June,2010,1,Sunday,7,55,1,13,2,244,37.79538889,-85.91529722,12,1,0,1,0,0,1,2
210270,KENTUCKY,KY,2,0,2,209,0,AILEY,18,6,June,2010,6,Friday,5,45,1,1,1,684,38.15858611,-84.61519722,14,4,0,1,0,0,1,0
210271,KENTUCKY,KY,2,0,2,59,0,FRANKLIN,18,6,June,2010,6,Friday,7,12,1,13,2,184,37.81907222,-87.04012778,12,1,0,1,0,0,1,0
210272,KENTUCKY,KY,2,0,5,101,0,BOYLSTON,18,6,June,2010,6,Friday,10,10,1,13,3,33,37.78738611,-87.59264167,12,1,0,1,0,0,3,0
210273,KENTUCKY,KY,2,0,4,19,120,CEDAR BLUFF,18,6,June,2010,6,Friday,12,19,0,14,3,34,38.43977500,-82.63508333,12,1,0,1,0,0,1,0
210274,KENTUCKY,KY,2,0,4,177,0,LEE,19,6,June,2010,7,Saturday,0,16,1,2,3,483,37.23565833,-87.26685000,1,3,0,1,0,0,2,0
210275,KENTUCKY,KY,1,0,2,127,0,BURNWELL,19,6,June,2010,7,Saturday,19,5,0,6,5,23,37.98550833,-82.86746944,42,1,0,1,0,0,1,0
210276,KENTUCKY,KY,2,0,3,107,0,CARROLLTON,20,6,June,2010,1,Sunday,12,40,1,2,3,363,37.23111389,-87.44546389,14,1,0,1,0,0,1,0
210277,KENTUCKY,KY,1,0,2,37,0,BRADFORD,20,6,June,2010,1,Sunday,13,6,1,2,3,21,38.88752500,-84.26663889,1,1,0,1,0,0,1,0
210278,KENTUCKY,KY,1,0,1,127,0,BURNWELL,20,6,June,2010,1,Sunday,15,24,0,4,3,128,38.11686667,-82.85472500,24,1,0,1,0,0,1,0
210279,KENTUCKY,KY,1,0,1,83,0,ARDMORE,16,6,June,2010,4,Wednesday,13,0,0,6,3,27,36.88772222,-88.51534444,35,1,0,1,0,0,1,0
210280,KENTUCKY,KY,2,0,3,27,0,ASHLAND,21,6,June,2010,2,Monday,11,23,0,3,3,106,37.68650278,-86.41245000,12,1,0,1,0,0,2,0
210281,KENTUCKY,KY,1,0,1,19,0,CEDAR BLUFF,19,6,June,2010,7,Saturday,6,20,1,2,2,35,38.28269444,-82.58182500,1,4,0,10,0,0,1,1
210282,KENTUCKY,KY,2,0,3,27,0,ASHLAND,19,6,June,2010,7,Saturday,8,59,0,5,3,19,37.73780278,-86.38283611,12,1,0,10,0,0,1,0
210283,KENTUCKY,KY,1,0,1,51,0,CENTRAL,13,6,June,2010,1,Sunday,1,20,0,4,3,135,37.22475833,-83.70020000,42,2,0,5,0,0,1,1
210284,KENTUCKY,KY,1,0,2,149,0,BELLEVILLE,13,6,June,2010,1,Sunday,9,9,0,4,3,83,37.63724167,-87.37392500,30,1,0,1,0,0,1,0
210285,KENTUCKY,KY,1,0,2,25,2297,BARLOW BEND,21,6,June,2010,2,Monday,22,51,0,4,3,23,37.38898056,-83.50021389,30,2,0,5,0,0,1,1
210286,KENTUCKY,KY,1,0,1,117,3239,BIRMINGHAM,21,6,June,2010,2,Monday,7,38,1,11,1,777,39.02225000,-84.48902500,1,1,0,1,0,0,1,0
210287,KENTUCKY,KY,2,0,4,111,2090,GRAHAM,22,6,June,2010,3,Tuesday,18,19,0,16,5,8,38.24970833,-85.80453056,12,1,0,1,0,0,1,0
210288,KENTUCKY,KY,2,0,2,111,2090,GRAHAM,23,6,June,2010,4,Wednesday,14,52,0,3,3,10,38.15352500,-85.43337778,12,1,0,1,0,0,1,0
210289,KENTUCKY,KY,2,0,3,153,0,BONAIRE,25,6,June,2010,6,Friday,12,9,0,5,3,36,37.78669167,-83.16680556,12,1,0,1,0,0,1,0
210290,KENTUCKY,KY,2,0,4,163,0,AVERA,11,6,June,2010,6,Friday,13,18,0,4,3,40,37.93658333,-86.06346111,12,1,0,2,0,0,1,0
210291,KENTUCKY,KY,1,0,1,211,2980,APALACHEE,26,6,June,2010,7,Saturday,7,25,1,2,1,4,38.19323333,-85.27326111,1,4,0,1,0,0,1,0
210292,KENTUCKY,KY,2,0,2,177,0,LEE,26,6,June,2010,7,Saturday,11,7,0,2,2,44,37.11724444,-87.00399444,12,1,0,1,0,0,1,0
210293,KENTUCKY,KY,1,0,5,65,0,CYPRESS,26,6,June,2010,7,Saturday,15,17,0,6,3,54,37.60335278,-83.92365833,1,1,0,1,0,0,1,0
210294,KENTUCKY,KY,1,0,2,121,0,BON AIR,26,6,June,2010,7,Saturday,16,26,0,5,3,9,36.87629167,-83.72942500,34,1,0,1,0,0,1,0
210295,KENTUCKY,KY,2,0,2,49,0,COLLINSVILLE,28,6,June,2010,2,Monday,20,11,0,6,3,7,38.02896111,-84.24938611,12,1,0,1,0,0,1,1
210296,KENTUCKY,KY,2,0,3,137,0,ALCO,28,6,June,2010,2,Monday,17,24,0,4,3,110,37.52133333,-84.69167222,24,1,10,2,0,0,2,0
210297,KENTUCKY,KY,1,0,1,225,0,BYRON,27,6,June,2010,1,Sunday,17,40,0,5,3,41,37.53678611,-88.07005278,35,1,0,1,0,0,1,1
210298,KENTUCKY,KY,1,0,1,117,0,BIRMINGHAM,15,6,June,2010,3,Tuesday,19,30,0,4,3,92,38.80941667,-84.43782778,42,1,0,10,0,0,1,1
210299,KENTUCKY,KY,2,0,5,27,0,ASHLAND,28,6,June,2010,2,Monday,11,25,0,2,2,55,37.83317500,-86.56694444,12,1,0,10,0,0,1,0
210300,KENTUCKY,KY,3,1,1,111,2090,GRAHAM,26,6,June,2010,7,Saturday,20,3,0,16,4,2,38.30458611,-85.54135278,9,1,0,1,0,0,1,1
210301,KENTUCKY,KY,1,0,1,71,0,BRIDGEPORT,16,6,June,2010,4,Wednesday,4,50,1,2,3,61,37.52187778,-82.79361111,39,2,0,1,0,0,1,0
210302,KENTUCKY,KY,1,0,2,111,2090,GRAHAM,30,6,June,2010,4,Wednesday,2,17,0,15,3,23,38.10585833,-85.76009167,1,2,0,1,0,0,1,1
210303,KENTUCKY,KY,2,0,3,209,1280,AILEY,30,6,June,2010,4,Wednesday,18,37,0,2,2,14,38.16756111,-84.55442778,12,1,0,10,0,0,2,0
210304,KENTUCKY,KY,2,0,3,143,970,CANEHILL,20,6,June,2010,1,Sunday,12,45,0,2,2,104,37.09864444,-88.06341389,12,1,0,1,0,0,1,0
210305,KENTUCKY,KY,1,0,1,155,2056,IRWIN,26,6,June,2010,7,Saturday,20,15,0,5,3,280,37.63360556,-85.39115000,5,1,0,1,0,0,1,1
210306,KENTUCKY,KY,2,0,2,111,2090,GRAHAM,26,6,June,2010,7,Saturday,7,30,0,13,3,62,38.16678611,-85.70486111,12,1,0,1,0,0,1,0
210307,KENTUCKY,KY,2,0,5,159,0,FARRAR,25,6,June,2010,6,Friday,17,28,0,3,3,127,37.84998333,-82.50410556,12,1,0,1,0,0,1,1
210308,KENTUCKY,KY,2,0,3,21,0,CHILTON,12,6,June,2010,7,Saturday,13,45,0,3,3,20,37.63231389,-84.71454722,12,1,0,10,0,0,2,0
210309,KENTUCKY,KY,1,0,1,27,0,ASHLAND,16,6,June,2010,4,Wednesday,19,21,0,5,3,17,37.85079722,-86.56758889,1,1,0,1,0,0,1,0
210310,KENTUCKY,KY,1,0,1,73,0,ARGO,1,7,July,2010,5,Thursday,13,50,1,1,1,492,38.15112778,-84.95002222,1,1,0,1,0,0,1,0
210311,KENTUCKY,KY,1,0,1,187,0,DAHLONEGA,2,7,July,2010,6,Friday,1,39,0,4,3,51,38.44992500,-84.90848056,35,2,0,1,0,0,1,0
210312,KENTUCKY,KY,1,0,1,145,0,BALD KNOB,2,7,July,2010,6,Friday,9,17,0,4,2,78,37.03824444,-88.72249167,1,1,0,1,0,0,1,0
210313,KENTUCKY,KY,1,0,2,55,0,ATTALLA,2,7,July,2010,6,Friday,14,34,0,3,2,120,37.35644444,-88.04838056,42,1,0,1,0,0,2,1
210314,KENTUCKY,KY,2,0,2,67,1980,ABBEVILLE,3,7,July,2010,7,Saturday,23,28,1,13,2,71,38.04969722,-84.52078333,12,3,0,1,0,0,1,1
210315,KENTUCKY,KY,1,0,1,85,0,BENTON,4,7,July,2010,1,Sunday,0,43,0,4,3,141,37.48834444,-86.36665833,42,2,0,10,0,0,1,0
210316,KENTUCKY,KY,1,0,2,107,0,CARROLLTON,4,7,July,2010,1,Sunday,5,58,1,2,3,500,37.41738056,-87.47250000,35,1,0,10,0,0,1,1
210317,KENTUCKY,KY,1,0,1,13,0,BOLLING,4,7,July,2010,1,Sunday,14,5,0,5,3,3,36.65846944,-83.68337500,42,1,0,1,0,0,1,0
210318,KENTUCKY,KY,1,0,1,219,0,BISHOP,5,7,July,2010,2,Monday,4,14,0,4,3,223,36.95057778,-87.15385556,24,2,0,1,0,0,1,0
210319,KENTUCKY,KY,1,0,1,89,0,BROWNSBORO,7,7,July,2010,4,Wednesday,16,29,0,5,3,11,38.42192222,-82.91678056,42,1,0,1,0,0,1,0
210320,KENTUCKY,KY,1,0,1,169,0,BRADLEY,4,7,July,2010,1,Sunday,23,25,0,6,3,67,36.95376667,-85.69936667,42,2,0,1,0,0,1,0
210321,KENTUCKY,KY,7,0,15,9,0,BLOUNT,9,7,July,2010,6,Friday,14,20,1,1,1,513,37.12531944,-85.99024722,12,1,10,2,0,0,1,0
210322,KENTUCKY,KY,2,0,2,13,0,BOLLING,6,7,July,2010,3,Tuesday,12,11,1,2,2,37,36.72072222,-83.63342222,12,1,0,1,0,0,1,0
210323,KENTUCKY,KY,2,0,3,137,0,ALCO,9,7,July,2010,6,Friday,22,17,1,2,2,211,37.57298333,-84.61378056,12,2,0,1,0,0,2,1
210324,KENTUCKY,KY,2,0,6,43,2480,BAILEYTON,10,7,July,2010,7,Saturday,18,0,0,4,2,84,38.29290000,-83.18444167,12,1,0,10,0,0,1,0
210325,KENTUCKY,KY,2,0,2,51,0,CENTRAL,12,7,July,2010,2,Monday,7,0,1,1,8,308,37.18565556,-83.61720000,12,1,0,10,0,0,1,0
210326,KENTUCKY,KY,1,1,2,111,2090,GRAHAM,12,7,July,2010,2,Monday,22,6,0,13,3,9,38.08525556,-85.66743889,8,2,0,1,0,0,1,0
210327,KENTUCKY,KY,1,0,1,225,0,BYRON,13,7,July,2010,3,Tuesday,15,18,0,3,3,86,37.68361667,-87.98349444,35,1,0,1,0,0,1,0
210328,KENTUCKY,KY,1,0,1,145,0,BALD KNOB,12,7,July,2010,2,Monday,23,1,0,6,4,9,37.05421944,-88.77665556,1,2,0,10,0,0,1,1
210329,KENTUCKY,KY,2,1,2,145,0,BALD KNOB,7,7,July,2010,4,Wednesday,19,50,1,1,1,0,37.13247222,-88.68734722,12,1,0,1,0,0,2,0
210330,KENTUCKY,KY,2,0,3,111,2090,GRAHAM,14,7,July,2010,4,Wednesday,6,8,0,16,5,37,38.13320556,-85.73794722,12,2,0,1,0,0,2,0
210331,KENTUCKY,KY,2,0,4,93,1000,BEAR CREEK,14,7,July,2010,4,Wednesday,8,22,0,14,2,177,37.70518056,-85.87197222,12,1,0,1,0,0,2,0
210332,KENTUCKY,KY,1,0,1,97,0,AXIS,14,7,July,2010,4,Wednesday,9,40,0,3,2,100,38.43449722,-84.28522222,32,1,0,1,0,0,1,0
210333,KENTUCKY,KY,2,0,3,173,0,LAKELAND,7,7,July,2010,4,Wednesday,17,37,0,14,2,71,38.07472500,-83.91869722,12,1,0,1,0,0,1,0
210334,KENTUCKY,KY,1,1,1,111,2090,GRAHAM,16,7,July,2010,6,Friday,2,17,1,2,2,99999,38.12318056,-85.85381944,8,2,0,2,0,0,1,1
210335,KENTUCKY,KY,1,0,1,83,0,ARDMORE,16,7,July,2010,6,Friday,5,43,0,6,3,16,36.89947778,-88.62818889,1,4,0,5,0,0,1,0
210336,KENTUCKY,KY,4,0,5,229,0,BLACKSHEAR,16,7,July,2010,6,Friday,7,26,0,3,2,50,37.71387222,-85.26986944,12,1,0,1,0,0,1,0
210337,KENTUCKY,KY,1,1,1,77,0,ANDERSON,16,7,July,2010,6,Friday,17,40,0,5,3,83,38.78416389,-84.71720833,8,1,0,1,0,0,1,0
210338,KENTUCKY,KY,2,0,3,235,0,FINLEYSON,15,7,July,2010,5,Thursday,18,54,0,6,3,21,36.71890000,-84.04571111,12,1,0,1,0,0,1,0
210339,KENTUCKY,KY,1,0,2,95,0,ALBERTVILLE,11,7,July,2010,1,Sunday,20,30,0,5,3,19,36.95932222,-83.15079722,35,5,0,1,0,0,1,0
210340,KENTUCKY,KY,2,0,3,111,2090,GRAHAM,12,7,July,2010,2,Monday,17,58,0,16,5,1,38.13411667,-85.69722222,12,1,0,1,0,0,1,0
210341,KENTUCKY,KY,1,0,2,67,1980,ABBEVILLE,18,7,July,2010,1,Sunday,6,37,1,1,1,1,38.07877222,-84.45718333,24,4,0,10,0,0,1,0
210342,KENTUCKY,KY,4,0,7,111,2090,GRAHAM,18,7,July,2010,1,Sunday,15,11,1,11,1,1368,38.25014444,-85.75095278,12,1,0,10,0,0,1,0
210343,KENTUCKY,KY,1,0,3,43,0,BAILEYTON,18,7,July,2010,1,Sunday,17,45,1,1,1,1692,38.33354444,-82.98634444,1,1,0,1,0,0,1,0
210344,KENTUCKY,KY,1,0,1,37,0,BRADFORD,20,7,July,2010,3,Tuesday,2,15,0,4,3,257,38.86681111,-84.24428056,35,2,0,10,0,0,1,1
210345,KENTUCKY,KY,2,0,4,145,2520,BALD KNOB,20,7,July,2010,3,Tuesday,8,37,1,2,2,95,37.07271944,-88.69949444,12,1,0,1,0,0,1,0
210346,KENTUCKY,KY,1,0,1,55,0,ATTALLA,16,7,July,2010,6,Friday,17,17,0,6,3,7,37.43844167,-88.11773333,1,1,0,1,0,0,1,0
210347,KENTUCKY,KY,1,0,2,221,0,ARNOLDSVILLE,21,7,July,2010,4,Wednesday,11,25,0,6,4,9,36.84631667,-87.87148611,42,1,0,10,0,0,1,0
210348,KENTUCKY,KY,2,0,2,109,0,ANSLEY,21,7,July,2010,4,Wednesday,12,30,0,3,3,99,37.32771667,-83.94421667,12,1,10,2,0,0,1,0
210349,KENTUCKY,KY,1,0,2,203,0,BENSON,10,7,July,2010,7,Saturday,2,32,1,1,1,620,37.36838333,-84.31560556,57,3,0,1,0,0,1,0
210350,KENTUCKY,KY,2,0,2,29,0,BORDEN SPRINGS,2,7,July,2010,6,Friday,19,19,0,15,3,17,38.06360278,-85.64840556,12,1,0,1,0,0,1,0
210351,KENTUCKY,KY,1,2,1,111,2090,GRAHAM,21,7,July,2010,4,Wednesday,15,34,0,14,3,8,38.27349722,-85.79701111,8,1,0,1,0,0,1,0
210352,KENTUCKY,KY,1,0,1,65,0,CYPRESS,1,7,July,2010,5,Thursday,16,50,0,5,3,88,37.62449722,-83.99554167,1,1,0,1,0,0,1,0
210353,KENTUCKY,KY,2,0,2,111,2090,GRAHAM,22,7,July,2010,5,Thursday,15,8,0,13,3,53,38.15482500,-85.69593333,12,1,0,1,0,0,1,0
210354,KENTUCKY,KY,1,0,1,155,0,IRWIN,24,7,July,2010,7,Saturday,11,25,0,5,3,97,37.53511667,-85.27922500,24,1,0,1,0,0,1,0
210355,KENTUCKY,KY,2,0,2,173,0,LAKELAND,24,7,July,2010,7,Saturday,15,24,0,3,3,130,38.12966667,-83.95878056,12,1,0,1,0,0,1,0
210356,KENTUCKY,KY,3,0,4,47,0,BROWNS,24,7,July,2010,7,Saturday,16,48,0,4,2,226,36.99977778,-87.48812222,12,1,0,1,0,0,1,0
210357,KENTUCKY,KY,2,0,4,137,1798,ALCO,24,7,July,2010,7,Saturday,17,35,0,5,3,25,37.37384167,-84.68959167,12,1,0,1,0,0,1,0
210358,KENTUCKY,KY,1,0,4,85,0,BENTON,25,7,July,2010,1,Sunday,14,6,0,6,4,6,37.56665833,-86.44618056,1,1,0,1,0,0,1,0
210359,KENTUCKY,KY,1,0,1,211,2980,APALACHEE,25,7,July,2010,1,Sunday,22,39,1,1,1,322,38.18591389,-85.25008611,31,2,0,1,0,0,1,1
210360,KENTUCKY,KY,2,0,3,59,0,FRANKLIN,27,7,July,2010,3,Tuesday,16,10,1,2,8,595,37.59763889,-86.97081944,12,1,0,1,0,0,1,0
210361,KENTUCKY,KY,1,1,3,111,2090,GRAHAM,28,7,July,2010,4,Wednesday,17,10,1,11,1,110,38.19031111,-85.75685556,8,1,0,10,0,0,1,0
210362,KENTUCKY,KY,2,0,2,195,2620,CARLTON,29,7,July,2010,5,Thursday,8,55,0,5,3,53,37.48344167,-82.18305556,12,1,0,10,0,0,1,0
210363,KENTUCKY,KY,1,0,1,179,2390,ALLENHURST,29,7,July,2010,5,Thursday,20,30,0,4,3,80,37.65450556,-85.57856111,31,1,0,1,0,0,1,1
210364,KENTUCKY,KY,1,0,1,61,0,BELLWOOD,30,7,July,2010,6,Friday,1,45,0,6,4,11,37.13271111,-86.33554444,1,2,0,10,0,0,1,0
210365,KENTUCKY,KY,2,0,2,27,0,ASHLAND,30,7,July,2010,6,Friday,16,45,0,2,2,317,37.87786944,-86.23838333,12,1,0,1,0,0,1,0
210366,KENTUCKY,KY,2,0,4,125,0,BROOKWOOD,30,7,July,2010,6,Friday,22,44,1,13,2,14,36.97465000,-84.10272222,12,2,0,1,0,0,1,0
210367,KENTUCKY,KY,3,0,4,11,0,BULLOCK,8,7,July,2010,5,Thursday,15,0,1,1,1,1204,38.12432778,-83.75680556,12,1,0,1,0,0,1,0
210368,KENTUCKY,KY,1,0,1,9,0,BLOUNT,30,7,July,2010,6,Friday,13,25,0,6,4,20,37.04339444,-85.97587222,42,1,0,1,0,0,1,0
210369,KENTUCKY,KY,1,0,1,47,1620,BROWNS,23,7,July,2010,6,Friday,12,7,1,13,2,115,36.80041944,-87.47220000,1,1,0,1,0,0,1,0
210370,KENTUCKY,KY,2,0,2,67,1980,ABBEVILLE,31,7,July,2010,7,Saturday,19,28,0,99,3,219,38.13982222,-84.51301667,12,1,0,1,0,0,1,1
210371,KENTUCKY,KY,2,0,2,77,0,ANDERSON,15,7,July,2010,5,Thursday,16,40,1,1,1,683,38.78419722,-84.74892222,12,1,0,1,0,0,1,0
210372,KENTUCKY,KY,1,0,1,199,0,ALVATON,22,6,June,2010,3,Tuesday,18,13,1,2,3,832,37.09585278,-84.70012778,24,1,0,1,0,0,1,1
210373,KENTUCKY,KY,1,0,1,125,0,BROOKWOOD,12,6,June,2010,7,Saturday,12,18,0,6,3,30,37.00604722,-83.93649167,42,1,0,10,0,0,1,0
210374,KENTUCKY,KY,1,0,1,159,0,FARRAR,9,6,June,2010,4,Wednesday,10,35,1,2,3,23,37.88352500,-82.55478889,24,1,0,2,0,0,1,0
210375,KENTUCKY,KY,2,0,2,97,0,AXIS,29,7,July,2010,5,Thursday,5,41,0,3,2,35,38.30616944,-84.39671389,12,2,0,10,0,0,2,0
210376,KENTUCKY,KY,1,0,2,13,0,BOLLING,20,7,July,2010,3,Tuesday,16,46,0,4,3,18,36.59430556,-83.76654722,16,1,0,10,0,0,1,1
210377,KENTUCKY,KY,2,0,3,93,1000,BEAR CREEK,27,7,July,2010,3,Tuesday,11,55,0,14,2,185,37.71395556,-85.87708056,12,1,0,10,0,0,1,0
210378,KENTUCKY,KY,1,0,1,69,1140,ASHFORD,31,7,July,2010,7,Saturday,7,58,0,3,3,104,38.41217222,-83.73908056,30,1,0,1,0,0,1,0
210379,KENTUCKY,KY,2,0,3,33,0,CHEROKEE,23,7,July,2010,6,Friday,15,47,1,2,2,1,37.17129444,-88.04353333,12,1,0,1,0,0,1,0
210380,KENTUCKY,KY,1,0,1,15,1150,ANNISTON,1,8,August,2010,1,Sunday,2,14,1,1,1,2,38.95281667,-84.63360833,1,2,0,1,0,0,1,1
210381,KENTUCKY,KY,2,0,2,119,2892,BELLAMY,2,8,August,2010,2,Monday,5,11,0,2,3,89,37.22223056,-83.03209167,12,2,0,10,0,0,1,0
210382,KENTUCKY,KY,2,0,2,69,0,ASHFORD,2,8,August,2010,2,Monday,5,0,1,2,2,14,38.45436111,-83.95185556,12,2,0,5,0,0,1,0
210383,KENTUCKY,KY,1,0,1,105,0,MARION,2,8,August,2010,2,Monday,14,28,0,5,3,26,36.57618056,-88.85476111,1,1,0,1,0,0,1,0
210384,KENTUCKY,KY,1,0,4,239,0,GEORGETOWN,2,8,August,2010,2,Monday,15,35,0,16,3,10,38.06025556,-84.74029444,53,1,0,1,0,0,3,0
210385,KENTUCKY,KY,2,0,2,59,2490,FRANKLIN,2,8,August,2010,2,Monday,20,45,1,13,2,109,37.77331111,-87.15378889,12,3,0,1,0,0,1,0
210386,KENTUCKY,KY,2,0,3,111,2090,GRAHAM,4,8,August,2010,4,Wednesday,7,49,0,5,3,11,38.18716389,-85.44930000,12,4,0,1,0,0,1,1
210387,KENTUCKY,KY,1,0,2,47,0,BROWNS,3,8,August,2010,3,Tuesday,5,45,1,2,8,150,36.93342778,-87.46983889,34,4,0,1,0,0,2,0
210388,KENTUCKY,KY,1,0,1,111,2090,GRAHAM,4,8,August,2010,4,Wednesday,15,27,0,16,5,0,38.11473889,-85.57547222,42,1,0,1,0,0,1,1
210389,KENTUCKY,KY,1,0,1,195,2637,CARLTON,5,8,August,2010,5,Thursday,15,7,0,4,3,341,37.45172778,-82.31703889,16,1,0,2,0,0,1,0
210390,KENTUCKY,KY,2,0,3,191,0,CRESCENT,5,8,August,2010,5,Thursday,18,15,0,2,3,153,38.76670000,-84.35285556,12,1,0,1,0,0,1,1
210391,KENTUCKY,KY,1,1,3,67,1980,ABBEVILLE,7,8,August,2010,7,Saturday,3,38,0,5,3,23,38.08741944,-84.59438333,8,2,0,1,0,0,1,1
210392,KENTUCKY,KY,1,0,1,195,240,CARLTON,7,8,August,2010,7,Saturday,16,30,1,2,2,217,37.59981667,-82.27605278,24,1,0,10,0,0,1,1
210393,KENTUCKY,KY,1,0,2,231,0,CONCORD,8,8,August,2010,1,Sunday,8,23,0,5,3,67,36.84981944,-84.87380556,35,1,0,1,0,0,1,0