ST_CASE,State Name,State Abbreviation,VE_TOTAL,Pedestrains,Total_Persons_in_accident,COUNTY,CITY,City_County_Name,Calendar_DAY,MONTH,Month_Name,YEAR,DAY_WEEK,Day_Week_desc,HOUR,MINUTE,NHS_Desc,trafficway,ROUTE,MILEPT,LATITUDE,LONGITUD,First_Crash_event,Light_cond_desc,Weather_condition,WEATHER,SCH_BUS,Crash_cause,FATALS,DRUNK_DR
210394,KENTUCKY,KY,1,0,1,211,0,APALACHEE,8,8,August,2010,1,Sunday,20,49,0,3,3,43,38.16810278,-85.29853889,42,2,0,1,0,0,1,1
210395,KENTUCKY,KY,1,0,1,59,0,FRANKLIN,9,8,August,2010,2,Monday,15,16,0,14,3,109,37.75409167,-87.16694444,1,1,0,1,0,0,1,0
210396,KENTUCKY,KY,1,0,2,71,2670,BRIDGEPORT,9,8,August,2010,2,Monday,23,40,0,4,3,118,37.67152500,-82.71675000,1,2,0,10,0,0,1,0
210397,KENTUCKY,KY,3,0,9,127,0,BURNWELL,6,8,August,2010,6,Friday,13,0,1,2,2,48,37.95221389,-82.66892778,12,1,0,1,0,0,1,0
210398,KENTUCKY,KY,3,0,4,15,0,ANNISTON,11,8,August,2010,4,Wednesday,15,6,1,1,1,731,38.83720000,-84.68008611,12,1,0,2,0,0,2,0
210399,KENTUCKY,KY,2,0,6,211,0,APALACHEE,11,8,August,2010,4,Wednesday,17,55,1,1,1,401,38.16344444,-85.11743611,24,1,0,10,0,0,1,0
210400,KENTUCKY,KY,1,0,1,117,0,BIRMINGHAM,8,8,August,2010,1,Sunday,9,41,0,4,2,11,38.80015278,-84.59369722,1,1,0,1,0,0,1,0
210401,KENTUCKY,KY,1,0,1,167,0,ADRIAN,12,8,August,2010,5,Thursday,14,49,0,4,3,21,37.73359444,-84.75561667,30,1,0,1,0,0,1,0
210402,KENTUCKY,KY,1,0,1,107,0,CARROLLTON,12,8,August,2010,5,Thursday,17,21,1,2,3,265,37.19676667,-87.65158611,1,1,0,10,0,0,1,0
210403,KENTUCKY,KY,1,0,1,123,0,ALEXANDER CITY,3,8,August,2010,3,Tuesday,16,21,0,3,2,178,37.61674722,-85.62958611,1,1,0,1,0,0,1,0
210404,KENTUCKY,KY,1,0,2,179,0,ALLENHURST,1,8,August,2010,1,Sunday,18,9,0,4,2,291,37.90279444,-85.28360278,32,1,0,1,0,0,2,1
210405,KENTUCKY,KY,1,1,1,25,1720,BARLOW BEND,1,8,August,2010,1,Sunday,21,59,1,2,3,177,37.55720000,-83.38275556,8,2,0,1,0,0,1,0
210406,KENTUCKY,KY,1,0,1,151,0,FLIPPEN,13,8,August,2010,6,Friday,0,35,0,5,3,19,37.57733889,-84.17132500,42,2,0,1,0,0,1,1
210407,KENTUCKY,KY,1,0,2,111,2090,GRAHAM,13,8,August,2010,6,Friday,4,42,1,1,1,2,38.11909444,-85.63379167,1,2,0,1,0,0,1,1
210408,KENTUCKY,KY,1,0,1,101,0,BOYLSTON,13,8,August,2010,6,Friday,14,50,0,14,3,171,37.81288611,-87.68313056,42,1,0,1,0,0,1,1
210409,KENTUCKY,KY,1,0,1,193,955,IDEAL,13,8,August,2010,6,Friday,0,0,0,4,3,81,37.34273056,-83.12461944,35,2,0,10,0,0,1,0
210410,KENTUCKY,KY,1,0,3,205,0,BACONTON,14,8,August,2010,7,Saturday,2,45,0,3,3,78,38.13327500,-83.41918889,5,2,0,10,0,0,1,0
210411,KENTUCKY,KY,1,0,4,49,0,COLLINSVILLE,14,8,August,2010,7,Saturday,4,1,0,5,3,47,37.99048056,-84.23372222,35,2,0,1,0,0,1,1
210412,KENTUCKY,KY,1,0,2,117,0,BIRMINGHAM,14,8,August,2010,7,Saturday,7,11,0,14,3,28,38.93294167,-84.56687500,38,1,0,1,0,0,1,1
210413,KENTUCKY,KY,1,0,1,137,0,ALCO,15,8,August,2010,1,Sunday,1,5,0,6,4,1,37.35337500,-84.59970556,1,2,0,10,0,0,1,1
210414,KENTUCKY,KY,2,0,2,237,0,EATONTON,16,8,August,2010,2,Monday,15,41,0,5,3,1,37.74832222,-83.52536111,12,1,0,1,1,0,1,0
210415,KENTUCKY,KY,1,1,1,111,1740,GRAHAM,16,8,August,2010,2,Monday,17,49,0,14,3,77,38.16661667,-85.56971944,8,1,0,1,0,0,1,0
210416,KENTUCKY,KY,1,0,2,51,0,CENTRAL,17,8,August,2010,3,Tuesday,20,3,0,6,3,7,37.08339167,-83.74393056,1,5,0,2,0,0,1,0
210417,KENTUCKY,KY,2,0,3,29,0,BORDEN SPRINGS,8,8,August,2010,1,Sunday,9,45,0,5,3,9,38.01330833,-85.79996111,12,1,0,1,0,0,1,0
210418,KENTUCKY,KY,1,0,1,45,0,ARITON,8,8,August,2010,1,Sunday,16,27,0,4,3,24,37.30188056,-85.10859444,42,1,0,1,0,0,1,0
210419,KENTUCKY,KY,2,0,3,69,1140,ASHFORD,20,8,August,2010,6,Friday,16,20,0,3,3,110,38.40067222,-83.74659167,12,1,0,1,0,0,2,0
210420,KENTUCKY,KY,1,0,1,83,1100,ARDMORE,20,8,August,2010,6,Friday,15,0,0,4,3,17,36.79633056,-88.78643889,35,1,0,10,0,0,1,0
210421,KENTUCKY,KY,3,0,5,15,1150,ANNISTON,6,8,August,2010,6,Friday,9,55,0,13,2,111,39.00434444,-84.61918889,12,1,0,1,0,0,1,0
210422,KENTUCKY,KY,1,0,1,75,0,BEAVERTON,21,8,August,2010,7,Saturday,6,25,0,5,3,69,36.50218611,-88.98350833,35,1,0,10,0,0,1,0
210423,KENTUCKY,KY,1,0,1,197,0,BUENA VISTA,21,8,August,2010,7,Saturday,12,43,1,2,3,350,37.78387500,-83.64870000,1,1,0,2,0,0,1,0
210424,KENTUCKY,KY,2,0,3,121,0,BON AIR,22,8,August,2010,1,Sunday,22,11,0,6,4,16,36.85043611,-83.76414167,12,2,0,1,0,0,1,0
210425,KENTUCKY,KY,4,1,4,15,1150,ANNISTON,25,8,August,2010,4,Wednesday,0,49,1,11,1,1764,38.91558056,-84.62867222,12,3,0,1,0,0,1,0
210426,KENTUCKY,KY,3,1,3,41,0,BRANTLEY,25,8,August,2010,4,Wednesday,0,35,0,5,3,73,38.69998056,-85.03581111,12,2,0,1,0,0,1,1
210427,KENTUCKY,KY,2,1,3,111,2090,GRAHAM,25,8,August,2010,4,Wednesday,10,43,0,16,5,17,38.22918056,-85.79519722,12,1,0,1,0,0,1,0
210428,KENTUCKY,KY,2,1,2,71,1426,BRIDGEPORT,25,8,August,2010,4,Wednesday,22,1,1,2,2,7,37.53368889,-82.61778889,8,2,0,1,0,0,1,0
210429,KENTUCKY,KY,2,0,3,139,0,CALION,26,8,August,2010,5,Thursday,7,36,0,5,3,1,37.13900556,-88.38316389,12,4,0,1,0,0,1,0
210430,KENTUCKY,KY,1,0,1,211,0,APALACHEE,26,8,August,2010,5,Thursday,21,12,0,5,3,69,38.14670833,-85.32240000,35,2,0,1,0,0,1,0
210431,KENTUCKY,KY,1,1,1,93,0,BEAR CREEK,26,8,August,2010,5,Thursday,22,15,1,1,1,997,37.77488611,-85.77871667,8,2,0,1,0,0,1,0
210432,KENTUCKY,KY,1,0,1,37,0,BRADFORD,18,8,August,2010,4,Wednesday,3,15,0,5,3,60,38.91948611,-84.33358611,1,2,0,1,0,0,1,1
210433,KENTUCKY,KY,1,0,2,37,0,BRADFORD,14,8,August,2010,7,Saturday,21,11,0,15,3,62,39.06664722,-84.43774167,10,5,0,10,0,0,1,1
210434,KENTUCKY,KY,2,0,2,95,840,ALBERTVILLE,28,8,August,2010,7,Saturday,7,5,1,2,2,317,36.96878611,-83.01797500,12,4,0,5,0,0,1,0
210435,KENTUCKY,KY,2,0,4,15,455,ANNISTON,28,8,August,2010,7,Saturday,12,35,0,16,4,6,39.01985556,-84.71884167,12,1,0,1,0,0,1,0
210436,KENTUCKY,KY,1,0,1,111,2090,GRAHAM,28,8,August,2010,7,Saturday,20,1,0,16,5,7,38.10140000,-85.58349722,42,1,0,1,0,0,1,1
210437,KENTUCKY,KY,1,1,1,237,0,EATONTON,28,8,August,2010,7,Saturday,21,13,0,4,3,79,37.77848333,-83.43352222,8,2,0,1,0,0,1,0
210438,KENTUCKY,KY,1,0,2,117,800,BIRMINGHAM,26,8,August,2010,5,Thursday,2,55,1,11,1,1898,39.06704722,-84.52069722,31,3,0,1,0,0,1,1
210439,KENTUCKY,KY,2,0,5,133,1750,ARLEY,30,8,August,2010,2,Monday,20,49,1,2,2,7,37.14663611,-82.62049167,12,2,0,1,0,0,2,1
210440,KENTUCKY,KY,1,0,1,195,1794,CARLTON,30,8,August,2010,2,Monday,21,52,0,3,3,35,37.48609722,-82.28356389,42,2,0,1,0,0,1,0
210441,KENTUCKY,KY,2,0,2,37,50,BRADFORD,28,8,August,2010,7,Saturday,3,22,0,13,2,121,38.98485000,-84.40205833,12,3,0,1,0,0,1,0
210442,KENTUCKY,KY,1,0,4,3,0,BALDWIN,5,8,August,2010,5,Thursday,13,12,0,4,3,38,36.76068611,-86.11878056,1,1,0,1,0,0,1,0
210443,KENTUCKY,KY,1,0,1,239,0,GEORGETOWN,17,8,August,2010,3,Tuesday,16,53,0,6,4,9,37.95133889,-84.72488889,35,1,0,1,0,0,1,1
210444,KENTUCKY,KY,1,0,1,11,0,BULLOCK,25,8,August,2010,4,Wednesday,12,0,0,5,3,64,38.26571389,-83.79190833,24,1,0,1,0,0,1,0
210445,KENTUCKY,KY,1,0,1,109,0,ANSLEY,6,8,August,2010,6,Friday,2,5,0,3,2,7,37.30160556,-83.87520833,42,2,0,5,0,0,1,0
210446,KENTUCKY,KY,1,0,2,235,770,FINLEYSON,23,8,August,2010,2,Monday,20,55,1,11,1,256,36.92375278,-84.12823611,1,2,0,1,0,0,1,0
210447,KENTUCKY,KY,1,0,1,151,270,FLIPPEN,11,8,August,2010,4,Wednesday,11,13,0,16,5,12,37.61450278,-84.30358889,10,1,0,1,0,0,1,0
210448,KENTUCKY,KY,2,0,2,199,0,ALVATON,24,8,August,2010,3,Tuesday,6,37,0,4,3,181,37.02091944,-84.32358611,12,4,0,8,0,0,1,0
210449,KENTUCKY,KY,2,0,6,93,1000,BEAR CREEK,3,8,August,2010,3,Tuesday,19,23,1,13,2,13,37.69195278,-85.87205278,12,1,0,1,0,0,1,0
210450,KENTUCKY,KY,2,0,3,227,0,JASPER,13,8,August,2010,6,Friday,7,15,1,11,1,239,36.95236111,-86.40648333,12,1,0,10,0,0,1,0
210451,KENTUCKY,KY,2,0,2,29,707,BORDEN SPRINGS,25,8,August,2010,4,Wednesday,15,46,0,3,3,43,37.92104444,-85.64503611,12,1,0,1,0,0,1,0
210452,KENTUCKY,KY,1,0,2,3,0,BALDWIN,1,9,September,2010,4,Wednesday,15,15,0,4,3,32,36.78646667,-86.18473889,42,1,0,1,0,0,1,0
210453,KENTUCKY,KY,1,0,1,93,0,BEAR CREEK,2,9,September,2010,5,Thursday,11,0,0,6,5,16,37.74974722,-85.77910556,1,1,0,1,0,0,1,0
210454,KENTUCKY,KY,2,0,2,95,0,ALBERTVILLE,3,9,September,2010,6,Friday,8,24,0,13,2,34,36.76398611,-83.17268333,12,1,0,5,0,0,1,0
210455,KENTUCKY,KY,1,0,1,111,2090,GRAHAM,6,9,September,2010,2,Monday,4,14,0,16,5,10,38.11548333,-85.54199722,53,2,0,1,0,0,1,1
210456,KENTUCKY,KY,1,0,1,231,0,CONCORD,6,9,September,2010,2,Monday,8,8,0,5,3,53,36.84786111,-84.87135833,38,1,0,1,0,0,1,0
210457,KENTUCKY,KY,1,0,1,193,788,IDEAL,6,9,September,2010,2,Monday,19,50,0,4,3,134,37.12617500,-83.04994444,24,5,0,10,0,0,1,1
210458,KENTUCKY,KY,1,0,1,47,0,BROWNS,7,9,September,2010,3,Tuesday,15,4,1,2,3,202,37.00125000,-87.46305833,24,1,0,1,0,0,1,0
210459,KENTUCKY,KY,1,0,1,47,0,BROWNS,5,9,September,2010,1,Sunday,15,10,0,6,3,112,37.03003333,-87.40486667,1,1,0,1,0,0,1,0
210460,KENTUCKY,KY,1,0,2,89,0,BROWNSBORO,5,9,September,2010,1,Sunday,18,26,0,6,4,13,38.46578611,-82.80168056,1,1,0,10,0,0,1,0
210461,KENTUCKY,KY,1,0,1,221,0,ARNOLDSVILLE,8,9,September,2010,4,Wednesday,8,2,0,4,3,2,36.63736389,-87.82058611,42,1,0,1,0,0,1,0
210462,KENTUCKY,KY,1,0,1,21,0,CHILTON,8,9,September,2010,4,Wednesday,14,18,0,6,4,6,37.60046111,-84.78351111,1,1,0,10,0,0,1,0
210463,KENTUCKY,KY,2,0,2,67,1980,ABBEVILLE,5,9,September,2010,1,Sunday,12,55,0,15,3,76,38.05170833,-84.50730833,12,1,0,1,0,0,1,0
210464,KENTUCKY,KY,2,0,2,199,0,ALVATON,10,9,September,2010,6,Friday,14,8,1,2,3,321,37.15768333,-84.41671389,12,1,0,2,0,0,1,0
210465,KENTUCKY,KY,2,0,2,119,0,BELLAMY,10,9,September,2010,6,Friday,17,15,1,2,3,31,37.21371944,-82.94892222,12,1,0,2,0,0,1,1
210466,KENTUCKY,KY,1,0,1,167,0,ADRIAN,11,9,September,2010,7,Saturday,3,27,0,5,3,89,37.85415278,-84.90032778,42,2,0,2,0,0,1,0
210467,KENTUCKY,KY,1,0,1,211,0,APALACHEE,11,9,September,2010,7,Saturday,11,6,0,3,2,54,38.21761667,-85.30012500,53,1,0,10,0,0,1,0
210468,KENTUCKY,KY,1,0,1,195,2620,CARLTON,12,9,September,2010,1,Sunday,22,0,0,4,3,567,37.51769167,-82.15387222,31,2,0,1,0,0,1,1
210469,KENTUCKY,KY,2,0,3,93,0,BEAR CREEK,13,9,September,2010,2,Monday,16,45,1,1,1,801,37.51673889,-85.88566389,12,1,0,1,0,0,1,0
210470,KENTUCKY,KY,4,0,7,111,2090,GRAHAM,13,9,September,2010,2,Monday,8,0,0,13,2,6,38.18797222,-85.78459722,12,1,0,1,1,0,1,0
210471,KENTUCKY,KY,3,0,3,5,1900,BAKER HILL,15,9,September,2010,4,Wednesday,10,37,1,13,2,32,38.03693889,-84.89635833,12,1,0,1,0,0,1,0
210472,KENTUCKY,KY,2,0,4,47,0,BROWNS,16,9,September,2010,5,Thursday,11,55,1,11,1,880,36.67953611,-87.39984444,12,1,0,1,0,0,1,0
210473,KENTUCKY,KY,2,0,2,125,0,BROOKWOOD,16,9,September,2010,5,Thursday,20,13,0,4,3,178,37.08257222,-83.96490000,12,2,0,1,0,0,1,1
210474,KENTUCKY,KY,1,0,3,167,0,ADRIAN,13,9,September,2010,2,Monday,20,41,0,5,3,96,37.80608889,-84.89912500,52,2,0,1,0,0,1,0
210475,KENTUCKY,KY,2,0,2,59,2490,FRANKLIN,17,9,September,2010,6,Friday,22,45,0,14,3,23,37.77378611,-87.14816944,12,3,0,1,0,0,1,0
210476,KENTUCKY,KY,2,0,2,111,2090,GRAHAM,16,9,September,2010,5,Thursday,9,24,1,11,1,1254,38.11984167,-85.70167222,12,1,0,2,0,0,1,0
210477,KENTUCKY,KY,1,0,1,27,0,ASHLAND,18,9,September,2010,7,Saturday,0,51,0,4,3,261,37.70365278,-86.20113333,11,2,0,1,0,0,1,1
210478,KENTUCKY,KY,1,0,1,111,1740,GRAHAM,18,9,September,2010,7,Saturday,12,51,1,11,1,168,38.22324722,-85.53251389,25,1,0,1,0,0,1,0
210479,KENTUCKY,KY,1,0,1,163,0,AVERA,19,9,September,2010,1,Sunday,1,2,0,2,2,15,37.88237222,-86.20014722,39,2,0,1,0,0,1,0
210480,KENTUCKY,KY,1,0,2,43,0,BAILEYTON,19,9,September,2010,1,Sunday,13,14,0,6,3,14,38.34589722,-82.96840556,42,1,0,1,0,0,2,0
210481,KENTUCKY,KY,1,0,1,9,0,BLOUNT,19,9,September,2010,1,Sunday,16,17,0,6,4,24,37.05706111,-85.96132222,1,1,0,1,0,0,1,1
210482,KENTUCKY,KY,1,0,4,47,2580,BROWNS,19,9,September,2010,1,Sunday,18,5,0,6,5,2,36.77428056,-87.35336944,10,1,0,1,0,0,3,0
210483,KENTUCKY,KY,2,0,2,51,0,CENTRAL,21,9,September,2010,3,Tuesday,19,54,0,5,3,328,37.26595833,-83.64016111,12,2,0,1,0,0,1,1
210484,KENTUCKY,KY,2,0,2,151,2750,FLIPPEN,23,9,September,2010,5,Thursday,13,56,1,13,2,122,37.68326111,-84.25990000,12,1,0,1,0,0,1,0
210485,KENTUCKY,KY,1,0,2,15,3400,ANNISTON,23,9,September,2010,5,Thursday,3,30,1,1,1,1721,38.86627778,-84.62390833,24,2,0,10,0,0,1,0
210486,KENTUCKY,KY,2,0,2,111,2090,GRAHAM,24,9,September,2010,6,Friday,16,47,0,5,3,12,38.12287500,-85.48354722,12,1,0,10,0,0,1,0
210487,KENTUCKY,KY,2,0,4,111,2090,GRAHAM,25,9,September,2010,7,Saturday,16,46,0,13,2,41,38.19954167,-85.73443056,12,1,0,1,0,0,1,0
210488,KENTUCKY,KY,1,0,1,47,0,BROWNS,25,9,September,2010,7,Saturday,18,15,0,5,3,128,36.79684444,-87.32302778,35,1,0,1,0,0,1,0
210489,KENTUCKY,KY,1,1,1,237,0,EATONTON,26,9,September,2010,1,Sunday,15,58,0,4,3,35,37.73328889,-83.64569722,8,1,0,10,0,0,1,0
210490,KENTUCKY,KY,1,0,2,157,0,ARCADE,26,9,September,2010,1,Sunday,17,50,0,6,3,0,36.86774167,-88.32981944,42,1,0,1,0,0,1,1
210491,KENTUCKY,KY,2,0,4,179,0,ALLENHURST,26,9,September,2010,1,Sunday,20,50,0,5,3,69,37.74075556,-85.50710556,12,2,0,1,0,0,1,1
210492,KENTUCKY,KY,1,1,2,25,0,BARLOW BEND,4,9,September,2010,7,Saturday,4,15,0,4,3,18,37.53338056,-83.34558889,8,2,0,5,0,0,1,0
210493,KENTUCKY,KY,2,0,2,151,2750,FLIPPEN,4,9,September,2010,7,Saturday,8,33,0,13,3,92,37.73108611,-84.28625556,12,1,0,1,0,0,1,0
210494,KENTUCKY,KY,2,0,2,35,2350,BROOKLYN,13,9,September,2010,2,Monday,16,53,1,13,2,110,36.65864167,-88.30571389,12,1,0,1,0,0,1,0
210495,KENTUCKY,KY,1,0,1,59,2490,FRANKLIN,28,9,September,2010,3,Tuesday,12,16,0,16,8,99999,37.73347500,-87.08921389,31,1,0,1,0,0,1,0
210496,KENTUCKY,KY,1,0,2,9,0,BLOUNT,27,9,September,2010,2,Monday,21,30,1,4,3,105,36.93380556,-85.87720833,1,2,0,1,0,0,1,0
210497,KENTUCKY,KY,2,0,3,93,0,BEAR CREEK,22,9,September,2010,4,Wednesday,13,4,0,4,2,0,37.51983611,-85.88021389,12,1,0,1,0,0,1,0
210498,KENTUCKY,KY,1,0,2,79,0,COURTLAND,19,9,September,2010,1,Sunday,15,9,0,3,3,8,37.61403611,-84.49968056,38,1,0,1,0,0,1,0
210499,KENTUCKY,KY,1,0,3,125,0,BROOKWOOD,27,9,September,2010,2,Monday,12,19,0,4,3,13,37.13626944,-84.04995833,42,1,0,2,0,0,1,0
210500,KENTUCKY,KY,1,0,1,151,0,FLIPPEN,26,9,September,2010,1,Sunday,22,41,1,11,1,850,37.70083333,-84.31788056,1,2,0,10,0,0,1,0
210501,KENTUCKY,KY,1,1,1,215,0,BIBB CITY,30,9,September,2010,5,Thursday,9,23,0,5,3,3,38.04183889,-85.24013056,9,1,0,1,0,0,1,0
210502,KENTUCKY,KY,2,0,3,51,0,CENTRAL,12,9,September,2010,1,Sunday,15,56,0,13,3,59,37.12398611,-83.77203889,12,1,0,1,0,0,1,0
210503,KENTUCKY,KY,1,0,2,143,0,CANEHILL,30,9,September,2010,5,Thursday,0,1,1,1,1,533,36.97567778,-87.89976667,1,2,0,1,0,0,1,0
210504,KENTUCKY,KY,1,0,2,163,990,AVERA,27,9,September,2010,2,Monday,11,56,0,6,3,5,37.94377500,-86.16639444,10,1,0,1,0,0,1,0
210505,KENTUCKY,KY,1,0,1,163,0,AVERA,26,9,September,2010,1,Sunday,11,52,0,4,3,7,37.95438333,-86.11427222,32,1,0,1,0,0,1,0
210506,KENTUCKY,KY,1,0,2,81,3590,AUBURN,20,9,September,2010,2,Monday,4,0,1,1,1,1565,38.64958889,-84.58657222,1,3,0,10,0,0,1,0
210507,KENTUCKY,KY,2,0,6,19,558,CEDAR BLUFF,28,9,September,2010,3,Tuesday,21,24,0,13,3,15,38.37053056,-82.70048611,12,2,0,1,0,0,1,1
210508,KENTUCKY,KY,2,0,7,111,2090,GRAHAM,15,9,September,2010,4,Wednesday,21,30,1,13,2,100,38.12409167,-85.85304722,12,3,0,1,0,0,1,0
210509,KENTUCKY,KY,1,1,1,227,350,JASPER,29,9,September,2010,4,Wednesday,17,7,0,16,5,2,36.98308333,-86.41199722,9,1,0,1,0,0,1,0
210510,KENTUCKY,KY,1,0,1,73,0,ARGO,23,9,September,2010,5,Thursday,20,42,0,6,3,6,38.23885556,-84.86251944,1,1,0,1,0,0,1,0
210511,KENTUCKY,KY,1,0,1,235,0,FINLEYSON,16,9,September,2010,5,Thursday,9,54,1,1,1,189,36.83072222,-84.16402778,1,1,0,1,0,0,1,0
210512,KENTUCKY,KY,3,0,4,29,0,BORDEN SPRINGS,30,8,August,2010,2,Monday,11,22,0,13,3,188,38.03348889,-85.68906667,12,1,0,1,0,0,1,0
210513,KENTUCKY,KY,1,0,1,197,0,BUENA VISTA,11,9,September,2010,7,Saturday,8,18,0,5,3,18,37.81659722,-83.91945278,42,1,0,10,0,0,1,0
210514,KENTUCKY,KY,1,0,1,121,0,BON AIR,2,8,August,2010,2,Monday,16,27,1,2,2,135,36.90011111,-83.88881111,35,1,0,1,0,0,1,0
210515,KENTUCKY,KY,1,0,1,209,0,AILEY,25,2,February,2010,5,Thursday,20,30,0,5,3,77,38.26658889,-84.49705000,42,2,0,1,0,0,1,1
210516,KENTUCKY,KY,1,0,2,57,0,BANKSTON,23,8,August,2010,2,Monday,13,55,0,5,3,44,36.64597222,-85.39621389,1,1,0,1,0,0,1,0
210517,KENTUCKY,KY,1,0,2,155,0,IRWIN,14,8,August,2010,7,Saturday,18,0,0,5,3,86,37.56665833,-85.42955833,1,1,0,2,0,0,1,1
210518,KENTUCKY,KY,2,0,3,195,0,CARLTON,2,10,October,2010,7,Saturday,14,4,0,4,3,124,37.38959444,-82.52393333,12,1,0,1,0,0,2,0
210519,KENTUCKY,KY,1,0,1,53,0,ATMORE,2,10,October,2010,7,Saturday,19,32,0,5,3,37,36.68666111,-85.05615278,1,2,0,1,0,0,1,1
210520,KENTUCKY,KY,2,0,3,35,0,BROOKLYN,2,10,October,2010,7,Saturday,19,21,0,6,4,8,36.58416667,-88.35024722,12,2,0,1,0,0,1,0
210521,KENTUCKY,KY,1,0,2,155,0,IRWIN,2,10,October,2010,7,Saturday,1,40,0,4,3,152,37.66666667,-85.44380556,35,2,0,1,0,0,1,1
210522,KENTUCKY,KY,2,0,2,111,2090,GRAHAM,3,10,October,2010,1,Sunday,4,22,0,13,3,49,38.16567222,-85.78021944,12,3,0,10,0,0,1,1
210523,KENTUCKY,KY,2,0,2,161,0,DENTON,4,10,October,2010,2,Monday,21,0,1,13,2,106,38.58266111,-83.82791389,12,2,0,10,0,0,1,0
210524,KENTUCKY,KY,2,0,2,67,1980,ABBEVILLE,1,10,October,2010,6,Friday,12,38,0,5,3,17,38.09059444,-84.60140000,12,1,0,1,0,0,1,0
210525,KENTUCKY,KY,2,0,2,59,0,FRANKLIN,6,10,October,2010,4,Wednesday,6,25,0,2,2,57,37.64985833,-87.12241944,12,2,0,1,0,0,1,0
210526,KENTUCKY,KY,1,0,1,205,0,BACONTON,3,10,October,2010,1,Sunday,5,45,0,3,3,54,38.09937500,-83.41103611,32,2,0,1,0,0,1,0
210527,KENTUCKY,KY,2,0,2,169,0,BRADLEY,8,10,October,2010,6,Friday,15,22,0,3,3,29,36.88363611,-85.69945278,12,1,0,1,0,0,1,0
210528,KENTUCKY,KY,1,0,2,45,0,ARITON,8,10,October,2010,6,Friday,17,20,0,4,3,115,37.43602222,-85.01306667,19,1,0,1,0,0,1,1
210529,KENTUCKY,KY,1,0,1,181,0,LINCOLN,9,10,October,2010,7,Saturday,11,12,0,5,3,4,38.30340833,-83.88932778,35,1,0,1,0,0,1,0
210530,KENTUCKY,KY,2,0,4,239,3360,GEORGETOWN,9,10,October,2010,7,Saturday,16,51,1,13,2,93,38.05093056,-84.71500833,12,1,0,1,0,0,2,0
210531,KENTUCKY,KY,1,0,1,163,0,AVERA,10,10,October,2010,1,Sunday,1,34,0,6,4,0,37.89006111,-86.23958611,34,2,0,1,0,0,1,1
210532,KENTUCKY,KY,1,1,5,67,1980,ABBEVILLE,10,10,October,2010,1,Sunday,19,32,1,13,2,106,38.01171667,-84.45842778,8,3,0,1,0,0,1,0
210533,KENTUCKY,KY,2,0,2,73,1220,ARGO,11,10,October,2010,2,Monday,3,23,1,11,2,121,38.18858056,-84.82183333,12,3,0,10,0,0,1,1
210534,KENTUCKY,KY,2,0,7,195,2640,CARLTON,10,10,October,2010,1,Sunday,20,22,1,2,2,301,37.53222500,-82.57757778,12,2,0,1,0,0,1,0
210535,KENTUCKY,KY,3,0,5,177,0,LEE,12,10,October,2010,3,Tuesday,15,10,0,5,3,101,37.15846944,-87.19711389,12,1,0,2,0,0,2,0
210536,KENTUCKY,KY,1,0,1,29,0,BORDEN SPRINGS,12,10,October,2010,3,Tuesday,16,20,0,6,4,0,38.05079444,-85.54929167,1,1,0,1,0,0,1,0
210537,KENTUCKY,KY,2,0,3,39,0,ANDALUSIA,12,10,October,2010,3,Tuesday,18,10,0,6,3,41,36.92924167,-88.84635000,12,5,0,1,0,0,1,1
210538,KENTUCKY,KY,1,0,1,71,2670,BRIDGEPORT,12,10,October,2010,3,Tuesday,18,39,0,6,3,29,37.67566944,-82.68361944,1,1,0,1,0,0,1,0
210539,KENTUCKY,KY,2,0,2,163,0,AVERA,11,10,October,2010,2,Monday,17,15,1,2,2,79,37.88183056,-86.10002500,12,1,0,1,0,0,1,0
210540,KENTUCKY,KY,1,1,1,97,850,AXIS,1,10,October,2010,6,Friday,10,19,0,13,2,99999,38.36766944,-84.31496111,8,1,0,1,0,0,1,0
210541,KENTUCKY,KY,1,1,1,121,0,BON AIR,13,10,October,2010,4,Wednesday,6,25,1,2,2,156,36.91140278,-83.91366111,8,2,0,5,0,0,1,0
210542,KENTUCKY,KY,1,1,1,47,1620,BROWNS,11,10,October,2010,2,Monday,11,47,0,16,6,7,36.86684167,-87.47259722,9,1,0,1,0,0,1,0
210543,KENTUCKY,KY,2,0,9,67,1980,ABBEVILLE,10,10,October,2010,1,Sunday,16,55,0,13,3,1,38.06110833,-84.50061389,12,1,0,1,0,0,1,0
210544,KENTUCKY,KY,2,0,4,33,2690,CHEROKEE,3,10,October,2010,1,Sunday,23,12,0,14,2,36,37.10680556,-87.91671667,12,3,0,1,0,0,1,1
210545,KENTUCKY,KY,2,0,7,137,0,ALCO,13,10,October,2010,4,Wednesday,21,5,0,3,2,173,37.43467500,-84.46604444,12,2,0,2,0,0,1,0
210546,KENTUCKY,KY,1,0,2,103,0,DANVILLE,14,10,October,2010,5,Thursday,10,54,0,5,3,10,38.41096111,-85.30068333,42,1,0,10,0,0,1,0
210547,KENTUCKY,KY,2,0,2,227,0,JASPER,12,10,October,2010,3,Tuesday,10,2,0,3,3,121,37.08363333,-86.21641111,12,1,0,2,0,0,1,0