ST_CASE,State Name,State Abbreviation,VE_TOTAL,Pedestrains,Total_Persons_in_accident,COUNTY,CITY,City_County_Name,Calendar_DAY,MONTH,Month_Name,YEAR,DAY_WEEK,Day_Week_desc,HOUR,MINUTE,NHS_Desc,trafficway,ROUTE,MILEPT,LATITUDE,LONGITUD,First_Crash_event,Light_cond_desc,Weather_condition,WEATHER,SCH_BUS,Crash_cause,FATALS,DRUNK_DR
220004,LOUISIANA,LA,1,0,1,13,0,BOLLING,2,1,January,2010,7,Saturday,9,0,0,4,3,335,32.25500000,-92.99705000,42,1,0,1,0,0,1,0
220005,LOUISIANA,LA,1,1,4,99,250,BEATRICE,1,1,January,2010,6,Friday,0,30,1,13,3,79,30.28396111,-91.90658056,8,3,0,2,0,0,1,0
220006,LOUISIANA,LA,2,0,2,75,0,BEAVERTON,2,1,January,2010,7,Saturday,15,20,0,4,3,10,29.54766944,-89.74231111,12,1,0,1,0,0,1,1
220007,LOUISIANA,LA,2,0,2,127,0,BURNWELL,4,1,January,2010,2,Monday,17,50,1,2,2,1746,32.12796111,-92.69048889,12,5,0,1,0,0,1,0
220008,LOUISIANA,LA,1,0,1,51,1190,CENTRAL,4,1,January,2010,2,Monday,19,47,0,14,3,29,30.02231111,-90.23933056,31,3,0,1,0,0,1,0
220009,LOUISIANA,LA,1,0,1,109,0,ANSLEY,5,1,January,2010,3,Tuesday,21,1,0,15,6,0,29.60911944,-90.84720000,34,2,0,1,0,0,1,1
220010,LOUISIANA,LA,1,0,1,87,0,ARMSTRONG,6,1,January,2010,4,Wednesday,12,10,0,15,3,137,29.86668889,-89.85171944,30,1,0,1,0,0,1,0
220011,LOUISIANA,LA,1,1,2,9,0,BLOUNT,8,1,January,2010,6,Friday,13,10,0,4,3,102,30.86006389,-91.95853889,8,1,0,1,0,0,1,0
220012,LOUISIANA,LA,1,0,1,69,0,ASHFORD,9,1,January,2010,7,Saturday,21,16,1,1,1,1435,31.78683889,-93.19705000,21,2,0,1,0,0,1,0
220013,LOUISIANA,LA,1,0,4,99,0,BEATRICE,9,1,January,2010,7,Saturday,2,20,0,14,3,1143,30.10696944,-91.92288056,43,2,0,1,0,0,1,0
220014,LOUISIANA,LA,2,0,2,105,0,MARION,9,1,January,2010,7,Saturday,23,50,0,4,2,612,30.89236111,-90.51203056,12,2,0,1,0,0,1,2
220015,LOUISIANA,LA,2,0,3,71,1690,BRIDGEPORT,9,1,January,2010,7,Saturday,4,30,0,14,6,0,29.94433889,-90.07216111,12,3,0,1,0,0,1,1
220016,LOUISIANA,LA,1,0,1,105,0,MARION,12,1,January,2010,3,Tuesday,6,55,1,11,1,367,30.47938889,-90.51505000,1,1,0,1,0,0,1,0
220017,LOUISIANA,LA,2,0,2,19,0,CEDAR BLUFF,12,1,January,2010,3,Tuesday,19,26,1,13,2,57,30.31503056,-93.19771944,12,2,0,1,0,0,1,0
220018,LOUISIANA,LA,1,0,1,99,0,BEATRICE,13,1,January,2010,4,Wednesday,14,19,0,5,3,166,30.24011111,-91.86741111,35,1,0,1,0,0,1,1
220019,LOUISIANA,LA,2,0,2,95,0,ALBERTVILLE,14,1,January,2010,5,Thursday,15,45,0,14,3,10,30.05218056,-90.47316111,12,1,0,1,0,0,1,0
220020,LOUISIANA,LA,1,1,1,51,0,CENTRAL,14,1,January,2010,5,Thursday,99,99,1,13,2,2504,29.95473056,-90.17823056,8,3,0,10,0,0,1,0
220021,LOUISIANA,LA,1,1,1,99,0,BEATRICE,15,1,January,2010,6,Friday,0,20,1,13,3,196,30.24471944,-91.88531944,8,2,0,1,0,0,1,0
220022,LOUISIANA,LA,1,0,1,95,0,ALBERTVILLE,16,1,January,2010,7,Saturday,18,25,0,14,3,14,30.07513889,-90.55238056,38,3,0,10,0,0,1,0
220023,LOUISIANA,LA,1,0,1,113,0,COTTONTON,5,1,January,2010,3,Tuesday,12,46,0,6,4,0,30.06006944,-92.62131944,23,1,0,1,0,0,1,0
220024,LOUISIANA,LA,1,1,1,45,0,ARITON,16,1,January,2010,7,Saturday,7,54,0,6,4,0,29.96341944,-91.86403056,8,4,0,10,0,0,1,0
220025,LOUISIANA,LA,1,1,2,1,520,AUTAUGA,16,1,January,2010,7,Saturday,18,22,0,14,2,857,30.22711944,-92.36253056,8,2,0,1,0,0,1,0
220026,LOUISIANA,LA,1,0,1,59,0,FRANKLIN,17,1,January,2010,1,Sunday,14,37,0,4,3,89,31.76643056,-92.02041944,42,1,0,1,0,0,1,1
220027,LOUISIANA,LA,1,0,1,75,300,BEAVERTON,17,1,January,2010,1,Sunday,18,0,1,14,3,139,29.34236111,-89.51876944,33,2,0,1,0,0,1,1
220028,LOUISIANA,LA,1,0,2,77,0,ANDERSON,18,1,January,2010,2,Monday,6,50,0,3,3,2062,30.92136111,-91.69961111,42,1,0,1,0,0,1,0
220029,LOUISIANA,LA,1,0,2,1,0,AUTAUGA,23,1,January,2010,7,Saturday,20,0,0,3,3,404,30.38718889,-92.23776111,53,2,0,1,0,0,1,1
220030,LOUISIANA,LA,2,0,9,1,0,AUTAUGA,25,1,January,2010,2,Monday,2,40,1,1,1,708,30.23524722,-92.54996389,14,2,0,1,0,0,1,0
220031,LOUISIANA,LA,2,0,5,17,0,CHAMBERS,22,1,January,2010,6,Friday,6,39,1,2,2,2132,32.76870000,-93.84620000,12,1,0,5,0,0,2,0
220032,LOUISIANA,LA,1,1,2,87,1951,ARMSTRONG,25,1,January,2010,2,Monday,22,47,1,13,3,414,29.86791944,-89.88881111,8,3,0,1,0,0,1,0
220033,LOUISIANA,LA,1,0,1,89,0,BROWNSBORO,26,1,January,2010,3,Tuesday,13,55,0,14,3,585,29.93201944,-90.31848889,34,1,0,1,0,0,1,1
220034,LOUISIANA,LA,2,0,3,97,0,AXIS,29,1,January,2010,6,Friday,6,30,1,13,2,1202,30.53146111,-92.06740000,12,4,0,2,0,0,1,0
220035,LOUISIANA,LA,2,1,2,33,0,CHEROKEE,31,1,January,2010,1,Sunday,1,55,0,14,3,190,30.70863056,-91.08043056,8,3,0,1,0,0,1,0
220036,LOUISIANA,LA,1,1,1,101,0,BOYLSTON,23,1,January,2010,7,Saturday,13,0,0,6,4,0,29.68293889,-91.10343889,8,1,0,1,0,0,1,0
220037,LOUISIANA,LA,1,1,1,45,1680,ARITON,19,1,January,2010,3,Tuesday,7,14,0,15,6,0,30.00860000,-91.84088056,8,1,0,1,0,0,1,1
220038,LOUISIANA,LA,1,0,2,109,0,ANSLEY,21,1,January,2010,5,Thursday,1,17,0,15,4,0,29.58663889,-90.81536944,53,3,0,10,0,0,1,0
220039,LOUISIANA,LA,1,0,2,19,0,CEDAR BLUFF,22,1,January,2010,6,Friday,1,10,0,4,3,704,30.13938056,-93.50176944,34,2,0,1,0,0,1,1
220040,LOUISIANA,LA,1,0,1,63,0,BOLIGEE,1,2,February,2010,2,Monday,19,39,0,6,4,0,30.56916944,-90.62006944,35,2,0,10,0,0,1,0
220041,LOUISIANA,LA,1,1,1,109,0,ANSLEY,3,2,February,2010,4,Wednesday,5,52,1,13,3,138,29.75760000,-90.81680000,8,3,0,1,0,0,1,0
220042,LOUISIANA,LA,2,0,2,69,1650,ASHFORD,3,2,February,2010,4,Wednesday,21,50,1,13,3,3179,31.72420000,-93.08456111,12,2,0,2,0,0,1,0
220043,LOUISIANA,LA,1,0,2,63,2350,BOLIGEE,4,2,February,2010,5,Thursday,4,30,0,16,6,0,30.48236111,-90.88261111,18,2,0,2,0,0,1,0
220044,LOUISIANA,LA,1,0,2,79,0,COURTLAND,4,2,February,2010,5,Thursday,7,20,0,4,3,335,30.89253889,-92.78961944,42,4,0,2,0,0,1,0
220045,LOUISIANA,LA,1,0,1,43,0,BAILEYTON,4,2,February,2010,5,Thursday,14,30,0,4,3,681,31.41996944,-92.67206944,34,1,0,2,0,0,1,1
220046,LOUISIANA,LA,2,0,2,39,0,ANDALUSIA,6,2,February,2010,7,Saturday,13,22,0,3,3,419,30.55931111,-92.42931944,12,1,0,1,0,0,1,0
220047,LOUISIANA,LA,1,1,1,73,0,ARGO,6,2,February,2010,7,Saturday,20,40,1,13,3,6,32.49586944,-92.15743889,8,3,0,1,0,0,1,0
220048,LOUISIANA,LA,2,0,6,89,0,BROWNSBORO,7,2,February,2010,1,Sunday,2,45,1,1,1,2128,30.07273611,-90.39670556,12,2,0,1,0,0,2,2
220049,LOUISIANA,LA,2,0,2,109,0,ANSLEY,7,2,February,2010,1,Sunday,7,3,0,14,3,7,29.58738056,-90.73301944,12,1,0,1,0,0,1,0
220050,LOUISIANA,LA,1,1,1,113,0,COTTONTON,8,2,February,2010,2,Monday,2,19,0,4,3,117,30.07941944,-92.12873889,8,2,0,1,0,0,1,1
220051,LOUISIANA,LA,1,0,1,7,0,BIBB,8,2,February,2010,2,Monday,2,32,0,16,3,27,29.83875000,-90.99185000,34,2,0,1,0,0,1,1
220052,LOUISIANA,LA,4,0,7,51,1190,CENTRAL,10,2,February,2010,4,Wednesday,15,34,1,11,1,2228,30.00861944,-90.25530000,12,1,0,10,0,0,3,0
220053,LOUISIANA,LA,1,0,1,15,230,ANNISTON,10,2,February,2010,4,Wednesday,20,8,1,11,7,254,32.53560000,-93.64473056,26,2,0,10,0,0,1,1
220054,LOUISIANA,LA,1,0,1,69,0,ASHFORD,11,2,February,2010,5,Thursday,18,49,0,3,3,174,31.38893056,-93.16426944,42,2,0,4,0,0,1,0
220056,LOUISIANA,LA,1,0,1,109,0,ANSLEY,11,2,February,2010,5,Thursday,13,33,0,4,3,345,29.64461389,-90.96348056,1,1,0,2,0,0,1,1
220057,LOUISIANA,LA,1,1,2,17,2130,CHAMBERS,11,2,February,2010,5,Thursday,18,53,0,16,6,0,32.51096111,-93.76321944,8,3,0,4,0,0,1,0
220058,LOUISIANA,LA,1,0,5,29,0,BORDEN SPRINGS,12,2,February,2010,6,Friday,3,50,1,2,2,1688,31.60793056,-91.61921944,42,2,0,4,0,0,2,0
220059,LOUISIANA,LA,2,0,2,93,0,BEAR CREEK,12,2,February,2010,6,Friday,12,22,0,3,3,463,30.10508056,-90.87751944,12,1,0,10,0,0,1,0
220060,LOUISIANA,LA,1,0,5,81,0,AUBURN,12,2,February,2010,6,Friday,18,0,0,4,3,3617,32.18263056,-93.48108056,53,1,0,1,0,0,2,0
220061,LOUISIANA,LA,2,0,11,17,0,CHAMBERS,13,2,February,2010,7,Saturday,9,25,1,2,2,2264,32.94870000,-93.89420000,12,1,0,1,0,0,2,0
220062,LOUISIANA,LA,1,0,1,81,0,AUBURN,13,2,February,2010,7,Saturday,16,0,0,3,2,1449,31.99281111,-93.27938889,42,1,0,1,0,0,1,0
220063,LOUISIANA,LA,1,0,1,51,0,CENTRAL,14,2,February,2010,1,Sunday,23,8,0,4,3,59,29.20811944,-90.03376944,32,3,0,10,0,0,1,1
220064,LOUISIANA,LA,1,0,1,89,0,BROWNSBORO,15,2,February,2010,2,Monday,23,11,0,14,3,520,29.96756111,-90.40503056,32,3,0,1,0,0,1,1
220065,LOUISIANA,LA,1,0,2,11,0,BULLOCK,16,2,February,2010,3,Tuesday,9,0,0,6,4,0,30.87795000,-93.27651111,42,1,0,1,0,0,1,1
220066,LOUISIANA,LA,1,0,4,55,1230,ATTALLA,16,2,February,2010,3,Tuesday,16,37,1,11,1,7,30.26983889,-92.01781944,34,1,0,1,0,0,1,0
220067,LOUISIANA,LA,1,1,2,109,0,ANSLEY,16,2,February,2010,3,Tuesday,2,43,0,6,4,0,29.66698056,-90.71968889,8,3,0,1,0,0,1,0
220068,LOUISIANA,LA,1,0,1,51,1190,CENTRAL,17,2,February,2010,4,Wednesday,12,15,1,13,2,115,29.97996944,-90.27765000,33,1,0,1,0,0,1,0
220069,LOUISIANA,LA,2,0,4,43,0,BAILEYTON,17,2,February,2010,4,Wednesday,10,55,0,5,3,70,31.59386111,-92.51623889,12,1,0,1,0,0,1,0
220070,LOUISIANA,LA,2,0,2,7,0,BIBB,18,2,February,2010,5,Thursday,13,17,0,14,3,996,29.92191111,-90.99128056,12,1,0,1,0,0,1,0
220071,LOUISIANA,LA,3,0,5,57,0,BANKSTON,18,2,February,2010,5,Thursday,16,0,0,5,3,632,29.59115000,-90.44678889,12,1,0,1,0,0,1,1
220072,LOUISIANA,LA,2,0,4,7,0,BIBB,19,2,February,2010,6,Friday,13,55,0,14,3,1098,30.01976111,-91.04798056,12,1,0,1,0,0,1,0
220073,LOUISIANA,LA,1,0,2,79,0,COURTLAND,19,2,February,2010,6,Friday,21,50,0,5,3,29,31.17036111,-92.70351944,35,2,0,1,0,0,1,1
220074,LOUISIANA,LA,3,0,4,65,0,CYPRESS,20,2,February,2010,7,Saturday,19,20,1,1,1,1557,32.43723056,-91.45635000,12,2,0,1,0,0,1,1
220075,LOUISIANA,LA,1,0,1,111,0,GRAHAM,20,2,February,2010,7,Saturday,22,26,0,6,4,0,32.67696389,-92.21638611,35,2,0,1,0,0,1,1
220076,LOUISIANA,LA,4,0,5,17,2130,CHAMBERS,22,2,February,2010,2,Monday,6,56,1,11,1,121,32.45770000,-93.84035000,12,1,0,1,0,0,1,0
220077,LOUISIANA,LA,2,0,4,1,0,AUTAUGA,23,2,February,2010,3,Tuesday,16,20,1,1,1,852,30.24271944,-92.31198889,12,1,0,1,0,0,2,0
220078,LOUISIANA,LA,2,0,2,15,230,ANNISTON,10,1,January,2010,1,Sunday,8,12,1,11,1,156,32.55816944,-93.64873889,12,1,0,1,0,0,1,0
220079,LOUISIANA,LA,1,0,1,29,0,BORDEN SPRINGS,26,2,February,2010,6,Friday,99,99,0,4,3,247,31.49328889,-91.70440000,53,2,0,1,0,0,1,1
220080,LOUISIANA,LA,1,0,2,33,150,CHEROKEE,27,2,February,2010,7,Saturday,1,29,1,11,1,1641,30.37850278,-91.06051944,42,2,0,2,0,0,1,1
220081,LOUISIANA,LA,2,0,2,57,0,BANKSTON,27,2,February,2010,7,Saturday,8,50,0,3,3,291,29.54476111,-90.47331944,12,1,0,1,0,0,1,0
220082,LOUISIANA,LA,2,0,2,91,0,DAYTON,27,2,February,2010,7,Saturday,13,30,0,3,3,369,30.65150556,-90.90361111,12,1,0,1,0,0,1,1
220083,LOUISIANA,LA,1,0,1,97,0,AXIS,28,2,February,2010,1,Sunday,2,40,0,6,3,1,30.52003056,-92.04426944,38,2,0,1,0,0,1,1
220084,LOUISIANA,LA,1,0,1,77,0,ANDERSON,28,2,February,2010,1,Sunday,14,30,0,5,3,17,30.53666111,-91.54001944,1,1,0,1,0,0,1,1
220085,LOUISIANA,LA,3,0,7,5,0,BAKER HILL,28,2,February,2010,1,Sunday,17,20,0,3,3,496,30.14991944,-90.87406944,12,1,0,1,0,0,2,0
220086,LOUISIANA,LA,1,0,2,109,0,ANSLEY,1,3,March,2010,2,Monday,4,29,0,14,3,27,29.65003889,-90.72683889,30,3,0,1,0,0,2,1
220087,LOUISIANA,LA,1,0,1,15,0,ANNISTON,1,3,March,2010,2,Monday,11,5,0,4,3,64,33.00031944,-93.53726944,42,1,0,2,0,0,1,0
220088,LOUISIANA,LA,2,0,3,117,0,BIRMINGHAM,1,3,March,2010,2,Monday,17,25,0,3,3,2383,30.85753889,-89.96391111,12,2,0,2,0,0,2,0
220089,LOUISIANA,LA,2,0,2,89,0,BROWNSBORO,2,3,March,2010,3,Tuesday,8,33,1,13,2,2406,29.91453889,-90.27715000,12,1,0,1,0,0,1,0
220090,LOUISIANA,LA,1,0,2,49,0,COLLINSVILLE,1,1,January,2010,6,Friday,3,5,0,6,4,0,32.48890000,-92.52246111,1,2,0,1,0,0,1,1
220092,LOUISIANA,LA,2,0,2,103,2180,DANVILLE,3,3,March,2010,4,Wednesday,13,49,1,11,1,2664,30.28151111,-89.75061944,12,1,0,1,0,0,1,0
220093,LOUISIANA,LA,2,0,2,19,1250,CEDAR BLUFF,4,3,March,2010,5,Thursday,5,57,0,16,6,0,30.22385000,-93.20140000,12,1,0,1,0,0,1,0
220094,LOUISIANA,LA,1,0,1,99,0,BEATRICE,6,3,March,2010,7,Saturday,0,55,0,5,3,83,30.15388056,-91.80838056,42,2,0,1,0,0,1,0
220095,LOUISIANA,LA,1,0,2,19,0,CEDAR BLUFF,6,3,March,2010,7,Saturday,2,25,0,6,4,0,30.18376944,-93.48783056,38,2,0,1,0,0,2,1
220096,LOUISIANA,LA,1,0,1,73,2410,ARGO,5,3,March,2010,6,Friday,14,10,1,13,3,851,32.49426111,-92.14373889,10,1,0,1,0,0,1,0
220097,LOUISIANA,LA,2,0,2,17,2130,CHAMBERS,22,1,January,2010,6,Friday,17,24,0,14,3,17,32.54350000,-93.80706111,12,1,0,1,0,0,1,0
220098,LOUISIANA,LA,1,0,1,25,0,BARLOW BEND,7,3,March,2010,1,Sunday,14,24,0,6,3,51,31.77611111,-91.61588056,32,1,0,1,0,0,1,0
220099,LOUISIANA,LA,1,0,1,53,0,ATMORE,10,3,March,2010,4,Wednesday,2,15,0,6,3,218,30.30595556,-92.65266111,43,2,0,10,0,0,1,0
220100,LOUISIANA,LA,2,0,3,19,0,CEDAR BLUFF,10,3,March,2010,4,Wednesday,7,23,0,4,2,105,30.20568056,-93.55496111,12,1,0,5,0,0,2,0
220101,LOUISIANA,LA,1,0,1,57,0,BANKSTON,5,3,March,2010,6,Friday,99,99,0,15,3,11,29.57196944,-90.38256944,43,9,0,99,0,0,1,1
220102,LOUISIANA,LA,1,0,1,105,0,MARION,10,3,March,2010,4,Wednesday,20,30,0,14,3,30,30.54851111,-90.42913889,42,2,0,10,0,0,1,0
220103,LOUISIANA,LA,1,0,2,63,0,BOLIGEE,11,3,March,2010,5,Thursday,0,30,0,4,3,262,30.64355000,-90.87601111,34,2,0,2,0,0,1,1
220104,LOUISIANA,LA,1,0,1,85,0,BENTON,12,3,March,2010,6,Friday,23,18,0,4,3,9,31.77786111,-93.75686111,35,2,0,1,0,0,1,0
220105,LOUISIANA,LA,2,0,1,17,2130,CHAMBERS,12,3,March,2010,6,Friday,22,39,0,14,6,0,32.42490000,-93.78005000,30,3,0,1,0,0,1,1
220106,LOUISIANA,LA,1,0,2,101,0,BOYLSTON,15,3,March,2010,2,Monday,13,9,0,4,3,65,29.63871944,-91.51118056,42,1,0,1,0,0,1,0
220107,LOUISIANA,LA,2,0,2,65,0,CYPRESS,16,3,March,2010,3,Tuesday,8,58,1,1,1,1797,32.33888056,-91.06790000,12,1,0,1,0,0,1,0
220108,LOUISIANA,LA,2,0,2,11,0,BULLOCK,17,3,March,2010,4,Wednesday,13,39,0,3,2,88,30.82153889,-93.51525000,12,1,0,1,0,0,1,0
220109,LOUISIANA,LA,2,0,2,81,0,AUBURN,17,3,March,2010,4,Wednesday,20,21,0,4,3,3584,32.13581944,-93.47921111,12,2,0,1,0,0,1,0
220110,LOUISIANA,LA,2,0,2,67,0,ABBEVILLE,17,3,March,2010,4,Wednesday,22,40,0,3,3,1611,32.77116111,-91.67930000,12,2,0,1,0,0,1,0
220111,LOUISIANA,LA,2,0,5,63,0,BOLIGEE,18,3,March,2010,5,Thursday,20,31,0,15,3,83,30.50846111,-90.93441944,12,2,0,1,0,0,1,1
220112,LOUISIANA,LA,1,0,1,123,0,ALEXANDER CITY,19,3,March,2010,6,Friday,4,46,0,6,4,0,32.58225556,-91.58836944,35,2,0,1,0,0,1,0
220113,LOUISIANA,LA,1,0,2,113,0,COTTONTON,19,3,March,2010,6,Friday,20,34,0,6,4,0,29.94853889,-92.00588889,32,3,0,1,0,0,1,1
220114,LOUISIANA,LA,2,0,3,117,0,BIRMINGHAM,20,3,March,2010,7,Saturday,16,20,1,2,3,303,30.70901111,-89.85446111,12,1,0,1,0,0,2,1
220115,LOUISIANA,LA,1,1,3,97,0,AXIS,20,3,March,2010,7,Saturday,16,14,0,3,2,1036,30.50438889,-92.34083889,9,1,0,1,0,0,1,0
220116,LOUISIANA,LA,1,0,1,55,1230,ATTALLA,15,3,March,2010,2,Monday,2,34,1,11,1,2,30.26231111,-92.01713889,42,3,0,1,0,0,1,1
220117,LOUISIANA,LA,2,0,2,59,0,FRANKLIN,11,3,March,2010,5,Thursday,8,23,1,2,3,744,31.44758889,-92.12486111,12,1,0,1,0,0,1,0
220118,LOUISIANA,LA,2,0,3,5,2189,BAKER HILL,12,3,March,2010,6,Friday,16,25,0,14,3,82,30.17671111,-90.87233889,12,1,0,1,0,0,1,0
220119,LOUISIANA,LA,1,1,2,33,150,CHEROKEE,17,3,March,2010,4,Wednesday,6,41,1,13,2,1851,30.46181944,-91.04128056,8,3,0,1,0,0,1,0
220120,LOUISIANA,LA,1,0,1,97,0,AXIS,16,3,March,2010,3,Tuesday,20,43,0,4,3,1127,30.68916944,-91.73693889,59,2,0,1,0,0,1,0
220121,LOUISIANA,LA,2,0,8,105,0,MARION,20,3,March,2010,7,Saturday,19,20,0,4,3,2117,30.81416111,-90.36343889,12,2,0,2,0,0,1,0
220122,LOUISIANA,LA,1,1,2,103,0,DANVILLE,21,3,March,2010,1,Sunday,5,15,1,11,1,656,30.41582500,-90.04551944,8,2,0,1,0,0,1,0
220123,LOUISIANA,LA,2,0,6,69,0,ASHFORD,22,3,March,2010,2,Monday,23,2,0,4,3,3124,31.66451111,-93.04366111,12,2,0,1,0,0,1,1
220124,LOUISIANA,LA,3,0,4,15,0,ANNISTON,23,3,March,2010,3,Tuesday,7,41,0,15,3,117,32.48293889,-93.50970000,12,1,0,1,1,0,1,1
220125,LOUISIANA,LA,1,0,2,39,0,ANDALUSIA,24,3,March,2010,4,Wednesday,17,35,0,3,2,586,30.67106944,-92.21460000,34,1,0,1,0,0,1,0
220126,LOUISIANA,LA,1,0,3,29,0,BORDEN SPRINGS,29,3,March,2010,2,Monday,0,20,0,6,4,0,31.58055833,-91.49645000,34,2,0,1,0,0,1,1
220127,LOUISIANA,LA,2,0,6,99,0,BEATRICE,29,3,March,2010,2,Monday,7,53,0,4,3,1119,30.07974722,-91.89821111,12,1,0,1,0,0,2,0
220128,LOUISIANA,LA,1,0,1,5,0,BAKER HILL,25,3,March,2010,5,Thursday,2,56,1,1,1,1835,30.16836944,-90.86626111,42,7,0,1,0,0,1,1
220129,LOUISIANA,LA,2,0,2,55,0,ATTALLA,26,3,March,2010,6,Friday,10,40,0,14,3,83,30.26340000,-92.11011944,12,1,0,1,0,0,1,1
220130,LOUISIANA,LA,1,0,1,47,0,BROWNS,27,3,March,2010,7,Saturday,2,19,0,4,3,67,30.13235000,-91.28731111,35,2,0,1,0,0,1,1
220131,LOUISIANA,LA,1,1,1,17,2130,CHAMBERS,27,3,March,2010,7,Saturday,23,25,1,13,3,84,32.40208056,-93.79783889,8,3,0,1,0,0,1,0
220132,LOUISIANA,LA,1,0,1,55,0,ATTALLA,25,3,March,2010,5,Thursday,10,50,0,6,4,0,30.19746944,-92.22150000,30,1,0,1,0,0,1,0
220133,LOUISIANA,LA,1,1,1,33,0,CHEROKEE,24,2,February,2010,4,Wednesday,19,50,0,14,6,0,30.49761111,-91.04288889,8,7,0,1,0,0,1,0
220134,LOUISIANA,LA,4,0,3,31,0,COFFEE,10,3,March,2010,4,Wednesday,16,15,0,3,2,24,31.97338056,-93.96886944,12,1,0,1,0,0,1,0
220135,LOUISIANA,LA,2,0,2,15,230,ANNISTON,24,3,March,2010,4,Wednesday,10,35,1,13,3,172,32.45887778,-93.66971111,12,1,0,1,0,0,1,1
220136,LOUISIANA,LA,1,1,1,97,1800,AXIS,30,3,March,2010,3,Tuesday,22,17,0,15,3,92,30.53098056,-92.09921111,9,3,0,1,0,0,1,0
220137,LOUISIANA,LA,1,0,1,37,0,BRADFORD,13,1,January,2010,4,Wednesday,14,56,0,6,4,0,30.92670000,-91.08973889,35,1,0,1,0,0,1,0
220138,LOUISIANA,LA,2,0,4,47,2082,BROWNS,13,3,March,2010,7,Saturday,15,9,0,5,3,347,30.21898889,-91.07648889,12,1,0,1,0,0,1,0
220139,LOUISIANA,LA,1,0,1,105,0,MARION,5,4,April,2010,2,Monday,3,54,1,1,1,522,30.48018056,-90.25503056,42,2,0,1,0,0,1,1
220140,LOUISIANA,LA,1,0,2,19,0,CEDAR BLUFF,1,4,April,2010,5,Thursday,20,20,1,1,1,91,30.18638056,-93.56358056,24,2,0,1,0,0,1,0
220141,LOUISIANA,LA,3,0,5,119,0,BELLAMY,7,4,April,2010,4,Wednesday,5,35,0,3,2,555,32.64121944,-93.36593889,12,2,0,1,0,0,1,0
220142,LOUISIANA,LA,2,0,2,33,150,CHEROKEE,1,4,April,2010,5,Thursday,18,35,0,14,3,83,30.54778889,-91.05271944,12,1,0,1,0,0,1,0
220143,LOUISIANA,LA,2,0,2,1,0,AUTAUGA,5,4,April,2010,2,Monday,18,40,0,3,3,331,30.43745000,-92.40943889,12,1,0,1,0,0,1,0
220144,LOUISIANA,LA,1,0,1,47,960,BROWNS,6,4,April,2010,3,Tuesday,7,34,0,6,6,0,30.40971111,-91.43468889,10,1,0,1,0,0,1,0
220145,LOUISIANA,LA,2,0,2,1,0,AUTAUGA,6,4,April,2010,3,Tuesday,13,30,0,4,3,433,30.43681944,-92.47425000,12,1,0,1,0,0,1,0
220146,LOUISIANA,LA,2,0,2,99,0,BEATRICE,3,4,April,2010,7,Saturday,16,51,0,6,4,0,30.09978889,-91.92528056,12,1,0,1,0,0,1,0
220147,LOUISIANA,LA,1,0,5,17,2130,CHAMBERS,2,4,April,2010,6,Friday,21,15,0,14,6,0,32.47966111,-93.87361944,42,6,0,1,0,0,1,0
220148,LOUISIANA,LA,2,0,2,63,570,BOLIGEE,7,4,April,2010,4,Wednesday,20,20,1,13,2,1901,30.47233889,-90.96386111,12,3,0,2,0,0,1,1
220149,LOUISIANA,LA,1,0,2,29,0,BORDEN SPRINGS,9,4,April,2010,6,Friday,2,5,0,4,3,18,31.64751944,-91.53763889,1,2,0,1,0,0,1,1
220150,LOUISIANA,LA,4,0,6,47,0,BROWNS,9,4,April,2010,6,Friday,4,55,1,1,1,1402,30.42032222,-91.42711111,14,2,0,1,0,0,4,0
220151,LOUISIANA,LA,2,0,4,95,0,ALBERTVILLE,9,4,April,2010,6,Friday,22,0,1,11,1,2112,30.08298056,-90.42141111,12,2,0,1,0,0,1,0
220152,LOUISIANA,LA,1,0,4,5,0,BAKER HILL,9,4,April,2010,6,Friday,22,18,1,1,1,1894,30.14670000,-90.77006111,42,2,0,1,0,0,1,0
220153,LOUISIANA,LA,1,0,1,23,0,BLADON SPRINGS,9,4,April,2010,6,Friday,19,0,0,4,3,198,30.02578889,-93.26553889,34,1,0,1,0,0,1,1
220154,LOUISIANA,LA,1,0,1,1,0,AUTAUGA,10,4,April,2010,7,Saturday,99,99,1,1,1,759,30.23308056,-92.46526111,59,2,0,1,0,0,1,0
220155,LOUISIANA,LA,3,0,3,105,0,MARION,10,4,April,2010,7,Saturday,18,44,1,11,1,268,30.45055833,-90.46863889,12,1,0,1,0,0,2,1
220156,LOUISIANA,LA,1,1,1,101,0,BOYLSTON,10,4,April,2010,7,Saturday,20,30,1,2,2,1478,29.84081111,-91.57631944,8,2,0,1,0,0,1,0
220157,LOUISIANA,LA,1,0,2,105,0,MARION,10,4,April,2010,7,Saturday,21,15,1,1,1,532,30.82146944,-90.53323889,1,2,0,1,0,0,2,0
220158,LOUISIANA,LA,1,1,1,19,0,CEDAR BLUFF,10,4,April,2010,7,Saturday,1,25,0,15,4,0,30.21323056,-93.37531111,8,3,0,1,0,0,1,1
220159,LOUISIANA,LA,2,0,2,55,1230,ATTALLA,11,4,April,2010,1,Sunday,13,27,0,14,6,0,30.19280000,-92.01051111,12,1,0,1,0,0,1,0