ST_CASE,State Name,State Abbreviation,VE_TOTAL,Pedestrains,Total_Persons_in_accident,COUNTY,CITY,City_County_Name,Calendar_DAY,MONTH,Month_Name,YEAR,DAY_WEEK,Day_Week_desc,HOUR,MINUTE,NHS_Desc,trafficway,ROUTE,MILEPT,LATITUDE,LONGITUD,First_Crash_event,Light_cond_desc,Weather_condition,WEATHER,SCH_BUS,Crash_cause,FATALS,DRUNK_DR
220160,LOUISIANA,LA,1,0,1,105,980,MARION,11,4,April,2010,1,Sunday,9,20,1,11,1,310,30.50268056,-90.50343889,35,1,0,1,0,0,1,0
220161,LOUISIANA,LA,1,0,1,87,0,ARMSTRONG,11,4,April,2010,1,Sunday,22,34,1,13,3,57,29.94133889,-89.97621944,33,3,0,1,0,0,1,0
220162,LOUISIANA,LA,2,0,4,117,0,BIRMINGHAM,12,4,April,2010,2,Monday,21,35,0,3,3,2418,30.82636944,-89.91983889,12,2,0,1,0,0,3,0
220163,LOUISIANA,LA,2,0,3,9,0,BLOUNT,13,4,April,2010,3,Tuesday,16,15,0,3,3,2185,30.99513056,-91.87463056,12,1,0,1,0,0,1,1
220164,LOUISIANA,LA,1,0,2,79,0,COURTLAND,14,4,April,2010,4,Wednesday,19,17,1,1,1,688,31.08923889,-92.44286944,35,1,0,1,0,0,1,1
220165,LOUISIANA,LA,1,0,2,69,0,ASHFORD,15,4,April,2010,5,Thursday,2,2,0,5,3,95,31.71238889,-93.01817222,24,2,0,1,0,0,1,1
220166,LOUISIANA,LA,2,0,2,45,0,ARITON,14,4,April,2010,4,Wednesday,13,30,1,13,2,1217,30.05073889,-91.92943889,12,1,0,10,0,0,1,0
220167,LOUISIANA,LA,1,0,1,69,0,ASHFORD,15,4,April,2010,5,Thursday,14,10,0,5,3,105,31.72128889,-93.03078056,1,1,0,1,0,0,1,0
220168,LOUISIANA,LA,2,0,2,13,0,BOLLING,16,4,April,2010,6,Friday,6,40,0,4,3,254,32.19733056,-93.01655000,12,1,0,1,0,0,1,1
220169,LOUISIANA,LA,2,0,4,117,0,BIRMINGHAM,16,4,April,2010,6,Friday,22,0,0,3,3,2392,30.85133056,-89.95128056,12,2,0,1,0,0,3,1
220170,LOUISIANA,LA,1,0,1,67,0,ABBEVILLE,17,4,April,2010,7,Saturday,99,99,0,6,3,38,32.80115000,-91.95191111,34,9,0,1,0,0,1,1
220171,LOUISIANA,LA,1,0,2,57,0,BANKSTON,9,4,April,2010,6,Friday,1,22,0,15,3,291,29.81777222,-90.88418611,32,2,0,1,0,0,2,1
220172,LOUISIANA,LA,2,0,4,5,0,BAKER HILL,8,4,April,2010,5,Thursday,5,21,0,14,3,22,30.23901944,-90.86990000,12,2,0,2,0,0,1,0
220173,LOUISIANA,LA,3,0,5,71,1690,BRIDGEPORT,27,3,March,2010,7,Saturday,13,30,1,11,1,12,29.99486944,-90.10413889,12,1,0,1,0,0,2,0
220174,LOUISIANA,LA,2,0,3,119,2200,BELLAMY,8,4,April,2010,5,Thursday,10,28,0,14,3,682,33.00938056,-93.47638056,12,1,0,1,0,0,1,0
220175,LOUISIANA,LA,2,1,8,71,1690,BRIDGEPORT,14,2,February,2010,1,Sunday,3,41,1,11,1,2343,29.95788056,-90.09398889,8,3,0,10,0,0,1,0
220176,LOUISIANA,LA,2,0,2,71,1690,BRIDGEPORT,16,2,February,2010,3,Tuesday,8,55,1,13,3,524,29.97078056,-90.03926111,12,1,0,1,0,0,1,0
220177,LOUISIANA,LA,1,0,1,45,0,ARITON,17,4,April,2010,7,Saturday,17,17,0,5,3,26,30.04669722,-91.76871389,35,1,0,1,0,0,1,1
220178,LOUISIANA,LA,2,0,2,79,40,COURTLAND,17,4,April,2010,7,Saturday,5,47,1,13,3,452,31.29588056,-92.53308056,12,3,0,5,0,0,1,0
220179,LOUISIANA,LA,1,1,1,117,0,BIRMINGHAM,17,4,April,2010,7,Saturday,20,20,1,13,3,340,30.75948056,-89.84703056,9,2,0,1,0,0,1,0
220180,LOUISIANA,LA,1,0,2,7,0,BIBB,18,4,April,2010,1,Sunday,19,48,0,6,3,73,29.71678889,-91.04948056,42,2,0,1,0,0,1,0
220181,LOUISIANA,LA,2,0,4,101,110,BOYLSTON,18,4,April,2010,1,Sunday,12,40,0,16,6,0,29.85733889,-91.55103889,12,1,0,10,0,0,1,0
220182,LOUISIANA,LA,2,0,4,99,250,BEATRICE,18,4,April,2010,1,Sunday,1,10,0,4,3,211,30.28715000,-91.87395000,12,3,0,2,0,0,1,1
220183,LOUISIANA,LA,1,1,2,73,2410,ARGO,14,4,April,2010,4,Wednesday,1,50,1,13,3,851,32.49481111,-92.14360000,8,2,0,1,0,0,1,1
220184,LOUISIANA,LA,1,0,3,105,0,MARION,3,4,April,2010,7,Saturday,20,20,0,5,3,265,30.94613056,-90.44855000,42,2,0,1,0,0,1,1
220185,LOUISIANA,LA,1,0,1,95,0,ALBERTVILLE,17,4,April,2010,7,Saturday,2,10,1,1,1,2008,30.11515000,-90.58878889,42,2,0,1,0,0,1,1
220186,LOUISIANA,LA,2,0,2,55,1230,ATTALLA,20,4,April,2010,3,Tuesday,23,30,0,14,3,1351,30.35471944,-92.05180000,12,2,0,1,0,0,1,0
220187,LOUISIANA,LA,2,0,5,63,570,BOLIGEE,21,4,April,2010,4,Wednesday,11,0,0,14,3,91,30.44880000,-90.96953889,12,1,0,1,0,0,1,0
220188,LOUISIANA,LA,1,0,1,67,0,ABBEVILLE,22,4,April,2010,5,Thursday,22,5,0,6,4,0,32.79363889,-91.87081944,42,2,0,1,0,0,1,1
220189,LOUISIANA,LA,1,0,1,63,0,BOLIGEE,24,4,April,2010,7,Saturday,2,35,0,4,3,171,30.41268056,-90.91548056,52,2,0,2,0,0,1,1
220190,LOUISIANA,LA,1,0,1,109,0,ANSLEY,24,4,April,2010,7,Saturday,13,0,0,4,3,300,29.61651111,-90.89777500,34,1,0,10,0,0,1,1
220191,LOUISIANA,LA,2,0,2,19,0,CEDAR BLUFF,24,4,April,2010,7,Saturday,13,15,0,6,3,79,30.12570000,-93.14575000,12,1,0,1,0,0,1,0
220192,LOUISIANA,LA,2,0,3,53,2390,ATMORE,25,4,April,2010,1,Sunday,21,9,0,4,2,565,30.23215000,-92.79626944,12,3,0,1,0,0,1,1
220193,LOUISIANA,LA,4,0,5,103,0,DANVILLE,25,4,April,2010,1,Sunday,14,40,0,4,2,2379,30.49493056,-90.18223056,12,1,0,1,0,0,1,0
220194,LOUISIANA,LA,2,0,4,55,1230,ATTALLA,25,4,April,2010,1,Sunday,23,45,1,11,1,19,30.28733056,-92.02223889,12,3,0,1,0,0,1,1
220195,LOUISIANA,LA,1,0,4,99,0,BEATRICE,30,4,April,2010,6,Friday,0,26,1,13,3,43,30.25112222,-91.95064444,35,2,0,1,0,0,1,1
220196,LOUISIANA,LA,1,0,1,47,0,BROWNS,21,4,April,2010,4,Wednesday,4,30,0,4,3,78,30.12245000,-91.15781111,34,2,0,10,0,0,1,0
220197,LOUISIANA,LA,1,0,1,65,0,CYPRESS,30,4,April,2010,6,Friday,2,10,0,4,2,1927,32.33651111,-91.01193056,34,2,0,1,0,0,1,1
220198,LOUISIANA,LA,1,0,1,55,330,ATTALLA,20,4,April,2010,3,Tuesday,0,45,1,11,1,30,30.30198056,-92.02773889,34,2,0,1,0,0,1,1
220199,LOUISIANA,LA,1,0,2,85,0,BENTON,23,4,April,2010,6,Friday,99,99,0,4,3,470,31.67823889,-93.71593056,11,9,0,99,0,0,2,1
220200,LOUISIANA,LA,4,0,7,77,1700,ANDERSON,27,4,April,2010,3,Tuesday,13,58,0,14,3,1828,30.68670000,-91.46571944,12,1,0,1,0,0,1,0
220201,LOUISIANA,LA,1,0,4,51,1545,CENTRAL,1,5,May,2010,7,Saturday,23,8,0,14,6,0,29.98438056,-90.20908056,33,3,0,10,0,0,1,0
220202,LOUISIANA,LA,2,0,2,5,0,BAKER HILL,7,5,May,2010,6,Friday,7,13,0,6,4,0,30.29553056,-90.95546944,12,1,0,10,0,0,1,0
220203,LOUISIANA,LA,1,0,2,17,2130,CHAMBERS,8,5,May,2010,7,Saturday,16,38,0,14,3,41,32.41875000,-93.73633889,10,1,0,1,0,0,1,0
220204,LOUISIANA,LA,2,0,3,55,0,ATTALLA,1,5,May,2010,7,Saturday,21,28,0,15,6,0,30.12380000,-92.01571111,12,3,0,1,0,0,1,0
220205,LOUISIANA,LA,1,0,1,45,1120,ARITON,1,5,May,2010,7,Saturday,2,14,0,14,6,0,29.91703056,-91.68043056,32,3,0,10,0,0,1,0
220206,LOUISIANA,LA,1,0,1,113,0,COTTONTON,8,5,May,2010,7,Saturday,3,45,0,6,4,0,29.97118889,-92.04840000,43,2,0,1,0,0,1,1
220207,LOUISIANA,LA,1,0,1,45,0,ARITON,2,5,May,2010,1,Sunday,22,21,0,15,4,0,30.04918056,-91.74308056,32,2,0,1,0,0,1,0
220208,LOUISIANA,LA,1,0,1,33,0,CHEROKEE,3,5,May,2010,2,Monday,2,24,0,14,3,23,30.61291111,-91.20211111,34,2,0,5,0,0,1,0
220209,LOUISIANA,LA,1,0,2,33,150,CHEROKEE,4,5,May,2010,3,Tuesday,8,9,1,11,1,1550,30.43900000,-91.18908889,1,1,0,1,0,0,1,0
220210,LOUISIANA,LA,1,0,1,105,0,MARION,22,5,May,2010,7,Saturday,16,36,0,6,4,0,30.94163056,-90.46486944,42,1,0,1,0,0,1,0
220211,LOUISIANA,LA,2,0,2,17,0,CHAMBERS,20,5,May,2010,5,Thursday,14,21,0,3,3,4121,32.74108889,-93.97650000,12,1,0,10,1,0,1,0
220212,LOUISIANA,LA,4,2,4,51,1005,CENTRAL,23,5,May,2010,1,Sunday,22,10,1,13,6,0,29.87341944,-90.05255000,33,3,0,1,0,0,1,1
220213,LOUISIANA,LA,1,1,2,73,1560,ARGO,29,3,March,2010,2,Monday,20,2,1,13,7,1763,32.48846944,-92.08278056,8,2,0,1,0,0,1,0
220214,LOUISIANA,LA,2,0,3,87,1518,ARMSTRONG,10,5,May,2010,2,Monday,10,43,0,14,3,99,29.91821111,-89.91433056,12,1,0,1,0,0,1,0
220215,LOUISIANA,LA,1,0,2,1,0,AUTAUGA,14,5,May,2010,6,Friday,0,40,0,6,4,0,30.23036944,-92.53161111,42,2,0,10,0,0,1,1
220216,LOUISIANA,LA,3,0,4,15,230,ANNISTON,14,5,May,2010,6,Friday,17,59,1,11,1,240,32.53031111,-93.66731944,14,1,0,10,0,0,1,0
220217,LOUISIANA,LA,1,0,1,17,0,CHAMBERS,21,5,May,2010,6,Friday,20,48,0,6,6,0,32.35490000,-93.87530000,1,3,0,1,0,0,1,1
220218,LOUISIANA,LA,1,0,4,61,2070,BELLWOOD,22,5,May,2010,7,Saturday,12,59,1,11,1,861,32.54036111,-92.63028889,1,1,0,1,0,0,1,0
220219,LOUISIANA,LA,1,0,1,55,330,ATTALLA,25,5,May,2010,3,Tuesday,20,40,1,11,1,35,30.30991944,-92.02980000,34,2,0,10,0,0,1,1
220220,LOUISIANA,LA,1,1,1,39,2320,ANDALUSIA,26,5,May,2010,4,Wednesday,17,9,0,16,6,0,30.69143889,-92.27415000,9,1,0,10,0,0,1,1
220221,LOUISIANA,LA,2,0,5,79,0,COURTLAND,1,5,May,2010,7,Saturday,16,0,0,4,3,30,31.17776944,-92.36770000,12,1,0,10,0,0,3,0
220222,LOUISIANA,LA,1,0,1,31,0,COFFEE,3,5,May,2010,2,Monday,1,30,0,4,3,408,32.06251111,-93.69396111,42,2,0,1,0,0,1,1
220223,LOUISIANA,LA,2,0,7,5,0,BAKER HILL,2,5,May,2010,1,Sunday,20,10,0,14,3,220,30.34210000,-90.88405000,12,2,0,10,0,0,2,1
220224,LOUISIANA,LA,1,0,1,105,0,MARION,5,5,May,2010,4,Wednesday,6,32,1,13,3,4,30.51898056,-90.49646111,42,1,0,1,0,0,1,1
220225,LOUISIANA,LA,1,0,1,103,0,DANVILLE,5,5,May,2010,4,Wednesday,14,24,1,11,1,2680,30.30410000,-89.74081111,42,1,0,1,0,0,1,0
220226,LOUISIANA,LA,5,0,11,53,0,ATMORE,5,5,May,2010,4,Wednesday,15,35,1,2,2,60,30.30686111,-92.95016944,34,1,0,1,0,0,2,0
220227,LOUISIANA,LA,1,0,1,113,0,COTTONTON,5,5,May,2010,4,Wednesday,19,0,0,4,3,36,29.80057778,-92.13928889,42,1,0,1,0,0,1,1
220228,LOUISIANA,LA,2,0,2,89,0,BROWNSBORO,6,5,May,2010,5,Thursday,4,15,1,11,1,72,29.94081111,-90.37500000,12,2,0,1,0,0,1,1
220229,LOUISIANA,LA,2,0,3,117,0,BIRMINGHAM,6,5,May,2010,5,Thursday,0,40,0,3,3,474,30.94401111,-89.81763056,12,2,0,1,0,0,1,0
220230,LOUISIANA,LA,1,0,1,73,0,ARGO,7,5,May,2010,6,Friday,9,5,0,14,3,28,32.53733056,-92.20108889,59,1,0,1,0,0,1,0
220231,LOUISIANA,LA,3,0,3,5,0,BAKER HILL,7,5,May,2010,6,Friday,14,30,0,3,3,402,30.06708889,-90.97021111,12,1,0,1,0,0,1,0
220232,LOUISIANA,LA,1,0,1,123,0,ALEXANDER CITY,7,5,May,2010,6,Friday,18,30,0,6,3,113,32.84026944,-91.35021111,30,1,0,1,0,0,1,1
220233,LOUISIANA,LA,4,0,4,33,150,CHEROKEE,30,3,March,2010,3,Tuesday,19,38,1,13,3,20,30.47358889,-91.16228056,12,3,0,1,0,0,1,1
220234,LOUISIANA,LA,1,0,2,105,0,MARION,9,5,May,2010,1,Sunday,18,20,0,4,3,162,30.65628889,-90.31128056,1,1,0,1,0,0,1,1
220235,LOUISIANA,LA,1,0,3,81,0,AUBURN,10,5,May,2010,2,Monday,3,30,0,3,2,102,32.05328889,-93.33526111,34,2,0,1,0,0,1,1
220236,LOUISIANA,LA,2,0,2,7,0,BIBB,12,5,May,2010,4,Wednesday,6,2,0,3,3,243,30.00821944,-91.19308056,12,4,0,1,0,0,1,0
220237,LOUISIANA,LA,2,0,2,27,0,ASHLAND,13,5,May,2010,5,Thursday,17,22,0,3,2,599,32.69788889,-93.17905000,12,1,0,10,0,0,1,0
220238,LOUISIANA,LA,2,0,4,39,0,ANDALUSIA,14,5,May,2010,6,Friday,14,22,0,5,3,296,30.60551111,-92.25798889,12,1,0,1,0,0,2,1
220239,LOUISIANA,LA,1,0,1,13,0,BOLLING,14,5,May,2010,6,Friday,16,57,0,6,4,0,32.57665000,-92.93563889,53,1,0,1,0,0,1,1
220240,LOUISIANA,LA,1,0,3,45,0,ARITON,14,5,May,2010,6,Friday,18,10,0,5,3,39,30.00528056,-91.98101111,31,1,0,1,0,0,1,1
220241,LOUISIANA,LA,3,0,7,33,150,CHEROKEE,14,5,May,2010,6,Friday,20,1,1,11,1,78,30.44584444,-90.99429722,12,2,0,1,0,0,1,0
220242,LOUISIANA,LA,1,2,1,39,0,ANDALUSIA,14,5,May,2010,6,Friday,22,50,0,6,3,2,30.51014444,-92.53077222,8,2,0,1,0,0,1,0
220243,LOUISIANA,LA,2,0,5,47,0,BROWNS,15,5,May,2010,7,Saturday,14,55,1,1,1,1383,30.41273056,-91.45863889,12,1,0,2,0,0,1,0
220244,LOUISIANA,LA,2,0,2,89,0,BROWNSBORO,17,5,May,2010,2,Monday,8,55,1,13,2,2316,29.88681111,-90.41998056,12,1,0,1,0,0,1,1
220245,LOUISIANA,LA,1,0,1,115,0,ASHVILLE,17,5,May,2010,2,Monday,16,10,0,4,3,105,31.07196944,-92.86253889,1,1,0,1,0,0,1,0
220246,LOUISIANA,LA,1,0,2,105,0,MARION,22,5,May,2010,7,Saturday,2,20,1,1,1,331,30.53388056,-90.50406944,35,2,0,1,0,0,1,0
220247,LOUISIANA,LA,1,0,5,35,0,BROOKLYN,22,5,May,2010,7,Saturday,22,0,0,16,3,23,32.78573889,-91.18726944,34,2,0,1,0,0,1,0
220248,LOUISIANA,LA,1,0,2,13,70,BOLLING,23,5,May,2010,1,Sunday,5,0,1,1,1,681,32.56701944,-92.93483056,18,2,0,1,0,0,1,0
220249,LOUISIANA,LA,1,0,2,9,0,BLOUNT,23,5,May,2010,1,Sunday,13,21,0,6,4,0,31.09466111,-91.95846944,34,1,0,1,0,0,1,1
220250,LOUISIANA,LA,1,0,3,53,0,ATMORE,23,5,May,2010,1,Sunday,16,5,1,11,7,644,30.24718889,-92.65565000,35,1,0,1,0,0,2,0
220251,LOUISIANA,LA,1,0,1,113,0,COTTONTON,24,5,May,2010,2,Monday,17,20,0,4,3,48,29.81851944,-92.14071111,34,1,0,1,0,0,1,1
220252,LOUISIANA,LA,2,0,3,33,150,CHEROKEE,24,5,May,2010,2,Monday,21,55,1,13,3,53,30.35646944,-91.11586111,12,3,0,1,0,0,1,0
220253,LOUISIANA,LA,2,0,3,43,0,BAILEYTON,28,5,May,2010,6,Friday,9,52,1,2,2,1014,31.55543889,-92.41138889,12,1,0,1,0,0,1,0
220254,LOUISIANA,LA,1,0,1,101,0,BOYLSTON,27,5,May,2010,5,Thursday,23,15,0,15,3,24,29.85541111,-91.53321944,53,2,0,1,0,0,1,1
220255,LOUISIANA,LA,1,0,1,91,0,DAYTON,29,5,May,2010,7,Saturday,18,0,0,4,3,379,30.92076111,-90.68158056,42,1,0,1,0,0,1,0
220256,LOUISIANA,LA,1,0,2,95,1270,ALBERTVILLE,31,5,May,2010,2,Monday,9,32,1,11,1,3,30.08953056,-90.43723056,23,1,0,10,0,0,2,0
220257,LOUISIANA,LA,1,0,1,105,0,MARION,27,5,May,2010,5,Thursday,23,0,0,4,3,534,30.44041944,-90.38201944,24,2,0,1,0,0,1,0
220258,LOUISIANA,LA,1,0,2,93,0,BEAR CREEK,8,5,May,2010,7,Saturday,3,32,0,4,3,219,30.05206944,-90.83776111,35,2,0,1,0,0,1,1
220259,LOUISIANA,LA,1,1,1,57,0,BANKSTON,13,5,May,2010,5,Thursday,5,39,1,2,2,2252,29.82170000,-90.48083056,8,4,0,1,0,0,1,0
220260,LOUISIANA,LA,2,0,3,29,0,BORDEN SPRINGS,16,5,May,2010,1,Sunday,19,23,0,4,3,34,31.66285000,-91.51760000,12,5,0,1,0,0,1,1
220261,LOUISIANA,LA,1,0,1,105,980,MARION,23,5,May,2010,1,Sunday,4,0,0,6,4,0,30.51915000,-90.50498056,31,3,0,1,0,0,1,1
220262,LOUISIANA,LA,2,0,2,97,0,AXIS,22,5,May,2010,7,Saturday,12,10,0,14,3,394,30.52158056,-92.42331944,12,1,0,1,0,0,1,0
220263,LOUISIANA,LA,3,0,5,119,0,BELLAMY,25,5,May,2010,3,Tuesday,17,50,1,1,1,395,32.58025000,-93.41996111,12,1,0,1,0,0,2,0
220264,LOUISIANA,LA,1,0,1,61,0,BELLWOOD,27,5,May,2010,5,Thursday,19,15,0,6,4,0,32.49723889,-92.78356111,34,1,0,1,0,0,1,0
220265,LOUISIANA,LA,2,0,3,33,0,CHEROKEE,12,5,May,2010,4,Wednesday,15,19,1,13,3,18,30.34555000,-91.11213056,12,1,0,1,0,0,1,0
220266,LOUISIANA,LA,1,0,2,119,2200,BELLAMY,1,6,June,2010,3,Tuesday,3,8,0,15,6,0,32.99130000,-93.45116944,32,3,0,1,0,0,1,0
220267,LOUISIANA,LA,1,0,1,9,0,BLOUNT,2,6,June,2010,4,Wednesday,9,30,0,6,4,0,31.14140556,-92.03672222,42,1,0,1,0,0,1,0
220268,LOUISIANA,LA,2,0,2,5,0,BAKER HILL,2,6,June,2010,4,Wednesday,16,30,0,4,3,0,30.20278889,-91.02425000,12,1,0,1,0,0,1,0
220269,LOUISIANA,LA,1,0,1,105,0,MARION,3,6,June,2010,5,Thursday,8,39,1,1,1,364,30.58156944,-90.50483889,42,1,0,1,0,0,1,0
220270,LOUISIANA,LA,2,0,3,5,0,BAKER HILL,3,6,June,2010,5,Thursday,11,45,0,14,3,8,30.21906944,-90.87016944,12,1,0,2,0,0,2,1
220271,LOUISIANA,LA,1,0,1,73,0,ARGO,3,6,June,2010,5,Thursday,21,50,0,4,3,91,32.33665833,-92.22233889,42,2,0,10,0,0,1,0
220272,LOUISIANA,LA,3,0,5,5,0,BAKER HILL,4,6,June,2010,6,Friday,16,19,1,1,1,1876,30.15253889,-90.80079167,12,1,0,1,0,0,1,0
220273,LOUISIANA,LA,1,0,3,77,0,ANDERSON,9,6,June,2010,4,Wednesday,6,7,0,3,3,2092,30.94603056,-91.72855000,59,4,0,1,0,0,1,1
220274,LOUISIANA,LA,2,0,2,11,0,BULLOCK,9,6,June,2010,4,Wednesday,19,15,0,15,3,1,30.84413889,-93.25121111,12,1,0,1,0,0,1,1
220275,LOUISIANA,LA,2,0,2,37,0,BRADFORD,10,6,June,2010,5,Thursday,7,35,0,3,3,294,30.93340000,-91.10623889,12,1,0,1,0,0,1,0
220276,LOUISIANA,LA,1,0,1,19,0,CEDAR BLUFF,10,6,June,2010,5,Thursday,22,4,0,14,3,77,30.15848611,-93.13921389,32,2,0,1,0,0,1,1
220277,LOUISIANA,LA,2,0,3,67,0,ABBEVILLE,11,6,June,2010,6,Friday,14,53,1,4,2,902,32.68628889,-91.77308056,12,1,0,1,0,0,2,0
220278,LOUISIANA,LA,1,0,1,85,0,BENTON,12,6,June,2010,7,Saturday,7,30,0,4,3,65,31.78518056,-93.66475000,34,1,0,1,0,0,1,0
220279,LOUISIANA,LA,1,0,2,19,0,CEDAR BLUFF,12,6,June,2010,7,Saturday,21,10,1,11,1,340,30.24535556,-93.16389167,24,2,0,1,0,0,1,1
220280,LOUISIANA,LA,2,0,4,77,0,ANDERSON,13,6,June,2010,1,Sunday,2,35,0,4,3,206,30.66293056,-91.34971944,12,2,0,1,0,0,1,0
220281,LOUISIANA,LA,2,0,8,99,0,BEATRICE,13,6,June,2010,1,Sunday,18,35,1,1,1,1144,30.31393889,-91.84131111,35,1,0,1,0,0,1,1
220282,LOUISIANA,LA,1,0,1,111,0,GRAHAM,14,6,June,2010,2,Monday,17,15,0,5,3,88,32.65656944,-92.31226944,34,1,0,1,0,0,1,0
220283,LOUISIANA,LA,2,0,3,45,1680,ARITON,20,6,June,2010,1,Sunday,20,10,0,15,3,96,30.00878056,-91.84546111,12,2,0,1,0,0,1,0
220284,LOUISIANA,LA,2,0,2,65,0,CYPRESS,21,6,June,2010,2,Monday,16,17,1,2,2,513,32.33920000,-91.20903889,12,1,0,1,0,0,1,1
220285,LOUISIANA,LA,2,0,2,125,0,BROOKWOOD,22,6,June,2010,3,Tuesday,7,0,0,3,3,1500,30.84463889,-91.28900000,12,1,0,1,0,0,1,0
220286,LOUISIANA,LA,2,0,2,105,0,MARION,23,6,June,2010,4,Wednesday,0,32,1,11,1,330,30.52401944,-90.50356944,12,2,0,1,0,0,1,0
220287,LOUISIANA,LA,2,0,3,89,0,BROWNSBORO,23,6,June,2010,4,Wednesday,15,45,0,3,2,167,29.98718889,-90.36125000,12,1,0,10,0,0,1,0
220288,LOUISIANA,LA,1,0,5,109,0,ANSLEY,25,6,June,2010,6,Friday,1,28,0,6,4,0,29.41938889,-90.70186111,34,3,0,10,0,0,1,1
220289,LOUISIANA,LA,1,0,1,15,0,ANNISTON,24,6,June,2010,5,Thursday,12,4,0,4,3,619,32.98031111,-93.56843056,1,1,0,10,0,0,1,0
220290,LOUISIANA,LA,3,0,7,1,0,AUTAUGA,26,6,June,2010,7,Saturday,22,25,0,4,3,70,30.36361111,-92.33066111,12,2,0,1,0,0,1,1
220291,LOUISIANA,LA,1,0,3,7,0,BIBB,26,6,June,2010,7,Saturday,23,55,0,6,3,8,29.89841944,-91.20651944,32,2,0,1,0,0,1,1
220292,LOUISIANA,LA,1,0,2,61,0,BELLWOOD,27,6,June,2010,1,Sunday,11,10,1,1,1,915,32.53949167,-92.53821389,1,1,0,1,0,0,1,0
220293,LOUISIANA,LA,1,0,3,117,0,BIRMINGHAM,27,6,June,2010,1,Sunday,4,50,0,6,3,215,30.94713889,-90.01620278,42,4,0,1,0,0,2,1
220294,LOUISIANA,LA,3,0,4,57,0,BANKSTON,28,6,June,2010,2,Monday,16,13,1,2,2,2192,29.76073889,-90.55153056,12,1,0,2,0,0,1,0
220295,LOUISIANA,LA,1,0,1,93,0,BEAR CREEK,25,6,June,2010,6,Friday,14,45,0,15,3,132,30.06693056,-90.69058889,34,1,0,1,0,0,1,0
220296,LOUISIANA,LA,1,0,1,65,0,CYPRESS,28,6,June,2010,2,Monday,99,99,1,1,1,1802,32.33618889,-91.05986111,38,2,0,1,0,0,1,0
220297,LOUISIANA,LA,3,0,8,113,0,COTTONTON,30,6,June,2010,4,Wednesday,17,10,0,4,3,104,29.98055000,-92.28381111,12,1,0,2,0,0,1,0
220298,LOUISIANA,LA,2,0,2,31,1420,COFFEE,2,6,June,2010,4,Wednesday,11,56,1,13,2,1414,32.02186944,-93.71373056,12,1,0,1,0,0,1,0
220300,LOUISIANA,LA,1,0,2,17,2130,CHAMBERS,29,6,June,2010,3,Tuesday,15,47,0,14,3,87,32.43851111,-93.81151111,42,1,0,2,0,0,1,0
220301,LOUISIANA,LA,2,0,2,15,230,ANNISTON,7,5,May,2010,6,Friday,22,38,1,11,1,195,32.51320000,-93.73720000,12,3,0,1,0,0,1,1
220302,LOUISIANA,LA,3,0,3,109,0,ANSLEY,2,7,July,2010,6,Friday,2,19,1,13,3,31,29.70161111,-90.78915000,12,3,0,10,0,0,3,1
220303,LOUISIANA,LA,1,0,1,69,0,ASHFORD,2,7,July,2010,6,Friday,12,53,0,5,3,169,31.73783611,-93.41613889,1,1,0,10,0,0,1,1
220304,LOUISIANA,LA,1,0,1,13,0,BOLLING,8,7,July,2010,5,Thursday,99,99,0,6,3,51,32.52643889,-93.08373889,34,1,0,1,0,0,1,1
220305,LOUISIANA,LA,3,0,6,103,0,DANVILLE,9,7,July,2010,6,Friday,9,0,1,1,1,112,30.46056944,-89.69728056,12,1,0,1,0,0,4,0
220306,LOUISIANA,LA,1,0,1,99,0,BEATRICE,9,7,July,2010,6,Friday,22,40,0,5,3,8,30.05205556,-91.81279167,34,2,0,1,0,0,1,1
220307,LOUISIANA,LA,3,0,4,105,0,MARION,12,7,July,2010,2,Monday,10,40,1,11,1,296,30.48533889,-90.49338611,1,1,0,1,0,0,1,0
220308,LOUISIANA,LA,1,0,1,9,0,BLOUNT,15,7,July,2010,5,Thursday,21,25,0,5,3,96,31.17280833,-92.19424444,34,2,0,1,0,0,1,1
220309,LOUISIANA,LA,1,0,1,115,0,ASHVILLE,15,7,July,2010,5,Thursday,21,40,0,4,3,266,30.91108889,-92.88788889,42,2,0,1,0,0,1,0
220310,LOUISIANA,LA,1,1,1,7,0,BIBB,16,7,July,2010,6,Friday,4,22,0,4,3,427,29.66403889,-91.05665000,8,2,0,1,0,0,1,0
220311,LOUISIANA,LA,1,0,3,73,0,ARGO,17,7,July,2010,7,Saturday,2,20,0,15,3,41,32.45563056,-92.18676111,3,2,0,10,0,0,1,0
220312,LOUISIANA,LA,1,0,1,73,0,ARGO,6,7,July,2010,3,Tuesday,20,39,0,4,2,1113,32.52297500,-92.31415556,35,5,0,2,0,0,1,0
220313,LOUISIANA,LA,1,0,2,55,2120,ATTALLA,11,7,July,2010,1,Sunday,4,8,0,16,6,0,30.25538889,-92.07898889,59,7,0,1,0,0,1,0
220314,LOUISIANA,LA,2,0,2,63,0,BOLIGEE,17,7,July,2010,7,Saturday,19,31,0,4,2,2112,30.50431111,-90.62138056,12,5,0,10,0,0,1,0
220315,LOUISIANA,LA,1,0,2,55,0,ATTALLA,20,7,July,2010,3,Tuesday,18,5,0,15,3,9,30.34478056,-92.02978889,35,1,0,1,0,0,1,0
220316,LOUISIANA,LA,1,0,1,15,0,ANNISTON,22,7,July,2010,5,Thursday,4,35,0,15,3,27,32.44755000,-93.60268889,42,2,0,1,0,0,1,0
220317,LOUISIANA,LA,3,0,2,55,0,ATTALLA,23,7,July,2010,6,Friday,13,15,0,14,3,99,30.18118056,-92.13256944,12,1,0,1,0,0,1,0
220318,LOUISIANA,LA,2,0,6,61,0,BELLWOOD,23,7,July,2010,6,Friday,14,58,1,1,1,965,32.52933889,-92.45348889,12,1,0,1,0,0,2,0