ST_CASE,State Name,State Abbreviation,VE_TOTAL,Pedestrains,Total_Persons_in_accident,COUNTY,CITY,City_County_Name,Calendar_DAY,MONTH,Month_Name,YEAR,DAY_WEEK,Day_Week_desc,HOUR,MINUTE,NHS_Desc,trafficway,ROUTE,MILEPT,LATITUDE,LONGITUD,First_Crash_event,Light_cond_desc,Weather_condition,WEATHER,SCH_BUS,Crash_cause,FATALS,DRUNK_DR
220319,LOUISIANA,LA,1,0,6,37,0,BRADFORD,24,7,July,2010,7,Saturday,5,14,0,4,3,151,30.74771944,-91.28141111,43,4,0,10,0,0,1,0
220320,LOUISIANA,LA,1,0,2,79,0,COURTLAND,24,7,July,2010,7,Saturday,10,44,0,6,4,0,31.27936944,-92.34795000,34,1,0,1,0,0,2,0
220321,LOUISIANA,LA,1,0,5,41,0,BRANTLEY,25,7,July,2010,1,Sunday,3,50,0,6,4,0,32.21175000,-91.67288056,42,2,0,1,0,0,1,0
220322,LOUISIANA,LA,1,1,1,47,0,BROWNS,25,7,July,2010,1,Sunday,22,35,0,4,3,107,30.16015833,-91.33483889,9,2,0,1,0,0,1,1
220323,LOUISIANA,LA,1,0,2,33,0,CHEROKEE,27,7,July,2010,3,Tuesday,99,99,0,14,3,169,30.68040000,-91.09478889,1,2,0,1,0,0,2,1
220324,LOUISIANA,LA,1,1,1,109,0,ANSLEY,28,7,July,2010,4,Wednesday,3,25,0,14,4,0,29.63991944,-90.74831944,8,3,0,1,0,0,1,0
220325,LOUISIANA,LA,3,0,4,15,0,ANNISTON,29,7,July,2010,5,Thursday,18,40,1,11,1,92,32.55605000,-93.75728056,12,1,0,1,0,0,1,0
220326,LOUISIANA,LA,2,0,2,91,0,DAYTON,30,7,July,2010,6,Friday,19,30,0,3,3,421,30.68945000,-90.83018889,12,1,0,1,0,0,2,1
220327,LOUISIANA,LA,1,0,5,111,0,GRAHAM,31,7,July,2010,7,Saturday,3,16,0,6,4,0,32.84796111,-92.26746944,34,2,0,1,0,0,1,1
220328,LOUISIANA,LA,2,0,2,7,0,BIBB,31,7,July,2010,7,Saturday,21,3,0,3,3,245,30.01008889,-91.19155000,12,3,0,1,0,0,1,0
220329,LOUISIANA,LA,2,0,3,17,2130,CHAMBERS,14,7,July,2010,4,Wednesday,18,20,1,11,1,30,32.49520000,-93.82136944,12,1,0,1,0,0,1,0
220330,LOUISIANA,LA,1,0,1,17,0,CHAMBERS,19,7,July,2010,2,Monday,23,24,0,6,4,0,32.34728056,-93.78526944,34,2,0,1,0,0,1,1
220331,LOUISIANA,LA,1,0,4,105,0,MARION,18,6,June,2010,6,Friday,13,28,0,4,4,0,30.66061111,-90.50748889,10,1,0,1,0,0,4,0
220332,LOUISIANA,LA,1,0,1,47,0,BROWNS,24,6,June,2010,5,Thursday,22,1,0,6,4,0,30.20326111,-91.18843056,34,2,0,1,0,0,1,0
220333,LOUISIANA,LA,1,1,3,19,1250,CEDAR BLUFF,5,7,July,2010,2,Monday,1,16,1,13,3,11,30.21811111,-93.18018889,8,3,0,1,0,0,1,1
220334,LOUISIANA,LA,2,0,2,55,1230,ATTALLA,16,7,July,2010,6,Friday,15,53,1,11,7,1030,30.25813889,-92.02003889,12,1,0,1,0,0,1,0
220335,LOUISIANA,LA,1,0,1,105,0,MARION,18,7,July,2010,1,Sunday,2,17,0,6,4,0,30.46136111,-90.44393056,35,3,0,1,0,0,1,1
220336,LOUISIANA,LA,1,0,2,127,0,BURNWELL,1,8,August,2010,1,Sunday,18,10,0,4,3,71,31.74820000,-92.83076944,42,1,0,1,0,0,1,0
220337,LOUISIANA,LA,1,0,2,15,0,ANNISTON,2,8,August,2010,2,Monday,23,25,0,6,3,0,32.79070278,-93.76174167,42,2,0,1,0,0,2,0
220338,LOUISIANA,LA,2,0,2,57,0,BANKSTON,3,8,August,2010,3,Tuesday,21,55,0,3,3,285,29.54764167,-90.48406389,12,2,0,1,0,0,2,0
220339,LOUISIANA,LA,1,1,2,121,0,BON AIR,3,8,August,2010,3,Tuesday,0,25,1,1,1,1481,30.45208056,-91.30050556,8,2,0,1,0,0,1,0
220340,LOUISIANA,LA,2,0,8,77,0,ANDERSON,5,8,August,2010,5,Thursday,13,30,1,2,2,1582,30.54366111,-91.43843056,12,1,0,2,0,0,1,0
220341,LOUISIANA,LA,1,0,1,111,0,GRAHAM,6,8,August,2010,6,Friday,23,22,0,4,3,157,32.69910000,-92.21486111,42,2,0,1,0,0,1,1
220342,LOUISIANA,LA,1,0,1,79,0,COURTLAND,7,8,August,2010,7,Saturday,21,18,0,4,3,552,31.35211111,-92.16508056,41,2,0,1,0,0,1,0
220343,LOUISIANA,LA,2,1,3,5,0,BAKER HILL,8,8,August,2010,1,Sunday,23,35,0,3,3,427,30.09325000,-90.93708889,8,2,0,1,0,0,1,0
220344,LOUISIANA,LA,2,0,2,57,0,BANKSTON,9,8,August,2010,2,Monday,9,43,0,4,3,237,29.88546111,-90.79143056,12,1,0,1,0,0,1,0
220345,LOUISIANA,LA,1,0,1,119,0,BELLAMY,9,8,August,2010,2,Monday,22,20,0,15,4,0,32.66765000,-93.25603056,42,2,0,1,0,0,1,1
220346,LOUISIANA,LA,1,1,2,75,9898,BEAVERTON,11,8,August,2010,4,Wednesday,2,2,1,14,3,29,29.29766944,-89.37466944,8,2,0,1,0,0,1,0
220347,LOUISIANA,LA,1,0,3,59,0,FRANKLIN,12,8,August,2010,5,Thursday,0,35,0,4,3,241,31.70421944,-92.21713056,1,2,0,1,0,0,1,1
220348,LOUISIANA,LA,2,0,3,57,0,BANKSTON,13,8,August,2010,6,Friday,11,10,0,14,3,21,29.68913056,-90.75845000,12,1,0,10,0,0,1,1
220349,LOUISIANA,LA,2,0,2,105,0,MARION,13,8,August,2010,6,Friday,21,0,1,1,1,178,30.33348889,-90.41126944,12,2,0,1,0,0,1,1
220350,LOUISIANA,LA,1,0,1,119,0,BELLAMY,13,8,August,2010,6,Friday,22,50,0,4,3,41,32.48538056,-93.23645000,1,2,0,10,0,0,1,0
220351,LOUISIANA,LA,1,0,1,51,1488,CENTRAL,14,8,August,2010,7,Saturday,1,51,0,15,3,177,29.84830000,-90.11680000,32,2,0,10,0,0,1,1
220352,LOUISIANA,LA,3,3,2,55,0,ATTALLA,14,8,August,2010,7,Saturday,13,30,1,11,1,50,30.33091944,-92.03678056,12,1,0,1,0,0,1,0
220353,LOUISIANA,LA,1,0,1,39,0,ANDALUSIA,15,8,August,2010,1,Sunday,2,15,0,5,3,53,30.67136944,-92.30451944,35,2,0,1,0,0,1,1
220354,LOUISIANA,LA,1,0,1,13,0,BOLLING,15,8,August,2010,1,Sunday,13,27,0,4,2,679,32.54773056,-93.00490000,1,1,0,10,0,0,1,0
220355,LOUISIANA,LA,1,0,1,21,0,CHILTON,16,8,August,2010,2,Monday,12,25,0,5,3,141,32.21153889,-92.19048611,38,1,0,1,0,0,1,0
220356,LOUISIANA,LA,1,0,1,95,0,ALBERTVILLE,17,8,August,2010,3,Tuesday,22,12,1,1,1,2001,30.11626111,-90.60011111,42,2,0,10,0,0,1,0
220357,LOUISIANA,LA,1,0,1,115,0,ASHVILLE,19,8,August,2010,5,Thursday,19,24,0,6,4,0,31.00420000,-93.51451944,42,5,0,10,0,0,1,0
220358,LOUISIANA,LA,1,0,2,25,0,BARLOW BEND,20,8,August,2010,6,Friday,19,50,0,5,3,478,31.88363056,-91.82201944,1,5,0,1,0,0,1,0
220359,LOUISIANA,LA,1,0,2,69,0,ASHFORD,21,8,August,2010,7,Saturday,11,10,0,6,4,0,31.93970000,-93.11393056,42,1,0,1,0,0,1,0
220360,LOUISIANA,LA,1,0,1,61,0,BELLWOOD,21,8,August,2010,7,Saturday,18,3,0,6,4,0,32.56863056,-92.58416944,42,1,0,1,0,0,1,1
220361,LOUISIANA,LA,1,0,4,119,0,BELLAMY,22,8,August,2010,1,Sunday,18,35,1,11,1,446,32.59101111,-93.33336944,1,1,0,1,0,0,1,0
220362,LOUISIANA,LA,2,0,2,75,0,BEAVERTON,23,8,August,2010,2,Monday,17,30,0,4,3,281,29.81018889,-89.99838056,12,1,0,2,0,0,1,0
220363,LOUISIANA,LA,2,0,3,53,0,ATMORE,26,8,August,2010,5,Thursday,10,30,1,2,2,120,30.38586944,-92.90636944,12,1,0,1,0,0,1,0
220364,LOUISIANA,LA,1,0,1,47,0,BROWNS,29,8,August,2010,1,Sunday,6,40,0,6,3,1,30.28801111,-91.21075000,35,4,0,2,0,0,1,0
220365,LOUISIANA,LA,1,0,1,15,0,ANNISTON,2,7,July,2010,6,Friday,16,1,0,3,3,289,32.92613889,-93.70183056,42,1,0,1,0,0,1,0
220366,LOUISIANA,LA,1,1,1,55,1230,ATTALLA,29,8,August,2010,1,Sunday,22,36,1,11,1,1021,30.25278056,-92.03281111,8,3,0,1,0,0,1,0
220367,LOUISIANA,LA,1,0,2,17,0,CHAMBERS,5,8,August,2010,5,Thursday,6,30,0,6,4,0,32.30380000,-93.84940000,30,1,0,1,0,0,1,0
220368,LOUISIANA,LA,1,0,2,71,1690,BRIDGEPORT,23,1,January,2010,7,Saturday,1,30,1,11,1,2437,30.03226944,-89.98740000,1,2,0,1,0,0,1,1
220369,LOUISIANA,LA,1,0,1,27,0,ASHLAND,26,9,September,2010,1,Sunday,99,99,0,6,3,62,32.94055000,-93.22865000,42,9,0,1,0,0,1,0
220370,LOUISIANA,LA,2,0,2,113,0,COTTONTON,8,9,September,2010,4,Wednesday,17,3,0,4,3,22,29.78586111,-92.15398889,12,1,0,1,0,0,1,1
220371,LOUISIANA,LA,1,0,2,13,0,BOLLING,11,9,September,2010,7,Saturday,14,8,0,6,4,0,32.54598889,-93.11973056,10,1,0,10,0,0,2,0
220372,LOUISIANA,LA,1,0,1,65,0,CYPRESS,12,9,September,2010,1,Sunday,2,50,0,4,3,355,32.48688056,-91.42798056,42,2,0,1,0,0,1,1
220373,LOUISIANA,LA,2,0,3,31,0,COFFEE,11,9,September,2010,7,Saturday,23,31,1,13,2,175,32.01308056,-93.74206944,12,2,0,1,0,0,2,1
220374,LOUISIANA,LA,1,0,1,103,0,DANVILLE,12,9,September,2010,1,Sunday,14,10,1,11,1,810,30.31101944,-89.81888889,42,1,0,1,0,0,1,0
220375,LOUISIANA,LA,1,0,1,117,0,BIRMINGHAM,15,9,September,2010,4,Wednesday,20,35,0,5,3,318,30.96338056,-89.86196944,53,2,0,1,0,0,1,1
220376,LOUISIANA,LA,1,0,3,109,0,ANSLEY,17,9,September,2010,6,Friday,20,10,1,12,2,1986,29.68476111,-90.83901944,72,2,0,1,0,0,1,0
220377,LOUISIANA,LA,1,0,1,109,1070,ANSLEY,18,9,September,2010,7,Saturday,0,10,0,14,3,33,29.57878889,-90.65584167,35,3,0,1,0,0,1,1
220378,LOUISIANA,LA,2,0,2,21,0,CHILTON,13,9,September,2010,2,Monday,17,55,0,4,3,658,31.95436944,-92.04503889,12,1,0,1,0,0,1,0
220379,LOUISIANA,LA,2,0,4,113,0,COTTONTON,15,9,September,2010,4,Wednesday,18,0,0,3,2,75,30.07946944,-92.12433056,12,1,0,1,0,0,1,0
220380,LOUISIANA,LA,3,0,3,101,0,BOYLSTON,19,9,September,2010,1,Sunday,16,30,1,2,2,1419,29.88051111,-91.66190000,12,1,0,1,0,0,1,0
220381,LOUISIANA,LA,1,0,1,81,0,AUBURN,20,9,September,2010,2,Monday,10,0,0,6,3,30,32.11121111,-93.25338889,42,1,0,1,0,0,1,0
220382,LOUISIANA,LA,1,0,2,11,0,BULLOCK,22,9,September,2010,4,Wednesday,19,55,1,2,2,181,30.48086111,-93.23280000,11,2,0,1,0,0,1,0
220383,LOUISIANA,LA,1,0,2,25,0,BARLOW BEND,22,9,September,2010,4,Wednesday,23,41,0,6,4,0,31.65121111,-91.89426944,42,2,0,1,0,0,1,1
220384,LOUISIANA,LA,1,0,2,113,0,COTTONTON,24,9,September,2010,6,Friday,15,0,0,5,3,77,30.02103889,-92.14600000,34,1,0,10,0,0,2,0
220385,LOUISIANA,LA,2,0,2,93,0,BEAR CREEK,23,9,September,2010,5,Thursday,21,30,0,3,2,444,30.12491944,-90.76835000,12,2,0,1,0,0,1,1
220386,LOUISIANA,LA,2,0,4,95,0,ALBERTVILLE,24,9,September,2010,6,Friday,5,13,0,3,3,235,29.99686111,-90.63843889,14,2,0,1,0,0,2,0
220387,LOUISIANA,LA,2,0,2,1,0,AUTAUGA,25,9,September,2010,7,Saturday,7,20,0,6,3,7,30.37780000,-92.48246944,12,1,0,1,0,0,1,0
220388,LOUISIANA,LA,1,0,4,109,0,ANSLEY,26,9,September,2010,1,Sunday,99,99,0,14,3,123,29.63996944,-90.69326944,23,2,0,1,0,0,4,0
220389,LOUISIANA,LA,1,0,2,69,0,ASHFORD,26,9,September,2010,1,Sunday,9,10,0,6,3,86,31.49199722,-92.81000000,42,1,0,1,0,0,1,1
220390,LOUISIANA,LA,1,0,5,7,0,BIBB,26,9,September,2010,1,Sunday,17,53,0,3,3,303,30.00578889,-91.09895000,1,1,0,1,0,0,1,1
220391,LOUISIANA,LA,1,0,1,43,0,BAILEYTON,27,9,September,2010,2,Monday,17,35,0,6,4,0,31.47131944,-92.41593056,42,1,0,1,0,0,1,1
220392,LOUISIANA,LA,2,0,4,115,0,ASHVILLE,28,9,September,2010,3,Tuesday,15,45,1,2,3,60,31.16070000,-93.16521111,12,1,0,1,1,0,1,0
220393,LOUISIANA,LA,1,0,1,43,0,BAILEYTON,28,9,September,2010,3,Tuesday,16,11,0,3,2,1131,31.70058889,-92.90698056,42,1,0,1,0,0,1,0
220394,LOUISIANA,LA,1,2,1,19,9997,CEDAR BLUFF,29,9,September,2010,4,Wednesday,6,50,0,14,3,75,30.30061111,-93.20218056,18,4,0,1,0,0,1,0
220395,LOUISIANA,LA,2,0,2,103,0,DANVILLE,30,9,September,2010,5,Thursday,18,20,0,4,2,2385,30.49441111,-90.17340556,12,1,0,1,0,0,1,0
220396,LOUISIANA,LA,1,0,1,69,0,ASHFORD,2,9,September,2010,5,Thursday,17,46,0,6,3,8,31.62639722,-93.02813889,53,1,0,1,0,0,1,1
220397,LOUISIANA,LA,1,0,1,63,570,BOLIGEE,2,9,September,2010,5,Thursday,18,33,1,11,1,96,30.45270000,-90.96611111,38,5,0,1,0,0,1,0
220398,LOUISIANA,LA,1,0,1,17,2130,CHAMBERS,1,5,May,2010,7,Saturday,0,35,0,14,6,0,32.46598056,-93.74603056,33,3,0,10,0,0,1,1
220399,LOUISIANA,LA,1,0,2,17,2130,CHAMBERS,5,6,June,2010,7,Saturday,0,49,0,14,3,6,32.54236944,-93.82596944,42,3,0,1,0,0,1,1
220400,LOUISIANA,LA,1,1,1,51,920,CENTRAL,3,10,October,2010,1,Sunday,4,20,0,4,3,10,29.24798889,-89.96773056,8,2,0,1,0,0,1,0
220401,LOUISIANA,LA,2,0,2,11,0,BULLOCK,7,10,October,2010,5,Thursday,5,50,0,14,3,15,30.86110000,-93.35343056,12,2,0,1,0,0,1,1
220402,LOUISIANA,LA,1,0,5,103,0,DANVILLE,8,10,October,2010,6,Friday,2,20,0,4,2,2341,30.50360000,-90.24335833,42,2,0,1,0,0,1,0
220403,LOUISIANA,LA,1,0,1,79,0,COURTLAND,8,10,October,2010,6,Friday,4,25,0,3,3,2562,31.20456111,-92.35893056,32,2,0,1,0,0,1,1
220404,LOUISIANA,LA,1,0,1,127,0,BURNWELL,8,10,October,2010,6,Friday,19,30,0,6,3,34,31.78343056,-92.92478056,11,2,0,1,0,0,1,1
220405,LOUISIANA,LA,2,0,3,67,0,ABBEVILLE,9,10,October,2010,7,Saturday,18,40,0,3,2,2144,32.84776111,-91.76728889,12,1,0,1,0,0,1,1
220406,LOUISIANA,LA,2,0,3,33,150,CHEROKEE,9,10,October,2010,7,Saturday,19,36,0,14,3,47,30.52936944,-91.10808889,12,3,0,1,0,0,1,0
220407,LOUISIANA,LA,3,0,7,97,0,AXIS,9,10,October,2010,7,Saturday,21,34,0,4,3,1452,30.45981944,-92.10023056,12,2,0,1,0,0,2,0
220408,LOUISIANA,LA,2,0,5,45,0,ARITON,10,10,October,2010,1,Sunday,19,55,0,6,3,1,30.09283056,-91.73636111,12,2,0,1,0,0,1,0
220409,LOUISIANA,LA,2,0,2,79,0,COURTLAND,12,10,October,2010,3,Tuesday,16,21,0,3,2,622,31.22993889,-92.42896944,12,1,0,10,0,0,1,0
220410,LOUISIANA,LA,1,0,1,73,0,ARGO,14,10,October,2010,5,Thursday,0,30,1,1,1,1191,32.49840000,-92.07506111,24,3,0,1,0,0,1,0
220411,LOUISIANA,LA,1,1,3,5,1953,BAKER HILL,13,10,October,2010,4,Wednesday,20,0,1,13,3,191,30.32359722,-90.92480556,8,2,0,1,0,0,1,0
220412,LOUISIANA,LA,2,0,3,89,0,BROWNSBORO,14,10,October,2010,5,Thursday,10,45,0,3,3,310,30.00693056,-90.52233056,12,1,0,1,0,0,3,0
220413,LOUISIANA,LA,2,0,3,73,0,ARGO,15,10,October,2010,6,Friday,17,10,0,14,3,28,32.55991111,-92.00454444,12,1,0,1,0,0,1,0
220414,LOUISIANA,LA,1,0,1,19,0,CEDAR BLUFF,14,10,October,2010,5,Thursday,19,43,1,1,1,166,30.20903889,-93.44238056,34,2,0,1,0,0,1,0
220415,LOUISIANA,LA,3,0,6,109,0,ANSLEY,15,10,October,2010,6,Friday,13,25,0,14,6,0,29.57226389,-90.69501389,12,1,0,1,0,0,2,0
220416,LOUISIANA,LA,1,0,4,123,0,ALEXANDER CITY,14,10,October,2010,5,Thursday,9,10,0,4,3,459,32.62013889,-91.40623889,59,1,0,1,0,0,1,0
220417,LOUISIANA,LA,1,0,2,85,0,BENTON,16,10,October,2010,7,Saturday,2,20,0,6,3,23,31.53201111,-93.69030000,52,2,0,1,0,0,1,1
220418,LOUISIANA,LA,1,0,2,97,0,AXIS,16,10,October,2010,7,Saturday,2,55,0,5,3,90,30.62686944,-92.17053611,35,2,0,1,0,0,1,1
220419,LOUISIANA,LA,1,0,1,39,0,ANDALUSIA,17,10,October,2010,1,Sunday,3,99,0,6,4,0,30.58616111,-92.30406944,34,2,0,1,0,0,1,1
220420,LOUISIANA,LA,1,0,1,41,2450,BRANTLEY,24,5,May,2010,2,Monday,19,12,0,15,3,9,32.17696944,-91.74141111,18,1,0,1,0,0,1,0
220421,LOUISIANA,LA,1,1,1,101,0,BOYLSTON,18,10,October,2010,2,Monday,4,9,0,14,2,44,29.67516944,-91.13698889,8,2,0,1,0,0,1,0
220422,LOUISIANA,LA,1,0,1,53,0,ATMORE,19,10,October,2010,3,Tuesday,10,44,1,1,1,516,30.24673889,-92.87013889,35,1,0,1,0,0,1,1
220423,LOUISIANA,LA,1,0,3,103,0,DANVILLE,19,10,October,2010,3,Tuesday,13,20,0,14,3,19,30.32556111,-89.73348056,42,1,0,1,0,0,1,0
220424,LOUISIANA,LA,2,0,2,9,2160,BLOUNT,22,5,May,2010,7,Saturday,12,0,0,3,3,2145,30.98148056,-91.81091111,12,1,0,1,0,0,1,1
220425,LOUISIANA,LA,1,0,1,47,1870,BROWNS,15,8,August,2010,1,Sunday,20,11,0,6,3,4,30.06468056,-91.28028889,35,5,0,1,0,0,1,1
220426,LOUISIANA,LA,1,0,3,57,0,BANKSTON,15,10,October,2010,6,Friday,3,50,1,3,3,172,29.17073056,-90.19248889,30,2,0,1,0,0,1,1
220427,LOUISIANA,LA,1,0,1,115,0,ASHVILLE,12,10,October,2010,3,Tuesday,17,22,0,4,3,202,31.11258056,-93.50286111,34,1,0,1,0,0,1,0
220428,LOUISIANA,LA,1,0,1,39,0,ANDALUSIA,12,10,October,2010,3,Tuesday,99,99,0,3,2,893,30.48058889,-92.57123056,35,1,0,1,0,0,1,0
220429,LOUISIANA,LA,2,0,2,81,0,AUBURN,16,10,October,2010,7,Saturday,4,20,0,3,2,384,32.06311944,-93.42408889,12,2,0,1,0,0,1,0
220430,LOUISIANA,LA,2,0,2,51,0,CENTRAL,18,10,October,2010,2,Monday,5,6,1,13,2,2461,29.90943889,-90.18523056,12,2,0,1,0,0,1,0
220431,LOUISIANA,LA,2,0,2,49,0,COLLINSVILLE,20,10,October,2010,4,Wednesday,14,28,0,4,3,394,32.48742222,-92.57941389,12,1,0,1,0,0,1,0
220432,LOUISIANA,LA,1,0,1,27,0,ASHLAND,20,10,October,2010,4,Wednesday,7,22,0,4,3,699,32.81038056,-93.06591944,32,1,0,5,0,0,1,0
220433,LOUISIANA,LA,2,0,2,121,0,BON AIR,21,10,October,2010,5,Thursday,11,49,0,5,3,21,30.50580000,-91.39720000,12,1,0,1,0,0,1,0
220434,LOUISIANA,LA,2,0,4,19,0,CEDAR BLUFF,20,10,October,2010,4,Wednesday,20,1,0,4,3,917,30.32425556,-93.36832500,12,2,0,1,0,0,1,1
220435,LOUISIANA,LA,2,0,1,103,0,DANVILLE,22,10,October,2010,6,Friday,6,10,0,3,3,147,30.52601944,-89.85648889,14,2,0,1,0,0,1,0
220436,LOUISIANA,LA,1,0,2,57,0,BANKSTON,22,10,October,2010,6,Friday,19,13,0,15,3,565,29.64396944,-90.52218056,30,3,0,1,0,0,1,0
220437,LOUISIANA,LA,1,1,1,95,0,ALBERTVILLE,23,10,October,2010,7,Saturday,21,30,0,14,2,271,30.07361111,-90.50156944,8,3,0,1,0,0,1,0
220438,LOUISIANA,LA,1,0,1,55,1230,ATTALLA,27,10,October,2010,4,Wednesday,21,4,1,13,4,0,30.22048889,-92.07538056,33,2,0,1,0,0,1,0
220439,LOUISIANA,LA,1,1,2,13,0,BOLLING,29,10,October,2010,6,Friday,12,11,0,4,3,239,32.35106944,-92.80898056,8,1,0,1,0,0,1,0
220440,LOUISIANA,LA,2,0,3,99,0,BEATRICE,31,10,October,2010,1,Sunday,15,99,0,6,3,101,29.93903889,-91.25550000,1,1,0,1,0,0,1,0
220441,LOUISIANA,LA,1,0,1,17,2130,CHAMBERS,7,10,October,2010,5,Thursday,23,23,1,11,1,193,32.51113056,-93.74086111,23,3,0,1,0,0,1,0
220442,LOUISIANA,LA,2,0,3,55,1230,ATTALLA,9,10,October,2010,7,Saturday,2,16,1,11,1,99999,30.25068056,-92.03598889,12,3,0,1,0,0,1,1
220443,LOUISIANA,LA,1,0,1,17,0,CHAMBERS,16,10,October,2010,7,Saturday,4,43,0,5,3,58,32.85213056,-93.96858889,42,2,0,1,0,0,1,0
220444,LOUISIANA,LA,2,1,1,15,230,ANNISTON,25,10,October,2010,2,Monday,20,23,1,11,1,203,32.51396111,-93.72441944,8,2,0,10,0,0,1,1
220445,LOUISIANA,LA,1,0,2,123,0,ALEXANDER CITY,23,11,November,2010,3,Tuesday,6,37,0,6,4,0,32.89126944,-91.39663889,42,1,0,10,0,0,1,0
220446,LOUISIANA,LA,1,0,1,103,0,DANVILLE,25,11,November,2010,5,Thursday,2,30,0,5,3,34,30.50315000,-89.99095000,53,2,0,10,0,0,1,1
220447,LOUISIANA,LA,2,0,2,105,0,MARION,25,11,November,2010,5,Thursday,18,27,0,15,3,28,30.48622778,-90.53327778,12,2,0,1,0,0,1,0
220448,LOUISIANA,LA,1,0,1,69,0,ASHFORD,26,11,November,2010,6,Friday,4,10,1,2,3,379,31.71571111,-93.21081944,53,2,0,1,0,0,1,0
220449,LOUISIANA,LA,1,0,5,57,0,BANKSTON,26,11,November,2010,6,Friday,18,14,0,14,3,356,29.56481944,-90.38505000,34,3,0,10,0,0,1,1
220450,LOUISIANA,LA,1,1,2,109,0,ANSLEY,27,11,November,2010,7,Saturday,5,39,0,14,3,181,29.55213889,-90.71888056,8,2,0,1,0,0,1,0
220451,LOUISIANA,LA,1,0,1,57,0,BANKSTON,27,11,November,2010,7,Saturday,20,7,1,2,2,2246,29.81571111,-90.48808056,59,2,0,1,0,0,1,0
220452,LOUISIANA,LA,2,0,3,55,0,ATTALLA,28,11,November,2010,1,Sunday,18,19,0,4,3,98,30.09446389,-92.03205278,12,2,0,1,0,0,1,0
220453,LOUISIANA,LA,1,0,1,89,0,BROWNSBORO,29,11,November,2010,2,Monday,12,40,1,11,1,88,29.92386111,-90.39376944,31,1,0,1,0,0,1,0
220454,LOUISIANA,LA,1,0,1,57,0,BANKSTON,16,9,September,2010,5,Thursday,17,20,1,3,3,553,29.59495000,-90.47960000,42,1,0,1,0,0,1,0
220455,LOUISIANA,LA,1,1,1,55,1230,ATTALLA,31,10,October,2010,1,Sunday,20,52,1,13,2,216,30.23671111,-92.01280000,9,3,0,1,0,0,1,0
220456,LOUISIANA,LA,2,0,2,57,0,BANKSTON,3,11,November,2010,4,Wednesday,4,10,0,3,3,319,29.53916111,-90.43140000,12,2,0,2,0,0,1,0
220457,LOUISIANA,LA,2,0,2,109,0,ANSLEY,3,11,November,2010,4,Wednesday,23,28,0,14,4,0,29.60166111,-90.75626944,12,3,0,10,0,0,1,1
220458,LOUISIANA,LA,3,1,2,33,0,CHEROKEE,7,11,November,2010,1,Sunday,7,7,1,13,3,119,30.35441944,-91.01768889,12,4,0,1,0,0,1,0
220459,LOUISIANA,LA,1,0,1,97,0,AXIS,9,11,November,2010,3,Tuesday,4,12,0,4,3,80,30.84041389,-91.97426389,42,2,0,1,0,0,1,0
220460,LOUISIANA,LA,2,0,4,97,0,AXIS,10,11,November,2010,4,Wednesday,22,15,0,3,2,1010,30.49518889,-92.37885833,12,2,0,1,0,0,1,1
220461,LOUISIANA,LA,2,0,2,39,0,ANDALUSIA,13,11,November,2010,7,Saturday,16,30,0,4,2,677,30.73890000,-92.30948889,12,1,0,2,0,0,1,1
220462,LOUISIANA,LA,1,0,2,33,9997,CHEROKEE,12,11,November,2010,6,Friday,19,50,0,15,3,6,30.54276111,-91.08663056,35,2,0,1,0,0,1,1
220463,LOUISIANA,LA,3,0,3,121,0,BON AIR,15,11,November,2010,2,Monday,9,0,1,1,1,1493,30.45335000,-91.28076111,12,1,0,10,0,0,1,0
220464,LOUISIANA,LA,1,0,2,31,0,COFFEE,20,11,November,2010,7,Saturday,2,15,0,4,3,117,32.13661944,-93.93506111,41,2,0,5,0,0,1,1
220465,LOUISIANA,LA,1,0,1,81,0,AUBURN,21,11,November,2010,1,Sunday,18,30,0,5,3,50,31.96143889,-93.29549722,42,2,0,1,0,0,1,1
220467,LOUISIANA,LA,1,0,5,71,1690,BRIDGEPORT,17,10,October,2010,1,Sunday,2,30,0,14,5,0,30.05850000,-89.95460000,33,2,0,1,0,0,2,1
220468,LOUISIANA,LA,2,0,3,17,2130,CHAMBERS,20,11,November,2010,7,Saturday,18,0,0,15,3,4,32.55955000,-93.77583889,12,3,0,1,0,0,1,0
220469,LOUISIANA,LA,1,0,1,15,230,ANNISTON,8,10,October,2010,6,Friday,19,42,1,11,1,86,32.55595000,-93.65921944,33,5,0,1,0,0,1,0
220470,LOUISIANA,LA,2,0,3,111,0,GRAHAM,8,12,December,2010,4,Wednesday,8,30,0,4,3,1846,32.90505000,-92.51946944,12,1,0,2,0,0,1,0
220471,LOUISIANA,LA,1,1,2,87,350,ARMSTRONG,9,12,December,2010,5,Thursday,17,40,0,14,3,76,29.93040000,-89.94801111,8,3,0,1,0,0,1,0
220472,LOUISIANA,LA,2,0,5,19,0,CEDAR BLUFF,9,12,December,2010,5,Thursday,6,0,0,4,3,978,30.39836111,-93.41508056,12,2,0,1,0,0,2,0
220473,LOUISIANA,LA,2,0,4,109,1070,ANSLEY,9,12,December,2010,5,Thursday,11,7,1,13,3,32,29.70058056,-90.78871944,12,1,0,1,0,0,1,0