ST_CASE,State Name,State Abbreviation,VE_TOTAL,Pedestrains,Total_Persons_in_accident,COUNTY,CITY,City_County_Name,Calendar_DAY,MONTH,Month_Name,YEAR,DAY_WEEK,Day_Week_desc,HOUR,MINUTE,NHS_Desc,trafficway,ROUTE,MILEPT,LATITUDE,LONGITUD,First_Crash_event,Light_cond_desc,Weather_condition,WEATHER,SCH_BUS,Crash_cause,FATALS,DRUNK_DR
220474,LOUISIANA,LA,1,0,1,63,0,BOLIGEE,8,12,December,2010,4,Wednesday,22,21,0,4,3,141,30.38523056,-90.88043056,53,2,0,1,0,0,1,1
220475,LOUISIANA,LA,1,1,2,103,0,DANVILLE,10,12,December,2010,6,Friday,22,27,1,11,1,846,30.30988889,-89.75883056,8,2,0,1,0,0,1,0
220476,LOUISIANA,LA,2,0,2,83,0,ARDMORE,16,12,December,2010,5,Thursday,4,15,1,1,1,1295,32.48045000,-91.89890000,14,2,6,6,0,0,1,0
220477,LOUISIANA,LA,1,0,1,77,0,ANDERSON,16,12,December,2010,5,Thursday,3,50,0,6,3,53,30.88968056,-91.66931111,1,2,0,10,0,0,1,1
220478,LOUISIANA,LA,2,0,2,3,0,BALDWIN,16,12,December,2010,5,Thursday,16,13,1,2,2,226,30.52353056,-92.82586111,12,1,0,2,0,0,1,0
220479,LOUISIANA,LA,1,0,1,13,0,BOLLING,16,12,December,2010,5,Thursday,10,40,1,1,1,626,32.56098889,-93.02893056,42,1,0,10,0,0,1,1
220480,LOUISIANA,LA,1,0,3,53,0,ATMORE,17,12,December,2010,6,Friday,15,18,1,11,1,644,30.24668056,-92.65535000,24,1,0,10,0,0,1,0
220481,LOUISIANA,LA,1,0,2,99,0,BEATRICE,17,12,December,2010,6,Friday,2,40,0,4,3,1,30.33589722,-91.85556111,3,2,0,1,0,0,1,0
220482,LOUISIANA,LA,2,0,2,19,9898,CEDAR BLUFF,18,12,December,2010,7,Saturday,13,32,0,14,3,26,30.27476944,-93.25813056,12,1,0,1,0,0,1,0
220483,LOUISIANA,LA,1,0,2,65,0,CYPRESS,19,12,December,2010,1,Sunday,99,99,1,1,1,1743,32.37323889,-91.14941111,35,9,0,1,0,0,2,0
220484,LOUISIANA,LA,2,0,3,59,0,FRANKLIN,1,12,December,2010,4,Wednesday,13,35,0,4,3,207,31.73091111,-92.15443889,12,1,0,1,0,0,1,0
220485,LOUISIANA,LA,1,1,1,105,0,MARION,1,12,December,2010,4,Wednesday,23,40,1,11,1,495,30.76536944,-90.53278056,8,2,0,1,0,0,1,0
220486,LOUISIANA,LA,2,0,23,97,0,AXIS,1,12,December,2010,4,Wednesday,7,15,1,2,2,1245,30.54778889,-92.00026111,12,1,0,1,1,0,1,0
220487,LOUISIANA,LA,3,0,3,57,0,BANKSTON,3,12,December,2010,6,Friday,8,37,0,15,3,434,29.73770000,-90.67698056,12,1,0,1,0,0,1,0
220488,LOUISIANA,LA,1,0,1,113,0,COTTONTON,4,12,December,2010,7,Saturday,15,20,0,4,3,1082,29.77686111,-92.33641111,1,1,0,1,0,0,1,1
220489,LOUISIANA,LA,1,0,1,99,0,BEATRICE,4,12,December,2010,7,Saturday,17,5,0,6,3,7,30.32663889,-91.90981944,34,5,0,1,0,0,1,1
220490,LOUISIANA,LA,2,0,2,101,0,BOYLSTON,4,12,December,2010,7,Saturday,3,15,1,2,2,1636,29.70198056,-91.38228889,12,2,0,1,0,0,1,0
220491,LOUISIANA,LA,2,0,5,85,0,BENTON,4,12,December,2010,7,Saturday,4,10,1,2,3,29,31.48896111,-93.70593056,33,2,0,1,0,0,1,0
220492,LOUISIANA,LA,2,1,4,103,0,DANVILLE,4,12,December,2010,7,Saturday,19,40,1,11,1,2679,30.30226389,-89.74324444,14,2,0,1,0,0,1,0
220493,LOUISIANA,LA,1,2,1,97,0,AXIS,4,12,December,2010,7,Saturday,23,40,0,3,2,1008,30.49508056,-92.38163056,8,2,0,1,0,0,1,0
220494,LOUISIANA,LA,2,0,2,97,0,AXIS,5,12,December,2010,1,Sunday,17,56,1,1,1,214,30.55112500,-92.05267222,12,2,0,1,0,0,1,0
220495,LOUISIANA,LA,1,0,2,31,0,COFFEE,5,12,December,2010,1,Sunday,2,18,0,4,3,693,31.92691111,-93.89293889,42,2,0,1,0,0,2,1
220496,LOUISIANA,LA,2,0,5,59,0,FRANKLIN,5,12,December,2010,1,Sunday,14,10,0,5,3,98,31.58591111,-92.14209167,12,1,0,1,0,0,1,0
220497,LOUISIANA,LA,2,0,3,73,0,ARGO,7,12,December,2010,3,Tuesday,23,45,0,14,3,51,32.58808056,-91.98578056,12,2,0,1,0,0,1,1
220498,LOUISIANA,LA,2,0,2,71,1690,BRIDGEPORT,19,2,February,2010,6,Friday,16,10,1,13,5,0,29.97933889,-90.10788889,12,1,0,1,0,0,1,0
220500,LOUISIANA,LA,1,0,4,97,0,AXIS,9,5,May,2010,1,Sunday,22,0,0,3,3,493,30.48051111,-92.18241111,53,3,0,1,0,0,1,1
220501,LOUISIANA,LA,3,0,8,1,520,AUTAUGA,15,5,May,2010,7,Saturday,6,43,1,11,1,820,30.23543056,-92.36493056,12,4,0,2,0,0,2,0
220502,LOUISIANA,LA,2,0,2,101,1830,BOYLSTON,19,6,June,2010,7,Saturday,18,40,1,2,2,1675,29.69120000,-91.31905000,12,1,0,1,0,0,1,0
220503,LOUISIANA,LA,1,0,1,45,0,ARITON,21,6,June,2010,2,Monday,21,53,0,15,4,0,29.91958056,-91.78458889,43,2,0,1,0,0,1,1
220504,LOUISIANA,LA,1,1,2,101,1600,BOYLSTON,5,7,July,2010,2,Monday,5,0,0,16,5,0,29.70466111,-91.20711111,8,3,0,1,0,0,1,0
220505,LOUISIANA,LA,1,0,1,73,1560,ARGO,7,7,July,2010,4,Wednesday,99,99,1,13,2,1262,32.52151944,-92.08276944,33,3,0,10,0,0,1,1
220506,LOUISIANA,LA,2,1,1,15,230,ANNISTON,7,7,July,2010,4,Wednesday,23,2,0,16,5,0,32.52056944,-93.71256111,8,3,0,1,0,0,1,0
220507,LOUISIANA,LA,1,0,3,19,1250,CEDAR BLUFF,8,7,July,2010,5,Thursday,3,50,1,1,1,53,30.19683889,-93.23505000,59,2,0,1,0,0,1,1
220508,LOUISIANA,LA,1,0,1,17,2130,CHAMBERS,8,7,July,2010,5,Thursday,8,25,1,11,1,156,32.47626944,-93.78413056,38,1,0,1,0,0,1,0
220509,LOUISIANA,LA,2,0,2,115,1300,ASHVILLE,10,7,July,2010,7,Saturday,9,49,1,13,2,650,31.11990000,-93.26923056,12,1,0,1,0,0,1,0
220510,LOUISIANA,LA,1,0,1,17,2130,CHAMBERS,11,7,July,2010,1,Sunday,4,23,1,13,5,0,32.51498056,-93.74286111,38,3,0,10,0,0,1,0
220511,LOUISIANA,LA,2,0,2,15,230,ANNISTON,14,7,July,2010,4,Wednesday,8,36,1,11,1,202,32.51395000,-93.72545000,12,1,0,1,0,0,1,0
220512,LOUISIANA,LA,1,0,2,55,0,ATTALLA,16,7,July,2010,6,Friday,21,15,0,14,4,0,30.28260000,-92.09130000,32,2,0,1,0,0,1,0
220513,LOUISIANA,LA,1,1,2,79,40,COURTLAND,20,7,July,2010,3,Tuesday,0,29,1,13,2,24,31.27420000,-92.44563056,8,2,0,1,0,0,1,0
220514,LOUISIANA,LA,2,0,3,79,40,COURTLAND,23,7,July,2010,6,Friday,19,56,0,15,5,0,31.26638056,-92.45233056,12,5,0,1,0,0,1,0
220515,LOUISIANA,LA,2,0,4,11,0,BULLOCK,23,7,July,2010,6,Friday,22,53,0,6,4,0,30.85020000,-93.45295000,12,2,0,1,0,0,1,0
220516,LOUISIANA,LA,2,0,4,55,1230,ATTALLA,29,7,July,2010,5,Thursday,0,37,1,13,2,227,30.25206944,-92.01376111,12,3,0,1,0,0,1,0
220517,LOUISIANA,LA,1,0,1,71,1690,BRIDGEPORT,31,7,July,2010,7,Saturday,2,20,0,16,5,0,29.92818889,-90.06800278,30,3,0,1,0,0,1,1
220518,LOUISIANA,LA,2,0,3,101,190,BOYLSTON,2,8,August,2010,2,Monday,14,45,1,13,2,1731,29.69016944,-91.23106111,12,1,0,1,0,0,2,0
220519,LOUISIANA,LA,2,0,6,115,2060,ASHVILLE,3,8,August,2010,3,Tuesday,21,3,1,13,2,511,30.92538056,-93.28241944,12,1,0,1,0,0,1,1
220520,LOUISIANA,LA,2,0,2,55,2120,ATTALLA,9,8,August,2010,2,Monday,7,42,0,14,3,79,30.25735000,-92.10811111,12,1,0,1,0,0,1,0
220521,LOUISIANA,LA,2,0,3,5,870,BAKER HILL,13,8,August,2010,6,Friday,9,52,1,13,3,257,30.21088889,-90.92053056,12,1,0,10,0,0,1,0
220522,LOUISIANA,LA,1,0,4,79,40,COURTLAND,15,8,August,2010,1,Sunday,3,0,1,13,2,689,31.30511111,-92.47966111,1,3,0,1,0,0,1,1
220523,LOUISIANA,LA,2,0,2,45,1680,ARITON,3,9,September,2010,6,Friday,12,0,0,6,3,22,29.98435000,-91.95695000,12,1,0,1,0,0,1,0
220524,LOUISIANA,LA,1,0,1,17,2130,CHAMBERS,11,9,September,2010,7,Saturday,19,25,1,11,1,3,32.46103056,-93.84616111,24,1,0,1,0,0,1,0
220526,LOUISIANA,LA,1,1,1,101,0,BOYLSTON,21,8,August,2010,7,Saturday,18,48,0,6,5,0,29.81120000,-91.47643056,9,1,0,1,0,0,1,0
220527,LOUISIANA,LA,1,0,2,105,1910,MARION,23,9,September,2010,5,Thursday,17,10,0,14,2,22,30.43771111,-90.44606111,40,1,0,1,0,0,1,0
220528,LOUISIANA,LA,2,0,3,17,0,CHAMBERS,30,9,September,2010,5,Thursday,7,28,0,6,4,0,32.50210000,-93.87930000,11,1,0,1,0,0,1,0
220529,LOUISIANA,LA,1,0,1,71,1690,BRIDGEPORT,19,5,May,2010,4,Wednesday,22,51,1,11,1,5,30.02280000,-89.93933889,31,2,0,10,0,0,1,1
220530,LOUISIANA,LA,1,1,1,71,1690,BRIDGEPORT,16,8,August,2010,2,Monday,22,35,1,13,2,2603,29.97993889,-90.07466944,9,3,0,2,0,0,1,0
220531,LOUISIANA,LA,1,0,1,115,0,ASHVILLE,8,9,September,2010,4,Wednesday,23,0,1,2,2,596,31.04248611,-93.27523889,23,2,0,1,0,0,1,1
220532,LOUISIANA,LA,1,0,1,47,2082,BROWNS,1,10,October,2010,6,Friday,23,28,0,5,3,272,30.28626111,-91.15338889,35,7,0,1,0,0,1,1
220533,LOUISIANA,LA,1,1,1,19,1250,CEDAR BLUFF,4,10,October,2010,2,Monday,7,28,1,13,3,0,30.17618056,-93.21306111,8,1,0,1,0,0,1,0
220534,LOUISIANA,LA,2,1,3,19,1250,CEDAR BLUFF,1,10,October,2010,6,Friday,22,41,1,13,3,18,30.20796944,-93.18011944,8,3,0,1,0,0,1,0
220535,LOUISIANA,LA,1,0,1,17,0,CHAMBERS,6,10,October,2010,4,Wednesday,12,54,1,1,1,19,32.45191944,-94.01153889,24,1,0,1,0,0,1,0
220536,LOUISIANA,LA,1,0,1,33,0,CHEROKEE,8,10,October,2010,6,Friday,5,4,0,14,3,23,30.61290000,-91.20210000,35,2,0,5,0,0,1,0
220537,LOUISIANA,LA,2,0,2,51,0,CENTRAL,9,10,October,2010,7,Saturday,20,43,0,14,4,0,30.00471944,-90.21160000,12,3,0,1,0,0,1,0
220538,LOUISIANA,LA,1,1,1,55,1230,ATTALLA,11,10,October,2010,2,Monday,19,4,1,13,2,200,30.22113889,-92.01648056,8,3,0,2,0,0,1,0
220539,LOUISIANA,LA,1,0,1,19,1250,CEDAR BLUFF,11,10,October,2010,2,Monday,23,99,1,13,3,2,30.17301944,-93.24925000,42,3,0,2,0,0,1,0
220540,LOUISIANA,LA,2,0,4,19,1250,CEDAR BLUFF,20,10,October,2010,4,Wednesday,7,41,1,11,1,106,30.21943889,-93.16850000,12,1,0,10,0,0,2,0
220541,LOUISIANA,LA,1,1,1,79,1850,COURTLAND,25,10,October,2010,2,Monday,5,59,1,12,2,1120,31.31563056,-92.43308056,8,1,0,1,0,0,1,0
220542,LOUISIANA,LA,1,0,1,51,1190,CENTRAL,31,10,October,2010,1,Sunday,10,7,0,16,5,0,30.03166111,-90.23730000,38,1,0,1,0,0,1,0
220543,LOUISIANA,LA,2,0,3,55,1230,ATTALLA,6,11,November,2010,7,Saturday,20,49,0,14,5,0,30.18973056,-92.00221944,12,3,0,1,0,0,1,1
220544,LOUISIANA,LA,1,0,1,51,1190,CENTRAL,7,11,November,2010,1,Sunday,23,34,0,16,5,0,30.03886944,-90.25268889,33,3,0,1,0,0,1,1
220545,LOUISIANA,LA,2,0,4,17,0,CHAMBERS,9,11,November,2010,3,Tuesday,7,28,0,14,3,29,32.33378889,-93.90365000,12,1,0,5,0,0,1,0
220547,LOUISIANA,LA,1,1,1,55,1230,ATTALLA,12,11,November,2010,6,Friday,22,12,0,16,5,0,30.22868889,-92.00176944,8,2,0,10,0,0,1,0
220548,LOUISIANA,LA,1,0,1,71,1690,BRIDGEPORT,14,11,November,2010,1,Sunday,21,55,1,11,1,2384,29.99245000,-90.04885000,99,3,0,1,0,0,1,0
220549,LOUISIANA,LA,1,0,2,17,2130,CHAMBERS,15,11,November,2010,2,Monday,15,40,1,11,1,152,32.47380000,-93.79158056,1,1,0,10,0,0,1,0
220550,LOUISIANA,LA,1,0,1,19,2210,CEDAR BLUFF,19,11,November,2010,6,Friday,4,0,1,11,1,205,30.21588889,-93.37748056,33,3,0,1,0,0,1,1
220551,LOUISIANA,LA,1,0,1,71,1690,BRIDGEPORT,24,11,November,2010,4,Wednesday,2,38,1,11,1,2338,29.96256111,-90.10073056,24,3,0,1,0,0,1,1
220552,LOUISIANA,LA,1,0,1,15,1010,ANNISTON,26,11,November,2010,6,Friday,13,10,0,15,3,10,32.54566944,-93.49761944,42,1,0,1,0,0,1,0
220553,LOUISIANA,LA,2,0,2,17,2130,CHAMBERS,27,11,November,2010,7,Saturday,2,28,1,11,1,0,32.55675000,-93.77691111,12,3,0,1,0,0,1,0
220554,LOUISIANA,LA,1,0,2,57,0,BANKSTON,25,9,September,2010,7,Saturday,14,18,0,15,4,0,29.78428889,-90.80181944,5,1,0,2,0,0,1,0
220555,LOUISIANA,LA,2,0,3,47,2430,BROWNS,6,9,September,2010,2,Monday,18,24,1,2,3,1290,30.17576944,-91.16231944,12,1,0,1,0,0,1,0
220556,LOUISIANA,LA,2,0,2,33,150,CHEROKEE,29,6,June,2010,3,Tuesday,21,55,1,11,1,66,30.44016944,-91.01600000,12,3,0,10,0,0,1,1
220557,LOUISIANA,LA,2,0,2,33,150,CHEROKEE,21,7,July,2010,4,Wednesday,3,20,1,11,1,67,30.44061944,-91.01421944,12,3,0,1,0,0,1,0
220558,LOUISIANA,LA,1,1,1,33,150,CHEROKEE,13,10,October,2010,4,Wednesday,6,32,1,13,2,24,30.45098889,-91.13733889,8,2,0,1,0,0,1,0
220559,LOUISIANA,LA,1,0,1,33,150,CHEROKEE,20,10,October,2010,4,Wednesday,22,20,1,11,1,2,30.44023056,-91.17911944,23,2,0,1,0,0,1,0
220560,LOUISIANA,LA,1,1,1,33,150,CHEROKEE,4,11,November,2010,5,Thursday,12,10,0,15,5,0,30.46023889,-91.10958056,15,1,0,1,0,0,1,0
220561,LOUISIANA,LA,1,1,1,17,2130,CHAMBERS,27,12,December,2010,2,Monday,5,53,1,11,1,84,32.55690000,-93.77280000,8,2,0,1,0,0,1,0
220562,LOUISIANA,LA,1,0,1,9,0,BLOUNT,2,12,December,2010,5,Thursday,18,21,0,5,3,9,31.16703056,-92.13596111,32,2,0,1,0,0,1,0
220563,LOUISIANA,LA,1,1,1,17,2130,CHAMBERS,9,12,December,2010,5,Thursday,17,44,0,14,5,0,32.45895000,-93.76305000,8,3,0,1,0,0,1,0
220564,LOUISIANA,LA,2,0,2,67,140,ABBEVILLE,9,12,December,2010,5,Thursday,18,40,1,13,2,1060,32.79846944,-91.90643889,12,2,0,1,0,0,1,1
220565,LOUISIANA,LA,1,0,2,73,1560,ARGO,14,12,December,2010,3,Tuesday,23,44,1,13,2,1813,32.55980000,-92.07536111,46,2,0,1,0,0,1,0
220566,LOUISIANA,LA,1,0,2,73,1560,ARGO,25,12,December,2010,7,Saturday,3,8,1,13,2,1233,32.50603889,-92.12465000,33,2,0,2,0,0,1,1
220567,LOUISIANA,LA,1,1,1,5,0,BAKER HILL,20,12,December,2010,2,Monday,22,48,0,14,3,224,30.33912778,-90.87970556,8,2,0,10,0,0,1,0
220568,LOUISIANA,LA,1,1,2,11,0,BULLOCK,21,12,December,2010,3,Tuesday,19,10,0,4,3,25,30.86078889,-93.21821944,8,2,0,1,0,0,1,0
220569,LOUISIANA,LA,1,0,2,19,0,CEDAR BLUFF,21,12,December,2010,3,Tuesday,19,17,0,14,3,96,30.15193056,-93.21371944,33,2,0,10,0,0,1,1
220570,LOUISIANA,LA,1,1,1,113,0,COTTONTON,23,12,December,2010,5,Thursday,99,99,0,4,3,64,30.04996111,-92.02331111,8,2,0,1,0,0,1,0
220571,LOUISIANA,LA,2,0,8,73,1560,ARGO,23,12,December,2010,5,Thursday,18,30,0,15,4,0,32.52563889,-92.23023889,12,2,0,1,0,0,1,0
220572,LOUISIANA,LA,1,0,1,57,0,BANKSTON,4,12,December,2010,7,Saturday,11,22,0,14,3,100,29.66576111,-90.66860000,42,1,0,1,0,0,1,0
220573,LOUISIANA,LA,1,0,1,61,0,BELLWOOD,20,12,December,2010,2,Monday,9,51,1,1,1,753,32.54778889,-92.81521667,1,1,0,1,0,0,1,0
220574,LOUISIANA,LA,3,0,4,103,0,DANVILLE,20,12,December,2010,2,Monday,7,55,0,4,3,42,30.53061944,-90.07483056,12,1,0,1,0,0,1,0
220575,LOUISIANA,LA,2,0,2,81,500,AUBURN,20,12,December,2010,2,Monday,16,10,0,3,2,1503,32.03998889,-93.33930000,12,1,0,1,0,0,1,0
220576,LOUISIANA,LA,2,0,2,47,0,BROWNS,19,12,December,2010,1,Sunday,18,45,1,13,3,1401,30.31488889,-91.24910000,12,3,0,1,0,0,1,1
220577,LOUISIANA,LA,1,0,2,57,0,BANKSTON,21,12,December,2010,3,Tuesday,3,0,0,15,3,709,29.53966944,-90.33471944,1,3,0,1,0,0,1,1
220578,LOUISIANA,LA,1,0,1,53,0,ATMORE,23,12,December,2010,5,Thursday,19,59,1,11,7,64,30.24896944,-92.65463056,34,2,0,1,0,0,1,1
220579,LOUISIANA,LA,1,0,3,29,0,BORDEN SPRINGS,24,12,December,2010,6,Friday,2,0,0,6,4,0,31.61951111,-91.53928889,42,2,0,1,0,0,1,1
220580,LOUISIANA,LA,1,0,1,93,0,BEAR CREEK,26,12,December,2010,1,Sunday,1,50,0,4,3,284,30.02258056,-90.69981111,34,3,0,1,0,0,1,0
220581,LOUISIANA,LA,2,0,3,53,0,ATMORE,26,12,December,2010,1,Sunday,0,23,1,2,2,51,30.29528611,-92.95676111,12,2,0,1,0,0,1,1
220582,LOUISIANA,LA,2,0,3,117,0,BIRMINGHAM,28,12,December,2010,3,Tuesday,12,4,0,4,3,28,30.88746944,-90.13910000,12,1,0,10,0,0,1,0
220583,LOUISIANA,LA,1,0,2,13,0,BOLLING,29,12,December,2010,4,Wednesday,3,0,0,4,3,331,32.23011944,-92.92113889,35,2,0,8,0,0,1,0
220584,LOUISIANA,LA,1,0,4,103,0,DANVILLE,30,12,December,2010,5,Thursday,13,0,1,1,1,567,30.45998889,-90.18518889,1,1,0,1,0,0,1,0
220585,LOUISIANA,LA,1,0,1,27,0,ASHLAND,30,12,December,2010,5,Thursday,11,49,0,3,2,636,32.73321389,-93.13347500,42,1,0,2,0,0,1,0
220586,LOUISIANA,LA,1,0,1,31,0,COFFEE,30,12,December,2010,5,Thursday,22,50,0,6,4,0,32.09180000,-93.94801111,42,2,0,10,0,0,1,1
220587,LOUISIANA,LA,1,0,2,119,0,BELLAMY,30,12,December,2010,5,Thursday,20,15,0,6,4,0,32.48331944,-93.44051944,1,2,0,10,0,0,1,1
220588,LOUISIANA,LA,1,0,1,27,0,ASHLAND,31,12,December,2010,6,Friday,0,40,0,3,2,615,32.71396111,-93.16066944,53,2,0,10,0,0,1,1
220589,LOUISIANA,LA,1,1,1,33,150,CHEROKEE,11,7,July,2010,1,Sunday,20,39,0,16,5,0,30.46718889,-91.07376111,8,2,0,1,0,0,1,0
220590,LOUISIANA,LA,2,0,3,33,150,CHEROKEE,12,7,July,2010,2,Monday,17,21,0,14,3,13,30.42588056,-91.15053889,12,1,0,1,0,0,1,0
220591,LOUISIANA,LA,3,0,3,33,150,CHEROKEE,8,10,October,2010,6,Friday,23,55,0,14,3,21,30.52133056,-91.16085000,12,3,0,1,0,0,1,0
220592,LOUISIANA,LA,3,0,7,33,150,CHEROKEE,4,11,November,2010,5,Thursday,19,51,1,11,1,68,30.52226944,-91.16218056,12,3,0,1,0,0,1,0
220593,LOUISIANA,LA,1,1,1,33,150,CHEROKEE,19,8,August,2010,5,Thursday,21,15,0,16,5,0,30.51783056,-91.13701944,9,3,0,1,0,0,1,0
220594,LOUISIANA,LA,3,0,5,79,40,COURTLAND,22,4,April,2010,5,Thursday,20,33,1,11,1,849,31.29261944,-92.44321944,12,3,0,1,0,0,1,0
220596,LOUISIANA,LA,1,1,5,79,40,COURTLAND,20,11,November,2010,7,Saturday,21,30,1,13,2,67,31.29146111,-92.47656111,15,2,0,10,0,0,1,0
220597,LOUISIANA,LA,2,1,2,9,1480,BLOUNT,13,12,December,2010,2,Monday,10,18,0,15,3,10,31.14036944,-92.04515000,8,1,0,1,0,0,1,0
220598,LOUISIANA,LA,1,1,1,19,1250,CEDAR BLUFF,10,9,September,2010,6,Friday,22,23,1,11,1,73,30.19711944,-93.20103889,8,2,0,1,0,0,1,0
220599,LOUISIANA,LA,1,0,6,71,1690,BRIDGEPORT,25,3,March,2010,5,Thursday,2,15,1,11,1,2371,29.97691111,-90.06203056,24,3,0,1,0,0,1,0
220600,LOUISIANA,LA,1,0,1,81,0,AUBURN,11,12,December,2010,7,Saturday,20,15,0,6,3,48,32.14811944,-93.42400000,1,2,0,1,0,0,1,1
220601,LOUISIANA,LA,1,1,1,101,1600,BOYLSTON,6,11,November,2010,7,Saturday,2,0,1,12,2,1757,29.70228889,-91.19036944,8,2,0,1,0,0,1,0
220602,LOUISIANA,LA,1,1,1,71,1690,BRIDGEPORT,18,2,February,2010,5,Thursday,18,35,1,13,2,2547,29.95333056,-90.11718056,9,3,0,10,0,0,1,0
220603,LOUISIANA,LA,1,0,1,103,1400,DANVILLE,25,12,December,2010,7,Saturday,2,35,0,14,5,0,30.37516111,-90.09236111,23,2,0,1,0,0,1,0
220605,LOUISIANA,LA,2,0,5,73,2022,ARGO,12,3,March,2010,6,Friday,22,30,1,13,2,17,32.43748889,-92.10533056,12,2,0,1,0,0,2,1
220606,LOUISIANA,LA,2,0,2,79,40,COURTLAND,11,5,May,2010,3,Tuesday,6,35,1,13,2,663,31.27126944,-92.46948056,12,1,0,1,0,0,1,0
220607,LOUISIANA,LA,1,0,1,71,1690,BRIDGEPORT,18,9,September,2010,7,Saturday,4,33,1,13,3,519,29.96873889,-90.03023056,30,3,0,1,0,0,1,1
220608,LOUISIANA,LA,1,0,2,1,0,AUTAUGA,8,10,October,2010,6,Friday,4,6,0,4,2,808,30.18756111,-92.42175000,10,2,0,10,0,0,2,0
220609,LOUISIANA,LA,1,1,1,5,0,BAKER HILL,13,8,August,2010,6,Friday,7,7,0,6,4,0,30.23363056,-90.75093056,8,9,0,99,0,0,1,0
220610,LOUISIANA,LA,2,0,3,49,1150,COLLINSVILLE,27,11,November,2010,7,Saturday,0,59,1,2,2,1836,32.24885000,-92.71925000,12,3,0,1,0,0,1,1
220611,LOUISIANA,LA,1,0,1,61,885,BELLWOOD,16,9,September,2010,5,Thursday,12,8,0,16,5,0,32.54575000,-92.70935000,42,1,0,1,0,0,1,0
220612,LOUISIANA,LA,1,0,5,19,2210,CEDAR BLUFF,26,9,September,2010,1,Sunday,2,24,1,11,1,242,30.22136944,-93.31731111,1,2,0,1,0,0,1,1
220613,LOUISIANA,LA,2,0,3,55,650,ATTALLA,3,3,March,2010,4,Wednesday,17,35,1,11,1,920,30.24765000,-92.20136944,12,1,0,1,0,0,3,0
220614,LOUISIANA,LA,1,0,1,71,1690,BRIDGEPORT,10,4,April,2010,7,Saturday,0,24,1,12,2,132,29.95201111,-90.08588889,23,3,0,1,0,0,1,0
220615,LOUISIANA,LA,1,0,1,79,0,COURTLAND,5,6,June,2010,7,Saturday,22,13,0,6,4,0,31.08690000,-92.41293889,42,2,0,1,0,0,1,1
220616,LOUISIANA,LA,1,1,1,33,150,CHEROKEE,12,10,October,2010,3,Tuesday,9,4,1,13,2,801,30.50911944,-91.14998889,8,1,0,1,0,0,1,0
220617,LOUISIANA,LA,1,0,1,109,1070,ANSLEY,1,5,May,2010,7,Saturday,1,15,0,14,4,0,29.57383889,-90.70666944,34,3,0,1,0,0,1,1
220618,LOUISIANA,LA,1,0,1,109,1070,ANSLEY,6,5,May,2010,5,Thursday,14,22,0,14,3,192,29.57413056,-90.75458889,1,1,0,1,0,0,1,0
220620,LOUISIANA,LA,2,0,2,29,2310,BORDEN SPRINGS,24,7,July,2010,7,Saturday,15,2,1,13,2,1824,31.56698056,-91.42831944,12,1,0,10,0,0,1,1
220621,LOUISIANA,LA,1,0,1,33,0,CHEROKEE,6,8,August,2010,6,Friday,18,53,0,6,4,0,30.71063889,-91.02296944,34,5,0,1,0,0,1,1
220622,LOUISIANA,LA,2,0,3,3,1740,BALDWIN,27,10,October,2010,4,Wednesday,17,52,0,16,5,0,30.81360000,-92.66661944,12,1,0,1,0,0,1,1
220623,LOUISIANA,LA,1,0,1,51,0,CENTRAL,20,11,November,2010,7,Saturday,1,37,0,15,3,176,29.84643889,-90.11908056,43,3,0,5,0,0,1,1
220624,LOUISIANA,LA,2,0,3,109,0,ANSLEY,17,12,December,2010,6,Friday,17,26,0,15,4,0,29.55281944,-90.60508056,54,5,0,1,0,0,2,0
220625,LOUISIANA,LA,1,1,4,103,510,DANVILLE,22,12,December,2010,4,Wednesday,23,17,1,13,2,2438,30.48738056,-90.09433056,8,2,0,1,0,0,1,0
220626,LOUISIANA,LA,1,0,1,79,40,COURTLAND,16,12,December,2010,5,Thursday,9,24,1,13,2,651,31.27521111,-92.46926111,1,1,0,10,0,0,1,0
220627,LOUISIANA,LA,3,0,3,17,0,CHAMBERS,14,10,October,2010,5,Thursday,19,21,0,3,3,4032,32.63630000,-93.89430000,12,5,0,1,0,0,1,0
220629,LOUISIANA,LA,3,0,3,19,1100,CEDAR BLUFF,17,9,September,2010,6,Friday,12,44,0,4,2,442,30.23140000,-93.00078056,12,1,0,10,0,0,1,0
220630,LOUISIANA,LA,1,0,1,73,1560,ARGO,14,11,November,2010,1,Sunday,7,41,0,14,3,9,32.50285000,-92.09598056,32,1,0,1,0,0,1,0
220631,LOUISIANA,LA,2,1,2,33,150,CHEROKEE,31,1,January,2010,1,Sunday,3,5,1,11,1,1581,30.42346111,-91.14455000,12,3,0,1,0,0,1,0