ST_CASE,State Name,State Abbreviation,VE_TOTAL,Pedestrains,Total_Persons_in_accident,COUNTY,CITY,City_County_Name,Calendar_DAY,MONTH,Month_Name,YEAR,DAY_WEEK,Day_Week_desc,HOUR,MINUTE,NHS_Desc,trafficway,ROUTE,MILEPT,LATITUDE,LONGITUD,First_Crash_event,Light_cond_desc,Weather_condition,WEATHER,SCH_BUS,Crash_cause,FATALS,DRUNK_DR
220632,LOUISIANA,LA,1,0,4,33,150,CHEROKEE,10,5,May,2010,2,Monday,2,42,0,14,3,37,30.39170000,-91.17430000,32,2,0,1,0,0,3,1
220633,LOUISIANA,LA,1,0,1,33,150,CHEROKEE,11,5,May,2010,3,Tuesday,17,14,0,16,5,0,30.51548889,-91.14673889,18,1,0,1,0,0,1,1
220634,LOUISIANA,LA,1,0,3,33,150,CHEROKEE,15,5,May,2010,7,Saturday,19,19,1,11,1,13,30.45633889,-91.18033056,59,3,0,10,0,0,1,1
220635,LOUISIANA,LA,2,0,5,33,150,CHEROKEE,19,5,May,2010,4,Wednesday,12,25,1,13,2,1847,30.46060000,-91.04761111,12,1,0,1,0,0,1,0
220636,LOUISIANA,LA,2,0,2,33,150,CHEROKEE,21,6,June,2010,2,Monday,21,26,1,11,1,1589,30.42196944,-91.13058056,12,3,0,1,0,0,1,1
220637,LOUISIANA,LA,1,1,1,33,150,CHEROKEE,3,9,September,2010,6,Friday,20,31,0,13,3,6,30.40298056,-91.10455000,8,3,0,1,0,0,1,0
220638,LOUISIANA,LA,1,1,1,33,150,CHEROKEE,23,9,September,2010,5,Thursday,23,0,1,13,2,759,30.46676944,-91.10570000,8,2,0,1,0,0,1,0
220639,LOUISIANA,LA,2,0,5,33,150,CHEROKEE,3,10,October,2010,1,Sunday,18,50,0,15,6,0,30.46093056,-91.12776944,12,2,0,1,0,0,1,1
220640,LOUISIANA,LA,2,0,2,33,150,CHEROKEE,5,11,November,2010,6,Friday,14,28,1,13,3,5,30.45200000,-91.16600000,12,1,0,1,0,0,1,0
220641,LOUISIANA,LA,2,0,4,41,2460,BRANTLEY,28,11,November,2010,1,Sunday,15,0,1,16,5,0,31.97946944,-91.65230000,12,1,0,1,0,0,1,1
220642,LOUISIANA,LA,1,0,1,33,150,CHEROKEE,11,12,December,2010,7,Saturday,6,11,1,13,2,1863,30.46486111,-91.02128056,34,2,0,1,0,0,1,1
220643,LOUISIANA,LA,2,0,2,71,1690,BRIDGEPORT,7,11,November,2010,1,Sunday,4,30,0,3,2,2882,30.16831944,-89.73625000,12,2,0,1,0,0,1,1
220644,LOUISIANA,LA,1,0,1,71,1690,BRIDGEPORT,13,12,December,2010,2,Monday,4,0,1,11,1,2410,30.00943056,-90.01353056,24,3,0,1,0,0,1,0
220645,LOUISIANA,LA,1,0,2,71,1690,BRIDGEPORT,13,2,February,2010,7,Saturday,16,15,0,14,3,71,29.93915000,-90.01951111,5,1,0,99,0,0,1,0
220646,LOUISIANA,LA,1,1,5,7,0,BIBB,20,2,February,2010,7,Saturday,12,50,0,6,4,0,29.72028056,-91.04451944,8,1,0,1,0,0,1,0
220647,LOUISIANA,LA,1,1,1,33,0,CHEROKEE,7,4,April,2010,4,Wednesday,2,39,1,13,5,0,30.46510000,-91.13430000,8,3,0,1,0,0,1,0
220648,LOUISIANA,LA,1,0,1,71,1690,BRIDGEPORT,15,4,April,2010,5,Thursday,13,1,1,13,5,0,29.95543889,-90.09578056,24,1,0,1,0,0,1,0
220649,LOUISIANA,LA,1,1,1,33,150,CHEROKEE,2,11,November,2010,3,Tuesday,19,20,1,13,2,774,30.48488056,-91.11880000,8,2,0,1,0,0,1,1
220650,LOUISIANA,LA,1,0,2,71,1690,BRIDGEPORT,11,11,November,2010,5,Thursday,1,11,1,11,1,2352,29.95543056,-90.08136944,25,3,0,1,0,0,1,1
220651,LOUISIANA,LA,2,0,2,71,1690,BRIDGEPORT,21,11,November,2010,1,Sunday,13,30,1,13,5,0,29.96713889,-90.08961111,12,1,0,1,0,0,1,0
220652,LOUISIANA,LA,1,1,2,71,1690,BRIDGEPORT,5,12,December,2010,1,Sunday,19,0,1,11,1,2447,30.03928889,-89.97221944,9,3,0,1,0,0,1,0
220653,LOUISIANA,LA,1,0,1,71,1690,BRIDGEPORT,10,12,December,2010,6,Friday,23,15,1,11,1,2384,29.99276944,-90.04878889,20,3,0,1,0,0,1,0
220654,LOUISIANA,LA,4,0,1,71,1690,BRIDGEPORT,22,12,December,2010,4,Wednesday,21,59,0,14,5,0,30.03218056,-89.99506111,33,3,0,1,0,0,1,1
220655,LOUISIANA,LA,2,0,5,39,0,ANDALUSIA,18,11,November,2010,5,Thursday,16,46,0,4,3,51,30.78666944,-92.48818056,12,1,0,1,0,0,1,0
230001,MAINE,ME,2,0,3,31,6025,COFFEE,1,1,January,2010,6,Friday,16,25,0,5,6,0,43.74685556,-70.88434444,12,5,0,4,0,0,1,1
230002,MAINE,ME,1,1,1,27,8230,ASHLAND,6,1,January,2010,4,Wednesday,16,48,0,4,3,0,44.51835833,-69.27377778,8,2,0,1,0,0,1,0
230003,MAINE,ME,1,0,2,5,3250,BAKER HILL,14,1,January,2010,5,Thursday,15,16,0,4,3,0,43.64060833,-70.42090278,35,1,0,1,0,0,1,0
230004,MAINE,ME,1,0,4,25,7203,BARLOW BEND,14,1,January,2010,5,Thursday,23,17,0,4,6,0,44.85939722,-69.37128056,48,2,0,1,0,0,1,1
230005,MAINE,ME,5,0,6,27,7300,ASHLAND,19,1,January,2010,3,Tuesday,12,23,1,2,2,0,44.43341111,-68.95577500,12,1,0,4,0,0,1,0
230006,MAINE,ME,2,0,3,31,7250,COFFEE,20,1,January,2010,4,Wednesday,8,57,0,5,6,0,43.45217222,-70.75710278,12,1,0,4,0,0,1,0
230007,MAINE,ME,1,0,1,3,7356,BALDWIN,28,1,January,2010,5,Thursday,4,20,0,4,2,0,46.12929167,-68.16613333,1,2,0,1,0,0,1,0
230008,MAINE,ME,2,0,4,9,9997,BLOUNT,29,1,January,2010,6,Friday,8,30,0,2,3,0,44.85848611,-68.28346389,12,1,0,1,0,0,2,0
230009,MAINE,ME,2,0,2,1,80,AUTAUGA,30,1,January,2010,7,Saturday,22,32,0,6,6,0,44.06520278,-70.23679722,12,2,0,10,0,0,1,1
230010,MAINE,ME,1,1,1,13,8200,BOLLING,1,2,February,2010,2,Monday,4,56,0,4,2,0,44.08351667,-69.16811944,8,2,0,1,0,0,1,0
230011,MAINE,ME,1,0,1,13,8500,BOLLING,8,2,February,2010,2,Monday,22,20,0,6,6,0,44.22539722,-69.25755556,1,2,0,1,0,0,1,0
230012,MAINE,ME,2,0,4,3,9997,BALDWIN,16,2,February,2010,3,Tuesday,10,30,0,4,3,0,47.09227222,-68.99328333,12,1,0,4,0,0,1,0
230013,MAINE,ME,2,0,2,3,6450,BALDWIN,26,2,February,2010,6,Friday,10,51,1,2,2,0,46.66834722,-68.01240833,12,1,0,3,0,0,1,0
230014,MAINE,ME,2,0,3,31,3710,COFFEE,5,2,February,2010,6,Friday,15,4,0,3,3,0,43.57454722,-70.64140278,12,1,0,10,0,0,1,0
230015,MAINE,ME,1,0,1,1,7199,AUTAUGA,13,2,February,2010,7,Saturday,13,15,0,3,3,0,44.10897500,-70.11680556,34,1,0,1,0,0,1,0
230016,MAINE,ME,1,0,1,5,3250,BAKER HILL,16,2,February,2010,3,Tuesday,10,56,0,3,3,0,43.67948056,-70.44493611,42,1,0,10,0,0,1,0
230017,MAINE,ME,1,0,1,19,13,CEDAR BLUFF,7,3,March,2010,1,Sunday,22,0,0,15,3,0,44.90543611,-68.68429167,35,2,0,1,0,0,1,0
230018,MAINE,ME,2,0,5,5,7850,BAKER HILL,14,3,March,2010,1,Sunday,0,21,0,6,6,0,43.73631389,-70.55085278,12,2,0,1,0,0,1,2
230019,MAINE,ME,1,0,1,15,8850,ANNISTON,14,3,March,2010,1,Sunday,15,53,0,6,6,0,44.03559167,-69.32922500,42,1,0,2,0,0,1,0
230020,MAINE,ME,1,0,1,5,7850,BAKER HILL,20,3,March,2010,7,Saturday,22,12,0,6,6,0,43.70622778,-70.62964444,42,2,0,1,0,0,1,1
230021,MAINE,ME,1,0,1,5,2700,BAKER HILL,26,3,March,2010,6,Friday,10,32,1,1,1,0,43.76985556,-70.31275833,24,1,0,1,0,0,1,0
230022,MAINE,ME,1,1,1,19,5900,CEDAR BLUFF,30,1,January,2010,7,Saturday,5,41,0,6,6,0,44.88239167,-68.66850000,8,3,0,1,0,0,1,1
230023,MAINE,ME,2,0,2,3,4900,BALDWIN,23,3,March,2010,3,Tuesday,15,13,0,5,2,0,47.34312778,-68.23917500,12,1,0,4,0,0,1,0
230024,MAINE,ME,1,0,2,23,820,BLADON SPRINGS,3,4,April,2010,7,Saturday,19,55,1,1,1,0,43.99738333,-69.93338611,11,2,0,1,0,0,1,0
230025,MAINE,ME,1,0,2,31,30,COFFEE,8,4,April,2010,5,Thursday,18,29,1,1,1,0,43.49994444,-70.48750833,42,1,0,1,0,0,1,0
230026,MAINE,ME,2,0,2,11,7,BULLOCK,12,4,April,2010,2,Monday,18,57,0,4,3,0,44.53408333,-69.43445278,12,5,0,1,0,0,1,0
230027,MAINE,ME,1,0,1,31,7450,COFFEE,21,4,April,2010,4,Wednesday,18,6,0,4,3,0,43.20392500,-70.77341111,17,5,0,10,0,0,1,1
230028,MAINE,ME,1,0,1,21,1,CHILTON,18,4,April,2010,1,Sunday,3,42,0,6,6,0,45.18590833,-69.45367778,30,2,0,10,0,0,1,1
230029,MAINE,ME,1,0,2,21,9997,CHILTON,30,4,April,2010,6,Friday,19,30,0,4,3,0,45.06533611,-68.95002500,34,5,0,1,0,0,1,1
230030,MAINE,ME,2,0,4,9,8355,BLOUNT,15,5,May,2010,7,Saturday,1,20,0,3,3,0,44.44873333,-68.36963611,12,2,0,10,0,0,2,1
230031,MAINE,ME,1,0,3,7,9100,BIBB,17,4,April,2010,7,Saturday,20,40,0,3,2,0,44.58190833,-70.22563889,35,2,0,4,0,0,1,1
230032,MAINE,ME,1,0,1,1,6227,AUTAUGA,12,3,March,2010,6,Friday,22,30,0,6,6,0,44.05138611,-70.35593056,42,2,0,1,0,0,1,1
230033,MAINE,ME,3,0,3,7,9100,BIBB,30,3,March,2010,3,Tuesday,14,48,0,3,3,0,44.58111389,-70.22255000,12,1,0,2,0,0,1,0
230034,MAINE,ME,2,0,5,5,7265,BAKER HILL,8,5,May,2010,7,Saturday,17,24,0,6,6,0,43.60886111,-70.36176667,12,1,0,10,0,0,1,0
230035,MAINE,ME,1,0,2,5,9000,BAKER HILL,21,5,May,2010,6,Friday,1,25,0,2,3,0,43.67811389,-70.35438611,24,2,0,10,0,0,1,0
230036,MAINE,ME,1,0,1,13,7000,BOLLING,10,4,April,2010,7,Saturday,12,6,0,6,6,0,44.10422778,-69.10941111,33,1,0,1,0,0,1,0
230037,MAINE,ME,1,0,1,5,3050,BAKER HILL,6,5,May,2010,5,Thursday,8,25,0,4,2,0,43.82629167,-70.13697500,42,1,0,2,0,0,1,0
230038,MAINE,ME,3,2,5,31,8905,COFFEE,22,5,May,2010,7,Saturday,8,52,0,3,3,0,43.33017222,-70.57308333,12,1,0,1,0,0,1,0
230039,MAINE,ME,1,0,3,19,2505,CEDAR BLUFF,15,6,June,2010,3,Tuesday,21,15,0,3,2,0,45.27488611,-68.64257778,42,2,0,1,0,0,2,0
230040,MAINE,ME,2,0,6,5,7850,BAKER HILL,16,6,June,2010,4,Wednesday,13,59,0,3,3,0,43.73588056,-70.55437222,12,1,0,1,0,0,1,0
230041,MAINE,ME,2,0,4,1,4350,AUTAUGA,16,4,April,2010,6,Friday,10,32,0,2,3,0,44.10348889,-70.17422778,12,1,0,2,0,0,1,0
230042,MAINE,ME,1,0,2,13,25,BOLLING,28,5,May,2010,6,Friday,15,48,0,6,6,0,44.25024167,-69.25832778,42,1,0,1,0,0,1,0
230043,MAINE,ME,1,0,1,3,9997,BALDWIN,10,6,June,2010,5,Thursday,11,30,1,1,1,0,45.84643889,-68.43031944,24,1,0,1,0,0,1,0
230044,MAINE,ME,1,0,1,5,2700,BAKER HILL,17,6,June,2010,5,Thursday,23,10,0,6,6,0,43.73395556,-70.31524722,42,2,0,1,0,0,1,0
230045,MAINE,ME,1,0,1,1,7199,AUTAUGA,27,6,June,2010,1,Sunday,14,10,0,4,3,0,44.10903611,-70.11689167,17,1,0,1,0,0,1,0
230046,MAINE,ME,1,0,2,19,4348,CEDAR BLUFF,1,7,July,2010,5,Thursday,19,3,0,4,3,0,45.37626667,-68.22569722,34,1,0,1,0,0,1,1
230047,MAINE,ME,1,0,1,31,6025,COFFEE,24,4,April,2010,7,Saturday,3,52,0,6,6,0,43.73786389,-70.85177500,42,2,0,1,0,0,1,1
230048,MAINE,ME,2,0,3,21,6010,CHILTON,15,6,June,2010,3,Tuesday,15,0,0,4,3,0,45.06151667,-69.45840000,12,1,0,1,0,0,1,0
230049,MAINE,ME,1,0,1,27,5607,ASHLAND,29,6,June,2010,3,Tuesday,22,19,0,4,3,0,44.37857500,-69.03392778,34,2,0,1,0,0,1,1
230050,MAINE,ME,2,0,2,17,1075,CHAMBERS,19,6,June,2010,7,Saturday,18,20,0,4,3,0,43.90667500,-70.84602222,12,1,0,10,0,0,1,0
230051,MAINE,ME,1,0,1,25,2650,BARLOW BEND,5,7,July,2010,2,Monday,10,13,0,4,3,0,44.71984444,-69.78524167,34,1,0,1,0,0,1,1
230052,MAINE,ME,1,0,1,5,7850,BAKER HILL,8,7,July,2010,5,Thursday,12,1,0,3,3,0,43.73172500,-70.58570000,53,1,0,1,0,0,1,0
230053,MAINE,ME,1,0,3,31,9800,COFFEE,11,7,July,2010,1,Sunday,23,20,1,1,1,0,43.15422778,-70.67110000,11,2,0,2,0,0,1,0
230054,MAINE,ME,1,0,1,25,20,BARLOW BEND,17,7,July,2010,7,Saturday,23,24,0,6,6,0,44.81314167,-69.99071944,17,2,0,10,0,0,1,1
230055,MAINE,ME,2,0,2,27,8560,ASHLAND,7,7,July,2010,4,Wednesday,5,0,0,3,2,0,44.54815556,-69.39273889,12,4,0,10,0,0,1,0
230056,MAINE,ME,2,0,4,17,4690,CHAMBERS,24,7,July,2010,7,Saturday,14,25,0,4,3,0,44.21340278,-70.88009722,12,1,0,10,0,0,1,0
230057,MAINE,ME,1,0,1,11,5700,BULLOCK,6,5,May,2010,5,Thursday,10,45,0,6,6,0,44.55537222,-69.73786389,30,1,0,1,0,0,1,0
230058,MAINE,ME,2,0,6,31,7250,COFFEE,15,7,July,2010,5,Thursday,20,25,0,6,6,0,43.43366389,-70.72174167,12,5,0,1,0,0,1,0
230059,MAINE,ME,1,0,1,31,7250,COFFEE,23,7,July,2010,6,Friday,0,6,0,6,6,0,43.46893056,-70.78568333,42,3,0,1,0,0,1,1
230060,MAINE,ME,1,0,1,15,4025,ANNISTON,19,6,June,2010,7,Saturday,6,44,0,3,3,0,44.11519722,-69.52191389,53,4,0,1,0,0,1,0
230061,MAINE,ME,2,0,2,3,1500,BALDWIN,21,6,June,2010,2,Monday,14,0,0,3,2,0,46.81339444,-67.99644444,12,1,0,1,0,0,1,0
230062,MAINE,ME,2,0,2,5,950,BAKER HILL,2,8,August,2010,2,Monday,17,25,0,3,2,0,44.00090278,-70.66397778,1,1,0,1,0,0,1,1
230063,MAINE,ME,2,0,2,1,4350,AUTAUGA,2,8,August,2010,2,Monday,18,48,0,3,3,0,44.07716389,-70.18881667,12,1,0,1,0,0,2,0
230064,MAINE,ME,1,0,1,1,2214,AUTAUGA,8,6,June,2010,3,Tuesday,16,15,0,6,6,0,43.93987222,-70.06891389,17,1,0,1,0,0,1,0
230065,MAINE,ME,2,0,3,23,8350,BLADON SPRINGS,12,8,August,2010,5,Thursday,3,59,0,6,6,0,43.95414722,-69.97209444,12,2,0,1,0,0,2,1
230066,MAINE,ME,2,0,3,19,1720,CEDAR BLUFF,14,8,August,2010,7,Saturday,11,10,0,3,3,0,44.82044722,-68.46700000,12,1,0,1,0,0,1,0
230067,MAINE,ME,1,0,1,9,3037,BLOUNT,15,6,June,2010,3,Tuesday,0,10,0,3,3,0,44.62517500,-70.47523611,31,2,0,1,0,0,1,1
230068,MAINE,ME,1,0,1,25,1824,BARLOW BEND,5,8,August,2010,5,Thursday,0,0,0,6,6,0,44.81052222,-69.71400278,1,2,0,1,0,0,1,1
230069,MAINE,ME,1,0,2,31,7200,COFFEE,15,8,August,2010,1,Sunday,1,50,1,1,1,0,43.49882222,-70.48836667,1,3,0,1,0,0,1,1
230070,MAINE,ME,2,0,2,7,9100,BIBB,12,6,June,2010,7,Saturday,21,43,1,2,2,0,44.58111389,-70.22289167,12,5,0,1,0,0,1,0
230071,MAINE,ME,2,0,3,31,10,COFFEE,13,8,August,2010,6,Friday,16,23,0,3,3,0,43.47571944,-70.70955278,12,1,0,1,0,0,1,0
230072,MAINE,ME,2,0,2,31,7200,COFFEE,27,7,July,2010,3,Tuesday,20,38,0,3,2,0,43.50150000,-70.44279167,12,3,0,1,0,0,1,0
230073,MAINE,ME,1,0,2,7,2750,BIBB,3,7,July,2010,7,Saturday,23,35,0,6,6,0,44.70270278,-70.10899444,31,2,0,1,0,0,2,1
230074,MAINE,ME,1,0,3,29,172,BORDEN SPRINGS,10,7,July,2010,7,Saturday,3,45,0,6,6,0,45.08618611,-67.50283333,42,2,0,1,0,0,1,1
230075,MAINE,ME,1,1,1,31,7200,COFFEE,11,7,July,2010,1,Sunday,9,42,0,4,3,0,43.50349167,-70.44021667,8,1,0,1,0,0,1,0
230076,MAINE,ME,2,0,4,31,30,COFFEE,15,7,July,2010,5,Thursday,12,48,0,2,3,0,43.47852222,-70.58896111,12,1,0,1,0,0,1,0
230077,MAINE,ME,1,0,1,3,5459,BALDWIN,8,7,July,2010,5,Thursday,13,15,0,4,3,0,46.93526111,-68.12347500,32,1,0,1,0,0,1,0
230078,MAINE,ME,1,0,1,29,4700,BORDEN SPRINGS,2,8,August,2010,2,Monday,10,25,0,6,6,0,44.82440278,-66.99316944,34,1,0,1,0,0,1,1
230079,MAINE,ME,1,0,1,5,7265,BAKER HILL,31,7,July,2010,7,Saturday,3,55,0,6,6,0,43.58399722,-70.36142222,30,2,0,1,0,0,1,0
230080,MAINE,ME,1,0,3,5,1540,BAKER HILL,29,8,August,2010,1,Sunday,1,11,0,4,3,0,43.98620833,-70.48828056,17,2,0,1,0,0,2,1
230081,MAINE,ME,2,0,2,1,5050,AUTAUGA,10,7,July,2010,7,Saturday,22,7,0,4,3,0,44.11070000,-70.39000556,12,3,0,1,0,0,1,0
230082,MAINE,ME,1,0,1,11,5700,BULLOCK,2,7,July,2010,6,Friday,18,27,0,4,3,0,44.54534167,-69.69666389,33,1,0,1,0,0,1,0
230083,MAINE,ME,2,0,2,19,830,CEDAR BLUFF,4,8,August,2010,4,Wednesday,16,20,0,6,6,0,44.90561667,-68.59897500,32,1,0,1,0,0,1,0
230084,MAINE,ME,1,0,2,31,8905,COFFEE,10,7,July,2010,7,Saturday,10,46,0,4,3,0,43.32723889,-70.61874444,42,1,0,1,0,0,1,0
230085,MAINE,ME,2,0,4,29,172,BORDEN SPRINGS,22,7,July,2010,5,Thursday,15,2,0,3,2,0,45.12641111,-67.32396111,12,1,0,10,0,0,1,0
230086,MAINE,ME,1,1,1,5,9119,BAKER HILL,31,7,July,2010,7,Saturday,14,50,0,15,6,0,43.70281667,-70.37721667,8,1,0,1,0,0,1,0
230087,MAINE,ME,2,0,2,5,2700,BAKER HILL,27,8,August,2010,6,Friday,19,11,0,6,6,0,43.73445278,-70.23722778,12,5,0,1,0,0,1,1
230088,MAINE,ME,2,0,2,5,3608,BAKER HILL,1,9,September,2010,4,Wednesday,11,9,0,6,6,0,44.14692500,-70.63299167,12,1,0,1,0,0,1,0
230089,MAINE,ME,1,0,1,29,3607,BORDEN SPRINGS,2,9,September,2010,5,Thursday,21,29,0,3,2,0,44.61607222,-67.85164722,30,2,0,1,0,0,1,1
230090,MAINE,ME,1,1,1,9,5860,BLOUNT,28,7,July,2010,4,Wednesday,18,35,0,4,3,0,44.57506111,-68.74557500,9,1,0,1,0,0,1,0
230091,MAINE,ME,1,0,1,29,8340,BORDEN SPRINGS,17,8,August,2010,3,Tuesday,18,27,0,4,3,0,45.43550278,-67.70856944,34,2,0,1,0,0,1,1
230092,MAINE,ME,1,0,1,9,3037,BLOUNT,14,7,July,2010,4,Wednesday,8,9,0,4,3,0,44.60843611,-68.20321111,52,1,0,2,0,0,1,0
230093,MAINE,ME,3,0,3,11,420,BULLOCK,9,7,July,2010,6,Friday,21,10,0,4,3,0,44.51939722,-69.87914167,12,5,0,1,0,0,1,0
230094,MAINE,ME,3,0,4,17,6353,CHAMBERS,29,8,August,2010,1,Sunday,18,4,0,4,3,0,43.80758889,-70.88928333,12,1,0,1,0,0,1,1
230095,MAINE,ME,1,0,2,31,8905,COFFEE,11,9,September,2010,7,Saturday,0,39,0,6,6,0,43.27170556,-70.59814444,39,2,0,1,0,0,2,0
230096,MAINE,ME,2,0,4,9,1959,BLOUNT,14,9,September,2010,3,Tuesday,16,0,0,4,3,0,44.72758889,-68.62215000,12,1,0,1,0,0,3,0
230098,MAINE,ME,1,0,3,3,5440,BALDWIN,19,9,September,2010,1,Sunday,19,28,0,3,2,0,46.12560556,-67.93962500,11,2,0,1,0,0,1,0
230099,MAINE,ME,2,0,2,5,9700,BAKER HILL,6,10,October,2010,4,Wednesday,15,48,1,1,1,0,43.78745278,-70.18607222,12,1,0,2,0,0,1,0
230100,MAINE,ME,1,1,1,19,250,CEDAR BLUFF,12,10,October,2010,3,Tuesday,18,1,0,3,2,0,44.79511389,-68.83767222,8,5,0,1,0,0,1,0
230101,MAINE,ME,1,0,1,19,9997,CEDAR BLUFF,30,8,August,2010,2,Monday,11,4,1,1,1,0,45.85128333,-68.42688611,24,1,0,1,0,0,1,0
230102,MAINE,ME,2,0,5,17,1180,CHAMBERS,19,10,October,2010,3,Tuesday,19,48,0,4,3,0,44.26874444,-70.32408611,12,2,0,1,0,0,1,0
230103,MAINE,ME,1,0,1,9,8115,BLOUNT,15,10,October,2010,6,Friday,21,45,0,6,6,0,44.44407500,-68.46696944,42,2,0,2,0,0,1,0
230104,MAINE,ME,1,0,1,25,5342,BARLOW BEND,20,10,October,2010,4,Wednesday,13,21,0,2,3,0,45.07158056,-69.89021389,24,1,0,1,0,0,1,0
230105,MAINE,ME,2,0,3,25,2650,BARLOW BEND,20,10,October,2010,4,Wednesday,17,20,0,4,3,0,44.58814444,-69.59504167,12,1,0,1,0,0,2,0
230106,MAINE,ME,2,0,3,19,5450,CEDAR BLUFF,20,10,October,2010,4,Wednesday,7,48,0,3,2,0,44.83554444,-69.27137500,12,1,0,1,0,0,1,0
230107,MAINE,ME,1,0,4,5,3608,BAKER HILL,21,10,October,2010,5,Thursday,20,22,0,4,3,0,44.02139722,-70.61780000,42,2,0,10,0,0,1,0
230108,MAINE,ME,1,1,1,31,10,COFFEE,13,10,October,2010,4,Wednesday,7,50,0,6,6,0,43.47640556,-70.71633333,8,1,0,1,0,0,1,0
230109,MAINE,ME,1,1,1,7,5455,BIBB,21,9,September,2010,3,Tuesday,7,27,0,4,3,0,44.59181111,-70.03355000,8,4,0,1,0,0,1,0
230110,MAINE,ME,1,0,2,9,6130,BLOUNT,24,10,October,2010,1,Sunday,0,10,0,4,3,0,44.44824167,-68.78068056,42,2,0,1,0,0,1,1
230111,MAINE,ME,1,0,1,29,172,BORDEN SPRINGS,6,11,November,2010,7,Saturday,21,41,0,4,2,0,45.12635000,-67.32430556,35,3,0,1,0,0,1,1
230112,MAINE,ME,1,1,2,11,160,BULLOCK,9,11,November,2010,3,Tuesday,10,34,0,4,2,0,44.31856667,-69.76678889,8,1,0,1,0,0,1,0
230113,MAINE,ME,1,0,2,1,80,AUTAUGA,22,10,October,2010,6,Friday,21,48,0,6,6,0,44.18072778,-70.23945833,42,2,0,1,0,0,1,0
230114,MAINE,ME,1,0,4,27,7300,ASHLAND,16,9,September,2010,5,Thursday,15,37,0,2,3,0,44.46245556,-68.90676389,42,1,0,1,0,0,2,0
230115,MAINE,ME,1,0,3,13,3712,BOLLING,8,11,November,2010,2,Monday,22,44,0,5,6,0,44.25153056,-69.15473056,42,2,0,1,0,0,3,1
230116,MAINE,ME,1,0,5,5,5433,BAKER HILL,15,11,November,2010,2,Monday,18,20,1,1,1,0,43.90076389,-70.33701667,42,2,0,2,0,0,1,0
230117,MAINE,ME,1,0,2,19,250,CEDAR BLUFF,16,11,November,2010,3,Tuesday,15,42,0,6,6,0,44.86146667,-68.77501389,42,1,0,1,0,0,2,1
230118,MAINE,ME,1,0,2,19,3425,CEDAR BLUFF,13,11,November,2010,7,Saturday,19,15,0,6,6,0,45.03550278,-68.59657222,42,2,0,1,0,0,1,0
230119,MAINE,ME,2,0,2,3,3055,BALDWIN,30,10,October,2010,7,Saturday,14,9,0,6,6,0,47.25756389,-68.38379722,12,1,0,1,0,0,1,1
230120,MAINE,ME,2,0,4,5,6410,BAKER HILL,16,11,November,2010,3,Tuesday,6,53,0,3,6,0,43.64874722,-70.32846389,12,4,0,2,0,0,1,0
230121,MAINE,ME,1,0,1,15,5430,ANNISTON,26,10,October,2010,3,Tuesday,14,51,1,2,2,0,44.00497778,-69.60954722,42,9,0,99,0,0,1,1
230122,MAINE,ME,2,0,5,7,9997,BIBB,6,9,September,2010,2,Monday,10,5,0,4,3,0,44.80522500,-70.32623333,12,1,0,1,0,0,1,0
230123,MAINE,ME,1,0,1,5,9000,BAKER HILL,21,11,November,2010,1,Sunday,2,35,0,3,6,0,43.68525278,-70.34468611,42,3,0,1,0,0,1,1
230124,MAINE,ME,1,0,1,23,8350,BLADON SPRINGS,29,11,November,2010,2,Monday,14,30,1,1,1,0,43.94555833,-69.97664444,42,1,0,1,0,0,1,0
230125,MAINE,ME,1,1,1,11,160,BULLOCK,8,12,December,2010,4,Wednesday,6,50,0,15,6,0,44.31279444,-69.78258056,8,1,0,1,0,0,1,0
230126,MAINE,ME,2,0,2,15,800,ANNISTON,18,10,October,2010,2,Monday,9,25,0,4,3,0,43.84591667,-69.64963056,12,1,0,1,0,0,1,0
230127,MAINE,ME,1,0,2,27,8360,ASHLAND,5,12,December,2010,1,Sunday,17,33,0,4,2,0,44.66297500,-69.25832778,24,2,0,3,0,0,1,1
230128,MAINE,ME,1,0,1,17,3100,CHAMBERS,17,12,December,2010,6,Friday,22,10,0,4,3,0,43.97786944,-70.92636111,34,2,0,1,0,0,1,1
230129,MAINE,ME,2,0,3,11,1651,BULLOCK,29,10,October,2010,6,Friday,8,15,0,4,3,0,44.25350000,-69.71383056,12,1,0,1,0,0,1,0
230130,MAINE,ME,1,0,1,1,7199,AUTAUGA,20,10,October,2010,4,Wednesday,12,58,0,6,6,0,44.11766389,-70.02642500,31,1,0,1,0,0,1,0
230131,MAINE,ME,1,0,1,3,1758,BALDWIN,20,12,December,2010,2,Monday,15,5,0,4,6,0,47.01291667,-68.06356389,42,1,0,10,0,0,1,1
230132,MAINE,ME,1,0,2,9,8355,BLOUNT,22,11,November,2010,2,Monday,18,0,0,99,8,0,44.28177222,-68.40783056,43,3,0,5,0,0,2,0
230133,MAINE,ME,2,0,2,31,4750,COFFEE,9,11,November,2010,3,Tuesday,17,10,0,6,6,0,43.52950833,-70.65565000,12,5,0,2,0,0,1,0
230134,MAINE,ME,3,0,4,31,1958,COFFEE,30,11,November,2010,3,Tuesday,9,59,0,4,3,0,43.54456667,-70.59265000,12,1,0,10,0,0,1,0
230135,MAINE,ME,1,0,1,5,1851,BAKER HILL,11,10,October,2010,2,Monday,17,12,0,6,6,0,43.82313333,-70.27816667,1,1,0,1,0,0,1,0
230136,MAINE,ME,2,0,5,3,6450,BALDWIN,28,12,December,2010,3,Tuesday,18,4,1,2,2,0,46.70461667,-68.00828889,12,2,0,6,0,0,1,0