ST_CASE,State Name,State Abbreviation,VE_TOTAL,Pedestrains,Total_Persons_in_accident,COUNTY,CITY,City_County_Name,Calendar_DAY,MONTH,Month_Name,YEAR,DAY_WEEK,Day_Week_desc,HOUR,MINUTE,NHS_Desc,trafficway,ROUTE,MILEPT,LATITUDE,LONGITUD,First_Crash_event,Light_cond_desc,Weather_condition,WEATHER,SCH_BUS,Crash_cause,FATALS,DRUNK_DR
230137,MAINE,ME,1,0,1,31,30,COFFEE,1,11,November,2010,2,Monday,4,58,0,4,2,0,43.39295000,-70.53325556,30,2,0,1,0,0,1,0
230138,MAINE,ME,1,0,1,25,1490,BARLOW BEND,28,4,April,2010,4,Wednesday,15,20,1,2,2,0,45.22461111,-69.99938889,59,1,0,2,0,0,1,0
230139,MAINE,ME,2,0,2,31,5750,COFFEE,12,12,December,2010,1,Sunday,19,15,0,6,6,0,43.50728889,-70.40562500,14,3,0,2,0,0,1,0
230140,MAINE,ME,1,1,1,5,1150,BAKER HILL,13,12,December,2010,2,Monday,18,14,0,15,3,0,43.89708889,-69.90772222,8,2,0,2,0,0,1,0
230141,MAINE,ME,1,0,1,31,8905,COFFEE,26,12,December,2010,1,Sunday,19,15,0,6,6,0,43.36961944,-70.63445000,42,2,0,4,0,0,1,0
230142,MAINE,ME,1,0,1,27,8360,ASHLAND,15,12,December,2010,4,Wednesday,10,55,0,4,2,0,44.66291389,-69.25806944,30,1,0,4,0,0,1,0
230143,MAINE,ME,2,0,2,1,80,AUTAUGA,14,12,December,2010,3,Tuesday,6,22,0,4,3,0,44.08869444,-70.23370833,12,2,0,10,0,0,1,0
230144,MAINE,ME,2,0,3,27,9997,ASHLAND,15,12,December,2010,4,Wednesday,7,45,0,6,6,0,44.52661944,-69.23652778,12,1,0,4,0,0,2,0
230145,MAINE,ME,1,0,1,7,9100,BIBB,22,12,December,2010,4,Wednesday,18,27,1,2,2,0,44.58093056,-70.22255000,34,2,0,4,0,0,1,0
240001,MARYLAND,MD,1,1,1,47,1230,BROWNS,2,1,January,2010,7,Saturday,19,46,1,2,2,54,38.07512222,-75.55830000,9,2,0,1,0,0,1,0
240002,MARYLAND,MD,1,1,3,3,0,BALDWIN,1,1,January,2010,6,Friday,1,59,0,14,4,0,38.94728611,-76.48718056,8,2,0,5,0,0,1,0
240003,MARYLAND,MD,3,0,3,35,0,BROOKLYN,5,1,January,2010,3,Tuesday,17,42,1,2,2,205,39.02758611,-76.02641944,12,3,0,1,0,0,1,0
240004,MARYLAND,MD,2,1,1,5,0,BAKER HILL,11,1,January,2010,2,Monday,10,0,1,11,1,57,39.28708056,-76.73967500,8,1,0,1,0,0,1,0
240005,MARYLAND,MD,1,1,1,5,0,BAKER HILL,13,1,January,2010,4,Wednesday,18,24,0,13,2,191,39.35401111,-76.45308611,8,3,0,1,0,0,1,0
240006,MARYLAND,MD,1,0,1,31,0,COFFEE,19,1,January,2010,3,Tuesday,22,49,0,4,3,35,39.12566667,-77.35628056,42,2,0,1,0,0,1,1
240007,MARYLAND,MD,1,0,1,31,0,COFFEE,20,1,January,2010,4,Wednesday,0,50,0,14,3,53,38.97819444,-77.10921667,43,3,0,1,0,0,1,1
240008,MARYLAND,MD,2,0,2,17,0,CHAMBERS,21,1,January,2010,5,Thursday,19,7,1,2,2,174,38.56615278,-76.98351944,12,2,0,4,0,0,1,0
240009,MARYLAND,MD,1,1,1,31,0,COFFEE,23,1,January,2010,7,Saturday,18,5,0,13,3,42,39.05290278,-77.05096944,8,3,0,1,0,0,1,1
240010,MARYLAND,MD,1,1,1,31,0,COFFEE,26,1,January,2010,3,Tuesday,9,51,0,16,6,9,39.14492222,-77.21926389,8,1,0,1,0,0,1,0
240011,MARYLAND,MD,1,0,2,37,0,BRADFORD,29,1,January,2010,6,Friday,13,31,9,99,9,0,38.36336389,-76.56304444,42,1,0,1,0,0,1,0
240012,MARYLAND,MD,1,1,1,43,0,BAILEYTON,30,1,January,2010,7,Saturday,12,22,0,13,2,379,39.62566111,-77.69821944,8,1,0,2,0,0,1,0
240013,MARYLAND,MD,1,1,1,25,0,BARLOW BEND,1,2,February,2010,2,Monday,23,47,0,14,3,106,39.49073611,-76.20914444,8,2,0,1,0,0,1,0
240014,MARYLAND,MD,1,1,1,5,0,BAKER HILL,1,2,February,2010,2,Monday,23,54,0,13,2,38,39.29173889,-76.71155278,8,2,0,1,0,0,1,0
240015,MARYLAND,MD,1,0,5,43,0,BAILEYTON,12,2,February,2010,6,Friday,3,58,1,11,1,49,39.63245556,-77.77186389,24,2,0,1,0,0,1,1
240016,MARYLAND,MD,2,0,5,15,0,ANNISTON,17,2,February,2010,4,Wednesday,1,45,0,13,2,164,39.60228333,-75.80047222,12,6,0,1,0,0,2,1
240017,MARYLAND,MD,1,0,1,13,0,BOLLING,24,2,February,2010,4,Wednesday,99,99,0,5,4,0,39.62056667,-77.24770556,42,2,0,1,0,0,1,1
240018,MARYLAND,MD,2,2,1,25,0,BARLOW BEND,24,2,February,2010,4,Wednesday,23,20,1,11,1,24,39.44799167,-76.32777222,12,2,0,1,0,0,1,0
240019,MARYLAND,MD,1,1,1,37,0,BRADFORD,14,2,February,2010,1,Sunday,18,44,0,6,4,4,38.50988333,-76.76775000,8,2,0,1,0,0,1,0
240020,MARYLAND,MD,1,1,1,33,0,CHEROKEE,17,2,February,2010,4,Wednesday,2,48,0,13,2,119,39.07969167,-76.86531111,8,3,0,1,0,0,1,0
240021,MARYLAND,MD,2,0,3,31,0,COFFEE,11,2,February,2010,5,Thursday,20,1,0,13,3,207,39.08916944,-77.17818333,12,3,0,1,0,0,1,1
240022,MARYLAND,MD,1,0,2,31,0,COFFEE,20,2,February,2010,7,Saturday,23,20,0,16,4,5,39.01187222,-76.98041667,42,3,0,1,0,0,1,1
240023,MARYLAND,MD,1,0,2,3,0,BALDWIN,27,2,February,2010,7,Saturday,6,19,1,12,3,39,39.14783611,-76.69753056,24,2,0,4,0,0,1,0
240024,MARYLAND,MD,2,0,3,13,0,BOLLING,6,3,March,2010,7,Saturday,8,5,1,2,3,50,39.53883333,-76.93107500,12,1,0,1,0,0,1,0
240025,MARYLAND,MD,1,1,1,510,50,BALTIMORE,3,1,January,2010,1,Sunday,1,14,0,13,6,0,39.34297778,-76.68970000,8,3,0,1,0,0,1,1
240026,MARYLAND,MD,1,0,1,43,0,BAILEYTON,1,1,January,2010,6,Friday,17,9,1,11,1,82,39.67079444,-77.73548056,1,2,0,1,0,0,1,1
240027,MARYLAND,MD,1,1,1,31,0,COFFEE,17,1,January,2010,1,Sunday,7,5,0,13,3,20,39.02210000,-77.04501667,8,1,0,2,0,0,1,0
240028,MARYLAND,MD,1,0,2,17,890,CHAMBERS,23,1,January,2010,7,Saturday,20,12,0,3,3,8,38.54719167,-77.06215000,31,1,0,1,0,0,1,0
240029,MARYLAND,MD,1,0,1,5,0,BAKER HILL,6,3,March,2010,7,Saturday,12,29,0,4,4,16,39.53926389,-76.55058889,42,1,0,1,0,0,1,0
240030,MARYLAND,MD,2,0,4,17,0,CHAMBERS,7,3,March,2010,1,Sunday,14,42,1,2,3,74,38.57501111,-76.86206944,12,1,0,1,0,0,1,0
240031,MARYLAND,MD,1,0,1,5,0,BAKER HILL,12,3,March,2010,6,Friday,11,57,0,15,4,0,39.23012500,-76.68650278,33,1,0,2,0,0,1,0
240032,MARYLAND,MD,2,0,3,31,0,COFFEE,14,3,March,2010,1,Sunday,4,18,0,3,3,98,39.12932778,-77.34535833,12,2,0,2,0,0,1,1
240033,MARYLAND,MD,2,0,3,510,50,BALTIMORE,21,1,January,2010,5,Thursday,13,32,0,14,6,0,39.28341111,-76.53694167,12,1,0,1,0,0,1,1
240034,MARYLAND,MD,2,0,5,25,0,BARLOW BEND,5,2,February,2010,6,Friday,15,9,0,14,3,23,39.54879444,-76.16752500,14,1,0,1,0,0,1,0
240035,MARYLAND,MD,3,0,3,3,0,BALDWIN,6,4,April,2010,3,Tuesday,0,33,0,13,3,75,39.18443611,-76.69066389,12,3,0,1,0,0,1,0
240036,MARYLAND,MD,1,1,1,33,710,CHEROKEE,6,3,March,2010,7,Saturday,5,37,0,13,3,68,38.99470556,-76.88052222,8,3,0,1,0,0,1,0
240037,MARYLAND,MD,1,0,1,3,0,BALDWIN,14,3,March,2010,1,Sunday,7,20,1,12,3,19,39.12183611,-76.56281944,42,4,0,2,0,0,1,0
240038,MARYLAND,MD,2,0,3,5,0,BAKER HILL,7,1,January,2010,5,Thursday,20,12,0,13,2,3,39.22009444,-76.70287500,12,1,0,1,0,0,1,0
240039,MARYLAND,MD,2,0,3,510,50,BALTIMORE,27,2,February,2010,7,Saturday,2,40,0,15,6,0,39.29800833,-76.57668056,12,3,0,4,0,0,1,1
240040,MARYLAND,MD,2,0,7,21,0,CHILTON,14,3,March,2010,1,Sunday,13,27,1,2,2,52,39.33851389,-77.50867500,12,1,0,2,0,0,1,0
240042,MARYLAND,MD,1,0,2,33,1558,CHEROKEE,4,2,February,2010,5,Thursday,18,3,0,14,4,17,38.78210556,-76.92406944,42,1,0,1,0,0,1,0
240043,MARYLAND,MD,1,0,1,33,0,CHEROKEE,19,3,March,2010,6,Friday,3,39,1,2,2,226,38.93521111,-76.71759444,34,2,0,1,0,0,1,1
240044,MARYLAND,MD,1,1,1,33,805,CHEROKEE,18,2,February,2010,5,Thursday,5,52,1,12,3,150,38.85311111,-76.95661111,8,2,0,1,0,0,1,0
240045,MARYLAND,MD,1,1,1,510,50,BALTIMORE,17,2,February,2010,4,Wednesday,6,53,0,13,2,0,39.32981667,-76.56352778,39,1,0,1,0,0,1,0
240046,MARYLAND,MD,3,0,6,31,0,COFFEE,6,3,March,2010,7,Saturday,16,42,0,13,4,3,39.14750278,-77.16934167,12,1,0,1,0,0,1,0
240047,MARYLAND,MD,1,1,1,17,0,CHAMBERS,19,3,March,2010,6,Friday,22,44,1,2,2,257,38.65277222,-76.87987778,8,3,0,1,0,0,1,0
240048,MARYLAND,MD,3,0,5,17,0,CHAMBERS,27,3,March,2010,7,Saturday,17,44,1,2,2,233,38.62806944,-76.90918889,12,1,0,1,0,0,1,0
240049,MARYLAND,MD,1,0,1,35,0,BROOKLYN,29,3,March,2010,2,Monday,19,10,0,4,3,71,38.99177222,-76.03491667,34,2,0,1,0,0,1,0
240050,MARYLAND,MD,2,0,2,13,0,BOLLING,31,3,March,2010,4,Wednesday,16,40,0,3,3,61,39.54965556,-77.05595833,12,1,0,1,0,0,1,0
240051,MARYLAND,MD,1,0,1,5,0,BAKER HILL,22,3,March,2010,2,Monday,7,1,0,14,4,4,39.44325278,-76.82001111,1,1,0,2,0,0,1,0
240052,MARYLAND,MD,1,1,1,25,0,BARLOW BEND,2,4,April,2010,6,Friday,21,50,0,13,2,122,39.49913889,-76.17207500,8,3,0,1,0,0,1,0
240053,MARYLAND,MD,1,0,1,45,0,ARITON,3,4,April,2010,7,Saturday,0,17,1,2,2,8,38.40156944,-75.57020833,1,2,0,1,0,0,1,1
240054,MARYLAND,MD,2,0,2,21,0,CHILTON,5,4,April,2010,2,Monday,10,37,0,14,3,88,39.39143333,-77.26178056,12,1,0,1,0,0,1,0
240055,MARYLAND,MD,1,0,1,510,50,BALTIMORE,4,4,April,2010,1,Sunday,17,25,1,11,1,0,39.30558056,-76.61213056,39,1,0,1,0,0,1,1
240056,MARYLAND,MD,2,0,2,33,0,CHEROKEE,8,4,April,2010,5,Thursday,9,56,0,13,3,67,38.90008333,-76.79237500,12,1,0,1,0,0,1,0
240057,MARYLAND,MD,1,0,1,15,0,ANNISTON,11,4,April,2010,1,Sunday,8,23,0,3,3,85,39.57690833,-75.94396944,1,1,0,1,0,0,1,0
240058,MARYLAND,MD,3,2,1,33,100,CHEROKEE,1,2,February,2010,2,Monday,20,10,0,14,3,53,39.02344444,-76.96693056,14,3,0,1,0,0,2,1
240059,MARYLAND,MD,1,0,1,33,0,CHEROKEE,15,2,February,2010,2,Monday,0,0,1,13,2,14,38.81403056,-76.74276389,48,3,0,1,0,0,1,0
240060,MARYLAND,MD,3,0,4,33,1175,CHEROKEE,4,2,February,2010,5,Thursday,14,59,0,13,3,13,38.80529444,-76.97515000,12,1,0,1,0,0,1,0
240061,MARYLAND,MD,1,0,1,33,370,CHEROKEE,27,2,February,2010,7,Saturday,6,55,0,13,2,52,39.00097500,-76.93124722,33,4,0,1,0,0,1,0
240062,MARYLAND,MD,2,0,3,510,50,BALTIMORE,20,1,January,2010,4,Wednesday,23,36,0,13,6,0,39.29971667,-76.56045833,12,3,0,1,0,0,2,2
240063,MARYLAND,MD,2,0,3,37,0,BRADFORD,4,5,May,2010,3,Tuesday,18,24,1,2,3,204,38.31283889,-76.53490278,12,1,0,1,0,0,1,0
240064,MARYLAND,MD,2,0,2,33,900,CHEROKEE,25,3,March,2010,5,Thursday,2,21,0,13,2,129,39.09163333,-76.85769167,12,3,0,2,0,0,1,0
240065,MARYLAND,MD,1,0,5,33,1400,CHEROKEE,25,3,March,2010,5,Thursday,23,55,0,14,4,0,38.89580000,-76.90603611,33,3,0,2,0,0,2,0
240066,MARYLAND,MD,1,0,2,33,900,CHEROKEE,6,3,March,2010,7,Saturday,8,57,0,13,3,109,39.04855278,-76.83069722,42,1,0,1,0,0,1,0
240067,MARYLAND,MD,2,0,2,33,1400,CHEROKEE,17,3,March,2010,4,Wednesday,17,11,0,14,3,2,38.89631111,-76.90635556,12,1,0,1,0,0,1,0
240068,MARYLAND,MD,1,2,1,5,0,BAKER HILL,6,4,April,2010,3,Tuesday,16,37,0,4,3,52,39.52149722,-76.76638333,9,1,0,1,0,0,1,0
240069,MARYLAND,MD,1,1,1,5,0,BAKER HILL,6,4,April,2010,3,Tuesday,19,5,0,14,2,36,39.29139722,-76.71645556,8,1,0,1,0,0,1,0
240070,MARYLAND,MD,2,0,4,25,0,BARLOW BEND,4,4,April,2010,1,Sunday,10,15,0,15,4,17,39.47459722,-76.33910278,1,1,0,1,0,0,1,1
240071,MARYLAND,MD,2,0,2,5,0,BAKER HILL,8,4,April,2010,5,Thursday,22,56,0,13,3,97,39.50092778,-76.65071111,12,2,0,2,0,0,1,0
240072,MARYLAND,MD,1,0,3,23,0,BLADON SPRINGS,11,4,April,2010,1,Sunday,13,52,1,11,1,138,39.68228889,-79.23915000,1,1,0,1,0,0,2,0
240073,MARYLAND,MD,4,0,9,33,0,CHEROKEE,10,4,April,2010,7,Saturday,13,22,0,14,3,83,38.90833333,-76.83491389,12,1,0,1,0,0,1,0
240074,MARYLAND,MD,1,0,3,5,0,BAKER HILL,5,4,April,2010,2,Monday,14,10,0,13,3,73,39.43998889,-76.80545278,33,1,0,1,0,0,1,0
240075,MARYLAND,MD,1,0,1,5,0,BAKER HILL,16,4,April,2010,6,Friday,13,14,0,13,3,5,39.26269722,-76.78649444,1,1,0,1,0,0,1,0
240076,MARYLAND,MD,1,0,1,33,0,CHEROKEE,16,4,April,2010,6,Friday,14,18,1,2,2,226,38.92820000,-76.71658611,42,1,0,1,0,0,1,1
240077,MARYLAND,MD,3,0,3,25,0,BARLOW BEND,16,4,April,2010,6,Friday,14,1,0,3,3,83,39.62711111,-76.47484167,12,1,0,1,0,0,1,0
240078,MARYLAND,MD,1,0,1,3,0,BALDWIN,15,4,April,2010,5,Thursday,10,46,1,11,1,0,39.20209722,-76.61547778,24,1,0,1,0,0,1,0
240079,MARYLAND,MD,1,0,1,13,0,BOLLING,17,4,April,2010,7,Saturday,16,0,0,5,4,23,39.52734444,-77.05510556,42,1,0,1,0,0,1,1
240080,MARYLAND,MD,1,0,1,33,0,CHEROKEE,22,4,April,2010,5,Thursday,19,54,0,13,3,39,38.89160000,-76.84485833,24,1,0,1,0,0,1,0
240081,MARYLAND,MD,1,0,1,5,0,BAKER HILL,18,4,April,2010,1,Sunday,4,1,0,13,3,110,39.52738056,-76.64487500,24,2,0,1,0,0,1,1
240082,MARYLAND,MD,2,0,3,15,0,ANNISTON,24,4,April,2010,7,Saturday,21,41,0,3,3,138,39.53386944,-75.81137222,12,2,0,2,0,0,1,0
240083,MARYLAND,MD,2,0,2,25,0,BARLOW BEND,30,4,April,2010,6,Friday,18,33,0,13,2,71,39.46157778,-76.25288611,12,1,0,1,0,0,1,0
240084,MARYLAND,MD,2,0,2,9,0,BLOUNT,3,5,May,2010,2,Monday,18,19,0,4,3,0,38.41935000,-76.54441944,12,1,0,1,0,0,1,0
240085,MARYLAND,MD,1,0,4,1,0,AUTAUGA,4,5,May,2010,3,Tuesday,8,16,1,11,1,211,39.71220556,-78.60571944,24,9,0,1,0,0,3,1
240086,MARYLAND,MD,2,4,4,510,50,BALTIMORE,16,1,January,2010,7,Saturday,12,14,0,14,6,0,39.29159722,-76.62114167,33,1,0,1,0,0,2,0
240087,MARYLAND,MD,3,0,3,27,0,ASHLAND,19,4,April,2010,2,Monday,16,44,1,11,1,33,39.15262778,-76.83837778,14,1,0,1,0,0,1,0
240088,MARYLAND,MD,2,0,3,17,0,CHAMBERS,6,5,May,2010,5,Thursday,11,28,1,13,2,57,38.40739722,-76.95347778,12,1,0,1,0,0,1,0
240089,MARYLAND,MD,2,0,3,3,0,BALDWIN,7,4,April,2010,4,Wednesday,22,36,0,14,3,0,39.13614444,-76.66528056,12,3,0,1,0,0,3,1
240090,MARYLAND,MD,2,0,2,5,0,BAKER HILL,14,4,April,2010,4,Wednesday,8,30,0,5,4,0,39.43135278,-76.40905278,12,1,0,1,0,0,1,0
240091,MARYLAND,MD,1,1,1,15,0,ANNISTON,26,4,April,2010,2,Monday,21,27,1,11,1,74,39.62635000,-75.98127500,8,2,0,2,0,0,1,0
240092,MARYLAND,MD,2,0,2,5,0,BAKER HILL,27,4,April,2010,3,Tuesday,10,30,0,16,4,5,39.34292778,-76.74978056,12,1,0,1,0,0,1,0
240093,MARYLAND,MD,2,0,4,17,0,CHAMBERS,2,5,May,2010,1,Sunday,20,25,0,4,3,211,38.57299722,-77.15706944,12,1,0,1,0,0,1,1
240094,MARYLAND,MD,2,0,3,45,0,ARITON,5,5,May,2010,4,Wednesday,3,10,1,2,2,284,38.38446667,-75.37310000,12,3,0,1,0,0,2,1
240095,MARYLAND,MD,3,0,5,25,0,BARLOW BEND,4,5,May,2010,3,Tuesday,20,54,1,2,2,143,39.63709167,-76.26764722,12,3,0,1,0,0,1,1
240096,MARYLAND,MD,1,0,1,510,50,BALTIMORE,6,3,March,2010,7,Saturday,3,9,1,11,1,0,39.30713889,-76.54312222,24,3,0,1,0,0,1,1
240097,MARYLAND,MD,2,0,2,510,50,BALTIMORE,20,2,February,2010,7,Saturday,21,35,0,14,6,0,39.28035278,-76.57131667,12,3,0,1,0,0,1,1
240098,MARYLAND,MD,1,0,1,27,0,ASHLAND,27,3,March,2010,7,Saturday,11,30,0,14,4,11,39.17869722,-76.82885278,42,1,0,1,0,0,1,0
240099,MARYLAND,MD,2,0,4,27,0,ASHLAND,3,3,March,2010,4,Wednesday,14,52,1,12,2,0,39.29314167,-76.82548333,12,1,0,1,0,0,2,0
240100,MARYLAND,MD,1,0,4,510,50,BALTIMORE,22,3,March,2010,2,Monday,2,10,1,13,2,0,39.29254444,-76.70390278,30,3,0,1,0,0,1,0
240101,MARYLAND,MD,1,0,3,510,50,BALTIMORE,2,1,January,2010,7,Saturday,2,14,0,13,6,0,39.24322222,-76.63023889,43,3,0,1,0,0,1,1
240102,MARYLAND,MD,1,0,1,31,0,COFFEE,4,4,April,2010,1,Sunday,2,21,0,13,4,31,39.05955000,-77.06125000,31,3,0,1,0,0,1,0
240103,MARYLAND,MD,1,1,1,31,0,COFFEE,2,4,April,2010,6,Friday,5,54,0,3,3,38,39.05625000,-77.08315833,33,1,0,1,0,0,1,0
240104,MARYLAND,MD,1,0,1,31,0,COFFEE,11,4,April,2010,1,Sunday,11,59,0,4,3,36,39.23241944,-77.28422778,1,1,0,1,0,0,1,0
240105,MARYLAND,MD,2,0,2,13,0,BOLLING,2,4,April,2010,6,Friday,8,47,0,3,3,105,39.48102500,-77.06553056,12,1,0,1,0,0,1,0
240106,MARYLAND,MD,3,0,4,37,0,BRADFORD,26,4,April,2010,2,Monday,17,26,0,3,3,31,38.37269167,-76.79658889,12,1,0,2,0,0,1,0
240107,MARYLAND,MD,2,0,4,510,50,BALTIMORE,28,4,April,2010,4,Wednesday,11,40,0,14,6,0,39.33469444,-76.69401111,12,1,0,1,0,0,1,0
240108,MARYLAND,MD,1,0,1,3,0,BALDWIN,1,5,May,2010,7,Saturday,0,46,0,15,3,0,39.21661111,-76.64476667,39,3,0,1,0,0,1,1
240109,MARYLAND,MD,2,1,2,43,0,BAILEYTON,6,5,May,2010,5,Thursday,1,20,0,3,3,9,39.47227778,-77.74754167,8,2,0,1,0,0,1,1
240110,MARYLAND,MD,2,0,2,21,0,CHILTON,6,5,May,2010,5,Thursday,18,18,0,4,2,6,39.53310833,-77.59514722,12,1,0,1,0,0,1,1
240111,MARYLAND,MD,1,0,1,11,0,BULLOCK,8,5,May,2010,7,Saturday,12,31,0,3,3,259,39.03231944,-75.78686667,30,1,0,6,0,0,1,1
240112,MARYLAND,MD,1,1,1,13,0,BOLLING,8,5,May,2010,7,Saturday,12,31,0,5,4,2,39.54538611,-76.92189167,8,1,0,1,0,0,1,0
240113,MARYLAND,MD,1,0,1,25,0,BARLOW BEND,8,5,May,2010,7,Saturday,15,7,0,6,3,0,39.55346111,-76.23408889,30,1,0,1,0,0,1,0
240114,MARYLAND,MD,1,0,2,31,0,COFFEE,11,5,May,2010,3,Tuesday,17,25,0,13,3,154,39.21356944,-77.06115278,53,1,0,2,0,0,1,0
240115,MARYLAND,MD,1,0,1,25,0,BARLOW BEND,12,5,May,2010,4,Wednesday,14,24,0,16,4,17,39.49374167,-76.41866667,1,1,0,1,0,0,1,0
240116,MARYLAND,MD,1,0,2,15,0,ANNISTON,15,5,May,2010,7,Saturday,0,58,0,6,4,26,39.57823889,-76.03204167,42,2,0,1,0,0,2,1
240117,MARYLAND,MD,2,0,6,33,0,CHEROKEE,15,5,May,2010,7,Saturday,8,42,0,13,2,7,38.89651111,-76.71868889,12,1,0,1,0,0,1,0
240118,MARYLAND,MD,1,0,1,13,0,BOLLING,15,5,May,2010,7,Saturday,17,59,0,4,4,6,39.70632778,-76.84460278,53,1,0,1,0,0,1,1
240119,MARYLAND,MD,1,1,1,3,0,BALDWIN,20,5,May,2010,5,Thursday,22,3,1,11,1,144,39.16064722,-76.64465833,8,3,0,1,0,0,1,0
240120,MARYLAND,MD,1,1,2,31,0,COFFEE,16,5,May,2010,1,Sunday,20,32,0,4,3,57,39.18107500,-77.26269444,8,1,0,1,0,0,1,0
240121,MARYLAND,MD,2,0,2,45,0,ARITON,25,5,May,2010,3,Tuesday,12,18,1,2,2,258,38.38520000,-75.42268889,12,1,0,1,0,0,1,0
240122,MARYLAND,MD,1,0,2,15,0,ANNISTON,30,5,May,2010,1,Sunday,11,5,1,11,1,150,39.64221389,-75.86390000,1,1,0,1,0,0,1,0
240123,MARYLAND,MD,3,0,4,25,0,BARLOW BEND,16,5,May,2010,1,Sunday,22,35,0,14,3,85,39.55658333,-76.32993056,12,2,0,1,0,0,1,1
240124,MARYLAND,MD,2,0,2,33,0,CHEROKEE,26,5,May,2010,4,Wednesday,15,48,1,11,1,5,38.94622500,-76.85232778,14,1,0,1,0,0,1,0
240125,MARYLAND,MD,1,1,1,47,0,BROWNS,5,6,June,2010,7,Saturday,1,36,0,13,3,62,38.36443889,-75.07212222,8,3,0,1,0,0,1,0
240126,MARYLAND,MD,1,0,1,43,0,BAILEYTON,6,6,June,2010,1,Sunday,2,24,0,4,2,193,39.64314722,-78.01798333,24,2,0,1,0,0,1,1
240127,MARYLAND,MD,1,0,1,21,0,CHILTON,26,4,April,2010,2,Monday,0,10,0,5,3,38,39.34777222,-77.60690556,41,2,0,1,0,0,1,0
240128,MARYLAND,MD,1,0,1,3,0,BALDWIN,19,1,January,2010,3,Tuesday,13,0,0,14,3,49,39.09639722,-76.72100556,33,1,0,1,0,0,1,0
240129,MARYLAND,MD,1,0,1,33,1620,CHEROKEE,30,1,January,2010,7,Saturday,2,28,0,4,3,97,38.73073611,-76.75565556,42,2,0,1,0,0,1,0
240130,MARYLAND,MD,2,0,4,17,0,CHAMBERS,14,1,January,2010,5,Thursday,14,57,1,2,2,10,99.99990000,999.99990000,12,1,0,1,0,0,1,0
240132,MARYLAND,MD,1,0,2,5,0,BAKER HILL,9,4,April,2010,6,Friday,22,10,0,13,3,2,39.29903611,-76.49741667,33,3,0,1,0,0,1,1
240133,MARYLAND,MD,1,0,1,9,0,BLOUNT,17,4,April,2010,7,Saturday,0,30,0,6,8,0,38.45678056,-76.47780556,42,2,0,1,0,0,1,1
240134,MARYLAND,MD,1,0,1,47,0,BROWNS,18,4,April,2010,1,Sunday,20,54,0,5,4,4,38.05110000,-75.56791389,34,2,0,1,0,0,1,1
240135,MARYLAND,MD,1,1,1,5,0,BAKER HILL,25,4,April,2010,1,Sunday,16,0,0,14,3,26,39.33797222,-76.48895278,8,1,0,1,0,0,1,0
240136,MARYLAND,MD,1,0,1,33,1620,CHEROKEE,28,4,April,2010,4,Wednesday,0,31,1,13,2,0,38.82497778,-76.73513611,24,2,0,1,0,0,1,0
240137,MARYLAND,MD,2,0,2,3,9898,BALDWIN,23,4,April,2010,6,Friday,18,13,0,14,3,0,39.15845000,-76.70306667,12,1,0,1,0,0,1,0
240138,MARYLAND,MD,1,1,2,5,0,BAKER HILL,1,5,May,2010,7,Saturday,20,38,0,13,2,181,39.38205278,-76.50063333,8,3,0,1,0,0,1,0
240139,MARYLAND,MD,1,1,1,3,0,BALDWIN,7,5,May,2010,6,Friday,23,38,0,14,3,0,39.15153611,-76.72072778,8,2,0,1,0,0,1,0
240140,MARYLAND,MD,2,0,3,21,0,CHILTON,15,5,May,2010,7,Saturday,10,24,1,2,2,300,39.64067778,-77.40154722,12,1,0,1,0,0,2,0
240141,MARYLAND,MD,1,0,1,5,0,BAKER HILL,21,5,May,2010,6,Friday,0,28,0,13,3,2,39.42943056,-76.59573611,17,3,0,1,0,0,1,1
240142,MARYLAND,MD,1,0,1,27,0,ASHLAND,24,5,May,2010,2,Monday,5,24,1,1,1,121,39.31193889,-76.96450833,42,1,0,2,0,0,1,0
240143,MARYLAND,MD,2,0,6,31,0,COFFEE,16,5,May,2010,1,Sunday,20,33,0,15,4,7,39.17853889,-77.17955556,12,3,0,1,0,0,1,0
240144,MARYLAND,MD,2,0,3,33,0,CHEROKEE,1,6,June,2010,3,Tuesday,9,53,1,13,2,64,38.73533889,-76.82601944,12,1,0,1,0,0,1,1
240145,MARYLAND,MD,2,1,2,3,0,BALDWIN,3,6,June,2010,5,Thursday,0,58,1,12,2,132,39.02531944,-76.46801944,8,2,0,1,0,0,1,0
240146,MARYLAND,MD,2,0,3,11,0,BULLOCK,8,6,June,2010,3,Tuesday,12,41,0,4,3,22,38.93223889,-75.90471389,12,1,0,1,0,0,1,0
240147,MARYLAND,MD,1,1,1,37,0,BRADFORD,8,6,June,2010,3,Tuesday,22,47,0,3,3,442,38.49158889,-76.77525000,8,2,0,1,0,0,1,1
240148,MARYLAND,MD,2,0,2,13,0,BOLLING,10,6,June,2010,5,Thursday,18,27,1,2,3,82,39.68539167,-76.89296667,12,1,0,1,0,0,1,0
240149,MARYLAND,MD,2,0,3,3,0,BALDWIN,11,6,June,2010,6,Friday,14,56,0,14,3,0,39.22430833,-76.65929444,12,1,0,1,0,0,1,0
240150,MARYLAND,MD,1,1,1,3,0,BALDWIN,10,6,June,2010,5,Thursday,12,50,0,13,3,0,38.97654167,-76.50869167,8,1,0,1,0,0,1,0
240151,MARYLAND,MD,2,0,5,25,0,BARLOW BEND,13,6,June,2010,1,Sunday,18,9,1,11,1,77,39.48423611,-76.25164167,12,1,0,1,0,0,1,0