ST_CASE,State Name,State Abbreviation,VE_TOTAL,Pedestrains,Total_Persons_in_accident,COUNTY,CITY,City_County_Name,Calendar_DAY,MONTH,Month_Name,YEAR,DAY_WEEK,Day_Week_desc,HOUR,MINUTE,NHS_Desc,trafficway,ROUTE,MILEPT,LATITUDE,LONGITUD,First_Crash_event,Light_cond_desc,Weather_condition,WEATHER,SCH_BUS,Crash_cause,FATALS,DRUNK_DR
240152,MARYLAND,MD,1,0,1,5,0,BAKER HILL,11,6,June,2010,6,Friday,0,30,0,16,4,4,39.44556667,-76.64365278,33,3,0,1,0,0,1,1
240153,MARYLAND,MD,1,0,1,43,0,BAILEYTON,18,6,June,2010,6,Friday,18,3,0,5,4,17,39.51907222,-77.76792500,17,1,0,1,0,0,1,0
240154,MARYLAND,MD,1,0,2,9,0,BLOUNT,20,6,June,2010,1,Sunday,16,53,0,6,4,2,38.46951667,-76.59328333,32,1,0,1,0,0,1,1
240155,MARYLAND,MD,3,0,6,510,50,BALTIMORE,16,3,March,2010,3,Tuesday,11,10,0,13,6,0,39.28811111,-76.53160833,12,1,0,1,0,0,1,0
240156,MARYLAND,MD,3,0,3,25,0,BARLOW BEND,17,6,June,2010,5,Thursday,16,55,0,4,3,26,39.50559722,-76.38592222,12,1,0,1,0,0,1,0
240157,MARYLAND,MD,1,1,1,13,0,BOLLING,21,6,June,2010,2,Monday,14,55,0,4,3,203,39.62598611,-76.99913889,8,1,0,1,0,0,1,0
240158,MARYLAND,MD,2,0,3,45,0,ARITON,25,6,June,2010,6,Friday,12,20,1,2,2,258,38.38513056,-75.42234444,12,1,0,1,0,0,1,0
240159,MARYLAND,MD,1,0,1,23,0,BLADON SPRINGS,26,6,June,2010,7,Saturday,10,22,1,1,1,63,39.67657500,-79.38141389,24,1,0,1,0,0,1,0
240160,MARYLAND,MD,2,0,2,43,0,BAILEYTON,26,6,June,2010,7,Saturday,18,32,0,4,4,19,39.70273056,-77.77835278,30,1,0,1,0,0,1,1
240161,MARYLAND,MD,1,0,2,1,0,AUTAUGA,29,6,June,2010,3,Tuesday,0,52,0,14,6,0,39.65563056,-78.76084722,25,3,0,1,0,0,1,1
240162,MARYLAND,MD,2,0,2,510,50,BALTIMORE,4,4,April,2010,1,Sunday,17,41,0,16,6,0,39.34243056,-76.55745556,12,1,0,1,0,0,1,0
240163,MARYLAND,MD,2,1,2,33,1175,CHEROKEE,11,4,April,2010,1,Sunday,2,16,0,14,3,140,38.81672500,-76.99898611,12,3,0,1,0,0,1,0
240164,MARYLAND,MD,2,0,2,25,0,BARLOW BEND,23,4,April,2010,6,Friday,19,6,0,14,4,23,39.40541944,-76.34371389,12,1,0,1,0,0,1,1
240165,MARYLAND,MD,2,0,2,17,0,CHAMBERS,4,5,May,2010,3,Tuesday,14,10,1,2,3,70,38.52518056,-76.72792222,12,1,0,1,0,0,1,0
240166,MARYLAND,MD,1,0,2,33,879,CHEROKEE,12,5,May,2010,4,Wednesday,19,38,0,15,4,25,38.90583611,-76.85350556,33,5,0,1,0,0,1,1
240167,MARYLAND,MD,1,1,1,1,0,AUTAUGA,21,5,May,2010,6,Friday,9,58,0,6,3,107,39.70473333,-78.57231111,15,1,0,1,0,0,1,0
240168,MARYLAND,MD,1,1,1,31,0,COFFEE,24,5,May,2010,2,Monday,20,46,0,13,3,33,39.02035833,-76.97655556,8,3,0,1,0,0,1,0
240169,MARYLAND,MD,1,0,1,31,0,COFFEE,27,5,May,2010,5,Thursday,14,42,1,11,1,56,39.01540000,-77.12182500,31,1,0,1,0,0,1,0
240170,MARYLAND,MD,1,0,1,31,0,COFFEE,18,3,March,2010,5,Thursday,14,50,0,13,3,0,39.05791667,-77.08538889,38,1,0,1,0,0,1,0
240171,MARYLAND,MD,1,0,1,27,0,ASHLAND,4,5,May,2010,3,Tuesday,20,16,0,15,4,8,39.13338889,-76.83252222,42,2,0,1,0,0,1,0
240172,MARYLAND,MD,2,0,2,13,0,BOLLING,23,5,May,2010,1,Sunday,22,32,0,3,3,45,39.40854444,-77.12874444,12,2,0,2,0,0,1,1
240173,MARYLAND,MD,1,1,1,33,1175,CHEROKEE,10,5,May,2010,2,Monday,13,30,0,6,3,0,38.82054444,-77.00105000,8,1,0,1,0,0,1,1
240174,MARYLAND,MD,1,1,7,33,0,CHEROKEE,30,5,May,2010,1,Sunday,3,15,1,11,1,131,38.87369444,-76.84357222,8,2,0,1,0,0,1,0
240175,MARYLAND,MD,1,1,1,3,0,BALDWIN,2,6,June,2010,4,Wednesday,21,2,1,13,3,0,39.08766944,-76.55505278,8,2,0,1,0,0,1,0
240176,MARYLAND,MD,1,1,2,3,0,BALDWIN,5,6,June,2010,7,Saturday,21,52,0,14,3,0,39.18318889,-76.63991667,8,3,0,1,0,0,1,0
240177,MARYLAND,MD,2,0,2,21,0,CHILTON,28,6,June,2010,2,Monday,14,36,0,3,3,115,39.47979722,-77.20745000,12,1,0,1,0,0,1,0
240178,MARYLAND,MD,1,1,1,5,0,BAKER HILL,28,6,June,2010,2,Monday,22,5,1,11,1,0,39.34312500,-76.49480000,8,2,0,1,0,0,1,0
240179,MARYLAND,MD,1,0,1,31,0,COFFEE,16,6,June,2010,4,Wednesday,13,7,0,15,4,10,39.09036667,-77.01454722,53,1,0,1,0,0,1,0
240180,MARYLAND,MD,2,0,2,25,0,BARLOW BEND,29,6,June,2010,3,Tuesday,10,10,0,3,3,61,39.47618611,-76.37982778,12,1,0,1,0,0,1,0
240181,MARYLAND,MD,1,0,4,31,0,COFFEE,23,6,June,2010,4,Wednesday,22,38,0,14,3,15,39.08447222,-77.04621667,33,2,0,1,0,0,2,0
240182,MARYLAND,MD,2,0,2,27,0,ASHLAND,4,7,July,2010,1,Sunday,12,53,0,15,4,12,39.20750000,-76.81376667,12,1,0,1,0,0,1,0
240183,MARYLAND,MD,3,0,1,43,0,BAILEYTON,10,7,July,2010,7,Saturday,10,51,0,16,6,4,39.63235833,-77.72745556,14,1,0,1,0,0,1,0
240184,MARYLAND,MD,2,0,1,43,0,BAILEYTON,11,7,July,2010,1,Sunday,3,57,0,4,2,271,39.65865278,-77.88310000,33,2,0,1,0,0,1,0
240185,MARYLAND,MD,1,0,1,35,0,BROOKLYN,12,7,July,2010,2,Monday,5,39,0,5,3,60,39.02608611,-76.02032778,1,4,0,1,0,0,1,1
240186,MARYLAND,MD,1,0,1,33,0,CHEROKEE,21,7,July,2010,4,Wednesday,16,22,1,11,1,43,38.81235833,-76.96188889,24,1,0,1,0,0,1,0
240187,MARYLAND,MD,4,0,3,27,0,ASHLAND,25,6,June,2010,6,Friday,11,55,0,3,3,63,39.32061944,-77.01948056,12,1,0,1,0,0,1,0
240188,MARYLAND,MD,1,1,1,15,0,ANNISTON,16,4,April,2010,6,Friday,13,57,0,6,4,25,39.54410278,-76.00989722,8,1,0,1,0,0,1,0
240189,MARYLAND,MD,1,0,1,15,0,ANNISTON,3,5,May,2010,2,Monday,20,58,0,6,4,12,39.68539167,-76.11581389,42,2,0,1,0,0,1,0
240190,MARYLAND,MD,1,0,1,510,50,BALTIMORE,3,5,May,2010,2,Monday,12,22,1,13,2,0,39.30485000,-76.53857222,33,1,0,1,0,0,1,0
240191,MARYLAND,MD,2,0,1,5,0,BAKER HILL,25,5,May,2010,3,Tuesday,18,39,0,14,4,22,39.35807778,-76.75230278,14,1,0,1,0,0,1,0
240192,MARYLAND,MD,2,0,2,31,0,COFFEE,26,5,May,2010,4,Wednesday,16,0,0,16,4,3,39.01862500,-77.17500556,12,1,0,1,0,99,1,0
240193,MARYLAND,MD,1,1,1,5,0,BAKER HILL,23,6,June,2010,4,Wednesday,0,50,0,14,4,41,39.32701111,-76.73531667,8,3,0,1,0,0,1,0
240194,MARYLAND,MD,1,0,1,3,0,BALDWIN,16,6,June,2010,4,Wednesday,17,29,1,12,3,151,39.06943056,-76.83135278,1,1,0,1,0,0,1,0
240195,MARYLAND,MD,2,0,2,37,0,BRADFORD,26,6,June,2010,7,Saturday,23,17,1,2,3,196,38.33499167,-76.55891389,12,2,0,1,0,0,1,0
240196,MARYLAND,MD,3,0,3,27,0,ASHLAND,8,6,June,2010,3,Tuesday,7,55,0,16,3,61,39.15951667,-76.93300833,12,1,0,1,0,0,1,0
240197,MARYLAND,MD,1,0,1,9,0,BLOUNT,4,7,July,2010,1,Sunday,2,14,1,2,3,15,38.50689444,-76.63787778,24,3,0,1,0,0,1,1
240198,MARYLAND,MD,1,1,1,5,0,BAKER HILL,25,6,June,2010,6,Friday,9,31,0,15,4,4,39.25854722,-76.51474167,8,1,0,1,0,0,1,0
240199,MARYLAND,MD,1,1,2,510,50,BALTIMORE,2,7,July,2010,6,Friday,14,0,1,13,2,0,39.30172778,-76.54835833,8,1,0,1,0,0,1,0
240200,MARYLAND,MD,2,0,2,5,0,BAKER HILL,3,7,July,2010,7,Saturday,3,12,0,12,3,10,39.38042222,-76.55633889,12,3,0,1,0,0,1,2
240201,MARYLAND,MD,1,0,1,21,0,CHILTON,19,7,July,2010,2,Monday,23,18,1,2,2,195,39.49894167,-77.39893889,1,2,0,1,0,0,1,1
240202,MARYLAND,MD,4,0,5,13,0,BOLLING,20,7,July,2010,3,Tuesday,7,33,0,3,3,158,39.53873333,-77.02068333,12,1,0,1,0,0,1,0
240203,MARYLAND,MD,3,0,6,13,0,BOLLING,29,7,July,2010,5,Thursday,19,0,0,3,3,5,39.60026667,-76.93266389,12,1,0,1,0,0,1,0
240204,MARYLAND,MD,1,0,2,17,0,CHAMBERS,23,6,June,2010,4,Wednesday,14,30,0,6,4,0,38.56788889,-76.99493333,42,1,0,1,0,0,1,1
240205,MARYLAND,MD,2,0,2,33,900,CHEROKEE,29,7,July,2010,5,Thursday,16,2,0,13,3,28,39.10180833,-76.86053056,12,1,0,1,0,0,1,0
240206,MARYLAND,MD,1,1,1,510,50,BALTIMORE,13,5,May,2010,5,Thursday,1,34,0,13,6,0,39.30433333,-76.62073333,8,3,0,1,0,0,1,0
240207,MARYLAND,MD,1,0,1,510,50,BALTIMORE,30,5,May,2010,1,Sunday,17,45,0,15,6,0,39.28976389,-76.64245833,30,1,0,1,0,0,1,0
240208,MARYLAND,MD,1,1,1,33,0,CHEROKEE,19,6,June,2010,7,Saturday,23,35,1,2,2,24,38.69713333,-76.87043611,8,2,0,1,0,0,1,0
240209,MARYLAND,MD,1,0,2,510,50,BALTIMORE,21,6,June,2010,2,Monday,0,54,1,11,1,0,39.30594444,-76.61245000,39,3,0,1,0,0,1,1
240210,MARYLAND,MD,3,1,5,5,0,BAKER HILL,6,7,July,2010,3,Tuesday,22,50,0,13,2,240,39.40983889,-76.38866944,12,2,0,1,0,0,2,0
240211,MARYLAND,MD,1,0,1,5,0,BAKER HILL,11,7,July,2010,1,Sunday,17,16,1,11,1,255,39.38693889,-76.52967778,39,1,0,1,0,0,1,0
240212,MARYLAND,MD,1,0,3,510,50,BALTIMORE,5,4,April,2010,2,Monday,23,17,0,14,6,0,39.32194722,-76.54870000,43,3,0,1,0,0,1,1
240213,MARYLAND,MD,1,1,1,510,50,BALTIMORE,13,6,June,2010,1,Sunday,2,55,0,15,6,0,39.35520556,-76.60698056,8,3,0,1,0,0,1,0
240214,MARYLAND,MD,1,1,1,5,0,BAKER HILL,26,7,July,2010,2,Monday,17,12,0,13,2,158,39.35681667,-76.52831389,8,1,0,1,0,0,1,0
240215,MARYLAND,MD,1,0,1,17,0,CHAMBERS,3,7,July,2010,7,Saturday,23,58,0,15,4,3,38.62527778,-76.92202222,1,2,0,1,0,0,1,1
240216,MARYLAND,MD,1,0,1,31,0,COFFEE,15,5,May,2010,7,Saturday,1,45,1,13,4,5,39.17851389,-77.26830556,33,3,0,1,0,0,1,1
240217,MARYLAND,MD,2,0,4,510,50,BALTIMORE,19,6,June,2010,7,Saturday,18,34,0,13,6,0,39.32208056,-76.61466111,12,1,0,1,0,0,1,0
240218,MARYLAND,MD,2,0,5,5,0,BAKER HILL,6,7,July,2010,3,Tuesday,15,21,0,13,3,34,39.41739722,-76.61487500,12,1,0,1,0,0,1,0
240219,MARYLAND,MD,3,0,3,1,0,AUTAUGA,22,5,May,2010,7,Saturday,20,49,1,11,1,246,39.70474444,-78.56640833,12,2,0,2,0,0,1,0
240220,MARYLAND,MD,3,0,2,5,0,BAKER HILL,31,7,July,2010,7,Saturday,22,52,0,13,2,162,39.32762500,-76.49514167,12,3,0,1,0,0,1,0
240221,MARYLAND,MD,2,0,2,23,0,BLADON SPRINGS,13,8,August,2010,6,Friday,23,9,1,2,2,269,39.68010833,-79.26309722,12,2,0,1,0,0,1,1
240222,MARYLAND,MD,1,1,1,31,0,COFFEE,25,6,June,2010,6,Friday,19,5,0,3,3,11,39.22364167,-77.23719167,9,1,0,1,0,0,1,1
240223,MARYLAND,MD,1,0,1,31,0,COFFEE,17,6,June,2010,5,Thursday,6,37,0,16,4,3,39.05745000,-77.11301667,1,1,0,1,0,0,1,0
240224,MARYLAND,MD,3,0,1,29,0,BORDEN SPRINGS,30,6,June,2010,4,Wednesday,16,43,0,4,3,44,39.36869444,-76.06271667,14,1,0,1,0,0,1,1
240225,MARYLAND,MD,1,0,1,31,130,COFFEE,1,5,May,2010,7,Saturday,10,47,0,16,4,0,99.99990000,999.99990000,18,1,0,1,0,0,1,0
240226,MARYLAND,MD,1,1,1,13,0,BOLLING,24,8,August,2010,3,Tuesday,14,52,0,4,3,20,39.56844722,-77.15359167,9,1,0,1,0,0,1,0
240227,MARYLAND,MD,2,0,4,5,0,BAKER HILL,4,7,July,2010,1,Sunday,12,3,1,11,1,175,39.59676111,-76.66585833,12,1,0,1,0,0,1,0
240228,MARYLAND,MD,2,0,4,5,0,BAKER HILL,18,7,July,2010,1,Sunday,0,39,0,14,4,28,39.38606111,-76.53740278,1,3,0,1,0,0,1,1
240229,MARYLAND,MD,2,0,2,31,0,COFFEE,29,7,July,2010,5,Thursday,21,3,1,12,2,100,39.10418889,-76.93311389,12,3,0,1,0,0,1,0
240230,MARYLAND,MD,1,0,1,5,0,BAKER HILL,9,8,August,2010,2,Monday,2,14,0,15,4,9,39.27959722,-76.49043333,30,3,0,1,0,0,1,1
240231,MARYLAND,MD,2,0,2,21,0,CHILTON,5,7,July,2010,2,Monday,21,27,0,6,4,8,39.64793056,-77.39928333,31,2,0,1,0,0,1,1
240232,MARYLAND,MD,2,0,4,35,0,BROOKLYN,1,8,August,2010,1,Sunday,8,16,0,5,3,59,38.95824167,-76.34029167,12,1,0,1,0,0,2,1
240233,MARYLAND,MD,2,0,2,31,0,COFFEE,7,8,August,2010,7,Saturday,8,50,0,14,3,26,39.01660833,-77.11958056,33,1,0,1,0,0,2,1
240234,MARYLAND,MD,2,0,2,5,0,BAKER HILL,13,8,August,2010,6,Friday,9,20,0,13,4,3,39.27156667,-76.50912222,33,1,0,1,0,0,1,1
240235,MARYLAND,MD,2,0,1,13,0,BOLLING,13,8,August,2010,6,Friday,21,8,0,3,3,90,39.46465833,-77.07973611,14,1,0,1,0,0,1,1
240236,MARYLAND,MD,2,1,5,43,0,BAILEYTON,14,8,August,2010,7,Saturday,22,57,1,11,1,290,39.60575556,-77.72685556,8,2,0,1,0,0,1,0
240237,MARYLAND,MD,2,0,3,45,0,ARITON,13,8,August,2010,6,Friday,15,3,1,2,2,60,38.39922500,-75.57280556,12,1,0,1,0,0,1,0
240238,MARYLAND,MD,2,0,5,33,0,CHEROKEE,22,8,August,2010,1,Sunday,6,23,1,11,1,66,38.95323611,-76.73808611,12,1,0,1,0,0,1,1
240239,MARYLAND,MD,2,0,2,15,0,ANNISTON,23,8,August,2010,2,Monday,5,3,0,4,3,37,39.66451667,-76.01483333,12,2,0,1,0,0,1,0
240241,MARYLAND,MD,1,1,1,31,0,COFFEE,13,6,June,2010,1,Sunday,21,58,0,13,3,33,39.05636667,-77.08267500,8,3,0,1,0,0,1,0
240242,MARYLAND,MD,1,0,1,15,0,ANNISTON,22,6,June,2010,3,Tuesday,13,42,0,4,3,52,39.60156667,-75.93672500,30,1,0,1,0,0,1,0
240243,MARYLAND,MD,2,0,3,27,0,ASHLAND,10,7,July,2010,7,Saturday,20,9,0,13,2,74,39.29569167,-76.90190556,12,5,0,1,0,0,1,1
240244,MARYLAND,MD,1,0,1,33,240,CHEROKEE,8,7,July,2010,5,Thursday,1,6,0,13,3,3,38.88871944,-76.90774167,31,2,0,1,0,0,1,1
240245,MARYLAND,MD,2,0,2,33,100,CHEROKEE,7,7,July,2010,4,Wednesday,11,50,0,14,4,24,39.04477778,-76.95157778,12,1,0,1,0,0,1,1
240246,MARYLAND,MD,2,0,2,33,175,CHEROKEE,12,7,July,2010,2,Monday,17,34,0,4,3,119,38.69040000,-76.82052500,12,1,0,2,0,0,1,1
240247,MARYLAND,MD,2,0,4,33,370,CHEROKEE,1,7,July,2010,5,Thursday,1,36,0,14,4,8,39.01971667,-76.93905833,12,3,0,1,0,0,1,1
240248,MARYLAND,MD,2,0,2,25,0,BARLOW BEND,11,7,July,2010,1,Sunday,13,9,0,3,3,80,39.62246667,-76.47628056,12,1,0,1,0,0,1,0
240249,MARYLAND,MD,3,0,1,33,1175,CHEROKEE,15,7,July,2010,5,Thursday,17,5,0,16,4,4,38.80838056,-76.97932500,14,1,0,1,0,0,1,0
240250,MARYLAND,MD,1,0,1,33,1520,CHEROKEE,19,7,July,2010,2,Monday,1,5,0,16,3,8,38.85270833,-76.93412222,42,3,0,1,0,0,1,1
240251,MARYLAND,MD,2,0,9,47,0,BROWNS,24,7,July,2010,7,Saturday,11,32,1,2,2,64,38.11571944,-75.46227778,12,1,0,1,0,0,1,0
240252,MARYLAND,MD,1,0,4,33,1620,CHEROKEE,22,7,July,2010,5,Thursday,23,33,0,16,4,3,38.81133889,-76.80961389,30,2,0,1,0,0,1,0
240253,MARYLAND,MD,1,1,1,33,830,CHEROKEE,17,7,July,2010,7,Saturday,0,49,0,13,3,9,38.98388056,-76.97896944,8,3,0,2,0,0,1,0
240254,MARYLAND,MD,2,0,4,1,0,AUTAUGA,28,7,July,2010,4,Wednesday,15,10,0,13,3,9,39.70631111,-78.78203611,12,1,0,1,0,0,1,1
240255,MARYLAND,MD,2,0,8,510,50,BALTIMORE,14,7,July,2010,4,Wednesday,2,41,1,11,1,12,39.27143333,-76.65294167,12,3,0,2,0,0,1,1
240256,MARYLAND,MD,2,0,2,5,0,BAKER HILL,25,7,July,2010,1,Sunday,2,58,1,11,1,211,39.41394167,-76.60215278,12,2,0,1,0,0,1,0
240257,MARYLAND,MD,2,0,2,21,0,CHILTON,28,8,August,2010,7,Saturday,6,45,1,2,2,21,39.34398889,-77.63445833,12,1,0,1,0,0,1,1
240258,MARYLAND,MD,2,0,2,41,0,BRANTLEY,9,9,September,2010,5,Thursday,9,58,1,13,2,46,38.81554444,-76.06000278,12,1,0,1,0,0,1,0
240259,MARYLAND,MD,2,0,2,5,0,BAKER HILL,10,9,September,2010,6,Friday,2,55,1,11,1,39,39.41796111,-76.79735278,12,3,0,1,0,0,1,2
240260,MARYLAND,MD,2,0,2,25,0,BARLOW BEND,13,9,September,2010,2,Monday,8,23,0,2,3,55,39.55918333,-76.25257500,1,3,0,1,0,0,1,0
240261,MARYLAND,MD,2,0,2,21,0,CHILTON,24,7,July,2010,7,Saturday,12,2,0,16,4,15,39.35201944,-77.22736389,12,1,0,1,0,0,1,0
240262,MARYLAND,MD,1,1,1,35,0,BROOKLYN,22,8,August,2010,1,Sunday,20,50,0,9,3,7,38.97712500,-76.31525278,9,2,0,1,0,0,1,0
240263,MARYLAND,MD,2,0,4,21,0,CHILTON,22,8,August,2010,1,Sunday,2,2,1,11,1,218,39.38566111,-77.29637222,12,2,0,1,0,0,1,1
240264,MARYLAND,MD,1,0,4,21,0,CHILTON,22,8,August,2010,1,Sunday,2,17,1,11,1,17,39.50768333,-77.59025556,1,2,0,1,0,0,1,1
240265,MARYLAND,MD,1,0,1,3,0,BALDWIN,27,8,August,2010,6,Friday,20,6,0,14,3,56,39.11471111,-76.50179444,30,3,0,1,0,0,1,1
240266,MARYLAND,MD,1,0,8,510,50,BALTIMORE,30,5,May,2010,1,Sunday,18,20,0,13,3,0,39.36915833,-76.57283889,43,1,0,1,0,0,1,1
240267,MARYLAND,MD,2,0,6,31,0,COFFEE,27,6,June,2010,1,Sunday,17,49,0,6,4,59,39.07820833,-77.33860000,12,1,0,2,0,0,1,0
240268,MARYLAND,MD,2,0,4,29,0,BORDEN SPRINGS,19,7,July,2010,2,Monday,20,32,0,4,3,108,39.35513889,-75.83544722,12,5,0,2,0,0,1,0
240269,MARYLAND,MD,1,0,2,33,175,CHEROKEE,7,8,August,2010,7,Saturday,3,17,0,6,4,18,38.71853333,-76.77040000,42,2,0,1,0,0,2,1
240270,MARYLAND,MD,2,1,2,33,830,CHEROKEE,22,8,August,2010,1,Sunday,20,49,0,13,3,13,38.98410000,-76.97268333,8,3,0,1,0,0,1,0
240271,MARYLAND,MD,1,0,1,15,0,ANNISTON,28,8,August,2010,7,Saturday,2,14,0,6,4,19,39.69939444,-76.14362222,53,2,0,1,0,0,1,1
240272,MARYLAND,MD,1,0,1,21,1080,CHILTON,29,8,August,2010,1,Sunday,1,45,0,5,4,19,39.55755556,-77.58042222,31,2,0,1,0,0,1,1
240273,MARYLAND,MD,1,0,2,47,0,BROWNS,28,8,August,2010,7,Saturday,17,10,0,4,4,23,38.15116111,-75.46174167,42,1,0,1,0,0,1,1
240274,MARYLAND,MD,1,0,1,33,885,CHEROKEE,26,8,August,2010,5,Thursday,8,2,0,14,3,51,38.94716111,-76.84370000,33,1,0,1,0,0,1,0
240275,MARYLAND,MD,2,0,3,33,240,CHEROKEE,6,8,August,2010,6,Friday,8,6,0,16,4,19,38.87416111,-76.88090833,12,3,0,1,0,0,1,0
240276,MARYLAND,MD,2,0,4,9,0,BLOUNT,22,7,July,2010,5,Thursday,16,35,0,5,4,19,38.70085000,-76.61800833,12,1,0,1,0,0,1,1
240277,MARYLAND,MD,1,3,1,3,0,BALDWIN,8,8,August,2010,1,Sunday,10,16,0,16,4,4,39.10348056,-76.80677222,30,1,0,1,0,0,1,0
240278,MARYLAND,MD,2,0,3,1,0,AUTAUGA,12,8,August,2010,5,Thursday,18,39,1,11,1,221,39.71408611,-78.60900278,24,1,0,2,0,0,1,0
240279,MARYLAND,MD,3,3,1,21,540,CHILTON,8,8,August,2010,1,Sunday,11,20,0,4,2,10,39.70577500,-77.32625000,14,1,0,1,0,0,3,0
240280,MARYLAND,MD,2,0,3,33,1400,CHEROKEE,26,1,January,2010,3,Tuesday,16,46,0,13,3,8,38.88688333,-76.90168889,12,5,0,1,0,0,1,0
240281,MARYLAND,MD,2,0,2,33,565,CHEROKEE,10,4,April,2010,7,Saturday,2,58,1,12,3,68,38.71398611,-76.99013889,12,2,0,1,0,0,1,1
240282,MARYLAND,MD,2,0,3,5,0,BAKER HILL,8,9,September,2010,4,Wednesday,18,12,0,3,3,87,39.51039722,-76.56221944,12,1,0,1,0,0,1,1
240283,MARYLAND,MD,2,0,5,39,0,ANDALUSIA,30,9,September,2010,5,Thursday,19,19,1,2,2,88,38.13254722,-75.69873056,12,3,0,2,0,0,1,1
240284,MARYLAND,MD,2,0,2,33,0,CHEROKEE,30,9,September,2010,5,Thursday,14,49,1,13,2,96,38.77617778,-76.80004444,12,1,0,2,0,0,1,0
240285,MARYLAND,MD,2,0,2,31,0,COFFEE,18,10,October,2010,2,Monday,4,37,1,11,1,56,39.01358056,-77.13144722,12,2,0,1,0,0,1,2
240286,MARYLAND,MD,3,0,1,13,0,BOLLING,6,10,October,2010,4,Wednesday,20,36,1,13,3,75,39.56024444,-76.96669444,33,3,0,2,0,0,1,1
240287,MARYLAND,MD,3,0,3,21,0,CHILTON,11,10,October,2010,2,Monday,16,6,0,4,2,26,39.51672222,-77.56970000,12,1,0,1,0,0,1,1
240288,MARYLAND,MD,4,0,4,39,0,ANDALUSIA,27,4,April,2010,3,Tuesday,11,39,1,2,2,134,38.20373889,-75.69853611,12,1,0,1,0,0,1,0
240289,MARYLAND,MD,1,1,1,33,1022,CHEROKEE,4,5,May,2010,3,Tuesday,20,33,0,14,3,175,38.89758056,-76.79031389,8,3,0,1,0,0,1,0
240290,MARYLAND,MD,2,0,4,33,882,CHEROKEE,9,5,May,2010,1,Sunday,3,30,0,13,3,27,39.00117778,-76.98210278,12,3,0,1,0,0,3,1
240291,MARYLAND,MD,1,1,1,33,0,CHEROKEE,5,6,June,2010,7,Saturday,15,53,0,15,4,52,38.79552778,-76.91547500,8,1,0,1,0,0,1,0
240292,MARYLAND,MD,1,0,2,33,0,CHEROKEE,6,6,June,2010,1,Sunday,0,31,0,14,4,9,38.99417222,-76.95980278,1,3,0,1,0,0,1,1
240293,MARYLAND,MD,1,0,2,21,580,CHILTON,5,9,September,2010,1,Sunday,2,21,0,15,4,12,39.43824722,-77.43799167,30,2,0,1,0,0,1,1
240294,MARYLAND,MD,4,0,7,33,0,CHEROKEE,2,11,November,2010,3,Tuesday,20,10,1,12,3,31,38.70225833,-76.87640278,12,3,0,1,0,0,1,0
240295,MARYLAND,MD,1,0,1,33,0,CHEROKEE,3,11,November,2010,4,Wednesday,4,37,0,13,3,94,38.90071944,-76.73400833,42,2,0,1,0,0,1,0
240296,MARYLAND,MD,1,1,1,33,983,CHEROKEE,4,11,November,2010,5,Thursday,1,56,1,12,3,127,38.82937778,-76.93107500,8,2,0,2,0,0,1,0
240297,MARYLAND,MD,1,0,2,5,0,BAKER HILL,5,12,December,2010,1,Sunday,18,37,0,5,4,14,39.47155000,-76.77920000,42,2,0,1,0,0,1,0
240298,MARYLAND,MD,3,0,3,5,0,BAKER HILL,7,12,December,2010,3,Tuesday,14,36,0,13,3,46,39.31998889,-76.45514444,12,1,0,1,0,0,1,0
240299,MARYLAND,MD,4,0,4,33,0,CHEROKEE,2,11,November,2010,3,Tuesday,15,31,1,2,2,29,38.69917500,-76.86901944,12,1,0,1,0,0,1,0
240300,MARYLAND,MD,1,1,3,37,0,BRADFORD,22,10,October,2010,6,Friday,22,28,0,3,3,8,38.39939167,-76.83108333,8,2,0,1,0,0,1,0
240301,MARYLAND,MD,2,0,5,510,50,BALTIMORE,20,10,October,2010,4,Wednesday,9,56,1,13,2,0,39.29368889,-76.64149444,12,1,0,1,0,0,1,1
240302,MARYLAND,MD,1,1,1,510,50,BALTIMORE,19,8,August,2010,5,Thursday,16,20,0,14,6,0,39.31326667,-76.68343333,9,1,0,1,0,0,1,0
240303,MARYLAND,MD,2,0,4,33,0,CHEROKEE,20,7,July,2010,3,Tuesday,10,3,0,14,4,32,38.89637778,-76.85159722,12,1,0,1,0,0,1,0
240304,MARYLAND,MD,1,1,1,33,450,CHEROKEE,11,8,August,2010,4,Wednesday,21,44,0,14,4,14,38.86236667,-76.91268611,8,1,0,1,0,0,1,0
240305,MARYLAND,MD,4,0,10,47,0,BROWNS,1,11,November,2010,2,Monday,16,50,1,2,2,209,38.24566389,-75.29565833,12,1,0,1,0,0,4,0
240306,MARYLAND,MD,1,0,3,21,0,CHILTON,18,7,July,2010,1,Sunday,2,3,0,16,6,2,39.41081667,-77.41338056,19,3,0,1,0,0,1,1
240307,MARYLAND,MD,1,0,1,510,50,BALTIMORE,6,8,August,2010,6,Friday,20,30,0,13,6,0,39.36210833,-76.63412222,1,5,0,1,0,0,1,0
240308,MARYLAND,MD,2,0,2,1,0,AUTAUGA,9,8,August,2010,2,Monday,15,28,1,2,2,128,39.58047222,-78.84724722,12,1,0,1,0,0,1,0
240309,MARYLAND,MD,1,0,1,33,570,CHEROKEE,17,8,August,2010,3,Tuesday,23,35,0,14,3,139,38.81249167,-76.99845278,41,2,0,1,0,0,1,0
240310,MARYLAND,MD,1,0,2,5,0,BAKER HILL,3,9,September,2010,6,Friday,16,28,0,13,8,0,39.27152500,-76.50265278,33,1,0,1,0,0,1,0