ST_CASE,State Name,State Abbreviation,VE_TOTAL,Pedestrains,Total_Persons_in_accident,COUNTY,CITY,City_County_Name,Calendar_DAY,MONTH,Month_Name,YEAR,DAY_WEEK,Day_Week_desc,HOUR,MINUTE,NHS_Desc,trafficway,ROUTE,MILEPT,LATITUDE,LONGITUD,First_Crash_event,Light_cond_desc,Weather_condition,WEATHER,SCH_BUS,Crash_cause,FATALS,DRUNK_DR
240311,MARYLAND,MD,1,0,2,33,370,CHEROKEE,8,8,August,2010,1,Sunday,3,53,0,13,3,41,39.00160556,-76.93075556,25,2,0,1,0,0,1,1
240312,MARYLAND,MD,1,0,1,1,0,AUTAUGA,17,9,September,2010,6,Friday,20,54,0,3,3,84,39.56818333,-78.70700000,32,2,0,1,0,0,1,0
240313,MARYLAND,MD,2,0,5,33,450,CHEROKEE,16,9,September,2010,5,Thursday,0,4,0,14,4,16,38.86006111,-76.90944722,12,3,0,1,0,0,3,0
240314,MARYLAND,MD,1,1,1,33,0,CHEROKEE,19,9,September,2010,1,Sunday,5,30,0,13,3,70,38.89049722,-76.82421667,9,2,0,1,0,0,1,0
240315,MARYLAND,MD,1,0,1,19,0,CEDAR BLUFF,21,9,September,2010,3,Tuesday,13,52,0,4,3,84,38.57575000,-75.82901111,31,1,0,1,0,0,1,0
240316,MARYLAND,MD,2,0,4,25,0,BARLOW BEND,18,9,September,2010,7,Saturday,18,7,1,11,1,165,39.56341944,-76.12203611,12,1,0,1,0,0,1,1
240317,MARYLAND,MD,2,0,2,17,0,CHAMBERS,25,9,September,2010,7,Saturday,20,57,1,2,3,132,38.65097222,-76.87304444,12,3,0,1,0,0,1,1
240318,MARYLAND,MD,1,0,1,5,0,BAKER HILL,24,9,September,2010,6,Friday,21,19,0,16,8,0,39.35959444,-76.77568056,30,1,0,1,0,0,1,1
240319,MARYLAND,MD,2,1,2,9,0,BLOUNT,27,9,September,2010,2,Monday,19,44,1,2,3,197,38.55299722,-76.59444722,8,3,0,2,0,0,1,0
240320,MARYLAND,MD,2,1,2,13,0,BOLLING,30,9,September,2010,5,Thursday,21,28,1,13,3,82,39.56791111,-76.97923889,8,2,0,2,0,0,1,0
240321,MARYLAND,MD,1,0,1,9,0,BLOUNT,1,10,October,2010,6,Friday,15,16,0,15,3,26,38.37831944,-76.39215556,42,1,0,1,0,0,1,0
240322,MARYLAND,MD,1,0,1,37,0,BRADFORD,3,10,October,2010,1,Sunday,0,31,0,5,3,33,38.46732500,-76.73593056,42,2,0,1,0,0,1,1
240323,MARYLAND,MD,1,0,3,1,0,AUTAUGA,12,9,September,2010,1,Sunday,17,54,1,11,1,221,39.71002500,-78.60357222,24,1,0,1,0,0,1,0
240324,MARYLAND,MD,1,0,1,35,0,BROOKLYN,13,9,September,2010,2,Monday,0,25,0,6,4,22,38.93173889,-76.13113333,42,2,0,1,0,0,1,1
240325,MARYLAND,MD,1,0,1,11,0,BULLOCK,5,9,September,2010,1,Sunday,8,25,0,6,4,22,38.71759444,-75.83295833,1,2,0,1,0,0,1,0
240326,MARYLAND,MD,2,0,2,15,0,ANNISTON,4,9,September,2010,7,Saturday,7,2,0,4,2,91,39.61230000,-75.93226389,12,1,0,1,0,0,1,0
240327,MARYLAND,MD,2,0,2,5,0,BAKER HILL,27,9,September,2010,2,Monday,11,45,0,4,4,55,39.44010278,-76.71298056,53,1,0,2,0,0,1,0
240328,MARYLAND,MD,1,1,2,510,50,BALTIMORE,25,7,July,2010,1,Sunday,22,47,0,13,6,0,39.29893889,-76.60380278,8,3,0,1,0,0,1,0
240329,MARYLAND,MD,1,1,1,33,240,CHEROKEE,14,9,September,2010,3,Tuesday,6,21,0,16,4,0,38.89008889,-76.86285000,8,3,0,1,0,0,1,0
240330,MARYLAND,MD,1,1,3,3,0,BALDWIN,1,10,October,2010,6,Friday,22,53,0,13,3,59,39.16859167,-76.53157778,8,2,0,1,0,0,1,1
240331,MARYLAND,MD,2,0,2,31,0,COFFEE,6,9,September,2010,2,Monday,13,25,0,13,3,40,39.10912500,-76.92309444,12,1,0,1,0,0,1,0
240332,MARYLAND,MD,1,1,1,31,0,COFFEE,25,9,September,2010,7,Saturday,20,12,0,14,4,4,38.99871667,-76.99122222,8,3,0,1,0,0,1,0
240333,MARYLAND,MD,1,1,2,31,0,COFFEE,7,10,October,2010,5,Thursday,19,43,0,13,3,84,39.07309444,-77.13405556,8,2,0,1,0,0,1,0
240334,MARYLAND,MD,1,1,1,11,0,BULLOCK,8,10,October,2010,6,Friday,5,53,0,3,3,47,38.71498333,-75.78819722,8,2,0,1,0,0,1,0
240335,MARYLAND,MD,2,0,2,27,0,ASHLAND,8,10,October,2010,6,Friday,23,14,1,11,1,38,39.34510833,-77.07865000,12,2,0,1,0,0,1,1
240336,MARYLAND,MD,1,0,1,33,900,CHEROKEE,9,10,October,2010,7,Saturday,3,22,0,15,4,8,39.10658611,-76.89388889,40,3,0,1,0,0,1,1
240337,MARYLAND,MD,2,0,2,5,0,BAKER HILL,11,10,October,2010,2,Monday,21,5,0,14,3,7,39.34099444,-76.50521667,12,3,0,1,0,0,1,0
240338,MARYLAND,MD,1,1,1,5,0,BAKER HILL,27,9,September,2010,2,Monday,20,20,0,13,4,37,39.32045556,-76.75821389,8,3,0,1,0,0,1,0
240339,MARYLAND,MD,1,2,2,31,0,COFFEE,10,10,October,2010,1,Sunday,3,0,0,13,3,61,39.04711944,-77.11276944,8,3,0,1,0,0,2,1
240340,MARYLAND,MD,1,1,1,3,0,BALDWIN,13,10,October,2010,4,Wednesday,6,26,0,14,3,0,39.19098889,-76.55419444,8,3,0,1,0,0,1,0
240341,MARYLAND,MD,1,0,1,33,370,CHEROKEE,10,10,October,2010,1,Sunday,10,49,0,13,2,57,39.00719722,-76.92966111,33,1,0,1,0,0,1,0
240342,MARYLAND,MD,1,1,1,23,0,BLADON SPRINGS,7,9,September,2010,3,Tuesday,5,55,0,5,4,2,39.67185000,-79.11211944,8,2,0,1,0,0,1,0
240343,MARYLAND,MD,1,0,1,23,0,BLADON SPRINGS,5,9,September,2010,1,Sunday,1,5,0,4,3,1,39.38622500,-79.34313333,35,2,0,1,0,0,1,1
240344,MARYLAND,MD,2,0,5,3,0,BALDWIN,15,9,September,2010,4,Wednesday,20,33,1,12,3,103,39.18403611,-76.71847222,12,2,0,1,0,0,1,0
240345,MARYLAND,MD,2,0,2,33,900,CHEROKEE,17,9,September,2010,6,Friday,13,59,0,13,3,41,39.09569722,-76.83840000,12,1,0,1,0,0,1,0
240346,MARYLAND,MD,1,0,1,33,1520,CHEROKEE,9,9,September,2010,5,Thursday,6,40,0,16,4,2,38.85528333,-76.93970278,33,4,0,1,0,0,1,1
240347,MARYLAND,MD,1,0,2,11,0,BULLOCK,2,10,October,2010,7,Saturday,2,21,0,6,4,51,39.06935556,-75.75719167,35,2,0,1,0,0,1,1
240348,MARYLAND,MD,1,1,1,510,50,BALTIMORE,12,10,October,2010,3,Tuesday,11,39,0,15,6,0,39.31753333,-76.55571667,8,1,0,1,0,0,1,0
240349,MARYLAND,MD,1,0,2,5,0,BAKER HILL,17,10,October,2010,1,Sunday,2,18,0,14,3,12,39.31192222,-76.72259444,33,2,0,1,0,0,1,1
240350,MARYLAND,MD,2,1,3,31,0,COFFEE,11,10,October,2010,2,Monday,23,52,1,11,1,114,39.14636944,-77.21483333,8,2,0,1,0,0,1,0
240351,MARYLAND,MD,1,2,1,17,0,CHAMBERS,21,10,October,2010,5,Thursday,13,30,0,13,3,1,38.65253889,-76.99255278,8,1,0,1,0,0,2,0
240352,MARYLAND,MD,2,0,2,35,0,BROOKLYN,24,10,October,2010,1,Sunday,2,44,0,3,3,5,39.17891389,-76.00092778,12,2,0,1,0,0,1,2
240353,MARYLAND,MD,1,0,1,5,0,BAKER HILL,15,10,October,2010,6,Friday,22,4,0,13,3,11,39.41457778,-76.62999167,24,2,0,1,0,0,1,0
240354,MARYLAND,MD,1,1,1,33,240,CHEROKEE,10,10,October,2010,1,Sunday,21,35,0,13,3,24,38.88929722,-76.86891389,8,3,0,1,0,0,1,0
240355,MARYLAND,MD,1,0,1,11,0,BULLOCK,15,10,October,2010,6,Friday,18,1,0,5,3,49,38.95920833,-75.75313611,42,1,0,1,0,0,1,1
240356,MARYLAND,MD,1,0,5,510,50,BALTIMORE,24,10,October,2010,1,Sunday,0,54,0,14,6,0,39.31545278,-76.65906389,33,2,0,1,0,0,1,0
240357,MARYLAND,MD,2,0,3,510,50,BALTIMORE,17,10,October,2010,1,Sunday,2,2,0,13,3,0,39.36651944,-76.54930000,12,3,0,1,0,0,1,0
240358,MARYLAND,MD,2,3,1,3,0,BALDWIN,27,9,September,2010,2,Monday,13,0,1,12,2,147,39.02663889,-76.44330556,14,1,0,1,0,0,1,0
240359,MARYLAND,MD,1,1,0,5,0,BAKER HILL,1,9,September,2010,4,Wednesday,16,53,0,14,4,4,39.39997222,-76.57899722,8,1,0,1,0,0,1,0
240360,MARYLAND,MD,2,0,3,3,0,BALDWIN,11,9,September,2010,7,Saturday,23,40,0,14,4,28,39.16547222,-76.56131667,12,2,0,1,0,0,1,1
240361,MARYLAND,MD,1,0,4,3,0,BALDWIN,18,10,October,2010,2,Monday,17,41,0,5,4,0,38.95253333,-76.67650278,30,1,0,1,0,0,1,0
240362,MARYLAND,MD,1,0,1,510,50,BALTIMORE,25,7,July,2010,1,Sunday,22,0,0,14,6,0,39.27724722,-76.64476667,33,3,0,1,0,0,1,0
240363,MARYLAND,MD,1,0,2,510,50,BALTIMORE,4,8,August,2010,4,Wednesday,9,1,1,11,1,64,39.26442500,-76.59002778,20,1,0,1,0,0,1,0
240364,MARYLAND,MD,1,1,0,43,0,BAILEYTON,21,9,September,2010,3,Tuesday,21,45,0,6,4,2,39.71643056,-77.89911667,8,2,0,1,0,0,1,0
240365,MARYLAND,MD,2,0,4,25,0,BARLOW BEND,2,9,September,2010,5,Thursday,17,1,0,3,3,103,39.61878056,-76.25747778,1,1,0,1,0,0,1,0
240366,MARYLAND,MD,1,1,1,25,0,BARLOW BEND,17,9,September,2010,6,Friday,21,44,0,13,3,118,39.55805833,-76.37047222,8,3,0,1,0,0,1,0
240367,MARYLAND,MD,1,0,1,47,0,BROWNS,10,11,November,2010,4,Wednesday,1,36,0,15,4,0,38.37868056,-75.13271944,53,2,0,1,0,0,1,1
240368,MARYLAND,MD,2,0,2,31,0,COFFEE,14,11,November,2010,1,Sunday,1,45,0,14,4,2,38.99716667,-77.09122500,12,3,0,1,0,0,1,1
240369,MARYLAND,MD,1,0,1,5,0,BAKER HILL,14,11,November,2010,1,Sunday,20,26,0,4,4,42,39.64194722,-76.77963333,43,2,0,1,0,0,1,0
240370,MARYLAND,MD,1,0,3,47,0,BROWNS,26,11,November,2010,6,Friday,14,16,1,2,2,2120,38.02923056,-75.54207778,32,1,0,1,0,0,1,0
240371,MARYLAND,MD,3,0,3,33,0,CHEROKEE,6,11,November,2010,7,Saturday,5,54,1,11,1,17,38.98830278,-76.88318333,12,3,0,1,0,0,1,0
240372,MARYLAND,MD,1,1,2,3,0,BALDWIN,2,11,November,2010,3,Tuesday,22,2,1,11,1,20,39.21928889,-76.65899167,8,1,0,1,0,0,1,0
240373,MARYLAND,MD,1,0,1,21,0,CHILTON,7,11,November,2010,1,Sunday,14,19,0,3,2,42,39.44892778,-77.56010833,33,1,0,1,0,0,1,1
240374,MARYLAND,MD,1,0,1,41,0,BRANTLEY,6,11,November,2010,7,Saturday,4,4,0,3,3,216,38.78212222,-76.10495556,30,3,0,1,0,0,1,1
240375,MARYLAND,MD,1,0,1,13,0,BOLLING,14,11,November,2010,1,Sunday,6,36,0,5,4,24,39.64548611,-77.05638889,42,2,0,1,0,0,1,1
240376,MARYLAND,MD,2,0,2,5,0,BAKER HILL,16,11,November,2010,3,Tuesday,6,54,0,13,3,105,39.50649167,-76.64577500,12,1,0,1,0,0,1,0
240377,MARYLAND,MD,2,0,2,25,0,BARLOW BEND,24,11,November,2010,4,Wednesday,14,8,0,4,3,220,39.69708333,-76.45136944,12,1,0,1,0,0,1,1
240378,MARYLAND,MD,1,1,2,33,1175,CHEROKEE,27,5,May,2010,5,Thursday,21,40,0,13,3,9,38.80502778,-76.97650278,8,2,0,2,0,0,1,0
240379,MARYLAND,MD,4,0,4,37,0,BRADFORD,12,7,July,2010,2,Monday,15,56,0,3,3,255,38.28320000,-76.61599167,12,1,0,1,0,0,1,0
240380,MARYLAND,MD,2,0,4,3,0,BALDWIN,23,8,August,2010,2,Monday,15,15,0,3,3,72,39.01044722,-76.68135278,12,1,0,1,0,0,1,0
240381,MARYLAND,MD,2,0,1,17,0,CHAMBERS,29,8,August,2010,1,Sunday,15,28,0,6,4,0,38.54088056,-77.08273889,14,1,0,1,0,0,1,0
240382,MARYLAND,MD,2,0,4,1,0,AUTAUGA,3,10,October,2010,1,Sunday,15,54,1,2,2,127,39.57898333,-78.84739722,12,1,0,1,0,0,1,0
240383,MARYLAND,MD,3,0,7,9,0,BLOUNT,8,10,October,2010,6,Friday,11,30,1,2,3,275,38.66071667,-76.60698056,12,1,0,1,0,0,1,0
240384,MARYLAND,MD,3,0,6,5,0,BAKER HILL,28,10,October,2010,5,Thursday,15,17,0,14,3,14,39.41809444,-76.78013333,12,1,0,1,0,0,1,0
240385,MARYLAND,MD,1,0,3,31,0,COFFEE,29,10,October,2010,6,Friday,22,4,0,6,4,0,39.16537222,-77.02973889,42,2,0,1,0,0,1,1
240386,MARYLAND,MD,2,0,2,17,0,CHAMBERS,26,11,November,2010,6,Friday,20,2,1,2,2,238,38.63267778,-76.90407222,12,3,0,1,0,0,1,0
240387,MARYLAND,MD,2,0,1,33,1022,CHEROKEE,30,11,November,2010,3,Tuesday,6,19,0,16,4,8,38.91230833,-76.82344444,53,3,0,1,0,0,1,0
240389,MARYLAND,MD,1,0,3,33,569,CHEROKEE,29,11,November,2010,2,Monday,2,3,1,12,3,116,38.84973611,-76.90326667,35,2,0,1,0,0,1,1
240390,MARYLAND,MD,1,1,1,5,0,BAKER HILL,1,11,November,2010,2,Monday,20,38,0,13,3,49,39.43785833,-76.62504722,8,3,0,1,0,0,1,0
240391,MARYLAND,MD,1,0,1,5,0,BAKER HILL,21,11,November,2010,1,Sunday,16,26,0,15,4,12,39.26115833,-76.51275833,33,5,0,1,0,0,1,1
240392,MARYLAND,MD,1,1,1,13,0,BOLLING,23,11,November,2010,3,Tuesday,1,53,1,2,3,20,39.49794722,-76.89347222,8,2,0,1,0,0,1,0
240393,MARYLAND,MD,2,0,2,43,0,BAILEYTON,27,11,November,2010,7,Saturday,23,31,1,11,1,277,39.60645000,-77.77333333,14,2,0,1,0,0,1,0
240394,MARYLAND,MD,1,0,2,31,0,COFFEE,27,11,November,2010,7,Saturday,2,11,0,16,4,7,39.12376944,-76.92871667,42,2,0,1,0,0,1,1
240395,MARYLAND,MD,2,0,3,15,0,ANNISTON,29,11,November,2010,2,Monday,17,52,0,3,3,123,39.70359722,-75.87296667,12,2,0,1,0,0,1,1
240396,MARYLAND,MD,2,0,3,33,710,CHEROKEE,23,10,October,2010,7,Saturday,4,39,0,13,3,75,38.99300556,-76.86876389,12,3,0,1,0,0,1,1
240397,MARYLAND,MD,2,0,6,3,1018,BALDWIN,22,10,October,2010,6,Friday,12,42,0,14,4,0,39.09689444,-76.62440278,12,1,0,1,0,0,1,0
240398,MARYLAND,MD,1,0,1,1,0,AUTAUGA,16,12,December,2010,5,Thursday,6,15,1,13,3,29,39.59788333,-78.83523056,42,2,0,1,0,0,1,0
240399,MARYLAND,MD,1,0,1,45,980,ARITON,4,10,October,2010,2,Monday,19,20,0,6,4,0,38.45850000,-75.73856111,42,2,0,1,0,0,1,0
240400,MARYLAND,MD,1,0,2,23,0,BLADON SPRINGS,6,10,October,2010,4,Wednesday,22,58,0,5,4,11,39.43088889,-79.33347778,42,2,0,2,0,0,1,1
240401,MARYLAND,MD,1,0,3,23,0,BLADON SPRINGS,10,10,October,2010,1,Sunday,4,55,0,4,4,11,39.47122222,-79.33986667,42,2,0,1,0,0,1,1
240402,MARYLAND,MD,1,0,4,39,0,ANDALUSIA,6,11,November,2010,7,Saturday,1,59,1,2,2,169,38.23777500,-75.68318333,42,2,0,1,0,0,1,1
240403,MARYLAND,MD,1,1,1,31,0,COFFEE,7,11,November,2010,1,Sunday,8,32,0,14,4,14,39.09191667,-77.07041111,8,1,0,1,0,0,1,0
240404,MARYLAND,MD,2,0,3,31,0,COFFEE,20,11,November,2010,7,Saturday,15,29,0,14,4,11,39.04838611,-76.95223333,12,1,0,1,0,0,1,0
240405,MARYLAND,MD,2,0,3,43,0,BAILEYTON,24,11,November,2010,4,Wednesday,7,21,1,11,1,266,39.60651389,-77.77221667,12,1,0,1,0,0,1,0
240406,MARYLAND,MD,1,1,1,33,830,CHEROKEE,18,12,December,2010,7,Saturday,2,21,0,16,6,0,38.95266667,-76.95500000,8,2,0,1,0,0,1,0
240407,MARYLAND,MD,2,0,2,11,0,BULLOCK,19,12,December,2010,1,Sunday,13,51,0,3,3,33,38.69608611,-75.78925833,12,1,0,1,0,0,1,0
240408,MARYLAND,MD,1,2,1,33,240,CHEROKEE,8,12,December,2010,4,Wednesday,17,39,0,15,4,29,38.86296944,-76.90159444,8,2,0,1,0,0,1,0
240409,MARYLAND,MD,1,0,3,33,900,CHEROKEE,16,12,December,2010,5,Thursday,1,47,0,13,3,122,39.06488889,-76.83941944,24,3,0,1,0,0,1,1
240410,MARYLAND,MD,1,0,2,33,170,CHEROKEE,18,12,December,2010,7,Saturday,2,10,0,14,4,32,38.98660000,-76.73139167,33,3,0,1,0,0,1,0
240411,MARYLAND,MD,4,0,5,27,0,ASHLAND,10,11,November,2010,4,Wednesday,7,58,0,14,3,51,39.21065833,-76.82913056,12,1,0,1,0,0,2,0
240412,MARYLAND,MD,4,0,3,31,0,COFFEE,21,11,November,2010,1,Sunday,15,31,0,15,4,16,39.16441667,-77.27314444,1,1,0,1,0,0,1,0
240413,MARYLAND,MD,1,1,2,35,0,BROOKLYN,21,12,December,2010,3,Tuesday,18,16,1,2,2,47,38.97590000,-76.28983611,8,3,0,1,0,0,1,0
240414,MARYLAND,MD,1,1,1,5,0,BAKER HILL,31,12,December,2010,6,Friday,5,58,0,12,3,6,39.38113333,-76.51222222,8,3,0,1,0,0,1,0
240415,MARYLAND,MD,1,0,1,27,0,ASHLAND,22,12,December,2010,4,Wednesday,20,1,1,11,1,55,39.16577222,-76.81112778,42,1,0,1,0,0,1,0
240416,MARYLAND,MD,3,1,4,35,0,BROOKLYN,2,12,December,2010,5,Thursday,15,10,0,4,3,219,39.20080000,-76.04410278,9,1,0,1,0,0,1,0
240417,MARYLAND,MD,1,0,1,5,0,BAKER HILL,24,12,December,2010,6,Friday,0,7,1,11,1,289,39.35029444,-76.49441111,25,3,0,1,0,0,1,1
240418,MARYLAND,MD,1,0,2,15,0,ANNISTON,12,8,August,2010,5,Thursday,3,29,0,4,4,49,39.63442222,-76.05560278,30,2,0,1,0,0,1,0
240419,MARYLAND,MD,2,0,2,510,50,BALTIMORE,25,7,July,2010,1,Sunday,15,19,0,14,6,0,39.28424167,-76.64669722,12,1,0,1,0,0,1,0
240420,MARYLAND,MD,1,0,2,25,0,BARLOW BEND,26,9,September,2010,1,Sunday,2,4,0,15,4,16,39.58240833,-76.37832778,33,3,0,1,0,0,1,1
240421,MARYLAND,MD,1,2,2,47,110,BROWNS,20,10,October,2010,4,Wednesday,8,51,0,4,3,0,38.32465556,-75.21857222,19,1,0,2,0,0,1,0
240422,MARYLAND,MD,2,0,2,27,0,ASHLAND,9,10,October,2010,7,Saturday,2,52,1,12,2,22,39.16296111,-76.88655000,12,3,0,1,0,0,1,1
240423,MARYLAND,MD,1,0,1,27,0,ASHLAND,19,10,October,2010,3,Tuesday,21,49,0,6,4,5,39.28885833,-77.01428889,42,2,0,1,0,0,1,1
240424,MARYLAND,MD,2,0,3,31,0,COFFEE,18,10,October,2010,2,Monday,0,13,0,13,3,24,39.06514722,-77.09814444,12,3,0,1,0,0,1,0
240425,MARYLAND,MD,1,1,1,510,50,BALTIMORE,12,11,November,2010,6,Friday,16,0,0,13,2,0,39.32043056,-76.57505000,8,1,0,1,0,0,1,0
240426,MARYLAND,MD,1,0,1,27,0,ASHLAND,15,10,October,2010,6,Friday,16,28,0,6,4,0,39.35027778,-76.98332500,42,1,0,1,0,0,1,1
240427,MARYLAND,MD,2,0,4,37,0,BRADFORD,3,12,December,2010,6,Friday,12,24,0,4,3,400,38.44632778,-76.74211944,12,1,0,1,0,0,1,0
240428,MARYLAND,MD,1,1,1,43,0,BAILEYTON,2,12,December,2010,5,Thursday,18,39,0,5,3,23,39.69833611,-78.20933611,8,2,0,1,0,0,1,0
240429,MARYLAND,MD,3,0,4,5,0,BAKER HILL,22,11,November,2010,2,Monday,17,19,0,15,4,10,39.26046944,-76.49110833,12,3,0,1,0,0,1,0
240430,MARYLAND,MD,2,0,2,21,0,CHILTON,6,12,December,2010,2,Monday,21,34,0,5,3,123,39.33851389,-77.23019722,12,2,0,1,0,0,1,1
240431,MARYLAND,MD,2,0,4,37,0,BRADFORD,4,12,December,2010,7,Saturday,15,40,1,2,3,224,38.36639167,-76.59062778,12,1,0,1,0,0,1,0
240432,MARYLAND,MD,2,0,2,21,0,CHILTON,8,12,December,2010,4,Wednesday,2,41,1,11,1,154,39.40071944,-77.40606389,12,3,0,1,0,0,1,1
240433,MARYLAND,MD,1,0,1,45,0,ARITON,9,12,December,2010,5,Thursday,18,52,0,6,4,8,38.37170833,-75.67580278,42,2,0,1,0,0,1,1
240434,MARYLAND,MD,1,0,1,3,0,BALDWIN,12,12,December,2010,1,Sunday,21,20,0,3,3,0,38.90604444,-76.53096667,43,3,0,1,0,0,1,1
240435,MARYLAND,MD,1,0,2,21,0,CHILTON,14,12,December,2010,3,Tuesday,19,21,0,16,4,5,39.32912778,-77.23287778,42,2,0,1,0,0,1,1
240436,MARYLAND,MD,1,1,2,5,0,BAKER HILL,11,12,December,2010,7,Saturday,18,24,0,14,4,1,39.37521389,-76.70339444,8,3,0,1,0,0,1,0
240437,MARYLAND,MD,1,0,1,17,0,CHAMBERS,14,12,December,2010,3,Tuesday,7,48,1,2,3,87,38.59220278,-76.86853889,42,1,0,1,0,0,1,0
240438,MARYLAND,MD,4,0,5,3,0,BALDWIN,9,12,December,2010,5,Thursday,7,47,0,14,3,12,39.19971944,-76.59556389,12,4,0,1,0,0,1,0
240439,MARYLAND,MD,2,0,2,11,0,BULLOCK,18,12,December,2010,7,Saturday,22,6,1,2,3,30,38.91524444,-75.89441389,12,2,0,1,0,0,1,1
240440,MARYLAND,MD,2,0,1,27,0,ASHLAND,10,12,December,2010,6,Friday,22,41,0,14,3,48,39.23005833,-76.79149444,30,3,0,1,0,0,1,1
240441,MARYLAND,MD,1,0,4,43,0,BAILEYTON,22,12,December,2010,4,Wednesday,15,53,0,6,4,0,39.47029167,-77.70604167,42,1,0,1,0,0,1,0
240442,MARYLAND,MD,1,0,1,3,0,BALDWIN,24,12,December,2010,6,Friday,2,5,0,16,4,0,39.13621944,-76.53318611,42,3,0,1,0,0,1,1
240443,MARYLAND,MD,1,0,1,35,0,BROOKLYN,3,12,December,2010,6,Friday,8,5,0,6,3,38,38.99480556,-76.07504444,24,1,0,1,0,0,1,1
240444,MARYLAND,MD,1,0,2,27,0,ASHLAND,31,12,December,2010,6,Friday,15,31,1,11,1,160,39.29611389,-76.85597500,1,1,0,1,0,0,1,1
240445,MARYLAND,MD,2,0,5,17,0,CHAMBERS,29,12,December,2010,4,Wednesday,16,21,1,2,3,29,38.54625278,-76.79713611,12,1,0,1,0,0,1,0
240446,MARYLAND,MD,1,0,1,41,0,BRANTLEY,31,12,December,2010,6,Friday,22,6,0,6,3,26,38.69204167,-76.06259722,42,2,0,1,0,0,1,1
240447,MARYLAND,MD,2,3,1,31,1360,COFFEE,29,12,December,2010,4,Wednesday,17,40,0,16,6,4,39.09424722,-77.15275556,14,1,0,1,0,0,1,0
240448,MARYLAND,MD,1,0,1,27,0,ASHLAND,23,12,December,2010,5,Thursday,19,50,0,4,3,104,39.30408611,-76.95804722,34,2,0,1,0,0,1,1
240449,MARYLAND,MD,1,0,2,5,0,BAKER HILL,8,12,December,2010,4,Wednesday,15,7,0,15,4,21,39.45236667,-76.60613056,5,1,0,1,1,0,1,0
240450,MARYLAND,MD,1,0,3,31,0,COFFEE,12,12,December,2010,1,Sunday,10,1,0,13,3,147,39.16626944,-77.01541667,42,1,0,2,0,0,1,0
240451,MARYLAND,MD,1,0,1,3,0,BALDWIN,14,12,December,2010,3,Tuesday,15,46,1,13,3,0,39.14796667,-76.60959722,33,1,0,1,0,0,1,0
240452,MARYLAND,MD,2,1,5,33,240,CHEROKEE,21,12,December,2010,3,Tuesday,18,37,0,14,4,0,38.86631944,-76.91674167,8,3,0,1,0,0,1,0
240453,MARYLAND,MD,1,0,1,33,0,CHEROKEE,28,9,September,2010,3,Tuesday,17,49,0,16,4,8,38.76941667,-76.93696667,42,1,0,1,0,0,1,0
240454,MARYLAND,MD,1,0,1,33,0,CHEROKEE,17,3,March,2010,4,Wednesday,3,45,1,12,3,69,99.99990000,999.99990000,99,2,0,1,0,0,1,1
240455,MARYLAND,MD,1,0,3,33,0,CHEROKEE,4,4,April,2010,1,Sunday,2,54,1,12,3,69,39.00437778,-76.86352778,99,2,0,1,0,0,2,1
240456,MARYLAND,MD,1,0,2,33,0,CHEROKEE,27,9,September,2010,2,Monday,4,2,1,12,3,65,38.99457222,-76.88185278,99,2,0,2,0,0,1,1
240457,MARYLAND,MD,1,0,1,43,0,BAILEYTON,2,10,October,2010,7,Saturday,2,35,0,4,2,95,39.51541389,-77.65736389,42,3,0,1,0,0,1,0
240458,MARYLAND,MD,1,0,1,5,0,BAKER HILL,28,10,October,2010,5,Thursday,10,13,0,4,3,90,39.49033056,-76.70868889,31,1,0,1,0,0,1,1
240459,MARYLAND,MD,2,1,2,33,0,CHEROKEE,19,11,November,2010,6,Friday,0,55,1,12,3,115,39.05481667,-76.84018056,12,2,0,1,0,0,1,0
240460,MARYLAND,MD,2,0,2,25,0,BARLOW BEND,11,9,September,2010,7,Saturday,1,29,0,15,4,20,39.42417778,-76.31620556,12,3,0,1,0,0,1,1
240461,MARYLAND,MD,1,0,1,15,1200,ANNISTON,20,11,November,2010,7,Saturday,5,42,0,13,2,9,39.57274722,-76.06487222,24,3,0,1,0,0,1,0
240462,MARYLAND,MD,1,0,1,41,0,BRANTLEY,5,12,December,2010,1,Sunday,5,21,0,5,4,14,38.84198056,-76.12946111,32,2,0,1,0,0,1,0
240463,MARYLAND,MD,2,0,3,510,50,BALTIMORE,3,10,October,2010,1,Sunday,22,25,0,13,6,0,39.23906667,-76.61105556,12,3,0,2,0,0,1,1
240464,MARYLAND,MD,1,0,2,33,0,CHEROKEE,4,12,December,2010,7,Saturday,23,44,0,14,3,16,38.85088889,-76.92913333,1,2,0,1,0,0,1,1
240465,MARYLAND,MD,3,0,4,510,50,BALTIMORE,11,9,September,2010,7,Saturday,19,0,0,13,3,0,39.30346944,-76.55429444,12,1,0,1,0,0,1,1
240466,MARYLAND,MD,1,1,1,33,0,CHEROKEE,24,12,December,2010,6,Friday,22,46,1,12,8,5,38.85233889,-76.95175000,8,2,0,1,0,0,1,0