ST_CASE,State Name,State Abbreviation,VE_TOTAL,Pedestrains,Total_Persons_in_accident,COUNTY,CITY,City_County_Name,Calendar_DAY,MONTH,Month_Name,YEAR,DAY_WEEK,Day_Week_desc,HOUR,MINUTE,NHS_Desc,trafficway,ROUTE,MILEPT,LATITUDE,LONGITUD,First_Crash_event,Light_cond_desc,Weather_condition,WEATHER,SCH_BUS,Crash_cause,FATALS,DRUNK_DR
240467,MARYLAND,MD,3,0,4,33,9898,CHEROKEE,26,12,December,2010,1,Sunday,1,5,1,12,3,115,39.05271944,-76.84189722,12,2,0,1,0,0,2,0
250001,MASSACHUSETTS,MA,1,0,1,13,1477,BOLLING,2,1,January,2010,7,Saturday,15,15,0,4,8,99998,42.11318611,-72.40041667,17,1,0,10,0,0,1,0
250002,MASSACHUSETTS,MA,1,1,1,1,121,AUTAUGA,1,1,January,2010,6,Friday,3,0,0,16,8,99998,41.76558889,-70.62227222,8,2,0,99,0,0,1,0
250003,MASSACHUSETTS,MA,4,0,4,9,35,BLOUNT,4,1,January,2010,2,Monday,6,43,1,11,1,99998,42.66186389,-71.19295000,12,1,0,99,0,0,1,0
250004,MASSACHUSETTS,MA,2,0,3,11,1150,BULLOCK,10,1,January,2010,1,Sunday,13,26,1,2,3,99998,42.60736944,-72.64228889,12,1,0,98,0,0,1,1
250005,MASSACHUSETTS,MA,1,1,1,25,120,BARLOW BEND,14,1,January,2010,5,Thursday,20,4,1,11,1,99998,42.29686667,-71.04686667,8,3,0,10,0,0,1,0
250006,MASSACHUSETTS,MA,2,0,1,23,685,BLADON SPRINGS,14,1,January,2010,5,Thursday,14,31,0,16,8,99998,42.14972222,-70.75470000,14,1,0,1,0,0,1,0
250007,MASSACHUSETTS,MA,1,0,1,27,610,ASHLAND,18,1,January,2010,2,Monday,10,35,1,12,3,99998,42.55029722,-71.76887500,48,1,0,1,0,0,1,0
250008,MASSACHUSETTS,MA,1,0,1,13,500,BOLLING,19,1,January,2010,3,Tuesday,12,37,0,14,2,99998,42.26181111,-72.60924444,30,1,8,8,0,0,1,1
250009,MASSACHUSETTS,MA,1,0,2,5,1441,BAKER HILL,23,1,January,2010,7,Saturday,0,57,1,11,1,165,41.67271944,-71.08806667,26,2,0,1,0,0,1,1
250010,MASSACHUSETTS,MA,4,0,3,13,1270,BOLLING,19,1,January,2010,3,Tuesday,1,10,0,16,8,99998,42.12854444,-72.49587500,33,3,0,10,0,0,1,1
250011,MASSACHUSETTS,MA,1,0,1,5,320,BAKER HILL,24,1,January,2010,1,Sunday,20,28,1,11,1,99998,41.68544444,-71.13690278,24,3,0,1,0,0,1,1
250012,MASSACHUSETTS,MA,1,1,1,21,1276,CHILTON,25,1,January,2010,2,Monday,17,15,1,13,3,99998,42.12630278,-71.10729167,8,3,0,2,0,0,1,0
250013,MASSACHUSETTS,MA,1,1,1,21,1276,CHILTON,25,1,January,2010,2,Monday,16,41,1,12,3,99998,42.12168889,-71.09666389,8,3,0,2,0,0,1,0
250014,MASSACHUSETTS,MA,1,1,3,17,170,CHAMBERS,26,1,January,2010,3,Tuesday,11,40,0,14,3,99998,42.36539444,-71.10454444,8,1,0,1,0,0,1,0
250015,MASSACHUSETTS,MA,1,0,1,7,940,BIBB,1,2,February,2010,2,Monday,17,42,0,16,8,99998,41.45951667,-70.57196667,42,5,0,98,0,0,1,0
250016,MASSACHUSETTS,MA,1,0,1,17,124,CHAMBERS,1,2,February,2010,2,Monday,9,10,1,11,1,99998,42.48823889,-71.54382778,42,1,0,1,0,0,1,0
250017,MASSACHUSETTS,MA,1,1,1,5,850,BAKER HILL,4,2,February,2010,5,Thursday,7,35,0,16,8,99998,41.61422222,-70.91803611,8,1,0,1,0,0,1,0
250018,MASSACHUSETTS,MA,1,1,1,9,765,BLOUNT,5,2,February,2010,6,Friday,8,22,0,14,3,99998,42.69846111,-71.22505278,8,1,0,1,0,0,1,1
250019,MASSACHUSETTS,MA,1,0,1,27,1278,ASHLAND,6,2,February,2010,7,Saturday,1,16,0,16,8,99998,42.09115278,-72.05958333,39,3,0,1,0,0,1,1
250020,MASSACHUSETTS,MA,1,0,1,27,1283,ASHLAND,7,2,February,2010,1,Sunday,0,41,0,14,3,99998,42.59795556,-72.04996944,30,3,0,1,0,0,1,1
250021,MASSACHUSETTS,MA,1,0,1,21,1276,CHILTON,8,2,February,2010,2,Monday,0,57,0,16,8,99998,42.15016944,-71.07313056,42,3,0,1,0,0,1,1
250022,MASSACHUSETTS,MA,1,0,1,27,123,ASHLAND,20,2,February,2010,7,Saturday,2,21,0,14,3,99998,42.33183611,-71.74698889,30,3,0,1,0,0,1,1
250023,MASSACHUSETTS,MA,1,0,2,27,745,ASHLAND,28,2,February,2010,1,Sunday,1,16,0,16,8,99998,42.08083333,-71.50099722,42,2,0,10,0,0,1,1
250024,MASSACHUSETTS,MA,1,0,1,27,1520,ASHLAND,1,3,March,2010,2,Monday,0,35,1,11,1,99998,42.29086667,-71.79883056,24,3,0,1,0,0,1,1
250025,MASSACHUSETTS,MA,1,0,1,27,902,ASHLAND,4,3,March,2010,5,Thursday,23,31,0,16,8,99998,42.15513333,-71.68046944,42,3,0,10,0,0,1,1
250026,MASSACHUSETTS,MA,1,0,1,1,260,AUTAUGA,6,3,March,2010,7,Saturday,23,30,0,16,8,99998,41.68368056,-70.12710556,53,3,0,1,0,0,1,1
250027,MASSACHUSETTS,MA,1,0,1,23,1360,BLADON SPRINGS,8,3,March,2010,2,Monday,20,10,1,11,1,10,41.78526389,-70.73581667,35,2,0,1,0,0,1,0
250028,MASSACHUSETTS,MA,1,0,1,13,500,BOLLING,12,3,March,2010,6,Friday,4,2,0,16,8,99998,42.20525278,-72.62563611,24,3,0,1,0,0,1,1
250029,MASSACHUSETTS,MA,1,0,1,27,745,ASHLAND,16,3,March,2010,3,Tuesday,15,43,0,16,8,99998,42.08300000,-71.50108333,42,1,0,1,0,0,1,0
250030,MASSACHUSETTS,MA,1,0,1,1,121,AUTAUGA,9,4,April,2010,6,Friday,0,44,0,16,8,99998,41.67182222,-70.60913056,1,2,0,1,0,0,1,0
250031,MASSACHUSETTS,MA,1,0,1,23,1130,BLADON SPRINGS,31,3,March,2010,4,Wednesday,20,7,0,16,8,99998,42.19889444,-70.81770000,42,3,0,1,0,0,1,1
250032,MASSACHUSETTS,MA,1,0,1,17,1377,CHAMBERS,17,3,March,2010,4,Wednesday,2,4,0,12,3,99998,42.33894167,-71.36066389,42,3,0,1,0,0,1,1
250033,MASSACHUSETTS,MA,1,0,1,9,1386,BLOUNT,18,3,March,2010,5,Thursday,2,47,1,12,3,99998,42.58661389,-70.81894444,24,3,0,1,0,0,1,1
250034,MASSACHUSETTS,MA,1,0,1,23,130,BLADON SPRINGS,21,3,March,2010,1,Sunday,17,23,0,16,8,99998,41.99279722,-70.98764444,38,1,0,1,0,0,1,0
250035,MASSACHUSETTS,MA,1,0,1,23,1360,BLADON SPRINGS,24,4,April,2010,7,Saturday,15,37,1,11,1,99998,41.77291111,-70.74388611,24,1,0,1,0,0,1,0
250036,MASSACHUSETTS,MA,1,0,1,17,375,CHAMBERS,18,4,April,2010,1,Sunday,23,32,0,16,8,99998,42.32930000,-71.45996944,53,3,0,10,0,0,1,0
250038,MASSACHUSETTS,MA,1,0,1,9,35,BLOUNT,14,4,April,2010,4,Wednesday,22,30,1,11,1,99998,42.66258889,-71.19325278,1,3,0,1,0,0,1,0
250039,MASSACHUSETTS,MA,1,0,1,1,1120,AUTAUGA,24,3,March,2010,4,Wednesday,21,0,0,12,3,99998,41.72885556,-70.49034167,43,2,0,1,0,0,1,0
250040,MASSACHUSETTS,MA,1,0,1,5,1441,BAKER HILL,25,3,March,2010,5,Thursday,22,26,0,16,8,99998,41.56081111,-71.02978611,42,2,0,10,0,0,1,1
250041,MASSACHUSETTS,MA,1,0,2,9,650,BLOUNT,14,3,March,2010,1,Sunday,21,44,1,12,3,99998,42.45411389,-70.97854722,99,3,0,2,0,0,1,0
250042,MASSACHUSETTS,MA,1,1,1,9,859,BLOUNT,16,3,March,2010,3,Tuesday,19,30,1,1,1,99998,42.78343333,-70.92477222,8,2,0,10,0,0,1,0
250043,MASSACHUSETTS,MA,1,1,1,27,785,ASHLAND,31,3,March,2010,4,Wednesday,4,41,0,12,3,99998,42.23163056,-71.74329722,8,3,0,2,0,0,1,0
250044,MASSACHUSETTS,MA,1,0,1,13,990,BOLLING,3,4,April,2010,7,Saturday,1,43,0,16,8,99998,42.18643056,-72.34866111,30,3,0,1,0,0,1,0
250045,MASSACHUSETTS,MA,2,0,4,27,263,ASHLAND,24,1,January,2010,1,Sunday,11,30,0,14,3,99998,42.05623889,-71.95152222,12,1,0,1,0,0,1,0
250046,MASSACHUSETTS,MA,3,0,3,9,470,BLOUNT,29,1,January,2010,6,Friday,18,7,0,14,3,99998,42.76289444,-71.13201111,12,3,0,1,0,0,1,0
250047,MASSACHUSETTS,MA,2,0,2,17,535,CHAMBERS,29,1,January,2010,6,Friday,5,58,0,12,3,99998,42.39481111,-71.57987500,12,6,0,1,0,0,1,0
250048,MASSACHUSETTS,MA,2,0,10,27,1278,ASHLAND,19,2,February,2010,6,Friday,21,0,1,11,1,99998,42.07119722,-72.10020278,12,2,0,1,0,0,1,0
250049,MASSACHUSETTS,MA,2,0,2,17,1490,CHAMBERS,23,2,February,2010,3,Tuesday,1,17,1,11,1,99998,42.53809444,-71.13518611,24,2,0,1,0,0,1,0
250050,MASSACHUSETTS,MA,1,0,3,21,925,CHILTON,28,2,February,2010,1,Sunday,0,17,0,16,8,99998,42.19876667,-71.21715556,30,3,0,1,0,0,1,1
250051,MASSACHUSETTS,MA,2,0,2,13,1446,BOLLING,12,3,March,2010,6,Friday,11,14,1,12,2,99998,42.13183889,-72.62606667,24,1,0,1,0,0,1,0
250052,MASSACHUSETTS,MA,1,0,3,5,50,BAKER HILL,13,3,March,2010,7,Saturday,22,1,1,11,1,99998,41.90007222,-71.36633056,24,2,6,2,0,0,1,0
250053,MASSACHUSETTS,MA,2,0,2,15,437,ANNISTON,17,3,March,2010,4,Wednesday,20,20,0,16,8,99998,42.22737222,-72.48925278,54,2,0,1,0,0,1,1
250054,MASSACHUSETTS,MA,1,1,1,25,1070,BARLOW BEND,1,4,April,2010,5,Thursday,6,15,0,12,3,99998,42.43891389,-70.97133611,8,4,0,10,0,0,1,0
250055,MASSACHUSETTS,MA,1,0,1,5,1064,BAKER HILL,1,5,May,2010,7,Saturday,16,39,1,12,3,99998,41.90566389,-71.04300556,33,1,0,1,0,0,1,0
250056,MASSACHUSETTS,MA,1,0,6,21,1276,CHILTON,2,5,May,2010,1,Sunday,1,30,1,12,3,99998,42.15872778,-71.06922500,1,3,0,1,0,0,1,1
250057,MASSACHUSETTS,MA,2,0,4,13,624,BOLLING,26,3,March,2010,6,Friday,9,56,1,11,1,8,42.02557778,-72.59036111,12,1,0,1,0,0,2,0
250058,MASSACHUSETTS,MA,1,0,1,27,1100,ASHLAND,23,5,May,2010,1,Sunday,17,19,0,3,3,99998,42.37110000,-71.97049167,42,1,0,1,0,0,1,0
250059,MASSACHUSETTS,MA,1,1,2,23,1130,BLADON SPRINGS,24,5,May,2010,2,Monday,8,20,0,16,8,99998,42.19229722,-70.72620278,8,1,0,1,0,0,1,0
250060,MASSACHUSETTS,MA,1,1,1,13,292,BOLLING,8,5,May,2010,7,Saturday,11,0,0,12,3,99998,42.08121667,-72.53851944,8,1,10,2,0,0,1,0
250061,MASSACHUSETTS,MA,1,0,1,21,1060,CHILTON,29,5,May,2010,7,Saturday,22,31,0,16,8,99998,42.20006944,-71.00004722,17,2,0,1,0,0,1,1
250062,MASSACHUSETTS,MA,1,0,2,23,1005,BLADON SPRINGS,22,4,April,2010,5,Thursday,13,40,1,12,3,256,42.09663056,-70.75075278,1,1,0,1,0,0,1,0
250063,MASSACHUSETTS,MA,1,0,1,13,1247,BOLLING,13,5,May,2010,5,Thursday,21,2,0,16,8,0,42.04770000,-72.74897500,42,2,0,10,0,0,1,1
250064,MASSACHUSETTS,MA,1,0,3,11,1381,BULLOCK,11,5,May,2010,3,Tuesday,0,29,0,6,8,0,42.59751389,-72.35441111,24,2,0,1,0,0,1,1
250065,MASSACHUSETTS,MA,1,0,2,3,9997,BALDWIN,29,5,May,2010,7,Saturday,18,14,1,2,3,0,42.68943889,-73.02346111,30,1,0,1,0,0,2,0
250066,MASSACHUSETTS,MA,2,0,2,27,1520,ASHLAND,7,3,March,2010,1,Sunday,14,54,0,12,3,0,42.23430000,-71.74655833,12,1,0,1,0,0,1,0
250067,MASSACHUSETTS,MA,1,1,1,5,1280,BAKER HILL,26,4,April,2010,2,Monday,16,10,0,14,3,0,41.90451389,-71.10325833,8,1,0,10,0,0,1,0
250068,MASSACHUSETTS,MA,1,0,8,21,925,CHILTON,30,4,April,2010,6,Friday,2,0,1,11,1,0,42.17600000,-71.16737500,24,2,0,1,0,0,1,1
250069,MASSACHUSETTS,MA,2,1,2,23,270,BLADON SPRINGS,27,3,March,2010,7,Saturday,19,50,0,12,3,0,42.02844722,-70.95871944,8,3,0,1,0,0,1,0
250070,MASSACHUSETTS,MA,1,1,1,5,1067,BAKER HILL,3,4,April,2010,7,Saturday,2,40,1,11,1,0,41.78219167,-71.28891944,8,2,0,1,0,0,1,0
250071,MASSACHUSETTS,MA,1,1,3,21,1140,CHILTON,9,5,May,2010,1,Sunday,20,47,1,12,2,0,42.12235556,-71.23178889,8,2,0,1,0,0,1,0
250072,MASSACHUSETTS,MA,1,1,1,1,1120,AUTAUGA,14,5,May,2010,6,Friday,5,17,0,16,8,0,41.66621111,-70.46377778,8,4,10,2,0,0,1,0
250073,MASSACHUSETTS,MA,1,1,1,17,870,CHAMBERS,17,5,May,2010,2,Monday,17,15,0,14,3,0,42.33824444,-71.21157778,9,1,0,1,0,0,1,0
250074,MASSACHUSETTS,MA,1,0,1,27,1269,ASHLAND,24,4,April,2010,7,Saturday,15,54,1,12,3,99998,42.12070000,-71.70656111,34,1,0,1,0,0,1,1
250075,MASSACHUSETTS,MA,1,0,1,27,1520,ASHLAND,1,5,May,2010,7,Saturday,18,29,0,16,8,99998,42.22921667,-71.78904444,10,1,0,10,0,0,1,0
250076,MASSACHUSETTS,MA,2,0,3,23,1040,BLADON SPRINGS,29,5,May,2010,7,Saturday,20,17,1,12,3,99998,41.13333333,-70.00000000,24,2,0,10,0,0,1,1
250077,MASSACHUSETTS,MA,1,0,1,13,1270,BOLLING,21,5,May,2010,6,Friday,12,44,0,12,3,99998,42.15965000,-72.51268333,32,1,0,1,0,0,1,0
250078,MASSACHUSETTS,MA,2,0,3,5,1280,BAKER HILL,22,5,May,2010,7,Saturday,1,58,0,16,8,99998,41.88630556,-71.09003889,33,3,0,1,0,0,1,0
250079,MASSACHUSETTS,MA,1,0,1,23,1005,BLADON SPRINGS,14,2,February,2010,1,Sunday,3,11,1,12,3,99998,42.02936111,-70.80162222,31,2,0,1,0,0,1,0
250080,MASSACHUSETTS,MA,2,0,5,5,850,BAKER HILL,3,4,April,2010,7,Saturday,10,9,0,16,8,99998,41.70534444,-70.94558611,12,1,0,1,0,0,1,0
250081,MASSACHUSETTS,MA,2,0,2,13,114,BOLLING,5,2,February,2010,6,Friday,22,25,1,1,1,291,42.18782778,-72.92844722,35,3,0,1,0,0,1,1
250082,MASSACHUSETTS,MA,2,0,3,9,470,BLOUNT,18,5,May,2010,3,Tuesday,10,25,1,11,1,99998,42.79965278,-71.09454722,12,1,0,98,0,0,1,1
250083,MASSACHUSETTS,MA,2,0,3,27,1310,ASHLAND,30,5,May,2010,1,Sunday,11,10,0,12,3,99998,42.15547500,-71.57378333,12,1,0,1,0,0,1,0
250084,MASSACHUSETTS,MA,1,0,1,23,685,BLADON SPRINGS,23,6,June,2010,4,Wednesday,18,48,0,16,8,99998,42.13201944,-70.71042778,35,1,0,1,0,0,1,0
250085,MASSACHUSETTS,MA,1,0,1,27,123,ASHLAND,25,6,June,2010,6,Friday,14,18,0,14,3,0,42.37731389,-71.71119722,42,1,0,1,0,0,1,0
250086,MASSACHUSETTS,MA,1,0,1,3,203,BALDWIN,26,6,June,2010,7,Saturday,5,38,0,6,8,99998,42.40016667,-73.00007222,58,1,0,1,0,0,1,0
250087,MASSACHUSETTS,MA,1,1,1,17,1431,CHAMBERS,29,6,June,2010,3,Tuesday,12,43,0,14,3,99998,42.54916111,-71.41653889,8,1,0,1,0,0,1,0
250088,MASSACHUSETTS,MA,1,1,1,13,1430,BOLLING,29,6,June,2010,3,Tuesday,18,27,1,12,2,99998,42.11808889,-72.73642500,9,1,0,10,0,0,1,0
250089,MASSACHUSETTS,MA,1,0,1,15,1230,ANNISTON,22,6,June,2010,3,Tuesday,7,53,0,16,8,99998,42.21604167,-72.60145000,35,3,0,1,0,0,1,0
250090,MASSACHUSETTS,MA,2,0,4,13,1430,BOLLING,23,6,June,2010,4,Wednesday,17,28,0,16,8,99998,42.13489444,-72.73764722,12,1,0,1,0,0,1,0
250091,MASSACHUSETTS,MA,1,0,1,17,660,CHAMBERS,13,6,June,2010,1,Sunday,10,41,1,12,3,99998,42.43644444,-71.03811389,30,1,0,2,0,0,1,1
250092,MASSACHUSETTS,MA,1,0,2,5,1064,BAKER HILL,18,6,June,2010,6,Friday,8,43,1,11,1,99998,41.94346667,-71.01734167,30,1,0,1,0,0,1,0
250093,MASSACHUSETTS,MA,1,0,1,9,650,BLOUNT,4,6,June,2010,6,Friday,0,57,1,12,3,99998,42.48944167,-70.93674722,42,3,0,1,0,0,1,1
250094,MASSACHUSETTS,MA,2,0,2,5,850,BAKER HILL,15,6,June,2010,3,Tuesday,6,3,0,16,8,99998,41.65399722,-70.92378611,12,1,0,1,0,0,1,0
250095,MASSACHUSETTS,MA,2,0,2,27,1520,ASHLAND,26,4,April,2010,2,Monday,18,18,0,16,8,99998,42.30645000,-71.78938889,12,5,10,2,0,0,1,0
250096,MASSACHUSETTS,MA,3,1,2,5,670,BAKER HILL,18,6,June,2010,6,Friday,1,26,1,11,1,99998,42.02388889,-71.26071389,12,7,0,1,0,0,1,2
250097,MASSACHUSETTS,MA,3,0,3,21,230,CHILTON,7,6,June,2010,2,Monday,18,2,1,12,3,99998,42.24135556,-70.82611111,12,1,0,1,0,0,1,0
250098,MASSACHUSETTS,MA,4,0,5,27,780,ASHLAND,8,3,March,2010,2,Monday,14,21,0,12,3,99998,42.14934167,-71.50803611,12,1,0,1,0,0,1,0
250099,MASSACHUSETTS,MA,5,0,6,9,650,BLOUNT,21,3,March,2010,1,Sunday,1,0,0,16,8,99998,42.48311111,-70.93846389,12,3,0,1,0,0,1,1
250100,MASSACHUSETTS,MA,1,1,1,7,1442,BIBB,6,7,July,2010,3,Tuesday,14,2,0,16,8,99998,41.45372778,-70.60406667,9,1,0,1,0,0,1,0
250101,MASSACHUSETTS,MA,1,0,1,17,375,CHAMBERS,5,7,July,2010,2,Monday,7,40,0,12,3,99998,42.27165556,-71.44374722,30,1,0,1,0,0,1,0
250102,MASSACHUSETTS,MA,1,1,1,5,850,BAKER HILL,4,7,July,2010,1,Sunday,18,39,0,16,8,99998,41.61621111,-70.91983889,8,1,0,1,0,0,1,0
250103,MASSACHUSETTS,MA,1,1,2,1,540,AUTAUGA,18,5,May,2010,3,Tuesday,21,50,0,16,8,99998,41.65341944,-70.28632222,15,3,2,2,0,0,1,1
250104,MASSACHUSETTS,MA,2,0,4,1,184,AUTAUGA,27,6,June,2010,1,Sunday,1,0,1,12,3,99998,41.65724167,-70.34680556,12,3,0,1,0,0,1,1
250105,MASSACHUSETTS,MA,1,0,1,27,1500,ASHLAND,7,3,March,2010,1,Sunday,23,15,0,16,8,99998,42.70186667,-72.04602222,48,2,0,1,0,0,1,1
250106,MASSACHUSETTS,MA,1,0,4,3,1145,BALDWIN,9,3,March,2010,3,Tuesday,21,39,0,6,8,99998,42.11516111,-73.32042778,42,1,0,1,0,0,1,0
250107,MASSACHUSETTS,MA,1,1,2,3,440,BALDWIN,24,3,March,2010,4,Wednesday,20,58,1,12,2,99998,42.20308889,-73.34713056,8,2,0,1,0,0,1,0
250108,MASSACHUSETTS,MA,1,1,1,25,120,BARLOW BEND,7,4,April,2010,4,Wednesday,18,2,1,12,3,99998,42.33414167,-71.11302778,9,1,0,1,0,0,1,0
250109,MASSACHUSETTS,MA,1,0,1,27,999,ASHLAND,12,4,April,2010,2,Monday,16,8,0,12,3,99998,42.30670556,-71.92320000,42,1,0,1,0,0,1,1
250110,MASSACHUSETTS,MA,1,1,1,21,1035,CHILTON,14,4,April,2010,4,Wednesday,22,41,1,11,1,350,42.03514167,-71.28916667,8,2,0,1,0,0,1,0
250111,MASSACHUSETTS,MA,1,0,1,3,10,BALDWIN,22,4,April,2010,5,Thursday,5,27,0,16,8,99998,42.59650278,-73.10869167,34,4,0,1,0,0,1,1
250112,MASSACHUSETTS,MA,1,1,1,13,1270,BOLLING,4,7,July,2010,1,Sunday,2,15,0,16,8,99998,42.10611944,-72.58563889,8,3,0,1,0,0,1,0
250113,MASSACHUSETTS,MA,1,0,2,17,1190,CHAMBERS,9,7,July,2010,6,Friday,21,10,0,13,3,99998,42.38454167,-71.09150000,33,3,0,98,0,0,1,0
250114,MASSACHUSETTS,MA,1,0,1,23,1040,BLADON SPRINGS,15,7,July,2010,5,Thursday,6,5,1,13,3,99998,41.87068056,-70.59786667,1,1,0,1,0,0,1,0
250115,MASSACHUSETTS,MA,1,1,1,1,1425,AUTAUGA,17,7,July,2010,7,Saturday,0,3,1,13,3,99998,41.66669167,-70.16392778,8,3,0,10,0,0,1,0
250116,MASSACHUSETTS,MA,1,0,1,25,120,BARLOW BEND,30,7,July,2010,6,Friday,19,58,0,16,8,99998,42.36513889,-71.07124444,33,1,0,10,0,0,1,0
250117,MASSACHUSETTS,MA,1,0,1,9,35,BLOUNT,26,7,July,2010,2,Monday,17,30,1,11,1,99998,42.66192500,-71.19668611,24,1,0,1,0,0,1,0
250118,MASSACHUSETTS,MA,1,0,1,27,585,ASHLAND,24,7,July,2010,7,Saturday,18,11,0,14,3,99998,42.21936389,-71.91101111,24,1,0,1,0,0,1,1
250119,MASSACHUSETTS,MA,1,0,1,3,88,BALDWIN,19,7,July,2010,2,Monday,15,27,1,1,1,168,42.23843056,-73.05676389,24,1,0,1,0,0,1,0
250120,MASSACHUSETTS,MA,1,0,1,17,1340,CHAMBERS,30,7,July,2010,6,Friday,17,35,0,16,8,99998,42.39126111,-71.19827222,30,1,0,1,0,0,1,0
250121,MASSACHUSETTS,MA,2,0,2,3,34,BALDWIN,15,6,June,2010,3,Tuesday,17,0,1,2,2,99998,42.04311111,-73.32601667,12,1,0,1,0,0,1,0
250122,MASSACHUSETTS,MA,2,0,1,23,130,BLADON SPRINGS,12,7,July,2010,2,Monday,9,25,1,12,3,99998,41.96395833,-71.02824167,14,1,0,1,0,0,1,0
250123,MASSACHUSETTS,MA,2,0,3,27,1520,ASHLAND,17,7,July,2010,7,Saturday,3,20,1,11,1,99998,42.29450000,-71.79973056,12,3,0,1,0,0,3,1
250124,MASSACHUSETTS,MA,1,0,2,9,859,BLOUNT,21,7,July,2010,4,Wednesday,11,15,1,1,1,99998,42.77725833,-70.92807778,1,1,0,1,0,0,1,0
250125,MASSACHUSETTS,MA,2,0,2,23,770,BLADON SPRINGS,23,7,July,2010,6,Friday,17,20,1,11,1,99998,41.83663611,-70.82327778,12,3,0,10,0,0,1,0
250126,MASSACHUSETTS,MA,2,0,4,9,650,BLOUNT,30,7,July,2010,6,Friday,16,23,0,12,3,99998,42.44860556,-70.96378333,12,1,0,1,0,0,1,0
250127,MASSACHUSETTS,MA,3,0,3,21,125,CHILTON,25,7,July,2010,1,Sunday,18,57,0,16,8,99998,42.17848056,-71.01416667,12,1,0,1,0,0,1,1
250128,MASSACHUSETTS,MA,1,1,4,17,845,CHAMBERS,16,1,January,2010,7,Saturday,19,48,0,12,3,99998,42.28334167,-71.37980556,9,3,0,1,0,0,1,0
250129,MASSACHUSETTS,MA,3,0,3,17,845,CHAMBERS,25,5,May,2010,3,Tuesday,16,13,1,13,3,0,42.29959444,-71.36521389,12,1,0,1,0,0,1,0
250130,MASSACHUSETTS,MA,1,0,1,25,120,BARLOW BEND,17,7,July,2010,7,Saturday,19,48,0,16,8,99998,42.37579167,-71.06368889,38,1,0,1,0,0,1,1
250131,MASSACHUSETTS,MA,4,0,6,9,765,BLOUNT,27,7,July,2010,3,Tuesday,21,42,0,14,3,99998,42.68079444,-71.23011667,12,3,0,1,0,0,2,1
250132,MASSACHUSETTS,MA,2,0,3,17,870,CHAMBERS,8,7,July,2010,5,Thursday,14,14,0,16,8,99998,42.33964167,-71.18402500,12,1,0,1,0,0,1,0
250133,MASSACHUSETTS,MA,1,1,1,25,120,BARLOW BEND,9,8,August,2010,2,Monday,16,17,0,19,3,0,42.34839444,-71.14076667,9,1,0,1,0,0,1,0
250134,MASSACHUSETTS,MA,1,0,1,13,472,BOLLING,8,8,August,2010,1,Sunday,17,39,0,6,8,99998,42.07216944,-72.43543611,53,1,0,1,0,0,1,1
250135,MASSACHUSETTS,MA,1,0,1,5,850,BAKER HILL,8,8,August,2010,1,Sunday,22,58,0,16,8,0,41.62455278,-70.92550278,42,3,0,1,0,0,1,0
250136,MASSACHUSETTS,MA,1,0,3,1,121,AUTAUGA,4,8,August,2010,4,Wednesday,12,53,1,13,3,80,41.78769722,-70.58578611,1,1,0,1,0,0,1,1
250137,MASSACHUSETTS,MA,1,0,1,17,1279,CHAMBERS,13,8,August,2010,6,Friday,2,36,0,16,8,99998,42.38073889,-71.45181667,42,2,0,1,0,0,1,1
250138,MASSACHUSETTS,MA,1,0,2,21,1276,CHILTON,13,8,August,2010,6,Friday,2,13,0,13,3,99998,42.15856944,-71.06944167,1,2,0,1,0,0,1,0
250139,MASSACHUSETTS,MA,1,0,1,5,850,BAKER HILL,16,8,August,2010,2,Monday,5,28,1,13,3,36,41.65649722,-70.93871944,1,4,0,1,0,0,1,0
250140,MASSACHUSETTS,MA,1,1,1,21,125,CHILTON,18,8,August,2010,4,Wednesday,23,3,1,11,1,99998,42.22260556,-71.03219167,8,3,0,10,0,0,1,0
250141,MASSACHUSETTS,MA,1,0,1,17,870,CHAMBERS,23,8,August,2010,2,Monday,21,46,0,16,8,0,42.35245556,-71.19483889,33,3,0,2,0,0,1,0
250142,MASSACHUSETTS,MA,1,1,1,25,200,BARLOW BEND,19,8,August,2010,5,Thursday,23,14,0,16,8,99998,42.39721944,-71.02746944,8,3,0,1,0,0,1,0
250143,MASSACHUSETTS,MA,1,0,1,5,924,BAKER HILL,31,1,January,2010,1,Sunday,7,6,1,13,3,0,41.95987222,-71.20556944,30,1,0,1,0,0,1,0
250144,MASSACHUSETTS,MA,1,0,1,1,469,AUTAUGA,26,8,August,2010,5,Thursday,17,22,0,16,8,0,41.69662778,-70.03706944,24,1,0,1,0,0,1,0
250145,MASSACHUSETTS,MA,2,0,2,9,1110,BLOUNT,28,8,August,2010,7,Saturday,1,25,1,12,3,99998,42.52999722,-70.90653333,12,3,0,1,0,0,1,1
250146,MASSACHUSETTS,MA,2,0,4,23,1040,BLADON SPRINGS,24,7,July,2010,7,Saturday,17,10,0,16,8,99998,41.89461111,-70.58338056,12,1,2,2,0,0,1,1
250147,MASSACHUSETTS,MA,2,0,3,17,1065,CHAMBERS,2,8,August,2010,2,Monday,9,22,0,12,3,99998,42.52126944,-71.10360278,12,1,0,1,0,0,1,0