ST_CASE,State Name,State Abbreviation,VE_TOTAL,Pedestrains,Total_Persons_in_accident,COUNTY,CITY,City_County_Name,Calendar_DAY,MONTH,Month_Name,YEAR,DAY_WEEK,Day_Week_desc,HOUR,MINUTE,NHS_Desc,trafficway,ROUTE,MILEPT,LATITUDE,LONGITUD,First_Crash_event,Light_cond_desc,Weather_condition,WEATHER,SCH_BUS,Crash_cause,FATALS,DRUNK_DR
250148,MASSACHUSETTS,MA,2,0,2,1,330,AUTAUGA,6,8,August,2010,6,Friday,8,1,0,16,8,99998,41.60652222,-70.57531389,12,1,0,1,0,0,1,0
250149,MASSACHUSETTS,MA,2,0,2,5,1064,BAKER HILL,7,8,August,2010,7,Saturday,8,12,1,12,2,0,41.92220556,-71.02163333,26,1,0,1,0,0,1,0
250150,MASSACHUSETTS,MA,1,0,1,17,617,CHAMBERS,24,10,October,2010,1,Sunday,0,32,0,16,8,0,42.42561111,-71.29929444,33,2,0,1,0,0,1,1
250151,MASSACHUSETTS,MA,1,0,4,13,500,BOLLING,25,10,October,2010,2,Monday,0,36,1,11,1,132,42.16257500,-72.64615000,1,2,0,10,0,0,1,0
250152,MASSACHUSETTS,MA,1,0,1,9,35,BLOUNT,27,10,October,2010,4,Wednesday,23,40,1,12,3,99998,42.59896667,-71.13381389,42,2,0,1,0,0,1,1
250153,MASSACHUSETTS,MA,1,0,1,15,890,ANNISTON,12,9,September,2010,1,Sunday,15,28,0,14,3,0,42.30321389,-72.68580556,24,1,0,1,0,0,1,1
250154,MASSACHUSETTS,MA,1,0,2,17,630,CHAMBERS,4,9,September,2010,7,Saturday,6,3,1,14,3,99998,42.64317778,-71.34238333,30,4,0,1,0,0,1,1
250155,MASSACHUSETTS,MA,1,1,1,17,660,CHAMBERS,30,9,September,2010,5,Thursday,16,55,0,16,8,0,42.43156667,-71.07982500,8,1,0,10,0,0,1,0
250156,MASSACHUSETTS,MA,1,0,1,23,770,BLADON SPRINGS,25,9,September,2010,7,Saturday,18,53,0,16,8,99998,41.92878333,-70.91820833,17,2,0,10,0,0,1,0
250157,MASSACHUSETTS,MA,1,1,1,21,1060,CHILTON,15,9,September,2010,4,Wednesday,7,53,1,12,3,99998,42.25031389,-70.99734444,8,1,0,1,0,0,1,0
250158,MASSACHUSETTS,MA,1,0,3,9,20,BLOUNT,14,9,September,2010,3,Tuesday,15,42,1,11,1,0,42.84098333,-70.93275556,59,1,0,1,0,0,1,0
250159,MASSACHUSETTS,MA,2,0,2,9,570,BLOUNT,18,8,August,2010,4,Wednesday,20,0,0,16,8,99998,42.70911944,-71.14213889,33,5,0,1,0,0,1,1
250160,MASSACHUSETTS,MA,1,0,1,21,1035,CHILTON,30,10,October,2010,7,Saturday,15,15,1,11,1,35,42.03520556,-71.28873889,24,1,0,1,0,0,1,0
250162,MASSACHUSETTS,MA,1,0,1,27,1320,ASHLAND,24,10,October,2010,1,Sunday,4,35,1,12,3,10,42.01626944,-71.59103333,35,2,0,1,0,0,1,1
250163,MASSACHUSETTS,MA,1,0,1,5,50,BAKER HILL,22,7,July,2010,5,Thursday,16,8,1,11,1,99998,41.93363611,-71.32015278,42,1,0,98,0,0,1,0
250164,MASSACHUSETTS,MA,1,1,1,27,350,ASHLAND,19,1,January,2010,3,Tuesday,20,55,0,16,8,99998,42.55200556,-71.84560833,8,2,0,8,0,0,1,0
250165,MASSACHUSETTS,MA,1,0,2,21,1382,CHILTON,11,10,October,2010,2,Monday,15,36,1,13,3,99998,42.31663889,-71.23419167,24,1,0,1,0,0,2,0
250166,MASSACHUSETTS,MA,2,0,2,17,870,CHAMBERS,26,6,June,2010,7,Saturday,6,12,0,16,8,99998,42.33247222,-71.17775833,12,1,0,1,0,0,1,0
250167,MASSACHUSETTS,MA,2,0,6,5,1280,BAKER HILL,12,8,August,2010,5,Thursday,19,44,0,14,3,99998,41.88898889,-71.09596389,12,1,0,1,0,0,1,1
250168,MASSACHUSETTS,MA,2,0,4,27,55,ASHLAND,15,8,August,2010,1,Sunday,9,35,1,12,2,0,42.18795556,-71.83144444,12,1,0,1,0,0,2,0
250169,MASSACHUSETTS,MA,2,0,3,17,1510,CHAMBERS,16,8,August,2010,2,Monday,16,43,0,16,8,99998,42.51842222,-71.13870556,12,1,0,10,0,0,1,0
250170,MASSACHUSETTS,MA,2,0,2,9,100,BLOUNT,24,8,August,2010,3,Tuesday,11,58,0,16,8,99998,42.57602778,-70.81675556,12,1,1,2,0,0,1,0
250171,MASSACHUSETTS,MA,2,0,2,25,1070,BARLOW BEND,28,8,August,2010,7,Saturday,1,25,0,12,3,99998,42.40546111,-71.00549722,12,3,0,1,0,0,2,1
250172,MASSACHUSETTS,MA,2,1,2,15,1230,ANNISTON,28,8,August,2010,7,Saturday,15,27,0,16,8,0,42.23925833,-72.59250556,8,1,0,1,0,0,1,0
250173,MASSACHUSETTS,MA,1,0,2,21,730,CHILTON,11,10,October,2010,2,Monday,21,22,0,14,8,0,42.14622222,-71.40684167,33,3,0,1,0,0,1,1
250174,MASSACHUSETTS,MA,1,1,1,25,1070,BARLOW BEND,11,10,October,2010,2,Monday,6,50,0,12,3,0,42.41274722,-70.99416667,8,1,0,1,0,0,1,0
250175,MASSACHUSETTS,MA,1,0,2,25,1070,BARLOW BEND,13,10,October,2010,4,Wednesday,7,59,1,12,3,99998,42.42928611,-70.99888889,24,1,0,1,0,0,1,0
250176,MASSACHUSETTS,MA,1,0,1,9,1125,BLOUNT,16,10,October,2010,7,Saturday,15,45,1,12,2,99998,42.44436111,-71.02583889,5,1,0,1,0,0,1,0
250177,MASSACHUSETTS,MA,1,0,3,27,252,ASHLAND,21,10,October,2010,5,Thursday,21,58,0,5,3,0,42.05732222,-71.80200556,42,2,0,1,0,0,1,1
250178,MASSACHUSETTS,MA,1,0,2,21,1530,CHILTON,23,10,October,2010,7,Saturday,20,57,1,11,1,0,42.03680000,-71.30315833,42,2,0,1,0,0,1,0
250179,MASSACHUSETTS,MA,1,0,1,5,670,BAKER HILL,2,11,November,2010,3,Tuesday,22,7,1,11,1,99998,41.99821944,-71.19750000,1,2,0,1,0,0,1,1
250180,MASSACHUSETTS,MA,1,1,3,15,890,ANNISTON,17,10,October,2010,1,Sunday,3,53,0,14,8,99998,42.31013333,-72.67430278,8,3,0,1,0,0,1,0
250181,MASSACHUSETTS,MA,1,1,1,25,120,BARLOW BEND,5,11,November,2010,6,Friday,10,12,0,16,8,99998,42.31933611,-71.09579167,8,1,0,2,0,0,1,0
250182,MASSACHUSETTS,MA,1,0,1,21,180,CHILTON,6,11,November,2010,7,Saturday,3,7,0,16,8,0,42.15519722,-71.16625833,42,3,0,1,0,0,1,1
250183,MASSACHUSETTS,MA,1,0,1,27,1278,ASHLAND,9,11,November,2010,3,Tuesday,21,22,1,11,1,0,42.03603333,-72.13554444,35,3,0,3,0,0,1,0
250184,MASSACHUSETTS,MA,1,1,1,5,850,BAKER HILL,12,11,November,2010,6,Friday,23,2,0,16,8,99998,41.64706944,-70.93254167,8,3,0,1,0,0,1,0
250185,MASSACHUSETTS,MA,1,0,1,27,565,ASHLAND,17,11,November,2010,4,Wednesday,23,15,1,1,1,0,42.49251111,-71.72330000,11,2,0,98,0,0,1,0
250186,MASSACHUSETTS,MA,1,0,1,27,1520,ASHLAND,20,11,November,2010,7,Saturday,20,30,1,11,1,0,42.29127778,-71.79874444,24,3,0,1,0,0,1,1
250187,MASSACHUSETTS,MA,1,1,1,17,375,CHAMBERS,20,11,November,2010,7,Saturday,5,57,0,12,3,99998,42.28346944,-71.41439444,8,3,0,1,0,0,1,0
250188,MASSACHUSETTS,MA,1,1,1,21,925,CHILTON,9,8,August,2010,2,Monday,14,34,0,16,8,99998,42.18108611,-71.20513889,8,1,0,1,0,0,1,0
250190,MASSACHUSETTS,MA,1,1,1,21,1140,CHILTON,5,4,April,2010,2,Monday,17,5,0,13,3,0,42.11140278,-71.19286667,8,8,0,98,0,0,1,0
250191,MASSACHUSETTS,MA,2,0,2,5,1441,BAKER HILL,31,8,August,2010,3,Tuesday,16,25,1,11,1,163,41.66047222,-71.06549167,12,1,0,1,0,0,2,0
250192,MASSACHUSETTS,MA,2,0,2,21,1063,CHILTON,22,8,August,2010,1,Sunday,13,35,0,13,3,99998,42.18814722,-71.07802500,12,1,0,10,0,0,1,0
250193,MASSACHUSETTS,MA,3,0,6,11,960,BULLOCK,3,9,September,2010,6,Friday,15,15,1,12,3,712,42.59201667,-72.33450000,12,1,0,1,0,0,1,0
250194,MASSACHUSETTS,MA,1,1,1,25,200,BARLOW BEND,14,12,December,2010,3,Tuesday,22,12,0,16,8,99998,42.39950278,-71.03682500,8,3,0,1,0,0,1,0
250195,MASSACHUSETTS,MA,1,1,1,3,1030,BALDWIN,14,12,December,2010,3,Tuesday,17,54,0,16,8,99998,42.45025278,-73.26541944,8,3,0,1,0,0,1,0
250196,MASSACHUSETTS,MA,1,0,1,9,765,BLOUNT,8,12,December,2010,4,Wednesday,13,59,1,13,3,99998,42.70691111,-71.20720000,42,1,0,1,0,0,1,0
250197,MASSACHUSETTS,MA,1,0,1,21,847,CHILTON,15,12,December,2010,4,Wednesday,16,5,1,11,1,99998,42.26822778,-71.20299444,24,1,0,98,0,0,1,0
250198,MASSACHUSETTS,MA,1,0,1,21,253,CHILTON,16,12,December,2010,5,Thursday,6,52,0,16,8,99998,42.23690556,-71.30848056,53,4,0,1,0,0,1,1
250199,MASSACHUSETTS,MA,1,0,1,23,677,BLADON SPRINGS,17,12,December,2010,6,Friday,20,25,0,16,8,99998,41.68381111,-70.72139722,40,2,0,1,0,0,1,1
250200,MASSACHUSETTS,MA,1,0,2,27,1269,ASHLAND,18,12,December,2010,7,Saturday,1,15,0,6,8,99998,42.09892222,-71.71892222,18,2,0,1,0,0,2,1
250201,MASSACHUSETTS,MA,1,0,1,9,675,BLOUNT,22,12,December,2010,4,Wednesday,11,22,0,16,8,99998,42.49178333,-70.86318889,42,1,3,4,0,0,1,0
250202,MASSACHUSETTS,MA,1,1,1,5,1133,BAKER HILL,17,12,December,2010,6,Friday,23,25,1,11,1,99998,41.81895278,-71.40203611,8,2,0,1,0,0,1,0
250203,MASSACHUSETTS,MA,1,1,1,27,390,ASHLAND,19,12,December,2010,1,Sunday,16,19,0,16,8,99998,42.57090833,-71.98285000,8,5,0,10,0,0,1,0
250204,MASSACHUSETTS,MA,1,1,1,5,850,BAKER HILL,22,12,December,2010,4,Wednesday,17,19,0,16,8,99998,41.63552500,-70.95176667,8,3,0,4,0,0,1,0
250205,MASSACHUSETTS,MA,2,0,3,23,770,BLADON SPRINGS,10,9,September,2010,6,Friday,9,22,1,11,1,99998,41.89657500,-70.95438611,12,1,0,98,0,0,2,0
250206,MASSACHUSETTS,MA,1,1,1,9,1125,BLOUNT,28,1,January,2010,5,Thursday,17,16,0,16,8,99998,42.46348611,-71.01013056,8,8,0,98,0,0,1,0
250207,MASSACHUSETTS,MA,2,0,4,17,630,CHAMBERS,11,9,September,2010,7,Saturday,0,20,0,16,8,99998,42.63534722,-71.33877778,12,3,0,1,0,0,1,2
250208,MASSACHUSETTS,MA,2,0,2,5,254,BAKER HILL,27,4,April,2010,3,Tuesday,17,44,1,12,2,99998,41.87288333,-71.18642778,12,5,0,2,0,0,1,0
250209,MASSACHUSETTS,MA,2,0,4,17,1340,CHAMBERS,5,5,May,2010,4,Wednesday,16,30,0,16,8,99998,42.36995000,-71.23971944,12,1,0,1,0,0,1,0
250210,MASSACHUSETTS,MA,1,0,1,9,860,BLOUNT,30,5,May,2010,1,Sunday,23,26,0,16,8,99998,42.82776389,-70.91795000,42,3,0,1,0,0,1,1
250211,MASSACHUSETTS,MA,1,0,1,17,1335,CHAMBERS,27,6,June,2010,1,Sunday,17,12,0,16,8,99998,42.52329444,-71.06523611,33,1,0,1,0,0,1,1
250212,MASSACHUSETTS,MA,2,0,4,5,251,BAKER HILL,1,7,July,2010,5,Thursday,11,28,0,16,8,99998,41.61807222,-70.98095000,12,1,0,1,0,0,1,0
250213,MASSACHUSETTS,MA,2,0,2,27,1520,ASHLAND,2,7,July,2010,6,Friday,1,56,0,16,8,99998,42.23315556,-71.79513889,12,3,0,1,0,0,1,1
250214,MASSACHUSETTS,MA,2,0,2,17,1503,CHAMBERS,8,7,July,2010,5,Thursday,19,30,0,16,8,99998,42.46614444,-71.12128333,12,5,0,1,0,0,1,1
250215,MASSACHUSETTS,MA,2,0,2,9,1092,BLOUNT,15,7,July,2010,5,Thursday,14,35,0,3,3,99998,42.70426389,-70.92910833,12,1,0,1,0,0,1,1
250216,MASSACHUSETTS,MA,1,0,1,5,251,BAKER HILL,23,7,July,2010,6,Friday,21,25,0,16,8,99998,41.56524167,-70.95185278,18,2,0,2,0,0,1,1
250217,MASSACHUSETTS,MA,1,0,3,27,436,ASHLAND,14,11,November,2010,1,Sunday,0,45,1,11,1,979,42.22336944,-71.71892222,1,2,0,1,0,0,2,1
250218,MASSACHUSETTS,MA,1,1,1,5,850,BAKER HILL,29,10,October,2010,6,Friday,15,30,0,14,2,99998,41.63815278,-70.92816389,15,1,0,1,0,0,1,0
250219,MASSACHUSETTS,MA,1,0,2,23,1475,BLADON SPRINGS,15,10,October,2010,6,Friday,6,20,1,12,3,99998,42.08102500,-70.94078056,19,3,0,2,0,0,1,0
250220,MASSACHUSETTS,MA,1,0,1,17,1340,CHAMBERS,25,11,November,2010,5,Thursday,0,37,0,16,8,99998,42.40970556,-71.23449444,24,3,0,1,0,0,1,1
250221,MASSACHUSETTS,MA,2,0,4,27,1172,ASHLAND,8,6,June,2010,3,Tuesday,11,26,0,14,3,99998,42.26803611,-71.71068056,12,1,0,10,0,0,1,0
250222,MASSACHUSETTS,MA,1,1,2,17,615,CHAMBERS,21,11,November,2010,1,Sunday,19,31,0,16,8,99998,42.45253056,-71.23432222,8,3,0,1,0,0,1,0
250223,MASSACHUSETTS,MA,1,0,1,17,615,CHAMBERS,18,11,November,2010,5,Thursday,23,0,1,11,1,99998,42.43644444,-71.25951389,24,2,0,1,0,0,1,1
250224,MASSACHUSETTS,MA,1,1,1,27,1520,ASHLAND,13,11,November,2010,7,Saturday,12,30,0,16,8,99998,42.26428889,-71.81265000,8,1,0,1,0,0,1,0
250225,MASSACHUSETTS,MA,1,0,2,23,140,BLADON SPRINGS,11,12,December,2010,7,Saturday,0,41,0,16,8,99998,42.09239444,-70.99661389,30,3,0,1,0,0,1,1
250226,MASSACHUSETTS,MA,1,0,1,5,320,BAKER HILL,11,12,December,2010,7,Saturday,8,15,1,12,3,99998,41.68172778,-71.12630278,59,1,0,1,0,0,1,0
250227,MASSACHUSETTS,MA,1,1,1,13,1270,BOLLING,12,12,December,2010,1,Sunday,18,28,0,16,8,99998,42.12967500,-72.60057500,8,5,2,2,0,0,1,0
250228,MASSACHUSETTS,MA,1,0,1,17,261,CHAMBERS,30,12,December,2010,5,Thursday,99,99,0,16,8,99998,42.68451667,-71.30573333,42,2,0,1,0,0,1,1
250229,MASSACHUSETTS,MA,1,0,3,23,140,BLADON SPRINGS,11,12,December,2010,7,Saturday,11,13,1,12,3,99998,42.09013333,-71.06021389,26,1,0,10,0,0,1,0
250230,MASSACHUSETTS,MA,1,0,3,5,7,BAKER HILL,4,12,December,2010,7,Saturday,1,14,0,16,8,99998,41.70444722,-70.88301667,42,3,0,1,0,0,1,1
250231,MASSACHUSETTS,MA,1,0,1,27,350,ASHLAND,9,1,January,2010,7,Saturday,12,37,0,16,8,99998,42.59782778,-71.82415000,42,1,0,1,0,0,1,0
250232,MASSACHUSETTS,MA,2,0,3,21,1336,CHILTON,11,1,January,2010,2,Monday,15,19,0,14,3,99998,42.15004167,-71.25011389,12,1,0,1,0,0,1,0
250233,MASSACHUSETTS,MA,1,0,1,13,210,BOLLING,18,1,January,2010,2,Monday,18,47,1,11,1,99998,42.15675556,-72.61023056,34,3,0,1,0,0,1,0
250234,MASSACHUSETTS,MA,1,0,1,17,1340,CHAMBERS,27,1,January,2010,4,Wednesday,3,8,1,12,2,99998,42.37763056,-71.22960000,33,3,0,1,0,0,1,0
250235,MASSACHUSETTS,MA,2,0,2,5,850,BAKER HILL,8,3,March,2010,2,Monday,16,29,0,16,8,99998,41.65970278,-70.94790556,12,1,0,1,0,0,1,0
250236,MASSACHUSETTS,MA,1,0,2,17,1282,CHAMBERS,3,4,April,2010,7,Saturday,11,25,0,12,3,99998,42.59397500,-71.21063333,33,1,0,1,0,0,1,0
250237,MASSACHUSETTS,MA,1,0,1,27,610,ASHLAND,14,4,April,2010,4,Wednesday,14,52,0,12,3,99998,42.56844167,-71.74621667,33,1,0,1,0,0,1,0
250238,MASSACHUSETTS,MA,1,0,1,5,315,BAKER HILL,19,5,May,2010,4,Wednesday,23,1,0,16,8,99998,41.63077778,-70.87194444,33,3,5,2,0,0,1,0
250239,MASSACHUSETTS,MA,1,1,1,1,330,AUTAUGA,28,10,October,2010,5,Thursday,21,0,1,12,3,99998,41.57891944,-70.55926389,8,2,0,1,0,0,1,0
250240,MASSACHUSETTS,MA,1,1,1,25,200,BARLOW BEND,30,10,October,2010,7,Saturday,6,32,1,12,3,99998,42.40400278,-71.03708333,8,1,0,1,0,0,1,0
250241,MASSACHUSETTS,MA,2,0,5,27,1210,ASHLAND,7,12,December,2010,3,Tuesday,7,25,0,6,8,99998,42.07675556,-72.04413333,12,1,0,10,0,0,1,0
250242,MASSACHUSETTS,MA,1,0,1,17,630,CHAMBERS,7,11,November,2010,1,Sunday,7,18,0,16,8,99998,42.64463056,-71.31723333,24,3,0,1,0,0,1,1
250243,MASSACHUSETTS,MA,1,1,1,17,630,CHAMBERS,26,11,November,2010,6,Friday,16,0,0,16,8,99998,42.64923889,-71.32907778,8,5,0,1,0,0,1,0
250244,MASSACHUSETTS,MA,2,0,2,5,1280,BAKER HILL,7,12,December,2010,3,Tuesday,13,55,1,12,3,99998,41.87313889,-71.05497778,12,1,0,10,0,0,2,0
250245,MASSACHUSETTS,MA,2,0,4,21,1336,CHILTON,11,12,December,2010,7,Saturday,3,18,1,11,1,99998,42.15147222,-71.19578333,12,2,0,1,0,0,1,0
250246,MASSACHUSETTS,MA,3,0,2,5,1280,BAKER HILL,2,10,October,2010,7,Saturday,12,9,0,16,8,99998,41.88585833,-71.09055556,14,1,0,1,0,0,1,0
250247,MASSACHUSETTS,MA,2,0,2,13,624,BOLLING,11,12,December,2010,7,Saturday,5,13,1,11,1,8,42.02551389,-72.59044722,12,3,0,1,0,0,2,1
250248,MASSACHUSETTS,MA,2,0,4,23,270,BLADON SPRINGS,30,12,December,2010,5,Thursday,20,6,1,13,3,99998,42.02124167,-70.95949167,12,3,0,1,0,0,1,0
250249,MASSACHUSETTS,MA,2,1,2,5,850,BAKER HILL,30,12,December,2010,5,Thursday,6,43,1,14,3,99998,41.69906389,-70.93563056,8,1,0,1,0,0,1,0
250250,MASSACHUSETTS,MA,3,0,3,23,1085,BLADON SPRINGS,2,6,June,2010,4,Wednesday,13,21,0,12,3,99998,42.11891667,-70.91743333,12,1,0,1,0,0,1,0
250251,MASSACHUSETTS,MA,1,0,1,27,510,ASHLAND,16,1,January,2010,7,Saturday,16,5,0,12,3,99998,42.12178056,-71.54305556,1,5,0,1,0,0,1,0
250252,MASSACHUSETTS,MA,1,1,0,9,460,BLOUNT,31,7,July,2010,7,Saturday,10,35,0,16,8,99998,42.74430278,-71.02051667,8,1,0,98,0,0,1,0
250253,MASSACHUSETTS,MA,1,0,2,21,1336,CHILTON,13,10,October,2010,4,Wednesday,1,45,1,11,1,99998,42.15176111,-71.19578333,1,2,0,1,0,0,1,0
250254,MASSACHUSETTS,MA,2,0,3,21,1336,CHILTON,13,9,September,2010,2,Monday,17,18,0,16,8,99998,42.15462222,-71.25234722,12,1,0,10,0,0,1,1
250255,MASSACHUSETTS,MA,1,0,1,27,123,ASHLAND,7,12,December,2010,3,Tuesday,5,50,0,16,8,99998,42.34331944,-71.69815000,42,2,0,1,0,0,1,0
250256,MASSACHUSETTS,MA,2,0,2,23,926,BLADON SPRINGS,13,9,September,2010,2,Monday,15,44,0,13,3,286,42.11694444,-70.77838889,14,1,0,1,0,0,1,1
250257,MASSACHUSETTS,MA,2,0,2,17,720,CHAMBERS,7,12,December,2010,3,Tuesday,22,43,1,11,1,99998,42.41141667,-71.10394444,14,3,0,98,0,0,1,0
250258,MASSACHUSETTS,MA,1,1,1,9,460,BLOUNT,1,11,November,2010,2,Monday,14,8,0,13,3,99998,42.74115000,-71.02154722,8,1,0,1,0,0,1,0
250260,MASSACHUSETTS,MA,2,0,3,25,120,BARLOW BEND,1,12,December,2010,4,Wednesday,17,50,0,14,3,99998,42.35232778,-71.09055556,12,3,0,2,0,0,1,0
250261,MASSACHUSETTS,MA,2,0,2,27,1172,ASHLAND,21,11,November,2010,1,Sunday,14,34,0,14,3,99998,42.24785556,-71.71085000,12,1,0,1,0,0,1,0
250262,MASSACHUSETTS,MA,1,1,2,13,1270,BOLLING,20,11,November,2010,7,Saturday,3,32,0,16,8,99998,42.11185000,-72.58443889,8,3,0,1,0,0,1,1
250263,MASSACHUSETTS,MA,2,0,2,1,694,AUTAUGA,17,11,November,2010,4,Wednesday,12,22,1,12,3,99998,41.61833056,-70.48776667,12,1,0,1,0,0,1,0
250264,MASSACHUSETTS,MA,2,0,4,23,2,BLADON SPRINGS,18,11,November,2010,5,Thursday,18,49,0,16,8,99998,42.11032222,-70.96292500,12,3,0,1,0,0,1,0
250265,MASSACHUSETTS,MA,1,0,1,3,10,BALDWIN,19,9,September,2010,1,Sunday,12,35,0,16,8,99998,42.62720278,-73.12740278,24,1,0,98,0,0,1,0
250266,MASSACHUSETTS,MA,1,0,1,27,785,ASHLAND,18,9,September,2010,7,Saturday,1,9,0,16,8,99998,42.20003889,-71.78483889,30,3,0,1,0,0,1,1
250267,MASSACHUSETTS,MA,2,0,3,5,1441,BAKER HILL,30,12,December,2010,5,Thursday,19,39,0,14,3,99998,41.63353611,-71.07862500,12,2,0,1,0,0,2,2
250268,MASSACHUSETTS,MA,1,0,1,1,121,AUTAUGA,10,8,August,2010,3,Tuesday,13,50,0,16,8,99998,41.74153889,-70.59900278,42,1,0,1,0,0,1,0
250269,MASSACHUSETTS,MA,1,0,1,23,1400,BLADON SPRINGS,28,11,November,2010,1,Sunday,5,52,0,16,8,99998,42.03495000,-71.01133333,43,6,0,1,0,0,1,0
250270,MASSACHUSETTS,MA,2,0,2,3,1030,BALDWIN,14,11,November,2010,1,Sunday,22,38,0,16,8,99998,42.45576111,-73.26421667,12,3,0,10,0,0,1,0
250271,MASSACHUSETTS,MA,2,0,2,5,1064,BAKER HILL,8,11,November,2010,2,Monday,4,32,1,11,1,178,41.92405833,-70.99656944,24,2,0,3,0,0,1,0
250272,MASSACHUSETTS,MA,2,0,4,23,1400,BLADON SPRINGS,19,10,October,2010,3,Tuesday,23,4,1,12,3,99998,42.02086111,-71.00309444,12,3,0,1,0,0,1,0
250273,MASSACHUSETTS,MA,2,0,3,3,1030,BALDWIN,23,10,October,2010,7,Saturday,16,57,1,13,2,99998,42.42541944,-73.26035556,12,1,0,10,0,0,1,0
250274,MASSACHUSETTS,MA,2,0,6,25,120,BARLOW BEND,16,10,October,2010,7,Saturday,19,30,0,16,8,99998,42.36742222,-71.05896944,12,5,0,1,0,0,1,0
250275,MASSACHUSETTS,MA,1,1,1,17,375,CHAMBERS,11,10,October,2010,2,Monday,17,2,1,13,3,99998,42.29737222,-71.45190278,8,1,0,1,0,0,1,0
250276,MASSACHUSETTS,MA,2,0,3,27,1172,ASHLAND,9,10,October,2010,7,Saturday,13,25,1,11,1,99998,42.29572222,-71.75145278,1,1,0,1,0,0,1,1
250277,MASSACHUSETTS,MA,1,1,1,1,540,AUTAUGA,19,11,November,2010,6,Friday,17,54,1,12,3,99998,41.65822778,-70.27104444,8,3,0,1,0,0,1,0
250278,MASSACHUSETTS,MA,2,0,2,21,180,CHILTON,8,10,October,2010,6,Friday,4,30,1,11,1,99998,42.18795556,-71.15638611,12,2,0,1,0,0,1,0
250279,MASSACHUSETTS,MA,1,0,1,27,1269,ASHLAND,11,9,September,2010,7,Saturday,1,45,0,6,8,99998,42.09535556,-71.73497222,18,3,0,1,0,0,1,1
250280,MASSACHUSETTS,MA,1,0,1,5,924,BAKER HILL,11,2,February,2010,5,Thursday,23,37,0,16,8,99998,41.97155278,-71.22702500,42,2,0,1,0,0,1,1
250281,MASSACHUSETTS,MA,1,0,2,13,15,BOLLING,20,11,November,2010,7,Saturday,5,3,0,14,3,99998,42.03877500,-72.68571944,42,3,0,1,0,0,2,1
250282,MASSACHUSETTS,MA,2,0,2,5,50,BAKER HILL,5,10,October,2010,3,Tuesday,5,18,1,11,1,99998,41.92450556,-71.32890833,24,2,0,2,0,0,1,0
250283,MASSACHUSETTS,MA,1,0,1,1,1535,AUTAUGA,1,9,September,2010,4,Wednesday,0,18,1,12,3,99998,41.65296944,-70.21465278,42,3,0,1,0,0,1,1
250284,MASSACHUSETTS,MA,2,0,2,5,50,BAKER HILL,24,9,September,2010,6,Friday,6,56,0,16,8,99998,41.91061389,-71.30006389,1,1,0,10,0,0,1,0
250285,MASSACHUSETTS,MA,2,0,1,5,320,BAKER HILL,25,9,September,2010,7,Saturday,1,47,0,16,8,99998,41.73513333,-71.13415833,30,3,0,1,0,0,1,1
250286,MASSACHUSETTS,MA,2,1,2,17,375,CHAMBERS,14,9,September,2010,3,Tuesday,22,43,1,13,3,99998,42.29737222,-71.48348889,8,3,0,1,0,0,1,1
250287,MASSACHUSETTS,MA,2,0,2,11,1150,BULLOCK,24,9,September,2010,6,Friday,16,47,1,2,3,99998,42.59138333,-72.68614722,12,1,0,1,0,0,1,1
250288,MASSACHUSETTS,MA,2,0,2,17,90,CHAMBERS,15,11,November,2010,2,Monday,8,6,1,12,2,99998,42.49728889,-71.23758333,12,1,0,10,0,0,1,0
250289,MASSACHUSETTS,MA,1,0,1,5,251,BAKER HILL,28,12,December,2010,3,Tuesday,17,46,0,16,8,99998,41.70989444,-70.99141944,42,3,0,1,0,0,1,1
250290,MASSACHUSETTS,MA,1,0,1,17,617,CHAMBERS,9,11,November,2010,3,Tuesday,10,57,0,14,3,99998,42.45012500,-71.28959722,42,1,0,1,0,0,1,0
250291,MASSACHUSETTS,MA,1,3,1,13,210,BOLLING,28,11,November,2010,1,Sunday,11,38,0,16,8,99998,42.15385833,-72.58443889,43,1,0,1,0,0,1,0
250292,MASSACHUSETTS,MA,2,0,3,27,1310,ASHLAND,22,10,October,2010,6,Friday,15,19,0,12,3,99998,42.16342778,-71.58593056,12,1,0,1,0,0,1,0
250293,MASSACHUSETTS,MA,2,0,3,13,210,BOLLING,17,5,May,2010,2,Monday,11,45,0,12,3,99998,42.16906667,-72.61447778,12,1,0,1,0,0,1,0