ST_CASE,State Name,State Abbreviation,VE_TOTAL,Pedestrains,Total_Persons_in_accident,COUNTY,CITY,City_County_Name,Calendar_DAY,MONTH,Month_Name,YEAR,DAY_WEEK,Day_Week_desc,HOUR,MINUTE,NHS_Desc,trafficway,ROUTE,MILEPT,LATITUDE,LONGITUD,First_Crash_event,Light_cond_desc,Weather_condition,WEATHER,SCH_BUS,Crash_cause,FATALS,DRUNK_DR
250294,MASSACHUSETTS,MA,2,0,1,13,210,BOLLING,2,4,April,2010,6,Friday,15,32,0,12,3,99998,42.16893889,-72.59344444,14,1,0,1,0,0,1,0
250295,MASSACHUSETTS,MA,1,1,1,9,35,BLOUNT,12,12,December,2010,1,Sunday,15,5,1,12,3,99998,42.60035556,-71.13338333,8,1,0,98,0,0,1,1
250296,MASSACHUSETTS,MA,2,0,2,3,1030,BALDWIN,7,12,December,2010,3,Tuesday,18,20,0,16,8,99998,42.45145556,-73.26945278,12,3,0,1,0,0,1,1
250297,MASSACHUSETTS,MA,1,1,1,21,58,CHILTON,15,10,October,2010,6,Friday,18,47,0,12,3,99998,42.12935833,-71.03845556,8,6,0,2,0,0,1,0
250298,MASSACHUSETTS,MA,1,0,2,23,926,BLADON SPRINGS,18,7,July,2010,1,Sunday,3,43,0,16,8,99998,42.16800000,-70.71197222,33,8,0,10,0,0,1,1
250299,MASSACHUSETTS,MA,2,0,3,5,251,BAKER HILL,21,10,October,2010,5,Thursday,18,2,0,16,8,99998,41.70188333,-70.98841667,12,5,0,1,0,0,1,1
250300,MASSACHUSETTS,MA,2,0,4,27,1520,ASHLAND,15,6,June,2010,3,Tuesday,13,40,1,2,3,99998,42.21138889,-72.08500000,12,1,0,1,0,0,1,0
250301,MASSACHUSETTS,MA,1,0,2,27,117,ASHLAND,2,3,March,2010,3,Tuesday,9,16,1,1,1,682,42.45183333,-71.58107778,1,1,0,1,0,0,1,0
250302,MASSACHUSETTS,MA,2,0,4,13,990,BOLLING,23,9,September,2010,5,Thursday,20,24,0,2,2,99998,42.15385833,-72.37681389,12,6,0,1,0,0,2,0
250303,MASSACHUSETTS,MA,2,0,3,13,210,BOLLING,20,2,February,2010,7,Saturday,14,45,0,16,8,99998,42.16849167,-72.61447778,12,1,0,1,0,0,1,0
250304,MASSACHUSETTS,MA,1,0,2,9,1000,BLOUNT,18,4,April,2010,1,Sunday,1,32,1,11,1,99998,42.52177500,-70.99519722,35,3,0,1,0,0,1,0
250305,MASSACHUSETTS,MA,2,0,3,1,1388,AUTAUGA,4,8,August,2010,4,Wednesday,19,56,1,12,2,99998,41.69701389,-70.38528333,12,5,0,10,0,0,1,0
250306,MASSACHUSETTS,MA,2,0,2,5,1441,BAKER HILL,14,9,September,2010,3,Tuesday,14,51,0,6,8,99998,41.61948611,-71.04669444,12,1,0,1,0,0,1,0
250307,MASSACHUSETTS,MA,1,0,2,21,58,CHILTON,17,10,October,2010,1,Sunday,14,40,0,16,8,99998,42.11713333,-71.03090278,31,1,0,98,0,0,1,0
250308,MASSACHUSETTS,MA,2,0,1,5,1441,BAKER HILL,4,9,September,2010,7,Saturday,14,6,0,6,8,99998,41.62551667,-71.12797778,38,1,0,1,0,0,1,1
250309,MASSACHUSETTS,MA,3,0,9,27,1273,ASHLAND,17,10,October,2010,1,Sunday,17,47,1,11,1,99998,42.45854722,-71.74707500,12,1,0,1,0,0,1,0
250310,MASSACHUSETTS,MA,1,0,1,15,93,ANNISTON,2,8,August,2010,2,Monday,9,38,0,16,8,99998,42.21790278,-72.37518333,35,1,0,10,0,0,1,0
250311,MASSACHUSETTS,MA,2,0,2,9,470,BLOUNT,17,7,July,2010,7,Saturday,4,17,1,11,1,99998,42.80046944,-71.09411667,24,1,0,1,0,0,1,1
250312,MASSACHUSETTS,MA,4,0,6,17,615,CHAMBERS,19,8,August,2010,5,Thursday,14,15,1,12,3,1290,42.50551389,-71.48666389,12,1,0,1,0,0,1,1
250313,MASSACHUSETTS,MA,1,1,1,25,120,BARLOW BEND,20,9,September,2010,2,Monday,16,30,0,16,8,99998,42.33310556,-71.07253056,9,1,0,98,0,0,1,0
250314,MASSACHUSETTS,MA,1,1,2,25,120,BARLOW BEND,27,8,August,2010,6,Friday,10,0,0,16,8,99998,42.33650278,-71.14858333,15,1,0,98,0,0,1,0
250315,MASSACHUSETTS,MA,1,1,11,25,120,BARLOW BEND,21,12,December,2010,3,Tuesday,8,49,0,16,8,99998,42.33913333,-71.09681944,8,1,0,98,0,0,1,0
250316,MASSACHUSETTS,MA,1,1,1,25,120,BARLOW BEND,28,12,December,2010,3,Tuesday,12,45,0,14,3,99998,42.37876111,-71.02853056,8,1,0,1,0,0,1,0
250317,MASSACHUSETTS,MA,2,0,4,13,15,BOLLING,22,8,August,2010,1,Sunday,15,53,0,14,3,99998,42.08446944,-72.62888611,12,1,10,2,0,0,1,0
250318,MASSACHUSETTS,MA,1,1,2,17,660,CHAMBERS,12,11,November,2010,6,Friday,17,57,0,16,8,99998,42.43000278,-71.02929167,8,8,0,10,0,0,1,1
250319,MASSACHUSETTS,MA,2,0,3,17,660,CHAMBERS,1,8,August,2010,1,Sunday,0,42,0,16,8,99998,42.43534444,-71.04538889,12,2,0,1,0,0,1,1
250320,MASSACHUSETTS,MA,2,0,6,13,1477,BOLLING,25,11,November,2010,5,Thursday,1,46,0,12,3,99998,42.15239167,-72.39558889,12,2,0,1,0,0,1,1
250321,MASSACHUSETTS,MA,1,1,1,3,10,BALDWIN,24,12,December,2010,6,Friday,10,32,0,6,8,99998,42.62315278,-73.12000556,8,1,0,1,0,0,1,0
250322,MASSACHUSETTS,MA,1,0,1,21,710,CHILTON,12,12,December,2010,1,Sunday,12,1,0,16,8,99998,42.18864167,-71.33331667,35,1,0,98,0,0,1,0
250323,MASSACHUSETTS,MA,2,0,2,13,1247,BOLLING,24,11,November,2010,4,Wednesday,9,18,0,15,3,0,42.01265556,-72.79493056,12,1,0,1,0,0,1,0
250324,MASSACHUSETTS,MA,2,0,2,17,1340,CHAMBERS,6,10,October,2010,4,Wednesday,12,38,0,16,8,0,42.41290278,-71.24429167,12,1,0,2,0,0,1,0
250325,MASSACHUSETTS,MA,2,0,2,25,120,BARLOW BEND,14,11,November,2010,1,Sunday,23,43,0,16,8,0,42.33192778,-71.09379167,12,3,0,1,0,0,1,1
250326,MASSACHUSETTS,MA,1,0,1,13,1446,BOLLING,22,9,September,2010,4,Wednesday,22,9,0,12,2,99998,42.13394167,-72.62619444,24,2,0,10,0,0,1,0
250327,MASSACHUSETTS,MA,1,0,3,11,1150,BULLOCK,9,7,July,2010,6,Friday,16,44,1,2,3,99998,42.58647778,-72.71462500,24,1,0,1,0,0,1,0
250328,MASSACHUSETTS,MA,2,2,3,17,240,CHAMBERS,16,12,December,2010,5,Thursday,12,1,0,16,8,99998,42.45975833,-71.34942778,12,1,0,98,0,0,1,0
250329,MASSACHUSETTS,MA,1,1,1,25,120,BARLOW BEND,1,2,February,2010,2,Monday,6,30,0,16,8,0,42.34232222,-71.06009444,8,4,0,1,0,0,1,0
250330,MASSACHUSETTS,MA,1,1,2,25,120,BARLOW BEND,18,3,March,2010,5,Thursday,22,20,0,16,8,99998,42.34395278,-71.06206944,8,3,0,1,0,0,1,0
250331,MASSACHUSETTS,MA,1,1,1,25,120,BARLOW BEND,24,3,March,2010,4,Wednesday,16,18,0,16,8,99998,42.33781111,-71.04926667,8,1,0,1,0,0,1,0
250332,MASSACHUSETTS,MA,1,1,1,21,1063,CHILTON,16,12,December,2010,5,Thursday,6,23,0,12,3,99998,42.19472500,-71.06053056,8,3,0,1,0,0,1,0
250333,MASSACHUSETTS,MA,3,0,3,25,120,BARLOW BEND,8,1,January,2010,6,Friday,0,20,0,16,8,99998,42.34492778,-71.06333056,14,8,0,1,0,0,1,0
250334,MASSACHUSETTS,MA,1,1,1,25,120,BARLOW BEND,1,3,March,2010,2,Monday,18,56,0,16,8,99998,42.34862222,-71.13756944,8,3,0,1,0,0,1,0
260001,MICHIGAN,MI,2,0,8,165,0,HERNDON,3,1,January,2010,1,Sunday,15,25,1,12,2,45,44.27994444,-85.38870278,12,1,0,4,0,0,1,0
260002,MICHIGAN,MI,1,0,1,31,0,COFFEE,10,1,January,2010,1,Sunday,1,0,0,6,4,24,45.62739444,-84.37156667,35,2,0,1,0,0,1,1
260003,MICHIGAN,MI,2,0,4,103,4447,DANVILLE,2,1,January,2010,7,Saturday,12,20,0,3,3,80,46.39060278,-87.40717500,12,1,0,4,0,0,1,0
260004,MICHIGAN,MI,1,0,1,57,0,BANKSTON,12,1,January,2010,3,Tuesday,8,45,1,2,2,237,43.42333056,-84.67710278,1,1,0,1,0,0,1,0
260005,MICHIGAN,MI,1,0,1,145,565,BALD KNOB,14,1,January,2010,5,Thursday,12,0,1,11,1,127,43.38059722,-83.87761111,25,1,0,1,0,0,1,0
260006,MICHIGAN,MI,1,0,1,105,0,MARION,21,1,January,2010,5,Thursday,20,14,0,4,4,47,43.99480556,-86.34011389,42,2,0,1,0,0,1,1
260007,MICHIGAN,MI,2,0,3,123,3490,ALEXANDER CITY,1,1,January,2010,6,Friday,23,0,0,3,3,3,43.40461111,-85.80001389,12,3,0,1,0,0,2,1
260008,MICHIGAN,MI,1,0,1,163,1260,AVERA,2,1,January,2010,7,Saturday,2,10,0,14,6,104,42.35856111,-83.17015556,33,3,0,10,0,0,1,1
260009,MICHIGAN,MI,2,0,3,21,0,CHILTON,5,1,January,2010,3,Tuesday,17,53,0,3,4,154,41.90821667,-86.58790833,12,2,0,11,0,0,2,0
260010,MICHIGAN,MI,2,0,2,91,4516,DAYTON,6,1,January,2010,4,Wednesday,7,40,0,4,4,16,41.73481389,-84.18316944,12,4,0,10,1,0,1,0
260011,MICHIGAN,MI,3,0,4,163,2850,AVERA,6,1,January,2010,4,Wednesday,11,34,0,14,6,66,42.37465833,-83.41164722,12,1,0,10,0,0,1,0
260012,MICHIGAN,MI,2,0,5,125,3712,BROOKWOOD,11,1,January,2010,2,Monday,6,59,0,14,4,78,42.76068889,-83.28319167,12,2,0,11,0,0,3,0
260013,MICHIGAN,MI,2,0,2,139,0,CALION,12,1,January,2010,3,Tuesday,7,21,0,14,4,74,42.88542222,-85.87652222,12,4,0,10,0,0,1,0
260014,MICHIGAN,MI,1,1,1,63,0,BOLIGEE,12,1,January,2010,3,Tuesday,6,26,0,3,3,67,43.79491944,-83.37760556,8,2,0,10,0,0,1,0
260015,MICHIGAN,MI,2,0,2,25,0,BARLOW BEND,14,1,January,2010,5,Thursday,15,50,0,6,4,28,42.20337500,-85.17839722,12,1,0,10,0,0,1,0
260016,MICHIGAN,MI,1,1,2,163,4166,AVERA,11,1,January,2010,2,Monday,18,45,0,14,4,4,42.35934444,-83.30597778,8,3,0,10,0,0,1,0
260017,MICHIGAN,MI,1,0,2,1,0,AUTAUGA,23,1,January,2010,7,Saturday,99,99,0,4,4,121,44.75651667,-83.52617778,48,2,0,1,0,0,2,0
260018,MICHIGAN,MI,2,0,2,123,0,ALEXANDER CITY,28,1,January,2010,5,Thursday,7,54,0,3,3,9,43.43628056,-85.79107778,12,2,0,4,0,0,1,0
260019,MICHIGAN,MI,2,0,3,61,0,BELLWOOD,28,1,January,2010,5,Thursday,10,39,0,3,2,61,47.16711944,-88.52163056,12,1,0,11,0,0,1,0
260020,MICHIGAN,MI,4,0,6,99,4330,BEATRICE,13,1,January,2010,4,Wednesday,16,30,1,13,3,41,42.50393333,-82.93227222,12,1,0,1,0,0,2,0
260021,MICHIGAN,MI,2,0,2,77,4030,ANDERSON,7,1,January,2010,5,Thursday,5,50,0,13,6,42,42.23647778,-85.54051667,12,3,0,10,0,0,1,0
260022,MICHIGAN,MI,3,0,7,99,4330,BEATRICE,14,1,January,2010,5,Thursday,23,19,1,11,1,43,42.51045833,-82.91846389,12,3,0,1,0,0,3,0
260023,MICHIGAN,MI,2,0,2,125,1081,BROOKWOOD,5,1,January,2010,3,Tuesday,10,6,1,13,3,10,42.54122500,-83.45152500,12,1,11,4,0,0,1,0
260024,MICHIGAN,MI,1,0,2,81,0,AUBURN,10,1,January,2010,1,Sunday,2,30,0,6,4,41,42.86954444,-85.39061944,42,2,0,1,0,0,2,1
260025,MICHIGAN,MI,2,0,2,93,0,BEAR CREEK,20,1,January,2010,4,Wednesday,7,45,0,13,3,143,42.59565833,-83.89841389,12,4,0,10,0,0,1,0
260026,MICHIGAN,MI,2,0,6,79,0,COURTLAND,24,1,January,2010,1,Sunday,14,53,0,4,4,10,44.56974167,-85.31295833,12,1,0,2,0,0,1,0
260027,MICHIGAN,MI,1,1,1,99,4330,BEATRICE,25,1,January,2010,2,Monday,17,12,0,13,3,42,42.50608611,-82.96033889,8,1,0,1,0,0,1,0
260028,MICHIGAN,MI,1,1,1,49,1730,COLLINSVILLE,18,1,January,2010,2,Monday,3,20,0,15,6,23,43.03555556,-83.71597778,8,2,0,5,0,0,1,0
260029,MICHIGAN,MI,1,0,1,99,850,BEATRICE,29,1,January,2010,6,Friday,9,48,0,15,6,27,42.49412500,-82.97196944,10,1,0,1,0,0,1,0
260030,MICHIGAN,MI,3,0,4,33,4480,CHEROKEE,10,1,January,2010,1,Sunday,9,23,0,14,6,12,46.49951111,-84.34361944,12,1,0,1,0,0,1,0
260031,MICHIGAN,MI,1,0,1,71,0,BRIDGEPORT,2,1,January,2010,7,Saturday,21,10,1,2,2,172,46.09933333,-88.67902222,48,3,0,1,0,0,1,0
260032,MICHIGAN,MI,2,0,2,81,5319,AUBURN,13,1,January,2010,4,Wednesday,12,58,1,12,2,94,42.90309444,-85.67730833,35,1,0,1,0,0,1,0
260033,MICHIGAN,MI,4,0,4,77,3727,ANDERSON,28,1,January,2010,5,Thursday,16,57,0,13,4,10,42.24532500,-85.67765278,12,1,0,4,0,0,1,0
260034,MICHIGAN,MI,2,0,2,27,0,ASHLAND,2,2,February,2010,3,Tuesday,8,5,0,4,4,111,41.95534167,-86.08781667,12,1,0,4,0,0,1,0
260035,MICHIGAN,MI,2,0,3,77,47,ANDERSON,2,2,February,2010,3,Tuesday,7,10,0,4,4,26,42.36853333,-85.67813611,12,4,0,4,0,0,1,0
260036,MICHIGAN,MI,1,1,1,99,4330,BEATRICE,19,1,January,2010,3,Tuesday,18,49,1,13,3,48,42.51175833,-82.92693889,9,3,0,10,0,0,1,0
260037,MICHIGAN,MI,1,0,1,25,2310,BARLOW BEND,6,2,February,2010,7,Saturday,2,2,0,3,3,185,42.14735278,-84.81422778,59,3,0,10,0,0,1,1
260038,MICHIGAN,MI,2,0,5,55,0,ATTALLA,5,1,January,2010,3,Tuesday,18,56,1,13,2,103,44.72030000,-85.64597500,12,2,11,4,0,0,1,0
260039,MICHIGAN,MI,2,0,7,81,0,AUBURN,6,2,February,2010,7,Saturday,9,0,1,1,1,249,42.87833889,-85.42020278,12,1,0,1,0,0,1,0
260040,MICHIGAN,MI,2,0,2,17,0,CHAMBERS,21,1,January,2010,5,Thursday,7,3,0,3,3,218,43.84067222,-83.96644722,12,2,0,10,0,0,1,1
260041,MICHIGAN,MI,2,0,3,33,4480,CHEROKEE,24,1,January,2010,1,Sunday,15,38,0,15,6,28,46.47455278,-84.33813611,18,1,0,3,0,0,1,0
260042,MICHIGAN,MI,1,0,1,165,0,HERNDON,31,1,January,2010,1,Sunday,16,22,0,3,3,13,44.18338611,-85.80025000,42,1,0,4,0,0,1,1
260043,MICHIGAN,MI,1,1,1,125,1690,BROOKWOOD,12,1,January,2010,3,Tuesday,9,58,1,13,3,118,42.46161944,-83.13503889,8,1,0,1,0,0,1,0
260044,MICHIGAN,MI,1,1,1,99,2934,BEATRICE,26,1,January,2010,3,Tuesday,21,33,1,13,4,65,42.62764167,-82.95343056,8,2,0,4,0,0,1,0
260045,MICHIGAN,MI,2,0,2,147,2558,AUGUSTA,8,2,February,2010,2,Monday,7,2,0,14,4,91,42.96531111,-82.50241111,12,3,0,1,0,0,1,0
260046,MICHIGAN,MI,2,0,5,149,1100,BELLEVILLE,10,2,February,2010,4,Wednesday,9,42,1,2,2,50,41.82828889,-85.66280278,12,1,0,10,0,0,1,0
260047,MICHIGAN,MI,2,0,2,139,2400,CALION,21,1,January,2010,5,Thursday,17,57,0,15,6,2,42.85534722,-85.87821389,12,3,0,10,0,0,1,0
260048,MICHIGAN,MI,1,0,2,81,0,AUBURN,11,2,February,2010,5,Thursday,23,30,0,4,4,11,43.26445556,-85.37020556,42,2,0,4,0,0,1,1
260049,MICHIGAN,MI,1,1,1,163,1260,AVERA,28,1,January,2010,5,Thursday,0,35,1,11,1,24,42.35916111,-83.05310278,8,3,0,4,0,0,1,0
260050,MICHIGAN,MI,1,1,1,69,0,ASHFORD,10,2,February,2010,4,Wednesday,22,25,0,4,4,59,44.25060833,-83.56432778,8,2,0,10,0,0,1,1
260051,MICHIGAN,MI,1,0,1,103,3050,DANVILLE,13,2,February,2010,7,Saturday,0,2,1,13,2,212,46.51910556,-87.38582222,24,2,0,10,0,0,1,0
260052,MICHIGAN,MI,1,0,1,21,0,CHILTON,16,2,February,2010,3,Tuesday,12,59,0,4,4,90,41.88806111,-86.49424444,42,1,0,1,0,0,1,0
260053,MICHIGAN,MI,2,0,3,125,208,BROOKWOOD,1,2,February,2010,2,Monday,9,33,1,13,3,15,42.70058333,-83.24249444,12,1,0,1,0,0,1,0
260054,MICHIGAN,MI,2,0,4,117,0,BIRMINGHAM,24,2,February,2010,4,Wednesday,7,40,0,4,4,55,43.19904444,-84.91599167,12,1,0,4,0,0,1,0
260055,MICHIGAN,MI,2,0,2,147,0,AUGUSTA,27,2,February,2010,7,Saturday,20,35,0,6,4,10,42.69636111,-82.56873611,12,2,0,10,0,0,1,2
260056,MICHIGAN,MI,1,0,1,59,0,FRANKLIN,5,2,February,2010,6,Friday,21,20,0,4,4,84,41.70881111,-84.64398333,30,2,0,4,0,0,1,0
260057,MICHIGAN,MI,2,0,2,41,0,BRANTLEY,5,2,February,2010,6,Friday,6,45,0,3,3,239,46.13399167,-87.21176944,11,2,0,10,0,0,1,0
260058,MICHIGAN,MI,3,0,3,125,4567,BROOKWOOD,21,2,February,2010,1,Sunday,16,37,0,14,6,30,42.48698889,-83.26142222,12,1,0,10,0,0,2,0
260059,MICHIGAN,MI,1,0,1,149,4760,BELLEVILLE,23,2,February,2010,3,Tuesday,19,25,0,15,6,27,41.81053889,-85.40350833,11,2,0,4,0,0,1,0
260060,MICHIGAN,MI,1,0,1,81,0,AUBURN,1,3,March,2010,2,Monday,18,28,0,3,4,145,43.07518889,-85.35239722,34,5,0,10,0,0,1,1
260061,MICHIGAN,MI,1,0,1,143,0,CANEHILL,5,2,February,2010,6,Friday,22,30,0,4,4,45,44.45751944,-84.74468611,42,2,0,4,0,0,1,1
260062,MICHIGAN,MI,1,1,1,99,2181,BEATRICE,7,3,March,2010,1,Sunday,23,14,0,13,4,78,42.55202778,-82.85308333,8,3,0,1,0,0,1,0
260063,MICHIGAN,MI,3,0,3,161,0,DENTON,9,2,February,2010,3,Tuesday,9,3,1,11,1,261,42.22458611,-83.67125833,12,1,0,4,0,0,1,0
260064,MICHIGAN,MI,2,0,2,49,0,COLLINSVILLE,9,2,February,2010,3,Tuesday,14,3,0,4,4,93,43.15176944,-83.51019722,12,1,0,4,0,0,1,0
260065,MICHIGAN,MI,2,0,2,17,0,CHAMBERS,9,2,February,2010,3,Tuesday,9,56,1,11,1,22,43.55441389,-83.94491389,12,1,0,4,0,0,1,0
260066,MICHIGAN,MI,2,0,3,73,0,ARGO,9,2,February,2010,3,Tuesday,15,51,1,2,3,199,43.61190833,-84.65009722,12,1,0,4,0,0,1,0
260067,MICHIGAN,MI,2,0,3,33,325,CHEROKEE,13,2,February,2010,7,Saturday,15,32,0,4,4,186,46.43821111,-84.60844444,12,1,0,1,0,0,1,0
260068,MICHIGAN,MI,3,0,3,99,1440,BEATRICE,8,2,February,2010,2,Monday,14,17,1,13,3,22,42.47830000,-82.94935278,12,1,0,1,0,0,1,0
260069,MICHIGAN,MI,1,1,1,147,4060,AUGUSTA,8,2,February,2010,2,Monday,8,10,0,14,6,11,42.97579444,-82.42761389,9,1,0,1,0,0,1,0
260070,MICHIGAN,MI,2,0,5,145,0,BALD KNOB,22,2,February,2010,2,Monday,15,50,1,2,3,113,43.40722222,-83.74784722,12,1,0,4,0,0,1,0
260071,MICHIGAN,MI,2,0,2,157,0,ARCADE,27,2,February,2010,7,Saturday,6,30,0,14,3,188,43.51650278,-83.36013056,12,2,0,10,0,0,1,0
260072,MICHIGAN,MI,2,0,3,99,3390,BEATRICE,27,1,January,2010,4,Wednesday,15,1,1,13,3,6,42.61020000,-82.87107500,12,1,0,1,0,0,1,0
260073,MICHIGAN,MI,1,0,1,49,0,COLLINSVILLE,2,2,February,2010,3,Tuesday,9,26,0,14,4,83,42.97590833,-83.56927500,34,1,0,10,0,0,1,0
260074,MICHIGAN,MI,2,0,3,49,0,COLLINSVILLE,28,2,February,2010,1,Sunday,23,57,0,14,3,136,43.06368889,-83.51808611,12,3,0,10,0,0,1,1
260075,MICHIGAN,MI,2,0,3,101,0,BOYLSTON,10,2,February,2010,4,Wednesday,15,39,0,4,4,12,44.43045000,-86.10615278,12,1,0,10,0,0,2,0
260076,MICHIGAN,MI,2,0,2,99,4380,BEATRICE,22,2,February,2010,2,Monday,16,25,1,11,1,67,42.53727500,-82.90196111,12,1,0,4,0,0,1,0
260077,MICHIGAN,MI,2,0,2,81,0,AUBURN,6,1,January,2010,4,Wednesday,7,50,0,3,4,141,43.06948333,-85.35252500,12,4,0,2,0,0,1,0
260078,MICHIGAN,MI,1,0,1,65,0,CYPRESS,18,1,January,2010,2,Monday,14,0,1,11,1,163,42.66539722,-84.29202222,24,1,0,10,0,0,1,0
260079,MICHIGAN,MI,2,0,2,163,2430,AVERA,22,2,February,2010,2,Monday,5,30,0,13,6,1,42.31100556,-83.33974167,12,2,0,4,0,0,1,0
260081,MICHIGAN,MI,2,0,3,163,0,AVERA,2,2,February,2010,3,Tuesday,14,50,1,12,3,41,42.38479167,-83.47664167,24,1,0,4,0,0,1,0
260082,MICHIGAN,MI,2,0,2,159,0,FARRAR,8,3,March,2010,2,Monday,20,40,0,3,3,241,42.30285000,-85.84858333,12,2,0,1,0,0,1,1
260083,MICHIGAN,MI,3,0,3,161,0,DENTON,12,3,March,2010,6,Friday,16,3,1,12,2,83,42.20223056,-83.68508056,12,1,0,1,0,0,1,0
260084,MICHIGAN,MI,2,0,3,163,1260,AVERA,31,1,January,2010,1,Sunday,1,45,1,11,1,62,42.40844167,-83.07934444,12,3,0,10,0,0,1,1
260085,MICHIGAN,MI,1,1,1,49,1730,COLLINSVILLE,13,3,March,2010,7,Saturday,2,5,0,13,6,15,43.03304722,-83.64573333,8,3,0,2,0,0,1,0
260086,MICHIGAN,MI,1,0,1,145,0,BALD KNOB,13,3,March,2010,7,Saturday,23,50,0,4,4,7,43.14314444,-84.23372222,1,2,0,10,0,0,1,1
260087,MICHIGAN,MI,1,0,2,67,0,ABBEVILLE,16,3,March,2010,3,Tuesday,8,20,0,3,3,1,43.00166667,-84.87331111,59,1,0,1,0,0,1,1
260088,MICHIGAN,MI,1,0,1,125,5166,BROOKWOOD,17,3,March,2010,4,Wednesday,13,34,0,13,4,134,42.59166944,-83.43721389,42,1,0,1,0,0,1,1
260089,MICHIGAN,MI,2,0,2,25,0,BARLOW BEND,18,3,March,2010,5,Thursday,18,7,1,1,1,148,42.27861111,-84.99407500,31,1,0,1,0,0,1,0
260090,MICHIGAN,MI,2,0,2,115,0,ASHVILLE,19,2,February,2010,6,Friday,15,55,0,14,3,130,41.89475833,-83.41611667,12,1,0,1,0,0,1,0
260091,MICHIGAN,MI,1,1,2,49,686,COLLINSVILLE,11,3,March,2010,5,Thursday,23,40,0,15,6,33,42.98203889,-83.64751111,8,3,0,2,0,0,1,1
260092,MICHIGAN,MI,2,0,2,137,1542,ALCO,18,3,March,2010,5,Thursday,11,50,1,2,3,40,45.06129167,-84.78140833,12,1,0,1,0,0,1,0
260093,MICHIGAN,MI,3,0,7,99,1810,BEATRICE,14,3,March,2010,1,Sunday,15,31,0,13,3,76,42.54436944,-82.93120000,12,1,0,10,0,0,1,0
260094,MICHIGAN,MI,1,1,2,91,20,DAYTON,19,3,March,2010,6,Friday,20,2,0,15,6,4,41.89611111,-84.02269167,8,2,0,1,0,0,1,0
260095,MICHIGAN,MI,2,0,3,111,0,GRAHAM,26,2,February,2010,6,Friday,19,10,1,2,3,16,43.61040000,-84.57640278,12,2,0,10,0,0,1,0
260096,MICHIGAN,MI,1,0,1,77,0,ANDERSON,19,3,March,2010,6,Friday,9,0,1,13,3,26,42.31802778,-85.53331667,33,1,0,1,0,0,1,0
260097,MICHIGAN,MI,2,0,1,69,3725,ASHFORD,20,3,March,2010,7,Saturday,23,19,1,13,2,261,44.44802778,-83.33013889,34,3,0,1,0,0,1,0
260098,MICHIGAN,MI,1,0,1,39,0,ANDALUSIA,1,3,March,2010,2,Monday,17,30,0,6,4,30,44.76518611,-84.63594722,58,1,0,1,0,0,1,1
260099,MICHIGAN,MI,3,0,3,99,0,BEATRICE,18,3,March,2010,5,Thursday,21,39,0,4,4,4,42.80714444,-83.07468611,12,2,0,1,0,0,2,0
260100,MICHIGAN,MI,5,0,5,81,5089,AUBURN,24,3,March,2010,4,Wednesday,12,42,1,13,3,48,42.93922500,-85.77485556,12,1,0,1,0,0,1,0
260101,MICHIGAN,MI,2,1,2,91,0,DAYTON,17,3,March,2010,4,Wednesday,5,32,1,13,2,209,41.87493056,-84.04146111,8,2,0,1,0,0,1,0
260102,MICHIGAN,MI,1,0,2,23,305,BLADON SPRINGS,1,3,March,2010,2,Monday,10,33,0,13,2,141,41.93069444,-85.06753611,42,1,0,1,0,0,2,0
260103,MICHIGAN,MI,2,0,5,21,420,CHILTON,2,4,April,2010,6,Friday,11,50,1,13,3,38,42.09755833,-86.43465278,12,1,0,10,0,0,1,0
260104,MICHIGAN,MI,1,0,1,161,4430,DENTON,23,3,March,2010,3,Tuesday,2,56,0,14,6,11,42.18528611,-83.77355000,42,2,0,1,0,0,1,1
260105,MICHIGAN,MI,2,0,2,145,0,BALD KNOB,24,3,March,2010,4,Wednesday,15,20,1,13,3,136,43.41601667,-84.09977500,12,1,0,1,0,0,1,0
260106,MICHIGAN,MI,1,1,1,81,0,AUBURN,3,4,April,2010,7,Saturday,23,55,0,6,4,8,43.17529444,-85.63632500,8,2,0,1,0,0,1,0
260107,MICHIGAN,MI,1,2,2,77,2520,ANDERSON,6,4,April,2010,3,Tuesday,1,5,1,13,3,1,42.29826944,-85.56876944,9,3,0,10,0,0,1,0
260108,MICHIGAN,MI,1,1,1,81,0,AUBURN,18,3,March,2010,5,Thursday,23,1,1,11,1,14,42.95943056,-85.57399167,8,2,0,1,0,0,1,0
260109,MICHIGAN,MI,1,0,1,75,0,BEAVERTON,26,3,March,2010,6,Friday,0,59,0,6,4,20,42.27838611,-84.16517222,42,2,0,1,0,0,1,1
260110,MICHIGAN,MI,1,0,1,25,310,BARLOW BEND,2,4,April,2010,6,Friday,11,23,0,14,6,70,42.30508611,-85.16972222,33,1,0,1,0,0,1,1
260111,MICHIGAN,MI,1,1,1,49,1731,COLLINSVILLE,15,1,January,2010,6,Friday,23,11,1,13,3,92,43.00223056,-83.74695556,8,2,0,1,0,0,1,0