ST_CASE,State Name,State Abbreviation,VE_TOTAL,Pedestrains,Total_Persons_in_accident,COUNTY,CITY,City_County_Name,Calendar_DAY,MONTH,Month_Name,YEAR,DAY_WEEK,Day_Week_desc,HOUR,MINUTE,NHS_Desc,trafficway,ROUTE,MILEPT,LATITUDE,LONGITUD,First_Crash_event,Light_cond_desc,Weather_condition,WEATHER,SCH_BUS,Crash_cause,FATALS,DRUNK_DR
260112,MICHIGAN,MI,1,0,1,109,1180,ANSLEY,17,3,March,2010,4,Wednesday,9,7,0,4,4,50,45.46350556,-87.60532778,10,1,0,1,0,0,1,0
260113,MICHIGAN,MI,1,0,1,121,0,BON AIR,27,3,March,2010,7,Saturday,2,44,1,12,2,218,43.40433056,-86.30756389,35,2,0,10,0,0,1,1
260114,MICHIGAN,MI,2,0,2,87,0,ARMSTRONG,31,3,March,2010,4,Wednesday,18,19,0,3,3,240,43.22675556,-83.31387500,12,1,0,1,0,0,1,0
260115,MICHIGAN,MI,1,1,1,113,0,COTTONTON,1,4,April,2010,5,Thursday,5,50,0,3,3,31,44.20925000,-85.21436111,9,2,0,1,0,0,1,0
260116,MICHIGAN,MI,2,0,3,77,3727,ANDERSON,22,2,February,2010,2,Monday,13,37,0,14,4,34,42.25436389,-85.70178056,12,1,0,10,0,0,1,0
260117,MICHIGAN,MI,2,0,2,123,0,ALEXANDER CITY,17,3,March,2010,4,Wednesday,17,15,0,6,4,17,43.49765833,-85.93536667,12,1,0,1,0,0,1,1
260118,MICHIGAN,MI,1,0,1,127,0,BURNWELL,30,3,March,2010,3,Tuesday,21,10,0,4,4,71,43.80348333,-86.25838333,1,2,0,10,0,0,1,1
260119,MICHIGAN,MI,2,0,4,163,1210,AVERA,28,3,March,2010,1,Sunday,9,14,1,13,3,185,42.32927500,-83.18593333,12,1,0,10,0,0,1,0
260120,MICHIGAN,MI,1,0,6,121,1850,BON AIR,2,4,April,2010,6,Friday,14,30,1,12,2,53,43.19397500,-86.26003056,1,1,0,10,0,0,1,0
260122,MICHIGAN,MI,1,1,1,21,0,CHILTON,20,3,March,2010,7,Saturday,0,32,0,14,4,6,42.05901944,-86.49480278,8,3,0,10,0,0,1,0
260123,MICHIGAN,MI,2,0,2,49,1731,COLLINSVILLE,9,3,March,2010,3,Tuesday,13,39,0,14,4,26,43.00627778,-83.78276944,12,1,0,1,0,0,1,0
260124,MICHIGAN,MI,2,0,2,117,4566,BIRMINGHAM,31,3,March,2010,4,Wednesday,16,8,0,3,3,89,43.24904722,-85.07358056,12,1,0,1,0,0,1,0
260125,MICHIGAN,MI,2,0,3,139,0,CALION,7,4,April,2010,4,Wednesday,17,39,1,2,2,85,42.88523333,-86.12351111,12,1,0,2,0,0,1,0
260126,MICHIGAN,MI,1,1,1,145,0,BALD KNOB,29,3,March,2010,2,Monday,19,23,0,6,4,20,43.23588889,-83.82461667,9,1,0,1,0,0,1,1
260127,MICHIGAN,MI,2,0,2,137,0,ALCO,3,4,April,2010,7,Saturday,23,9,0,14,4,52,44.93130833,-84.68732778,12,2,0,10,0,0,1,1
260128,MICHIGAN,MI,1,0,1,65,1430,CYPRESS,16,4,April,2010,6,Friday,10,55,1,13,2,53,42.72395278,-84.51177778,18,1,0,1,0,0,1,0
260129,MICHIGAN,MI,1,1,4,81,5319,AUBURN,18,4,April,2010,1,Sunday,18,22,0,13,6,99,42.90376667,-85.66557778,8,1,0,1,0,0,1,0
260130,MICHIGAN,MI,1,0,1,77,4200,ANDERSON,31,3,March,2010,4,Wednesday,21,13,0,16,4,1,42.39438333,-85.42343333,34,2,0,1,0,0,1,1
260131,MICHIGAN,MI,1,0,1,51,0,CENTRAL,2,1,January,2010,7,Saturday,0,40,0,6,4,6,43.86304722,-84.31468333,1,2,0,1,0,0,1,1
260132,MICHIGAN,MI,1,1,1,161,0,DENTON,22,3,March,2010,2,Monday,22,14,0,13,4,26,42.23053611,-83.64863611,8,3,0,2,0,0,1,0
260133,MICHIGAN,MI,1,0,1,69,0,ASHFORD,1,4,April,2010,5,Thursday,99,99,0,6,4,17,44.38489722,-83.84913611,42,2,0,1,0,0,1,1
260134,MICHIGAN,MI,2,0,4,99,2934,BEATRICE,13,4,April,2010,3,Tuesday,17,38,0,14,4,62,42.65691667,-82.95404167,12,1,0,10,0,0,1,0
260135,MICHIGAN,MI,2,0,5,163,5140,AVERA,3,4,April,2010,7,Saturday,19,50,1,13,2,99,42.28338056,-83.36332500,12,1,0,1,0,0,1,1
260136,MICHIGAN,MI,2,0,2,155,0,IRWIN,2,4,April,2010,6,Friday,12,46,0,14,3,145,42.97336389,-84.18664167,12,1,0,1,0,0,1,0
260137,MICHIGAN,MI,3,0,5,77,2520,ANDERSON,26,4,April,2010,2,Monday,15,19,1,13,3,109,42.29474722,-85.57254167,12,1,0,1,0,0,1,0
260138,MICHIGAN,MI,1,0,2,25,310,BARLOW BEND,12,4,April,2010,2,Monday,13,8,0,14,3,7,42.35502222,-85.23066389,1,1,0,1,0,0,1,0
260139,MICHIGAN,MI,1,0,1,47,0,BROWNS,17,4,April,2010,7,Saturday,11,5,0,16,4,35,45.34141111,-84.95570556,1,1,0,10,0,0,1,0
260140,MICHIGAN,MI,4,0,4,125,4905,BROOKWOOD,12,3,March,2010,6,Friday,13,30,0,13,6,202,42.54939722,-83.08816667,12,1,0,10,0,0,1,0
260141,MICHIGAN,MI,2,0,2,125,5255,BROOKWOOD,13,4,April,2010,3,Tuesday,9,38,0,13,6,35,42.51181111,-83.53695556,12,1,0,2,0,0,1,0
260142,MICHIGAN,MI,1,0,1,145,0,BALD KNOB,6,2,February,2010,7,Saturday,5,22,0,3,3,15,43.28907778,-83.95295000,32,2,0,1,0,0,1,1
260143,MICHIGAN,MI,1,0,2,63,0,BOLIGEE,21,2,February,2010,1,Sunday,1,41,0,4,4,63,43.93536111,-83.12275278,5,2,0,10,0,0,1,1
260144,MICHIGAN,MI,2,0,3,125,0,BROOKWOOD,1,4,April,2010,5,Thursday,2,13,0,14,4,68,42.49974167,-83.56081111,12,2,0,1,0,0,1,1
260146,MICHIGAN,MI,1,1,1,65,0,CYPRESS,11,3,March,2010,5,Thursday,6,21,0,3,3,110,42.70659722,-84.35480833,9,2,0,5,0,0,1,0
260147,MICHIGAN,MI,1,0,1,5,0,BAKER HILL,10,2,February,2010,4,Wednesday,17,4,0,2,3,83,42.46241389,-85.73650000,52,5,0,10,0,0,1,0
260148,MICHIGAN,MI,2,1,5,145,0,BALD KNOB,15,4,April,2010,5,Thursday,17,12,0,4,4,151,43.37943889,-84.07192778,12,1,0,1,0,0,1,0
260149,MICHIGAN,MI,1,0,1,97,0,AXIS,26,2,February,2010,6,Friday,19,45,0,6,4,7,46.21807500,-85.82174167,42,3,0,10,0,0,1,1
260150,MICHIGAN,MI,2,0,2,53,0,ATMORE,2,2,February,2010,3,Tuesday,3,41,1,2,2,46,46.47757500,-90.10468056,12,3,0,4,0,0,1,1
260151,MICHIGAN,MI,1,1,1,49,686,COLLINSVILLE,26,3,March,2010,6,Friday,19,43,0,16,6,1,43.01916667,-83.58966111,9,5,0,1,0,0,1,0
260152,MICHIGAN,MI,1,1,1,163,4166,AVERA,31,3,March,2010,4,Wednesday,15,59,0,16,4,3,42.42305000,-83.29555000,15,1,0,1,0,0,1,0
260153,MICHIGAN,MI,1,2,1,145,0,BALD KNOB,2,4,April,2010,6,Friday,0,20,0,6,4,19,43.24262500,-83.87428611,8,2,0,1,0,0,2,0
260154,MICHIGAN,MI,3,0,6,103,3050,DANVILLE,24,4,April,2010,7,Saturday,10,7,1,13,2,223,46.52235833,-87.39009167,12,1,0,10,0,0,1,0
260155,MICHIGAN,MI,1,0,1,5,0,BAKER HILL,16,4,April,2010,6,Friday,15,10,0,4,4,55,42.49843611,-86.14880833,1,1,0,1,0,0,1,0
260156,MICHIGAN,MI,1,0,1,91,0,DAYTON,23,4,April,2010,6,Friday,11,30,0,6,4,9,41.88585833,-83.79375556,34,1,0,1,0,0,1,0
260157,MICHIGAN,MI,1,0,1,163,0,AVERA,2,2,February,2010,3,Tuesday,12,14,0,14,4,47,42.16674444,-83.31052778,30,1,0,10,0,0,1,1
260158,MICHIGAN,MI,4,0,4,67,0,ABBEVILLE,21,4,April,2010,4,Wednesday,8,19,0,4,4,66,42.87162500,-85.13419444,12,1,0,1,0,0,1,0
260159,MICHIGAN,MI,1,0,4,55,0,ATTALLA,24,4,April,2010,7,Saturday,2,45,0,4,4,34,44.69388889,-85.73841944,59,2,0,1,0,0,1,1
260160,MICHIGAN,MI,1,0,2,49,0,COLLINSVILLE,25,1,January,2010,2,Monday,19,42,0,15,4,16,42.81035556,-83.72735278,42,2,0,4,0,0,1,1
260161,MICHIGAN,MI,2,2,5,163,738,AVERA,21,4,April,2010,4,Wednesday,21,41,1,13,2,62,42.27968333,-83.43226667,8,2,0,1,0,0,1,1
260162,MICHIGAN,MI,2,0,3,163,738,AVERA,25,4,April,2010,1,Sunday,16,35,1,13,2,56,42.28030833,-83.43860833,12,1,0,2,0,0,1,0
260163,MICHIGAN,MI,1,0,2,81,0,AUBURN,18,4,April,2010,1,Sunday,15,4,0,4,3,147,42.92913056,-85.43095278,1,1,0,1,0,0,1,0
260164,MICHIGAN,MI,1,0,1,163,1260,AVERA,11,4,April,2010,1,Sunday,5,48,0,13,6,45,42.39500278,-83.15940278,30,4,0,1,0,0,1,1
260165,MICHIGAN,MI,1,1,2,75,2500,BEAVERTON,23,4,April,2010,6,Friday,21,3,0,14,6,15,42.24956944,-84.43320833,8,3,0,10,0,0,1,0
260166,MICHIGAN,MI,1,0,1,117,0,BIRMINGHAM,8,5,May,2010,7,Saturday,16,28,0,6,4,43,43.44185833,-84.86573611,1,1,0,2,0,0,1,1
260167,MICHIGAN,MI,1,1,3,55,0,ATTALLA,21,4,April,2010,4,Wednesday,21,36,1,13,2,62,44.66495000,-85.69376389,8,2,0,1,0,0,1,0
260168,MICHIGAN,MI,2,0,6,55,0,ATTALLA,25,4,April,2010,1,Sunday,15,4,0,4,4,40,44.57015556,-85.51614444,12,1,0,10,0,0,1,0
260169,MICHIGAN,MI,2,0,4,15,0,ANNISTON,26,2,February,2010,6,Friday,12,49,0,14,3,21,42.64648333,-85.31977500,12,1,0,4,0,0,1,0
260170,MICHIGAN,MI,2,0,2,125,4905,BROOKWOOD,26,4,April,2010,2,Monday,12,20,0,14,6,11,42.56432222,-83.14779167,12,1,0,1,0,0,1,0
260171,MICHIGAN,MI,1,0,1,109,0,ANSLEY,27,3,March,2010,7,Saturday,16,43,0,6,4,44,45.57232500,-87.78185556,35,1,0,10,0,0,1,1
260172,MICHIGAN,MI,1,0,1,21,0,CHILTON,29,4,April,2010,5,Thursday,1,37,0,14,4,26,41.82801111,-86.33824167,42,3,0,1,0,0,1,0
260173,MICHIGAN,MI,1,0,2,111,0,GRAHAM,4,5,May,2010,3,Tuesday,6,30,0,6,4,65,43.72051944,-84.22699444,53,4,0,1,0,0,1,1
260174,MICHIGAN,MI,1,0,1,141,0,BEE BRANCH,30,3,March,2010,3,Tuesday,21,57,0,4,4,42,45.28788611,-83.85615278,34,2,0,10,0,0,1,1
260176,MICHIGAN,MI,1,0,1,5,0,BAKER HILL,31,3,March,2010,4,Wednesday,18,49,0,6,4,74,42.47967778,-85.84796111,18,1,0,1,0,0,1,1
260177,MICHIGAN,MI,2,0,3,121,0,BON AIR,9,3,March,2010,3,Tuesday,11,19,1,13,2,24,43.25443889,-86.22364167,12,1,0,1,0,0,1,0
260178,MICHIGAN,MI,1,1,1,145,0,BALD KNOB,3,5,May,2010,2,Monday,22,27,0,4,4,16,43.15573056,-83.98866667,8,2,0,10,0,0,1,0
260179,MICHIGAN,MI,2,0,4,125,5255,BROOKWOOD,21,4,April,2010,4,Wednesday,16,25,0,14,6,5,42.53156389,-83.53643333,12,1,0,1,0,0,1,0
260180,MICHIGAN,MI,2,0,2,147,0,AUGUSTA,3,5,May,2010,2,Monday,11,5,0,14,4,86,42.95723056,-82.50213056,12,1,0,1,0,0,1,0
260181,MICHIGAN,MI,1,2,1,21,0,CHILTON,9,5,May,2010,1,Sunday,2,8,0,14,4,18,42.10156667,-86.43135278,8,2,0,1,0,0,1,1
260182,MICHIGAN,MI,1,0,1,125,0,BROOKWOOD,20,2,February,2010,7,Saturday,19,0,1,11,1,295,42.73608889,-83.37960278,21,2,0,10,0,0,1,0
260183,MICHIGAN,MI,3,0,4,21,0,CHILTON,15,4,April,2010,5,Thursday,16,10,0,4,4,85,41.94320000,-86.39813056,12,1,0,1,0,0,1,0
260184,MICHIGAN,MI,1,1,2,81,2010,AUBURN,10,5,May,2010,2,Monday,20,30,0,13,6,63,42.96217778,-85.67415556,8,1,0,10,0,0,1,0
260185,MICHIGAN,MI,1,1,1,99,2181,BEATRICE,9,5,May,2010,1,Sunday,9,9,0,14,4,97,42.57048056,-82.83351389,8,9,0,99,0,0,1,1
260186,MICHIGAN,MI,1,0,4,21,0,CHILTON,16,5,May,2010,1,Sunday,5,38,1,13,3,41,42.10167778,-86.43443333,30,3,0,1,0,0,1,0
260187,MICHIGAN,MI,1,1,1,127,2250,BURNWELL,25,4,April,2010,1,Sunday,13,18,0,3,3,233,43.56859167,-86.04375833,9,1,0,10,0,0,1,0
260188,MICHIGAN,MI,2,0,2,49,0,COLLINSVILLE,30,4,April,2010,6,Friday,17,41,0,16,4,2,43.09266667,-83.70326944,12,1,0,1,0,0,1,1
260189,MICHIGAN,MI,1,0,2,163,4975,AVERA,3,4,April,2010,7,Saturday,23,2,1,11,1,10,42.21898333,-83.53140278,34,2,0,10,0,0,1,1
260191,MICHIGAN,MI,2,0,2,21,0,CHILTON,15,5,May,2010,7,Saturday,2,21,1,11,1,28,42.06616111,-86.44053889,12,2,0,1,0,0,1,2
260194,MICHIGAN,MI,1,0,1,163,1260,AVERA,13,5,May,2010,5,Thursday,10,21,1,13,3,67,42.44499444,-83.19112778,30,1,0,10,0,0,1,0
260195,MICHIGAN,MI,2,0,4,57,550,BANKSTON,3,3,March,2010,4,Wednesday,11,5,1,2,3,204,43.40800833,-84.43915833,12,1,0,10,0,0,1,0
260196,MICHIGAN,MI,2,0,2,125,4020,BROOKWOOD,25,3,March,2010,5,Thursday,6,54,0,13,6,23,42.67787222,-83.30068333,12,3,0,2,0,0,1,0
260197,MICHIGAN,MI,1,0,1,67,0,ABBEVILLE,19,5,May,2010,4,Wednesday,23,55,0,4,4,19,42.94013611,-85.18026389,42,2,0,1,0,0,1,0
260198,MICHIGAN,MI,2,0,1,121,3450,BON AIR,23,5,May,2010,1,Sunday,12,51,1,13,6,23,43.21968056,-86.23588333,14,1,0,1,0,0,1,1
260199,MICHIGAN,MI,2,0,4,147,926,AUGUSTA,22,5,May,2010,7,Saturday,13,23,0,4,4,36,42.75675833,-82.55158056,12,1,0,1,0,0,1,0
260200,MICHIGAN,MI,1,1,1,145,4350,BALD KNOB,12,5,May,2010,4,Wednesday,21,44,0,14,6,21,43.38667222,-83.92856111,9,2,0,1,0,0,1,0
260201,MICHIGAN,MI,1,1,3,163,0,AVERA,17,4,April,2010,7,Saturday,6,11,1,11,1,2,42.09698056,-83.37721944,8,4,0,10,0,0,1,0
260202,MICHIGAN,MI,2,0,5,35,0,BROOKLYN,19,5,May,2010,4,Wednesday,15,20,0,3,3,14,43.83491389,-84.76834167,12,1,0,1,0,0,1,1
260203,MICHIGAN,MI,1,0,1,161,0,DENTON,24,5,May,2010,2,Monday,6,0,0,4,4,1,42.08201111,-83.82278611,43,4,0,1,0,0,1,0
260204,MICHIGAN,MI,2,0,2,163,2850,AVERA,22,2,February,2010,2,Monday,10,4,0,14,6,26,42.35500000,-83.32153056,12,1,0,4,0,0,1,0
260205,MICHIGAN,MI,2,0,2,91,0,DAYTON,2,5,May,2010,1,Sunday,0,18,0,15,4,9,41.92468056,-84.09435556,12,2,0,1,0,0,2,2
260206,MICHIGAN,MI,2,0,2,81,2010,AUBURN,15,5,May,2010,7,Saturday,11,20,1,12,2,153,42.98321667,-85.67699722,12,1,0,1,0,0,1,0
260207,MICHIGAN,MI,2,0,3,47,0,BROWNS,20,5,May,2010,5,Thursday,13,24,0,4,4,75,45.67228889,-84.87640278,12,1,0,1,0,0,1,0
260208,MICHIGAN,MI,1,0,2,73,0,ARGO,16,5,May,2010,1,Sunday,19,20,0,4,4,26,43.50406667,-84.68744444,5,1,0,1,0,0,1,1
260209,MICHIGAN,MI,2,0,2,75,0,BEAVERTON,19,5,May,2010,4,Wednesday,12,14,0,6,4,87,42.40675833,-84.62534722,12,1,0,1,0,0,1,0
260210,MICHIGAN,MI,1,0,1,151,0,FLIPPEN,19,3,March,2010,6,Friday,12,33,0,3,3,166,43.40147778,-82.54114167,32,1,0,1,0,0,1,0
260211,MICHIGAN,MI,1,1,2,45,890,ARITON,16,4,April,2010,6,Friday,22,5,0,14,3,188,42.57038611,-84.83597500,8,2,0,1,0,0,1,0
260212,MICHIGAN,MI,2,0,2,15,0,ANNISTON,23,4,April,2010,6,Friday,8,32,0,4,4,42,42.66022222,-85.54466944,12,1,0,1,0,0,1,0
260213,MICHIGAN,MI,1,0,2,21,0,CHILTON,27,5,May,2010,5,Thursday,16,38,1,1,1,132,41.89969722,-86.58981667,1,1,0,1,0,0,1,0
260214,MICHIGAN,MI,2,0,3,81,0,AUBURN,30,5,May,2010,1,Sunday,12,20,0,4,4,53,43.00155556,-85.41091111,12,1,0,10,0,0,1,0
260215,MICHIGAN,MI,1,0,1,47,0,BROWNS,28,4,April,2010,4,Wednesday,21,35,0,6,4,20,45.46070278,-84.99568333,42,5,0,1,0,0,1,0
260216,MICHIGAN,MI,1,0,3,99,4521,BEATRICE,22,5,May,2010,7,Saturday,20,36,0,14,4,60,42.65649722,-82.97458611,31,1,0,1,0,0,1,0
260217,MICHIGAN,MI,1,0,2,49,0,COLLINSVILLE,30,5,May,2010,1,Sunday,2,59,0,6,4,128,43.16523333,-83.61011944,1,2,0,1,0,0,1,1
260218,MICHIGAN,MI,2,0,2,93,0,BEAR CREEK,2,6,June,2010,4,Wednesday,10,6,1,3,3,78,42.63034444,-83.84675556,12,1,0,2,0,0,1,0
260219,MICHIGAN,MI,1,0,2,59,0,FRANKLIN,9,5,May,2010,1,Sunday,1,37,0,4,4,107,41.85568889,-84.63163333,42,2,0,1,0,0,2,1
260220,MICHIGAN,MI,2,0,3,99,0,BEATRICE,28,5,May,2010,6,Friday,19,15,0,3,4,18,42.80163611,-83.06335556,12,1,0,1,0,0,1,0
260221,MICHIGAN,MI,3,0,7,19,0,CEDAR BLUFF,13,5,May,2010,5,Thursday,14,31,1,2,2,235,44.65883889,-85.81976667,12,1,0,2,0,0,1,0
260222,MICHIGAN,MI,1,1,4,49,1730,COLLINSVILLE,15,5,May,2010,7,Saturday,0,15,0,16,6,3,43.07307222,-83.70792500,8,3,0,1,0,0,1,0
260223,MICHIGAN,MI,1,0,2,81,0,AUBURN,23,5,May,2010,1,Sunday,7,40,0,14,3,158,42.92531111,-85.41011944,35,1,0,1,0,0,2,0
260224,MICHIGAN,MI,3,0,3,99,2181,BEATRICE,21,5,May,2010,6,Friday,10,22,0,16,4,4,42.59686667,-82.82146389,12,1,0,10,0,0,1,0
260225,MICHIGAN,MI,2,0,4,75,0,BEAVERTON,30,5,May,2010,1,Sunday,21,26,0,13,4,138,42.22553056,-84.46241944,12,2,0,1,0,0,1,0
260226,MICHIGAN,MI,1,1,2,21,0,CHILTON,3,6,June,2010,5,Thursday,22,24,1,11,1,260,42.05448611,-86.47708056,8,2,0,1,0,0,1,0
260227,MICHIGAN,MI,2,1,2,75,4648,BEAVERTON,18,2,February,2010,5,Thursday,19,50,0,4,4,61,42.16748333,-84.52968889,8,2,0,1,0,0,1,0
260228,MICHIGAN,MI,2,0,2,165,0,HERNDON,5,5,May,2010,4,Wednesday,0,10,1,13,3,230,44.25246389,-85.46148333,12,3,0,1,0,0,1,0
260229,MICHIGAN,MI,1,0,3,19,0,CEDAR BLUFF,11,5,May,2010,3,Tuesday,16,54,0,4,4,3,44.54657222,-85.99857222,1,1,0,2,0,0,1,0
260230,MICHIGAN,MI,2,0,3,163,1210,AVERA,17,5,May,2010,2,Monday,8,51,0,13,6,17,42.29694167,-83.26039167,12,1,0,1,0,0,1,0
260231,MICHIGAN,MI,1,0,2,73,0,ARGO,14,5,May,2010,6,Friday,15,30,0,6,4,77,43.57568333,-84.88758333,34,1,0,1,0,0,1,0
260232,MICHIGAN,MI,2,0,2,163,2850,AVERA,21,5,May,2010,6,Friday,15,56,0,13,6,7,42.42517778,-83.41989167,12,1,0,10,0,0,1,0
260233,MICHIGAN,MI,1,0,1,115,0,ASHVILLE,20,5,May,2010,5,Thursday,2,48,0,13,3,132,41.89694167,-83.43189167,42,2,0,1,0,0,1,1
260234,MICHIGAN,MI,2,0,2,125,1650,BROOKWOOD,1,6,June,2010,3,Tuesday,12,13,0,14,6,3,42.44463056,-83.37547500,12,1,0,1,0,0,1,0
260235,MICHIGAN,MI,2,0,2,125,4905,BROOKWOOD,4,6,June,2010,6,Friday,0,8,1,11,1,144,42.60493611,-83.19008611,12,2,0,1,0,0,1,1
260236,MICHIGAN,MI,1,0,1,145,0,BALD KNOB,13,6,June,2010,1,Sunday,1,29,0,15,4,110,43.49923889,-84.11624722,53,2,0,10,0,0,1,1
260237,MICHIGAN,MI,1,0,1,105,0,MARION,13,6,June,2010,1,Sunday,6,40,0,4,4,39,43.87282778,-86.05893889,53,2,0,1,0,0,1,1
260238,MICHIGAN,MI,1,1,1,163,1260,AVERA,27,1,January,2010,4,Wednesday,19,54,0,13,6,19,42.34383056,-83.06601944,15,2,0,10,0,0,1,0
260239,MICHIGAN,MI,2,0,4,163,1260,AVERA,29,1,January,2010,6,Friday,20,8,0,14,6,30,42.42377222,-83.06715556,12,3,0,1,0,0,1,0
260240,MICHIGAN,MI,1,0,1,49,0,COLLINSVILLE,8,2,February,2010,2,Monday,13,20,0,6,4,4,43.19195833,-83.69523056,21,1,0,1,0,0,1,0
260241,MICHIGAN,MI,1,1,1,163,1260,AVERA,7,2,February,2010,1,Sunday,2,30,1,13,3,145,42.27095833,-83.15999167,8,3,0,1,0,0,1,0
260242,MICHIGAN,MI,1,0,1,163,1260,AVERA,20,2,February,2010,7,Saturday,4,48,0,16,6,6,42.36444722,-82.99379722,42,3,0,1,0,0,1,1
260243,MICHIGAN,MI,3,0,7,163,1260,AVERA,20,2,February,2010,7,Saturday,10,30,1,13,6,29,42.37958889,-83.03429167,12,1,0,1,0,0,2,0
260244,MICHIGAN,MI,1,1,1,163,1260,AVERA,2,3,March,2010,3,Tuesday,5,30,1,13,6,60,42.37955278,-83.13924444,8,2,0,1,0,0,1,0
260245,MICHIGAN,MI,1,0,2,163,1260,AVERA,18,3,March,2010,5,Thursday,2,5,0,13,6,37,42.32850833,-83.07898333,30,3,0,1,0,0,1,0
260246,MICHIGAN,MI,2,0,2,125,4020,BROOKWOOD,8,4,April,2010,5,Thursday,23,39,0,14,6,11,42.63473611,-83.26989444,12,2,0,1,0,0,1,1
260247,MICHIGAN,MI,2,0,3,149,0,BELLEVILLE,13,1,January,2010,4,Wednesday,17,25,0,3,3,112,41.91901667,-85.40976667,12,1,0,10,0,0,1,0
260248,MICHIGAN,MI,2,0,3,99,5110,BEATRICE,3,4,April,2010,7,Saturday,14,40,1,13,6,71,42.53138056,-83.04799722,12,1,0,10,0,0,1,0
260249,MICHIGAN,MI,1,1,2,49,0,COLLINSVILLE,8,5,May,2010,7,Saturday,0,44,0,14,4,71,43.10476667,-83.71203333,8,3,0,2,0,0,1,0
260250,MICHIGAN,MI,1,1,1,163,633,AVERA,13,5,May,2010,5,Thursday,10,30,1,11,1,18,42.09169444,-83.24191111,8,1,0,1,0,0,1,0
260251,MICHIGAN,MI,2,0,3,81,2010,AUBURN,20,5,May,2010,5,Thursday,9,10,1,11,2,146,42.97277778,-85.67723333,33,1,0,1,0,0,1,0
260252,MICHIGAN,MI,1,1,1,49,0,COLLINSVILLE,21,5,May,2010,6,Friday,2,23,0,14,4,121,42.94519167,-83.62012500,8,3,0,1,0,0,1,0
260253,MICHIGAN,MI,1,0,2,93,0,BEAR CREEK,23,5,May,2010,1,Sunday,15,21,1,2,2,1,42.52333333,-83.75567778,52,1,0,1,0,0,1,0
260254,MICHIGAN,MI,1,1,1,67,2440,ABBEVILLE,25,5,May,2010,3,Tuesday,18,58,0,15,6,7,42.98345833,-85.06498333,9,1,0,1,0,0,1,0
260255,MICHIGAN,MI,1,0,1,101,0,BOYLSTON,28,5,May,2010,6,Friday,18,3,0,6,4,5,44.37741111,-85.86016944,42,1,0,1,0,0,1,0
260256,MICHIGAN,MI,1,0,1,9,0,BLOUNT,29,5,May,2010,7,Saturday,3,0,0,6,4,3,45.10014167,-85.24703611,34,3,0,1,0,0,1,1
260257,MICHIGAN,MI,1,1,1,121,3450,BON AIR,29,5,May,2010,7,Saturday,1,3,1,13,3,22,43.23420833,-86.20588333,8,3,0,1,0,0,1,1
260258,MICHIGAN,MI,2,0,2,159,0,FARRAR,14,1,January,2010,5,Thursday,18,15,0,3,3,24,42.30286389,-85.84289722,53,2,0,1,0,0,1,1
260259,MICHIGAN,MI,1,0,2,163,1260,AVERA,14,1,January,2010,5,Thursday,0,8,1,11,1,153,42.38515556,-83.15506944,39,3,0,1,0,0,1,1
260260,MICHIGAN,MI,1,1,1,163,5140,AVERA,15,3,March,2010,2,Monday,12,40,0,13,6,32,42.34364444,-83.19900556,8,1,0,1,0,0,1,0
260261,MICHIGAN,MI,1,1,1,163,1260,AVERA,6,3,March,2010,7,Saturday,18,58,0,14,6,15,42.37506667,-83.12096667,8,3,0,1,0,0,1,0
260263,MICHIGAN,MI,5,0,8,163,1260,AVERA,30,3,March,2010,3,Tuesday,18,10,0,16,6,5,42.40850000,-83.21065000,12,1,0,1,0,0,1,0
260264,MICHIGAN,MI,2,0,4,115,0,ASHVILLE,4,4,April,2010,1,Sunday,7,38,0,4,4,35,41.85923889,-83.68231389,12,4,0,5,0,0,2,0
260265,MICHIGAN,MI,2,0,4,163,1260,AVERA,29,4,April,2010,5,Thursday,15,15,0,14,6,14,42.37600000,-83.10345278,12,1,0,1,0,0,1,1
260266,MICHIGAN,MI,2,0,2,163,1260,AVERA,2,4,April,2010,6,Friday,1,15,0,13,6,154,42.37173056,-83.25365000,12,3,0,1,0,0,1,0
260267,MICHIGAN,MI,1,1,1,163,1260,AVERA,4,4,April,2010,1,Sunday,22,40,1,13,3,79,42.43489167,-82.97781944,8,2,0,10,0,0,1,0
260268,MICHIGAN,MI,2,0,3,163,1260,AVERA,4,4,April,2010,1,Sunday,2,19,1,13,6,52,42.34658889,-83.09618056,12,3,0,1,0,0,2,2
260269,MICHIGAN,MI,2,0,2,163,4766,AVERA,2,4,April,2010,6,Friday,21,35,0,14,4,17,42.17305278,-83.43210278,12,2,0,1,0,0,1,1
260270,MICHIGAN,MI,1,0,2,163,1260,AVERA,20,5,May,2010,5,Thursday,15,0,0,16,6,1,42.30707778,-83.12108333,33,1,0,1,1,0,1,0
260271,MICHIGAN,MI,1,0,1,81,0,AUBURN,30,5,May,2010,1,Sunday,21,55,1,2,2,380,43.28110556,-85.54126667,1,6,0,1,0,0,1,1
260272,MICHIGAN,MI,3,0,3,75,0,BEAVERTON,18,5,May,2010,3,Tuesday,9,42,1,11,1,289,42.29268889,-84.16047222,12,1,0,2,0,0,1,0
260273,MICHIGAN,MI,1,1,1,99,4330,BEATRICE,29,5,May,2010,7,Saturday,23,8,1,1,1,5,42.52714722,-82.91711111,9,3,0,1,0,0,1,1
260274,MICHIGAN,MI,1,0,1,65,0,CYPRESS,2,6,June,2010,4,Wednesday,18,6,0,4,4,90,42.74223611,-84.31758056,34,1,0,1,0,0,1,1
260275,MICHIGAN,MI,2,0,2,163,1260,AVERA,6,6,June,2010,1,Sunday,3,10,1,11,1,192,42.30371389,-83.11389444,12,3,0,2,0,0,1,1