ST_CASE,State Name,State Abbreviation,VE_TOTAL,Pedestrains,Total_Persons_in_accident,COUNTY,CITY,City_County_Name,Calendar_DAY,MONTH,Month_Name,YEAR,DAY_WEEK,Day_Week_desc,HOUR,MINUTE,NHS_Desc,trafficway,ROUTE,MILEPT,LATITUDE,LONGITUD,First_Crash_event,Light_cond_desc,Weather_condition,WEATHER,SCH_BUS,Crash_cause,FATALS,DRUNK_DR
260276,MICHIGAN,MI,1,0,4,93,0,BEAR CREEK,3,6,June,2010,5,Thursday,7,16,1,11,1,1,42.53321389,-83.76636667,1,1,0,1,0,0,1,0
260277,MICHIGAN,MI,3,0,6,163,5176,AVERA,9,6,June,2010,4,Wednesday,13,5,0,14,6,84,42.31004167,-83.38113889,12,1,0,1,0,0,1,0
260278,MICHIGAN,MI,3,0,3,25,310,BARLOW BEND,8,6,June,2010,3,Tuesday,17,38,0,14,3,17,42.35752778,-85.26860278,12,1,0,2,0,0,1,0
260279,MICHIGAN,MI,2,0,3,139,0,CALION,9,6,June,2010,4,Wednesday,17,30,0,14,4,12,42.82619444,-86.11757778,12,1,0,1,0,0,1,0
260280,MICHIGAN,MI,2,0,2,49,686,COLLINSVILLE,10,6,June,2010,5,Thursday,13,55,0,13,6,32,42.97646944,-83.63332778,12,1,0,1,0,0,1,0
260281,MICHIGAN,MI,2,0,2,77,1084,ANDERSON,11,6,June,2010,6,Friday,6,21,0,3,4,10,42.25256389,-85.41374444,12,4,0,10,0,0,1,1
260282,MICHIGAN,MI,1,0,1,159,0,FARRAR,13,6,June,2010,1,Sunday,19,48,0,5,4,51,42.14388611,-85.86736389,42,1,0,1,0,0,1,0
260283,MICHIGAN,MI,1,1,1,125,4020,BROOKWOOD,13,6,June,2010,1,Sunday,2,9,1,13,3,202,42.63617778,-83.30662222,8,2,0,2,0,0,1,0
260284,MICHIGAN,MI,1,0,1,81,6,AUBURN,16,6,June,2010,4,Wednesday,5,40,0,15,4,64,43.02680278,-85.53031389,18,2,0,10,0,0,1,0
260285,MICHIGAN,MI,2,0,4,121,1850,BON AIR,16,6,June,2010,4,Wednesday,19,3,0,15,4,21,43.17575000,-86.16552500,12,1,0,1,0,0,1,1
260286,MICHIGAN,MI,1,0,1,121,0,BON AIR,18,6,June,2010,6,Friday,17,35,1,12,2,5,43.25759722,-86.21100556,24,1,0,10,0,0,1,0
260287,MICHIGAN,MI,1,0,1,17,0,CHAMBERS,20,6,June,2010,1,Sunday,99,99,0,6,4,10,43.66651111,-83.96974167,1,2,0,8,0,0,1,1
260288,MICHIGAN,MI,2,0,2,93,0,BEAR CREEK,18,6,June,2010,6,Friday,10,23,1,1,1,9,42.65065000,-84.13160278,12,1,0,1,0,0,1,1
260289,MICHIGAN,MI,1,0,1,139,0,CALION,19,6,June,2010,7,Saturday,16,22,1,1,1,46,43.07231389,-86.06767778,1,1,0,1,0,0,1,0
260290,MICHIGAN,MI,1,0,1,65,2700,CYPRESS,8,6,June,2010,3,Tuesday,10,57,0,13,6,76,42.75434167,-84.56788333,33,1,0,10,0,0,1,0
260291,MICHIGAN,MI,2,0,3,163,1260,AVERA,30,6,June,2010,4,Wednesday,1,35,0,13,6,158,42.37184444,-83.24620833,12,3,0,1,0,0,2,1
260292,MICHIGAN,MI,2,0,2,163,1260,AVERA,12,7,July,2010,2,Monday,0,15,0,13,6,106,42.41948333,-83.19943611,12,3,0,10,0,0,1,1
260293,MICHIGAN,MI,1,1,1,163,1260,AVERA,25,4,April,2010,1,Sunday,20,44,1,11,1,238,42.33234167,-83.13833611,8,3,0,1,0,0,1,0
260294,MICHIGAN,MI,2,0,2,33,3945,CHEROKEE,22,6,June,2010,3,Tuesday,8,45,0,3,3,136,46.26885833,-84.36351944,12,1,0,2,0,0,1,1
260295,MICHIGAN,MI,1,1,1,163,4220,AVERA,13,5,May,2010,5,Thursday,11,34,0,16,6,1,42.26261111,-83.14912500,8,1,0,10,0,0,1,0
260296,MICHIGAN,MI,2,0,2,99,5110,BEATRICE,19,5,May,2010,4,Wednesday,6,42,1,13,6,56,42.52869722,-83.04747778,12,1,0,1,0,0,1,0
260297,MICHIGAN,MI,2,0,2,115,0,ASHVILLE,25,5,May,2010,3,Tuesday,13,48,0,3,3,124,41.94306111,-83.53492222,12,1,0,1,0,0,1,0
260298,MICHIGAN,MI,1,0,1,11,0,BULLOCK,28,5,May,2010,6,Friday,2,29,0,4,4,116,44.07550000,-84.01590556,1,2,0,1,0,0,1,1
260299,MICHIGAN,MI,1,0,4,119,0,BELLAMY,2,5,May,2010,1,Sunday,1,53,0,4,4,52,45.10791667,-83.94171111,30,2,0,10,0,0,1,1
260300,MICHIGAN,MI,2,0,1,21,0,CHILTON,14,5,May,2010,6,Friday,1,58,0,13,3,23,41.79443333,-86.24921667,12,3,0,1,0,0,1,0
260301,MICHIGAN,MI,1,0,1,49,1730,COLLINSVILLE,4,5,May,2010,3,Tuesday,15,15,0,16,6,3,43.03661389,-83.67075833,1,1,0,1,0,0,1,0
260302,MICHIGAN,MI,1,0,1,39,0,ANDALUSIA,31,5,May,2010,2,Monday,22,26,0,3,3,138,44.61455556,-84.44733333,11,2,0,1,0,0,1,0
260303,MICHIGAN,MI,1,1,1,81,2010,AUBURN,3,6,June,2010,5,Thursday,16,7,0,13,6,24,42.98439444,-85.61913056,8,1,0,1,0,0,1,0
260304,MICHIGAN,MI,1,0,2,39,0,ANDALUSIA,11,6,June,2010,6,Friday,23,54,1,1,1,180,44.75834444,-84.70807778,42,2,0,2,0,0,1,0
260305,MICHIGAN,MI,1,0,5,129,0,BIGBEE,12,6,June,2010,7,Saturday,0,21,0,6,4,1,44.17758056,-84.04532500,42,2,0,10,0,0,1,1
260306,MICHIGAN,MI,1,0,1,97,0,AXIS,18,6,June,2010,6,Friday,2,20,0,4,4,73,46.19131389,-85.73958056,35,2,0,1,0,0,1,1
260307,MICHIGAN,MI,3,0,10,79,0,COURTLAND,17,6,June,2010,5,Thursday,16,34,1,2,2,176,44.80428056,-85.14527222,12,1,0,1,0,0,1,0
260309,MICHIGAN,MI,2,0,2,147,4060,AUGUSTA,22,6,June,2010,3,Tuesday,22,35,1,12,1,1,42.99507222,-82.44416111,12,1,0,1,0,0,1,0
260310,MICHIGAN,MI,2,0,2,161,0,DENTON,24,6,June,2010,5,Thursday,20,13,0,13,2,4,42.25611389,-83.54408889,12,1,0,1,0,0,1,0
260311,MICHIGAN,MI,3,0,3,75,0,BEAVERTON,25,6,June,2010,6,Friday,17,39,0,4,4,50,42.26549444,-84.20412222,12,1,0,1,0,0,1,0
260312,MICHIGAN,MI,1,1,1,147,0,AUGUSTA,24,6,June,2010,5,Thursday,20,19,0,6,4,100,43.01500278,-82.77171389,9,1,0,10,0,0,1,0
260313,MICHIGAN,MI,1,0,2,161,0,DENTON,18,6,June,2010,6,Friday,21,20,0,4,4,61,42.39118333,-83.96863333,18,2,0,2,0,0,1,0
260314,MICHIGAN,MI,2,0,2,163,2850,AVERA,25,6,June,2010,6,Friday,14,2,1,13,6,146,42.42657500,-83.35535556,12,1,0,1,0,0,1,0
260315,MICHIGAN,MI,2,0,3,47,0,BROWNS,25,6,June,2010,6,Friday,13,49,1,1,1,1,45.76364722,-84.73339167,24,1,0,2,0,0,1,0
260316,MICHIGAN,MI,1,1,1,115,1340,ASHVILLE,18,3,March,2010,5,Thursday,22,49,1,2,2,165,41.95635278,-83.67203056,9,2,0,1,0,0,1,1
260317,MICHIGAN,MI,1,0,1,153,0,BONAIRE,17,4,April,2010,7,Saturday,16,20,0,4,4,81,46.15369167,-85.99941111,42,1,0,1,0,0,1,1
260318,MICHIGAN,MI,1,0,1,163,1212,AVERA,26,6,June,2010,7,Saturday,15,24,0,14,6,95,42.33917778,-83.26027778,33,1,0,1,0,0,1,0
260319,MICHIGAN,MI,2,0,6,81,0,AUBURN,25,6,June,2010,6,Friday,14,45,0,14,4,171,42.81240000,-85.44661944,12,1,0,10,0,0,4,0
260320,MICHIGAN,MI,2,0,2,47,0,BROWNS,16,7,July,2010,6,Friday,17,19,1,2,2,81,45.42186667,-84.82470000,12,1,0,1,0,0,1,0
260321,MICHIGAN,MI,1,0,3,145,0,BALD KNOB,16,7,July,2010,6,Friday,18,37,0,6,4,134,43.32159444,-84.34998611,42,1,0,1,0,0,2,1
260322,MICHIGAN,MI,1,0,3,21,0,CHILTON,17,7,July,2010,7,Saturday,2,22,0,4,4,71,42.09107778,-86.34927778,1,2,0,1,0,0,1,1
260323,MICHIGAN,MI,2,1,1,123,0,ALEXANDER CITY,24,5,May,2010,2,Monday,14,20,0,6,5,99999,99.99990000,999.99990000,14,1,0,1,0,0,1,0
260324,MICHIGAN,MI,1,0,1,129,0,BIGBEE,16,6,June,2010,4,Wednesday,16,14,0,4,4,101,44.30722778,-83.92286389,42,1,0,1,0,0,1,1
260325,MICHIGAN,MI,3,0,3,55,0,ATTALLA,16,6,June,2010,4,Wednesday,15,8,0,2,3,36,44.60669444,-85.65585556,12,1,0,10,0,0,1,0
260326,MICHIGAN,MI,2,0,2,81,5319,AUBURN,17,6,June,2010,5,Thursday,9,5,1,11,1,63,42.94510556,-85.71120000,24,1,0,1,0,0,1,0
260327,MICHIGAN,MI,1,0,1,99,5110,BEATRICE,18,6,June,2010,6,Friday,7,16,1,11,1,6,42.49395833,-83.04550278,1,1,0,1,0,0,1,0
260328,MICHIGAN,MI,2,0,2,163,1212,AVERA,27,6,June,2010,1,Sunday,1,40,0,13,6,168,42.35105278,-83.31261944,12,3,0,1,0,0,1,1
260329,MICHIGAN,MI,3,0,3,129,0,BIGBEE,27,6,June,2010,1,Sunday,7,0,0,4,4,75,44.23328611,-84.24145278,12,1,0,10,0,0,1,1
260330,MICHIGAN,MI,2,0,3,139,0,CALION,27,6,June,2010,1,Sunday,13,43,0,14,4,57,42.82648889,-86.09811944,12,1,0,1,0,0,1,0
260331,MICHIGAN,MI,1,1,1,81,2010,AUBURN,26,6,June,2010,7,Saturday,22,15,0,13,6,3,42.92710278,-85.60320556,8,2,0,1,0,0,1,0
260332,MICHIGAN,MI,2,0,2,127,0,BURNWELL,28,6,June,2010,2,Monday,14,41,0,4,4,10,43.50868889,-86.39773889,12,1,0,1,0,0,1,0
260333,MICHIGAN,MI,1,0,2,49,0,COLLINSVILLE,18,4,April,2010,1,Sunday,17,19,0,16,4,20,43.13419722,-83.72428611,34,1,0,1,0,0,1,0
260334,MICHIGAN,MI,2,0,3,39,0,ANDALUSIA,23,5,May,2010,1,Sunday,19,4,0,4,4,119,44.67100278,-84.57760278,12,1,0,1,0,0,1,0
260335,MICHIGAN,MI,1,0,1,163,1260,AVERA,15,5,May,2010,7,Saturday,6,15,1,12,3,51,42.41336111,-83.06818056,18,4,0,1,0,0,1,1
260336,MICHIGAN,MI,2,0,2,111,0,GRAHAM,4,5,May,2010,3,Tuesday,11,33,0,4,4,60,43.75586111,-84.24693611,12,1,0,1,0,0,1,0
260337,MICHIGAN,MI,1,0,3,163,2850,AVERA,29,6,June,2010,3,Tuesday,3,20,0,16,6,5,42.39455278,-83.43106111,42,2,0,10,0,0,1,0
260338,MICHIGAN,MI,1,0,1,163,1260,AVERA,28,5,May,2010,6,Friday,20,45,1,11,1,104,42.38447500,-83.24156944,39,5,0,1,0,0,1,0
260339,MICHIGAN,MI,1,1,1,91,0,DAYTON,10,6,June,2010,5,Thursday,10,28,0,4,4,36,41.94923056,-83.93561111,8,1,0,1,0,0,1,0
260340,MICHIGAN,MI,4,0,9,51,0,CENTRAL,25,6,June,2010,6,Friday,11,20,0,3,3,85,43.98079167,-84.43815000,12,1,0,1,0,0,2,0
260341,MICHIGAN,MI,1,0,1,81,2010,AUBURN,28,6,June,2010,2,Monday,21,3,1,12,2,2,42.97340278,-85.67929444,26,5,0,1,0,0,1,0
260342,MICHIGAN,MI,1,0,1,31,0,COFFEE,29,6,June,2010,3,Tuesday,18,41,1,1,1,360,45.68019444,-84.68381389,42,1,0,1,0,0,1,0
260343,MICHIGAN,MI,1,0,1,125,510,BROOKWOOD,30,6,June,2010,4,Wednesday,2,37,0,13,6,67,42.58861111,-83.23457778,42,2,0,1,0,0,1,1
260344,MICHIGAN,MI,2,0,2,81,0,AUBURN,30,6,June,2010,4,Wednesday,15,20,0,14,3,148,42.92873056,-85.42995833,12,1,0,1,0,0,1,0
260345,MICHIGAN,MI,2,0,3,125,3632,BROOKWOOD,30,6,June,2010,4,Wednesday,22,34,0,16,4,15,42.73345278,-83.12598611,12,2,0,1,0,0,1,0
260346,MICHIGAN,MI,1,0,3,159,0,FARRAR,5,6,June,2010,7,Saturday,2,16,0,6,4,1,42.39015278,-85.84774722,1,2,0,10,0,0,1,1
260347,MICHIGAN,MI,2,0,3,1,3247,AUTAUGA,15,6,June,2010,3,Tuesday,22,12,0,3,4,21,44.54204167,-83.42194722,12,2,0,10,0,0,1,0
260348,MICHIGAN,MI,1,0,1,163,1260,AVERA,19,6,June,2010,7,Saturday,23,15,1,11,1,263,42.35133611,-83.09578611,1,3,0,1,0,0,1,0
260349,MICHIGAN,MI,1,1,1,107,480,CARROLLTON,29,6,June,2010,3,Tuesday,21,19,0,16,6,2,43.70204722,-85.47595278,8,1,0,10,0,0,1,0
260350,MICHIGAN,MI,1,0,2,125,1650,BROOKWOOD,2,7,July,2010,6,Friday,20,4,0,16,6,3,42.46416111,-83.40859722,53,5,0,1,0,0,1,0
260351,MICHIGAN,MI,1,0,1,67,0,ABBEVILLE,2,7,July,2010,6,Friday,16,15,0,6,4,13,42.81847778,-84.84189722,42,1,0,1,0,0,1,0
260352,MICHIGAN,MI,2,0,2,49,1730,COLLINSVILLE,3,7,July,2010,7,Saturday,1,30,0,14,6,10,43.05409444,-83.67391389,12,3,0,1,0,0,1,0
260353,MICHIGAN,MI,1,0,1,147,2558,AUGUSTA,4,7,July,2010,1,Sunday,15,40,1,1,1,215,42.98858333,-82.57953889,1,1,0,1,0,0,1,0
260354,MICHIGAN,MI,1,0,1,147,0,AUGUSTA,6,7,July,2010,3,Tuesday,10,45,0,3,3,33,42.95925000,-82.76337778,24,1,0,1,0,0,1,0
260355,MICHIGAN,MI,2,0,4,27,0,ASHLAND,7,7,July,2010,4,Wednesday,17,13,0,3,3,68,41.90425278,-85.79575000,12,1,0,1,0,0,2,0
260356,MICHIGAN,MI,3,0,3,27,0,ASHLAND,7,7,July,2010,4,Wednesday,12,48,0,3,4,20,41.86820556,-86.17550278,12,1,0,1,0,0,2,0
260357,MICHIGAN,MI,3,0,6,1,3247,AUTAUGA,7,7,July,2010,4,Wednesday,15,30,0,4,4,4,44.57481667,-83.62441111,12,1,0,2,0,0,1,1
260358,MICHIGAN,MI,2,0,2,157,0,ARCADE,7,7,July,2010,4,Wednesday,21,35,0,4,4,121,43.58665000,-83.17411667,11,2,0,1,0,0,1,0
260359,MICHIGAN,MI,1,1,1,163,1212,AVERA,8,7,July,2010,5,Thursday,0,3,0,16,6,8,42.28176111,-83.24993333,8,2,0,1,0,0,1,0
260360,MICHIGAN,MI,3,0,6,17,0,CHAMBERS,9,7,July,2010,6,Friday,9,16,1,11,1,3,43.52693333,-83.94190833,12,1,0,1,0,0,1,0
260361,MICHIGAN,MI,2,0,3,11,0,BULLOCK,9,7,July,2010,6,Friday,15,43,1,1,1,149,44.10532222,-84.11540556,12,1,0,1,0,0,2,0
260362,MICHIGAN,MI,1,1,1,73,0,ARGO,9,7,July,2010,6,Friday,21,57,1,2,3,200,43.61192222,-84.64803889,8,3,0,1,0,0,1,0
260363,MICHIGAN,MI,2,0,2,87,0,ARMSTRONG,10,7,July,2010,7,Saturday,18,22,0,3,3,224,43.20320556,-83.31293611,12,1,0,1,0,0,1,0
260364,MICHIGAN,MI,2,0,3,67,0,ABBEVILLE,10,7,July,2010,7,Saturday,20,37,0,3,3,93,42.97295000,-85.12920556,12,2,0,1,0,0,3,0
260365,MICHIGAN,MI,1,1,3,117,1158,BIRMINGHAM,10,7,July,2010,7,Saturday,23,45,0,5,4,15,43.25680278,-84.90702778,8,2,0,1,0,0,1,0
260366,MICHIGAN,MI,1,0,1,47,0,BROWNS,13,7,July,2010,3,Tuesday,5,0,0,5,4,40,45.50774444,-85.01820556,11,4,0,1,0,0,1,0
260367,MICHIGAN,MI,1,0,1,21,570,CHILTON,13,7,July,2010,3,Tuesday,10,20,1,11,1,1,41.93271667,-86.57252500,1,1,0,1,0,0,1,0
260368,MICHIGAN,MI,1,0,1,157,0,ARCADE,14,7,July,2010,4,Wednesday,14,55,0,6,4,49,43.30472778,-83.39353889,42,1,0,1,0,0,1,0
260369,MICHIGAN,MI,2,0,3,125,0,BROOKWOOD,13,7,July,2010,3,Tuesday,10,43,0,14,6,11,42.82565556,-83.23525556,12,1,0,10,0,0,1,0
260370,MICHIGAN,MI,1,0,1,49,0,COLLINSVILLE,15,7,July,2010,5,Thursday,17,34,0,5,4,57,43.14195556,-83.85977778,1,1,0,2,0,0,1,0
260371,MICHIGAN,MI,1,0,1,159,0,FARRAR,19,7,July,2010,2,Monday,12,45,0,5,4,37,42.35394444,-85.92276389,11,1,0,1,0,0,1,0
260372,MICHIGAN,MI,2,0,3,49,686,COLLINSVILLE,20,7,July,2010,3,Tuesday,21,36,1,13,3,56,42.98484167,-83.65331389,12,5,0,1,0,0,1,1
260373,MICHIGAN,MI,2,0,6,95,0,ALBERTVILLE,16,7,July,2010,6,Friday,23,23,1,2,3,155,46.30369722,-85.43131944,12,2,0,1,0,0,1,1
260374,MICHIGAN,MI,1,0,1,81,0,AUBURN,6,7,July,2010,3,Tuesday,5,33,0,6,4,16,43.23486111,-85.52302778,11,2,0,1,0,0,1,0
260375,MICHIGAN,MI,2,0,3,125,4020,BROOKWOOD,21,7,July,2010,4,Wednesday,14,36,1,13,3,6,42.62715278,-83.28621389,12,1,0,1,0,0,1,0
260376,MICHIGAN,MI,2,0,6,5,0,BAKER HILL,22,7,July,2010,5,Thursday,16,42,0,4,4,103,42.56632500,-85.64157222,12,1,0,2,0,0,1,0
260377,MICHIGAN,MI,1,0,1,81,0,AUBURN,22,7,July,2010,5,Thursday,4,24,0,4,4,85,43.23986667,-85.61109722,42,2,0,1,0,0,1,1
260378,MICHIGAN,MI,1,1,5,55,0,ATTALLA,24,7,July,2010,7,Saturday,0,14,1,2,3,59,44.77037222,-85.38003333,8,2,0,1,0,0,1,0
260379,MICHIGAN,MI,3,0,5,159,0,FARRAR,24,7,July,2010,7,Saturday,10,45,0,3,3,50,42.13458056,-85.85158056,12,1,0,10,0,0,1,0
260380,MICHIGAN,MI,1,0,1,55,0,ATTALLA,24,7,July,2010,7,Saturday,16,15,0,6,4,24,44.62903056,-85.58468333,1,1,0,10,0,0,1,1
260381,MICHIGAN,MI,2,0,2,15,0,ANNISTON,25,7,July,2010,1,Sunday,14,0,0,5,4,107,42.75601389,-85.13495000,12,1,0,1,0,0,1,0
260382,MICHIGAN,MI,1,0,3,67,0,ABBEVILLE,23,7,July,2010,6,Friday,23,37,0,5,4,25,43.07623889,-85.26291389,42,2,0,1,0,0,2,1
260383,MICHIGAN,MI,3,0,4,17,2543,CHAMBERS,22,7,July,2010,5,Thursday,13,53,0,14,3,96,43.66767778,-83.95164444,12,1,0,10,0,0,1,0
260384,MICHIGAN,MI,1,0,1,3,0,BALDWIN,22,7,July,2010,5,Thursday,16,30,0,4,4,244,46.52572222,-86.23183333,42,1,0,1,0,0,1,0
260385,MICHIGAN,MI,1,0,4,149,0,BELLEVILLE,25,7,July,2010,1,Sunday,13,46,0,4,4,69,41.89945000,-85.62443611,42,1,0,1,0,0,1,1
260386,MICHIGAN,MI,1,1,1,81,691,AUBURN,26,7,July,2010,2,Monday,20,47,1,12,2,13,42.78632500,-85.66816944,8,5,0,1,0,0,1,0
260387,MICHIGAN,MI,3,0,4,1,0,AUTAUGA,23,7,July,2010,6,Friday,12,23,0,3,3,31,44.54655278,-83.72012500,12,1,0,10,0,0,1,0
260388,MICHIGAN,MI,2,0,3,139,0,CALION,28,7,July,2010,4,Wednesday,16,50,0,16,4,41,42.84080000,-86.19837778,12,1,0,1,0,0,2,0
260389,MICHIGAN,MI,1,0,4,51,0,CENTRAL,27,7,July,2010,3,Tuesday,20,5,0,6,4,74,43.82893611,-84.47822500,42,1,0,1,0,0,3,1
260390,MICHIGAN,MI,1,0,1,163,1920,AVERA,31,7,July,2010,7,Saturday,21,5,0,13,6,137,42.31582222,-83.33065278,31,1,0,1,0,0,1,0
260391,MICHIGAN,MI,1,0,1,125,512,BROOKWOOD,15,7,July,2010,5,Thursday,13,26,1,13,3,78,42.55511667,-83.28512222,34,1,0,10,0,0,1,0
260392,MICHIGAN,MI,1,0,2,23,305,BLADON SPRINGS,31,7,July,2010,7,Saturday,19,28,0,6,4,15,41.91270833,-85.06875278,11,1,0,1,0,0,1,0
260393,MICHIGAN,MI,2,0,3,111,3240,GRAHAM,2,7,July,2010,6,Friday,14,58,0,14,6,5,43.64103333,-84.23325278,12,1,0,1,0,0,1,0
260394,MICHIGAN,MI,1,0,1,75,0,BEAVERTON,4,7,July,2010,1,Sunday,3,24,0,4,4,115,42.10036667,-84.48838889,24,2,0,1,0,0,1,1
260395,MICHIGAN,MI,1,0,1,21,0,CHILTON,23,7,July,2010,6,Friday,12,19,0,6,4,8,41.78008889,-86.53301667,33,1,0,1,0,0,1,0
260396,MICHIGAN,MI,1,1,1,147,0,AUGUSTA,28,7,July,2010,4,Wednesday,0,17,0,14,6,16,42.96393333,-82.45219167,8,2,0,1,0,0,1,0
260397,MICHIGAN,MI,2,0,3,23,1935,BLADON SPRINGS,1,8,August,2010,1,Sunday,17,4,0,3,4,51,42.01465556,-85.00088889,12,1,0,1,0,0,2,0
260398,MICHIGAN,MI,3,0,8,87,0,ARMSTRONG,23,7,July,2010,6,Friday,17,52,0,3,3,219,43.19649722,-83.31279722,12,1,0,1,0,0,1,0
260400,MICHIGAN,MI,1,1,1,163,1260,AVERA,22,4,April,2010,5,Thursday,0,10,0,14,6,25,42.40554722,-82.96504167,8,3,0,10,0,0,1,0
260401,MICHIGAN,MI,1,0,6,163,1260,AVERA,5,5,May,2010,4,Wednesday,14,20,0,14,6,13,42.32334167,-83.12227500,30,1,0,1,0,0,2,0
260402,MICHIGAN,MI,1,1,1,163,1260,AVERA,10,5,May,2010,2,Monday,20,0,0,14,6,29,42.34971667,-83.10750000,9,1,0,1,0,0,1,0
260403,MICHIGAN,MI,1,0,2,163,1260,AVERA,16,5,May,2010,1,Sunday,4,5,1,11,1,88,42.38564167,-83.27109444,33,3,0,1,0,0,1,1
260404,MICHIGAN,MI,2,0,3,163,1260,AVERA,23,5,May,2010,1,Sunday,22,10,0,14,6,18,42.43951667,-83.10261667,12,3,0,1,0,0,1,1
260406,MICHIGAN,MI,2,0,4,5,0,BAKER HILL,30,5,May,2010,1,Sunday,16,58,0,6,4,50,42.52088333,-85.87729444,12,1,0,1,0,0,1,1
260407,MICHIGAN,MI,1,0,4,163,1260,AVERA,9,6,June,2010,4,Wednesday,0,30,1,13,3,8,42.38838611,-83.02166111,33,3,0,2,0,0,2,1
260409,MICHIGAN,MI,1,1,2,163,1260,AVERA,13,6,June,2010,1,Sunday,1,21,0,14,6,21,42.38261667,-83.12606944,8,3,0,1,0,0,1,0
260410,MICHIGAN,MI,1,1,2,163,1260,AVERA,25,6,June,2010,6,Friday,17,0,0,16,6,13,42.43669722,-83.16697500,9,1,0,1,0,0,1,0
260411,MICHIGAN,MI,1,0,2,163,1260,AVERA,26,1,January,2010,3,Tuesday,11,43,1,11,1,361,42.42013889,-82.93261111,35,1,0,10,0,0,1,0
260412,MICHIGAN,MI,3,0,4,65,2700,CYPRESS,24,2,February,2010,4,Wednesday,13,30,1,11,1,68,42.69803333,-84.50389444,12,1,0,4,0,0,1,0
260413,MICHIGAN,MI,1,0,2,145,0,BALD KNOB,1,5,May,2010,7,Saturday,21,54,0,6,4,31,43.46225000,-84.30750000,34,2,0,10,0,0,1,1
260414,MICHIGAN,MI,1,0,3,5,0,BAKER HILL,8,5,May,2010,7,Saturday,17,58,0,6,4,15,42.44074444,-85.97346667,42,1,0,1,0,0,1,0
260415,MICHIGAN,MI,2,0,2,5,0,BAKER HILL,9,6,June,2010,4,Wednesday,15,24,0,6,4,15,42.66312500,-86.02484167,12,1,0,1,0,0,1,0
260416,MICHIGAN,MI,1,1,1,99,4731,BEATRICE,23,6,June,2010,4,Wednesday,18,30,0,13,6,61,42.53484444,-83.08688611,9,1,0,1,0,0,1,0
260417,MICHIGAN,MI,3,0,4,41,1748,BRANTLEY,24,6,June,2010,5,Thursday,14,15,0,2,3,108,45.67939167,-87.13967778,12,1,0,1,0,0,2,0
260419,MICHIGAN,MI,2,0,4,133,0,ARLEY,11,8,August,2010,4,Wednesday,11,42,0,6,4,30,43.85891944,-85.52335000,12,1,0,1,0,0,1,0
260420,MICHIGAN,MI,2,0,7,113,0,COTTONTON,1,7,July,2010,5,Thursday,17,54,0,4,4,10,44.24346111,-85.07352500,12,1,0,1,0,0,1,0
260421,MICHIGAN,MI,2,0,3,81,785,AUBURN,1,7,July,2010,5,Thursday,7,50,1,13,3,181,42.91273889,-85.54141667,12,1,0,1,0,0,1,0
260422,MICHIGAN,MI,2,0,2,65,2700,CYPRESS,2,7,July,2010,6,Friday,20,6,1,13,3,12,42.76358056,-84.57950556,12,1,0,1,0,0,1,0
260423,MICHIGAN,MI,1,1,1,115,0,ASHVILLE,10,7,July,2010,7,Saturday,22,20,1,2,2,264,42.06587222,-83.31404167,8,2,0,1,0,0,1,0
260424,MICHIGAN,MI,1,0,2,125,512,BROOKWOOD,16,7,July,2010,6,Friday,18,14,1,11,1,120,42.60984722,-83.22026667,59,1,0,1,0,0,1,1
260425,MICHIGAN,MI,2,0,2,57,5185,BANKSTON,19,7,July,2010,2,Monday,9,50,1,2,3,197,43.40796944,-84.44426667,12,1,0,10,0,0,1,0
260426,MICHIGAN,MI,2,0,2,49,1731,COLLINSVILLE,16,7,July,2010,6,Friday,7,10,0,14,4,83,42.98736667,-83.76433056,12,1,0,1,0,0,1,0
260427,MICHIGAN,MI,1,2,2,165,0,HERNDON,20,7,July,2010,3,Tuesday,19,15,0,4,4,172,44.41107500,-85.51148889,15,1,0,1,0,0,1,0
260428,MICHIGAN,MI,2,0,2,77,47,ANDERSON,23,7,July,2010,6,Friday,5,50,1,2,4,14,42.37505556,-85.74665000,12,2,0,10,0,0,1,0
260429,MICHIGAN,MI,2,0,2,49,0,COLLINSVILLE,27,7,July,2010,3,Tuesday,21,30,0,5,4,52,42.88388889,-83.82456944,12,2,0,1,0,0,1,1
260430,MICHIGAN,MI,1,0,3,137,0,ALCO,30,7,July,2010,6,Friday,13,10,1,11,1,76,44.95841944,-84.67354444,24,1,0,1,0,0,1,0
260431,MICHIGAN,MI,2,0,5,91,4282,DAYTON,29,7,July,2010,5,Thursday,10,50,0,4,4,22,41.94278889,-84.32389722,12,1,0,1,0,0,1,0
260432,MICHIGAN,MI,2,0,3,161,0,DENTON,28,7,July,2010,4,Wednesday,9,10,1,11,1,129,42.29823333,-83.88195556,12,1,0,10,0,0,1,0
260433,MICHIGAN,MI,3,0,4,125,2935,BROOKWOOD,29,7,July,2010,5,Thursday,11,29,0,14,6,90,42.49060556,-83.11578889,12,1,0,1,0,0,1,0
260434,MICHIGAN,MI,2,0,6,163,1260,AVERA,9,7,July,2010,6,Friday,22,42,0,14,6,72,42.40215556,-83.17420833,12,3,0,1,0,0,1,1
260435,MICHIGAN,MI,1,1,1,163,1260,AVERA,31,7,July,2010,7,Saturday,2,0,9,13,6,17,42.31558056,-83.11293333,8,2,0,1,0,0,1,0
260436,MICHIGAN,MI,1,0,1,1,0,AUTAUGA,3,7,July,2010,7,Saturday,15,0,0,3,3,3,44.72303056,-83.80742222,34,1,0,1,0,0,1,0
260437,MICHIGAN,MI,1,1,1,145,0,BALD KNOB,24,7,July,2010,7,Saturday,0,35,0,4,4,71,43.25590833,-84.02884444,8,2,0,10,0,0,1,0
260438,MICHIGAN,MI,1,1,1,77,2520,ANDERSON,26,7,July,2010,2,Monday,22,5,1,13,3,7,42.30340000,-85.56440556,8,3,0,1,0,0,1,1
260439,MICHIGAN,MI,1,0,1,65,0,CYPRESS,31,7,July,2010,7,Saturday,3,28,0,16,4,13,42.71330556,-84.29528889,42,2,0,1,0,0,1,1