ST_CASE,State Name,State Abbreviation,VE_TOTAL,Pedestrains,Total_Persons_in_accident,COUNTY,CITY,City_County_Name,Calendar_DAY,MONTH,Month_Name,YEAR,DAY_WEEK,Day_Week_desc,HOUR,MINUTE,NHS_Desc,trafficway,ROUTE,MILEPT,LATITUDE,LONGITUD,First_Crash_event,Light_cond_desc,Weather_condition,WEATHER,SCH_BUS,Crash_cause,FATALS,DRUNK_DR
260440,MICHIGAN,MI,1,0,3,163,1260,AVERA,5,4,April,2010,2,Monday,4,8,1,12,3,16,42.40697222,-83.08628889,1,3,0,10,0,0,1,1
260441,MICHIGAN,MI,2,0,4,33,325,CHEROKEE,30,5,May,2010,1,Sunday,20,20,0,4,4,209,46.41281667,-84.58868056,12,1,0,1,0,0,2,1
260442,MICHIGAN,MI,3,0,8,21,0,CHILTON,3,7,July,2010,7,Saturday,19,36,0,3,2,45,41.79888889,-86.63362500,12,1,0,1,0,0,1,1
260443,MICHIGAN,MI,1,0,2,15,0,ANNISTON,15,7,July,2010,5,Thursday,14,40,0,5,4,21,42.42856944,-85.50191944,42,1,0,1,0,0,2,0
260444,MICHIGAN,MI,2,0,5,65,0,CYPRESS,16,7,July,2010,6,Friday,19,4,0,4,4,52,42.52408333,-84.50259722,12,1,0,1,0,0,1,0
260445,MICHIGAN,MI,2,0,3,129,0,BIGBEE,10,4,April,2010,7,Saturday,21,10,0,4,4,7,44.37385833,-83.98408889,12,2,0,1,0,0,1,0
260446,MICHIGAN,MI,1,0,1,163,1260,AVERA,21,4,April,2010,4,Wednesday,5,37,0,13,7,1,42.30461111,-83.11157222,33,3,0,1,0,0,1,0
260447,MICHIGAN,MI,2,0,3,147,0,AUGUSTA,3,5,May,2010,2,Monday,19,1,0,6,3,105,42.99732778,-82.76328333,12,5,0,1,0,0,1,1
260448,MICHIGAN,MI,2,0,2,155,0,IRWIN,20,7,July,2010,3,Tuesday,16,3,0,3,3,75,43.07048611,-83.92876667,12,1,0,1,0,0,1,0
260449,MICHIGAN,MI,2,0,4,163,1260,AVERA,19,7,July,2010,2,Monday,17,40,1,11,1,130,42.37907778,-83.19810000,12,1,0,1,0,0,1,0
260450,MICHIGAN,MI,1,1,1,163,1260,AVERA,28,7,July,2010,4,Wednesday,10,14,1,12,3,149,42.43634167,-83.21966667,8,1,0,10,0,0,1,0
260451,MICHIGAN,MI,1,0,2,3,0,BALDWIN,1,8,August,2010,1,Sunday,17,30,0,4,4,242,46.52141944,-86.26146111,42,1,0,1,0,0,1,0
260452,MICHIGAN,MI,1,0,1,85,0,BENTON,3,8,August,2010,3,Tuesday,10,40,1,2,2,231,43.88801944,-85.64020278,42,1,0,1,0,0,1,0
260453,MICHIGAN,MI,1,2,1,67,4070,ABBEVILLE,4,8,August,2010,4,Wednesday,10,12,0,4,6,30,42.87051111,-84.90248333,8,1,0,10,0,0,1,1
260454,MICHIGAN,MI,2,0,4,145,4350,BALD KNOB,30,3,March,2010,3,Tuesday,17,12,1,13,3,4,43.43645278,-83.95143611,12,1,0,1,0,0,1,1
260455,MICHIGAN,MI,2,0,2,47,0,BROWNS,28,5,May,2010,6,Friday,21,4,0,4,4,42,45.56836111,-85.02782222,12,5,0,1,0,0,1,0
260456,MICHIGAN,MI,2,0,3,93,0,BEAR CREEK,21,6,June,2010,2,Monday,15,3,0,14,3,1,42.45186111,-83.78537500,12,1,0,1,0,0,1,0
260457,MICHIGAN,MI,1,0,2,161,4799,DENTON,20,6,June,2010,1,Sunday,2,48,1,2,3,72,42.33691111,-83.60918333,1,2,0,1,0,0,1,1
260458,MICHIGAN,MI,2,0,3,163,3140,AVERA,24,6,June,2010,5,Thursday,13,35,0,16,6,7,42.28262222,-83.19076667,12,1,0,1,0,0,1,0
260459,MICHIGAN,MI,2,0,4,163,4815,AVERA,7,7,July,2010,4,Wednesday,15,51,0,13,6,157,42.25621667,-83.24166944,12,1,0,1,0,0,1,1
260460,MICHIGAN,MI,1,1,1,163,5176,AVERA,4,8,August,2010,4,Wednesday,22,3,0,14,6,85,42.31006667,-83.37890000,8,3,0,10,0,0,1,1
260461,MICHIGAN,MI,1,1,1,125,4567,BROOKWOOD,4,8,August,2010,4,Wednesday,23,14,1,12,3,86,42.46085556,-83.22427778,8,3,0,99,0,0,1,0
260462,MICHIGAN,MI,1,1,2,125,2230,BROOKWOOD,6,8,August,2010,6,Friday,23,0,1,11,1,6,42.45556389,-83.09583889,8,2,0,1,0,0,1,0
260463,MICHIGAN,MI,1,0,2,113,0,COTTONTON,7,8,August,2010,7,Saturday,1,16,0,5,4,43,44.40941389,-85.08048611,42,2,0,1,0,0,1,1
260464,MICHIGAN,MI,1,0,1,29,0,BORDEN SPRINGS,7,8,August,2010,7,Saturday,4,45,0,4,4,34,45.17568889,-85.08033611,42,2,0,10,0,0,1,1
260465,MICHIGAN,MI,2,0,5,125,0,BROOKWOOD,6,8,August,2010,6,Friday,17,50,0,14,4,61,42.50473889,-83.63220000,12,1,0,10,0,0,2,1
260466,MICHIGAN,MI,1,1,1,73,0,ARGO,7,8,August,2010,7,Saturday,23,5,0,4,4,80,43.58327500,-84.90742500,9,2,0,1,0,0,1,0
260467,MICHIGAN,MI,1,0,1,75,0,BEAVERTON,9,8,August,2010,2,Monday,17,6,0,15,4,30,42.29261111,-84.48037778,42,1,0,1,0,0,1,1
260468,MICHIGAN,MI,2,0,2,47,0,BROWNS,10,8,August,2010,3,Tuesday,10,39,0,5,4,10,45.43527500,-84.86328611,12,1,0,1,0,0,1,0
260469,MICHIGAN,MI,2,0,2,163,5279,AVERA,9,8,August,2010,2,Monday,23,50,0,14,6,68,42.12635278,-83.21844167,12,2,0,1,0,0,1,1
260470,MICHIGAN,MI,1,0,1,77,4030,ANDERSON,10,8,August,2010,3,Tuesday,1,17,1,11,1,86,42.23788333,-85.60234722,59,2,0,1,0,0,1,0
260471,MICHIGAN,MI,2,0,2,67,0,ABBEVILLE,11,8,August,2010,4,Wednesday,12,16,0,4,4,2,42.87142222,-84.95600833,12,1,0,2,0,0,1,0
260472,MICHIGAN,MI,2,0,3,91,0,DAYTON,11,8,August,2010,4,Wednesday,9,50,0,5,4,1,41.70990278,-84.32855556,12,1,0,10,0,0,1,0
260473,MICHIGAN,MI,1,0,1,163,90,AVERA,12,8,August,2010,5,Thursday,20,32,1,12,3,28,42.26741389,-83.22417222,18,3,0,10,0,0,1,1
260474,MICHIGAN,MI,2,0,3,17,0,CHAMBERS,13,8,August,2010,6,Friday,22,27,0,3,3,169,43.77117778,-83.97542500,12,2,0,1,0,0,1,1
260476,MICHIGAN,MI,1,0,2,91,0,DAYTON,13,8,August,2010,6,Friday,20,8,0,5,4,3,41.97180000,-84.22713333,38,1,0,1,0,0,1,0
260477,MICHIGAN,MI,1,0,1,1,2058,AUTAUGA,13,8,August,2010,6,Friday,23,22,0,14,4,1,44.51319167,-83.34076111,1,2,0,1,0,0,1,1
260478,MICHIGAN,MI,2,0,2,25,355,BARLOW BEND,15,8,August,2010,1,Sunday,8,47,0,5,4,33,42.40585556,-85.28009722,12,1,0,10,0,0,1,1
260479,MICHIGAN,MI,1,0,2,33,325,CHEROKEE,14,8,August,2010,7,Saturday,12,6,0,4,4,128,46.42324444,-84.90922222,1,1,0,1,0,0,1,0
260480,MICHIGAN,MI,2,0,2,163,738,AVERA,15,8,August,2010,1,Sunday,1,35,1,11,1,188,42.34478056,-83.44029444,12,2,0,10,0,0,1,1
260481,MICHIGAN,MI,1,1,1,163,2850,AVERA,9,8,August,2010,2,Monday,9,7,0,15,6,2,42.38989167,-83.37327500,9,1,0,10,0,0,1,0
260482,MICHIGAN,MI,1,0,1,125,3632,BROOKWOOD,13,8,August,2010,6,Friday,2,15,0,4,4,5,42.77618056,-83.18833611,42,2,0,1,0,0,1,1
260483,MICHIGAN,MI,1,0,2,81,2010,AUBURN,14,8,August,2010,7,Saturday,23,41,0,16,6,4,42.94644722,-85.67863611,59,3,0,1,0,0,2,0
260484,MICHIGAN,MI,1,1,3,139,0,CALION,13,8,August,2010,6,Friday,21,25,0,14,4,22,42.91395833,-85.80102500,8,2,0,10,0,0,1,0
260485,MICHIGAN,MI,1,0,2,163,1260,AVERA,8,8,August,2010,1,Sunday,3,30,0,14,6,1,42.38616667,-83.03934444,30,3,0,10,0,0,1,0
260486,MICHIGAN,MI,1,0,3,25,931,BARLOW BEND,1,8,August,2010,1,Sunday,16,26,0,4,4,5,42.07964722,-84.85561944,42,1,0,1,0,0,1,0
260487,MICHIGAN,MI,2,0,6,163,1260,AVERA,20,8,August,2010,6,Friday,16,34,0,16,6,8,42.41292778,-82.98641111,12,1,0,1,0,0,1,1
260488,MICHIGAN,MI,1,1,2,147,926,AUGUSTA,1,8,August,2010,1,Sunday,21,30,0,6,4,72,42.79986111,-82.59230833,9,2,0,1,0,0,1,0
260489,MICHIGAN,MI,2,1,3,163,1933,AVERA,6,8,August,2010,6,Friday,0,6,1,11,1,22,42.09689167,-83.24153333,8,2,0,1,0,0,1,0
260490,MICHIGAN,MI,1,0,1,163,1210,AVERA,7,8,August,2010,7,Saturday,21,30,0,13,6,14,42.27854167,-83.21878889,42,3,0,1,0,0,1,0
260491,MICHIGAN,MI,1,0,1,81,0,AUBURN,10,8,August,2010,3,Tuesday,5,48,0,4,4,57,42.79734444,-85.36910278,11,2,0,5,0,0,1,0
260493,MICHIGAN,MI,1,0,1,163,1260,AVERA,7,7,July,2010,4,Wednesday,2,42,1,11,1,162,42.27555556,-83.16009444,59,3,0,1,0,0,1,1
260494,MICHIGAN,MI,1,1,1,125,1652,BROOKWOOD,25,7,July,2010,1,Sunday,22,46,0,14,6,16,42.46425833,-83.33741944,9,2,0,1,0,0,1,1
260495,MICHIGAN,MI,2,0,2,121,0,BON AIR,11,8,August,2010,4,Wednesday,2,3,1,12,2,222,43.40881111,-86.31383611,12,2,0,1,0,0,2,2
260496,MICHIGAN,MI,2,0,2,21,0,CHILTON,13,8,August,2010,6,Friday,16,35,0,5,4,10,41.97187222,-86.51406667,12,1,0,1,0,0,1,1
260497,MICHIGAN,MI,2,0,2,103,0,DANVILLE,14,8,August,2010,7,Saturday,0,2,1,13,2,192,46.48789167,-87.35131389,12,3,0,2,0,0,1,0
260498,MICHIGAN,MI,1,0,3,51,0,CENTRAL,14,8,August,2010,7,Saturday,0,10,0,6,4,5,44.04510556,-84.43720000,34,2,0,1,0,0,1,1
260499,MICHIGAN,MI,3,0,12,31,0,COFFEE,13,8,August,2010,6,Friday,10,20,0,3,3,68,45.37422222,-84.50678889,12,1,0,1,0,0,1,0
260500,MICHIGAN,MI,2,0,5,73,0,ARGO,15,8,August,2010,1,Sunday,22,49,0,14,4,23,43.59726944,-84.74768056,12,2,0,1,0,0,1,0
260501,MICHIGAN,MI,2,0,4,21,0,CHILTON,16,8,August,2010,2,Monday,16,30,1,11,1,374,42.16744444,-86.32337778,12,1,0,1,0,0,1,0
260502,MICHIGAN,MI,3,0,6,93,2211,BEAR CREEK,16,8,August,2010,2,Monday,9,9,0,4,4,176,42.67273611,-83.75984722,12,1,0,1,0,0,1,0
260503,MICHIGAN,MI,1,0,1,115,0,ASHVILLE,16,8,August,2010,2,Monday,10,59,0,6,4,10,41.96269722,-83.53658889,34,1,0,1,0,0,1,0
260504,MICHIGAN,MI,1,1,2,163,2430,AVERA,16,8,August,2010,2,Monday,16,15,0,13,6,113,42.27999444,-83.32920833,8,1,0,1,0,0,1,0
260505,MICHIGAN,MI,1,2,1,59,0,FRANKLIN,18,8,August,2010,4,Wednesday,20,23,0,4,4,94,41.83687500,-84.63137500,9,1,0,1,0,0,1,1
260506,MICHIGAN,MI,3,0,3,163,2850,AVERA,20,8,August,2010,6,Friday,2,13,1,11,1,46,42.38270833,-83.35940000,12,3,0,1,0,0,1,0
260507,MICHIGAN,MI,1,1,1,163,1260,AVERA,20,8,August,2010,6,Friday,23,16,1,12,3,112,42.33665833,-83.06490556,8,3,0,1,0,0,1,1
260508,MICHIGAN,MI,1,0,2,163,5279,AVERA,22,8,August,2010,1,Sunday,2,25,0,14,6,59,42.12471111,-83.23716389,10,3,0,1,0,0,1,1
260509,MICHIGAN,MI,1,1,1,81,5319,AUBURN,21,8,August,2010,7,Saturday,5,37,0,13,6,45,42.93549167,-85.70518333,8,3,0,2,0,0,1,0
260510,MICHIGAN,MI,1,0,1,121,3450,BON AIR,20,8,August,2010,6,Friday,0,54,0,16,6,1,43.23998611,-86.24390556,24,3,0,1,0,0,1,1
260511,MICHIGAN,MI,1,0,1,145,0,BALD KNOB,23,8,August,2010,2,Monday,9,10,0,4,4,59,43.21470000,-84.22825000,1,7,0,10,0,0,1,1
260512,MICHIGAN,MI,2,0,3,145,0,BALD KNOB,20,8,August,2010,6,Friday,12,22,0,4,4,54,43.41434444,-83.83718611,12,1,0,10,0,0,1,0
260513,MICHIGAN,MI,2,0,2,45,0,ARITON,23,8,August,2010,2,Monday,22,15,0,14,3,170,42.65038889,-84.60288056,12,2,0,1,0,0,1,0
260514,MICHIGAN,MI,1,0,1,149,0,BELLEVILLE,24,8,August,2010,3,Tuesday,19,57,0,6,4,56,41.95080000,-85.76072500,59,1,0,1,0,0,1,1
260515,MICHIGAN,MI,1,0,1,81,4260,AUBURN,25,8,August,2010,4,Wednesday,13,33,0,16,6,2,43.12447500,-85.56581667,42,1,0,10,0,0,1,1
260516,MICHIGAN,MI,2,0,3,63,0,BOLIGEE,24,8,August,2010,3,Tuesday,14,54,0,6,4,118,43.83383889,-83.14139722,12,1,0,10,0,0,1,0
260517,MICHIGAN,MI,1,0,4,163,1260,AVERA,26,8,August,2010,5,Thursday,22,30,1,12,3,1,42.39867222,-83.11021944,24,3,0,1,0,0,1,0
260518,MICHIGAN,MI,2,0,5,81,2010,AUBURN,21,2,February,2010,1,Sunday,1,5,0,14,6,2,42.95970556,-85.67132778,12,3,0,10,0,0,1,1
260519,MICHIGAN,MI,1,0,1,69,0,ASHFORD,28,3,March,2010,1,Sunday,10,20,0,4,4,21,44.51141111,-83.41575556,42,1,0,10,0,0,1,0
260520,MICHIGAN,MI,1,0,2,157,0,ARCADE,29,3,March,2010,2,Monday,15,0,1,2,3,55,43.60979444,-83.59930556,42,1,0,1,0,0,1,0
260521,MICHIGAN,MI,1,0,1,109,3170,ANSLEY,9,5,May,2010,1,Sunday,22,43,0,13,3,17,45.15376111,-87.59633333,42,2,0,10,0,0,1,0
260522,MICHIGAN,MI,2,0,3,99,4731,BEATRICE,9,6,June,2010,4,Wednesday,21,28,0,14,6,20,42.57976111,-83.05022778,12,3,0,10,0,0,1,0
260523,MICHIGAN,MI,2,0,3,163,1260,AVERA,11,6,June,2010,6,Friday,19,30,0,13,6,227,42.43477222,-82.99025000,12,1,0,1,0,0,1,0
260524,MICHIGAN,MI,1,0,1,99,919,BEATRICE,18,6,June,2010,6,Friday,19,29,0,14,4,21,42.65457500,-82.80150000,53,1,0,1,0,0,1,1
260525,MICHIGAN,MI,2,0,2,59,0,FRANKLIN,16,3,March,2010,3,Tuesday,11,20,0,3,3,126,41.87593333,-84.74808056,12,1,0,1,0,0,1,0
260526,MICHIGAN,MI,2,0,3,147,4060,AUGUSTA,21,6,June,2010,2,Monday,15,40,0,14,6,21,43.02820833,-82.43739444,12,1,0,10,0,0,1,0
260527,MICHIGAN,MI,1,1,1,81,2010,AUBURN,1,7,July,2010,5,Thursday,22,25,0,13,6,1,42.98460833,-85.66606111,8,3,0,1,0,0,1,0
260528,MICHIGAN,MI,1,0,1,63,0,BOLIGEE,26,7,July,2010,2,Monday,14,57,0,3,3,290,44.03518889,-82.86347778,11,1,0,1,0,0,1,0
260529,MICHIGAN,MI,1,0,1,163,1260,AVERA,1,7,July,2010,5,Thursday,22,4,1,11,1,265,42.35186111,-83.09338611,1,3,0,1,0,0,1,1
260530,MICHIGAN,MI,1,0,1,125,0,BROOKWOOD,6,7,July,2010,3,Tuesday,13,0,0,6,4,2,42.72808333,-83.62803611,1,1,0,1,0,0,1,0
260531,MICHIGAN,MI,2,0,3,49,1731,COLLINSVILLE,4,8,August,2010,4,Wednesday,12,34,0,14,4,18,42.96965278,-83.71271944,12,1,0,10,0,0,1,0
260532,MICHIGAN,MI,2,0,1,147,787,AUGUSTA,27,8,August,2010,6,Friday,0,26,1,1,1,69,42.80711389,-82.63774444,14,2,0,1,0,0,1,1
260534,MICHIGAN,MI,2,0,3,99,919,BEATRICE,6,8,August,2010,6,Friday,14,20,0,14,4,21,42.65479722,-82.80119444,12,1,0,1,0,0,2,1
260535,MICHIGAN,MI,1,1,1,125,490,BROOKWOOD,19,8,August,2010,5,Thursday,20,31,0,16,6,1,42.54273611,-83.21031667,8,5,0,1,0,0,1,0
260537,MICHIGAN,MI,2,0,1,49,1730,COLLINSVILLE,29,8,August,2010,1,Sunday,1,58,0,16,6,2,43.04889722,-83.72438056,14,3,0,1,0,0,1,1
260538,MICHIGAN,MI,2,0,2,151,0,FLIPPEN,30,8,August,2010,2,Monday,10,20,0,4,3,149,43.33379444,-82.82519722,12,1,0,1,0,0,1,0
260539,MICHIGAN,MI,1,0,1,7,0,BIBB,31,8,August,2010,3,Tuesday,2,59,0,4,4,60,44.94612778,-83.50624722,59,2,0,1,0,0,1,1
260540,MICHIGAN,MI,1,0,1,57,0,BANKSTON,30,8,August,2010,2,Monday,13,20,1,12,2,188,43.37996944,-84.60430278,24,1,0,10,0,0,1,0
260541,MICHIGAN,MI,1,1,1,149,0,BELLEVILLE,31,8,August,2010,3,Tuesday,12,40,0,13,2,158,41.79557500,-85.45734167,9,1,0,1,0,0,1,0
260542,MICHIGAN,MI,1,0,1,163,2850,AVERA,29,8,August,2010,1,Sunday,20,28,0,16,6,3,42.38839167,-83.42662500,42,2,0,1,0,0,1,0
260543,MICHIGAN,MI,2,0,3,139,0,CALION,29,8,August,2010,1,Sunday,22,20,0,6,4,21,42.84130556,-86.03940833,12,2,0,1,0,0,1,0
260544,MICHIGAN,MI,2,0,3,125,1652,BROOKWOOD,27,8,August,2010,6,Friday,12,55,0,13,6,84,42.49936389,-83.35422778,12,1,0,1,0,0,1,0
260545,MICHIGAN,MI,2,0,3,49,0,COLLINSVILLE,7,8,August,2010,7,Saturday,14,14,0,14,3,127,43.17858889,-83.68014167,12,1,0,1,0,0,1,0
260546,MICHIGAN,MI,1,0,1,93,0,BEAR CREEK,9,8,August,2010,2,Monday,19,38,0,6,3,9,42.45799722,-84.04518889,42,1,0,1,0,0,1,1
260547,MICHIGAN,MI,2,0,2,99,0,BEATRICE,16,8,August,2010,2,Monday,0,11,1,2,3,209,42.83405833,-83.02041944,12,2,0,1,0,0,1,1
260548,MICHIGAN,MI,2,0,2,101,2960,BOYLSTON,30,8,August,2010,2,Monday,11,15,0,14,6,46,44.24317778,-86.32397500,1,1,0,1,0,0,1,0
260549,MICHIGAN,MI,1,0,1,55,4880,ATTALLA,21,8,August,2010,7,Saturday,13,25,0,4,3,58,44.84271111,-85.53169722,32,1,0,10,0,0,1,0
260550,MICHIGAN,MI,1,0,1,81,0,AUBURN,30,8,August,2010,2,Monday,13,20,0,4,4,18,43.25477222,-85.55137500,53,1,0,1,0,0,1,0
260551,MICHIGAN,MI,2,0,3,99,5110,BEATRICE,26,8,August,2010,5,Thursday,19,38,0,14,6,16,42.47138333,-82.98647500,12,1,0,1,0,0,1,1
260552,MICHIGAN,MI,2,0,2,149,0,BELLEVILLE,14,8,August,2010,7,Saturday,0,43,0,4,4,20,41.86347778,-85.62383056,12,2,0,1,0,0,1,1
260553,MICHIGAN,MI,2,0,2,31,0,COFFEE,24,8,August,2010,3,Tuesday,11,33,0,3,3,133,45.60009167,-84.47504167,12,1,0,10,0,0,1,0
260554,MICHIGAN,MI,1,1,1,163,1260,AVERA,27,5,May,2010,5,Thursday,20,25,0,13,6,112,42.43016389,-83.21399444,8,3,0,1,0,0,1,0
260555,MICHIGAN,MI,2,0,2,125,3628,BROOKWOOD,30,8,August,2010,2,Monday,14,12,1,12,3,42,42.49502778,-83.44676667,12,1,0,1,0,0,1,0
260556,MICHIGAN,MI,2,0,2,5,0,BAKER HILL,1,8,August,2010,1,Sunday,2,48,0,4,4,55,42.51364722,-86.09157222,12,2,0,1,0,0,1,1
260557,MICHIGAN,MI,2,0,3,163,1260,AVERA,15,8,August,2010,1,Sunday,1,30,1,13,6,243,42.41862222,-83.07514167,12,3,0,10,0,0,1,1
260558,MICHIGAN,MI,1,1,1,163,4240,AVERA,16,8,August,2010,2,Monday,10,7,0,14,6,59,42.15577778,-83.19138333,15,1,0,1,0,0,1,0
260559,MICHIGAN,MI,1,0,5,163,4815,AVERA,20,8,August,2010,6,Friday,19,12,1,12,1,1,42.18609167,-83.24331111,1,1,0,1,0,0,1,1
260560,MICHIGAN,MI,2,0,2,49,1731,COLLINSVILLE,31,8,August,2010,3,Tuesday,21,55,0,16,4,7,43.04593333,-83.77279444,12,3,0,10,0,0,1,0
260561,MICHIGAN,MI,2,0,2,75,0,BEAVERTON,1,9,September,2010,4,Wednesday,14,30,0,3,3,44,42.18591389,-84.63555000,12,1,0,1,0,0,1,0
260563,MICHIGAN,MI,1,0,5,157,0,ARCADE,4,9,September,2010,7,Saturday,1,30,0,4,4,27,43.36226667,-83.18933611,42,2,0,1,0,0,5,1
260564,MICHIGAN,MI,1,0,2,147,0,AUGUSTA,4,9,September,2010,7,Saturday,2,16,1,11,1,238,42.99039167,-82.46115833,1,2,0,1,0,0,1,1
260565,MICHIGAN,MI,1,0,2,47,0,BROWNS,4,9,September,2010,7,Saturday,12,42,0,4,4,1,45.44902500,-85.04621944,43,1,0,10,0,0,1,0
260567,MICHIGAN,MI,1,0,1,107,0,CARROLLTON,5,9,September,2010,1,Sunday,9,10,0,3,3,9,43.69170556,-85.24591667,38,1,0,1,0,0,1,0
260568,MICHIGAN,MI,1,0,1,143,0,CANEHILL,5,9,September,2010,1,Sunday,3,19,0,14,3,37,44.33003056,-84.78390556,33,2,0,1,0,0,1,1
260569,MICHIGAN,MI,2,0,2,21,0,CHILTON,3,9,September,2010,6,Friday,21,30,0,4,3,7,41.86502500,-86.26789722,12,2,0,1,0,0,1,0
260570,MICHIGAN,MI,2,0,5,17,0,CHAMBERS,6,9,September,2010,2,Monday,17,8,0,6,4,79,43.78216111,-84.00726944,12,1,0,1,0,0,1,0
260571,MICHIGAN,MI,1,1,1,163,4815,AVERA,7,9,September,2010,3,Tuesday,20,47,1,11,1,162,42.26568889,-83.24149444,8,3,0,10,0,0,1,0
260572,MICHIGAN,MI,2,0,2,17,0,CHAMBERS,1,9,September,2010,4,Wednesday,13,33,0,4,4,53,43.79680278,-84.06713333,12,1,0,10,0,0,1,0
260573,MICHIGAN,MI,1,0,1,157,0,ARCADE,7,9,September,2010,3,Tuesday,9,56,0,5,4,46,43.62870556,-83.25202778,59,1,0,1,0,0,1,0
260574,MICHIGAN,MI,1,0,4,99,2181,BEATRICE,5,9,September,2010,1,Sunday,1,52,1,11,1,123,42.60166389,-82.85636111,34,2,0,1,0,0,1,0
260575,MICHIGAN,MI,1,0,1,149,0,BELLEVILLE,6,9,September,2010,2,Monday,23,5,0,4,4,24,41.81024167,-85.71562500,42,2,0,1,0,0,1,1
260576,MICHIGAN,MI,2,0,3,139,1110,CALION,8,9,September,2010,4,Wednesday,16,30,0,4,6,56,43.07462222,-85.95690000,12,1,0,10,0,0,1,0
260577,MICHIGAN,MI,1,0,1,25,310,BARLOW BEND,10,9,September,2010,6,Friday,3,31,0,15,6,8,42.31790833,-85.19975556,42,3,0,1,0,0,1,1
260578,MICHIGAN,MI,1,0,2,125,2230,BROOKWOOD,12,9,September,2010,1,Sunday,2,8,1,11,1,15,42.46102222,-83.10585000,5,3,0,1,0,0,1,0
260579,MICHIGAN,MI,1,0,3,161,4426,DENTON,12,9,September,2010,1,Sunday,16,59,0,4,4,61,42.40388333,-83.60420833,42,1,0,1,0,0,1,0
260580,MICHIGAN,MI,2,0,6,93,0,BEAR CREEK,11,9,September,2010,7,Saturday,17,28,1,11,1,22,42.64767500,-84.10501944,12,1,0,2,0,0,1,0
260581,MICHIGAN,MI,1,1,1,81,5319,AUBURN,13,9,September,2010,2,Monday,8,35,1,13,3,103,42.91359722,-85.69545278,15,1,0,1,0,0,1,0
260582,MICHIGAN,MI,2,0,3,75,4648,BEAVERTON,13,9,September,2010,2,Monday,11,45,0,14,3,79,42.20114167,-84.56986111,12,1,0,1,0,0,1,1
260583,MICHIGAN,MI,2,0,3,145,0,BALD KNOB,5,9,September,2010,1,Sunday,8,48,0,14,4,169,43.48085000,-84.03347222,12,1,0,1,0,0,1,1
260584,MICHIGAN,MI,1,0,1,155,0,IRWIN,15,9,September,2010,4,Wednesday,0,33,0,3,3,75,42.88305556,-84.22176389,34,2,0,10,0,0,1,0
260585,MICHIGAN,MI,1,0,1,163,90,AVERA,13,9,September,2010,2,Monday,7,10,1,11,1,185,42.40545278,-82.95858056,1,4,0,1,0,0,1,0
260586,MICHIGAN,MI,1,0,1,107,0,CARROLLTON,16,9,September,2010,5,Thursday,3,5,0,4,3,113,43.61802778,-85.48397500,42,2,0,2,0,0,1,1
260587,MICHIGAN,MI,1,0,1,49,1730,COLLINSVILLE,15,9,September,2010,4,Wednesday,3,2,1,11,1,72,43.01926944,-83.68479167,25,3,0,1,0,0,1,0
260588,MICHIGAN,MI,1,0,1,81,0,AUBURN,17,9,September,2010,6,Friday,2,50,0,6,4,33,43.22656944,-85.60727222,42,2,0,1,0,0,1,0
260590,MICHIGAN,MI,1,0,1,135,0,ASH FLAT,19,9,September,2010,1,Sunday,14,12,0,3,3,80,44.64484167,-84.23138333,34,1,0,1,0,0,1,0
260591,MICHIGAN,MI,1,0,1,75,0,BEAVERTON,18,9,September,2010,7,Saturday,22,11,0,3,3,34,42.39985000,-84.60043333,59,2,0,10,0,0,1,1
260592,MICHIGAN,MI,1,1,4,115,0,ASHVILLE,19,9,September,2010,1,Sunday,20,38,1,11,1,178,41.96127778,-83.35258611,8,2,0,1,0,0,1,0
260593,MICHIGAN,MI,1,0,1,163,2820,AVERA,4,9,September,2010,7,Saturday,1,3,1,13,3,128,42.24971667,-83.17748889,58,3,0,1,0,0,1,1
260594,MICHIGAN,MI,1,0,1,21,0,CHILTON,19,9,September,2010,1,Sunday,23,15,0,6,4,20,42.21798333,-86.31099722,42,2,0,1,0,0,1,1
260595,MICHIGAN,MI,1,1,1,121,0,BON AIR,24,9,September,2010,6,Friday,2,25,0,3,4,51,43.31980833,-86.26164444,8,3,0,10,0,0,1,0
260596,MICHIGAN,MI,1,0,1,81,131,AUBURN,24,9,September,2010,6,Friday,14,40,0,4,4,22,43.07261944,-85.73425833,1,1,0,10,0,0,1,0
260597,MICHIGAN,MI,1,0,1,45,0,ARITON,25,9,September,2010,7,Saturday,1,12,0,3,3,40,42.75536389,-84.97075000,53,2,0,1,0,0,1,1
260598,MICHIGAN,MI,1,0,1,17,0,CHAMBERS,25,9,September,2010,7,Saturday,16,36,0,3,3,4,43.52739444,-83.88147222,34,1,0,10,0,0,1,1
260599,MICHIGAN,MI,1,0,1,161,0,DENTON,25,9,September,2010,7,Saturday,21,26,1,1,1,100,42.29794444,-83.93754167,23,2,0,1,0,0,1,0
260600,MICHIGAN,MI,1,0,1,121,0,BON AIR,27,9,September,2010,2,Monday,10,3,1,2,2,166,43.34649722,-86.24713889,1,1,0,1,0,0,1,0
260601,MICHIGAN,MI,1,0,1,53,0,ATMORE,28,9,September,2010,3,Tuesday,22,23,0,4,4,13,46.48905556,-90.08368611,35,2,0,1,0,0,1,1