ST_CASE,State Name,State Abbreviation,VE_TOTAL,Pedestrains,Total_Persons_in_accident,COUNTY,CITY,City_County_Name,Calendar_DAY,MONTH,Month_Name,YEAR,DAY_WEEK,Day_Week_desc,HOUR,MINUTE,NHS_Desc,trafficway,ROUTE,MILEPT,LATITUDE,LONGITUD,First_Crash_event,Light_cond_desc,Weather_condition,WEATHER,SCH_BUS,Crash_cause,FATALS,DRUNK_DR
260602,MICHIGAN,MI,2,0,3,149,0,BELLEVILLE,18,9,September,2010,7,Saturday,17,59,1,13,2,4,41.92705556,-85.65213889,12,1,0,10,0,0,1,1
260603,MICHIGAN,MI,2,0,3,163,4295,AVERA,19,9,September,2010,1,Sunday,12,57,1,11,1,115,42.24353056,-83.32409722,12,1,0,10,0,0,2,0
260604,MICHIGAN,MI,2,0,2,163,4295,AVERA,28,9,September,2010,3,Tuesday,5,48,1,11,1,91,42.21573333,-83.41001389,12,2,0,10,0,0,1,0
260605,MICHIGAN,MI,1,0,1,93,0,BEAR CREEK,26,9,September,2010,1,Sunday,2,50,0,16,4,1,42.78298333,-83.71634722,59,2,0,10,0,0,1,1
260606,MICHIGAN,MI,2,0,4,163,1920,AVERA,29,9,September,2010,4,Wednesday,14,10,0,13,6,118,42.34016389,-83.32485000,12,1,0,1,0,0,1,0
260607,MICHIGAN,MI,2,0,2,115,0,ASHVILLE,29,9,September,2010,4,Wednesday,18,40,0,14,4,4,41.73606667,-83.56715833,12,1,0,1,0,0,1,2
260608,MICHIGAN,MI,2,0,2,25,310,BARLOW BEND,29,9,September,2010,4,Wednesday,15,53,0,15,6,16,42.30472778,-85.21869167,12,1,0,1,0,0,1,1
260609,MICHIGAN,MI,1,0,1,3,0,BALDWIN,30,9,September,2010,5,Thursday,16,46,0,6,4,1,46.60355278,-86.21351944,42,1,0,10,0,0,1,1
260610,MICHIGAN,MI,2,0,2,75,2764,BEAVERTON,29,9,September,2010,4,Wednesday,13,15,0,16,4,12,42.25638056,-84.35578333,12,1,0,1,0,0,1,0
260611,MICHIGAN,MI,1,0,1,139,4807,CALION,30,9,September,2010,5,Thursday,22,14,0,15,4,3,42.95000833,-85.84595833,53,2,0,1,0,0,1,1
260612,MICHIGAN,MI,2,0,2,165,0,HERNDON,29,9,September,2010,4,Wednesday,10,15,0,13,3,121,44.28109444,-85.39660000,12,1,0,10,0,0,1,0
260613,MICHIGAN,MI,2,0,2,77,3727,ANDERSON,27,9,September,2010,2,Monday,16,20,0,6,4,5,42.30254722,-85.75605833,12,1,0,1,0,0,1,0
260614,MICHIGAN,MI,1,0,1,115,0,ASHVILLE,6,9,September,2010,2,Monday,6,23,0,6,4,7,42.02226389,-83.40665833,42,4,0,2,0,0,1,0
260615,MICHIGAN,MI,1,0,1,81,0,AUBURN,5,9,September,2010,1,Sunday,9,0,0,6,4,16,42.95095833,-85.39094444,35,1,0,1,0,0,1,0
260616,MICHIGAN,MI,2,0,2,81,0,AUBURN,8,9,September,2010,4,Wednesday,8,57,0,15,4,88,43.05693333,-85.55563333,12,1,0,10,0,0,1,0
260617,MICHIGAN,MI,1,0,1,149,0,BELLEVILLE,10,9,September,2010,6,Friday,23,55,0,4,4,44,41.96019167,-85.33190556,59,2,0,1,0,0,1,1
260618,MICHIGAN,MI,1,1,1,149,3625,BELLEVILLE,12,9,September,2010,1,Sunday,17,26,0,4,4,40,41.92627500,-85.44871111,9,1,0,1,0,0,1,0
260619,MICHIGAN,MI,1,0,3,121,0,BON AIR,13,9,September,2010,2,Monday,16,14,0,4,4,3,43.28295278,-85.90815000,34,1,0,1,0,0,1,0
260620,MICHIGAN,MI,1,0,2,49,1980,COLLINSVILLE,11,9,September,2010,7,Saturday,2,41,0,16,4,9,42.95956389,-83.57381389,34,2,0,10,0,0,1,1
260621,MICHIGAN,MI,2,0,2,15,0,ANNISTON,13,9,September,2010,2,Monday,20,30,0,3,3,54,42.67474444,-85.42728333,12,2,0,10,0,0,1,1
260622,MICHIGAN,MI,2,0,6,147,3080,AUGUSTA,13,9,September,2010,2,Monday,18,5,1,13,3,149,42.91382222,-82.49060833,12,1,0,1,0,0,1,0
260623,MICHIGAN,MI,1,0,1,163,4766,AVERA,15,9,September,2010,4,Wednesday,20,12,0,15,4,31,42.16051667,-83.48104167,18,2,0,1,0,0,1,0
260624,MICHIGAN,MI,1,2,1,59,3381,FRANKLIN,18,9,September,2010,7,Saturday,21,6,0,4,4,49,42.01314444,-84.52623333,8,2,0,1,0,0,1,0
260625,MICHIGAN,MI,2,0,4,163,1260,AVERA,19,9,September,2010,1,Sunday,23,10,1,13,3,63,42.41384167,-82.99164444,12,3,0,10,0,0,1,1
260626,MICHIGAN,MI,2,0,3,99,0,BEATRICE,19,9,September,2010,1,Sunday,16,44,0,4,4,135,42.82090278,-82.88360556,12,1,0,1,0,0,1,0
260627,MICHIGAN,MI,2,0,2,163,1260,AVERA,22,9,September,2010,4,Wednesday,16,40,1,13,2,173,42.43874444,-83.27884444,12,1,0,10,0,0,1,0
260628,MICHIGAN,MI,1,0,2,51,0,CENTRAL,25,10,October,2010,2,Monday,14,5,0,6,4,23,44.09447500,-84.34882222,34,1,0,10,0,0,1,1
260629,MICHIGAN,MI,1,0,2,129,0,BIGBEE,11,7,July,2010,1,Sunday,15,15,0,16,4,7,44.20781389,-84.05515278,42,1,0,10,0,0,1,0
260630,MICHIGAN,MI,2,0,2,145,0,BALD KNOB,31,7,July,2010,7,Saturday,10,50,0,4,4,43,43.18963333,-84.05068333,12,1,0,2,0,0,1,0
260631,MICHIGAN,MI,1,1,1,163,1260,AVERA,11,8,August,2010,4,Wednesday,13,58,1,11,1,1,42.40803056,-83.08056389,9,1,0,1,0,0,1,0
260632,MICHIGAN,MI,2,0,2,149,0,BELLEVILLE,13,9,September,2010,2,Monday,18,50,0,3,3,112,42.00715556,-85.43367222,12,1,0,1,0,0,1,2
260633,MICHIGAN,MI,2,0,2,147,0,AUGUSTA,28,9,September,2010,3,Tuesday,14,29,1,11,1,240,42.99041389,-82.45610833,12,1,0,2,0,0,1,0
260634,MICHIGAN,MI,2,0,5,81,2553,AUBURN,2,10,October,2010,7,Saturday,1,19,1,13,3,60,42.88362222,-85.56511111,12,3,0,2,0,0,1,0
260636,MICHIGAN,MI,1,1,1,155,0,IRWIN,2,10,October,2010,7,Saturday,19,26,0,4,3,44,42.81466111,-84.28318889,9,5,0,2,0,0,1,0
260637,MICHIGAN,MI,1,0,4,115,0,ASHVILLE,2,10,October,2010,7,Saturday,0,14,0,15,4,10,41.95210278,-83.28094167,34,2,0,10,0,0,1,1
260638,MICHIGAN,MI,1,0,1,77,4030,ANDERSON,4,10,October,2010,2,Monday,6,53,1,13,6,22,42.23674444,-85.58952500,20,3,0,1,0,0,1,0
260639,MICHIGAN,MI,1,0,2,5,0,BAKER HILL,29,9,September,2010,4,Wednesday,22,7,0,6,4,45,42.60797778,-86.16301389,42,2,0,1,0,0,1,0
260640,MICHIGAN,MI,1,0,2,7,0,BIBB,4,10,October,2010,2,Monday,6,50,0,6,4,14,45.09061944,-83.50921389,35,4,0,1,0,0,1,1
260641,MICHIGAN,MI,2,0,3,125,0,BROOKWOOD,3,10,October,2010,1,Sunday,11,40,0,15,4,22,42.49418333,-83.61452500,12,1,0,10,0,0,1,0
260642,MICHIGAN,MI,2,0,4,117,0,BIRMINGHAM,4,10,October,2010,2,Monday,14,55,0,6,3,65,43.43138333,-85.28325000,12,1,0,1,0,0,1,0
260643,MICHIGAN,MI,2,0,4,117,0,BIRMINGHAM,4,10,October,2010,2,Monday,10,55,1,2,3,324,43.39574722,-85.56256389,12,1,0,1,0,0,2,0
260644,MICHIGAN,MI,2,0,2,21,4564,CHILTON,4,10,October,2010,2,Monday,20,28,0,3,4,29,42.04975000,-86.36996944,12,2,0,1,0,0,1,1
260645,MICHIGAN,MI,1,0,2,145,546,BALD KNOB,5,10,October,2010,3,Tuesday,20,30,0,4,4,75,43.25915556,-84.22125000,11,2,0,1,0,0,1,1
260646,MICHIGAN,MI,2,0,3,33,0,CHEROKEE,6,10,October,2010,4,Wednesday,12,50,1,2,3,108,46.34559167,-85.03088611,12,1,0,1,0,0,1,0
260647,MICHIGAN,MI,1,0,1,115,0,ASHVILLE,6,10,October,2010,4,Wednesday,18,36,0,4,4,25,41.99479444,-83.67332778,34,5,0,1,0,0,1,1
260648,MICHIGAN,MI,1,1,1,81,2010,AUBURN,7,10,October,2010,5,Thursday,14,50,0,15,6,1,42.98440278,-85.62025833,8,1,0,1,0,0,1,0
260649,MICHIGAN,MI,1,1,1,99,2933,BEATRICE,7,10,October,2010,5,Thursday,2,47,0,14,4,68,42.64347500,-82.90634167,8,2,0,10,0,0,1,0
260650,MICHIGAN,MI,1,0,1,67,0,ABBEVILLE,8,10,October,2010,6,Friday,17,48,0,6,4,17,42.89293333,-84.91132778,34,1,0,1,0,0,1,1
260651,MICHIGAN,MI,1,0,4,83,0,ARDMORE,9,10,October,2010,7,Saturday,13,15,0,3,2,148,47.42894444,-87.98350556,24,1,0,1,0,0,1,0
260652,MICHIGAN,MI,1,0,1,145,0,BALD KNOB,10,10,October,2010,1,Sunday,10,0,0,6,4,25,43.23446667,-84.00128333,42,1,0,1,0,0,1,0
260653,MICHIGAN,MI,2,0,4,35,0,BROOKLYN,9,10,October,2010,7,Saturday,17,20,0,3,3,4,44.04461667,-85.07453333,12,1,0,1,0,0,1,1
260654,MICHIGAN,MI,2,0,4,163,4815,AVERA,27,10,October,2010,4,Wednesday,14,20,0,13,6,154,42.25611389,-83.24660278,12,1,0,1,0,0,2,0
260655,MICHIGAN,MI,2,0,9,93,0,BEAR CREEK,10,10,October,2010,1,Sunday,15,29,1,12,2,43,42.48864167,-83.75713611,12,1,0,1,0,0,5,0
260656,MICHIGAN,MI,2,0,3,163,0,AVERA,6,10,October,2010,4,Wednesday,3,43,1,13,3,16,42.09939722,-83.22511667,12,2,0,1,0,0,1,1
260657,MICHIGAN,MI,1,0,1,41,0,BRANTLEY,10,10,October,2010,1,Sunday,21,20,0,4,4,95,45.73611944,-87.30481944,11,2,0,1,0,0,1,0
260658,MICHIGAN,MI,1,1,1,161,0,DENTON,11,10,October,2010,2,Monday,11,42,1,13,3,42,42.25163611,-83.66863889,8,1,0,1,0,0,1,0
260659,MICHIGAN,MI,1,0,2,65,0,CYPRESS,1,10,October,2010,6,Friday,18,30,0,6,4,1,42.59656667,-84.50327500,42,1,0,10,0,0,1,1
260660,MICHIGAN,MI,2,0,4,45,0,ARITON,23,4,April,2010,6,Friday,23,21,0,3,3,143,42.62596111,-84.86440556,12,2,0,1,0,0,1,1
260661,MICHIGAN,MI,1,0,1,163,1260,AVERA,17,5,May,2010,2,Monday,1,40,1,11,1,1,42.38516944,-83.15668611,30,3,0,10,0,0,1,1
260662,MICHIGAN,MI,1,1,2,163,1260,AVERA,1,6,June,2010,3,Tuesday,22,41,0,14,6,30,42.42603056,-83.05164167,8,3,0,1,0,0,1,0
260663,MICHIGAN,MI,1,1,1,163,1260,AVERA,21,7,July,2010,4,Wednesday,22,15,1,13,3,36,42.39444722,-83.20286389,8,3,0,1,0,0,1,0
260664,MICHIGAN,MI,2,0,5,163,1260,AVERA,22,7,July,2010,5,Thursday,18,45,0,14,6,2,42.33024167,-83.15379444,12,1,0,2,0,0,1,0
260665,MICHIGAN,MI,2,1,1,163,1260,AVERA,3,8,August,2010,3,Tuesday,13,25,1,13,2,45,42.33120556,-83.10601111,18,1,0,1,0,0,1,0
260666,MICHIGAN,MI,1,0,1,15,2220,ANNISTON,28,8,August,2010,7,Saturday,17,44,0,14,3,9,42.64857222,-85.30777500,35,1,0,1,0,0,1,0
260668,MICHIGAN,MI,2,0,3,85,0,BENTON,14,8,August,2010,7,Saturday,10,30,0,4,4,20,43.95976944,-85.65246111,12,1,0,10,0,0,1,0
260669,MICHIGAN,MI,2,0,2,163,1260,AVERA,26,9,September,2010,1,Sunday,3,45,1,13,6,50,42.38478889,-82.99053056,12,3,0,1,0,0,1,0
260670,MICHIGAN,MI,1,0,1,143,0,CANEHILL,23,9,September,2010,5,Thursday,11,55,0,4,4,13,44.17532222,-84.37237778,42,1,0,10,0,0,1,0
260671,MICHIGAN,MI,2,0,3,59,0,FRANKLIN,12,10,October,2010,3,Tuesday,8,18,0,5,4,27,41.93763889,-84.45938611,12,1,0,1,0,0,1,0
260672,MICHIGAN,MI,1,0,1,159,0,FARRAR,11,10,October,2010,2,Monday,18,0,1,1,1,118,42.19116111,-85.99342222,57,1,0,1,0,0,1,0
260673,MICHIGAN,MI,1,0,3,163,1260,AVERA,29,8,August,2010,1,Sunday,5,40,0,14,6,127,42.38693611,-83.20360833,42,4,0,1,0,0,1,0
260674,MICHIGAN,MI,2,0,2,45,4100,ARITON,17,9,September,2010,6,Friday,22,41,0,14,6,65,42.62310556,-84.74013056,12,2,0,1,0,0,1,0
260675,MICHIGAN,MI,1,1,1,49,1730,COLLINSVILLE,11,10,October,2010,2,Monday,19,24,0,14,6,1,43.00743611,-83.70744167,8,5,0,10,0,0,1,0
260676,MICHIGAN,MI,1,0,3,65,0,CYPRESS,13,10,October,2010,4,Wednesday,1,30,0,4,4,43,42.56581111,-84.29831667,59,2,0,1,0,0,1,1
260677,MICHIGAN,MI,2,0,4,139,0,CALION,13,10,October,2010,4,Wednesday,12,19,0,16,4,5,42.85538611,-86.19798611,12,1,0,10,0,0,1,0
260678,MICHIGAN,MI,1,1,2,125,4251,BROOKWOOD,13,10,October,2010,4,Wednesday,19,9,0,14,6,58,42.63485000,-83.17753889,8,2,0,2,0,0,1,0
260679,MICHIGAN,MI,1,0,5,11,0,BULLOCK,16,10,October,2010,7,Saturday,8,42,1,11,1,129,44.07950833,-84.09786389,1,1,0,1,0,0,2,0
260680,MICHIGAN,MI,1,0,1,125,2935,BROOKWOOD,16,10,October,2010,7,Saturday,17,57,0,16,6,1,42.49964167,-83.09498889,33,1,0,1,0,0,1,1
260681,MICHIGAN,MI,1,0,1,75,5283,BEAVERTON,17,10,October,2010,1,Sunday,11,48,0,4,4,46,42.34424167,-84.14137500,59,1,0,1,0,0,1,0
260682,MICHIGAN,MI,1,1,1,125,0,BROOKWOOD,17,10,October,2010,1,Sunday,20,5,0,15,4,7,42.72252500,-83.48057500,8,2,0,1,0,0,1,0
260683,MICHIGAN,MI,2,0,6,115,0,ASHVILLE,3,10,October,2010,1,Sunday,14,40,1,2,2,39,41.79803056,-83.69136111,12,1,0,1,0,0,1,0
260684,MICHIGAN,MI,2,0,2,67,0,ABBEVILLE,17,10,October,2010,1,Sunday,13,54,0,3,3,51,43.08773056,-85.21237500,12,1,0,1,0,0,1,0
260685,MICHIGAN,MI,1,1,1,115,0,ASHVILLE,17,10,October,2010,1,Sunday,1,12,0,14,3,188,41.97230833,-83.37345833,9,2,0,1,0,0,1,0
260686,MICHIGAN,MI,2,0,3,81,0,AUBURN,10,10,October,2010,1,Sunday,14,5,0,15,4,47,43.00571944,-85.54722500,12,1,0,1,0,0,1,0
260687,MICHIGAN,MI,1,1,1,125,4020,BROOKWOOD,12,10,October,2010,3,Tuesday,5,46,0,16,6,7,42.67721389,-83.29006389,9,2,0,10,0,0,1,0
260688,MICHIGAN,MI,2,0,3,117,0,BIRMINGHAM,19,10,October,2010,3,Tuesday,8,15,0,6,4,40,43.35028611,-85.02443611,12,1,0,1,0,0,2,0
260689,MICHIGAN,MI,1,0,1,161,0,DENTON,14,10,October,2010,5,Thursday,16,36,0,4,4,68,42.39186944,-83.95531111,1,1,0,10,0,0,1,1
260690,MICHIGAN,MI,1,0,1,71,4680,BRIDGEPORT,15,10,October,2010,6,Friday,21,15,0,3,3,21,46.01185000,-88.63711667,34,2,0,1,0,0,1,1
260691,MICHIGAN,MI,1,0,1,157,4915,ARCADE,19,10,October,2010,3,Tuesday,13,45,0,4,4,46,43.39238056,-83.67987500,34,1,0,1,0,0,1,1
260692,MICHIGAN,MI,1,0,3,93,0,BEAR CREEK,21,10,October,2010,5,Thursday,2,36,1,11,1,220,42.53446389,-83.76840278,24,2,0,1,0,0,1,1
260693,MICHIGAN,MI,1,0,2,87,0,ARMSTRONG,21,10,October,2010,5,Thursday,12,12,0,4,4,95,43.05940000,-83.27212500,24,1,0,10,0,0,1,0
260694,MICHIGAN,MI,1,0,1,45,0,ARITON,23,10,October,2010,7,Saturday,7,59,0,6,4,14,42.62897778,-84.70124167,59,2,0,10,0,0,1,1
260695,MICHIGAN,MI,3,0,3,21,0,CHILTON,23,10,October,2010,7,Saturday,20,12,0,13,4,11,42.08718333,-86.46559167,12,3,0,1,0,0,1,2
260696,MICHIGAN,MI,1,0,1,41,1940,BRANTLEY,23,10,October,2010,7,Saturday,23,22,0,15,6,1,45.84195000,-87.04800556,59,2,0,2,0,0,1,1
260697,MICHIGAN,MI,2,0,2,147,0,AUGUSTA,20,10,October,2010,4,Wednesday,16,55,0,4,4,49,43.12826944,-82.86266389,12,1,0,10,0,0,1,0
260698,MICHIGAN,MI,2,0,2,77,2520,ANDERSON,19,10,October,2010,3,Tuesday,22,9,1,13,3,55,42.28408333,-85.58957500,12,3,0,10,0,0,1,0
260699,MICHIGAN,MI,2,0,3,91,2390,DAYTON,20,10,October,2010,4,Wednesday,16,36,1,2,2,102,41.85501944,-84.36181944,12,1,0,10,0,0,2,0
260700,MICHIGAN,MI,2,0,2,163,1260,AVERA,22,10,October,2010,6,Friday,14,30,1,12,3,139,42.42241111,-83.21895833,54,1,0,1,0,0,1,0
260701,MICHIGAN,MI,1,1,1,125,0,BROOKWOOD,23,10,October,2010,7,Saturday,17,14,1,11,1,56,42.50475556,-83.56653889,8,1,0,1,0,0,1,0
260702,MICHIGAN,MI,5,0,7,161,0,DENTON,26,10,October,2010,3,Tuesday,16,39,0,14,3,12,42.23493333,-83.58266667,12,1,0,1,0,0,1,1
260703,MICHIGAN,MI,2,0,4,49,1931,COLLINSVILLE,27,10,October,2010,4,Wednesday,17,57,0,15,4,85,43.08443333,-83.59730000,12,1,0,10,0,0,3,0
260704,MICHIGAN,MI,1,0,4,17,0,CHAMBERS,31,10,October,2010,1,Sunday,1,30,0,6,4,43,43.77450000,-83.93787500,1,2,0,1,0,0,1,1
260705,MICHIGAN,MI,1,0,1,147,0,AUGUSTA,3,10,October,2010,1,Sunday,4,36,0,3,4,67,42.98059444,-82.92861667,1,2,0,10,0,0,1,0
260706,MICHIGAN,MI,1,0,2,53,0,ATMORE,29,10,October,2010,6,Friday,1,45,1,2,3,252,46.54888611,-89.74503056,1,2,0,1,0,0,1,1
260707,MICHIGAN,MI,1,0,1,81,5319,AUBURN,31,10,October,2010,1,Sunday,2,52,1,12,2,3,42.87087222,-85.68082500,52,2,0,1,0,0,1,1
260708,MICHIGAN,MI,1,0,1,161,0,DENTON,25,10,October,2010,2,Monday,5,42,0,15,4,6,42.30354722,-83.65367222,34,2,0,1,0,0,1,0
260709,MICHIGAN,MI,1,0,2,121,0,BON AIR,29,10,October,2010,6,Friday,16,38,1,2,2,148,43.32279444,-86.23751389,1,1,0,1,0,0,1,1
260710,MICHIGAN,MI,4,0,6,17,0,CHAMBERS,26,10,October,2010,3,Tuesday,12,53,1,13,3,27,43.59420278,-83.83712500,12,1,0,2,0,0,2,0
260711,MICHIGAN,MI,1,0,1,59,0,FRANKLIN,1,10,October,2010,6,Friday,14,6,0,4,4,26,41.95621111,-84.53249444,42,1,0,1,0,0,1,0
260712,MICHIGAN,MI,1,0,2,159,0,FARRAR,7,10,October,2010,5,Thursday,0,0,0,6,4,6,42.32471667,-85.86796389,1,2,0,1,0,0,1,1
260713,MICHIGAN,MI,2,0,1,163,1260,AVERA,8,10,October,2010,6,Friday,20,20,0,16,6,1,42.33297778,-83.22892500,14,2,0,1,0,0,1,0
260714,MICHIGAN,MI,2,0,4,41,1590,BRANTLEY,25,10,October,2010,2,Monday,14,19,1,13,2,181,45.75213611,-87.07786667,12,1,0,10,0,0,1,0
260715,MICHIGAN,MI,1,0,2,107,0,CARROLLTON,13,10,October,2010,4,Wednesday,20,55,0,6,4,12,43.64862778,-85.44909722,42,2,0,1,0,0,1,0
260717,MICHIGAN,MI,1,0,1,93,2114,BEAR CREEK,30,10,October,2010,7,Saturday,18,22,0,16,4,1,42.43746944,-83.88313611,1,1,0,1,0,0,1,0
260718,MICHIGAN,MI,1,0,2,111,0,GRAHAM,1,11,November,2010,2,Monday,19,19,0,14,4,156,43.66121389,-84.33411111,34,2,0,1,0,0,2,0
260719,MICHIGAN,MI,1,0,1,25,0,BARLOW BEND,7,11,November,2010,1,Sunday,3,0,0,4,4,49,42.21621111,-85.08014167,42,2,0,1,0,0,1,1
260720,MICHIGAN,MI,1,0,1,139,0,CALION,9,11,November,2010,3,Tuesday,16,54,0,4,4,33,43.05926944,-86.13193333,24,1,0,1,0,0,1,0
260722,MICHIGAN,MI,1,0,1,75,4242,BEAVERTON,10,11,November,2010,4,Wednesday,18,52,0,5,4,51,42.41208333,-84.38421111,42,2,0,1,0,0,1,0
260723,MICHIGAN,MI,1,0,1,127,0,BURNWELL,11,11,November,2010,5,Thursday,19,19,1,2,2,181,43.71242778,-86.39513889,1,2,0,10,0,0,1,0
260724,MICHIGAN,MI,1,0,1,49,1931,COLLINSVILLE,11,11,November,2010,5,Thursday,14,36,0,15,4,55,43.12103056,-83.59079722,19,1,0,1,0,0,1,0
260725,MICHIGAN,MI,1,0,1,145,0,BALD KNOB,12,11,November,2010,6,Friday,11,36,0,4,4,14,43.55217500,-84.15591111,59,1,0,10,0,0,1,0
260726,MICHIGAN,MI,1,0,1,35,0,BROOKLYN,16,11,November,2010,3,Tuesday,17,48,1,2,2,69,43.88243333,-84.79301667,1,2,0,1,0,0,1,0
260727,MICHIGAN,MI,1,0,1,27,0,ASHLAND,18,11,November,2010,5,Thursday,16,54,0,16,4,28,41.78195000,-86.08382500,42,1,0,1,0,0,1,0
260728,MICHIGAN,MI,1,0,1,161,0,DENTON,19,11,November,2010,6,Friday,6,25,1,1,1,113,42.29722222,-83.91413333,35,2,0,1,0,0,1,0
260729,MICHIGAN,MI,1,0,1,149,0,BELLEVILLE,21,11,November,2010,1,Sunday,6,55,0,6,6,51,41.83382222,-85.38916389,42,2,0,10,0,0,1,0
260730,MICHIGAN,MI,1,1,1,75,0,BEAVERTON,24,11,November,2010,4,Wednesday,11,8,0,4,4,44,42.26771111,-84.62475556,9,1,0,10,0,0,1,0
260731,MICHIGAN,MI,2,0,2,99,4731,BEATRICE,4,9,September,2010,7,Saturday,0,48,0,14,6,12,42.55576111,-82.97406111,12,2,0,1,0,0,1,1
260732,MICHIGAN,MI,2,0,1,49,0,COLLINSVILLE,7,9,September,2010,3,Tuesday,8,15,0,4,4,24,43.11780000,-83.88073333,12,1,0,1,0,0,1,0
260733,MICHIGAN,MI,1,1,1,125,2230,BROOKWOOD,12,9,September,2010,1,Sunday,2,8,1,11,1,13,42.46104167,-83.10586389,8,3,0,1,0,0,1,0
260734,MICHIGAN,MI,2,0,4,11,0,BULLOCK,23,9,September,2010,5,Thursday,11,4,1,2,2,13,43.99401111,-83.95000833,12,1,0,10,0,0,1,1
260735,MICHIGAN,MI,1,0,1,25,310,BARLOW BEND,28,11,November,2010,1,Sunday,19,14,0,16,6,9,42.32698056,-85.15312500,42,3,0,1,0,0,1,1
260736,MICHIGAN,MI,1,0,1,67,0,ABBEVILLE,30,11,November,2010,3,Tuesday,11,43,0,4,4,16,42.90253056,-85.04429722,1,1,0,1,0,0,1,0
260737,MICHIGAN,MI,1,0,1,87,0,ARMSTRONG,30,11,November,2010,3,Tuesday,10,57,0,4,4,45,42.95474722,-83.37228333,42,1,0,2,0,0,1,0
260740,MICHIGAN,MI,1,0,2,99,0,BEATRICE,14,11,November,2010,1,Sunday,4,13,0,3,4,5,42.85661111,-82.94453611,42,3,0,1,0,0,1,1
260741,MICHIGAN,MI,1,1,1,157,760,ARCADE,29,10,October,2010,6,Friday,10,27,0,14,3,164,43.49033056,-83.39462222,8,1,0,1,0,0,1,0
260742,MICHIGAN,MI,1,0,1,9,0,BLOUNT,6,11,November,2010,7,Saturday,18,46,0,3,3,76,44.92619444,-85.19323611,42,5,0,10,0,0,1,1
260743,MICHIGAN,MI,1,0,1,163,1260,AVERA,17,11,November,2010,4,Wednesday,9,32,1,12,3,99,42.36497778,-83.21635833,25,1,0,1,0,0,1,0
260744,MICHIGAN,MI,2,0,2,139,0,CALION,23,10,October,2010,7,Saturday,2,50,0,14,4,47,42.82663333,-86.11756389,12,3,0,10,0,0,1,1
260745,MICHIGAN,MI,1,0,1,21,0,CHILTON,31,10,October,2010,1,Sunday,19,26,0,5,4,30,41.92096111,-86.53939167,34,2,0,1,0,0,1,0
260746,MICHIGAN,MI,1,1,0,61,2340,BELLWOOD,3,10,October,2010,1,Sunday,10,33,0,13,3,49,47.12050833,-88.58114444,8,1,0,1,0,0,1,0
260747,MICHIGAN,MI,2,0,2,125,0,BROOKWOOD,29,10,October,2010,6,Friday,16,45,1,13,3,2,42.60288333,-83.29023333,12,1,0,1,0,0,1,0
260748,MICHIGAN,MI,3,0,3,161,0,DENTON,31,10,October,2010,1,Sunday,6,31,0,13,3,16,42.32467778,-83.62613333,12,2,0,10,0,0,1,1
260749,MICHIGAN,MI,1,0,4,159,0,FARRAR,8,10,October,2010,6,Friday,18,0,0,4,4,24,42.34558889,-86.25340556,34,5,0,1,0,0,1,0
260750,MICHIGAN,MI,1,1,1,161,0,DENTON,3,11,November,2010,4,Wednesday,19,23,0,13,4,116,42.25266111,-83.68071389,8,2,0,1,0,0,1,0
260751,MICHIGAN,MI,2,0,5,115,0,ASHVILLE,5,11,November,2010,6,Friday,6,36,0,13,3,185,41.96534722,-83.38576389,12,2,0,1,0,0,1,0
260752,MICHIGAN,MI,2,0,3,161,4426,DENTON,20,10,October,2010,4,Wednesday,14,35,0,3,4,271,42.37394722,-83.56846111,12,1,0,1,0,0,1,0
260753,MICHIGAN,MI,2,0,4,75,4648,BEAVERTON,5,11,November,2010,6,Friday,8,34,0,14,3,94,42.20795833,-84.54199444,12,1,0,10,0,0,1,0
260755,MICHIGAN,MI,1,0,1,29,0,BORDEN SPRINGS,28,10,October,2010,5,Thursday,18,12,0,6,4,3,45.31387500,-85.28795833,1,5,0,2,0,0,1,1
260756,MICHIGAN,MI,2,0,2,145,0,BALD KNOB,21,10,October,2010,5,Thursday,9,54,1,13,3,42,43.43681111,-84.02813611,12,1,0,10,0,0,1,1
260757,MICHIGAN,MI,2,0,3,117,0,BIRMINGHAM,4,10,October,2010,2,Monday,11,12,0,6,4,1,43.36668056,-85.56268889,12,1,0,1,0,0,2,0
260758,MICHIGAN,MI,2,0,5,157,5010,ARCADE,5,11,November,2010,6,Friday,16,24,0,6,4,17,43.32263056,-83.52106389,12,1,0,10,0,0,1,0
260759,MICHIGAN,MI,1,1,1,125,5166,BROOKWOOD,8,11,November,2010,2,Monday,4,20,1,13,4,52,42.53119722,-83.36015556,8,2,0,1,0,0,1,0
260760,MICHIGAN,MI,2,0,3,81,2010,AUBURN,13,10,October,2010,4,Wednesday,13,34,0,14,3,59,42.94162778,-85.68269444,12,1,0,10,0,0,1,1
260761,MICHIGAN,MI,2,0,2,147,926,AUGUSTA,2,11,November,2010,3,Tuesday,11,55,0,4,4,34,42.75789444,-82.51166389,12,1,0,10,0,0,1,0