ST_CASE,State Name,State Abbreviation,VE_TOTAL,Pedestrains,Total_Persons_in_accident,COUNTY,CITY,City_County_Name,Calendar_DAY,MONTH,Month_Name,YEAR,DAY_WEEK,Day_Week_desc,HOUR,MINUTE,NHS_Desc,trafficway,ROUTE,MILEPT,LATITUDE,LONGITUD,First_Crash_event,Light_cond_desc,Weather_condition,WEATHER,SCH_BUS,Crash_cause,FATALS,DRUNK_DR
260762,MICHIGAN,MI,2,0,3,165,0,HERNDON,24,11,November,2010,4,Wednesday,8,5,0,4,4,101,44.28118056,-85.43683889,12,1,0,10,0,0,2,0
260763,MICHIGAN,MI,2,0,2,125,3641,BROOKWOOD,8,11,November,2010,2,Monday,18,25,1,11,1,9,42.47450278,-83.18457222,54,3,0,1,0,0,1,0
260764,MICHIGAN,MI,2,0,4,65,2700,CYPRESS,10,11,November,2010,4,Wednesday,18,14,0,13,3,41,42.70238611,-84.56743889,12,5,0,1,0,0,1,0
260765,MICHIGAN,MI,1,0,2,97,0,AXIS,3,7,July,2010,7,Saturday,13,51,0,3,4,89,46.21868333,-85.32128333,42,1,0,1,0,0,1,0
260766,MICHIGAN,MI,1,0,2,125,1652,BROOKWOOD,9,10,October,2010,7,Saturday,19,8,0,14,6,8,42.45255833,-83.37588056,33,3,0,1,0,0,1,0
260767,MICHIGAN,MI,2,0,2,121,3615,BON AIR,25,10,October,2010,2,Monday,16,4,1,13,2,32,43.19069167,-86.26006667,12,1,0,1,0,0,1,0
260768,MICHIGAN,MI,1,0,2,143,0,CANEHILL,13,11,November,2010,7,Saturday,15,20,1,1,1,156,44.41110000,-84.60142222,1,1,0,10,0,0,1,0
260769,MICHIGAN,MI,2,0,5,139,0,CALION,12,11,November,2010,6,Friday,18,52,0,4,4,72,42.87335278,-86.07989722,12,2,0,1,0,0,1,0
260770,MICHIGAN,MI,2,0,2,79,0,COURTLAND,10,11,November,2010,4,Wednesday,9,49,0,4,4,1,44.77996944,-85.29587778,12,1,0,1,0,0,1,0
260771,MICHIGAN,MI,1,1,1,163,5176,AVERA,8,11,November,2010,2,Monday,18,13,1,13,6,51,42.28998611,-83.34898611,8,3,0,10,0,0,1,1
260772,MICHIGAN,MI,1,1,1,125,2300,BROOKWOOD,9,11,November,2010,3,Tuesday,19,53,0,14,6,31,42.80634722,-83.62841667,8,3,0,1,0,0,1,0
260773,MICHIGAN,MI,1,1,1,163,738,AVERA,9,11,November,2010,3,Tuesday,21,59,1,13,2,121,42.36353889,-83.27572222,8,3,0,1,0,0,1,0
260774,MICHIGAN,MI,1,1,1,141,4280,BEE BRANCH,12,11,November,2010,6,Friday,20,31,1,2,2,259,45.41050278,-83.82531944,8,2,0,1,0,0,1,0
260775,MICHIGAN,MI,2,0,2,163,1260,AVERA,11,11,November,2010,5,Thursday,0,35,1,12,3,110,42.33865833,-83.06614722,12,3,0,10,0,0,1,1
260776,MICHIGAN,MI,1,2,1,75,2500,BEAVERTON,12,11,November,2010,6,Friday,18,37,1,13,3,2,42.24815556,-84.40070833,8,3,0,1,0,0,1,0
260777,MICHIGAN,MI,1,1,1,139,0,CALION,15,11,November,2010,2,Monday,22,49,1,13,2,42,42.82658056,-86.09404722,9,2,0,10,0,0,1,0
260778,MICHIGAN,MI,2,0,2,115,0,ASHVILLE,12,11,November,2010,6,Friday,14,24,0,14,4,6,41.96376667,-83.36335556,12,1,0,1,0,0,1,0
260779,MICHIGAN,MI,1,0,1,95,0,ALBERTVILLE,19,11,November,2010,6,Friday,8,35,1,2,3,21,46.27530833,-85.57195278,42,1,0,4,0,0,1,0
260780,MICHIGAN,MI,1,1,1,149,4760,BELLEVILLE,8,11,November,2010,2,Monday,2,30,0,14,3,14,41.77896111,-85.42829167,8,2,0,1,0,0,1,0
260781,MICHIGAN,MI,1,1,2,99,1009,BEATRICE,18,11,November,2010,5,Thursday,17,51,1,13,3,77,42.55063056,-82.90201667,8,2,0,10,0,0,1,0
260782,MICHIGAN,MI,2,0,5,91,0,DAYTON,19,11,November,2010,6,Friday,18,27,0,4,4,30,41.77066389,-84.07872222,12,2,0,1,0,0,2,0
260783,MICHIGAN,MI,2,1,2,49,0,COLLINSVILLE,20,11,November,2010,7,Saturday,19,33,0,13,4,28,43.06050833,-83.76817778,8,3,0,10,0,0,1,0
260784,MICHIGAN,MI,2,0,5,81,0,AUBURN,21,11,November,2010,1,Sunday,17,23,0,14,3,147,42.92905833,-85.43114722,11,5,0,10,0,0,1,0
260785,MICHIGAN,MI,2,0,1,73,0,ARGO,20,11,November,2010,7,Saturday,20,53,0,14,4,47,43.63496389,-84.74819444,14,2,0,1,0,0,1,1
260786,MICHIGAN,MI,2,0,2,91,3817,DAYTON,23,11,November,2010,3,Tuesday,3,45,0,3,4,26,41.88801667,-83.99240556,12,2,0,2,0,0,1,0
260787,MICHIGAN,MI,1,1,1,159,0,FARRAR,22,11,November,2010,2,Monday,7,27,0,3,3,194,42.32484444,-85.87883056,15,2,0,2,0,0,1,0
260788,MICHIGAN,MI,2,0,5,73,0,ARGO,23,11,November,2010,3,Tuesday,17,38,0,14,4,5,43.57537778,-84.75761389,12,3,0,10,0,0,1,0
260789,MICHIGAN,MI,1,1,3,123,0,ALEXANDER CITY,25,11,November,2010,5,Thursday,18,4,0,3,3,20,43.44793333,-85.78165833,8,2,0,2,0,0,1,0
260790,MICHIGAN,MI,2,0,3,115,0,ASHVILLE,26,11,November,2010,6,Friday,7,52,0,6,4,64,41.82221667,-83.60880556,12,1,0,1,0,0,1,0
260791,MICHIGAN,MI,2,0,3,81,0,AUBURN,27,11,November,2010,7,Saturday,18,18,0,3,3,174,43.21197222,-85.75103889,12,3,0,10,0,0,2,1
260792,MICHIGAN,MI,3,0,3,163,2850,AVERA,29,11,November,2010,2,Monday,14,53,0,13,6,61,42.43885000,-83.37550278,12,1,0,1,0,0,1,0
260793,MICHIGAN,MI,1,1,1,77,4030,ANDERSON,11,11,November,2010,5,Thursday,9,50,0,13,6,98,42.20098889,-85.57905833,15,1,0,1,0,0,1,0
260794,MICHIGAN,MI,4,0,4,163,1210,AVERA,28,11,November,2010,1,Sunday,4,46,0,16,6,3,42.34741111,-83.18673333,12,3,0,1,0,0,1,0
260795,MICHIGAN,MI,2,0,2,87,0,ARMSTRONG,28,11,November,2010,1,Sunday,8,55,0,6,4,22,43.10352778,-83.02751111,12,1,0,10,0,0,1,1
260796,MICHIGAN,MI,1,0,1,81,0,AUBURN,5,11,November,2010,6,Friday,3,37,1,12,2,202,43.05205000,-85.66288889,11,2,0,10,0,0,1,1
260797,MICHIGAN,MI,1,1,1,125,4020,BROOKWOOD,29,11,November,2010,2,Monday,17,44,1,13,3,3,42.64140278,-83.28696111,8,3,0,1,0,0,1,0
260798,MICHIGAN,MI,2,0,3,163,1260,AVERA,6,11,November,2010,7,Saturday,18,25,1,11,1,328,42.39553611,-82.98895556,12,3,0,10,0,0,1,1
260799,MICHIGAN,MI,2,0,3,87,196,ARMSTRONG,30,11,November,2010,3,Tuesday,16,6,0,3,4,156,43.04693889,-83.16746667,12,1,0,2,0,0,1,0
260800,MICHIGAN,MI,2,2,1,61,2340,BELLWOOD,29,11,November,2010,2,Monday,13,0,0,14,6,1,47.11739722,-88.57316111,8,1,0,1,0,0,1,0
260801,MICHIGAN,MI,1,0,1,147,0,AUGUSTA,22,11,November,2010,2,Monday,15,0,1,11,1,170,42.97943333,-82.47538611,24,1,0,2,0,0,1,0
260802,MICHIGAN,MI,2,0,2,129,0,BIGBEE,10,11,November,2010,4,Wednesday,8,50,0,4,4,37,44.37787222,-83.88363611,12,1,0,1,0,0,1,1
260803,MICHIGAN,MI,2,0,6,5,1309,BAKER HILL,10,11,November,2010,4,Wednesday,20,40,0,6,4,65,42.70308056,-85.70224167,12,2,0,1,0,0,1,0
260804,MICHIGAN,MI,2,0,5,147,0,AUGUSTA,28,11,November,2010,1,Sunday,12,26,0,14,4,70,42.93535833,-82.50116667,12,1,0,8,0,0,1,0
260805,MICHIGAN,MI,2,0,5,81,0,AUBURN,29,11,November,2010,2,Monday,15,46,0,15,4,11,43.03462222,-85.62501667,12,1,0,10,0,0,1,0
260806,MICHIGAN,MI,1,1,1,99,4731,BEATRICE,1,12,December,2010,4,Wednesday,12,13,0,13,6,16,42.59390278,-83.05921111,9,1,0,10,0,0,1,0
260808,MICHIGAN,MI,1,1,1,81,2553,AUBURN,23,11,November,2010,3,Tuesday,22,20,1,13,3,157,42.91251111,-85.58855278,8,3,0,10,0,0,1,0
260809,MICHIGAN,MI,2,0,2,163,2065,AVERA,27,11,November,2010,7,Saturday,14,40,0,15,4,11,42.12461389,-83.17340556,12,1,0,10,0,0,1,0
260810,MICHIGAN,MI,1,0,3,15,0,ANNISTON,1,12,December,2010,4,Wednesday,7,45,0,4,4,79,42.52885833,-85.45509722,1,4,11,4,0,0,1,0
260811,MICHIGAN,MI,1,0,1,81,0,AUBURN,2,12,December,2010,5,Thursday,4,36,0,6,4,25,43.23421389,-85.59113333,34,3,11,4,0,0,1,0
260812,MICHIGAN,MI,1,0,3,21,0,CHILTON,1,12,December,2010,4,Wednesday,15,20,0,6,4,55,42.15856111,-86.28111667,42,1,11,4,0,0,1,0
260813,MICHIGAN,MI,1,0,3,23,1935,BLADON SPRINGS,4,12,December,2010,7,Saturday,19,14,0,3,4,87,42.06592500,-85.00113611,1,2,0,10,0,0,1,0
260814,MICHIGAN,MI,2,0,3,55,5,ATTALLA,1,12,December,2010,4,Wednesday,19,20,1,2,2,92,44.81805833,-85.46570556,12,3,11,4,0,0,1,0
260815,MICHIGAN,MI,1,1,1,125,1652,BROOKWOOD,7,12,December,2010,3,Tuesday,17,39,0,13,6,20,42.46794167,-83.43493889,8,3,0,1,0,0,1,0
260816,MICHIGAN,MI,1,0,1,125,2258,BROOKWOOD,6,12,December,2010,2,Monday,23,47,0,15,4,74,42.65570556,-83.66318056,42,2,0,1,0,0,1,0
260817,MICHIGAN,MI,2,0,2,125,1652,BROOKWOOD,8,12,December,2010,4,Wednesday,17,15,1,11,1,11,42.48804167,-83.42555278,12,1,0,1,0,0,1,0
260818,MICHIGAN,MI,3,0,4,41,1590,BRANTLEY,10,12,December,2010,6,Friday,9,52,1,13,2,1,45.77317222,-87.08266111,12,1,0,10,0,0,1,0
260819,MICHIGAN,MI,3,1,2,25,0,BARLOW BEND,10,12,December,2010,6,Friday,21,18,1,11,3,9,42.26803611,-85.17892222,8,2,0,4,0,0,1,0
260820,MICHIGAN,MI,1,0,1,21,0,CHILTON,8,12,December,2010,4,Wednesday,11,0,0,5,4,37,41.77004722,-86.71208889,1,1,0,10,0,0,1,1
260821,MICHIGAN,MI,1,0,1,73,0,ARGO,9,12,December,2010,5,Thursday,19,6,0,6,4,8,43.60741667,-85.06660278,42,2,0,10,0,0,1,1
260822,MICHIGAN,MI,2,0,3,99,4731,BEATRICE,10,12,December,2010,6,Friday,5,52,0,15,6,13,42.57408889,-82.99528889,12,2,11,4,0,0,1,0
260823,MICHIGAN,MI,2,0,2,75,2764,BEAVERTON,12,12,December,2010,1,Sunday,16,2,1,11,1,238,42.29182500,-84.26268611,39,5,11,4,0,0,1,0
260824,MICHIGAN,MI,2,0,2,57,4765,BANKSTON,1,12,December,2010,4,Wednesday,13,25,0,4,4,187,43.37910000,-84.74177500,12,1,0,4,0,0,1,0
260825,MICHIGAN,MI,1,0,2,59,0,FRANKLIN,12,12,December,2010,1,Sunday,15,35,1,2,2,127,42.01144722,-84.59781389,42,1,11,4,0,0,1,0
260826,MICHIGAN,MI,2,0,3,113,0,COTTONTON,6,12,December,2010,2,Monday,14,45,0,3,3,62,44.33788611,-85.09046389,12,1,11,4,0,0,1,0
260827,MICHIGAN,MI,1,0,2,57,4765,BANKSTON,14,12,December,2010,3,Tuesday,13,0,0,4,4,13,43.31019167,-84.83573889,1,1,0,1,0,0,1,0
260828,MICHIGAN,MI,2,0,3,93,0,BEAR CREEK,12,12,December,2010,1,Sunday,9,10,0,3,4,70,42.59964167,-84.00745556,12,1,11,4,0,0,1,0
260829,MICHIGAN,MI,2,0,4,55,0,ATTALLA,14,12,December,2010,3,Tuesday,12,45,1,2,3,56,44.77036667,-85.37913333,12,1,0,4,0,0,1,0
260830,MICHIGAN,MI,2,0,3,77,1084,ANDERSON,13,12,December,2010,2,Monday,5,50,1,13,4,83,42.29251667,-85.52838333,12,2,0,1,0,0,1,0
260831,MICHIGAN,MI,1,1,1,21,0,CHILTON,11,12,December,2010,7,Saturday,21,18,0,6,4,40,41.78349722,-86.49396667,8,2,0,2,0,0,1,0
260833,MICHIGAN,MI,1,0,1,117,0,BIRMINGHAM,12,12,December,2010,1,Sunday,14,26,1,2,2,5,43.30182222,-85.54165278,1,1,11,4,0,0,1,0
260834,MICHIGAN,MI,1,1,1,125,4000,BROOKWOOD,7,12,December,2010,3,Tuesday,16,43,1,13,3,112,42.47032222,-83.14146944,8,1,0,10,0,0,1,0
260836,MICHIGAN,MI,1,0,2,45,0,ARITON,14,12,December,2010,3,Tuesday,5,5,1,11,1,40,42.71194444,-84.66911111,20,2,0,1,0,0,2,0
260837,MICHIGAN,MI,2,0,2,163,1212,AVERA,9,12,December,2010,5,Thursday,19,59,1,13,2,106,42.34171111,-83.27312778,12,3,0,10,0,0,1,1
260838,MICHIGAN,MI,2,0,2,81,0,AUBURN,15,12,December,2010,4,Wednesday,19,52,0,14,3,163,42.92653333,-85.40014722,12,2,0,10,0,0,1,1
260839,MICHIGAN,MI,1,0,1,45,0,ARITON,12,12,December,2010,1,Sunday,10,54,0,6,4,45,42.60364167,-85.05429722,42,1,0,4,0,0,1,0
260840,MICHIGAN,MI,1,1,3,115,0,ASHVILLE,16,12,December,2010,5,Thursday,18,30,0,6,4,1,42.02469722,-83.41861111,8,2,0,1,0,0,1,0
260841,MICHIGAN,MI,1,0,1,81,0,AUBURN,18,12,December,2010,7,Saturday,2,15,0,15,4,42,43.05643611,-85.47603056,42,2,0,10,0,0,1,1
260842,MICHIGAN,MI,1,0,2,125,4905,BROOKWOOD,20,12,December,2010,2,Monday,0,42,1,11,1,157,42.60848889,-83.21614722,1,2,0,10,0,0,2,1
260843,MICHIGAN,MI,1,1,1,163,738,AVERA,15,12,December,2010,4,Wednesday,19,38,0,14,4,1,42.35685000,-83.29430556,8,3,0,10,0,0,1,0
260844,MICHIGAN,MI,2,0,2,81,2010,AUBURN,20,12,December,2010,2,Monday,2,1,0,14,6,2,42.95098333,-85.67005556,14,3,0,10,0,0,1,1
260845,MICHIGAN,MI,1,0,1,147,926,AUGUSTA,19,12,December,2010,1,Sunday,23,35,0,6,4,77,42.75771944,-82.59175278,53,2,0,10,0,0,1,1
260846,MICHIGAN,MI,2,0,2,81,5089,AUBURN,21,12,December,2010,3,Tuesday,17,47,0,14,6,21,43.01554444,-85.74714167,12,3,0,10,0,0,1,0
260847,MICHIGAN,MI,1,1,2,49,1730,COLLINSVILLE,15,12,December,2010,4,Wednesday,18,36,1,13,6,61,43.06098333,-83.70201667,8,3,0,4,0,0,1,0
260848,MICHIGAN,MI,1,0,1,31,0,COFFEE,19,12,December,2010,1,Sunday,2,3,0,6,4,3,45.40810000,-84.67028889,31,2,0,4,0,0,1,1
260849,MICHIGAN,MI,1,1,1,163,2820,AVERA,20,12,December,2010,2,Monday,4,55,1,11,1,150,42.26265833,-83.17633889,8,2,0,10,0,0,1,0
260850,MICHIGAN,MI,3,1,4,75,0,BEAVERTON,20,12,December,2010,2,Monday,18,19,0,3,3,116,42.40447778,-84.66780000,14,2,0,10,0,0,1,0
260851,MICHIGAN,MI,2,0,2,31,0,COFFEE,23,12,December,2010,5,Thursday,9,58,0,3,3,187,45.35454444,-84.26768056,12,1,0,10,0,0,1,0
260852,MICHIGAN,MI,1,0,1,15,0,ANNISTON,19,12,December,2010,1,Sunday,5,0,0,4,4,23,42.50858333,-85.50378056,42,2,0,10,0,0,1,1
260853,MICHIGAN,MI,2,1,3,125,0,BROOKWOOD,23,12,December,2010,5,Thursday,17,41,1,13,3,2,42.83427222,-83.27127222,8,2,0,1,0,0,1,0
260854,MICHIGAN,MI,1,0,1,25,3885,BARLOW BEND,24,12,December,2010,6,Friday,3,4,0,4,4,61,42.40477500,-85.21136111,42,2,0,10,0,0,1,1
260855,MICHIGAN,MI,1,0,1,99,850,BEATRICE,23,12,December,2010,5,Thursday,22,58,1,11,1,37,42.49178611,-83.01978889,25,3,0,10,0,0,1,1
260856,MICHIGAN,MI,1,0,3,81,0,AUBURN,26,12,December,2010,1,Sunday,4,28,0,6,4,30,42.82707500,-85.39917500,42,2,0,10,0,0,1,1
260857,MICHIGAN,MI,2,0,4,161,567,DENTON,26,12,December,2010,1,Sunday,14,22,1,2,2,4,42.08193333,-83.95139444,12,1,0,4,0,0,1,0
260858,MICHIGAN,MI,1,2,1,163,5310,AVERA,10,12,December,2010,6,Friday,12,55,1,13,3,104,42.21405556,-83.18065556,8,1,0,1,0,0,1,0
260859,MICHIGAN,MI,2,0,2,77,4030,ANDERSON,29,12,December,2010,4,Wednesday,8,25,0,13,6,38,42.23025000,-85.54053333,12,1,0,5,0,0,1,0
260860,MICHIGAN,MI,1,1,1,163,2850,AVERA,29,12,December,2010,4,Wednesday,20,11,0,14,6,70,42.39815278,-83.33379167,8,3,0,10,0,0,1,0
260861,MICHIGAN,MI,1,0,1,113,0,COTTONTON,29,12,December,2010,4,Wednesday,8,25,0,3,3,7,44.33913889,-85.20075556,42,1,0,5,0,0,1,0
260862,MICHIGAN,MI,3,1,6,163,1260,AVERA,30,12,December,2010,5,Thursday,19,40,1,11,1,31,42.36867222,-83.05801111,8,3,0,10,0,0,1,1
260863,MICHIGAN,MI,2,0,2,49,1730,COLLINSVILLE,29,12,December,2010,4,Wednesday,1,28,1,11,1,113,42.99288333,-83.70934167,25,2,0,10,0,0,1,1
260864,MICHIGAN,MI,1,1,3,99,1009,BEATRICE,31,12,December,2010,6,Friday,20,38,0,14,4,90,42.57210556,-82.87151667,8,2,0,10,0,0,1,0
260865,MICHIGAN,MI,1,0,2,163,1480,AVERA,24,12,December,2010,6,Friday,2,15,0,16,6,2,42.26074444,-83.15178056,42,3,0,10,0,0,1,1
260866,MICHIGAN,MI,1,0,1,77,4030,ANDERSON,26,12,December,2010,1,Sunday,12,55,1,13,6,70,42.19747500,-85.63168333,33,1,0,10,0,0,1,0
260867,MICHIGAN,MI,1,1,1,109,0,ANSLEY,18,12,December,2010,7,Saturday,21,30,0,6,4,8,45.38266944,-87.78125000,8,2,0,10,0,0,1,1
260868,MICHIGAN,MI,1,1,1,163,1260,AVERA,28,9,September,2010,3,Tuesday,20,30,1,13,3,36,42.33113889,-83.12355278,8,3,0,1,0,0,1,0
260869,MICHIGAN,MI,1,0,1,55,0,ATTALLA,5,11,November,2010,6,Friday,0,1,0,5,4,16,44.62953611,-85.78473611,3,2,0,4,0,0,1,1
260870,MICHIGAN,MI,1,1,1,163,1260,AVERA,11,11,November,2010,5,Thursday,6,30,1,13,6,13,42.38613056,-82.96983611,8,3,0,5,0,0,1,0
260871,MICHIGAN,MI,1,0,1,163,90,AVERA,13,11,November,2010,7,Saturday,9,50,0,16,6,2,42.25254167,-83.22854444,19,1,0,1,0,0,1,1
260872,MICHIGAN,MI,1,0,1,143,0,CANEHILL,25,11,November,2010,5,Thursday,21,30,1,11,1,42,44.31694722,-84.44975833,1,2,0,4,0,0,1,0
260873,MICHIGAN,MI,2,0,7,99,4153,BEATRICE,28,12,December,2010,3,Tuesday,19,1,0,14,4,72,42.80516111,-82.96250556,12,2,0,1,0,0,1,0
260874,MICHIGAN,MI,1,1,1,49,1200,COLLINSVILLE,27,12,December,2010,2,Monday,10,16,0,14,6,80,43.03470278,-83.51673889,8,1,0,1,0,0,1,0
260876,MICHIGAN,MI,1,1,1,103,0,DANVILLE,2,12,December,2010,5,Thursday,19,27,1,13,2,262,46.54955556,-87.44917222,8,3,0,4,0,0,1,0
260877,MICHIGAN,MI,1,0,1,163,1260,AVERA,17,12,December,2010,6,Friday,12,2,1,11,1,140,42.38382222,-83.17569722,25,1,0,10,0,0,1,1
260879,MICHIGAN,MI,2,0,2,49,0,COLLINSVILLE,30,12,December,2010,5,Thursday,14,39,0,14,3,117,43.17772778,-83.69921667,12,1,0,10,0,0,1,0
260880,MICHIGAN,MI,2,0,2,163,1260,AVERA,29,8,August,2010,1,Sunday,12,50,0,14,6,18,42.44034167,-83.06354722,12,1,0,1,0,0,1,0
260881,MICHIGAN,MI,1,0,2,163,1260,AVERA,6,9,September,2010,2,Monday,14,47,0,15,6,4,42.38172222,-83.23934722,33,1,0,10,0,0,1,0
260882,MICHIGAN,MI,2,0,3,163,1260,AVERA,4,9,September,2010,7,Saturday,1,0,0,14,6,5,42.34739444,-83.11002500,12,2,0,1,0,0,1,1
260883,MICHIGAN,MI,1,0,1,163,1260,AVERA,4,9,September,2010,7,Saturday,3,55,1,13,6,69,42.39303611,-83.13983333,30,3,0,1,0,0,1,0
260884,MICHIGAN,MI,1,1,1,163,1260,AVERA,29,9,September,2010,4,Wednesday,8,15,0,14,6,7,42.34550000,-83.03421389,8,1,0,1,0,0,1,0
260885,MICHIGAN,MI,2,0,2,77,1084,ANDERSON,5,10,October,2010,3,Tuesday,5,35,0,14,3,44,42.33269444,-85.50386111,12,2,0,1,0,0,1,0
260886,MICHIGAN,MI,1,0,2,163,1260,AVERA,27,10,October,2010,4,Wednesday,18,40,0,16,6,2,42.29092222,-83.14935278,43,8,0,6,0,0,1,0
260887,MICHIGAN,MI,2,0,2,163,1260,AVERA,17,11,November,2010,4,Wednesday,1,0,0,16,6,1,42.30986667,-83.10103611,33,3,0,2,0,0,1,1
260888,MICHIGAN,MI,1,0,1,163,1260,AVERA,30,11,November,2010,3,Tuesday,2,39,0,14,6,27,42.36540833,-83.19526389,33,3,0,2,0,0,1,1
260889,MICHIGAN,MI,1,0,1,73,0,ARGO,6,11,November,2010,7,Saturday,18,52,0,6,4,90,43.64054722,-84.78366111,34,5,0,1,0,0,1,1
260890,MICHIGAN,MI,1,1,1,163,1260,AVERA,6,12,December,2010,2,Monday,6,45,0,13,6,69,42.39578611,-82.95789722,8,3,0,4,0,0,1,0
260891,MICHIGAN,MI,1,1,1,163,1260,AVERA,5,12,December,2010,1,Sunday,20,8,1,13,3,74,42.36824444,-83.13775833,8,3,0,4,0,0,1,0
260892,MICHIGAN,MI,3,0,5,5,0,BAKER HILL,10,12,December,2010,6,Friday,20,20,0,13,3,20,42.54176389,-85.87683056,12,2,0,1,0,0,1,0
260893,MICHIGAN,MI,1,0,1,49,0,COLLINSVILLE,11,12,December,2010,7,Saturday,0,54,0,14,4,22,42.82775833,-83.70133056,42,3,0,10,0,0,1,1
260894,MICHIGAN,MI,1,0,1,121,0,BON AIR,28,8,August,2010,7,Saturday,22,30,0,4,4,33,43.29798056,-86.13891111,53,2,0,1,0,0,1,1
260895,MICHIGAN,MI,1,0,1,163,1260,AVERA,29,11,November,2010,2,Monday,19,7,0,15,6,2,42.39151111,-82.98090556,42,3,0,1,0,0,1,1
260896,MICHIGAN,MI,2,0,3,163,1260,AVERA,6,12,December,2010,2,Monday,3,20,1,13,3,23,42.36275833,-83.02528889,12,3,0,10,0,0,1,0
260897,MICHIGAN,MI,1,0,1,25,310,BARLOW BEND,7,12,December,2010,3,Tuesday,15,36,0,14,6,62,42.31720833,-85.18618889,18,1,0,10,0,0,1,0
260898,MICHIGAN,MI,2,0,6,163,1260,AVERA,2,12,December,2010,5,Thursday,2,0,1,13,3,78,42.43314167,-82.97894167,12,8,0,10,0,0,1,0
260899,MICHIGAN,MI,1,0,2,163,1260,AVERA,24,12,December,2010,6,Friday,1,20,0,16,6,1,42.43851111,-83.15901667,33,3,0,1,0,0,1,1
260900,MICHIGAN,MI,1,1,1,147,1758,AUGUSTA,27,12,December,2010,2,Monday,6,50,0,13,3,8,43.03197778,-82.45625556,8,3,0,1,0,0,1,0
260901,MICHIGAN,MI,1,0,3,163,1260,AVERA,8,2,February,2010,2,Monday,16,28,1,11,1,189,42.30155833,-83.11868611,25,1,0,1,0,0,1,1
260902,MICHIGAN,MI,2,0,3,163,1260,AVERA,13,8,August,2010,6,Friday,18,33,1,11,1,35,42.37432778,-83.05988889,12,1,0,1,0,0,1,1
260903,MICHIGAN,MI,4,0,6,163,1260,AVERA,28,8,August,2010,7,Saturday,12,45,0,14,6,4,42.34692500,-83.01211667,12,1,0,1,0,0,1,0
260904,MICHIGAN,MI,2,0,3,163,1260,AVERA,30,11,November,2010,3,Tuesday,6,30,1,11,1,35,42.31608611,-83.08467778,12,3,0,2,0,0,1,0
260905,MICHIGAN,MI,1,0,2,65,2700,CYPRESS,20,11,November,2010,7,Saturday,2,29,0,15,6,12,42.76367222,-84.55570556,33,3,0,10,0,0,1,0
270001,MINNESOTA,MN,3,0,5,115,5967,ASHVILLE,1,1,January,2010,6,Friday,17,45,0,3,3,212,45.77366111,-92.94978889,12,2,0,1,0,0,2,1
270002,MINNESOTA,MN,2,0,5,95,0,ALBERTVILLE,1,1,January,2010,6,Friday,17,5,1,2,2,1938,45.82220556,-93.65585278,12,5,0,1,0,0,1,0
270003,MINNESOTA,MN,2,0,3,71,5290,BRIDGEPORT,2,1,January,2010,7,Saturday,17,52,0,2,2,3549,47.87328333,-94.28838611,12,2,0,1,0,0,1,2
270004,MINNESOTA,MN,2,0,2,141,0,BEE BRANCH,5,1,January,2010,3,Tuesday,21,9,0,3,4,19,45.32850833,-93.81614167,12,2,0,1,0,0,1,1
270006,MINNESOTA,MN,2,0,2,53,5732,ATMORE,6,1,January,2010,4,Wednesday,14,34,0,2,3,1803,45.01205000,-93.46157222,12,1,0,10,0,0,1,0
270007,MINNESOTA,MN,2,0,2,151,0,FLIPPEN,7,1,January,2010,5,Thursday,9,56,0,2,2,611,45.17750833,-95.28775833,12,1,0,1,0,0,1,0
270008,MINNESOTA,MN,2,0,5,145,0,BALD KNOB,5,1,January,2010,3,Tuesday,21,28,1,1,1,1371,45.66508889,-94.76812500,12,2,0,1,0,0,1,0
270009,MINNESOTA,MN,2,0,2,53,2886,ATMORE,12,1,January,2010,3,Tuesday,15,55,0,2,3,1677,45.07261944,-93.69533333,12,1,0,1,0,0,1,0
270010,MINNESOTA,MN,1,0,1,69,0,ASHFORD,12,1,January,2010,3,Tuesday,19,30,0,4,4,73,48.63432222,-96.60608333,1,2,0,1,0,0,1,1
270011,MINNESOTA,MN,1,1,1,137,3255,ALCO,12,1,January,2010,3,Tuesday,22,54,0,14,4,62,46.78872222,-92.27976111,8,2,0,10,0,0,1,0
270012,MINNESOTA,MN,1,0,1,105,0,MARION,14,1,January,2010,5,Thursday,22,35,1,1,1,484,43.63754167,-95.50163333,1,2,11,4,0,0,1,0
270013,MINNESOTA,MN,2,0,8,129,0,BIGBEE,14,1,January,2010,5,Thursday,21,37,0,4,4,125,44.82697778,-95.22014722,12,2,11,11,1,0,1,0
270014,MINNESOTA,MN,1,0,4,167,0,ADRIAN,15,1,January,2010,6,Friday,6,44,1,1,1,320,46.55214722,-96.31142778,1,2,5,5,0,0,1,0