ST_CASE,State Name,State Abbreviation,VE_TOTAL,Pedestrains,Total_Persons_in_accident,COUNTY,CITY,City_County_Name,Calendar_DAY,MONTH,Month_Name,YEAR,DAY_WEEK,Day_Week_desc,HOUR,MINUTE,NHS_Desc,trafficway,ROUTE,MILEPT,LATITUDE,LONGITUD,First_Crash_event,Light_cond_desc,Weather_condition,WEATHER,SCH_BUS,Crash_cause,FATALS,DRUNK_DR
270015,MINNESOTA,MN,2,0,2,27,0,ASHLAND,16,1,January,2010,7,Saturday,9,30,0,14,2,2565,46.94870000,-96.74618889,12,1,0,10,0,0,1,0
270016,MINNESOTA,MN,2,0,2,13,0,BOLLING,18,1,January,2010,2,Monday,15,41,0,3,3,368,43.94972500,-93.95845278,12,1,0,1,0,0,2,0
270017,MINNESOTA,MN,1,0,3,119,0,BELLAMY,20,1,January,2010,4,Wednesday,8,22,1,2,2,756,47.53080000,-95.66418056,1,1,0,1,0,0,1,0
270018,MINNESOTA,MN,3,0,6,131,0,ARLINGTON,21,1,January,2010,5,Thursday,17,34,0,3,3,1378,44.22071389,-93.49838056,12,5,0,3,0,0,1,0
270019,MINNESOTA,MN,2,0,3,163,5339,AVERA,23,1,January,2010,7,Saturday,14,23,1,13,3,206,45.04441667,-92.79616944,54,1,0,2,0,0,1,0
270020,MINNESOTA,MN,1,0,1,141,0,BEE BRANCH,23,1,January,2010,7,Saturday,15,11,0,5,4,72,45.51376667,-93.59320556,53,1,0,2,0,0,1,1
270021,MINNESOTA,MN,1,0,3,53,4760,ATMORE,28,1,January,2010,5,Thursday,22,10,0,15,6,11,44.89433333,-93.25581667,42,6,0,1,0,0,2,1
270022,MINNESOTA,MN,2,0,4,145,5980,BALD KNOB,29,1,January,2010,6,Friday,7,57,1,2,3,1914,45.47222778,-94.32354444,12,1,0,1,0,0,1,0
270023,MINNESOTA,MN,1,0,3,163,0,AVERA,29,1,January,2010,6,Friday,8,28,0,3,3,950,45.16176111,-92.76697778,1,1,0,1,0,0,1,1
270024,MINNESOTA,MN,1,0,1,53,3410,ATMORE,29,1,January,2010,6,Friday,10,38,0,14,4,58,44.92365000,-93.40017222,31,1,0,1,0,0,1,1
270025,MINNESOTA,MN,2,0,2,63,0,BOLIGEE,1,2,February,2010,2,Monday,10,4,1,1,1,572,43.63763056,-95.34920556,12,1,11,4,0,0,1,0
270026,MINNESOTA,MN,2,0,2,91,0,DAYTON,1,2,February,2010,2,Monday,13,24,0,4,4,188,43.52956667,-94.51650833,45,1,0,4,0,0,1,0
270027,MINNESOTA,MN,2,0,2,59,0,FRANKLIN,3,2,February,2010,4,Wednesday,5,38,0,4,4,221,45.50020833,-93.11511111,12,2,0,1,0,0,2,0
270028,MINNESOTA,MN,2,0,2,19,1170,CEDAR BLUFF,4,2,February,2010,5,Thursday,21,52,0,14,3,415,44.86663056,-93.61866111,12,2,3,4,0,0,1,0
270029,MINNESOTA,MN,2,0,2,169,0,BRADLEY,6,2,February,2010,7,Saturday,5,13,1,1,1,2542,43.95532222,-91.65646389,12,4,0,10,0,0,1,0
270030,MINNESOTA,MN,1,1,1,141,610,BEE BRANCH,2,2,February,2010,3,Tuesday,18,48,0,15,4,6,45.34102500,-93.73159167,8,2,4,4,0,0,1,0
270031,MINNESOTA,MN,1,1,1,111,0,GRAHAM,7,2,February,2010,1,Sunday,16,9,1,1,1,676,46.14632778,-95.93629167,8,1,0,4,0,0,1,0
270032,MINNESOTA,MN,1,0,2,75,3845,BEAVERTON,8,2,February,2010,2,Monday,16,37,1,2,3,182,46.95226111,-91.78702778,1,1,6,4,0,0,1,0
270033,MINNESOTA,MN,2,0,6,37,1945,BRADFORD,11,2,February,2010,5,Thursday,14,54,0,14,4,49,44.79002778,-93.19773611,12,1,0,1,0,0,1,0
270034,MINNESOTA,MN,2,0,3,85,2710,BENTON,12,2,February,2010,6,Friday,10,25,1,13,2,1195,44.76348611,-94.15811389,12,1,0,5,0,0,2,0
270035,MINNESOTA,MN,2,0,6,13,0,BOLLING,14,2,February,2010,1,Sunday,16,4,0,3,3,393,43.98547500,-93.95825556,12,1,0,11,0,0,1,0
270037,MINNESOTA,MN,2,0,3,53,4760,ATMORE,23,2,February,2010,3,Tuesday,8,44,0,14,3,4,44.89172500,-93.29484167,12,1,10,4,0,0,2,0
270038,MINNESOTA,MN,1,1,1,147,4620,AUGUSTA,17,2,February,2010,4,Wednesday,10,34,0,4,4,239,44.17481389,-93.24686667,8,1,0,1,0,0,1,0
270039,MINNESOTA,MN,2,0,4,103,0,DANVILLE,27,2,February,2010,7,Saturday,0,58,1,2,2,1179,44.27517222,-94.20034167,12,3,0,1,0,0,1,1
270040,MINNESOTA,MN,2,0,2,85,0,BENTON,1,3,March,2010,2,Monday,15,24,0,5,4,61,44.80356111,-94.33598889,12,1,0,1,0,0,1,0
270042,MINNESOTA,MN,1,1,2,37,956,BRADFORD,5,3,March,2010,6,Friday,19,17,1,11,1,13,44.75574444,-93.28806389,8,2,0,1,0,0,1,0
270043,MINNESOTA,MN,2,0,2,5,0,BAKER HILL,5,3,March,2010,6,Friday,23,4,1,2,2,411,46.84001389,-95.92437778,12,2,0,1,0,0,1,1
270044,MINNESOTA,MN,2,0,3,137,0,ALCO,11,3,March,2010,5,Thursday,17,19,0,3,3,2758,47.87336111,-92.02435833,12,1,2,2,0,0,2,1
270045,MINNESOTA,MN,1,0,2,73,0,ARGO,14,3,March,2010,1,Sunday,4,45,0,3,2,1103,45.03133889,-96.19940833,35,4,10,5,0,0,2,1
270046,MINNESOTA,MN,2,0,6,47,0,BROWNS,15,3,March,2010,2,Monday,10,3,1,11,1,119,43.66382500,-93.32111944,12,1,0,5,0,0,1,0
270047,MINNESOTA,MN,1,1,1,53,4760,ATMORE,16,3,March,2010,3,Tuesday,20,3,0,15,6,12,44.91441944,-93.25243056,8,1,0,1,0,0,1,0
270049,MINNESOTA,MN,1,0,4,49,0,COLLINSVILLE,18,3,March,2010,5,Thursday,18,49,1,2,2,980,44.50188056,-92.91371111,35,1,0,1,0,0,1,0
270050,MINNESOTA,MN,3,0,5,3,1440,BALDWIN,18,3,March,2010,5,Thursday,11,0,0,14,3,76,45.05912222,-93.24767222,12,1,0,1,0,0,1,0
270051,MINNESOTA,MN,1,1,2,53,1570,ATMORE,20,3,March,2010,7,Saturday,1,41,0,14,4,16,45.04923889,-93.35910833,8,3,0,1,0,0,1,0
270052,MINNESOTA,MN,1,0,2,43,0,BAILEYTON,21,3,March,2010,1,Sunday,3,33,1,1,1,1298,43.65246944,-93.90233333,1,2,0,1,0,0,1,0
270053,MINNESOTA,MN,1,0,2,45,0,ARITON,22,3,March,2010,2,Monday,1,49,0,4,3,39,43.71083056,-92.21763056,1,2,0,1,0,0,1,1
270054,MINNESOTA,MN,2,0,2,35,770,BROOKLYN,22,3,March,2010,2,Monday,17,28,1,13,3,1240,46.36217778,-94.17720000,12,1,0,10,0,0,1,0
270055,MINNESOTA,MN,1,1,1,21,0,CHILTON,22,3,March,2010,2,Monday,15,20,0,6,5,8,46.70051667,-94.39383056,8,1,0,10,1,0,1,0
270056,MINNESOTA,MN,1,0,1,171,0,ALDORA,27,3,March,2010,7,Saturday,16,43,0,4,4,174,45.20926667,-93.98922222,35,5,0,1,0,0,1,1
270057,MINNESOTA,MN,1,0,1,13,0,BOLLING,21,3,March,2010,1,Sunday,7,20,0,3,4,47,44.10970278,-94.01445833,59,1,0,1,0,0,1,1
270059,MINNESOTA,MN,1,1,1,171,6320,ALDORA,31,3,March,2010,4,Wednesday,15,8,0,14,4,43,45.21683333,-93.66462500,8,1,0,1,0,0,1,0
270060,MINNESOTA,MN,1,0,2,115,0,ASHVILLE,1,4,April,2010,5,Thursday,0,20,0,5,4,50,46.05487222,-92.82500833,1,2,0,1,0,0,1,1
270062,MINNESOTA,MN,1,0,1,89,0,BROWNSBORO,4,4,April,2010,1,Sunday,6,41,0,4,4,138,48.32572778,-96.56672222,59,4,0,1,0,0,1,1
270063,MINNESOTA,MN,1,0,3,35,0,BROOKLYN,6,4,April,2010,3,Tuesday,19,58,0,3,3,1487,46.27121389,-94.13119167,53,5,0,1,0,0,2,1
270065,MINNESOTA,MN,1,0,2,123,6070,ALEXANDER CITY,11,4,April,2010,1,Sunday,15,46,0,14,4,59,44.99482500,-93.14646111,41,1,0,1,0,0,2,0
270066,MINNESOTA,MN,1,1,1,115,0,ASHVILLE,10,4,April,2010,7,Saturday,23,34,0,5,4,49,46.25949722,-92.88505556,8,2,0,1,0,0,1,0
270067,MINNESOTA,MN,1,0,1,163,3440,AVERA,10,4,April,2010,7,Saturday,13,30,0,16,6,3,45.16647222,-93.00125278,3,1,0,1,0,0,1,1
270068,MINNESOTA,MN,2,0,2,113,0,COTTONTON,11,4,April,2010,1,Sunday,20,45,0,3,4,116,48.02057778,-96.24044167,12,2,2,2,0,0,1,0
270069,MINNESOTA,MN,3,0,3,141,0,BEE BRANCH,12,4,April,2010,2,Monday,6,27,1,2,2,1849,45.51116667,-94.07351389,12,1,0,1,0,0,1,0
270070,MINNESOTA,MN,1,0,1,7,0,BIBB,14,4,April,2010,4,Wednesday,16,45,0,6,3,677,48.28111667,-95.35796667,1,1,0,1,0,0,1,0
270071,MINNESOTA,MN,1,0,3,115,0,ASHVILLE,17,4,April,2010,7,Saturday,6,23,0,6,5,31,45.93903889,-93.00207500,1,1,0,1,0,0,1,1
270072,MINNESOTA,MN,2,0,2,123,6330,ALEXANDER CITY,17,4,April,2010,7,Saturday,12,5,0,15,6,11,44.97030556,-93.06341111,12,1,0,1,0,0,1,0
270073,MINNESOTA,MN,2,0,3,41,0,BRANTLEY,18,4,April,2010,1,Sunday,13,53,0,4,4,158,45.95936111,-95.60353056,12,1,0,1,0,0,1,1
270074,MINNESOTA,MN,1,0,1,111,0,GRAHAM,18,4,April,2010,1,Sunday,19,21,0,4,4,301,46.47710833,-95.81755833,1,1,0,1,0,0,1,1
270075,MINNESOTA,MN,1,0,2,151,0,FLIPPEN,18,4,April,2010,1,Sunday,18,41,0,4,4,77,45.40083333,-95.42370556,1,1,0,10,0,0,1,0
270076,MINNESOTA,MN,1,0,3,169,0,BRADLEY,19,4,April,2010,2,Monday,16,25,0,4,4,225,44.05876944,-91.82147500,1,1,0,1,0,0,1,0
270077,MINNESOTA,MN,1,0,2,145,5980,BALD KNOB,23,4,April,2010,6,Friday,13,18,0,5,4,20,45.47214167,-94.29278611,11,1,0,1,0,0,1,0
270078,MINNESOTA,MN,2,0,6,169,0,BRADLEY,23,4,April,2010,6,Friday,15,20,0,4,4,17,44.04949444,-91.92444722,12,1,0,1,0,0,3,0
270079,MINNESOTA,MN,2,0,5,95,5410,ALBERTVILLE,24,4,April,2010,7,Saturday,18,8,1,2,2,2112,46.07325556,-93.65768889,12,1,0,10,0,0,1,1
270080,MINNESOTA,MN,1,0,1,53,675,ATMORE,25,4,April,2010,1,Sunday,20,40,1,1,1,88,44.86181667,-93.29833333,21,3,0,1,0,0,1,1
270081,MINNESOTA,MN,3,0,6,37,0,BRADFORD,26,4,April,2010,2,Monday,12,19,0,3,4,152,44.64980833,-92.95425833,12,1,0,1,0,0,3,0
270082,MINNESOTA,MN,2,0,2,119,0,BELLAMY,26,4,April,2010,2,Monday,16,38,1,2,2,571,47.66656667,-96.00300278,12,1,0,1,0,0,1,0
270083,MINNESOTA,MN,1,1,2,47,0,BROWNS,27,4,April,2010,3,Tuesday,16,36,1,1,1,21,43.52173056,-93.35523333,8,1,0,1,0,0,1,0
270084,MINNESOTA,MN,2,0,2,147,0,AUGUSTA,21,1,January,2010,5,Thursday,14,0,0,6,5,25,43.96454722,-93.19573333,12,1,0,3,0,0,1,0
270085,MINNESOTA,MN,1,0,1,59,0,FRANKLIN,18,4,April,2010,1,Sunday,11,45,0,2,3,360,45.46827500,-93.23508333,35,1,0,1,0,0,1,0
270086,MINNESOTA,MN,2,0,4,59,0,FRANKLIN,24,4,April,2010,7,Saturday,12,29,0,3,3,495,45.58698333,-93.38892500,12,1,0,2,0,0,1,0
270087,MINNESOTA,MN,1,0,1,85,0,BENTON,28,4,April,2010,4,Wednesday,6,5,0,5,4,27,44.97871944,-94.08028611,1,1,0,1,0,0,1,1
270088,MINNESOTA,MN,2,0,2,167,0,ADRIAN,28,4,April,2010,4,Wednesday,11,28,0,4,4,180,46.62736389,-96.63564722,12,1,0,1,0,0,1,0
270089,MINNESOTA,MN,3,0,4,93,0,BEAR CREEK,29,4,April,2010,5,Thursday,7,20,0,3,3,1273,44.93561667,-94.62579722,12,1,0,10,0,0,2,1
270090,MINNESOTA,MN,1,0,1,79,0,COURTLAND,30,4,April,2010,6,Friday,23,27,0,4,4,23,44.26755833,-93.97555833,42,2,0,1,0,0,1,1
270091,MINNESOTA,MN,2,0,3,163,5334,AVERA,30,4,April,2010,6,Friday,9,14,1,11,1,573,44.96095556,-92.95819444,12,1,0,2,0,0,1,0
270092,MINNESOTA,MN,1,0,1,111,0,GRAHAM,17,4,April,2010,7,Saturday,20,12,0,6,5,91,46.45592500,-95.34283611,1,1,0,1,0,0,1,1
270093,MINNESOTA,MN,1,0,5,79,0,COURTLAND,1,5,May,2010,7,Saturday,5,56,0,4,4,71,44.44217778,-93.77889722,35,9,0,1,0,0,1,1
270094,MINNESOTA,MN,2,0,2,145,6250,BALD KNOB,1,5,May,2010,7,Saturday,9,28,0,14,4,124,45.56905278,-94.22523333,12,1,0,10,0,0,1,0
270095,MINNESOTA,MN,1,1,1,3,2560,BALDWIN,2,5,May,2010,1,Sunday,13,31,0,14,3,89,45.08607500,-93.26363611,8,1,0,1,0,0,1,0
270096,MINNESOTA,MN,2,0,7,59,1020,FRANKLIN,25,4,April,2010,1,Sunday,2,14,0,13,3,403,45.57253333,-93.24012222,12,3,0,10,0,0,6,1
270097,MINNESOTA,MN,4,0,5,163,3120,AVERA,3,5,May,2010,2,Monday,6,20,1,13,2,1180,44.75531667,-92.85333333,12,1,0,1,0,0,1,0
270098,MINNESOTA,MN,1,1,1,111,6080,GRAHAM,3,5,May,2010,2,Monday,13,39,0,4,4,624,46.47484167,-96.28068611,8,1,0,1,0,0,1,0
270100,MINNESOTA,MN,2,0,4,85,0,BENTON,7,5,May,2010,6,Friday,9,21,0,3,4,86,44.86352222,-94.33578056,12,1,10,2,0,0,1,0
270101,MINNESOTA,MN,1,0,3,145,6250,BALD KNOB,7,5,May,2010,6,Friday,19,17,0,3,6,48,45.58123889,-94.17261944,30,1,3,3,0,0,1,1
270102,MINNESOTA,MN,2,0,4,137,0,ALCO,7,5,May,2010,6,Friday,19,29,1,2,2,2395,46.84884722,-92.57164722,12,1,0,4,0,0,1,0
270103,MINNESOTA,MN,1,0,1,17,0,CHAMBERS,9,5,May,2010,1,Sunday,18,6,0,6,5,32,46.64148889,-92.44811389,1,1,0,1,0,0,1,1
270104,MINNESOTA,MN,1,0,1,127,0,BURNWELL,8,5,May,2010,7,Saturday,5,45,0,5,4,48,44.50844167,-95.50320833,30,4,0,1,0,0,1,1
270105,MINNESOTA,MN,1,0,1,3,1108,BALDWIN,10,5,May,2010,2,Monday,8,27,0,15,6,8,45.35522222,-93.30275556,42,9,0,10,0,0,1,1
270106,MINNESOTA,MN,1,0,1,35,5560,BROOKLYN,11,5,May,2010,3,Tuesday,13,5,0,6,6,1,46.59762222,-94.22473889,42,1,0,2,0,0,1,1
270108,MINNESOTA,MN,1,1,1,37,956,BRADFORD,13,5,May,2010,5,Thursday,18,54,1,13,4,31,44.79025833,-93.23496389,9,1,0,10,0,0,1,0
270109,MINNESOTA,MN,1,0,1,3,0,BALDWIN,14,5,May,2010,6,Friday,22,53,0,4,4,3,45.40606667,-93.09414167,1,2,0,1,0,0,1,1
270110,MINNESOTA,MN,1,1,1,53,5732,ATMORE,19,5,May,2010,4,Wednesday,18,14,0,14,4,10,45.06182778,-93.50216111,9,1,0,1,0,0,1,0
270111,MINNESOTA,MN,1,0,1,89,0,BROWNSBORO,20,5,May,2010,5,Thursday,2,51,0,6,4,162,48.17489167,-96.26110556,1,2,0,1,0,0,1,1
270112,MINNESOTA,MN,2,0,4,151,0,FLIPPEN,5,5,May,2010,4,Wednesday,16,26,0,5,4,110,45.26701667,-95.56217500,12,1,0,1,0,0,2,0
270113,MINNESOTA,MN,1,0,1,13,0,BOLLING,22,5,May,2010,7,Saturday,13,36,0,4,4,82,44.01442500,-94.23833333,35,1,0,6,0,0,1,0
270114,MINNESOTA,MN,2,0,2,3,1492,BALDWIN,22,5,May,2010,7,Saturday,14,25,1,12,2,2339,45.15356944,-93.27526389,12,1,0,1,0,0,1,1
270115,MINNESOTA,MN,1,0,1,53,1570,ATMORE,22,5,May,2010,7,Saturday,22,35,0,14,4,45,45.04985556,-93.36002778,59,3,0,1,0,0,1,0
270116,MINNESOTA,MN,1,0,2,91,0,DAYTON,22,5,May,2010,7,Saturday,17,11,0,6,5,139,43.83267222,-94.47315278,1,1,0,1,0,0,2,0
270117,MINNESOTA,MN,1,0,1,47,0,BROWNS,22,5,May,2010,7,Saturday,14,19,0,4,4,39,43.76487500,-93.57232222,42,1,10,6,0,0,1,1
270118,MINNESOTA,MN,4,0,4,37,3990,BRADFORD,24,5,May,2010,2,Monday,11,30,1,11,1,810,44.63348333,-93.29798611,12,1,0,1,0,0,2,0
270119,MINNESOTA,MN,1,0,1,141,2110,BEE BRANCH,25,5,May,2010,3,Tuesday,13,16,0,2,2,2105,45.31487500,-93.65764722,1,1,0,1,0,0,1,0
270120,MINNESOTA,MN,2,0,3,47,90,BROWNS,26,5,May,2010,4,Wednesday,10,12,0,14,6,10,43.64977222,-93.36999444,12,1,0,1,0,0,1,0
270121,MINNESOTA,MN,1,0,1,171,7430,ALDORA,25,5,May,2010,3,Tuesday,11,26,1,2,2,1295,45.06614722,-93.96268889,11,1,0,10,0,0,1,0
270122,MINNESOTA,MN,2,0,2,85,0,BENTON,28,5,May,2010,6,Friday,12,34,0,2,3,861,44.68238611,-94.37606111,12,1,0,1,0,0,1,0
270123,MINNESOTA,MN,1,1,1,109,0,ANSLEY,26,5,May,2010,4,Wednesday,17,56,0,6,5,9,44.15480833,-92.60361389,9,1,0,1,0,0,1,0
270124,MINNESOTA,MN,2,0,6,55,0,ATTALLA,29,5,May,2010,7,Saturday,11,40,0,3,3,2543,43.78572778,-91.70512500,54,1,0,1,0,0,2,0
270125,MINNESOTA,MN,1,0,1,163,7716,AVERA,29,5,May,2010,7,Saturday,19,3,0,14,6,18,44.90488333,-92.95894167,59,1,0,1,0,0,1,1
270126,MINNESOTA,MN,2,0,3,117,0,BIRMINGHAM,29,5,May,2010,7,Saturday,19,38,0,3,3,131,43.99390833,-96.20476944,12,1,0,1,0,0,1,0
270127,MINNESOTA,MN,1,0,1,25,5260,BARLOW BEND,30,5,May,2010,1,Sunday,12,12,1,1,1,1500,45.54031667,-92.99092500,1,1,0,1,0,0,1,0
270128,MINNESOTA,MN,1,0,2,115,0,ASHVILLE,30,5,May,2010,1,Sunday,16,41,0,5,4,50,45.80246389,-92.87674444,35,1,0,2,0,0,1,0
270129,MINNESOTA,MN,1,0,2,149,0,BELLEVILLE,31,5,May,2010,2,Monday,0,3,0,3,3,464,45.57193611,-95.94160556,35,3,0,1,0,0,1,1
270130,MINNESOTA,MN,1,0,1,15,0,ANNISTON,31,5,May,2010,2,Monday,19,56,0,5,4,295,44.40845833,-94.70124444,35,1,0,10,0,0,1,1
270131,MINNESOTA,MN,1,1,1,115,0,ASHVILLE,1,6,June,2010,3,Tuesday,15,2,1,1,1,2032,46.28501389,-92.82097500,8,1,0,10,0,0,1,0
270132,MINNESOTA,MN,2,0,4,141,0,BEE BRANCH,2,6,June,2010,4,Wednesday,10,44,0,4,4,50,45.42955000,-93.77841667,12,1,0,10,0,0,1,0
270133,MINNESOTA,MN,2,0,2,35,0,BROOKLYN,3,6,June,2010,5,Thursday,12,11,1,2,3,252,46.31121667,-94.26761667,12,1,0,1,0,0,1,0
270134,MINNESOTA,MN,1,0,1,139,6450,CALION,4,6,June,2010,6,Friday,11,11,1,14,3,904,44.75721111,-93.37963889,11,1,0,10,0,0,1,0
270135,MINNESOTA,MN,2,0,2,63,0,BOLIGEE,4,6,June,2010,6,Friday,19,31,0,4,4,108,43.64583056,-94.87492778,12,1,0,10,0,0,1,0
270136,MINNESOTA,MN,1,0,1,21,0,CHILTON,7,6,June,2010,2,Monday,6,54,0,6,5,53,46.77921111,-94.45007500,1,2,0,1,0,0,1,0
270137,MINNESOTA,MN,1,1,4,141,0,BEE BRANCH,4,6,June,2010,6,Friday,0,35,0,2,3,452,45.42103056,-94.03478333,8,2,2,2,0,0,1,0
270138,MINNESOTA,MN,2,0,3,163,7716,AVERA,11,6,June,2010,6,Friday,6,18,1,11,1,2536,44.94879444,-92.87753611,12,1,2,2,0,0,1,0
270139,MINNESOTA,MN,1,1,1,131,0,ARLINGTON,11,6,June,2010,6,Friday,10,15,0,3,3,40,44.34475278,-93.32294722,9,1,0,10,0,0,1,0
270140,MINNESOTA,MN,2,0,3,15,0,ANNISTON,2,6,June,2010,4,Wednesday,18,16,0,3,4,164,44.34823056,-94.54198611,12,1,0,1,0,0,1,0
270141,MINNESOTA,MN,2,0,3,123,6330,ALEXANDER CITY,16,6,June,2010,4,Wednesday,10,26,0,14,4,21,44.96787222,-93.15683056,12,1,0,1,0,0,1,1
270142,MINNESOTA,MN,1,1,1,163,7716,AVERA,14,6,June,2010,2,Monday,8,9,0,14,6,14,44.90682778,-92.96697222,8,1,0,10,0,0,1,0
270143,MINNESOTA,MN,2,0,1,53,4280,ATMORE,7,6,June,2010,2,Monday,15,36,0,3,4,151,45.05540556,-93.63536389,14,1,0,1,0,0,1,1
270144,MINNESOTA,MN,2,0,2,161,0,DENTON,14,6,June,2010,2,Monday,15,35,0,4,4,11,43.85529167,-93.64250000,12,1,0,1,0,0,1,0
270145,MINNESOTA,MN,1,0,1,13,0,BOLLING,17,6,June,2010,5,Thursday,11,12,0,4,4,143,44.07920000,-94.00840833,35,1,0,1,0,0,1,0
270146,MINNESOTA,MN,5,0,7,37,3120,BRADFORD,17,6,June,2010,5,Thursday,12,57,1,13,3,2187,44.73840556,-92.89000833,12,1,0,1,0,0,1,0
270147,MINNESOTA,MN,2,0,2,13,4480,BOLLING,18,6,June,2010,6,Friday,13,20,0,14,4,14,44.19622778,-93.99738056,12,1,0,1,0,0,1,0
270148,MINNESOTA,MN,2,0,2,53,4760,ATMORE,18,6,June,2010,6,Friday,16,28,1,1,1,2301,45.00145000,-93.28175833,12,1,0,1,0,0,1,0
270149,MINNESOTA,MN,2,0,3,37,3990,BRADFORD,19,6,June,2010,7,Saturday,23,41,1,11,1,848,44.69282222,-93.29090833,1,2,0,1,0,0,1,0
270150,MINNESOTA,MN,1,0,1,141,0,BEE BRANCH,18,6,June,2010,6,Friday,22,11,0,3,3,881,45.51619167,-93.90975000,11,2,0,1,0,0,1,1
270151,MINNESOTA,MN,2,0,4,143,0,CANEHILL,20,6,June,2010,1,Sunday,13,46,0,4,4,135,44.47133056,-94.31137222,12,1,0,1,0,0,1,0
270152,MINNESOTA,MN,1,0,1,165,0,HERNDON,20,6,June,2010,1,Sunday,21,37,0,4,4,112,44.00297778,-94.79948056,34,1,0,1,0,0,1,1
270153,MINNESOTA,MN,2,0,2,111,0,GRAHAM,21,6,June,2010,2,Monday,17,13,0,6,4,10,46.18038333,-95.30383889,12,1,0,1,0,0,1,0
270154,MINNESOTA,MN,2,0,2,53,5910,ATMORE,24,6,June,2010,5,Thursday,13,51,0,14,6,10,44.86369722,-93.27560556,12,1,0,1,0,0,1,0
270155,MINNESOTA,MN,2,0,4,7,0,BIBB,26,6,June,2010,7,Saturday,13,2,1,2,2,1082,47.51376667,-94.98114444,12,1,0,10,0,0,1,0
270156,MINNESOTA,MN,1,0,4,111,0,GRAHAM,26,6,June,2010,7,Saturday,23,46,0,5,4,329,46.50567500,-95.78777778,59,2,0,10,0,0,2,1
270157,MINNESOTA,MN,1,0,1,61,0,BELLWOOD,28,6,June,2010,2,Monday,14,55,0,3,3,702,47.21960000,-93.75613611,42,1,0,1,0,0,1,0
270158,MINNESOTA,MN,2,0,2,3,671,BALDWIN,30,6,June,2010,4,Wednesday,1,16,0,14,4,1,45.13121389,-93.26400000,12,3,0,1,0,0,1,0
270159,MINNESOTA,MN,2,0,5,65,0,CYPRESS,1,7,July,2010,5,Thursday,11,18,0,3,3,608,45.78698611,-93.29645278,12,1,0,1,0,0,1,0
270160,MINNESOTA,MN,1,0,2,57,0,BANKSTON,3,7,July,2010,7,Saturday,0,30,0,4,4,113,47.32376389,-95.07226389,1,2,0,1,0,0,1,1
270161,MINNESOTA,MN,1,0,1,35,0,BROOKLYN,4,7,July,2010,1,Sunday,1,2,1,2,2,2305,46.28164722,-93.81971389,11,2,0,10,0,0,1,0
270162,MINNESOTA,MN,2,0,2,137,0,ALCO,4,7,July,2010,1,Sunday,15,45,0,3,4,13,46.71701111,-92.28022500,12,1,0,10,0,0,1,0
270165,MINNESOTA,MN,2,0,4,111,0,GRAHAM,5,7,July,2010,2,Monday,23,18,1,2,2,685,46.57444722,-95.53777778,12,2,0,10,0,0,2,0
270166,MINNESOTA,MN,1,1,2,95,0,ALBERTVILLE,1,7,July,2010,5,Thursday,22,52,0,6,4,98,46.18422778,-93.75612500,8,3,0,1,0,0,1,0
270167,MINNESOTA,MN,1,0,1,111,0,GRAHAM,6,7,July,2010,3,Tuesday,21,22,0,6,5,11,46.61614722,-95.75212500,1,1,0,1,0,0,1,1
270168,MINNESOTA,MN,1,0,1,61,0,BELLWOOD,8,7,July,2010,5,Thursday,5,50,0,4,3,979,47.53632778,-93.79575556,1,1,0,1,0,0,1,0
270169,MINNESOTA,MN,2,0,4,41,0,BRANTLEY,8,7,July,2010,5,Thursday,17,45,0,4,4,8,45.94074167,-95.47841111,12,1,0,1,0,0,1,0
270170,MINNESOTA,MN,2,0,6,91,0,DAYTON,10,7,July,2010,7,Saturday,5,50,0,4,4,172,43.74673333,-94.61454444,12,1,0,1,0,0,5,1
270171,MINNESOTA,MN,2,0,3,111,2360,GRAHAM,10,7,July,2010,7,Saturday,17,51,0,13,6,2,46.28960000,-96.11690833,12,1,0,1,0,0,1,0
270172,MINNESOTA,MN,2,0,2,141,0,BEE BRANCH,11,7,July,2010,1,Sunday,12,36,1,2,2,1708,45.50164444,-93.58395278,12,1,0,1,0,0,1,0
270173,MINNESOTA,MN,1,0,1,171,0,ALDORA,11,7,July,2010,1,Sunday,6,20,0,5,4,6,45.16117500,-93.95124722,1,6,0,1,0,0,1,1
270174,MINNESOTA,MN,1,0,1,139,0,CALION,12,7,July,2010,2,Monday,19,54,1,2,2,1023,44.71396667,-93.58870833,1,1,0,1,0,0,1,1
270175,MINNESOTA,MN,2,0,4,89,0,BROWNSBORO,12,7,July,2010,2,Monday,20,27,0,5,4,92,48.34135000,-96.41302778,12,1,0,1,0,0,1,0
270176,MINNESOTA,MN,2,0,2,7,0,BIBB,15,6,June,2010,3,Tuesday,16,31,0,3,3,201,47.78937778,-95.01322500,12,1,0,10,0,0,1,0
270177,MINNESOTA,MN,1,0,5,53,4760,ATMORE,13,7,July,2010,3,Tuesday,3,34,0,15,6,10,45.02046944,-93.22806944,30,3,0,1,0,0,2,0
270178,MINNESOTA,MN,2,0,3,37,3990,BRADFORD,13,7,July,2010,3,Tuesday,16,36,0,14,4,10,44.68142500,-93.29904444,12,1,0,10,0,0,1,0
270179,MINNESOTA,MN,2,0,2,63,0,BOLIGEE,14,7,July,2010,4,Wednesday,11,17,1,1,1,738,43.63964722,-94.99498056,12,1,0,10,0,0,1,0
270180,MINNESOTA,MN,3,0,4,19,7230,CEDAR BLUFF,14,7,July,2010,4,Wednesday,12,53,0,3,3,311,44.83524722,-93.80851667,12,1,0,1,0,0,1,0