ST_CASE,State Name,State Abbreviation,VE_TOTAL,Pedestrains,Total_Persons_in_accident,COUNTY,CITY,City_County_Name,Calendar_DAY,MONTH,Month_Name,YEAR,DAY_WEEK,Day_Week_desc,HOUR,MINUTE,NHS_Desc,trafficway,ROUTE,MILEPT,LATITUDE,LONGITUD,First_Crash_event,Light_cond_desc,Weather_condition,WEATHER,SCH_BUS,Crash_cause,FATALS,DRUNK_DR
270340,MINNESOTA,MN,2,0,2,145,6250,BALD KNOB,22,11,November,2010,2,Monday,16,34,0,14,4,8,45.52594722,-94.19340556,12,3,0,10,0,0,1,0
270342,MINNESOTA,MN,2,0,2,9,0,BLOUNT,23,11,November,2010,3,Tuesday,8,26,0,4,4,62,45.73549167,-93.82382222,12,1,0,10,0,0,1,0
270343,MINNESOTA,MN,1,1,1,53,4760,ATMORE,23,11,November,2010,3,Tuesday,9,30,0,14,4,123,44.94836111,-93.27965833,8,1,0,1,0,0,1,0
270344,MINNESOTA,MN,1,0,1,47,0,BROWNS,27,11,November,2010,7,Saturday,4,28,0,4,3,18,43.76033056,-93.28146389,1,2,0,1,0,0,1,1
270345,MINNESOTA,MN,1,2,2,109,5960,ANSLEY,27,11,November,2010,7,Saturday,0,2,0,13,2,404,44.01930833,-92.46292222,8,3,0,1,0,0,1,1
270346,MINNESOTA,MN,1,0,1,25,0,BARLOW BEND,26,11,November,2010,6,Friday,22,40,0,4,4,5,45.68570000,-93.02129722,43,2,0,1,0,0,1,1
270347,MINNESOTA,MN,2,0,3,119,0,BELLAMY,29,11,November,2010,2,Monday,14,10,0,5,4,82,47.60349167,-95.72738333,12,1,11,4,0,0,2,0
270348,MINNESOTA,MN,1,0,1,35,1565,BROOKLYN,28,11,November,2010,1,Sunday,12,40,0,3,4,9,46.68169444,-94.11138056,42,1,0,1,0,0,1,0
270349,MINNESOTA,MN,2,0,2,7,0,BIBB,8,10,October,2010,6,Friday,16,5,0,4,4,83,47.72986389,-94.52010278,12,1,0,1,0,0,1,0
270350,MINNESOTA,MN,2,0,2,87,0,ARMSTRONG,4,12,December,2010,7,Saturday,2,44,1,2,2,2932,47.25655833,-95.93328889,12,2,0,4,0,0,1,1
270351,MINNESOTA,MN,2,0,3,139,6450,CALION,30,11,November,2010,3,Tuesday,10,1,1,13,4,60,44.74638056,-93.37984722,12,1,10,4,0,0,1,0
270352,MINNESOTA,MN,1,1,3,53,821,ATMORE,18,7,July,2010,1,Sunday,21,39,0,14,4,66,45.06582500,-93.36570556,8,2,0,10,0,0,1,0
270353,MINNESOTA,MN,3,0,5,53,4760,ATMORE,5,12,December,2010,1,Sunday,0,33,0,14,4,41,44.99911944,-93.28020833,12,3,0,10,0,0,3,1
270354,MINNESOTA,MN,2,0,2,137,5780,ALCO,5,12,December,2010,1,Sunday,13,59,1,13,2,2589,46.74391667,-92.22424722,1,1,0,1,0,0,1,0
270355,MINNESOTA,MN,1,0,2,63,0,BOLIGEE,8,12,December,2010,4,Wednesday,3,15,1,2,2,10,43.51535556,-94.99440556,30,2,0,10,0,0,1,0
270356,MINNESOTA,MN,2,0,2,25,0,BARLOW BEND,13,12,December,2010,2,Monday,8,4,0,4,4,7,45.39344722,-93.00463333,12,1,0,1,0,0,1,0
270357,MINNESOTA,MN,2,0,4,21,0,CHILTON,12,12,December,2010,1,Sunday,18,8,0,6,4,86,47.14658889,-94.17947222,12,2,0,1,0,0,1,0
270358,MINNESOTA,MN,2,0,3,37,4673,BRADFORD,17,12,December,2010,6,Friday,1,2,1,11,1,1003,44.87235000,-93.14398333,12,3,0,10,0,0,1,2
270359,MINNESOTA,MN,4,0,7,137,0,ALCO,18,12,December,2010,7,Saturday,14,19,1,2,2,128,46.85291667,-92.28042222,12,1,0,1,0,0,1,0
270360,MINNESOTA,MN,3,0,4,53,675,ATMORE,13,12,December,2010,2,Monday,13,43,0,14,4,350,44.83128333,-93.27845278,12,1,0,1,0,0,1,0
270361,MINNESOTA,MN,2,0,7,53,2008,ATMORE,20,12,December,2010,2,Monday,20,2,0,14,3,151,44.88618889,-93.52073333,12,3,0,4,0,0,1,0
270362,MINNESOTA,MN,1,0,3,9,0,BLOUNT,21,12,December,2010,3,Tuesday,9,6,1,2,2,1627,45.78748333,-94.25330556,1,1,0,10,0,0,1,0
270363,MINNESOTA,MN,2,0,6,59,0,FRANKLIN,23,12,December,2010,5,Thursday,17,35,0,3,3,531,45.70659444,-93.19255000,12,3,0,10,0,0,1,0
270364,MINNESOTA,MN,3,0,3,143,0,CANEHILL,20,12,December,2010,2,Monday,12,11,0,3,3,1130,44.54312500,-94.31093889,12,1,11,4,0,0,1,0
270365,MINNESOTA,MN,1,0,1,119,4360,BELLAMY,29,12,December,2010,4,Wednesday,18,31,1,2,2,626,47.63650833,-95.89516944,1,2,0,10,0,0,1,1
270366,MINNESOTA,MN,3,0,3,139,6510,CALION,20,12,December,2010,2,Monday,19,59,0,14,4,51,44.75765278,-93.50525833,12,3,4,4,0,0,1,0
270367,MINNESOTA,MN,1,1,1,137,3255,ALCO,30,12,December,2010,5,Thursday,5,8,0,15,6,25,46.82206111,-92.22731667,8,2,0,5,0,0,1,0
270368,MINNESOTA,MN,2,0,2,145,0,BALD KNOB,30,12,December,2010,5,Thursday,14,9,1,1,1,1230,45.75958333,-95.01815000,12,1,0,4,0,0,1,0
270369,MINNESOTA,MN,2,0,2,99,0,BEATRICE,30,12,December,2010,5,Thursday,17,42,1,2,2,250,43.80501111,-92.48968056,12,2,0,5,0,0,1,1
270370,MINNESOTA,MN,1,1,1,7,530,BIBB,28,12,December,2010,3,Tuesday,6,5,0,15,4,91,47.47264722,-94.88971111,8,2,0,10,0,0,1,0
270371,MINNESOTA,MN,2,0,2,35,0,BROOKLYN,30,12,December,2010,5,Thursday,0,26,0,3,4,116,46.51445278,-94.13221389,12,2,0,7,0,0,1,0
270372,MINNESOTA,MN,1,0,1,141,0,BEE BRANCH,18,5,May,2010,3,Tuesday,21,53,0,4,4,25,45.53878889,-93.55633056,1,5,0,1,0,0,1,1
270373,MINNESOTA,MN,1,0,1,147,0,AUGUSTA,21,5,May,2010,6,Friday,4,51,0,5,4,5,44.16720000,-93.38684722,35,2,0,10,0,0,1,0
270374,MINNESOTA,MN,1,0,1,17,0,CHAMBERS,28,7,July,2010,4,Wednesday,7,0,0,6,4,78,46.45401944,-92.37439167,1,1,0,98,0,0,1,1
270375,MINNESOTA,MN,1,0,1,17,0,CHAMBERS,9,1,January,2010,7,Saturday,22,6,0,6,5,6,46.70032500,-92.60551389,48,8,0,98,0,0,1,1
270376,MINNESOTA,MN,1,0,1,125,0,BROOKWOOD,14,2,February,2010,1,Sunday,0,33,0,4,4,15,47.78161111,-96.13875833,35,6,0,1,0,0,1,1
270377,MINNESOTA,MN,1,0,1,145,0,BALD KNOB,17,3,March,2010,4,Wednesday,15,26,0,6,5,13,45.50291667,-94.78851389,11,8,0,1,0,0,1,0
270378,MINNESOTA,MN,1,0,2,57,0,BANKSTON,1,5,May,2010,7,Saturday,18,0,0,6,8,151,47.12356389,-94.69296944,42,8,10,2,0,0,1,1
270379,MINNESOTA,MN,2,0,2,161,0,DENTON,29,5,May,2010,7,Saturday,18,10,0,6,5,20,43.94895556,-93.52662500,12,8,0,1,0,0,1,2
270380,MINNESOTA,MN,2,0,2,137,1900,ALCO,31,12,December,2010,6,Friday,14,42,0,14,4,21,46.75947500,-92.19188333,12,1,0,10,0,0,1,0
270381,MINNESOTA,MN,1,0,1,3,2560,BALDWIN,7,10,October,2010,5,Thursday,5,15,0,3,4,41,45.09096389,-93.27586111,1,3,0,1,0,0,1,0
270382,MINNESOTA,MN,1,0,1,137,1900,ALCO,18,11,November,2010,5,Thursday,13,28,0,15,6,5,46.74061111,-92.15848333,33,1,0,1,0,0,1,0
280001,MISSISSIPPI,MS,2,0,5,73,0,ARGO,1,1,January,2010,6,Friday,0,17,1,2,2,99998,31.28951667,-89.59238889,12,2,10,2,0,0,1,1
280002,MISSISSIPPI,MS,1,0,1,121,1920,BON AIR,1,1,January,2010,6,Friday,3,41,1,1,1,680,32.29754444,-89.81035833,42,2,0,2,0,0,1,1
280003,MISSISSIPPI,MS,1,0,1,15,0,ANNISTON,1,1,January,2010,6,Friday,16,29,1,2,2,99998,33.51019722,-90.09269722,1,1,0,1,0,0,1,0
280004,MISSISSIPPI,MS,2,0,3,121,300,BON AIR,1,1,January,2010,6,Friday,22,21,0,19,3,99998,32.30260556,-89.99416389,12,2,0,1,0,0,1,1
280005,MISSISSIPPI,MS,1,0,3,11,0,BULLOCK,4,1,January,2010,2,Monday,8,0,0,4,3,99998,33.88908611,-91.00070000,35,1,0,4,0,0,2,0
280006,MISSISSIPPI,MS,1,0,1,127,0,BURNWELL,4,1,January,2010,2,Monday,8,14,0,4,3,99998,32.01375278,-89.95019722,42,1,0,10,0,0,1,0
280007,MISSISSIPPI,MS,1,0,1,7,0,BIBB,4,1,January,2010,2,Monday,13,6,0,4,3,99998,33.00481389,-89.40411944,1,1,0,1,0,0,1,0
280008,MISSISSIPPI,MS,2,0,4,93,1140,BEAR CREEK,5,1,January,2010,3,Tuesday,7,41,0,16,3,99998,34.77341389,-89.44851667,12,1,0,1,1,0,1,0
280009,MISSISSIPPI,MS,1,0,1,105,0,MARION,5,1,January,2010,3,Tuesday,22,12,0,4,3,99998,33.48432500,-88.63490556,34,3,0,1,0,0,1,0
280010,MISSISSIPPI,MS,1,0,1,143,0,CANEHILL,6,1,January,2010,4,Wednesday,3,38,1,2,2,99998,34.80964444,-90.31015000,42,2,0,1,0,0,1,0
280011,MISSISSIPPI,MS,1,0,2,5,0,BAKER HILL,6,1,January,2010,4,Wednesday,23,9,0,4,4,0,31.05241944,-90.98035833,38,2,0,10,0,0,1,1
280012,MISSISSIPPI,MS,1,1,1,109,0,ANSLEY,7,1,January,2010,5,Thursday,4,5,1,2,1,99998,30.50370833,-89.66938056,8,2,0,10,0,0,1,0
280013,MISSISSIPPI,MS,1,0,1,107,0,CARROLLTON,7,1,January,2010,5,Thursday,7,57,0,3,2,99998,34.39136389,-89.92833056,35,1,0,4,0,0,1,0
280014,MISSISSIPPI,MS,1,0,1,73,0,ARGO,7,1,January,2010,5,Thursday,8,13,0,4,3,99998,31.13176389,-89.37275000,1,1,0,10,0,0,1,0
280015,MISSISSIPPI,MS,1,0,2,75,1590,BEAVERTON,9,1,January,2010,7,Saturday,15,6,0,19,3,99998,32.41605278,-88.67872222,34,1,0,1,0,0,1,0
280016,MISSISSIPPI,MS,1,0,6,161,0,DENTON,10,1,January,2010,1,Sunday,0,30,0,4,4,0,34.04650833,-89.76001667,24,2,0,1,0,0,1,1
280017,MISSISSIPPI,MS,2,0,2,67,0,ABBEVILLE,10,1,January,2010,1,Sunday,1,17,0,4,3,99998,31.78423611,-89.32978056,12,2,0,1,0,0,2,1
280018,MISSISSIPPI,MS,2,2,2,73,1440,ARGO,11,1,January,2010,2,Monday,9,44,0,16,2,99998,31.02171389,-89.44973889,8,1,0,3,0,0,3,0
280019,MISSISSIPPI,MS,1,0,1,95,0,ALBERTVILLE,11,1,January,2010,2,Monday,23,53,1,2,2,99998,33.77533056,-88.45736389,1,2,0,1,0,0,1,1
280020,MISSISSIPPI,MS,1,0,2,127,0,BURNWELL,12,1,January,2010,3,Tuesday,16,2,0,4,4,0,31.79981111,-89.68212500,10,1,0,1,0,0,2,0
280021,MISSISSIPPI,MS,1,0,1,11,0,BULLOCK,13,1,January,2010,4,Wednesday,15,21,0,4,3,99998,33.93225000,-90.95752778,1,1,0,1,0,0,1,0
280022,MISSISSIPPI,MS,1,0,1,47,1020,BROWNS,13,1,January,2010,4,Wednesday,16,58,0,16,6,0,30.44974722,-89.03203333,34,1,0,1,0,0,1,1
280023,MISSISSIPPI,MS,2,0,2,69,650,ASHFORD,15,1,January,2010,6,Friday,19,0,0,16,3,99998,32.77451944,-88.63711667,12,3,0,1,0,0,1,0
280024,MISSISSIPPI,MS,1,1,1,49,1220,COLLINSVILLE,18,1,January,2010,2,Monday,6,28,0,16,6,0,32.34870556,-90.23984444,8,1,0,1,0,0,1,0
280025,MISSISSIPPI,MS,1,0,1,67,0,ABBEVILLE,18,1,January,2010,2,Monday,19,17,0,4,3,99998,31.66419444,-89.24070000,42,2,0,1,0,0,1,0
280026,MISSISSIPPI,MS,2,0,3,35,1050,BROOKLYN,19,1,January,2010,3,Tuesday,16,17,0,16,2,99998,31.28518889,-89.29743333,12,1,0,1,0,0,2,0
280027,MISSISSIPPI,MS,1,0,3,49,0,COLLINSVILLE,19,1,January,2010,3,Tuesday,19,4,0,13,3,99998,32.34711944,-90.36676389,42,2,0,1,0,0,2,1
280028,MISSISSIPPI,MS,1,0,2,75,0,BEAVERTON,20,1,January,2010,4,Wednesday,8,35,1,1,1,99998,32.34882500,-88.80300556,1,1,0,1,0,0,2,0
280029,MISSISSIPPI,MS,1,0,3,125,0,BROOKWOOD,21,1,January,2010,5,Thursday,13,37,0,4,3,99998,32.99480556,-90.68235278,1,1,0,1,0,0,1,0
280030,MISSISSIPPI,MS,1,1,1,5,0,BAKER HILL,21,1,January,2010,5,Thursday,21,53,0,4,4,0,31.19453889,-90.53968056,8,2,0,1,0,0,1,0
280031,MISSISSIPPI,MS,1,0,1,47,1020,BROWNS,22,1,January,2010,6,Friday,18,26,0,14,6,0,30.36000000,-89.12318611,10,2,0,1,0,0,1,0
280032,MISSISSIPPI,MS,2,0,3,1,0,AUTAUGA,23,1,January,2010,7,Saturday,1,39,1,2,2,99998,31.53260278,-91.39238889,12,2,0,1,0,0,2,1
280033,MISSISSIPPI,MS,1,0,1,49,0,COLLINSVILLE,24,1,January,2010,1,Sunday,2,12,0,4,4,0,32.33450278,-90.43829444,42,2,0,2,0,0,1,1
280034,MISSISSIPPI,MS,2,0,3,77,0,ANDERSON,25,1,January,2010,2,Monday,9,12,0,4,3,99998,99.99990000,999.99990000,12,1,0,1,0,0,1,0
280035,MISSISSIPPI,MS,1,0,1,35,0,BROOKLYN,25,1,January,2010,2,Monday,23,46,0,4,4,0,31.39632222,-89.22228889,42,2,0,1,0,0,1,1
280036,MISSISSIPPI,MS,2,0,2,65,0,CYPRESS,28,1,January,2010,5,Thursday,19,15,0,4,3,99998,31.55169722,-89.82941111,12,2,0,1,0,0,1,0
280037,MISSISSIPPI,MS,1,1,1,49,1220,COLLINSVILLE,28,1,January,2010,5,Thursday,20,5,0,13,2,0,32.28413056,-90.19300000,8,2,0,1,0,0,1,0
280038,MISSISSIPPI,MS,1,0,1,49,0,COLLINSVILLE,29,1,January,2010,6,Friday,14,36,0,4,4,0,32.54410000,-90.39709444,42,1,0,2,0,0,1,0
280039,MISSISSIPPI,MS,1,0,4,33,0,CHEROKEE,30,1,January,2010,7,Saturday,1,51,1,1,1,99998,34.82340278,-89.97582778,34,2,0,3,0,0,1,0
280040,MISSISSIPPI,MS,2,0,6,39,0,ANDALUSIA,31,1,January,2010,1,Sunday,2,4,1,2,2,99998,30.95163889,-88.54994444,12,2,0,1,0,0,1,1
280041,MISSISSIPPI,MS,1,0,2,79,0,COURTLAND,31,1,January,2010,1,Sunday,2,53,1,2,3,99998,32.74649722,-89.60191667,42,2,0,1,0,0,1,1
280042,MISSISSIPPI,MS,2,0,2,81,0,AUBURN,1,2,February,2010,2,Monday,16,45,0,3,3,99998,34.48427500,-88.64966944,12,1,10,2,0,0,1,0
280043,MISSISSIPPI,MS,2,0,5,39,0,ANDALUSIA,2,2,February,2010,3,Tuesday,16,58,0,4,4,0,30.93201111,-88.51332778,12,1,0,1,0,0,1,0
280044,MISSISSIPPI,MS,1,0,4,75,1590,BEAVERTON,4,2,February,2010,5,Thursday,18,58,0,16,6,0,32.44503056,-88.67129722,42,2,0,2,0,0,1,0
280045,MISSISSIPPI,MS,1,0,2,15,0,ANNISTON,5,2,February,2010,6,Friday,6,30,0,4,3,99998,33.42341944,-89.84576111,42,4,0,2,0,0,1,0
280046,MISSISSIPPI,MS,1,0,2,89,0,BROWNSBORO,6,2,February,2010,7,Saturday,10,6,1,1,1,99998,32.41141389,-90.16080278,42,1,0,1,0,0,1,0
280047,MISSISSIPPI,MS,1,0,2,49,1220,COLLINSVILLE,8,2,February,2010,2,Monday,1,4,0,16,6,0,32.29761667,-90.17693889,25,3,0,1,0,0,1,1
280048,MISSISSIPPI,MS,1,0,2,155,0,IRWIN,8,2,February,2010,2,Monday,8,55,0,4,3,99998,33.55287500,-89.12321944,42,1,0,1,0,0,1,0
280049,MISSISSIPPI,MS,1,0,1,59,0,FRANKLIN,8,2,February,2010,2,Monday,15,55,0,4,4,0,30.70723056,-88.79013056,1,1,0,10,0,0,1,0
280050,MISSISSIPPI,MS,2,0,2,107,0,CARROLLTON,8,2,February,2010,2,Monday,17,58,0,13,2,99998,34.27158056,-89.93854444,12,2,0,2,0,0,1,1
280051,MISSISSIPPI,MS,1,1,2,59,0,FRANKLIN,10,2,February,2010,4,Wednesday,19,0,0,4,4,0,30.47375278,-88.76004722,8,2,0,1,0,0,1,0
280052,MISSISSIPPI,MS,1,1,1,109,1950,ANSLEY,11,2,February,2010,5,Thursday,19,25,0,16,6,0,30.52814722,-89.65813611,8,2,0,2,0,0,1,0
280053,MISSISSIPPI,MS,2,0,3,49,1220,COLLINSVILLE,12,2,February,2010,6,Friday,15,25,0,16,6,0,32.32055000,-90.19430000,12,1,0,2,0,0,1,0
280054,MISSISSIPPI,MS,1,0,1,101,0,BOYLSTON,13,2,February,2010,7,Saturday,11,38,0,4,3,99998,32.41128889,-89.08204167,1,1,0,1,0,0,1,0
280055,MISSISSIPPI,MS,2,0,4,49,1220,COLLINSVILLE,13,2,February,2010,7,Saturday,23,6,1,11,1,99998,32.27998611,-90.21238889,12,3,0,1,0,0,1,0
280056,MISSISSIPPI,MS,2,0,3,7,0,BIBB,13,2,February,2010,7,Saturday,21,20,0,4,3,99998,33.13017500,-90.07777222,12,2,0,1,0,0,1,0
280057,MISSISSIPPI,MS,1,0,1,13,0,BOLLING,14,2,February,2010,1,Sunday,6,47,0,4,3,99998,34.04818056,-89.37343611,42,1,0,1,0,0,1,0
280058,MISSISSIPPI,MS,2,0,3,67,0,ABBEVILLE,14,2,February,2010,1,Sunday,19,57,0,4,4,0,31.76980556,-89.15804444,12,2,0,1,0,0,1,0
280059,MISSISSIPPI,MS,2,0,4,27,0,ASHLAND,14,2,February,2010,1,Sunday,20,59,1,2,2,99998,34.24558056,-90.52760000,12,2,0,1,0,0,1,0
280060,MISSISSIPPI,MS,1,0,1,111,0,GRAHAM,15,2,February,2010,2,Monday,17,40,0,3,3,99998,31.22021389,-88.91780278,42,1,0,1,0,0,1,0
280061,MISSISSIPPI,MS,2,0,2,79,0,COURTLAND,16,2,February,2010,3,Tuesday,9,23,1,2,3,99998,32.69768333,-89.63112222,12,1,0,1,0,0,1,0
280062,MISSISSIPPI,MS,2,0,2,151,990,FLIPPEN,16,2,February,2010,3,Tuesday,15,22,0,16,6,0,33.44363056,-91.03818056,12,1,0,1,0,0,1,0
280063,MISSISSIPPI,MS,1,0,1,109,0,ANSLEY,18,2,February,2010,5,Thursday,1,30,0,4,3,99998,30.66360833,-89.42974167,1,2,0,1,0,0,1,1
280064,MISSISSIPPI,MS,2,0,5,139,0,CALION,18,2,February,2010,5,Thursday,7,14,0,4,3,99998,34.84881944,-88.99844167,12,1,0,1,0,0,1,0
280065,MISSISSIPPI,MS,1,0,1,53,0,ATMORE,18,2,February,2010,5,Thursday,16,55,0,4,3,99998,33.18368056,-90.59618056,1,1,0,1,0,0,1,1
280066,MISSISSIPPI,MS,1,1,1,89,2130,BROWNSBORO,19,2,February,2010,6,Friday,2,25,0,16,2,99998,32.42369444,-90.13179167,9,2,0,1,0,0,1,0
280067,MISSISSIPPI,MS,1,0,1,33,0,CHEROKEE,19,2,February,2010,6,Friday,6,48,1,2,2,99998,34.90500833,-90.19453611,32,1,0,1,0,0,1,0
280068,MISSISSIPPI,MS,1,0,1,25,0,BARLOW BEND,20,2,February,2010,7,Saturday,18,37,0,4,3,99998,33.71466667,-88.81703889,1,2,0,1,0,0,1,0
280069,MISSISSIPPI,MS,1,0,1,117,0,BIRMINGHAM,21,2,February,2010,1,Sunday,17,18,0,4,4,0,34.60424722,-88.52684444,1,5,0,1,0,0,1,1
280070,MISSISSIPPI,MS,1,0,1,33,0,CHEROKEE,22,2,February,2010,2,Monday,13,37,1,1,1,99998,34.97223889,-90.00081667,1,1,0,1,0,0,1,0
280071,MISSISSIPPI,MS,1,0,4,75,1590,BEAVERTON,8,2,February,2010,2,Monday,16,34,0,16,2,99998,32.36365000,-88.67636111,34,1,0,1,0,0,2,0
280072,MISSISSIPPI,MS,1,0,3,93,370,BEAR CREEK,15,2,February,2010,2,Monday,17,40,0,16,3,99998,34.76798611,-89.67028056,1,5,0,1,0,0,1,1
280073,MISSISSIPPI,MS,1,0,1,93,0,BEAR CREEK,16,2,February,2010,3,Tuesday,1,22,0,4,4,0,34.95985833,-89.44120000,34,2,0,1,0,0,1,0
280074,MISSISSIPPI,MS,2,0,4,73,0,ARGO,22,2,February,2010,2,Monday,18,45,0,4,3,99998,31.35963889,-89.27983889,12,2,0,1,0,0,2,0
280075,MISSISSIPPI,MS,2,0,3,35,1050,BROOKLYN,25,2,February,2010,5,Thursday,12,55,1,2,2,99998,31.35114444,-89.33986667,12,1,0,1,0,0,1,0
280076,MISSISSIPPI,MS,2,0,5,39,0,ANDALUSIA,26,2,February,2010,6,Friday,19,9,0,4,4,0,30.87040278,-88.55091944,12,2,0,1,0,0,1,0
280077,MISSISSIPPI,MS,1,0,1,105,2430,MARION,26,2,February,2010,6,Friday,21,23,0,13,3,99998,33.47834722,-88.85167222,35,2,0,1,0,0,1,1
280078,MISSISSIPPI,MS,1,0,2,123,0,ALEXANDER CITY,27,2,February,2010,7,Saturday,11,10,1,1,1,99998,32.32790278,-89.45420278,42,1,0,1,0,0,1,0
280079,MISSISSIPPI,MS,1,0,2,7,0,BIBB,28,2,February,2010,1,Sunday,10,50,0,4,3,99998,32.95286389,-89.31747500,1,1,0,1,0,0,1,0
280080,MISSISSIPPI,MS,2,0,2,47,1020,BROWNS,1,3,March,2010,2,Monday,15,39,0,16,6,0,30.40065833,-89.02674444,12,1,0,2,0,0,1,0
280081,MISSISSIPPI,MS,1,1,1,47,1020,BROWNS,1,3,March,2010,2,Monday,22,51,0,16,6,0,30.43450278,-89.04376111,9,3,0,2,0,0,1,1
280082,MISSISSIPPI,MS,1,0,2,113,0,COTTONTON,2,3,March,2010,3,Tuesday,17,21,0,4,4,0,31.21205000,-90.42973333,42,5,0,2,0,0,1,0
280083,MISSISSIPPI,MS,1,0,2,71,0,BRIDGEPORT,5,3,March,2010,6,Friday,13,2,0,4,4,0,34.34485278,-89.62556389,42,1,0,1,0,0,2,0
280084,MISSISSIPPI,MS,1,0,3,67,0,ABBEVILLE,7,3,March,2010,1,Sunday,11,31,0,4,4,0,31.77116667,-89.37770556,43,1,0,1,0,0,1,0
280085,MISSISSIPPI,MS,1,1,1,81,2610,AUBURN,8,3,March,2010,2,Monday,18,31,0,16,6,0,34.26714722,-88.71580000,8,3,0,1,0,0,1,0
280086,MISSISSIPPI,MS,1,0,1,91,0,DAYTON,9,3,March,2010,3,Tuesday,19,25,0,3,3,99998,31.13356389,-89.73298056,34,2,0,1,0,0,1,0
280087,MISSISSIPPI,MS,2,0,3,143,0,CANEHILL,10,3,March,2010,4,Wednesday,3,41,1,2,3,99998,34.51532778,-90.42983889,12,2,0,2,0,0,1,2
280088,MISSISSIPPI,MS,1,0,1,49,0,COLLINSVILLE,12,3,March,2010,6,Friday,21,52,0,4,4,0,32.35611111,-90.23586389,1,2,0,1,0,0,1,0
280089,MISSISSIPPI,MS,2,0,2,17,0,CHAMBERS,17,3,March,2010,4,Wednesday,2,20,0,4,3,99998,33.84063889,-88.82808889,12,2,0,1,0,0,1,0
280090,MISSISSIPPI,MS,1,0,1,47,230,BROWNS,17,3,March,2010,4,Wednesday,7,39,0,16,6,0,30.44282778,-88.92570000,42,1,0,2,0,0,1,1
280091,MISSISSIPPI,MS,1,0,1,73,0,ARGO,17,3,March,2010,4,Wednesday,10,33,0,4,4,0,31.16639722,-89.58706944,42,1,0,1,0,0,1,0
280092,MISSISSIPPI,MS,2,0,2,33,0,CHEROKEE,17,3,March,2010,4,Wednesday,15,45,0,4,3,99998,34.96272500,-90.02999722,12,1,0,1,0,0,1,0
280093,MISSISSIPPI,MS,1,0,1,23,0,BLADON SPRINGS,19,3,March,2010,6,Friday,11,37,0,3,2,99998,31.97535556,-88.90711667,24,1,0,1,0,0,1,0
280094,MISSISSIPPI,MS,1,0,4,57,0,BANKSTON,20,3,March,2010,7,Saturday,4,19,0,13,2,99998,34.22017778,-88.26656389,23,2,0,1,0,0,4,0
280095,MISSISSIPPI,MS,1,0,1,145,0,BALD KNOB,20,3,March,2010,7,Saturday,22,28,0,3,2,99998,34.38793056,-88.89263333,24,2,0,2,0,0,1,1
280096,MISSISSIPPI,MS,1,0,1,59,0,FRANKLIN,22,3,March,2010,2,Monday,20,43,0,4,4,0,30.47101667,-88.55175833,42,2,0,1,0,0,1,1
280097,MISSISSIPPI,MS,1,0,2,111,0,GRAHAM,23,3,March,2010,3,Tuesday,18,34,1,2,2,99998,31.16713056,-88.91728889,24,1,0,1,0,0,2,1
280098,MISSISSIPPI,MS,2,0,2,141,170,BEE BRANCH,24,3,March,2010,4,Wednesday,14,45,0,6,6,0,34.51355833,-88.21283333,12,1,0,1,0,0,1,0
280099,MISSISSIPPI,MS,1,0,1,109,0,ANSLEY,24,3,March,2010,4,Wednesday,21,45,0,4,4,0,30.60363889,-89.68517222,34,2,0,1,0,0,1,0
280100,MISSISSIPPI,MS,1,1,1,83,0,ARDMORE,25,3,March,2010,5,Thursday,2,5,1,2,2,99998,33.52694167,-90.21393333,8,2,0,1,0,0,1,0
280101,MISSISSIPPI,MS,2,0,3,93,0,BEAR CREEK,25,3,March,2010,5,Thursday,4,33,0,4,4,0,34.83117222,-89.64453333,12,2,0,1,0,0,1,2
280102,MISSISSIPPI,MS,2,0,5,49,1220,COLLINSVILLE,25,3,March,2010,5,Thursday,7,40,1,1,1,99998,32.33319722,-90.16291667,12,1,10,2,0,0,1,0
280103,MISSISSIPPI,MS,1,0,3,51,0,CENTRAL,25,3,March,2010,5,Thursday,16,40,1,1,1,99998,32.93154167,-89.98811111,42,1,0,1,0,0,1,0
280104,MISSISSIPPI,MS,1,0,1,35,0,BROOKLYN,26,3,March,2010,6,Friday,5,45,1,2,2,99998,31.36367778,-89.35318056,42,2,0,1,0,0,1,0
280105,MISSISSIPPI,MS,1,0,1,47,1020,BROWNS,26,3,March,2010,6,Friday,14,43,0,16,6,0,30.38024167,-89.09551667,10,1,0,1,0,0,1,0
280106,MISSISSIPPI,MS,1,0,1,49,0,COLLINSVILLE,26,3,March,2010,6,Friday,19,48,0,3,3,99998,32.43753333,-90.46357222,42,2,0,1,0,0,1,1
280107,MISSISSIPPI,MS,2,0,4,49,1220,COLLINSVILLE,26,3,March,2010,6,Friday,22,44,0,16,6,0,32.29672778,-90.17820556,12,3,0,1,0,0,1,1
280108,MISSISSIPPI,MS,1,0,3,143,0,CANEHILL,26,3,March,2010,6,Friday,22,33,1,1,2,99998,34.67338333,-90.37623889,1,2,0,1,0,0,1,0