ST_CASE,State Name,State Abbreviation,VE_TOTAL,Pedestrains,Total_Persons_in_accident,COUNTY,CITY,City_County_Name,Calendar_DAY,MONTH,Month_Name,YEAR,DAY_WEEK,Day_Week_desc,HOUR,MINUTE,NHS_Desc,trafficway,ROUTE,MILEPT,LATITUDE,LONGITUD,First_Crash_event,Light_cond_desc,Weather_condition,WEATHER,SCH_BUS,Crash_cause,FATALS,DRUNK_DR
280264,MISSISSIPPI,MS,1,0,1,143,0,CANEHILL,3,7,July,2010,7,Saturday,20,48,0,4,4,0,34.70598611,-90.46095278,1,2,0,1,0,0,1,1
280265,MISSISSIPPI,MS,2,0,7,73,0,ARGO,4,7,July,2010,1,Sunday,0,33,1,1,1,99998,31.12908056,-89.37330833,12,2,0,1,0,0,2,0
280266,MISSISSIPPI,MS,1,0,2,87,0,ARMSTRONG,5,7,July,2010,2,Monday,1,18,0,4,3,99998,33.66087222,-88.45676389,1,2,0,1,0,0,1,1
280267,MISSISSIPPI,MS,1,0,2,39,0,ANDALUSIA,5,7,July,2010,2,Monday,2,57,0,4,4,0,30.93033611,-88.55214444,42,2,0,1,0,0,1,0
280268,MISSISSIPPI,MS,2,0,6,155,0,IRWIN,8,7,July,2010,5,Thursday,15,48,1,2,2,99998,33.54046389,-89.13941944,12,1,0,1,0,0,1,0
280269,MISSISSIPPI,MS,1,0,1,33,2422,CHEROKEE,8,7,July,2010,5,Thursday,23,31,0,16,6,0,34.94614167,-89.95442500,34,2,0,1,0,0,1,1
280270,MISSISSIPPI,MS,1,0,1,67,0,ABBEVILLE,9,7,July,2010,6,Friday,8,11,0,4,3,99998,31.48628333,-89.01852500,35,1,0,1,0,0,1,0
280271,MISSISSIPPI,MS,1,0,2,35,0,BROOKLYN,9,7,July,2010,6,Friday,12,28,1,2,2,99998,31.04810000,-89.20297500,42,1,0,1,0,0,1,0
280272,MISSISSIPPI,MS,2,0,5,25,0,BARLOW BEND,9,7,July,2010,6,Friday,13,35,0,4,3,99998,33.58541667,-88.51053611,12,1,0,1,0,0,1,0
280273,MISSISSIPPI,MS,2,0,4,121,300,BON AIR,9,7,July,2010,6,Friday,16,15,1,1,1,99998,32.27780833,-89.92137778,12,1,0,1,0,0,1,0
280274,MISSISSIPPI,MS,2,0,3,3,0,BALDWIN,9,7,July,2010,6,Friday,16,47,1,2,2,99998,34.93141944,-88.70434167,12,1,0,10,0,0,1,0
280275,MISSISSIPPI,MS,1,0,1,147,0,AUGUSTA,10,7,July,2010,7,Saturday,4,19,0,4,4,0,31.19356667,-90.18693889,42,2,0,1,0,0,1,0
280276,MISSISSIPPI,MS,1,0,3,33,0,CHEROKEE,10,7,July,2010,7,Saturday,11,25,1,1,1,99998,34.85070278,-89.98699722,42,1,0,1,0,0,2,0
280277,MISSISSIPPI,MS,1,0,1,93,0,BEAR CREEK,11,7,July,2010,1,Sunday,7,45,0,4,4,0,34.65283889,-89.63376111,34,1,0,1,0,0,1,1
280278,MISSISSIPPI,MS,1,0,1,59,0,FRANKLIN,11,7,July,2010,1,Sunday,20,22,0,4,3,99998,30.45315833,-88.71862222,42,2,0,1,0,0,1,0
280279,MISSISSIPPI,MS,2,0,3,97,2830,AXIS,15,7,July,2010,5,Thursday,12,40,1,2,2,99998,33.49770833,-89.72478333,12,1,0,1,0,0,1,0
280280,MISSISSIPPI,MS,1,1,5,91,0,DAYTON,15,7,July,2010,5,Thursday,18,50,0,4,4,0,31.17678889,-89.91434167,8,1,0,1,0,0,1,0
280281,MISSISSIPPI,MS,1,0,1,93,0,BEAR CREEK,15,7,July,2010,5,Thursday,21,39,0,4,3,99998,34.75660000,-89.67028056,42,3,0,2,0,0,1,1
280282,MISSISSIPPI,MS,1,1,1,13,0,BOLLING,17,7,July,2010,7,Saturday,4,6,0,4,3,99998,34.06357500,-89.43763611,8,2,0,1,0,0,1,0
280283,MISSISSIPPI,MS,2,0,3,71,1860,BRIDGEPORT,17,7,July,2010,7,Saturday,9,34,0,16,2,99998,34.36071667,-89.57188611,12,1,0,2,0,0,1,0
280284,MISSISSIPPI,MS,1,0,1,23,0,BLADON SPRINGS,27,3,March,2010,7,Saturday,23,0,0,4,4,0,32.14309722,-88.66683611,42,2,0,1,0,0,1,0
280285,MISSISSIPPI,MS,2,0,5,77,0,ANDERSON,11,4,April,2010,1,Sunday,9,34,0,4,4,0,31.41368333,-90.19449167,12,1,0,1,0,0,1,0
280286,MISSISSIPPI,MS,2,0,3,47,1380,BROWNS,15,4,April,2010,5,Thursday,9,46,0,16,6,0,30.36908889,-89.15943889,12,1,0,1,0,0,1,0
280287,MISSISSIPPI,MS,1,0,3,141,170,BEE BRANCH,15,5,May,2010,7,Saturday,12,33,0,16,6,0,34.50896111,-88.20856389,42,1,0,1,0,0,3,0
280288,MISSISSIPPI,MS,2,0,4,31,1700,COFFEE,25,5,May,2010,3,Tuesday,22,38,1,2,2,99998,31.68651944,-89.60210000,12,2,0,1,0,0,1,0
280289,MISSISSIPPI,MS,1,1,1,49,1220,COLLINSVILLE,31,5,May,2010,2,Monday,12,24,0,16,6,0,32.27046944,-90.22730000,8,1,0,1,0,0,1,0
280290,MISSISSIPPI,MS,1,0,1,49,0,COLLINSVILLE,11,7,July,2010,1,Sunday,0,48,1,1,1,99998,32.24460278,-90.21414722,34,2,0,1,0,0,1,1
280291,MISSISSIPPI,MS,1,0,1,147,0,AUGUSTA,14,7,July,2010,4,Wednesday,11,20,0,4,4,0,31.01143611,-89.86558889,42,1,0,1,0,0,1,0
280292,MISSISSIPPI,MS,1,0,4,47,0,BROWNS,19,7,July,2010,2,Monday,10,43,0,4,4,0,30.36333056,-89.21797500,42,1,0,1,0,0,1,0
280293,MISSISSIPPI,MS,1,0,1,51,0,CENTRAL,19,7,July,2010,2,Monday,11,52,0,4,3,99998,33.10656944,-90.02326111,34,1,0,1,0,0,1,0
280294,MISSISSIPPI,MS,1,0,1,109,0,ANSLEY,19,7,July,2010,2,Monday,19,4,0,3,3,99998,30.55656944,-89.69457222,42,1,0,2,0,0,1,0
280295,MISSISSIPPI,MS,1,0,1,99,0,BEATRICE,21,7,July,2010,4,Wednesday,4,0,0,4,3,99998,32.61190556,-89.01148889,30,2,0,1,0,0,1,0
280296,MISSISSIPPI,MS,1,1,1,39,0,ANDALUSIA,21,7,July,2010,4,Wednesday,15,0,0,4,4,0,30.96518889,-88.67706944,8,1,0,1,0,0,1,0
280297,MISSISSIPPI,MS,2,0,3,57,0,BANKSTON,21,7,July,2010,4,Wednesday,16,55,1,2,3,99998,34.36692500,-88.31758889,12,1,0,1,0,0,1,0
280298,MISSISSIPPI,MS,1,0,2,89,0,BROWNSBORO,22,7,July,2010,5,Thursday,18,59,1,12,2,99998,32.65382778,-90.01570833,42,1,0,1,0,0,1,0
280299,MISSISSIPPI,MS,1,0,5,45,0,ARITON,22,7,July,2010,5,Thursday,21,46,1,1,1,99998,30.31772778,-89.59376389,1,2,0,1,0,0,2,0
280300,MISSISSIPPI,MS,2,0,2,139,0,CALION,24,7,July,2010,7,Saturday,20,39,0,4,4,0,34.66971111,-88.84892500,12,1,0,1,0,0,1,2
280301,MISSISSIPPI,MS,2,0,2,83,0,ARDMORE,24,7,July,2010,7,Saturday,21,8,1,2,2,99998,33.60403889,-90.27928333,12,2,0,1,0,0,1,1
280302,MISSISSIPPI,MS,1,0,2,33,0,CHEROKEE,25,7,July,2010,1,Sunday,7,38,1,1,1,99998,34.89635000,-89.99111667,42,1,0,1,0,0,1,0
280303,MISSISSIPPI,MS,1,0,1,85,0,BENTON,25,7,July,2010,1,Sunday,12,11,0,4,4,0,31.58007222,-90.35782778,34,1,0,2,0,0,1,0
280304,MISSISSIPPI,MS,2,0,2,111,0,GRAHAM,25,7,July,2010,1,Sunday,16,1,0,4,3,99998,31.37379167,-89.11886111,12,1,0,1,0,0,1,0
280305,MISSISSIPPI,MS,1,0,1,111,0,GRAHAM,26,7,July,2010,2,Monday,14,0,1,2,2,99998,31.20072500,-89.04122778,42,1,0,2,0,0,1,0
280306,MISSISSIPPI,MS,2,0,2,59,1680,FRANKLIN,26,7,July,2010,2,Monday,16,28,0,16,6,0,30.40256389,-88.50955000,12,1,0,1,0,0,1,0
280307,MISSISSIPPI,MS,1,0,1,109,0,ANSLEY,27,7,July,2010,3,Tuesday,12,28,1,1,1,99998,30.47471667,-89.68268333,1,1,0,1,0,0,1,0
280308,MISSISSIPPI,MS,2,0,2,127,0,BURNWELL,30,7,July,2010,6,Friday,14,18,1,13,2,99998,31.78248333,-89.68203889,12,1,0,1,0,0,1,0
280309,MISSISSIPPI,MS,1,0,2,45,0,ARITON,30,7,July,2010,6,Friday,19,16,0,3,3,99998,30.34343611,-89.42669444,42,1,0,1,0,0,1,1
280310,MISSISSIPPI,MS,1,0,2,159,0,FARRAR,31,7,July,2010,7,Saturday,21,39,0,4,3,0,32.99290000,-89.07860833,38,2,0,1,0,0,2,1
280311,MISSISSIPPI,MS,1,0,1,107,0,CARROLLTON,16,3,March,2010,3,Tuesday,13,58,0,4,4,0,34.32068333,-90.05913611,1,1,0,1,0,0,1,1
280312,MISSISSIPPI,MS,1,0,2,49,1220,COLLINSVILLE,1,8,August,2010,1,Sunday,3,4,1,1,1,99998,32.30011944,-90.24676389,1,2,0,1,0,0,2,1
280313,MISSISSIPPI,MS,1,0,1,119,0,BELLAMY,1,8,August,2010,1,Sunday,6,55,0,4,3,99998,34.16053889,-90.49035000,38,4,0,1,0,0,1,1
280314,MISSISSIPPI,MS,2,0,2,71,0,BRIDGEPORT,1,8,August,2010,1,Sunday,8,28,0,4,2,99998,34.36104444,-89.57531111,12,1,0,1,0,0,1,0
280315,MISSISSIPPI,MS,1,0,1,9,0,BLOUNT,1,8,August,2010,1,Sunday,12,3,0,4,2,99998,34.64651944,-89.29631667,34,1,0,1,0,0,1,0
280316,MISSISSIPPI,MS,1,0,1,81,2220,AUBURN,2,8,August,2010,2,Monday,2,33,0,16,6,0,34.38109444,-88.69992222,34,2,0,1,0,0,1,1
280317,MISSISSIPPI,MS,1,0,1,45,0,ARITON,2,8,August,2010,2,Monday,23,10,0,4,4,0,30.39460556,-89.35073333,42,2,0,1,0,0,1,0
280318,MISSISSIPPI,MS,1,0,1,101,0,BOYLSTON,31,3,March,2010,4,Wednesday,18,25,0,4,4,0,32.41835278,-88.93416389,1,1,0,1,0,0,1,0
280319,MISSISSIPPI,MS,2,0,3,51,1960,CENTRAL,15,4,April,2010,5,Thursday,13,30,0,4,3,99998,32.88477778,-89.97485278,12,1,0,1,0,0,1,0
280320,MISSISSIPPI,MS,2,0,3,97,2830,AXIS,3,8,August,2010,3,Tuesday,12,0,1,13,2,99998,33.49763889,-89.72504167,12,1,0,1,0,0,1,0
280321,MISSISSIPPI,MS,1,0,2,153,0,BONAIRE,4,8,August,2010,4,Wednesday,6,13,1,2,2,99998,31.72773889,-88.56720556,1,4,0,1,0,0,1,0
280322,MISSISSIPPI,MS,1,0,1,93,0,BEAR CREEK,4,8,August,2010,4,Wednesday,10,5,0,3,3,99998,34.96348333,-89.66835000,18,1,0,1,0,0,1,0
280323,MISSISSIPPI,MS,2,0,2,107,0,CARROLLTON,4,8,August,2010,4,Wednesday,17,48,1,1,1,99998,34.26893889,-89.92466111,12,1,0,1,0,0,1,0
280324,MISSISSIPPI,MS,1,0,1,3,0,BALDWIN,4,8,August,2010,4,Wednesday,19,49,0,4,4,0,34.98644444,-88.73556389,42,1,0,1,0,0,1,1
280325,MISSISSIPPI,MS,2,0,2,157,0,ARCADE,6,8,August,2010,6,Friday,15,45,0,4,3,99998,31.06668333,-91.08189444,12,1,0,2,0,0,1,0
280326,MISSISSIPPI,MS,1,0,5,109,0,ANSLEY,7,8,August,2010,7,Saturday,9,35,1,1,1,99998,30.53812778,-89.65260000,1,1,0,1,0,0,1,0
280327,MISSISSIPPI,MS,1,1,1,49,1220,COLLINSVILLE,8,8,August,2010,1,Sunday,0,5,1,11,1,99998,32.29101389,-90.26023889,8,3,0,1,0,0,1,0
280328,MISSISSIPPI,MS,1,1,1,95,0,ALBERTVILLE,8,8,August,2010,1,Sunday,4,0,0,4,3,99998,33.82885833,-88.46122778,8,2,0,1,0,0,1,0
280329,MISSISSIPPI,MS,1,0,2,43,0,BAILEYTON,8,8,August,2010,1,Sunday,5,0,0,4,4,0,33.68576389,-89.85550278,34,2,0,1,0,0,1,1
280330,MISSISSIPPI,MS,2,0,2,127,0,BURNWELL,8,8,August,2010,1,Sunday,18,50,1,2,2,99998,31.96937500,-89.85980833,12,1,0,1,0,0,1,0
280331,MISSISSIPPI,MS,1,0,1,149,2690,BELLEVILLE,10,8,August,2010,3,Tuesday,7,54,1,2,2,99998,32.38235278,-90.82740833,24,1,0,1,0,0,1,0
280332,MISSISSIPPI,MS,2,0,2,149,2690,BELLEVILLE,11,8,August,2010,4,Wednesday,14,12,0,16,6,0,32.35302778,-90.86251389,12,1,0,1,0,0,1,0
280333,MISSISSIPPI,MS,2,0,2,121,875,BON AIR,11,8,August,2010,4,Wednesday,20,35,0,16,6,0,32.33826389,-90.09280556,12,5,0,1,0,0,1,1
280334,MISSISSIPPI,MS,2,0,2,67,800,ABBEVILLE,13,8,August,2010,6,Friday,15,4,0,16,6,0,31.61125278,-89.21919722,12,1,0,2,0,0,1,0
280335,MISSISSIPPI,MS,2,0,4,123,880,ALEXANDER CITY,13,8,August,2010,6,Friday,15,51,0,16,2,99998,32.36477500,-89.48853611,12,1,0,2,0,0,2,0
280336,MISSISSIPPI,MS,1,0,2,1,1720,AUTAUGA,7,6,June,2010,2,Monday,19,40,0,16,6,0,31.52561667,-91.39067222,1,5,0,1,0,0,1,0
280337,MISSISSIPPI,MS,1,0,1,137,0,ALCO,14,8,August,2010,7,Saturday,5,1,0,4,4,0,34.67232222,-89.78027222,42,2,0,1,0,0,1,1
280338,MISSISSIPPI,MS,1,0,2,137,0,ALCO,14,8,August,2010,7,Saturday,16,30,1,1,1,99998,34.65006667,-89.95923056,1,1,0,1,0,0,2,0
280339,MISSISSIPPI,MS,2,0,2,49,1220,COLLINSVILLE,17,8,August,2010,3,Tuesday,16,8,0,16,6,0,32.37698889,-90.13445278,12,1,0,1,0,0,1,0
280340,MISSISSIPPI,MS,2,0,2,123,0,ALEXANDER CITY,19,8,August,2010,5,Thursday,9,15,1,1,1,99998,32.32238889,-89.58835556,12,1,0,2,0,0,1,0
280341,MISSISSIPPI,MS,2,0,2,33,0,CHEROKEE,19,8,August,2010,5,Thursday,9,21,0,4,4,0,34.81616389,-90.06323611,12,1,0,1,0,0,1,0
280342,MISSISSIPPI,MS,1,0,1,93,0,BEAR CREEK,19,8,August,2010,5,Thursday,9,42,1,2,2,99998,34.72665833,-89.42364722,1,1,0,1,0,0,1,0
280343,MISSISSIPPI,MS,1,1,2,113,0,COTTONTON,21,8,August,2010,7,Saturday,22,48,0,4,4,0,31.03712500,-90.31551389,8,2,0,1,0,0,1,0
280344,MISSISSIPPI,MS,1,0,1,59,0,FRANKLIN,21,8,August,2010,7,Saturday,23,41,0,4,4,0,30.62620556,-88.44839444,35,2,0,1,0,0,1,0
280345,MISSISSIPPI,MS,1,0,2,163,0,AVERA,22,8,August,2010,1,Sunday,10,44,0,4,4,0,32.68858056,-90.62090000,1,1,0,1,0,0,1,0
280346,MISSISSIPPI,MS,1,0,1,105,0,MARION,15,4,April,2010,5,Thursday,10,45,0,4,4,0,33.44616111,-88.79137500,34,1,0,1,0,0,1,0
280347,MISSISSIPPI,MS,1,0,1,139,0,CALION,10,6,June,2010,5,Thursday,14,43,0,4,4,0,34.68672222,-88.85355833,42,1,0,1,0,0,1,0
280348,MISSISSIPPI,MS,1,0,1,137,0,ALCO,14,6,June,2010,2,Monday,6,57,0,4,4,0,34.66272222,-89.94575556,42,1,0,1,0,0,1,0
280349,MISSISSIPPI,MS,2,0,2,9,0,BLOUNT,23,8,August,2010,2,Monday,14,22,1,2,2,99998,34.94649444,-89.29713333,12,1,0,1,0,0,1,0
280350,MISSISSIPPI,MS,2,0,3,49,1220,COLLINSVILLE,25,8,August,2010,4,Wednesday,18,1,0,16,6,0,32.27234722,-90.26977778,12,1,0,1,0,0,1,0
280351,MISSISSIPPI,MS,1,0,3,47,0,BROWNS,26,8,August,2010,5,Thursday,11,28,0,4,4,0,30.58099444,-89.21465000,35,1,0,1,0,0,1,0
280352,MISSISSIPPI,MS,2,0,3,127,0,BURNWELL,28,8,August,2010,7,Saturday,20,47,0,4,3,99998,31.79608889,-89.87893611,12,2,0,2,0,0,1,1
280353,MISSISSIPPI,MS,1,0,3,29,0,BORDEN SPRINGS,29,8,August,2010,1,Sunday,20,41,1,1,1,99998,31.89162222,-90.40962778,34,2,0,1,0,0,1,0
280354,MISSISSIPPI,MS,2,0,3,33,1830,CHEROKEE,31,8,August,2010,3,Tuesday,19,30,0,16,6,0,34.97689722,-89.79523056,12,2,0,1,0,0,1,1
280355,MISSISSIPPI,MS,1,0,2,87,0,ARMSTRONG,31,8,August,2010,3,Tuesday,21,13,0,4,4,0,33.58276944,-88.40856944,35,2,0,1,0,0,1,1
280356,MISSISSIPPI,MS,1,0,1,3,0,BALDWIN,30,4,April,2010,6,Friday,19,17,0,4,4,0,34.82888333,-88.56323611,1,1,0,1,0,0,1,0
280357,MISSISSIPPI,MS,2,0,2,93,0,BEAR CREEK,16,5,May,2010,1,Sunday,16,45,1,2,2,99998,34.94702222,-89.42806667,12,1,0,1,0,0,1,0
280358,MISSISSIPPI,MS,1,0,1,33,1145,CHEROKEE,29,5,May,2010,7,Saturday,17,42,0,16,6,0,34.95117222,-90.08778333,33,1,0,1,0,0,1,0
280359,MISSISSIPPI,MS,2,0,2,119,1550,BELLAMY,31,5,May,2010,2,Monday,23,30,1,2,2,99998,34.26161389,-90.27341389,12,2,0,1,0,0,2,0
280360,MISSISSIPPI,MS,1,0,1,135,0,ASH FLAT,22,4,April,2010,5,Thursday,18,41,0,4,4,0,33.94150833,-90.25174167,34,1,0,1,0,0,1,1
280361,MISSISSIPPI,MS,1,0,1,107,2240,CARROLLTON,18,5,May,2010,3,Tuesday,15,39,0,16,2,99998,34.43697500,-89.92575556,35,1,0,1,0,0,1,0
280362,MISSISSIPPI,MS,1,0,1,5,0,BAKER HILL,16,7,July,2010,6,Friday,12,18,0,4,4,0,31.30862222,-90.74235000,1,1,0,1,0,0,1,0
280363,MISSISSIPPI,MS,1,1,1,99,0,BEATRICE,21,7,July,2010,4,Wednesday,2,57,0,4,4,0,32.88169444,-89.27003056,8,2,0,1,0,0,1,0
280364,MISSISSIPPI,MS,2,0,2,13,2670,BOLLING,28,7,July,2010,4,Wednesday,9,34,0,6,6,0,33.87615278,-89.17413611,12,1,0,1,0,0,1,0
280365,MISSISSIPPI,MS,1,0,2,137,0,ALCO,27,8,August,2010,6,Friday,22,54,0,4,4,0,34.58209722,-90.15121111,1,2,0,1,0,0,1,1
280366,MISSISSIPPI,MS,3,0,3,105,0,MARION,31,8,August,2010,3,Tuesday,16,13,1,2,2,99998,33.50184167,-88.98561111,12,1,0,1,0,0,1,0
280367,MISSISSIPPI,MS,1,0,1,121,870,BON AIR,2,9,September,2010,5,Thursday,11,4,0,16,6,0,32.15258056,-90.13157778,18,1,0,1,0,0,1,0
280368,MISSISSIPPI,MS,1,0,1,49,0,COLLINSVILLE,2,9,September,2010,5,Thursday,11,50,1,1,1,99998,32.35473333,-90.55356389,34,1,0,1,0,0,1,0
280369,MISSISSIPPI,MS,1,0,4,93,0,BEAR CREEK,3,9,September,2010,6,Friday,15,17,0,4,3,99998,34.54907222,-89.29094167,34,1,0,1,0,0,1,0
280370,MISSISSIPPI,MS,2,0,5,161,0,DENTON,4,9,September,2010,7,Saturday,3,25,0,4,4,0,33.99183611,-89.70482778,12,2,0,1,0,0,1,1
280371,MISSISSIPPI,MS,1,0,2,123,0,ALEXANDER CITY,4,9,September,2010,7,Saturday,3,55,1,2,2,99998,32.35951944,-89.55226389,1,2,0,1,0,0,1,0
280372,MISSISSIPPI,MS,1,0,1,31,0,COFFEE,4,9,September,2010,7,Saturday,16,57,0,4,3,99998,31.71573611,-89.41760556,42,1,0,1,0,0,1,1
280373,MISSISSIPPI,MS,1,0,2,67,0,ABBEVILLE,5,9,September,2010,1,Sunday,10,59,0,4,4,0,31.72641389,-89.29820556,30,1,0,1,0,0,1,0
280374,MISSISSIPPI,MS,2,0,3,45,0,ARITON,5,9,September,2010,1,Sunday,16,3,0,4,4,0,30.53531944,-89.53441111,12,1,0,1,0,0,1,0
280375,MISSISSIPPI,MS,1,2,2,99,0,BEATRICE,5,9,September,2010,1,Sunday,20,46,0,4,3,99998,32.98249722,-89.38661111,8,2,0,1,0,0,2,0
280376,MISSISSIPPI,MS,2,0,2,133,1170,ARLEY,6,9,September,2010,2,Monday,3,6,1,13,2,99998,33.43817500,-90.63313056,12,2,0,1,0,0,1,0
280377,MISSISSIPPI,MS,1,1,1,63,0,BOLIGEE,6,9,September,2010,2,Monday,11,37,0,4,3,99998,31.72000833,-91.07524444,8,1,0,1,0,0,1,0
280378,MISSISSIPPI,MS,2,0,2,141,0,BEE BRANCH,6,9,September,2010,2,Monday,12,5,0,4,4,0,34.74891111,-88.19824167,12,1,0,1,0,0,1,0
280379,MISSISSIPPI,MS,1,0,1,29,0,BORDEN SPRINGS,7,9,September,2010,3,Tuesday,7,19,0,4,3,99998,31.90397500,-90.72582778,42,3,0,1,0,0,1,0
280380,MISSISSIPPI,MS,1,0,1,163,0,AVERA,7,9,September,2010,3,Tuesday,15,55,1,1,1,99998,32.70952778,-90.04952500,42,1,0,1,0,0,1,1
280381,MISSISSIPPI,MS,2,0,2,147,0,AUGUSTA,8,9,September,2010,4,Wednesday,19,31,0,4,3,99998,31.02881389,-90.19176667,12,5,0,1,0,0,1,1
280382,MISSISSIPPI,MS,3,0,3,87,0,ARMSTRONG,9,9,September,2010,5,Thursday,14,5,1,2,2,99998,33.58187500,-88.42843889,12,1,0,1,0,0,1,0
280383,MISSISSIPPI,MS,1,0,1,59,0,FRANKLIN,10,9,September,2010,6,Friday,10,12,0,4,4,0,30.49461389,-88.48302778,30,1,0,1,0,0,1,0
280384,MISSISSIPPI,MS,2,0,2,15,0,ANNISTON,10,9,September,2010,6,Friday,11,16,0,4,4,0,33.42091111,-89.93536944,12,1,0,1,0,0,1,0
280385,MISSISSIPPI,MS,1,1,1,151,990,FLIPPEN,11,9,September,2010,7,Saturday,2,55,1,1,2,99998,33.35003333,-91.09279722,8,2,0,1,0,0,1,0
280386,MISSISSIPPI,MS,2,0,3,35,0,BROOKLYN,13,9,September,2010,2,Monday,13,50,0,4,3,99998,31.36686667,-89.30906389,12,1,0,1,0,0,2,0
280387,MISSISSIPPI,MS,2,0,5,81,0,AUBURN,13,9,September,2010,2,Monday,20,2,0,4,4,0,34.30544167,-88.57958889,12,3,0,1,0,0,1,0
280388,MISSISSIPPI,MS,1,0,1,79,0,COURTLAND,14,9,September,2010,3,Tuesday,12,42,0,4,3,99998,32.66188611,-89.49741944,42,1,0,1,0,0,1,0
280389,MISSISSIPPI,MS,2,0,2,151,0,FLIPPEN,16,9,September,2010,5,Thursday,10,34,1,2,2,99998,33.18382500,-90.83993889,12,1,0,1,0,0,1,0
280390,MISSISSIPPI,MS,1,0,1,97,0,AXIS,16,9,September,2010,5,Thursday,12,16,1,2,2,99998,33.47816667,-89.37343611,1,1,0,1,0,0,1,0
280391,MISSISSIPPI,MS,2,0,4,91,0,DAYTON,16,9,September,2010,5,Thursday,13,5,0,4,3,99998,31.19311667,-89.79757778,12,1,0,1,0,0,1,0
280392,MISSISSIPPI,MS,2,0,2,117,0,BIRMINGHAM,16,9,September,2010,5,Thursday,17,35,0,4,3,99998,34.52964722,-88.37168333,12,1,0,1,0,0,1,1
280393,MISSISSIPPI,MS,2,0,3,73,0,ARGO,16,9,September,2010,5,Thursday,18,56,0,4,2,99998,31.11853611,-89.40922778,12,1,0,1,0,0,1,0
280394,MISSISSIPPI,MS,1,0,1,81,2610,AUBURN,18,9,September,2010,7,Saturday,1,50,0,16,6,0,34.24357778,-88.72763611,26,3,0,1,0,0,1,0
280395,MISSISSIPPI,MS,1,0,5,149,0,BELLEVILLE,18,9,September,2010,7,Saturday,2,39,0,4,4,0,32.36550000,-90.73316667,53,2,0,1,0,0,1,0
280396,MISSISSIPPI,MS,1,0,1,105,0,MARION,18,9,September,2010,7,Saturday,16,38,1,2,3,99998,33.38766389,-88.86680000,30,1,0,1,0,0,1,0
280397,MISSISSIPPI,MS,1,0,1,67,0,ABBEVILLE,19,9,September,2010,1,Sunday,20,43,0,4,3,99998,31.46130278,-89.08516389,42,2,0,1,0,0,1,0
280398,MISSISSIPPI,MS,1,0,1,133,0,ARLEY,20,9,September,2010,2,Monday,7,2,0,4,3,99998,33.76334444,-90.79383611,34,2,0,1,0,0,1,0
280399,MISSISSIPPI,MS,1,0,2,45,0,ARITON,20,9,September,2010,2,Monday,23,33,1,1,1,99998,30.35021389,-89.44870833,1,2,0,1,0,0,1,1
280400,MISSISSIPPI,MS,1,0,4,113,0,COTTONTON,21,9,September,2010,3,Tuesday,0,3,1,2,2,99998,31.22375556,-90.42372500,30,2,0,1,0,0,1,1
280401,MISSISSIPPI,MS,2,0,3,33,1145,CHEROKEE,22,9,September,2010,4,Wednesday,23,31,0,16,3,99998,34.96402778,-90.01645833,12,3,0,1,0,0,1,2
280402,MISSISSIPPI,MS,2,0,2,73,0,ARGO,23,9,September,2010,5,Thursday,10,37,0,4,2,99998,31.07193889,-89.42090000,12,1,0,1,0,0,1,0
280403,MISSISSIPPI,MS,1,1,1,117,0,BIRMINGHAM,23,9,September,2010,5,Thursday,12,35,0,4,4,0,34.69284444,-88.50764167,8,1,0,1,0,0,1,0
280404,MISSISSIPPI,MS,3,0,3,81,0,AUBURN,23,9,September,2010,5,Thursday,17,8,0,4,3,99998,34.45108611,-88.77716944,12,1,0,1,0,0,1,0
280405,MISSISSIPPI,MS,1,0,1,35,1930,BROOKLYN,23,9,September,2010,5,Thursday,17,25,0,16,6,0,31.35862222,-89.26988056,10,1,0,1,0,0,1,0
280406,MISSISSIPPI,MS,1,0,1,35,1050,BROOKLYN,24,9,September,2010,6,Friday,21,10,0,16,6,0,31.33834444,-89.28431111,30,3,0,1,0,0,1,1
280407,MISSISSIPPI,MS,2,0,2,41,0,BRANTLEY,24,9,September,2010,6,Friday,22,38,0,4,3,99998,31.23188611,-88.68331389,12,2,0,1,0,0,1,1
280408,MISSISSIPPI,MS,3,0,3,33,0,CHEROKEE,25,9,September,2010,7,Saturday,10,58,1,2,2,99998,34.96536389,-90.14200556,12,1,0,1,0,0,1,0
280409,MISSISSIPPI,MS,2,0,4,1,0,AUTAUGA,25,9,September,2010,7,Saturday,13,35,1,2,2,99998,31.50134167,-91.36954722,12,1,0,1,0,0,1,0
280410,MISSISSIPPI,MS,1,0,1,163,0,AVERA,25,9,September,2010,7,Saturday,21,29,0,4,4,0,32.67500000,-90.44086944,42,2,0,1,0,0,1,1
280411,MISSISSIPPI,MS,1,0,1,135,0,ASH FLAT,26,9,September,2010,1,Sunday,2,40,1,2,2,99998,34.02573889,-90.44086944,1,2,0,1,0,0,1,0
280412,MISSISSIPPI,MS,1,0,1,159,0,FARRAR,26,9,September,2010,1,Sunday,3,55,0,4,3,99998,33.08808889,-88.75717222,1,2,0,2,0,0,1,1
280413,MISSISSIPPI,MS,3,0,5,59,1810,FRANKLIN,29,9,September,2010,4,Wednesday,9,7,1,13,2,0,30.41614722,-88.81876667,12,1,0,1,0,0,1,0
280414,MISSISSIPPI,MS,2,0,2,49,1220,COLLINSVILLE,30,9,September,2010,5,Thursday,1,56,1,1,1,99998,32.28397500,-90.21449167,12,2,0,1,0,0,1,0
280415,MISSISSIPPI,MS,2,0,2,75,0,BEAVERTON,1,10,October,2010,6,Friday,20,6,1,1,1,99998,32.34258889,-88.78759722,12,2,0,1,0,0,1,0