ST_CASE,State Name,State Abbreviation,VE_TOTAL,Pedestrains,Total_Persons_in_accident,COUNTY,CITY,City_County_Name,Calendar_DAY,MONTH,Month_Name,YEAR,DAY_WEEK,Day_Week_desc,HOUR,MINUTE,NHS_Desc,trafficway,ROUTE,MILEPT,LATITUDE,LONGITUD,First_Crash_event,Light_cond_desc,Weather_condition,WEATHER,SCH_BUS,Crash_cause,FATALS,DRUNK_DR
280416,MISSISSIPPI,MS,1,0,1,81,0,AUBURN,2,10,October,2010,7,Saturday,3,23,0,4,4,0,34.30657778,-88.68250000,34,2,0,1,0,0,1,1
280417,MISSISSIPPI,MS,1,0,1,41,0,BRANTLEY,2,10,October,2010,7,Saturday,16,0,0,9,3,99998,31.12790556,-88.65035556,35,1,0,1,0,0,1,1
280418,MISSISSIPPI,MS,1,0,3,87,0,ARMSTRONG,2,10,October,2010,7,Saturday,21,35,0,4,4,0,33.73165556,-88.31724722,1,2,0,1,0,0,1,0
280419,MISSISSIPPI,MS,1,0,3,63,0,BOLIGEE,3,10,October,2010,1,Sunday,1,40,0,4,4,0,31.75889722,-90.85049722,42,2,0,1,0,0,1,1
280420,MISSISSIPPI,MS,1,0,1,107,120,CARROLLTON,3,10,October,2010,1,Sunday,8,14,0,16,6,0,34.32576944,-89.94394167,42,1,0,1,0,0,1,0
280421,MISSISSIPPI,MS,2,0,2,125,0,BROOKWOOD,3,10,October,2010,1,Sunday,10,18,0,3,3,99998,32.98796667,-90.74183333,12,1,0,1,0,0,1,1
280422,MISSISSIPPI,MS,2,0,2,139,0,CALION,3,10,October,2010,1,Sunday,17,19,0,4,4,0,34.87125000,-88.91904722,12,1,0,1,0,0,1,0
280423,MISSISSIPPI,MS,2,0,2,43,1010,BAILEYTON,5,10,October,2010,3,Tuesday,5,59,0,16,6,0,33.81630833,-89.83297222,12,2,0,1,0,0,1,0
280424,MISSISSIPPI,MS,1,0,1,59,932,FRANKLIN,6,10,October,2010,4,Wednesday,1,31,0,16,6,0,30.38547222,-88.62450833,30,2,0,1,0,0,1,1
280425,MISSISSIPPI,MS,1,0,2,31,0,COFFEE,6,10,October,2010,4,Wednesday,17,18,0,4,4,0,31.49346667,-89.57944167,1,1,0,1,0,0,1,1
280426,MISSISSIPPI,MS,2,0,9,47,0,BROWNS,9,10,October,2010,7,Saturday,10,53,0,4,3,99998,30.57214444,-89.04722500,12,1,0,1,0,0,1,0
280427,MISSISSIPPI,MS,1,0,1,59,0,FRANKLIN,9,10,October,2010,7,Saturday,5,30,0,4,3,99998,30.53720278,-88.51770278,42,2,0,1,0,0,1,0
280428,MISSISSIPPI,MS,1,0,4,101,0,BOYLSTON,10,10,October,2010,1,Sunday,8,40,1,1,1,99998,32.34073889,-89.11772500,1,1,0,1,0,0,2,0
280429,MISSISSIPPI,MS,1,0,1,41,0,BRANTLEY,11,10,October,2010,2,Monday,2,38,0,4,3,99998,31.04734444,-88.52206944,30,2,0,1,0,0,1,1
280430,MISSISSIPPI,MS,2,0,5,93,0,BEAR CREEK,12,10,October,2010,3,Tuesday,19,40,0,4,4,0,34.88955556,-89.61826667,12,2,0,1,0,0,1,0
280431,MISSISSIPPI,MS,1,1,1,113,0,COTTONTON,13,10,October,2010,4,Wednesday,5,10,0,4,3,99998,31.01334722,-90.51539167,8,2,0,1,0,0,1,0
280432,MISSISSIPPI,MS,3,0,3,73,0,ARGO,13,10,October,2010,4,Wednesday,12,30,0,4,4,0,31.28365000,-89.42536389,12,1,0,1,0,0,1,0
280433,MISSISSIPPI,MS,1,0,1,99,0,BEATRICE,13,10,October,2010,4,Wednesday,18,14,0,4,3,99998,32.63915833,-89.25365833,34,1,0,1,0,0,1,0
280434,MISSISSIPPI,MS,1,0,3,113,0,COTTONTON,14,10,October,2010,5,Thursday,6,30,1,1,1,99998,31.01675000,-90.50264722,42,4,0,1,0,0,1,0
280435,MISSISSIPPI,MS,2,0,2,151,990,FLIPPEN,14,10,October,2010,5,Thursday,7,14,0,16,6,0,33.41990833,-91.05105000,12,1,0,1,0,0,1,0
280436,MISSISSIPPI,MS,1,0,1,87,0,ARMSTRONG,14,10,October,2010,5,Thursday,19,4,1,1,2,99998,33.43051111,-88.50912222,1,2,0,1,0,0,1,0
280437,MISSISSIPPI,MS,2,0,2,39,0,ANDALUSIA,24,9,September,2010,6,Friday,15,55,0,4,4,0,30.90520833,-88.50925000,12,1,0,2,0,0,1,0
280438,MISSISSIPPI,MS,2,0,4,29,0,BORDEN SPRINGS,5,10,October,2010,3,Tuesday,14,43,0,4,4,0,31.83388889,-90.36726944,12,1,0,1,0,0,1,0
280439,MISSISSIPPI,MS,3,0,11,85,0,BENTON,15,10,October,2010,6,Friday,3,2,1,1,1,99998,31.55849722,-90.47958889,12,3,0,1,0,0,1,0
280440,MISSISSIPPI,MS,2,0,2,35,1050,BROOKLYN,17,10,October,2010,1,Sunday,2,33,1,12,2,99998,31.37793056,-89.36541111,12,3,0,1,0,0,1,1
280441,MISSISSIPPI,MS,1,0,1,109,0,ANSLEY,17,10,October,2010,1,Sunday,11,35,0,4,4,0,30.49376111,-89.68860556,34,1,0,1,0,0,1,0
280442,MISSISSIPPI,MS,1,0,1,99,0,BEATRICE,17,10,October,2010,1,Sunday,14,25,0,4,3,99998,32.61752778,-89.26179167,42,1,0,1,0,0,1,0
280443,MISSISSIPPI,MS,1,0,1,33,1830,CHEROKEE,17,10,October,2010,1,Sunday,19,39,0,16,3,99998,34.96114444,-89.85157778,42,2,0,1,0,0,1,0
280444,MISSISSIPPI,MS,1,0,2,83,1200,ARDMORE,20,10,October,2010,4,Wednesday,16,58,0,16,6,0,33.49443333,-90.32703611,33,1,0,1,0,0,1,0
280445,MISSISSIPPI,MS,1,0,1,131,0,ARLINGTON,21,10,October,2010,5,Thursday,7,51,0,4,3,99998,30.71706389,-88.91720278,42,1,0,1,0,0,1,0
280446,MISSISSIPPI,MS,1,0,1,49,1220,COLLINSVILLE,21,10,October,2010,5,Thursday,14,25,1,12,2,99998,32.30277778,-90.25120556,21,1,0,1,0,0,1,0
280447,MISSISSIPPI,MS,1,1,1,35,1050,BROOKLYN,21,10,October,2010,5,Thursday,19,18,0,16,6,0,31.30810833,-89.31090833,8,2,0,1,0,0,1,0
280448,MISSISSIPPI,MS,2,0,2,39,0,ANDALUSIA,22,10,October,2010,6,Friday,5,4,1,2,2,99998,30.92089167,-88.50545278,12,2,0,1,0,0,1,0
280449,MISSISSIPPI,MS,3,0,8,59,1900,FRANKLIN,22,10,October,2010,6,Friday,11,33,1,2,2,99998,30.37081944,-88.54729444,12,1,0,1,0,0,1,2
280450,MISSISSIPPI,MS,1,0,2,57,0,BANKSTON,22,10,October,2010,6,Friday,22,17,0,4,4,0,34.44241667,-88.15987500,11,2,0,1,0,0,1,0
280451,MISSISSIPPI,MS,1,0,3,7,0,BIBB,23,10,October,2010,7,Saturday,12,20,0,4,3,99998,32.93010278,-89.87528889,35,1,0,1,0,0,1,0
280452,MISSISSIPPI,MS,1,0,1,29,0,BORDEN SPRINGS,23,10,October,2010,7,Saturday,17,55,0,14,3,99998,31.87435000,-90.34854722,35,1,0,1,0,0,1,0
280453,MISSISSIPPI,MS,1,0,1,107,0,CARROLLTON,23,10,October,2010,7,Saturday,20,4,0,4,4,0,34.27073056,-89.87769167,35,2,0,1,0,0,1,0
280454,MISSISSIPPI,MS,1,2,1,59,0,FRANKLIN,23,10,October,2010,7,Saturday,23,0,1,1,1,99998,30.45681389,-88.48388611,8,2,0,1,0,0,2,0
280455,MISSISSIPPI,MS,2,0,3,123,0,ALEXANDER CITY,24,10,October,2010,1,Sunday,5,57,1,1,1,99998,32.32721389,-89.40059167,12,2,0,1,0,0,1,0
280456,MISSISSIPPI,MS,2,0,5,73,0,ARGO,24,10,October,2010,1,Sunday,13,47,0,4,3,99998,30.95692778,-89.21040000,12,1,0,1,0,0,1,0
280457,MISSISSIPPI,MS,1,0,1,45,0,ARITON,24,10,October,2010,1,Sunday,19,25,1,1,1,99998,30.32280278,-89.57637222,42,2,0,1,0,0,1,0
280458,MISSISSIPPI,MS,5,0,5,113,1470,COTTONTON,26,10,October,2010,3,Tuesday,16,19,1,11,1,99998,31.22205556,-90.48264722,12,1,0,1,0,0,2,0
280459,MISSISSIPPI,MS,2,0,5,59,0,FRANKLIN,26,10,October,2010,3,Tuesday,17,48,1,2,2,99998,30.45770000,-88.41781944,12,1,0,1,0,0,2,0
280460,MISSISSIPPI,MS,1,1,1,149,2690,BELLEVILLE,27,10,October,2010,4,Wednesday,4,35,0,16,6,0,32.29700000,-90.89354167,8,2,0,2,0,0,1,1
280461,MISSISSIPPI,MS,2,0,2,73,0,ARGO,27,10,October,2010,4,Wednesday,5,16,1,2,2,99998,31.28812222,-89.60457778,12,2,0,2,0,0,1,0
280462,MISSISSIPPI,MS,1,0,1,29,0,BORDEN SPRINGS,27,10,October,2010,4,Wednesday,19,4,1,1,1,99998,31.85222778,-90.41383333,24,2,0,1,0,0,1,0
280463,MISSISSIPPI,MS,1,0,1,95,0,ALBERTVILLE,28,10,October,2010,5,Thursday,23,36,1,2,3,99998,33.87057500,-88.47617222,11,2,0,1,0,0,1,1
280464,MISSISSIPPI,MS,1,0,1,49,1220,COLLINSVILLE,29,10,October,2010,6,Friday,4,26,0,16,6,0,32.33526389,-90.18451389,17,3,0,1,0,0,1,0
280465,MISSISSIPPI,MS,1,1,2,1,1720,AUTAUGA,29,10,October,2010,6,Friday,20,29,0,16,6,0,31.53494444,-91.37990000,8,3,0,1,0,0,1,0
280466,MISSISSIPPI,MS,1,0,1,59,0,FRANKLIN,29,10,October,2010,6,Friday,21,45,0,4,3,99998,30.63278056,-88.41806667,1,2,0,1,0,0,1,0
280467,MISSISSIPPI,MS,2,0,2,99,0,BEATRICE,30,10,October,2010,7,Saturday,16,41,0,4,4,0,32.73400556,-89.01780833,12,1,0,1,0,0,1,0
280468,MISSISSIPPI,MS,1,0,1,49,1220,COLLINSVILLE,1,11,November,2010,2,Monday,19,49,0,16,6,0,32.22140556,-90.22976944,42,2,0,2,0,0,1,0
280469,MISSISSIPPI,MS,1,1,1,67,0,ABBEVILLE,1,11,November,2010,2,Monday,21,30,0,4,4,0,31.66809444,-89.24383056,8,2,0,2,0,0,1,0
280470,MISSISSIPPI,MS,1,0,1,67,0,ABBEVILLE,2,11,November,2010,3,Tuesday,17,36,1,2,2,99998,31.69323889,-89.15964167,32,1,0,1,0,0,1,0
280471,MISSISSIPPI,MS,1,0,1,17,0,CHAMBERS,3,11,November,2010,4,Wednesday,7,35,0,4,4,0,33.94313333,-88.81278333,42,2,0,2,0,0,1,0
280472,MISSISSIPPI,MS,1,0,1,93,0,BEAR CREEK,5,11,November,2010,6,Friday,18,33,1,2,2,99998,34.67987500,-89.35408056,18,2,0,1,0,0,1,0
280473,MISSISSIPPI,MS,1,0,4,89,0,BROWNSBORO,5,11,November,2010,6,Friday,21,24,0,4,4,0,32.77764167,-89.90700278,42,2,0,1,0,0,1,1
280474,MISSISSIPPI,MS,1,1,1,49,1220,COLLINSVILLE,9,7,July,2010,6,Friday,21,48,0,16,6,0,32.28379444,-90.25371667,8,2,0,1,0,0,1,0
280475,MISSISSIPPI,MS,1,0,1,115,0,ASHVILLE,8,8,August,2010,1,Sunday,16,41,0,4,4,0,34.18567778,-89.22196667,1,1,0,1,0,0,1,0
280476,MISSISSIPPI,MS,1,0,1,107,0,CARROLLTON,15,8,August,2010,1,Sunday,1,0,0,4,4,0,34.52469722,-89.99905556,42,2,0,1,0,0,1,1
280477,MISSISSIPPI,MS,1,0,2,45,0,ARITON,18,8,August,2010,4,Wednesday,22,34,0,4,4,0,30.28730833,-89.40362778,18,2,0,1,0,0,1,1
280478,MISSISSIPPI,MS,1,0,1,45,0,ARITON,24,8,August,2010,3,Tuesday,19,23,0,4,4,0,30.58601944,-89.45875278,11,1,0,1,0,0,1,0
280479,MISSISSIPPI,MS,1,0,1,29,0,BORDEN SPRINGS,27,8,August,2010,6,Friday,18,58,0,4,4,0,31.75220000,-90.33231389,42,1,0,1,0,0,1,0
280480,MISSISSIPPI,MS,1,0,1,29,0,BORDEN SPRINGS,10,10,October,2010,1,Sunday,16,32,0,4,4,0,32.01488056,-90.34310833,10,1,0,1,0,0,1,0
280481,MISSISSIPPI,MS,1,0,1,107,0,CARROLLTON,6,11,November,2010,7,Saturday,4,30,0,4,3,99998,34.24345278,-89.75336667,42,2,0,1,0,0,1,1
280482,MISSISSIPPI,MS,1,1,2,151,0,FLIPPEN,7,11,November,2010,1,Sunday,0,26,0,4,3,99998,33.32661944,-91.04348611,8,2,0,1,0,0,1,0
280483,MISSISSIPPI,MS,1,0,1,115,0,ASHVILLE,10,11,November,2010,4,Wednesday,21,31,0,4,2,99998,34.28904444,-89.18100278,1,1,0,1,0,0,1,0
280484,MISSISSIPPI,MS,1,1,1,45,0,ARITON,11,11,November,2010,5,Thursday,18,17,0,3,3,99998,30.30176111,-89.56518056,8,2,0,1,0,0,1,0
280485,MISSISSIPPI,MS,1,0,1,1,0,AUTAUGA,13,11,November,2010,7,Saturday,6,47,0,4,4,0,31.56200833,-91.26716111,35,2,0,1,0,0,1,1
280486,MISSISSIPPI,MS,1,0,2,163,0,AVERA,13,11,November,2010,7,Saturday,22,32,1,2,2,99998,32.83673333,-90.38530556,35,2,0,2,0,0,1,1
280487,MISSISSIPPI,MS,1,0,1,161,0,DENTON,14,11,November,2010,1,Sunday,0,30,0,4,3,99998,34.09146944,-89.87470556,35,2,0,1,0,0,1,1
280488,MISSISSIPPI,MS,1,0,2,121,1918,BON AIR,15,11,November,2010,2,Monday,3,37,1,1,1,99998,32.27066111,-90.07853611,42,2,0,2,0,0,1,0
280489,MISSISSIPPI,MS,1,0,1,137,2290,ALCO,17,11,November,2010,4,Wednesday,11,19,0,16,6,0,34.59639722,-89.95568056,1,1,0,1,0,0,1,0
280490,MISSISSIPPI,MS,4,0,6,33,2422,CHEROKEE,18,11,November,2010,5,Thursday,14,9,0,13,2,99998,34.97485556,-90.01604444,12,1,0,1,0,0,1,1
280491,MISSISSIPPI,MS,2,0,2,93,0,BEAR CREEK,19,11,November,2010,6,Friday,3,0,1,2,2,99998,34.82240000,-89.55479722,12,3,0,1,0,0,1,0
280492,MISSISSIPPI,MS,1,0,1,113,1470,COTTONTON,19,11,November,2010,6,Friday,10,25,0,16,6,0,31.22384722,-90.47219722,24,1,0,1,0,0,1,0
280493,MISSISSIPPI,MS,1,0,1,93,0,BEAR CREEK,19,11,November,2010,6,Friday,18,42,1,2,2,99998,34.85177778,-89.66903611,1,2,0,1,0,0,1,0
280494,MISSISSIPPI,MS,2,0,5,39,0,ANDALUSIA,20,11,November,2010,7,Saturday,13,51,1,2,2,99998,30.95144444,-88.54997500,12,1,0,1,0,0,1,0
280495,MISSISSIPPI,MS,2,0,6,121,875,BON AIR,20,11,November,2010,7,Saturday,14,54,0,16,6,0,32.32902500,-90.09128056,12,1,0,1,0,0,2,0
280496,MISSISSIPPI,MS,1,1,1,123,0,ALEXANDER CITY,20,11,November,2010,7,Saturday,19,38,1,2,2,99998,32.35277500,-89.63500556,8,2,0,1,0,0,1,0
280497,MISSISSIPPI,MS,2,0,5,87,0,ARMSTRONG,20,11,November,2010,7,Saturday,23,21,0,4,3,99998,33.53502778,-88.30062778,12,2,0,1,0,0,1,0
280498,MISSISSIPPI,MS,1,0,3,121,0,BON AIR,21,11,November,2010,1,Sunday,0,8,0,4,3,99998,32.16378889,-89.79341667,42,2,0,1,0,0,2,1
280499,MISSISSIPPI,MS,1,1,3,47,1020,BROWNS,21,11,November,2010,1,Sunday,17,43,0,16,6,0,30.39712500,-89.02676667,9,3,0,1,0,0,1,0
280500,MISSISSIPPI,MS,1,1,1,93,1140,BEAR CREEK,21,11,November,2010,1,Sunday,22,28,0,16,6,0,34.69636389,-89.46201389,8,3,0,1,0,0,1,0
280501,MISSISSIPPI,MS,2,0,4,23,0,BLADON SPRINGS,2,9,September,2010,5,Thursday,15,15,0,13,6,0,32.17545833,-88.82913056,12,1,0,1,0,0,1,0
280502,MISSISSIPPI,MS,1,0,1,151,0,FLIPPEN,6,9,September,2010,2,Monday,20,32,0,4,4,0,33.41414167,-91.04125556,34,2,0,1,0,0,1,1
280503,MISSISSIPPI,MS,2,0,5,73,0,ARGO,11,9,September,2010,7,Saturday,16,31,0,4,4,0,31.35781389,-89.56943056,12,1,0,10,0,0,1,0
280504,MISSISSIPPI,MS,1,0,1,139,0,CALION,12,9,September,2010,1,Sunday,99,99,0,4,4,0,34.93013333,-88.89630278,1,2,0,1,0,0,1,0
280505,MISSISSIPPI,MS,1,0,1,93,0,BEAR CREEK,25,6,June,2010,6,Friday,7,45,0,4,4,0,34.94775833,-89.56518056,1,1,0,1,0,0,1,0
280506,MISSISSIPPI,MS,2,0,2,127,1580,BURNWELL,13,9,September,2010,2,Monday,13,23,0,16,6,0,31.95831667,-89.85058889,12,1,0,1,0,0,1,0
280507,MISSISSIPPI,MS,1,0,1,151,0,FLIPPEN,21,9,September,2010,3,Tuesday,7,36,0,4,4,0,33.30890278,-90.86719167,1,1,0,1,0,0,1,0
280508,MISSISSIPPI,MS,2,0,4,123,2270,ALEXANDER CITY,23,9,September,2010,5,Thursday,14,22,0,16,6,0,32.57242222,-89.33566944,12,1,0,1,0,0,1,0
280509,MISSISSIPPI,MS,2,0,5,147,0,AUGUSTA,26,9,September,2010,1,Sunday,16,37,0,4,4,0,31.23100556,-90.10563611,12,1,0,1,0,0,1,0
280510,MISSISSIPPI,MS,1,0,1,127,0,BURNWELL,1,10,October,2010,6,Friday,5,32,0,4,4,0,31.96703611,-90.10930556,1,2,0,1,0,0,1,0
280511,MISSISSIPPI,MS,1,0,1,133,1170,ARLEY,6,10,October,2010,4,Wednesday,13,59,0,16,6,0,33.43663333,-90.64273333,1,1,0,1,0,0,1,0
280512,MISSISSIPPI,MS,1,0,1,39,0,ANDALUSIA,6,10,October,2010,4,Wednesday,20,30,0,4,4,0,30.76968056,-88.66344444,35,2,0,1,0,0,1,0
280513,MISSISSIPPI,MS,1,0,2,123,0,ALEXANDER CITY,10,10,October,2010,1,Sunday,19,43,0,16,6,0,32.37631944,-89.45550000,24,2,0,1,0,0,1,0
280514,MISSISSIPPI,MS,1,0,3,87,0,ARMSTRONG,13,10,October,2010,4,Wednesday,18,20,0,4,4,0,33.44871944,-88.38057778,35,5,0,1,0,0,1,1
280515,MISSISSIPPI,MS,1,0,1,23,0,BLADON SPRINGS,17,10,October,2010,1,Sunday,22,0,0,4,4,0,31.95128889,-88.55624167,1,2,0,1,0,0,1,0
280516,MISSISSIPPI,MS,2,0,4,79,420,COURTLAND,3,11,November,2010,4,Wednesday,17,27,0,14,3,99998,32.72810556,-89.53428333,12,1,0,1,0,0,1,0
280517,MISSISSIPPI,MS,1,0,1,9,0,BLOUNT,5,11,November,2010,6,Friday,6,39,0,4,4,0,34.84501389,-89.28408611,34,2,0,1,0,0,1,0
280518,MISSISSIPPI,MS,2,0,4,29,1060,BORDEN SPRINGS,7,11,November,2010,1,Sunday,18,22,0,16,6,0,31.85405000,-90.39655833,12,3,0,1,0,0,1,0
280519,MISSISSIPPI,MS,2,0,4,137,0,ALCO,22,11,November,2010,2,Monday,23,32,1,1,1,99998,34.65091389,-89.95932778,12,2,0,2,0,0,1,1
280520,MISSISSIPPI,MS,1,1,1,151,990,FLIPPEN,23,11,November,2010,3,Tuesday,22,3,0,15,3,99998,33.40583056,-91.03799444,8,1,0,1,0,0,1,0
280521,MISSISSIPPI,MS,1,0,5,161,0,DENTON,24,11,November,2010,4,Wednesday,4,0,1,1,1,99998,33.98173889,-89.86874444,35,2,0,1,0,0,1,0
280522,MISSISSIPPI,MS,2,0,5,137,0,ALCO,16,8,August,2010,2,Monday,7,30,0,4,4,0,34.68493889,-90.01227500,12,1,0,1,0,0,1,0
280523,MISSISSIPPI,MS,2,0,5,63,0,BOLIGEE,24,11,November,2010,4,Wednesday,14,21,1,2,2,99998,31.70447500,-91.07768889,12,1,0,1,0,0,1,0
280524,MISSISSIPPI,MS,1,1,1,45,0,ARITON,24,11,November,2010,4,Wednesday,15,16,0,4,4,0,30.28041667,-89.40896944,8,1,0,1,0,0,1,0
280525,MISSISSIPPI,MS,2,0,3,91,0,DAYTON,24,11,November,2010,4,Wednesday,16,30,0,3,3,99998,31.23169167,-89.82044167,12,1,0,1,0,0,2,0
280526,MISSISSIPPI,MS,1,0,1,91,0,DAYTON,24,11,November,2010,4,Wednesday,22,50,0,4,4,0,31.26894167,-89.92356667,1,2,0,1,0,0,1,1
280527,MISSISSIPPI,MS,1,0,1,35,0,BROOKLYN,25,11,November,2010,5,Thursday,6,12,0,4,4,0,30.91595833,-89.33618611,42,2,0,1,0,0,1,0
280528,MISSISSIPPI,MS,2,0,2,1,0,AUTAUGA,25,11,November,2010,5,Thursday,19,30,0,4,4,0,31.53330833,-91.38155278,12,2,0,1,0,0,1,0
280529,MISSISSIPPI,MS,2,0,2,29,0,BORDEN SPRINGS,27,11,November,2010,7,Saturday,6,23,0,4,3,99998,31.88633889,-90.27143889,12,4,0,1,0,0,1,0
280530,MISSISSIPPI,MS,1,1,2,21,0,CHILTON,28,11,November,2010,1,Sunday,0,36,0,4,3,99998,31.96643611,-90.97121667,8,2,0,1,0,0,1,1
280531,MISSISSIPPI,MS,1,0,1,127,0,BURNWELL,29,11,November,2010,2,Monday,0,15,0,4,3,99998,31.82315000,-89.96807222,42,2,0,1,0,0,1,1
280532,MISSISSIPPI,MS,2,0,2,79,0,COURTLAND,29,11,November,2010,2,Monday,17,59,0,4,3,99998,32.75770278,-89.46969444,12,2,0,2,0,0,1,0
280533,MISSISSIPPI,MS,1,1,1,33,1830,CHEROKEE,30,11,November,2010,3,Tuesday,6,41,0,13,3,99998,34.92408333,-89.83039722,8,3,0,2,0,0,1,0
280534,MISSISSIPPI,MS,2,0,3,61,0,BELLWOOD,30,11,November,2010,3,Tuesday,13,28,0,3,3,99998,31.95132500,-89.00736944,12,1,0,2,0,0,1,0
280535,MISSISSIPPI,MS,2,0,3,129,0,BIGBEE,1,12,December,2010,4,Wednesday,20,40,0,4,4,0,32.05453611,-89.45995278,12,2,0,1,0,0,1,1
280536,MISSISSIPPI,MS,1,0,2,121,0,BON AIR,1,12,December,2010,4,Wednesday,22,23,0,4,4,0,32.15168889,-90.16139444,42,2,0,1,0,0,1,0
280537,MISSISSIPPI,MS,1,0,1,21,0,CHILTON,4,12,December,2010,7,Saturday,2,15,0,4,4,0,32.03521944,-90.86337222,34,2,0,1,0,0,1,0
280538,MISSISSIPPI,MS,1,0,1,137,0,ALCO,4,12,December,2010,7,Saturday,5,46,0,4,4,0,34.74335833,-89.83968889,42,2,0,1,0,0,1,0
280539,MISSISSIPPI,MS,1,0,1,83,0,ARDMORE,4,12,December,2010,7,Saturday,6,10,0,4,4,0,33.44190000,-90.27156944,35,4,0,1,0,0,1,0
280540,MISSISSIPPI,MS,1,0,5,83,1000,ARDMORE,4,12,December,2010,7,Saturday,13,48,0,16,6,0,33.52079722,-90.17586667,42,1,0,1,0,0,1,0
280541,MISSISSIPPI,MS,1,0,1,117,280,BIRMINGHAM,4,12,December,2010,7,Saturday,23,50,0,16,6,0,34.66416944,-88.59512222,42,2,0,1,0,0,1,1
280542,MISSISSIPPI,MS,1,0,1,29,0,BORDEN SPRINGS,5,12,December,2010,1,Sunday,1,42,0,4,4,0,31.89180556,-90.43941111,42,2,0,1,0,0,1,0
280543,MISSISSIPPI,MS,1,0,2,47,0,BROWNS,5,12,December,2010,1,Sunday,21,2,0,4,4,0,30.46350833,-89.10710278,30,3,0,1,0,0,2,1
280544,MISSISSIPPI,MS,1,0,1,93,0,BEAR CREEK,6,12,December,2010,2,Monday,16,4,0,4,3,99998,34.70676389,-89.49557222,33,1,0,1,0,0,1,0
280545,MISSISSIPPI,MS,2,0,2,105,0,MARION,7,12,December,2010,3,Tuesday,17,25,1,2,2,99998,33.50395278,-89.00045833,12,5,0,1,0,0,1,0
280546,MISSISSIPPI,MS,1,0,1,47,1020,BROWNS,8,12,December,2010,4,Wednesday,19,14,0,16,6,0,30.41608333,-89.09549444,30,2,0,1,0,0,1,0
280547,MISSISSIPPI,MS,2,0,3,59,1900,FRANKLIN,9,12,December,2010,5,Thursday,13,56,1,13,2,0,30.37913333,-88.52528889,12,1,0,1,0,0,1,0
280548,MISSISSIPPI,MS,2,0,2,99,0,BEATRICE,10,12,December,2010,6,Friday,6,55,0,3,3,99998,32.75808333,-88.95419722,12,1,0,1,0,0,1,0
280549,MISSISSIPPI,MS,1,1,3,47,0,BROWNS,10,12,December,2010,6,Friday,17,45,0,3,3,99998,30.52098333,-88.97494444,8,2,0,1,0,0,1,0
280550,MISSISSIPPI,MS,1,0,1,59,0,FRANKLIN,10,12,December,2010,6,Friday,21,19,0,4,3,99998,30.46228611,-88.53396944,23,2,0,1,0,0,1,0
280551,MISSISSIPPI,MS,1,0,1,97,0,AXIS,10,12,December,2010,6,Friday,21,31,0,4,4,0,33.50038333,-89.57991111,42,2,0,1,0,0,1,0
280552,MISSISSIPPI,MS,1,0,3,113,0,COTTONTON,10,12,December,2010,6,Friday,23,30,0,4,4,0,31.03024722,-90.28952778,42,2,0,1,0,0,2,1
280553,MISSISSIPPI,MS,1,0,2,23,0,BLADON SPRINGS,11,12,December,2010,7,Saturday,17,51,0,4,4,0,31.95223611,-88.54045000,35,2,0,1,0,0,1,1
280554,MISSISSIPPI,MS,2,0,3,31,0,COFFEE,11,12,December,2010,7,Saturday,18,15,1,2,2,99998,31.76593889,-89.67551667,12,2,0,2,0,0,1,0
280555,MISSISSIPPI,MS,1,0,1,67,0,ABBEVILLE,11,12,December,2010,7,Saturday,23,54,0,4,4,0,31.65557222,-89.13843056,42,2,0,2,0,0,1,0
280556,MISSISSIPPI,MS,1,0,1,79,0,COURTLAND,12,12,December,2010,1,Sunday,18,59,0,4,4,0,32.77995000,-89.44126389,42,1,0,1,0,0,1,0
280557,MISSISSIPPI,MS,2,0,7,135,0,ASH FLAT,12,12,December,2010,1,Sunday,22,29,0,4,3,99998,33.90750000,-90.37297778,12,2,0,1,0,0,1,0
280558,MISSISSIPPI,MS,1,0,4,95,0,ALBERTVILLE,15,12,December,2010,4,Wednesday,5,4,1,2,2,99998,33.68460278,-88.43560833,35,2,0,3,0,0,2,0
280559,MISSISSIPPI,MS,1,0,2,3,0,BALDWIN,15,12,December,2010,4,Wednesday,6,20,1,2,2,99998,34.90001111,-88.47611944,1,1,0,3,0,0,1,0
280560,MISSISSIPPI,MS,1,0,3,85,320,BENTON,16,12,December,2010,5,Thursday,0,45,0,16,6,0,31.60858333,-90.40949722,30,2,0,2,0,0,1,1
280561,MISSISSIPPI,MS,1,0,1,157,0,ARCADE,16,12,December,2010,5,Thursday,9,36,0,4,3,99998,31.16169722,-91.43225556,42,1,0,1,0,0,1,0
280562,MISSISSIPPI,MS,1,1,1,35,1050,BROOKLYN,16,12,December,2010,5,Thursday,14,5,0,16,6,0,31.26699722,-89.24082778,8,1,0,1,0,0,1,0
280563,MISSISSIPPI,MS,1,0,1,59,0,FRANKLIN,17,12,December,2010,6,Friday,3,50,1,1,1,99998,30.45973611,-88.44187222,33,2,0,1,0,0,1,0