ST_CASE,State Name,State Abbreviation,VE_TOTAL,Pedestrains,Total_Persons_in_accident,COUNTY,CITY,City_County_Name,Calendar_DAY,MONTH,Month_Name,YEAR,DAY_WEEK,Day_Week_desc,HOUR,MINUTE,NHS_Desc,trafficway,ROUTE,MILEPT,LATITUDE,LONGITUD,First_Crash_event,Light_cond_desc,Weather_condition,WEATHER,SCH_BUS,Crash_cause,FATALS,DRUNK_DR
280564,MISSISSIPPI,MS,1,0,2,17,0,CHAMBERS,17,12,December,2010,6,Friday,20,18,0,3,3,99998,34.04737778,-89.09038889,32,2,0,1,0,0,1,0
280565,MISSISSIPPI,MS,2,0,4,93,0,BEAR CREEK,18,12,December,2010,7,Saturday,11,49,0,4,3,99998,34.70143611,-89.50261111,12,1,0,1,0,0,1,0
280566,MISSISSIPPI,MS,1,0,1,109,0,ANSLEY,23,12,December,2010,5,Thursday,19,26,1,1,1,99998,30.84111667,-89.49630278,1,2,0,1,0,0,1,0
280567,MISSISSIPPI,MS,1,0,1,91,530,DAYTON,23,12,December,2010,5,Thursday,22,3,0,16,6,0,31.24674722,-89.83164444,30,2,0,1,0,0,1,1
280568,MISSISSIPPI,MS,1,0,1,51,0,CENTRAL,25,12,December,2010,7,Saturday,4,4,0,4,4,0,33.22585556,-90.11465833,1,2,0,2,0,0,1,0
280569,MISSISSIPPI,MS,1,0,1,111,0,GRAHAM,25,12,December,2010,7,Saturday,7,31,0,4,3,99998,31.02495278,-89.01715278,42,1,0,2,0,0,1,0
280570,MISSISSIPPI,MS,1,0,7,57,0,BANKSTON,25,12,December,2010,7,Saturday,21,49,0,4,4,0,34.39901389,-88.32552778,42,2,0,2,0,0,2,0
280571,MISSISSIPPI,MS,1,0,4,29,0,BORDEN SPRINGS,26,12,December,2010,1,Sunday,17,6,1,1,1,99998,31.94418611,-90.39361944,1,5,0,1,0,0,1,0
280572,MISSISSIPPI,MS,2,0,3,49,0,COLLINSVILLE,26,12,December,2010,1,Sunday,18,1,1,1,1,99998,32.12746944,-90.28886389,12,3,0,1,0,0,1,0
280573,MISSISSIPPI,MS,2,0,2,105,0,MARION,27,12,December,2010,2,Monday,15,32,1,2,3,99998,33.40291111,-88.85566111,12,1,0,1,0,0,1,0
280574,MISSISSIPPI,MS,1,0,1,45,0,ARITON,28,12,December,2010,3,Tuesday,1,12,0,4,4,0,30.27993333,-89.40888333,34,2,0,1,0,0,1,0
280575,MISSISSIPPI,MS,1,1,1,31,0,COFFEE,28,12,December,2010,3,Tuesday,17,23,1,2,2,99998,31.65366389,-89.55391667,9,5,0,1,0,0,1,0
280576,MISSISSIPPI,MS,1,0,1,93,0,BEAR CREEK,29,12,December,2010,4,Wednesday,17,22,0,4,4,0,34.63871667,-89.49733333,1,2,0,1,0,0,1,0
280577,MISSISSIPPI,MS,1,0,1,49,1220,COLLINSVILLE,29,12,December,2010,4,Wednesday,19,45,0,16,6,0,32.32674167,-90.16191944,30,3,0,1,0,0,1,1
280578,MISSISSIPPI,MS,1,0,1,109,0,ANSLEY,30,12,December,2010,5,Thursday,7,9,0,4,4,0,30.87290833,-89.40767222,42,2,0,2,0,0,1,0
280579,MISSISSIPPI,MS,2,0,6,135,0,ASH FLAT,31,12,December,2010,6,Friday,17,2,0,4,3,99998,34.12676111,-90.07815000,12,2,0,1,0,0,2,0
280580,MISSISSIPPI,MS,1,0,1,7,0,BIBB,28,2,February,2010,1,Sunday,18,34,0,9,8,0,33.16356389,-89.46586389,42,1,0,1,0,0,1,1
280581,MISSISSIPPI,MS,1,0,2,17,0,CHAMBERS,31,8,August,2010,3,Tuesday,15,34,0,9,8,0,33.91325278,-88.93715833,42,1,0,1,0,0,1,0
280582,MISSISSIPPI,MS,2,0,5,7,0,BIBB,18,12,December,2010,7,Saturday,14,18,0,9,8,0,33.15889444,-89.46986667,12,1,0,1,0,0,2,0
290001,MISSOURI,MO,1,0,1,27,2960,ASHLAND,2,1,January,2010,7,Saturday,7,32,0,14,6,10,38.86626944,-91.95331944,59,3,0,1,0,0,1,1
290002,MISSOURI,MO,1,0,1,13,0,BOLLING,2,1,January,2010,7,Saturday,19,55,0,6,4,19,38.24313889,-94.37841667,42,2,0,4,0,0,1,1
290003,MISSOURI,MO,1,0,1,13,0,BOLLING,3,1,January,2010,1,Sunday,11,45,1,2,2,67,38.15166667,-94.35222222,1,1,0,10,0,0,1,0
290004,MISSOURI,MO,1,0,1,99,0,BEATRICE,3,1,January,2010,1,Sunday,15,35,0,6,4,18,38.28491667,-90.50633333,1,1,0,1,0,0,1,1
290005,MISSOURI,MO,1,0,1,187,0,DAHLONEGA,3,1,January,2010,1,Sunday,18,20,0,4,3,65,37.92777778,-90.43444444,35,2,0,10,0,0,1,0
290006,MISSOURI,MO,1,0,1,143,0,CANEHILL,5,1,January,2010,3,Tuesday,17,0,0,5,3,37,36.72250000,-89.57055556,1,1,0,1,0,0,1,0
290007,MISSOURI,MO,1,0,1,55,0,ATTALLA,6,1,January,2010,4,Wednesday,1,15,0,4,3,32,38.08072222,-91.43241667,42,2,0,1,0,0,1,1
290008,MISSOURI,MO,2,1,1,49,0,COLLINSVILLE,6,1,January,2010,4,Wednesday,19,5,1,1,1,55,39.67222222,-94.23500000,8,2,0,4,0,0,1,0
290009,MISSOURI,MO,1,0,2,207,0,BOLINGBROKE,7,1,January,2010,5,Thursday,5,50,0,3,3,3,37.12361111,-89.87111111,59,2,0,4,0,0,1,0
290010,MISSOURI,MO,1,0,1,223,0,BRASWELL,7,1,January,2010,5,Thursday,23,45,0,6,4,5,36.96933333,-90.28230556,1,2,0,1,0,0,1,1
290011,MISSOURI,MO,1,0,7,203,0,BENSON,9,1,January,2010,7,Saturday,1,30,0,6,4,127,36.99052778,-91.51958333,42,2,0,1,0,0,1,1
290012,MISSOURI,MO,2,0,2,510,7080,BALTIMORE,10,1,January,2010,1,Sunday,0,31,1,11,1,31,38.68425278,-90.22005278,12,3,0,1,0,0,1,1
290013,MISSOURI,MO,2,0,4,71,0,BRIDGEPORT,10,1,January,2010,1,Sunday,19,36,1,2,2,148,38.42891667,-91.11652778,12,2,0,1,0,0,1,0
290014,MISSOURI,MO,2,0,2,125,0,BROOKWOOD,12,1,January,2010,3,Tuesday,12,50,0,3,3,342,38.26200000,-91.72761111,12,1,0,1,0,0,1,0
290015,MISSOURI,MO,2,0,2,145,0,BALD KNOB,12,1,January,2010,3,Tuesday,17,40,0,3,2,171,36.86522222,-94.31897222,12,1,0,10,0,0,1,0
290017,MISSOURI,MO,1,1,1,175,5270,CADWELL,12,1,January,2010,3,Tuesday,10,51,1,12,2,137,39.42004722,-92.41204167,49,1,0,10,0,0,1,0
290018,MISSOURI,MO,1,0,1,510,7080,BALTIMORE,14,1,January,2010,5,Thursday,0,55,1,11,1,67,38.63932778,-90.18653889,24,3,0,1,0,0,1,1
290019,MISSOURI,MO,3,0,7,113,0,COTTONTON,14,1,January,2010,5,Thursday,23,7,0,3,3,83,38.99277778,-90.87583333,12,2,0,10,0,0,3,1
290020,MISSOURI,MO,1,0,1,65,0,CYPRESS,15,1,January,2010,6,Friday,5,0,0,4,3,34,37.65250000,-91.76138889,38,2,0,10,0,0,1,0
290021,MISSOURI,MO,2,0,4,19,0,CEDAR BLUFF,15,1,January,2010,6,Friday,10,10,0,3,3,40,38.92650000,-92.22867222,12,1,0,10,0,0,1,0
290022,MISSOURI,MO,1,0,1,35,0,BROOKLYN,15,1,January,2010,6,Friday,22,15,0,6,4,37,36.89958333,-90.78783333,42,2,0,10,0,0,1,0
290023,MISSOURI,MO,2,0,2,19,0,CEDAR BLUFF,16,1,January,2010,7,Saturday,13,0,0,3,3,63,38.91888889,-92.19000000,12,1,0,10,0,0,1,0
290024,MISSOURI,MO,2,0,2,51,0,CENTRAL,18,1,January,2010,2,Monday,9,25,1,2,2,72,38.44013889,-92.30386111,12,1,0,2,0,0,1,0
290025,MISSOURI,MO,2,0,2,151,0,FLIPPEN,18,1,January,2010,2,Monday,17,0,1,2,2,136,38.33841667,-91.91144444,12,1,0,1,0,0,1,0
290026,MISSOURI,MO,2,0,3,143,0,CANEHILL,18,1,January,2010,2,Monday,17,50,0,4,3,0,36.55277778,-89.91333333,12,2,0,1,0,0,1,0
290027,MISSOURI,MO,2,0,4,147,5040,AUGUSTA,14,1,January,2010,5,Thursday,12,39,1,12,2,260,40.31166667,-94.87388889,12,1,0,1,0,0,1,1
290028,MISSOURI,MO,1,0,2,95,4120,ALBERTVILLE,19,1,January,2010,3,Tuesday,9,17,1,11,1,75,39.04968611,-94.49926389,57,1,0,10,0,0,1,0
290029,MISSOURI,MO,2,0,7,145,0,BALD KNOB,19,1,January,2010,3,Tuesday,15,40,0,3,3,11,37.03675000,-94.11294444,12,1,0,1,0,0,3,0
290030,MISSOURI,MO,1,0,1,35,0,BROOKLYN,20,1,January,2010,4,Wednesday,2,0,0,3,3,123,36.92972222,-90.81069444,19,2,5,2,0,0,1,0
290031,MISSOURI,MO,2,0,2,97,0,AXIS,22,1,January,2010,6,Friday,9,38,0,4,3,114,37.20055556,-94.50833333,12,1,0,10,0,0,1,0
290032,MISSOURI,MO,2,0,5,189,1050,BONEVILLE,24,1,January,2010,1,Sunday,20,48,1,12,3,0,38.77213889,-90.40322222,12,3,0,1,0,0,1,1
290033,MISSOURI,MO,1,0,1,121,0,BON AIR,26,1,January,2010,3,Tuesday,11,8,0,4,3,133,39.88500000,-92.73275000,58,1,0,1,0,0,1,0
290034,MISSOURI,MO,1,0,1,69,0,ASHFORD,27,1,January,2010,4,Wednesday,4,30,0,4,3,7,36.31383333,-90.00852778,35,2,0,1,0,0,1,1
290035,MISSOURI,MO,1,0,1,117,0,BIRMINGHAM,28,1,January,2010,5,Thursday,2,35,1,2,2,216,39.73594444,-93.74733333,1,2,0,1,0,0,1,0
290036,MISSOURI,MO,1,0,1,189,0,BONEVILLE,28,1,January,2010,5,Thursday,6,5,0,16,4,10,38.81237500,-90.21704444,23,3,0,1,0,0,1,0
290037,MISSOURI,MO,1,0,1,119,0,BELLAMY,28,1,January,2010,5,Thursday,18,40,0,4,3,78,36.75313889,-94.48888889,58,2,0,10,0,0,1,1
290038,MISSOURI,MO,1,0,2,69,0,ASHFORD,29,1,January,2010,6,Friday,11,35,0,3,3,85,36.49097222,-89.97047222,1,1,0,4,0,0,1,0
290039,MISSOURI,MO,1,0,4,183,0,FORT STEWART,30,1,January,2010,7,Saturday,7,50,1,11,1,161,38.80588889,-90.81288889,1,1,0,1,0,0,1,0
290040,MISSOURI,MO,1,0,2,145,0,BALD KNOB,30,1,January,2010,7,Saturday,17,40,0,6,4,15,36.82638889,-94.43033333,24,1,0,1,0,0,1,0
290041,MISSOURI,MO,2,0,3,219,8120,BISHOP,30,1,January,2010,7,Saturday,18,10,1,11,7,77,38.81897222,-91.12647222,12,2,0,10,0,0,1,0
290042,MISSOURI,MO,1,1,1,510,7080,BALTIMORE,30,1,January,2010,7,Saturday,23,38,1,11,1,15,38.61299444,-90.30137778,8,3,0,98,0,0,1,0
290043,MISSOURI,MO,1,1,1,169,8190,BRADLEY,31,1,January,2010,1,Sunday,22,35,0,14,3,159,37.83433333,-92.19502778,8,2,0,10,0,0,1,0
290044,MISSOURI,MO,1,0,1,3,0,BALDWIN,1,2,February,2010,2,Monday,5,50,0,6,4,26,39.98856389,-94.68292222,38,2,0,10,0,0,1,1
290045,MISSOURI,MO,1,0,2,159,0,FARRAR,1,2,February,2010,2,Monday,22,0,0,6,4,3,38.52694444,-93.50916667,23,2,0,10,0,0,1,1
290046,MISSOURI,MO,3,0,5,159,7210,FARRAR,2,2,February,2010,3,Tuesday,15,29,0,15,6,5,38.70432222,-93.27366111,12,1,0,1,0,0,1,0
290047,MISSOURI,MO,2,0,4,183,5880,FORT STEWART,2,2,February,2010,3,Tuesday,18,7,1,11,7,99999,38.71775000,-90.70224167,12,3,0,10,0,0,1,1
290048,MISSOURI,MO,1,0,1,77,0,ANDERSON,3,2,February,2010,4,Wednesday,14,18,0,6,4,33,37.09666667,-93.38952778,34,1,0,10,0,0,1,0
290049,MISSOURI,MO,2,0,2,189,7665,BONEVILLE,4,2,February,2010,5,Thursday,1,38,1,12,3,63,38.52504167,-90.40035278,12,3,0,10,0,0,1,1
290050,MISSOURI,MO,1,0,1,510,7080,BALTIMORE,4,2,February,2010,5,Thursday,2,5,0,14,6,27,38.69028333,-90.23519444,33,3,0,1,0,0,1,1
290052,MISSOURI,MO,2,0,2,75,0,BEAVERTON,5,2,February,2010,6,Friday,5,45,0,2,2,129,40.24077778,-94.41275000,12,2,0,4,0,0,1,0
290053,MISSOURI,MO,1,0,1,119,0,BELLAMY,5,2,February,2010,6,Friday,20,25,0,4,3,9,36.75222222,-94.60527778,34,2,0,10,0,0,1,0
290055,MISSOURI,MO,1,0,1,165,0,HERNDON,7,2,February,2010,1,Sunday,3,50,1,11,1,278,39.18750000,-94.60158333,25,3,0,10,0,0,1,1
290056,MISSOURI,MO,2,0,3,165,4120,HERNDON,8,2,February,2010,2,Monday,13,58,1,12,3,16,39.25405833,-94.62998056,12,1,4,4,0,0,1,0
290057,MISSOURI,MO,1,0,2,109,0,ANSLEY,8,2,February,2010,2,Monday,20,0,1,1,1,125,37.09527778,-93.80027778,57,3,0,4,0,0,1,0
290059,MISSOURI,MO,2,0,2,99,335,BEATRICE,9,2,February,2010,3,Tuesday,0,26,1,11,1,26,38.41723889,-90.38846944,12,3,4,4,0,0,1,0
290060,MISSOURI,MO,2,0,2,85,0,BENTON,9,2,February,2010,3,Tuesday,7,45,0,4,3,199,37.85888889,-93.42266667,12,1,0,1,0,0,1,0
290061,MISSOURI,MO,2,0,2,91,0,DAYTON,9,2,February,2010,3,Tuesday,7,55,1,2,2,360,36.66986111,-91.72855556,12,1,0,1,0,0,1,0
290062,MISSOURI,MO,1,0,2,63,0,BOLIGEE,9,2,February,2010,3,Tuesday,15,9,1,2,2,159,39.76250000,-94.50125000,35,1,0,10,0,0,1,0
290063,MISSOURI,MO,2,0,2,73,0,ARGO,10,2,February,2010,4,Wednesday,4,40,0,3,3,208,38.67091667,-91.37519444,12,2,0,1,0,0,1,0
290064,MISSOURI,MO,1,0,1,71,0,BRIDGEPORT,11,2,February,2010,5,Thursday,0,30,0,6,4,7,38.54425000,-91.12402778,7,2,0,10,0,0,1,1
290065,MISSOURI,MO,1,0,1,9,0,BLOUNT,12,2,February,2010,6,Friday,22,4,0,6,4,6,36.55025000,-93.67652778,42,2,0,10,0,0,1,0
290066,MISSOURI,MO,1,0,1,29,0,BORDEN SPRINGS,14,2,February,2010,1,Sunday,2,25,0,5,3,21,38.07166667,-92.69388889,34,2,0,10,0,0,1,1
290067,MISSOURI,MO,1,1,4,183,0,FORT STEWART,14,2,February,2010,1,Sunday,20,20,0,4,3,92,38.65619444,-90.77752778,8,2,0,4,0,0,1,1
290068,MISSOURI,MO,2,0,3,101,0,BOYLSTON,15,2,February,2010,2,Monday,23,0,1,12,3,146,38.74861111,-93.57611111,53,2,0,10,0,0,1,1
290069,MISSOURI,MO,1,0,3,77,7460,ANDERSON,15,2,February,2010,2,Monday,23,37,0,14,6,31,37.18518333,-93.29488333,30,3,0,1,0,0,3,1
290070,MISSOURI,MO,1,0,4,99,0,BEATRICE,16,2,February,2010,3,Tuesday,4,50,0,6,4,11,38.03663333,-90.60609444,42,2,0,10,0,0,1,1
290071,MISSOURI,MO,1,0,1,95,4490,ALBERTVILLE,16,2,February,2010,3,Tuesday,9,23,1,11,1,70,38.94805556,-94.36333333,1,1,0,10,0,0,1,0
290072,MISSOURI,MO,3,0,8,97,0,AXIS,16,2,February,2010,3,Tuesday,18,46,0,14,3,115,37.08500000,-94.56694444,12,3,0,10,0,0,1,0
290074,MISSOURI,MO,2,0,6,159,0,FARRAR,19,2,February,2010,6,Friday,18,20,1,2,2,65,38.84161111,-93.21752778,12,2,2,2,0,0,1,0
290075,MISSOURI,MO,2,0,3,95,4120,ALBERTVILLE,18,2,February,2010,5,Thursday,12,11,0,14,6,20,39.11997222,-94.50885833,12,1,0,1,0,0,1,0
290076,MISSOURI,MO,1,0,1,183,0,FORT STEWART,20,2,February,2010,7,Saturday,2,45,0,15,3,386,38.83727778,-90.46613889,30,2,0,10,0,0,1,1
290077,MISSOURI,MO,1,0,1,77,7460,ANDERSON,20,2,February,2010,7,Saturday,5,18,1,12,2,188,37.16736111,-93.22465833,58,3,0,10,0,0,1,1
290078,MISSOURI,MO,3,0,5,83,0,ARDMORE,20,2,February,2010,7,Saturday,20,0,0,4,3,14,38.25744444,-94.04744444,12,2,0,2,0,0,1,1
290079,MISSOURI,MO,1,0,1,187,0,DAHLONEGA,20,2,February,2010,7,Saturday,22,39,0,6,4,29,37.90483333,-90.51855556,35,2,0,10,0,0,1,0
290080,MISSOURI,MO,3,0,7,143,0,CANEHILL,21,2,February,2010,1,Sunday,3,1,1,11,1,99,36.73700000,-89.53800000,12,2,0,10,0,0,1,1
290081,MISSOURI,MO,1,0,3,77,7460,ANDERSON,24,2,February,2010,4,Wednesday,0,4,0,16,6,0,37.22519444,-93.30676667,43,8,0,1,0,0,1,0
290082,MISSOURI,MO,4,0,7,77,7460,ANDERSON,26,2,February,2010,6,Friday,14,8,1,12,3,139,37.22636389,-93.31177778,12,1,0,1,0,0,1,0
290083,MISSOURI,MO,1,0,2,99,335,BEATRICE,27,2,February,2010,7,Saturday,1,39,0,14,6,8,38.43916667,-90.36054722,5,3,0,1,0,0,1,1
290084,MISSOURI,MO,2,0,4,27,0,ASHLAND,27,2,February,2010,7,Saturday,4,24,1,2,2,38,38.62500000,-92.19277778,12,2,0,1,0,0,1,1
290085,MISSOURI,MO,2,0,2,223,0,BRASWELL,27,2,February,2010,7,Saturday,12,4,1,2,3,292,37.20486111,-90.41800000,12,1,0,1,0,0,1,0
290086,MISSOURI,MO,1,0,1,163,0,AVERA,27,2,February,2010,7,Saturday,12,30,0,3,3,257,39.39166667,-90.95438889,35,1,0,1,0,0,1,0
290087,MISSOURI,MO,1,0,1,183,0,FORT STEWART,28,2,February,2010,1,Sunday,6,20,0,14,3,23,38.81858333,-90.81161111,1,1,0,1,0,0,1,1
290088,MISSOURI,MO,1,0,1,159,0,FARRAR,3,3,March,2010,4,Wednesday,7,45,0,4,3,68,38.62425000,-93.14547222,58,1,0,1,0,0,1,0
290089,MISSOURI,MO,1,0,4,55,0,ATTALLA,3,3,March,2010,4,Wednesday,20,30,1,2,1,113,38.10722222,-91.34216667,57,2,0,1,0,0,1,1
290090,MISSOURI,MO,2,0,2,101,0,BOYLSTON,4,3,March,2010,5,Thursday,18,50,1,2,2,0,38.86958333,-94.11625000,12,2,0,1,0,0,1,0
290091,MISSOURI,MO,1,1,1,510,7080,BALTIMORE,4,3,March,2010,5,Thursday,22,12,0,16,6,12,38.64596667,-90.22725833,8,3,0,1,0,0,1,0
290092,MISSOURI,MO,2,0,4,149,0,BELLEVILLE,5,3,March,2010,6,Friday,22,0,0,3,2,182,36.71752778,-91.40863889,12,2,0,1,0,0,1,0
290093,MISSOURI,MO,2,0,2,71,0,BRIDGEPORT,6,3,March,2010,7,Saturday,2,20,0,4,3,8,38.29991667,-91.28969444,12,2,0,1,0,0,1,2
290094,MISSOURI,MO,1,0,2,133,0,ARLEY,6,3,March,2010,7,Saturday,2,45,0,4,2,170,36.92194444,-89.20655556,34,2,0,1,0,0,1,1
290095,MISSOURI,MO,1,0,1,59,0,FRANKLIN,6,3,March,2010,7,Saturday,19,45,0,4,3,108,37.74277778,-92.99333333,32,2,0,1,0,0,1,0
290096,MISSOURI,MO,2,0,3,51,0,CENTRAL,6,3,March,2010,7,Saturday,22,15,1,2,2,79,38.50444444,-92.26388889,12,2,0,1,0,0,1,1
290097,MISSOURI,MO,2,0,2,119,0,BELLAMY,6,3,March,2010,7,Saturday,23,30,0,6,4,38,36.52444444,-94.21361111,12,2,0,10,0,0,1,2
290098,MISSOURI,MO,1,0,5,19,0,CEDAR BLUFF,7,3,March,2010,1,Sunday,14,0,1,2,2,318,39.07413889,-92.32988889,1,1,0,1,0,0,1,0
290099,MISSOURI,MO,2,0,2,53,0,ATMORE,8,3,March,2010,2,Monday,6,40,0,3,3,135,38.82927778,-92.61141667,12,1,0,1,0,0,1,0
290100,MISSOURI,MO,1,0,1,31,0,COFFEE,9,3,March,2010,3,Tuesday,19,45,0,4,3,66,37.26277778,-89.73994444,42,2,0,10,0,0,1,0
290101,MISSOURI,MO,1,0,2,75,0,BEAVERTON,9,3,March,2010,3,Tuesday,21,15,0,4,3,57,40.32850000,-94.51752778,42,2,5,2,0,0,1,1
290102,MISSOURI,MO,2,0,3,99,0,BEATRICE,10,3,March,2010,4,Wednesday,11,10,0,3,4,39,38.31277778,-90.57169444,12,1,0,1,0,0,1,0
290103,MISSOURI,MO,3,0,3,189,3580,BONEVILLE,10,3,March,2010,4,Wednesday,17,30,1,11,1,237,38.77444444,-90.39611111,12,1,0,10,0,0,1,0
290104,MISSOURI,MO,1,0,2,95,4120,ALBERTVILLE,10,3,March,2010,4,Wednesday,18,39,0,16,6,5,38.98761944,-94.59045000,5,3,0,2,0,0,1,1
290105,MISSOURI,MO,1,0,1,131,0,ARLINGTON,10,3,March,2010,4,Wednesday,20,10,0,6,4,28,38.16625000,-92.59977778,53,2,0,10,0,0,1,1
290106,MISSOURI,MO,7,0,8,47,4120,BROWNS,11,3,March,2010,5,Thursday,16,12,1,12,2,178,39.20298611,-94.58990000,12,1,0,10,0,0,1,1
290107,MISSOURI,MO,1,0,1,159,0,FARRAR,11,3,March,2010,5,Thursday,19,6,1,2,2,164,38.74778611,-93.34106111,59,2,0,10,0,0,1,0
290108,MISSOURI,MO,1,0,1,51,0,CENTRAL,12,3,March,2010,6,Friday,16,4,1,12,2,54,38.52388889,-92.22750000,1,1,0,10,0,0,1,0
290109,MISSOURI,MO,1,1,1,69,0,ASHFORD,12,3,March,2010,6,Friday,19,21,0,3,3,96,36.04638889,-90.13250000,8,2,0,2,0,0,1,0
290110,MISSOURI,MO,2,0,3,223,0,BRASWELL,12,3,March,2010,6,Friday,22,5,1,2,2,27,37.29008333,-90.43036111,12,2,0,2,0,0,2,1
290111,MISSOURI,MO,1,0,3,510,7080,BALTIMORE,13,3,March,2010,7,Saturday,1,47,0,14,6,30,38.68635278,-90.22031389,46,3,0,2,0,0,2,1
290112,MISSOURI,MO,2,0,2,219,8120,BISHOP,14,3,March,2010,1,Sunday,12,13,0,14,3,59,38.84822222,-91.13600000,12,1,0,2,0,0,1,0
290113,MISSOURI,MO,1,0,1,95,4120,ALBERTVILLE,7,3,March,2010,1,Sunday,3,47,1,11,1,83,39.05810000,-94.48781667,59,3,0,1,0,0,1,1
290114,MISSOURI,MO,2,0,4,189,1970,BONEVILLE,16,3,March,2010,3,Tuesday,5,42,1,12,3,123,38.67120833,-90.43544167,33,3,0,1,0,0,1,1
290115,MISSOURI,MO,2,0,4,9,0,BLOUNT,16,3,March,2010,3,Tuesday,20,55,1,2,3,73,36.82663889,-93.92450000,12,2,0,10,0,0,1,0
290116,MISSOURI,MO,1,0,1,27,0,ASHLAND,17,3,March,2010,4,Wednesday,18,30,0,6,4,0,38.80155556,-91.77566667,42,1,0,1,0,0,1,1
290117,MISSOURI,MO,2,0,3,510,7080,BALTIMORE,17,3,March,2010,4,Wednesday,22,1,0,14,6,36,38.67287222,-90.21717778,12,3,0,1,0,0,1,0
290118,MISSOURI,MO,1,0,2,165,6821,HERNDON,18,3,March,2010,5,Thursday,14,25,0,12,2,28,39.15999167,-94.62483333,24,1,0,1,0,0,1,1
290119,MISSOURI,MO,1,1,1,77,7460,ANDERSON,18,3,March,2010,5,Thursday,20,26,1,12,1,77,37.21415278,-93.30851667,8,3,0,1,0,0,1,0
290120,MISSOURI,MO,1,0,1,127,3470,BURNWELL,19,3,March,2010,6,Friday,4,16,0,14,6,5,39.68766111,-91.38314722,34,2,0,1,0,0,1,1
290121,MISSOURI,MO,2,0,2,69,4150,ASHFORD,19,3,March,2010,6,Friday,7,12,0,12,3,30,36.23645833,-90.07366389,12,1,0,1,0,0,1,0
290122,MISSOURI,MO,3,0,4,77,0,ANDERSON,19,3,March,2010,6,Friday,20,20,1,12,2,4,37.10066667,-93.50458333,12,2,0,1,0,0,1,1
290123,MISSOURI,MO,1,0,1,171,0,ALDORA,20,3,March,2010,7,Saturday,8,17,0,4,3,20,40.38944444,-93.03027778,35,1,0,4,0,0,1,0
290124,MISSOURI,MO,2,0,6,83,0,ARDMORE,20,3,March,2010,7,Saturday,15,15,1,2,3,164,38.38975000,-93.81169444,12,1,4,4,0,0,1,0
290125,MISSOURI,MO,1,0,1,69,0,ASHFORD,20,3,March,2010,7,Saturday,22,5,0,4,3,11,36.12222222,-90.17744444,59,2,0,10,0,0,1,1
290127,MISSOURI,MO,1,0,1,95,4120,ALBERTVILLE,23,3,March,2010,3,Tuesday,7,10,0,13,6,9,38.88250278,-94.58868333,10,1,0,1,0,0,1,0
290128,MISSOURI,MO,3,0,4,189,0,BONEVILLE,23,3,March,2010,3,Tuesday,10,30,1,11,1,146,38.51530556,-90.54997222,45,1,0,1,0,0,1,0
290129,MISSOURI,MO,2,0,2,183,0,FORT STEWART,23,3,March,2010,3,Tuesday,15,59,0,4,3,24,38.67480556,-90.95075000,12,1,0,1,0,0,1,1
290130,MISSOURI,MO,2,0,3,107,0,CARROLLTON,24,3,March,2010,4,Wednesday,14,5,0,4,3,53,39.07777778,-93.88438889,12,1,0,10,0,0,1,0
290131,MISSOURI,MO,4,0,6,223,0,BRASWELL,26,3,March,2010,6,Friday,12,50,1,2,2,93,37.19611111,-90.46791667,12,1,0,1,0,0,1,0
290132,MISSOURI,MO,5,0,7,95,4120,ALBERTVILLE,27,3,March,2010,7,Saturday,14,45,0,14,6,29,38.99804444,-94.55501389,33,1,0,10,0,0,1,0
290133,MISSOURI,MO,1,0,7,99,0,BEATRICE,28,3,March,2010,1,Sunday,7,45,1,11,1,217,38.36625000,-90.38463889,52,1,10,2,0,0,1,0
290134,MISSOURI,MO,1,0,1,105,0,MARION,29,3,March,2010,2,Monday,19,50,0,4,3,23,37.73891667,-92.48672222,32,2,0,1,0,0,1,1
290135,MISSOURI,MO,1,0,1,161,7050,DENTON,30,3,March,2010,3,Tuesday,10,15,1,1,1,258,37.99363889,-91.63608333,59,1,0,1,0,0,1,0
290136,MISSOURI,MO,3,0,4,27,4040,ASHLAND,1,4,April,2010,5,Thursday,5,14,0,14,3,9,38.59762778,-92.15667778,12,3,0,1,0,0,1,0
290137,MISSOURI,MO,1,0,1,221,0,ARNOLDSVILLE,1,4,April,2010,5,Thursday,8,40,0,4,3,213,38.00638889,-90.87138889,35,1,0,10,0,0,1,0
290138,MISSOURI,MO,2,0,2,510,7080,BALTIMORE,1,4,April,2010,5,Thursday,16,55,0,15,6,4,38.62416667,-90.27570278,12,1,0,1,0,0,1,0
290139,MISSOURI,MO,1,0,1,99,0,BEATRICE,1,4,April,2010,5,Thursday,17,50,1,12,3,63,38.49545278,-90.44434444,1,1,0,1,0,0,1,1
290140,MISSOURI,MO,2,0,6,15,0,ANNISTON,3,4,April,2010,7,Saturday,19,0,0,4,3,45,38.41016667,-93.16613889,1,1,0,1,0,0,1,0
290141,MISSOURI,MO,1,0,1,189,3580,BONEVILLE,4,4,April,2010,1,Sunday,3,9,0,12,4,0,38.78121389,-90.38948889,33,3,0,1,0,0,1,1