ST_CASE,State Name,State Abbreviation,VE_TOTAL,Pedestrains,Total_Persons_in_accident,COUNTY,CITY,City_County_Name,Calendar_DAY,MONTH,Month_Name,YEAR,DAY_WEEK,Day_Week_desc,HOUR,MINUTE,NHS_Desc,trafficway,ROUTE,MILEPT,LATITUDE,LONGITUD,First_Crash_event,Light_cond_desc,Weather_condition,WEATHER,SCH_BUS,Crash_cause,FATALS,DRUNK_DR
290142,MISSOURI,MO,1,0,1,215,0,BIBB CITY,4,4,April,2010,1,Sunday,12,45,0,3,3,88,37.54958333,-92.13391667,1,1,0,1,0,0,1,0
290143,MISSOURI,MO,3,0,3,189,2700,BONEVILLE,5,4,April,2010,2,Monday,0,37,0,12,3,60,38.76961111,-90.26027778,12,3,0,10,0,0,1,2
290144,MISSOURI,MO,2,0,3,185,0,ANAKTUVUK PASS,5,4,April,2010,2,Monday,9,20,1,12,3,115,37.99005556,-93.65186111,12,1,0,10,0,0,1,0
290145,MISSOURI,MO,1,0,3,219,0,BISHOP,5,4,April,2010,2,Monday,16,45,0,4,3,34,38.64436111,-91.01627778,42,1,0,10,0,0,1,0
290146,MISSOURI,MO,1,0,2,187,0,DAHLONEGA,5,4,April,2010,2,Monday,21,45,0,6,4,14,37.99091667,-90.52963889,58,2,0,1,0,0,1,1
290147,MISSOURI,MO,1,0,2,189,0,BONEVILLE,6,4,April,2010,3,Tuesday,12,15,1,11,1,174,38.50291667,-90.59816667,42,1,0,1,0,0,1,0
290148,MISSOURI,MO,1,0,2,143,0,CANEHILL,7,4,April,2010,4,Wednesday,0,15,0,15,3,9,36.85671944,-89.53694444,1,2,0,1,0,0,1,1
290149,MISSOURI,MO,1,0,1,77,7460,ANDERSON,7,4,April,2010,4,Wednesday,23,15,0,16,6,20,37.19540278,-93.23971389,19,3,0,1,0,0,1,1
290150,MISSOURI,MO,3,0,3,99,9997,BEATRICE,25,2,February,2010,5,Thursday,16,35,1,12,3,93,38.41306389,-90.58223333,12,1,0,1,0,0,1,0
290151,MISSOURI,MO,8,0,13,189,0,BONEVILLE,12,3,March,2010,6,Friday,18,45,0,13,3,76,38.74858333,-90.25395833,1,3,0,2,0,0,1,0
290152,MISSOURI,MO,1,1,1,189,0,BONEVILLE,12,3,March,2010,6,Friday,21,40,0,13,3,69,38.70088611,-90.33207222,8,3,0,2,0,0,1,0
290153,MISSOURI,MO,1,0,4,510,7080,BALTIMORE,23,3,March,2010,3,Tuesday,20,52,0,16,6,2,38.71611389,-90.24695556,30,3,0,1,0,0,1,0
290154,MISSOURI,MO,4,0,6,510,7080,BALTIMORE,24,3,March,2010,4,Wednesday,10,6,0,13,6,72,38.59578611,-90.27099167,12,1,0,10,0,0,1,0
290155,MISSOURI,MO,1,0,2,183,0,FORT STEWART,26,3,March,2010,6,Friday,18,30,0,4,3,54,38.77758333,-90.87216667,59,1,0,10,0,0,1,0
290156,MISSOURI,MO,1,0,3,95,3940,ALBERTVILLE,27,3,March,2010,7,Saturday,1,54,0,14,6,5,39.13034167,-94.41578611,43,3,0,10,0,0,1,1
290157,MISSOURI,MO,2,0,2,95,4120,ALBERTVILLE,4,4,April,2010,1,Sunday,19,57,1,12,2,76,38.94045833,-94.53623333,12,2,0,10,0,0,1,0
290158,MISSOURI,MO,2,0,2,199,5100,ALVATON,8,4,April,2010,5,Thursday,5,0,0,3,2,99,40.45525000,-92.17961111,12,2,0,1,0,0,1,0
290159,MISSOURI,MO,2,0,2,510,7080,BALTIMORE,9,4,April,2010,6,Friday,3,19,0,13,3,36,38.59226111,-90.24444722,12,3,0,10,0,0,1,1
290161,MISSOURI,MO,2,0,2,510,7080,BALTIMORE,9,4,April,2010,6,Friday,18,35,0,14,3,59,38.61971667,-90.20657500,12,1,0,1,0,0,1,1
290162,MISSOURI,MO,1,0,1,79,0,COURTLAND,10,4,April,2010,7,Saturday,9,0,0,2,3,2,40.02813889,-93.73605556,35,1,0,1,0,0,1,0
290163,MISSOURI,MO,1,0,1,7,0,BIBB,10,4,April,2010,7,Saturday,9,15,0,6,4,31,39.33943333,-92.26509167,34,1,0,1,0,0,1,0
290164,MISSOURI,MO,1,0,1,9,0,BLOUNT,10,4,April,2010,7,Saturday,19,18,0,3,3,1,36.78880556,-94.00258333,34,1,0,1,0,0,1,1
290165,MISSOURI,MO,1,0,1,43,5730,BAILEYTON,16,2,February,2010,3,Tuesday,10,37,0,16,6,31,37.05040000,-93.29445556,53,1,0,10,0,0,1,0
290166,MISSOURI,MO,2,0,2,510,7080,BALTIMORE,21,3,March,2010,1,Sunday,5,59,1,11,1,58,38.56413333,-90.24325556,12,3,0,10,0,0,1,0
290167,MISSOURI,MO,2,0,4,189,2690,BONEVILLE,29,3,March,2010,2,Monday,22,47,1,12,3,143,38.50741389,-90.44362778,12,3,0,1,0,0,1,0
290168,MISSOURI,MO,1,0,5,95,4120,ALBERTVILLE,4,4,April,2010,1,Sunday,3,23,0,16,6,8,39.00485278,-94.55301944,42,3,0,1,0,0,3,1
290169,MISSOURI,MO,4,0,2,189,7890,BONEVILLE,6,4,April,2010,3,Tuesday,0,2,0,2,6,152,38.66272778,-90.30511111,14,3,0,1,0,0,1,0
290170,MISSOURI,MO,3,0,5,186,0,BLOOMSDALE,11,4,April,2010,1,Sunday,12,15,1,2,3,109,37.96111111,-90.21305556,12,1,0,1,0,0,1,0
290171,MISSOURI,MO,2,0,4,189,553,BONEVILLE,11,4,April,2010,1,Sunday,17,15,1,11,1,331,38.76883333,-90.21527778,12,1,0,1,0,0,1,0
290172,MISSOURI,MO,3,0,1,181,0,LINCOLN,11,4,April,2010,1,Sunday,17,18,0,5,3,10,36.65083333,-90.71027778,34,1,0,1,0,0,1,1
290173,MISSOURI,MO,1,0,1,143,0,CANEHILL,11,4,April,2010,1,Sunday,20,0,1,12,2,67,36.85138889,-89.59527778,21,2,0,1,0,0,1,0
290174,MISSOURI,MO,2,0,3,51,4040,CENTRAL,11,4,April,2010,1,Sunday,23,39,0,14,6,28,38.54259444,-92.06364167,12,2,0,1,0,0,2,0
290175,MISSOURI,MO,1,0,2,11,0,BULLOCK,12,4,April,2010,2,Monday,12,50,0,3,2,245,37.49194444,-94.09611111,59,1,0,1,0,0,1,0
290176,MISSOURI,MO,2,0,4,1,4230,AUTAUGA,12,4,April,2010,2,Monday,13,30,1,12,2,140,40.14651667,-92.57223333,12,1,0,1,0,0,2,0
290177,MISSOURI,MO,1,0,1,221,0,ARNOLDSVILLE,9,3,March,2010,3,Tuesday,6,50,0,5,4,40,38.01536111,-90.76041667,42,1,0,10,0,0,1,0
290178,MISSOURI,MO,1,0,1,510,7080,BALTIMORE,27,2,February,2010,7,Saturday,5,0,0,14,6,23,38.57169167,-90.30595556,34,3,0,1,0,0,1,1
290179,MISSOURI,MO,4,0,1,189,7890,BONEVILLE,27,3,March,2010,7,Saturday,23,44,0,15,6,4,38.65339167,-90.32735833,42,3,0,10,0,0,1,1
290180,MISSOURI,MO,1,0,1,99,0,BEATRICE,13,4,April,2010,3,Tuesday,11,7,1,12,3,72,38.36970000,-90.49803611,59,1,0,1,0,0,1,0
290181,MISSOURI,MO,1,0,1,143,0,CANEHILL,13,4,April,2010,3,Tuesday,14,0,0,4,3,189,36.42444444,-89.67111111,32,1,0,1,0,0,1,0
290182,MISSOURI,MO,2,0,3,71,0,BRIDGEPORT,13,4,April,2010,3,Tuesday,16,20,1,11,1,242,38.44700000,-90.89708333,12,1,0,1,0,0,1,0
290183,MISSOURI,MO,6,0,7,71,0,BRIDGEPORT,13,4,April,2010,3,Tuesday,21,8,0,2,3,321,38.47755556,-90.86994444,12,2,0,1,0,0,1,1
290184,MISSOURI,MO,3,0,3,159,0,FARRAR,14,4,April,2010,4,Wednesday,6,20,1,2,2,228,38.69400000,-93.10594444,12,2,0,10,0,0,1,0
290185,MISSOURI,MO,1,0,2,93,0,BEAR CREEK,14,4,April,2010,4,Wednesday,8,0,0,4,3,12,37.59350000,-90.67200000,1,1,0,1,0,0,1,0
290186,MISSOURI,MO,1,0,1,149,0,BELLEVILLE,14,4,April,2010,4,Wednesday,16,15,0,3,2,85,36.76958333,-91.53572222,35,1,0,1,0,0,1,0
290187,MISSOURI,MO,1,0,1,99,0,BEATRICE,14,4,April,2010,4,Wednesday,16,30,1,2,2,79,38.13608333,-90.47119444,57,1,0,1,0,0,1,0
290188,MISSOURI,MO,2,0,2,105,0,MARION,15,4,April,2010,5,Thursday,13,58,1,2,3,97,37.75730556,-92.67400000,12,1,0,1,0,0,1,1
290189,MISSOURI,MO,1,0,1,107,0,CARROLLTON,16,4,April,2010,6,Friday,15,2,1,1,1,85,38.99150000,-93.65002778,1,1,0,10,0,0,1,0
290190,MISSOURI,MO,1,0,1,19,0,CEDAR BLUFF,16,4,April,2010,6,Friday,15,20,0,4,3,12,39.11611111,-92.43958333,35,1,0,10,0,0,1,1
290191,MISSOURI,MO,1,0,1,95,4120,ALBERTVILLE,18,4,April,2010,1,Sunday,2,40,1,11,1,66,39.10673611,-94.57810278,24,3,0,1,0,0,1,1
290192,MISSOURI,MO,1,0,1,213,0,CARTERS,18,4,April,2010,1,Sunday,10,20,0,4,3,51,36.75361111,-93.13458333,59,1,0,1,0,0,1,0
290193,MISSOURI,MO,1,0,1,183,0,FORT STEWART,18,4,April,2010,1,Sunday,22,37,1,11,1,66,38.80588889,-90.84686111,1,3,0,1,0,0,1,0
290194,MISSOURI,MO,1,1,1,183,0,FORT STEWART,19,4,April,2010,2,Monday,3,45,1,11,1,207,38.80572222,-90.85494444,8,2,0,10,0,0,1,0
290195,MISSOURI,MO,2,0,3,83,0,ARDMORE,19,4,April,2010,2,Monday,9,5,0,3,3,319,38.45455556,-93.65894444,12,1,0,1,0,0,1,0
290196,MISSOURI,MO,1,0,1,43,6020,BAILEYTON,19,4,April,2010,2,Monday,14,8,0,14,3,0,37.09111111,-93.19111111,34,1,0,10,0,0,1,0
290197,MISSOURI,MO,1,0,3,31,0,COFFEE,20,4,April,2010,3,Tuesday,16,20,0,4,3,10,37.18430556,-89.72769444,35,1,0,1,0,0,1,0
290198,MISSOURI,MO,1,0,1,187,0,DAHLONEGA,21,4,April,2010,4,Wednesday,99,99,0,4,3,16,37.76663889,-90.36472222,35,2,0,1,0,0,1,1
290199,MISSOURI,MO,2,0,2,3,0,BALDWIN,22,4,April,2010,5,Thursday,4,0,1,1,1,92,39.91786111,-94.90744444,12,2,0,10,0,0,1,0
290200,MISSOURI,MO,1,0,1,219,0,BISHOP,22,4,April,2010,5,Thursday,13,38,0,4,3,127,38.85150000,-91.22233333,30,1,0,10,0,0,1,1
290201,MISSOURI,MO,1,0,2,113,0,COTTONTON,24,4,April,2010,7,Saturday,1,27,0,6,4,74,38.94352778,-90.76555556,1,2,0,10,0,0,1,1
290202,MISSOURI,MO,1,1,2,105,0,MARION,24,4,April,2010,7,Saturday,3,10,1,2,3,106,37.74516667,-92.67383333,8,2,0,10,0,0,1,0
290203,MISSOURI,MO,2,0,2,33,0,CHEROKEE,24,4,April,2010,7,Saturday,9,25,1,2,2,100,39.46902778,-93.47641667,12,1,0,2,0,0,1,0
290204,MISSOURI,MO,1,0,1,221,0,ARNOLDSVILLE,24,4,April,2010,7,Saturday,16,30,0,4,3,19,38.08633333,-91.06030556,1,1,0,10,0,0,1,1
290205,MISSOURI,MO,1,0,1,91,0,DAYTON,25,4,April,2010,1,Sunday,23,50,0,3,3,64,36.80208333,-91.99355556,42,2,0,10,0,0,1,1
290206,MISSOURI,MO,1,1,1,1,4230,AUTAUGA,27,4,April,2010,3,Tuesday,2,9,1,2,2,83,40.24411944,-92.58254167,9,2,0,2,0,0,1,0
290207,MISSOURI,MO,2,0,2,95,4120,ALBERTVILLE,28,4,April,2010,4,Wednesday,2,46,1,12,2,56,38.91956111,-94.52763333,12,3,0,1,0,0,1,0
290208,MISSOURI,MO,1,0,1,119,0,BELLAMY,28,4,April,2010,4,Wednesday,15,50,0,4,3,103,36.74083333,-94.45166667,38,1,0,10,0,0,1,1
290209,MISSOURI,MO,1,0,1,213,0,CARTERS,28,4,April,2010,4,Wednesday,17,40,0,6,4,2,36.61355556,-93.28700000,1,1,0,1,0,0,1,0
290210,MISSOURI,MO,1,1,1,101,0,BOYLSTON,28,4,April,2010,4,Wednesday,19,43,0,6,4,4,38.73444444,-93.72861111,9,1,0,1,0,0,1,0
290211,MISSOURI,MO,1,0,1,175,0,CADWELL,29,4,April,2010,5,Thursday,19,45,0,2,2,180,39.45388889,-92.38333333,1,1,0,1,0,0,1,0
290212,MISSOURI,MO,1,0,1,99,0,BEATRICE,29,4,April,2010,5,Thursday,21,10,0,2,3,151,38.24194444,-90.57541667,1,2,0,1,0,0,1,1
290213,MISSOURI,MO,1,0,1,95,4120,ALBERTVILLE,30,4,April,2010,6,Friday,0,1,0,16,6,13,39.03082500,-94.58753333,42,3,0,10,0,0,1,1
290214,MISSOURI,MO,2,0,4,47,4120,BROWNS,2,5,May,2010,1,Sunday,18,25,1,12,3,32,39.16182222,-94.59110000,12,1,0,1,0,0,1,0
290215,MISSOURI,MO,3,0,3,189,1050,BONEVILLE,3,5,May,2010,2,Monday,8,30,1,11,1,29,38.74666667,-90.43472222,54,1,0,10,0,0,1,0
290216,MISSOURI,MO,2,0,2,203,0,BENSON,3,5,May,2010,2,Monday,15,15,0,3,3,8,37.17758333,-91.63919444,12,1,0,1,0,0,1,0
290217,MISSOURI,MO,1,0,2,165,0,HERNDON,5,5,May,2010,4,Wednesday,1,57,0,4,3,159,39.38546111,-94.82758889,35,2,0,1,0,0,1,1
290218,MISSOURI,MO,1,0,1,113,0,COTTONTON,5,5,May,2010,4,Wednesday,14,55,0,4,3,136,38.91430556,-90.95313889,1,1,0,1,0,0,1,0
290219,MISSOURI,MO,2,0,2,95,4120,ALBERTVILLE,6,5,May,2010,5,Thursday,11,0,0,14,6,44,38.97545278,-94.59502500,12,1,0,1,0,0,1,0
290220,MISSOURI,MO,2,0,3,205,0,BACONTON,6,5,May,2010,5,Thursday,15,0,1,2,2,28,39.74290000,-92.24734722,12,1,0,10,0,0,1,0
290221,MISSOURI,MO,1,0,2,135,0,ASH FLAT,6,5,May,2010,5,Thursday,22,57,0,5,3,41,38.57136111,-92.48291667,34,2,0,1,0,0,1,0
290222,MISSOURI,MO,1,0,1,77,0,ANDERSON,6,5,May,2010,5,Thursday,23,45,0,6,4,9,37.34655556,-93.12516667,38,2,0,1,0,0,1,1
290223,MISSOURI,MO,1,0,1,207,0,BOLINGBROKE,7,5,May,2010,6,Friday,18,0,0,4,3,24,36.96250000,-89.86638889,43,1,10,2,0,0,1,0
290224,MISSOURI,MO,1,0,1,97,0,AXIS,8,5,May,2010,7,Saturday,5,27,1,2,3,109,37.18947222,-94.55147222,35,3,0,1,0,0,1,0
290225,MISSOURI,MO,1,0,1,209,0,AILEY,8,5,May,2010,7,Saturday,15,50,0,6,4,51,36.70486111,-93.41222222,42,1,0,1,0,0,1,1
290227,MISSOURI,MO,2,0,3,113,0,COTTONTON,9,5,May,2010,1,Sunday,15,55,0,6,4,24,38.93000000,-90.96500000,12,1,0,1,0,0,2,0
290228,MISSOURI,MO,1,0,1,93,0,BEAR CREEK,11,5,May,2010,3,Tuesday,4,30,0,3,3,16,37.63022222,-90.61544444,1,2,0,10,0,0,1,0
290229,MISSOURI,MO,1,0,1,201,0,ANNETTE,11,5,May,2010,3,Tuesday,8,38,1,1,1,213,37.17888889,-89.53750000,35,1,0,1,0,0,1,0
290230,MISSOURI,MO,2,0,2,155,0,IRWIN,13,5,May,2010,5,Thursday,11,30,1,1,1,202,36.24777778,-89.72916667,12,1,0,10,0,0,1,0
290231,MISSOURI,MO,1,1,4,510,7080,BALTIMORE,13,5,May,2010,5,Thursday,20,56,1,11,6,67,38.60238333,-90.26972222,8,3,0,1,0,0,1,0
290232,MISSOURI,MO,1,0,4,165,4120,HERNDON,13,5,May,2010,5,Thursday,23,27,0,15,6,6,39.27336111,-94.66995000,33,3,0,1,0,0,1,1
290233,MISSOURI,MO,2,0,3,169,0,BRADLEY,14,5,May,2010,6,Friday,7,5,0,4,3,209,37.88241667,-92.37447222,12,1,2,2,0,0,1,0
290234,MISSOURI,MO,2,0,2,131,0,ARLINGTON,14,5,May,2010,6,Friday,7,50,0,3,3,261,38.04897222,-92.29230556,12,1,0,2,0,0,1,0
290235,MISSOURI,MO,2,0,7,71,0,BRIDGEPORT,14,5,May,2010,6,Friday,15,5,1,11,1,275,38.47491667,-90.84994444,12,1,0,10,0,0,1,0
290236,MISSOURI,MO,1,0,1,55,0,ATTALLA,14,5,May,2010,6,Friday,16,35,0,4,3,19,38.12805556,-91.24472222,35,1,0,1,0,0,1,0
290237,MISSOURI,MO,2,0,1,95,4120,ALBERTVILLE,15,5,May,2010,7,Saturday,5,6,0,16,6,7,39.04783889,-94.59336111,14,3,0,1,0,0,1,0
290238,MISSOURI,MO,2,0,5,29,0,BORDEN SPRINGS,15,5,May,2010,7,Saturday,16,40,1,2,3,99,38.09138889,-92.81250000,12,1,0,10,0,0,1,0
290239,MISSOURI,MO,2,0,2,47,4120,BROWNS,15,5,May,2010,7,Saturday,19,59,1,12,3,9,39.29924167,-94.48925556,12,2,0,2,0,0,2,1
290240,MISSOURI,MO,1,0,2,99,0,BEATRICE,15,5,May,2010,7,Saturday,21,10,0,15,4,15,38.47613889,-90.52822222,42,2,0,2,0,0,1,1
290241,MISSOURI,MO,1,0,2,95,3240,ALBERTVILLE,17,5,May,2010,2,Monday,13,35,1,11,1,249,39.02025000,-94.18919444,34,1,0,1,0,0,1,0
290242,MISSOURI,MO,2,0,4,207,0,BOLINGBROKE,18,5,May,2010,3,Tuesday,15,4,0,12,3,264,36.77361111,-89.96394444,12,1,0,1,0,0,1,1
290243,MISSOURI,MO,2,0,3,510,7080,BALTIMORE,19,5,May,2010,4,Wednesday,3,49,0,12,6,3,38.66846111,-90.28609167,12,3,0,10,0,0,1,0
290244,MISSOURI,MO,1,0,2,510,7080,BALTIMORE,19,5,May,2010,4,Wednesday,13,25,0,14,6,15,38.58236389,-90.31128333,3,1,0,10,0,0,2,0
290245,MISSOURI,MO,1,0,1,189,0,BONEVILLE,19,5,May,2010,4,Wednesday,18,50,1,11,1,5,38.50275000,-90.33330556,31,1,0,10,0,0,1,1
290246,MISSOURI,MO,1,0,2,183,7100,FORT STEWART,20,5,May,2010,5,Thursday,18,38,0,12,6,6,38.79743333,-90.62058611,59,1,0,10,0,0,1,0
290247,MISSOURI,MO,1,0,1,207,0,BOLINGBROKE,20,5,May,2010,5,Thursday,21,25,0,3,3,269,36.76527778,-89.96416667,34,2,0,1,0,0,1,0
290248,MISSOURI,MO,1,1,1,95,4120,ALBERTVILLE,21,5,May,2010,6,Friday,8,7,0,15,6,12,39.11015000,-94.54825556,8,1,0,10,0,0,1,0
290249,MISSOURI,MO,1,0,2,113,0,COTTONTON,21,5,May,2010,6,Friday,11,45,0,6,4,62,38.93586111,-91.05552778,3,1,0,10,0,0,1,0
290250,MISSOURI,MO,2,0,2,213,0,CARTERS,21,5,May,2010,6,Friday,15,25,0,4,2,49,36.75416667,-93.23752778,12,1,0,1,0,0,1,0
290251,MISSOURI,MO,1,0,1,97,0,AXIS,22,5,May,2010,7,Saturday,11,0,0,6,4,86,37.23138889,-94.28944444,21,1,0,1,0,0,1,0
290252,MISSOURI,MO,1,0,4,221,0,ARNOLDSVILLE,22,5,May,2010,7,Saturday,21,0,0,6,4,227,37.99002778,-90.94613889,42,2,0,10,0,0,1,0
290253,MISSOURI,MO,1,0,3,9,0,BLOUNT,23,5,May,2010,1,Sunday,4,20,0,3,3,119,36.67166667,-93.91622222,53,2,0,1,0,0,1,1
290254,MISSOURI,MO,2,0,2,215,0,BIBB CITY,23,5,May,2010,1,Sunday,18,35,0,3,3,61,37.55925000,-92.17252778,12,1,0,1,0,0,1,0
290255,MISSOURI,MO,1,0,1,27,0,ASHLAND,24,5,May,2010,2,Monday,20,17,0,4,3,26,38.84419444,-91.88033333,24,1,0,1,0,0,1,0
290256,MISSOURI,MO,1,0,1,215,0,BIBB CITY,26,5,May,2010,4,Wednesday,7,5,0,6,4,27,37.48111111,-91.82694444,5,1,0,1,0,0,1,1
290257,MISSOURI,MO,1,0,4,65,0,CYPRESS,26,5,May,2010,4,Wednesday,8,40,0,5,3,14,37.77222222,-91.38750000,42,1,0,1,0,0,1,0
290258,MISSOURI,MO,2,0,3,47,4120,BROWNS,26,5,May,2010,4,Wednesday,13,1,1,12,3,14,39.29882222,-94.48857778,12,1,0,10,0,0,1,0
290259,MISSOURI,MO,1,0,3,165,6080,HERNDON,26,5,May,2010,4,Wednesday,17,16,1,11,1,47,39.25333333,-94.75527778,1,1,2,2,0,0,1,0
290260,MISSOURI,MO,1,0,6,153,0,BONAIRE,27,5,May,2010,5,Thursday,19,40,0,4,3,19,36.77030556,-92.22186111,34,1,0,1,0,0,1,0
290261,MISSOURI,MO,2,0,8,163,0,AVERA,28,5,May,2010,6,Friday,12,55,1,2,2,102,39.34436111,-91.25911111,12,1,0,1,0,0,1,0
290262,MISSOURI,MO,1,0,1,95,4120,ALBERTVILLE,28,5,May,2010,6,Friday,13,20,0,6,6,9,39.00442222,-94.55305556,35,1,0,1,0,0,1,0
290263,MISSOURI,MO,1,0,1,189,0,BONEVILLE,8,5,May,2010,7,Saturday,20,50,0,12,3,274,38.49741944,-90.34168333,5,3,0,1,0,0,1,1
290264,MISSOURI,MO,1,0,4,510,7080,BALTIMORE,28,5,May,2010,6,Friday,17,37,1,11,1,38,38.61849722,-90.25983056,1,1,0,1,0,0,1,0
290265,MISSOURI,MO,1,0,1,161,0,DENTON,28,5,May,2010,6,Friday,22,30,0,6,4,1,37.76986111,-92.02363889,42,2,0,1,0,0,1,1
290266,MISSOURI,MO,1,0,2,139,0,CALION,29,5,May,2010,7,Saturday,2,0,0,5,3,318,38.73166667,-91.44750000,59,2,0,1,0,0,1,1
290267,MISSOURI,MO,2,0,2,213,0,CARTERS,29,5,May,2010,7,Saturday,13,10,0,3,3,176,36.65633333,-93.10175000,53,1,0,1,0,0,1,0
290269,MISSOURI,MO,1,0,1,181,0,LINCOLN,30,5,May,2010,1,Sunday,19,25,0,3,3,289,36.59533333,-90.68947222,32,1,0,1,0,0,1,1
290270,MISSOURI,MO,1,0,1,177,0,LEE,31,5,May,2010,2,Monday,6,40,0,3,3,26,39.48805556,-94.03166667,1,1,0,1,0,0,1,0
290271,MISSOURI,MO,2,0,4,43,6020,BAILEYTON,31,5,May,2010,2,Monday,20,59,0,14,6,241,37.02446667,-93.22553889,12,3,0,1,0,0,1,1
290272,MISSOURI,MO,2,0,2,167,880,ADRIAN,1,6,June,2010,3,Tuesday,12,48,0,3,6,5,37.59767500,-93.42558889,12,1,0,1,0,0,1,1
290273,MISSOURI,MO,2,0,3,97,0,AXIS,1,6,June,2010,3,Tuesday,18,44,0,6,4,30,37.14752778,-94.25627778,12,1,0,1,0,0,1,0
290274,MISSOURI,MO,1,0,1,123,0,ALEXANDER CITY,1,6,June,2010,3,Tuesday,19,45,0,3,3,69,37.58000000,-90.41416667,42,1,0,1,0,0,1,0
290275,MISSOURI,MO,2,0,2,145,2240,BALD KNOB,2,6,June,2010,4,Wednesday,8,17,0,3,3,51,36.98031944,-94.31538056,12,1,0,1,0,0,1,0
290276,MISSOURI,MO,2,0,2,11,0,BULLOCK,2,6,June,2010,4,Wednesday,10,0,1,2,2,147,37.56741667,-94.29422222,12,1,10,2,0,0,1,0
290277,MISSOURI,MO,8,0,11,99,3620,BEATRICE,2,6,June,2010,4,Wednesday,12,25,1,11,1,137,38.25508333,-90.40247222,12,1,0,1,0,0,2,0
290278,MISSOURI,MO,2,0,3,175,0,CADWELL,3,6,June,2010,5,Thursday,12,3,1,2,2,20,39.51163889,-92.43447222,12,1,0,1,0,0,1,0
290279,MISSOURI,MO,2,0,2,510,7080,BALTIMORE,3,6,June,2010,5,Thursday,21,38,0,12,6,26,38.66153056,-90.26181944,12,3,0,1,0,0,1,0
290280,MISSOURI,MO,2,0,2,225,0,BYRON,4,6,June,2010,6,Friday,10,55,1,2,2,61,37.15644444,-92.77250000,12,1,0,1,0,0,1,0
290281,MISSOURI,MO,1,0,1,165,0,HERNDON,5,6,June,2010,7,Saturday,21,43,1,1,1,179,39.38336111,-94.78822222,59,2,0,1,0,0,1,1
290282,MISSOURI,MO,3,0,4,151,2900,FLIPPEN,6,6,June,2010,1,Sunday,15,0,1,2,2,158,38.31183333,-91.91950000,12,1,0,1,0,0,1,0
290283,MISSOURI,MO,1,1,1,7,5170,BIBB,6,6,June,2010,1,Sunday,20,5,0,15,6,4,39.18066667,-91.89015000,8,1,0,1,0,0,1,0
290284,MISSOURI,MO,1,0,1,99,0,BEATRICE,6,6,June,2010,1,Sunday,22,0,0,4,3,104,38.22597222,-90.58750000,35,2,0,1,0,0,1,0
290285,MISSOURI,MO,1,0,1,189,1050,BONEVILLE,6,6,June,2010,1,Sunday,2,49,0,16,4,22,38.78625000,-90.42216389,35,2,0,10,0,0,1,1
290286,MISSOURI,MO,2,0,2,183,7100,FORT STEWART,7,6,June,2010,2,Monday,10,34,1,12,3,262,38.74029167,-90.61510278,12,1,0,10,0,0,1,0
290287,MISSOURI,MO,2,0,6,127,0,BURNWELL,7,6,June,2010,2,Monday,22,30,1,12,2,68,39.74419444,-91.45252778,12,2,0,1,0,0,2,0
290288,MISSOURI,MO,2,0,2,77,0,ANDERSON,8,6,June,2010,3,Tuesday,10,45,1,2,2,76,37.12069444,-93.19994444,12,1,0,10,0,0,1,0
290289,MISSOURI,MO,2,0,2,213,4225,CARTERS,8,6,June,2010,3,Tuesday,17,15,0,3,3,134,36.62602778,-93.13922222,12,1,0,1,0,0,1,0
290290,MISSOURI,MO,1,0,1,139,0,CALION,9,6,June,2010,4,Wednesday,0,30,0,6,4,32,39.04972222,-91.37250000,42,2,2,2,0,0,1,0
290291,MISSOURI,MO,1,0,1,67,0,ABBEVILLE,9,6,June,2010,4,Wednesday,20,10,0,4,3,38,37.04488889,-92.29211111,34,1,0,10,0,0,1,0
290292,MISSOURI,MO,1,0,1,103,0,DANVILLE,10,6,June,2010,5,Thursday,16,15,0,4,3,7,40.13633333,-92.28902778,58,1,0,10,0,0,1,0
290293,MISSOURI,MO,1,0,2,183,0,FORT STEWART,11,6,June,2010,6,Friday,19,55,0,16,4,8,38.84388889,-90.71441667,30,1,0,1,0,0,1,1
290294,MISSOURI,MO,1,1,1,95,4120,ALBERTVILLE,11,6,June,2010,6,Friday,14,48,0,16,6,5,39.09169444,-94.51950278,15,1,0,1,0,0,1,0
290295,MISSOURI,MO,2,0,2,127,0,BURNWELL,11,6,June,2010,6,Friday,16,5,1,2,2,10,39.66194444,-91.82808333,12,1,0,10,0,0,1,0
290296,MISSOURI,MO,1,0,1,55,0,ATTALLA,12,6,June,2010,7,Saturday,17,0,0,6,4,14,38.16194444,-91.11611111,42,1,0,1,0,0,1,1
290297,MISSOURI,MO,1,1,2,19,0,CEDAR BLUFF,13,6,June,2010,1,Sunday,0,42,1,1,1,69,38.97130556,-92.42038889,8,2,0,1,0,0,1,0
290298,MISSOURI,MO,2,0,2,7,5170,BIBB,13,6,June,2010,1,Sunday,21,30,0,15,6,16,39.17853333,-91.88241111,12,3,0,1,0,0,1,0
290299,MISSOURI,MO,1,0,1,113,0,COTTONTON,14,6,June,2010,2,Monday,18,5,0,4,3,104,38.93291667,-90.75655556,35,1,0,1,0,0,1,0
290300,MISSOURI,MO,1,0,2,77,0,ANDERSON,14,6,June,2010,2,Monday,18,25,0,6,4,23,37.27936111,-93.18652778,5,1,0,1,0,0,1,0
290301,MISSOURI,MO,2,0,2,15,0,ANNISTON,16,6,June,2010,4,Wednesday,19,17,1,2,3,225,38.16527778,-93.25444444,12,1,0,10,0,0,1,1