ST_CASE,State Name,State Abbreviation,VE_TOTAL,Pedestrains,Total_Persons_in_accident,COUNTY,CITY,City_County_Name,Calendar_DAY,MONTH,Month_Name,YEAR,DAY_WEEK,Day_Week_desc,HOUR,MINUTE,NHS_Desc,trafficway,ROUTE,MILEPT,LATITUDE,LONGITUD,First_Crash_event,Light_cond_desc,Weather_condition,WEATHER,SCH_BUS,Crash_cause,FATALS,DRUNK_DR
290302,MISSOURI,MO,2,0,2,219,0,BISHOP,16,6,June,2010,4,Wednesday,23,20,0,4,3,31,38.64280556,-91.01947222,12,2,0,10,0,0,1,1
290303,MISSOURI,MO,1,0,1,189,1050,BONEVILLE,17,5,May,2010,2,Monday,3,3,0,16,4,3,38.73253333,-90.41470833,53,3,0,2,0,0,1,1
290304,MISSOURI,MO,2,0,3,109,0,ANSLEY,17,6,June,2010,5,Thursday,7,35,0,3,3,86,36.94361111,-93.93583333,12,1,0,1,0,0,1,0
290305,MISSOURI,MO,2,0,2,179,0,ALLENHURST,18,6,June,2010,6,Friday,6,30,0,3,3,187,37.36194444,-90.96780556,54,1,0,1,0,0,1,0
290306,MISSOURI,MO,1,0,1,131,0,ARLINGTON,19,6,June,2010,7,Saturday,19,15,0,3,3,97,38.25750000,-92.43638889,30,1,0,1,0,0,1,1
290307,MISSOURI,MO,1,1,1,71,0,BRIDGEPORT,27,6,June,2010,1,Sunday,0,2,0,3,3,282,38.23177778,-90.86622222,8,2,0,1,0,0,1,0
290308,MISSOURI,MO,1,0,1,99,0,BEATRICE,20,6,June,2010,1,Sunday,0,50,1,11,1,197,38.33933333,-90.39797222,52,2,0,10,0,0,1,1
290309,MISSOURI,MO,2,0,3,185,0,ANAKTUVUK PASS,20,6,June,2010,1,Sunday,17,25,1,2,2,137,37.89000000,-93.57472222,12,1,0,1,0,0,1,0
290310,MISSOURI,MO,2,0,2,83,0,ARDMORE,25,6,June,2010,6,Friday,12,55,1,2,3,308,38.32861111,-93.61472222,12,1,0,10,0,0,1,0
290311,MISSOURI,MO,1,0,2,95,4120,ALBERTVILLE,25,6,June,2010,6,Friday,17,50,0,14,6,32,39.05527778,-94.54745278,33,1,0,1,0,0,1,0
290312,MISSOURI,MO,1,1,1,510,7080,BALTIMORE,26,6,June,2010,7,Saturday,1,50,0,14,6,41,38.72745556,-90.22463611,8,3,0,1,0,0,1,0
290313,MISSOURI,MO,2,0,5,9,0,BLOUNT,26,6,June,2010,7,Saturday,10,15,1,2,3,251,36.59761111,-93.94722222,12,1,0,1,0,0,1,0
290314,MISSOURI,MO,1,0,2,135,0,ASH FLAT,26,6,June,2010,7,Saturday,13,20,0,3,3,162,38.64408333,-92.55097222,1,1,0,10,0,0,1,0
290315,MISSOURI,MO,1,0,1,223,6260,BRASWELL,26,6,June,2010,7,Saturday,19,35,0,4,6,1,37.15398333,-90.69446944,30,1,0,1,0,0,1,1
290316,MISSOURI,MO,1,0,1,187,2670,DAHLONEGA,26,6,June,2010,7,Saturday,19,45,1,12,2,125,37.80150000,-90.44550000,1,1,0,1,0,0,1,1
290317,MISSOURI,MO,2,0,3,95,4120,ALBERTVILLE,26,6,June,2010,7,Saturday,20,51,0,12,4,76,38.90398056,-94.58498611,12,3,0,1,0,0,1,2
290318,MISSOURI,MO,1,0,1,99,0,BEATRICE,23,3,March,2010,3,Tuesday,16,0,0,6,4,18,38.39693611,-90.47955278,32,1,0,1,0,0,1,0
290319,MISSOURI,MO,1,0,2,71,0,BRIDGEPORT,29,4,April,2010,5,Thursday,14,0,0,4,3,112,38.50072222,-91.10200000,1,1,0,1,0,0,1,0
290320,MISSOURI,MO,1,0,1,510,7080,BALTIMORE,28,6,June,2010,2,Monday,20,10,1,11,1,71,38.59099722,-90.21391111,25,1,0,1,0,0,1,0
290321,MISSOURI,MO,2,0,2,167,880,ADRIAN,28,6,June,2010,2,Monday,9,28,1,2,3,231,37.55335278,-93.38758889,12,1,0,1,0,0,1,0
290322,MISSOURI,MO,2,0,3,95,0,ALBERTVILLE,28,6,June,2010,2,Monday,18,30,0,4,3,66,38.92244444,-94.13294444,12,1,0,1,0,0,1,0
290323,MISSOURI,MO,1,1,1,3,0,BALDWIN,29,6,June,2010,3,Tuesday,16,20,0,6,4,47,39.90438889,-94.95036111,10,1,0,1,0,0,1,0
290324,MISSOURI,MO,1,1,2,510,7080,BALTIMORE,30,6,June,2010,4,Wednesday,2,50,0,12,6,1,38.65950833,-90.21801111,8,3,0,1,0,0,1,0
290325,MISSOURI,MO,2,0,5,185,0,ANAKTUVUK PASS,30,6,June,2010,4,Wednesday,19,50,0,4,3,10,38.07458333,-94.03800000,12,1,0,1,0,0,1,1
290326,MISSOURI,MO,1,0,1,510,7080,BALTIMORE,1,7,July,2010,5,Thursday,9,35,1,11,1,62,38.60882500,-90.21174444,33,1,0,10,0,0,1,0
290327,MISSOURI,MO,2,0,2,29,0,BORDEN SPRINGS,1,7,July,2010,5,Thursday,10,15,0,6,4,17,37.98111111,-92.70500000,12,1,0,1,0,0,1,0
290328,MISSOURI,MO,1,0,1,119,0,BELLAMY,1,7,July,2010,5,Thursday,17,0,0,6,4,150,36.65630556,-94.17719444,34,1,0,1,0,0,1,0
290329,MISSOURI,MO,1,1,1,95,4326,ALBERTVILLE,2,7,July,2010,6,Friday,0,1,1,12,2,89,38.89391667,-94.27716667,8,2,0,1,0,0,1,0
290330,MISSOURI,MO,2,1,1,163,0,AVERA,2,7,July,2010,6,Friday,1,0,0,6,4,16,39.41166667,-91.39027778,14,2,0,1,0,0,1,1
290331,MISSOURI,MO,2,0,4,95,4120,ALBERTVILLE,2,7,July,2010,6,Friday,5,44,0,14,6,9,39.09504722,-94.56084722,12,1,0,1,0,0,3,0
290332,MISSOURI,MO,2,0,3,13,0,BOLLING,3,7,July,2010,7,Saturday,2,15,1,2,2,265,38.43058333,-94.34261111,12,2,0,1,0,0,1,1
290333,MISSOURI,MO,2,0,3,95,4120,ALBERTVILLE,3,7,July,2010,7,Saturday,3,10,0,12,6,26,38.99984722,-94.41632500,12,2,0,1,0,0,1,2
290334,MISSOURI,MO,1,1,1,189,650,BONEVILLE,3,7,July,2010,7,Saturday,6,20,0,12,6,9,38.76392778,-90.33675278,33,4,0,1,0,0,1,0
290335,MISSOURI,MO,2,0,3,31,0,COFFEE,3,7,July,2010,7,Saturday,7,34,0,4,3,38,37.46819444,-89.57547222,12,1,0,1,0,0,1,0
290336,MISSOURI,MO,1,0,2,510,7080,BALTIMORE,3,7,July,2010,7,Saturday,13,13,1,11,1,59,38.61053611,-90.20507222,24,1,0,1,0,0,1,1
290337,MISSOURI,MO,1,0,2,19,0,CEDAR BLUFF,3,7,July,2010,7,Saturday,20,5,0,4,3,42,38.93797222,-92.47525000,34,1,0,1,0,0,1,1
290338,MISSOURI,MO,1,1,2,95,4120,ALBERTVILLE,3,7,July,2010,7,Saturday,21,25,0,12,6,56,39.10599722,-94.54151389,8,3,0,1,0,0,1,1
290339,MISSOURI,MO,2,0,5,95,4120,ALBERTVILLE,3,7,July,2010,7,Saturday,22,54,0,12,6,37,39.04778056,-94.52297500,30,3,0,10,0,0,1,1
290340,MISSOURI,MO,1,0,1,41,0,BRANTLEY,4,7,July,2010,1,Sunday,10,59,0,4,3,264,39.37594444,-92.73444444,23,1,0,10,0,0,1,0
290341,MISSOURI,MO,1,1,2,189,4950,BONEVILLE,4,7,July,2010,1,Sunday,21,5,0,14,2,53,38.56939722,-90.33789444,8,3,0,10,0,0,1,0
290342,MISSOURI,MO,1,0,1,95,4120,ALBERTVILLE,5,7,July,2010,2,Monday,5,48,1,11,1,153,38.94834167,-94.53308889,35,3,2,2,0,0,1,1
290343,MISSOURI,MO,1,0,1,145,0,BALD KNOB,5,7,July,2010,2,Monday,14,43,0,6,4,73,36.83002778,-94.54405556,35,1,0,1,0,0,1,1
290344,MISSOURI,MO,9,0,3,510,7080,BALTIMORE,5,7,July,2010,2,Monday,20,31,0,16,6,9,38.57759444,-90.28993889,12,1,0,10,0,0,1,1
290345,MISSOURI,MO,2,0,5,71,0,BRIDGEPORT,7,7,July,2010,4,Wednesday,16,0,0,6,4,134,38.34613889,-90.92041667,12,1,2,2,0,0,1,0
290346,MISSOURI,MO,1,0,2,109,0,ANSLEY,7,7,July,2010,4,Wednesday,22,30,0,6,4,5,36.94841667,-93.79086111,42,2,0,10,0,0,1,1
290347,MISSOURI,MO,1,0,1,159,0,FARRAR,8,7,July,2010,5,Thursday,8,45,0,5,3,26,38.73713889,-93.30494444,43,1,0,10,0,0,1,0
290348,MISSOURI,MO,1,0,1,27,0,ASHLAND,8,7,July,2010,5,Thursday,9,30,1,2,2,52,38.64472222,-92.20100000,58,1,0,10,0,0,1,0
290349,MISSOURI,MO,1,0,1,77,7460,ANDERSON,9,7,July,2010,6,Friday,15,39,1,12,1,19,37.21224444,-93.35489722,33,1,0,10,0,0,1,0
290350,MISSOURI,MO,2,0,4,185,250,ANAKTUVUK PASS,9,7,July,2010,6,Friday,19,12,0,16,6,8,38.18833333,-94.02811111,12,1,0,1,0,0,1,0
290351,MISSOURI,MO,1,0,1,165,6320,HERNDON,16,6,June,2010,4,Wednesday,2,37,0,4,6,6,39.35898333,-94.77951389,33,3,0,1,0,0,1,0
290352,MISSOURI,MO,2,0,3,159,0,FARRAR,9,7,July,2010,6,Friday,19,57,1,2,2,213,38.76336111,-93.42705556,12,1,0,1,0,0,1,1
290353,MISSOURI,MO,1,0,1,47,4570,BROWNS,9,7,July,2010,6,Friday,21,42,0,14,3,19,39.26913333,-94.39547500,11,2,0,1,0,0,1,0
290354,MISSOURI,MO,1,0,1,99,0,BEATRICE,10,7,July,2010,7,Saturday,15,45,0,4,3,25,38.24311111,-90.65841667,32,1,0,1,0,0,1,0
290355,MISSOURI,MO,3,0,10,7,0,BIBB,11,7,July,2010,1,Sunday,14,6,1,2,2,120,39.16383333,-91.77716667,12,1,2,2,0,0,1,0
290356,MISSOURI,MO,1,0,1,87,0,ARMSTRONG,11,7,July,2010,1,Sunday,20,20,0,4,3,290,40.00425000,-95.21186111,24,1,0,10,0,0,1,1
290357,MISSOURI,MO,1,1,1,51,4040,CENTRAL,12,7,July,2010,2,Monday,3,25,1,12,2,21,38.56017500,-92.18999722,8,2,0,10,0,0,1,0
290358,MISSOURI,MO,1,0,2,186,0,BLOOMSDALE,12,7,July,2010,2,Monday,11,15,1,1,1,22,37.85738889,-90.01419444,1,1,0,1,0,0,2,0
290359,MISSOURI,MO,1,0,1,95,0,ALBERTVILLE,12,7,July,2010,2,Monday,20,10,0,4,4,64,39.16812778,-94.25130833,32,2,0,10,0,0,1,0
290360,MISSOURI,MO,1,0,2,183,8280,FORT STEWART,13,7,July,2010,3,Tuesday,5,45,1,11,1,225,38.80719444,-90.88461111,57,7,0,10,0,0,1,1
290361,MISSOURI,MO,1,0,1,39,0,ANDALUSIA,13,7,July,2010,3,Tuesday,16,34,0,4,3,89,37.71947222,-93.78000000,1,1,0,1,0,0,1,1
290362,MISSOURI,MO,2,0,2,25,0,BARLOW BEND,14,7,July,2010,4,Wednesday,6,10,1,2,2,121,39.73369444,-93.98402778,12,1,0,1,0,0,1,0
290363,MISSOURI,MO,1,0,4,99,0,BEATRICE,14,7,July,2010,4,Wednesday,10,20,0,6,4,28,38.26013889,-90.51991667,38,1,0,1,0,0,1,0
290364,MISSOURI,MO,2,0,2,99,0,BEATRICE,14,7,July,2010,4,Wednesday,19,5,1,12,3,171,38.44733333,-90.54352778,12,1,0,1,0,0,1,0
290365,MISSOURI,MO,1,1,2,189,5810,BONEVILLE,14,7,July,2010,4,Wednesday,23,40,1,11,1,115,38.71166667,-90.28750000,8,3,0,1,0,0,1,0
290366,MISSOURI,MO,4,0,6,215,0,BIBB CITY,15,7,July,2010,5,Thursday,13,50,1,2,2,311,37.19513889,-92.03916667,12,1,2,2,0,0,1,0
290367,MISSOURI,MO,2,0,2,145,4100,BALD KNOB,15,7,July,2010,5,Thursday,16,25,0,12,3,9,37.04062222,-94.51472778,12,1,0,1,0,0,1,0
290368,MISSOURI,MO,1,0,1,179,0,ALLENHURST,16,7,July,2010,6,Friday,14,45,0,6,4,22,37.44663889,-91.18541667,35,1,0,1,0,0,1,0
290369,MISSOURI,MO,2,0,5,95,3940,ALBERTVILLE,16,7,July,2010,6,Friday,21,10,1,11,1,9,39.03367222,-94.36164444,12,3,0,10,0,0,1,1
290370,MISSOURI,MO,1,1,1,195,0,CARLTON,16,7,July,2010,6,Friday,22,30,1,1,1,15,38.97916667,-93.46805556,8,2,0,10,0,0,1,0
290371,MISSOURI,MO,2,0,3,71,0,BRIDGEPORT,2,3,March,2010,3,Tuesday,19,28,0,3,3,23,38.51611111,-91.03802778,12,2,0,1,0,0,1,0
290372,MISSOURI,MO,1,0,2,209,0,AILEY,11,4,April,2010,1,Sunday,16,45,0,3,3,5,36.73180556,-93.56941667,1,1,0,1,0,0,1,0
290373,MISSOURI,MO,1,0,1,189,2780,BONEVILLE,20,4,April,2010,3,Tuesday,12,54,0,15,6,4,38.81191667,-90.34313611,33,1,0,1,0,0,1,0
290374,MISSOURI,MO,1,0,1,510,7080,BALTIMORE,23,4,April,2010,6,Friday,16,6,1,11,1,77,38.62569167,-90.18709167,25,1,0,1,0,0,1,0
290375,MISSOURI,MO,1,0,2,207,2230,BOLINGBROKE,7,6,June,2010,2,Monday,17,41,1,12,2,133,36.80340556,-89.96936667,1,1,0,1,0,0,1,0
290376,MISSOURI,MO,2,0,2,51,0,CENTRAL,16,7,July,2010,6,Friday,23,0,0,4,3,24,38.52952778,-92.05152778,12,2,0,1,0,0,2,2
290377,MISSOURI,MO,1,0,1,71,0,BRIDGEPORT,17,7,July,2010,7,Saturday,99,99,0,3,3,93,38.32213889,-90.77963889,35,2,0,10,0,0,1,1
290378,MISSOURI,MO,1,1,1,97,0,AXIS,17,7,July,2010,7,Saturday,9,38,0,6,4,9,37.18455556,-94.44613889,9,1,0,10,0,0,1,0
290379,MISSOURI,MO,2,0,2,77,0,ANDERSON,17,7,July,2010,7,Saturday,8,55,1,12,2,3,37.09858333,-93.29763889,12,1,0,10,0,0,1,0
290380,MISSOURI,MO,1,0,2,47,0,BROWNS,17,7,July,2010,7,Saturday,18,20,0,6,4,40,39.27369444,-94.34280556,1,1,0,1,0,0,1,1
290381,MISSOURI,MO,1,0,1,121,0,BON AIR,18,7,July,2010,1,Sunday,15,15,1,2,2,235,39.70744444,-92.46444444,53,1,0,1,0,0,1,0
290382,MISSOURI,MO,2,0,3,21,0,CHILTON,18,7,July,2010,1,Sunday,17,20,0,6,4,46,39.65138889,-94.93388889,1,1,0,1,0,0,1,0
290383,MISSOURI,MO,2,0,9,145,0,BALD KNOB,18,7,July,2010,1,Sunday,18,26,0,5,2,158,36.85552778,-94.33966667,12,1,0,1,0,0,1,0
290384,MISSOURI,MO,2,0,2,155,0,IRWIN,20,7,July,2010,3,Tuesday,8,55,0,4,3,30,36.05958333,-89.89575000,12,1,0,1,0,0,1,0
290385,MISSOURI,MO,2,0,3,141,0,BEE BRANCH,20,7,July,2010,3,Tuesday,13,16,0,4,3,11,38.32694444,-92.86805556,12,1,0,10,0,0,1,0
290386,MISSOURI,MO,2,0,2,95,4326,ALBERTVILLE,20,7,July,2010,3,Tuesday,16,6,1,12,2,103,38.90010556,-94.29847778,12,1,0,10,0,0,1,0
290387,MISSOURI,MO,2,0,2,11,0,BULLOCK,21,7,July,2010,4,Wednesday,16,30,1,2,2,163,37.59038889,-94.29344444,12,1,0,1,0,0,1,0
290388,MISSOURI,MO,1,0,1,91,0,DAYTON,21,7,July,2010,4,Wednesday,0,50,0,3,3,6,36.82166667,-92.08633333,42,2,0,1,0,0,1,0
290389,MISSOURI,MO,1,0,1,31,0,COFFEE,23,7,July,2010,6,Friday,9,9,0,4,3,77,37.26286111,-89.72269444,1,9,0,99,0,0,1,0
290390,MISSOURI,MO,1,0,1,39,0,ANDALUSIA,23,7,July,2010,6,Friday,22,40,0,3,3,53,37.78213889,-94.01697222,35,2,0,1,0,0,1,1
290391,MISSOURI,MO,1,0,2,3,0,BALDWIN,25,7,July,2010,1,Sunday,3,15,1,1,1,76,39.90347222,-94.88488889,35,2,0,1,0,0,1,0
290392,MISSOURI,MO,1,0,1,67,0,ABBEVILLE,25,7,July,2010,1,Sunday,12,15,0,3,3,273,36.89908333,-92.54780556,1,1,0,10,0,0,1,0
290393,MISSOURI,MO,2,0,3,47,4120,BROWNS,26,7,July,2010,2,Monday,22,12,0,14,6,5,39.18801389,-94.54522222,12,3,0,1,0,0,1,0
290394,MISSOURI,MO,2,0,2,95,4120,ALBERTVILLE,27,7,July,2010,3,Tuesday,11,46,0,14,6,9,39.05775556,-94.51049444,1,1,0,1,0,0,1,0
290395,MISSOURI,MO,1,0,2,95,0,ALBERTVILLE,27,7,July,2010,3,Tuesday,12,50,0,6,4,3,39.01694722,-94.18188889,42,1,0,1,0,0,1,0
290396,MISSOURI,MO,1,1,1,77,7596,ANDERSON,27,7,July,2010,3,Tuesday,22,37,0,16,6,29,37.27275000,-93.12122222,8,3,0,1,0,0,1,0
290397,MISSOURI,MO,2,0,3,95,0,ALBERTVILLE,28,7,July,2010,4,Wednesday,14,20,0,12,3,3,39.18383333,-94.39761111,12,1,0,1,0,0,1,0
290398,MISSOURI,MO,1,0,2,71,0,BRIDGEPORT,28,7,July,2010,4,Wednesday,15,4,0,4,3,49,38.35738889,-91.26452778,1,1,0,1,0,0,1,0
290399,MISSOURI,MO,2,0,3,143,0,CANEHILL,29,7,July,2010,5,Thursday,17,37,1,2,2,64,36.84316667,-89.65086111,12,1,0,10,0,0,1,0
290400,MISSOURI,MO,2,0,2,189,2690,BONEVILLE,29,7,July,2010,5,Thursday,19,8,1,12,3,138,38.51429167,-90.44653333,12,1,0,1,0,0,1,1
290401,MISSOURI,MO,3,0,3,125,0,BROOKWOOD,30,7,July,2010,6,Friday,14,35,0,3,3,21,38.26833333,-92.13966667,12,1,0,1,0,0,1,0
290402,MISSOURI,MO,1,0,2,145,0,BALD KNOB,30,7,July,2010,6,Friday,22,15,0,6,4,22,36.98000000,-94.37138889,38,2,0,1,0,0,1,1
290403,MISSOURI,MO,1,0,2,187,0,DAHLONEGA,31,7,July,2010,7,Saturday,20,25,1,2,2,49,37.97605556,-90.53650000,24,2,0,10,0,0,1,1
290404,MISSOURI,MO,2,0,2,77,7460,ANDERSON,31,7,July,2010,7,Saturday,20,33,1,2,2,54,37.18163889,-93.26242500,12,3,0,1,0,0,1,1
290405,MISSOURI,MO,1,0,2,25,0,BARLOW BEND,31,7,July,2010,7,Saturday,21,25,0,6,4,80,39.65738889,-93.94155556,7,2,0,1,0,0,1,1
290406,MISSOURI,MO,2,0,3,510,7080,BALTIMORE,1,8,August,2010,1,Sunday,2,55,0,12,6,50,38.62575278,-90.26495833,12,3,0,1,0,0,1,1
290407,MISSOURI,MO,1,0,1,183,0,FORT STEWART,3,8,August,2010,3,Tuesday,12,15,0,12,3,67,38.84036111,-90.69058333,1,1,0,1,0,0,1,0
290408,MISSOURI,MO,1,0,2,3,0,BALDWIN,4,8,August,2010,4,Wednesday,4,15,0,6,4,31,39.86305556,-94.62666667,34,2,0,1,0,0,1,0
290409,MISSOURI,MO,2,0,3,47,4120,BROWNS,4,8,August,2010,4,Wednesday,20,58,1,11,1,155,39.15678056,-94.50029444,12,3,0,1,0,0,1,1
290410,MISSOURI,MO,1,0,1,213,0,CARTERS,4,8,August,2010,4,Wednesday,15,20,0,4,2,53,36.75352778,-93.23030556,1,1,0,1,0,0,1,0
290411,MISSOURI,MO,2,0,2,183,7010,FORT STEWART,5,8,August,2010,5,Thursday,2,25,1,12,3,268,38.76941667,-90.52341667,12,3,0,10,0,0,1,1
290412,MISSOURI,MO,4,0,56,71,0,BRIDGEPORT,5,8,August,2010,5,Thursday,10,11,1,11,1,263,38.46125000,-90.86311111,12,1,0,1,1,0,2,0
290413,MISSOURI,MO,1,0,1,135,0,ASH FLAT,5,8,August,2010,5,Thursday,15,53,0,3,3,259,38.51805556,-92.57138889,38,1,0,10,0,0,1,1
290414,MISSOURI,MO,1,0,1,59,0,FRANKLIN,7,8,August,2010,7,Saturday,0,15,0,6,4,104,37.47333333,-93.08611111,58,2,0,1,0,0,1,1
290415,MISSOURI,MO,1,0,1,223,3380,BRASWELL,7,8,August,2010,7,Saturday,12,17,1,2,2,153,37.12500000,-90.44933333,59,1,0,1,0,0,1,0
290416,MISSOURI,MO,1,0,3,175,0,CADWELL,7,8,August,2010,7,Saturday,14,50,0,2,2,196,39.46243889,-92.35541111,34,1,0,1,0,0,1,0
290417,MISSOURI,MO,1,0,1,109,0,ANSLEY,8,8,August,2010,1,Sunday,14,42,0,6,4,42,37.12119444,-93.75108333,24,1,0,1,0,0,1,1
290418,MISSOURI,MO,1,0,2,215,0,BIBB CITY,8,8,August,2010,1,Sunday,17,10,0,5,3,31,37.41366667,-92.01775000,59,1,0,1,0,0,1,0
290419,MISSOURI,MO,1,0,2,37,0,BRADFORD,9,8,August,2010,2,Monday,13,30,0,4,3,114,38.46916667,-94.11838889,42,1,0,1,0,0,1,0
290420,MISSOURI,MO,1,0,2,15,0,ANNISTON,9,8,August,2010,2,Monday,18,0,0,3,3,1,38.07250000,-93.49416667,38,1,0,1,0,0,1,0
290421,MISSOURI,MO,1,0,1,99,2200,BEATRICE,10,8,August,2010,3,Tuesday,9,30,0,14,3,4,38.12872222,-90.55497222,24,1,0,1,0,0,1,0
290422,MISSOURI,MO,1,0,1,27,0,ASHLAND,10,8,August,2010,3,Tuesday,6,25,0,4,3,87,38.93277778,-91.82250000,53,1,0,1,0,0,1,0
290423,MISSOURI,MO,1,0,1,195,4970,CARLTON,10,8,August,2010,3,Tuesday,11,2,0,15,6,5,39.12508333,-93.19925000,10,1,0,1,0,0,1,0
290424,MISSOURI,MO,1,0,1,145,5580,BALD KNOB,10,8,August,2010,3,Tuesday,19,20,0,16,4,20,36.86756389,-94.39137500,26,1,0,1,0,0,1,1
290425,MISSOURI,MO,1,1,1,97,4100,AXIS,7,5,May,2010,6,Friday,20,54,1,12,2,3,37.05053611,-94.47855833,8,3,0,1,0,0,1,0
290426,MISSOURI,MO,2,0,3,99,335,BEATRICE,22,5,May,2010,7,Saturday,15,13,0,14,2,25,38.42607778,-90.37679167,1,1,0,1,0,0,1,0
290427,MISSOURI,MO,1,1,1,189,1030,BONEVILLE,25,5,May,2010,3,Tuesday,12,37,0,12,3,52,38.71518333,-90.35860000,8,1,0,1,0,0,1,1
290428,MISSOURI,MO,2,0,2,19,1800,CEDAR BLUFF,12,7,July,2010,2,Monday,7,56,0,14,6,13,38.97167778,-92.30931111,1,1,0,1,0,0,1,0
290429,MISSOURI,MO,2,0,3,143,4600,CANEHILL,26,7,July,2010,2,Monday,10,50,0,4,3,9,36.59795833,-89.60213056,12,1,0,1,0,0,1,0
290430,MISSOURI,MO,1,0,1,65,0,CYPRESS,10,8,August,2010,3,Tuesday,23,30,0,3,3,3,37.52527778,-91.75055556,38,2,0,10,0,0,1,0
290431,MISSOURI,MO,1,0,1,69,0,ASHFORD,11,8,August,2010,4,Wednesday,8,45,0,4,3,2,36.62686111,-90.08377778,23,1,0,1,0,0,1,0
290432,MISSOURI,MO,1,0,4,219,8120,BISHOP,12,8,August,2010,5,Thursday,8,45,1,1,1,118,38.82011111,-91.17505556,1,1,0,1,0,0,1,0
290433,MISSOURI,MO,1,0,1,95,4120,ALBERTVILLE,13,8,August,2010,6,Friday,6,15,0,14,6,18,39.06818056,-94.55741667,33,3,0,1,0,0,1,0
290434,MISSOURI,MO,2,0,2,189,0,BONEVILLE,13,8,August,2010,6,Friday,13,44,0,6,4,5,38.46351111,-90.35330000,12,1,0,1,0,0,1,1
290435,MISSOURI,MO,2,0,3,91,0,DAYTON,13,8,August,2010,6,Friday,21,13,1,2,2,93,36.98169444,-91.83500000,12,2,0,1,0,0,1,0
290436,MISSOURI,MO,2,0,2,97,4100,AXIS,14,8,August,2010,7,Saturday,2,34,1,11,1,211,37.05866944,-94.43564722,12,2,0,10,0,0,1,1
290437,MISSOURI,MO,2,0,3,510,7080,BALTIMORE,14,8,August,2010,7,Saturday,11,56,0,13,6,37,38.57987500,-90.29370833,12,1,0,1,0,0,1,0
290438,MISSOURI,MO,1,0,1,31,0,COFFEE,15,8,August,2010,1,Sunday,4,0,1,2,3,11,37.35686111,-89.84291667,32,2,0,1,0,0,1,1
290439,MISSOURI,MO,1,0,2,21,7070,CHILTON,15,8,August,2010,1,Sunday,23,56,0,14,6,23,39.76972222,-94.81244167,42,3,0,1,0,0,1,1
290440,MISSOURI,MO,2,0,1,159,0,FARRAR,16,8,August,2010,2,Monday,5,15,1,2,2,10,38.76600000,-93.48233333,14,2,0,10,0,0,1,0
290441,MISSOURI,MO,1,0,1,510,7080,BALTIMORE,16,8,August,2010,2,Monday,10,25,1,11,1,27,38.63197500,-90.26048611,21,1,0,1,0,0,1,0
290442,MISSOURI,MO,1,0,4,17,0,CHAMBERS,16,8,August,2010,2,Monday,13,0,1,2,3,224,37.32822222,-89.88463889,1,1,0,1,0,0,1,0
290443,MISSOURI,MO,1,0,1,183,0,FORT STEWART,17,8,August,2010,3,Tuesday,21,10,1,2,2,6,38.87727778,-90.18977778,1,2,0,1,0,0,1,1
290444,MISSOURI,MO,2,0,2,69,0,ASHFORD,17,8,August,2010,3,Tuesday,21,12,1,2,2,117,36.11972222,-90.17741667,12,2,0,1,0,0,1,0
290445,MISSOURI,MO,1,1,1,215,0,BIBB CITY,19,8,August,2010,5,Thursday,5,50,0,5,3,7,37.09958333,-92.05244444,8,2,0,5,0,0,1,0
290446,MISSOURI,MO,1,0,2,91,0,DAYTON,19,8,August,2010,5,Thursday,9,55,1,2,2,336,36.67347222,-91.77188889,1,1,0,1,0,0,1,0
290447,MISSOURI,MO,1,0,2,1,0,AUTAUGA,19,8,August,2010,5,Thursday,11,0,0,6,4,27,40.17444444,-92.67927778,23,1,0,1,0,0,1,0
290448,MISSOURI,MO,1,0,1,139,0,CALION,16,8,August,2010,2,Monday,9,50,1,1,1,18,38.89611111,-91.60555556,34,1,0,1,0,0,1,0
290449,MISSOURI,MO,1,0,1,221,0,ARNOLDSVILLE,20,8,August,2010,6,Friday,0,15,0,4,3,82,37.84672222,-90.65955556,58,2,0,1,0,0,1,1
290450,MISSOURI,MO,2,0,3,7,0,BIBB,20,8,August,2010,6,Friday,6,45,0,5,3,61,39.08497222,-92.03272222,12,1,0,10,0,0,1,0
290451,MISSOURI,MO,1,0,1,57,0,BANKSTON,20,8,August,2010,6,Friday,12,20,0,3,2,93,37.38966667,-93.91097222,59,1,0,1,0,0,1,0
290452,MISSOURI,MO,1,0,2,165,4120,HERNDON,21,8,August,2010,7,Saturday,1,13,1,11,1,273,39.19027778,-94.61277778,24,2,0,10,0,0,1,1
290453,MISSOURI,MO,2,0,3,145,7240,BALD KNOB,21,8,August,2010,7,Saturday,3,28,0,2,2,4,36.82442222,-94.61059167,12,2,0,1,0,0,2,1
290454,MISSOURI,MO,2,0,7,153,0,BONAIRE,21,8,August,2010,7,Saturday,17,42,0,3,2,236,36.60401111,-92.40000278,12,1,0,1,0,0,1,1
290455,MISSOURI,MO,1,0,1,89,0,BROWNSBORO,21,8,August,2010,7,Saturday,21,0,0,4,3,164,39.07552778,-92.84263889,1,2,0,10,0,0,1,1
290456,MISSOURI,MO,1,0,4,77,0,ANDERSON,21,8,August,2010,7,Saturday,22,36,0,6,4,3,37.26027778,-93.38083333,58,2,0,1,0,0,1,0
290457,MISSOURI,MO,2,0,3,165,4120,HERNDON,22,8,August,2010,1,Sunday,1,29,1,11,1,59,39.25586111,-94.65819444,12,3,0,1,0,0,1,1
290458,MISSOURI,MO,2,0,6,71,7630,BRIDGEPORT,22,8,August,2010,1,Sunday,18,45,1,11,1,7,38.21300000,-91.17063889,12,1,0,1,0,0,1,1