ST_CASE,State Name,State Abbreviation,VE_TOTAL,Pedestrains,Total_Persons_in_accident,COUNTY,CITY,City_County_Name,Calendar_DAY,MONTH,Month_Name,YEAR,DAY_WEEK,Day_Week_desc,HOUR,MINUTE,NHS_Desc,trafficway,ROUTE,MILEPT,LATITUDE,LONGITUD,First_Crash_event,Light_cond_desc,Weather_condition,WEATHER,SCH_BUS,Crash_cause,FATALS,DRUNK_DR
290615,MISSOURI,MO,2,0,3,117,0,BIRMINGHAM,14,10,October,2010,5,Thursday,12,45,1,2,2,63,39.77638889,-93.48194444,12,1,0,1,0,0,1,0
290616,MISSOURI,MO,2,0,4,63,1350,BOLIGEE,14,10,October,2010,5,Thursday,21,9,1,12,2,25,39.75395000,-94.25225556,12,3,0,1,0,0,1,0
290617,MISSOURI,MO,1,0,1,69,0,ASHFORD,15,10,October,2010,6,Friday,5,10,0,4,3,33,36.09030556,-90.15619444,32,2,0,1,0,0,1,0
290618,MISSOURI,MO,2,0,2,77,7460,ANDERSON,16,10,October,2010,7,Saturday,21,35,1,12,6,155,37.20431944,-93.31300000,12,3,0,1,0,0,1,1
290619,MISSOURI,MO,1,0,1,95,3940,ALBERTVILLE,16,10,October,2010,7,Saturday,11,31,0,14,6,128,39.09121111,-94.34200833,30,1,0,1,0,0,1,1
290620,MISSOURI,MO,1,0,1,23,0,BLADON SPRINGS,16,10,October,2010,7,Saturday,15,15,0,6,4,29,36.70788889,-90.43802778,10,1,0,1,0,0,1,0
290621,MISSOURI,MO,2,0,3,95,3940,ALBERTVILLE,16,10,October,2010,7,Saturday,17,38,1,12,2,86,39.13828333,-94.26272222,12,1,0,1,0,0,1,0
290622,MISSOURI,MO,1,0,1,101,0,BOYLSTON,17,10,October,2010,1,Sunday,23,39,0,6,4,31,38.72808333,-94.06852778,35,2,0,1,0,0,1,1
290623,MISSOURI,MO,2,0,2,187,0,DAHLONEGA,17,10,October,2010,1,Sunday,16,20,0,4,3,42,37.85141667,-90.42300000,12,1,0,10,0,0,1,1
290624,MISSOURI,MO,1,0,1,77,0,ANDERSON,18,10,October,2010,2,Monday,2,25,1,1,1,191,37.20477778,-93.40252778,11,2,0,1,0,0,1,0
290625,MISSOURI,MO,1,0,5,71,0,BRIDGEPORT,18,10,October,2010,2,Monday,11,58,0,4,3,13,38.29383333,-90.82677778,1,1,0,10,0,0,1,1
290626,MISSOURI,MO,1,0,1,95,4120,ALBERTVILLE,19,10,October,2010,3,Tuesday,21,55,0,14,6,19,39.01250278,-94.56832222,42,3,0,10,0,0,1,0
290627,MISSOURI,MO,1,0,1,209,0,AILEY,19,10,October,2010,3,Tuesday,6,45,0,3,3,131,36.78269444,-93.44313889,1,1,0,10,0,0,1,0
290628,MISSOURI,MO,2,0,3,223,0,BRASWELL,19,10,October,2010,3,Tuesday,15,20,1,2,2,105,37.18502778,-90.46594444,12,1,0,1,0,0,1,0
290629,MISSOURI,MO,3,0,4,127,6050,BURNWELL,20,10,October,2010,4,Wednesday,15,53,1,2,2,153,39.79425000,-91.51712222,12,1,0,1,0,0,1,0
290630,MISSOURI,MO,2,0,2,189,2780,BONEVILLE,20,10,October,2010,4,Wednesday,21,28,0,15,6,4,38.79659444,-90.29589722,12,3,0,1,0,0,1,2
290631,MISSOURI,MO,2,0,3,145,0,BALD KNOB,22,10,October,2010,6,Friday,14,51,0,3,3,256,36.87475000,-94.29277778,1,1,0,2,0,0,1,0
290632,MISSOURI,MO,1,0,1,219,0,BISHOP,22,10,October,2010,6,Friday,22,40,0,5,4,16,38.55886111,-90.96588889,1,2,0,1,0,0,1,0
290633,MISSOURI,MO,1,0,2,95,3940,ALBERTVILLE,23,10,October,2010,7,Saturday,2,57,0,16,6,5,39.06775278,-94.38483056,32,2,0,10,0,0,2,1
290634,MISSOURI,MO,1,0,1,223,0,BRASWELL,23,10,October,2010,7,Saturday,7,15,0,16,6,6,36.97325000,-90.54972222,39,1,0,10,0,0,1,0
290635,MISSOURI,MO,1,0,1,7,0,BIBB,24,10,October,2010,1,Sunday,10,45,0,6,4,8,39.23583333,-91.82994444,58,1,0,10,0,0,1,1
290636,MISSOURI,MO,3,1,4,27,3781,ASHLAND,13,9,September,2010,2,Monday,22,31,1,12,2,327,38.65485278,-92.11220833,8,2,0,10,0,0,1,0
290637,MISSOURI,MO,1,0,1,95,3280,ALBERTVILLE,28,9,September,2010,3,Tuesday,2,23,1,12,2,29,38.88463333,-94.52542500,25,3,0,1,0,0,1,0
290638,MISSOURI,MO,1,0,1,37,600,BRADFORD,4,10,October,2010,2,Monday,9,12,1,12,2,25,38.82682222,-94.52300833,59,1,0,10,0,0,1,1
290639,MISSOURI,MO,3,0,4,95,4490,ALBERTVILLE,22,10,October,2010,6,Friday,15,36,1,12,2,123,38.91660833,-94.40036389,12,1,0,2,0,0,1,1
290640,MISSOURI,MO,2,0,4,187,0,DAHLONEGA,26,10,October,2010,3,Tuesday,19,34,0,4,3,29,37.92977778,-90.60322222,12,2,0,10,0,0,1,0
290642,MISSOURI,MO,2,0,3,103,0,DANVILLE,27,10,October,2010,4,Wednesday,19,15,0,4,3,22,40.27191667,-92.09200000,12,2,0,1,0,0,1,0
290643,MISSOURI,MO,2,0,2,71,0,BRIDGEPORT,28,10,October,2010,5,Thursday,16,30,0,4,3,58,38.41558333,-90.81183333,12,1,0,1,0,0,1,1
290644,MISSOURI,MO,1,0,1,186,7090,BLOOMSDALE,28,10,October,2010,5,Thursday,18,35,0,4,2,271,37.88027778,-89.95083333,39,3,0,1,0,0,1,0
290645,MISSOURI,MO,1,0,1,151,0,FLIPPEN,28,10,October,2010,5,Thursday,22,25,0,4,3,198,38.68780556,-91.74008333,34,2,0,1,0,0,1,1
290646,MISSOURI,MO,2,1,1,47,0,BROWNS,29,10,October,2010,6,Friday,1,15,0,4,3,152,39.23663889,-94.30922222,12,2,0,1,0,0,1,0
290647,MISSOURI,MO,2,0,4,189,0,BONEVILLE,30,10,October,2010,7,Saturday,1,13,0,13,3,80,38.74248333,-90.25220278,12,3,0,1,0,0,1,1
290648,MISSOURI,MO,1,0,1,143,0,CANEHILL,31,10,October,2010,1,Sunday,2,0,0,4,3,63,36.44138889,-89.57416667,34,2,0,1,0,0,1,1
290649,MISSOURI,MO,1,0,2,95,4120,ALBERTVILLE,31,10,October,2010,1,Sunday,8,11,0,14,6,7,39.01208611,-94.58845000,33,1,0,10,0,0,2,1
290650,MISSOURI,MO,1,0,1,119,0,BELLAMY,30,10,October,2010,7,Saturday,9,20,1,2,2,78,36.64358333,-94.41961111,52,1,0,1,0,0,1,0
290651,MISSOURI,MO,1,0,2,161,0,DENTON,31,10,October,2010,1,Sunday,11,37,1,1,1,48,37.91655556,-91.97108333,57,1,0,1,0,0,1,0
290652,MISSOURI,MO,1,0,4,173,0,LAKELAND,31,10,October,2010,1,Sunday,14,30,0,4,3,118,39.57822222,-91.25997222,5,1,0,1,0,0,1,0
290653,MISSOURI,MO,1,0,2,95,4120,ALBERTVILLE,2,11,November,2010,3,Tuesday,19,12,1,12,2,109,38.96695833,-94.54423333,1,3,0,1,0,0,1,1
290654,MISSOURI,MO,2,0,3,169,0,BRADLEY,2,11,November,2010,3,Tuesday,19,12,0,3,3,5,37.99872222,-92.11225000,12,2,0,1,0,0,2,0
290655,MISSOURI,MO,2,0,5,43,0,BAILEYTON,3,11,November,2010,4,Wednesday,11,30,1,2,2,72,36.91650000,-93.24375000,12,1,0,1,0,0,1,0
290656,MISSOURI,MO,1,0,1,99,0,BEATRICE,3,11,November,2010,4,Wednesday,19,18,0,14,3,71,38.34622222,-90.39002778,35,3,0,1,0,0,1,1
290657,MISSOURI,MO,1,0,1,89,0,BROWNSBORO,3,11,November,2010,4,Wednesday,7,12,0,6,2,29,39.23627778,-92.80530556,42,2,0,1,0,0,1,1
290658,MISSOURI,MO,1,0,1,163,0,AVERA,4,11,November,2010,5,Thursday,2,6,0,3,3,75,39.24555556,-91.22805556,1,2,0,1,0,0,1,1
290659,MISSOURI,MO,2,0,2,109,0,ANSLEY,4,11,November,2010,5,Thursday,0,3,0,6,4,1,37.16747222,-93.68552778,12,2,0,1,0,0,1,0
290660,MISSOURI,MO,3,0,5,23,0,BLADON SPRINGS,6,11,November,2010,7,Saturday,10,35,1,2,2,45,36.87458333,-90.50405556,12,1,0,1,0,0,1,0
290661,MISSOURI,MO,1,0,1,221,0,ARNOLDSVILLE,7,11,November,2010,1,Sunday,17,35,0,4,3,19,38.06302778,-90.65975000,53,2,0,1,0,0,1,1
290662,MISSOURI,MO,1,0,1,67,0,ABBEVILLE,8,11,November,2010,2,Monday,6,45,0,3,3,24,37.01916667,-92.86472222,1,1,0,1,0,0,1,0
290663,MISSOURI,MO,2,0,3,169,0,BRADLEY,9,11,November,2010,3,Tuesday,12,15,0,3,3,69,37.92583333,-92.26419444,12,1,0,1,0,0,1,0
290664,MISSOURI,MO,1,0,1,19,0,CEDAR BLUFF,9,11,November,2010,3,Tuesday,19,10,0,6,7,0,38.97111111,-92.43222222,58,2,0,1,0,0,1,1
290665,MISSOURI,MO,2,0,4,77,7460,ANDERSON,10,11,November,2010,4,Wednesday,15,10,0,15,6,26,37.17690556,-93.30887778,12,1,0,10,0,0,1,0
290666,MISSOURI,MO,1,1,1,510,7080,BALTIMORE,10,11,November,2010,4,Wednesday,18,4,0,14,6,6,38.60039722,-90.30823611,8,2,0,1,0,0,1,0
290667,MISSOURI,MO,2,0,3,175,5270,CADWELL,11,11,November,2010,5,Thursday,19,16,0,12,2,158,39.44540556,-92.42109722,12,3,0,2,0,0,1,0
290668,MISSOURI,MO,1,0,1,205,0,BACONTON,11,11,November,2010,5,Thursday,1,30,0,6,4,10,39.83413889,-92.02088889,35,2,0,10,0,0,1,1
290669,MISSOURI,MO,1,0,1,69,0,ASHFORD,12,11,November,2010,6,Friday,3,40,0,5,3,14,36.22344444,-90.01944444,1,2,0,1,0,0,1,0
290670,MISSOURI,MO,4,0,6,47,4120,BROWNS,12,11,November,2010,6,Friday,9,41,1,12,2,208,39.16299722,-94.59016944,12,1,0,2,0,0,1,0
290671,MISSOURI,MO,1,1,1,183,7010,FORT STEWART,12,11,November,2010,6,Friday,22,46,0,15,7,52,38.78526111,-90.53081389,8,2,0,1,0,0,1,0
290672,MISSOURI,MO,1,0,1,183,0,FORT STEWART,13,11,November,2010,7,Saturday,5,15,0,5,4,5,38.56336111,-90.95688889,34,2,0,10,0,0,1,0
290673,MISSOURI,MO,1,1,2,95,4120,ALBERTVILLE,13,11,November,2010,7,Saturday,13,19,0,13,6,49,39.17781111,-94.54905833,9,1,0,1,0,0,1,0
290674,MISSOURI,MO,1,0,1,189,0,BONEVILLE,14,11,November,2010,1,Sunday,3,28,1,11,1,4,38.76750000,-90.19166667,24,2,0,1,0,0,1,1
290675,MISSOURI,MO,1,0,2,101,0,BOYLSTON,14,11,November,2010,1,Sunday,15,23,0,4,3,14,38.89358333,-93.96250000,34,1,0,1,0,0,1,1
290676,MISSOURI,MO,1,1,1,21,7070,CHILTON,15,11,November,2010,2,Monday,7,37,0,13,6,29,39.78203056,-94.85162222,8,1,0,1,1,0,1,0
290677,MISSOURI,MO,1,0,1,189,0,BONEVILLE,15,11,November,2010,2,Monday,10,19,0,15,4,4,38.68338056,-90.37578611,10,1,0,1,0,0,1,0
290678,MISSOURI,MO,1,0,1,125,0,BROOKWOOD,15,11,November,2010,2,Monday,16,35,0,4,3,230,38.02469444,-92.11397222,1,1,0,1,0,0,1,1
290679,MISSOURI,MO,2,0,3,53,0,ATMORE,16,11,November,2010,3,Tuesday,9,19,0,5,2,16,38.93563889,-92.81036111,12,1,0,1,0,0,1,0
290680,MISSOURI,MO,1,1,0,43,0,BAILEYTON,16,11,November,2010,3,Tuesday,12,5,0,6,4,4,37.00333333,-93.23694444,8,1,0,10,0,0,1,0
290681,MISSOURI,MO,1,1,1,510,7080,BALTIMORE,16,11,November,2010,3,Tuesday,12,35,0,13,6,26,38.59264722,-90.29445833,8,1,0,1,0,0,1,0
290682,MISSOURI,MO,2,0,2,63,0,BOLIGEE,18,11,November,2010,5,Thursday,16,1,1,2,2,102,39.76169444,-94.41344444,12,1,0,1,0,0,1,0
290683,MISSOURI,MO,1,0,2,59,0,FRANKLIN,21,9,September,2010,3,Tuesday,10,21,1,2,2,149,37.69564444,-93.10321111,31,1,0,1,0,0,1,0
290684,MISSOURI,MO,2,0,2,95,4490,ALBERTVILLE,1,11,November,2010,2,Monday,6,38,0,12,2,103,38.93292778,-94.40596389,12,3,0,1,0,0,1,0
290685,MISSOURI,MO,1,0,4,95,4490,ALBERTVILLE,12,11,November,2010,6,Friday,11,39,0,14,6,110,38.95353056,-94.37950556,32,1,0,2,0,0,2,0
290687,MISSOURI,MO,2,0,7,99,0,BEATRICE,18,11,November,2010,5,Thursday,8,30,0,4,3,14,38.46233333,-90.65041667,12,1,0,10,1,0,1,0
290688,MISSOURI,MO,3,0,5,95,3940,ALBERTVILLE,19,11,November,2010,6,Friday,8,51,0,13,3,5,39.13039722,-94.28978889,12,1,0,10,0,0,1,0
290689,MISSOURI,MO,2,0,2,51,0,CENTRAL,19,11,November,2010,6,Friday,14,49,1,2,2,12,38.60944444,-92.41472222,12,1,0,1,0,0,1,0
290690,MISSOURI,MO,1,0,1,223,0,BRASWELL,19,11,November,2010,6,Friday,21,56,0,4,3,34,37.13772222,-90.64522222,58,2,0,1,0,0,1,0
290691,MISSOURI,MO,2,0,2,77,7460,ANDERSON,20,11,November,2010,7,Saturday,9,19,0,13,6,18,37.18240556,-93.30872778,12,1,0,1,0,0,1,0
290692,MISSOURI,MO,2,0,2,213,0,CARTERS,20,11,November,2010,7,Saturday,15,0,0,3,2,235,36.66886111,-93.01983333,1,1,0,1,0,0,1,0
290693,MISSOURI,MO,2,0,2,189,0,BONEVILLE,21,11,November,2010,1,Sunday,5,22,1,11,1,240,38.58847222,-90.33863889,45,2,0,1,0,0,1,1
290694,MISSOURI,MO,2,0,2,95,3940,ALBERTVILLE,21,11,November,2010,1,Sunday,6,2,1,12,3,165,39.06215000,-94.37310000,14,3,0,10,0,0,1,0
290695,MISSOURI,MO,1,0,1,510,7080,BALTIMORE,21,11,November,2010,1,Sunday,23,50,1,11,1,6,38.67015833,-90.20233056,25,3,0,1,0,0,1,0
290696,MISSOURI,MO,1,0,1,157,0,ARCADE,21,11,November,2010,1,Sunday,23,14,0,4,3,4,37.71047222,-89.82302778,1,2,0,1,0,0,1,1
290697,MISSOURI,MO,3,0,4,167,880,ADRIAN,23,11,November,2010,3,Tuesday,14,55,0,4,3,102,37.59161389,-93.43585278,12,1,0,1,0,0,2,0
290698,MISSOURI,MO,2,0,5,145,0,BALD KNOB,23,11,November,2010,3,Tuesday,15,20,0,6,4,41,36.89227778,-94.24586111,12,1,0,1,0,0,1,1
290699,MISSOURI,MO,2,0,2,99,0,BEATRICE,23,11,November,2010,3,Tuesday,16,4,0,15,7,19,38.32166667,-90.40194444,12,1,0,1,0,0,1,0
290700,MISSOURI,MO,3,0,4,177,0,LEE,23,11,November,2010,3,Tuesday,18,5,0,4,3,76,39.24277778,-94.08861111,12,2,0,1,0,0,1,0
290701,MISSOURI,MO,2,0,2,107,0,CARROLLTON,23,11,November,2010,3,Tuesday,21,38,1,1,1,243,38.99186111,-93.65930556,12,2,0,10,0,0,1,0
290702,MISSOURI,MO,1,0,1,145,0,BALD KNOB,24,11,November,2010,4,Wednesday,0,15,0,3,3,79,36.93111111,-94.31694444,23,2,2,2,0,0,1,0
290703,MISSOURI,MO,1,0,1,27,4040,ASHLAND,24,11,November,2010,4,Wednesday,4,1,1,12,2,14,38.60470278,-92.16200833,35,2,0,2,0,0,1,1
290704,MISSOURI,MO,1,0,1,183,0,FORT STEWART,24,11,November,2010,4,Wednesday,5,55,1,12,1,183,38.70750000,-90.67666667,42,2,2,2,0,0,1,0
290705,MISSOURI,MO,2,0,2,157,6210,ARCADE,24,11,November,2010,4,Wednesday,6,47,0,16,6,5,37.71810833,-89.89900278,12,4,5,2,0,0,1,0
290706,MISSOURI,MO,1,0,1,185,0,ANAKTUVUK PASS,24,11,November,2010,4,Wednesday,10,20,0,4,3,200,38.05888889,-93.70972222,42,1,2,2,0,0,1,0
290707,MISSOURI,MO,1,0,1,9,0,BLOUNT,24,11,November,2010,4,Wednesday,20,25,0,3,3,48,36.69958333,-94.02272222,1,2,0,1,0,0,1,1
290708,MISSOURI,MO,3,0,8,99,0,BEATRICE,24,11,November,2010,4,Wednesday,21,10,1,12,3,26,38.45111111,-90.61452778,12,2,2,2,0,0,1,0
290709,MISSOURI,MO,1,0,1,1,0,AUTAUGA,25,11,November,2010,5,Thursday,1,30,0,5,3,81,40.24027778,-92.72722222,1,2,0,10,0,0,1,1
290710,MISSOURI,MO,1,0,1,95,4120,ALBERTVILLE,26,11,November,2010,6,Friday,15,30,1,13,6,11,38.96340278,-94.42590556,1,1,0,1,0,0,1,0
290711,MISSOURI,MO,1,0,2,29,0,BORDEN SPRINGS,27,11,November,2010,7,Saturday,1,0,0,5,3,16,38.23344444,-93.06166667,35,2,0,10,0,0,1,1
290712,MISSOURI,MO,1,0,2,111,0,GRAHAM,28,11,November,2010,1,Sunday,19,50,0,4,3,43,40.10386111,-91.81883333,1,2,0,1,0,0,1,1
290713,MISSOURI,MO,1,0,1,59,0,FRANKLIN,28,11,November,2010,1,Sunday,22,0,0,4,3,31,37.51527778,-92.99166667,1,2,0,1,0,0,1,1
290714,MISSOURI,MO,1,0,1,39,0,ANDALUSIA,29,11,November,2010,2,Monday,12,0,0,3,3,311,37.64555556,-93.65888889,32,1,2,2,0,0,1,1
290715,MISSOURI,MO,1,0,1,95,4695,ALBERTVILLE,4,8,August,2010,4,Wednesday,10,55,0,13,6,45,38.86776944,-94.17339167,33,1,0,1,0,0,1,0
290716,MISSOURI,MO,2,1,1,510,7080,BALTIMORE,13,9,September,2010,2,Monday,17,11,0,13,3,8,38.56972500,-90.28485833,31,1,0,10,0,0,1,0
290717,MISSOURI,MO,2,0,2,77,7460,ANDERSON,9,10,October,2010,7,Saturday,22,1,1,12,3,83,37.23896389,-93.22920278,12,3,0,1,0,0,1,1
290718,MISSOURI,MO,1,0,1,95,840,ALBERTVILLE,30,11,November,2010,3,Tuesday,16,13,0,14,2,229,39.01356667,-94.24325833,33,1,0,1,0,0,1,1
290719,MISSOURI,MO,2,0,2,77,7460,ANDERSON,1,12,December,2010,4,Wednesday,12,23,0,16,6,26,37.23015833,-93.26204722,33,1,0,1,0,0,1,0
290720,MISSOURI,MO,1,1,1,95,4120,ALBERTVILLE,2,12,December,2010,5,Thursday,8,0,0,13,6,64,38.92113056,-94.58373333,15,1,0,99,0,0,1,0
290721,MISSOURI,MO,1,0,2,209,0,AILEY,2,12,December,2010,5,Thursday,13,50,0,3,3,179,36.54511111,-93.34172222,1,1,0,1,0,0,1,0
290722,MISSOURI,MO,3,0,4,187,0,DAHLONEGA,2,12,December,2010,5,Thursday,18,0,0,4,3,2,37.94747222,-90.63930556,12,2,0,1,0,0,1,0
290723,MISSOURI,MO,1,0,1,7,0,BIBB,3,12,December,2010,6,Friday,5,0,0,4,3,58,39.27413889,-92.29083333,34,2,0,10,0,0,1,1
290724,MISSOURI,MO,1,0,2,225,0,BYRON,4,12,December,2010,7,Saturday,23,30,0,6,4,0,37.28283333,-93.07097222,32,2,0,1,0,0,1,1
290725,MISSOURI,MO,2,0,3,95,4120,ALBERTVILLE,5,12,December,2010,1,Sunday,0,42,1,11,1,114,39.03978611,-94.49993056,12,2,0,1,0,0,1,1
290727,MISSOURI,MO,1,0,1,203,0,BENSON,5,12,December,2010,1,Sunday,15,43,0,4,3,93,37.41686111,-91.30769444,35,1,0,1,0,0,1,1
290728,MISSOURI,MO,1,0,1,19,0,CEDAR BLUFF,5,12,December,2010,1,Sunday,19,39,0,3,4,11,38.99575833,-92.35881389,35,2,0,1,0,0,1,1
290729,MISSOURI,MO,1,0,1,15,0,ANNISTON,6,12,December,2010,2,Monday,0,0,0,6,4,0,38.25611111,-93.15555556,35,2,0,1,0,0,1,1
290730,MISSOURI,MO,1,1,1,165,4120,HERNDON,6,12,December,2010,2,Monday,15,5,1,11,1,54,39.24239167,-94.65819444,8,1,0,1,0,0,1,0
290731,MISSOURI,MO,2,1,1,510,7080,BALTIMORE,8,12,December,2010,4,Wednesday,4,45,1,11,1,0,38.76481667,-90.17350278,8,3,0,3,0,0,1,0
290732,MISSOURI,MO,2,0,2,51,0,CENTRAL,8,12,December,2010,4,Wednesday,17,20,1,2,2,79,38.50416667,-92.26444444,12,2,0,1,0,0,1,0
290733,MISSOURI,MO,1,0,2,85,0,BENTON,9,12,December,2010,5,Thursday,5,52,1,2,2,69,37.98916667,-93.20555556,58,2,0,10,0,0,1,1
290734,MISSOURI,MO,2,0,2,510,7080,BALTIMORE,10,12,December,2010,6,Friday,2,46,1,11,1,62,38.64671389,-90.19102778,12,3,0,1,0,0,1,1
290735,MISSOURI,MO,6,1,1,77,7460,ANDERSON,9,12,December,2010,5,Thursday,12,25,0,14,6,10,37.20939444,-93.27166944,30,1,0,10,0,0,1,0
290736,MISSOURI,MO,1,0,1,79,0,COURTLAND,10,12,December,2010,6,Friday,4,2,0,4,3,13,39.97436111,-93.73597222,10,2,0,1,0,0,1,0
290737,MISSOURI,MO,2,0,2,105,0,MARION,10,12,December,2010,6,Friday,6,30,0,3,3,427,37.49563889,-92.27477778,12,2,0,10,1,0,1,0
290738,MISSOURI,MO,1,0,1,183,0,FORT STEWART,10,12,December,2010,6,Friday,15,25,0,4,3,544,38.89258333,-90.26361111,59,1,0,1,0,0,1,0
290739,MISSOURI,MO,1,0,3,93,0,BEAR CREEK,11,12,December,2010,7,Saturday,13,25,0,3,3,200,37.69194444,-90.87527778,58,1,5,5,0,0,1,0
290740,MISSOURI,MO,2,0,3,125,0,BROOKWOOD,11,12,December,2010,7,Saturday,14,35,1,2,2,91,38.22747222,-91.94105556,12,1,0,10,0,0,1,0
290741,MISSOURI,MO,2,0,4,105,0,MARION,12,12,December,2010,1,Sunday,8,15,0,3,3,164,37.66730556,-92.59616667,12,1,0,10,0,0,1,0
290742,MISSOURI,MO,1,0,1,95,4120,ALBERTVILLE,13,12,December,2010,2,Monday,18,22,1,11,1,234,39.07348056,-94.53412500,25,3,0,10,0,0,1,1
290743,MISSOURI,MO,1,0,2,143,0,CANEHILL,13,12,December,2010,2,Monday,23,5,0,4,2,93,36.73680556,-89.56269444,35,2,0,1,0,0,1,0
290744,MISSOURI,MO,2,0,3,167,0,ADRIAN,14,12,December,2010,3,Tuesday,7,45,0,6,4,5,37.62516667,-93.35344444,12,1,0,1,0,0,1,0
290745,MISSOURI,MO,1,0,2,157,0,ARCADE,14,12,December,2010,3,Tuesday,18,55,0,4,3,144,37.69305556,-89.96277778,42,2,0,1,0,0,1,1
290746,MISSOURI,MO,1,0,1,37,0,BRADFORD,15,12,December,2010,4,Wednesday,17,40,1,2,2,79,38.60186111,-94.35005556,58,2,0,3,0,0,1,0
290747,MISSOURI,MO,1,0,2,27,2960,ASHLAND,15,12,December,2010,4,Wednesday,18,53,1,12,2,133,38.89665000,-91.94314444,35,2,3,3,0,0,2,0
290748,MISSOURI,MO,2,0,4,123,0,ALEXANDER CITY,15,12,December,2010,4,Wednesday,19,45,1,2,2,19,37.33966667,-90.37958333,12,2,0,3,0,0,1,0
290749,MISSOURI,MO,1,0,1,183,0,FORT STEWART,15,12,December,2010,4,Wednesday,20,0,0,3,3,55,38.86600556,-90.44765000,34,2,3,3,0,0,1,1
290750,MISSOURI,MO,1,0,1,209,0,AILEY,15,12,December,2010,4,Wednesday,20,30,0,6,4,9,36.53486111,-93.52019444,42,2,0,1,0,0,1,1
290751,MISSOURI,MO,1,0,3,37,6160,BRADFORD,15,12,December,2010,4,Wednesday,22,11,1,2,2,205,38.72916667,-94.46055556,58,2,0,3,0,0,2,1
290752,MISSOURI,MO,1,0,2,217,0,COVINGTON,16,12,December,2010,5,Thursday,15,30,0,6,4,0,37.99777778,-94.41766667,34,1,0,1,0,0,1,0
290753,MISSOURI,MO,1,0,1,77,7460,ANDERSON,17,12,December,2010,6,Friday,1,45,1,12,2,203,37.14534722,-93.22468056,25,2,0,1,0,0,1,1
290754,MISSOURI,MO,2,0,2,159,0,FARRAR,17,12,December,2010,6,Friday,6,5,1,2,2,245,38.69269444,-93.07380556,12,2,0,10,0,0,1,0
290755,MISSOURI,MO,2,0,2,77,0,ANDERSON,17,12,December,2010,6,Friday,9,15,0,3,2,66,37.32305556,-93.51775000,12,1,0,10,0,0,1,0
290757,MISSOURI,MO,1,0,1,201,0,ANNETTE,18,12,December,2010,7,Saturday,15,5,0,6,4,6,37.12261111,-89.59163889,42,1,0,10,0,0,1,0
290758,MISSOURI,MO,1,0,1,29,0,BORDEN SPRINGS,18,12,December,2010,7,Saturday,22,30,0,6,4,2,38.23613889,-93.04613889,42,2,0,10,0,0,1,1
290759,MISSOURI,MO,2,0,3,3,0,BALDWIN,19,12,December,2010,1,Sunday,8,15,1,1,1,47,39.93333333,-94.92694444,12,1,0,10,0,0,1,0
290760,MISSOURI,MO,3,0,4,51,0,CENTRAL,20,12,December,2010,2,Monday,6,20,1,2,2,238,38.50783333,-92.03116667,12,2,0,10,0,0,1,0
290761,MISSOURI,MO,2,1,4,27,0,ASHLAND,22,12,December,2010,4,Wednesday,17,28,1,1,1,204,38.95194444,-92.00500000,8,2,0,10,0,0,1,0
290762,MISSOURI,MO,1,0,2,15,4610,ANNISTON,26,12,December,2010,1,Sunday,12,43,1,2,2,109,38.39036944,-93.32883333,33,1,0,10,0,0,1,0
290763,MISSOURI,MO,1,0,1,23,0,BLADON SPRINGS,26,12,December,2010,1,Sunday,21,30,0,4,3,18,36.90041667,-90.40255556,42,2,0,1,0,0,1,0
290764,MISSOURI,MO,1,0,3,115,0,ASHVILLE,27,12,December,2010,2,Monday,22,55,0,4,3,39,39.88447222,-93.11875000,35,2,0,10,0,0,1,1
290765,MISSOURI,MO,3,0,4,71,0,BRIDGEPORT,28,12,December,2010,3,Tuesday,10,33,1,2,2,93,38.41930556,-91.20825000,12,1,0,1,0,0,2,0
290766,MISSOURI,MO,2,0,2,37,0,BRADFORD,28,12,December,2010,3,Tuesday,19,7,1,2,2,18,38.49875000,-94.34161111,12,2,0,10,0,0,1,0
290767,MISSOURI,MO,1,0,1,167,880,ADRIAN,30,12,December,2010,5,Thursday,12,13,0,14,3,149,37.62376389,-93.42101944,42,1,0,1,0,0,1,1
290768,MISSOURI,MO,1,1,1,510,7080,BALTIMORE,30,12,December,2010,5,Thursday,21,0,0,13,6,27,38.62065278,-90.21930556,8,3,0,5,0,0,1,0
290769,MISSOURI,MO,2,0,3,141,8010,BEE BRANCH,14,4,April,2010,4,Wednesday,11,33,0,2,3,119,38.44125556,-92.84183611,12,1,0,1,0,0,1,0