ST_CASE,State Name,State Abbreviation,VE_TOTAL,Pedestrains,Total_Persons_in_accident,COUNTY,CITY,City_County_Name,Calendar_DAY,MONTH,Month_Name,YEAR,DAY_WEEK,Day_Week_desc,HOUR,MINUTE,NHS_Desc,trafficway,ROUTE,MILEPT,LATITUDE,LONGITUD,First_Crash_event,Light_cond_desc,Weather_condition,WEATHER,SCH_BUS,Crash_cause,FATALS,DRUNK_DR
290770,MISSOURI,MO,2,0,5,71,7860,BRIDGEPORT,20,11,November,2010,7,Saturday,7,45,0,14,6,6,38.45695000,-91.01161389,12,1,0,1,0,0,1,0
290771,MISSOURI,MO,2,0,3,47,4120,BROWNS,11,12,December,2010,7,Saturday,18,53,0,12,3,38,39.15838333,-94.58729167,12,3,0,4,0,0,1,0
290772,MISSOURI,MO,1,0,1,183,0,FORT STEWART,13,12,December,2010,2,Monday,11,25,0,4,3,92,38.64519444,-90.79511111,35,1,0,1,0,0,1,0
290773,MISSOURI,MO,2,0,2,145,0,BALD KNOB,13,12,December,2010,2,Monday,15,25,0,14,3,44,37.00416667,-94.55138889,12,1,0,10,0,0,1,1
290774,MISSOURI,MO,5,0,8,95,4120,ALBERTVILLE,17,12,December,2010,6,Friday,15,29,1,11,1,124,38.98135833,-94.50694444,57,1,0,10,0,0,1,0
290775,MISSOURI,MO,2,0,2,1,0,AUTAUGA,20,12,December,2010,2,Monday,6,40,0,2,2,57,40.10547222,-92.54386111,12,2,0,5,0,0,1,0
290776,MISSOURI,MO,1,0,1,133,0,ARLEY,23,12,December,2010,5,Thursday,0,46,0,6,6,11,36.78161111,-89.37402778,35,2,0,1,0,0,1,0
290777,MISSOURI,MO,1,0,1,95,4120,ALBERTVILLE,25,12,December,2010,7,Saturday,6,22,0,14,6,11,39.08843056,-94.57046389,38,3,0,10,0,0,1,1
290778,MISSOURI,MO,2,0,2,95,4120,ALBERTVILLE,25,12,December,2010,7,Saturday,15,36,0,14,6,36,38.96107500,-94.58171944,12,1,0,1,0,0,1,0
290779,MISSOURI,MO,4,0,7,55,0,ATTALLA,29,12,December,2010,4,Wednesday,18,21,0,4,3,32,38.04427778,-91.43497222,12,2,5,5,0,0,1,1
290780,MISSOURI,MO,1,0,1,173,0,LAKELAND,31,12,December,2010,6,Friday,0,15,0,4,3,155,39.35166667,-91.53666667,35,2,0,10,0,0,1,0
290781,MISSOURI,MO,1,0,2,47,5770,BROWNS,31,12,December,2010,6,Friday,14,23,1,12,3,8,39.14688333,-94.54832222,33,1,0,10,0,0,1,0
290782,MISSOURI,MO,1,0,1,221,6440,ARNOLDSVILLE,7,6,June,2010,2,Monday,11,13,0,16,6,6,37.93845833,-90.77869444,32,1,0,1,0,0,1,0
290783,MISSOURI,MO,2,0,3,99,2200,BEATRICE,6,12,December,2010,2,Monday,14,16,0,14,3,18,38.15626111,-90.54337222,12,1,0,1,0,0,1,0
290784,MISSOURI,MO,1,0,4,207,2230,BOLINGBROKE,12,9,September,2010,1,Sunday,0,1,0,15,3,27,36.78208333,-89.97036111,5,3,0,1,0,0,1,0
290785,MISSOURI,MO,1,0,1,141,0,BEE BRANCH,2,12,December,2010,5,Thursday,11,35,0,2,3,139,38.41477778,-92.85211111,35,1,0,1,0,0,1,0
290786,MISSOURI,MO,2,0,2,37,0,BRADFORD,3,12,December,2010,6,Friday,19,38,1,2,3,203,38.61000000,-94.32083333,12,2,0,1,0,0,1,0
290787,MISSOURI,MO,1,0,1,109,0,ANSLEY,9,12,December,2010,5,Thursday,9,30,0,4,3,71,37.21113889,-93.62486111,38,1,0,10,0,0,1,0
290788,MISSOURI,MO,2,0,2,189,2460,BONEVILLE,5,10,October,2010,3,Tuesday,11,45,1,12,3,106,38.59263611,-90.57946944,12,1,0,1,0,0,1,0
290789,MISSOURI,MO,1,0,1,183,8280,FORT STEWART,20,12,December,2010,2,Monday,14,50,1,11,1,202,38.80622222,-90.84427778,25,1,0,10,0,0,1,0
290790,MISSOURI,MO,2,0,3,91,5490,DAYTON,3,9,September,2010,6,Friday,12,20,1,2,2,225,37.00131944,-91.69185278,12,8,0,98,0,0,1,0
290791,MISSOURI,MO,2,0,3,189,2690,BONEVILLE,14,12,December,2010,3,Tuesday,13,40,0,16,6,9,38.50772500,-90.44175556,12,1,0,10,0,0,1,0
290792,MISSOURI,MO,1,1,0,187,0,DAHLONEGA,21,12,December,2010,3,Tuesday,16,4,0,6,4,0,37.93946667,-90.52914444,8,1,0,1,0,0,1,0
290793,MISSOURI,MO,3,0,4,71,7860,BRIDGEPORT,26,3,March,2010,6,Friday,17,41,0,15,6,0,38.43120278,-90.97241944,12,1,0,1,0,0,1,0
290794,MISSOURI,MO,1,0,1,95,4120,ALBERTVILLE,17,11,November,2010,4,Wednesday,13,16,1,12,2,146,38.93183056,-94.52898611,21,1,0,10,0,0,1,0
300001,MONTANA,MT,1,0,1,15,0,ANNISTON,1,1,January,2010,6,Friday,21,35,0,4,4,0,48.27819444,-109.90956389,1,2,0,1,0,0,1,1
300002,MONTANA,MT,2,0,3,31,0,COFFEE,14,1,January,2010,5,Thursday,10,15,0,4,3,150,45.82013056,-111.26204167,12,1,0,4,0,0,1,1
300003,MONTANA,MT,1,0,1,31,0,COFFEE,22,1,January,2010,6,Friday,0,1,0,6,4,0,45.85799722,-111.45466667,1,2,0,1,0,0,1,1
300004,MONTANA,MT,2,0,3,81,0,AUBURN,23,1,January,2010,7,Saturday,18,27,1,2,2,555,46.36296667,-114.14509444,12,2,0,1,0,0,1,0
300005,MONTANA,MT,2,0,3,5,0,BAKER HILL,29,1,January,2010,6,Friday,18,50,1,2,2,4071,48.58924167,-109.15916944,12,2,0,1,0,0,2,1
300006,MONTANA,MT,1,0,1,17,0,CHAMBERS,31,1,January,2010,1,Sunday,2,25,0,5,4,0,46.52714444,-104.81486944,1,2,0,1,0,0,1,1
300007,MONTANA,MT,2,0,2,111,0,GRAHAM,1,2,February,2010,2,Monday,14,42,1,1,1,4370,45.68435000,-108.70197222,12,1,0,1,0,0,1,0
300008,MONTANA,MT,2,0,2,29,0,BORDEN SPRINGS,12,2,February,2010,6,Friday,0,50,1,3,2,1325,48.35026111,-114.24111944,12,2,0,1,0,0,1,1
300009,MONTANA,MT,2,0,3,111,100,GRAHAM,22,2,February,2010,2,Monday,18,51,0,13,6,0,45.75518611,-108.59011111,12,3,0,1,0,0,1,1
300010,MONTANA,MT,1,0,1,91,0,DAYTON,25,2,February,2010,5,Thursday,22,0,1,2,3,100,48.92644722,-104.57460833,1,2,0,1,0,0,1,1
300011,MONTANA,MT,1,0,1,1,0,AUTAUGA,27,2,February,2010,7,Saturday,17,52,0,3,3,278,45.25353056,-113.10328333,1,2,0,1,0,0,1,1
300012,MONTANA,MT,2,0,2,111,0,GRAHAM,28,2,February,2010,1,Sunday,14,15,1,2,3,89,45.82844167,-108.63620556,12,1,0,1,0,0,1,0
300013,MONTANA,MT,2,0,5,5,0,BAKER HILL,5,3,March,2010,6,Friday,15,45,1,2,2,4115,48.58496944,-109.06754444,12,1,0,1,0,0,1,0
300014,MONTANA,MT,2,0,4,53,0,ATMORE,6,3,March,2010,7,Saturday,18,4,1,2,2,722,48.08266389,-115.14100278,1,1,0,1,0,0,4,0
300015,MONTANA,MT,3,0,3,47,0,BROWNS,7,3,March,2010,1,Sunday,12,40,1,2,2,240,47.23615000,-114.15820556,12,1,0,1,0,0,1,0
300016,MONTANA,MT,3,0,4,43,0,BAILEYTON,17,3,March,2010,4,Wednesday,7,15,1,1,1,2379,45.91533333,-112.28576667,12,1,0,1,0,0,1,0
300017,MONTANA,MT,1,0,1,111,0,GRAHAM,22,3,March,2010,2,Monday,1,49,1,1,1,4442,45.73661667,-108.59498889,1,2,0,1,0,0,1,1
300018,MONTANA,MT,2,0,2,29,0,BORDEN SPRINGS,16,3,March,2010,3,Tuesday,0,54,1,2,2,1158,48.24042222,-114.33054167,12,3,0,1,0,0,1,2
300019,MONTANA,MT,1,0,1,13,0,BOLLING,23,3,March,2010,3,Tuesday,23,32,1,1,1,2748,47.45503611,-111.41776111,1,2,0,1,0,0,1,1
300020,MONTANA,MT,1,1,1,13,530,BOLLING,3,3,March,2010,4,Wednesday,7,44,0,16,6,0,47.49970833,-111.28513333,8,1,0,1,0,0,1,0
300021,MONTANA,MT,1,0,3,3,0,BALDWIN,25,3,March,2010,5,Thursday,4,30,0,3,3,15,45.71657778,-107.53965278,1,2,0,1,0,0,2,1
300022,MONTANA,MT,1,0,5,49,0,COLLINSVILLE,28,3,March,2010,1,Sunday,1,10,0,5,4,0,46.62830833,-111.78781944,35,2,0,1,0,0,5,1
300023,MONTANA,MT,2,0,6,53,0,ATMORE,29,3,March,2010,2,Monday,10,0,1,2,2,251,48.44581389,-115.68320278,12,1,0,1,0,0,5,0
300024,MONTANA,MT,1,0,2,45,0,ARITON,3,4,April,2010,7,Saturday,7,22,1,2,2,135,47.25733056,-110.64959722,1,1,0,1,0,0,1,0
300025,MONTANA,MT,1,0,2,1,0,AUTAUGA,5,4,April,2010,2,Monday,10,28,1,1,1,472,45.03453333,-112.82999722,1,1,0,1,0,0,1,0
300026,MONTANA,MT,1,0,1,3,0,BALDWIN,7,4,April,2010,4,Wednesday,8,0,0,4,3,87,45.40806111,-107.39174444,35,1,0,98,0,0,1,1
300027,MONTANA,MT,1,0,5,35,0,BROOKLYN,8,4,April,2010,5,Thursday,2,0,0,3,2,252,48.68659722,-113.36255556,59,2,0,1,0,0,1,1
300028,MONTANA,MT,1,0,3,47,0,BROWNS,10,4,April,2010,7,Saturday,3,0,0,9,8,0,47.65692222,-114.28721111,17,2,0,1,0,0,2,1
300029,MONTANA,MT,2,0,4,99,0,BEATRICE,13,4,April,2010,3,Tuesday,17,0,1,1,1,3190,47.92515833,-111.73307222,12,1,10,4,0,0,1,0
300030,MONTANA,MT,1,0,1,63,0,BOLIGEE,16,4,April,2010,6,Friday,13,45,1,2,2,126,46.76935000,-114.46346389,59,1,0,1,0,0,1,0
300031,MONTANA,MT,2,1,1,47,950,BROWNS,21,4,April,2010,4,Wednesday,12,55,0,3,3,0,47.68892222,-114.12559167,8,1,0,1,0,0,1,0
300032,MONTANA,MT,2,0,3,89,0,BROWNSBORO,27,4,April,2010,3,Tuesday,13,25,0,3,3,303,47.77481111,-114.60647778,12,1,0,1,0,0,1,0
300033,MONTANA,MT,2,0,2,63,0,BOLIGEE,1,5,May,2010,7,Saturday,2,45,1,2,3,205,46.88254722,-113.52157778,12,2,0,1,0,0,1,1
300034,MONTANA,MT,2,0,2,63,0,BOLIGEE,19,4,April,2010,2,Monday,11,22,1,1,1,1026,46.86889722,-113.94182778,12,1,0,1,0,0,1,0
300035,MONTANA,MT,3,0,3,31,130,COFFEE,29,4,April,2010,5,Thursday,15,45,0,6,6,0,45.68572222,-111.02654444,12,1,10,4,0,0,1,0
300036,MONTANA,MT,1,0,1,1,0,AUTAUGA,26,4,April,2010,2,Monday,8,17,0,6,5,0,44.79721667,-112.74951111,10,1,0,1,0,0,1,0
300037,MONTANA,MT,1,0,1,41,0,BRANTLEY,4,5,May,2010,3,Tuesday,2,30,0,3,3,41,48.49533611,-109.68868056,35,2,0,4,0,0,1,1
300038,MONTANA,MT,1,0,2,21,0,CHILTON,5,5,May,2010,4,Wednesday,5,45,1,1,1,2008,46.96491944,-104.87137500,1,2,0,1,0,0,1,0
300039,MONTANA,MT,1,0,2,3,0,BALDWIN,13,5,May,2010,5,Thursday,13,50,1,1,1,5340,45.27425000,-107.34436111,34,1,0,1,0,0,1,0
300040,MONTANA,MT,1,0,2,41,0,BRANTLEY,15,5,May,2010,7,Saturday,13,15,0,4,3,35,48.59609167,-109.69253056,1,1,0,1,0,0,1,0
300041,MONTANA,MT,2,0,2,63,0,BOLIGEE,17,5,May,2010,2,Monday,23,8,0,5,4,47,47.01133889,-114.41196389,12,2,0,1,0,0,1,1
300042,MONTANA,MT,1,0,1,111,100,GRAHAM,17,5,May,2010,2,Monday,22,19,0,14,6,0,45.76997778,-108.52398056,33,2,0,1,0,0,1,1
300043,MONTANA,MT,1,0,1,91,0,DAYTON,18,5,May,2010,3,Tuesday,9,0,0,3,3,217,48.86758056,-104.09852778,1,1,0,1,0,0,1,0
300044,MONTANA,MT,1,0,3,53,0,ATMORE,19,5,May,2010,4,Wednesday,21,34,0,6,4,5,48.91965000,-115.06783889,38,5,0,1,0,0,1,1
300045,MONTANA,MT,1,0,1,31,130,COFFEE,28,5,May,2010,6,Friday,2,40,1,1,1,3089,45.68243889,-111.01315556,52,2,0,2,0,0,1,1
300046,MONTANA,MT,1,0,2,21,0,CHILTON,28,5,May,2010,6,Friday,21,46,0,4,4,0,46.89753333,-104.97262778,38,2,0,10,0,0,2,0
300047,MONTANA,MT,1,0,3,13,0,BOLLING,29,5,May,2010,7,Saturday,16,19,1,2,2,886,47.48673056,-111.17556944,35,1,0,1,0,0,1,0
300048,MONTANA,MT,1,0,2,3,0,BALDWIN,30,5,May,2010,1,Sunday,2,10,0,4,5,106,45.71138889,-107.53328056,1,2,0,1,0,0,2,1
300049,MONTANA,MT,1,0,2,61,0,BELLWOOD,2,6,June,2010,4,Wednesday,21,14,1,1,1,579,47.07797778,-114.76736667,31,1,0,10,0,0,1,0
300050,MONTANA,MT,2,0,3,85,0,BENTON,18,6,June,2010,6,Friday,8,46,1,2,3,842,48.20019722,-104.49842222,12,1,6,2,0,0,2,0
300051,MONTANA,MT,1,0,1,77,0,ANDERSON,27,5,May,2010,5,Thursday,19,30,1,2,2,75,46.56505556,-112.67410833,1,5,0,10,0,0,1,0
300052,MONTANA,MT,1,0,5,71,0,BRIDGEPORT,10,6,June,2010,5,Thursday,10,35,0,3,3,35,47.84625833,-108.64182500,1,1,0,1,0,0,1,0
300053,MONTANA,MT,1,0,3,47,0,BROWNS,11,6,June,2010,6,Friday,2,15,1,2,2,182,47.16829722,-114.09194722,31,2,0,2,0,0,1,1
300054,MONTANA,MT,2,0,2,81,0,AUBURN,12,6,June,2010,7,Saturday,14,48,1,2,2,128,45.83605278,-113.98228056,12,1,0,1,0,0,1,0
300055,MONTANA,MT,1,0,2,31,0,COFFEE,5,6,June,2010,7,Saturday,19,25,0,6,4,0,45.79133333,-111.24789722,35,2,0,1,0,0,1,0
300056,MONTANA,MT,1,0,1,85,0,BENTON,16,6,June,2010,4,Wednesday,2,0,0,4,3,274,48.34559444,-104.47655278,35,2,0,1,0,0,1,1
300057,MONTANA,MT,2,0,2,37,0,BRADFORD,23,6,June,2010,4,Wednesday,17,25,1,2,2,1238,46.31422778,-109.37983611,12,1,0,1,0,0,1,0
300058,MONTANA,MT,2,0,3,29,0,BORDEN SPRINGS,24,6,June,2010,5,Thursday,10,7,1,2,2,1315,48.32724722,-114.24090833,12,1,0,1,0,0,1,0
300059,MONTANA,MT,1,0,2,27,0,ASHLAND,27,6,June,2010,1,Sunday,1,19,0,4,3,210,47.53132778,-109.34435000,1,2,0,1,0,0,1,1
300060,MONTANA,MT,1,0,2,111,0,GRAHAM,27,6,June,2010,1,Sunday,20,15,0,4,3,39,45.71815000,-108.80013889,42,1,0,1,0,0,1,1
300061,MONTANA,MT,1,0,1,43,0,BAILEYTON,28,6,June,2010,2,Monday,19,40,1,1,1,2403,45.91421944,-112.27459167,24,1,0,1,0,0,1,1
300062,MONTANA,MT,1,0,1,43,0,BAILEYTON,30,6,June,2010,4,Wednesday,0,20,1,1,1,2521,45.87193889,-112.03808889,59,2,0,1,0,0,1,0
300063,MONTANA,MT,1,0,1,89,0,BROWNSBORO,26,6,June,2010,7,Saturday,10,45,0,3,3,146,48.00489722,-115.77894722,1,1,0,1,0,0,1,0
300064,MONTANA,MT,1,0,1,49,0,COLLINSVILLE,2,7,July,2010,6,Friday,21,34,0,6,5,0,46.72886111,-112.04128056,35,2,0,1,0,0,1,1
300065,MONTANA,MT,1,0,2,111,0,GRAHAM,8,7,July,2010,5,Thursday,13,2,1,1,1,459,46.11430000,-107.59331667,59,1,0,1,0,0,1,0
300066,MONTANA,MT,1,0,1,43,0,BAILEYTON,3,7,July,2010,7,Saturday,20,16,0,3,3,96,45.81650278,-111.80711389,38,1,0,1,0,0,1,1
300067,MONTANA,MT,1,0,1,9,0,BLOUNT,9,7,July,2010,6,Friday,21,15,0,3,3,45,45.06211667,-109.03975833,59,5,0,1,0,0,1,1
300068,MONTANA,MT,2,0,6,73,0,ARGO,8,7,July,2010,5,Thursday,22,52,0,3,3,0,48.30717500,-111.94757222,12,2,0,1,0,0,3,0
300069,MONTANA,MT,2,0,3,29,0,BORDEN SPRINGS,13,7,July,2010,3,Tuesday,14,30,1,2,2,1684,48.41846389,-113.73011667,12,1,0,1,0,0,1,0
300070,MONTANA,MT,2,0,6,35,0,BROOKLYN,19,7,July,2010,2,Monday,13,38,1,2,2,2020,48.36230000,-113.28595000,12,1,0,1,0,0,1,0
300071,MONTANA,MT,1,0,2,105,0,MARION,21,7,July,2010,4,Wednesday,11,25,0,3,3,81,48.28006667,-106.56347778,31,1,0,10,0,0,1,0
300072,MONTANA,MT,1,0,1,9,0,BLOUNT,16,7,July,2010,6,Friday,19,40,0,3,3,89,45.11787778,-109.01052222,24,1,0,1,0,0,1,0
300073,MONTANA,MT,1,0,1,9,0,BLOUNT,17,7,July,2010,7,Saturday,20,28,0,3,2,710,45.21478333,-109.24228889,11,1,0,1,0,0,1,0
300074,MONTANA,MT,1,0,5,31,0,COFFEE,18,7,July,2010,1,Sunday,1,50,1,1,1,2965,45.78899722,-111.20545833,1,2,0,1,0,0,1,1
300075,MONTANA,MT,1,0,2,21,0,CHILTON,18,7,July,2010,1,Sunday,4,17,1,1,1,2097,47.07678056,-104.78400278,1,1,0,1,0,0,1,0
300076,MONTANA,MT,1,0,1,81,0,AUBURN,18,7,July,2010,1,Sunday,18,3,1,2,2,277,45.98308333,-114.16153056,1,1,0,1,0,0,1,0
300077,MONTANA,MT,1,1,1,111,100,GRAHAM,22,7,July,2010,5,Thursday,21,55,1,2,2,0,45.82274444,-108.47082778,8,3,0,10,0,0,1,0
300078,MONTANA,MT,2,0,5,35,0,BROOKLYN,24,7,July,2010,7,Saturday,15,45,0,5,3,15,48.46182500,-113.22458333,12,1,0,1,0,0,1,1
300079,MONTANA,MT,1,0,1,21,0,CHILTON,24,7,July,2010,7,Saturday,99,99,1,1,1,1991,46.95083611,-104.90263889,1,1,0,1,0,0,1,1
300080,MONTANA,MT,1,0,2,83,0,ARDMORE,24,7,July,2010,7,Saturday,23,1,0,4,3,419,47.86769444,-104.63633333,35,2,0,1,0,0,2,1
300081,MONTANA,MT,1,0,2,29,0,BORDEN SPRINGS,25,7,July,2010,1,Sunday,4,6,0,3,3,499,48.22445833,-114.25377778,30,3,0,1,0,0,2,1
300082,MONTANA,MT,1,0,2,3,0,BALDWIN,25,7,July,2010,1,Sunday,15,39,1,1,1,4923,45.74603333,-107.68663889,34,1,0,1,0,0,1,1
300083,MONTANA,MT,1,0,1,81,0,AUBURN,26,7,July,2010,2,Monday,21,30,0,6,5,0,46.29838889,-114.20797500,11,5,0,1,0,0,1,1
300084,MONTANA,MT,1,0,1,89,0,BROWNSBORO,26,7,July,2010,2,Monday,23,50,0,3,3,846,47.35728611,-114.78610000,1,2,0,1,0,0,1,1
300085,MONTANA,MT,2,0,11,41,0,BRANTLEY,22,7,July,2010,5,Thursday,18,0,0,5,4,110,48.30110000,-109.83186667,12,1,0,10,0,0,1,1
300086,MONTANA,MT,1,0,2,31,0,COFFEE,28,7,July,2010,4,Wednesday,16,15,0,3,3,214,45.89316389,-110.87793333,35,1,0,10,0,0,1,0
300087,MONTANA,MT,1,0,1,3,0,BALDWIN,30,7,July,2010,6,Friday,2,0,0,4,3,315,45.35031944,-106.98346944,1,2,0,1,0,0,1,1
300088,MONTANA,MT,1,0,2,49,590,COLLINSVILLE,25,7,July,2010,1,Sunday,1,38,0,4,6,0,46.60788333,-112.00426389,1,2,0,1,0,0,1,1
300089,MONTANA,MT,2,0,2,63,0,BOLIGEE,4,8,August,2010,4,Wednesday,23,5,0,6,4,0,46.87962778,-113.93968056,12,2,0,1,0,0,1,1
300090,MONTANA,MT,1,0,2,3,0,BALDWIN,13,8,August,2010,6,Friday,21,10,0,3,3,0,45.75310556,-107.61243611,24,3,0,10,0,0,1,1
300091,MONTANA,MT,1,0,1,61,0,BELLWOOD,5,8,August,2010,5,Thursday,20,1,1,1,1,650,47.01794722,-114.67780833,42,1,0,10,0,0,1,0
300092,MONTANA,MT,1,0,1,111,0,GRAHAM,7,8,August,2010,7,Saturday,1,50,0,4,4,0,45.95255556,-108.34289167,38,2,0,1,0,0,1,1
300093,MONTANA,MT,1,0,1,87,0,ARMSTRONG,8,8,August,2010,1,Sunday,14,8,1,2,2,608,45.59079722,-106.29832500,34,1,0,1,0,0,1,0
300094,MONTANA,MT,1,0,2,1,0,AUTAUGA,14,8,August,2010,7,Saturday,2,13,0,3,2,458,45.31694444,-111.69933611,31,2,0,1,0,0,1,1
300095,MONTANA,MT,1,0,1,3,0,BALDWIN,15,8,August,2010,1,Sunday,17,45,1,1,1,5429,45.14461389,-107.37411111,35,1,0,10,0,0,1,0
300096,MONTANA,MT,1,0,2,11,0,BULLOCK,16,8,August,2010,2,Monday,15,55,1,2,2,230,45.27211667,-105.03825278,35,1,0,1,0,0,1,0
300097,MONTANA,MT,4,0,9,29,0,BORDEN SPRINGS,19,8,August,2010,5,Thursday,17,38,1,2,2,1018,48.10734444,-114.62778611,12,1,0,1,0,0,1,0
300098,MONTANA,MT,1,0,1,7,0,BIBB,27,8,August,2010,6,Friday,21,45,0,4,3,2,46.17119722,-111.44553889,38,2,0,1,0,0,1,1
300099,MONTANA,MT,2,0,5,111,100,GRAHAM,28,8,August,2010,7,Saturday,2,38,0,16,6,0,45.79093333,-108.49272222,12,2,0,1,0,0,1,2
300100,MONTANA,MT,1,0,1,111,100,GRAHAM,1,9,September,2010,4,Wednesday,1,54,0,13,6,0,45.77696389,-108.58416389,35,3,0,1,0,0,1,1
300101,MONTANA,MT,2,0,6,89,0,BROWNSBORO,4,9,September,2010,7,Saturday,17,15,0,3,3,181,47.31699167,-114.80487500,12,1,0,1,0,0,2,1
300102,MONTANA,MT,1,0,1,45,0,ARITON,4,9,September,2010,7,Saturday,21,0,0,4,3,39,47.15782778,-110.74712222,1,2,0,1,0,0,1,1
300103,MONTANA,MT,1,0,1,1,0,AUTAUGA,5,9,September,2010,1,Sunday,6,39,1,1,1,179,44.66449444,-112.62011389,32,2,0,1,0,0,1,0
300104,MONTANA,MT,1,0,1,63,0,BOLIGEE,6,9,September,2010,2,Monday,17,32,1,1,1,1007,46.91900278,-114.05540278,1,1,0,10,0,0,1,1
300105,MONTANA,MT,1,1,1,93,180,BEAR CREEK,19,8,August,2010,5,Thursday,6,11,0,13,6,0,45.98890278,-112.50921389,8,1,0,1,0,0,1,0
300106,MONTANA,MT,2,0,3,55,0,ATTALLA,8,9,September,2010,4,Wednesday,6,20,1,2,3,2725,47.37462778,-105.64082500,12,4,0,1,1,0,3,0
300107,MONTANA,MT,2,0,3,27,0,ASHLAND,11,9,September,2010,7,Saturday,11,10,0,6,3,484,47.40395556,-110.18445833,12,1,0,1,0,0,1,0
300108,MONTANA,MT,2,0,3,3,0,BALDWIN,13,9,September,2010,2,Monday,0,2,1,1,1,5052,45.65701667,-107.48359722,1,2,0,1,0,0,2,1
300109,MONTANA,MT,1,0,1,99,0,BEATRICE,17,9,September,2010,6,Friday,23,15,0,3,2,521,47.64814167,-112.26514167,31,2,0,2,0,0,1,1
300110,MONTANA,MT,1,0,1,27,0,ASHLAND,16,9,September,2010,5,Thursday,23,0,1,2,2,890,47.62346389,-108.68894444,31,2,0,1,0,0,1,1
300111,MONTANA,MT,1,1,2,63,0,BOLIGEE,19,9,September,2010,1,Sunday,20,15,0,6,5,0,46.84878889,-114.07366389,15,2,0,1,0,0,1,0
300112,MONTANA,MT,1,0,1,77,0,ANDERSON,22,9,September,2010,4,Wednesday,18,15,1,2,3,640,46.94665833,-112.81246667,31,1,0,10,0,0,1,1
300113,MONTANA,MT,1,0,2,47,0,BROWNS,23,9,September,2010,5,Thursday,4,0,1,2,2,837,47.87107222,-114.26295833,31,2,0,1,0,0,1,1
300114,MONTANA,MT,2,0,2,13,0,BOLLING,23,9,September,2010,5,Thursday,14,25,0,4,3,26,47.41172500,-111.26433056,12,1,0,1,0,0,1,0
300115,MONTANA,MT,1,0,2,87,0,ARMSTRONG,24,9,September,2010,6,Friday,17,30,1,1,1,825,46.25828056,-106.92130556,1,1,0,1,0,0,1,0
300116,MONTANA,MT,1,0,2,89,0,BROWNSBORO,24,9,September,2010,6,Friday,0,1,0,4,3,3,47.60911389,-114.63190556,34,2,0,1,0,0,2,1
300117,MONTANA,MT,1,0,2,73,0,ARGO,25,9,September,2010,7,Saturday,6,40,0,3,2,869,48.34630556,-112.55492222,11,2,0,1,0,0,1,0
300118,MONTANA,MT,1,0,1,61,0,BELLWOOD,25,9,September,2010,7,Saturday,17,0,0,4,4,0,47.36561389,-115.20343056,24,1,0,1,0,0,1,0
300119,MONTANA,MT,1,2,2,29,0,BORDEN SPRINGS,25,9,September,2010,7,Saturday,21,41,1,2,2,1221,48.20920000,-114.29287500,8,3,0,1,0,0,1,0
300120,MONTANA,MT,1,0,3,89,0,BROWNSBORO,27,9,September,2010,2,Monday,7,15,0,6,4,0,47.48284444,-114.36651667,1,1,0,1,0,0,1,1
300121,MONTANA,MT,1,0,1,63,830,BOLIGEE,27,9,September,2010,2,Monday,15,5,0,6,5,0,47.01661111,-114.24589444,1,1,0,1,0,0,1,1
300122,MONTANA,MT,1,0,6,43,0,BAILEYTON,27,9,September,2010,2,Monday,18,58,0,6,4,60,45.94897222,-112.36091111,35,5,0,1,0,0,1,0
300123,MONTANA,MT,1,0,1,57,0,BANKSTON,3,10,October,2010,1,Sunday,10,0,0,4,3,129,45.74295000,-111.83036389,1,1,0,1,0,0,1,0
300124,MONTANA,MT,1,0,1,49,0,COLLINSVILLE,3,10,October,2010,1,Sunday,11,15,1,2,3,908,47.08713889,-112.37304167,1,1,0,1,0,0,1,0
300125,MONTANA,MT,2,0,2,13,0,BOLLING,5,10,October,2010,3,Tuesday,2,40,1,1,1,2912,47.56940556,-111.54166389,12,2,0,2,0,0,1,1
300126,MONTANA,MT,1,0,1,99,0,BEATRICE,9,10,October,2010,7,Saturday,1,45,0,4,3,106,47.83997500,-111.98736667,1,2,0,1,0,0,1,1
300127,MONTANA,MT,2,0,4,63,0,BOLIGEE,7,10,October,2010,5,Thursday,22,10,1,2,3,319,47.00277778,-113.37077222,12,3,0,10,0,0,1,1
300128,MONTANA,MT,2,0,2,111,0,GRAHAM,16,10,October,2010,7,Saturday,21,53,0,13,6,0,45.76140000,-108.57625556,12,3,0,1,0,0,1,0
300129,MONTANA,MT,2,0,2,105,0,MARION,18,10,October,2010,2,Monday,19,0,0,4,3,196,48.38894722,-106.25977500,12,2,0,1,0,0,1,0
300130,MONTANA,MT,1,0,1,43,0,BAILEYTON,22,10,October,2010,6,Friday,22,55,0,6,8,0,46.47800556,-111.90551389,42,2,0,1,0,0,1,1
300131,MONTANA,MT,1,0,1,111,0,GRAHAM,23,10,October,2010,7,Saturday,16,0,0,4,4,40,45.75555278,-108.37951944,1,1,0,1,0,0,1,0
300132,MONTANA,MT,2,0,4,93,180,BEAR CREEK,25,8,August,2010,4,Wednesday,12,50,0,16,6,0,45.98400000,-112.49737778,12,1,0,1,0,0,1,0