ST_CASE,State Name,State Abbreviation,VE_TOTAL,Pedestrains,Total_Persons_in_accident,COUNTY,CITY,City_County_Name,Calendar_DAY,MONTH,Month_Name,YEAR,DAY_WEEK,Day_Week_desc,HOUR,MINUTE,NHS_Desc,trafficway,ROUTE,MILEPT,LATITUDE,LONGITUD,First_Crash_event,Light_cond_desc,Weather_condition,WEATHER,SCH_BUS,Crash_cause,FATALS,DRUNK_DR
300133,MONTANA,MT,2,0,2,1,0,AUTAUGA,26,10,October,2010,3,Tuesday,7,30,0,3,3,735,45.76121111,-112.80923611,12,1,0,1,0,0,1,0
300134,MONTANA,MT,1,0,2,63,830,BOLIGEE,26,10,October,2010,3,Tuesday,22,51,0,13,6,0,46.86365278,-114.00338889,33,3,0,10,0,0,1,1
300135,MONTANA,MT,1,0,4,67,0,ABBEVILLE,7,11,November,2010,1,Sunday,6,30,1,2,2,190,45.23328333,-110.87464444,1,4,0,1,0,0,1,1
300136,MONTANA,MT,1,0,1,29,0,BORDEN SPRINGS,27,10,October,2010,4,Wednesday,16,10,0,6,4,0,48.28015000,-114.35611111,1,1,0,1,0,0,1,0
300137,MONTANA,MT,1,0,2,111,0,GRAHAM,7,11,November,2010,1,Sunday,3,40,1,1,1,4440,45.73569444,-108.59703333,1,2,0,1,0,0,1,1
300138,MONTANA,MT,1,1,2,63,830,BOLIGEE,9,11,November,2010,3,Tuesday,22,48,1,13,2,0,46.84125278,-114.02901944,8,3,0,1,0,0,1,1
300139,MONTANA,MT,3,0,3,63,0,BOLIGEE,10,11,November,2010,4,Wednesday,16,45,0,14,6,20,46.88744444,-114.06731111,12,1,0,10,0,0,1,0
300140,MONTANA,MT,2,0,2,111,0,GRAHAM,12,11,November,2010,6,Friday,14,20,1,2,3,99999,45.95998056,-108.72653889,12,1,0,1,0,0,1,0
300141,MONTANA,MT,1,0,2,31,0,COFFEE,12,11,November,2010,6,Friday,17,2,1,1,1,3190,45.66532778,-110.83487778,1,2,0,4,0,0,1,0
300142,MONTANA,MT,1,0,1,105,0,MARION,14,11,November,2010,1,Sunday,7,0,0,3,3,727,48.16801667,-106.59729444,24,1,0,2,0,0,1,0
300143,MONTANA,MT,2,0,3,81,0,AUBURN,14,11,November,2010,1,Sunday,10,19,1,2,2,446,46.20672778,-114.15572222,12,1,0,10,0,0,1,0
300144,MONTANA,MT,2,0,5,9,0,BLOUNT,20,11,November,2010,7,Saturday,9,55,1,2,2,450,45.56493056,-108.83848333,12,1,11,4,0,0,1,1
300145,MONTANA,MT,1,0,2,103,0,DANVILLE,20,11,November,2010,7,Saturday,11,40,1,1,1,622,46.18500000,-107.27470556,1,1,11,4,0,0,1,0
300146,MONTANA,MT,1,0,2,49,590,COLLINSVILLE,12,11,November,2010,6,Friday,0,40,0,3,3,0,46.61650556,-111.98995000,1,3,0,1,0,0,1,1
300147,MONTANA,MT,2,0,3,17,0,CHAMBERS,29,11,November,2010,2,Monday,16,0,1,1,1,1560,46.57738889,-105.58813611,24,1,0,10,0,0,1,1
300148,MONTANA,MT,1,0,2,47,0,BROWNS,29,11,November,2010,2,Monday,21,10,1,2,2,248,47.24511111,-114.16904167,1,2,0,1,0,0,1,0
300149,MONTANA,MT,2,0,2,111,100,GRAHAM,5,12,December,2010,1,Sunday,19,55,1,2,3,0,45.80421389,-108.56715278,12,2,0,1,0,0,1,0
300150,MONTANA,MT,2,0,3,89,0,BROWNSBORO,8,12,December,2010,4,Wednesday,9,58,0,3,3,801,47.41340833,-114.83023889,12,1,0,3,0,0,1,0
300151,MONTANA,MT,1,0,1,75,0,BEAVERTON,9,12,December,2010,5,Thursday,17,38,0,3,3,174,45.23555278,-105.32841667,1,2,0,10,0,0,1,0
300152,MONTANA,MT,1,1,1,111,0,GRAHAM,9,12,December,2010,5,Thursday,20,25,1,1,1,4460,45.74917778,-108.55875000,8,2,0,10,0,0,1,0
300153,MONTANA,MT,1,1,2,45,0,ARITON,28,11,November,2010,1,Sunday,15,30,1,2,2,544,47.05491944,-109.91342778,8,1,11,11,0,0,1,0
300154,MONTANA,MT,2,0,3,89,0,BROWNSBORO,16,12,December,2010,5,Thursday,12,25,0,3,3,154,47.99704444,-115.76358333,12,1,0,10,0,0,2,1
300155,MONTANA,MT,1,0,1,35,0,BROOKLYN,17,12,December,2010,6,Friday,1,2,1,2,2,2214,48.53021944,-112.96310000,59,2,0,1,0,0,1,1
300156,MONTANA,MT,2,0,3,111,0,GRAHAM,19,12,December,2010,1,Sunday,3,20,1,1,1,266,46.00226944,-107.92157778,12,2,0,10,0,0,1,1
300157,MONTANA,MT,2,0,3,63,830,BOLIGEE,14,12,December,2010,3,Tuesday,15,6,1,13,2,0,46.83379167,-114.04746111,12,1,0,10,0,0,1,0
300158,MONTANA,MT,1,0,2,15,0,ANNISTON,24,12,December,2010,6,Friday,1,56,0,6,4,90,48.28841111,-109.85168056,11,2,0,1,0,0,1,1
300159,MONTANA,MT,1,0,1,27,0,ASHLAND,24,12,December,2010,6,Friday,20,49,1,2,2,1019,47.06209444,-109.03189722,59,2,0,10,0,0,1,1
300160,MONTANA,MT,1,0,2,31,0,COFFEE,26,12,December,2010,1,Sunday,14,30,0,3,3,0,45.64260833,-111.49994444,35,1,0,1,0,0,2,0
300161,MONTANA,MT,1,0,2,3,0,BALDWIN,26,12,December,2010,1,Sunday,20,37,0,4,3,70,45.75715000,-107.45987222,34,2,0,10,0,0,1,0
310001,NEBRASKA,NE,2,0,3,79,2090,COURTLAND,12,1,January,2010,3,Tuesday,10,2,0,14,6,0,40.90219444,-98.34767778,12,1,0,1,0,0,2,0
310002,NEBRASKA,NE,2,0,3,47,0,BROWNS,14,1,January,2010,5,Thursday,18,45,0,3,2,2517,40.73165000,-99.48394722,12,2,0,1,0,0,1,0
310003,NEBRASKA,NE,1,0,1,67,0,ABBEVILLE,16,1,January,2010,7,Saturday,11,28,0,2,2,1665,40.22030556,-96.90696667,1,1,0,5,0,0,1,0
310004,NEBRASKA,NE,2,0,2,177,0,LEE,19,1,January,2010,3,Tuesday,10,50,1,2,2,4387,41.45173333,-96.25259444,12,1,0,5,0,0,1,0
310005,NEBRASKA,NE,1,0,1,25,0,BARLOW BEND,25,1,January,2010,2,Monday,16,50,1,1,1,4195,40.95501111,-96.41430000,1,1,0,10,0,0,1,0
310006,NEBRASKA,NE,2,0,2,19,0,CEDAR BLUFF,25,1,January,2010,2,Monday,4,45,1,1,1,2886,40.72020000,-98.77738889,12,2,0,6,0,0,1,0
310007,NEBRASKA,NE,1,1,1,55,3620,ATTALLA,30,1,January,2010,7,Saturday,9,45,0,16,6,0,41.20549167,-95.96961111,9,1,0,10,0,0,1,1
310008,NEBRASKA,NE,2,0,3,1,0,AUTAUGA,4,2,February,2010,5,Thursday,5,15,1,2,2,2100,40.56832778,-98.43131944,12,2,0,4,0,0,3,0
310009,NEBRASKA,NE,2,0,2,67,0,ABBEVILLE,5,2,February,2010,6,Friday,7,8,1,2,2,1887,40.28057222,-96.54785278,12,1,0,4,0,0,1,0
310010,NEBRASKA,NE,2,2,1,55,3620,ATTALLA,7,2,February,2010,1,Sunday,2,42,0,16,6,0,41.30976111,-95.94218611,8,3,0,4,0,0,1,0
310011,NEBRASKA,NE,2,0,2,99,0,BEATRICE,8,2,February,2010,2,Monday,7,57,1,2,2,1807,40.50081389,-98.96415833,12,1,0,10,0,0,1,0
310012,NEBRASKA,NE,2,0,4,111,0,GRAHAM,9,2,February,2010,3,Tuesday,20,55,1,1,1,1743,41.11401944,-100.81672778,12,2,0,1,0,0,2,0
310013,NEBRASKA,NE,2,0,2,109,0,ANSLEY,14,2,February,2010,1,Sunday,11,50,1,1,1,4134,40.90780556,-96.50201667,14,1,6,4,0,0,1,0
310014,NEBRASKA,NE,2,0,3,151,0,FLIPPEN,14,2,February,2010,1,Sunday,0,42,0,3,3,38,40.64235278,-97.10163056,12,3,0,1,0,0,1,0
310015,NEBRASKA,NE,1,0,1,53,0,ATMORE,15,2,February,2010,2,Monday,4,49,1,2,2,4223,41.45154167,-96.56716389,1,2,0,10,0,0,1,0
310016,NEBRASKA,NE,1,0,1,25,0,BARLOW BEND,15,2,February,2010,2,Monday,5,59,1,1,1,4250,41.00827222,-96.31147500,48,2,0,7,0,0,1,0
310017,NEBRASKA,NE,2,1,1,119,0,BELLAMY,15,2,February,2010,2,Monday,5,19,1,2,2,1440,41.84974444,-97.44169167,48,2,0,4,0,0,1,0
310018,NEBRASKA,NE,2,0,2,131,3360,ARLINGTON,16,2,February,2010,3,Tuesday,11,8,1,13,2,465,40.65251389,-95.85948889,12,1,0,10,0,0,1,0
310019,NEBRASKA,NE,2,0,5,159,0,FARRAR,17,2,February,2010,4,Wednesday,18,54,1,1,1,3847,40.82186389,-96.99794722,12,2,0,1,0,0,2,1
310020,NEBRASKA,NE,1,0,1,55,3620,ATTALLA,19,2,February,2010,6,Friday,1,35,0,14,6,0,41.29467222,-96.15839444,30,3,0,10,0,0,1,1
310021,NEBRASKA,NE,2,0,2,153,0,BONAIRE,24,2,February,2010,4,Wednesday,15,45,0,6,4,0,41.16224444,-95.96918056,12,1,0,1,0,0,1,2
310022,NEBRASKA,NE,1,0,1,89,0,BROWNSBORO,24,2,February,2010,4,Wednesday,4,29,0,4,3,1713,42.77247222,-98.85189167,24,2,0,10,0,0,1,0
310023,NEBRASKA,NE,1,1,1,95,0,ALBERTVILLE,4,3,March,2010,5,Thursday,7,23,0,5,4,0,40.14988056,-97.19621667,8,1,0,1,0,0,1,0
310024,NEBRASKA,NE,2,0,2,155,0,IRWIN,9,3,March,2010,3,Tuesday,7,44,1,2,2,1105,41.38479444,-96.50287500,12,1,0,5,0,0,1,0
310025,NEBRASKA,NE,1,0,6,47,0,BROWNS,10,3,March,2010,4,Wednesday,18,24,1,1,1,2231,40.84212500,-99.98279444,42,5,0,4,0,0,1,0
310026,NEBRASKA,NE,1,0,1,153,0,BONAIRE,17,3,March,2010,4,Wednesday,1,42,0,4,4,0,41.17897778,-96.15878056,38,3,0,10,0,0,1,1
310027,NEBRASKA,NE,2,0,5,55,0,ATTALLA,19,3,March,2010,6,Friday,10,37,0,4,4,0,41.34865833,-96.15865278,12,1,3,3,0,0,1,0
310028,NEBRASKA,NE,1,0,4,55,0,ATTALLA,27,3,March,2010,7,Saturday,12,15,0,3,3,67,41.37925556,-96.30237500,42,1,0,10,0,0,2,0
310029,NEBRASKA,NE,4,0,5,37,0,BRADFORD,23,3,March,2010,3,Tuesday,7,40,1,2,2,4015,41.46730000,-96.96404444,12,1,0,1,0,0,1,0
310030,NEBRASKA,NE,1,1,2,49,990,COLLINSVILLE,28,3,March,2010,1,Sunday,16,55,0,3,2,866,41.09264444,-102.47240000,9,1,0,1,0,0,1,0
310031,NEBRASKA,NE,1,0,4,111,0,GRAHAM,28,3,March,2010,1,Sunday,22,41,1,1,1,1627,41.13884722,-101.03885556,1,1,0,1,0,0,1,0
310032,NEBRASKA,NE,1,0,2,131,0,ARLINGTON,31,3,March,2010,4,Wednesday,20,45,0,4,4,0,40.74673611,-96.12213056,34,2,0,1,0,0,1,1
310033,NEBRASKA,NE,1,0,2,157,4340,ARCADE,4,4,April,2010,1,Sunday,0,51,0,14,6,0,41.86230556,-103.66276389,5,3,0,1,0,0,1,1
310034,NEBRASKA,NE,1,0,1,159,0,FARRAR,6,4,April,2010,3,Tuesday,23,33,1,1,1,3822,40.82199444,-97.04189167,31,2,0,1,0,0,1,1
310035,NEBRASKA,NE,2,0,2,55,3620,ATTALLA,7,4,April,2010,4,Wednesday,21,46,0,14,6,0,41.20526389,-95.99658333,12,3,0,1,0,0,1,0
310036,NEBRASKA,NE,2,0,3,105,0,MARION,10,4,April,2010,7,Saturday,13,23,0,4,2,197,41.24025556,-103.70510000,12,1,0,1,0,0,1,1
310037,NEBRASKA,NE,1,0,1,143,0,CANEHILL,13,4,April,2010,3,Tuesday,16,18,1,2,2,996,41.25638889,-97.37216944,1,1,0,1,0,0,1,0
310038,NEBRASKA,NE,1,0,2,67,0,ABBEVILLE,13,4,April,2010,3,Tuesday,18,20,0,6,4,0,40.52319444,-96.91022778,1,1,0,1,0,0,1,0
310039,NEBRASKA,NE,1,0,4,185,0,ANAKTUVUK PASS,18,4,April,2010,1,Sunday,16,32,1,1,1,3566,40.82316389,-97.54005556,1,1,0,1,0,0,1,0
310040,NEBRASKA,NE,1,0,1,13,0,BOLLING,18,4,April,2010,1,Sunday,18,0,0,6,4,0,42.24529444,-103.09278611,30,1,0,1,0,0,1,1
310041,NEBRASKA,NE,1,0,1,27,0,ASHLAND,20,4,April,2010,3,Tuesday,20,30,0,5,4,0,42.66804722,-97.48375000,35,5,0,10,0,0,1,0
310042,NEBRASKA,NE,2,0,3,65,0,CYPRESS,25,4,April,2010,1,Sunday,13,31,0,6,4,0,40.07505000,-99.94829167,12,1,0,1,0,0,1,0
310043,NEBRASKA,NE,1,0,1,181,0,LINCOLN,28,4,April,2010,4,Wednesday,6,50,0,6,4,0,40.31670833,-98.38806111,1,2,0,1,0,0,1,1
310044,NEBRASKA,NE,1,0,1,109,2830,ANSLEY,29,4,April,2010,5,Thursday,13,24,0,14,6,0,40.76640278,-96.68261667,33,1,0,1,0,0,1,0
310045,NEBRASKA,NE,1,0,3,153,0,BONAIRE,1,5,May,2010,7,Saturday,0,33,0,4,4,0,41.08905556,-96.21482778,1,2,0,1,0,0,1,1
310046,NEBRASKA,NE,1,0,1,73,0,ARGO,5,5,May,2010,4,Wednesday,15,9,0,3,2,494,40.68382778,-99.82598333,35,1,0,1,0,0,1,0
310047,NEBRASKA,NE,1,0,1,141,0,BEE BRANCH,8,5,May,2010,7,Saturday,1,33,0,4,4,0,41.67752778,-97.69798333,1,2,0,1,0,0,1,1
310048,NEBRASKA,NE,2,0,3,99,0,BEATRICE,15,5,May,2010,7,Saturday,21,26,0,3,3,416,40.60065833,-98.95179722,12,2,0,2,0,0,1,0
310049,NEBRASKA,NE,2,0,3,155,0,IRWIN,26,5,May,2010,4,Wednesday,11,13,1,2,2,913,41.19170278,-96.63419722,12,1,0,1,0,0,1,0
310050,NEBRASKA,NE,2,0,2,133,0,ARLEY,25,5,May,2010,3,Tuesday,99,99,0,4,3,123,40.16024722,-96.13286111,12,1,0,1,0,0,1,0
310051,NEBRASKA,NE,2,0,2,25,0,BARLOW BEND,25,5,May,2010,3,Tuesday,13,33,1,2,2,3384,40.81283611,-96.44584167,12,1,0,1,0,0,1,0
310052,NEBRASKA,NE,1,0,1,163,0,AVERA,28,5,May,2010,6,Friday,16,48,0,4,3,472,41.36908056,-99.01462500,31,1,0,1,0,0,1,1
310053,NEBRASKA,NE,1,0,1,179,0,ALLENHURST,30,5,May,2010,1,Sunday,99,99,0,5,4,0,42.10535556,-96.95468889,34,1,0,10,0,0,1,0
310054,NEBRASKA,NE,1,0,1,65,0,CYPRESS,2,6,June,2010,4,Wednesday,10,54,0,6,4,0,40.28803889,-99.76238333,10,1,0,1,0,0,1,0
310055,NEBRASKA,NE,1,0,1,23,0,BLADON SPRINGS,2,6,June,2010,4,Wednesday,17,26,0,3,3,124,41.33686389,-97.13218611,42,1,0,1,0,0,1,1
310056,NEBRASKA,NE,1,0,1,181,0,LINCOLN,3,6,June,2010,5,Thursday,16,20,0,4,3,5,40.17611944,-98.51011389,1,1,0,1,0,0,1,0
310057,NEBRASKA,NE,1,0,1,177,0,LEE,4,6,June,2010,6,Friday,14,30,0,6,4,0,41.48716944,-96.05492500,1,1,0,1,0,0,1,0
310058,NEBRASKA,NE,1,0,1,159,0,FARRAR,4,6,June,2010,6,Friday,0,20,0,4,4,0,40.78521944,-96.97872222,32,2,0,10,0,0,1,1
310059,NEBRASKA,NE,1,1,1,55,3620,ATTALLA,5,6,June,2010,7,Saturday,2,21,1,11,1,4520,41.22521389,-95.97227222,8,3,10,2,0,0,1,0
310060,NEBRASKA,NE,1,1,1,51,0,CENTRAL,7,6,June,2010,2,Monday,14,45,0,4,3,27,42.42193611,-96.99880556,8,1,0,1,0,0,1,0
310061,NEBRASKA,NE,2,0,3,65,0,CYPRESS,7,6,June,2010,2,Monday,22,15,0,3,2,184,40.26931111,-99.89971111,12,2,0,1,0,0,1,0
310062,NEBRASKA,NE,1,0,1,153,0,BONAIRE,8,6,June,2010,3,Tuesday,7,36,1,1,1,4278,41.02834722,-96.29722500,38,1,0,10,0,0,1,0
310063,NEBRASKA,NE,2,0,2,141,0,BEE BRANCH,13,6,June,2010,1,Sunday,17,25,1,2,2,3833,41.43925278,-97.29148889,12,1,0,1,0,0,1,0
310064,NEBRASKA,NE,1,0,1,55,0,ATTALLA,14,6,June,2010,2,Monday,19,20,0,6,4,0,41.37732500,-96.08161944,35,1,0,1,0,0,1,1
310065,NEBRASKA,NE,2,0,2,55,3620,ATTALLA,18,6,June,2010,6,Friday,15,40,1,13,3,725,41.28535278,-96.05269444,12,1,0,1,0,0,1,0
310066,NEBRASKA,NE,1,0,1,111,0,GRAHAM,18,6,June,2010,6,Friday,18,21,1,1,1,1975,41.01410278,-100.40542500,34,1,0,1,0,0,1,0
310067,NEBRASKA,NE,2,0,3,55,3620,ATTALLA,20,6,June,2010,1,Sunday,2,33,0,4,6,0,41.31572222,-95.99458611,12,3,0,10,0,0,1,1
310068,NEBRASKA,NE,2,0,2,67,0,ABBEVILLE,22,6,June,2010,3,Tuesday,14,48,0,3,3,1489,40.30623611,-96.89083056,12,1,0,1,0,0,1,1
310069,NEBRASKA,NE,2,0,2,109,2830,ANSLEY,23,6,June,2010,4,Wednesday,17,36,0,14,6,0,40.82075833,-96.68822778,12,1,0,1,0,0,1,0
310070,NEBRASKA,NE,1,0,1,153,0,BONAIRE,25,6,June,2010,6,Friday,4,40,0,4,4,0,41.09285556,-95.99559444,11,2,0,1,0,0,1,0
310071,NEBRASKA,NE,1,0,2,107,0,CARROLLTON,26,6,June,2010,7,Saturday,8,30,0,6,4,0,42.56926389,-97.63034722,30,1,0,1,0,0,1,1
310072,NEBRASKA,NE,1,0,2,7,0,BIBB,28,6,June,2010,2,Monday,15,45,1,2,3,278,41.41286667,-103.66699167,1,1,0,1,0,0,2,1
310073,NEBRASKA,NE,2,0,6,157,0,ARCADE,30,6,June,2010,4,Wednesday,14,55,1,2,3,574,41.80715000,-103.65514722,12,1,0,1,0,0,1,0
310074,NEBRASKA,NE,1,0,2,159,0,FARRAR,30,6,June,2010,4,Wednesday,13,7,1,1,1,3692,40.82316389,-97.29423611,2,1,0,1,0,0,2,0
310075,NEBRASKA,NE,1,0,1,105,0,MARION,30,6,June,2010,4,Wednesday,8,30,0,5,4,0,41.08375000,-103.89324167,30,1,0,1,0,0,1,1
310076,NEBRASKA,NE,1,0,1,93,0,BEAR CREEK,30,6,June,2010,4,Wednesday,12,30,0,6,4,0,41.35078333,-98.32111389,44,1,0,1,0,0,1,0
310077,NEBRASKA,NE,2,0,2,109,2830,ANSLEY,30,6,June,2010,4,Wednesday,5,47,1,13,3,4646,40.73516111,-96.60518611,12,4,0,1,0,0,1,0
310078,NEBRASKA,NE,2,0,3,37,0,BRADFORD,2,7,July,2010,6,Friday,15,5,0,3,3,1186,41.59875556,-97.06077500,12,1,0,1,0,0,1,0
310079,NEBRASKA,NE,1,0,1,109,2830,ANSLEY,2,7,July,2010,6,Friday,23,8,0,4,6,0,40.74956667,-96.68262778,33,3,0,1,0,0,1,0
310080,NEBRASKA,NE,2,0,2,141,0,BEE BRANCH,2,7,July,2010,6,Friday,13,35,0,4,4,0,41.61313333,-97.69798333,12,1,0,1,0,0,1,0
310081,NEBRASKA,NE,1,0,2,177,0,LEE,3,7,July,2010,7,Saturday,20,35,0,6,4,0,41.64187500,-96.21276944,1,1,0,1,0,0,1,0
310082,NEBRASKA,NE,2,0,2,55,3620,ATTALLA,6,7,July,2010,3,Tuesday,7,20,0,14,6,0,41.24825833,-95.94708056,12,1,0,1,0,0,1,0
310083,NEBRASKA,NE,2,0,2,121,0,BON AIR,8,7,July,2010,5,Thursday,14,12,0,6,6,0,41.23547778,-97.88783889,12,1,0,1,0,0,1,0
310084,NEBRASKA,NE,2,0,2,55,3620,ATTALLA,8,7,July,2010,5,Thursday,15,13,0,13,6,0,41.25245278,-95.96643333,12,1,0,1,0,0,1,0
310085,NEBRASKA,NE,1,0,2,177,0,LEE,10,7,July,2010,7,Saturday,18,25,0,3,3,2156,41.54025833,-96.41816111,31,1,0,1,0,0,2,1
310086,NEBRASKA,NE,1,0,1,17,0,CHAMBERS,12,7,July,2010,2,Monday,15,25,0,3,3,326,42.36970556,-99.88220278,1,1,0,1,0,0,1,0
310087,NEBRASKA,NE,1,0,1,155,2780,IRWIN,8,7,July,2010,5,Thursday,16,25,0,5,5,0,41.32971111,-96.42760278,42,1,0,1,0,0,1,0
310088,NEBRASKA,NE,1,0,1,19,0,CEDAR BLUFF,12,7,July,2010,2,Monday,99,99,1,1,1,2760,40.67048333,-99.06990000,38,2,0,99,0,0,1,0
310089,NEBRASKA,NE,2,0,3,163,0,AVERA,13,7,July,2010,3,Tuesday,7,20,1,2,3,3103,41.15035278,-99.14697778,12,4,0,1,0,0,3,0
310090,NEBRASKA,NE,2,0,2,55,3620,ATTALLA,17,7,July,2010,7,Saturday,16,3,1,13,3,710,41.28757778,-96.08161944,12,1,0,1,0,0,1,1
310091,NEBRASKA,NE,1,0,1,55,0,ATTALLA,18,7,July,2010,1,Sunday,2,0,0,4,4,0,41.33583333,-96.10101667,33,2,0,10,0,0,1,1
310092,NEBRASKA,NE,1,0,3,119,0,BELLAMY,18,7,July,2010,1,Sunday,18,15,0,4,4,0,42.01716111,-97.48031667,31,1,0,1,0,0,1,1
310093,NEBRASKA,NE,2,0,3,99,0,BEATRICE,18,7,July,2010,1,Sunday,20,53,1,2,2,1701,40.47333056,-99.16156667,12,1,0,1,0,0,2,1
310094,NEBRASKA,NE,2,0,3,177,0,LEE,20,7,July,2010,3,Tuesday,15,5,1,2,2,4434,41.48363333,-96.18101111,23,1,0,1,0,0,1,0
310095,NEBRASKA,NE,1,0,1,169,0,BRADLEY,21,7,July,2010,4,Wednesday,14,0,0,6,4,0,40.10801389,-97.53936667,1,1,0,10,0,0,1,0
310096,NEBRASKA,NE,3,0,5,47,0,BROWNS,23,7,July,2010,6,Friday,4,0,1,1,1,2253,40.82108333,-99.92477500,24,3,0,1,0,0,1,0
310097,NEBRASKA,NE,2,0,2,43,0,BAILEYTON,23,7,July,2010,6,Friday,9,12,1,2,2,4170,42.47463056,-96.65702778,12,1,0,1,0,0,1,0
310098,NEBRASKA,NE,1,0,5,81,0,AUBURN,25,7,July,2010,1,Sunday,17,50,1,1,1,3314,40.82368333,-98.02001944,24,1,0,1,0,0,1,0
310099,NEBRASKA,NE,1,0,2,67,0,ABBEVILLE,25,7,July,2010,1,Sunday,23,59,0,6,4,0,40.23393611,-96.73084167,1,2,0,1,0,0,1,1
310100,NEBRASKA,NE,2,0,2,157,0,ARCADE,26,7,July,2010,2,Monday,13,51,0,3,3,374,41.75133611,-103.44142778,12,1,0,1,0,0,1,0
310101,NEBRASKA,NE,3,0,1,1,2280,AUTAUGA,29,7,July,2010,5,Thursday,2,0,0,15,6,0,40.59345833,-98.40123611,14,3,0,1,0,0,1,1
310102,NEBRASKA,NE,1,0,5,175,0,CADWELL,31,7,July,2010,7,Saturday,0,8,0,4,4,0,41.61018056,-99.17375556,30,2,0,1,0,0,1,1
310103,NEBRASKA,NE,2,0,2,89,0,BROWNSBORO,3,8,August,2010,3,Tuesday,14,0,1,2,2,3010,42.47665556,-98.77464167,12,1,0,1,0,0,1,0
310104,NEBRASKA,NE,2,0,3,109,0,ANSLEY,8,8,August,2010,1,Sunday,20,43,0,3,2,3061,40.81380833,-96.85392500,12,5,0,1,0,0,1,0
310105,NEBRASKA,NE,2,0,3,159,0,FARRAR,9,8,August,2010,2,Monday,1,9,1,1,1,3785,40.82277222,-97.11296111,12,2,0,1,0,0,1,0
310106,NEBRASKA,NE,1,0,1,159,0,FARRAR,11,8,August,2010,4,Wednesday,12,40,0,6,4,0,40.89353333,-96.96842222,1,1,0,1,0,0,1,0
310107,NEBRASKA,NE,3,0,5,153,0,BONAIRE,11,8,August,2010,4,Wednesday,8,3,0,4,4,0,41.19041111,-96.10848333,12,1,0,1,0,0,1,1
310108,NEBRASKA,NE,1,0,1,111,0,GRAHAM,16,8,August,2010,2,Monday,13,45,1,2,2,846,41.15448889,-100.75939167,24,1,0,10,0,0,1,0
310109,NEBRASKA,NE,2,0,2,55,0,ATTALLA,20,8,August,2010,6,Friday,10,54,1,2,2,990,41.36534444,-95.98531667,24,1,0,1,0,0,1,0
310110,NEBRASKA,NE,3,0,4,159,0,FARRAR,23,8,August,2010,2,Monday,17,35,0,3,2,3075,40.88860000,-96.97597500,12,1,0,1,0,0,1,1
310111,NEBRASKA,NE,1,0,1,119,0,BELLAMY,26,8,August,2010,5,Thursday,12,58,0,6,4,0,42.00338611,-97.68836944,1,1,0,1,0,0,1,1
310112,NEBRASKA,NE,1,0,1,11,0,BULLOCK,27,8,August,2010,6,Friday,16,20,0,5,4,0,41.90100000,-98.04233611,34,1,0,1,0,0,1,0
310113,NEBRASKA,NE,1,0,1,31,0,COFFEE,4,9,September,2010,7,Saturday,2,0,0,3,3,2289,42.97853056,-101.71314167,1,2,0,1,0,0,1,1
310114,NEBRASKA,NE,2,0,3,123,0,ALEXANDER CITY,9,9,September,2010,5,Thursday,16,50,0,6,4,0,41.44478611,-102.94498333,12,1,0,10,0,0,1,0
310115,NEBRASKA,NE,2,0,2,99,0,BEATRICE,10,9,September,2010,6,Friday,14,48,0,6,4,0,40.52515278,-98.97119444,12,1,0,1,0,0,1,0
310116,NEBRASKA,NE,2,0,2,53,0,ATMORE,15,9,September,2010,4,Wednesday,11,25,1,2,2,1350,41.62262778,-96.59780556,12,1,0,1,0,0,1,0
310117,NEBRASKA,NE,1,0,4,107,0,CARROLLTON,18,9,September,2010,7,Saturday,0,30,0,4,4,0,42.68331944,-97.52494722,24,2,0,10,0,0,2,1
310118,NEBRASKA,NE,1,0,1,23,3580,BLADON SPRINGS,19,9,September,2010,1,Sunday,0,32,0,3,3,1014,41.34849722,-97.06215000,32,3,10,2,0,0,1,1
310119,NEBRASKA,NE,1,0,1,55,3620,ATTALLA,24,9,September,2010,6,Friday,22,17,0,13,3,18,41.28722222,-96.05295278,33,3,0,1,0,0,1,0
310120,NEBRASKA,NE,2,0,2,43,0,BAILEYTON,28,9,September,2010,3,Tuesday,17,6,0,3,3,683,42.41534722,-96.43026389,12,1,0,1,0,0,1,0
310121,NEBRASKA,NE,1,0,1,81,0,AUBURN,29,9,September,2010,4,Wednesday,4,30,1,1,1,3202,40.82420278,-98.24592500,24,2,0,1,0,0,1,0
310122,NEBRASKA,NE,2,0,4,55,3620,ATTALLA,28,9,September,2010,3,Tuesday,2,42,0,13,6,0,41.24874167,-96.01205278,12,3,0,1,0,0,1,2
310123,NEBRASKA,NE,3,0,4,119,0,BELLAMY,29,9,September,2010,4,Wednesday,8,50,1,2,2,1487,41.89921111,-97.42778889,12,1,0,1,0,0,1,0
310124,NEBRASKA,NE,1,0,6,31,0,COFFEE,1,10,October,2010,6,Friday,17,40,0,6,4,0,42.92965556,-100.51494722,34,1,0,1,0,0,1,0
310125,NEBRASKA,NE,2,0,3,33,0,CHEROKEE,3,10,October,2010,1,Sunday,12,35,1,1,1,672,41.11608889,-102.83958333,12,1,0,1,0,0,2,0
310126,NEBRASKA,NE,2,0,4,67,0,ABBEVILLE,4,10,October,2010,2,Monday,0,35,1,2,2,136,40.13977778,-96.74148611,12,2,0,1,0,0,2,1
310127,NEBRASKA,NE,1,0,1,55,3620,ATTALLA,4,10,October,2010,2,Monday,1,7,1,13,2,1866,41.21252778,-95.99917778,1,3,0,1,0,0,1,1