ST_CASE,State Name,State Abbreviation,VE_TOTAL,Pedestrains,Total_Persons_in_accident,COUNTY,CITY,City_County_Name,Calendar_DAY,MONTH,Month_Name,YEAR,DAY_WEEK,Day_Week_desc,HOUR,MINUTE,NHS_Desc,trafficway,ROUTE,MILEPT,LATITUDE,LONGITUD,First_Crash_event,Light_cond_desc,Weather_condition,WEATHER,SCH_BUS,Crash_cause,FATALS,DRUNK_DR
330114,NEW HAMPSHIRE,NH,1,0,1,11,310,BULLOCK,20,11,November,2010,7,Saturday,23,4,0,16,6,0,42.96272778,-71.42705556,30,3,0,10,0,0,1,0
330115,NEW HAMPSHIRE,NH,3,0,3,5,47,BAKER HILL,30,11,November,2010,3,Tuesday,16,46,0,4,3,0,42.89473611,-72.49260000,12,2,0,2,0,0,1,0
330116,NEW HAMPSHIRE,NH,1,1,1,11,240,BULLOCK,4,12,December,2010,7,Saturday,18,7,0,16,5,0,42.78932222,-71.37105000,8,2,0,1,0,0,1,0
330117,NEW HAMPSHIRE,NH,3,0,4,13,70,BOLLING,3,12,December,2010,6,Friday,13,5,0,16,6,0,43.21764722,-71.52583611,12,1,0,1,0,0,1,0
330118,NEW HAMPSHIRE,NH,2,1,2,9,280,BLOUNT,13,12,December,2010,2,Monday,16,36,0,16,5,0,43.68537778,-72.29362222,8,3,0,2,0,0,1,0
330119,NEW HAMPSHIRE,NH,1,0,1,11,401,BULLOCK,18,12,December,2010,7,Saturday,5,43,0,16,5,0,42.74439722,-71.30006667,24,4,0,1,0,0,1,0
330120,NEW HAMPSHIRE,NH,1,0,1,11,400,BULLOCK,19,12,December,2010,1,Sunday,19,0,0,6,5,0,42.77725833,-71.90101111,42,2,0,1,0,0,1,1
340002,NEW JERSEY,NJ,2,1,4,35,425,BROOKLYN,23,1,January,2010,7,Saturday,22,2,1,13,2,364,40.57804167,-74.58171944,8,3,0,1,0,0,1,0
340003,NEW JERSEY,NJ,2,0,3,5,613,BAKER HILL,4,1,January,2010,2,Monday,21,18,1,13,2,381,40.00525556,-74.97821389,12,3,0,1,0,0,1,1
340004,NEW JERSEY,NJ,1,1,1,27,2745,ASHLAND,5,1,January,2010,3,Tuesday,20,42,1,13,3,50,40.86260833,-74.57001389,8,3,0,1,0,0,1,0
340006,NEW JERSEY,NJ,2,0,3,29,1590,BORDEN SPRINGS,6,1,January,2010,4,Wednesday,19,22,0,16,6,0,40.04523056,-74.18108889,12,5,0,1,0,0,1,0
340007,NEW JERSEY,NJ,1,0,1,25,0,BARLOW BEND,6,1,January,2010,4,Wednesday,14,16,0,13,3,54,40.24481111,-74.23921111,42,1,0,1,0,0,1,0
340008,NEW JERSEY,NJ,1,0,1,29,1505,BORDEN SPRINGS,8,1,January,2010,6,Friday,2,41,0,14,4,0,40.08802778,-74.26735278,42,3,0,4,0,0,1,1
340009,NEW JERSEY,NJ,2,0,2,1,90,AUTAUGA,8,1,January,2010,6,Friday,22,45,1,13,2,617,39.37735556,-74.48721944,12,3,0,1,0,0,1,1
340010,NEW JERSEY,NJ,3,1,3,7,240,BIBB,11,1,January,2010,2,Monday,13,7,1,11,1,2,39.87514722,-75.10256111,8,1,0,1,0,0,1,1
340011,NEW JERSEY,NJ,2,0,3,13,2130,BOLLING,9,1,January,2010,7,Saturday,23,55,0,15,6,0,40.72424167,-74.18438611,12,3,0,1,0,0,1,0
340012,NEW JERSEY,NJ,2,0,5,39,2900,ANDALUSIA,10,1,January,2010,1,Sunday,3,10,0,13,3,325,40.65287222,-74.23608889,12,3,0,1,0,0,1,1
340013,NEW JERSEY,NJ,2,0,2,5,0,BAKER HILL,22,1,January,2010,6,Friday,13,53,0,4,4,0,39.82435000,-74.53720556,12,1,0,1,0,0,1,1
340014,NEW JERSEY,NJ,2,0,4,7,0,BIBB,12,1,January,2010,3,Tuesday,15,58,0,14,6,0,39.81191389,-75.05159722,12,1,0,1,0,0,2,0
340015,NEW JERSEY,NJ,1,1,1,3,1730,BALDWIN,20,1,January,2010,4,Wednesday,15,57,0,16,6,0,40.84640278,-74.03921389,8,1,0,1,0,0,1,0
340016,NEW JERSEY,NJ,1,0,3,41,0,BRANTLEY,14,1,January,2010,5,Thursday,15,31,0,4,4,0,40.85150833,-75.02155833,30,1,0,1,0,0,1,0
340017,NEW JERSEY,NJ,1,0,5,17,3526,CHAMBERS,24,1,January,2010,1,Sunday,4,30,0,16,6,0,40.76832222,-74.01736111,38,3,0,1,0,0,1,1
340018,NEW JERSEY,NJ,2,1,2,39,3395,ANDALUSIA,25,1,January,2010,2,Monday,18,8,0,13,3,18,40.69868056,-74.27938056,8,3,0,1,0,0,1,0
340019,NEW JERSEY,NJ,2,0,3,15,0,ANNISTON,14,1,January,2010,5,Thursday,19,7,0,13,4,0,39.71489444,-75.03827222,12,2,0,1,0,0,1,1
340022,NEW JERSEY,NJ,1,1,1,25,1465,BARLOW BEND,15,1,January,2010,6,Friday,6,9,0,16,6,0,40.18548056,-74.24905000,8,2,0,1,0,0,1,0
340023,NEW JERSEY,NJ,1,0,2,41,3510,BRANTLEY,26,1,January,2010,3,Tuesday,16,26,0,14,6,0,40.75428611,-74.97793333,30,1,0,1,0,0,2,0
340024,NEW JERSEY,NJ,2,0,2,29,3360,BORDEN SPRINGS,21,1,January,2010,5,Thursday,7,27,1,13,3,44,39.97409167,-74.24087500,12,1,0,1,0,0,1,0
340025,NEW JERSEY,NJ,2,0,3,7,1235,BIBB,27,1,January,2010,4,Wednesday,10,41,1,13,2,77,39.87760833,-75.05100833,12,1,0,1,0,0,1,1
340026,NEW JERSEY,NJ,2,0,2,15,0,ANNISTON,15,1,January,2010,6,Friday,16,43,0,5,2,94,39.78825833,-75.39672500,12,1,0,1,0,0,1,0
340027,NEW JERSEY,NJ,1,0,1,3,2480,BALDWIN,24,1,January,2010,1,Sunday,21,23,0,14,4,45,40.91377222,-74.07132500,33,3,0,2,0,0,1,1
340028,NEW JERSEY,NJ,2,0,2,41,314,BRANTLEY,14,1,January,2010,5,Thursday,6,2,1,1,1,97,40.93360000,-74.99985000,12,2,0,1,0,0,1,0
340029,NEW JERSEY,NJ,1,0,2,15,0,ANNISTON,29,1,January,2010,6,Friday,1,12,0,16,6,0,39.70808611,-75.08141944,5,3,0,1,0,0,1,0
340030,NEW JERSEY,NJ,2,0,3,23,1986,BLADON SPRINGS,16,1,January,2010,7,Saturday,13,25,0,15,4,0,40.31862222,-74.40911389,12,1,0,1,0,0,1,0
340031,NEW JERSEY,NJ,1,0,1,25,1465,BARLOW BEND,29,1,January,2010,6,Friday,6,16,0,15,4,0,40.20563889,-74.21369722,41,2,0,1,0,0,1,0
340032,NEW JERSEY,NJ,2,0,2,9,0,BLOUNT,31,1,January,2010,1,Sunday,15,20,0,15,4,0,39.00768333,-74.88790833,12,1,0,1,0,0,1,0
340033,NEW JERSEY,NJ,2,0,3,5,1805,BAKER HILL,30,1,January,2010,7,Saturday,23,6,1,11,1,56,40.09255833,-74.73413333,25,2,0,1,0,0,1,0
340035,NEW JERSEY,NJ,3,0,5,13,320,BOLLING,17,1,January,2010,1,Sunday,12,3,1,12,8,1520,40.82115000,-74.17771389,12,1,0,1,0,0,2,0
340036,NEW JERSEY,NJ,2,0,3,35,1081,BROOKLYN,4,2,February,2010,5,Thursday,5,37,0,14,6,0,40.47955000,-74.51134722,12,3,0,1,0,0,1,0
340037,NEW JERSEY,NJ,1,0,1,7,0,BIBB,8,2,February,2010,2,Monday,13,29,0,16,6,0,39.80277500,-74.94035000,10,1,0,4,0,0,1,0
340038,NEW JERSEY,NJ,2,0,3,3,1210,BALDWIN,22,1,January,2010,6,Friday,6,35,0,14,4,0,40.88571389,-74.06218611,12,2,0,1,0,0,1,0
340039,NEW JERSEY,NJ,2,1,1,23,0,BLADON SPRINGS,1,2,February,2010,2,Monday,18,57,0,13,2,739,40.34301667,-74.49966667,12,2,0,1,0,0,1,0
340040,NEW JERSEY,NJ,1,1,1,29,1505,BORDEN SPRINGS,11,2,February,2010,5,Thursday,1,33,0,16,5,0,40.15437778,-74.36723889,8,3,0,10,0,0,1,0
340042,NEW JERSEY,NJ,1,1,1,17,1520,CHAMBERS,2,2,February,2010,3,Tuesday,20,38,1,14,4,0,40.70370833,-74.09014444,8,3,0,4,0,0,1,0
340043,NEW JERSEY,NJ,2,0,4,17,1540,CHAMBERS,22,1,January,2010,6,Friday,20,8,1,11,1,638,40.75504444,-74.10718333,12,3,0,1,0,0,1,0
340044,NEW JERSEY,NJ,1,0,1,23,3705,BLADON SPRINGS,13,2,February,2010,7,Saturday,14,21,1,12,8,1282,40.51792222,-74.30117500,24,1,0,10,0,0,1,0
340045,NEW JERSEY,NJ,1,1,1,25,1352,BARLOW BEND,10,2,February,2010,4,Wednesday,1,19,1,13,3,206,40.43594722,-74.13526944,8,3,0,1,0,0,1,0
340046,NEW JERSEY,NJ,1,0,1,35,0,BROOKLYN,23,1,January,2010,7,Saturday,19,32,0,15,4,67,40.46634444,-74.68058333,30,2,0,1,0,0,1,1
340047,NEW JERSEY,NJ,1,1,1,31,660,COFFEE,15,2,February,2010,2,Monday,18,37,0,15,4,0,40.86260000,-74.15613889,8,3,0,1,0,0,1,0
340048,NEW JERSEY,NJ,1,1,1,21,825,CHILTON,16,2,February,2010,3,Tuesday,12,36,0,14,6,0,40.27190556,-74.55228889,9,1,0,1,0,0,1,1
340049,NEW JERSEY,NJ,3,0,7,11,3460,BULLOCK,18,2,February,2010,5,Thursday,10,12,0,14,4,0,39.43060000,-74.92477778,12,1,0,1,0,0,2,0
340050,NEW JERSEY,NJ,1,1,1,31,2510,COFFEE,20,2,February,2010,7,Saturday,2,17,0,15,4,0,40.90435000,-74.16543889,8,3,0,1,0,0,1,1
340051,NEW JERSEY,NJ,1,1,2,11,3460,BULLOCK,20,2,February,2010,7,Saturday,18,14,0,13,3,430,39.43626389,-75.04092222,8,2,0,1,0,0,1,0
340052,NEW JERSEY,NJ,1,1,4,27,0,ASHLAND,20,2,February,2010,7,Saturday,6,7,1,11,1,325,40.76115556,-74.51743056,8,4,0,1,0,0,1,0
340053,NEW JERSEY,NJ,2,1,2,27,2003,ASHLAND,21,2,February,2010,1,Sunday,5,22,0,13,2,500,40.85815833,-74.34756111,8,2,0,1,0,0,1,0
340054,NEW JERSEY,NJ,2,0,2,39,1700,ANDALUSIA,20,2,February,2010,7,Saturday,2,36,1,13,2,400,40.61412222,-74.25474722,12,3,0,1,0,0,1,1
340055,NEW JERSEY,NJ,4,1,1,17,190,CHAMBERS,18,2,February,2010,5,Thursday,5,15,0,15,6,0,40.67530000,-74.11733056,8,3,0,1,0,0,1,0
340056,NEW JERSEY,NJ,1,1,2,17,2205,CHAMBERS,22,2,February,2010,2,Monday,22,40,1,12,3,10,40.77574722,-74.04019167,8,3,0,2,0,0,1,0
340057,NEW JERSEY,NJ,2,0,4,25,0,BARLOW BEND,22,2,February,2010,2,Monday,8,48,0,4,4,0,40.18169444,-74.52206667,12,1,0,1,0,0,1,0
340058,NEW JERSEY,NJ,2,0,3,23,2570,BLADON SPRINGS,4,2,February,2010,5,Thursday,20,31,0,16,6,0,40.53006944,-74.28713611,12,3,0,1,0,0,1,0
340059,NEW JERSEY,NJ,1,0,2,35,2750,BROOKLYN,23,2,February,2010,3,Tuesday,22,55,0,16,6,0,40.56608611,-74.62811944,33,3,0,2,0,0,1,0
340060,NEW JERSEY,NJ,1,0,1,27,2084,ASHLAND,23,2,February,2010,3,Tuesday,14,21,1,1,1,235,40.91200000,-74.75560000,24,1,0,3,0,0,1,0
340062,NEW JERSEY,NJ,1,0,1,31,2800,COFFEE,28,2,February,2010,1,Sunday,13,51,0,14,4,0,41.10588889,-74.26414444,38,1,0,10,0,0,1,1
340063,NEW JERSEY,NJ,2,0,2,29,1590,BORDEN SPRINGS,1,3,March,2010,2,Monday,17,38,1,13,3,505,40.04862500,-74.20936389,12,5,0,1,0,0,1,0
340064,NEW JERSEY,NJ,1,1,1,13,2130,BOLLING,1,3,March,2010,2,Monday,17,29,0,14,6,0,40.72900000,-74.19058889,8,5,0,1,0,0,1,0
340066,NEW JERSEY,NJ,2,0,4,31,660,COFFEE,1,3,March,2010,2,Monday,20,59,0,14,5,0,40.87476111,-74.14304722,12,3,0,1,0,0,1,0
340067,NEW JERSEY,NJ,1,1,1,3,1060,BALDWIN,4,3,March,2010,5,Thursday,6,8,0,14,3,13,40.85366111,-73.96851944,8,4,0,1,0,0,1,0
340068,NEW JERSEY,NJ,1,1,1,23,844,BLADON SPRINGS,3,3,March,2010,4,Wednesday,20,56,0,16,4,0,40.50413889,-74.37084722,8,2,0,2,0,0,1,0
340069,NEW JERSEY,NJ,3,0,3,31,2800,COFFEE,6,3,March,2010,7,Saturday,12,58,0,14,4,0,41.07768611,-74.26234167,12,1,0,1,0,0,1,1
340070,NEW JERSEY,NJ,3,1,3,17,2205,CHAMBERS,6,3,March,2010,7,Saturday,23,0,1,13,2,578,40.78041667,-74.03741667,8,3,0,1,0,0,1,0
340071,NEW JERSEY,NJ,2,1,3,15,3620,ANNISTON,7,3,March,2010,1,Sunday,0,46,1,11,1,255,39.85981389,-75.12133611,8,2,0,1,0,0,1,0
340072,NEW JERSEY,NJ,4,0,5,23,2570,BLADON SPRINGS,7,3,March,2010,1,Sunday,19,2,1,13,3,537,40.53466389,-74.27868611,12,5,0,1,0,0,1,0
340073,NEW JERSEY,NJ,3,0,3,33,567,CHEROKEE,8,3,March,2010,2,Monday,8,53,0,15,4,0,39.68406389,-75.48225278,12,1,0,1,0,0,1,0
340074,NEW JERSEY,NJ,1,0,1,39,2730,ANDALUSIA,10,3,March,2010,4,Wednesday,9,6,0,16,6,0,40.59953611,-74.29620278,33,1,0,1,0,0,1,0
340075,NEW JERSEY,NJ,1,1,1,23,3705,BLADON SPRINGS,13,3,March,2010,7,Saturday,19,26,1,13,2,370,40.57955000,-74.28546389,8,3,0,2,0,0,1,0
340077,NEW JERSEY,NJ,2,0,2,27,2498,ASHLAND,11,2,February,2010,5,Thursday,10,48,0,13,2,458,40.87304167,-74.43053889,12,1,0,1,0,0,1,0
340078,NEW JERSEY,NJ,1,0,1,29,145,BORDEN SPRINGS,13,3,March,2010,7,Saturday,22,42,0,4,4,0,39.78748333,-74.32233889,42,2,0,1,0,0,1,1
340079,NEW JERSEY,NJ,2,0,2,5,1880,BAKER HILL,15,3,March,2010,2,Monday,15,45,0,13,6,0,39.91283056,-74.84912500,12,1,0,2,0,0,1,0
340080,NEW JERSEY,NJ,2,0,3,33,0,CHEROKEE,14,3,March,2010,1,Sunday,16,24,0,4,4,0,39.60072778,-75.44405833,12,1,0,1,0,0,1,0
340081,NEW JERSEY,NJ,2,0,3,13,2130,BOLLING,4,2,February,2010,5,Thursday,3,2,1,12,2,474,40.70139722,-74.18566389,12,3,0,3,0,0,1,1
340082,NEW JERSEY,NJ,1,1,1,39,860,ANDALUSIA,12,3,March,2010,6,Friday,19,47,0,13,3,0,40.66171944,-74.21672222,8,3,0,2,0,0,1,0
340084,NEW JERSEY,NJ,1,1,1,31,1250,COFFEE,13,3,March,2010,7,Saturday,18,28,0,13,4,0,40.93450833,-74.17807778,8,3,8,2,0,0,1,0
340085,NEW JERSEY,NJ,2,0,3,29,145,BORDEN SPRINGS,18,3,March,2010,5,Thursday,16,44,1,13,3,174,39.76454444,-74.32111389,12,1,0,1,0,0,1,0
340086,NEW JERSEY,NJ,2,0,3,21,0,CHILTON,19,3,March,2010,6,Friday,13,24,1,11,1,596,40.18401944,-74.61786111,12,1,0,1,0,0,1,0
340087,NEW JERSEY,NJ,2,0,5,35,1417,BROOKLYN,19,3,March,2010,6,Friday,14,44,0,15,6,0,40.51113056,-74.66026944,12,1,0,1,1,0,1,0
340088,NEW JERSEY,NJ,1,0,1,9,0,BLOUNT,20,3,March,2010,7,Saturday,16,38,0,3,3,54,39.27351111,-74.74539722,42,1,0,1,0,0,1,1
340090,NEW JERSEY,NJ,2,0,5,25,1465,BARLOW BEND,21,3,March,2010,1,Sunday,0,34,1,13,2,1086,40.18541111,-74.24939444,12,3,0,1,0,0,1,1
340091,NEW JERSEY,NJ,1,0,1,41,0,BRANTLEY,21,3,March,2010,1,Sunday,15,13,0,14,4,0,40.76372500,-74.92810556,35,1,0,1,0,0,1,0
340092,NEW JERSEY,NJ,1,0,1,39,860,ANDALUSIA,23,1,January,2010,7,Saturday,2,7,1,13,2,437,40.65454722,-74.21165833,30,6,0,1,0,0,1,1
340093,NEW JERSEY,NJ,1,0,1,13,2130,BOLLING,18,3,March,2010,5,Thursday,22,30,1,13,2,602,88.88880000,888.88880000,24,3,0,1,0,0,1,0
340094,NEW JERSEY,NJ,1,0,1,35,0,BROOKLYN,21,3,March,2010,1,Sunday,16,10,0,15,4,0,40.39973889,-74.73428333,30,1,0,1,0,0,1,1
340095,NEW JERSEY,NJ,1,0,1,23,844,BLADON SPRINGS,2,3,March,2010,3,Tuesday,12,6,0,16,6,0,40.51423889,-74.36604722,24,1,0,1,0,0,1,0
340096,NEW JERSEY,NJ,2,0,3,5,2080,BAKER HILL,18,3,March,2010,5,Thursday,21,51,0,13,3,171,39.98044167,-74.77170556,12,3,0,1,0,0,1,0
340097,NEW JERSEY,NJ,1,0,2,29,3020,BORDEN SPRINGS,17,3,March,2010,4,Wednesday,0,1,0,16,6,0,39.93044444,-74.07811111,31,2,0,1,0,0,2,1
340098,NEW JERSEY,NJ,1,1,1,15,1082,ANNISTON,24,3,March,2010,4,Wednesday,20,22,0,13,3,578,39.63386667,-75.08526667,8,3,0,1,0,0,1,0
340099,NEW JERSEY,NJ,3,0,3,5,0,BAKER HILL,23,3,March,2010,3,Tuesday,18,59,1,2,2,247,39.98856389,-74.73518333,12,1,0,1,0,0,1,0
340100,NEW JERSEY,NJ,1,0,1,1,0,AUTAUGA,25,3,March,2010,5,Thursday,15,6,0,6,6,0,39.58677222,-74.67458611,53,1,0,1,0,0,1,0
340102,NEW JERSEY,NJ,1,0,1,23,2417,BLADON SPRINGS,28,3,March,2010,1,Sunday,1,47,1,13,3,340,40.40910556,-74.36087222,33,2,0,1,0,0,1,1
340103,NEW JERSEY,NJ,2,0,6,7,520,BIBB,28,3,March,2010,1,Sunday,6,25,1,11,1,41,39.95064444,-75.12241667,12,1,0,1,0,0,1,1
340104,NEW JERSEY,NJ,1,0,3,5,0,BAKER HILL,28,3,March,2010,1,Sunday,19,25,1,11,1,497,40.06266944,-74.80374167,42,1,0,1,0,0,1,0
340105,NEW JERSEY,NJ,2,0,2,29,0,BORDEN SPRINGS,29,3,March,2010,2,Monday,7,34,1,13,3,206,39.72391667,-74.28898333,12,1,0,2,0,0,1,0
340106,NEW JERSEY,NJ,2,0,2,19,0,CEDAR BLUFF,30,3,March,2010,3,Tuesday,4,8,1,1,1,77,40.66010000,-75.06598056,12,2,0,10,0,0,1,0
340107,NEW JERSEY,NJ,1,1,1,17,3410,CHAMBERS,2,4,April,2010,6,Friday,14,8,0,16,6,0,40.77729444,-74.02114722,8,1,0,1,0,0,1,0
340108,NEW JERSEY,NJ,2,1,5,3,2480,BALDWIN,6,4,April,2010,3,Tuesday,21,47,1,13,3,151,40.96073056,-74.07563333,8,3,0,1,0,0,1,0
340109,NEW JERSEY,NJ,1,0,2,13,320,BOLLING,4,4,April,2010,1,Sunday,12,37,1,12,3,1496,40.79211111,-74.19253889,24,1,0,1,0,0,1,0
340110,NEW JERSEY,NJ,1,1,1,13,2130,BOLLING,26,3,March,2010,6,Friday,15,59,1,13,3,22,40.73430000,-74.16653333,8,1,0,1,0,0,1,0
340111,NEW JERSEY,NJ,2,0,4,1,0,AUTAUGA,31,3,March,2010,4,Wednesday,22,23,1,13,2,362,39.57721389,-74.71720278,12,3,0,1,0,0,2,1
340112,NEW JERSEY,NJ,2,0,3,35,0,BROOKLYN,29,3,March,2010,2,Monday,13,41,1,11,1,299,40.72967222,-74.53979167,33,1,0,2,0,0,1,0
340114,NEW JERSEY,NJ,1,1,1,3,2310,BALDWIN,1,4,April,2010,5,Thursday,15,0,0,14,4,0,40.99853333,-73.96218056,8,1,0,1,0,0,1,0
340115,NEW JERSEY,NJ,2,0,2,25,1465,BARLOW BEND,1,4,April,2010,5,Thursday,13,45,0,4,4,0,40.19411111,-74.18335556,12,1,0,1,0,0,1,0
340116,NEW JERSEY,NJ,1,1,1,7,2545,BIBB,2,4,April,2010,6,Friday,22,48,1,13,2,339,39.97097778,-75.04288611,9,1,0,1,0,0,1,0
340117,NEW JERSEY,NJ,2,0,2,35,214,BROOKLYN,25,3,March,2010,5,Thursday,9,8,0,4,4,0,40.63636111,-74.68703333,12,1,0,1,0,0,1,0
340118,NEW JERSEY,NJ,1,1,1,25,1925,BARLOW BEND,4,4,April,2010,1,Sunday,20,7,0,14,4,0,40.41460833,-74.08716111,8,2,0,1,0,0,1,0
340119,NEW JERSEY,NJ,2,0,6,3,2780,BALDWIN,1,4,April,2010,5,Thursday,12,56,1,11,1,1182,40.85458889,-74.02193889,12,1,0,1,0,0,1,0
340120,NEW JERSEY,NJ,3,0,3,29,0,BORDEN SPRINGS,4,4,April,2010,1,Sunday,15,53,0,16,6,0,39.89547222,-74.17721944,12,1,0,1,0,0,1,0
340121,NEW JERSEY,NJ,1,0,1,3,1210,BALDWIN,4,4,April,2010,1,Sunday,17,26,0,13,4,0,40.90438056,-74.03355000,30,1,0,1,0,0,1,1
340123,NEW JERSEY,NJ,1,0,2,29,210,BORDEN SPRINGS,6,4,April,2010,3,Tuesday,2,50,0,16,4,0,39.92989722,-74.18816389,42,3,0,1,0,0,1,1
340124,NEW JERSEY,NJ,2,0,2,39,2730,ANDALUSIA,5,4,April,2010,2,Monday,0,38,0,13,3,295,40.62438333,-74.27632222,12,3,0,1,0,0,1,1
340125,NEW JERSEY,NJ,1,1,1,35,425,BROOKLYN,7,4,April,2010,4,Wednesday,20,39,1,13,2,346,40.58045556,-74.60588056,8,3,0,1,0,0,1,0
340126,NEW JERSEY,NJ,2,0,4,7,3694,BIBB,7,4,April,2010,4,Wednesday,22,40,0,15,4,0,39.73567778,-74.99187222,12,2,0,1,0,0,1,0
340127,NEW JERSEY,NJ,2,0,2,5,0,BAKER HILL,8,4,April,2010,5,Thursday,13,40,0,14,5,322,40.07587222,-74.56519722,12,1,0,1,0,0,1,0
340128,NEW JERSEY,NJ,2,0,2,25,1352,BARLOW BEND,2,4,April,2010,6,Friday,8,48,1,13,3,230,40.43315833,-74.18138889,12,1,0,1,0,0,1,0
340129,NEW JERSEY,NJ,2,0,2,37,3448,BRADFORD,22,2,February,2010,2,Monday,10,1,0,14,3,419,41.20327778,-74.47803611,12,1,0,1,0,0,1,0
340130,NEW JERSEY,NJ,1,0,2,5,1805,BAKER HILL,9,4,April,2010,6,Friday,16,45,1,2,2,301,40.06664167,-74.72218056,59,1,0,1,0,0,1,0
340131,NEW JERSEY,NJ,2,0,2,11,3460,BULLOCK,11,4,April,2010,1,Sunday,9,39,0,16,6,0,39.47713889,-74.98901667,12,1,0,1,0,0,1,0
340132,NEW JERSEY,NJ,1,1,1,3,3335,BALDWIN,6,4,April,2010,3,Tuesday,20,24,0,15,5,0,40.89173889,-74.03331944,8,3,0,1,0,0,1,0
340133,NEW JERSEY,NJ,1,0,1,19,1370,CEDAR BLUFF,12,4,April,2010,2,Monday,22,38,0,15,4,0,40.67940000,-74.89345556,24,2,0,1,0,0,1,1
340134,NEW JERSEY,NJ,1,1,1,1,10,AUTAUGA,16,4,April,2010,6,Friday,14,12,0,15,6,0,39.42435000,-74.50049167,8,1,0,1,0,0,1,0
340135,NEW JERSEY,NJ,1,1,1,13,2130,BOLLING,14,4,April,2010,4,Wednesday,12,2,1,13,6,0,40.74355000,-74.16953889,8,1,0,1,0,0,1,0
340136,NEW JERSEY,NJ,2,0,5,17,1540,CHAMBERS,4,4,April,2010,1,Sunday,23,44,1,12,2,525,40.73460833,-74.10490833,12,3,0,1,0,0,1,0
340137,NEW JERSEY,NJ,1,1,1,27,2498,ASHLAND,16,4,April,2010,6,Friday,23,55,1,11,1,462,40.85947778,-74.37634722,8,2,0,2,0,0,1,0
340138,NEW JERSEY,NJ,1,0,1,7,3694,BIBB,16,4,April,2010,6,Friday,20,24,1,12,3,335,39.67485000,-74.89865000,42,2,0,2,0,0,1,1
340140,NEW JERSEY,NJ,3,1,3,13,800,BOLLING,18,4,April,2010,1,Sunday,2,43,1,12,8,1474,40.76284722,-74.20621389,8,2,0,1,0,0,1,0
340141,NEW JERSEY,NJ,4,0,1,39,1412,ANDALUSIA,18,4,April,2010,1,Sunday,2,39,1,13,2,577,40.69754167,-74.22398611,38,3,0,1,0,0,1,1
340142,NEW JERSEY,NJ,2,0,2,25,1465,BARLOW BEND,18,4,April,2010,1,Sunday,13,42,0,4,6,13,40.18093889,-74.22032778,12,1,0,1,0,0,1,0
340144,NEW JERSEY,NJ,1,0,4,27,2084,ASHLAND,19,4,April,2010,2,Monday,0,11,1,11,1,265,40.89196111,-74.71243889,24,3,0,1,0,0,2,1
340145,NEW JERSEY,NJ,1,0,2,29,145,BORDEN SPRINGS,18,4,April,2010,1,Sunday,4,11,1,12,8,673,39.77520000,-74.24463611,1,2,0,1,0,0,1,1
340146,NEW JERSEY,NJ,2,0,2,11,3460,BULLOCK,30,3,March,2010,3,Tuesday,8,35,0,15,6,0,39.47746389,-74.99487500,12,1,0,2,0,0,1,1
340147,NEW JERSEY,NJ,1,1,1,7,0,BIBB,13,4,April,2010,3,Tuesday,9,32,0,14,4,0,39.90717222,-75.09538889,8,1,0,1,0,0,1,0
340148,NEW JERSEY,NJ,1,0,2,7,520,BIBB,16,4,April,2010,6,Friday,4,0,0,14,4,0,39.92572222,-75.09383611,33,3,0,10,0,0,1,0
340150,NEW JERSEY,NJ,2,1,1,7,3694,BIBB,16,4,April,2010,6,Friday,11,19,0,14,4,0,39.76827500,-74.91960833,14,1,0,1,0,0,1,0
340151,NEW JERSEY,NJ,2,0,4,3,950,BALDWIN,17,4,April,2010,7,Saturday,12,31,0,14,4,0,40.94506111,-74.09819167,12,1,0,1,0,0,1,0
340152,NEW JERSEY,NJ,1,1,1,3,1180,BALDWIN,18,4,April,2010,1,Sunday,0,59,0,14,4,0,40.94970000,-74.14608611,8,3,0,1,0,0,1,0
340153,NEW JERSEY,NJ,1,1,1,13,2130,BOLLING,17,4,April,2010,7,Saturday,21,8,0,16,6,0,40.72504722,-74.16156667,8,3,0,1,0,0,1,0
340155,NEW JERSEY,NJ,2,0,4,5,3325,BAKER HILL,1,5,May,2010,7,Saturday,18,2,1,13,2,148,39.84705833,-74.73460278,12,1,0,1,0,0,1,0
340156,NEW JERSEY,NJ,1,0,1,21,1650,CHILTON,6,5,May,2010,5,Thursday,17,10,1,11,1,67,40.28692500,-74.74162222,1,1,0,1,0,0,1,0
340157,NEW JERSEY,NJ,1,0,1,19,0,CEDAR BLUFF,21,5,May,2010,6,Friday,12,37,0,4,4,0,40.70507500,-74.87564444,42,1,0,1,0,0,1,0
340158,NEW JERSEY,NJ,1,0,1,7,520,BIBB,12,5,May,2010,4,Wednesday,12,31,1,11,1,5,39.90331667,-75.11180833,33,1,0,1,0,0,1,0
340159,NEW JERSEY,NJ,2,0,3,33,0,CHEROKEE,22,5,May,2010,7,Saturday,8,32,0,4,4,0,39.58153889,-75.19231111,12,1,0,1,0,0,1,0
340160,NEW JERSEY,NJ,1,0,1,29,0,BORDEN SPRINGS,2,5,May,2010,1,Sunday,22,44,0,14,2,853,39.88598056,-74.16273889,30,3,0,1,0,0,1,0
340161,NEW JERSEY,NJ,1,0,1,29,0,BORDEN SPRINGS,30,4,April,2010,6,Friday,23,10,0,15,4,0,40.10100556,-74.50543611,30,3,0,1,0,0,1,0
340162,NEW JERSEY,NJ,2,0,3,39,3395,ANDALUSIA,20,4,April,2010,3,Tuesday,19,28,0,13,3,25,40.67238611,-74.23092778,12,5,0,1,0,0,1,0
340163,NEW JERSEY,NJ,2,0,3,25,0,BARLOW BEND,10,5,May,2010,2,Monday,10,12,0,14,4,0,40.22961111,-74.32148056,12,1,0,1,0,0,1,1