ST_CASE,State Name,State Abbreviation,VE_TOTAL,Pedestrains,Total_Persons_in_accident,COUNTY,CITY,City_County_Name,Calendar_DAY,MONTH,Month_Name,YEAR,DAY_WEEK,Day_Week_desc,HOUR,MINUTE,NHS_Desc,trafficway,ROUTE,MILEPT,LATITUDE,LONGITUD,First_Crash_event,Light_cond_desc,Weather_condition,WEATHER,SCH_BUS,Crash_cause,FATALS,DRUNK_DR
340318,NEW JERSEY,NJ,1,0,2,31,2510,COFFEE,15,8,August,2010,1,Sunday,15,51,1,11,1,577,40.90846944,-74.18378611,25,1,0,2,0,0,1,0
340319,NEW JERSEY,NJ,1,0,1,25,692,BARLOW BEND,6,8,August,2010,6,Friday,23,53,1,12,3,223,40.27074167,-74.17646944,24,3,0,1,0,0,1,0
340320,NEW JERSEY,NJ,1,0,1,31,2510,COFFEE,4,8,August,2010,4,Wednesday,17,8,0,16,6,0,40.91339167,-74.20205833,19,1,0,1,0,0,1,0
340321,NEW JERSEY,NJ,1,0,3,13,2440,BOLLING,21,8,August,2010,7,Saturday,1,55,1,11,1,110,40.76671389,-74.22476944,33,3,0,1,0,0,1,1
340322,NEW JERSEY,NJ,1,0,2,13,2130,BOLLING,8,8,August,2010,1,Sunday,10,13,1,11,1,570,40.70573056,-74.18011111,33,1,0,1,0,0,1,0
340323,NEW JERSEY,NJ,1,0,1,13,2320,BOLLING,23,8,August,2010,2,Monday,15,14,1,12,8,1514,40.81365000,-74.17972778,24,1,0,1,0,0,1,0
340324,NEW JERSEY,NJ,1,1,1,13,2130,BOLLING,22,8,August,2010,1,Sunday,0,46,0,16,6,0,40.71356667,-74.20391389,8,3,0,2,0,0,1,0
340325,NEW JERSEY,NJ,1,0,2,29,0,BORDEN SPRINGS,15,8,August,2010,1,Sunday,15,10,1,13,3,16,39.99766944,-74.28221111,25,1,0,1,0,0,1,0
340326,NEW JERSEY,NJ,1,1,1,23,2417,BLADON SPRINGS,28,8,August,2010,7,Saturday,3,30,1,13,3,326,40.38987500,-74.33755278,8,3,0,1,0,0,1,1
340327,NEW JERSEY,NJ,2,0,2,11,3460,BULLOCK,21,8,August,2010,7,Saturday,3,27,1,12,3,364,39.53790556,-75.06288611,1,2,0,1,0,0,1,1
340328,NEW JERSEY,NJ,3,0,1,17,1520,CHAMBERS,21,8,August,2010,7,Saturday,22,13,0,16,6,0,40.70091389,-74.08158889,14,3,0,1,0,0,1,1
340329,NEW JERSEY,NJ,2,0,3,9,0,BLOUNT,14,8,August,2010,7,Saturday,15,21,0,15,4,0,39.26331944,-74.66924444,12,1,0,1,0,0,1,0
340331,NEW JERSEY,NJ,2,0,4,7,3694,BIBB,31,8,August,2010,3,Tuesday,6,31,1,13,3,110,39.71646389,-74.90006389,12,1,0,1,0,0,1,0
340332,NEW JERSEY,NJ,2,0,5,31,3500,COFFEE,20,8,August,2010,6,Friday,23,31,1,11,1,566,41.01273056,-74.30132778,25,3,0,1,0,0,1,0
340333,NEW JERSEY,NJ,1,1,5,27,2003,ASHLAND,6,8,August,2010,6,Friday,23,12,0,13,2,504,40.85816111,-74.34763611,8,3,0,1,0,0,1,0
340334,NEW JERSEY,NJ,2,0,3,13,1945,BOLLING,3,7,July,2010,7,Saturday,22,40,0,15,4,0,40.75696111,-74.32467778,12,3,0,1,0,0,1,1
340335,NEW JERSEY,NJ,2,0,4,23,779,BLADON SPRINGS,11,7,July,2010,1,Sunday,18,45,1,13,3,371,40.44022778,-74.39383611,12,1,0,1,0,0,1,1
340336,NEW JERSEY,NJ,3,0,4,37,3196,BRADFORD,25,7,July,2010,1,Sunday,16,57,0,15,3,34,41.01406944,-74.62084722,33,1,0,1,0,0,1,2
340337,NEW JERSEY,NJ,2,0,5,23,3705,BLADON SPRINGS,14,8,August,2010,7,Saturday,23,39,1,12,8,1317,40.56534167,-74.32442500,12,3,0,1,0,0,1,0
340338,NEW JERSEY,NJ,2,0,11,7,2930,BIBB,29,8,August,2010,1,Sunday,16,32,0,13,3,64,39.85931389,-75.07653889,12,1,0,1,0,0,1,0
340339,NEW JERSEY,NJ,1,0,1,5,0,BAKER HILL,23,8,August,2010,2,Monday,18,41,0,6,4,0,39.62539167,-74.45816389,42,5,0,2,0,0,1,1
340340,NEW JERSEY,NJ,1,1,1,1,0,AUTAUGA,6,8,August,2010,6,Friday,21,12,0,3,3,249,39.51750000,-74.66070278,8,2,0,1,0,0,1,0
340341,NEW JERSEY,NJ,1,0,4,21,3380,CHILTON,24,6,June,2010,5,Thursday,0,13,0,14,4,0,40.22170278,-74.74965000,33,2,0,1,0,0,2,1
340342,NEW JERSEY,NJ,1,0,2,13,2130,BOLLING,15,6,June,2010,3,Tuesday,2,27,1,12,3,49,40.76875556,-74.15903333,25,3,0,1,0,0,1,1
340343,NEW JERSEY,NJ,1,1,1,1,1050,AUTAUGA,31,8,August,2010,3,Tuesday,20,3,0,13,2,348,39.60000000,-74.86757778,8,3,0,1,0,0,1,0
340344,NEW JERSEY,NJ,1,0,1,3,1750,BALDWIN,12,9,September,2010,1,Sunday,2,2,0,13,2,0,40.88212778,-74.08357222,30,3,0,1,0,0,1,1
340345,NEW JERSEY,NJ,1,0,2,1,0,AUTAUGA,1,8,August,2010,1,Sunday,6,6,1,13,2,455,39.48771389,-74.58861667,42,4,0,1,0,0,1,0
340346,NEW JERSEY,NJ,2,0,2,1,0,AUTAUGA,1,8,August,2010,1,Sunday,20,38,0,4,4,0,39.44080000,-74.80127222,1,2,0,1,0,0,1,1
340347,NEW JERSEY,NJ,2,0,2,11,0,BULLOCK,26,9,September,2010,1,Sunday,9,53,0,14,4,0,39.45039444,-75.24658333,12,1,0,1,0,0,1,0
340348,NEW JERSEY,NJ,1,0,1,11,0,BULLOCK,29,9,September,2010,4,Wednesday,23,33,0,5,4,0,39.27930833,-75.17390833,30,2,0,1,0,0,1,1
340349,NEW JERSEY,NJ,3,0,3,5,480,BAKER HILL,8,9,September,2010,4,Wednesday,13,25,0,13,3,2,40.08058056,-74.86911667,54,1,0,6,0,0,1,0
340350,NEW JERSEY,NJ,1,0,3,7,0,BIBB,20,8,August,2010,6,Friday,12,23,0,13,3,89,39.89188333,-75.09054444,33,1,0,1,0,0,1,0
340351,NEW JERSEY,NJ,2,0,2,35,1417,BROOKLYN,11,7,July,2010,1,Sunday,19,58,0,13,2,635,40.47589167,-74.65628333,12,1,0,1,0,0,1,0
340352,NEW JERSEY,NJ,1,0,2,33,567,CHEROKEE,23,7,July,2010,6,Friday,15,58,0,16,4,0,39.70882222,-75.46032500,30,1,0,1,0,0,1,0
340353,NEW JERSEY,NJ,3,0,3,21,3509,CHILTON,17,8,August,2010,3,Tuesday,14,47,1,13,2,661,40.24781389,-74.56885556,12,1,0,1,0,0,1,1
340354,NEW JERSEY,NJ,1,1,1,29,1590,BORDEN SPRINGS,20,6,June,2010,1,Sunday,0,41,0,15,4,0,40.07393333,-74.21936389,8,3,0,1,0,0,1,0
340355,NEW JERSEY,NJ,1,0,1,13,2130,BOLLING,17,6,June,2010,5,Thursday,17,13,0,15,6,0,40.77560278,-74.16028889,33,1,0,1,0,0,1,0
340356,NEW JERSEY,NJ,1,0,3,7,0,BIBB,7,8,August,2010,7,Saturday,5,58,1,12,8,420,39.74732222,-75.02284444,1,4,0,1,0,0,2,1
340357,NEW JERSEY,NJ,2,0,3,13,2130,BOLLING,18,7,July,2010,1,Sunday,0,14,0,14,6,0,40.72042778,-74.16672778,12,3,0,1,0,0,1,0
340358,NEW JERSEY,NJ,1,1,1,7,450,BIBB,7,7,July,2010,4,Wednesday,15,9,0,14,4,0,39.88250556,-75.12066389,9,1,0,1,0,0,1,1
340359,NEW JERSEY,NJ,4,1,1,13,2130,BOLLING,22,7,July,2010,5,Thursday,20,39,0,14,6,0,40.74498889,-74.21883056,8,5,0,1,0,0,1,0
340360,NEW JERSEY,NJ,1,0,1,23,3705,BLADON SPRINGS,4,7,July,2010,1,Sunday,0,55,1,13,2,1330,40.58117222,-74.28412222,35,2,0,1,0,0,1,1
340361,NEW JERSEY,NJ,4,1,1,23,844,BLADON SPRINGS,24,8,August,2010,3,Tuesday,5,43,1,13,2,305,40.51493333,-74.37561111,8,3,0,2,0,0,1,0
340362,NEW JERSEY,NJ,2,0,3,35,0,BROOKLYN,27,6,June,2010,1,Sunday,21,16,0,6,6,0,40.38620556,-74.68055278,53,2,0,1,0,0,1,1
340363,NEW JERSEY,NJ,2,0,2,17,1520,CHAMBERS,18,8,August,2010,4,Wednesday,1,45,0,14,6,0,40.73201944,-74.04439444,12,3,0,1,0,0,1,0
340364,NEW JERSEY,NJ,1,0,1,3,1210,BALDWIN,20,9,September,2010,2,Monday,3,9,1,13,3,93,40.87634444,-74.06367778,33,3,0,1,0,0,1,0
340365,NEW JERSEY,NJ,2,0,7,7,3694,BIBB,11,9,September,2010,7,Saturday,18,45,1,12,8,375,39.70519722,-74.96702222,12,1,0,1,0,0,1,0
340366,NEW JERSEY,NJ,4,0,11,9,0,BLOUNT,12,9,September,2010,1,Sunday,14,30,0,3,3,123,39.11887500,-74.86423056,12,1,0,1,0,0,2,0
340367,NEW JERSEY,NJ,3,0,3,13,574,BOLLING,18,9,September,2010,7,Saturday,0,57,0,14,4,0,40.84821389,-74.22298889,33,3,0,1,0,0,1,0
340368,NEW JERSEY,NJ,2,0,3,11,3460,BULLOCK,10,9,September,2010,6,Friday,10,1,0,16,6,0,39.48738333,-75.02858611,12,1,0,1,0,0,1,0
340369,NEW JERSEY,NJ,1,0,1,13,2890,BOLLING,14,9,September,2010,3,Tuesday,23,21,0,14,4,0,40.82657222,-74.33326111,42,3,0,1,0,0,1,0
340370,NEW JERSEY,NJ,3,0,4,29,145,BORDEN SPRINGS,5,9,September,2010,1,Sunday,15,47,1,12,8,677,39.74797222,-74.25433889,14,1,0,1,0,0,1,0
340371,NEW JERSEY,NJ,1,1,1,13,2130,BOLLING,6,9,September,2010,2,Monday,17,4,0,16,6,0,40.74329167,-74.20125278,33,1,0,1,0,0,1,0
340372,NEW JERSEY,NJ,1,1,1,5,2015,BAKER HILL,6,10,October,2010,4,Wednesday,9,30,0,14,4,81,39.95783056,-74.97841667,8,1,0,1,0,0,1,0
340373,NEW JERSEY,NJ,1,0,1,37,1993,BRADFORD,29,10,October,2010,6,Friday,10,30,0,6,6,0,41.34091667,-74.72537778,31,1,0,1,0,0,1,0
340374,NEW JERSEY,NJ,1,1,1,29,0,BORDEN SPRINGS,13,10,October,2010,4,Wednesday,14,37,0,15,4,0,39.91920833,-74.15073056,18,1,0,1,0,0,1,0
340375,NEW JERSEY,NJ,1,1,1,5,480,BAKER HILL,23,10,October,2010,7,Saturday,14,15,1,13,2,467,40.07536111,-74.84749444,8,1,0,1,0,0,1,0
340376,NEW JERSEY,NJ,1,1,1,1,1050,AUTAUGA,14,9,September,2010,3,Tuesday,20,25,0,13,2,333,39.60236389,-74.87706667,8,2,0,1,0,0,1,0
340377,NEW JERSEY,NJ,2,0,2,37,0,BRADFORD,10,10,October,2010,1,Sunday,15,57,0,3,3,256,41.09211944,-74.72014167,12,1,0,1,0,0,1,1
340378,NEW JERSEY,NJ,2,0,2,37,1576,BRADFORD,3,9,September,2010,6,Friday,17,22,0,3,3,264,41.09216111,-74.71090556,1,1,0,1,0,0,1,0
340379,NEW JERSEY,NJ,1,0,1,33,0,CHEROKEE,1,9,September,2010,4,Wednesday,19,21,1,11,1,81,39.73998333,-75.39381389,1,1,0,1,0,0,1,0
340380,NEW JERSEY,NJ,1,0,1,31,330,COFFEE,6,7,July,2010,3,Tuesday,20,10,1,13,2,638,40.89377500,-74.12957222,33,1,0,1,0,0,1,1
340381,NEW JERSEY,NJ,1,1,1,15,1082,ANNISTON,4,10,October,2010,2,Monday,5,45,0,15,4,0,39.57172778,-75.05370833,8,3,0,2,0,0,1,0
340382,NEW JERSEY,NJ,5,0,5,23,2970,BLADON SPRINGS,23,9,September,2010,5,Thursday,21,46,1,12,8,1253,40.48438056,-74.30214722,1,3,0,1,0,0,1,1
340383,NEW JERSEY,NJ,2,0,4,15,0,ANNISTON,8,10,October,2010,6,Friday,15,13,0,4,4,0,39.77958611,-75.30664444,12,1,0,1,0,0,1,0
340384,NEW JERSEY,NJ,2,0,2,5,1824,BAKER HILL,8,10,October,2010,6,Friday,13,1,0,14,3,138,39.94646389,-74.97801944,12,1,0,1,0,0,1,0
340385,NEW JERSEY,NJ,1,0,1,33,0,CHEROKEE,18,9,September,2010,7,Saturday,2,50,0,6,4,14,39.63761111,-75.24650000,42,2,0,1,0,0,1,1
340386,NEW JERSEY,NJ,1,0,1,1,2700,AUTAUGA,28,10,October,2010,5,Thursday,10,1,1,12,8,458,39.52695000,-74.50455556,35,1,0,1,0,0,1,0
340387,NEW JERSEY,NJ,2,1,2,27,2030,ASHLAND,11,10,October,2010,2,Monday,2,31,1,11,1,366,40.79842500,-74.46794167,8,3,0,1,0,0,1,0
340388,NEW JERSEY,NJ,2,0,3,19,0,CEDAR BLUFF,9,10,October,2010,7,Saturday,15,15,0,14,2,223,40.64456944,-74.82110000,12,1,0,1,0,0,1,1
340389,NEW JERSEY,NJ,1,0,2,21,0,CHILTON,30,9,September,2010,5,Thursday,22,34,1,11,1,39,40.28973889,-74.79080000,5,2,0,10,0,0,1,1
340390,NEW JERSEY,NJ,2,0,3,15,747,ANNISTON,12,10,October,2010,3,Tuesday,12,21,0,15,6,0,39.79976667,-75.16176111,12,1,0,1,0,0,1,0
340391,NEW JERSEY,NJ,2,0,2,5,1040,BAKER HILL,27,10,October,2010,4,Wednesday,14,45,1,11,1,507,40.06907222,-74.78741111,12,1,0,2,0,0,1,0
340392,NEW JERSEY,NJ,1,0,3,19,1660,CEDAR BLUFF,18,9,September,2010,7,Saturday,20,10,1,11,1,207,40.64743333,-74.83603611,1,2,0,1,0,0,1,0
340393,NEW JERSEY,NJ,2,0,3,11,420,BULLOCK,8,10,October,2010,6,Friday,18,0,0,14,4,0,39.43978889,-75.22890278,12,1,0,1,0,0,1,0
340394,NEW JERSEY,NJ,1,1,3,5,1805,BAKER HILL,9,10,October,2010,7,Saturday,0,11,1,13,2,524,40.11736667,-74.75575000,8,2,0,1,0,0,1,0
340395,NEW JERSEY,NJ,2,0,2,37,3448,BRADFORD,12,10,October,2010,3,Tuesday,8,49,0,15,4,0,41.16621667,-74.47786389,12,1,0,10,1,0,1,1
340396,NEW JERSEY,NJ,1,1,1,31,660,COFFEE,2,10,October,2010,7,Saturday,19,4,0,14,4,0,40.86036944,-74.15211389,8,3,0,1,0,0,1,0
340397,NEW JERSEY,NJ,1,1,1,31,660,COFFEE,2,10,October,2010,7,Saturday,6,31,0,14,4,0,40.85226111,-74.17268056,8,3,0,10,0,0,1,0
340398,NEW JERSEY,NJ,3,0,4,25,1925,BARLOW BEND,4,10,October,2010,2,Monday,18,47,1,13,3,171,40.41771944,-74.07678611,12,2,0,2,0,0,1,0
340399,NEW JERSEY,NJ,2,0,3,31,3522,COFFEE,19,10,October,2010,3,Tuesday,11,38,1,13,7,63,40.90593889,-74.25894167,12,1,0,1,0,0,1,0
340400,NEW JERSEY,NJ,2,0,2,23,704,BLADON SPRINGS,18,10,October,2010,2,Monday,19,31,0,15,4,0,40.30532778,-74.49861389,12,3,0,1,0,0,1,0
340401,NEW JERSEY,NJ,4,0,3,31,660,COFFEE,14,10,October,2010,5,Thursday,17,56,0,16,6,0,40.87449444,-74.12661111,14,3,0,2,0,0,1,0
340402,NEW JERSEY,NJ,1,1,1,23,2417,BLADON SPRINGS,14,10,October,2010,5,Thursday,18,51,1,13,2,1254,40.41607778,-74.30503333,8,3,0,2,0,0,1,0
340403,NEW JERSEY,NJ,2,0,2,27,1030,ASHLAND,12,10,October,2010,3,Tuesday,14,38,0,13,4,0,40.79090556,-74.41469167,12,1,0,1,0,0,1,0
340404,NEW JERSEY,NJ,1,1,2,41,0,BRANTLEY,4,10,October,2010,2,Monday,19,8,1,2,3,60,40.72859167,-75.06086944,8,2,0,2,0,0,1,0
340405,NEW JERSEY,NJ,1,0,3,5,0,BAKER HILL,27,9,September,2010,2,Monday,22,20,0,4,4,0,39.81981111,-74.53550833,30,3,0,1,0,0,1,1
340406,NEW JERSEY,NJ,1,0,4,7,1900,BIBB,14,9,September,2010,3,Tuesday,0,36,0,16,6,0,39.94841389,-75.06009167,5,3,0,1,0,0,1,0
340407,NEW JERSEY,NJ,2,0,2,35,1081,BROOKLYN,23,10,October,2010,7,Saturday,12,44,0,14,4,0,40.50291667,-74.58678333,12,1,0,1,0,0,1,0
340408,NEW JERSEY,NJ,2,0,3,25,0,BARLOW BEND,30,9,September,2010,5,Thursday,15,52,0,12,4,0,40.25030000,-74.28902500,12,1,0,1,0,0,2,0
340409,NEW JERSEY,NJ,4,0,1,23,2570,BLADON SPRINGS,4,9,September,2010,7,Saturday,21,17,0,16,6,0,40.52509444,-74.26904722,14,2,0,1,0,0,1,0
340410,NEW JERSEY,NJ,3,0,4,21,1265,CHILTON,11,9,September,2010,7,Saturday,1,31,1,11,1,663,40.26511944,-74.69275000,12,2,0,1,0,0,1,0
340411,NEW JERSEY,NJ,1,0,4,41,0,BRANTLEY,30,10,October,2010,7,Saturday,21,40,0,3,4,0,40.82855278,-74.86727778,53,2,0,1,0,0,2,0
340412,NEW JERSEY,NJ,1,0,2,15,3569,ANNISTON,24,10,October,2010,1,Sunday,7,52,0,16,6,0,39.85478611,-75.15610000,5,1,0,1,0,0,1,0
340413,NEW JERSEY,NJ,1,1,2,29,0,BORDEN SPRINGS,17,9,September,2010,6,Friday,13,0,0,14,4,0,39.96620000,-74.22693611,8,1,0,1,0,0,1,0
340414,NEW JERSEY,NJ,1,1,1,5,735,BAKER HILL,25,10,October,2010,2,Monday,5,48,1,13,2,391,40.01099167,-74.96445833,8,3,0,1,0,0,1,0
340415,NEW JERSEY,NJ,1,0,2,27,2003,ASHLAND,9,9,September,2010,5,Thursday,1,40,0,16,6,0,40.86563889,-74.34870556,35,3,0,1,0,0,1,1
340416,NEW JERSEY,NJ,1,0,1,25,1445,BARLOW BEND,17,9,September,2010,6,Friday,6,46,1,12,8,1173,40.41309444,-74.19980278,35,1,0,10,0,0,1,0
340417,NEW JERSEY,NJ,1,0,1,25,1445,BARLOW BEND,12,9,September,2010,1,Sunday,23,53,0,14,4,0,40.39024167,-74.18814722,33,3,0,1,0,0,1,1
340418,NEW JERSEY,NJ,1,0,2,25,100,BARLOW BEND,20,10,October,2010,4,Wednesday,12,31,1,13,3,148,40.40683056,-74.03531944,42,1,0,10,0,0,1,0
340419,NEW JERSEY,NJ,1,0,3,19,0,CEDAR BLUFF,12,9,September,2010,1,Sunday,2,2,1,1,1,122,40.64142500,-74.99018611,24,3,0,1,0,0,1,0
340420,NEW JERSEY,NJ,2,0,2,27,2567,ASHLAND,19,10,October,2010,3,Tuesday,7,19,1,13,3,95,40.95274167,-74.27963611,12,1,0,1,0,0,1,0
340421,NEW JERSEY,NJ,11,0,13,39,860,ANDALUSIA,20,10,October,2010,4,Wednesday,13,15,1,11,1,553,40.65414167,-74.19200556,12,1,0,1,0,0,1,0
340422,NEW JERSEY,NJ,1,0,1,29,3360,BORDEN SPRINGS,2,9,September,2010,5,Thursday,15,7,0,14,4,0,40.03814444,-74.24303056,30,1,0,1,0,0,1,0
340423,NEW JERSEY,NJ,1,0,2,25,1465,BARLOW BEND,8,9,September,2010,4,Wednesday,11,54,1,13,2,1080,40.18090556,-74.24551944,25,1,0,1,0,0,1,0
340424,NEW JERSEY,NJ,1,0,1,35,990,BROOKLYN,1,9,September,2010,4,Wednesday,14,46,1,11,1,231,40.66830000,-74.63500000,24,1,0,1,0,0,1,1
340425,NEW JERSEY,NJ,1,0,2,35,1417,BROOKLYN,29,8,August,2010,1,Sunday,10,1,0,16,5,0,40.47424444,-74.75167500,1,1,0,1,0,0,1,0
340426,NEW JERSEY,NJ,1,0,8,29,1590,BORDEN SPRINGS,3,8,August,2010,3,Tuesday,4,45,0,13,4,0,40.09002222,-74.15391667,42,3,0,1,0,0,1,0
340427,NEW JERSEY,NJ,2,1,2,19,0,CEDAR BLUFF,24,9,September,2010,6,Friday,0,10,1,1,1,130,40.63498889,-74.96878056,12,2,0,1,0,0,1,0
340428,NEW JERSEY,NJ,2,0,2,23,2582,BLADON SPRINGS,10,10,October,2010,1,Sunday,3,15,1,12,3,439,40.51249444,-74.45902222,12,3,0,1,0,0,1,1
340429,NEW JERSEY,NJ,1,1,1,19,0,CEDAR BLUFF,19,9,September,2010,1,Sunday,6,50,1,13,2,110,40.49778056,-74.85711667,9,1,0,1,0,0,1,0
340430,NEW JERSEY,NJ,1,1,2,23,3110,BLADON SPRINGS,30,9,September,2010,5,Thursday,5,59,0,15,6,0,40.48325278,-74.28002222,8,4,0,2,0,0,1,0
340431,NEW JERSEY,NJ,1,0,1,3,3335,BALDWIN,25,10,October,2010,2,Monday,1,49,0,13,4,0,40.88557500,-74.00622500,33,3,0,5,0,0,1,0
340432,NEW JERSEY,NJ,1,1,1,25,2760,BARLOW BEND,27,10,October,2010,4,Wednesday,14,54,0,14,4,0,40.35096667,-74.06985556,8,1,0,1,0,0,1,0
340433,NEW JERSEY,NJ,1,0,1,3,2330,BALDWIN,29,10,October,2010,6,Friday,10,17,0,16,6,0,41.02519167,-74.24313889,33,1,0,1,0,0,1,0
340434,NEW JERSEY,NJ,1,0,5,15,0,ANNISTON,29,10,October,2010,6,Friday,17,25,1,12,3,444,39.64508056,-75.10647778,1,1,0,1,0,0,1,0
340435,NEW JERSEY,NJ,1,1,1,25,2109,BARLOW BEND,11,9,September,2010,7,Saturday,11,27,1,13,3,403,40.20659722,-74.04727500,9,1,0,1,0,0,1,0
340436,NEW JERSEY,NJ,2,0,2,29,0,BORDEN SPRINGS,29,10,October,2010,6,Friday,19,10,0,14,4,0,39.97219444,-74.16543889,12,3,0,1,0,0,1,0
340437,NEW JERSEY,NJ,1,1,5,39,1700,ANDALUSIA,11,9,September,2010,7,Saturday,17,7,0,16,6,0,40.63994444,-74.24842778,8,1,0,1,0,0,1,0
340438,NEW JERSEY,NJ,2,0,3,35,3504,BROOKLYN,10,10,October,2010,1,Sunday,19,56,1,11,1,373,40.64732778,-74.52509167,12,3,0,1,0,0,1,1
340439,NEW JERSEY,NJ,2,1,2,13,1480,BOLLING,23,9,September,2010,5,Thursday,11,14,0,16,6,0,40.72619444,-74.23048056,12,1,0,1,0,0,1,0
340440,NEW JERSEY,NJ,1,1,1,27,2498,ASHLAND,21,10,October,2010,5,Thursday,20,22,0,13,2,457,40.87375556,-74.43235278,8,2,0,1,0,0,1,0
340441,NEW JERSEY,NJ,2,0,6,37,1576,BRADFORD,28,10,October,2010,5,Thursday,17,28,0,5,4,0,41.08608056,-74.68136667,1,1,0,1,0,0,1,0
340442,NEW JERSEY,NJ,1,0,1,25,3357,BARLOW BEND,4,11,November,2010,5,Thursday,22,30,1,12,8,1030,40.23898889,-74.08914722,31,2,0,1,0,0,1,1
340443,NEW JERSEY,NJ,2,0,2,31,3522,COFFEE,23,12,December,2010,5,Thursday,11,46,0,14,4,0,40.96116944,-74.24551944,12,1,0,1,0,0,1,0
340444,NEW JERSEY,NJ,1,1,1,25,940,BARLOW BEND,20,12,December,2010,2,Monday,9,46,0,13,4,0,40.36147222,-74.04184444,8,1,0,1,0,0,1,0
340445,NEW JERSEY,NJ,2,0,3,15,0,ANNISTON,28,12,December,2010,3,Tuesday,7,57,0,5,3,187,39.68043889,-75.20716667,12,1,0,1,0,0,1,0
340446,NEW JERSEY,NJ,1,1,1,13,2130,BOLLING,25,12,December,2010,7,Saturday,7,30,0,16,6,0,40.71130556,-74.22494167,8,1,0,1,0,0,1,0
340447,NEW JERSEY,NJ,2,0,2,39,3290,ANDALUSIA,20,12,December,2010,2,Monday,9,9,0,14,4,0,40.71620000,-74.36287222,12,1,0,1,0,0,1,0
340449,NEW JERSEY,NJ,2,0,2,3,1080,BALDWIN,24,12,December,2010,6,Friday,17,29,0,14,4,0,41.01766389,-74.22244167,12,2,0,1,0,0,1,0
340450,NEW JERSEY,NJ,1,1,1,3,890,BALDWIN,24,12,December,2010,6,Friday,17,23,0,16,6,0,40.87860833,-73.97575278,8,3,0,1,0,0,1,0
340451,NEW JERSEY,NJ,6,0,4,39,860,ANDALUSIA,19,12,December,2010,1,Sunday,2,49,1,13,2,435,40.65287222,-74.21367778,39,3,0,1,0,0,1,1
340452,NEW JERSEY,NJ,1,1,3,39,2730,ANDALUSIA,7,11,November,2010,1,Sunday,0,47,0,13,2,392,40.60485556,-74.26333056,8,3,0,1,0,0,1,0
340453,NEW JERSEY,NJ,1,0,1,5,0,BAKER HILL,10,11,November,2010,4,Wednesday,10,13,0,6,5,0,39.86409722,-74.53455556,58,1,0,1,0,0,1,0
340454,NEW JERSEY,NJ,1,0,1,25,692,BARLOW BEND,14,11,November,2010,1,Sunday,12,25,1,12,3,190,40.27691667,-74.16960556,33,1,0,1,0,0,1,0
340455,NEW JERSEY,NJ,1,1,1,1,90,AUTAUGA,2,11,November,2010,3,Tuesday,20,24,0,16,6,0,39.35726389,-74.45133056,8,3,0,1,0,0,1,0
340456,NEW JERSEY,NJ,3,0,5,1,0,AUTAUGA,20,12,December,2010,2,Monday,12,55,0,14,2,460,39.45922500,-74.46421667,12,1,0,1,0,0,1,0
340457,NEW JERSEY,NJ,1,0,1,35,425,BROOKLYN,19,12,December,2010,1,Sunday,6,8,1,11,1,149,40.57957500,-74.57634444,58,3,0,1,0,0,1,1
340458,NEW JERSEY,NJ,1,0,1,27,1030,ASHLAND,18,12,December,2010,7,Saturday,15,48,0,15,6,0,40.79038611,-74.39053056,33,1,0,1,0,0,1,0
340459,NEW JERSEY,NJ,2,1,2,39,1700,ANDALUSIA,3,11,November,2010,4,Wednesday,23,23,1,11,1,512,40.60491944,-74.22863056,8,2,0,1,0,0,1,0
340460,NEW JERSEY,NJ,2,0,2,1,0,AUTAUGA,16,12,December,2010,5,Thursday,15,57,0,3,3,50,39.57426944,-74.87530278,12,1,0,4,0,0,1,0
340461,NEW JERSEY,NJ,1,0,1,39,3395,ANDALUSIA,5,11,November,2010,6,Friday,2,35,0,14,4,0,40.69711944,-74.26266389,42,3,0,2,0,0,1,1
340462,NEW JERSEY,NJ,1,0,1,41,0,BRANTLEY,16,12,December,2010,5,Thursday,7,5,1,13,3,459,40.79782778,-74.98104444,30,4,0,1,0,0,1,0
340463,NEW JERSEY,NJ,1,0,4,25,1465,BARLOW BEND,6,11,November,2010,7,Saturday,1,40,0,3,2,584,40.17830833,-74.24341667,30,3,0,1,0,0,2,1
340464,NEW JERSEY,NJ,1,1,1,27,2020,ASHLAND,16,12,December,2010,5,Thursday,7,2,0,14,4,52,40.82153889,-74.47938611,8,4,0,1,0,0,1,0
340465,NEW JERSEY,NJ,4,0,4,29,0,BORDEN SPRINGS,10,12,December,2010,6,Friday,17,38,0,3,4,0,40.10420556,-74.50618611,24,2,0,1,0,0,1,1
340466,NEW JERSEY,NJ,2,0,2,27,2810,ASHLAND,8,11,November,2010,2,Monday,9,24,1,11,1,531,40.99126667,-74.30934444,33,1,0,2,0,0,1,0
340468,NEW JERSEY,NJ,1,1,1,13,500,BOLLING,9,11,November,2010,3,Tuesday,15,5,0,14,4,0,40.83863889,-74.27531944,8,1,0,1,0,0,1,0
340469,NEW JERSEY,NJ,1,1,2,3,1410,BALDWIN,12,11,November,2010,6,Friday,8,5,0,16,6,0,40.99978333,-74.03891944,8,1,0,1,0,0,1,0
340470,NEW JERSEY,NJ,1,1,1,25,1465,BARLOW BEND,15,12,December,2010,4,Wednesday,4,10,1,13,2,1072,40.16767500,-74.23725833,8,3,0,1,0,0,1,0