ST_CASE,State Name,State Abbreviation,VE_TOTAL,Pedestrains,Total_Persons_in_accident,COUNTY,CITY,City_County_Name,Calendar_DAY,MONTH,Month_Name,YEAR,DAY_WEEK,Day_Week_desc,HOUR,MINUTE,NHS_Desc,trafficway,ROUTE,MILEPT,LATITUDE,LONGITUD,First_Crash_event,Light_cond_desc,Weather_condition,WEATHER,SCH_BUS,Crash_cause,FATALS,DRUNK_DR
340471,NEW JERSEY,NJ,2,0,3,33,0,CHEROKEE,13,11,November,2010,7,Saturday,14,2,0,14,3,87,39.64515556,-75.33934722,12,1,0,1,0,0,1,0
340472,NEW JERSEY,NJ,1,0,2,31,660,COFFEE,15,12,December,2010,4,Wednesday,3,17,1,12,3,7,40.86328889,-74.18123333,42,3,0,1,0,0,1,1
340473,NEW JERSEY,NJ,1,1,1,29,0,BORDEN SPRINGS,3,12,December,2010,6,Friday,14,20,0,99,6,0,99.99990000,999.99990000,8,1,0,1,0,0,1,0
340474,NEW JERSEY,NJ,1,1,1,17,1520,CHAMBERS,11,12,December,2010,7,Saturday,4,59,1,13,2,554,40.74936944,-74.06054444,8,3,0,1,0,0,1,0
340475,NEW JERSEY,NJ,1,1,1,13,2130,BOLLING,3,11,November,2010,4,Wednesday,7,3,0,13,4,0,40.74664444,-74.18652778,8,3,0,1,0,0,1,0
340476,NEW JERSEY,NJ,1,1,1,31,3522,COFFEE,10,12,December,2010,6,Friday,12,36,1,13,2,628,40.91286389,-74.26343611,8,1,0,1,0,0,1,0
340477,NEW JERSEY,NJ,1,0,1,13,2890,BOLLING,10,12,December,2010,6,Friday,1,38,1,11,1,34,40.83060000,-74.32944167,1,2,0,1,0,0,1,1
340478,NEW JERSEY,NJ,4,0,4,29,1590,BORDEN SPRINGS,6,11,November,2010,7,Saturday,16,0,0,13,4,0,40.05273611,-74.19633333,12,1,0,1,0,0,1,0
340479,NEW JERSEY,NJ,1,0,2,27,0,ASHLAND,7,12,December,2010,3,Tuesday,12,45,0,14,4,325,40.80438889,-74.66364444,42,1,0,1,0,0,1,0
340480,NEW JERSEY,NJ,3,1,3,17,3040,CHAMBERS,3,12,December,2010,6,Friday,4,45,1,12,3,94,40.79197778,-74.05492222,8,2,0,1,0,0,1,0
340481,NEW JERSEY,NJ,1,0,1,5,3149,BAKER HILL,24,11,November,2010,4,Wednesday,12,3,1,13,2,202,39.92291389,-74.74174722,30,1,0,1,0,0,1,0
340482,NEW JERSEY,NJ,1,1,1,3,2310,BALDWIN,11,11,November,2010,5,Thursday,17,21,0,13,4,0,40.99773056,-73.95508889,8,3,0,1,0,0,1,0
340483,NEW JERSEY,NJ,2,0,2,11,1970,BULLOCK,11,11,November,2010,5,Thursday,12,1,0,16,6,0,39.39967500,-75.00671944,12,1,0,1,0,0,1,0
340484,NEW JERSEY,NJ,1,1,1,15,747,ANNISTON,14,9,September,2010,3,Tuesday,23,0,0,14,3,732,39.84722778,-75.12515556,9,3,0,1,0,0,1,1
340485,NEW JERSEY,NJ,1,0,5,21,3380,CHILTON,5,10,October,2010,3,Tuesday,1,27,1,12,3,62,40.23759722,-74.80315000,33,2,0,2,0,0,1,1
340486,NEW JERSEY,NJ,1,0,3,23,3705,BLADON SPRINGS,21,11,November,2010,1,Sunday,8,46,1,12,3,26,40.52121944,-74.29258889,35,1,0,1,0,0,1,0
340487,NEW JERSEY,NJ,2,0,3,3,1060,BALDWIN,13,10,October,2010,4,Wednesday,5,20,1,11,1,777,40.85283333,-73.95820833,12,3,0,1,0,0,1,1
340488,NEW JERSEY,NJ,1,0,2,25,830,BARLOW BEND,21,10,October,2010,5,Thursday,20,12,1,12,3,134,40.27765000,-74.07261389,1,3,0,1,0,0,1,0
340489,NEW JERSEY,NJ,3,0,1,21,2845,CHILTON,18,12,December,2010,7,Saturday,0,2,1,13,2,661,40.24768611,-74.56930556,38,3,0,1,0,0,1,0
340490,NEW JERSEY,NJ,1,0,1,17,1520,CHAMBERS,28,11,November,2010,1,Sunday,7,3,1,13,2,554,40.75187778,-74.05808056,33,4,0,1,0,0,1,0
340491,NEW JERSEY,NJ,2,1,2,3,2770,BALDWIN,24,12,December,2010,6,Friday,6,39,1,11,1,710,40.82900000,-74.02476111,12,3,0,1,0,0,1,0
340492,NEW JERSEY,NJ,2,0,2,37,1576,BRADFORD,30,11,November,2010,3,Tuesday,13,56,1,2,3,181,41.10578333,-74.69843611,12,1,0,2,0,0,1,0
340493,NEW JERSEY,NJ,1,1,1,21,3380,CHILTON,27,11,November,2010,7,Saturday,2,30,1,12,3,3,40.22970833,-74.76885000,8,2,0,1,0,0,1,0
340494,NEW JERSEY,NJ,5,3,2,3,2770,BALDWIN,24,12,December,2010,6,Friday,6,40,1,11,1,710,40.82900000,-74.02538889,12,3,0,1,0,0,1,0
340495,NEW JERSEY,NJ,1,1,1,11,1970,BULLOCK,15,12,December,2010,4,Wednesday,12,33,0,14,4,0,39.38224444,-75.04164167,8,1,0,1,0,0,1,0
340496,NEW JERSEY,NJ,2,0,2,13,2130,BOLLING,4,11,November,2010,5,Thursday,16,0,1,12,2,499,40.72070833,-74.14842500,12,1,0,2,0,0,1,0
340497,NEW JERSEY,NJ,1,0,1,27,0,ASHLAND,11,12,December,2010,7,Saturday,17,1,0,14,4,92,40.79145833,-74.52408333,11,2,0,1,0,0,1,0
340498,NEW JERSEY,NJ,1,0,1,7,3694,BIBB,10,12,December,2010,6,Friday,20,22,0,16,6,0,39.71501111,-74.89548333,42,3,0,10,0,0,1,1
340499,NEW JERSEY,NJ,1,1,1,31,3522,COFFEE,19,11,November,2010,6,Friday,16,48,1,13,4,0,40.94424722,-74.20386389,8,3,0,1,0,0,1,0
340501,NEW JERSEY,NJ,1,1,1,3,2940,BALDWIN,18,12,December,2010,7,Saturday,19,6,0,14,4,4,40.83936667,-74.10784722,8,3,0,10,0,0,1,0
340502,NEW JERSEY,NJ,1,1,1,31,2500,COFFEE,22,11,November,2010,2,Monday,15,33,0,14,4,0,40.85003056,-74.14490556,8,1,0,1,0,0,1,0
340503,NEW JERSEY,NJ,2,0,2,21,0,CHILTON,20,12,December,2010,2,Monday,9,41,1,11,1,28,40.28962500,-74.80468611,12,1,0,1,0,0,1,0
340504,NEW JERSEY,NJ,2,0,1,11,3460,BULLOCK,24,11,November,2010,4,Wednesday,9,29,0,16,6,0,39.46473333,-75.00266389,12,1,0,1,0,0,1,0
340505,NEW JERSEY,NJ,2,0,6,29,0,BORDEN SPRINGS,25,11,November,2010,5,Thursday,3,22,1,12,8,833,39.97973056,-74.21268889,12,2,0,1,0,0,1,1
340506,NEW JERSEY,NJ,3,0,5,29,0,BORDEN SPRINGS,22,12,December,2010,4,Wednesday,8,2,0,14,2,663,39.64228889,-74.30108333,12,1,0,1,0,0,1,0
340507,NEW JERSEY,NJ,1,0,1,19,0,CEDAR BLUFF,5,12,December,2010,1,Sunday,7,57,1,1,1,79,40.65960278,-75.06669444,41,1,0,1,0,0,1,0
340508,NEW JERSEY,NJ,3,1,4,7,520,BIBB,26,11,November,2010,6,Friday,19,28,1,13,2,22,39.94067222,-75.09760278,8,3,0,1,0,0,1,0
340509,NEW JERSEY,NJ,1,1,2,17,1520,CHAMBERS,26,12,December,2010,1,Sunday,0,47,0,14,6,0,40.72381944,-74.06413889,8,3,0,1,0,0,1,0
340510,NEW JERSEY,NJ,2,0,4,35,0,BROOKLYN,19,11,November,2010,6,Friday,10,43,0,15,4,0,40.44622778,-74.61205833,12,1,0,1,0,0,1,0
340511,NEW JERSEY,NJ,1,1,1,13,2130,BOLLING,6,9,September,2010,2,Monday,0,41,1,13,3,16,40.72688611,-74.17238333,8,3,0,1,0,0,1,0
340512,NEW JERSEY,NJ,1,1,1,25,1925,BARLOW BEND,30,11,November,2010,3,Tuesday,19,30,1,13,3,162,40.43441389,-74.12134444,8,3,0,4,0,0,1,0
340513,NEW JERSEY,NJ,1,1,4,23,3705,BLADON SPRINGS,30,11,November,2010,3,Tuesday,16,57,1,13,3,547,40.55146111,-74.28056944,8,5,0,2,0,0,1,0
340514,NEW JERSEY,NJ,1,1,1,17,1520,CHAMBERS,29,11,November,2010,2,Monday,18,17,1,13,2,27,40.73055278,-74.08524167,9,3,0,1,0,0,1,0
340515,NEW JERSEY,NJ,3,0,5,23,0,BLADON SPRINGS,18,11,November,2010,5,Thursday,19,16,0,14,4,209,40.38506389,-74.44413056,12,3,0,1,0,0,1,1
340516,NEW JERSEY,NJ,1,0,1,29,0,BORDEN SPRINGS,8,12,December,2010,4,Wednesday,1,24,0,6,6,0,39.85772222,-74.21538056,33,3,0,1,0,0,1,1
340517,NEW JERSEY,NJ,1,0,1,13,2130,BOLLING,24,9,September,2010,6,Friday,16,15,0,16,6,0,40.72473889,-74.19564167,33,1,0,1,0,0,1,0
340518,NEW JERSEY,NJ,2,0,2,1,0,AUTAUGA,17,9,September,2010,6,Friday,18,54,0,3,3,230,39.49692222,-74.68808333,12,5,0,1,0,0,2,0
340519,NEW JERSEY,NJ,1,0,2,39,2730,ANDALUSIA,26,9,September,2010,1,Sunday,4,4,1,13,2,395,40.60816944,-74.26038889,33,3,0,1,0,0,1,1
340520,NEW JERSEY,NJ,1,1,1,39,2630,ANDALUSIA,21,12,December,2010,3,Tuesday,5,57,0,16,6,0,40.61553333,-74.41256667,8,3,0,1,0,0,1,0
340521,NEW JERSEY,NJ,3,0,3,29,1505,BORDEN SPRINGS,13,12,December,2010,2,Monday,7,7,0,14,4,0,40.07935278,-74.37872778,12,1,0,10,0,0,1,0
340522,NEW JERSEY,NJ,2,0,2,21,935,CHILTON,5,12,December,2010,1,Sunday,1,31,0,14,4,0,40.25108611,-74.80771111,12,3,0,1,0,0,2,1
340523,NEW JERSEY,NJ,2,0,2,39,2900,ANDALUSIA,12,10,October,2010,3,Tuesday,11,0,0,14,4,0,40.65889444,-74.27251389,12,1,0,1,0,0,1,0
340524,NEW JERSEY,NJ,2,0,2,21,935,CHILTON,15,10,October,2010,6,Friday,12,40,1,13,3,44,40.28486111,-74.78314167,12,1,0,1,0,0,1,0
340525,NEW JERSEY,NJ,1,1,1,23,844,BLADON SPRINGS,10,12,December,2010,6,Friday,17,51,0,13,4,0,40.52479444,-74.41400556,8,3,0,1,0,0,1,0
340526,NEW JERSEY,NJ,1,0,1,23,844,BLADON SPRINGS,30,10,October,2010,7,Saturday,15,50,0,14,4,0,40.59727778,-74.38795556,30,1,0,1,0,0,1,0
340527,NEW JERSEY,NJ,1,1,1,29,1590,BORDEN SPRINGS,14,9,September,2010,3,Tuesday,17,1,0,16,6,0,40.09794444,-74.21789167,8,1,0,1,0,0,1,0
340528,NEW JERSEY,NJ,2,0,2,13,2130,BOLLING,30,12,December,2010,5,Thursday,23,27,1,11,1,556,40.71648611,-74.21026389,12,2,0,1,0,0,1,1
340529,NEW JERSEY,NJ,1,0,1,35,3520,BROOKLYN,5,12,December,2010,1,Sunday,5,16,1,11,1,416,40.65693889,-74.44201944,35,3,0,1,0,0,1,1
340530,NEW JERSEY,NJ,1,1,1,29,416,BORDEN SPRINGS,13,12,December,2010,2,Monday,19,47,0,13,4,0,40.02355556,-74.14426111,8,3,0,1,0,0,1,0
340531,NEW JERSEY,NJ,1,0,2,29,416,BORDEN SPRINGS,9,12,December,2010,5,Thursday,1,40,0,13,4,0,40.09215000,-74.11568889,42,2,0,1,0,0,1,1
340532,NEW JERSEY,NJ,3,0,3,7,598,BIBB,1,11,November,2010,2,Monday,13,30,0,14,3,125,39.93340000,-74.98911111,12,1,0,1,0,0,1,0
340533,NEW JERSEY,NJ,1,1,1,7,598,BIBB,19,11,November,2010,6,Friday,18,51,0,13,4,0,39.87368889,-75.00211111,8,3,0,1,0,0,1,0
340534,NEW JERSEY,NJ,1,0,1,35,1081,BROOKLYN,25,10,October,2010,2,Monday,14,42,0,16,5,0,40.45178056,-74.58952778,35,1,0,1,0,0,1,0
340535,NEW JERSEY,NJ,2,0,5,5,0,BAKER HILL,20,12,December,2010,2,Monday,18,58,1,13,4,0,39.96611667,-74.68024444,12,2,0,1,0,0,1,0
340536,NEW JERSEY,NJ,1,0,2,23,2970,BLADON SPRINGS,7,9,September,2010,3,Tuesday,0,32,1,12,2,1290,40.46327500,-74.29561389,1,2,0,1,0,0,1,1
340537,NEW JERSEY,NJ,2,0,4,7,3521,BIBB,1,10,October,2010,6,Friday,21,57,1,12,2,183,39.77876111,-74.91122222,12,3,0,1,0,0,1,1
340538,NEW JERSEY,NJ,1,1,1,3,1110,BALDWIN,16,6,June,2010,4,Wednesday,12,29,0,16,6,0,40.86686111,-74.10368056,8,1,0,1,0,0,1,0
340539,NEW JERSEY,NJ,2,0,2,13,2440,BOLLING,14,8,August,2010,7,Saturday,20,32,0,13,4,0,40.76851667,-74.24073333,12,3,0,1,0,0,1,0
340540,NEW JERSEY,NJ,1,0,1,31,3582,COFFEE,28,11,November,2010,1,Sunday,0,11,0,6,5,0,41.07784722,-74.44441111,25,2,0,1,0,0,1,1
340541,NEW JERSEY,NJ,2,0,3,31,3582,COFFEE,9,11,November,2010,3,Tuesday,23,6,1,13,3,188,41.01839722,-74.39833889,35,3,0,1,0,0,1,1
340542,NEW JERSEY,NJ,1,0,2,31,3582,COFFEE,1,12,December,2010,4,Wednesday,9,38,0,14,4,0,41.07695833,-74.38932778,16,1,0,2,0,0,1,0
340544,NEW JERSEY,NJ,1,1,1,17,1520,CHAMBERS,16,9,September,2010,5,Thursday,11,0,0,14,6,0,40.73534722,-74.06294722,8,1,0,1,0,0,1,0
340545,NEW JERSEY,NJ,1,1,3,39,860,ANDALUSIA,6,8,August,2010,6,Friday,21,17,1,13,2,445,40.66550278,-74.20496389,8,3,0,1,0,0,1,0
340546,NEW JERSEY,NJ,1,0,1,39,860,ANDALUSIA,24,7,July,2010,7,Saturday,23,49,0,16,6,0,40.63961944,-74.19779722,1,3,0,1,0,0,1,0
340547,NEW JERSEY,NJ,3,0,3,35,1417,BROOKLYN,14,12,December,2010,3,Tuesday,9,32,0,14,4,140,40.49693056,-74.61317500,12,1,0,1,0,0,1,0
340548,NEW JERSEY,NJ,1,1,2,13,2130,BOLLING,6,11,November,2010,7,Saturday,1,47,0,15,6,0,40.72805556,-74.21223889,8,3,0,1,0,0,1,0
340549,NEW JERSEY,NJ,1,0,4,1,0,AUTAUGA,25,7,July,2010,1,Sunday,5,26,0,4,4,247,39.57446944,-74.78281944,59,4,0,1,0,0,1,0
340550,NEW JERSEY,NJ,1,1,2,23,2208,BLADON SPRINGS,13,12,December,2010,2,Monday,12,17,1,13,2,237,40.45822222,-74.47180278,8,1,0,1,0,0,1,0
340551,NEW JERSEY,NJ,1,1,1,13,2130,BOLLING,17,12,December,2010,6,Friday,10,4,0,16,6,0,40.77660833,-74.21339722,8,1,0,1,0,0,1,0
340552,NEW JERSEY,NJ,1,0,2,13,2130,BOLLING,13,12,December,2010,2,Monday,11,15,0,16,6,0,40.71659167,-74.22011389,5,1,0,1,0,0,1,0
340553,NEW JERSEY,NJ,1,1,1,13,2130,BOLLING,7,11,November,2010,1,Sunday,0,9,1,13,2,5,40.70296667,-74.18431667,8,3,0,1,0,0,1,0
340554,NEW JERSEY,NJ,1,1,1,23,2140,BLADON SPRINGS,9,12,December,2010,5,Thursday,11,8,1,13,3,414,40.50332500,-74.44771667,9,1,0,1,0,0,1,0
350001,NEW MEXICO,NM,2,0,2,47,480,BROWNS,3,1,January,2010,1,Sunday,16,25,0,13,3,0,35.61823333,-105.22541944,12,1,0,1,0,0,1,0
350002,NEW MEXICO,NM,2,0,3,27,0,ASHLAND,3,1,January,2010,1,Sunday,6,55,1,2,2,12500,34.26012500,-105.58565278,12,1,0,1,0,0,1,0
350003,NEW MEXICO,NM,1,0,2,25,410,BARLOW BEND,15,1,January,2010,6,Friday,15,45,0,3,3,0,32.79838611,-103.09673333,1,1,0,1,0,0,1,1
350004,NEW MEXICO,NM,1,0,1,45,0,ARITON,14,1,January,2010,5,Thursday,18,40,1,2,8,1790,36.47053333,-108.56863056,35,5,0,1,0,0,1,0
350005,NEW MEXICO,NM,2,0,2,25,0,BARLOW BEND,15,1,January,2010,6,Friday,14,4,1,2,3,6730,32.87100833,-103.28933611,12,1,0,1,0,0,1,0
350006,NEW MEXICO,NM,2,0,4,5,0,BAKER HILL,28,3,March,2010,1,Sunday,7,5,1,2,2,16580,33.36895833,-104.85394444,12,1,0,1,0,0,3,0
350007,NEW MEXICO,NM,1,0,4,57,0,BANKSTON,12,3,March,2010,6,Friday,16,20,1,1,1,19640,35.00476111,-106.01145833,1,1,0,1,0,0,1,0
350008,NEW MEXICO,NM,3,0,4,15,0,ANNISTON,15,3,March,2010,2,Monday,23,31,1,2,2,4750,32.52228333,-103.97409444,12,3,0,1,0,0,1,0
350009,NEW MEXICO,NM,1,0,3,13,0,BOLLING,6,1,January,2010,4,Wednesday,14,55,1,1,1,11330,32.28016667,-106.89491389,1,1,0,1,0,0,1,0
350010,NEW MEXICO,NM,2,0,3,1,30,AUTAUGA,12,1,January,2010,3,Tuesday,16,18,0,13,6,0,35.12763056,-106.62370000,12,1,0,1,0,0,1,2
350011,NEW MEXICO,NM,1,0,5,43,677,BAILEYTON,9,1,January,2010,7,Saturday,21,46,0,13,6,0,35.23405278,-106.69638611,1,2,0,1,0,0,2,0
350012,NEW MEXICO,NM,2,0,3,5,670,BAKER HILL,20,2,February,2010,7,Saturday,10,55,0,13,2,0,33.43057778,-104.52302222,12,1,0,1,0,0,1,0
350013,NEW MEXICO,NM,1,0,2,37,421,BRADFORD,27,3,March,2010,7,Saturday,10,0,0,2,4,0,34.64768333,-103.81256111,1,1,0,1,0,0,1,0
350014,NEW MEXICO,NM,1,0,2,47,0,BROWNS,3,2,February,2010,4,Wednesday,12,26,1,2,3,6870,35.04222500,-105.44068333,59,1,0,4,0,0,1,0
350015,NEW MEXICO,NM,1,0,1,1,30,AUTAUGA,20,1,January,2010,4,Wednesday,21,58,0,13,6,0,35.19625556,-106.67492778,33,3,0,1,0,0,1,0
350016,NEW MEXICO,NM,2,0,4,45,741,ARITON,23,2,February,2010,3,Tuesday,16,25,1,2,2,4700,36.14279722,-108.70731389,12,1,0,1,0,0,4,0
350017,NEW MEXICO,NM,2,0,4,9,190,BLOUNT,13,2,February,2010,7,Saturday,13,35,0,13,4,0,34.41936667,-103.14323611,12,1,0,1,0,0,1,0
350018,NEW MEXICO,NM,1,0,1,57,605,BANKSTON,14,3,March,2010,1,Sunday,11,3,0,2,5,0,34.97189167,-106.06187222,1,1,0,1,0,0,1,0
350019,NEW MEXICO,NM,1,0,1,49,0,COLLINSVILLE,28,1,January,2010,5,Thursday,21,42,0,9,3,0,35.75570833,-105.93438056,42,2,0,4,0,0,1,1
350020,NEW MEXICO,NM,2,0,2,45,335,ARITON,18,1,January,2010,2,Monday,16,7,1,2,8,1740,36.55000556,-108.57961667,12,1,0,1,0,0,1,0
350021,NEW MEXICO,NM,2,0,6,61,530,BELLWOOD,31,1,January,2010,1,Sunday,13,25,0,9,5,0,34.79766389,-106.63132778,12,1,0,1,0,0,1,0
350022,NEW MEXICO,NM,2,0,5,25,0,BARLOW BEND,28,1,January,2010,5,Thursday,16,40,1,2,2,20710,33.39175000,-103.71119444,12,1,0,3,0,0,1,0
350023,NEW MEXICO,NM,2,0,5,31,880,COFFEE,1,1,January,2010,6,Friday,0,7,1,2,3,450,35.02001667,-109.04617222,12,2,0,1,0,0,2,2
350024,NEW MEXICO,NM,1,1,1,1,0,AUTAUGA,7,1,January,2010,5,Thursday,22,3,0,9,3,0,35.08002222,-106.39666667,8,2,0,1,0,0,1,0
350025,NEW MEXICO,NM,1,0,3,1,0,AUTAUGA,6,3,March,2010,7,Saturday,2,30,1,1,1,13900,35.03449444,-106.93336389,24,2,0,1,0,0,1,1
350026,NEW MEXICO,NM,2,0,3,1,0,AUTAUGA,3,2,February,2010,4,Wednesday,9,44,0,9,3,860,35.08543056,-106.38053056,12,1,0,4,0,0,1,0
350027,NEW MEXICO,NM,1,0,1,35,154,BROOKLYN,21,2,February,2010,1,Sunday,2,20,0,2,5,0,36.64452500,-103.73677222,30,2,0,1,0,0,1,1
350028,NEW MEXICO,NM,1,0,1,61,100,BELLWOOD,13,2,February,2010,7,Saturday,21,42,0,13,6,0,34.66604167,-106.78582222,1,3,0,1,0,0,1,0
350029,NEW MEXICO,NM,1,0,3,1,30,AUTAUGA,24,2,February,2010,4,Wednesday,6,37,0,19,6,0,35.06210833,-106.71166389,34,2,0,1,0,0,1,1
350030,NEW MEXICO,NM,3,0,3,1,30,AUTAUGA,26,2,February,2010,6,Friday,13,42,1,11,1,0,35.10755278,-106.65183889,12,1,0,1,0,0,1,0
350031,NEW MEXICO,NM,1,0,3,13,0,BOLLING,1,3,March,2010,2,Monday,3,54,1,1,1,16175,32.24075556,-107.20064167,26,2,0,1,0,0,1,1
350032,NEW MEXICO,NM,1,0,1,41,640,BRANTLEY,16,3,March,2010,3,Tuesday,20,30,0,2,3,0,34.18553611,-103.40460833,38,2,0,1,0,0,1,1
350033,NEW MEXICO,NM,1,0,1,13,0,BOLLING,21,3,March,2010,1,Sunday,14,40,1,2,3,2120,32.31636944,-106.79861111,24,1,0,1,0,0,1,0
350034,NEW MEXICO,NM,1,0,1,25,0,BARLOW BEND,20,3,March,2010,7,Saturday,7,0,1,2,2,9890,32.66950833,-103.44014167,38,1,0,1,0,0,1,1
350035,NEW MEXICO,NM,1,1,1,1,30,AUTAUGA,22,3,March,2010,2,Monday,16,49,0,13,6,0,35.17900000,-106.69655833,35,1,0,1,0,0,1,0
350036,NEW MEXICO,NM,2,0,3,25,410,BARLOW BEND,16,4,April,2010,6,Friday,23,49,1,13,2,0,32.69660000,-103.12780278,12,3,0,1,0,0,1,1
350037,NEW MEXICO,NM,4,0,3,45,310,ARITON,7,5,May,2010,6,Friday,20,46,0,13,6,0,36.74830556,-108.17885278,33,3,0,1,0,0,1,1
350038,NEW MEXICO,NM,1,0,1,53,0,ATMORE,30,5,May,2010,1,Sunday,19,12,1,1,1,11115,33.92576944,-106.87997778,1,1,0,1,0,0,1,1
350039,NEW MEXICO,NM,2,0,6,29,0,BORDEN SPRINGS,1,5,May,2010,7,Saturday,17,49,1,2,3,895,32.25396667,-107.65777500,12,1,0,1,0,0,1,0
350040,NEW MEXICO,NM,1,0,2,17,599,CHAMBERS,15,1,January,2010,6,Friday,16,20,1,2,3,1010,32.84043889,-107.96307500,42,1,0,1,0,0,1,1
350041,NEW MEXICO,NM,1,1,1,15,130,ANNISTON,4,2,February,2010,5,Thursday,21,45,0,13,6,0,32.42025556,-104.22669444,8,3,0,1,0,0,1,0
350042,NEW MEXICO,NM,2,0,2,9,0,BLOUNT,5,5,May,2010,4,Wednesday,20,22,0,2,3,1280,34.57951667,-103.19681111,12,2,0,1,0,0,1,0
350044,NEW MEXICO,NM,1,1,2,17,43,CHAMBERS,7,5,May,2010,6,Friday,8,23,1,2,2,11810,32.78114167,-108.19318889,8,1,0,1,0,0,1,0
350045,NEW MEXICO,NM,1,0,4,25,0,BARLOW BEND,7,5,May,2010,6,Friday,19,50,1,2,3,6200,32.87100833,-103.28925000,1,3,0,1,0,0,1,0
350046,NEW MEXICO,NM,1,0,1,17,0,CHAMBERS,7,5,May,2010,6,Friday,20,45,1,2,2,11980,32.51714444,-108.00110000,59,2,0,1,0,0,1,1
350047,NEW MEXICO,NM,1,0,3,25,0,BARLOW BEND,15,5,May,2010,7,Saturday,12,25,1,2,3,6420,32.59129722,-103.12806111,1,1,0,1,0,0,2,1
350048,NEW MEXICO,NM,1,0,3,9,0,BLOUNT,13,5,May,2010,5,Thursday,8,59,1,2,4,0,34.55200556,-103.13309167,32,1,0,1,0,0,1,0
350049,NEW MEXICO,NM,1,0,1,35,9997,BROOKLYN,16,5,May,2010,1,Sunday,0,30,1,2,5,0,32.63312222,-105.69464722,31,2,0,1,0,0,1,1
350050,NEW MEXICO,NM,1,0,2,57,0,BANKSTON,27,2,February,2010,7,Saturday,18,3,1,2,3,395,34.62353333,-106.06132500,38,1,0,1,0,0,1,1
350051,NEW MEXICO,NM,2,0,3,31,0,COFFEE,6,3,March,2010,7,Saturday,18,53,1,2,2,590,35.52754722,-108.76010000,12,3,0,1,0,0,1,0
350052,NEW MEXICO,NM,1,0,6,19,0,CEDAR BLUFF,13,3,March,2010,7,Saturday,7,5,1,1,1,24800,35.03034722,-104.41243056,1,1,0,6,0,0,1,0
350053,NEW MEXICO,NM,1,0,4,37,0,BRADFORD,12,3,March,2010,6,Friday,1,49,1,1,1,32780,35.07974167,-104.12515556,1,3,0,1,0,0,1,0
350054,NEW MEXICO,NM,3,0,6,49,0,COLLINSVILLE,2,4,April,2010,6,Friday,11,57,1,2,2,18270,36.00043889,-106.08604444,12,1,0,1,0,0,3,1
350055,NEW MEXICO,NM,1,0,1,1,30,AUTAUGA,28,3,March,2010,1,Sunday,13,15,0,13,6,0,35.10797222,-106.51820278,1,1,0,1,0,0,1,0
350056,NEW MEXICO,NM,2,0,2,39,3,ANDALUSIA,19,1,January,2010,3,Tuesday,21,40,1,2,2,20400,36.20944722,-106.32036111,12,2,0,1,0,0,2,1
350057,NEW MEXICO,NM,4,0,5,13,470,BOLLING,7,5,May,2010,6,Friday,20,29,1,2,2,15450,32.24997500,-107.14553889,12,2,0,1,0,0,2,1
350058,NEW MEXICO,NM,3,0,3,19,0,CEDAR BLUFF,21,1,January,2010,5,Thursday,23,45,1,2,2,3890,34.70542222,-104.41423333,12,2,0,1,0,0,1,0
350059,NEW MEXICO,NM,1,0,2,25,0,BARLOW BEND,29,1,January,2010,6,Friday,23,0,1,2,4,0,32.77031667,-103.63815278,43,2,0,1,0,0,1,1
350060,NEW MEXICO,NM,2,0,2,31,0,COFFEE,17,5,May,2010,2,Monday,6,48,1,1,1,4850,35.41045833,-108.28167778,12,1,0,1,0,0,1,0
350061,NEW MEXICO,NM,1,0,1,17,0,CHAMBERS,24,5,May,2010,2,Monday,14,32,1,1,1,4960,32.31223611,-108.60740556,1,1,0,1,0,0,1,0
350062,NEW MEXICO,NM,2,0,2,25,0,BARLOW BEND,27,5,May,2010,5,Thursday,9,33,1,2,3,770,32.49325833,-103.44752222,12,1,0,1,0,0,1,0
350063,NEW MEXICO,NM,2,0,2,43,677,BAILEYTON,29,3,March,2010,2,Monday,20,31,1,13,3,0,35.25318889,-106.64806389,12,3,0,1,0,0,1,0
350064,NEW MEXICO,NM,1,0,3,59,0,FRANKLIN,7,2,February,2010,1,Sunday,22,15,1,2,2,38860,36.64473333,-103.73720278,1,2,0,4,0,0,1,1
350065,NEW MEXICO,NM,2,0,3,1,30,AUTAUGA,6,4,April,2010,3,Tuesday,11,3,0,13,6,0,35.11520556,-106.70170833,33,1,0,1,0,0,2,0
350066,NEW MEXICO,NM,2,0,3,1,30,AUTAUGA,10,4,April,2010,7,Saturday,10,6,0,13,6,0,35.11597778,-106.61304444,12,1,0,1,0,0,1,0
350067,NEW MEXICO,NM,1,0,1,1,30,AUTAUGA,30,4,April,2010,6,Friday,11,27,0,13,6,0,35.07327778,-106.57150278,26,1,0,1,0,0,1,0
350068,NEW MEXICO,NM,3,0,7,27,0,ASHLAND,23,5,May,2010,1,Sunday,15,20,1,2,2,10340,33.38952778,-106.07376944,12,1,0,1,0,0,2,0
350069,NEW MEXICO,NM,2,0,3,45,617,ARITON,20,3,March,2010,7,Saturday,0,10,1,2,2,4350,36.35916667,-108.72096111,12,2,0,1,0,0,1,1