ST_CASE,State Name,State Abbreviation,VE_TOTAL,Pedestrains,Total_Persons_in_accident,COUNTY,CITY,City_County_Name,Calendar_DAY,MONTH,Month_Name,YEAR,DAY_WEEK,Day_Week_desc,HOUR,MINUTE,NHS_Desc,trafficway,ROUTE,MILEPT,LATITUDE,LONGITUD,First_Crash_event,Light_cond_desc,Weather_condition,WEATHER,SCH_BUS,Crash_cause,FATALS,DRUNK_DR
350070,NEW MEXICO,NM,3,0,5,13,34,BOLLING,21,1,January,2010,5,Thursday,21,12,0,13,6,0,32.01011389,-106.60858056,12,2,0,1,0,0,1,1
350071,NEW MEXICO,NM,1,0,1,35,585,BROOKLYN,21,1,January,2010,5,Thursday,15,35,1,2,8,0,33.15681111,-105.78872778,1,1,0,2,0,0,1,1
350072,NEW MEXICO,NM,2,1,2,1,30,AUTAUGA,24,2,February,2010,4,Wednesday,9,40,0,13,6,0,35.08845000,-106.63467500,14,1,0,1,0,0,1,1
350073,NEW MEXICO,NM,5,0,15,49,710,COLLINSVILLE,5,3,March,2010,6,Friday,20,57,0,13,6,0,35.63029722,-106.02264167,12,3,0,1,0,0,2,1
350074,NEW MEXICO,NM,2,0,2,1,30,AUTAUGA,14,3,March,2010,1,Sunday,3,56,1,1,1,25,35.10755278,-106.65596111,12,3,0,1,0,0,1,0
350075,NEW MEXICO,NM,1,0,5,9,190,BLOUNT,20,3,March,2010,7,Saturday,1,45,0,13,6,0,34.39664167,-103.18393611,42,2,0,4,0,0,1,0
350076,NEW MEXICO,NM,2,0,4,1,30,AUTAUGA,28,3,March,2010,1,Sunday,18,42,0,13,6,0,35.10906111,-106.54438889,12,3,0,1,0,0,2,1
350077,NEW MEXICO,NM,2,0,3,1,30,AUTAUGA,31,3,March,2010,4,Wednesday,21,53,0,13,6,0,35.06990833,-106.50009167,12,3,0,1,0,0,1,1
350078,NEW MEXICO,NM,1,1,2,45,0,ARITON,21,4,April,2010,4,Wednesday,5,35,1,2,2,0,36.70063056,-108.04203889,8,2,0,1,0,0,1,0
350079,NEW MEXICO,NM,1,1,4,29,230,BORDEN SPRINGS,24,4,April,2010,7,Saturday,0,14,1,1,1,7960,32.26659722,-107.79090000,8,2,0,1,0,0,1,0
350080,NEW MEXICO,NM,1,0,2,31,804,COFFEE,26,4,April,2010,2,Monday,13,55,1,1,1,5550,35.42479722,-108.31652778,24,1,0,1,0,0,1,0
350081,NEW MEXICO,NM,1,1,2,55,780,ATTALLA,1,6,June,2010,3,Tuesday,7,0,0,13,3,0,36.39323611,-105.58110278,8,1,0,1,0,0,1,0
350082,NEW MEXICO,NM,2,0,2,31,642,COFFEE,5,6,June,2010,7,Saturday,10,52,1,1,1,6640,35.39016944,-108.19344444,12,1,0,1,0,0,1,0
350083,NEW MEXICO,NM,1,0,1,29,230,BORDEN SPRINGS,1,5,May,2010,7,Saturday,23,56,0,13,3,0,32.22498333,-107.78553611,1,2,0,1,0,0,1,1
350084,NEW MEXICO,NM,2,0,2,45,0,ARITON,24,6,June,2010,5,Thursday,9,0,1,2,8,2810,34.94448889,-108.68774444,12,1,0,1,0,0,1,0
350085,NEW MEXICO,NM,1,0,1,23,0,BLADON SPRINGS,6,6,June,2010,1,Sunday,20,26,1,2,3,1250,32.07443056,-108.87511389,1,5,0,1,0,0,1,0
350086,NEW MEXICO,NM,1,0,1,13,0,BOLLING,3,6,June,2010,5,Thursday,17,7,1,1,1,4530,32.78005833,-107.25943611,35,1,0,1,0,0,1,1
350087,NEW MEXICO,NM,2,0,3,53,0,ATMORE,16,6,June,2010,4,Wednesday,13,0,1,1,1,16430,33.92570000,-106.87971944,12,1,0,6,0,0,1,0
350088,NEW MEXICO,NM,2,0,4,5,390,BAKER HILL,18,3,March,2010,5,Thursday,7,55,0,2,5,0,33.13955000,-104.37079722,12,1,0,5,0,0,1,0
350090,NEW MEXICO,NM,2,1,3,49,795,COLLINSVILLE,30,1,January,2010,7,Saturday,6,30,1,2,2,17450,35.85121389,-105.99600833,8,3,0,5,0,0,1,0
350091,NEW MEXICO,NM,1,0,1,49,0,COLLINSVILLE,28,4,April,2010,4,Wednesday,23,36,1,2,7,0,35.55192222,-106.11814444,35,2,0,1,0,0,1,1
350092,NEW MEXICO,NM,1,0,1,45,0,ARITON,2,5,May,2010,1,Sunday,0,28,1,2,4,0,36.75827778,-108.27953333,35,3,0,1,0,0,1,1
350093,NEW MEXICO,NM,1,1,1,61,530,BELLWOOD,3,5,May,2010,2,Monday,20,49,1,2,3,0,34.78032500,-106.96331944,9,3,0,1,0,0,1,0
350094,NEW MEXICO,NM,1,0,1,5,0,BAKER HILL,3,5,May,2010,2,Monday,16,34,1,2,2,12270,33.13467500,-104.44470278,1,1,0,1,0,0,1,1
350095,NEW MEXICO,NM,1,1,1,1,30,AUTAUGA,6,5,May,2010,5,Thursday,20,45,0,13,6,0,35.07714167,-106.58214444,8,3,0,1,0,0,1,0
350096,NEW MEXICO,NM,1,0,1,6,5,ACOMA,9,5,May,2010,1,Sunday,2,23,1,2,1,10285,35.03878056,-107.49049167,1,2,0,1,0,0,1,1
350097,NEW MEXICO,NM,2,0,2,1,30,AUTAUGA,15,5,May,2010,7,Saturday,4,40,0,13,6,0,35.14503889,-106.49828889,12,3,0,1,0,0,1,1
350098,NEW MEXICO,NM,1,1,1,1,30,AUTAUGA,16,5,May,2010,1,Sunday,4,35,0,13,6,0,35.14538889,-106.71278056,8,3,0,1,0,0,1,0
350099,NEW MEXICO,NM,1,1,2,1,30,AUTAUGA,15,5,May,2010,7,Saturday,20,35,0,13,6,0,35.06920556,-106.50858889,8,3,0,1,0,0,1,0
350100,NEW MEXICO,NM,1,0,2,1,0,AUTAUGA,19,5,May,2010,4,Wednesday,2,16,1,1,1,13370,35.03280833,-106.94297778,1,2,0,1,0,0,1,1
350101,NEW MEXICO,NM,1,0,3,45,714,ARITON,25,5,May,2010,3,Tuesday,2,5,1,2,8,0,36.42634722,-108.88174167,1,2,0,1,0,0,1,1
350102,NEW MEXICO,NM,2,0,2,15,0,ANNISTON,11,6,June,2010,6,Friday,13,49,1,2,3,200,32.79931389,-103.81513611,12,1,0,1,0,0,2,0
350103,NEW MEXICO,NM,1,1,1,45,310,ARITON,15,6,June,2010,3,Tuesday,21,32,0,13,6,0,36.75422222,-108.17155833,8,2,0,1,0,0,1,0
350104,NEW MEXICO,NM,2,0,2,39,406,ANDALUSIA,22,6,June,2010,3,Tuesday,15,11,1,2,2,19460,36.11215278,-106.15599722,24,1,0,1,0,0,1,0
350105,NEW MEXICO,NM,1,0,2,23,0,BLADON SPRINGS,23,6,June,2010,4,Wednesday,11,45,1,1,1,1420,32.22739722,-109.04849167,1,1,0,1,0,0,1,0
350106,NEW MEXICO,NM,1,2,3,13,470,BOLLING,28,6,June,2010,2,Monday,21,44,0,13,3,0,32.28304722,-106.76164444,8,3,0,1,0,0,1,1
350107,NEW MEXICO,NM,1,0,5,5,0,BAKER HILL,4,7,July,2010,1,Sunday,16,30,1,2,2,18580,33.35081944,-105.13984722,1,1,0,1,0,0,1,0
350108,NEW MEXICO,NM,2,0,2,45,0,ARITON,18,7,July,2010,1,Sunday,13,36,1,2,3,1010,36.86657500,-108.20503333,12,1,0,1,0,0,1,1
350109,NEW MEXICO,NM,1,0,1,25,0,BARLOW BEND,10,6,June,2010,5,Thursday,9,0,1,2,2,6350,32.66958056,-103.44014167,43,1,0,1,0,0,1,0
350110,NEW MEXICO,NM,1,0,3,23,500,BLADON SPRINGS,25,6,June,2010,6,Friday,11,0,1,2,2,2800,32.34320278,-108.68165000,1,1,0,1,0,0,1,0
350111,NEW MEXICO,NM,1,0,2,31,880,COFFEE,22,4,April,2010,5,Thursday,7,9,1,2,8,0,34.99070000,-109.00540278,24,4,0,4,0,0,1,0
350112,NEW MEXICO,NM,1,0,1,33,0,CHEROKEE,3,6,June,2010,5,Thursday,20,15,1,1,1,36950,36.01161667,-104.70640278,1,2,0,1,0,0,1,1
350113,NEW MEXICO,NM,2,0,3,15,0,ANNISTON,10,6,June,2010,5,Thursday,13,33,1,2,2,7800,32.50983889,-104.38735000,12,1,0,1,0,0,1,0
350114,NEW MEXICO,NM,1,0,7,37,0,BRADFORD,14,6,June,2010,2,Monday,17,47,1,1,1,34870,35.09315556,-104.07056944,1,1,0,1,0,0,1,0
350115,NEW MEXICO,NM,1,0,1,47,0,BROWNS,26,6,June,2010,7,Saturday,15,12,1,2,3,3610,35.30069722,-104.29913611,1,1,0,1,0,0,1,1
350116,NEW MEXICO,NM,1,0,1,49,710,COLLINSVILLE,29,6,June,2010,3,Tuesday,19,38,1,2,3,400,35.69759444,-105.90974722,42,2,0,1,0,0,1,1
350117,NEW MEXICO,NM,2,0,3,61,100,BELLWOOD,26,6,June,2010,7,Saturday,19,30,1,11,1,0,34.60467222,-106.78728056,12,1,0,1,0,0,1,0
350118,NEW MEXICO,NM,2,0,2,1,30,AUTAUGA,9,6,June,2010,4,Wednesday,17,40,0,13,6,0,35.07960000,-106.60240278,12,1,0,1,0,0,1,1
350119,NEW MEXICO,NM,1,0,1,23,0,BLADON SPRINGS,15,3,March,2010,2,Monday,16,0,1,1,1,500,32.22267778,-108.45728889,1,1,0,1,0,0,1,0
350120,NEW MEXICO,NM,2,0,3,1,30,AUTAUGA,17,6,June,2010,5,Thursday,10,50,0,13,3,0,35.18131389,-106.67484167,12,1,0,1,0,0,1,0
350121,NEW MEXICO,NM,2,0,3,6,360,ACOMA,12,7,July,2010,2,Monday,2,0,1,1,1,8500,35.15640833,-107.87947778,12,3,0,1,0,0,1,1
350122,NEW MEXICO,NM,1,0,4,7,0,BIBB,8,7,July,2010,5,Thursday,14,50,1,1,1,41005,36.21838056,-104.65859444,1,1,0,1,0,0,1,0
350123,NEW MEXICO,NM,1,0,5,37,0,BRADFORD,13,7,July,2010,3,Tuesday,7,26,1,1,1,32310,35.07974167,-104.12550000,1,1,0,1,0,0,1,0
350124,NEW MEXICO,NM,1,0,1,17,0,CHAMBERS,13,7,July,2010,3,Tuesday,20,15,1,2,3,940,32.84036667,-107.96359167,42,2,0,1,0,0,1,1
350125,NEW MEXICO,NM,1,0,1,35,0,BROOKLYN,17,7,July,2010,7,Saturday,15,30,1,2,2,25450,33.33375556,-105.58556667,33,1,0,1,0,0,1,0
350126,NEW MEXICO,NM,1,1,1,13,0,BOLLING,25,7,July,2010,1,Sunday,1,30,1,1,1,16430,32.24104444,-107.20021111,8,2,0,1,0,0,1,0
350127,NEW MEXICO,NM,1,0,1,31,880,COFFEE,21,5,May,2010,6,Friday,18,18,1,2,3,0,35.02029722,-109.04591667,1,1,0,1,0,0,1,1
350128,NEW MEXICO,NM,1,0,2,31,0,COFFEE,25,7,July,2010,1,Sunday,17,14,1,1,1,6580,35.37743333,-108.10993333,1,1,0,1,0,0,1,0
350129,NEW MEXICO,NM,1,0,4,29,0,BORDEN SPRINGS,26,7,July,2010,2,Monday,16,5,1,1,1,6760,32.20750000,-108.22992222,1,1,0,1,0,0,1,0
350130,NEW MEXICO,NM,2,0,4,43,0,BAILEYTON,28,1,January,2010,5,Thursday,2,30,1,2,3,2550,35.78391111,-107.26510000,12,2,0,1,0,0,1,1
350132,NEW MEXICO,NM,1,0,1,19,0,CEDAR BLUFF,28,1,January,2010,5,Thursday,6,0,0,2,8,115,34.85394722,-104.80956944,1,2,3,4,0,0,1,1
350133,NEW MEXICO,NM,2,0,2,15,130,ANNISTON,3,3,March,2010,4,Wednesday,18,56,1,13,2,3700,32.00247222,-104.52504167,12,2,0,1,0,0,1,0
350134,NEW MEXICO,NM,2,0,7,31,0,COFFEE,14,3,March,2010,1,Sunday,7,50,1,1,1,4215,35.41017778,-108.28150833,14,1,0,4,0,0,1,0
350135,NEW MEXICO,NM,2,0,3,5,670,BAKER HILL,24,3,March,2010,4,Wednesday,14,37,0,13,6,0,33.39311111,-104.53628611,12,1,0,1,0,0,1,0
350136,NEW MEXICO,NM,1,0,1,31,0,COFFEE,7,5,May,2010,6,Friday,8,16,1,2,3,4660,35.39632778,-108.22400000,1,1,0,1,0,0,1,0
350137,NEW MEXICO,NM,1,0,4,39,280,ANDALUSIA,28,5,May,2010,6,Friday,22,49,1,2,3,0,35.98245000,-106.06295556,39,3,0,1,0,0,2,0
350138,NEW MEXICO,NM,2,0,3,61,9997,BELLWOOD,11,6,June,2010,6,Friday,17,27,1,2,3,3600,34.83818056,-106.69132222,12,1,0,1,0,0,1,2
350139,NEW MEXICO,NM,1,0,1,55,0,ATTALLA,23,5,May,2010,1,Sunday,15,53,1,2,2,24390,36.46236667,-105.64908056,35,1,0,6,0,0,1,0
350140,NEW MEXICO,NM,1,0,1,45,0,ARITON,6,6,June,2010,1,Sunday,12,49,1,2,2,8420,36.70070000,-108.04161111,35,1,0,1,0,0,1,1
350141,NEW MEXICO,NM,1,0,5,43,740,BAILEYTON,6,6,June,2010,1,Sunday,15,50,1,2,3,69,35.46961667,-106.30379722,1,1,0,1,0,0,2,0
350142,NEW MEXICO,NM,1,0,4,37,0,BRADFORD,18,1,January,2010,2,Monday,7,48,1,1,1,32695,35.09343611,-104.07039722,1,1,0,1,0,0,1,0
350143,NEW MEXICO,NM,1,0,1,25,0,BARLOW BEND,20,1,January,2010,4,Wednesday,18,0,1,2,3,805,32.56316389,-103.81427778,1,2,0,1,0,0,1,0
350144,NEW MEXICO,NM,2,0,4,31,340,COFFEE,4,2,February,2010,5,Thursday,8,17,1,1,1,2310,35.42507778,-108.31601111,12,1,3,4,0,0,1,0
350146,NEW MEXICO,NM,1,0,1,55,0,ATTALLA,30,6,June,2010,4,Wednesday,17,0,0,9,8,60,36.62064167,-105.87643333,5,2,0,1,0,0,1,1
350147,NEW MEXICO,NM,2,0,4,13,34,BOLLING,30,6,June,2010,4,Wednesday,16,36,0,2,5,0,32.00050556,-106.58334722,12,1,0,1,0,0,1,0
350148,NEW MEXICO,NM,2,0,2,49,280,COLLINSVILLE,21,4,April,2010,4,Wednesday,10,5,1,2,2,0,35.99099444,-106.08063611,12,1,0,1,0,0,1,1
350149,NEW MEXICO,NM,2,0,4,6,0,ACOMA,2,7,July,2010,6,Friday,15,33,1,1,1,12640,35.06836111,-107.68275278,12,1,0,1,0,0,2,0
350150,NEW MEXICO,NM,1,0,1,49,0,COLLINSVILLE,17,7,July,2010,7,Saturday,12,51,1,2,3,1505,35.22430556,-106.15651111,1,1,0,1,0,0,1,0
350151,NEW MEXICO,NM,2,0,3,19,0,CEDAR BLUFF,19,7,July,2010,2,Monday,6,55,1,1,1,24340,35.02985556,-104.41208889,12,1,0,1,0,0,2,0
350152,NEW MEXICO,NM,2,0,3,51,0,CENTRAL,23,7,July,2010,6,Friday,11,46,1,2,3,3000,32.91302778,-107.31462500,12,1,0,1,0,0,1,0
350153,NEW MEXICO,NM,1,0,2,6,0,ACOMA,2,8,August,2010,2,Monday,4,4,1,1,1,10330,35.06836111,-107.68292500,1,2,0,1,0,0,1,0
350154,NEW MEXICO,NM,1,0,1,15,0,ANNISTON,3,8,August,2010,3,Tuesday,5,8,1,2,4,210,32.45603889,-104.22875278,1,2,0,1,0,0,1,1
350155,NEW MEXICO,NM,2,0,2,13,0,BOLLING,3,8,August,2010,3,Tuesday,6,19,1,2,3,405,32.02496111,-106.61621944,12,1,0,1,0,0,1,0
350156,NEW MEXICO,NM,1,0,1,49,710,COLLINSVILLE,5,8,August,2010,5,Thursday,1,34,0,2,6,0,35.61837222,-106.08406944,33,3,0,1,0,0,1,1
350157,NEW MEXICO,NM,1,1,1,13,470,BOLLING,10,8,August,2010,3,Tuesday,20,25,1,1,1,14600,32.25636111,-106.72874444,8,2,0,1,0,0,1,0
350158,NEW MEXICO,NM,1,0,2,7,0,BIBB,21,7,July,2010,4,Wednesday,10,47,1,2,3,0,34.41901667,-103.10849167,5,1,0,1,0,0,1,0
350159,NEW MEXICO,NM,1,0,4,3,0,BALDWIN,12,8,August,2010,5,Thursday,13,0,1,2,3,820,34.33762500,-108.14246111,35,1,0,1,0,0,1,1
350160,NEW MEXICO,NM,1,1,1,13,470,BOLLING,12,8,August,2010,5,Thursday,4,16,0,13,6,0,32.21309167,-106.69887500,8,2,0,1,0,0,1,0
350161,NEW MEXICO,NM,1,0,1,15,0,ANNISTON,25,8,August,2010,4,Wednesday,15,30,1,2,4,110,32.19885833,-103.97984444,1,1,0,1,0,0,1,0
350162,NEW MEXICO,NM,1,1,1,1,30,AUTAUGA,29,8,August,2010,1,Sunday,2,5,0,13,6,0,35.11955833,-106.53365000,8,2,0,1,0,0,1,0
350163,NEW MEXICO,NM,1,0,1,45,745,ARITON,4,9,September,2010,7,Saturday,19,3,1,2,8,0,36.78793056,-108.70046667,1,1,0,1,0,0,1,1
350164,NEW MEXICO,NM,1,0,1,39,0,ANDALUSIA,2,9,September,2010,5,Thursday,21,23,1,2,3,270,36.04027778,-106.08968611,38,2,0,1,0,0,1,1
350165,NEW MEXICO,NM,1,0,1,25,410,BARLOW BEND,21,9,September,2010,3,Tuesday,12,25,0,13,6,0,32.75775833,-103.17071944,38,1,0,1,0,0,1,0
350166,NEW MEXICO,NM,1,0,1,43,0,BAILEYTON,29,8,August,2010,1,Sunday,22,40,1,2,2,9130,35.41395556,-106.64093889,35,2,0,1,0,0,1,1
350167,NEW MEXICO,NM,1,1,1,49,710,COLLINSVILLE,8,9,September,2010,4,Wednesday,1,6,1,1,1,28435,35.59255278,-106.05926389,8,2,0,1,0,0,1,0
350168,NEW MEXICO,NM,1,0,1,45,745,ARITON,19,8,August,2010,5,Thursday,21,40,1,2,2,2450,36.82550000,-108.98480278,42,2,0,2,0,0,1,1
350169,NEW MEXICO,NM,2,0,3,49,280,COLLINSVILLE,23,3,March,2010,3,Tuesday,8,44,0,13,5,0,35.99655000,-106.08389722,12,1,0,1,0,0,1,0
350170,NEW MEXICO,NM,1,0,1,31,0,COFFEE,28,6,June,2010,2,Monday,4,57,1,2,8,0,35.66386667,-108.13824167,1,2,0,1,0,0,1,1
350171,NEW MEXICO,NM,1,0,4,31,612,COFFEE,20,3,March,2010,7,Saturday,7,8,1,2,8,4220,35.90895000,-109.02264167,38,4,0,1,0,0,1,1
350172,NEW MEXICO,NM,2,0,5,31,0,COFFEE,31,5,May,2010,2,Monday,12,4,1,2,3,2390,35.21953889,-108.76507778,12,1,0,1,0,0,1,0
350173,NEW MEXICO,NM,1,0,1,7,0,BIBB,29,8,August,2010,1,Sunday,19,2,1,2,2,33400,36.54432778,-105.23323056,31,5,0,1,0,0,1,1
350174,NEW MEXICO,NM,1,0,1,15,0,ANNISTON,21,9,September,2010,3,Tuesday,21,0,1,2,4,280,32.16515000,-103.84294444,1,2,0,1,0,0,1,0
350175,NEW MEXICO,NM,1,0,1,31,215,COFFEE,19,6,June,2010,7,Saturday,10,51,1,2,8,4600,35.67725278,-108.14373333,1,1,0,1,0,0,1,1
350176,NEW MEXICO,NM,1,0,1,61,530,BELLWOOD,14,4,April,2010,4,Wednesday,4,4,1,2,3,0,34.74633889,-106.74934444,1,3,0,1,0,0,1,1
350177,NEW MEXICO,NM,4,0,7,1,30,AUTAUGA,25,5,May,2010,3,Tuesday,17,32,0,13,6,0,35.09470000,-106.52498333,12,3,0,1,0,0,1,0
350178,NEW MEXICO,NM,1,0,5,13,253,BOLLING,27,6,June,2010,1,Sunday,3,19,0,13,6,0,32.42054444,-106.64875000,1,3,0,1,0,0,1,1
350179,NEW MEXICO,NM,2,0,6,1,0,AUTAUGA,4,7,July,2010,1,Sunday,18,56,1,1,1,760,35.10642778,-106.65527222,12,1,0,1,0,0,3,1
350180,NEW MEXICO,NM,1,1,5,45,745,ARITON,16,9,September,2010,5,Thursday,23,9,1,1,2,9340,36.73798889,-108.70508056,8,3,0,1,0,0,1,0
350182,NEW MEXICO,NM,1,0,4,43,0,BAILEYTON,23,8,August,2010,2,Monday,23,0,1,1,1,2510,35.40129444,-106.43588889,1,2,0,1,0,0,1,0
350183,NEW MEXICO,NM,1,0,1,39,534,ANDALUSIA,7,9,September,2010,3,Tuesday,0,50,1,2,2,17105,36.65031111,-106.51957500,1,2,0,1,0,0,1,1
350184,NEW MEXICO,NM,1,1,1,49,0,COLLINSVILLE,18,6,June,2010,6,Friday,20,54,1,2,2,18670,36.00036944,-106.08595833,8,2,0,1,0,0,1,0
350185,NEW MEXICO,NM,1,0,2,1,30,AUTAUGA,27,6,June,2010,1,Sunday,0,4,0,13,6,0,35.13605556,-106.52489722,33,3,0,1,0,0,2,1
350186,NEW MEXICO,NM,2,0,3,1,30,AUTAUGA,14,6,June,2010,2,Monday,9,20,0,13,6,0,35.13072500,-106.55982778,12,1,0,1,0,0,1,1
350187,NEW MEXICO,NM,1,0,2,55,809,ATTALLA,20,8,August,2010,6,Friday,23,47,1,2,2,39000,36.29444444,-106.04965278,11,2,0,1,0,0,1,0
350188,NEW MEXICO,NM,1,0,1,55,0,ATTALLA,11,9,September,2010,7,Saturday,4,7,1,2,2,24930,36.46243333,-105.64933889,1,2,0,1,0,0,1,1
350189,NEW MEXICO,NM,2,0,2,61,0,BELLWOOD,2,10,October,2010,7,Saturday,15,10,1,2,3,1500,34.47380278,-106.56489444,12,1,0,1,0,0,1,0
350190,NEW MEXICO,NM,2,0,3,5,0,BAKER HILL,4,10,October,2010,2,Monday,22,5,1,2,2,9840,33.25570000,-104.46375833,12,2,0,1,0,0,2,0
350191,NEW MEXICO,NM,1,0,3,53,0,ATMORE,5,10,October,2010,3,Tuesday,18,30,1,2,2,10540,34.00414722,-106.96340556,1,1,0,1,0,0,1,0
350192,NEW MEXICO,NM,2,1,2,13,0,BOLLING,8,10,October,2010,6,Friday,13,22,1,2,2,980,31.78998056,-106.53991389,8,1,0,1,0,0,1,0
350193,NEW MEXICO,NM,1,0,1,61,100,BELLWOOD,10,9,September,2010,6,Friday,2,13,1,2,3,50,34.67839444,-106.77200278,24,3,0,1,0,0,1,1
350194,NEW MEXICO,NM,1,0,1,17,0,CHAMBERS,11,10,October,2010,2,Monday,15,40,1,1,1,4880,32.26652222,-107.79090000,1,1,0,1,0,0,1,0
350195,NEW MEXICO,NM,1,0,1,25,410,BARLOW BEND,15,10,October,2010,6,Friday,23,23,1,2,4,0,32.69674444,-103.18007500,30,2,0,1,0,0,1,1
350196,NEW MEXICO,NM,2,0,3,51,810,CENTRAL,24,3,March,2010,4,Wednesday,18,10,0,2,3,0,33.13683333,-107.23076944,12,1,0,1,0,0,1,1
350197,NEW MEXICO,NM,2,0,2,45,115,ARITON,28,9,September,2010,3,Tuesday,20,25,0,2,5,0,36.70950833,-108.01156944,12,2,0,1,0,0,1,0
350198,NEW MEXICO,NM,2,0,2,15,0,ANNISTON,12,10,October,2010,3,Tuesday,14,59,1,2,2,12210,32.81858611,-103.97898611,12,1,0,1,0,0,1,0
350199,NEW MEXICO,NM,2,0,2,29,0,BORDEN SPRINGS,15,10,October,2010,6,Friday,2,2,1,1,1,9140,32.26681389,-107.79090000,12,2,0,1,0,0,1,0
350200,NEW MEXICO,NM,1,0,5,31,0,COFFEE,25,5,May,2010,3,Tuesday,6,29,1,2,8,4470,35.96676667,-108.99517500,1,4,0,1,0,0,2,1
350201,NEW MEXICO,NM,1,0,1,13,34,BOLLING,21,7,July,2010,4,Wednesday,2,58,0,9,8,20,32.05260833,-106.61570556,38,2,0,1,0,0,1,0
350202,NEW MEXICO,NM,2,0,5,25,410,BARLOW BEND,2,9,September,2010,5,Thursday,7,39,0,13,6,0,32.69667222,-103.12411389,12,1,0,1,0,0,1,0
350203,NEW MEXICO,NM,2,0,3,25,0,BARLOW BEND,29,8,August,2010,1,Sunday,17,3,1,2,3,802,32.94393333,-103.33997778,12,1,0,1,0,0,2,0
350204,NEW MEXICO,NM,1,0,5,13,0,BOLLING,17,10,October,2010,1,Sunday,13,25,1,1,1,11670,32.24133611,-107.20055556,1,1,0,1,0,0,1,0
350205,NEW MEXICO,NM,1,1,1,35,20,BROOKLYN,25,9,September,2010,7,Saturday,20,51,0,13,6,0,32.90891944,-105.96090278,8,3,0,1,0,0,1,0
350206,NEW MEXICO,NM,1,0,2,15,0,ANNISTON,29,8,August,2010,1,Sunday,12,53,1,2,2,5605,32.17445000,-104.37681111,1,1,0,1,0,0,1,1
350207,NEW MEXICO,NM,1,0,1,39,0,ANDALUSIA,12,10,October,2010,3,Tuesday,5,8,1,2,8,0,36.38597500,-105.66671389,1,2,0,1,0,0,1,0
350208,NEW MEXICO,NM,1,0,1,55,32,ATTALLA,10,9,September,2010,6,Friday,18,34,1,2,3,620,36.94461111,-105.45733333,1,1,0,1,0,0,1,0
350209,NEW MEXICO,NM,2,0,6,43,29,BAILEYTON,27,9,September,2010,2,Monday,18,13,1,1,1,24800,35.40122500,-106.43580556,12,1,0,1,0,0,1,0
350210,NEW MEXICO,NM,3,0,7,37,0,BRADFORD,1,11,November,2010,2,Monday,11,26,1,2,2,34850,35.29025833,-103.46803611,12,1,0,1,0,0,2,0
350211,NEW MEXICO,NM,1,0,3,37,0,BRADFORD,5,11,November,2010,6,Friday,6,50,1,1,1,31410,35.09350833,-104.07082500,24,4,0,1,0,0,1,0
350212,NEW MEXICO,NM,1,0,3,13,0,BOLLING,5,11,November,2010,6,Friday,22,5,0,6,4,0,32.40424167,-106.80907778,17,2,0,1,0,0,1,1
350214,NEW MEXICO,NM,1,0,6,13,0,BOLLING,27,7,July,2010,3,Tuesday,19,41,1,2,3,0,32.01040556,-106.61038333,10,1,0,1,0,0,1,0
350215,NEW MEXICO,NM,1,0,1,1,30,AUTAUGA,5,9,September,2010,1,Sunday,4,45,0,13,6,0,34.98387778,-106.86195278,1,2,0,1,0,0,1,1
350216,NEW MEXICO,NM,1,0,1,19,0,CEDAR BLUFF,12,10,October,2010,3,Tuesday,21,31,1,1,1,2704,35.06716667,-104.18103333,35,3,0,1,0,0,1,0
350217,NEW MEXICO,NM,2,0,2,17,750,CHAMBERS,15,10,October,2010,6,Friday,12,27,1,13,2,0,32.78684167,-108.24503056,12,1,0,1,0,0,1,0
350218,NEW MEXICO,NM,1,0,2,39,661,ANDALUSIA,12,9,September,2010,1,Sunday,20,20,1,2,3,245,36.00390833,-105.96751111,24,2,0,1,0,0,1,0
350219,NEW MEXICO,NM,1,0,1,6,598,ACOMA,13,10,October,2010,4,Wednesday,16,48,1,2,3,0,35.18826111,-107.89492500,43,1,0,1,0,0,1,0
350220,NEW MEXICO,NM,2,0,5,5,0,BAKER HILL,21,10,October,2010,5,Thursday,8,7,1,2,3,291,33.18964167,-104.36720000,12,1,0,1,0,0,1,0
350221,NEW MEXICO,NM,2,0,5,15,0,ANNISTON,24,10,October,2010,1,Sunday,6,19,1,1,2,1260,32.84267500,-104.45114167,12,3,0,1,0,0,1,0
350222,NEW MEXICO,NM,2,0,4,43,110,BAILEYTON,25,9,September,2010,7,Saturday,13,35,1,1,1,2400,35.31575833,-106.53116944,12,1,0,1,0,0,1,1
350223,NEW MEXICO,NM,1,0,3,39,255,ANDALUSIA,16,10,October,2010,7,Saturday,19,18,1,2,8,0,36.94995278,-107.08944444,58,5,0,1,0,0,1,1
350224,NEW MEXICO,NM,1,1,1,15,130,ANNISTON,30,10,October,2010,7,Saturday,20,9,0,13,6,0,32.41800833,-104.23871111,8,3,0,1,0,0,1,0
350225,NEW MEXICO,NM,1,1,2,1,30,AUTAUGA,10,9,September,2010,6,Friday,23,42,0,13,6,0,35.07707222,-106.72316667,8,3,0,1,0,0,1,0
350226,NEW MEXICO,NM,1,0,2,47,0,BROWNS,7,11,November,2010,1,Sunday,20,32,1,1,1,3155,35.42193056,-105.55835833,1,2,0,1,0,0,1,0
350227,NEW MEXICO,NM,1,0,2,35,0,BROOKLYN,19,9,September,2010,1,Sunday,22,8,1,2,2,80,32.39626944,-106.08518611,1,2,0,1,0,0,1,0
350229,NEW MEXICO,NM,1,1,1,1,30,AUTAUGA,20,8,August,2010,6,Friday,20,59,0,13,6,0,35.07278611,-106.57107222,8,3,0,1,0,0,1,0