ST_CASE,State Name,State Abbreviation,VE_TOTAL,Pedestrains,Total_Persons_in_accident,COUNTY,CITY,City_County_Name,Calendar_DAY,MONTH,Month_Name,YEAR,DAY_WEEK,Day_Week_desc,HOUR,MINUTE,NHS_Desc,trafficway,ROUTE,MILEPT,LATITUDE,LONGITUD,First_Crash_event,Light_cond_desc,Weather_condition,WEATHER,SCH_BUS,Crash_cause,FATALS,DRUNK_DR
350230,NEW MEXICO,NM,1,1,2,41,0,BRANTLEY,9,2,February,2010,3,Tuesday,18,12,1,2,3,32,34.18525278,-103.55901667,9,2,0,1,0,0,1,0
350231,NEW MEXICO,NM,2,0,4,61,100,BELLWOOD,15,10,October,2010,6,Friday,11,20,0,13,6,0,34.67168889,-106.75930000,12,1,0,1,0,0,1,0
350232,NEW MEXICO,NM,2,0,3,19,840,CEDAR BLUFF,23,12,December,2010,5,Thursday,0,20,1,2,2,2500,34.59280278,-105.18911389,12,2,0,1,0,0,1,0
350233,NEW MEXICO,NM,1,0,1,49,0,COLLINSVILLE,16,12,December,2010,5,Thursday,2,27,1,2,4,0,35.57433333,-106.11385278,35,2,0,1,0,0,1,1
350234,NEW MEXICO,NM,1,0,1,51,0,CENTRAL,8,11,November,2010,2,Monday,11,15,1,1,1,980,32.78292500,-107.26225000,59,1,0,1,0,0,1,1
350235,NEW MEXICO,NM,1,0,1,35,9997,BROOKLYN,22,12,December,2010,4,Wednesday,16,52,0,2,5,0,32.63243611,-105.69019444,5,1,0,1,0,0,1,1
350236,NEW MEXICO,NM,1,1,1,1,30,AUTAUGA,2,12,December,2010,5,Thursday,16,30,0,13,6,0,35.12375278,-106.62265000,9,5,0,1,0,0,1,0
350237,NEW MEXICO,NM,1,0,1,55,780,ATTALLA,14,12,December,2010,3,Tuesday,6,46,1,2,3,28,36.45787778,-105.59655278,1,4,0,1,0,0,1,0
350238,NEW MEXICO,NM,1,0,1,25,0,BARLOW BEND,28,10,October,2010,5,Thursday,19,14,1,2,2,680,32.66965278,-103.44022778,1,2,0,1,0,0,1,0
350239,NEW MEXICO,NM,1,0,5,57,290,BANKSTON,17,11,November,2010,4,Wednesday,18,15,0,2,5,0,34.77359444,-106.07835278,32,2,0,1,0,0,1,0
350240,NEW MEXICO,NM,1,0,1,5,0,BAKER HILL,19,11,November,2010,6,Friday,5,18,1,2,3,207,32.96503611,-103.80140278,1,2,0,1,0,0,1,1
350241,NEW MEXICO,NM,2,0,2,49,0,COLLINSVILLE,24,11,November,2010,4,Wednesday,16,44,1,1,1,2820,35.59422778,-106.06132500,12,5,0,1,0,0,1,0
350242,NEW MEXICO,NM,3,0,6,13,0,BOLLING,27,11,November,2010,7,Saturday,16,20,1,2,3,34,32.02474167,-106.61605000,12,1,0,1,0,0,1,0
350243,NEW MEXICO,NM,1,0,2,35,0,BROOKLYN,30,11,November,2010,3,Tuesday,2,30,1,2,2,216,32.96150556,-105.72950278,35,2,0,1,0,0,1,1
350244,NEW MEXICO,NM,1,0,1,55,0,ATTALLA,30,11,November,2010,3,Tuesday,11,55,1,2,4,0,36.39104167,-105.56881389,1,1,0,1,0,0,1,1
350245,NEW MEXICO,NM,1,0,2,41,640,BRANTLEY,5,12,December,2010,1,Sunday,10,55,0,2,5,0,34.22918889,-103.44014167,35,1,0,1,0,0,2,1
350246,NEW MEXICO,NM,1,0,1,47,480,BROWNS,2,12,December,2010,5,Thursday,2,1,0,13,5,0,35.59297222,-105.22679444,19,3,0,1,0,0,1,1
350247,NEW MEXICO,NM,1,0,1,35,0,BROOKLYN,13,10,October,2010,4,Wednesday,8,45,1,2,2,227,32.96143333,-105.72967500,1,1,0,1,0,0,1,0
350248,NEW MEXICO,NM,1,1,9,13,470,BOLLING,13,10,October,2010,4,Wednesday,22,50,0,13,6,0,32.29605833,-106.78831111,9,2,0,1,0,0,1,0
350249,NEW MEXICO,NM,2,0,3,49,710,COLLINSVILLE,19,10,October,2010,3,Tuesday,8,25,0,13,6,0,35.63978889,-105.97875556,12,1,0,1,0,0,1,0
350250,NEW MEXICO,NM,1,1,1,45,310,ARITON,13,12,December,2010,2,Monday,17,20,0,13,6,0,36.72897778,-108.22262778,8,3,0,1,0,0,1,0
350252,NEW MEXICO,NM,1,0,1,53,0,ATMORE,19,12,December,2010,1,Sunday,7,41,1,2,3,267,33.65771111,-107.13867222,35,2,0,1,0,0,1,1
350253,NEW MEXICO,NM,1,0,1,6,360,ACOMA,16,12,December,2010,5,Thursday,12,1,1,1,1,812,35.15605556,-107.87913333,17,1,0,1,0,0,1,0
350254,NEW MEXICO,NM,1,0,2,49,0,COLLINSVILLE,21,11,November,2010,1,Sunday,0,17,1,2,7,0,35.54863889,-105.82872500,59,2,0,1,0,0,1,1
350255,NEW MEXICO,NM,1,0,1,13,470,BOLLING,16,10,October,2010,7,Saturday,1,11,1,2,2,1540,32.28132778,-106.88186667,38,2,0,1,0,0,1,1
350256,NEW MEXICO,NM,1,0,2,5,670,BAKER HILL,16,11,November,2010,3,Tuesday,13,30,0,13,6,0,33.33612222,-104.53045000,42,1,0,1,0,0,1,0
350257,NEW MEXICO,NM,1,0,2,49,261,COLLINSVILLE,2,12,December,2010,5,Thursday,4,58,1,1,1,1854,35.05676944,-106.17230278,1,2,0,1,0,0,1,0
350258,NEW MEXICO,NM,1,1,2,45,745,ARITON,9,9,September,2010,5,Thursday,20,40,1,2,2,967,36.73798889,-108.70499722,8,2,0,1,0,0,1,0
350259,NEW MEXICO,NM,2,0,2,13,470,BOLLING,6,8,August,2010,6,Friday,9,40,0,13,6,0,32.32775833,-106.77889722,12,1,0,1,0,0,1,0
350260,NEW MEXICO,NM,1,0,4,6,0,ACOMA,25,12,December,2010,7,Saturday,1,44,1,2,3,386,34.69674444,-108.11430833,1,2,0,1,0,0,1,0
350261,NEW MEXICO,NM,2,0,5,7,0,BIBB,15,10,October,2010,6,Friday,9,17,1,2,2,933,36.30530278,-104.25931111,12,1,0,1,0,0,1,0
350262,NEW MEXICO,NM,1,1,1,45,310,ARITON,8,8,August,2010,1,Sunday,22,36,0,13,6,0,36.73413889,-108.20262778,8,3,0,1,0,0,1,0
350263,NEW MEXICO,NM,1,1,1,55,645,ATTALLA,30,7,July,2010,6,Friday,23,22,1,2,3,190,36.72953056,-105.59552222,9,3,0,2,0,0,1,0
350264,NEW MEXICO,NM,1,1,1,9,190,BLOUNT,19,9,September,2010,1,Sunday,15,39,0,13,6,0,34.40677222,-103.22293333,8,1,0,1,0,0,1,0
350265,NEW MEXICO,NM,2,0,2,47,480,BROWNS,24,8,August,2010,3,Tuesday,16,45,1,2,3,67,35.57133056,-105.22112778,12,1,0,1,0,0,1,0
350266,NEW MEXICO,NM,2,0,5,31,340,COFFEE,4,9,September,2010,7,Saturday,23,53,1,2,3,273,35.21925833,-108.76507778,12,2,0,1,0,0,1,1
350267,NEW MEXICO,NM,1,0,4,13,470,BOLLING,26,7,July,2010,2,Monday,21,21,0,13,6,0,32.39641389,-106.68342500,1,3,0,1,0,0,1,1
350269,NEW MEXICO,NM,2,0,4,43,0,BAILEYTON,28,12,December,2010,3,Tuesday,7,25,1,2,1,2378,35.33186111,-106.52346667,12,1,0,1,0,0,1,0
350270,NEW MEXICO,NM,2,0,4,55,0,ATTALLA,30,12,December,2010,5,Thursday,9,10,1,2,2,2591,36.46229722,-105.64916667,12,1,0,1,0,0,1,0
350272,NEW MEXICO,NM,1,0,1,43,677,BAILEYTON,5,6,June,2010,7,Saturday,22,17,0,13,6,0,35.23451111,-106.69857778,1,2,0,1,0,0,1,1
350273,NEW MEXICO,NM,1,0,1,37,0,BRADFORD,12,12,December,2010,1,Sunday,20,48,1,2,1,3477,35.09336667,-104.07065278,1,2,0,1,0,0,1,0
350274,NEW MEXICO,NM,2,0,4,1,0,AUTAUGA,17,7,July,2010,7,Saturday,1,9,1,1,1,1490,35.03561944,-106.93130556,12,3,0,1,0,0,1,1
350275,NEW MEXICO,NM,1,1,1,1,30,AUTAUGA,4,10,October,2010,2,Monday,20,0,0,13,6,0,35.05831667,-106.57785278,8,3,0,1,0,0,1,0
350276,NEW MEXICO,NM,2,0,3,25,0,BARLOW BEND,30,12,December,2010,5,Thursday,5,5,1,2,3,608,32.59115278,-103.12797500,12,2,0,1,0,0,1,0
350277,NEW MEXICO,NM,1,0,3,61,100,BELLWOOD,27,12,December,2010,2,Monday,22,6,1,1,1,1949,34.60446111,-106.78710833,1,2,0,1,0,0,1,0
350278,NEW MEXICO,NM,2,0,3,5,0,BAKER HILL,15,11,November,2010,2,Monday,18,0,1,2,2,0,33.38902500,-105.27648889,12,2,0,1,0,0,1,0
350279,NEW MEXICO,NM,2,0,2,45,310,ARITON,10,11,November,2010,4,Wednesday,17,48,0,13,6,0,36.77361111,-108.19353056,12,3,0,1,0,0,1,0
350280,NEW MEXICO,NM,1,0,2,43,677,BAILEYTON,3,8,August,2010,3,Tuesday,10,9,0,13,6,0,35.35139722,-106.61167222,1,1,0,1,0,0,1,1
350281,NEW MEXICO,NM,1,0,2,23,0,BLADON SPRINGS,31,12,December,2010,6,Friday,6,30,1,1,1,208,32.22725000,-109.04849167,24,4,0,1,0,0,1,0
350282,NEW MEXICO,NM,1,0,2,1,30,AUTAUGA,9,10,October,2010,7,Saturday,13,36,1,1,1,2230,35.09224167,-106.63415833,1,1,0,1,0,0,2,0
350283,NEW MEXICO,NM,2,0,3,49,710,COLLINSVILLE,14,12,December,2010,3,Tuesday,2,24,1,1,1,2790,35.59366944,-106.06132500,12,2,0,1,0,0,1,1
350284,NEW MEXICO,NM,2,0,4,5,390,BAKER HILL,19,1,January,2010,3,Tuesday,10,0,0,2,3,0,33.11023611,-104.33638611,12,1,0,1,0,0,1,0
350286,NEW MEXICO,NM,2,0,2,47,0,BROWNS,23,3,March,2010,3,Tuesday,22,25,1,1,1,3160,35.42206944,-105.55861389,12,2,0,1,0,0,2,2
350287,NEW MEXICO,NM,3,0,3,15,0,ANNISTON,13,11,November,2010,7,Saturday,19,9,1,2,2,738,32.51555278,-104.37998889,12,2,0,1,0,0,1,0
350289,NEW MEXICO,NM,1,0,1,29,0,BORDEN SPRINGS,13,4,April,2010,3,Tuesday,15,25,1,1,1,993,32.20757222,-108.23018056,1,1,0,1,0,0,1,0
350290,NEW MEXICO,NM,2,0,2,28,510,LOS ALAMOS,20,8,August,2010,6,Friday,7,55,1,2,3,57,35.83437500,-106.36121667,12,1,0,1,0,0,1,0
350291,NEW MEXICO,NM,1,1,1,1,30,AUTAUGA,7,10,October,2010,5,Thursday,19,41,0,13,6,0,35.10333889,-106.56008611,8,3,0,1,0,0,1,1
350292,NEW MEXICO,NM,1,0,1,1,30,AUTAUGA,25,9,September,2010,7,Saturday,19,9,0,13,6,0,35.09470000,-106.57768333,33,3,0,1,0,0,1,1
350293,NEW MEXICO,NM,1,0,4,13,0,BOLLING,29,8,August,2010,1,Sunday,8,29,1,1,1,1270,32.27958611,-106.89216667,1,1,0,1,0,0,1,0
350294,NEW MEXICO,NM,1,1,1,31,159,COFFEE,11,12,December,2010,7,Saturday,21,41,1,2,3,11,35.53802222,-108.60611944,8,3,0,1,0,0,1,0
350295,NEW MEXICO,NM,1,2,3,7,660,BIBB,4,12,December,2010,7,Saturday,18,12,0,6,5,0,36.87035278,-104.44024167,8,2,0,1,0,0,1,0
350296,NEW MEXICO,NM,1,0,2,55,809,ATTALLA,24,8,August,2010,3,Tuesday,20,35,1,2,2,2302,36.38439167,-105.55689722,11,2,0,1,0,0,1,0
350298,NEW MEXICO,NM,2,1,2,1,30,AUTAUGA,7,7,July,2010,4,Wednesday,22,22,0,13,6,0,34.95574444,-106.68205278,9,2,0,1,0,0,1,0
350299,NEW MEXICO,NM,2,0,3,1,30,AUTAUGA,20,9,September,2010,2,Monday,19,16,0,13,6,0,34.94610556,-106.70986111,12,1,0,1,0,0,1,0
350300,NEW MEXICO,NM,1,0,4,1,806,AUTAUGA,21,11,November,2010,1,Sunday,13,31,1,2,3,0,34.96045833,-106.26165278,1,1,0,1,0,0,1,0
350301,NEW MEXICO,NM,1,0,2,31,0,COFFEE,7,3,March,2010,1,Sunday,14,3,1,1,1,319,35.41031944,-108.28150833,31,1,0,1,0,0,1,0
350302,NEW MEXICO,NM,1,0,1,1,30,AUTAUGA,15,4,April,2010,5,Thursday,0,10,0,13,6,0,35.10037222,-106.50645278,33,3,0,1,0,0,1,0
350303,NEW MEXICO,NM,2,0,3,59,0,FRANKLIN,10,6,June,2010,5,Thursday,15,2,1,2,2,3865,36.64418056,-103.73677222,12,1,0,1,0,0,1,0
350304,NEW MEXICO,NM,1,0,1,25,0,BARLOW BEND,20,11,November,2010,7,Saturday,17,24,1,2,3,399,32.00014167,-103.13321111,1,2,0,1,0,0,1,1
350305,NEW MEXICO,NM,1,0,4,39,280,ANDALUSIA,19,10,October,2010,3,Tuesday,8,0,1,2,3,0,36.00473611,-106.10067500,1,1,0,1,0,0,1,1
350306,NEW MEXICO,NM,2,0,2,39,280,ANDALUSIA,17,9,September,2010,6,Friday,15,48,0,13,6,0,36.00828333,-106.06510278,12,1,0,1,0,0,1,1
350307,NEW MEXICO,NM,3,0,3,1,30,AUTAUGA,29,10,October,2010,6,Friday,10,12,0,13,6,0,35.05810556,-106.60471944,12,1,0,1,0,0,1,0
350309,NEW MEXICO,NM,2,0,2,45,335,ARITON,9,11,November,2010,3,Tuesday,23,46,1,2,8,21,36.22211944,-108.59985278,12,2,0,1,0,0,1,1
350310,NEW MEXICO,NM,2,0,3,9,190,BLOUNT,17,11,November,2010,4,Wednesday,21,40,0,13,6,0,34.40060833,-103.18780000,12,3,0,1,0,0,1,0
350311,NEW MEXICO,NM,2,0,3,35,830,BROOKLYN,31,10,October,2010,1,Sunday,19,47,1,13,2,2295,33.08018056,-106.00536389,12,3,0,1,0,0,1,0
350312,NEW MEXICO,NM,2,0,6,45,745,ARITON,24,12,December,2010,6,Friday,16,3,1,2,3,0,36.78353333,-108.70046667,12,5,0,1,0,0,1,0
350313,NEW MEXICO,NM,1,1,1,6,0,ACOMA,21,6,June,2010,2,Monday,12,25,1,2,3,202,35.03793889,-107.37762500,9,1,0,1,0,0,1,0
350314,NEW MEXICO,NM,1,0,2,47,480,BROWNS,15,5,May,2010,7,Saturday,23,45,1,2,4,1560,35.63506944,-105.25641111,42,2,0,1,0,0,1,1
350315,NEW MEXICO,NM,2,0,4,1,30,AUTAUGA,27,8,August,2010,6,Friday,13,37,1,1,1,2170,35.09252500,-106.63398611,12,1,0,1,0,0,1,0
350316,NEW MEXICO,NM,2,0,2,47,0,BROWNS,29,12,December,2010,4,Wednesday,20,21,1,1,1,3425,35.51986111,-105.24850833,12,2,0,1,0,0,1,0
350317,NEW MEXICO,NM,2,0,3,43,110,BAILEYTON,19,12,December,2010,1,Sunday,12,4,1,13,2,0,35.32458056,-106.56351944,12,1,0,1,0,0,1,0
350318,NEW MEXICO,NM,1,0,2,61,0,BELLWOOD,14,12,December,2010,3,Tuesday,7,0,1,2,8,0,34.60785000,-106.72119167,1,1,0,1,0,0,1,0
350319,NEW MEXICO,NM,1,0,2,29,0,BORDEN SPRINGS,3,8,August,2010,3,Tuesday,13,45,1,1,1,1000,32.20713611,-108.23052500,1,1,0,1,0,0,1,0
350320,NEW MEXICO,NM,1,0,4,25,0,BARLOW BEND,13,6,June,2010,1,Sunday,5,0,1,2,2,1469,32.84267500,-103.81462222,1,2,0,1,0,0,1,0
350321,NEW MEXICO,NM,1,0,4,15,130,ANNISTON,5,12,December,2010,1,Sunday,4,14,1,13,2,0,32.42032778,-104.22909722,46,3,0,1,0,0,1,0
350322,NEW MEXICO,NM,1,0,2,13,34,BOLLING,17,10,October,2010,1,Sunday,2,55,0,16,5,0,32.02052222,-106.63501667,59,2,0,1,0,0,1,1
350323,NEW MEXICO,NM,1,0,3,13,0,BOLLING,29,7,July,2010,5,Thursday,8,8,1,1,1,1114,32.25570833,-107.22106389,1,1,0,1,0,0,1,0
350324,NEW MEXICO,NM,1,0,2,43,110,BAILEYTON,14,2,February,2010,1,Sunday,2,53,1,1,1,2385,35.33214167,-106.52346667,1,2,0,1,0,0,1,1
350325,NEW MEXICO,NM,1,0,5,45,9997,ARITON,9,5,May,2010,1,Sunday,20,10,1,2,8,128,36.43960556,-108.44778056,1,2,0,1,0,0,2,0
350326,NEW MEXICO,NM,1,0,3,6,127,ACOMA,2,10,October,2010,7,Saturday,9,9,1,1,1,1700,35.03864167,-107.49031944,1,1,0,1,0,0,1,0
350327,NEW MEXICO,NM,1,0,2,35,104,BROOKLYN,3,10,October,2010,1,Sunday,13,0,1,1,2,2400,33.11735278,-105.92820278,5,1,0,1,0,0,1,1
350328,NEW MEXICO,NM,1,0,1,45,0,ARITON,14,7,July,2010,4,Wednesday,16,40,1,2,2,728,36.73035556,-107.78995556,11,1,0,1,0,0,1,1
350330,NEW MEXICO,NM,1,0,1,53,0,ATMORE,5,11,November,2010,6,Friday,19,10,1,2,3,260,34.26372500,-107.38555556,1,2,0,1,0,0,1,1
350332,NEW MEXICO,NM,1,0,3,45,9997,ARITON,17,1,January,2010,1,Sunday,23,18,1,2,8,0,36.75713056,-108.57412500,1,2,0,1,0,0,1,1
350334,NEW MEXICO,NM,2,0,2,45,335,ARITON,10,10,October,2010,1,Sunday,20,18,1,2,8,130,36.76153056,-108.49172778,12,2,0,1,0,0,1,1
360001,NEW YORK,NY,1,0,1,29,750,BORDEN SPRINGS,22,2,February,2010,2,Monday,2,15,0,13,5,0,42.92217778,-78.89848611,30,3,0,1,0,0,1,1
360002,NEW YORK,NY,1,0,1,1,1495,AUTAUGA,4,1,January,2010,2,Monday,22,4,0,15,5,0,42.58141667,-73.79636667,30,2,0,10,0,0,1,1
360003,NEW YORK,NY,1,0,3,103,5769,DANVILLE,11,1,January,2010,2,Monday,21,34,0,16,5,0,40.83106944,-73.18473889,33,3,0,1,0,0,1,0
360004,NEW YORK,NY,1,0,4,29,1844,BORDEN SPRINGS,1,1,January,2010,6,Friday,1,13,1,2,3,0,42.82870833,-78.67644444,1,2,0,4,0,0,1,0
360005,NEW YORK,NY,1,0,1,51,2829,CENTRAL,4,1,January,2010,2,Monday,20,10,0,2,3,0,42.57836667,-77.96653611,43,2,0,10,0,0,1,1
360007,NEW YORK,NY,1,0,2,67,3310,ABBEVILLE,14,1,January,2010,5,Thursday,9,54,1,1,1,2805,99.99990000,999.99990000,34,1,0,1,0,0,1,0
360008,NEW YORK,NY,1,1,0,29,1899,BORDEN SPRINGS,4,1,January,2010,2,Monday,13,15,0,16,5,0,42.63863056,-79.07920278,8,1,0,4,0,0,1,0
360009,NEW YORK,NY,1,1,2,91,5470,DAYTON,14,1,January,2010,5,Thursday,23,25,1,1,1,0,43.05684722,-73.76469722,8,2,0,10,0,0,1,0
360010,NEW YORK,NY,1,0,1,83,1648,ARDMORE,16,1,January,2010,7,Saturday,9,38,0,16,4,0,42.58972500,-73.70585833,42,1,0,1,0,0,1,0
360011,NEW YORK,NY,1,0,1,27,3760,ASHLAND,4,1,January,2010,2,Monday,10,18,0,2,3,0,41.77028611,-73.62801111,52,1,0,1,0,0,1,0
360012,NEW YORK,NY,1,0,3,51,1450,CENTRAL,6,2,February,2010,7,Saturday,2,5,0,6,5,0,42.55007778,-77.66969167,35,2,0,1,0,0,1,1
360013,NEW YORK,NY,1,1,1,87,4380,ARMSTRONG,16,1,January,2010,7,Saturday,13,13,1,2,3,0,41.01125278,-73.91378333,8,1,0,10,0,0,1,0
360014,NEW YORK,NY,1,0,1,67,1179,ABBEVILLE,9,1,January,2010,7,Saturday,7,10,1,2,3,0,43.17851944,-76.14812778,48,1,0,10,0,0,1,1
360015,NEW YORK,NY,1,0,2,9,4460,BLOUNT,18,1,January,2010,2,Monday,12,57,0,6,5,0,42.01933056,-78.42071111,42,1,0,1,0,0,1,0
360017,NEW YORK,NY,1,0,1,59,4600,FRANKLIN,9,1,January,2010,7,Saturday,1,5,1,1,1,0,40.78421389,-73.43969722,24,3,0,10,0,0,1,1
360018,NEW YORK,NY,1,1,1,81,4170,AUBURN,22,1,January,2010,6,Friday,5,58,1,1,1,0,40.78314167,-73.82490556,8,3,0,1,0,0,1,0
360019,NEW YORK,NY,1,0,1,37,4725,BRADFORD,16,1,January,2010,7,Saturday,20,45,1,1,1,399,99.99990000,999.99990000,1,2,0,10,0,0,1,0
360020,NEW YORK,NY,1,0,1,3,190,BALDWIN,23,1,January,2010,7,Saturday,8,48,0,6,5,0,42.08787222,-77.77157222,42,2,0,5,0,0,1,1
360021,NEW YORK,NY,1,0,1,71,1169,BRIDGEPORT,25,1,January,2010,2,Monday,4,30,0,5,6,0,41.55252500,-74.43396111,52,2,0,4,0,0,1,0
360022,NEW YORK,NY,1,1,1,63,3340,BOLIGEE,1,2,February,2010,2,Monday,18,50,0,14,5,0,43.13149444,-78.67438333,8,2,0,10,0,0,1,0
360023,NEW YORK,NY,1,0,1,103,2920,DANVILLE,16,1,January,2010,7,Saturday,5,33,0,14,5,0,40.74943611,-73.22336111,30,3,0,1,0,0,1,1
360024,NEW YORK,NY,1,0,1,59,4600,FRANKLIN,21,1,January,2010,5,Thursday,4,47,0,16,5,0,40.71709444,-73.48310833,42,3,0,1,0,0,1,0
360025,NEW YORK,NY,1,0,5,103,2920,DANVILLE,28,1,January,2010,5,Thursday,4,44,0,16,5,0,40.77124722,-73.20653889,42,3,0,1,0,0,2,1
360026,NEW YORK,NY,1,0,3,71,6645,BRIDGEPORT,23,1,January,2010,7,Saturday,14,41,0,6,5,0,41.31861667,-74.57823056,42,1,0,1,0,0,1,0
360027,NEW YORK,NY,1,0,1,55,6510,ATTALLA,29,1,January,2010,6,Friday,22,3,0,14,5,0,43.22556667,-77.50998333,30,2,0,4,0,0,1,0
360028,NEW YORK,NY,1,1,1,5,4170,BAKER HILL,12,1,January,2010,3,Tuesday,18,10,0,13,6,0,40.89290000,-73.84366111,8,3,0,1,0,0,1,0
360029,NEW YORK,NY,1,0,1,17,30,CHAMBERS,28,1,January,2010,5,Thursday,20,13,1,1,1,26,99.99990000,999.99990000,42,3,0,10,0,0,1,0
360030,NEW YORK,NY,1,1,1,61,4170,BELLWOOD,12,2,February,2010,6,Friday,15,53,0,13,6,0,40.73790833,-73.98091389,8,1,0,1,0,0,1,0
360031,NEW YORK,NY,2,1,2,29,2485,BORDEN SPRINGS,17,2,February,2010,4,Wednesday,0,54,0,15,5,0,42.79434444,-78.84681667,8,3,0,1,0,0,1,0
360032,NEW YORK,NY,1,1,1,93,5550,BEAR CREEK,2,1,January,2010,7,Saturday,23,25,0,14,5,0,42.81200833,-73.94341667,8,3,0,1,0,0,1,0
360033,NEW YORK,NY,1,0,1,119,6040,BELLAMY,3,2,February,2010,4,Wednesday,16,9,0,16,5,0,40.98558333,-73.85495833,30,1,0,1,0,0,1,1
360034,NEW YORK,NY,1,0,1,29,750,BORDEN SPRINGS,28,2,February,2010,1,Sunday,22,58,1,2,3,0,99.99990000,999.99990000,24,3,0,4,0,0,1,1
360035,NEW YORK,NY,2,0,4,29,2348,BORDEN SPRINGS,5,1,January,2010,3,Tuesday,18,24,0,16,5,0,43.03508333,-78.97539167,12,3,0,4,0,0,2,0
360036,NEW YORK,NY,2,0,3,75,2569,BEAVERTON,17,2,February,2010,4,Wednesday,9,56,0,4,2,0,43.32996944,-76.15128333,12,1,0,4,0,0,1,0
360037,NEW YORK,NY,1,1,1,61,4170,BELLWOOD,5,1,January,2010,3,Tuesday,16,0,1,13,6,0,40.71880278,-73.98927222,9,1,0,10,1,0,1,0
360038,NEW YORK,NY,2,0,2,107,6078,CARROLLTON,13,1,January,2010,4,Wednesday,6,11,0,4,3,0,42.04726111,-76.35461667,12,1,0,10,0,0,1,1
360039,NEW YORK,NY,2,0,2,109,3146,ANSLEY,8,1,January,2010,6,Friday,7,40,0,4,3,0,42.58207778,-76.58539167,12,1,0,4,0,0,1,0
360040,NEW YORK,NY,2,0,2,33,5401,CHEROKEE,7,1,January,2010,5,Thursday,11,16,0,6,5,0,44.59815278,-74.50135833,12,1,0,10,0,0,1,0
360041,NEW YORK,NY,2,0,2,29,6642,BORDEN SPRINGS,16,1,January,2010,7,Saturday,4,28,0,15,5,0,42.81145833,-78.69970278,12,3,0,1,0,0,1,1
360042,NEW YORK,NY,3,0,7,39,6732,ANDALUSIA,10,1,January,2010,1,Sunday,9,36,0,4,3,0,42.31483056,-74.18599722,12,1,0,10,0,0,2,0
360043,NEW YORK,NY,3,0,5,119,4710,BELLAMY,17,1,January,2010,1,Sunday,11,29,1,2,3,0,99.99990000,999.99990000,12,1,0,10,0,0,1,0
360044,NEW YORK,NY,2,0,2,39,970,ANDALUSIA,11,1,January,2010,2,Monday,3,54,1,1,1,1088,99.99990000,999.99990000,14,2,0,1,0,0,1,0
360045,NEW YORK,NY,2,0,5,45,1900,ARITON,14,1,January,2010,5,Thursday,20,58,1,2,3,0,44.08382500,-75.79725278,12,2,0,10,0,0,1,2
360046,NEW YORK,NY,2,0,2,109,1590,ANSLEY,14,1,January,2010,5,Thursday,17,15,0,4,3,0,42.54087500,-76.36176111,12,5,0,10,0,0,1,0
360047,NEW YORK,NY,2,0,4,21,1173,CHILTON,23,2,February,2010,3,Tuesday,15,53,1,2,3,270,42.20648889,-73.73037222,12,1,0,4,0,0,1,0
360048,NEW YORK,NY,2,0,3,103,5870,DANVILLE,27,2,February,2010,7,Saturday,13,31,0,6,4,0,41.02808611,-72.49712222,12,1,0,1,0,0,1,0
360049,NEW YORK,NY,2,0,4,121,4750,BON AIR,6,1,January,2010,4,Wednesday,7,51,0,3,3,270,42.74583333,-78.04028333,12,1,0,10,0,0,1,0
360050,NEW YORK,NY,1,1,1,29,6090,BORDEN SPRINGS,18,1,January,2010,2,Monday,11,51,0,16,6,0,43.01834167,-78.87983056,8,1,0,10,0,0,1,0
360051,NEW YORK,NY,2,0,2,107,4580,CARROLLTON,28,2,February,2010,1,Sunday,10,15,0,16,6,0,42.12661944,-76.23533333,12,1,0,10,0,0,1,0
360052,NEW YORK,NY,2,0,2,103,2840,DANVILLE,23,1,January,2010,7,Saturday,7,59,1,1,1,0,40.78526944,-73.44410833,12,1,0,1,0,0,1,0
360053,NEW YORK,NY,1,0,1,103,5810,DANVILLE,9,2,February,2010,3,Tuesday,19,5,0,3,5,0,40.90888611,-72.64129444,1,2,0,1,0,0,1,1
360054,NEW YORK,NY,3,0,1,59,3360,FRANKLIN,3,1,January,2010,1,Sunday,22,50,0,16,6,0,40.58761944,-73.66603056,14,3,0,1,0,0,1,0
360055,NEW YORK,NY,2,0,2,29,750,BORDEN SPRINGS,4,1,January,2010,2,Monday,14,26,0,16,5,0,42.95248056,-78.84390833,12,1,0,4,0,0,1,0
360056,NEW YORK,NY,1,0,1,11,9997,BULLOCK,31,1,January,2010,1,Sunday,19,0,0,5,6,0,42.81101667,-76.38107222,42,3,0,10,0,0,1,0
360058,NEW YORK,NY,1,0,2,89,3580,BROWNSBORO,2,2,February,2010,3,Tuesday,17,5,1,13,3,400,44.93900556,-74.86862778,31,1,0,10,0,0,1,0
360059,NEW YORK,NY,1,0,2,101,1360,BOYLSTON,16,1,January,2010,7,Saturday,23,57,0,6,5,0,42.04065556,-77.05319444,34,2,0,10,0,0,1,0