ST_CASE,State Name,State Abbreviation,VE_TOTAL,Pedestrains,Total_Persons_in_accident,COUNTY,CITY,City_County_Name,Calendar_DAY,MONTH,Month_Name,YEAR,DAY_WEEK,Day_Week_desc,HOUR,MINUTE,NHS_Desc,trafficway,ROUTE,MILEPT,LATITUDE,LONGITUD,First_Crash_event,Light_cond_desc,Weather_condition,WEATHER,SCH_BUS,Crash_cause,FATALS,DRUNK_DR
360060,NEW YORK,NY,2,0,2,71,1431,BRIDGEPORT,24,1,January,2010,1,Sunday,12,36,0,16,5,0,41.40604167,-74.63424722,12,1,0,4,0,0,1,0
360061,NEW YORK,NY,1,1,1,87,6210,ARMSTRONG,19,1,January,2010,3,Tuesday,17,22,0,15,5,0,41.09969722,-73.91721667,8,2,0,10,0,0,1,0
360062,NEW YORK,NY,1,0,2,67,5740,ABBEVILLE,22,2,February,2010,2,Monday,15,50,0,4,4,0,42.94995278,-76.37429167,42,1,0,10,0,0,1,0
360063,NEW YORK,NY,1,0,6,67,4903,ABBEVILLE,7,2,February,2010,1,Sunday,2,16,0,6,5,0,99.99990000,999.99990000,42,2,0,1,0,0,1,1
360064,NEW YORK,NY,2,0,2,55,2395,ATTALLA,15,1,January,2010,6,Friday,12,28,0,14,5,0,43.23834167,-77.64683889,12,1,0,10,0,0,1,0
360065,NEW YORK,NY,1,0,1,63,6730,BOLIGEE,20,2,February,2010,7,Saturday,11,23,0,3,4,0,43.28083056,-78.82621667,30,1,0,10,0,0,1,0
360066,NEW YORK,NY,1,0,1,59,4090,FRANKLIN,24,1,January,2010,1,Sunday,4,46,0,16,6,0,99.99990000,999.99990000,42,3,0,1,0,0,1,0
360067,NEW YORK,NY,1,1,1,87,5980,ARMSTRONG,24,1,January,2010,1,Sunday,1,24,0,16,5,0,41.23563889,-73.98639722,8,3,0,10,0,0,1,1
360068,NEW YORK,NY,2,0,2,31,3110,COFFEE,5,1,January,2010,3,Tuesday,19,40,0,6,5,0,44.28072778,-73.99553889,12,3,0,10,0,0,1,1
360069,NEW YORK,NY,2,0,2,81,4170,AUBURN,12,2,February,2010,6,Friday,20,0,1,1,1,0,40.73639722,-73.92708889,12,3,0,1,0,0,1,1
360070,NEW YORK,NY,1,0,1,117,6710,BIRMINGHAM,11,2,February,2010,5,Thursday,22,57,0,6,5,0,43.24260833,-77.17691667,34,2,0,10,0,0,1,1
360071,NEW YORK,NY,2,0,2,17,4050,CHAMBERS,9,1,January,2010,7,Saturday,15,57,0,6,5,0,42.71132778,-75.41264444,12,1,0,4,0,0,1,0
360072,NEW YORK,NY,1,0,1,51,1450,CENTRAL,15,2,February,2010,2,Monday,22,49,0,4,3,48,42.62845833,-77.69663889,1,2,0,4,0,0,1,1
360073,NEW YORK,NY,1,0,2,103,5870,DANVILLE,13,2,February,2010,7,Saturday,4,5,0,2,4,0,41.07743333,-72.42438056,30,2,0,1,0,0,1,0
360074,NEW YORK,NY,1,1,1,47,4170,BROWNS,1,1,January,2010,6,Friday,18,44,0,16,6,0,40.61066111,-73.98021667,8,3,0,10,0,0,1,1
360075,NEW YORK,NY,1,0,6,47,4170,BROWNS,17,1,January,2010,1,Sunday,3,30,0,14,6,0,40.64880000,-73.92408333,30,3,0,1,0,0,1,1
360076,NEW YORK,NY,1,0,1,3,2190,BALDWIN,27,1,January,2010,4,Wednesday,19,0,0,6,5,0,42.23203333,-78.11214444,34,2,0,10,0,0,1,1
360077,NEW YORK,NY,2,1,3,59,2600,FRANKLIN,1,2,February,2010,2,Monday,10,41,0,15,6,0,40.70972778,-73.61655278,12,1,0,1,0,0,1,0
360078,NEW YORK,NY,1,0,1,71,1370,BRIDGEPORT,9,1,January,2010,7,Saturday,9,56,0,5,5,0,41.37780000,-74.07341944,35,1,0,1,0,0,1,0
360079,NEW YORK,NY,1,1,0,29,1117,BORDEN SPRINGS,11,1,January,2010,2,Monday,9,29,0,5,6,0,42.91876667,-78.79823611,8,1,0,10,0,0,1,0
360080,NEW YORK,NY,1,0,1,77,6170,ANDERSON,3,2,February,2010,4,Wednesday,22,0,0,6,6,0,42.37978611,-75.30758889,1,2,0,4,0,0,1,1
360081,NEW YORK,NY,1,0,2,35,1560,BROOKLYN,25,1,January,2010,2,Monday,1,30,0,6,4,0,43.07245556,-74.75490556,52,2,0,2,0,0,2,1
360082,NEW YORK,NY,2,0,3,37,4725,BRADFORD,17,2,February,2010,4,Wednesday,16,52,0,3,3,0,42.99761667,-78.32908611,12,1,0,4,0,0,1,0
360083,NEW YORK,NY,1,1,1,103,705,DANVILLE,7,1,January,2010,5,Thursday,18,21,0,16,6,0,40.83184444,-73.09792222,8,3,0,1,0,0,1,0
360084,NEW YORK,NY,2,1,2,25,1454,BARLOW BEND,19,2,February,2010,6,Friday,5,3,0,4,3,0,42.46272778,-74.88212500,31,2,0,4,0,0,1,0
360085,NEW YORK,NY,1,1,1,29,1500,BORDEN SPRINGS,21,1,January,2010,5,Thursday,17,43,0,16,6,0,42.89649722,-78.68743056,8,3,0,10,0,0,1,0
360086,NEW YORK,NY,2,0,2,103,2920,DANVILLE,22,2,February,2010,2,Monday,2,19,1,12,3,0,40.76968611,-73.05899722,12,2,0,1,0,0,1,1
360087,NEW YORK,NY,2,0,3,75,4540,BEAVERTON,24,2,February,2010,4,Wednesday,14,34,0,4,3,0,43.40317778,-76.58131667,12,1,0,10,0,0,1,0
360088,NEW YORK,NY,2,0,2,69,6280,ASHFORD,25,2,February,2010,5,Thursday,6,44,1,1,1,3509,99.99990000,999.99990000,12,4,0,4,0,0,1,0
360089,NEW YORK,NY,1,1,1,81,4170,AUBURN,5,3,March,2010,6,Friday,1,20,0,14,6,0,40.69313333,-73.85241389,8,3,0,1,0,0,1,0
360090,NEW YORK,NY,1,1,1,61,4170,BELLWOOD,5,3,March,2010,6,Friday,19,25,0,14,6,0,40.77319722,-73.95481111,8,3,0,1,0,0,1,0
360091,NEW YORK,NY,3,1,1,103,360,DANVILLE,18,1,January,2010,2,Monday,18,42,0,3,6,0,40.64066111,-73.26850833,12,3,0,10,0,0,1,0
360092,NEW YORK,NY,1,1,1,59,4600,FRANKLIN,20,1,January,2010,4,Wednesday,11,0,0,14,6,0,40.69092222,-73.46564444,8,1,0,1,0,0,1,0
360093,NEW YORK,NY,2,1,1,5,4170,BAKER HILL,23,1,January,2010,7,Saturday,21,20,0,14,6,0,40.87685556,-73.86486111,33,3,0,1,0,0,1,0
360094,NEW YORK,NY,2,0,2,21,1173,CHILTON,28,1,January,2010,5,Thursday,7,55,1,2,3,300,42.21211944,-73.73086944,12,1,0,4,0,0,1,0
360095,NEW YORK,NY,6,1,5,61,4170,BELLWOOD,29,1,January,2010,6,Friday,19,51,0,14,6,0,40.78840556,-73.97489444,12,3,0,1,0,0,1,0
360096,NEW YORK,NY,2,0,2,29,3140,BORDEN SPRINGS,27,2,February,2010,7,Saturday,7,45,0,14,6,0,42.92943889,-78.58793611,12,1,0,4,0,0,1,0
360097,NEW YORK,NY,1,1,2,59,2600,FRANKLIN,7,2,February,2010,1,Sunday,15,13,0,16,6,0,40.70946667,-73.59492222,8,1,0,1,0,0,1,0
360098,NEW YORK,NY,2,1,3,59,2600,FRANKLIN,14,2,February,2010,1,Sunday,3,17,0,14,6,0,40.68281944,-73.59200556,8,3,0,1,0,0,1,0
360099,NEW YORK,NY,1,1,1,59,4335,FRANKLIN,30,1,January,2010,7,Saturday,19,15,0,13,6,0,40.68076389,-73.68539444,8,3,0,1,0,0,1,0
360100,NEW YORK,NY,1,1,2,43,2610,BAILEYTON,20,2,February,2010,7,Saturday,4,30,1,1,1,2168,99.99990000,999.99990000,8,2,0,3,0,0,1,0
360101,NEW YORK,NY,2,0,3,69,2769,ASHFORD,19,2,February,2010,6,Friday,12,5,0,6,5,0,42.82346111,-77.53302500,12,1,0,10,0,0,1,0
360103,NEW YORK,NY,2,0,2,75,4800,BEAVERTON,25,2,February,2010,5,Thursday,7,35,0,4,4,0,43.27439444,-76.31773056,12,1,0,4,0,0,1,0
360104,NEW YORK,NY,1,0,1,59,4600,FRANKLIN,3,3,March,2010,4,Wednesday,0,45,0,14,6,0,40.79555278,-73.54076389,42,2,0,10,0,0,1,1
360105,NEW YORK,NY,1,0,1,9,2393,BLOUNT,4,3,March,2010,5,Thursday,4,10,0,6,6,0,42.23849444,-78.52083333,42,2,0,1,0,0,1,1
360106,NEW YORK,NY,5,0,2,21,1173,CHILTON,5,3,March,2010,6,Friday,14,17,1,13,3,0,42.19857500,-73.73555556,12,1,0,1,0,0,1,0
360107,NEW YORK,NY,2,0,2,87,4063,ARMSTRONG,16,1,January,2010,7,Saturday,14,32,0,16,6,0,41.11088333,-74.03592222,12,1,0,1,0,0,1,0
360108,NEW YORK,NY,2,0,2,29,1288,BORDEN SPRINGS,7,3,March,2010,1,Sunday,11,36,0,4,3,0,42.57722778,-78.84209722,12,1,0,1,0,0,1,1
360109,NEW YORK,NY,1,1,1,61,4170,BELLWOOD,4,1,January,2010,2,Monday,19,14,0,16,6,0,40.75141944,-73.97652500,8,3,0,1,0,0,1,0
360110,NEW YORK,NY,1,0,1,59,4600,FRANKLIN,4,3,March,2010,5,Thursday,17,8,0,16,6,0,40.75502778,-73.47948056,38,1,0,10,0,0,1,0
360111,NEW YORK,NY,2,0,2,7,1119,BIBB,11,3,March,2010,5,Thursday,11,17,0,13,3,0,42.19622222,-75.86471667,12,1,0,1,0,0,1,0
360112,NEW YORK,NY,1,0,1,55,5230,ATTALLA,11,3,March,2010,5,Thursday,18,54,0,12,3,0,43.19510278,-77.58545000,30,3,0,10,0,0,1,0
360113,NEW YORK,NY,1,1,1,5,4170,BAKER HILL,17,3,March,2010,4,Wednesday,8,25,0,16,6,0,40.84426944,-73.89103889,9,1,0,1,0,0,1,0
360114,NEW YORK,NY,5,0,7,81,4170,AUBURN,14,1,January,2010,5,Thursday,3,57,0,5,6,0,40.72042778,-73.78259167,12,3,0,1,0,0,1,1
360115,NEW YORK,NY,2,0,3,71,2320,BRIDGEPORT,19,1,January,2010,3,Tuesday,15,0,0,6,5,0,41.41186944,-74.30301111,12,1,0,2,0,0,1,0
360116,NEW YORK,NY,2,0,2,53,3195,ATMORE,25,2,February,2010,5,Thursday,8,10,0,3,3,0,42.79319722,-75.55941667,12,1,0,4,0,0,1,0
360117,NEW YORK,NY,1,0,1,119,6040,BELLAMY,3,3,March,2010,4,Wednesday,22,16,0,16,6,0,40.98858056,-73.84735000,35,3,0,10,0,0,1,1
360118,NEW YORK,NY,2,0,2,1,1290,AUTAUGA,6,3,March,2010,7,Saturday,21,51,0,16,6,0,42.70236944,-73.81795278,12,3,0,1,0,0,1,1
360119,NEW YORK,NY,2,0,2,103,2840,DANVILLE,27,1,January,2010,4,Wednesday,19,25,1,13,3,598,40.88549722,-73.37466667,12,3,0,1,0,0,1,0
360120,NEW YORK,NY,1,0,1,69,6280,ASHFORD,21,3,March,2010,1,Sunday,3,20,0,6,5,0,43.02735000,-77.41923889,35,2,0,1,0,0,1,1
360121,NEW YORK,NY,1,0,1,101,20,BOYLSTON,8,3,March,2010,2,Monday,1,30,0,6,5,0,42.05655833,-77.25038889,34,2,0,1,0,0,1,1
360122,NEW YORK,NY,2,0,4,59,2600,FRANKLIN,30,1,January,2010,7,Saturday,4,30,0,14,6,0,40.63311389,-73.73918611,12,3,0,1,0,0,1,1
360123,NEW YORK,NY,2,0,4,55,652,ATTALLA,6,2,February,2010,7,Saturday,11,54,1,13,3,214,43.10424167,-77.62777222,12,1,0,10,0,0,1,0
360124,NEW YORK,NY,1,0,2,67,1800,ABBEVILLE,13,3,March,2010,7,Saturday,7,58,1,1,1,296,99.99990000,999.99990000,31,1,0,1,0,0,1,0
360125,NEW YORK,NY,2,0,3,123,5952,ALEXANDER CITY,19,3,March,2010,6,Friday,19,40,1,2,3,0,42.55219444,-76.91962778,14,2,0,1,0,0,1,0
360126,NEW YORK,NY,1,2,1,5,4170,BAKER HILL,18,2,February,2010,5,Thursday,20,13,0,13,6,0,40.89250833,-73.89684722,8,3,0,10,0,0,1,0
360127,NEW YORK,NY,2,1,3,81,4170,AUBURN,9,1,January,2010,7,Saturday,4,41,1,12,3,67,99.99990000,999.99990000,8,3,0,1,0,0,1,0
360128,NEW YORK,NY,2,0,10,103,5810,DANVILLE,2,2,February,2010,3,Tuesday,7,42,0,6,4,0,40.89691389,-72.68097778,12,1,0,10,0,0,1,0
360129,NEW YORK,NY,2,1,2,119,474,BELLAMY,26,1,January,2010,3,Tuesday,20,38,1,1,1,425,99.99990000,999.99990000,8,2,0,1,0,0,1,0
360130,NEW YORK,NY,1,1,1,55,4840,ATTALLA,17,3,March,2010,4,Wednesday,6,27,0,16,5,0,43.11421389,-77.51287500,8,3,0,1,0,0,1,0
360131,NEW YORK,NY,2,0,2,25,2487,BARLOW BEND,24,3,March,2010,4,Wednesday,7,55,0,3,3,280,42.18733056,-75.00180833,12,1,0,10,0,0,1,0
360132,NEW YORK,NY,1,1,3,105,1954,MARION,24,2,February,2010,4,Wednesday,15,0,0,6,5,0,41.72864722,-74.62135000,8,1,0,2,0,0,1,0
360133,NEW YORK,NY,1,0,3,67,1800,ABBEVILLE,6,3,March,2010,7,Saturday,22,34,1,2,3,0,43.08694444,-76.41742222,42,2,0,1,0,0,2,0
360134,NEW YORK,NY,1,0,2,3,3291,BALDWIN,24,3,March,2010,4,Wednesday,16,10,0,6,5,0,42.00740556,-78.29806944,32,1,0,1,0,0,1,0
360135,NEW YORK,NY,1,0,2,29,3140,BORDEN SPRINGS,11,3,March,2010,5,Thursday,23,5,0,6,5,0,42.87018611,-78.60705833,42,3,0,10,0,0,1,1
360136,NEW YORK,NY,1,0,2,33,2080,CHEROKEE,21,3,March,2010,1,Sunday,2,47,0,6,5,0,44.99096667,-74.52513333,35,2,0,10,0,0,2,1
360137,NEW YORK,NY,2,0,7,105,532,MARION,24,1,January,2010,1,Sunday,12,0,0,3,3,10,41.71202500,-74.80191944,12,1,0,2,0,0,1,0
360138,NEW YORK,NY,1,1,1,47,4170,BROWNS,15,3,March,2010,2,Monday,7,18,0,15,6,0,40.58984167,-73.93885833,8,1,0,99,0,0,1,0
360139,NEW YORK,NY,2,0,2,93,5550,BEAR CREEK,24,3,March,2010,4,Wednesday,18,34,0,15,5,0,42.90816111,-73.91112222,12,5,0,1,0,0,1,0
360140,NEW YORK,NY,1,0,2,19,142,CEDAR BLUFF,10,2,February,2010,4,Wednesday,16,33,0,6,5,0,44.82063056,-73.54960556,42,1,0,1,0,0,1,0
360141,NEW YORK,NY,2,0,3,91,5470,DAYTON,19,3,March,2010,6,Friday,18,40,1,1,1,302,99.99990000,999.99990000,12,1,0,1,0,0,1,0
360142,NEW YORK,NY,1,0,1,63,4729,BOLIGEE,11,3,March,2010,5,Thursday,18,14,0,6,5,0,99.99990000,999.99990000,34,1,0,1,0,0,1,0
360143,NEW YORK,NY,2,0,3,29,6642,BORDEN SPRINGS,21,3,March,2010,1,Sunday,19,6,1,1,1,4269,99.99990000,999.99990000,12,1,0,1,0,0,1,1
360144,NEW YORK,NY,2,0,3,103,5210,DANVILLE,13,3,March,2010,7,Saturday,13,14,0,16,6,0,40.95591389,-72.78140000,12,1,0,2,0,0,1,0
360145,NEW YORK,NY,2,0,3,39,290,ANDALUSIA,30,3,March,2010,3,Tuesday,11,29,1,1,1,1163,99.99990000,999.99990000,12,1,0,2,0,0,2,0
360146,NEW YORK,NY,2,0,2,59,2600,FRANKLIN,17,3,March,2010,4,Wednesday,16,39,0,13,6,0,99.99990000,999.99990000,12,1,0,1,1,0,1,1
360147,NEW YORK,NY,2,0,2,29,6090,BORDEN SPRINGS,1,4,April,2010,5,Thursday,16,43,0,16,5,0,43.01228889,-78.84675278,12,1,0,1,0,0,1,0
360148,NEW YORK,NY,3,0,2,59,4600,FRANKLIN,14,1,January,2010,5,Thursday,10,12,0,15,5,0,40.67523611,-73.43951667,14,1,0,1,0,0,1,0
360149,NEW YORK,NY,1,0,1,83,5540,ARDMORE,28,3,March,2010,1,Sunday,18,17,0,6,5,0,42.93429167,-73.54949722,34,1,0,1,0,0,1,0
360150,NEW YORK,NY,1,0,1,119,6820,BELLAMY,1,4,April,2010,5,Thursday,22,28,1,1,1,0,99.99990000,999.99990000,24,2,0,1,0,0,1,0
360151,NEW YORK,NY,1,0,1,83,5540,ARDMORE,3,4,April,2010,7,Saturday,18,31,0,5,5,0,42.92239722,-73.52617222,34,1,0,1,0,0,1,1
360152,NEW YORK,NY,2,0,5,55,5230,ATTALLA,16,3,March,2010,3,Tuesday,18,2,0,16,6,0,43.17076389,-77.59979444,12,1,0,1,0,0,1,2
360153,NEW YORK,NY,1,1,1,67,6010,ABBEVILLE,13,3,March,2010,7,Saturday,20,27,0,16,5,0,43.05722500,-76.14488889,8,3,0,2,0,0,1,1
360154,NEW YORK,NY,2,0,3,27,1221,ASHLAND,19,3,March,2010,6,Friday,16,24,0,5,5,0,41.85159722,-73.87451667,12,1,0,1,0,0,2,0
360155,NEW YORK,NY,1,1,1,47,4170,BROWNS,6,1,January,2010,4,Wednesday,14,27,0,13,6,0,40.57806667,-73.95963333,8,1,0,1,0,0,1,0
360156,NEW YORK,NY,2,0,2,5,4170,BAKER HILL,4,4,April,2010,1,Sunday,18,15,0,16,6,0,40.82356111,-73.86153333,12,1,0,1,0,0,1,0
360157,NEW YORK,NY,1,0,1,59,2600,FRANKLIN,30,1,January,2010,7,Saturday,5,55,0,14,5,0,40.61315556,-73.73248889,30,3,0,10,0,0,1,0
360158,NEW YORK,NY,1,0,1,115,6660,ASHVILLE,30,3,March,2010,3,Tuesday,7,33,1,2,3,0,43.53352222,-73.41090278,51,1,0,10,0,0,1,0
360159,NEW YORK,NY,1,0,2,111,6350,GRAHAM,28,3,March,2010,1,Sunday,10,51,0,6,5,0,41.64594722,-74.21105833,11,1,0,1,0,0,1,0
360160,NEW YORK,NY,1,0,1,53,1010,ATMORE,2,4,April,2010,6,Friday,18,30,0,6,5,0,42.94990556,-75.83913889,24,1,0,1,0,0,1,0
360161,NEW YORK,NY,1,0,1,69,4770,ASHFORD,6,4,April,2010,3,Tuesday,12,27,0,2,3,0,99.99990000,999.99990000,26,1,0,1,0,0,1,1
360162,NEW YORK,NY,1,0,1,101,6770,BOYLSTON,4,4,April,2010,1,Sunday,13,55,0,6,5,0,42.02499167,-77.34667222,1,1,0,1,0,0,1,0
360163,NEW YORK,NY,1,0,1,51,3200,CENTRAL,6,4,April,2010,3,Tuesday,1,30,0,6,5,0,42.79118056,-77.88353889,35,3,0,10,0,0,1,1
360164,NEW YORK,NY,1,0,3,111,5,GRAHAM,7,4,April,2010,4,Wednesday,15,25,0,5,5,0,41.80970833,-74.30963611,42,1,0,1,0,0,2,1
360165,NEW YORK,NY,1,1,1,63,3340,BOLIGEE,30,3,March,2010,3,Tuesday,9,53,0,16,6,0,43.16838333,-78.69384722,8,1,0,1,0,0,1,0
360166,NEW YORK,NY,1,1,1,71,3830,BRIDGEPORT,7,4,April,2010,4,Wednesday,19,25,0,6,5,0,41.33845278,-74.17167222,15,5,0,1,0,0,1,0
360167,NEW YORK,NY,1,1,1,81,4170,AUBURN,22,1,January,2010,6,Friday,12,30,0,13,6,0,40.72748611,-73.78660556,8,1,0,1,0,0,1,0
360168,NEW YORK,NY,2,0,3,83,5540,ARDMORE,8,4,April,2010,5,Thursday,11,52,0,3,3,0,42.87817222,-73.60645556,12,1,0,1,0,0,2,0
360169,NEW YORK,NY,1,0,3,59,4090,FRANKLIN,18,3,March,2010,5,Thursday,2,15,0,16,5,0,40.73620278,-73.66637778,33,3,0,1,0,0,1,1
360170,NEW YORK,NY,1,1,1,81,4170,AUBURN,1,2,February,2010,2,Monday,10,37,0,16,6,0,40.70328611,-73.90846389,8,1,0,1,1,0,1,0
360171,NEW YORK,NY,1,0,1,71,4060,BRIDGEPORT,25,3,March,2010,5,Thursday,13,43,0,6,5,0,41.59210000,-74.11791667,31,1,0,10,0,0,1,0
360172,NEW YORK,NY,5,0,6,59,4600,FRANKLIN,7,4,April,2010,4,Wednesday,17,54,0,13,3,51,40.73956944,-73.49537222,12,1,0,1,0,0,2,0
360173,NEW YORK,NY,1,0,3,83,940,ARDMORE,29,3,March,2010,2,Monday,7,54,0,5,5,0,42.53165833,-73.73491389,42,1,0,2,0,0,1,0
360174,NEW YORK,NY,1,0,1,121,5994,BON AIR,3,4,April,2010,7,Saturday,12,6,1,2,3,0,42.77234444,-78.37406111,24,1,0,1,0,0,1,0
360175,NEW YORK,NY,1,0,1,11,6520,BULLOCK,6,4,April,2010,3,Tuesday,21,15,0,3,3,0,43.02953056,-76.56348333,24,2,0,5,0,0,1,1
360176,NEW YORK,NY,1,1,3,29,750,BORDEN SPRINGS,9,4,April,2010,6,Friday,16,45,0,16,5,0,42.90168333,-78.89161944,8,1,0,10,0,0,1,0
360177,NEW YORK,NY,1,1,2,81,4170,AUBURN,23,2,February,2010,3,Tuesday,18,35,0,14,6,0,40.70178889,-73.90071667,8,3,0,2,0,0,1,0
360178,NEW YORK,NY,1,1,3,81,4170,AUBURN,9,4,April,2010,6,Friday,6,40,0,16,6,0,40.68622778,-73.82417222,8,1,0,2,0,0,1,0
360179,NEW YORK,NY,1,1,1,61,4170,BELLWOOD,6,4,April,2010,3,Tuesday,12,37,0,13,6,0,40.75831111,-73.96294444,8,1,0,1,0,0,1,0
360180,NEW YORK,NY,1,0,2,67,1800,ABBEVILLE,4,4,April,2010,1,Sunday,6,4,1,1,1,2994,99.99990000,999.99990000,31,1,0,1,0,0,1,1
360181,NEW YORK,NY,2,0,2,9,3300,BLOUNT,12,4,April,2010,2,Monday,13,32,0,6,5,0,42.33739444,-78.71948333,12,1,0,1,0,0,1,0
360182,NEW YORK,NY,1,0,1,53,6004,ATMORE,11,4,April,2010,1,Sunday,1,46,1,2,3,0,43.14968889,-75.89677222,42,3,0,10,0,0,1,1
360184,NEW YORK,NY,1,1,1,65,6626,CYPRESS,11,4,April,2010,1,Sunday,16,52,1,2,3,0,43.08064444,-75.39809722,9,1,0,1,0,0,1,0
360185,NEW YORK,NY,2,0,5,83,940,ARDMORE,5,4,April,2010,2,Monday,18,5,1,1,1,12,42.49785833,-73.68453056,12,1,0,1,0,0,2,0
360186,NEW YORK,NY,2,0,2,111,6491,GRAHAM,15,4,April,2010,5,Thursday,13,50,1,2,3,0,41.68579722,-74.39761111,12,1,0,1,0,0,1,0
360187,NEW YORK,NY,1,0,1,63,3340,BOLIGEE,15,4,April,2010,5,Thursday,0,44,0,6,5,0,43.20698889,-78.65326944,52,2,0,1,0,0,1,1
360188,NEW YORK,NY,1,1,1,47,4170,BROWNS,17,2,February,2010,4,Wednesday,8,2,0,16,6,0,40.63444167,-73.99116667,8,1,0,1,1,0,1,0
360189,NEW YORK,NY,1,0,2,59,4600,FRANKLIN,6,4,April,2010,3,Tuesday,4,55,0,14,5,0,40.76032500,-73.47452500,42,3,0,1,0,0,1,1
360190,NEW YORK,NY,1,0,1,113,617,COTTONTON,28,3,March,2010,1,Sunday,13,56,0,3,3,952,43.67226944,-73.75961944,31,1,0,10,0,0,1,0
360191,NEW YORK,NY,1,3,1,59,2600,FRANKLIN,17,3,March,2010,4,Wednesday,22,58,1,2,3,0,40.67611389,-73.47141389,8,3,0,1,0,0,1,0
360192,NEW YORK,NY,1,1,1,47,4170,BROWNS,5,1,January,2010,3,Tuesday,11,37,0,16,6,0,40.67912500,-73.95854444,8,1,0,1,0,0,1,0
360193,NEW YORK,NY,2,1,1,5,4170,BAKER HILL,7,1,January,2010,5,Thursday,18,40,0,13,6,0,40.87060833,-73.84647222,8,1,0,1,0,0,1,1
360194,NEW YORK,NY,1,1,3,81,4170,AUBURN,18,1,January,2010,2,Monday,20,16,1,13,6,0,40.76521667,-73.93180833,8,3,0,10,0,0,1,0
360195,NEW YORK,NY,2,0,4,61,4170,BELLWOOD,16,1,January,2010,7,Saturday,18,25,0,16,6,0,40.81562500,-73.93647500,12,3,0,1,0,0,1,0
360196,NEW YORK,NY,1,1,1,47,4170,BROWNS,5,1,January,2010,3,Tuesday,7,40,0,16,6,0,40.61789167,-73.96093611,8,1,0,1,0,0,1,0
360197,NEW YORK,NY,1,0,1,21,2810,CHILTON,14,4,April,2010,4,Wednesday,15,22,1,13,2,0,42.21199167,-73.79156111,42,1,0,1,0,0,1,1
360198,NEW YORK,NY,1,0,1,99,6440,BEATRICE,25,3,March,2010,5,Thursday,15,44,0,6,5,0,42.91954444,-76.93536667,34,1,0,2,0,0,1,0
360199,NEW YORK,NY,1,1,1,103,360,DANVILLE,20,4,April,2010,3,Tuesday,5,18,1,2,3,0,40.73321111,-73.31159722,8,3,0,1,0,0,1,0
360200,NEW YORK,NY,1,0,4,59,4600,FRANKLIN,4,4,April,2010,1,Sunday,5,16,1,12,3,592,99.99990000,999.99990000,42,3,0,5,0,0,1,1
360201,NEW YORK,NY,2,0,5,83,2974,ARDMORE,21,4,April,2010,4,Wednesday,17,38,0,6,5,0,42.82609722,-73.51872778,12,1,0,1,0,0,2,0
360202,NEW YORK,NY,1,0,1,103,5210,DANVILLE,18,4,April,2010,1,Sunday,5,24,0,6,5,0,40.94250000,-72.77961667,42,3,0,10,0,0,1,1
360203,NEW YORK,NY,1,0,1,67,1179,ABBEVILLE,10,4,April,2010,7,Saturday,23,18,0,14,5,0,43.20339167,-76.21765000,30,3,0,1,0,0,1,1
360204,NEW YORK,NY,1,0,1,9,1830,BLOUNT,25,4,April,2010,1,Sunday,13,58,0,6,5,0,42.31573333,-78.63378611,19,1,0,10,0,0,1,1
360205,NEW YORK,NY,2,0,3,109,2940,ANSLEY,8,4,April,2010,5,Thursday,19,16,0,15,5,0,42.40344722,-76.46364167,12,1,0,2,0,0,1,1
360206,NEW YORK,NY,2,0,3,19,5459,CEDAR BLUFF,17,4,April,2010,7,Saturday,14,50,0,4,3,0,44.71673333,-73.68650556,12,1,0,2,0,0,1,0
360207,NEW YORK,NY,2,0,3,99,6440,BEATRICE,7,4,April,2010,4,Wednesday,10,38,0,5,3,28,42.95483889,-76.90404722,12,1,0,10,0,0,1,0
360208,NEW YORK,NY,1,0,2,59,2600,FRANKLIN,24,4,April,2010,7,Saturday,2,43,1,2,3,0,40.73286111,-73.54259722,25,3,0,1,0,0,1,1
360209,NEW YORK,NY,2,0,4,87,5930,ARMSTRONG,27,3,March,2010,7,Saturday,8,9,0,13,5,0,41.15075556,-74.04813056,12,1,0,1,0,0,1,0
360210,NEW YORK,NY,1,0,2,71,3840,BRIDGEPORT,7,4,April,2010,4,Wednesday,13,15,0,16,5,0,41.57286944,-74.17292778,30,1,0,1,0,0,1,0
360211,NEW YORK,NY,1,1,3,55,5230,ATTALLA,16,4,April,2010,6,Friday,21,5,0,13,5,0,43.22150278,-77.62804167,8,3,0,10,0,0,1,0
360212,NEW YORK,NY,1,0,1,103,2840,DANVILLE,3,2,February,2010,4,Wednesday,6,30,0,16,5,0,40.76607778,-73.41105278,40,4,0,4,0,0,1,0
360214,NEW YORK,NY,1,1,1,103,360,DANVILLE,1,2,February,2010,2,Monday,19,5,0,16,5,0,40.68651944,-73.37465000,8,3,0,1,0,0,1,0
360215,NEW YORK,NY,1,0,1,37,1451,BRADFORD,10,4,April,2010,7,Saturday,2,22,0,6,5,0,42.94456389,-78.33857778,53,2,0,1,0,0,1,1
360216,NEW YORK,NY,1,1,2,5,4170,BAKER HILL,20,2,February,2010,7,Saturday,23,48,1,1,1,0,40.85906944,-73.91635833,8,2,0,1,0,0,1,0