ST_CASE,State Name,State Abbreviation,VE_TOTAL,Pedestrains,Total_Persons_in_accident,COUNTY,CITY,City_County_Name,Calendar_DAY,MONTH,Month_Name,YEAR,DAY_WEEK,Day_Week_desc,HOUR,MINUTE,NHS_Desc,trafficway,ROUTE,MILEPT,LATITUDE,LONGITUD,First_Crash_event,Light_cond_desc,Weather_condition,WEATHER,SCH_BUS,Crash_cause,FATALS,DRUNK_DR
360217,NEW YORK,NY,1,1,2,59,2600,FRANKLIN,20,4,April,2010,3,Tuesday,9,41,0,14,5,0,40.71034444,-73.63543611,8,1,0,1,0,0,1,0
360218,NEW YORK,NY,2,1,1,59,4090,FRANKLIN,19,4,April,2010,2,Monday,17,1,0,16,5,0,40.79174444,-73.64529444,8,1,0,1,0,0,1,0
360219,NEW YORK,NY,1,1,1,103,360,DANVILLE,9,3,March,2010,3,Tuesday,11,59,0,16,6,0,40.68251111,-73.40040000,8,1,0,1,0,0,1,0
360220,NEW YORK,NY,2,0,2,103,705,DANVILLE,5,4,April,2010,2,Monday,17,35,0,14,5,0,40.79249167,-72.96028611,12,1,0,1,0,0,1,0
360221,NEW YORK,NY,3,0,2,103,360,DANVILLE,5,3,March,2010,6,Friday,11,39,0,6,5,0,40.69581944,-73.32573611,12,1,0,10,0,0,1,0
360222,NEW YORK,NY,3,0,3,103,2840,DANVILLE,28,2,February,2010,1,Sunday,2,45,0,16,6,0,99.99990000,999.99990000,42,2,0,1,0,0,1,2
360223,NEW YORK,NY,1,0,1,49,2452,COLLINSVILLE,24,4,April,2010,7,Saturday,15,44,0,5,5,0,43.71651944,-75.36590000,34,1,0,1,0,0,1,1
360224,NEW YORK,NY,1,1,1,75,4540,BEAVERTON,14,3,March,2010,1,Sunday,0,53,0,16,6,0,43.46864444,-76.50018333,8,3,0,2,0,0,1,0
360225,NEW YORK,NY,1,0,2,65,6275,CYPRESS,13,4,April,2010,3,Tuesday,17,15,0,5,5,0,43.11591111,-75.62479722,43,1,0,1,0,0,2,0
360226,NEW YORK,NY,1,0,1,23,1433,BLADON SPRINGS,15,4,April,2010,5,Thursday,3,47,0,2,3,0,42.74978611,-75.91280278,24,2,0,10,0,0,1,1
360227,NEW YORK,NY,1,1,1,61,4170,BELLWOOD,27,4,April,2010,3,Tuesday,21,40,0,14,6,0,40.72128333,-73.98681389,8,3,0,1,0,0,1,0
360228,NEW YORK,NY,3,0,4,85,4170,BENTON,4,1,January,2010,2,Monday,12,10,1,1,3,0,40.61551667,-74.15308056,12,1,0,1,0,0,1,0
360229,NEW YORK,NY,1,2,1,85,4170,BENTON,5,1,January,2010,3,Tuesday,16,42,0,14,6,0,40.52670278,-74.17024722,8,1,0,1,0,0,1,0
360230,NEW YORK,NY,1,1,1,85,4170,BENTON,6,1,January,2010,4,Wednesday,12,5,0,16,6,0,40.64068611,-74.09532778,8,1,0,99,0,0,1,0
360231,NEW YORK,NY,1,1,1,81,4170,AUBURN,25,1,January,2010,2,Monday,20,5,0,13,6,0,40.74082778,-73.75830833,8,5,0,10,0,0,1,0
360232,NEW YORK,NY,2,1,3,81,4170,AUBURN,26,1,January,2010,3,Tuesday,7,30,0,16,6,0,40.77490278,-73.90895556,8,1,0,1,0,0,1,0
360233,NEW YORK,NY,1,0,1,73,3008,ARGO,21,4,April,2010,4,Wednesday,12,15,0,5,5,0,43.32617778,-78.11438056,34,1,0,1,0,0,1,0
360234,NEW YORK,NY,1,0,1,7,3453,BIBB,24,4,April,2010,7,Saturday,23,43,1,2,3,0,42.17922778,-76.06620278,30,2,0,2,0,0,1,0
360235,NEW YORK,NY,1,1,1,103,3768,DANVILLE,2,5,May,2010,1,Sunday,18,0,0,2,3,0,40.94441111,-72.96654444,9,1,0,1,0,0,1,0
360236,NEW YORK,NY,2,0,2,87,6210,ARMSTRONG,15,4,April,2010,5,Thursday,16,55,1,2,3,0,41.11644444,-73.92717500,24,1,0,10,0,0,1,1
360237,NEW YORK,NY,1,1,4,47,4170,BROWNS,11,1,January,2010,2,Monday,7,0,0,13,6,0,40.62022778,-74.00730833,8,3,0,1,0,0,1,0
360238,NEW YORK,NY,3,0,4,55,2898,ATTALLA,8,3,March,2010,2,Monday,7,55,0,16,5,0,43.19706667,-77.59247222,12,1,0,1,0,0,1,0
360239,NEW YORK,NY,1,0,1,69,3990,ASHFORD,1,5,May,2010,7,Saturday,13,6,0,6,4,0,42.68335000,-77.37574444,11,1,0,1,0,0,1,1
360240,NEW YORK,NY,1,0,2,55,5230,ATTALLA,26,4,April,2010,2,Monday,22,28,0,14,5,0,43.14514167,-77.57419444,30,3,0,1,0,0,1,0
360241,NEW YORK,NY,2,0,4,5,4170,BAKER HILL,4,4,April,2010,1,Sunday,21,55,1,2,3,0,40.86759167,-73.87235000,12,1,0,1,0,0,1,0
360242,NEW YORK,NY,1,0,1,91,3462,DAYTON,27,4,April,2010,3,Tuesday,9,15,1,1,1,217,99.99990000,999.99990000,42,1,0,2,0,0,1,0
360243,NEW YORK,NY,1,0,1,91,1209,DAYTON,29,4,April,2010,5,Thursday,17,24,0,16,5,0,42.79685000,-73.78754722,30,1,0,1,0,0,1,0
360244,NEW YORK,NY,2,1,2,81,4170,AUBURN,14,4,April,2010,4,Wednesday,22,46,1,11,1,800,40.76990000,-73.83644167,8,2,0,1,0,0,1,1
360245,NEW YORK,NY,1,0,1,67,5740,ABBEVILLE,10,4,April,2010,7,Saturday,3,0,0,2,3,0,42.86561667,-76.40332500,3,2,0,10,0,0,1,1
360246,NEW YORK,NY,1,0,1,59,4090,FRANKLIN,30,4,April,2010,6,Friday,1,30,1,2,3,0,40.77112500,-73.56621389,24,3,0,1,0,0,1,1
360247,NEW YORK,NY,1,0,1,55,5230,ATTALLA,30,4,April,2010,6,Friday,17,53,0,16,5,0,43.18050556,-77.57922778,42,1,0,1,0,0,1,0
360248,NEW YORK,NY,1,1,1,59,2600,FRANKLIN,19,2,February,2010,6,Friday,19,5,1,2,3,0,40.72511667,-73.52243889,8,3,0,1,0,0,1,0
360249,NEW YORK,NY,1,1,1,37,5947,BRADFORD,29,4,April,2010,5,Thursday,11,30,0,6,5,0,42.98094722,-78.06768889,8,1,0,1,0,0,1,0
360250,NEW YORK,NY,2,0,2,71,6410,BRIDGEPORT,4,5,May,2010,3,Tuesday,6,35,0,4,5,0,41.28517500,-74.30354167,12,1,0,1,0,0,1,1
360251,NEW YORK,NY,2,0,4,87,4063,ARMSTRONG,8,4,April,2010,5,Thursday,14,52,0,2,3,0,41.12997500,-73.99158889,12,1,0,1,0,0,1,0
360252,NEW YORK,NY,2,0,4,45,1900,ARITON,24,4,April,2010,7,Saturday,11,43,1,2,3,191,44.11325000,-75.75667500,12,1,0,1,0,0,1,0
360253,NEW YORK,NY,2,0,5,27,4690,ASHLAND,15,4,April,2010,5,Thursday,16,34,1,2,3,0,99.99990000,999.99990000,12,1,0,1,0,0,1,0
360254,NEW YORK,NY,2,0,3,71,4060,BRIDGEPORT,26,4,April,2010,2,Monday,18,32,0,15,5,0,41.54727222,-74.01117500,53,5,0,2,0,0,1,1
360255,NEW YORK,NY,1,0,4,103,3933,DANVILLE,22,2,February,2010,2,Monday,2,24,0,15,5,0,40.93226389,-73.03528611,30,3,0,10,0,0,1,1
360256,NEW YORK,NY,1,0,3,5,4170,BAKER HILL,11,3,March,2010,5,Thursday,21,36,0,16,6,0,99.99990000,999.99990000,42,1,0,10,0,0,1,0
360257,NEW YORK,NY,1,0,1,5,4170,BAKER HILL,24,3,March,2010,4,Wednesday,17,34,1,1,1,0,40.82125556,-73.81345833,33,1,0,1,0,0,1,0
360258,NEW YORK,NY,2,0,5,29,2485,BORDEN SPRINGS,9,5,May,2010,1,Sunday,17,26,0,15,5,0,42.77974722,-78.85336111,12,1,0,1,0,0,1,0
360259,NEW YORK,NY,4,1,4,5,4170,BAKER HILL,28,3,March,2010,1,Sunday,13,31,0,13,6,0,40.87401667,-73.86706944,9,1,0,10,0,0,1,0
360260,NEW YORK,NY,2,0,3,87,5077,ARMSTRONG,30,3,March,2010,3,Tuesday,10,58,0,14,3,0,41.12976111,-74.13635833,12,1,0,2,0,0,2,0
360261,NEW YORK,NY,2,0,2,119,9999,BELLAMY,6,2,February,2010,7,Saturday,5,19,0,13,6,0,40.97759444,-73.80226111,12,3,0,1,0,0,1,1
360262,NEW YORK,NY,2,1,3,47,4170,BROWNS,7,3,March,2010,1,Sunday,1,39,0,13,6,0,40.64213333,-73.92937222,12,3,0,1,0,0,1,0
360264,NEW YORK,NY,1,1,3,103,360,DANVILLE,28,3,March,2010,1,Sunday,21,53,1,2,3,0,40.70599444,-73.37190278,8,2,0,10,0,0,1,0
360265,NEW YORK,NY,2,0,3,103,705,DANVILLE,18,3,March,2010,5,Thursday,22,40,1,2,4,0,40.91432222,-73.00698333,12,3,0,1,0,0,1,0
360266,NEW YORK,NY,1,0,2,103,705,DANVILLE,2,5,May,2010,1,Sunday,3,58,0,14,6,0,40.84782222,-72.93563611,42,3,0,1,0,0,1,1
360267,NEW YORK,NY,1,0,1,103,2840,DANVILLE,20,4,April,2010,3,Tuesday,16,25,0,16,5,0,40.81100000,-73.34770833,30,1,0,1,0,0,1,1
360268,NEW YORK,NY,2,1,2,103,5769,DANVILLE,21,4,April,2010,4,Wednesday,20,39,1,2,3,0,40.90371667,-73.27160000,8,2,0,10,0,0,1,0
360269,NEW YORK,NY,1,1,1,61,4170,BELLWOOD,9,5,May,2010,1,Sunday,5,23,0,13,5,0,40.82300000,-73.93823611,8,3,0,1,0,0,1,0
360270,NEW YORK,NY,1,1,1,103,2840,DANVILLE,16,1,January,2010,7,Saturday,17,27,0,16,6,0,40.87830000,-73.31651944,8,3,0,1,0,0,1,0
360271,NEW YORK,NY,4,1,4,103,705,DANVILLE,13,4,April,2010,3,Tuesday,21,8,1,13,5,0,40.90396111,-73.11641667,8,2,0,1,0,0,1,0
360272,NEW YORK,NY,1,0,1,59,2600,FRANKLIN,22,3,March,2010,2,Monday,2,0,1,2,3,0,40.68031389,-73.51338333,42,2,0,5,0,0,1,0
360273,NEW YORK,NY,1,0,2,71,1169,BRIDGEPORT,15,2,February,2010,2,Monday,0,44,0,15,3,0,41.51622500,-74.38662500,43,2,0,1,0,0,1,0
360274,NEW YORK,NY,1,0,1,19,1165,CEDAR BLUFF,8,5,May,2010,7,Saturday,22,28,0,2,3,0,44.91712778,-73.92782778,1,2,0,2,0,0,1,1
360275,NEW YORK,NY,1,0,1,59,4600,FRANKLIN,10,5,May,2010,2,Monday,20,43,0,16,5,0,40.84581944,-73.47571944,38,2,0,1,0,0,1,1
360276,NEW YORK,NY,1,0,6,5,4170,BAKER HILL,16,5,May,2010,1,Sunday,6,30,1,2,3,0,40.89645833,-73.86081111,33,1,0,1,0,0,2,1
360277,NEW YORK,NY,2,0,4,103,2840,DANVILLE,12,4,April,2010,2,Monday,8,50,1,13,3,433,40.83516944,-73.37695000,12,1,0,1,0,0,1,0
360278,NEW YORK,NY,3,0,5,103,2920,DANVILLE,10,4,April,2010,7,Saturday,23,20,1,13,3,99,40.78697222,-73.12128889,12,3,0,1,0,0,2,0
360279,NEW YORK,NY,2,0,2,51,3240,CENTRAL,10,5,May,2010,2,Monday,18,14,0,5,5,0,42.90212500,-77.63548889,12,1,0,1,0,0,1,0
360280,NEW YORK,NY,2,0,2,13,769,BOLLING,5,4,April,2010,2,Monday,14,58,0,14,5,0,42.07596111,-79.29502500,12,1,0,1,0,0,1,0
360281,NEW YORK,NY,3,0,5,59,1660,FRANKLIN,1,5,May,2010,7,Saturday,2,21,0,13,5,0,40.80445556,-73.62527500,42,2,0,1,0,0,1,1
360282,NEW YORK,NY,2,0,2,51,3240,CENTRAL,10,5,May,2010,2,Monday,9,9,0,6,5,0,42.86879444,-77.61295833,12,1,0,1,0,0,1,0
360283,NEW YORK,NY,2,0,2,5,4170,BAKER HILL,13,5,May,2010,5,Thursday,12,19,1,12,3,0,40.84298333,-73.83760556,12,1,0,1,0,99,1,0
360284,NEW YORK,NY,1,1,1,5,4170,BAKER HILL,4,5,May,2010,3,Tuesday,9,29,0,13,6,0,40.84220000,-73.89411944,8,1,0,1,0,0,1,0
360285,NEW YORK,NY,2,0,2,61,4170,BELLWOOD,11,5,May,2010,3,Tuesday,15,0,0,13,3,0,40.87118333,-73.91407500,12,1,0,10,0,0,1,0
360286,NEW YORK,NY,4,0,4,119,6825,BELLAMY,13,5,May,2010,5,Thursday,18,53,0,14,5,0,41.28374722,-73.79489444,12,5,0,10,0,0,1,0
360287,NEW YORK,NY,2,0,2,77,3890,ANDERSON,20,1,January,2010,4,Wednesday,14,50,1,2,3,0,42.54896944,-75.21253056,12,1,0,10,0,0,1,0
360288,NEW YORK,NY,1,0,1,55,2710,ATTALLA,3,5,May,2010,2,Monday,22,23,0,15,5,0,43.33429444,-77.75826944,31,2,0,1,0,0,1,1
360289,NEW YORK,NY,1,0,1,81,4170,AUBURN,3,5,May,2010,2,Monday,11,40,1,1,1,0,40.76384444,-73.90270000,25,1,0,1,0,0,1,0
360290,NEW YORK,NY,1,1,1,47,4170,BROWNS,8,2,February,2010,2,Monday,14,0,0,16,6,0,40.70283056,-73.91367778,8,1,0,1,0,0,1,0
360291,NEW YORK,NY,1,0,3,85,4170,BENTON,17,1,January,2010,1,Sunday,5,55,1,13,6,0,40.60225556,-74.18483611,30,2,0,10,0,0,1,0
360292,NEW YORK,NY,2,0,2,59,4450,FRANKLIN,6,5,May,2010,5,Thursday,0,16,0,16,5,0,40.76469722,-73.62461944,12,2,0,1,0,0,1,0
360293,NEW YORK,NY,1,0,1,81,4170,AUBURN,23,2,February,2010,3,Tuesday,23,26,1,13,6,0,40.63811944,-73.83245833,30,3,0,2,0,0,1,0
360294,NEW YORK,NY,1,1,1,81,4170,AUBURN,22,2,February,2010,2,Monday,20,4,0,16,6,0,99.99990000,999.99990000,8,2,0,10,0,0,1,0
360295,NEW YORK,NY,1,1,1,61,4170,BELLWOOD,10,2,February,2010,4,Wednesday,6,44,0,16,6,0,40.71263889,-73.98999444,8,3,0,4,0,0,1,0
360296,NEW YORK,NY,2,1,2,63,4210,BOLIGEE,11,5,May,2010,3,Tuesday,20,54,0,16,6,0,43.09109722,-79.06039444,8,3,0,2,0,0,1,0
360297,NEW YORK,NY,1,0,1,65,6680,CYPRESS,6,5,May,2010,5,Thursday,8,54,0,15,5,0,43.10936111,-75.31079167,42,1,0,1,0,0,1,0
360298,NEW YORK,NY,1,0,1,43,2880,BAILEYTON,7,5,May,2010,6,Friday,18,6,0,4,3,0,43.01249167,-75.03793056,24,1,0,1,0,0,1,0
360300,NEW YORK,NY,1,0,16,71,2690,BRIDGEPORT,11,4,April,2010,1,Sunday,4,41,1,2,3,0,41.39339167,-73.99154722,35,2,0,1,0,0,1,1
360301,NEW YORK,NY,2,0,6,71,814,BRIDGEPORT,20,5,May,2010,5,Thursday,9,20,0,5,5,0,41.45169444,-74.28188056,12,1,0,1,0,0,1,0
360302,NEW YORK,NY,1,0,1,101,1250,BOYLSTON,11,5,May,2010,3,Tuesday,15,13,0,3,5,0,42.53641667,-77.43867500,52,1,0,1,0,0,1,0
360303,NEW YORK,NY,2,0,3,75,5174,BEAVERTON,29,4,April,2010,5,Thursday,14,15,0,6,4,0,43.51360000,-76.16261111,12,1,0,1,0,0,1,0
360304,NEW YORK,NY,2,0,3,45,720,ARITON,16,5,May,2010,1,Sunday,12,3,0,6,6,0,44.00423333,-76.07241944,12,1,0,1,0,0,1,0
360305,NEW YORK,NY,1,1,1,5,4170,BAKER HILL,8,3,March,2010,2,Monday,1,7,0,13,6,0,40.81861944,-73.85746667,33,3,0,1,0,0,1,0
360306,NEW YORK,NY,2,0,2,81,4170,AUBURN,18,3,March,2010,5,Thursday,12,6,0,13,6,0,40.67851944,-73.79139444,12,1,0,1,0,0,1,0
360307,NEW YORK,NY,2,0,2,7,3064,BIBB,4,5,May,2010,3,Tuesday,11,15,1,1,1,0,42.09987778,-75.81790000,12,1,0,1,0,0,1,0
360308,NEW YORK,NY,2,1,2,47,4170,BROWNS,14,3,March,2010,1,Sunday,1,10,0,13,6,0,40.57721944,-73.96329444,8,3,0,1,0,0,1,0
360309,NEW YORK,NY,1,0,1,29,1500,BORDEN SPRINGS,24,5,May,2010,2,Monday,19,45,0,16,5,0,42.90143333,-78.68408333,33,1,0,1,0,0,1,1
360310,NEW YORK,NY,1,0,1,75,5105,BEAVERTON,23,5,May,2010,1,Sunday,16,30,0,16,5,0,43.51874167,-75.82306667,34,1,0,1,0,0,1,1
360311,NEW YORK,NY,1,1,1,61,4170,BELLWOOD,22,5,May,2010,7,Saturday,5,4,0,13,6,0,40.84417222,-73.93752778,8,4,0,1,0,0,1,1
360312,NEW YORK,NY,2,0,2,59,2600,FRANKLIN,12,2,February,2010,6,Friday,17,58,1,2,3,0,40.68000278,-73.70304722,12,3,0,1,0,0,1,1
360313,NEW YORK,NY,1,0,1,27,2000,ASHLAND,21,3,March,2010,1,Sunday,2,55,1,1,1,444,99.99990000,999.99990000,35,2,0,1,0,0,1,1
360314,NEW YORK,NY,1,0,2,7,3453,BIBB,29,5,May,2010,7,Saturday,0,49,0,5,5,0,42.23277500,-76.04071111,42,2,0,1,0,0,1,1
360315,NEW YORK,NY,1,0,1,119,1379,BELLAMY,1,5,May,2010,7,Saturday,17,48,1,12,2,0,99.99990000,999.99990000,44,1,0,1,0,0,1,0
360316,NEW YORK,NY,1,0,2,87,4380,ARMSTRONG,3,5,May,2010,2,Monday,15,27,0,14,5,0,41.04670278,-74.00043056,24,1,0,2,0,0,1,0
360317,NEW YORK,NY,1,0,2,71,2030,BRIDGEPORT,9,5,May,2010,1,Sunday,18,45,0,16,5,0,41.32861667,-74.36106944,30,1,0,10,0,0,2,1
360318,NEW YORK,NY,2,0,2,111,5480,GRAHAM,1,5,May,2010,7,Saturday,8,36,1,2,3,0,42.12071389,-73.93420556,12,1,0,1,0,0,1,0
360319,NEW YORK,NY,1,0,2,115,6660,ASHVILLE,15,5,May,2010,7,Saturday,18,52,0,16,4,0,43.56487500,-73.32305556,34,1,0,10,0,0,1,0
360320,NEW YORK,NY,1,0,1,1,50,AUTAUGA,2,5,May,2010,1,Sunday,8,30,1,11,1,40,99.99990000,999.99990000,31,1,0,1,0,0,1,0
360321,NEW YORK,NY,1,0,6,119,5893,BELLAMY,16,5,May,2010,1,Sunday,8,56,1,1,1,0,41.28619167,-73.67850000,1,1,0,1,0,0,2,0
360322,NEW YORK,NY,1,0,1,119,5802,BELLAMY,26,5,May,2010,4,Wednesday,23,0,1,13,3,0,41.28022500,-73.74150000,35,2,0,10,0,0,1,1
360323,NEW YORK,NY,1,0,2,29,750,BORDEN SPRINGS,15,5,May,2010,7,Saturday,1,17,0,14,5,0,42.88989444,-78.83351389,33,3,0,10,0,0,1,1
360324,NEW YORK,NY,1,1,1,85,4170,BENTON,29,4,April,2010,5,Thursday,6,50,1,13,6,0,40.60976667,-74.16039722,8,1,0,1,0,0,1,0
360325,NEW YORK,NY,1,0,1,55,2395,ATTALLA,23,5,May,2010,1,Sunday,9,17,1,13,3,441,43.31811667,-77.72824444,31,1,0,1,0,0,1,0
360326,NEW YORK,NY,1,1,1,55,5600,ATTALLA,29,4,April,2010,5,Thursday,15,15,0,13,5,0,43.03053333,-77.74176944,8,1,0,1,0,0,1,0
360327,NEW YORK,NY,1,1,1,47,4170,BROWNS,17,3,March,2010,4,Wednesday,11,13,1,13,6,0,40.67582222,-73.89689722,8,1,0,1,0,0,1,0
360328,NEW YORK,NY,2,0,3,5,4170,BAKER HILL,30,5,May,2010,1,Sunday,23,38,0,16,6,0,40.85630556,-73.79339444,12,3,0,1,0,0,1,1
360329,NEW YORK,NY,1,0,1,119,2900,BELLAMY,25,5,May,2010,3,Tuesday,23,45,1,2,3,0,41.04291667,-73.83675000,17,2,0,1,0,0,1,1
360330,NEW YORK,NY,2,0,2,1,1290,AUTAUGA,27,5,May,2010,5,Thursday,8,43,0,13,3,50,42.70170556,-73.74550278,12,1,0,1,0,0,1,1
360331,NEW YORK,NY,1,0,1,121,525,BON AIR,28,5,May,2010,6,Friday,22,30,0,5,5,0,42.85716944,-78.39416667,11,2,0,10,0,0,1,0
360332,NEW YORK,NY,1,0,3,13,4987,BOLLING,21,5,May,2010,6,Friday,12,33,1,1,1,4804,99.99990000,999.99990000,1,1,0,1,0,0,1,0
360333,NEW YORK,NY,1,0,2,99,6440,BEATRICE,19,5,May,2010,4,Wednesday,13,51,1,1,1,0,99.99990000,999.99990000,1,1,0,1,0,0,1,0
360334,NEW YORK,NY,1,0,1,91,6731,DAYTON,1,6,June,2010,3,Tuesday,10,45,1,1,1,351,43.14549444,-73.72800278,42,1,0,2,0,0,1,0
360335,NEW YORK,NY,1,0,1,77,3180,ANDERSON,2,6,June,2010,4,Wednesday,5,41,0,2,3,0,42.52148889,-75.08953611,11,4,0,5,0,0,1,0
360336,NEW YORK,NY,2,0,2,73,60,ARGO,1,6,June,2010,3,Tuesday,14,28,0,6,5,0,43.34016111,-78.13545278,12,1,0,1,0,0,1,0
360337,NEW YORK,NY,2,0,2,49,4990,COLLINSVILLE,20,4,April,2010,3,Tuesday,13,57,1,2,3,277,43.54140556,-75.32662778,7,1,0,10,0,0,1,0
360338,NEW YORK,NY,1,0,1,107,860,CARROLLTON,30,5,May,2010,1,Sunday,0,9,1,2,3,0,42.21466111,-76.32713889,24,2,0,1,0,0,1,1
360339,NEW YORK,NY,1,1,1,83,6110,ARDMORE,29,5,May,2010,7,Saturday,20,12,0,14,6,0,42.78626667,-73.66664444,8,5,0,1,0,0,1,0
360340,NEW YORK,NY,1,0,1,59,4600,FRANKLIN,16,5,May,2010,1,Sunday,0,30,0,12,5,0,40.79118333,-73.48617500,59,2,0,1,0,0,1,1
360341,NEW YORK,NY,1,0,1,67,4310,ABBEVILLE,7,5,May,2010,6,Friday,21,2,0,15,5,0,43.13535556,-76.11895556,50,3,0,10,0,0,1,0
360342,NEW YORK,NY,1,0,1,65,800,CYPRESS,21,5,May,2010,6,Friday,23,35,0,3,3,0,43.33362222,-75.73328611,35,2,0,10,0,0,1,0
360343,NEW YORK,NY,1,0,3,59,2600,FRANKLIN,27,3,March,2010,7,Saturday,23,15,0,15,5,0,40.63440000,-73.71451667,59,3,0,1,0,0,1,0
360344,NEW YORK,NY,1,0,2,5,4170,BAKER HILL,29,5,May,2010,7,Saturday,12,3,1,11,1,831,40.87205833,-73.83432222,43,1,0,10,0,0,1,0
360345,NEW YORK,NY,1,0,1,7,540,BIBB,29,5,May,2010,7,Saturday,20,25,0,13,3,0,42.09495833,-75.91342500,30,1,0,1,0,0,1,0
360346,NEW YORK,NY,1,1,1,81,4170,AUBURN,12,1,January,2010,3,Tuesday,9,20,0,13,6,0,40.73585278,-73.74636111,8,1,0,1,0,0,1,0
360347,NEW YORK,NY,1,1,1,47,4170,BROWNS,7,3,March,2010,1,Sunday,1,45,1,13,6,0,40.62541944,-74.01718889,8,3,0,1,0,0,1,0
360348,NEW YORK,NY,2,0,8,47,4170,BROWNS,10,1,January,2010,1,Sunday,3,31,1,12,3,198,99.99990000,999.99990000,24,3,0,1,0,0,2,1
360349,NEW YORK,NY,1,1,2,47,4170,BROWNS,14,4,April,2010,4,Wednesday,0,9,0,13,6,0,40.66136944,-73.88401111,9,3,0,1,0,0,1,0
360350,NEW YORK,NY,3,0,1,5,4170,BAKER HILL,24,4,April,2010,7,Saturday,4,14,0,16,6,0,40.87488889,-73.86451667,14,3,0,1,0,0,1,1
360351,NEW YORK,NY,1,1,1,51,3240,CENTRAL,6,6,June,2010,1,Sunday,13,45,0,4,5,0,42.93317500,-77.61188611,15,1,0,2,0,0,1,0
360352,NEW YORK,NY,2,0,3,53,6004,ATMORE,24,5,May,2010,2,Monday,14,47,0,3,3,220,43.15457778,-75.92776944,12,1,0,1,0,0,1,1
360353,NEW YORK,NY,2,0,2,33,605,CHEROKEE,25,5,May,2010,3,Tuesday,17,54,0,16,4,0,44.88865556,-74.52172222,12,1,0,1,0,0,1,0
360354,NEW YORK,NY,2,0,6,83,2974,ARDMORE,6,6,June,2010,1,Sunday,4,56,1,2,3,0,42.84793611,-73.44381944,12,4,0,10,0,0,4,0
360356,NEW YORK,NY,1,0,1,9,1698,BLOUNT,12,6,June,2010,7,Saturday,18,46,0,6,5,0,42.43615833,-78.74987222,34,1,0,10,0,0,1,0
360357,NEW YORK,NY,1,0,1,67,380,ABBEVILLE,28,4,April,2010,4,Wednesday,15,10,1,1,1,999,99.99990000,999.99990000,31,1,0,1,0,0,1,0
360358,NEW YORK,NY,1,0,1,9,6823,BLOUNT,13,6,June,2010,1,Sunday,19,26,0,5,5,0,42.50423333,-78.50898611,24,1,0,10,0,0,1,1
360359,NEW YORK,NY,2,0,3,71,4828,BRIDGEPORT,26,5,May,2010,4,Wednesday,16,31,0,6,4,0,41.57693056,-74.25380278,12,1,0,1,0,0,1,1
360360,NEW YORK,NY,1,0,1,67,6010,ABBEVILLE,14,5,May,2010,6,Friday,17,27,1,2,3,0,42.92151667,-76.25775556,42,1,0,1,0,0,1,0
360361,NEW YORK,NY,1,0,1,65,1220,CYPRESS,29,5,May,2010,7,Saturday,22,29,0,6,5,0,43.02077500,-75.38541667,34,2,0,10,0,0,1,0
360362,NEW YORK,NY,1,1,2,5,4170,BAKER HILL,21,4,April,2010,4,Wednesday,0,15,1,13,6,0,40.81860000,-73.92738889,8,2,0,1,0,0,1,0
360363,NEW YORK,NY,1,0,4,47,4170,BROWNS,25,4,April,2010,1,Sunday,22,15,0,14,6,0,40.58873333,-73.97416667,50,2,0,2,0,0,1,0
360364,NEW YORK,NY,1,0,1,103,5210,DANVILLE,7,6,June,2010,2,Monday,13,41,1,1,1,0,40.92129444,-72.71906944,59,1,0,1,0,0,1,0
360365,NEW YORK,NY,1,1,1,27,2000,ASHLAND,7,6,June,2010,2,Monday,7,40,0,16,5,0,41.51174167,-73.93052222,9,1,0,1,0,0,1,0
360366,NEW YORK,NY,2,0,3,59,4600,FRANKLIN,30,5,May,2010,1,Sunday,22,47,0,16,5,0,40.86113056,-73.53544167,12,2,0,1,0,0,3,1
360367,NEW YORK,NY,2,0,4,95,899,ALBERTVILLE,7,6,June,2010,2,Monday,18,25,0,6,5,0,42.73569722,-74.49291944,12,1,0,1,0,0,1,0
360368,NEW YORK,NY,4,0,2,47,4170,BROWNS,11,4,April,2010,1,Sunday,4,28,0,13,6,0,40.61522222,-73.98365000,12,3,0,1,0,0,1,0
360369,NEW YORK,NY,1,0,1,13,3027,BOLLING,23,4,April,2010,6,Friday,14,49,0,15,5,0,42.06563889,-79.19994722,34,1,0,1,0,0,1,0
360370,NEW YORK,NY,1,0,2,63,4330,BOLIGEE,12,6,June,2010,7,Saturday,0,16,0,15,6,0,43.02133889,-78.84450278,30,3,0,10,0,0,1,0
360371,NEW YORK,NY,2,0,2,91,2484,DAYTON,15,6,June,2010,3,Tuesday,12,20,0,13,3,0,42.86910833,-73.72633056,12,1,0,1,0,0,1,0
360372,NEW YORK,NY,3,0,3,59,6550,FRANKLIN,4,5,May,2010,3,Tuesday,11,55,0,15,5,0,40.75374167,-73.59693056,12,1,0,1,0,0,1,1
360373,NEW YORK,NY,2,0,1,67,3425,ABBEVILLE,14,6,June,2010,2,Monday,17,0,0,6,5,0,43.14871944,-76.44515000,42,1,0,1,0,0,1,0
360374,NEW YORK,NY,2,1,2,59,4090,FRANKLIN,1,6,June,2010,3,Tuesday,15,20,0,16,5,0,40.75332778,-73.58758333,12,1,0,10,0,0,1,0
360375,NEW YORK,NY,1,0,2,29,1275,BORDEN SPRINGS,13,6,June,2010,1,Sunday,22,7,0,16,5,0,42.60875833,-78.65301111,24,2,0,2,0,0,1,1
360376,NEW YORK,NY,1,0,1,101,813,BOYLSTON,16,6,June,2010,4,Wednesday,22,9,0,6,4,0,42.22209722,-77.22815833,32,3,0,10,0,0,1,1