ST_CASE,State Name,State Abbreviation,VE_TOTAL,Pedestrains,Total_Persons_in_accident,COUNTY,CITY,City_County_Name,Calendar_DAY,MONTH,Month_Name,YEAR,DAY_WEEK,Day_Week_desc,HOUR,MINUTE,NHS_Desc,trafficway,ROUTE,MILEPT,LATITUDE,LONGITUD,First_Crash_event,Light_cond_desc,Weather_condition,WEATHER,SCH_BUS,Crash_cause,FATALS,DRUNK_DR
360377,NEW YORK,NY,2,0,2,29,1844,BORDEN SPRINGS,12,6,June,2010,7,Saturday,16,10,0,14,5,0,42.82307500,-78.63678889,12,1,0,10,0,0,1,0
360378,NEW YORK,NY,1,1,5,75,2344,BEAVERTON,12,6,June,2010,7,Saturday,21,15,0,3,3,487,43.29131111,-76.39983611,8,2,0,2,0,0,1,0
360379,NEW YORK,NY,1,0,1,119,640,BELLAMY,27,3,March,2010,7,Saturday,7,22,0,14,5,0,41.12369444,-73.86188889,42,4,0,1,0,0,1,1
360380,NEW YORK,NY,1,0,1,65,4080,CYPRESS,12,6,June,2010,7,Saturday,1,57,1,2,3,0,43.08255556,-75.32484167,46,3,0,10,0,0,1,1
360381,NEW YORK,NY,1,0,1,119,5350,BELLAMY,16,5,May,2010,1,Sunday,7,30,0,13,5,0,40.97648056,-73.69852500,25,1,0,1,0,0,1,0
360382,NEW YORK,NY,1,0,1,29,1286,BORDEN SPRINGS,18,6,June,2010,6,Friday,18,32,0,16,4,0,42.51551111,-78.97704444,30,1,0,1,0,0,1,1
360383,NEW YORK,NY,2,0,5,49,9999,COLLINSVILLE,12,6,June,2010,7,Saturday,16,21,0,6,5,0,43.87440000,-75.53621944,12,1,0,1,0,0,1,0
360384,NEW YORK,NY,1,0,1,101,420,BOYLSTON,17,6,June,2010,5,Thursday,5,12,1,1,1,0,42.36976944,-77.35237500,59,4,0,10,0,0,1,0
360385,NEW YORK,NY,1,1,1,91,5470,DAYTON,4,6,June,2010,6,Friday,23,56,1,13,3,996,43.04300556,-73.79072222,8,2,0,10,0,0,1,0
360387,NEW YORK,NY,3,0,3,75,2569,BEAVERTON,14,6,June,2010,2,Monday,12,0,1,2,3,0,43.33844444,-76.15151944,12,1,0,10,0,0,1,0
360388,NEW YORK,NY,2,0,4,69,1640,ASHFORD,24,6,June,2010,5,Thursday,7,1,0,6,5,0,42.92833611,-77.40361667,12,1,0,1,0,0,1,0
360389,NEW YORK,NY,1,0,2,9,3432,BLOUNT,19,6,June,2010,7,Saturday,21,35,0,4,3,0,42.38885000,-78.53094167,11,5,0,10,0,0,1,1
360390,NEW YORK,NY,1,0,1,61,4170,BELLWOOD,26,6,June,2010,7,Saturday,0,9,1,12,3,0,40.79240278,-73.98038889,24,3,0,1,0,0,1,1
360391,NEW YORK,NY,2,0,2,29,750,BORDEN SPRINGS,27,5,May,2010,5,Thursday,12,2,0,15,5,0,42.88233333,-78.82611111,12,1,0,1,0,0,1,0
360392,NEW YORK,NY,1,1,1,103,705,DANVILLE,30,3,March,2010,3,Tuesday,1,27,0,2,3,0,40.80542778,-72.81695278,8,3,0,2,0,0,1,0
360393,NEW YORK,NY,1,0,1,27,3760,ASHLAND,27,5,May,2010,5,Thursday,20,0,0,5,5,0,41.83033611,-73.71843333,30,1,0,1,0,0,1,0
360394,NEW YORK,NY,1,0,1,11,6520,BULLOCK,24,6,June,2010,5,Thursday,23,34,0,6,5,0,43.04588611,-76.54488056,35,2,0,10,0,0,1,1
360395,NEW YORK,NY,3,0,6,81,4170,AUBURN,11,3,March,2010,5,Thursday,22,10,1,12,3,540,99.99990000,999.99990000,14,3,0,1,0,0,1,0
360396,NEW YORK,NY,1,0,1,29,1170,BORDEN SPRINGS,26,6,June,2010,7,Saturday,22,27,0,6,5,0,43.04311111,-78.64691667,11,2,0,1,0,0,1,0
360397,NEW YORK,NY,1,1,2,29,156,BORDEN SPRINGS,28,3,March,2010,1,Sunday,19,56,0,15,5,0,42.95959444,-78.81394444,8,3,0,2,0,0,1,0
360398,NEW YORK,NY,1,1,1,5,4170,BAKER HILL,15,5,May,2010,7,Saturday,22,26,0,15,6,0,40.81631111,-73.89627500,8,3,0,1,0,0,1,0
360399,NEW YORK,NY,2,0,2,9,5410,BLOUNT,10,6,June,2010,5,Thursday,7,20,0,14,5,0,42.16102500,-78.69604444,12,1,0,10,0,0,1,0
360400,NEW YORK,NY,1,0,5,65,6220,CYPRESS,22,5,May,2010,7,Saturday,22,30,0,15,5,0,43.07674167,-75.20527778,42,3,0,1,0,0,1,1
360401,NEW YORK,NY,1,0,1,71,6163,BRIDGEPORT,13,6,June,2010,1,Sunday,19,4,1,2,3,0,41.20244722,-74.18451667,38,1,0,10,0,0,1,1
360402,NEW YORK,NY,1,0,1,55,5600,ATTALLA,22,6,June,2010,3,Tuesday,6,0,1,1,1,3719,99.99990000,999.99990000,42,1,0,1,0,0,1,0
360403,NEW YORK,NY,2,0,4,117,4030,BIRMINGHAM,11,6,June,2010,6,Friday,21,30,0,6,5,0,43.07921667,-77.07258889,12,2,0,1,0,0,1,1
360404,NEW YORK,NY,2,0,4,119,9999,BELLAMY,20,6,June,2010,1,Sunday,17,5,0,3,5,0,41.03556389,-73.81806667,12,1,0,1,0,0,1,0
360405,NEW YORK,NY,3,0,3,87,2580,ARMSTRONG,30,6,June,2010,4,Wednesday,23,5,0,16,5,0,41.19103889,-73.96395278,12,3,0,1,0,0,1,1
360406,NEW YORK,NY,2,0,2,29,2485,BORDEN SPRINGS,1,7,July,2010,5,Thursday,9,46,1,13,3,944,42.76140556,-78.82888889,12,1,0,1,0,0,1,0
360407,NEW YORK,NY,3,0,6,29,40,BORDEN SPRINGS,1,7,July,2010,5,Thursday,17,8,1,2,3,0,42.99721667,-78.51243056,12,1,0,1,0,0,1,0
360408,NEW YORK,NY,2,0,3,67,1539,ABBEVILLE,15,6,June,2010,3,Tuesday,10,40,1,13,3,17,43.03728333,-76.06533889,12,1,0,1,0,0,1,0
360409,NEW YORK,NY,1,1,1,81,4170,AUBURN,12,2,February,2010,6,Friday,16,20,0,16,5,0,40.75104444,-73.71379722,8,1,0,1,0,0,1,0
360410,NEW YORK,NY,1,0,1,89,6747,BROWNSBORO,24,6,June,2010,5,Thursday,23,35,0,6,5,0,44.68790833,-74.90425000,35,2,0,1,0,0,1,1
360411,NEW YORK,NY,1,0,2,103,1650,DANVILLE,24,5,May,2010,2,Monday,21,34,1,2,3,0,40.99779444,-72.04583056,30,2,0,1,0,0,1,0
360412,NEW YORK,NY,1,1,2,103,5810,DANVILLE,28,6,June,2010,2,Monday,0,53,0,6,4,0,40.89640278,-72.39833611,8,3,0,10,0,0,1,0
360413,NEW YORK,NY,1,0,2,55,5230,ATTALLA,26,6,June,2010,7,Saturday,4,13,0,16,5,0,43.17430833,-77.60869722,33,3,0,1,0,0,2,1
360414,NEW YORK,NY,1,1,1,55,5230,ATTALLA,30,6,June,2010,4,Wednesday,17,57,0,15,5,0,43.15936389,-77.64737500,8,1,0,1,0,0,1,0
360415,NEW YORK,NY,2,0,2,55,1930,ATTALLA,16,6,June,2010,4,Wednesday,11,5,0,3,3,544,43.11388056,-77.44175278,12,1,0,10,0,0,1,0
360416,NEW YORK,NY,3,0,4,63,4729,BOLIGEE,25,6,June,2010,6,Friday,21,34,0,5,5,0,43.11269722,-78.77318056,12,3,0,10,0,0,1,0
360417,NEW YORK,NY,2,0,2,83,2974,ARDMORE,16,4,April,2010,6,Friday,10,28,1,2,3,0,42.84524722,-73.45861389,12,1,0,10,0,0,1,0
360418,NEW YORK,NY,1,0,1,59,4090,FRANKLIN,20,6,June,2010,1,Sunday,5,19,1,2,3,0,40.76167500,-73.62419167,24,4,0,10,0,0,1,1
360419,NEW YORK,NY,1,0,1,81,4170,AUBURN,9,7,July,2010,6,Friday,10,34,0,15,6,0,40.71719722,-73.88494444,33,1,0,1,0,0,1,0
360420,NEW YORK,NY,2,0,2,85,4170,BENTON,24,4,April,2010,7,Saturday,12,55,1,2,3,0,40.61659167,-74.15272500,24,1,0,1,0,0,1,1
360421,NEW YORK,NY,1,0,1,105,1954,MARION,29,6,June,2010,3,Tuesday,15,2,0,6,5,0,41.67893889,-74.51760278,24,1,0,1,0,0,1,0
360422,NEW YORK,NY,1,0,2,5,4170,BAKER HILL,26,6,June,2010,7,Saturday,0,33,1,13,3,340,40.87930833,-73.81752500,24,3,0,1,0,0,1,1
360423,NEW YORK,NY,2,0,2,87,5077,ARMSTRONG,22,6,June,2010,3,Tuesday,9,24,1,1,1,327,99.99990000,999.99990000,12,1,0,1,0,0,1,0
360424,NEW YORK,NY,2,0,2,39,290,ANDALUSIA,26,6,June,2010,7,Saturday,10,59,0,3,3,356,42.24847778,-73.84091389,12,1,0,1,0,0,1,0
360425,NEW YORK,NY,2,0,2,17,5650,CHAMBERS,18,6,June,2010,6,Friday,15,15,0,4,3,0,42.69398056,-75.54246389,12,1,0,1,0,0,1,0
360426,NEW YORK,NY,1,1,1,45,1900,ARITON,1,7,July,2010,5,Thursday,2,30,0,14,3,0,44.00661389,-75.84756111,8,2,0,10,0,0,1,0
360427,NEW YORK,NY,2,0,2,9,2393,BLOUNT,6,7,July,2010,3,Tuesday,20,18,1,2,3,0,42.19366389,-78.66663611,12,1,0,1,0,0,1,0
360428,NEW YORK,NY,2,0,2,83,940,ARDMORE,27,6,June,2010,1,Sunday,19,42,0,2,3,0,42.55971944,-73.68004444,12,1,0,1,0,0,1,0
360429,NEW YORK,NY,1,0,2,17,5049,CHAMBERS,27,6,June,2010,1,Sunday,6,18,0,5,4,0,42.53569167,-75.61666389,34,1,0,1,0,0,1,1
360430,NEW YORK,NY,1,1,1,47,4170,BROWNS,1,5,May,2010,7,Saturday,7,45,0,13,6,0,40.64486944,-73.96002500,8,1,0,1,0,0,1,0
360431,NEW YORK,NY,2,0,2,47,4170,BROWNS,16,5,May,2010,1,Sunday,22,52,1,13,6,0,40.63717500,-73.92610000,33,3,0,1,0,0,1,0
360432,NEW YORK,NY,1,1,1,81,4170,AUBURN,26,1,January,2010,3,Tuesday,1,6,1,11,1,0,40.73516111,-73.86094444,8,3,0,2,0,0,1,0
360433,NEW YORK,NY,1,1,1,47,4170,BROWNS,14,4,April,2010,4,Wednesday,9,24,0,16,6,0,40.64530000,-73.95803056,9,1,0,1,0,0,1,0
360434,NEW YORK,NY,1,0,2,111,3531,GRAHAM,2,7,July,2010,6,Friday,12,7,1,2,3,0,41.88499444,-74.11119444,30,1,0,1,0,0,1,0
360435,NEW YORK,NY,1,0,1,17,4590,CHAMBERS,6,6,June,2010,1,Sunday,22,28,0,4,3,0,42.45321111,-75.61020556,34,2,0,1,0,0,1,1
360436,NEW YORK,NY,1,1,1,1,50,AUTAUGA,7,7,July,2010,4,Wednesday,22,39,1,1,1,0,42.63502500,-73.76145556,8,3,0,1,0,0,1,0
360437,NEW YORK,NY,1,1,1,61,4170,BELLWOOD,14,6,June,2010,2,Monday,20,17,0,16,6,0,40.77789444,-73.98216944,8,3,0,1,0,0,1,0
360438,NEW YORK,NY,1,0,4,17,2400,CHAMBERS,30,5,May,2010,1,Sunday,3,27,0,6,5,0,42.39600556,-75.82213889,5,2,0,10,0,0,1,1
360439,NEW YORK,NY,1,0,1,65,5453,CYPRESS,4,7,July,2010,1,Sunday,12,15,0,6,5,0,42.88775556,-75.32196389,34,1,0,1,0,0,1,0
360440,NEW YORK,NY,2,0,3,35,4340,BROOKLYN,11,7,July,2010,1,Sunday,17,39,0,2,3,0,43.17901944,-74.20410556,12,1,0,1,0,0,2,0
360441,NEW YORK,NY,1,0,1,59,2600,FRANKLIN,7,6,June,2010,2,Monday,6,30,0,14,5,0,40.68202222,-73.61517778,5,1,0,1,0,0,1,0
360442,NEW YORK,NY,1,1,2,89,1464,BROWNSBORO,6,7,July,2010,3,Tuesday,19,0,0,6,4,0,44.50425000,-75.28544444,9,1,0,1,0,0,1,0
360443,NEW YORK,NY,1,0,2,5,4170,BAKER HILL,23,4,April,2010,6,Friday,19,27,0,13,6,0,40.85004722,-73.84492500,30,1,0,1,0,0,1,0
360444,NEW YORK,NY,1,1,1,103,360,DANVILLE,13,6,June,2010,1,Sunday,0,8,1,13,3,0,40.73859167,-73.42321944,8,3,0,10,0,0,1,0
360445,NEW YORK,NY,1,1,1,103,360,DANVILLE,23,6,June,2010,4,Wednesday,3,0,1,13,3,0,40.69246667,-73.39800556,8,3,0,1,0,0,1,0
360446,NEW YORK,NY,1,0,1,103,360,DANVILLE,2,7,July,2010,6,Friday,1,21,0,16,5,0,40.76001667,-73.36352222,42,3,0,1,0,0,1,1
360447,NEW YORK,NY,1,0,2,103,5769,DANVILLE,6,6,June,2010,1,Sunday,12,41,1,13,3,0,40.82714167,-73.24383333,42,1,0,10,0,0,1,0
360448,NEW YORK,NY,2,0,2,103,2920,DANVILLE,7,6,June,2010,2,Monday,13,13,1,2,3,0,40.77436667,-73.06689167,12,1,0,1,0,0,1,0
360449,NEW YORK,NY,2,0,2,103,360,DANVILLE,10,6,June,2010,5,Thursday,17,25,0,16,5,0,40.70227778,-73.33629444,12,1,0,1,0,0,1,0
360450,NEW YORK,NY,2,0,2,103,3654,DANVILLE,5,5,May,2010,4,Wednesday,14,50,0,13,6,0,40.81444167,-73.02005833,12,1,0,1,0,0,1,0
360451,NEW YORK,NY,2,0,2,103,705,DANVILLE,18,6,June,2010,6,Friday,15,15,0,15,5,0,40.82410556,-73.01333333,12,1,0,1,0,0,1,0
360452,NEW YORK,NY,2,0,2,11,5633,BULLOCK,1,6,June,2010,3,Tuesday,15,57,0,6,5,0,42.98205000,-76.53188333,12,1,0,1,0,0,1,0
360453,NEW YORK,NY,2,1,1,81,4170,AUBURN,16,7,July,2010,6,Friday,10,14,0,13,6,0,40.75858611,-73.82964722,9,1,0,1,0,0,1,0
360454,NEW YORK,NY,2,0,2,103,2920,DANVILLE,10,5,May,2010,2,Monday,6,58,0,16,6,0,40.76985000,-73.18043611,12,1,0,1,0,0,1,0
360455,NEW YORK,NY,1,0,1,103,5270,DANVILLE,2,5,May,2010,1,Sunday,15,5,0,16,6,0,40.78744722,-73.09985278,42,1,0,1,0,0,1,1
360456,NEW YORK,NY,2,0,5,103,705,DANVILLE,7,3,March,2010,1,Sunday,15,48,0,14,5,0,40.82074444,-72.94448611,12,1,0,1,0,0,1,0
360457,NEW YORK,NY,2,0,2,103,360,DANVILLE,1,6,June,2010,3,Tuesday,12,37,1,13,3,998,40.74686389,-73.42225000,12,1,0,1,0,0,1,0
360458,NEW YORK,NY,2,0,2,83,5540,ARDMORE,19,6,June,2010,7,Saturday,8,56,0,15,6,0,42.80468889,-73.63419167,12,1,0,1,0,0,1,0
360459,NEW YORK,NY,2,0,2,63,9997,BOLIGEE,11,7,July,2010,1,Sunday,8,23,0,16,5,0,43.04033611,-79.00548611,12,1,0,1,0,0,1,0
360460,NEW YORK,NY,2,0,2,17,4590,CHAMBERS,7,7,July,2010,4,Wednesday,16,43,0,6,4,0,42.46320000,-75.54790000,12,1,0,1,0,0,1,0
360461,NEW YORK,NY,1,0,1,3,120,BALDWIN,17,7,July,2010,7,Saturday,0,57,0,5,5,0,42.32442778,-77.74451389,5,2,0,1,0,0,1,1
360462,NEW YORK,NY,1,0,1,33,4685,CHEROKEE,16,6,June,2010,4,Wednesday,12,20,0,6,4,0,44.41934444,-74.14733056,42,1,0,2,0,0,1,0
360463,NEW YORK,NY,2,1,1,103,705,DANVILLE,4,6,June,2010,6,Friday,11,2,0,16,6,0,99.99990000,999.99990000,14,1,0,1,0,0,1,0
360464,NEW YORK,NY,1,0,1,89,5020,BROWNSBORO,18,7,July,2010,1,Sunday,1,50,0,15,5,0,44.66862222,-74.97700556,19,2,0,1,0,0,1,1
360465,NEW YORK,NY,2,0,1,55,5230,ATTALLA,11,7,July,2010,1,Sunday,1,41,0,14,5,0,43.14910833,-77.58139444,42,2,0,1,0,0,1,1
360466,NEW YORK,NY,1,0,1,115,9997,ASHVILLE,1,7,July,2010,5,Thursday,8,58,0,6,5,0,42.95970556,-73.38442222,42,1,0,1,0,0,1,0
360467,NEW YORK,NY,1,0,1,71,1370,BRIDGEPORT,18,7,July,2010,1,Sunday,13,23,1,2,3,0,99.99990000,999.99990000,24,1,0,1,0,0,1,0
360468,NEW YORK,NY,1,0,2,99,5630,BEATRICE,20,7,July,2010,3,Tuesday,13,50,1,1,1,320,99.99990000,999.99990000,34,1,0,1,0,0,1,0
360469,NEW YORK,NY,2,0,3,25,5700,BARLOW BEND,16,7,July,2010,6,Friday,15,35,0,6,4,0,42.31002222,-75.37618889,12,1,0,1,0,0,1,1
360470,NEW YORK,NY,2,0,3,119,1379,BELLAMY,23,7,July,2010,6,Friday,16,38,0,14,5,0,41.32498889,-73.92826667,12,1,0,10,0,0,1,0
360471,NEW YORK,NY,1,0,4,59,4600,FRANKLIN,1,7,July,2010,5,Thursday,6,45,0,14,5,0,40.81894167,-73.46849444,35,1,0,1,0,0,1,0
360472,NEW YORK,NY,2,0,16,11,2011,BULLOCK,7,7,July,2010,4,Wednesday,14,47,0,3,3,89,42.87750278,-76.57448889,12,1,0,1,0,0,1,0
360473,NEW YORK,NY,2,1,1,59,3360,FRANKLIN,11,6,June,2010,6,Friday,15,51,0,14,6,0,40.58402222,-73.65110000,14,1,0,1,0,0,1,0
360474,NEW YORK,NY,3,0,8,103,5210,DANVILLE,17,7,July,2010,7,Saturday,12,49,0,5,5,0,40.94730556,-72.60966111,12,1,0,1,0,0,1,0
360475,NEW YORK,NY,1,0,2,55,2395,ATTALLA,12,7,July,2010,2,Monday,1,34,1,2,3,0,43.26130000,-77.64410278,42,2,0,1,0,0,1,1
360476,NEW YORK,NY,1,1,1,109,2940,ANSLEY,21,7,July,2010,4,Wednesday,8,30,0,16,5,0,42.43376667,-76.50811389,8,1,0,1,0,0,1,0
360477,NEW YORK,NY,2,0,7,91,389,DAYTON,24,7,July,2010,7,Saturday,16,31,1,2,3,0,42.95744444,-73.86565556,12,1,0,1,0,0,1,0
360478,NEW YORK,NY,1,1,1,61,4170,BELLWOOD,23,7,July,2010,6,Friday,2,53,0,13,6,0,40.83836667,-73.94158889,8,3,0,1,0,0,1,0
360479,NEW YORK,NY,2,0,2,21,1173,CHILTON,21,7,July,2010,4,Wednesday,9,52,0,3,3,0,42.25911111,-73.74551389,12,1,0,1,0,0,1,0
360480,NEW YORK,NY,1,1,1,81,4170,AUBURN,21,7,July,2010,4,Wednesday,9,15,0,16,6,0,40.71365000,-73.80692222,8,1,0,1,1,0,1,0
360481,NEW YORK,NY,1,0,1,111,3329,GRAHAM,22,7,July,2010,5,Thursday,23,26,0,6,5,0,41.69060278,-73.97159167,30,2,0,1,0,0,1,1
360482,NEW YORK,NY,3,0,6,103,2840,DANVILLE,28,4,April,2010,4,Wednesday,17,10,0,16,6,0,40.77698611,-73.24938056,12,1,0,1,0,0,2,0
360483,NEW YORK,NY,1,0,4,59,2600,FRANKLIN,20,6,June,2010,1,Sunday,6,38,1,2,3,0,40.68381111,-73.70779167,42,4,0,1,0,0,1,1
360484,NEW YORK,NY,2,0,3,47,4170,BROWNS,9,5,May,2010,1,Sunday,2,0,0,13,6,0,40.65052500,-73.92342222,12,3,0,1,0,0,1,0
360485,NEW YORK,NY,1,0,5,59,2600,FRANKLIN,15,7,July,2010,5,Thursday,8,45,1,2,3,0,40.67103611,-73.56947500,42,1,0,10,0,0,3,0
360486,NEW YORK,NY,1,0,1,53,3450,ATMORE,16,6,June,2010,4,Wednesday,13,12,0,5,5,0,42.88552500,-75.48122500,42,1,0,10,0,0,1,0
360487,NEW YORK,NY,1,1,3,29,2485,BORDEN SPRINGS,25,7,July,2010,1,Sunday,18,32,1,13,3,0,42.79047222,-78.84606667,9,1,0,10,0,0,1,0
360488,NEW YORK,NY,2,0,5,29,2485,BORDEN SPRINGS,18,6,June,2010,6,Friday,10,0,1,1,1,990,99.99990000,999.99990000,12,1,0,1,0,0,1,0
360489,NEW YORK,NY,3,0,5,57,4010,BANKSTON,25,7,July,2010,1,Sunday,13,26,1,2,3,61,42.91564167,-74.58974444,12,1,0,1,0,0,1,1
360490,NEW YORK,NY,1,0,1,55,2248,ATTALLA,29,7,July,2010,5,Thursday,10,34,1,1,1,0,43.15645278,-77.68357500,24,1,0,10,0,0,1,0
360491,NEW YORK,NY,3,0,4,111,4100,GRAHAM,27,7,July,2010,3,Tuesday,7,1,0,2,3,99,41.73798889,-74.03722222,12,1,0,1,0,0,1,0
360492,NEW YORK,NY,1,3,1,61,4170,BELLWOOD,30,7,July,2010,6,Friday,9,6,0,13,6,0,40.80216389,-73.93378333,8,1,0,1,0,0,1,0
360493,NEW YORK,NY,3,0,1,47,4170,BROWNS,9,5,May,2010,1,Sunday,17,0,0,16,6,0,40.71253333,-73.96445000,14,1,0,1,0,0,1,0
360494,NEW YORK,NY,3,0,3,103,705,DANVILLE,27,7,July,2010,3,Tuesday,20,25,1,1,1,0,40.82243333,-72.98271389,12,5,0,1,0,0,1,0
360495,NEW YORK,NY,1,0,1,67,4491,ABBEVILLE,21,6,June,2010,2,Monday,8,51,0,13,3,401,43.00539722,-76.16424167,1,1,0,10,0,0,1,0
360496,NEW YORK,NY,1,0,1,67,6140,ABBEVILLE,3,7,July,2010,7,Saturday,23,35,0,6,5,0,42.85732778,-76.23703611,34,2,0,1,0,0,1,1
360497,NEW YORK,NY,1,0,2,55,2395,ATTALLA,25,7,July,2010,1,Sunday,17,23,1,2,3,0,43.28118889,-77.69574167,59,1,0,1,0,0,1,1
360498,NEW YORK,NY,1,0,2,11,3839,BULLOCK,25,7,July,2010,1,Sunday,16,18,1,1,1,3119,43.01423333,-76.68939722,1,1,0,1,0,0,1,0
360499,NEW YORK,NY,2,0,6,65,4659,CYPRESS,30,7,July,2010,6,Friday,15,25,0,14,5,0,43.04380278,-75.27402778,12,1,0,1,0,0,1,0
360500,NEW YORK,NY,1,0,1,9,1456,BLOUNT,31,7,July,2010,7,Saturday,7,30,0,4,3,0,42.35866944,-79.01470278,42,1,0,1,0,0,1,0
360501,NEW YORK,NY,1,0,1,65,4659,CYPRESS,17,7,July,2010,7,Saturday,15,1,0,16,5,0,43.04271944,-75.27364167,31,1,0,10,0,0,1,1
360502,NEW YORK,NY,2,0,2,19,5459,CEDAR BLUFF,24,7,July,2010,7,Saturday,11,19,0,6,4,0,44.60162222,-73.80707500,12,1,0,1,0,0,1,1
360503,NEW YORK,NY,1,0,1,103,160,DANVILLE,26,7,July,2010,2,Monday,19,57,0,16,5,0,40.68358056,-73.41138889,19,1,0,1,0,0,1,0
360504,NEW YORK,NY,1,1,2,47,4170,BROWNS,27,5,May,2010,5,Thursday,19,3,0,16,6,0,40.62309722,-73.97843056,8,5,0,10,0,0,1,0
360505,NEW YORK,NY,1,1,1,59,2160,FRANKLIN,5,7,July,2010,2,Monday,1,0,1,13,3,0,40.65649444,-73.58806667,8,3,0,1,0,0,1,0
360506,NEW YORK,NY,2,0,2,45,1182,ARITON,26,6,June,2010,7,Saturday,14,30,1,13,3,805,44.27276944,-76.00024167,12,1,0,2,0,0,1,0
360507,NEW YORK,NY,2,0,3,103,1650,DANVILLE,13,7,July,2010,3,Tuesday,7,56,1,2,3,0,40.96781944,-72.16436111,33,1,0,1,0,0,1,0
360508,NEW YORK,NY,1,1,1,61,4170,BELLWOOD,12,4,April,2010,2,Monday,4,56,1,13,6,0,40.71861111,-73.98817222,8,4,0,1,0,0,1,0
360509,NEW YORK,NY,1,0,3,45,720,ARITON,5,7,July,2010,2,Monday,1,55,0,6,5,0,44.01568889,-76.07521667,42,2,0,1,0,0,1,0
360510,NEW YORK,NY,1,0,1,9,2140,BLOUNT,22,7,July,2010,5,Thursday,10,10,1,2,3,0,42.30980000,-78.46002222,42,1,0,10,0,0,1,0
360511,NEW YORK,NY,1,1,16,105,1954,MARION,24,4,April,2010,7,Saturday,22,3,0,5,5,0,41.73378889,-74.62802500,8,3,0,1,0,0,1,0
360512,NEW YORK,NY,1,0,1,103,705,DANVILLE,27,6,June,2010,1,Sunday,19,35,1,13,4,0,40.74735556,-72.87166944,30,1,0,1,0,0,1,1
360513,NEW YORK,NY,1,0,1,103,2840,DANVILLE,20,7,July,2010,3,Tuesday,23,5,0,6,5,0,40.87769167,-73.36873889,42,3,0,10,0,0,1,0
360514,NEW YORK,NY,1,1,1,55,2898,ATTALLA,26,7,July,2010,2,Monday,3,0,1,12,3,0,43.20426944,-77.54871389,8,3,0,1,0,0,1,0
360515,NEW YORK,NY,1,0,1,29,1170,BORDEN SPRINGS,31,7,July,2010,7,Saturday,14,14,0,14,5,0,43.04198333,-78.63687500,53,1,0,10,0,0,1,0
360516,NEW YORK,NY,1,1,1,103,2920,DANVILLE,8,3,March,2010,2,Monday,5,30,0,16,6,0,40.76307222,-73.26156944,8,3,0,1,0,0,1,0
360517,NEW YORK,NY,1,1,1,85,4170,BENTON,9,4,April,2010,6,Friday,6,15,0,16,6,0,40.52545833,-74.20098889,8,3,0,2,0,0,1,0
360518,NEW YORK,NY,1,1,3,75,5060,BEAVERTON,23,7,July,2010,6,Friday,16,20,0,6,5,0,43.56690556,-76.12748889,8,1,0,2,0,0,1,0
360519,NEW YORK,NY,2,0,3,59,2600,FRANKLIN,19,7,July,2010,2,Monday,15,25,0,13,6,0,40.72508056,-73.55086667,12,1,0,1,0,0,1,0
360520,NEW YORK,NY,1,0,1,111,5,GRAHAM,6,8,August,2010,6,Friday,0,40,1,2,3,0,41.80479722,-74.20884722,30,2,0,1,0,0,1,0
360521,NEW YORK,NY,1,1,1,61,4170,BELLWOOD,30,7,July,2010,6,Friday,17,28,0,16,6,0,40.77557222,-73.95033611,8,1,0,1,0,0,1,0
360522,NEW YORK,NY,1,0,3,37,4390,BRADFORD,7,8,August,2010,7,Saturday,1,37,0,5,5,0,43.09576667,-78.27917500,30,2,0,1,0,0,3,1
360523,NEW YORK,NY,1,0,2,87,4063,ARMSTRONG,16,7,July,2010,6,Friday,22,46,0,16,5,0,41.15190278,-73.94858889,24,3,0,1,0,0,1,1
360524,NEW YORK,NY,1,0,1,15,3790,ANNISTON,4,7,July,2010,1,Sunday,5,27,0,5,5,0,42.21557500,-76.82787500,30,4,0,1,0,0,1,1
360525,NEW YORK,NY,1,1,1,81,4170,AUBURN,6,8,August,2010,6,Friday,5,30,0,16,6,0,40.71385556,-73.83015556,8,1,0,1,0,0,1,0
360526,NEW YORK,NY,1,0,1,103,6805,DANVILLE,26,7,July,2010,2,Monday,18,30,0,15,5,0,40.74826389,-73.38026111,30,1,0,1,0,0,1,0
360527,NEW YORK,NY,1,1,2,47,4170,BROWNS,25,4,April,2010,1,Sunday,23,43,0,16,6,0,40.64317500,-73.99048889,8,3,0,2,0,0,1,0
360528,NEW YORK,NY,2,1,1,81,4170,AUBURN,5,5,May,2010,4,Wednesday,10,30,0,14,6,0,40.71158056,-73.79303056,8,1,0,1,0,0,1,0
360529,NEW YORK,NY,1,1,2,59,4450,FRANKLIN,31,7,July,2010,7,Saturday,12,17,0,16,5,0,40.77982778,-73.57683333,9,1,0,1,0,0,1,0
360530,NEW YORK,NY,1,1,1,67,6010,ABBEVILLE,2,7,July,2010,6,Friday,12,25,0,13,5,0,43.05046667,-76.14740000,9,1,0,1,0,0,1,0
360531,NEW YORK,NY,2,0,4,101,813,BOYLSTON,31,7,July,2010,7,Saturday,14,0,0,14,3,0,42.23884444,-77.18801111,12,1,0,1,0,0,1,0
360532,NEW YORK,NY,2,0,2,103,2840,DANVILLE,8,5,May,2010,7,Saturday,4,5,0,15,5,0,40.76169167,-73.43814167,12,2,0,1,0,0,1,1
360533,NEW YORK,NY,3,0,6,103,2840,DANVILLE,2,6,June,2010,4,Wednesday,9,19,0,14,5,0,40.84204722,-73.40387500,12,1,0,1,0,0,1,0
360534,NEW YORK,NY,1,0,1,51,3200,CENTRAL,2,8,August,2010,2,Monday,19,31,1,13,2,0,42.77095833,-77.88087778,24,1,0,1,0,0,1,1
360535,NEW YORK,NY,1,0,1,91,3462,DAYTON,9,8,August,2010,2,Monday,16,31,0,6,5,0,43.01357500,-73.77810833,38,1,0,10,0,0,1,1