ST_CASE,State Name,State Abbreviation,VE_TOTAL,Pedestrains,Total_Persons_in_accident,COUNTY,CITY,City_County_Name,Calendar_DAY,MONTH,Month_Name,YEAR,DAY_WEEK,Day_Week_desc,HOUR,MINUTE,NHS_Desc,trafficway,ROUTE,MILEPT,LATITUDE,LONGITUD,First_Crash_event,Light_cond_desc,Weather_condition,WEATHER,SCH_BUS,Crash_cause,FATALS,DRUNK_DR
360536,NEW YORK,NY,1,0,2,25,2130,BARLOW BEND,10,8,August,2010,3,Tuesday,1,18,0,6,4,0,42.33772222,-75.04724167,59,2,0,2,0,0,1,0
360537,NEW YORK,NY,1,0,5,111,4461,GRAHAM,10,8,August,2010,3,Tuesday,12,7,0,2,3,0,99.99990000,999.99990000,24,1,0,1,0,0,1,1
360538,NEW YORK,NY,3,1,3,47,4170,BROWNS,19,3,March,2010,6,Friday,15,30,0,13,6,0,40.62803611,-74.00655000,8,1,0,1,0,0,1,1
360539,NEW YORK,NY,1,1,2,47,4170,BROWNS,12,3,March,2010,6,Friday,21,27,0,16,6,0,40.60906667,-73.95335278,8,3,0,3,0,0,1,0
360540,NEW YORK,NY,1,1,1,81,4170,AUBURN,12,3,March,2010,6,Friday,9,0,0,13,6,0,40.74392500,-73.92620833,8,1,0,2,0,0,1,0
360541,NEW YORK,NY,1,1,1,47,4170,BROWNS,26,4,April,2010,2,Monday,20,48,0,13,6,0,40.65173056,-73.88580278,8,3,0,2,0,0,1,0
360542,NEW YORK,NY,2,1,3,47,4170,BROWNS,25,1,January,2010,2,Monday,5,50,0,13,6,0,40.58505000,-73.98741667,12,3,0,2,0,0,1,0
360543,NEW YORK,NY,1,1,4,5,4170,BAKER HILL,11,4,April,2010,1,Sunday,4,50,1,13,6,0,40.86186111,-73.89182222,8,3,0,1,0,0,1,1
360544,NEW YORK,NY,3,0,7,5,4170,BAKER HILL,6,6,June,2010,1,Sunday,23,35,1,1,1,0,40.84372778,-73.89580278,12,3,0,1,0,0,2,0
360545,NEW YORK,NY,1,0,1,71,2690,BRIDGEPORT,3,7,July,2010,7,Saturday,13,31,0,14,3,0,99.99990000,999.99990000,17,1,0,1,0,0,1,0
360546,NEW YORK,NY,1,0,1,111,5480,GRAHAM,14,7,July,2010,4,Wednesday,6,8,1,2,3,0,42.04333333,-73.96455278,42,1,0,2,0,0,1,0
360547,NEW YORK,NY,2,0,2,35,2980,BROOKLYN,13,8,August,2010,6,Friday,15,43,1,13,3,14,43.02044444,-74.32936389,12,1,0,1,0,0,1,0
360548,NEW YORK,NY,1,1,1,55,5230,ATTALLA,11,7,July,2010,1,Sunday,17,58,0,16,4,0,43.14591667,-77.64216111,8,1,0,1,0,0,1,0
360549,NEW YORK,NY,2,0,3,59,4600,FRANKLIN,2,6,June,2010,4,Wednesday,11,40,0,14,5,0,40.75719722,-73.54686944,12,1,0,1,0,0,1,0
360550,NEW YORK,NY,1,1,1,117,4640,BIRMINGHAM,25,7,July,2010,1,Sunday,19,7,0,4,5,0,43.08956944,-77.23830833,9,1,0,1,0,0,1,0
360551,NEW YORK,NY,2,0,2,53,6004,ATMORE,12,8,August,2010,5,Thursday,6,11,0,6,5,0,43.03681389,-75.81714167,12,4,0,10,0,0,1,0
360552,NEW YORK,NY,2,0,2,37,4390,BRADFORD,12,8,August,2010,5,Thursday,11,57,1,2,3,730,43.07361389,-78.30395556,12,1,0,10,0,0,1,0
360553,NEW YORK,NY,2,0,2,7,540,BIBB,3,8,August,2010,3,Tuesday,15,24,0,16,6,0,42.11121944,-75.94504167,12,1,0,10,0,0,1,0
360554,NEW YORK,NY,2,0,5,103,2920,DANVILLE,4,7,July,2010,1,Sunday,23,30,0,16,6,0,40.77519444,-73.26537222,12,3,0,1,0,0,1,0
360555,NEW YORK,NY,2,0,2,103,5870,DANVILLE,7,8,August,2010,7,Saturday,17,53,1,2,3,230,41.07010833,-72.41419167,12,1,0,1,0,0,1,1
360556,NEW YORK,NY,4,0,2,15,1850,ANNISTON,8,7,July,2010,5,Thursday,11,54,0,16,5,0,42.06055556,-76.81071944,12,1,0,1,0,0,1,0
360557,NEW YORK,NY,2,0,3,59,4600,FRANKLIN,7,8,August,2010,7,Saturday,0,10,1,13,3,99,40.78104722,-73.56205000,12,2,0,1,0,0,1,0
360558,NEW YORK,NY,1,0,1,7,4935,BIBB,15,8,August,2010,1,Sunday,0,3,0,2,3,0,42.15605556,-75.80793889,35,2,0,1,0,0,1,0
360559,NEW YORK,NY,2,0,2,1,50,AUTAUGA,29,7,July,2010,5,Thursday,5,10,1,1,1,0,42.67409167,-73.72637222,12,4,0,10,0,0,1,0
360560,NEW YORK,NY,1,1,1,51,350,CENTRAL,28,7,July,2010,4,Wednesday,7,35,0,6,5,0,42.91230833,-77.74611389,33,1,0,1,0,0,1,0
360561,NEW YORK,NY,1,0,1,111,6491,GRAHAM,14,8,August,2010,7,Saturday,11,30,1,2,3,0,41.67983611,-74.39761111,24,1,0,1,0,0,1,1
360562,NEW YORK,NY,2,0,1,35,9997,BROOKLYN,14,8,August,2010,7,Saturday,18,51,0,4,3,0,43.00060556,-74.54247222,30,1,0,1,0,0,1,1
360563,NEW YORK,NY,2,0,5,83,4768,ARDMORE,15,8,August,2010,1,Sunday,14,27,0,3,3,0,42.72043889,-73.26528889,12,1,0,10,0,0,1,0
360564,NEW YORK,NY,1,1,1,55,2898,ATTALLA,12,8,August,2010,5,Thursday,7,5,0,16,5,0,43.19677500,-77.59529722,8,1,0,1,0,0,1,0
360565,NEW YORK,NY,1,0,1,31,6725,COFFEE,21,6,June,2010,2,Monday,7,55,0,6,5,0,44.35061389,-73.41972222,35,1,0,1,0,0,1,1
360566,NEW YORK,NY,1,1,1,59,4090,FRANKLIN,18,8,August,2010,4,Wednesday,22,15,0,14,5,0,40.75141944,-73.56962500,8,3,0,1,0,0,1,0
360567,NEW YORK,NY,1,0,2,61,4170,BELLWOOD,22,8,August,2010,1,Sunday,0,26,0,2,3,0,40.70193611,-74.01019444,25,3,0,10,0,0,2,1
360568,NEW YORK,NY,2,0,3,63,4210,BOLIGEE,12,8,August,2010,5,Thursday,18,15,0,16,5,0,43.09347778,-79.04028056,12,1,0,1,0,0,1,0
360569,NEW YORK,NY,3,0,4,29,6642,BORDEN SPRINGS,15,8,August,2010,1,Sunday,12,35,0,15,5,0,42.85536944,-78.69697778,12,1,0,1,0,0,1,0
360570,NEW YORK,NY,1,0,1,61,4170,BELLWOOD,2,5,May,2010,1,Sunday,15,20,0,2,3,0,99.99990000,999.99990000,17,1,0,1,0,0,1,0
360571,NEW YORK,NY,1,1,1,115,2440,ASHVILLE,4,8,August,2010,4,Wednesday,22,46,0,2,3,435,43.09510833,-73.50696389,8,3,0,1,0,0,1,0
360572,NEW YORK,NY,1,0,4,61,4170,BELLWOOD,26,6,June,2010,7,Saturday,2,35,0,15,6,0,40.85807222,-73.92642222,33,3,0,1,0,0,2,1
360573,NEW YORK,NY,1,0,1,47,4170,BROWNS,15,6,June,2010,3,Tuesday,9,35,0,16,6,0,40.63582500,-73.91374167,42,1,0,1,0,0,1,0
360574,NEW YORK,NY,3,1,4,119,6040,BELLAMY,2,8,August,2010,2,Monday,12,35,1,11,1,990,99.99990000,999.99990000,12,1,0,1,0,0,1,0
360575,NEW YORK,NY,1,1,1,81,4170,AUBURN,2,8,August,2010,2,Monday,13,28,0,13,6,0,40.71463889,-73.90121111,9,1,0,1,0,0,1,0
360576,NEW YORK,NY,1,0,2,81,4170,AUBURN,13,3,March,2010,7,Saturday,7,10,1,2,3,0,40.66891944,-73.73826111,24,4,0,2,0,0,1,0
360577,NEW YORK,NY,2,0,4,85,4170,BENTON,15,5,May,2010,7,Saturday,13,10,1,2,3,0,40.55012778,-74.21904167,14,1,0,1,0,0,1,0
360578,NEW YORK,NY,2,0,1,85,4170,BENTON,21,5,May,2010,6,Friday,9,55,0,15,6,0,40.55815556,-74.20629444,12,1,0,1,0,0,1,0
360579,NEW YORK,NY,1,0,2,75,2200,BEAVERTON,21,8,August,2010,7,Saturday,23,8,0,3,3,0,43.23236944,-76.35205278,34,2,0,10,0,0,1,1
360580,NEW YORK,NY,1,0,13,119,6670,BELLAMY,23,8,August,2010,2,Monday,7,0,1,1,1,56,99.99990000,999.99990000,1,1,0,2,0,0,1,0
360581,NEW YORK,NY,1,0,1,7,2543,BIBB,24,8,August,2010,3,Tuesday,20,4,1,2,3,0,42.17703333,-75.74013333,1,2,0,2,0,0,1,1
360583,NEW YORK,NY,1,1,1,15,1850,ANNISTON,24,8,August,2010,3,Tuesday,20,39,0,15,5,0,42.09642222,-76.82868056,15,5,0,10,0,0,1,0
360584,NEW YORK,NY,1,2,2,119,4930,BELLAMY,27,8,August,2010,6,Friday,21,57,0,16,5,0,41.00205556,-73.66650556,8,3,0,1,0,0,1,0
360585,NEW YORK,NY,1,1,1,31,3832,COFFEE,18,7,July,2010,1,Sunday,4,0,0,6,5,0,44.05357500,-73.49051111,8,2,0,5,0,0,1,0
360586,NEW YORK,NY,2,0,6,89,2500,BROWNSBORO,21,8,August,2010,7,Saturday,15,21,1,1,2,147,44.28930833,-75.54786111,12,1,0,10,0,0,2,0
360587,NEW YORK,NY,2,0,2,29,5475,BORDEN SPRINGS,18,8,August,2010,4,Wednesday,14,34,1,2,3,531,42.60353611,-78.49926111,12,1,0,10,0,0,1,0
360588,NEW YORK,NY,2,0,3,81,4170,AUBURN,19,8,August,2010,5,Thursday,21,40,0,13,6,0,99.99990000,999.99990000,12,3,0,1,0,0,1,1
360589,NEW YORK,NY,2,0,5,119,4890,BELLAMY,19,8,August,2010,5,Thursday,20,33,1,13,3,130,41.13621111,-73.79438333,12,2,0,1,0,0,1,0
360590,NEW YORK,NY,1,1,1,59,2600,FRANKLIN,19,8,August,2010,5,Thursday,8,41,0,16,6,0,99.99990000,999.99990000,8,1,0,1,0,0,1,0
360591,NEW YORK,NY,1,0,1,117,6760,BIRMINGHAM,21,6,June,2010,2,Monday,17,54,0,6,5,0,43.18595000,-76.73166944,42,1,0,10,0,0,1,0
360592,NEW YORK,NY,1,0,2,109,2940,ANSLEY,9,8,August,2010,2,Monday,15,33,0,6,5,0,42.41246389,-76.44463056,34,1,0,1,0,0,1,0
360593,NEW YORK,NY,1,0,1,29,6090,BORDEN SPRINGS,1,9,September,2010,4,Wednesday,14,15,0,16,5,0,42.96862222,-78.85843611,33,1,0,1,0,0,1,0
360594,NEW YORK,NY,1,0,1,1,1290,AUTAUGA,29,8,August,2010,1,Sunday,15,37,1,1,1,10,42.71039722,-73.82557222,59,1,0,1,0,0,1,0
360595,NEW YORK,NY,1,0,1,21,2269,CHILTON,30,8,August,2010,2,Monday,18,12,0,6,4,0,42.33228056,-73.64936111,30,1,0,1,0,0,1,1
360596,NEW YORK,NY,1,1,1,61,4170,BELLWOOD,4,9,September,2010,7,Saturday,13,31,0,13,6,0,40.74320833,-73.97998056,8,1,0,1,0,0,1,0
360597,NEW YORK,NY,1,1,2,81,4170,AUBURN,4,9,September,2010,7,Saturday,9,27,0,13,6,0,40.68997778,-73.77789167,8,1,0,1,0,0,1,0
360598,NEW YORK,NY,1,1,1,61,4170,BELLWOOD,26,8,August,2010,5,Thursday,22,52,1,13,6,0,40.76060278,-73.96438056,9,3,0,1,0,0,1,0
360599,NEW YORK,NY,2,0,2,9,1830,BLOUNT,29,8,August,2010,1,Sunday,8,55,0,4,3,0,42.48059444,-78.64088889,12,1,0,1,0,0,1,0
360600,NEW YORK,NY,1,0,5,71,2690,BRIDGEPORT,21,8,August,2010,7,Saturday,18,43,1,2,3,392,99.99990000,999.99990000,35,5,0,2,0,0,1,0
360601,NEW YORK,NY,1,0,1,55,1160,ATTALLA,27,7,July,2010,3,Tuesday,6,8,0,4,3,111,43.07273056,-77.91518333,42,4,0,1,0,0,1,1
360602,NEW YORK,NY,1,1,1,81,4170,AUBURN,5,7,July,2010,2,Monday,23,4,1,13,6,0,40.71182500,-73.85973333,8,3,0,1,0,0,1,0
360603,NEW YORK,NY,1,0,1,53,1010,ATMORE,1,9,September,2010,4,Wednesday,10,12,0,4,5,0,43.00128889,-75.72989722,42,1,0,1,0,0,1,0
360604,NEW YORK,NY,2,0,2,71,581,BRIDGEPORT,24,6,June,2010,5,Thursday,15,0,0,14,3,0,99.99990000,999.99990000,12,1,0,10,0,0,1,1
360605,NEW YORK,NY,1,0,1,89,2500,BROWNSBORO,20,8,August,2010,6,Friday,22,43,1,2,3,0,44.42005833,-75.71283889,34,2,0,1,0,0,1,0
360606,NEW YORK,NY,1,0,1,19,1116,CEDAR BLUFF,27,8,August,2010,6,Friday,23,27,0,6,5,0,44.83639444,-73.43993333,34,3,0,10,0,0,1,0
360607,NEW YORK,NY,1,1,1,81,4170,AUBURN,7,5,May,2010,6,Friday,10,0,0,16,6,0,40.67613056,-73.81915000,8,1,0,1,0,0,1,0
360608,NEW YORK,NY,1,0,1,1,4122,AUTAUGA,7,9,September,2010,3,Tuesday,21,7,0,15,5,0,42.66639167,-73.86956944,30,2,0,1,0,0,1,1
360609,NEW YORK,NY,2,0,4,47,4170,BROWNS,25,6,June,2010,6,Friday,23,57,0,16,6,0,40.61558056,-73.93531667,12,3,0,1,0,0,2,0
360610,NEW YORK,NY,1,1,1,89,619,BROWNSBORO,30,8,August,2010,2,Monday,15,46,0,6,4,0,44.93284444,-74.64177778,8,1,0,1,0,0,1,0
360611,NEW YORK,NY,1,0,1,119,4700,BELLAMY,6,9,September,2010,2,Monday,15,0,0,14,3,0,41.27124167,-73.92944722,24,1,0,1,0,0,1,0
360612,NEW YORK,NY,1,0,1,59,2600,FRANKLIN,11,8,August,2010,4,Wednesday,18,2,0,16,5,0,40.68719444,-73.71588056,30,5,0,1,0,0,1,0
360613,NEW YORK,NY,2,0,2,81,4170,AUBURN,5,7,July,2010,2,Monday,6,50,1,1,1,0,40.73841389,-73.80568056,12,1,0,1,0,0,1,1
360614,NEW YORK,NY,1,1,1,5,4170,BAKER HILL,12,7,July,2010,2,Monday,6,3,0,16,6,0,40.87699722,-73.84410556,8,1,0,1,0,0,1,0
360615,NEW YORK,NY,1,0,2,47,4170,BROWNS,25,7,July,2010,1,Sunday,1,40,0,14,6,0,40.69586667,-73.96355000,59,3,0,10,0,0,1,0
360616,NEW YORK,NY,2,0,3,111,4461,GRAHAM,26,8,August,2010,5,Thursday,12,50,0,3,3,998,42.15871944,-74.56658889,12,1,0,1,0,0,2,0
360617,NEW YORK,NY,1,1,1,45,1077,ARITON,24,8,August,2010,3,Tuesday,10,35,1,2,3,665,44.02992500,-75.70966111,8,1,0,10,0,0,1,0
360618,NEW YORK,NY,2,0,3,71,1169,BRIDGEPORT,9,8,August,2010,2,Monday,14,0,1,2,3,177,99.99990000,999.99990000,35,1,0,1,0,0,1,0
360619,NEW YORK,NY,2,0,2,47,4170,BROWNS,8,7,July,2010,5,Thursday,17,25,0,13,6,0,40.68948889,-73.96809444,12,1,0,1,0,0,1,0
360620,NEW YORK,NY,2,0,3,61,4170,BELLWOOD,24,7,July,2010,7,Saturday,22,28,0,14,6,0,40.77537500,-73.98772778,12,3,0,1,0,0,1,0
360621,NEW YORK,NY,2,0,4,103,5769,DANVILLE,23,6,June,2010,4,Wednesday,20,18,1,2,3,0,40.90673333,-73.27940833,12,1,0,1,0,0,1,1
360622,NEW YORK,NY,3,0,1,103,3270,DANVILLE,14,7,July,2010,4,Wednesday,0,4,1,13,3,0,40.69688889,-73.38513611,30,3,0,10,0,0,1,1
360623,NEW YORK,NY,1,0,2,103,360,DANVILLE,10,8,August,2010,3,Tuesday,2,25,0,16,5,0,40.69513611,-73.34395278,30,3,0,1,0,0,1,0
360624,NEW YORK,NY,1,0,1,27,2000,ASHLAND,17,8,August,2010,3,Tuesday,22,40,0,2,3,0,41.44892778,-73.98118333,24,3,0,1,0,0,1,0
360625,NEW YORK,NY,1,1,1,85,4170,BENTON,5,6,June,2010,7,Saturday,8,47,1,13,6,0,40.64038333,-74.13155833,8,1,0,1,0,0,1,0
360626,NEW YORK,NY,1,1,3,103,2920,DANVILLE,17,8,August,2010,3,Tuesday,17,49,0,16,5,0,40.78356389,-73.24620278,9,1,0,1,0,0,1,0
360627,NEW YORK,NY,3,0,2,61,4170,BELLWOOD,2,5,May,2010,1,Sunday,23,2,0,13,3,998,99.99990000,999.99990000,12,3,0,10,0,0,1,0
360628,NEW YORK,NY,1,0,1,59,4610,FRANKLIN,30,8,August,2010,2,Monday,12,24,0,16,5,0,40.86978056,-73.52122778,42,1,0,1,0,0,1,0
360629,NEW YORK,NY,1,0,1,55,5600,ATTALLA,30,8,August,2010,2,Monday,0,30,0,6,5,0,43.01556667,-77.76230278,24,3,0,1,0,0,1,1
360630,NEW YORK,NY,3,0,2,93,1592,BEAR CREEK,26,6,June,2010,7,Saturday,21,56,1,1,1,750,99.99990000,999.99990000,12,2,0,10,0,0,1,1
360631,NEW YORK,NY,1,3,1,1,3680,AUTAUGA,21,8,August,2010,7,Saturday,9,4,0,2,3,0,42.70505000,-73.71392778,8,1,0,1,0,0,1,0
360632,NEW YORK,NY,1,0,1,21,2269,CHILTON,27,8,August,2010,6,Friday,9,50,1,2,3,0,42.31428889,-73.70161111,42,1,0,1,0,0,1,0
360633,NEW YORK,NY,1,1,1,15,1850,ANNISTON,3,9,September,2010,6,Friday,19,41,0,15,6,0,42.09491111,-76.82788611,8,3,0,1,0,0,1,1
360634,NEW YORK,NY,1,1,1,61,4170,BELLWOOD,15,9,September,2010,4,Wednesday,2,11,0,2,3,0,40.76711944,-73.95030000,8,3,0,1,0,0,1,0
360635,NEW YORK,NY,1,0,1,91,2469,DAYTON,14,9,September,2010,3,Tuesday,17,45,0,16,5,0,43.30611389,-73.83782500,35,1,0,1,0,0,1,0
360636,NEW YORK,NY,1,0,2,123,614,ALEXANDER CITY,14,9,September,2010,3,Tuesday,12,0,0,6,5,0,42.61382778,-77.16370000,42,1,0,1,0,0,1,0
360637,NEW YORK,NY,1,1,1,29,6090,BORDEN SPRINGS,15,9,September,2010,4,Wednesday,20,30,0,16,5,0,42.98093333,-78.85288889,8,3,0,1,0,0,1,0
360638,NEW YORK,NY,2,0,1,67,6010,ABBEVILLE,30,5,May,2010,1,Sunday,2,35,0,14,6,0,43.07619167,-76.14280833,14,3,0,1,0,0,1,1
360639,NEW YORK,NY,2,0,3,91,3462,DAYTON,15,1,January,2010,6,Friday,10,50,0,13,3,0,42.96176111,-73.79130278,12,1,0,10,0,0,1,0
360640,NEW YORK,NY,1,0,1,109,2460,ANSLEY,11,9,September,2010,7,Saturday,14,20,0,5,6,0,42.60433611,-76.44166944,34,1,0,1,0,0,1,0
360641,NEW YORK,NY,1,0,1,111,3060,GRAHAM,9,3,March,2010,3,Tuesday,17,25,0,15,5,0,41.98096389,-74.01763889,34,1,0,1,0,0,1,0
360642,NEW YORK,NY,1,0,1,55,5230,ATTALLA,17,7,July,2010,7,Saturday,23,29,0,14,5,0,43.16944167,-77.59544722,33,3,0,10,0,0,1,1
360643,NEW YORK,NY,1,1,1,15,1850,ANNISTON,6,3,March,2010,7,Saturday,7,21,0,3,3,731,42.08330556,-76.86140833,8,1,0,1,0,0,1,0
360644,NEW YORK,NY,1,0,1,71,6410,BRIDGEPORT,5,9,September,2010,1,Sunday,19,26,0,5,5,0,41.20180833,-74.24876111,41,5,0,1,0,0,1,0
360645,NEW YORK,NY,1,1,3,15,1850,ANNISTON,5,9,September,2010,1,Sunday,20,20,0,14,5,0,42.12281667,-76.80962500,8,3,0,10,0,0,1,0
360646,NEW YORK,NY,1,0,1,91,2469,DAYTON,18,9,September,2010,7,Saturday,3,29,0,5,5,0,43.30585000,-73.87477500,35,2,0,10,0,0,1,0
360647,NEW YORK,NY,1,0,1,25,5950,BARLOW BEND,4,8,August,2010,4,Wednesday,23,10,0,6,5,0,42.33707222,-74.63624167,34,2,0,1,0,0,1,1
360648,NEW YORK,NY,1,0,1,111,5480,GRAHAM,6,8,August,2010,6,Friday,22,0,1,1,1,997,99.99990000,999.99990000,24,2,0,1,0,0,1,0
360649,NEW YORK,NY,2,0,1,65,3542,CYPRESS,14,8,August,2010,7,Saturday,16,19,0,6,5,0,43.20563056,-75.28063889,31,1,0,1,0,0,1,0
360650,NEW YORK,NY,1,0,1,101,5062,BOYLSTON,17,8,August,2010,3,Tuesday,10,0,0,6,5,0,42.57033889,-77.15269167,34,1,0,1,0,0,1,0
360651,NEW YORK,NY,1,0,1,99,5630,BEATRICE,5,9,September,2010,1,Sunday,15,47,0,4,3,0,43.00251389,-76.76480000,24,1,0,10,0,0,1,1
360652,NEW YORK,NY,1,0,2,87,5077,ARMSTRONG,5,9,September,2010,1,Sunday,15,25,1,2,3,262,99.99990000,999.99990000,42,1,0,1,0,0,2,0
360653,NEW YORK,NY,2,0,3,71,4980,BRIDGEPORT,11,7,July,2010,1,Sunday,17,7,0,6,5,0,41.41414167,-74.58450278,12,1,0,10,0,0,1,0
360654,NEW YORK,NY,1,0,1,63,3340,BOLIGEE,11,9,September,2010,7,Saturday,14,5,0,16,5,0,43.14016944,-78.69444722,42,1,0,1,0,0,1,0
360655,NEW YORK,NY,2,0,2,29,750,BORDEN SPRINGS,2,9,September,2010,5,Thursday,17,42,0,16,6,0,99.99990000,999.99990000,12,1,0,1,0,0,1,0
360656,NEW YORK,NY,1,1,1,55,652,ATTALLA,14,9,September,2010,3,Tuesday,6,28,0,14,5,0,43.10761111,-77.62606944,8,4,0,1,0,0,1,0
360657,NEW YORK,NY,1,1,1,59,2600,FRANKLIN,8,9,September,2010,4,Wednesday,20,33,0,16,5,0,40.70996389,-73.61484722,8,2,0,1,0,0,1,0
360658,NEW YORK,NY,1,1,3,81,4170,AUBURN,17,5,May,2010,2,Monday,8,8,0,13,6,0,40.71215833,-73.73137222,8,1,0,10,0,0,1,0
360659,NEW YORK,NY,1,1,1,61,4170,BELLWOOD,24,5,May,2010,2,Monday,13,15,0,14,6,0,40.76218611,-73.96615278,8,1,0,10,0,0,1,0
360660,NEW YORK,NY,1,1,1,103,360,DANVILLE,13,6,June,2010,1,Sunday,15,38,0,16,5,0,40.68819722,-73.39666389,8,1,0,10,0,0,1,0
360661,NEW YORK,NY,2,0,1,81,4170,AUBURN,6,6,June,2010,1,Sunday,19,53,0,16,5,0,40.66323333,-73.75785000,42,3,0,1,0,0,1,0
360662,NEW YORK,NY,1,1,2,81,4170,AUBURN,4,6,June,2010,6,Friday,8,44,0,16,6,0,40.74924722,-73.77647500,8,1,0,1,0,0,1,0
360663,NEW YORK,NY,1,1,1,85,4170,BENTON,8,6,June,2010,3,Tuesday,6,49,0,13,6,0,40.54729444,-74.16624722,8,1,0,1,0,0,1,0
360664,NEW YORK,NY,1,0,1,21,2810,CHILTON,17,8,August,2010,3,Tuesday,12,53,0,16,5,0,42.25123333,-73.79527222,33,1,0,1,0,0,1,0
360665,NEW YORK,NY,2,0,2,23,2760,BLADON SPRINGS,11,9,September,2010,7,Saturday,12,28,1,2,3,236,42.64185000,-76.13505833,12,1,0,1,0,0,1,1
360666,NEW YORK,NY,5,0,6,1,1290,AUTAUGA,2,9,September,2010,5,Thursday,18,26,1,12,3,0,42.74877778,-73.71165278,12,1,0,1,0,0,1,1
360667,NEW YORK,NY,2,0,2,93,5315,BEAR CREEK,20,9,September,2010,2,Monday,9,0,0,16,5,0,42.87450833,-74.04622500,12,1,0,1,0,0,1,0
360668,NEW YORK,NY,1,1,1,81,4170,AUBURN,13,5,May,2010,5,Thursday,12,40,1,12,3,996,40.78714167,-73.81043056,15,1,0,1,0,0,1,0
360669,NEW YORK,NY,1,0,1,103,5810,DANVILLE,10,9,September,2010,6,Friday,5,28,0,4,5,0,40.88785556,-72.38604167,42,2,0,1,0,0,1,1
360670,NEW YORK,NY,1,0,9,13,4987,BOLLING,6,9,September,2010,2,Monday,16,15,1,1,1,4808,99.99990000,999.99990000,31,1,0,10,0,0,2,0
360672,NEW YORK,NY,1,0,1,119,6040,BELLAMY,18,9,September,2010,7,Saturday,12,14,1,2,3,0,41.13962222,-73.81720278,24,1,0,1,0,0,1,1
360673,NEW YORK,NY,2,0,2,55,5230,ATTALLA,16,8,August,2010,2,Monday,16,9,0,14,5,0,43.13093056,-77.65375000,12,1,0,1,0,0,1,0
360674,NEW YORK,NY,2,0,2,95,3710,ALBERTVILLE,29,8,August,2010,1,Sunday,13,35,0,6,5,0,42.51589167,-74.42359722,12,1,0,1,0,0,1,0
360675,NEW YORK,NY,2,1,3,5,4170,BAKER HILL,24,9,September,2010,6,Friday,8,45,1,11,1,157,40.81243889,-73.89865556,12,1,0,1,0,0,1,0
360676,NEW YORK,NY,2,0,2,65,6220,CYPRESS,10,7,July,2010,7,Saturday,19,5,0,14,5,0,43.08384167,-75.21240278,12,1,0,1,0,0,1,0
360677,NEW YORK,NY,2,0,2,61,4170,BELLWOOD,19,9,September,2010,1,Sunday,17,11,0,16,6,0,40.72516389,-74.01105000,12,1,0,10,0,0,1,0
360678,NEW YORK,NY,1,1,1,103,5210,DANVILLE,21,9,September,2010,3,Tuesday,17,18,0,16,5,0,40.92745556,-72.75335278,9,1,0,1,0,0,1,0
360679,NEW YORK,NY,2,0,2,59,6200,FRANKLIN,14,9,September,2010,3,Tuesday,11,17,0,13,3,302,40.81971944,-73.57837778,12,1,0,1,0,0,1,0
360680,NEW YORK,NY,1,0,2,59,4600,FRANKLIN,6,9,September,2010,2,Monday,4,46,1,1,1,0,40.79829722,-73.47710000,25,3,0,10,0,0,1,1
360681,NEW YORK,NY,1,0,1,55,5230,ATTALLA,20,9,September,2010,2,Monday,7,8,0,14,5,0,43.11794722,-77.61680000,42,1,0,1,0,0,1,0
360682,NEW YORK,NY,2,0,2,47,4170,BROWNS,7,6,June,2010,2,Monday,20,16,1,13,6,0,40.66724444,-73.99455556,12,1,0,1,0,0,1,0
360683,NEW YORK,NY,1,1,1,59,2280,FRANKLIN,12,4,April,2010,2,Monday,6,45,0,14,5,0,40.86287500,-73.63178611,8,1,0,1,0,0,1,0
360684,NEW YORK,NY,1,2,1,59,2600,FRANKLIN,3,8,August,2010,3,Tuesday,21,10,0,16,5,0,40.67124722,-73.57941944,8,3,0,1,0,0,1,0
360685,NEW YORK,NY,1,1,1,81,4170,AUBURN,8,9,September,2010,4,Wednesday,20,41,1,13,6,0,40.66035833,-73.76798889,8,3,0,1,0,0,1,0
360686,NEW YORK,NY,2,0,7,103,705,DANVILLE,9,8,August,2010,2,Monday,16,48,0,13,6,0,99.99990000,999.99990000,12,1,0,1,0,0,1,0
360687,NEW YORK,NY,1,0,2,91,3462,DAYTON,1,9,September,2010,4,Wednesday,20,11,0,2,3,0,42.98590833,-73.74293889,16,2,0,1,0,0,1,0
360688,NEW YORK,NY,1,1,1,47,4170,BROWNS,4,9,September,2010,7,Saturday,16,48,0,13,6,0,40.69558333,-73.96445000,9,1,0,1,0,0,1,0
360689,NEW YORK,NY,1,1,1,81,4170,AUBURN,29,9,September,2010,4,Wednesday,5,45,0,13,6,0,40.75989444,-73.77115556,8,3,0,1,0,0,1,0
360690,NEW YORK,NY,2,0,2,113,5025,COTTONTON,3,9,September,2010,6,Friday,9,58,1,2,3,0,43.72425000,-73.82773889,12,1,0,1,0,0,1,0
360691,NEW YORK,NY,2,0,2,119,5033,BELLAMY,4,9,September,2010,7,Saturday,17,30,0,14,3,0,41.25003056,-73.61721667,12,1,0,1,0,0,1,0