ST_CASE,State Name,State Abbreviation,VE_TOTAL,Pedestrains,Total_Persons_in_accident,COUNTY,CITY,City_County_Name,Calendar_DAY,MONTH,Month_Name,YEAR,DAY_WEEK,Day_Week_desc,HOUR,MINUTE,NHS_Desc,trafficway,ROUTE,MILEPT,LATITUDE,LONGITUD,First_Crash_event,Light_cond_desc,Weather_condition,WEATHER,SCH_BUS,Crash_cause,FATALS,DRUNK_DR
360692,NEW YORK,NY,2,0,2,5,4170,BAKER HILL,26,9,September,2010,1,Sunday,0,20,0,16,6,0,40.81742222,-73.92275000,12,3,0,1,0,0,1,0
360693,NEW YORK,NY,2,0,2,59,4090,FRANKLIN,6,9,September,2010,2,Monday,12,34,0,14,5,0,40.79277500,-73.69378889,12,1,0,1,0,0,1,0
360694,NEW YORK,NY,1,1,1,47,4170,BROWNS,7,7,July,2010,4,Wednesday,20,50,0,16,6,0,40.71054722,-73.92827778,9,5,0,1,0,0,1,0
360695,NEW YORK,NY,1,0,1,25,1490,BARLOW BEND,25,9,September,2010,7,Saturday,13,15,0,5,5,0,42.36542500,-74.92040556,1,1,0,10,0,0,1,0
360696,NEW YORK,NY,1,0,3,9,5962,BLOUNT,4,7,July,2010,1,Sunday,23,48,0,6,5,0,42.08695000,-78.89372222,42,2,0,1,0,0,1,0
360697,NEW YORK,NY,1,1,2,85,4170,BENTON,30,7,July,2010,6,Friday,4,40,0,13,6,0,40.63991111,-74.08723611,9,3,0,1,0,0,1,0
360698,NEW YORK,NY,1,0,3,71,581,BRIDGEPORT,4,9,September,2010,7,Saturday,1,45,0,3,3,0,41.30107222,-74.18515833,42,2,0,1,0,0,1,1
360699,NEW YORK,NY,1,0,1,95,5640,ALBERTVILLE,25,9,September,2010,7,Saturday,19,57,0,3,3,0,42.80802778,-74.60566389,11,2,0,1,0,0,1,1
360700,NEW YORK,NY,2,0,6,65,5260,CYPRESS,29,7,July,2010,5,Thursday,15,33,1,13,3,184,43.22536111,-75.53918611,12,1,0,10,0,0,1,0
360701,NEW YORK,NY,1,0,2,7,2543,BIBB,26,9,September,2010,1,Sunday,12,45,0,5,3,0,42.18115000,-75.53628333,11,1,0,10,0,0,1,0
360702,NEW YORK,NY,1,1,1,1,6470,AUTAUGA,2,10,October,2010,7,Saturday,10,5,0,16,6,0,42.73277222,-73.70108889,8,1,0,1,0,0,1,0
360703,NEW YORK,NY,1,0,1,65,1453,CYPRESS,5,9,September,2010,1,Sunday,0,39,0,6,5,0,42.96986389,-75.37919167,25,2,0,1,0,0,1,0
360704,NEW YORK,NY,4,0,6,67,1800,ABBEVILLE,11,8,August,2010,4,Wednesday,13,55,1,2,3,380,43.03789444,-76.42433889,12,1,0,1,0,0,2,0
360705,NEW YORK,NY,1,0,5,63,5081,BOLIGEE,25,9,September,2010,7,Saturday,12,34,0,5,5,0,43.24839167,-78.95041389,41,1,0,10,0,0,2,0
360706,NEW YORK,NY,1,0,2,109,2940,ANSLEY,26,9,September,2010,1,Sunday,3,17,0,6,5,0,42.45424167,-76.67126667,34,2,0,1,0,0,1,1
360707,NEW YORK,NY,2,0,2,37,410,BRADFORD,14,9,September,2010,3,Tuesday,9,18,1,13,3,0,43.01161389,-78.19214444,12,1,0,1,0,0,1,0
360708,NEW YORK,NY,2,0,2,115,2820,ASHVILLE,4,10,October,2010,2,Monday,17,7,0,4,3,0,43.30800556,-73.52694444,12,1,0,10,0,0,2,0
360709,NEW YORK,NY,1,1,2,103,450,DANVILLE,24,7,July,2010,7,Saturday,21,13,0,16,5,0,40.75385556,-73.26278056,8,3,0,1,0,0,1,0
360710,NEW YORK,NY,2,0,2,111,4100,GRAHAM,16,7,July,2010,6,Friday,22,40,0,5,5,0,41.70986111,-74.07370833,12,2,0,1,0,0,1,2
360711,NEW YORK,NY,1,1,1,5,4170,BAKER HILL,28,9,September,2010,3,Tuesday,4,2,1,11,1,10,99.99990000,999.99990000,8,2,0,2,0,0,1,0
360712,NEW YORK,NY,1,0,1,39,775,ANDALUSIA,15,8,August,2010,1,Sunday,19,24,0,6,5,0,42.25973056,-73.98036667,31,5,0,2,0,0,1,1
360713,NEW YORK,NY,1,0,2,55,5230,ATTALLA,20,8,August,2010,6,Friday,18,8,0,16,5,0,43.18428333,-77.61990000,5,1,0,1,0,0,1,0
360714,NEW YORK,NY,1,0,1,47,4170,BROWNS,4,8,August,2010,4,Wednesday,19,50,0,16,6,0,40.68546667,-73.98306944,33,2,0,1,0,0,1,1
360715,NEW YORK,NY,3,0,3,117,6365,BIRMINGHAM,26,8,August,2010,5,Thursday,16,20,0,4,3,0,99.99990000,999.99990000,12,1,0,1,0,0,1,0
360716,NEW YORK,NY,1,1,1,59,2600,FRANKLIN,30,8,August,2010,2,Monday,2,5,0,14,5,0,40.69135278,-73.59602778,8,3,0,1,0,0,1,1
360717,NEW YORK,NY,3,0,2,81,4170,AUBURN,30,9,September,2010,5,Thursday,5,9,0,16,6,0,40.72289167,-73.91384722,12,4,0,2,0,0,1,0
360718,NEW YORK,NY,3,0,2,47,4170,BROWNS,15,6,June,2010,3,Tuesday,6,14,1,13,6,0,40.68690278,-73.98483056,1,1,0,1,0,0,1,0
360719,NEW YORK,NY,1,3,1,113,6390,COTTONTON,24,6,June,2010,5,Thursday,23,23,0,5,5,0,43.50224722,-73.80228889,8,3,0,10,0,0,2,1
360720,NEW YORK,NY,1,0,2,103,2920,DANVILLE,20,7,July,2010,3,Tuesday,4,5,0,16,6,0,40.78560833,-73.26906944,42,3,0,1,0,0,1,1
360721,NEW YORK,NY,1,0,4,47,4170,BROWNS,6,7,July,2010,3,Tuesday,11,32,1,1,1,0,40.62677778,-74.01817500,6,1,0,1,0,0,1,0
360722,NEW YORK,NY,1,0,1,103,5675,DANVILLE,9,9,September,2010,5,Thursday,10,15,0,16,5,0,40.79948333,-72.88038333,42,1,0,1,0,0,1,0
360723,NEW YORK,NY,1,1,1,59,2600,FRANKLIN,5,9,September,2010,1,Sunday,13,40,0,14,5,0,40.67917222,-73.58958056,8,1,0,1,0,0,1,0
360724,NEW YORK,NY,1,1,1,59,2600,FRANKLIN,22,9,September,2010,4,Wednesday,6,20,1,2,3,0,40.67181667,-73.51046667,8,4,0,1,0,0,1,0
360725,NEW YORK,NY,1,1,1,103,5194,DANVILLE,19,8,August,2010,5,Thursday,11,50,1,2,3,0,40.89121944,-72.90230278,15,1,0,1,0,0,1,0
360726,NEW YORK,NY,1,1,1,103,2420,DANVILLE,16,9,September,2010,5,Thursday,6,28,0,15,5,0,40.84735278,-73.35738611,8,1,0,1,0,0,1,0
360727,NEW YORK,NY,1,0,1,103,2920,DANVILLE,23,9,September,2010,5,Thursday,7,13,1,2,3,0,40.74242778,-73.20160278,39,1,0,1,0,0,1,1
360728,NEW YORK,NY,1,1,1,59,2600,FRANKLIN,14,9,September,2010,3,Tuesday,15,13,0,14,5,0,40.69304444,-73.56423889,8,1,0,1,0,0,1,0
360729,NEW YORK,NY,3,0,5,103,705,DANVILLE,14,9,September,2010,3,Tuesday,16,13,1,13,3,745,99.99990000,999.99990000,12,1,0,1,1,0,1,0
360730,NEW YORK,NY,3,0,5,103,2920,DANVILLE,22,8,August,2010,1,Sunday,2,35,0,2,3,0,40.74907778,-73.25046389,12,3,0,10,0,0,1,1
360731,NEW YORK,NY,2,0,3,49,6160,COLLINSVILLE,2,10,October,2010,7,Saturday,20,29,1,2,3,911,99.99990000,999.99990000,12,2,0,1,0,0,1,0
360732,NEW YORK,NY,2,1,1,59,4600,FRANKLIN,17,9,September,2010,6,Friday,3,32,1,1,1,0,40.78661667,-73.44916111,12,3,0,2,0,0,1,0
360733,NEW YORK,NY,2,0,2,63,4210,BOLIGEE,20,9,September,2010,2,Monday,12,8,0,16,5,0,43.11470556,-79.03302778,12,1,0,1,0,0,1,0
360734,NEW YORK,NY,2,0,2,43,2120,BAILEYTON,10,9,September,2010,6,Friday,22,56,0,14,5,0,43.08913611,-75.16047500,12,2,0,1,0,0,1,1
360735,NEW YORK,NY,2,0,2,103,705,DANVILLE,13,9,September,2010,2,Monday,16,13,0,13,6,0,40.78755000,-72.94707500,12,1,0,10,0,0,1,0
360736,NEW YORK,NY,1,0,1,81,4170,AUBURN,2,6,June,2010,4,Wednesday,21,50,1,2,3,0,40.78916944,-73.81935000,24,2,0,1,0,0,1,0
360737,NEW YORK,NY,1,0,1,47,4170,BROWNS,25,6,June,2010,6,Friday,7,25,1,2,3,0,40.68926111,-73.89079722,25,1,0,1,0,0,1,0
360738,NEW YORK,NY,1,0,1,47,4170,BROWNS,27,7,July,2010,3,Tuesday,3,42,1,2,3,0,40.64333611,-73.87626667,1,3,0,1,0,0,1,0
360739,NEW YORK,NY,2,1,2,47,4170,BROWNS,15,7,July,2010,5,Thursday,6,29,1,13,6,0,40.67812500,-73.94140000,9,1,0,10,0,0,1,0
360740,NEW YORK,NY,4,1,5,85,4170,BENTON,10,7,July,2010,7,Saturday,2,31,0,13,6,0,40.62033611,-74.08452222,12,3,0,1,0,0,1,2
360741,NEW YORK,NY,2,0,3,103,705,DANVILLE,24,9,September,2010,6,Friday,20,38,1,13,4,0,40.83491667,-73.02127500,12,3,0,1,0,0,2,0
360742,NEW YORK,NY,1,0,1,81,4170,AUBURN,22,6,June,2010,3,Tuesday,2,20,1,2,3,0,40.69440278,-73.72684444,24,3,0,1,0,0,1,1
360743,NEW YORK,NY,2,1,1,105,6800,MARION,30,6,June,2010,4,Wednesday,23,12,0,6,5,0,41.60164444,-74.42091389,8,2,0,1,0,0,1,0
360744,NEW YORK,NY,1,1,1,47,4170,BROWNS,29,6,June,2010,3,Tuesday,2,38,1,1,1,0,40.68921389,-73.99899167,8,3,0,1,0,0,1,0
360745,NEW YORK,NY,4,0,4,111,5,GRAHAM,6,9,September,2010,2,Monday,14,25,1,2,3,0,41.75290556,-74.28071111,12,1,0,1,0,0,1,0
360746,NEW YORK,NY,1,0,1,19,475,CEDAR BLUFF,5,7,July,2010,2,Monday,2,53,0,6,5,0,44.76488056,-73.44390278,35,2,0,1,0,0,1,1
360747,NEW YORK,NY,2,1,5,47,4170,BROWNS,12,7,July,2010,2,Monday,21,0,0,16,6,0,40.58199444,-73.95130278,8,3,0,10,0,0,1,0
360748,NEW YORK,NY,1,0,1,47,4170,BROWNS,5,8,August,2010,5,Thursday,5,30,0,16,6,0,40.67311944,-73.87676944,19,4,0,1,0,0,1,0
360749,NEW YORK,NY,2,0,4,81,4170,AUBURN,26,8,August,2010,5,Thursday,16,50,0,13,6,0,40.71244444,-73.89251944,12,1,0,1,0,0,1,0
360750,NEW YORK,NY,1,0,1,119,6825,BELLAMY,26,9,September,2010,1,Sunday,17,25,1,2,3,0,41.31478889,-73.82572222,1,1,0,1,0,0,1,0
360751,NEW YORK,NY,2,1,2,61,4170,BELLWOOD,16,9,September,2010,5,Thursday,15,44,1,2,3,0,40.81395556,-73.93436111,8,1,0,1,0,0,1,0
360752,NEW YORK,NY,1,1,3,85,4170,BENTON,24,9,September,2010,6,Friday,12,10,1,13,6,0,40.63006111,-74.10931667,8,1,0,1,0,0,1,0
360753,NEW YORK,NY,2,0,2,75,2569,BEAVERTON,24,9,September,2010,6,Friday,23,20,0,6,4,0,43.35763611,-76.10289444,12,2,0,1,0,0,1,0
360754,NEW YORK,NY,1,1,1,47,4170,BROWNS,10,10,October,2010,1,Sunday,0,30,0,16,6,0,40.61651389,-73.98582778,8,3,0,1,0,0,1,0
360755,NEW YORK,NY,1,1,1,61,4170,BELLWOOD,10,10,October,2010,1,Sunday,5,20,0,16,6,0,40.73230278,-74.01045000,8,3,0,1,0,0,1,0
360756,NEW YORK,NY,3,0,3,103,705,DANVILLE,1,9,September,2010,4,Wednesday,8,9,0,2,4,0,40.83476944,-73.02126389,12,1,0,1,0,0,1,0
360757,NEW YORK,NY,1,0,1,111,5,GRAHAM,7,7,July,2010,4,Wednesday,15,49,0,3,4,0,41.79454444,-74.21908333,52,1,0,1,0,0,1,0
360758,NEW YORK,NY,1,0,2,39,970,ANDALUSIA,27,7,July,2010,3,Tuesday,0,32,0,6,5,0,42.17423056,-74.00603611,42,2,0,1,0,0,2,0
360759,NEW YORK,NY,1,1,1,39,290,ANDALUSIA,28,7,July,2010,4,Wednesday,3,50,0,3,3,0,42.27210000,-73.85790833,8,2,0,1,0,0,1,0
360760,NEW YORK,NY,1,0,3,107,4580,CARROLLTON,29,8,August,2010,1,Sunday,2,49,0,5,6,0,42.08682222,-76.25185556,34,2,0,1,0,0,2,1
360761,NEW YORK,NY,1,1,1,103,2920,DANVILLE,6,9,September,2010,2,Monday,20,18,0,16,6,0,40.77277222,-73.26021111,9,3,0,1,0,0,1,0
360762,NEW YORK,NY,1,0,29,67,3310,ABBEVILLE,11,9,September,2010,7,Saturday,2,27,1,2,3,0,43.07518056,-76.17158056,50,3,0,10,0,0,4,0
360763,NEW YORK,NY,1,1,1,1,1290,AUTAUGA,30,9,September,2010,5,Thursday,19,12,0,15,5,0,42.74825833,-73.75864444,8,3,0,10,0,0,1,0
360764,NEW YORK,NY,1,1,1,19,4880,CEDAR BLUFF,27,9,September,2010,2,Monday,15,51,1,13,3,0,44.69626667,-73.49740556,9,1,0,1,0,0,1,0
360765,NEW YORK,NY,2,2,2,85,4170,BENTON,18,5,May,2010,3,Tuesday,11,38,0,14,6,0,40.61215278,-74.11693889,12,1,0,2,0,0,1,0
360766,NEW YORK,NY,3,0,3,103,705,DANVILLE,8,9,September,2010,4,Wednesday,11,15,0,6,5,0,40.83869167,-73.05435278,12,1,0,1,0,0,1,0
360767,NEW YORK,NY,2,0,2,85,4170,BENTON,11,7,July,2010,1,Sunday,16,50,1,13,6,0,40.50398611,-74.24610000,12,1,0,1,0,0,1,0
360768,NEW YORK,NY,3,0,6,103,705,DANVILLE,19,9,September,2010,1,Sunday,14,32,1,13,3,996,40.86925000,-73.13117778,12,1,0,1,0,0,1,0
360769,NEW YORK,NY,2,0,2,65,5260,CYPRESS,24,9,September,2010,6,Friday,10,55,0,13,3,0,43.24807778,-75.52330278,12,1,0,1,0,0,1,1
360770,NEW YORK,NY,1,0,1,47,4170,BROWNS,23,8,August,2010,2,Monday,15,30,1,1,1,0,40.69658333,-73.98091389,25,1,0,10,0,0,1,0
360771,NEW YORK,NY,1,0,1,59,2600,FRANKLIN,26,9,September,2010,1,Sunday,0,35,1,2,3,0,40.65889444,-73.56758611,24,3,0,1,0,0,1,1
360772,NEW YORK,NY,2,0,3,109,4072,ANSLEY,3,9,September,2010,6,Friday,21,38,0,6,5,0,42.36489722,-76.62392500,12,2,0,1,0,0,1,0
360773,NEW YORK,NY,2,0,14,5,4170,BAKER HILL,6,9,September,2010,2,Monday,21,4,0,14,6,0,40.81497778,-73.91494167,12,3,0,1,0,0,1,0
360774,NEW YORK,NY,2,0,3,89,4538,BROWNSBORO,11,9,September,2010,7,Saturday,14,45,1,13,3,0,44.69013611,-75.47538889,12,1,0,1,0,0,1,0
360775,NEW YORK,NY,1,1,1,61,4170,BELLWOOD,12,10,October,2010,3,Tuesday,2,19,0,13,6,0,40.76605556,-73.98339167,8,3,0,2,0,0,1,0
360776,NEW YORK,NY,2,0,3,59,4600,FRANKLIN,21,6,June,2010,2,Monday,13,20,0,16,6,0,40.76773611,-73.53329722,12,1,0,1,0,0,1,0
360777,NEW YORK,NY,1,0,4,59,4090,FRANKLIN,30,7,July,2010,6,Friday,18,29,0,4,6,0,40.77787778,-73.66478889,42,1,0,1,0,0,2,0
360778,NEW YORK,NY,1,1,1,33,5401,CHEROKEE,23,6,June,2010,4,Wednesday,22,25,0,16,6,0,44.34392222,-74.33650000,15,2,0,10,0,0,1,1
360779,NEW YORK,NY,2,3,4,61,4170,BELLWOOD,22,6,June,2010,3,Tuesday,9,29,0,14,6,0,40.80588056,-73.94695833,12,1,0,1,0,0,1,0
360780,NEW YORK,NY,1,1,1,61,4170,BELLWOOD,9,7,July,2010,6,Friday,14,30,0,13,6,0,40.76062500,-73.96438056,8,1,0,1,0,0,1,0
360781,NEW YORK,NY,2,0,2,81,4170,AUBURN,23,9,September,2010,5,Thursday,17,20,0,16,6,0,40.71512222,-73.77355278,12,1,0,1,0,0,1,0
360782,NEW YORK,NY,1,0,14,71,2695,BRIDGEPORT,18,9,September,2010,7,Saturday,14,59,1,1,1,509,99.99990000,999.99990000,1,1,0,1,0,0,6,0
360783,NEW YORK,NY,1,0,5,105,3230,MARION,25,9,September,2010,7,Saturday,9,4,1,2,3,0,41.77572778,-74.73325278,1,1,0,1,0,0,1,0
360784,NEW YORK,NY,1,1,2,5,4170,BAKER HILL,14,10,October,2010,5,Thursday,20,3,0,16,6,0,40.85486667,-73.91680833,8,3,0,2,0,0,1,0
360786,NEW YORK,NY,1,0,4,121,2220,BON AIR,30,9,September,2010,5,Thursday,22,58,0,6,5,0,99.99990000,999.99990000,42,2,0,10,0,0,1,1
360787,NEW YORK,NY,3,0,4,53,850,ATMORE,30,9,September,2010,5,Thursday,14,17,1,1,1,2616,99.99990000,999.99990000,12,1,0,2,0,0,1,0
360788,NEW YORK,NY,2,0,2,13,1115,BOLLING,1,10,October,2010,6,Friday,15,39,0,5,4,0,42.19558611,-79.45917500,12,1,0,1,0,0,1,0
360789,NEW YORK,NY,1,0,7,57,2210,BANKSTON,13,10,October,2010,4,Wednesday,13,30,0,2,3,0,42.93549167,-74.33404444,5,1,0,1,0,0,1,0
360790,NEW YORK,NY,2,0,1,29,750,BORDEN SPRINGS,13,10,October,2010,4,Wednesday,17,50,0,16,6,0,99.99990000,999.99990000,14,1,0,1,0,0,1,1
360791,NEW YORK,NY,2,0,2,103,5210,DANVILLE,2,10,October,2010,7,Saturday,12,17,1,13,3,846,99.99990000,999.99990000,12,1,0,1,0,0,1,0
360792,NEW YORK,NY,1,1,1,55,2898,ATTALLA,8,10,October,2010,6,Friday,20,28,0,14,5,0,43.18842222,-77.55482778,15,2,0,1,0,0,1,0
360793,NEW YORK,NY,1,0,1,63,2564,BOLIGEE,17,9,September,2010,6,Friday,12,30,0,5,4,0,43.26426944,-78.60537500,31,1,0,10,0,0,1,0
360794,NEW YORK,NY,1,1,1,87,4063,ARMSTRONG,6,10,October,2010,4,Wednesday,22,24,0,13,3,0,41.09703611,-73.95045556,8,3,0,10,0,0,1,0
360795,NEW YORK,NY,1,1,1,59,4090,FRANKLIN,7,6,June,2010,2,Monday,12,24,0,16,6,0,40.74003889,-73.69890556,8,1,0,1,0,0,1,0
360796,NEW YORK,NY,6,0,10,55,2395,ATTALLA,23,9,September,2010,5,Thursday,12,16,1,13,3,562,43.20948333,-77.69356389,12,1,0,1,0,0,1,0
360797,NEW YORK,NY,1,0,1,71,581,BRIDGEPORT,5,10,October,2010,3,Tuesday,10,50,0,6,6,0,41.38503611,-74.13887500,24,1,10,2,0,0,1,0
360798,NEW YORK,NY,1,1,1,9,5080,BLOUNT,10,10,October,2010,1,Sunday,1,10,0,4,3,0,42.16353056,-79.03079444,8,2,0,1,0,0,1,0
360799,NEW YORK,NY,1,1,1,81,4170,AUBURN,13,9,September,2010,2,Monday,14,20,0,16,6,0,40.72362500,-73.75279722,8,1,0,1,0,0,1,0
360800,NEW YORK,NY,1,0,1,55,652,ATTALLA,9,10,October,2010,7,Saturday,7,4,0,14,5,0,43.11630278,-77.56012778,42,1,0,1,0,0,1,1
360801,NEW YORK,NY,1,0,2,89,3580,BROWNSBORO,13,10,October,2010,4,Wednesday,14,52,0,14,5,0,44.94622778,-74.90128889,42,1,0,1,0,0,2,0
360802,NEW YORK,NY,1,0,1,71,4980,BRIDGEPORT,13,9,September,2010,2,Monday,5,21,1,1,1,56,99.99990000,999.99990000,24,2,0,5,0,0,1,0
360803,NEW YORK,NY,1,1,1,29,1899,BORDEN SPRINGS,4,10,October,2010,2,Monday,6,50,1,13,3,217,42.70354167,-78.97523333,8,3,0,10,1,0,1,0
360804,NEW YORK,NY,1,0,2,83,6110,ARDMORE,28,9,September,2010,3,Tuesday,18,41,0,14,5,0,42.69952500,-73.65201111,33,5,0,10,0,0,1,0
360805,NEW YORK,NY,2,0,2,57,170,BANKSTON,15,10,October,2010,6,Friday,6,33,0,3,3,992,99.99990000,999.99990000,12,2,0,2,0,0,1,0
360806,NEW YORK,NY,1,1,1,47,4170,BROWNS,11,10,October,2010,2,Monday,23,47,0,14,6,0,40.61564722,-74.00884167,8,3,0,2,0,0,1,0
360807,NEW YORK,NY,2,0,2,67,1539,ABBEVILLE,20,9,September,2010,2,Monday,14,35,1,11,1,0,43.03501944,-76.05938056,12,1,0,1,0,0,1,0
360808,NEW YORK,NY,1,1,2,55,5230,ATTALLA,18,10,October,2010,2,Monday,16,17,0,16,5,0,43.17308889,-77.61270000,9,1,0,10,0,0,1,0
360809,NEW YORK,NY,2,0,2,29,3140,BORDEN SPRINGS,16,10,October,2010,7,Saturday,6,44,1,13,3,650,42.89498333,-78.64823333,12,4,0,1,0,0,1,1
360810,NEW YORK,NY,1,0,6,63,4210,BOLIGEE,23,10,October,2010,7,Saturday,3,14,0,15,5,0,43.08824444,-78.95802222,33,3,0,10,0,0,1,1
360811,NEW YORK,NY,1,1,1,81,4170,AUBURN,31,5,May,2010,2,Monday,2,30,0,16,6,0,40.66775000,-73.79435000,9,3,0,1,0,0,1,1
360812,NEW YORK,NY,1,0,1,47,4170,BROWNS,20,6,June,2010,1,Sunday,1,17,1,12,6,0,40.71045000,-73.96128056,25,3,0,1,0,0,1,0
360813,NEW YORK,NY,2,0,2,35,670,BROOKLYN,12,10,October,2010,3,Tuesday,14,31,0,6,4,0,99.99990000,999.99990000,12,1,0,10,0,0,1,0
360814,NEW YORK,NY,1,0,1,119,5802,BELLAMY,17,10,October,2010,1,Sunday,15,55,0,16,5,0,41.33136944,-73.74330278,1,1,0,1,0,0,1,0
360815,NEW YORK,NY,1,0,1,91,3462,DAYTON,20,10,October,2010,4,Wednesday,15,17,1,1,1,0,43.03774722,-73.77866389,31,1,0,1,0,0,1,0
360816,NEW YORK,NY,1,0,1,39,1614,ANDALUSIA,20,10,October,2010,4,Wednesday,22,10,0,6,5,0,42.38898056,-74.19003056,30,2,0,10,0,0,1,1
360817,NEW YORK,NY,1,0,6,115,5420,ASHVILLE,24,10,October,2010,1,Sunday,2,56,0,6,5,0,43.13368889,-73.28601944,42,2,0,2,0,0,2,1
360818,NEW YORK,NY,2,0,2,91,1209,DAYTON,14,10,October,2010,5,Thursday,15,24,1,13,3,522,42.88774722,-73.77294167,12,1,0,1,0,0,1,0
360819,NEW YORK,NY,2,0,2,119,472,BELLAMY,11,10,October,2010,2,Monday,16,40,1,11,1,0,41.21921111,-73.68616111,5,1,0,10,0,0,1,0
360820,NEW YORK,NY,1,0,1,65,3542,CYPRESS,17,10,October,2010,1,Sunday,2,32,0,5,5,0,43.17929167,-75.28535833,34,2,0,1,0,0,1,1
360821,NEW YORK,NY,1,0,1,59,4600,FRANKLIN,18,10,October,2010,2,Monday,20,42,0,16,5,0,40.71986667,-73.44048611,42,3,0,1,0,0,1,0
360822,NEW YORK,NY,1,0,1,59,2160,FRANKLIN,24,10,October,2010,1,Sunday,8,29,0,14,5,0,40.67091389,-73.58811111,42,1,0,10,0,0,1,1
360823,NEW YORK,NY,2,0,2,5,4170,BAKER HILL,11,10,October,2010,2,Monday,7,52,0,16,6,0,40.82942222,-73.89756389,12,1,0,1,0,0,1,0
360824,NEW YORK,NY,1,1,1,47,4170,BROWNS,3,8,August,2010,3,Tuesday,21,0,0,16,6,0,40.59103889,-73.94616389,8,3,0,1,0,0,1,0
360825,NEW YORK,NY,2,0,1,85,4170,BENTON,9,9,September,2010,5,Thursday,18,19,0,16,6,0,40.64073333,-74.08132500,14,1,0,1,0,0,1,0
360826,NEW YORK,NY,1,1,1,55,5230,ATTALLA,19,10,October,2010,3,Tuesday,13,59,0,16,5,0,43.19026111,-77.59555000,9,1,0,10,0,0,1,0
360827,NEW YORK,NY,2,0,2,67,380,ABBEVILLE,27,10,October,2010,4,Wednesday,7,16,0,3,3,999,43.11683333,-76.27687222,12,4,0,1,0,0,1,0
360828,NEW YORK,NY,1,1,1,63,3340,BOLIGEE,25,10,October,2010,2,Monday,18,44,0,6,5,0,43.10203333,-78.65301111,8,2,0,1,0,0,1,0
360829,NEW YORK,NY,3,0,3,47,4170,BROWNS,3,10,October,2010,1,Sunday,13,45,0,16,6,0,40.61076111,-73.95062778,14,1,0,10,0,0,1,0
360830,NEW YORK,NY,1,1,3,5,4170,BAKER HILL,23,8,August,2010,2,Monday,23,58,0,13,6,0,40.85989722,-73.89319444,9,3,0,1,0,0,1,0
360832,NEW YORK,NY,2,0,5,103,5769,DANVILLE,14,8,August,2010,7,Saturday,22,50,1,13,3,0,40.85230278,-73.15409722,12,3,0,1,0,0,1,0
360833,NEW YORK,NY,3,0,5,103,5769,DANVILLE,29,9,September,2010,4,Wednesday,16,55,1,13,3,313,40.85664167,-73.21734444,12,1,0,1,0,0,1,0
360834,NEW YORK,NY,1,0,1,103,5769,DANVILLE,2,9,September,2010,5,Thursday,23,45,0,16,5,0,40.84877222,-73.27922778,33,3,0,10,0,0,1,1
360835,NEW YORK,NY,1,0,1,103,360,DANVILLE,26,9,September,2010,1,Sunday,4,15,0,15,5,0,40.70971111,-73.34891111,39,3,0,1,0,0,1,1
360836,NEW YORK,NY,1,0,1,103,705,DANVILLE,25,9,September,2010,7,Saturday,6,40,0,16,5,0,40.80513611,-73.24786667,38,4,0,1,0,0,1,1
360837,NEW YORK,NY,1,0,1,21,2269,CHILTON,19,10,October,2010,3,Tuesday,21,11,0,3,3,0,42.32828333,-73.61663889,30,3,0,1,0,0,1,0
360838,NEW YORK,NY,1,0,1,117,5790,BIRMINGHAM,16,10,October,2010,7,Saturday,17,0,0,4,3,0,43.17335556,-77.08278056,42,1,0,1,0,0,1,1
360839,NEW YORK,NY,1,1,3,61,4170,BELLWOOD,24,10,October,2010,1,Sunday,5,47,0,13,6,0,40.85783889,-73.93207222,8,3,0,1,0,0,1,0
360840,NEW YORK,NY,1,0,3,19,3870,CEDAR BLUFF,10,10,October,2010,1,Sunday,2,16,1,2,3,0,44.92414167,-73.68698611,24,2,0,1,0,0,1,1
360841,NEW YORK,NY,1,0,1,29,2485,BORDEN SPRINGS,20,10,October,2010,4,Wednesday,14,0,1,1,1,4382,99.99990000,999.99990000,34,1,0,1,0,0,1,0
360842,NEW YORK,NY,1,0,2,27,147,ASHLAND,24,10,October,2010,1,Sunday,13,0,1,2,2,0,41.84539722,-73.56548333,1,1,0,1,0,0,1,1
360843,NEW YORK,NY,1,0,1,9,980,BLOUNT,30,10,October,2010,7,Saturday,23,24,0,6,5,0,42.27657778,-78.85973333,34,2,0,1,0,0,1,0
360844,NEW YORK,NY,1,1,1,81,4170,AUBURN,5,9,September,2010,1,Sunday,1,58,0,13,6,0,40.69252222,-73.85916667,8,3,0,10,0,0,1,0
360845,NEW YORK,NY,2,0,6,111,5480,GRAHAM,18,10,October,2010,2,Monday,14,57,0,13,5,0,42.07775278,-73.97373333,12,1,0,10,0,0,1,1
360846,NEW YORK,NY,1,1,1,47,4170,BROWNS,8,9,September,2010,4,Wednesday,21,42,1,13,6,0,40.63280278,-73.92983333,8,3,0,1,0,0,1,0
360847,NEW YORK,NY,1,1,3,103,5810,DANVILLE,13,10,October,2010,4,Wednesday,14,50,0,16,5,0,40.83840000,-72.58339722,8,1,0,1,0,0,1,0