ST_CASE,State Name,State Abbreviation,VE_TOTAL,Pedestrains,Total_Persons_in_accident,COUNTY,CITY,City_County_Name,Calendar_DAY,MONTH,Month_Name,YEAR,DAY_WEEK,Day_Week_desc,HOUR,MINUTE,NHS_Desc,trafficway,ROUTE,MILEPT,LATITUDE,LONGITUD,First_Crash_event,Light_cond_desc,Weather_condition,WEATHER,SCH_BUS,Crash_cause,FATALS,DRUNK_DR
360848,NEW YORK,NY,3,0,3,119,6670,BELLAMY,16,10,October,2010,7,Saturday,12,44,0,16,6,0,41.02679444,-73.75825833,12,1,0,1,0,0,1,0
360849,NEW YORK,NY,1,1,1,119,6820,BELLAMY,20,10,October,2010,4,Wednesday,19,11,0,6,5,0,40.92449722,-73.86726389,8,3,0,1,0,0,1,0
360850,NEW YORK,NY,1,0,1,27,2000,ASHLAND,1,10,October,2010,6,Friday,14,31,1,1,1,453,99.99990000,999.99990000,59,1,0,2,0,0,1,0
360851,NEW YORK,NY,2,0,4,103,2920,DANVILLE,3,10,October,2010,1,Sunday,5,50,1,13,3,999,40.78239444,-73.09771389,12,3,0,10,0,0,1,1
360852,NEW YORK,NY,1,0,1,59,2600,FRANKLIN,7,7,July,2010,4,Wednesday,14,0,1,12,3,0,40.66644722,-73.53681667,33,1,0,1,0,0,1,0
360853,NEW YORK,NY,2,0,5,19,4767,CEDAR BLUFF,29,10,October,2010,6,Friday,12,43,0,6,4,0,44.58331667,-73.57063889,12,1,0,2,0,0,2,0
360854,NEW YORK,NY,2,0,4,7,1882,BIBB,10,10,October,2010,1,Sunday,12,40,0,3,3,588,99.99990000,999.99990000,12,1,0,1,0,0,2,0
360855,NEW YORK,NY,2,1,2,91,5470,DAYTON,21,10,October,2010,5,Thursday,21,19,1,2,3,0,43.03702778,-73.78978056,8,2,0,10,0,0,1,0
360856,NEW YORK,NY,1,1,1,61,4170,BELLWOOD,22,10,October,2010,6,Friday,8,5,0,16,6,0,40.80064444,-73.93850278,9,1,0,1,0,0,1,0
360857,NEW YORK,NY,1,1,2,65,5260,CYPRESS,26,10,October,2010,3,Tuesday,19,2,0,15,5,0,43.23075833,-75.43942500,9,3,0,10,0,0,1,0
360858,NEW YORK,NY,1,0,1,87,6000,ARMSTRONG,4,11,November,2010,5,Thursday,8,32,0,14,5,0,41.10199167,-74.11617222,30,1,0,2,0,0,1,0
360859,NEW YORK,NY,2,0,4,117,3410,BIRMINGHAM,2,10,October,2010,7,Saturday,10,38,0,6,5,0,43.02361944,-77.01525000,12,1,0,1,0,0,1,0
360860,NEW YORK,NY,2,0,4,115,250,ASHVILLE,5,11,November,2010,6,Friday,17,29,0,6,5,0,43.28150000,-73.50937222,12,5,0,10,0,0,1,1
360861,NEW YORK,NY,1,0,2,71,6163,BRIDGEPORT,18,8,August,2010,4,Wednesday,8,10,0,15,5,0,41.26083889,-74.09891944,17,1,0,10,0,0,2,0
360862,NEW YORK,NY,1,0,1,105,4028,MARION,10,10,October,2010,1,Sunday,18,3,0,2,3,0,41.83740278,-74.48123333,11,1,0,1,0,0,1,0
360863,NEW YORK,NY,1,0,1,67,9997,ABBEVILLE,15,10,October,2010,6,Friday,16,43,0,6,5,0,42.87650000,-76.36746944,42,1,0,2,0,0,1,1
360864,NEW YORK,NY,4,0,1,73,3969,ARGO,21,10,October,2010,5,Thursday,23,6,1,2,3,12,43.22607500,-78.08613056,32,3,0,10,0,0,1,1
360865,NEW YORK,NY,4,0,5,67,3310,ABBEVILLE,16,8,August,2010,2,Monday,12,33,1,2,3,0,43.09051667,-76.19361944,12,1,0,1,0,0,1,0
360866,NEW YORK,NY,1,0,1,59,1740,FRANKLIN,15,9,September,2010,4,Wednesday,18,45,0,16,5,0,40.63568611,-73.66128611,42,1,0,1,0,0,1,0
360867,NEW YORK,NY,2,0,5,55,5230,ATTALLA,30,10,October,2010,7,Saturday,23,53,0,13,5,0,43.15713889,-77.61395556,12,3,0,1,0,0,1,1
360868,NEW YORK,NY,2,0,3,109,1590,ANSLEY,5,10,October,2010,3,Tuesday,15,16,0,14,5,0,42.48062778,-76.37366944,12,1,0,10,0,0,2,0
360869,NEW YORK,NY,1,1,1,5,4170,BAKER HILL,22,10,October,2010,6,Friday,23,22,0,16,6,0,40.86051389,-73.89256389,8,3,0,1,0,0,1,0
360870,NEW YORK,NY,1,0,2,59,2600,FRANKLIN,11,11,November,2010,5,Thursday,2,10,0,14,5,0,40.74489167,-73.55206667,42,3,0,1,0,0,1,1
360871,NEW YORK,NY,1,0,1,113,617,COTTONTON,13,11,November,2010,7,Saturday,8,49,0,4,3,0,43.71971389,-73.69157500,42,1,0,1,0,0,1,0
360872,NEW YORK,NY,1,1,2,91,390,DAYTON,5,11,November,2010,6,Friday,19,11,1,2,2,0,43.01501944,-73.79042500,8,2,0,10,0,0,1,0
360873,NEW YORK,NY,1,1,2,75,1060,BEAVERTON,4,11,November,2010,5,Thursday,18,34,0,15,5,0,43.28696944,-76.14566111,8,2,0,2,0,0,1,0
360874,NEW YORK,NY,2,0,3,87,2580,ARMSTRONG,3,11,November,2010,4,Wednesday,21,40,0,13,3,995,41.18991667,-74.02231944,12,3,0,1,0,0,1,1
360875,NEW YORK,NY,2,0,4,47,4170,BROWNS,20,8,August,2010,6,Friday,14,30,0,13,6,0,40.61209444,-73.95391111,12,1,0,1,0,0,1,0
360876,NEW YORK,NY,1,1,1,101,813,BOYLSTON,13,11,November,2010,7,Saturday,22,13,0,6,5,0,42.19918056,-77.16361389,8,2,0,1,0,0,1,0
360877,NEW YORK,NY,2,0,3,115,790,ASHVILLE,10,11,November,2010,4,Wednesday,13,25,0,3,3,800,99.99990000,999.99990000,12,1,0,1,0,0,1,0
360878,NEW YORK,NY,1,0,1,29,6090,BORDEN SPRINGS,15,11,November,2010,2,Monday,5,0,0,15,5,0,43.02136944,-78.87483611,43,3,0,1,0,0,1,1
360879,NEW YORK,NY,1,1,1,37,4686,BRADFORD,16,11,November,2010,3,Tuesday,12,26,1,2,3,0,42.87621667,-78.02275556,8,1,0,1,0,0,1,0
360880,NEW YORK,NY,3,0,7,121,2220,BON AIR,7,11,November,2010,1,Sunday,12,19,0,6,5,0,42.63025278,-78.11880000,12,1,0,10,0,0,1,0
360881,NEW YORK,NY,1,0,2,59,2600,FRANKLIN,19,9,September,2010,1,Sunday,16,30,1,2,3,0,40.69061944,-73.57497778,59,1,0,1,0,0,1,0
360882,NEW YORK,NY,1,0,1,67,380,ABBEVILLE,25,9,September,2010,7,Saturday,0,40,0,2,3,0,43.09991667,-76.41617778,5,2,0,1,0,0,1,1
360883,NEW YORK,NY,1,0,1,87,5980,ARMSTRONG,23,10,October,2010,7,Saturday,12,30,1,2,3,298,41.25319444,-74.04450278,35,1,0,1,0,0,1,0
360884,NEW YORK,NY,1,0,2,67,6010,ABBEVILLE,10,7,July,2010,7,Saturday,3,0,0,16,6,0,43.06651111,-76.10310833,30,3,0,2,0,0,1,1
360885,NEW YORK,NY,4,0,6,1,2464,AUTAUGA,30,10,October,2010,7,Saturday,10,35,0,16,5,0,42.73579167,-73.93983333,12,1,0,1,0,0,1,0
360886,NEW YORK,NY,1,1,1,81,4170,AUBURN,12,11,November,2010,6,Friday,12,10,0,16,6,0,40.68677222,-73.82917778,8,1,0,1,0,0,1,0
360887,NEW YORK,NY,2,1,3,59,295,FRANKLIN,4,11,November,2010,5,Thursday,6,55,0,13,5,0,40.58839167,-73.72019167,8,3,0,2,1,0,1,0
360888,NEW YORK,NY,1,1,1,59,2600,FRANKLIN,6,11,November,2010,7,Saturday,5,0,0,16,6,0,40.68595556,-73.63489444,9,3,0,1,0,0,1,0
360889,NEW YORK,NY,1,0,1,67,3500,ABBEVILLE,10,11,November,2010,4,Wednesday,7,9,0,5,5,0,43.10104444,-75.97973889,35,4,0,1,0,0,1,0
360890,NEW YORK,NY,1,0,1,67,4903,ABBEVILLE,8,9,September,2010,4,Wednesday,3,44,0,15,5,0,42.97915833,-75.95945000,30,2,0,2,0,0,1,1
360891,NEW YORK,NY,1,1,2,67,1179,ABBEVILLE,24,10,October,2010,1,Sunday,0,40,0,2,3,0,43.19186389,-76.27498611,8,2,0,2,0,0,1,0
360892,NEW YORK,NY,1,0,1,39,970,ANDALUSIA,31,10,October,2010,1,Sunday,12,40,1,1,1,0,99.99990000,999.99990000,24,1,0,1,0,0,1,0
360893,NEW YORK,NY,1,1,3,33,605,CHEROKEE,31,10,October,2010,1,Sunday,2,36,0,2,3,0,99.99990000,999.99990000,8,2,0,4,0,0,1,1
360894,NEW YORK,NY,2,0,4,79,630,COURTLAND,6,11,November,2010,7,Saturday,22,25,1,2,3,898,99.99990000,999.99990000,12,2,0,1,0,0,1,1
360895,NEW YORK,NY,2,0,2,81,4170,AUBURN,30,6,June,2010,4,Wednesday,20,33,0,16,6,0,40.67088889,-73.80756944,12,5,0,1,0,0,1,0
360896,NEW YORK,NY,1,0,1,5,4170,BAKER HILL,1,8,August,2010,1,Sunday,6,15,0,15,6,0,40.85868056,-73.84680278,42,1,0,99,0,0,1,0
360897,NEW YORK,NY,2,0,2,5,4170,BAKER HILL,20,11,November,2010,7,Saturday,3,47,1,11,1,484,40.86376389,-73.91076389,12,3,0,1,0,0,1,1
360898,NEW YORK,NY,2,0,2,81,4170,AUBURN,3,8,August,2010,3,Tuesday,20,39,0,16,6,0,40.75468611,-73.72796111,12,3,0,1,0,0,1,0
360899,NEW YORK,NY,1,1,1,85,4170,BENTON,21,8,August,2010,7,Saturday,7,5,0,16,6,0,40.62010833,-74.07699167,8,1,0,1,0,0,1,0
360900,NEW YORK,NY,3,7,2,5,4170,BAKER HILL,10,8,August,2010,3,Tuesday,10,52,0,16,6,0,40.86847500,-73.90180556,12,1,0,1,0,0,1,0
360901,NEW YORK,NY,2,0,2,81,4170,AUBURN,22,8,August,2010,1,Sunday,0,36,1,11,1,0,40.66722778,-73.80220278,24,3,0,10,0,0,1,0
360902,NEW YORK,NY,2,0,6,85,4170,BENTON,8,8,August,2010,1,Sunday,17,50,0,13,6,0,40.59848889,-74.07846111,12,1,0,1,0,0,1,0
360903,NEW YORK,NY,1,0,1,11,5633,BULLOCK,17,11,November,2010,4,Wednesday,13,51,0,6,5,0,42.95265278,-76.49181667,38,1,0,10,0,0,1,1
360904,NEW YORK,NY,2,0,3,25,1454,BARLOW BEND,8,11,November,2010,2,Monday,16,25,0,2,3,90,42.44235278,-75.00130556,12,1,0,4,0,0,2,0
360906,NEW YORK,NY,1,1,1,103,5210,DANVILLE,20,11,November,2010,7,Saturday,21,55,0,6,5,0,40.96089444,-72.83038611,8,3,0,1,0,0,1,0
360907,NEW YORK,NY,1,0,1,105,6800,MARION,20,11,November,2010,7,Saturday,13,44,0,6,5,0,99.99990000,999.99990000,24,1,0,1,0,0,1,0
360908,NEW YORK,NY,2,0,6,67,6010,ABBEVILLE,15,7,July,2010,5,Thursday,22,29,0,16,5,0,43.02317778,-76.15937222,12,3,0,1,0,0,1,0
360909,NEW YORK,NY,2,0,1,103,2920,DANVILLE,26,8,August,2010,5,Thursday,0,18,0,16,5,0,40.73509722,-73.24137500,14,3,0,10,0,0,1,0
360910,NEW YORK,NY,2,0,3,47,4170,BROWNS,29,8,August,2010,1,Sunday,18,50,0,13,6,0,40.69341111,-73.97781389,12,1,0,1,0,0,1,0
360911,NEW YORK,NY,1,0,2,103,5769,DANVILLE,26,9,September,2010,1,Sunday,17,10,1,2,3,0,40.89051389,-73.09438056,33,1,0,1,0,0,2,1
360912,NEW YORK,NY,1,0,1,103,2920,DANVILLE,26,9,September,2010,1,Sunday,5,40,0,16,5,0,40.75748056,-73.24536111,30,3,0,1,0,0,1,0
360913,NEW YORK,NY,2,1,2,47,4170,BROWNS,28,6,June,2010,2,Monday,10,50,0,14,6,0,40.57702500,-73.96420556,8,1,0,10,0,0,1,0
360914,NEW YORK,NY,1,1,1,5,4170,BAKER HILL,2,10,October,2010,7,Saturday,23,25,1,1,1,0,40.81540833,-73.93078889,8,2,0,1,0,0,1,0
360915,NEW YORK,NY,2,0,2,81,4170,AUBURN,4,10,October,2010,2,Monday,15,38,0,13,6,0,40.72306389,-73.77788056,12,1,0,2,0,0,1,0
360916,NEW YORK,NY,2,0,3,53,5976,ATMORE,7,10,October,2010,5,Thursday,16,32,0,6,5,0,42.95591944,-75.58231111,12,1,0,1,0,0,1,0
360917,NEW YORK,NY,1,0,2,15,1850,ANNISTON,28,5,May,2010,6,Friday,23,31,0,6,5,0,99.99990000,999.99990000,59,2,0,1,0,0,1,1
360918,NEW YORK,NY,1,0,1,103,5769,DANVILLE,2,10,October,2010,7,Saturday,20,50,0,16,4,0,40.83206111,-73.13062222,33,3,0,1,0,0,1,1
360919,NEW YORK,NY,2,0,2,61,4170,BELLWOOD,23,8,August,2010,2,Monday,22,0,0,16,6,0,40.74749444,-74.00775000,12,3,0,1,0,0,1,0
360920,NEW YORK,NY,1,0,4,55,5230,ATTALLA,29,10,October,2010,6,Friday,20,57,0,14,5,0,43.14048333,-77.66537778,50,3,0,1,0,0,4,1
360921,NEW YORK,NY,2,1,1,71,3730,BRIDGEPORT,2,3,March,2010,3,Tuesday,11,25,0,16,6,0,41.44584722,-74.41413333,8,1,0,1,0,0,1,0
360922,NEW YORK,NY,2,0,1,29,750,BORDEN SPRINGS,29,3,March,2010,2,Monday,2,50,0,16,6,0,42.91111389,-78.84561667,14,2,0,1,0,0,1,0
360923,NEW YORK,NY,1,1,1,103,2920,DANVILLE,31,10,October,2010,1,Sunday,20,32,0,16,5,0,40.80953889,-73.19435000,8,2,0,1,0,0,1,0
360924,NEW YORK,NY,1,0,1,65,6220,CYPRESS,11,10,October,2010,2,Monday,8,24,0,5,6,0,43.11223056,-75.20781111,24,1,0,10,0,0,1,0
360925,NEW YORK,NY,2,0,2,103,705,DANVILLE,19,10,October,2010,3,Tuesday,6,0,1,2,3,0,99.99990000,999.99990000,12,4,0,2,0,0,1,0
360926,NEW YORK,NY,1,1,1,81,4170,AUBURN,18,8,August,2010,4,Wednesday,22,10,0,16,6,0,40.67178611,-73.76441667,8,2,1,10,0,0,1,0
360927,NEW YORK,NY,2,0,2,7,3064,BIBB,20,10,October,2010,4,Wednesday,18,7,0,5,5,0,42.11544722,-75.82661667,12,5,0,1,0,0,1,0
360928,NEW YORK,NY,2,0,2,69,6280,ASHFORD,15,11,November,2010,2,Monday,10,13,0,3,3,272,42.97711111,-77.39041944,12,1,0,1,0,0,1,0
360929,NEW YORK,NY,2,0,3,71,6645,BRIDGEPORT,30,7,July,2010,6,Friday,22,30,0,3,3,0,99.99990000,999.99990000,12,2,0,1,0,0,1,0
360930,NEW YORK,NY,1,0,1,111,5480,GRAHAM,12,4,April,2010,2,Monday,15,32,0,13,3,0,42.06758333,-74.04441944,35,1,0,1,0,0,1,0
360931,NEW YORK,NY,2,0,2,13,3015,BOLLING,16,11,November,2010,3,Tuesday,18,0,0,3,3,13056,99.99990000,999.99990000,12,2,0,2,0,0,1,0
360932,NEW YORK,NY,1,0,1,103,3933,DANVILLE,5,9,September,2010,1,Sunday,10,47,0,16,6,0,40.92011111,-72.99988056,42,1,0,1,0,0,1,0
360933,NEW YORK,NY,1,0,6,85,4170,BENTON,29,8,August,2010,1,Sunday,0,58,0,13,6,0,40.56367500,-74.17745556,30,3,0,1,0,0,2,0
360934,NEW YORK,NY,1,0,1,103,360,DANVILLE,2,11,November,2010,3,Tuesday,10,10,1,2,3,0,40.71558333,-73.40993611,42,1,0,1,0,0,1,0
360935,NEW YORK,NY,4,0,4,55,652,ATTALLA,11,10,October,2010,2,Monday,0,40,0,3,5,11062,43.09287222,-77.65413889,12,3,0,10,0,0,1,1
360936,NEW YORK,NY,1,0,4,77,3890,ANDERSON,10,11,November,2010,4,Wednesday,0,28,0,2,3,0,42.54498611,-75.32818889,34,2,0,10,0,0,1,0
360937,NEW YORK,NY,1,0,1,29,5940,BORDEN SPRINGS,28,11,November,2010,1,Sunday,9,46,0,6,5,0,42.49942500,-78.65945000,42,1,0,10,0,0,1,1
360938,NEW YORK,NY,2,0,2,103,2840,DANVILLE,15,11,November,2010,2,Monday,12,5,0,13,3,0,99.99990000,999.99990000,12,3,0,1,0,0,1,1
360939,NEW YORK,NY,1,1,2,55,2248,ATTALLA,3,11,November,2010,4,Wednesday,6,10,0,16,6,0,43.13093056,-77.66660278,8,3,0,10,0,0,1,0
360940,NEW YORK,NY,1,0,1,1,1495,AUTAUGA,23,11,November,2010,3,Tuesday,14,30,0,15,5,0,42.62258333,-73.81201111,19,1,0,1,0,0,1,0
360941,NEW YORK,NY,1,0,2,81,4170,AUBURN,26,11,November,2010,6,Friday,2,48,0,16,6,0,40.74875278,-73.87546111,31,3,0,2,0,0,1,1
360942,NEW YORK,NY,1,0,1,119,6825,BELLAMY,28,11,November,2010,1,Sunday,4,33,0,15,5,0,41.26111389,-73.77119722,42,2,0,98,0,0,1,1
360943,NEW YORK,NY,2,0,3,9,3432,BLOUNT,5,11,November,2010,6,Friday,9,9,0,3,3,0,42.40793056,-78.49010556,12,1,0,1,0,0,1,0
360944,NEW YORK,NY,1,1,1,17,2400,CHAMBERS,18,11,November,2010,5,Thursday,17,5,0,3,3,21038,99.99990000,999.99990000,8,2,0,2,0,0,1,0
360945,NEW YORK,NY,1,0,1,59,4600,FRANKLIN,28,11,November,2010,1,Sunday,6,30,0,15,5,0,40.75677500,-73.49954444,33,3,0,1,0,0,1,1
360946,NEW YORK,NY,1,0,1,59,6250,FRANKLIN,28,11,November,2010,1,Sunday,2,45,1,2,3,0,40.65955278,-73.70050556,42,3,0,1,0,0,1,1
360947,NEW YORK,NY,2,0,2,65,6680,CYPRESS,16,11,November,2010,3,Tuesday,17,48,1,13,3,0,43.10511944,-75.29737500,12,3,0,2,0,0,1,0
360948,NEW YORK,NY,1,0,3,43,2120,BAILEYTON,19,11,November,2010,6,Friday,22,43,0,6,6,0,43.04828611,-75.02428333,53,2,0,1,0,0,1,0
360949,NEW YORK,NY,1,1,2,47,4170,BROWNS,2,10,October,2010,7,Saturday,18,55,0,16,6,0,40.70416389,-73.92777500,8,1,0,1,0,0,1,0
360950,NEW YORK,NY,1,0,1,103,705,DANVILLE,8,11,November,2010,2,Monday,6,20,0,5,4,0,40.90092778,-72.94690000,42,4,0,3,0,0,1,0
360951,NEW YORK,NY,1,0,5,121,6810,BON AIR,22,11,November,2010,2,Monday,21,16,0,3,3,0,42.79540000,-78.11592500,35,2,0,1,0,0,1,0
360952,NEW YORK,NY,2,0,3,87,5980,ARMSTRONG,6,11,November,2010,7,Saturday,15,48,0,6,6,0,99.99990000,999.99990000,5,1,0,1,0,0,1,0
360953,NEW YORK,NY,1,1,1,27,4690,ASHLAND,22,11,November,2010,2,Monday,19,30,0,6,5,0,41.52602500,-73.65127222,8,2,0,1,0,0,1,0
360954,NEW YORK,NY,1,1,2,67,6010,ABBEVILLE,30,11,November,2010,3,Tuesday,17,11,0,16,5,0,43.04344167,-76.15884722,8,3,0,2,0,0,1,0
360955,NEW YORK,NY,1,0,1,103,2840,DANVILLE,29,11,November,2010,2,Monday,10,45,1,13,3,1030,40.82871667,-73.40060278,30,1,0,1,0,0,1,0
360956,NEW YORK,NY,1,1,1,103,2920,DANVILLE,19,11,November,2010,6,Friday,18,45,0,16,6,0,40.77878611,-73.12328333,8,3,0,1,0,0,1,0
360957,NEW YORK,NY,1,0,1,13,4987,BOLLING,30,11,November,2010,3,Tuesday,15,25,0,14,3,1194,42.39500278,-79.48556944,34,1,0,2,0,0,1,0
360958,NEW YORK,NY,1,0,2,81,4170,AUBURN,29,11,November,2010,2,Monday,10,16,0,15,6,0,40.67403889,-73.85814444,30,1,0,1,0,0,1,0
360959,NEW YORK,NY,2,0,3,29,1899,BORDEN SPRINGS,13,11,November,2010,7,Saturday,11,16,0,3,3,0,42.66034722,-78.97255833,12,1,0,1,0,0,1,1
360960,NEW YORK,NY,2,0,2,15,3790,ANNISTON,15,11,November,2010,2,Monday,21,13,0,13,3,0,42.26352778,-76.83451667,42,3,0,10,0,0,1,1
360961,NEW YORK,NY,1,1,1,25,3550,BARLOW BEND,17,11,November,2010,4,Wednesday,18,11,0,3,3,0,42.15058333,-74.52103611,8,2,0,2,0,0,1,0
360962,NEW YORK,NY,1,0,1,103,2920,DANVILLE,18,11,November,2010,5,Thursday,12,58,1,2,3,0,40.78736667,-73.12866944,42,1,0,1,0,0,1,1
360963,NEW YORK,NY,2,0,2,75,4800,BEAVERTON,15,11,November,2010,2,Monday,18,38,0,6,5,0,43.27453333,-76.27522222,12,2,0,10,0,0,1,0
360964,NEW YORK,NY,2,0,3,71,1140,BRIDGEPORT,15,11,November,2010,2,Monday,23,40,0,4,5,0,99.99990000,999.99990000,12,2,0,10,0,0,1,0
360965,NEW YORK,NY,2,0,3,59,2600,FRANKLIN,2,11,November,2010,3,Tuesday,20,31,0,2,4,0,40.69795000,-73.57689722,12,3,0,1,0,0,1,0
360966,NEW YORK,NY,1,1,1,47,4170,BROWNS,15,5,May,2010,7,Saturday,6,0,0,16,6,0,40.69105278,-73.92086389,9,1,0,1,0,0,1,0
360967,NEW YORK,NY,1,1,1,47,4170,BROWNS,11,9,September,2010,7,Saturday,20,38,0,16,6,0,40.68119167,-73.96545278,9,3,0,1,0,0,1,0
360968,NEW YORK,NY,3,0,10,3,6540,BALDWIN,19,11,November,2010,6,Friday,14,55,0,3,3,0,42.13613611,-77.90778611,12,1,0,1,0,0,1,0
360969,NEW YORK,NY,1,1,5,109,2940,ANSLEY,28,11,November,2010,1,Sunday,17,27,0,5,6,0,42.40894444,-76.54123333,8,2,0,1,0,0,1,0
360970,NEW YORK,NY,2,0,4,9,3300,BLOUNT,21,11,November,2010,1,Sunday,13,7,0,4,3,0,42.25253611,-78.75000000,12,1,0,1,0,0,1,0
360971,NEW YORK,NY,2,0,5,29,750,BORDEN SPRINGS,16,11,November,2010,3,Tuesday,5,7,1,1,1,265,99.99990000,999.99990000,12,3,0,10,0,0,1,0
360972,NEW YORK,NY,3,0,4,3,510,BALDWIN,22,11,November,2010,2,Monday,16,36,0,3,3,0,42.20156389,-78.00374444,12,5,0,2,0,0,1,0
360973,NEW YORK,NY,2,0,2,45,4780,ARITON,18,11,November,2010,5,Thursday,14,12,1,2,3,0,44.13275833,-75.73275000,12,1,0,10,0,0,1,0
360974,NEW YORK,NY,2,0,4,59,2600,FRANKLIN,25,11,November,2010,5,Thursday,19,20,1,2,3,0,40.72499722,-73.55700833,12,3,0,2,0,0,1,0
360975,NEW YORK,NY,2,0,4,51,3200,CENTRAL,27,11,November,2010,7,Saturday,9,11,0,6,3,0,42.74605000,-77.94104444,12,1,0,10,0,0,1,0
360976,NEW YORK,NY,1,1,1,59,4450,FRANKLIN,29,11,November,2010,2,Monday,11,15,0,16,5,0,40.77849444,-73.57724167,9,1,0,1,0,0,1,0
360977,NEW YORK,NY,2,0,2,79,1280,COURTLAND,27,11,November,2010,7,Saturday,17,40,1,2,3,0,41.47709167,-73.91427778,12,2,0,1,0,0,1,0
360978,NEW YORK,NY,2,0,4,59,4600,FRANKLIN,28,11,November,2010,1,Sunday,16,50,1,13,3,0,40.80473889,-73.52395278,12,5,0,1,0,0,1,1
360979,NEW YORK,NY,1,1,1,59,2600,FRANKLIN,25,8,August,2010,4,Wednesday,23,39,0,13,6,0,99.99990000,999.99990000,8,3,0,10,0,0,1,0
360980,NEW YORK,NY,3,0,3,59,2285,FRANKLIN,30,11,November,2010,3,Tuesday,13,50,0,2,3,0,40.82622222,-73.58545000,12,1,0,2,0,0,1,0
360981,NEW YORK,NY,1,0,1,59,4600,FRANKLIN,10,10,October,2010,1,Sunday,21,50,0,6,6,0,40.86260833,-73.52722500,33,3,0,1,0,0,1,0
360982,NEW YORK,NY,1,1,1,59,2600,FRANKLIN,11,10,October,2010,2,Monday,8,46,0,16,6,0,40.70810000,-73.62891111,8,1,0,1,0,0,1,0
360983,NEW YORK,NY,3,0,3,67,6140,ABBEVILLE,30,11,November,2010,3,Tuesday,11,35,1,1,1,0,42.83907778,-76.12295833,12,1,0,2,0,0,1,0
360984,NEW YORK,NY,1,0,1,119,5802,BELLAMY,1,12,December,2010,4,Wednesday,18,15,0,3,3,14247,41.32778056,-73.68570556,31,2,0,10,0,0,1,0
360985,NEW YORK,NY,1,0,1,117,6760,BIRMINGHAM,1,12,December,2010,4,Wednesday,23,30,0,4,5,0,43.21321389,-76.96090278,35,2,0,10,0,0,1,0
360986,NEW YORK,NY,2,0,2,123,4740,ALEXANDER CITY,1,12,December,2010,4,Wednesday,12,9,0,3,3,41109,42.59144722,-77.03708611,12,1,0,4,0,0,1,0
360987,NEW YORK,NY,1,1,1,55,2248,ATTALLA,1,12,December,2010,4,Wednesday,20,16,0,16,5,0,43.16947222,-77.70143889,8,2,0,10,0,0,1,0
360988,NEW YORK,NY,1,0,1,93,5590,BEAR CREEK,9,12,December,2010,5,Thursday,1,2,0,13,5,0,42.89785000,-74.08338611,42,2,0,1,0,0,1,0
360989,NEW YORK,NY,1,0,1,71,4130,BRIDGEPORT,9,12,December,2010,5,Thursday,1,49,0,5,5,0,41.47165556,-74.14387500,35,2,0,1,0,0,1,1
360990,NEW YORK,NY,1,1,1,5,4170,BAKER HILL,10,12,December,2010,6,Friday,5,30,0,16,6,0,40.87075556,-73.84709444,8,3,0,1,0,0,1,0
360991,NEW YORK,NY,2,0,3,21,332,CHILTON,12,12,December,2010,1,Sunday,10,32,1,2,3,51268,42.33475556,-73.42880833,12,1,0,2,0,0,1,0
360992,NEW YORK,NY,1,1,2,33,3825,CHEROKEE,12,12,December,2010,1,Sunday,20,25,0,3,3,11006,44.82667222,-74.55693333,8,3,0,2,0,0,1,0
360993,NEW YORK,NY,2,0,3,115,2440,ASHVILLE,1,12,December,2010,4,Wednesday,15,35,0,3,3,0,43.09538889,-73.56561111,12,1,0,2,0,0,1,0
360994,NEW YORK,NY,1,0,1,119,6825,BELLAMY,8,12,December,2010,4,Wednesday,10,5,0,16,5,0,41.28358056,-73.78336389,42,9,0,99,0,0,1,0
360995,NEW YORK,NY,1,1,1,5,4170,BAKER HILL,27,9,September,2010,2,Monday,19,17,0,16,6,0,40.84886944,-73.86787500,8,3,0,2,0,0,1,0
360996,NEW YORK,NY,2,1,4,81,4170,AUBURN,15,9,September,2010,4,Wednesday,7,0,0,14,6,0,40.74338889,-73.88886111,12,1,0,1,0,0,1,0
360997,NEW YORK,NY,1,1,1,79,3455,COURTLAND,23,10,October,2010,7,Saturday,8,7,0,15,5,0,41.35242778,-73.74753056,8,1,0,1,0,0,1,0
360998,NEW YORK,NY,1,1,1,29,6642,BORDEN SPRINGS,6,12,December,2010,2,Monday,23,26,0,15,5,0,42.86295833,-78.69700000,8,3,0,4,0,0,1,0
360999,NEW YORK,NY,1,0,1,83,528,ARDMORE,13,12,December,2010,2,Monday,20,38,0,6,5,0,42.63938889,-73.38643889,42,2,0,4,0,0,1,0
361000,NEW YORK,NY,1,1,3,59,3360,FRANKLIN,3,11,November,2010,4,Wednesday,22,49,0,14,6,0,40.58826111,-73.66700000,8,3,0,1,0,0,1,0