ST_CASE,State Name,State Abbreviation,VE_TOTAL,Pedestrains,Total_Persons_in_accident,COUNTY,CITY,City_County_Name,Calendar_DAY,MONTH,Month_Name,YEAR,DAY_WEEK,Day_Week_desc,HOUR,MINUTE,NHS_Desc,trafficway,ROUTE,MILEPT,LATITUDE,LONGITUD,First_Crash_event,Light_cond_desc,Weather_condition,WEATHER,SCH_BUS,Crash_cause,FATALS,DRUNK_DR
361001,NEW YORK,NY,2,0,2,81,4170,AUBURN,17,11,November,2010,4,Wednesday,23,22,0,13,6,0,40.74690000,-73.79250556,12,3,0,1,0,0,1,0
361002,NEW YORK,NY,1,0,1,63,3220,BOLIGEE,14,12,December,2010,3,Tuesday,18,31,0,16,5,0,43.13616111,-78.98541111,34,2,0,4,0,0,1,1
361003,NEW YORK,NY,1,0,2,77,3569,ANDERSON,16,12,December,2010,5,Thursday,8,45,1,1,1,0,42.48611944,-74.94885833,35,1,0,4,0,0,1,0
361004,NEW YORK,NY,2,0,6,65,610,CYPRESS,12,12,December,2010,1,Sunday,7,7,1,2,3,43241,43.44856944,-75.26528611,12,4,0,3,0,0,1,0
361005,NEW YORK,NY,1,0,1,59,2600,FRANKLIN,16,12,December,2010,5,Thursday,16,10,0,16,5,0,40.71278611,-73.52857500,42,3,0,1,0,0,1,0
361006,NEW YORK,NY,2,0,2,13,3015,BOLLING,9,12,December,2010,5,Thursday,16,40,0,6,5,0,42.12996111,-79.17994722,12,1,0,4,0,0,1,0
361007,NEW YORK,NY,1,0,1,105,1805,MARION,17,12,December,2010,6,Friday,4,59,0,5,5,0,41.51876389,-74.84446667,42,2,0,1,0,0,1,1
361008,NEW YORK,NY,2,0,3,81,4170,AUBURN,10,12,December,2010,6,Friday,16,27,0,16,6,0,40.70922222,-73.84307500,12,5,0,10,0,0,1,0
361009,NEW YORK,NY,1,2,1,59,4090,FRANKLIN,10,12,December,2010,6,Friday,18,22,0,13,6,0,40.73104722,-73.69296389,8,3,0,10,0,0,1,0
361010,NEW YORK,NY,1,0,1,119,6820,BELLAMY,18,12,December,2010,7,Saturday,9,11,1,2,3,0,40.93257222,-73.86104722,21,1,0,1,0,0,1,1
361011,NEW YORK,NY,2,0,2,35,670,BROOKLYN,14,12,December,2010,3,Tuesday,20,15,0,3,3,0,43.05521667,-74.19174722,12,3,0,1,0,0,1,0
361012,NEW YORK,NY,1,0,1,7,6740,BIBB,18,12,December,2010,7,Saturday,4,53,0,4,3,0,42.04295000,-75.61707222,24,3,0,10,0,0,1,0
361013,NEW YORK,NY,2,1,2,119,700,BELLAMY,2,12,December,2010,5,Thursday,17,47,0,6,5,0,99.99990000,999.99990000,8,3,0,1,0,0,1,0
361014,NEW YORK,NY,1,0,1,67,6010,ABBEVILLE,7,7,July,2010,4,Wednesday,23,18,0,6,6,0,42.99780556,-76.13096111,30,3,0,1,0,0,1,1
361015,NEW YORK,NY,1,0,1,65,6270,CYPRESS,27,12,December,2010,2,Monday,17,49,1,2,3,0,43.10427222,-75.55018889,34,2,0,10,0,0,1,0
361016,NEW YORK,NY,1,0,1,67,3500,ABBEVILLE,26,12,December,2010,1,Sunday,1,12,0,5,5,0,43.11375000,-76.01815833,42,2,0,10,0,0,1,0
361017,NEW YORK,NY,1,1,1,65,5260,CYPRESS,16,12,December,2010,5,Thursday,18,33,0,2,3,0,43.24271667,-75.51465556,8,2,0,10,0,0,1,0
361018,NEW YORK,NY,1,1,2,55,2248,ATTALLA,26,12,December,2010,1,Sunday,7,10,0,14,5,0,43.14993056,-77.69095000,8,3,0,10,0,0,1,0
361019,NEW YORK,NY,1,1,1,29,2485,BORDEN SPRINGS,31,12,December,2010,6,Friday,4,32,0,15,5,0,42.73977500,-78.89736667,8,3,0,10,0,0,1,0
361020,NEW YORK,NY,2,1,3,51,350,CENTRAL,14,12,December,2010,3,Tuesday,7,11,1,1,1,0,42.89025556,-77.69468889,14,4,0,4,0,0,1,0
361022,NEW YORK,NY,2,0,1,29,750,BORDEN SPRINGS,19,12,December,2010,1,Sunday,18,18,0,14,6,0,42.85660278,-78.82887778,14,3,0,10,0,0,1,0
361023,NEW YORK,NY,1,0,1,71,2320,BRIDGEPORT,21,12,December,2010,3,Tuesday,7,35,1,2,3,0,41.39839722,-74.33991111,1,1,0,10,0,0,1,0
361024,NEW YORK,NY,3,0,4,3,1046,BALDWIN,17,12,December,2010,6,Friday,17,14,0,3,4,0,42.47997778,-78.24946667,12,3,0,4,0,0,1,0
361025,NEW YORK,NY,2,0,3,65,403,CYPRESS,18,12,December,2010,7,Saturday,13,58,1,2,3,0,43.28966944,-75.17330556,12,1,0,10,0,0,1,1
361026,NEW YORK,NY,1,0,3,103,6624,DANVILLE,29,6,June,2010,3,Tuesday,5,0,0,14,3,0,40.69546111,-73.29729444,30,3,0,1,0,0,1,0
361027,NEW YORK,NY,1,0,2,85,4170,BENTON,4,9,September,2010,7,Saturday,1,53,0,13,6,0,40.63590556,-74.07613333,33,3,0,1,0,0,1,1
361028,NEW YORK,NY,1,1,1,103,2920,DANVILLE,4,9,September,2010,7,Saturday,1,8,1,13,3,0,40.81341944,-73.19031667,8,3,0,1,0,0,1,0
361029,NEW YORK,NY,2,0,5,65,4659,CYPRESS,28,12,December,2010,3,Tuesday,13,48,1,2,3,0,42.99658056,-75.31707222,12,1,0,4,0,0,2,0
361030,NEW YORK,NY,2,0,4,85,4170,BENTON,26,9,September,2010,1,Sunday,9,5,1,12,3,0,40.59805278,-74.19075833,12,1,0,1,0,0,1,0
361031,NEW YORK,NY,1,1,1,53,6004,ATMORE,10,11,November,2010,4,Wednesday,11,15,0,3,3,0,43.05009444,-75.90870833,8,1,0,1,0,0,1,0
361032,NEW YORK,NY,1,1,1,55,1930,ATTALLA,19,12,December,2010,1,Sunday,17,58,0,16,5,0,43.10475833,-77.44160833,8,3,0,10,0,0,1,1
361033,NEW YORK,NY,1,1,1,111,3060,GRAHAM,20,12,December,2010,2,Monday,9,15,0,6,5,0,41.93332500,-74.01641667,8,1,0,1,0,0,1,0
361034,NEW YORK,NY,1,1,1,11,310,BULLOCK,31,12,December,2010,6,Friday,17,26,0,6,5,0,42.93506111,-76.56631667,8,3,0,10,0,0,1,0
361035,NEW YORK,NY,1,0,2,1,1290,AUTAUGA,29,10,October,2010,6,Friday,20,59,0,15,6,0,42.75925000,-73.86026111,31,3,0,1,0,0,1,1
361037,NEW YORK,NY,1,0,2,27,2785,ASHLAND,6,10,October,2010,4,Wednesday,16,46,0,16,5,0,41.55310556,-73.78173333,30,1,0,1,0,0,1,0
361038,NEW YORK,NY,1,0,1,59,2600,FRANKLIN,24,10,October,2010,1,Sunday,22,15,0,14,5,0,40.66484444,-73.55261944,42,3,0,10,0,0,1,0
361039,NEW YORK,NY,1,1,2,61,4170,BELLWOOD,13,11,November,2010,7,Saturday,9,0,0,14,6,0,40.79696667,-73.93777500,8,1,0,1,0,0,1,0
361040,NEW YORK,NY,1,0,2,47,4170,BROWNS,10,10,October,2010,1,Sunday,7,48,1,13,3,0,40.60515556,-74.02407778,25,1,0,1,0,0,2,1
361041,NEW YORK,NY,1,1,1,59,2600,FRANKLIN,30,12,December,2010,5,Thursday,19,50,1,13,3,0,40.70746667,-73.69344722,8,3,0,1,0,0,1,0
361042,NEW YORK,NY,2,0,2,103,360,DANVILLE,25,10,October,2010,2,Monday,6,41,1,13,3,0,40.76910278,-73.06243056,12,4,0,5,1,0,1,0
361043,NEW YORK,NY,3,0,5,55,680,ATTALLA,11,12,December,2010,7,Saturday,14,7,0,5,5,0,43.19813611,-77.97726667,12,1,0,10,0,0,1,0
361044,NEW YORK,NY,2,0,2,119,6820,BELLAMY,18,12,December,2010,7,Saturday,0,13,1,12,3,11034,99.99990000,999.99990000,12,2,0,1,0,0,1,2
361045,NEW YORK,NY,2,0,3,109,2940,ANSLEY,18,12,December,2010,7,Saturday,17,1,0,3,3,0,42.45227778,-76.68939722,12,2,0,1,0,0,1,0
361046,NEW YORK,NY,2,0,2,101,1360,BOYLSTON,28,12,December,2010,3,Tuesday,11,6,0,2,3,0,42.14642222,-77.06992778,12,1,0,1,0,0,1,0
361047,NEW YORK,NY,2,1,2,43,2880,BAILEYTON,30,12,December,2010,5,Thursday,9,32,0,3,3,0,42.95735000,-75.01610833,12,1,0,1,0,0,1,0
361048,NEW YORK,NY,3,0,4,29,1117,BORDEN SPRINGS,26,12,December,2010,1,Sunday,14,37,0,13,6,11336,42.91894722,-78.78429722,12,1,0,10,0,0,1,0
361049,NEW YORK,NY,2,1,5,5,4170,BAKER HILL,29,12,December,2010,4,Wednesday,23,0,1,1,1,0,40.82531111,-73.86475278,8,3,0,1,0,0,1,0
361050,NEW YORK,NY,2,0,1,13,2950,BOLLING,7,12,December,2010,3,Tuesday,15,47,0,16,6,0,42.09511944,-79.22741389,33,1,0,4,0,0,1,0
361051,NEW YORK,NY,1,2,1,47,4170,BROWNS,7,10,October,2010,5,Thursday,16,21,0,14,6,0,40.57755278,-73.94627222,8,1,0,1,0,0,1,0
361052,NEW YORK,NY,1,1,1,59,4090,FRANKLIN,15,11,November,2010,2,Monday,17,9,1,13,3,0,40.73271389,-73.68459444,8,2,0,1,0,0,1,0
361053,NEW YORK,NY,2,0,2,29,156,BORDEN SPRINGS,2,12,December,2010,5,Thursday,7,56,0,13,3,0,43.08111389,-78.69738611,33,1,0,10,0,0,1,0
361054,NEW YORK,NY,3,0,5,55,2710,ATTALLA,28,11,November,2010,1,Sunday,14,42,0,14,5,0,43.21875000,-77.76687500,12,1,0,10,0,0,1,0
361055,NEW YORK,NY,1,0,1,119,5893,BELLAMY,20,12,December,2010,2,Monday,23,7,1,2,3,0,41.27558056,-73.58187778,30,2,0,1,0,0,1,1
361056,NEW YORK,NY,1,0,3,31,6630,COFFEE,31,12,December,2010,6,Friday,2,20,0,6,5,0,44.16657500,-73.41714722,38,3,0,1,0,0,1,1
361057,NEW YORK,NY,1,0,1,29,750,BORDEN SPRINGS,24,12,December,2010,6,Friday,17,24,0,16,6,0,42.91471111,-78.84701944,38,3,0,10,0,0,1,0
361058,NEW YORK,NY,2,1,8,71,4060,BRIDGEPORT,13,12,December,2010,2,Monday,23,45,1,1,1,613,99.99990000,999.99990000,8,2,0,4,0,0,1,0
361059,NEW YORK,NY,1,1,1,47,4170,BROWNS,18,9,September,2010,7,Saturday,4,7,0,13,6,0,99.99990000,999.99990000,8,3,0,1,0,0,1,1
361060,NEW YORK,NY,1,1,1,85,4170,BENTON,30,9,September,2010,5,Thursday,6,38,0,14,6,0,40.63405000,-74.13630000,8,4,0,2,0,0,1,0
361061,NEW YORK,NY,1,0,2,47,4170,BROWNS,1,10,October,2010,6,Friday,23,58,1,1,1,0,40.69041667,-73.99866111,59,2,0,1,0,0,1,1
361062,NEW YORK,NY,1,1,1,103,2920,DANVILLE,19,10,October,2010,3,Tuesday,20,53,0,6,5,0,40.75341667,-73.09327222,8,3,0,1,0,0,1,0
361063,NEW YORK,NY,1,1,2,81,4170,AUBURN,16,10,October,2010,7,Saturday,16,49,1,2,3,0,40.76724167,-73.88774444,8,1,0,1,0,0,1,0
361064,NEW YORK,NY,1,1,1,103,2920,DANVILLE,17,10,October,2010,1,Sunday,19,50,1,13,3,99999,40.77228889,-73.04721667,8,2,0,1,0,0,1,1
361065,NEW YORK,NY,1,1,1,47,4170,BROWNS,16,10,October,2010,7,Saturday,13,0,1,13,6,0,40.67832778,-73.98542500,8,1,0,1,0,0,1,0
361066,NEW YORK,NY,2,0,2,77,3569,ANDERSON,15,7,July,2010,5,Thursday,12,20,0,3,3,33085,42.52091944,-74.91458611,12,1,0,1,0,0,1,0
361067,NEW YORK,NY,1,1,1,103,360,DANVILLE,14,10,October,2010,5,Thursday,11,29,1,13,3,0,40.75025278,-73.42215556,8,1,0,10,0,0,1,0
361068,NEW YORK,NY,1,1,1,47,4170,BROWNS,27,10,October,2010,4,Wednesday,18,40,0,16,6,0,99.99990000,999.99990000,8,5,0,2,0,0,1,0
361069,NEW YORK,NY,1,1,1,103,2920,DANVILLE,20,10,October,2010,4,Wednesday,6,30,1,2,3,0,40.69586389,-73.29469444,15,2,0,1,0,0,1,0
361070,NEW YORK,NY,1,1,1,103,2840,DANVILLE,30,10,October,2010,7,Saturday,23,52,1,2,3,0,40.79203611,-73.41546111,8,2,0,1,0,0,1,0
361071,NEW YORK,NY,1,1,1,47,4170,BROWNS,30,10,October,2010,7,Saturday,23,10,0,14,6,0,40.61856944,-74.00922222,8,3,0,99,0,0,1,0
361072,NEW YORK,NY,1,1,1,5,4170,BAKER HILL,25,10,October,2010,2,Monday,11,50,0,16,6,0,40.83882500,-73.86100278,8,1,0,1,0,0,1,0
361073,NEW YORK,NY,1,1,1,5,4170,BAKER HILL,21,11,November,2010,1,Sunday,18,8,0,16,6,0,40.83603889,-73.92246111,8,3,0,1,0,0,1,0
361074,NEW YORK,NY,2,0,4,103,2920,DANVILLE,30,10,October,2010,7,Saturday,2,40,0,16,5,0,40.77389444,-73.24621389,12,3,0,1,0,0,1,1
361075,NEW YORK,NY,4,1,1,47,4170,BROWNS,1,11,November,2010,2,Monday,8,10,0,13,6,0,40.64193611,-73.89896111,8,1,0,1,0,0,1,0
361076,NEW YORK,NY,1,0,2,7,540,BIBB,26,12,December,2010,1,Sunday,1,18,1,13,3,99999,42.11367500,-75.90981944,30,3,0,10,0,0,1,0
361077,NEW YORK,NY,1,0,2,1,1290,AUTAUGA,18,12,December,2010,7,Saturday,7,23,0,13,3,0,42.70137778,-73.81426389,30,1,0,4,0,0,1,0
361078,NEW YORK,NY,2,0,1,5,4170,BAKER HILL,26,11,November,2010,6,Friday,7,2,1,13,6,0,40.88845556,-73.84194444,30,1,0,2,0,0,1,0
361079,NEW YORK,NY,2,0,6,85,4170,BENTON,27,11,November,2010,7,Saturday,20,43,0,16,6,0,40.59848889,-74.07841944,12,5,0,1,0,0,1,0
361080,NEW YORK,NY,1,1,1,47,4170,BROWNS,17,11,November,2010,4,Wednesday,5,8,0,16,6,0,40.68186944,-73.95861111,8,3,0,2,0,0,1,0
361081,NEW YORK,NY,1,0,1,27,5110,ASHLAND,2,10,October,2010,7,Saturday,19,16,1,2,3,0,42.05010556,-73.84600000,59,5,0,1,0,0,1,1
361082,NEW YORK,NY,1,0,1,103,705,DANVILLE,10,11,November,2010,4,Wednesday,18,10,0,5,4,0,40.84753333,-72.73713333,1,1,0,10,0,0,1,0
361083,NEW YORK,NY,2,0,4,103,705,DANVILLE,11,11,November,2010,5,Thursday,18,54,1,2,3,0,40.85845278,-73.10420833,33,3,0,1,0,0,2,0
361084,NEW YORK,NY,2,0,4,59,710,FRANKLIN,8,9,September,2010,4,Wednesday,14,54,0,13,3,0,40.80255278,-73.55209444,12,1,0,1,0,0,1,0
361085,NEW YORK,NY,1,0,1,59,4450,FRANKLIN,25,11,November,2010,5,Thursday,18,48,1,11,1,0,40.78323889,-73.61415000,35,2,0,1,0,0,1,0
361086,NEW YORK,NY,1,1,1,59,2160,FRANKLIN,4,12,December,2010,7,Saturday,22,55,0,14,5,0,40.65446667,-73.58021389,8,3,0,10,0,0,1,0
361087,NEW YORK,NY,1,0,1,107,4220,CARROLLTON,11,12,December,2010,7,Saturday,18,53,0,5,5,0,42.03080556,-76.28108056,42,2,0,10,0,0,1,1
361088,NEW YORK,NY,1,2,1,103,2920,DANVILLE,23,11,November,2010,3,Tuesday,11,10,0,14,4,0,40.77960000,-73.26069722,8,1,0,10,0,0,2,0
361090,NEW YORK,NY,1,1,1,61,4170,BELLWOOD,16,11,November,2010,3,Tuesday,6,10,0,16,6,0,40.70969444,-74.01006389,8,4,0,2,0,0,1,0
361091,NEW YORK,NY,1,1,1,47,4170,BROWNS,18,4,April,2010,1,Sunday,3,51,0,16,6,0,40.72908056,-73.95090556,8,3,0,1,0,0,1,0
361092,NEW YORK,NY,2,1,1,61,4170,BELLWOOD,4,11,November,2010,5,Thursday,14,27,1,12,1,0,40.84718889,-73.93296667,8,1,0,2,0,0,1,0
361093,NEW YORK,NY,4,3,11,47,4170,BROWNS,2,11,November,2010,3,Tuesday,14,28,0,16,6,0,40.63323889,-73.97190556,8,1,0,1,0,0,1,0
361094,NEW YORK,NY,1,1,1,5,4170,BAKER HILL,14,11,November,2010,1,Sunday,9,0,0,13,6,0,40.87860833,-73.87163056,8,1,0,1,0,0,1,0
361095,NEW YORK,NY,1,1,1,61,4170,BELLWOOD,26,11,November,2010,6,Friday,15,9,0,14,6,0,40.79092222,-73.96895278,8,1,0,1,0,0,1,0
361096,NEW YORK,NY,1,0,1,103,2840,DANVILLE,19,11,November,2010,6,Friday,1,28,0,16,5,0,40.77201389,-73.33429167,33,3,0,1,0,0,1,0
361097,NEW YORK,NY,1,1,1,5,4170,BAKER HILL,29,11,November,2010,2,Monday,17,40,0,16,6,0,99.99990000,999.99990000,8,3,0,1,0,0,1,0
361098,NEW YORK,NY,2,0,2,103,3270,DANVILLE,17,11,November,2010,4,Wednesday,14,15,1,2,3,0,40.67251667,-73.37749167,12,1,0,1,0,0,1,0
361099,NEW YORK,NY,1,2,2,81,4170,AUBURN,14,11,November,2010,1,Sunday,16,51,0,13,6,0,40.66793889,-73.77514722,33,3,0,1,0,0,1,0
361100,NEW YORK,NY,1,1,1,5,4170,BAKER HILL,21,12,December,2010,3,Tuesday,12,27,0,16,6,0,40.82468889,-73.84314444,8,1,0,1,0,0,1,0
361101,NEW YORK,NY,1,0,2,103,3523,DANVILLE,24,11,November,2010,4,Wednesday,23,13,0,6,5,0,40.86132778,-72.79876944,30,3,0,1,0,0,1,1
361102,NEW YORK,NY,1,1,1,103,1050,DANVILLE,18,11,November,2010,5,Thursday,18,25,0,16,5,0,40.77089722,-73.19796667,8,2,0,10,0,0,1,0
361103,NEW YORK,NY,1,0,1,9,2140,BLOUNT,28,8,August,2010,7,Saturday,16,19,0,3,6,0,42.27121111,-78.37577778,5,1,0,1,0,0,1,0
361104,NEW YORK,NY,1,1,1,81,4170,AUBURN,16,11,November,2010,3,Tuesday,17,52,0,16,6,0,40.73361944,-73.85248889,8,3,0,10,0,0,1,0
361105,NEW YORK,NY,2,1,2,81,4170,AUBURN,27,11,November,2010,7,Saturday,22,29,0,16,6,0,40.73428333,-73.85024722,8,3,0,1,0,0,1,0
361106,NEW YORK,NY,1,1,1,65,6220,CYPRESS,29,10,October,2010,6,Friday,6,3,0,13,5,0,43.07710000,-75.28025278,8,3,0,2,0,0,1,0
361107,NEW YORK,NY,2,1,2,5,4170,BAKER HILL,30,12,December,2010,5,Thursday,21,38,1,11,1,0,40.82796944,-73.83670833,8,2,0,1,0,0,1,0
361108,NEW YORK,NY,1,0,4,103,5769,DANVILLE,19,12,December,2010,1,Sunday,3,35,0,16,5,0,40.85505278,-73.17531944,33,3,0,10,0,0,1,0
361109,NEW YORK,NY,1,1,1,103,360,DANVILLE,1,12,December,2010,4,Wednesday,20,30,1,13,3,0,40.68635278,-73.42586389,8,1,0,1,0,0,1,1
361110,NEW YORK,NY,1,1,1,47,4170,BROWNS,10,11,November,2010,4,Wednesday,22,28,0,14,6,0,40.68546389,-73.94412500,8,3,0,1,0,0,1,0
361111,NEW YORK,NY,1,0,1,103,2920,DANVILLE,11,12,December,2010,7,Saturday,17,12,0,3,5,0,40.82709722,-73.17614167,30,3,0,10,0,0,1,0
361112,NEW YORK,NY,1,1,2,103,2920,DANVILLE,18,12,December,2010,7,Saturday,18,4,1,2,3,0,40.78549722,-73.11389444,8,3,0,1,0,0,1,0
361113,NEW YORK,NY,2,0,2,103,705,DANVILLE,17,12,December,2010,6,Friday,22,20,0,13,4,0,40.79905833,-72.89597778,12,3,0,1,0,0,1,1
361114,NEW YORK,NY,2,0,4,103,360,DANVILLE,4,12,December,2010,7,Saturday,11,40,0,16,5,0,40.72573056,-73.37553889,12,1,0,1,0,0,1,0
361115,NEW YORK,NY,2,0,2,103,360,DANVILLE,4,12,December,2010,7,Saturday,8,28,0,16,6,0,40.72037500,-73.37841111,33,1,0,1,0,0,2,0
361116,NEW YORK,NY,2,0,1,113,5068,COTTONTON,24,12,December,2010,6,Friday,3,13,0,2,3,0,43.37128611,-73.62807500,30,2,0,1,0,0,1,1
361117,NEW YORK,NY,2,0,5,71,6410,BRIDGEPORT,29,12,December,2010,4,Wednesday,21,5,0,3,3,0,41.24625556,-74.28095000,12,2,0,1,0,0,1,0
361118,NEW YORK,NY,1,0,1,59,4600,FRANKLIN,21,12,December,2010,3,Tuesday,11,25,1,2,3,0,40.70593611,-73.45100556,52,1,0,1,0,0,1,0
361119,NEW YORK,NY,1,0,1,39,281,ANDALUSIA,31,12,December,2010,6,Friday,16,56,0,6,4,0,42.33745278,-74.29678611,5,2,0,1,0,0,1,0
361120,NEW YORK,NY,1,1,1,61,4170,BELLWOOD,7,12,December,2010,3,Tuesday,6,5,0,16,6,0,40.77764722,-73.96116111,8,3,0,10,0,0,1,0
361121,NEW YORK,NY,1,0,2,47,4170,BROWNS,24,12,December,2010,6,Friday,11,57,1,13,6,0,40.59098056,-73.90181111,30,1,0,1,0,0,1,0
361122,NEW YORK,NY,1,1,1,81,4170,AUBURN,7,12,December,2010,3,Tuesday,18,44,1,1,1,0,40.69466389,-73.81254722,8,3,0,1,0,0,1,0
361123,NEW YORK,NY,1,1,1,59,3360,FRANKLIN,26,12,December,2010,1,Sunday,10,50,0,13,5,0,40.58601667,-73.70110556,8,1,0,4,0,0,1,0
361124,NEW YORK,NY,1,1,1,81,4170,AUBURN,12,12,December,2010,1,Sunday,16,58,0,16,6,0,40.56083056,-73.91323889,8,3,0,2,0,0,1,0
361125,NEW YORK,NY,3,0,3,59,2600,FRANKLIN,23,11,November,2010,3,Tuesday,10,3,0,16,6,0,40.63361944,-73.65364167,12,1,0,1,0,0,1,0
361126,NEW YORK,NY,1,1,1,59,2600,FRANKLIN,28,11,November,2010,1,Sunday,8,22,1,2,3,0,40.72465000,-73.54416389,8,3,0,1,0,0,1,0
361127,NEW YORK,NY,1,1,2,61,4170,BELLWOOD,5,12,December,2010,1,Sunday,19,14,0,16,6,0,40.75206667,-73.97350556,9,3,0,1,0,0,1,0
361128,NEW YORK,NY,1,0,1,47,4170,BROWNS,27,8,August,2010,6,Friday,2,25,0,16,6,0,40.66854722,-73.92197222,38,3,0,1,0,0,1,1
361129,NEW YORK,NY,1,1,2,47,4170,BROWNS,14,9,September,2010,3,Tuesday,16,35,0,13,6,0,40.59110556,-73.96509444,8,1,0,1,0,0,1,0
361130,NEW YORK,NY,1,1,1,81,4170,AUBURN,20,11,November,2010,7,Saturday,8,55,0,16,6,0,40.77007778,-73.95143056,8,4,0,1,0,0,1,0
361131,NEW YORK,NY,1,1,1,61,4170,BELLWOOD,14,1,January,2010,5,Thursday,18,0,0,16,6,0,40.84282500,-73.94199722,8,3,0,1,0,0,1,0
361132,NEW YORK,NY,1,1,1,47,4170,BROWNS,21,6,June,2010,2,Monday,14,25,0,14,6,99999,40.57739167,-73.96239722,8,1,0,1,0,0,1,0
361133,NEW YORK,NY,1,0,3,59,3380,FRANKLIN,7,12,December,2010,3,Tuesday,13,28,0,16,6,0,40.66506667,-73.66008889,42,1,0,1,0,0,1,0
361134,NEW YORK,NY,1,1,1,81,4170,AUBURN,8,11,November,2010,2,Monday,21,17,0,16,6,99999,40.76429167,-73.82821111,8,3,0,1,0,0,1,0
361135,NEW YORK,NY,1,1,1,33,2725,CHEROKEE,15,1,January,2010,6,Friday,5,17,0,5,6,99999,44.98701944,-74.65956667,8,2,0,1,0,0,1,1
361136,NEW YORK,NY,1,1,1,81,4170,AUBURN,19,7,July,2010,2,Monday,6,45,1,2,3,0,40.66530278,-73.73541667,8,1,0,1,0,0,1,0
361137,NEW YORK,NY,1,1,2,5,4170,BAKER HILL,4,11,November,2010,5,Thursday,21,49,0,16,6,0,40.82100278,-73.89490000,8,2,0,2,0,0,1,0
361138,NEW YORK,NY,2,0,3,59,4090,FRANKLIN,27,11,November,2010,7,Saturday,9,15,0,16,6,0,40.74771111,-73.69781389,12,1,0,1,0,0,1,0
361139,NEW YORK,NY,2,0,5,47,4170,BROWNS,30,9,September,2010,5,Thursday,8,20,1,13,6,0,40.61285278,-74.01161944,12,1,0,10,0,0,1,0
361140,NEW YORK,NY,1,2,1,81,4170,AUBURN,21,9,September,2010,3,Tuesday,15,0,0,16,6,0,40.75713333,-73.82707500,8,1,0,1,0,0,1,0
361141,NEW YORK,NY,2,0,2,17,4350,CHAMBERS,21,11,November,2010,1,Sunday,12,0,0,3,3,0,42.53975833,-75.50892778,12,1,0,10,0,0,1,0
361142,NEW YORK,NY,1,1,1,47,4170,BROWNS,7,12,December,2010,3,Tuesday,13,30,0,16,6,0,40.67079722,-73.99490000,8,1,0,10,0,0,1,0
361143,NEW YORK,NY,4,0,4,47,4170,BROWNS,29,11,November,2010,2,Monday,23,39,0,16,6,0,40.61616667,-73.95457500,12,3,0,1,0,0,1,1
361144,NEW YORK,NY,1,1,1,83,6110,ARDMORE,1,9,September,2010,4,Wednesday,9,11,0,6,5,0,42.75213889,-73.68249722,8,1,0,1,0,0,1,0
361145,NEW YORK,NY,1,2,1,103,2920,DANVILLE,12,4,April,2010,2,Monday,14,48,0,15,5,0,40.79216389,-73.19247500,8,1,0,1,0,0,1,0
361146,NEW YORK,NY,2,0,4,81,4170,AUBURN,18,12,December,2010,7,Saturday,17,20,1,13,6,0,40.71661944,-73.86174444,12,3,0,1,0,0,1,0
370001,NORTH CAROLINA,NC,2,0,2,19,0,CEDAR BLUFF,12,1,January,2010,3,Tuesday,16,52,0,3,3,99999,33.98404444,-78.18049167,12,1,0,1,0,0,1,0
370002,NORTH CAROLINA,NC,1,0,2,25,1040,BARLOW BEND,8,1,January,2010,6,Friday,23,19,0,14,4,0,35.41179722,-80.63386667,34,2,0,1,0,0,1,0
370003,NORTH CAROLINA,NC,1,0,1,47,0,BROWNS,8,1,January,2010,6,Friday,21,21,0,5,4,99999,34.20348056,-78.79639167,34,2,0,1,0,0,1,1
370004,NORTH CAROLINA,NC,2,0,2,51,1670,CENTRAL,6,1,January,2010,4,Wednesday,5,44,0,16,6,99999,35.08828333,-78.92668889,12,3,0,1,0,0,1,0
370005,NORTH CAROLINA,NC,1,0,1,69,0,ASHFORD,1,1,January,2010,6,Friday,2,32,1,2,2,99999,36.21761667,-78.27226667,34,2,0,5,0,0,1,1
370006,NORTH CAROLINA,NC,3,0,3,77,0,ANDERSON,14,1,January,2010,5,Thursday,6,31,0,4,3,99999,36.14213889,-78.57842500,12,2,0,1,0,0,1,0
370007,NORTH CAROLINA,NC,2,0,3,85,0,BENTON,12,1,January,2010,3,Tuesday,3,30,1,1,1,99999,35.27097222,-78.61655556,12,2,0,1,0,0,2,0
370008,NORTH CAROLINA,NC,2,0,5,89,0,BROWNSBORO,2,1,January,2010,7,Saturday,13,57,0,5,4,99999,35.34963333,-82.45726944,12,1,0,1,0,0,1,1