ST_CASE,State Name,State Abbreviation,VE_TOTAL,Pedestrains,Total_Persons_in_accident,COUNTY,CITY,City_County_Name,Calendar_DAY,MONTH,Month_Name,YEAR,DAY_WEEK,Day_Week_desc,HOUR,MINUTE,NHS_Desc,trafficway,ROUTE,MILEPT,LATITUDE,LONGITUD,First_Crash_event,Light_cond_desc,Weather_condition,WEATHER,SCH_BUS,Crash_cause,FATALS,DRUNK_DR
370009,NORTH CAROLINA,NC,2,0,2,103,0,DANVILLE,10,1,January,2010,1,Sunday,20,56,0,5,4,99999,99.99990000,999.99990000,12,2,0,1,0,0,1,1
370010,NORTH CAROLINA,NC,1,1,1,129,0,BIGBEE,12,1,January,2010,3,Tuesday,9,50,1,2,2,99999,34.25090278,-77.95724722,8,1,0,1,0,0,1,0
370011,NORTH CAROLINA,NC,1,0,3,133,0,ARLEY,13,1,January,2010,4,Wednesday,16,17,0,4,3,99999,34.71544167,-77.62488889,34,1,0,1,0,0,1,0
370012,NORTH CAROLINA,NC,2,0,6,135,0,ASH FLAT,5,1,January,2010,3,Tuesday,16,16,0,3,3,99999,35.95357778,-79.25713611,12,1,0,1,0,0,1,1
370013,NORTH CAROLINA,NC,2,0,4,147,0,AUGUSTA,9,1,January,2010,7,Saturday,18,5,1,2,2,99999,35.62503611,-77.26502222,12,2,0,1,0,0,1,0
370014,NORTH CAROLINA,NC,1,0,3,151,0,FLIPPEN,4,1,January,2010,2,Monday,2,10,1,2,2,99999,35.88148889,-79.63688889,42,2,0,1,0,0,3,1
370015,NORTH CAROLINA,NC,2,0,2,151,0,FLIPPEN,12,1,January,2010,3,Tuesday,20,15,0,6,4,99999,35.51965833,-79.68174444,12,2,0,1,0,0,1,1
370016,NORTH CAROLINA,NC,1,0,1,157,0,ARCADE,8,1,January,2010,6,Friday,4,7,0,6,4,99999,36.48260556,-79.56963889,35,2,0,10,0,0,1,1
370017,NORTH CAROLINA,NC,2,0,6,159,0,FARRAR,7,1,January,2010,5,Thursday,15,36,0,3,3,99999,35.54773889,-80.45247222,12,1,0,10,0,0,1,0
370018,NORTH CAROLINA,NC,2,0,3,183,110,FORT STEWART,17,1,January,2010,1,Sunday,19,10,0,14,3,99999,35.68520556,-78.83406111,12,2,0,10,0,0,2,1
370019,NORTH CAROLINA,NC,2,0,3,191,0,CRESCENT,7,1,January,2010,5,Thursday,16,44,1,2,2,99999,35.28395278,-78.25776111,12,5,0,10,0,0,1,0
370020,NORTH CAROLINA,NC,2,0,3,197,0,BUENA VISTA,16,1,January,2010,7,Saturday,4,45,1,1,1,99999,36.21047778,-80.81084722,12,2,0,10,0,0,2,0
370021,NORTH CAROLINA,NC,2,0,2,199,0,ALVATON,6,1,January,2010,4,Wednesday,18,12,1,2,2,99999,35.91510556,-82.24056111,12,2,0,1,0,0,1,1
370022,NORTH CAROLINA,NC,2,0,2,17,0,CHAMBERS,22,1,January,2010,6,Friday,17,10,0,3,3,99999,34.41305278,-78.33365556,12,1,0,10,0,0,1,0
370023,NORTH CAROLINA,NC,1,0,1,19,0,CEDAR BLUFF,23,1,January,2010,7,Saturday,2,19,0,4,3,99999,34.15999722,-77.98249167,1,2,0,1,0,0,1,1
370024,NORTH CAROLINA,NC,1,0,2,21,0,CHILTON,17,1,January,2010,1,Sunday,20,13,1,1,1,99999,35.73055833,-82.55294444,42,2,0,10,0,0,1,0
370025,NORTH CAROLINA,NC,1,0,2,35,0,BROOKLYN,18,1,January,2010,2,Monday,14,49,0,6,4,99999,35.58400278,-81.28116944,42,1,0,1,0,0,1,1
370026,NORTH CAROLINA,NC,2,0,2,51,0,CENTRAL,13,1,January,2010,4,Wednesday,14,16,1,2,2,99999,35.24019444,-78.82553056,12,1,0,1,0,0,1,0
370027,NORTH CAROLINA,NC,1,1,1,51,0,CENTRAL,19,1,January,2010,3,Tuesday,3,13,1,1,1,99999,35.17419444,-78.70008889,8,2,0,1,0,0,1,0
370028,NORTH CAROLINA,NC,2,0,2,59,0,FRANKLIN,13,1,January,2010,4,Wednesday,16,21,1,2,2,99999,35.88847778,-80.53982222,12,1,0,1,0,0,1,0
370029,NORTH CAROLINA,NC,1,0,1,65,0,CYPRESS,7,1,January,2010,5,Thursday,13,24,1,2,2,99999,35.88760833,-77.53839167,24,1,0,1,0,0,1,0
370030,NORTH CAROLINA,NC,1,0,1,71,0,BRIDGEPORT,25,1,January,2010,2,Monday,14,15,0,4,3,99999,35.31533611,-81.16079167,16,1,0,6,0,0,1,0
370031,NORTH CAROLINA,NC,1,0,1,71,0,BRIDGEPORT,27,1,January,2010,4,Wednesday,13,40,0,6,4,99999,35.36953056,-81.12232778,42,1,0,1,0,0,1,1
370032,NORTH CAROLINA,NC,1,0,3,73,0,ARGO,17,1,January,2010,1,Sunday,23,20,0,6,4,99999,36.43209167,-76.83322778,34,2,0,10,0,0,2,1
370033,NORTH CAROLINA,NC,2,0,2,77,0,ANDERSON,18,1,January,2010,2,Monday,5,19,0,4,3,99999,36.13250278,-78.54538056,12,2,0,5,0,0,1,0
370034,NORTH CAROLINA,NC,2,0,2,81,4504,AUBURN,6,1,January,2010,4,Wednesday,17,42,0,16,5,99999,36.18380556,-79.86961667,12,2,0,1,0,0,1,0
370035,NORTH CAROLINA,NC,1,0,5,103,0,DANVILLE,2,1,January,2010,7,Saturday,16,13,0,6,4,99999,99.99990000,999.99990000,53,1,0,1,0,0,1,0
370036,NORTH CAROLINA,NC,1,0,1,105,0,MARION,12,1,January,2010,3,Tuesday,23,56,0,6,4,99999,35.43520000,-79.26668056,53,2,0,1,0,0,1,1
370037,NORTH CAROLINA,NC,1,0,1,105,0,MARION,17,1,January,2010,1,Sunday,1,0,0,6,4,99999,35.38018889,-79.16106389,34,2,0,2,0,0,1,1
370038,NORTH CAROLINA,NC,3,0,6,107,0,CARROLLTON,19,1,January,2010,3,Tuesday,16,35,1,2,2,99999,35.18228889,-77.62439444,12,1,0,1,0,0,1,0
370039,NORTH CAROLINA,NC,2,0,3,125,0,BROOKWOOD,20,1,January,2010,4,Wednesday,11,38,0,4,5,99999,35.18128889,-79.57164722,12,1,0,1,0,0,1,0
370040,NORTH CAROLINA,NC,1,0,1,135,0,ASH FLAT,23,1,January,2010,7,Saturday,22,0,1,1,1,99999,36.07577222,-79.19478333,59,2,0,1,0,0,1,0
370041,NORTH CAROLINA,NC,1,0,1,155,0,IRWIN,15,1,January,2010,6,Friday,22,24,0,6,4,99999,34.46311667,-79.22713333,34,2,0,1,0,0,1,1
370042,NORTH CAROLINA,NC,1,0,1,155,0,IRWIN,20,1,January,2010,4,Wednesday,20,44,0,5,4,99999,34.70815833,-79.02238333,34,2,0,1,0,0,1,1
370043,NORTH CAROLINA,NC,2,0,2,179,0,ALLENHURST,5,1,January,2010,3,Tuesday,14,53,0,4,3,99999,35.00120278,-80.69818611,12,1,0,1,0,0,1,0
370044,NORTH CAROLINA,NC,2,0,3,179,0,ALLENHURST,8,1,January,2010,6,Friday,10,43,0,4,4,99999,34.99746667,-80.39386111,12,1,0,1,0,0,1,0
370045,NORTH CAROLINA,NC,2,0,3,179,0,ALLENHURST,21,1,January,2010,5,Thursday,19,1,0,6,4,99999,35.11961111,-80.42436389,12,2,0,2,0,0,1,0
370046,NORTH CAROLINA,NC,1,0,1,183,1770,FORT STEWART,12,1,January,2010,3,Tuesday,16,21,0,16,6,99999,35.68625833,-78.61156667,42,1,0,1,0,0,1,0
370047,NORTH CAROLINA,NC,2,0,3,7,3680,BIBB,13,1,January,2010,4,Wednesday,13,30,1,2,2,99999,35.00239722,-80.20283889,12,1,0,1,0,0,1,0
370048,NORTH CAROLINA,NC,1,0,1,15,0,ANNISTON,22,1,January,2010,6,Friday,12,14,0,4,3,99999,36.19651111,-76.81074167,34,1,0,2,0,0,1,0
370049,NORTH CAROLINA,NC,2,0,2,19,0,CEDAR BLUFF,29,1,January,2010,6,Friday,14,16,1,2,2,99999,34.17518611,-78.08698889,12,1,0,1,0,0,1,1
370050,NORTH CAROLINA,NC,2,0,2,37,0,BRADFORD,28,1,January,2010,5,Thursday,17,0,0,5,4,99999,35.85222778,-79.01879722,12,1,0,10,0,0,1,0
370051,NORTH CAROLINA,NC,1,0,1,51,0,CENTRAL,29,1,January,2010,6,Friday,16,0,0,5,4,99999,35.08530833,-78.84793333,10,1,0,10,0,0,1,0
370052,NORTH CAROLINA,NC,1,0,1,57,4590,BANKSTON,16,1,January,2010,7,Saturday,3,4,0,16,6,99999,35.90619722,-80.06268333,33,3,0,1,0,0,1,1
370053,NORTH CAROLINA,NC,2,0,7,81,2170,AUBURN,18,1,January,2010,2,Monday,18,9,0,14,6,99999,35.95319722,-79.98296944,12,3,0,1,0,0,1,1
370054,NORTH CAROLINA,NC,2,0,2,119,2280,BELLAMY,21,1,January,2010,5,Thursday,7,5,0,13,3,99999,35.42711389,-80.92165556,12,4,0,2,0,0,1,0
370055,NORTH CAROLINA,NC,2,1,6,183,3750,FORT STEWART,15,1,January,2010,6,Friday,7,36,1,11,1,99999,35.75437500,-78.63730556,8,1,0,1,0,0,1,0
370056,NORTH CAROLINA,NC,2,0,4,185,0,ANAKTUVUK PASS,28,1,January,2010,5,Thursday,23,56,1,2,2,99999,36.34532500,-78.21512500,12,2,0,1,0,0,1,1
370057,NORTH CAROLINA,NC,1,1,1,191,0,CRESCENT,30,1,January,2010,7,Saturday,18,43,1,2,2,99999,35.39958056,-77.99181389,8,2,0,4,0,0,1,0
370058,NORTH CAROLINA,NC,1,1,1,51,4374,CENTRAL,1,1,January,2010,6,Friday,21,11,0,13,3,99999,35.20137500,-78.99021944,8,2,0,1,0,0,1,0
370059,NORTH CAROLINA,NC,2,0,2,67,0,ABBEVILLE,29,1,January,2010,6,Friday,16,45,1,1,1,99999,36.07529167,-80.11099444,12,1,0,10,0,0,1,0
370060,NORTH CAROLINA,NC,1,0,1,81,1940,AUBURN,1,1,January,2010,6,Friday,0,17,1,11,1,99999,36.00240833,-79.81981944,24,2,0,10,0,0,1,1
370061,NORTH CAROLINA,NC,2,1,1,81,1940,AUBURN,18,1,January,2010,2,Monday,2,40,1,11,1,99999,36.00324444,-79.84746389,12,3,0,1,0,0,1,0
370062,NORTH CAROLINA,NC,1,0,1,67,5120,ABBEVILLE,23,1,January,2010,7,Saturday,21,19,0,15,6,99999,36.08220278,-80.16657222,1,3,0,1,0,0,1,1
370063,NORTH CAROLINA,NC,7,0,2,129,5060,BIGBEE,5,1,January,2010,3,Tuesday,1,28,0,16,6,99999,34.18366389,-77.92986667,12,3,0,1,0,0,1,1
370064,NORTH CAROLINA,NC,2,0,2,171,0,ALDORA,18,1,January,2010,2,Monday,17,45,0,4,3,99999,36.30174167,-80.74605833,12,5,0,1,0,0,1,1
370065,NORTH CAROLINA,NC,2,0,3,13,0,BOLLING,5,2,February,2010,6,Friday,19,9,0,4,3,99999,35.46537778,-77.06453889,12,2,10,2,0,0,1,0
370066,NORTH CAROLINA,NC,1,0,4,15,0,ANNISTON,8,2,February,2010,2,Monday,16,55,0,5,4,99999,36.17138333,-77.12363611,34,1,0,1,0,0,1,0
370067,NORTH CAROLINA,NC,1,0,1,53,0,ATMORE,11,2,February,2010,5,Thursday,0,11,1,2,2,99999,36.18745556,-75.86387778,32,2,0,1,0,0,1,1
370068,NORTH CAROLINA,NC,1,0,1,63,0,BOLIGEE,15,2,February,2010,2,Monday,22,8,0,4,4,99999,36.06270000,-78.81660556,42,2,0,10,0,0,1,1
370069,NORTH CAROLINA,NC,1,1,1,71,0,BRIDGEPORT,1,2,February,2010,2,Monday,20,33,0,5,4,99999,35.22020000,-81.24385833,8,2,0,1,0,0,1,0
370070,NORTH CAROLINA,NC,1,0,4,81,0,AUBURN,13,2,February,2010,7,Saturday,22,52,0,6,4,99999,36.23542500,-79.74024167,59,2,0,1,0,0,3,1
370071,NORTH CAROLINA,NC,1,0,1,81,0,AUBURN,14,2,February,2010,1,Sunday,3,29,0,3,4,99999,36.11972778,-79.70870833,23,2,0,1,0,0,1,1
370072,NORTH CAROLINA,NC,1,0,2,85,0,BENTON,3,2,February,2010,4,Wednesday,18,15,0,6,4,99999,35.53395556,-78.79437500,23,5,0,1,0,0,1,1
370073,NORTH CAROLINA,NC,2,0,2,97,0,AXIS,2,2,February,2010,3,Tuesday,7,0,0,5,4,99999,35.82954722,-80.92515278,12,4,0,2,0,0,1,0
370074,NORTH CAROLINA,NC,1,0,1,119,870,BELLAMY,3,2,February,2010,4,Wednesday,18,35,1,11,1,99999,35.25199722,-80.84396944,34,5,0,1,0,0,1,0
370075,NORTH CAROLINA,NC,2,0,2,119,870,BELLAMY,3,2,February,2010,4,Wednesday,20,59,1,11,1,99999,35.27694722,-80.81500000,12,2,0,1,0,0,1,0
370076,NORTH CAROLINA,NC,1,0,2,125,0,BROOKWOOD,13,2,February,2010,7,Saturday,17,42,0,6,4,99999,35.23714444,-79.49862500,42,1,0,1,0,0,1,0
370077,NORTH CAROLINA,NC,3,0,5,147,0,AUGUSTA,4,2,February,2010,5,Thursday,10,0,0,4,3,99999,35.46951944,-77.34790833,12,1,0,10,0,0,1,0
370078,NORTH CAROLINA,NC,1,0,2,1,700,AUTAUGA,13,2,February,2010,7,Saturday,1,54,0,4,3,99999,36.06824167,-79.43151667,42,3,10,4,0,0,2,1
370079,NORTH CAROLINA,NC,1,0,1,1,1900,AUTAUGA,27,1,January,2010,4,Wednesday,8,10,1,11,1,99999,36.06755556,-79.32918611,59,1,0,1,0,0,1,0
370080,NORTH CAROLINA,NC,1,1,2,61,450,BELLWOOD,22,1,January,2010,6,Friday,19,0,0,16,5,99999,34.91685556,-77.77548056,8,3,0,10,0,0,1,0
370081,NORTH CAROLINA,NC,1,1,1,101,0,BOYLSTON,9,1,January,2010,7,Saturday,19,35,1,2,2,99999,35.57290278,-78.35543611,8,2,0,1,0,0,1,0
370082,NORTH CAROLINA,NC,1,0,9,101,0,BOYLSTON,31,1,January,2010,1,Sunday,12,50,0,5,4,99999,35.56340833,-78.14502222,5,1,0,1,0,0,1,0
370083,NORTH CAROLINA,NC,3,0,5,105,4090,MARION,1,1,January,2010,6,Friday,16,26,0,16,6,99999,35.47840000,-79.17920556,12,1,0,1,0,0,1,1
370084,NORTH CAROLINA,NC,2,0,2,119,870,BELLAMY,4,1,January,2010,2,Monday,1,34,1,11,1,99999,35.23685556,-80.85508333,14,3,0,1,0,0,1,1
370085,NORTH CAROLINA,NC,1,0,2,129,0,BIGBEE,23,1,January,2010,7,Saturday,1,20,0,6,4,99999,34.29538611,-77.85770000,59,2,0,10,0,0,1,1
370086,NORTH CAROLINA,NC,1,1,1,187,3670,DAHLONEGA,27,1,January,2010,4,Wednesday,18,9,1,2,2,99999,35.85420556,-76.75136667,9,3,0,1,0,0,1,0
370087,NORTH CAROLINA,NC,2,0,5,1,2990,AUTAUGA,9,2,February,2010,3,Tuesday,7,49,1,11,1,99999,36.06856111,-79.29412500,12,1,0,10,0,0,2,0
370088,NORTH CAROLINA,NC,1,0,1,27,0,ASHLAND,23,2,February,2010,3,Tuesday,15,6,0,6,4,99999,35.92233333,-81.64255833,35,1,0,1,0,0,1,0
370089,NORTH CAROLINA,NC,1,1,1,35,0,BROOKLYN,6,2,February,2010,7,Saturday,19,58,0,6,4,99999,99.99990000,999.99990000,8,2,0,1,0,0,1,1
370090,NORTH CAROLINA,NC,1,1,1,67,5120,ABBEVILLE,9,2,February,2010,3,Tuesday,19,35,1,11,1,99999,36.06774722,-80.18028333,8,2,0,10,0,0,1,0
370091,NORTH CAROLINA,NC,1,0,1,107,0,CARROLLTON,17,2,February,2010,4,Wednesday,10,14,0,4,3,99999,35.20181389,-77.66199444,34,1,0,1,0,0,1,0
370092,NORTH CAROLINA,NC,2,0,2,117,0,BIRMINGHAM,18,2,February,2010,5,Thursday,18,10,1,2,2,99999,35.83228889,-76.80653611,12,5,0,1,0,0,1,0
370093,NORTH CAROLINA,NC,2,0,3,123,0,ALEXANDER CITY,16,2,February,2010,3,Tuesday,6,15,0,4,3,99999,35.45266389,-80.02143056,12,2,0,1,0,0,1,0
370094,NORTH CAROLINA,NC,2,0,4,133,0,ARLEY,18,2,February,2010,5,Thursday,10,29,0,6,4,99999,34.88244444,-77.50700000,12,1,0,1,0,0,1,1
370095,NORTH CAROLINA,NC,1,0,1,155,0,IRWIN,18,2,February,2010,5,Thursday,10,56,1,1,1,99999,34.81725556,-78.98457500,35,1,0,1,0,0,1,0
370096,NORTH CAROLINA,NC,1,0,1,155,0,IRWIN,17,2,February,2010,4,Wednesday,1,5,0,5,4,99999,34.68651111,-79.30275000,30,2,0,1,0,0,1,1
370097,NORTH CAROLINA,NC,1,1,1,171,0,ALDORA,13,2,February,2010,7,Saturday,3,53,1,2,2,99999,36.32149722,-80.86336667,8,2,0,4,0,0,1,1
370098,NORTH CAROLINA,NC,1,0,2,33,0,CHEROKEE,8,1,January,2010,6,Friday,8,55,0,6,4,99999,36.46485000,-79.41495278,43,1,0,10,0,0,1,0
370099,NORTH CAROLINA,NC,1,1,5,119,870,BELLAMY,1,1,January,2010,6,Friday,18,22,0,16,6,99999,35.27121667,-80.76748333,8,3,0,1,0,0,1,0
370100,NORTH CAROLINA,NC,1,1,1,119,870,BELLAMY,15,1,January,2010,6,Friday,23,57,1,12,2,99999,35.29411111,-80.75551944,8,2,0,1,0,0,1,1
370101,NORTH CAROLINA,NC,2,0,2,119,0,BELLAMY,27,1,January,2010,4,Wednesday,20,16,0,6,4,99999,35.24523056,-81.00622222,12,2,0,1,0,0,1,1
370102,NORTH CAROLINA,NC,1,0,3,119,870,BELLAMY,30,1,January,2010,7,Saturday,2,41,0,16,6,99999,35.17079167,-80.89083333,42,2,0,3,0,0,1,1
370103,NORTH CAROLINA,NC,1,0,1,129,0,BIGBEE,21,1,January,2010,5,Thursday,6,45,0,6,4,99999,34.10981944,-77.91248611,1,4,0,10,0,0,1,0
370104,NORTH CAROLINA,NC,1,0,3,183,3750,FORT STEWART,23,1,January,2010,7,Saturday,2,17,0,16,6,99999,35.89875833,-78.77208056,30,2,0,1,0,0,1,1
370105,NORTH CAROLINA,NC,2,0,3,3,0,BALDWIN,27,2,February,2010,7,Saturday,18,45,0,3,3,99999,35.83928889,-81.18604167,12,2,0,1,0,0,1,0
370106,NORTH CAROLINA,NC,1,1,1,17,0,CHAMBERS,8,2,February,2010,2,Monday,1,30,0,3,3,99999,34.44280556,-78.38038056,8,2,0,1,0,0,1,0
370107,NORTH CAROLINA,NC,2,0,4,19,0,CEDAR BLUFF,20,2,February,2010,7,Saturday,18,18,0,6,4,99999,33.92450278,-78.38497778,53,5,0,1,0,0,1,1
370108,NORTH CAROLINA,NC,1,0,1,45,0,ARITON,9,2,February,2010,3,Tuesday,14,53,0,6,4,99999,99.99990000,999.99990000,42,1,0,1,0,0,1,0
370109,NORTH CAROLINA,NC,1,0,3,47,0,BROWNS,21,2,February,2010,1,Sunday,14,28,0,5,4,99999,34.37177778,-78.37569167,32,1,0,1,0,0,1,0
370110,NORTH CAROLINA,NC,3,1,3,63,1360,BOLIGEE,18,2,February,2010,5,Thursday,20,27,0,14,6,99999,35.98133889,-78.90106111,8,3,0,1,0,0,1,2
370111,NORTH CAROLINA,NC,1,0,1,77,0,ANDERSON,25,2,February,2010,5,Thursday,19,30,1,1,1,99999,36.29873333,-78.57541944,35,1,0,10,0,0,1,1
370112,NORTH CAROLINA,NC,1,0,1,81,1940,AUBURN,15,2,February,2010,2,Monday,5,15,0,13,6,99999,36.06519722,-79.84863333,24,3,0,1,0,0,1,1
370113,NORTH CAROLINA,NC,2,0,3,81,2170,AUBURN,22,2,February,2010,2,Monday,13,34,0,13,3,99999,36.04438056,-79.96227222,12,1,0,10,0,0,1,0
370114,NORTH CAROLINA,NC,1,0,1,89,2130,BROWNSBORO,7,2,February,2010,1,Sunday,18,45,0,16,6,99999,35.34425556,-82.45007500,17,3,0,1,0,0,1,0
370115,NORTH CAROLINA,NC,2,0,2,97,0,AXIS,21,2,February,2010,1,Sunday,18,15,0,4,3,99999,35.80222222,-80.90743889,12,5,0,1,0,0,1,1
370116,NORTH CAROLINA,NC,2,0,2,97,0,AXIS,23,2,February,2010,3,Tuesday,23,11,1,2,2,99999,35.71920000,-81.08596667,12,2,0,10,0,0,1,1
370117,NORTH CAROLINA,NC,1,0,1,99,0,BEATRICE,28,2,February,2010,1,Sunday,3,13,0,5,4,99999,35.36833611,-83.14813611,35,2,0,10,0,0,1,1
370118,NORTH CAROLINA,NC,1,1,1,119,870,BELLAMY,8,2,February,2010,2,Monday,14,48,1,12,2,99999,35.16033611,-80.73646667,9,1,0,1,0,0,1,0
370119,NORTH CAROLINA,NC,2,0,2,125,0,BROOKWOOD,24,2,February,2010,4,Wednesday,15,42,0,3,3,99999,35.40437222,-79.57423333,59,1,0,2,0,0,1,0
370120,NORTH CAROLINA,NC,2,0,2,153,0,BONAIRE,23,2,February,2010,3,Tuesday,7,53,0,4,3,99999,35.11336944,-79.80446111,12,1,0,1,0,0,1,0
370121,NORTH CAROLINA,NC,2,0,2,155,0,IRWIN,16,2,February,2010,3,Tuesday,23,29,0,4,3,99999,34.34223056,-79.06491389,23,2,0,1,0,0,1,1
370122,NORTH CAROLINA,NC,2,0,4,163,0,AVERA,12,2,February,2010,6,Friday,19,10,0,4,3,99999,35.27862778,-78.51396667,12,2,0,10,0,0,2,1
370123,NORTH CAROLINA,NC,1,0,2,163,0,AVERA,20,2,February,2010,7,Saturday,23,16,0,5,4,99999,35.01558611,-78.46594444,34,2,0,1,0,0,1,0
370124,NORTH CAROLINA,NC,1,0,1,171,0,ALDORA,14,2,February,2010,1,Sunday,10,54,1,2,2,99999,36.40310000,-80.49388611,59,1,0,1,0,0,1,0
370125,NORTH CAROLINA,NC,1,0,1,17,0,CHAMBERS,6,3,March,2010,7,Saturday,3,55,0,4,4,99999,34.72221389,-78.80960833,34,2,0,1,0,0,1,1
370126,NORTH CAROLINA,NC,1,0,1,21,0,CHILTON,8,3,March,2010,2,Monday,1,35,0,5,4,99999,35.56492500,-82.67048611,59,2,0,1,0,0,1,1
370127,NORTH CAROLINA,NC,3,2,3,47,0,BROWNS,6,3,March,2010,7,Saturday,16,7,0,4,3,99999,34.06424444,-78.69474722,18,1,0,1,0,0,1,1
370128,NORTH CAROLINA,NC,1,0,1,49,0,COLLINSVILLE,4,3,March,2010,5,Thursday,13,13,0,3,4,99999,34.88292222,-76.92840556,35,1,0,1,0,0,1,1
370129,NORTH CAROLINA,NC,1,0,1,51,1670,CENTRAL,3,3,March,2010,4,Wednesday,23,15,0,16,6,99999,35.05691944,-78.90894167,30,3,0,1,0,0,1,1
370130,NORTH CAROLINA,NC,1,0,2,57,0,BANKSTON,3,3,March,2010,4,Wednesday,21,8,0,6,4,99999,35.85764722,-80.11196111,32,2,0,1,0,0,1,1
370131,NORTH CAROLINA,NC,1,0,2,57,0,BANKSTON,7,3,March,2010,1,Sunday,4,15,0,6,4,99999,35.81257500,-80.28741944,24,2,0,1,0,0,2,1
370132,NORTH CAROLINA,NC,1,0,4,59,0,FRANKLIN,12,3,March,2010,6,Friday,19,46,1,1,1,99999,35.88684167,-80.66908889,7,2,0,10,0,0,1,0
370133,NORTH CAROLINA,NC,2,0,3,63,0,BOLIGEE,6,3,March,2010,7,Saturday,1,14,1,2,2,99999,35.96154167,-78.84462778,12,2,0,1,0,0,2,1
370134,NORTH CAROLINA,NC,3,0,2,73,0,ARGO,10,3,March,2010,4,Wednesday,13,35,0,3,3,99999,36.33835833,-76.63453056,12,1,0,1,0,0,1,0
370135,NORTH CAROLINA,NC,1,0,2,77,0,ANDERSON,4,3,March,2010,5,Thursday,8,14,0,6,4,99999,36.21186944,-78.70766389,34,1,0,1,0,0,1,0
370136,NORTH CAROLINA,NC,1,0,1,77,0,ANDERSON,8,3,March,2010,2,Monday,14,44,0,6,4,99999,36.52053611,-78.62116944,53,1,0,1,0,0,1,1
370137,NORTH CAROLINA,NC,1,0,2,107,0,CARROLLTON,7,3,March,2010,1,Sunday,13,8,0,6,4,99999,35.28108056,-77.71462500,1,1,0,1,0,0,1,1
370138,NORTH CAROLINA,NC,2,0,3,119,870,BELLAMY,1,3,March,2010,2,Monday,13,51,0,16,6,99999,35.22487222,-80.90246111,12,1,0,1,0,0,1,0
370139,NORTH CAROLINA,NC,1,0,1,121,0,BON AIR,6,3,March,2010,7,Saturday,12,20,0,6,6,99999,36.07200000,-82.29367500,23,1,0,1,0,0,1,0
370140,NORTH CAROLINA,NC,2,0,2,131,0,ARLINGTON,3,3,March,2010,4,Wednesday,17,50,1,2,2,99999,36.43550833,-77.13681111,12,5,0,2,0,0,1,0
370141,NORTH CAROLINA,NC,2,0,3,133,0,ARLEY,8,3,March,2010,2,Monday,18,59,0,3,3,99999,34.71309722,-77.17653056,12,2,0,1,0,0,1,0
370142,NORTH CAROLINA,NC,2,0,6,151,4640,FLIPPEN,6,3,March,2010,7,Saturday,12,39,0,14,3,99999,35.88046111,-80.00603611,12,1,0,1,0,0,1,0
370143,NORTH CAROLINA,NC,1,0,1,151,0,FLIPPEN,12,3,March,2010,6,Friday,21,53,0,5,4,99999,35.57025000,-79.69675556,35,2,0,2,0,0,1,1
370144,NORTH CAROLINA,NC,1,1,1,155,0,IRWIN,5,3,March,2010,6,Friday,23,9,0,4,3,99999,34.58459722,-78.88106389,8,2,0,1,0,0,1,0
370145,NORTH CAROLINA,NC,1,0,1,165,0,HERNDON,9,3,March,2010,3,Tuesday,0,1,0,6,4,99999,34.71133333,-79.48320833,53,2,0,1,0,0,1,1
370146,NORTH CAROLINA,NC,7,0,7,183,0,FORT STEWART,1,3,March,2010,2,Monday,8,40,1,1,1,99999,35.83500278,-78.77060000,12,1,0,1,0,0,1,0
370147,NORTH CAROLINA,NC,2,0,2,191,0,CRESCENT,2,3,March,2010,3,Tuesday,16,10,0,5,4,99999,35.42157222,-77.93211944,12,1,0,2,0,0,1,0
370148,NORTH CAROLINA,NC,1,0,2,191,0,CRESCENT,2,3,March,2010,3,Tuesday,16,33,0,6,4,99999,35.27817222,-78.05567222,34,1,0,2,0,0,1,0
370149,NORTH CAROLINA,NC,1,1,1,191,1880,CRESCENT,4,3,March,2010,5,Thursday,19,23,0,16,6,99999,35.40480000,-77.97341389,9,2,0,1,0,0,1,0
370150,NORTH CAROLINA,NC,2,0,1,191,1880,CRESCENT,6,3,March,2010,7,Saturday,0,8,1,12,2,99999,35.39142778,-77.95396389,12,2,0,1,0,0,1,0
370151,NORTH CAROLINA,NC,2,0,2,191,0,CRESCENT,12,3,March,2010,6,Friday,11,29,1,2,2,99999,35.37926944,-77.93490833,12,1,0,1,0,0,1,0
370152,NORTH CAROLINA,NC,2,1,0,1,0,AUTAUGA,10,3,March,2010,4,Wednesday,9,3,0,6,4,99999,36.02196944,-79.38841944,8,1,0,10,0,0,1,0
370153,NORTH CAROLINA,NC,2,0,2,19,0,CEDAR BLUFF,25,3,March,2010,5,Thursday,11,17,0,6,4,99999,33.92032222,-78.47426944,12,1,0,1,0,0,2,0