ST_CASE,State Name,State Abbreviation,VE_TOTAL,Pedestrains,Total_Persons_in_accident,COUNTY,CITY,City_County_Name,Calendar_DAY,MONTH,Month_Name,YEAR,DAY_WEEK,Day_Week_desc,HOUR,MINUTE,NHS_Desc,trafficway,ROUTE,MILEPT,LATITUDE,LONGITUD,First_Crash_event,Light_cond_desc,Weather_condition,WEATHER,SCH_BUS,Crash_cause,FATALS,DRUNK_DR
370154,NORTH CAROLINA,NC,1,0,1,23,0,BLADON SPRINGS,20,3,March,2010,7,Saturday,15,17,0,6,4,99999,35.84494444,-81.74260556,41,1,0,1,0,0,1,0
370155,NORTH CAROLINA,NC,1,1,5,25,1040,BARLOW BEND,17,3,March,2010,4,Wednesday,7,30,0,13,3,99999,35.37314722,-80.55313056,9,1,0,1,0,0,1,0
370156,NORTH CAROLINA,NC,1,1,3,27,2590,ASHLAND,23,3,March,2010,3,Tuesday,18,25,0,16,6,99999,35.92267778,-81.55225278,9,1,0,1,0,0,1,0
370157,NORTH CAROLINA,NC,2,0,4,35,1060,BROOKLYN,19,3,March,2010,6,Friday,20,3,0,14,6,99999,35.69625278,-81.23040000,12,3,0,1,0,0,1,1
370158,NORTH CAROLINA,NC,1,0,1,37,0,BRADFORD,27,3,March,2010,7,Saturday,17,38,0,6,4,99999,99.99990000,999.99990000,35,1,0,1,0,0,1,0
370159,NORTH CAROLINA,NC,1,0,2,45,0,ARITON,28,3,March,2010,1,Sunday,15,2,0,4,3,99999,35.34915000,-81.57063611,42,1,0,2,0,0,1,0
370160,NORTH CAROLINA,NC,1,0,1,47,0,BROWNS,9,3,March,2010,3,Tuesday,22,23,0,4,3,99999,33.97911389,-78.66406111,34,2,0,1,0,0,1,1
370161,NORTH CAROLINA,NC,2,0,3,47,0,BROWNS,16,3,March,2010,3,Tuesday,18,35,0,6,4,99999,99.99990000,999.99990000,12,1,0,1,0,0,1,1
370162,NORTH CAROLINA,NC,1,2,1,47,0,BROWNS,28,3,March,2010,1,Sunday,21,13,0,6,4,99999,34.40678611,-78.88911667,9,2,0,2,0,0,1,1
370163,NORTH CAROLINA,NC,2,0,2,51,0,CENTRAL,11,3,March,2010,5,Thursday,7,54,0,6,4,99999,34.98634722,-78.74273611,12,1,0,10,0,0,1,0
370164,NORTH CAROLINA,NC,1,0,2,61,0,BELLWOOD,2,3,March,2010,3,Tuesday,22,56,0,4,3,99999,35.13672222,-78.07901944,34,2,3,4,0,0,1,0
370165,NORTH CAROLINA,NC,1,1,1,67,0,ABBEVILLE,18,3,March,2010,5,Thursday,7,28,0,16,6,99999,36.14936389,-80.28663333,8,1,0,1,0,0,1,0
370166,NORTH CAROLINA,NC,1,0,1,81,0,AUBURN,22,3,March,2010,2,Monday,7,16,1,11,1,99999,36.01571389,-79.83185278,21,1,0,1,0,0,1,0
370167,NORTH CAROLINA,NC,1,0,4,83,0,ARDMORE,28,3,March,2010,1,Sunday,7,5,1,1,1,99999,36.23163333,-77.74091667,1,4,0,1,0,0,2,0
370168,NORTH CAROLINA,NC,1,0,1,93,0,BEAR CREEK,25,3,March,2010,5,Thursday,20,30,0,6,4,99999,35.02268611,-79.40364444,42,2,0,1,0,0,1,1
370169,NORTH CAROLINA,NC,3,0,1,97,4430,AXIS,6,3,March,2010,7,Saturday,11,11,0,15,6,99999,35.77465000,-80.84658611,32,1,0,1,0,0,1,0
370170,NORTH CAROLINA,NC,1,0,2,101,0,BOYLSTON,29,3,March,2010,2,Monday,7,1,0,6,6,99999,35.56962222,-78.45744722,1,2,0,2,0,0,2,0
370171,NORTH CAROLINA,NC,1,0,1,111,0,GRAHAM,20,3,March,2010,7,Saturday,21,55,1,1,1,99999,35.64669444,-82.03555556,1,2,0,1,0,0,1,0
370172,NORTH CAROLINA,NC,2,0,4,111,0,GRAHAM,21,3,March,2010,1,Sunday,15,3,1,2,2,99999,35.76368056,-82.04087778,12,1,0,2,0,0,3,0
370173,NORTH CAROLINA,NC,2,0,2,119,870,BELLAMY,21,3,March,2010,1,Sunday,22,2,0,16,6,99999,35.23535278,-80.82060278,12,3,0,1,0,0,1,0
370174,NORTH CAROLINA,NC,1,1,2,127,0,BURNWELL,27,3,March,2010,7,Saturday,0,58,0,5,4,99999,36.05005278,-78.00556944,8,2,0,1,0,0,1,0
370175,NORTH CAROLINA,NC,1,0,1,133,2330,ARLEY,17,3,March,2010,4,Wednesday,22,10,0,5,6,99999,34.80488889,-77.44299167,1,3,0,1,0,0,1,1
370176,NORTH CAROLINA,NC,2,0,4,153,0,BONAIRE,14,3,March,2010,1,Sunday,20,18,0,6,4,99999,35.14138889,-79.61053889,12,2,0,10,0,0,1,0
370177,NORTH CAROLINA,NC,1,0,1,155,0,IRWIN,23,3,March,2010,3,Tuesday,7,20,0,5,4,99999,34.82395000,-79.17743611,34,1,0,1,0,0,1,0
370178,NORTH CAROLINA,NC,3,0,3,159,0,FARRAR,19,3,March,2010,6,Friday,18,3,0,4,3,99999,35.67626389,-80.69423611,12,1,0,1,0,0,1,0
370179,NORTH CAROLINA,NC,1,1,1,161,1680,DENTON,23,3,March,2010,3,Tuesday,4,59,1,13,2,99999,35.31162222,-81.88093056,8,2,0,1,0,0,1,0
370180,NORTH CAROLINA,NC,2,1,2,167,0,ADRIAN,16,3,March,2010,3,Tuesday,14,39,0,5,4,99999,35.49876111,-80.25838889,14,1,0,1,0,0,1,0
370181,NORTH CAROLINA,NC,1,0,1,167,0,ADRIAN,23,3,March,2010,3,Tuesday,6,45,0,3,3,99999,35.31358333,-80.09316389,34,4,0,1,0,0,1,0
370182,NORTH CAROLINA,NC,1,0,2,169,0,BRADLEY,1,3,March,2010,2,Monday,20,0,0,5,4,99999,36.36981111,-80.24757500,53,2,0,1,0,0,1,1
370183,NORTH CAROLINA,NC,1,0,1,173,0,LAKELAND,25,3,March,2010,5,Thursday,16,5,1,2,2,99999,35.40751944,-83.46691111,16,1,8,8,0,0,1,0
370184,NORTH CAROLINA,NC,3,0,5,183,0,FORT STEWART,19,3,March,2010,6,Friday,19,15,0,5,4,99999,35.94889722,-78.85780278,12,1,0,1,0,0,1,0
370185,NORTH CAROLINA,NC,1,0,1,185,0,ANAKTUVUK PASS,24,3,March,2010,4,Wednesday,18,26,1,2,2,99999,36.45076667,-78.18763611,53,1,0,1,0,0,1,1
370186,NORTH CAROLINA,NC,1,0,1,193,0,IDEAL,21,3,March,2010,1,Sunday,14,6,0,6,4,99999,36.32771111,-80.97413056,53,1,0,2,0,0,1,0
370187,NORTH CAROLINA,NC,2,0,3,193,0,IDEAL,19,3,March,2010,6,Friday,17,25,0,6,4,99999,36.10778611,-81.15488889,12,1,0,1,0,0,1,0
370188,NORTH CAROLINA,NC,1,0,1,71,390,BRIDGEPORT,16,2,February,2010,3,Tuesday,6,18,1,11,1,99999,35.25795556,-81.01601667,35,4,0,1,0,0,1,0
370189,NORTH CAROLINA,NC,1,0,1,27,0,ASHLAND,25,3,March,2010,5,Thursday,13,34,0,6,4,99999,35.87555833,-81.61253889,42,1,0,1,0,0,1,0
370190,NORTH CAROLINA,NC,2,0,4,35,0,BROOKLYN,20,3,March,2010,7,Saturday,17,21,0,3,3,99999,35.73313611,-81.33453333,12,1,0,1,0,0,1,1
370191,NORTH CAROLINA,NC,2,1,4,51,0,CENTRAL,15,3,March,2010,2,Monday,0,2,1,2,1,99999,35.06934444,-78.79600556,12,2,0,1,0,0,1,0
370192,NORTH CAROLINA,NC,1,0,1,81,1940,AUBURN,23,3,March,2010,3,Tuesday,2,54,0,14,6,99999,36.03091667,-79.86863056,33,3,0,2,0,0,1,1
370193,NORTH CAROLINA,NC,1,0,1,81,1940,AUBURN,26,3,March,2010,6,Friday,2,16,0,14,6,99999,35.92923056,-79.81344167,30,3,0,10,0,0,1,1
370194,NORTH CAROLINA,NC,1,0,1,87,0,ARMSTRONG,20,3,March,2010,7,Saturday,18,0,1,1,1,99999,35.53990833,-82.79176667,59,1,0,1,0,0,1,1
370195,NORTH CAROLINA,NC,2,0,2,101,0,BOYLSTON,28,3,March,2010,1,Sunday,1,10,0,4,3,99999,35.58550278,-78.11450833,12,2,0,1,0,0,1,1
370196,NORTH CAROLINA,NC,1,1,1,133,0,ARLEY,28,3,March,2010,1,Sunday,23,47,1,2,3,99999,34.74182500,-77.37035833,8,2,0,10,0,0,1,0
370197,NORTH CAROLINA,NC,1,1,2,139,0,CALION,22,3,March,2010,2,Monday,21,18,0,6,4,99999,36.19268611,-76.23172778,8,2,0,1,0,0,1,0
370198,NORTH CAROLINA,NC,1,0,1,165,0,HERNDON,28,3,March,2010,1,Sunday,4,51,0,6,4,99999,34.97403333,-79.57543333,42,2,0,1,0,0,1,1
370199,NORTH CAROLINA,NC,1,0,1,169,0,BRADLEY,18,3,March,2010,5,Thursday,19,50,0,6,4,99999,99.99990000,999.99990000,42,2,0,1,0,0,1,1
370200,NORTH CAROLINA,NC,2,0,4,183,3750,FORT STEWART,13,3,March,2010,7,Saturday,2,22,0,15,6,99999,35.88453056,-78.64648889,12,3,0,2,0,0,1,2
370201,NORTH CAROLINA,NC,1,0,1,183,3750,FORT STEWART,28,3,March,2010,1,Sunday,0,38,1,11,1,99999,35.83618611,-78.67721667,42,2,0,1,0,0,1,1
370202,NORTH CAROLINA,NC,2,0,4,183,0,FORT STEWART,31,3,March,2010,4,Wednesday,13,27,1,11,1,99999,35.85970000,-78.81214167,12,1,0,1,0,0,1,0
370203,NORTH CAROLINA,NC,1,0,2,193,0,IDEAL,20,3,March,2010,7,Saturday,23,37,0,6,4,99999,99.99990000,999.99990000,35,2,0,1,0,0,1,1
370204,NORTH CAROLINA,NC,1,0,1,195,0,CARLTON,28,3,March,2010,1,Sunday,12,55,0,5,4,99999,35.63811667,-77.85255556,42,1,0,1,0,0,1,0
370205,NORTH CAROLINA,NC,1,0,1,19,0,CEDAR BLUFF,5,4,April,2010,2,Monday,7,35,0,6,4,99999,33.98827778,-78.19725000,11,1,0,1,0,0,1,0
370206,NORTH CAROLINA,NC,2,0,3,25,0,BARLOW BEND,7,4,April,2010,4,Wednesday,3,33,0,4,4,99999,35.40430278,-80.68968889,12,2,0,1,0,0,1,1
370207,NORTH CAROLINA,NC,1,1,2,31,0,COFFEE,2,4,April,2010,6,Friday,19,38,1,2,2,99999,34.72355556,-76.73332222,8,2,0,1,0,0,1,0
370208,NORTH CAROLINA,NC,3,0,3,35,0,BROOKLYN,1,4,April,2010,5,Thursday,23,14,0,3,3,99999,99.99990000,999.99990000,12,2,0,1,0,0,1,0
370209,NORTH CAROLINA,NC,3,0,8,39,0,ANDALUSIA,5,4,April,2010,2,Monday,12,47,0,3,2,99999,35.20018333,-83.80748611,12,1,0,1,0,0,2,0
370210,NORTH CAROLINA,NC,1,1,1,47,0,BROWNS,2,4,April,2010,6,Friday,5,32,0,3,3,99999,34.16274167,-78.59627778,8,2,0,1,0,0,1,0
370211,NORTH CAROLINA,NC,3,0,7,47,0,BROWNS,3,4,April,2010,7,Saturday,11,45,0,3,2,99999,34.18553611,-78.79669167,12,1,0,1,0,0,1,0
370212,NORTH CAROLINA,NC,1,0,1,47,0,BROWNS,4,4,April,2010,1,Sunday,11,40,0,4,3,99999,34.35520000,-78.92157500,59,1,0,1,0,0,1,1
370213,NORTH CAROLINA,NC,1,0,1,47,0,BROWNS,5,4,April,2010,2,Monday,9,0,0,5,4,99999,34.37170833,-78.37569167,34,1,0,1,0,0,1,1
370214,NORTH CAROLINA,NC,1,0,2,47,0,BROWNS,5,4,April,2010,2,Monday,23,37,0,6,4,99999,34.17623333,-78.86690278,34,2,0,1,0,0,1,1
370215,NORTH CAROLINA,NC,2,0,2,47,0,BROWNS,8,4,April,2010,5,Thursday,7,1,0,4,3,99999,34.36469444,-78.28007778,12,1,0,1,0,0,1,0
370216,NORTH CAROLINA,NC,2,0,2,49,0,COLLINSVILLE,2,4,April,2010,6,Friday,15,6,1,2,2,99999,35.30714167,-77.15706944,12,1,0,1,0,0,1,0
370217,NORTH CAROLINA,NC,2,0,2,57,0,BANKSTON,12,4,April,2010,2,Monday,16,36,0,3,3,99999,35.82748611,-80.07513889,12,1,0,1,0,0,1,0
370218,NORTH CAROLINA,NC,1,0,1,61,0,BELLWOOD,3,4,April,2010,7,Saturday,6,7,0,5,4,99999,34.83503889,-78.13648333,34,2,0,1,0,0,1,0
370219,NORTH CAROLINA,NC,1,0,1,69,0,ASHFORD,5,4,April,2010,2,Monday,17,50,0,6,4,99999,36.05839722,-78.15781111,42,1,0,1,0,0,1,0
370220,NORTH CAROLINA,NC,1,0,2,73,0,ARGO,2,4,April,2010,6,Friday,1,19,0,6,4,99999,36.47012222,-76.63545278,34,2,0,1,0,0,1,1
370221,NORTH CAROLINA,NC,2,0,3,75,0,BEAVERTON,2,4,April,2010,6,Friday,16,30,0,4,3,99999,35.32944722,-83.87428611,1,1,0,1,0,0,1,0
370222,NORTH CAROLINA,NC,1,0,1,77,0,ANDERSON,5,4,April,2010,2,Monday,0,40,0,4,4,99999,36.25345278,-78.74816667,1,2,0,1,0,0,1,1
370223,NORTH CAROLINA,NC,1,0,3,81,0,AUBURN,10,4,April,2010,7,Saturday,23,55,1,2,2,99999,36.07969722,-79.64233889,59,2,0,1,0,0,1,1
370224,NORTH CAROLINA,NC,2,0,3,101,0,BOYLSTON,8,4,April,2010,5,Thursday,16,35,1,2,2,99999,35.42212222,-78.48308889,12,1,0,1,0,0,1,0
370225,NORTH CAROLINA,NC,1,1,2,125,0,BROOKWOOD,5,4,April,2010,2,Monday,6,10,1,2,2,99999,35.11569722,-79.42681667,8,2,0,1,0,0,1,0
370226,NORTH CAROLINA,NC,1,0,1,133,0,ARLEY,7,4,April,2010,4,Wednesday,22,3,0,5,4,99999,34.55829722,-77.40089167,34,2,0,1,0,0,1,1
370227,NORTH CAROLINA,NC,1,0,1,151,0,FLIPPEN,4,4,April,2010,1,Sunday,13,25,0,6,4,99999,35.64535278,-79.80221944,1,1,0,1,0,0,1,1
370228,NORTH CAROLINA,NC,1,1,1,151,160,FLIPPEN,4,4,April,2010,1,Sunday,19,49,0,16,6,99999,35.74256667,-79.80253889,8,1,0,1,0,0,1,0
370229,NORTH CAROLINA,NC,1,0,1,157,0,ARCADE,3,4,April,2010,7,Saturday,13,35,1,2,2,99999,36.37730833,-80.00903889,34,1,0,1,0,0,1,0
370230,NORTH CAROLINA,NC,2,0,5,159,0,FARRAR,5,4,April,2010,2,Monday,7,21,0,6,4,99999,35.51956389,-80.66986111,12,4,0,1,0,0,1,0
370231,NORTH CAROLINA,NC,1,0,1,179,0,ALLENHURST,3,4,April,2010,7,Saturday,5,0,0,4,3,99999,35.15640833,-80.56300278,32,2,0,1,0,0,1,1
370232,NORTH CAROLINA,NC,1,0,1,183,0,FORT STEWART,8,4,April,2010,5,Thursday,19,21,0,5,4,99999,35.82644167,-78.73294167,38,1,0,1,0,0,1,1
370233,NORTH CAROLINA,NC,1,0,2,193,0,IDEAL,3,4,April,2010,7,Saturday,5,0,0,4,3,99999,36.21058889,-80.98001111,1,2,0,1,0,0,2,1
370234,NORTH CAROLINA,NC,1,0,2,133,0,ARLEY,27,2,February,2010,7,Saturday,2,20,0,6,4,99999,34.81116944,-77.38430556,34,2,0,1,0,0,1,1
370235,NORTH CAROLINA,NC,1,0,2,7,0,BIBB,29,3,March,2010,2,Monday,6,29,0,4,3,99999,35.04890000,-80.01235556,34,4,0,2,0,0,1,0
370236,NORTH CAROLINA,NC,2,0,2,27,0,ASHLAND,23,3,March,2010,3,Tuesday,9,11,0,4,4,99999,35.83364444,-81.41083611,12,1,0,1,0,0,1,0
370237,NORTH CAROLINA,NC,1,1,1,51,1670,CENTRAL,31,3,March,2010,4,Wednesday,8,30,0,14,6,99999,35.04299722,-78.95940556,8,3,0,10,0,0,1,0
370238,NORTH CAROLINA,NC,2,1,3,51,1670,CENTRAL,31,3,March,2010,4,Wednesday,13,39,0,16,6,99999,35.04394722,-78.86587500,8,1,0,1,0,0,1,0
370239,NORTH CAROLINA,NC,1,0,2,85,0,BENTON,31,3,March,2010,4,Wednesday,22,55,0,6,4,99999,35.29996111,-78.97135833,42,2,0,1,0,0,2,1
370240,NORTH CAROLINA,NC,1,0,2,87,0,ARMSTRONG,25,3,March,2010,5,Thursday,0,56,0,6,4,99999,35.56061389,-83.03558056,42,2,0,1,0,0,1,1
370241,NORTH CAROLINA,NC,2,0,2,127,0,BURNWELL,18,3,March,2010,5,Thursday,17,0,0,5,4,99999,36.05019167,-77.98411111,12,1,0,1,0,0,1,0
370242,NORTH CAROLINA,NC,1,0,1,171,0,ALDORA,30,3,March,2010,3,Tuesday,20,30,0,6,4,99999,36.46318889,-80.73745833,42,2,0,1,0,0,1,1
370243,NORTH CAROLINA,NC,1,2,1,183,3750,FORT STEWART,26,3,March,2010,6,Friday,15,10,0,16,6,99999,35.90549722,-78.59151389,8,1,0,1,0,0,1,0
370244,NORTH CAROLINA,NC,1,1,1,183,3750,FORT STEWART,30,3,March,2010,3,Tuesday,18,46,0,16,6,99999,35.77159167,-78.58172778,8,1,0,1,0,0,1,0
370245,NORTH CAROLINA,NC,3,0,6,183,3750,FORT STEWART,30,3,March,2010,3,Tuesday,17,15,0,14,6,99999,35.85642222,-78.61575000,12,1,0,1,0,0,1,1
370246,NORTH CAROLINA,NC,2,0,6,7,0,BIBB,3,4,April,2010,7,Saturday,21,36,0,4,3,99999,34.91460000,-80.07415278,12,2,0,1,0,0,1,0
370247,NORTH CAROLINA,NC,1,0,2,15,0,ANNISTON,9,4,April,2010,6,Friday,8,47,0,5,4,99999,36.09188611,-76.89966111,32,1,0,1,0,0,1,0
370248,NORTH CAROLINA,NC,1,0,1,19,0,CEDAR BLUFF,23,4,April,2010,6,Friday,21,37,0,6,4,99999,99.99990000,999.99990000,34,2,0,1,0,0,1,1
370249,NORTH CAROLINA,NC,2,0,3,25,0,BARLOW BEND,17,4,April,2010,7,Saturday,22,15,0,6,4,99999,35.35314444,-80.56693333,12,2,0,1,0,0,2,0
370250,NORTH CAROLINA,NC,2,0,4,49,0,COLLINSVILLE,19,4,April,2010,2,Monday,7,0,0,4,3,99999,34.92386111,-76.81334444,12,1,0,1,0,0,1,0
370251,NORTH CAROLINA,NC,2,0,8,61,0,BELLWOOD,9,4,April,2010,6,Friday,21,0,0,4,3,99999,34.74301389,-78.02504167,12,2,0,1,0,0,2,0
370252,NORTH CAROLINA,NC,1,0,1,61,0,BELLWOOD,11,4,April,2010,1,Sunday,16,46,0,6,4,99999,34.75141111,-77.70484444,18,1,0,1,0,0,1,0
370253,NORTH CAROLINA,NC,1,0,1,63,1360,BOLIGEE,12,4,April,2010,2,Monday,22,40,1,11,1,99999,35.90943889,-78.93151111,18,2,0,1,0,0,1,0
370254,NORTH CAROLINA,NC,1,1,1,69,0,ASHFORD,23,4,April,2010,6,Friday,23,35,0,4,3,99999,35.90067778,-78.26610833,9,2,0,10,0,0,1,0
370255,NORTH CAROLINA,NC,2,0,2,87,0,ARMSTRONG,19,4,April,2010,2,Monday,16,46,1,2,2,99999,35.44483333,-83.06835556,12,1,0,1,0,0,2,0
370256,NORTH CAROLINA,NC,2,0,3,97,0,AXIS,1,4,April,2010,5,Thursday,14,33,0,4,3,99999,36.02505833,-80.95683611,12,1,0,1,0,0,1,0
370257,NORTH CAROLINA,NC,1,0,1,97,0,AXIS,6,4,April,2010,3,Tuesday,14,39,0,4,3,99999,35.53941944,-80.76783611,35,1,0,1,0,0,1,1
370258,NORTH CAROLINA,NC,1,0,1,101,4140,BOYLSTON,14,4,April,2010,4,Wednesday,1,29,0,6,6,99999,35.55525556,-78.31290833,32,3,0,1,0,0,1,1
370259,NORTH CAROLINA,NC,1,0,1,101,0,BOYLSTON,24,4,April,2010,7,Saturday,17,10,1,1,1,99999,35.51820278,-78.28851111,59,1,0,1,0,0,1,1
370260,NORTH CAROLINA,NC,1,0,1,119,870,BELLAMY,7,4,April,2010,4,Wednesday,15,46,1,11,1,99999,35.33662222,-80.84848056,24,1,0,1,0,0,1,0
370261,NORTH CAROLINA,NC,2,0,3,123,0,ALEXANDER CITY,18,4,April,2010,1,Sunday,14,5,0,6,4,99999,35.22111667,-80.05312500,12,1,0,1,0,0,1,0
370262,NORTH CAROLINA,NC,1,0,2,129,0,BIGBEE,15,4,April,2010,5,Thursday,19,35,0,6,4,99999,34.10975833,-77.91036667,34,5,0,1,0,0,1,1
370263,NORTH CAROLINA,NC,1,0,6,153,0,BONAIRE,4,4,April,2010,1,Sunday,23,13,1,2,2,99999,34.87798333,-79.68019444,16,2,0,1,0,0,1,0
370264,NORTH CAROLINA,NC,2,0,2,153,0,BONAIRE,9,4,April,2010,6,Friday,13,12,0,4,3,99999,35.15126667,-79.92021667,12,1,0,1,0,0,1,0
370265,NORTH CAROLINA,NC,2,0,2,155,0,IRWIN,7,4,April,2010,4,Wednesday,23,6,0,6,4,99999,34.70914444,-79.14040000,12,2,0,1,0,0,1,0
370267,NORTH CAROLINA,NC,2,0,5,159,0,FARRAR,18,4,April,2010,1,Sunday,16,36,0,4,4,99999,35.61948889,-80.32062222,12,1,0,1,0,0,1,1
370268,NORTH CAROLINA,NC,1,0,1,167,0,ADRIAN,17,4,April,2010,7,Saturday,18,3,0,6,4,99999,35.40932222,-80.33535833,35,1,0,1,0,0,1,1
370269,NORTH CAROLINA,NC,1,0,1,171,0,ALDORA,24,4,April,2010,7,Saturday,12,52,0,6,4,99999,36.47403889,-80.73228611,1,1,0,10,0,0,1,0
370270,NORTH CAROLINA,NC,2,0,3,179,0,ALLENHURST,1,4,April,2010,5,Thursday,16,48,0,4,3,99999,35.15219722,-80.55630556,12,1,0,1,0,0,2,0
370271,NORTH CAROLINA,NC,1,0,1,179,2290,ALLENHURST,10,4,April,2010,7,Saturday,17,59,1,2,2,99999,35.05543889,-80.62594722,34,1,0,1,0,0,1,0
370272,NORTH CAROLINA,NC,2,0,2,183,3750,FORT STEWART,1,4,April,2010,5,Thursday,18,55,1,12,2,99999,35.87384722,-78.57813611,12,1,0,1,0,0,1,1
370273,NORTH CAROLINA,NC,2,0,2,183,0,FORT STEWART,20,4,April,2010,3,Tuesday,9,16,0,4,4,99999,35.67253056,-78.72277500,12,1,0,1,0,0,1,0
370274,NORTH CAROLINA,NC,1,0,2,195,0,CARLTON,8,4,April,2010,5,Thursday,21,30,1,2,2,99999,35.76846944,-78.08277500,32,2,0,10,0,0,1,0
370275,NORTH CAROLINA,NC,2,0,2,197,0,BUENA VISTA,30,3,March,2010,3,Tuesday,6,52,0,5,4,99999,36.13376667,-80.70692778,12,4,0,1,0,0,1,0
370276,NORTH CAROLINA,NC,1,0,1,3,0,BALDWIN,24,4,April,2010,7,Saturday,3,32,0,6,4,99999,35.89114444,-81.21764722,35,2,0,10,0,0,1,1
370277,NORTH CAROLINA,NC,1,1,1,19,0,CEDAR BLUFF,25,4,April,2010,1,Sunday,21,9,0,5,4,99999,34.30472500,-78.07775278,8,2,0,1,0,0,1,0
370278,NORTH CAROLINA,NC,1,0,2,35,0,BROOKLYN,30,4,April,2010,6,Friday,23,43,0,3,4,99999,35.76533611,-81.26713611,33,2,0,1,0,0,1,1
370279,NORTH CAROLINA,NC,1,0,1,39,0,ANDALUSIA,28,4,April,2010,4,Wednesday,1,46,1,2,2,99999,35.02530833,-84.09760556,42,2,0,1,0,0,1,1
370280,NORTH CAROLINA,NC,2,0,3,53,0,ATMORE,20,4,April,2010,3,Tuesday,14,46,0,4,3,99999,36.36734167,-75.82738056,12,1,0,1,0,0,1,0
370281,NORTH CAROLINA,NC,3,0,4,57,4590,BANKSTON,3,4,April,2010,7,Saturday,14,13,0,13,3,99999,99.99990000,999.99990000,12,1,0,1,0,0,2,0
370282,NORTH CAROLINA,NC,2,0,3,57,0,BANKSTON,27,4,April,2010,3,Tuesday,7,19,0,4,4,99999,35.82620833,-80.14228056,12,1,0,1,0,0,1,0
370283,NORTH CAROLINA,NC,2,0,2,61,0,BELLWOOD,10,4,April,2010,7,Saturday,1,0,0,4,3,99999,34.96311389,-77.94252500,12,2,0,1,0,0,1,0
370284,NORTH CAROLINA,NC,2,0,4,65,0,CYPRESS,24,4,April,2010,7,Saturday,14,40,0,4,3,99999,35.81330556,-77.65814722,12,1,0,10,0,0,1,0
370285,NORTH CAROLINA,NC,2,0,3,71,1800,BRIDGEPORT,18,4,April,2010,1,Sunday,23,21,0,16,6,99999,35.26012778,-81.13016944,12,3,0,1,0,0,1,1
370286,NORTH CAROLINA,NC,1,0,1,81,1940,AUBURN,13,4,April,2010,3,Tuesday,9,5,0,16,6,99999,36.03652778,-79.80750000,42,1,0,1,0,0,1,0
370287,NORTH CAROLINA,NC,1,0,4,83,0,ARDMORE,24,4,April,2010,7,Saturday,11,56,1,1,1,99999,36.29541111,-77.71161944,42,1,0,1,0,0,1,0
370288,NORTH CAROLINA,NC,1,0,1,85,0,BENTON,21,4,April,2010,4,Wednesday,22,15,1,11,1,99999,35.31363611,-78.57859722,34,2,0,1,0,0,1,1
370289,NORTH CAROLINA,NC,1,0,1,89,2130,BROWNSBORO,16,4,April,2010,6,Friday,15,13,0,16,6,99999,35.32790556,-82.48125833,43,1,0,1,0,0,1,0
370290,NORTH CAROLINA,NC,2,0,3,93,0,BEAR CREEK,26,4,April,2010,2,Monday,19,20,0,5,4,99999,35.04532500,-79.38110556,12,1,0,1,0,0,2,0
370291,NORTH CAROLINA,NC,3,0,6,97,4430,AXIS,9,4,April,2010,6,Friday,14,51,0,16,6,99999,35.76981111,-80.85632222,12,1,0,1,0,0,1,0
370292,NORTH CAROLINA,NC,2,0,2,101,0,BOYLSTON,28,4,April,2010,4,Wednesday,7,42,0,6,4,99999,35.38310278,-78.49828056,12,1,0,1,0,0,1,0
370293,NORTH CAROLINA,NC,1,0,2,119,2280,BELLAMY,25,4,April,2010,1,Sunday,3,53,0,16,6,99999,35.44613056,-80.87800833,42,3,0,2,0,0,1,1
370294,NORTH CAROLINA,NC,1,1,1,129,5060,BIGBEE,14,4,April,2010,4,Wednesday,17,42,0,16,6,99999,34.22605556,-77.92440556,8,1,0,1,0,0,1,0
370295,NORTH CAROLINA,NC,1,0,2,141,0,BEE BRANCH,26,4,April,2010,2,Monday,11,44,1,1,1,99999,34.53046111,-77.89255278,1,1,0,1,0,0,1,0
370296,NORTH CAROLINA,NC,1,0,2,171,0,ALDORA,14,4,April,2010,4,Wednesday,22,24,1,2,2,99999,36.40903056,-80.69610278,35,2,0,1,0,0,1,0
370297,NORTH CAROLINA,NC,1,0,1,175,0,CADWELL,30,4,April,2010,6,Friday,18,15,1,2,2,99999,35.29992500,-82.67675278,1,1,0,1,0,0,1,0
370298,NORTH CAROLINA,NC,2,0,2,181,0,LINCOLN,30,4,April,2010,6,Friday,20,15,0,5,4,99999,36.33106389,-78.33741111,12,5,0,1,0,0,1,0
370299,NORTH CAROLINA,NC,1,1,2,183,0,FORT STEWART,29,4,April,2010,5,Thursday,21,35,0,3,3,99999,35.94840278,-78.42241667,8,2,0,1,0,0,1,0
370300,NORTH CAROLINA,NC,1,0,3,185,0,ANAKTUVUK PASS,18,4,April,2010,1,Sunday,2,20,0,6,4,99999,36.28148889,-77.98100000,1,2,0,1,0,0,2,1
370301,NORTH CAROLINA,NC,1,0,1,31,0,COFFEE,2,5,May,2010,1,Sunday,11,13,1,2,2,99999,34.77299167,-76.86816111,59,1,0,10,0,0,1,0
370302,NORTH CAROLINA,NC,1,0,2,81,3413,AUBURN,2,5,May,2010,1,Sunday,2,34,0,13,3,99999,36.15981667,-79.97822222,35,2,0,1,0,0,1,1