ST_CASE,State Name,State Abbreviation,VE_TOTAL,Pedestrains,Total_Persons_in_accident,COUNTY,CITY,City_County_Name,Calendar_DAY,MONTH,Month_Name,YEAR,DAY_WEEK,Day_Week_desc,HOUR,MINUTE,NHS_Desc,trafficway,ROUTE,MILEPT,LATITUDE,LONGITUD,First_Crash_event,Light_cond_desc,Weather_condition,WEATHER,SCH_BUS,Crash_cause,FATALS,DRUNK_DR
370303,NORTH CAROLINA,NC,2,0,2,127,0,BURNWELL,1,5,May,2010,7,Saturday,7,14,0,5,6,99999,35.90457222,-77.90404722,12,1,0,1,0,0,1,0
370304,NORTH CAROLINA,NC,2,0,6,171,0,ALDORA,2,5,May,2010,1,Sunday,17,14,1,2,2,99999,36.37975556,-80.70859167,12,1,0,1,0,0,1,0
370305,NORTH CAROLINA,NC,1,0,1,197,0,BUENA VISTA,3,5,May,2010,2,Monday,15,0,0,5,4,99999,36.11471944,-80.54643611,32,1,0,1,0,0,1,0
370306,NORTH CAROLINA,NC,1,0,1,17,0,CHAMBERS,20,4,April,2010,3,Tuesday,15,3,0,4,3,99999,34.58481667,-78.65627222,34,1,0,1,0,0,1,0
370307,NORTH CAROLINA,NC,1,0,1,97,4430,AXIS,30,4,April,2010,6,Friday,23,53,0,16,6,99999,35.78732222,-80.88220556,33,3,0,1,0,0,1,0
370308,NORTH CAROLINA,NC,1,0,1,193,0,IDEAL,28,4,April,2010,4,Wednesday,4,24,0,5,4,99999,36.27700833,-81.02460000,34,2,0,1,0,0,1,1
370309,NORTH CAROLINA,NC,3,0,3,19,0,CEDAR BLUFF,7,5,May,2010,6,Friday,23,26,0,4,3,99999,33.92199722,-78.07245278,12,2,0,1,0,0,1,1
370310,NORTH CAROLINA,NC,1,0,1,61,0,BELLWOOD,2,5,May,2010,1,Sunday,2,57,0,6,4,99999,99.99990000,999.99990000,1,2,0,1,0,0,1,1
370311,NORTH CAROLINA,NC,1,0,1,79,0,COURTLAND,4,5,May,2010,3,Tuesday,23,49,0,4,3,99999,35.46088056,-77.50554167,30,2,0,5,0,0,1,1
370312,NORTH CAROLINA,NC,1,0,2,157,0,ARCADE,2,5,May,2010,1,Sunday,4,11,0,6,4,99999,36.37644722,-79.85017778,34,2,0,1,0,0,1,1
370313,NORTH CAROLINA,NC,1,0,1,161,0,DENTON,1,5,May,2010,7,Saturday,18,16,0,3,2,99999,35.22472778,-81.84213611,42,1,0,1,0,0,1,1
370314,NORTH CAROLINA,NC,1,1,1,179,0,ALLENHURST,23,4,April,2010,6,Friday,7,0,0,5,4,99999,34.83719444,-80.45210833,8,1,0,1,0,0,1,0
370315,NORTH CAROLINA,NC,1,1,1,35,2150,BROOKLYN,29,4,April,2010,5,Thursday,16,48,0,16,6,99999,35.73118611,-81.33728056,8,1,0,1,0,0,1,0
370316,NORTH CAROLINA,NC,2,0,2,81,1940,AUBURN,27,4,April,2010,3,Tuesday,7,15,1,11,1,99999,36.06242222,-79.66873056,12,1,0,1,0,0,1,0
370317,NORTH CAROLINA,NC,2,0,9,81,2170,AUBURN,30,4,April,2010,6,Friday,11,22,0,16,6,99999,35.94966111,-80.01849167,12,1,0,1,0,0,2,0
370318,NORTH CAROLINA,NC,2,0,2,85,0,BENTON,19,4,April,2010,2,Monday,15,15,0,5,4,99999,35.32317778,-78.99281389,12,1,0,1,0,0,1,0
370319,NORTH CAROLINA,NC,2,0,5,119,870,BELLAMY,24,4,April,2010,7,Saturday,2,50,0,16,6,99999,35.17177500,-80.96160000,35,2,0,1,0,0,1,1
370320,NORTH CAROLINA,NC,2,0,3,119,870,BELLAMY,30,4,April,2010,6,Friday,23,13,1,11,1,99999,35.24407778,-80.84735833,12,2,0,1,0,0,1,1
370321,NORTH CAROLINA,NC,2,0,3,167,4396,ADRIAN,18,4,April,2010,1,Sunday,1,55,0,16,6,99999,35.21925833,-80.41854722,12,3,0,1,0,0,1,2
370322,NORTH CAROLINA,NC,2,0,2,3,0,BALDWIN,10,5,May,2010,2,Monday,17,6,0,3,2,99999,35.89259722,-81.09910000,12,1,0,1,0,0,1,1
370323,NORTH CAROLINA,NC,1,0,1,7,0,BIBB,13,5,May,2010,5,Thursday,16,50,0,6,4,99999,34.86621389,-80.14311667,34,1,0,1,0,0,1,0
370324,NORTH CAROLINA,NC,2,0,2,9,0,BLOUNT,12,5,May,2010,4,Wednesday,14,54,0,3,3,99999,36.34741667,-81.37976667,12,1,0,1,0,0,1,1
370325,NORTH CAROLINA,NC,1,1,1,15,0,ANNISTON,8,5,May,2010,7,Saturday,2,20,0,6,4,99999,35.90462500,-76.99235833,8,2,0,1,0,0,1,0
370326,NORTH CAROLINA,NC,1,1,1,17,0,CHAMBERS,15,5,May,2010,7,Saturday,5,18,0,4,3,99999,34.58467500,-78.65627222,8,2,0,1,0,0,1,0
370327,NORTH CAROLINA,NC,2,0,2,51,0,CENTRAL,9,5,May,2010,1,Sunday,23,12,0,3,3,99999,35.06906389,-78.90552500,12,2,0,1,0,0,1,1
370328,NORTH CAROLINA,NC,3,0,3,63,1360,BOLIGEE,3,5,May,2010,2,Monday,7,52,1,11,1,99999,36.01869722,-78.90003333,12,1,0,1,0,0,1,0
370329,NORTH CAROLINA,NC,1,0,2,65,4560,CYPRESS,9,5,May,2010,1,Sunday,11,7,0,16,6,99999,35.90678056,-77.59489167,32,1,0,1,0,0,1,0
370330,NORTH CAROLINA,NC,1,0,1,69,0,ASHFORD,7,5,May,2010,6,Friday,20,5,0,5,4,99999,36.09509444,-78.30402500,1,1,0,1,0,0,1,0
370331,NORTH CAROLINA,NC,1,0,1,81,0,AUBURN,14,5,May,2010,6,Friday,23,5,0,6,4,99999,36.08274722,-79.68057500,43,2,2,2,0,0,1,0
370332,NORTH CAROLINA,NC,1,1,3,85,1350,BENTON,10,5,May,2010,2,Monday,23,52,1,11,1,99999,35.33221111,-78.56374722,8,2,0,1,0,0,1,0
370333,NORTH CAROLINA,NC,1,0,2,89,0,BROWNSBORO,10,5,May,2010,2,Monday,11,30,0,6,4,99999,35.38163333,-82.31103056,1,1,0,1,0,0,1,0
370334,NORTH CAROLINA,NC,1,0,1,101,0,BOYLSTON,8,5,May,2010,7,Saturday,21,10,1,1,1,99999,35.26580556,-78.38830833,59,2,0,1,0,0,1,1
370335,NORTH CAROLINA,NC,1,0,1,105,0,MARION,12,5,May,2010,4,Wednesday,2,45,0,5,4,99999,35.38779167,-79.14696667,43,2,0,1,0,0,1,1
370336,NORTH CAROLINA,NC,1,0,1,119,2280,BELLAMY,5,5,May,2010,4,Wednesday,21,49,0,16,6,99999,35.40101389,-80.92417778,30,3,0,1,0,0,1,1
370337,NORTH CAROLINA,NC,1,0,3,131,0,ARLINGTON,5,5,May,2010,4,Wednesday,16,44,0,4,2,99999,36.45953611,-77.55626667,34,1,0,1,0,0,1,0
370338,NORTH CAROLINA,NC,2,0,2,147,0,AUGUSTA,14,5,May,2010,6,Friday,16,29,0,5,3,99999,35.41927222,-77.25791944,12,1,0,1,0,0,1,0
370339,NORTH CAROLINA,NC,1,0,1,151,0,FLIPPEN,10,5,May,2010,2,Monday,17,2,0,6,4,99999,35.78871667,-79.65148056,35,1,0,1,0,0,1,1
370340,NORTH CAROLINA,NC,1,1,1,155,0,IRWIN,13,5,May,2010,5,Thursday,18,35,0,6,4,99999,34.70394167,-79.17142778,8,1,0,1,0,0,1,0
370341,NORTH CAROLINA,NC,2,0,2,155,0,IRWIN,15,5,May,2010,7,Saturday,22,0,0,4,4,99999,34.78765556,-79.22464444,12,2,0,1,0,0,2,0
370342,NORTH CAROLINA,NC,2,0,2,167,3280,ADRIAN,13,5,May,2010,5,Thursday,15,30,1,13,2,99999,35.42598611,-80.21495833,12,1,0,1,0,0,1,0
370343,NORTH CAROLINA,NC,2,0,2,183,0,FORT STEWART,12,5,May,2010,4,Wednesday,10,6,0,3,4,99999,35.68149167,-78.65344167,12,1,0,1,0,0,1,1
370344,NORTH CAROLINA,NC,1,0,2,183,0,FORT STEWART,15,5,May,2010,7,Saturday,4,32,0,6,4,99999,35.64976389,-78.54023056,42,2,0,1,0,0,1,0
370345,NORTH CAROLINA,NC,1,0,2,183,0,FORT STEWART,15,5,May,2010,7,Saturday,7,16,0,6,4,99999,35.70135833,-78.66880556,1,1,0,1,0,0,1,1
370346,NORTH CAROLINA,NC,2,0,3,191,0,CRESCENT,12,5,May,2010,4,Wednesday,17,39,0,4,3,99999,35.17829722,-78.08566944,12,1,0,1,0,0,1,0
370347,NORTH CAROLINA,NC,1,0,2,193,0,IDEAL,15,5,May,2010,7,Saturday,20,46,0,5,4,99999,36.15624167,-80.99541667,35,2,0,1,0,0,1,1
370348,NORTH CAROLINA,NC,1,0,4,195,5070,CARLTON,30,1,January,2010,7,Saturday,1,33,0,16,6,99999,35.71718056,-77.89907500,42,3,4,4,0,0,1,0
370349,NORTH CAROLINA,NC,4,0,6,51,1670,CENTRAL,5,2,February,2010,6,Friday,17,47,0,16,6,99999,35.02015556,-78.91702778,12,3,2,2,0,0,1,0
370350,NORTH CAROLINA,NC,1,1,4,71,0,BRIDGEPORT,6,2,February,2010,7,Saturday,23,33,0,6,4,99999,99.99990000,999.99990000,8,2,0,1,0,0,1,1
370351,NORTH CAROLINA,NC,2,1,2,119,2940,BELLAMY,6,2,February,2010,7,Saturday,0,54,1,12,2,99999,35.10572500,-80.68410833,8,2,2,2,0,0,1,0
370352,NORTH CAROLINA,NC,2,0,3,17,0,CHAMBERS,10,3,March,2010,4,Wednesday,8,4,0,3,3,99999,34.63335000,-78.62571667,12,1,0,1,0,0,2,0
370353,NORTH CAROLINA,NC,1,0,1,23,0,BLADON SPRINGS,12,3,March,2010,6,Friday,16,5,0,4,4,99999,35.63686111,-81.79467222,32,1,0,10,0,0,1,0
370354,NORTH CAROLINA,NC,2,0,11,47,4550,BROWNS,29,3,March,2010,2,Monday,19,22,0,16,6,99999,34.15755556,-78.85788889,12,5,2,2,0,0,1,0
370355,NORTH CAROLINA,NC,1,0,1,51,1670,CENTRAL,2,3,March,2010,3,Tuesday,1,51,0,16,6,99999,35.07103056,-78.96595000,1,3,0,1,0,0,1,1
370356,NORTH CAROLINA,NC,3,0,4,51,1670,CENTRAL,19,3,March,2010,6,Friday,14,54,0,16,6,99999,35.06491944,-78.91281944,12,1,0,10,0,0,1,0
370357,NORTH CAROLINA,NC,1,0,2,81,2170,AUBURN,27,3,March,2010,7,Saturday,16,19,0,16,6,99999,35.95487222,-79.95437500,32,1,0,1,0,0,1,1
370358,NORTH CAROLINA,NC,2,0,2,183,800,FORT STEWART,5,3,March,2010,6,Friday,21,43,0,13,4,99999,99.99990000,999.99990000,12,3,0,1,0,0,1,2
370360,NORTH CAROLINA,NC,1,0,1,183,3750,FORT STEWART,24,3,March,2010,4,Wednesday,17,30,0,15,6,99999,35.78864722,-78.73480833,34,1,0,1,0,0,1,0
370361,NORTH CAROLINA,NC,2,0,3,193,0,IDEAL,26,3,March,2010,6,Friday,11,50,0,3,3,99999,36.16019167,-81.14330278,12,1,0,10,0,0,1,0
370362,NORTH CAROLINA,NC,3,4,2,21,170,CHILTON,23,4,April,2010,6,Friday,1,50,1,11,1,99999,35.59562222,-82.53049722,8,2,0,10,0,0,1,0
370363,NORTH CAROLINA,NC,2,0,3,21,170,CHILTON,27,4,April,2010,3,Tuesday,15,54,0,13,2,99999,35.51595000,-82.52809444,12,1,0,2,0,0,1,0
370364,NORTH CAROLINA,NC,1,0,1,27,2590,ASHLAND,26,4,April,2010,2,Monday,19,5,0,16,6,99999,35.92874444,-81.50851111,42,1,0,1,0,0,1,1
370365,NORTH CAROLINA,NC,2,0,6,35,0,BROOKLYN,4,4,April,2010,1,Sunday,18,18,1,2,2,99999,35.58508333,-81.21488611,12,1,0,1,0,0,1,0
370366,NORTH CAROLINA,NC,1,1,4,51,1670,CENTRAL,18,4,April,2010,1,Sunday,21,38,0,16,6,99999,34.85107222,-78.73283333,8,3,0,1,0,0,1,0
370367,NORTH CAROLINA,NC,2,0,5,51,1670,CENTRAL,24,4,April,2010,7,Saturday,14,33,0,16,6,99999,35.02240556,-78.90252222,12,1,0,1,0,0,2,0
370368,NORTH CAROLINA,NC,1,0,2,63,1360,BOLIGEE,17,4,April,2010,7,Saturday,1,46,0,14,3,99999,36.01132222,-78.95541389,24,2,0,1,0,0,1,1
370369,NORTH CAROLINA,NC,2,0,3,97,0,AXIS,28,4,April,2010,4,Wednesday,21,0,1,2,2,99999,35.72141389,-80.89711944,12,2,0,1,0,0,1,0
370370,NORTH CAROLINA,NC,1,1,1,119,870,BELLAMY,14,4,April,2010,4,Wednesday,22,50,0,16,6,99999,35.28668611,-80.76088333,8,2,0,1,0,0,1,0
370371,NORTH CAROLINA,NC,2,0,2,125,0,BROOKWOOD,30,4,April,2010,6,Friday,7,48,0,16,5,99999,35.17998333,-79.56798889,12,1,0,1,0,0,1,1
370372,NORTH CAROLINA,NC,2,0,4,135,860,ASH FLAT,16,4,April,2010,6,Friday,8,44,0,16,6,99999,99.99990000,999.99990000,12,1,0,1,0,0,1,0
370373,NORTH CAROLINA,NC,3,0,8,173,875,LAKELAND,2,4,April,2010,6,Friday,15,52,1,2,2,99999,35.46603611,-83.35410833,12,1,0,1,0,0,1,0
370374,NORTH CAROLINA,NC,2,0,2,183,4790,FORT STEWART,11,4,April,2010,1,Sunday,17,5,0,15,6,99999,35.97546667,-78.51061389,12,1,0,1,0,0,1,1
370375,NORTH CAROLINA,NC,1,0,2,183,3750,FORT STEWART,27,4,April,2010,3,Tuesday,16,9,0,14,6,99999,35.87318611,-78.68139444,5,1,0,1,0,0,1,0
370376,NORTH CAROLINA,NC,1,0,1,15,0,ANNISTON,16,5,May,2010,1,Sunday,3,32,0,6,4,99999,36.07865278,-76.75635278,33,2,0,10,0,0,1,1
370377,NORTH CAROLINA,NC,2,0,2,27,2590,ASHLAND,12,5,May,2010,4,Wednesday,14,58,0,16,6,99999,35.89892778,-81.52228889,12,1,0,1,0,0,1,0
370378,NORTH CAROLINA,NC,2,0,2,35,2150,BROOKLYN,6,5,May,2010,5,Thursday,7,4,0,6,6,99999,35.73808333,-81.32401944,12,1,0,1,0,0,1,0
370379,NORTH CAROLINA,NC,1,0,1,59,0,FRANKLIN,6,5,May,2010,5,Thursday,19,22,0,5,4,99999,35.93096944,-80.49854167,35,1,0,1,0,0,1,1
370380,NORTH CAROLINA,NC,2,0,8,63,1360,BOLIGEE,8,5,May,2010,7,Saturday,23,33,1,11,1,99999,36.01989444,-78.90312222,12,3,0,1,0,0,1,1
370381,NORTH CAROLINA,NC,2,0,2,63,1360,BOLIGEE,18,5,May,2010,3,Tuesday,1,44,0,16,6,99999,36.01581389,-78.93647222,12,3,0,2,0,0,1,2
370382,NORTH CAROLINA,NC,2,0,2,65,0,CYPRESS,11,5,May,2010,3,Tuesday,23,35,0,4,3,99999,35.79493889,-77.53661667,12,2,0,1,0,0,1,0
370383,NORTH CAROLINA,NC,2,0,3,85,0,BENTON,13,5,May,2010,5,Thursday,22,13,0,6,4,99999,35.25695278,-78.96770000,12,2,0,1,0,0,2,1
370384,NORTH CAROLINA,NC,3,0,3,97,0,AXIS,13,5,May,2010,5,Thursday,23,20,1,11,1,99999,35.52999444,-80.86235000,12,3,0,2,0,0,1,1
370385,NORTH CAROLINA,NC,1,0,1,123,0,ALEXANDER CITY,1,5,May,2010,7,Saturday,16,10,0,6,4,99999,99.99990000,999.99990000,34,1,0,1,0,0,1,1
370386,NORTH CAROLINA,NC,1,0,1,173,0,LAKELAND,8,5,May,2010,7,Saturday,2,46,1,2,2,99999,35.43095278,-83.40012500,24,2,0,10,0,0,1,1
370388,NORTH CAROLINA,NC,1,1,1,1,0,AUTAUGA,22,5,May,2010,7,Saturday,23,30,0,5,4,99999,36.22996111,-79.29513333,9,2,0,5,0,0,1,1
370389,NORTH CAROLINA,NC,1,0,1,1,700,AUTAUGA,5,6,June,2010,7,Saturday,17,41,1,11,1,99999,36.06822500,-79.49215556,1,1,0,1,0,0,1,1
370390,NORTH CAROLINA,NC,2,0,2,9,0,BLOUNT,4,6,June,2010,6,Friday,12,23,0,6,4,99999,36.42134167,-81.44805556,12,1,0,2,0,0,1,0
370391,NORTH CAROLINA,NC,2,0,2,11,0,BULLOCK,18,6,June,2010,6,Friday,13,8,1,2,2,99999,35.95136389,-82.00182500,12,1,0,1,0,0,1,0
370392,NORTH CAROLINA,NC,1,0,1,13,0,BOLLING,11,6,June,2010,6,Friday,3,35,0,6,4,99999,35.52114167,-76.97520833,1,2,0,1,0,0,1,1
370393,NORTH CAROLINA,NC,2,0,2,19,0,CEDAR BLUFF,27,5,May,2010,5,Thursday,15,58,0,4,3,99999,34.01294167,-78.26615000,12,1,0,1,0,0,1,1
370394,NORTH CAROLINA,NC,2,0,2,21,170,CHILTON,10,5,May,2010,2,Monday,15,4,0,14,3,99999,35.48419167,-82.53011111,12,1,0,1,0,0,1,0
370395,NORTH CAROLINA,NC,2,0,3,21,170,CHILTON,13,5,May,2010,5,Thursday,19,0,0,16,6,99999,35.59574444,-82.53162500,12,1,2,2,0,0,1,1
370396,NORTH CAROLINA,NC,1,0,1,21,170,CHILTON,8,5,May,2010,7,Saturday,8,39,0,16,6,99999,35.43150278,-82.53387778,42,1,0,1,0,0,1,0
370397,NORTH CAROLINA,NC,1,0,1,21,0,CHILTON,26,5,May,2010,4,Wednesday,16,41,1,11,1,99999,35.59554167,-82.40027222,42,1,0,1,0,0,1,1
370398,NORTH CAROLINA,NC,1,0,4,23,0,BLADON SPRINGS,30,5,May,2010,1,Sunday,18,55,0,5,4,99999,35.87726389,-81.74497500,1,1,0,1,0,0,3,1
370399,NORTH CAROLINA,NC,1,0,1,23,0,BLADON SPRINGS,5,6,June,2010,7,Saturday,11,25,0,3,3,99999,35.86589167,-81.79415833,1,1,0,1,0,0,1,0
370400,NORTH CAROLINA,NC,1,0,1,23,0,BLADON SPRINGS,5,6,June,2010,7,Saturday,11,45,0,5,4,99999,35.58061667,-81.56743611,35,1,0,1,0,0,1,0
370401,NORTH CAROLINA,NC,1,0,1,25,1040,BARLOW BEND,27,5,May,2010,5,Thursday,17,41,1,11,1,99999,35.44752500,-80.60300000,35,1,0,1,0,0,1,0
370402,NORTH CAROLINA,NC,1,0,1,25,0,BARLOW BEND,31,5,May,2010,2,Monday,6,17,0,5,4,99999,35.34371389,-80.57666944,34,4,0,10,0,0,1,1
370403,NORTH CAROLINA,NC,2,0,2,25,0,BARLOW BEND,5,6,June,2010,7,Saturday,15,14,1,2,2,99999,35.22283333,-80.51253333,12,1,0,1,0,0,1,0
370404,NORTH CAROLINA,NC,1,0,2,25,0,BARLOW BEND,12,6,June,2010,7,Saturday,14,44,0,4,3,99999,35.41455000,-80.53555833,1,1,0,1,0,0,1,0
370405,NORTH CAROLINA,NC,1,0,1,25,2390,BARLOW BEND,18,6,June,2010,6,Friday,12,14,0,16,6,99999,99.99990000,999.99990000,30,1,0,1,0,0,1,0
370406,NORTH CAROLINA,NC,1,0,2,27,0,ASHLAND,28,5,May,2010,6,Friday,1,51,0,6,4,99999,35.80639722,-81.49331944,42,2,0,1,0,0,1,1
370407,NORTH CAROLINA,NC,1,0,2,27,0,ASHLAND,1,6,June,2010,3,Tuesday,14,52,0,6,4,99999,35.86477778,-81.59994444,23,1,0,1,0,0,1,0
370408,NORTH CAROLINA,NC,1,0,1,27,0,ASHLAND,11,6,June,2010,6,Friday,21,20,0,6,4,99999,36.07411111,-81.55125556,1,2,0,1,0,0,1,1
370409,NORTH CAROLINA,NC,2,0,1,27,0,ASHLAND,12,6,June,2010,7,Saturday,5,49,0,6,4,99999,35.81013889,-81.48312778,30,4,0,1,0,0,1,1
370410,NORTH CAROLINA,NC,1,0,2,35,0,BROOKLYN,4,5,May,2010,3,Tuesday,3,49,0,3,3,99999,35.57285833,-81.02206667,35,2,0,1,0,0,1,0
370411,NORTH CAROLINA,NC,1,0,1,35,0,BROOKLYN,15,6,June,2010,3,Tuesday,18,14,0,5,4,99999,35.58471667,-81.01478333,32,1,0,10,0,0,1,1
370412,NORTH CAROLINA,NC,2,0,2,43,0,BAILEYTON,6,6,June,2010,1,Sunday,19,10,1,2,2,99999,35.03300000,-83.73519722,12,1,0,2,0,0,1,0
370413,NORTH CAROLINA,NC,2,0,3,45,0,ARITON,19,5,May,2010,4,Wednesday,22,2,0,3,3,99999,35.33188056,-81.49922222,12,2,0,1,0,0,1,0
370414,NORTH CAROLINA,NC,1,1,2,45,0,ARITON,5,6,June,2010,7,Saturday,22,13,1,2,2,99999,35.25981111,-81.36981111,8,2,0,1,0,0,1,0
370415,NORTH CAROLINA,NC,1,1,2,45,2440,ARITON,13,6,June,2010,1,Sunday,3,21,1,12,2,99999,35.25215556,-81.34517778,8,2,0,1,0,0,1,0
370416,NORTH CAROLINA,NC,2,0,2,47,0,BROWNS,24,5,May,2010,2,Monday,8,25,0,5,4,99999,99.99990000,999.99990000,12,1,0,10,0,0,2,0
370417,NORTH CAROLINA,NC,2,0,5,47,0,BROWNS,29,5,May,2010,7,Saturday,15,46,0,3,3,99999,34.37616944,-78.27728611,12,1,0,10,0,0,1,0
370418,NORTH CAROLINA,NC,2,0,3,47,0,BROWNS,11,5,May,2010,3,Tuesday,0,15,1,2,2,99999,34.33131667,-78.40689167,12,2,0,1,0,0,1,0
370419,NORTH CAROLINA,NC,2,0,4,47,0,BROWNS,7,6,June,2010,2,Monday,13,55,1,2,2,99999,99.99990000,999.99990000,12,1,0,1,0,0,1,0
370420,NORTH CAROLINA,NC,1,0,1,49,0,COLLINSVILLE,9,5,May,2010,1,Sunday,1,35,0,5,4,99999,35.18278889,-77.20384722,53,2,0,1,0,0,1,1
370421,NORTH CAROLINA,NC,2,0,2,55,2435,ATTALLA,21,5,May,2010,6,Friday,19,37,1,2,2,99999,36.01004167,-75.65876667,12,1,0,1,0,0,1,1
370422,NORTH CAROLINA,NC,2,0,3,57,0,BANKSTON,21,5,May,2010,6,Friday,23,23,1,2,2,99999,35.82344722,-80.22075833,12,2,0,1,0,0,1,0
370423,NORTH CAROLINA,NC,1,0,2,57,2620,BANKSTON,29,5,May,2010,7,Saturday,6,56,1,11,1,99999,35.77705278,-80.27104722,42,4,0,1,0,0,1,0
370424,NORTH CAROLINA,NC,2,0,3,57,0,BANKSTON,29,5,May,2010,7,Saturday,17,50,0,4,3,99999,99.99990000,999.99990000,12,1,0,1,0,0,1,0
370425,NORTH CAROLINA,NC,1,0,1,57,0,BANKSTON,15,6,June,2010,3,Tuesday,13,47,0,4,4,99999,35.86255278,-80.06711389,53,1,0,1,0,0,1,0
370426,NORTH CAROLINA,NC,1,0,1,61,0,BELLWOOD,7,5,May,2010,6,Friday,7,15,0,6,4,99999,35.00314444,-77.81453056,34,1,0,1,0,0,1,0
370427,NORTH CAROLINA,NC,2,2,1,61,0,BELLWOOD,2,6,June,2010,4,Wednesday,7,59,1,1,1,99999,34.99358056,-78.12931667,45,1,0,1,0,0,1,0
370428,NORTH CAROLINA,NC,2,0,3,63,1360,BOLIGEE,1,6,June,2010,3,Tuesday,15,27,0,14,3,99999,35.91880556,-78.96938333,12,1,0,10,0,0,1,0
370429,NORTH CAROLINA,NC,2,0,4,65,0,CYPRESS,21,5,May,2010,6,Friday,17,50,0,4,3,99999,35.79505000,-77.53669722,12,1,0,1,0,0,1,0
370430,NORTH CAROLINA,NC,1,0,1,67,2430,ABBEVILLE,6,5,May,2010,5,Thursday,14,33,1,11,1,99999,36.08476111,-80.06853056,24,1,0,1,0,0,1,0
370431,NORTH CAROLINA,NC,4,3,1,67,5120,ABBEVILLE,17,5,May,2010,2,Monday,9,10,1,12,2,99999,36.06713889,-80.22972222,14,1,0,2,0,0,1,0
370432,NORTH CAROLINA,NC,2,0,3,67,2430,ABBEVILLE,17,5,May,2010,2,Monday,21,38,1,11,1,99999,36.08476111,-80.06853056,12,2,0,10,0,0,1,0
370433,NORTH CAROLINA,NC,2,0,2,67,5120,ABBEVILLE,20,5,May,2010,5,Thursday,0,54,1,12,2,99999,36.08684167,-80.23040833,12,2,0,1,0,0,2,1
370434,NORTH CAROLINA,NC,1,0,2,67,0,ABBEVILLE,30,5,May,2010,1,Sunday,2,14,0,6,4,99999,36.13233056,-80.37280000,1,2,0,1,0,0,1,1
370435,NORTH CAROLINA,NC,1,0,2,67,5120,ABBEVILLE,6,6,June,2010,1,Sunday,2,37,0,15,6,99999,36.11333333,-80.23470000,18,3,0,1,0,0,1,1
370436,NORTH CAROLINA,NC,1,1,1,67,5120,ABBEVILLE,11,6,June,2010,6,Friday,22,22,0,15,6,99999,36.09419167,-80.24431111,15,3,0,1,0,0,1,0
370437,NORTH CAROLINA,NC,1,0,5,67,5120,ABBEVILLE,10,6,June,2010,5,Thursday,14,57,0,15,6,99999,36.03521944,-80.26070556,35,1,0,1,0,0,1,0
370438,NORTH CAROLINA,NC,2,0,8,71,1800,BRIDGEPORT,9,5,May,2010,1,Sunday,10,50,0,16,6,99999,35.26524444,-81.18493056,12,1,0,1,0,0,1,0
370439,NORTH CAROLINA,NC,2,0,2,71,0,BRIDGEPORT,14,6,June,2010,2,Monday,13,7,0,6,4,99999,35.39003056,-81.03867500,12,1,0,1,0,0,1,0
370440,NORTH CAROLINA,NC,1,0,1,75,0,BEAVERTON,18,5,May,2010,3,Tuesday,14,2,0,4,2,99999,35.24898333,-83.70294444,1,1,0,1,0,0,1,0
370441,NORTH CAROLINA,NC,1,0,2,75,0,BEAVERTON,7,6,June,2010,2,Monday,11,52,0,4,3,99999,35.39457778,-83.58999167,1,1,0,1,0,0,1,0
370442,NORTH CAROLINA,NC,2,0,4,81,1940,AUBURN,6,5,May,2010,5,Thursday,14,0,0,16,6,99999,36.11998889,-79.75988333,12,1,0,1,0,0,1,0
370443,NORTH CAROLINA,NC,6,0,13,81,1940,AUBURN,9,5,May,2010,1,Sunday,18,8,1,11,1,99999,36.06131111,-79.92279167,12,1,0,1,0,0,2,0
370444,NORTH CAROLINA,NC,2,0,4,81,1940,AUBURN,9,5,May,2010,1,Sunday,22,10,1,11,1,99999,36.06131111,-79.67353889,12,2,0,1,0,0,3,0
370445,NORTH CAROLINA,NC,2,0,2,81,1940,AUBURN,13,5,May,2010,5,Thursday,18,23,0,16,6,99999,36.10806389,-79.95849722,12,1,0,1,0,0,1,0
370446,NORTH CAROLINA,NC,1,0,1,81,3665,AUBURN,19,5,May,2010,4,Wednesday,23,29,0,14,4,99999,35.91477500,-79.80889444,34,2,0,1,0,0,1,1
370447,NORTH CAROLINA,NC,2,0,3,81,0,AUBURN,20,5,May,2010,5,Thursday,19,28,0,4,3,99999,35.91984722,-79.92116111,12,1,0,1,0,0,2,0
370448,NORTH CAROLINA,NC,4,1,1,81,1940,AUBURN,22,5,May,2010,7,Saturday,19,25,0,16,6,99999,36.08038889,-79.75859722,8,3,2,2,0,0,1,0
370449,NORTH CAROLINA,NC,2,0,5,81,0,AUBURN,23,5,May,2010,1,Sunday,11,43,1,2,2,99999,35.97376944,-79.91661111,12,1,0,1,0,0,2,0
370450,NORTH CAROLINA,NC,1,0,4,81,1940,AUBURN,29,5,May,2010,7,Saturday,3,19,0,14,6,99999,36.11007500,-79.77447500,53,3,0,10,0,0,1,1
370451,NORTH CAROLINA,NC,5,0,10,85,0,BENTON,10,6,June,2010,5,Thursday,22,36,0,3,3,99999,35.25886667,-79.04932222,12,2,0,1,0,0,1,1
370452,NORTH CAROLINA,NC,3,0,3,93,0,BEAR CREEK,15,5,May,2010,7,Saturday,8,2,0,5,4,99999,34.96931944,-79.10241944,12,1,0,1,0,0,1,1