ST_CASE,State Name,State Abbreviation,VE_TOTAL,Pedestrains,Total_Persons_in_accident,COUNTY,CITY,City_County_Name,Calendar_DAY,MONTH,Month_Name,YEAR,DAY_WEEK,Day_Week_desc,HOUR,MINUTE,NHS_Desc,trafficway,ROUTE,MILEPT,LATITUDE,LONGITUD,First_Crash_event,Light_cond_desc,Weather_condition,WEATHER,SCH_BUS,Crash_cause,FATALS,DRUNK_DR
370453,NORTH CAROLINA,NC,2,0,3,93,0,BEAR CREEK,5,6,June,2010,7,Saturday,18,0,0,6,4,99999,35.03210556,-79.10181944,12,1,0,1,0,0,2,1
370454,NORTH CAROLINA,NC,1,0,1,93,0,BEAR CREEK,13,6,June,2010,1,Sunday,19,35,0,6,4,99999,34.95841667,-79.05358333,32,1,0,1,0,0,1,1
370455,NORTH CAROLINA,NC,1,0,2,97,0,AXIS,30,5,May,2010,1,Sunday,22,55,0,6,4,99999,35.62102500,-80.82856111,32,2,0,1,0,0,1,0
370456,NORTH CAROLINA,NC,1,0,1,97,0,AXIS,5,6,June,2010,7,Saturday,15,24,0,4,3,99999,35.71975833,-80.90057500,1,1,0,1,0,0,1,0
370457,NORTH CAROLINA,NC,1,0,1,99,0,BEATRICE,5,6,June,2010,7,Saturday,20,0,0,3,3,99999,35.32815000,-83.19354167,42,5,0,1,0,0,1,1
370458,NORTH CAROLINA,NC,1,0,1,101,0,BOYLSTON,26,5,May,2010,4,Wednesday,23,56,0,6,4,99999,35.55743611,-78.59593333,42,2,0,1,0,0,1,1
370459,NORTH CAROLINA,NC,1,0,2,101,0,BOYLSTON,6,6,June,2010,1,Sunday,23,12,0,6,4,99999,35.44368056,-78.22025278,34,2,0,2,0,0,1,0
370460,NORTH CAROLINA,NC,2,0,2,105,4090,MARION,14,5,May,2010,6,Friday,22,55,0,12,6,99999,35.35209722,-79.23408611,12,2,0,1,0,0,2,1
370461,NORTH CAROLINA,NC,1,0,4,105,4090,MARION,29,5,May,2010,7,Saturday,1,21,0,15,6,99999,35.35209722,-79.23477222,35,2,0,10,0,0,2,0
370462,NORTH CAROLINA,NC,1,0,1,107,0,CARROLLTON,22,5,May,2010,7,Saturday,22,10,0,6,4,99999,35.35321667,-77.45301111,34,2,0,1,0,0,1,1
370463,NORTH CAROLINA,NC,1,0,1,113,0,COTTONTON,24,5,May,2010,2,Monday,11,25,0,3,2,99999,35.06218056,-83.21216667,1,1,0,10,0,0,1,0
370464,NORTH CAROLINA,NC,1,0,4,113,0,COTTONTON,5,6,June,2010,7,Saturday,14,15,0,4,2,99999,35.24856389,-83.70260278,25,1,0,2,0,0,1,0
370465,NORTH CAROLINA,NC,1,1,1,119,870,BELLAMY,7,5,May,2010,6,Friday,17,53,0,16,6,99999,35.22262500,-80.72753889,8,1,0,1,1,0,1,0
370466,NORTH CAROLINA,NC,2,1,2,119,870,BELLAMY,11,5,May,2010,3,Tuesday,7,48,0,15,6,99999,35.24744167,-80.78641944,8,1,0,1,0,0,1,0
370467,NORTH CAROLINA,NC,1,0,1,119,870,BELLAMY,28,5,May,2010,6,Friday,5,37,0,14,6,99999,35.13086111,-80.84289444,42,4,0,1,0,0,1,1
370468,NORTH CAROLINA,NC,1,0,1,125,0,BROOKWOOD,27,5,May,2010,5,Thursday,22,42,0,6,4,99999,35.31960833,-79.46668611,42,2,0,1,0,0,1,1
370469,NORTH CAROLINA,NC,1,0,5,127,0,BURNWELL,29,5,May,2010,7,Saturday,17,50,1,1,1,99999,35.95021944,-77.89238056,42,1,0,1,0,0,4,0
370470,NORTH CAROLINA,NC,1,1,2,127,0,BURNWELL,19,6,June,2010,7,Saturday,8,20,1,1,1,99999,35.95021944,-77.89238056,8,1,0,1,0,0,1,0
370471,NORTH CAROLINA,NC,2,0,3,133,0,ARLEY,12,6,June,2010,7,Saturday,11,24,0,4,3,99999,34.83902778,-77.59609167,12,1,0,1,0,0,1,0
370472,NORTH CAROLINA,NC,1,0,1,133,0,ARLEY,12,6,June,2010,7,Saturday,5,50,0,5,4,99999,34.69462500,-77.55223333,53,4,0,1,0,0,1,1
370473,NORTH CAROLINA,NC,2,0,3,135,0,ASH FLAT,19,5,May,2010,4,Wednesday,7,27,0,4,3,99999,99.99990000,999.99990000,12,1,0,10,0,0,1,0
370474,NORTH CAROLINA,NC,2,0,6,153,2020,BONAIRE,4,6,June,2010,6,Friday,11,27,0,13,3,99999,34.87910000,-79.69328056,12,1,0,1,0,0,1,0
370475,NORTH CAROLINA,NC,1,0,2,155,2770,IRWIN,17,5,May,2010,2,Monday,1,22,1,11,1,99999,34.63363056,-79.02457222,24,3,2,2,0,0,1,0
370476,NORTH CAROLINA,NC,1,0,1,155,2770,IRWIN,17,5,May,2010,2,Monday,7,26,0,16,6,99999,34.66067500,-79.00036944,34,1,0,2,0,0,1,0
370477,NORTH CAROLINA,NC,2,0,2,155,0,IRWIN,18,5,May,2010,3,Tuesday,18,52,1,2,2,99999,34.50188889,-78.99942500,12,1,0,1,0,0,1,0
370478,NORTH CAROLINA,NC,1,0,2,155,0,IRWIN,25,5,May,2010,3,Tuesday,13,51,0,3,3,99999,34.75465833,-79.16996944,43,1,0,10,0,0,1,0
370479,NORTH CAROLINA,NC,1,0,2,155,0,IRWIN,19,6,June,2010,7,Saturday,2,10,0,6,4,99999,34.73343056,-79.23039444,1,2,0,1,0,0,2,1
370480,NORTH CAROLINA,NC,2,0,3,157,0,ARCADE,13,6,June,2010,1,Sunday,21,36,1,2,2,99999,36.47251111,-79.51904167,12,2,0,1,0,0,1,0
370481,NORTH CAROLINA,NC,1,0,4,159,0,FARRAR,15,5,May,2010,7,Saturday,20,29,0,4,4,99999,35.60483611,-80.29014722,35,2,0,10,0,0,1,0
370482,NORTH CAROLINA,NC,2,0,2,159,0,FARRAR,23,5,May,2010,1,Sunday,12,31,0,4,4,99999,35.58145278,-80.33580833,12,1,0,1,0,0,1,0
370483,NORTH CAROLINA,NC,2,0,2,159,0,FARRAR,20,6,June,2010,1,Sunday,13,46,1,2,2,99999,35.72742222,-80.68213333,12,1,0,1,0,0,1,0
370484,NORTH CAROLINA,NC,1,1,1,163,0,AVERA,3,6,June,2010,5,Thursday,21,35,0,6,4,99999,34.91704444,-78.49534167,8,2,0,10,0,0,1,0
370485,NORTH CAROLINA,NC,2,0,2,167,0,ADRIAN,6,5,May,2010,5,Thursday,11,18,1,2,2,99999,35.46046111,-80.24388333,12,1,0,1,0,0,1,0
370487,NORTH CAROLINA,NC,1,0,1,181,0,LINCOLN,30,5,May,2010,1,Sunday,22,36,0,5,4,99999,36.35460556,-78.34856944,34,2,0,1,0,0,1,0
370488,NORTH CAROLINA,NC,1,0,2,181,0,LINCOLN,4,6,June,2010,6,Friday,23,15,0,5,4,99999,36.29797222,-78.41654722,34,2,0,1,0,0,1,1
370489,NORTH CAROLINA,NC,2,0,2,181,0,LINCOLN,7,6,June,2010,2,Monday,7,22,0,3,3,99999,36.31457222,-78.37861111,12,1,0,10,0,0,1,0
370490,NORTH CAROLINA,NC,1,0,1,181,0,LINCOLN,16,6,June,2010,4,Wednesday,1,13,0,6,4,99999,36.41175000,-78.30041944,53,2,0,1,0,0,1,0
370491,NORTH CAROLINA,NC,2,0,2,183,0,FORT STEWART,13,5,May,2010,5,Thursday,9,20,1,2,2,99999,35.82632222,-78.36603611,12,1,0,10,0,0,1,0
370492,NORTH CAROLINA,NC,2,0,2,183,0,FORT STEWART,14,6,June,2010,2,Monday,19,0,0,6,4,99999,99.99990000,999.99990000,12,1,0,1,0,0,1,0
370493,NORTH CAROLINA,NC,1,0,1,183,800,FORT STEWART,20,6,June,2010,1,Sunday,23,4,0,15,6,99999,35.88592222,-78.81128333,24,2,0,1,0,0,1,0
370494,NORTH CAROLINA,NC,1,1,1,191,0,CRESCENT,27,6,June,2010,1,Sunday,4,21,1,1,1,99999,35.50393333,-77.99992500,8,2,0,1,0,0,1,0
370495,NORTH CAROLINA,NC,4,0,7,193,5040,IDEAL,28,5,May,2010,6,Friday,13,15,1,13,2,99999,36.15018611,-81.19514444,12,1,0,1,0,0,1,0
370496,NORTH CAROLINA,NC,2,0,3,193,0,IDEAL,5,6,June,2010,7,Saturday,15,56,0,3,3,99999,36.35906389,-81.24647222,34,1,0,1,0,0,1,0
370497,NORTH CAROLINA,NC,1,0,1,193,0,IDEAL,17,6,June,2010,5,Thursday,5,56,1,2,2,99999,36.37278333,-80.95627778,1,2,0,1,0,0,1,0
370498,NORTH CAROLINA,NC,1,0,1,195,0,CARLTON,29,5,May,2010,7,Saturday,16,25,0,6,4,99999,35.82820833,-77.86870000,32,1,0,1,0,0,1,1
370499,NORTH CAROLINA,NC,1,0,1,197,0,BUENA VISTA,3,6,June,2010,5,Thursday,16,20,0,4,3,99999,36.22817778,-80.67157778,42,1,2,2,0,0,1,0
370500,NORTH CAROLINA,NC,1,0,3,197,0,BUENA VISTA,5,6,June,2010,7,Saturday,5,27,0,6,4,99999,36.11912222,-80.55596389,32,2,0,1,0,0,1,1
370501,NORTH CAROLINA,NC,1,2,1,195,5070,CARLTON,6,6,June,2010,1,Sunday,4,20,0,15,6,99999,35.74212222,-77.96196667,8,3,0,1,0,0,2,1
370502,NORTH CAROLINA,NC,1,1,1,119,870,BELLAMY,27,2,February,2010,7,Saturday,19,39,0,13,6,99999,35.21245556,-80.78149444,8,3,0,1,0,0,1,0
370503,NORTH CAROLINA,NC,1,1,2,155,2770,IRWIN,27,4,April,2010,3,Tuesday,22,48,0,13,6,99999,34.59113889,-79.04236111,8,3,0,10,0,0,1,0
370504,NORTH CAROLINA,NC,1,0,1,51,1670,CENTRAL,31,5,May,2010,2,Monday,19,17,0,16,6,99999,35.01716944,-79.06690833,42,1,0,2,0,0,1,0
370505,NORTH CAROLINA,NC,2,0,2,1,0,AUTAUGA,15,6,June,2010,3,Tuesday,16,33,0,6,4,99999,35.95717500,-79.45526944,12,1,0,1,0,0,1,0
370506,NORTH CAROLINA,NC,3,0,7,21,170,CHILTON,11,6,June,2010,6,Friday,15,0,1,12,2,99999,35.58487500,-82.52504722,12,1,0,1,0,0,1,1
370507,NORTH CAROLINA,NC,2,0,2,25,0,BARLOW BEND,25,6,June,2010,6,Friday,16,59,0,5,4,99999,35.44501389,-80.51225278,12,1,0,1,0,0,1,0
370508,NORTH CAROLINA,NC,2,0,3,25,0,BARLOW BEND,30,6,June,2010,4,Wednesday,14,34,0,3,3,99999,35.24895000,-80.57248611,12,1,2,2,0,0,2,0
370509,NORTH CAROLINA,NC,1,0,1,37,0,BRADFORD,23,6,June,2010,4,Wednesday,13,22,1,2,2,99999,35.80410000,-79.09396667,42,1,0,10,0,0,1,0
370510,NORTH CAROLINA,NC,2,0,3,59,3090,FRANKLIN,23,6,June,2010,4,Wednesday,18,9,0,16,6,99999,35.88119167,-80.56090000,12,1,0,2,0,0,1,0
370511,NORTH CAROLINA,NC,1,1,1,61,0,BELLWOOD,19,6,June,2010,7,Saturday,10,15,0,4,3,99999,34.88994444,-77.78346111,8,1,0,1,0,0,1,0
370512,NORTH CAROLINA,NC,2,0,2,87,0,ARMSTRONG,25,6,June,2010,6,Friday,11,40,1,2,2,99999,99.99990000,999.99990000,12,1,0,1,0,0,1,0
370513,NORTH CAROLINA,NC,1,0,3,97,0,AXIS,27,6,June,2010,1,Sunday,19,19,1,1,1,99999,35.75837222,-81.03748333,42,1,0,2,0,0,1,1
370514,NORTH CAROLINA,NC,1,0,1,103,0,DANVILLE,29,6,June,2010,3,Tuesday,5,8,0,6,4,99999,35.13501944,-77.47616667,11,2,0,1,0,0,1,0
370515,NORTH CAROLINA,NC,2,0,4,105,0,MARION,22,6,June,2010,3,Tuesday,16,9,0,5,4,99999,35.53061944,-79.08012500,12,1,0,1,0,0,1,0
370516,NORTH CAROLINA,NC,1,1,1,147,0,AUGUSTA,21,6,June,2010,2,Monday,13,0,0,4,3,99999,35.69184444,-77.44885000,9,1,0,1,0,0,1,0
370517,NORTH CAROLINA,NC,1,0,2,155,0,IRWIN,22,6,June,2010,3,Tuesday,23,8,1,1,1,99999,34.79979722,-78.99123889,35,2,0,1,0,0,1,1
370518,NORTH CAROLINA,NC,2,0,3,155,0,IRWIN,28,6,June,2010,2,Monday,2,40,1,1,1,99999,34.84385278,-78.97148611,12,2,0,1,0,0,1,0
370519,NORTH CAROLINA,NC,2,0,2,183,0,FORT STEWART,28,6,June,2010,2,Monday,21,56,1,2,2,99999,35.70168889,-78.66906111,12,2,0,1,0,0,1,1
370520,NORTH CAROLINA,NC,2,0,3,197,0,BUENA VISTA,26,6,June,2010,7,Saturday,12,50,0,5,4,99999,36.11407778,-80.51802500,12,1,0,1,0,0,1,0
370521,NORTH CAROLINA,NC,2,0,7,65,3930,CYPRESS,9,5,May,2010,1,Sunday,17,7,0,15,6,99999,99.99990000,999.99990000,12,1,0,1,0,0,1,1
370522,NORTH CAROLINA,NC,1,0,2,135,780,ASH FLAT,27,5,May,2010,5,Thursday,2,9,0,6,6,99999,35.91345278,-79.08374722,33,3,0,1,0,0,1,1
370523,NORTH CAROLINA,NC,1,0,2,9,0,BLOUNT,30,6,June,2010,4,Wednesday,6,10,0,5,4,99999,36.47649722,-81.46267778,30,4,0,1,0,0,1,1
370524,NORTH CAROLINA,NC,2,0,6,81,2170,AUBURN,30,6,June,2010,4,Wednesday,12,30,0,16,6,99999,35.94033333,-80.03420278,12,1,0,10,0,0,1,0
370525,NORTH CAROLINA,NC,1,1,1,151,160,FLIPPEN,21,6,June,2010,2,Monday,7,54,0,14,6,99999,35.70508889,-79.81701944,8,1,0,1,0,0,1,0
370526,NORTH CAROLINA,NC,2,0,2,7,0,BIBB,1,7,July,2010,5,Thursday,17,25,0,6,4,99999,34.92424167,-80.11481389,12,1,0,1,0,0,1,0
370527,NORTH CAROLINA,NC,2,0,2,25,0,BARLOW BEND,2,7,July,2010,6,Friday,17,44,0,3,3,99999,35.24889722,-80.57242222,12,1,0,1,0,0,1,1
370528,NORTH CAROLINA,NC,1,0,1,27,0,ASHLAND,4,7,July,2010,1,Sunday,18,15,0,3,4,99999,35.83120000,-81.41124444,1,1,0,1,0,0,1,1
370529,NORTH CAROLINA,NC,2,0,2,35,1060,BROOKLYN,1,7,July,2010,5,Thursday,17,54,0,15,6,99999,35.71201111,-81.21940000,12,1,0,1,0,0,1,0
370530,NORTH CAROLINA,NC,1,0,1,35,0,BROOKLYN,5,7,July,2010,2,Monday,6,5,0,6,4,99999,35.67165278,-81.06446667,34,4,0,1,0,0,1,1
370531,NORTH CAROLINA,NC,3,0,4,89,9997,BROWNSBORO,2,7,July,2010,6,Friday,16,47,0,13,3,99999,35.41053611,-82.57139722,12,1,0,1,0,0,1,0
370532,NORTH CAROLINA,NC,1,0,2,101,0,BOYLSTON,4,7,July,2010,1,Sunday,20,42,0,6,4,99999,35.29761389,-78.46628611,1,1,0,1,0,0,1,1
370533,NORTH CAROLINA,NC,2,0,2,151,0,FLIPPEN,1,7,July,2010,5,Thursday,13,35,0,4,4,99999,35.75144167,-79.73095833,1,1,0,1,0,0,1,0
370534,NORTH CAROLINA,NC,2,0,3,155,0,IRWIN,5,7,July,2010,2,Monday,7,52,0,5,4,99999,34.77865000,-79.06478333,12,1,0,1,0,0,2,0
370535,NORTH CAROLINA,NC,1,0,1,167,0,ADRIAN,1,7,July,2010,5,Thursday,6,41,0,4,4,99999,35.23415833,-80.19781389,35,4,0,1,0,0,1,0
370536,NORTH CAROLINA,NC,2,0,7,183,0,FORT STEWART,4,7,July,2010,1,Sunday,19,55,1,11,1,99999,35.66591111,-78.56356667,12,1,0,1,0,0,1,0
370537,NORTH CAROLINA,NC,1,0,1,17,0,CHAMBERS,27,6,June,2010,1,Sunday,8,44,0,4,3,99999,34.76953889,-78.71583889,38,1,0,1,0,0,1,0
370538,NORTH CAROLINA,NC,1,0,1,51,0,CENTRAL,27,6,June,2010,1,Sunday,23,55,1,2,2,99999,35.20523889,-78.84900000,34,2,0,1,0,0,1,0
370539,NORTH CAROLINA,NC,1,1,1,57,2620,BANKSTON,22,6,June,2010,3,Tuesday,4,58,1,12,2,99999,35.78070833,-80.31424167,8,2,0,1,0,0,1,0
370540,NORTH CAROLINA,NC,1,0,2,57,0,BANKSTON,26,6,June,2010,7,Saturday,17,18,0,6,4,99999,35.73119444,-80.40791667,35,1,0,1,0,0,1,1
370541,NORTH CAROLINA,NC,1,0,1,61,0,BELLWOOD,28,6,June,2010,2,Monday,13,2,0,4,3,99999,35.11636389,-78.11502778,42,1,0,1,0,0,1,0
370542,NORTH CAROLINA,NC,2,0,2,1,0,AUTAUGA,18,7,July,2010,1,Sunday,15,0,0,4,3,99999,36.22646389,-79.32300556,12,1,0,1,0,0,1,0
370543,NORTH CAROLINA,NC,1,0,1,17,0,CHAMBERS,18,7,July,2010,1,Sunday,20,59,0,4,3,99999,34.80238611,-78.86286667,34,2,0,1,0,0,1,0
370544,NORTH CAROLINA,NC,1,0,1,19,0,CEDAR BLUFF,10,7,July,2010,7,Saturday,13,57,0,5,4,99999,33.96341111,-78.30635278,34,1,0,1,0,0,1,0
370545,NORTH CAROLINA,NC,1,0,1,19,0,CEDAR BLUFF,14,7,July,2010,4,Wednesday,0,57,1,2,2,99999,34.25822778,-78.07286111,34,2,0,1,0,0,1,1
370546,NORTH CAROLINA,NC,1,0,1,21,0,CHILTON,20,7,July,2010,3,Tuesday,18,47,0,6,4,99999,99.99990000,999.99990000,35,1,0,2,0,0,1,1
370547,NORTH CAROLINA,NC,1,0,7,25,1040,BARLOW BEND,8,7,July,2010,5,Thursday,14,23,1,11,1,99999,35.45673611,-80.59276389,1,1,0,1,0,0,1,0
370548,NORTH CAROLINA,NC,1,0,1,33,0,CHEROKEE,6,7,July,2010,3,Tuesday,0,14,0,6,4,99999,36.48955833,-79.47468889,53,2,0,1,0,0,1,0
370549,NORTH CAROLINA,NC,4,0,5,35,2150,BROOKLYN,16,7,July,2010,6,Friday,14,7,1,11,1,99999,35.71327778,-81.32633611,12,1,0,2,0,0,1,0
370550,NORTH CAROLINA,NC,1,0,1,39,0,ANDALUSIA,22,7,July,2010,5,Thursday,15,5,0,6,4,99999,35.15768889,-84.05734167,35,1,0,1,0,0,1,1
370551,NORTH CAROLINA,NC,1,0,4,51,0,CENTRAL,5,7,July,2010,2,Monday,1,33,0,3,4,99999,35.18787500,-79.00689167,43,2,0,1,0,0,1,0
370552,NORTH CAROLINA,NC,1,0,1,55,0,ATTALLA,22,7,July,2010,5,Thursday,14,5,0,4,3,99999,35.26507778,-75.52520556,43,1,0,1,0,0,1,0
370553,NORTH CAROLINA,NC,1,0,2,75,0,BEAVERTON,15,7,July,2010,5,Thursday,14,24,0,4,3,99999,35.32618889,-84.02412500,24,1,0,10,0,0,1,0
370554,NORTH CAROLINA,NC,1,0,1,81,1840,AUBURN,5,7,July,2010,2,Monday,12,40,0,16,6,99999,36.10995278,-79.55476944,59,1,0,1,0,0,1,0
370555,NORTH CAROLINA,NC,2,0,2,91,0,DAYTON,21,7,July,2010,4,Wednesday,17,20,0,3,3,99999,36.32995833,-76.99184444,12,1,0,1,0,0,1,0
370556,NORTH CAROLINA,NC,1,0,1,97,0,AXIS,12,7,July,2010,2,Monday,19,44,1,1,1,99999,35.82978333,-80.78901667,18,1,0,10,0,0,1,1
370557,NORTH CAROLINA,NC,1,0,1,101,0,BOYLSTON,11,7,July,2010,1,Sunday,4,57,0,5,4,99999,35.52615000,-78.58657778,34,2,0,1,0,0,1,1
370558,NORTH CAROLINA,NC,1,0,1,101,0,BOYLSTON,14,7,July,2010,4,Wednesday,23,16,0,6,4,99999,35.59918333,-78.59481944,53,2,0,1,0,0,1,1
370559,NORTH CAROLINA,NC,1,0,1,113,0,COTTONTON,6,7,July,2010,3,Tuesday,9,27,0,6,4,99999,35.20684722,-83.35970833,42,1,0,1,0,0,1,0
370560,NORTH CAROLINA,NC,1,0,1,125,0,BROOKWOOD,10,7,July,2010,7,Saturday,21,54,0,6,4,99999,35.18159444,-79.57200000,42,2,0,1,0,0,1,1
370561,NORTH CAROLINA,NC,2,0,3,129,5060,BIGBEE,3,7,July,2010,7,Saturday,13,50,0,16,6,99999,34.23735000,-77.93048889,12,1,0,1,0,0,1,0
370562,NORTH CAROLINA,NC,1,2,1,133,0,ARLEY,3,7,July,2010,7,Saturday,22,31,1,2,2,99999,34.89156389,-77.54785556,8,2,0,1,0,0,1,0
370563,NORTH CAROLINA,NC,5,0,3,141,0,BEE BRANCH,13,7,July,2010,3,Tuesday,8,58,0,3,2,99999,34.53448889,-78.07133611,12,1,0,1,0,0,2,0
370564,NORTH CAROLINA,NC,1,0,1,145,0,BALD KNOB,20,7,July,2010,3,Tuesday,2,30,0,5,4,99999,99.99990000,999.99990000,53,2,0,1,0,0,1,1
370565,NORTH CAROLINA,NC,2,0,2,157,0,ARCADE,17,7,July,2010,7,Saturday,13,20,0,3,3,99999,36.27562500,-79.94338889,12,1,0,2,0,0,1,0
370566,NORTH CAROLINA,NC,2,0,2,161,0,DENTON,12,7,July,2010,2,Monday,16,27,0,3,2,99999,35.22465833,-81.84213611,12,1,0,1,0,0,1,0
370567,NORTH CAROLINA,NC,1,0,1,161,0,DENTON,15,7,July,2010,5,Thursday,17,55,0,6,4,99999,99.99990000,999.99990000,34,1,0,1,0,0,1,1
370568,NORTH CAROLINA,NC,1,0,1,163,0,AVERA,16,7,July,2010,6,Friday,11,25,0,6,4,99999,35.19660556,-78.54186111,34,1,0,1,0,0,1,0
370569,NORTH CAROLINA,NC,1,0,2,169,0,BRADLEY,21,7,July,2010,4,Wednesday,14,0,0,5,3,99999,36.40885000,-80.21075278,32,1,0,1,0,0,2,1
370570,NORTH CAROLINA,NC,1,0,1,179,0,ALLENHURST,19,7,July,2010,2,Monday,16,40,0,5,4,99999,34.86403056,-80.58815000,1,1,0,10,0,0,1,0
370571,NORTH CAROLINA,NC,2,0,2,181,0,LINCOLN,8,7,July,2010,5,Thursday,19,6,1,1,1,99999,36.35121944,-78.39019722,12,1,0,1,0,0,1,0
370572,NORTH CAROLINA,NC,4,0,1,183,3750,FORT STEWART,3,7,July,2010,7,Saturday,6,56,0,14,6,99999,35.75779722,-78.63756111,14,1,0,1,0,0,1,0
370573,NORTH CAROLINA,NC,1,0,1,183,0,FORT STEWART,20,7,July,2010,3,Tuesday,20,15,0,6,4,99999,35.95216389,-78.68734444,53,2,0,10,0,0,1,1
370574,NORTH CAROLINA,NC,2,0,2,185,0,ANAKTUVUK PASS,10,7,July,2010,7,Saturday,15,51,1,2,2,99999,36.45104444,-78.18755278,12,1,0,1,0,0,1,0
370575,NORTH CAROLINA,NC,1,0,2,193,0,IDEAL,11,7,July,2010,1,Sunday,12,24,0,3,3,99999,36.16226944,-81.23548611,24,1,0,1,0,0,1,0
370576,NORTH CAROLINA,NC,1,0,1,197,0,BUENA VISTA,16,7,July,2010,6,Friday,12,24,1,1,1,99999,99.99990000,999.99990000,42,1,0,1,0,0,1,1
370577,NORTH CAROLINA,NC,1,0,1,197,0,BUENA VISTA,2,7,July,2010,6,Friday,20,50,0,6,4,99999,36.13690556,-80.68350833,32,5,0,1,0,0,1,1
370578,NORTH CAROLINA,NC,1,1,1,51,1670,CENTRAL,17,3,March,2010,4,Wednesday,20,11,0,16,6,99999,35.00363611,-78.97908333,8,3,0,1,0,0,1,0
370579,NORTH CAROLINA,NC,2,1,2,127,3930,BURNWELL,23,4,April,2010,6,Friday,22,16,0,14,3,99999,36.00113333,-77.80715000,8,3,0,1,0,0,1,1
370580,NORTH CAROLINA,NC,2,0,3,25,1040,BARLOW BEND,8,5,May,2010,7,Saturday,1,32,1,13,3,99999,35.35923611,-80.59724722,12,2,0,1,0,0,1,1
370581,NORTH CAROLINA,NC,2,1,5,45,2440,ARITON,21,5,May,2010,6,Friday,2,19,0,16,6,99999,35.25683333,-81.34526389,8,2,0,1,0,0,1,0
370582,NORTH CAROLINA,NC,1,0,1,51,1670,CENTRAL,4,5,May,2010,3,Tuesday,23,15,0,14,6,99999,35.08803056,-78.98655000,42,3,0,1,0,0,1,0
370583,NORTH CAROLINA,NC,1,0,2,183,800,FORT STEWART,20,5,May,2010,5,Thursday,3,50,0,14,6,99999,35.80061944,-78.76699444,1,3,0,10,0,0,1,1
370584,NORTH CAROLINA,NC,1,1,1,111,172,GRAHAM,16,6,June,2010,4,Wednesday,21,27,1,11,1,99999,99.99990000,999.99990000,8,2,0,1,0,0,1,0
370585,NORTH CAROLINA,NC,1,0,1,25,1040,BARLOW BEND,23,7,July,2010,6,Friday,23,16,0,14,6,99999,35.41444722,-80.61338333,30,3,0,1,0,0,1,0
370586,NORTH CAROLINA,NC,1,1,1,27,2590,ASHLAND,27,7,July,2010,3,Tuesday,4,46,0,15,6,99999,35.93916944,-81.54404722,8,3,0,1,0,0,1,0
370587,NORTH CAROLINA,NC,2,0,3,35,0,BROOKLYN,12,7,July,2010,2,Monday,11,3,0,2,3,99999,35.73174167,-81.33384722,12,1,2,2,0,0,2,0
370588,NORTH CAROLINA,NC,1,0,1,37,0,BRADFORD,15,7,July,2010,5,Thursday,10,17,0,6,4,99999,35.79365833,-79.31322222,30,1,0,1,0,0,1,1
370589,NORTH CAROLINA,NC,2,0,4,41,0,BRANTLEY,30,7,July,2010,6,Friday,16,34,0,6,4,99999,36.03105278,-76.52664167,12,1,0,1,0,0,1,0
370590,NORTH CAROLINA,NC,1,0,5,47,0,BROWNS,31,7,July,2010,7,Saturday,19,36,1,2,2,99999,34.34967222,-78.66271111,35,1,0,1,0,0,1,0
370591,NORTH CAROLINA,NC,1,0,1,51,2250,CENTRAL,21,7,July,2010,4,Wednesday,21,41,0,14,3,99999,34.98380833,-78.93136111,30,2,0,1,0,0,1,0
370592,NORTH CAROLINA,NC,1,1,3,59,0,FRANKLIN,31,7,July,2010,7,Saturday,18,21,0,3,2,99999,35.92485278,-80.59226944,9,1,0,1,0,0,1,0
370593,NORTH CAROLINA,NC,2,0,8,61,0,BELLWOOD,21,7,July,2010,4,Wednesday,11,5,0,4,2,99999,35.15788056,-78.11141944,12,1,0,1,0,0,1,0
370594,NORTH CAROLINA,NC,1,0,1,67,5120,ABBEVILLE,21,7,July,2010,4,Wednesday,0,9,1,1,1,99999,36.06658333,-80.30851389,7,2,0,1,0,0,1,1
370595,NORTH CAROLINA,NC,2,0,4,71,0,BRIDGEPORT,25,7,July,2010,1,Sunday,20,57,0,4,3,99999,35.31575556,-81.20072500,12,2,0,1,0,0,1,1
370596,NORTH CAROLINA,NC,1,0,1,71,0,BRIDGEPORT,25,7,July,2010,1,Sunday,11,55,0,6,4,99999,35.20179722,-81.21110833,42,1,0,1,0,0,1,1
370597,NORTH CAROLINA,NC,2,0,5,73,0,ARGO,23,7,July,2010,6,Friday,11,8,1,2,2,99999,36.43675278,-76.75907222,12,1,0,1,0,0,1,0
370598,NORTH CAROLINA,NC,1,0,1,81,3665,AUBURN,27,7,July,2010,3,Tuesday,19,51,0,16,4,99999,35.96210000,-79.75988333,53,5,0,1,0,0,1,0
370599,NORTH CAROLINA,NC,1,0,1,95,0,ALBERTVILLE,26,7,July,2010,2,Monday,12,2,0,6,4,99999,35.48003333,-76.01483333,1,1,0,10,0,0,1,0
370600,NORTH CAROLINA,NC,1,0,1,97,0,AXIS,24,7,July,2010,7,Saturday,23,26,0,6,4,99999,35.84863889,-80.77182778,35,2,0,1,0,0,1,0
370601,NORTH CAROLINA,NC,1,0,2,101,1700,BOYLSTON,25,7,July,2010,1,Sunday,15,36,1,11,1,99999,35.41990278,-78.45663056,32,1,0,1,0,0,1,0