ST_CASE,State Name,State Abbreviation,VE_TOTAL,Pedestrains,Total_Persons_in_accident,COUNTY,CITY,City_County_Name,Calendar_DAY,MONTH,Month_Name,YEAR,DAY_WEEK,Day_Week_desc,HOUR,MINUTE,NHS_Desc,trafficway,ROUTE,MILEPT,LATITUDE,LONGITUD,First_Crash_event,Light_cond_desc,Weather_condition,WEATHER,SCH_BUS,Crash_cause,FATALS,DRUNK_DR
370602,NORTH CAROLINA,NC,1,0,3,115,0,ASHVILLE,12,7,July,2010,2,Monday,22,49,0,4,3,99999,99.99990000,999.99990000,17,2,0,1,0,0,1,1
370603,NORTH CAROLINA,NC,1,1,1,121,0,BON AIR,25,7,July,2010,1,Sunday,23,11,1,2,2,99999,35.90337222,-82.11945556,8,2,0,1,0,0,1,0
370604,NORTH CAROLINA,NC,2,0,3,129,0,BIGBEE,27,7,July,2010,3,Tuesday,14,40,0,3,4,99999,34.25622222,-77.88946111,12,1,0,10,0,0,1,0
370605,NORTH CAROLINA,NC,1,1,1,137,1933,ALCO,13,7,July,2010,3,Tuesday,21,23,0,15,3,99999,35.14293333,-76.76851389,8,2,0,1,0,0,1,0
370606,NORTH CAROLINA,NC,4,0,4,141,0,BEE BRANCH,28,7,July,2010,4,Wednesday,17,32,1,2,2,99999,34.31912500,-77.76886944,12,1,0,1,0,0,1,0
370607,NORTH CAROLINA,NC,1,0,1,141,0,BEE BRANCH,30,7,July,2010,6,Friday,20,56,0,5,4,99999,34.55308333,-77.93941389,1,2,0,1,0,0,1,1
370608,NORTH CAROLINA,NC,2,0,2,147,0,AUGUSTA,28,7,July,2010,4,Wednesday,15,57,0,4,3,99999,35.68949722,-77.31955556,12,1,0,1,0,0,1,0
370609,NORTH CAROLINA,NC,2,0,4,147,0,AUGUSTA,29,7,July,2010,5,Thursday,9,27,0,4,3,99999,35.41619444,-77.25440000,12,1,0,1,0,0,1,0
370610,NORTH CAROLINA,NC,2,1,5,155,0,IRWIN,16,7,July,2010,6,Friday,21,22,0,4,4,99999,34.77279722,-79.31742778,15,2,0,1,0,0,1,0
370611,NORTH CAROLINA,NC,1,1,3,155,0,IRWIN,27,7,July,2010,3,Tuesday,23,49,1,2,2,99999,34.71988611,-79.31322222,8,2,0,1,0,0,1,0
370612,NORTH CAROLINA,NC,1,0,5,155,0,IRWIN,29,7,July,2010,5,Thursday,5,45,0,4,4,99999,34.54937222,-79.11982222,34,2,0,5,0,0,1,0
370613,NORTH CAROLINA,NC,1,0,1,163,0,AVERA,25,7,July,2010,1,Sunday,3,19,1,2,2,99999,35.20499722,-78.42930000,34,2,0,1,0,0,1,1
370614,NORTH CAROLINA,NC,1,0,2,165,0,HERNDON,5,7,July,2010,2,Monday,17,15,1,2,2,99999,34.80654444,-79.54341944,1,1,0,1,0,0,1,0
370615,NORTH CAROLINA,NC,1,0,2,167,0,ADRIAN,30,7,July,2010,6,Friday,20,3,0,6,4,99999,35.21201944,-80.46268611,42,1,0,1,0,0,1,0
370616,NORTH CAROLINA,NC,1,1,3,169,0,BRADLEY,1,7,July,2010,5,Thursday,1,56,0,5,4,99999,36.32499722,-80.04919722,8,3,0,1,0,0,1,1
370617,NORTH CAROLINA,NC,1,2,1,169,0,BRADLEY,23,7,July,2010,6,Friday,7,42,0,6,4,99999,36.28761944,-80.38666111,9,1,0,1,0,0,1,0
370618,NORTH CAROLINA,NC,1,0,2,179,0,ALLENHURST,27,7,July,2010,3,Tuesday,18,20,0,4,3,99999,34.89374444,-80.53991389,35,1,0,1,0,0,1,1
370619,NORTH CAROLINA,NC,1,0,1,183,3750,FORT STEWART,10,7,July,2010,7,Saturday,0,45,1,11,1,99999,35.78859444,-78.69709722,24,2,0,2,0,0,1,1
370620,NORTH CAROLINA,NC,2,1,1,183,0,FORT STEWART,23,7,July,2010,6,Friday,17,46,1,1,1,99999,35.67138333,-78.56340278,8,1,0,1,0,0,1,0
370621,NORTH CAROLINA,NC,1,0,1,197,0,BUENA VISTA,27,7,July,2010,3,Tuesday,15,26,0,5,4,99999,36.20296111,-80.50246944,42,1,0,1,0,0,1,1
370622,NORTH CAROLINA,NC,2,0,2,19,0,CEDAR BLUFF,2,8,August,2010,2,Monday,5,12,1,2,2,99999,34.28615556,-78.13922778,12,2,0,1,0,0,1,0
370623,NORTH CAROLINA,NC,1,0,4,21,0,CHILTON,1,8,August,2010,1,Sunday,0,51,0,6,4,99999,35.64210833,-82.65043611,42,2,0,10,0,0,1,0
370624,NORTH CAROLINA,NC,1,1,2,23,0,BLADON SPRINGS,5,8,August,2010,5,Thursday,2,57,1,11,1,99999,35.70576667,-81.78360000,8,2,0,1,0,0,1,0
370625,NORTH CAROLINA,NC,1,1,1,101,0,BOYLSTON,3,8,August,2010,3,Tuesday,20,53,1,1,1,99999,35.56932500,-78.16388333,8,2,0,1,0,0,1,0
370626,NORTH CAROLINA,NC,2,0,2,151,0,FLIPPEN,4,8,August,2010,4,Wednesday,16,30,0,6,4,99999,35.80907778,-79.94201667,12,1,0,1,0,0,1,0
370627,NORTH CAROLINA,NC,1,0,2,155,0,IRWIN,5,8,August,2010,5,Thursday,6,0,0,6,4,99999,99.99990000,999.99990000,34,4,0,1,0,0,1,1
370628,NORTH CAROLINA,NC,2,0,3,161,0,DENTON,2,8,August,2010,2,Monday,12,45,0,4,4,99999,35.33112778,-81.90097222,12,1,0,1,0,0,1,0
370629,NORTH CAROLINA,NC,2,0,2,181,0,LINCOLN,4,8,August,2010,4,Wednesday,19,49,0,5,4,99999,36.33103056,-78.33852778,12,1,0,1,0,0,1,1
370630,NORTH CAROLINA,NC,1,1,1,35,2150,BROOKLYN,7,1,January,2010,5,Thursday,10,35,0,6,4,99999,99.99990000,999.99990000,8,1,0,1,0,0,1,1
370631,NORTH CAROLINA,NC,1,0,1,57,0,BANKSTON,15,4,April,2010,5,Thursday,9,25,0,5,4,99999,35.72156944,-80.20843611,53,1,0,1,0,0,1,0
370632,NORTH CAROLINA,NC,1,0,2,19,0,CEDAR BLUFF,13,6,June,2010,1,Sunday,4,32,0,5,4,99999,33.91952222,-78.34402222,42,2,0,1,0,0,2,1
370633,NORTH CAROLINA,NC,3,0,3,47,0,BROWNS,23,7,July,2010,6,Friday,16,14,0,4,3,99999,34.38183889,-78.27393889,12,1,0,1,0,0,1,0
370634,NORTH CAROLINA,NC,1,0,1,67,5120,ABBEVILLE,24,7,July,2010,7,Saturday,20,39,0,4,3,99999,36.08515833,-80.30758056,33,3,0,1,0,0,1,0
370635,NORTH CAROLINA,NC,3,0,6,85,0,BENTON,30,7,July,2010,6,Friday,16,4,0,5,4,99999,35.35773056,-78.65898611,12,1,0,1,0,0,1,0
370636,NORTH CAROLINA,NC,1,0,1,91,0,DAYTON,30,7,July,2010,6,Friday,21,31,1,2,2,99999,36.51345556,-76.98682222,34,2,0,1,0,0,1,1
370637,NORTH CAROLINA,NC,1,0,1,97,0,AXIS,17,7,July,2010,7,Saturday,1,25,0,5,4,99999,35.88896389,-80.88115556,53,2,0,1,0,0,1,1
370638,NORTH CAROLINA,NC,1,0,1,97,0,AXIS,23,7,July,2010,6,Friday,2,25,0,5,4,99999,35.74712222,-80.99082500,1,2,0,1,0,0,1,1
370639,NORTH CAROLINA,NC,3,0,5,119,870,BELLAMY,15,7,July,2010,5,Thursday,99,99,0,16,6,99999,35.27990556,-80.89671111,12,2,0,1,0,0,1,1
370640,NORTH CAROLINA,NC,2,1,7,119,870,BELLAMY,17,7,July,2010,7,Saturday,21,34,0,16,6,99999,35.21071667,-80.75879722,8,3,0,2,0,0,1,0
370641,NORTH CAROLINA,NC,2,0,3,119,870,BELLAMY,29,7,July,2010,5,Thursday,13,38,0,16,6,99999,35.12148056,-80.94923056,12,1,0,1,0,0,1,0
370642,NORTH CAROLINA,NC,1,0,1,127,3930,BURNWELL,5,7,July,2010,2,Monday,0,46,0,16,6,99999,35.91189722,-77.83051667,1,2,0,1,0,0,1,1
370643,NORTH CAROLINA,NC,1,0,1,151,0,FLIPPEN,17,7,July,2010,7,Saturday,21,30,1,2,2,99999,35.91550278,-80.03083056,18,2,0,2,0,0,1,0
370644,NORTH CAROLINA,NC,2,0,4,151,0,FLIPPEN,28,7,July,2010,4,Wednesday,21,45,0,5,4,99999,35.81991944,-79.82876389,12,2,0,1,0,0,1,0
370645,NORTH CAROLINA,NC,1,1,4,155,2770,IRWIN,18,7,July,2010,1,Sunday,1,12,1,11,1,99999,34.64364167,-79.01476667,8,2,0,1,0,0,1,0
370646,NORTH CAROLINA,NC,1,0,1,179,0,ALLENHURST,31,7,July,2010,7,Saturday,16,10,0,5,4,99999,34.97558056,-80.30297778,52,1,0,10,0,0,1,1
370647,NORTH CAROLINA,NC,1,0,2,181,0,LINCOLN,25,7,July,2010,1,Sunday,2,20,0,5,4,99999,36.35336111,-78.32599722,42,2,0,1,0,0,1,0
370648,NORTH CAROLINA,NC,1,0,1,183,3750,FORT STEWART,28,7,July,2010,4,Wednesday,20,50,0,16,6,99999,35.87221667,-78.65867778,33,3,0,1,0,0,1,1
370649,NORTH CAROLINA,NC,1,1,1,191,0,CRESCENT,25,7,July,2010,1,Sunday,23,21,1,2,2,99999,99.99990000,999.99990000,8,2,0,1,0,0,1,0
370650,NORTH CAROLINA,NC,3,0,3,1,0,AUTAUGA,14,8,August,2010,7,Saturday,21,0,0,3,3,99999,36.16278056,-79.50903333,12,2,0,1,0,0,1,1
370651,NORTH CAROLINA,NC,3,0,7,51,1670,CENTRAL,27,7,July,2010,3,Tuesday,8,48,0,12,6,99999,35.10057222,-78.90649167,12,1,0,2,0,0,1,0
370652,NORTH CAROLINA,NC,2,0,5,133,2330,ARLEY,30,7,July,2010,6,Friday,22,18,0,14,6,99999,34.79960278,-77.43928056,12,3,0,1,0,0,1,1
370653,NORTH CAROLINA,NC,2,0,2,5,0,BAKER HILL,19,8,August,2010,5,Thursday,15,48,0,4,3,99999,36.54439722,-81.01052222,12,1,0,2,0,0,1,0
370654,NORTH CAROLINA,NC,2,0,2,13,0,BOLLING,9,8,August,2010,2,Monday,17,31,0,5,4,99999,35.56326667,-76.88878333,12,1,0,1,0,0,1,1
370655,NORTH CAROLINA,NC,1,0,2,13,0,BOLLING,15,8,August,2010,1,Sunday,4,8,0,6,4,99999,35.69055278,-77.07953611,34,2,0,1,0,0,1,1
370656,NORTH CAROLINA,NC,2,0,2,17,0,CHAMBERS,19,8,August,2010,5,Thursday,14,12,0,6,4,99999,34.51801389,-78.52651944,12,1,0,2,0,0,1,0
370657,NORTH CAROLINA,NC,2,0,2,19,0,CEDAR BLUFF,6,8,August,2010,6,Friday,7,19,0,6,4,99999,33.96636389,-78.33259444,12,1,0,1,0,0,1,0
370658,NORTH CAROLINA,NC,2,0,2,19,0,CEDAR BLUFF,19,8,August,2010,5,Thursday,2,49,1,2,2,99999,34.20207778,-78.04861389,12,2,0,1,0,0,1,1
370659,NORTH CAROLINA,NC,2,0,2,23,0,BLADON SPRINGS,6,8,August,2010,6,Friday,12,19,0,6,4,99999,35.68724444,-81.84131111,12,1,0,1,0,0,1,0
370660,NORTH CAROLINA,NC,2,1,1,35,0,BROOKLYN,6,8,August,2010,6,Friday,3,55,1,2,2,99999,35.67396111,-81.33633611,8,2,0,5,0,0,1,0
370661,NORTH CAROLINA,NC,2,0,6,35,0,BROOKLYN,22,8,August,2010,1,Sunday,1,45,0,3,4,99999,35.67922500,-81.27303611,12,2,0,1,0,0,2,0
370662,NORTH CAROLINA,NC,1,0,1,45,0,ARITON,7,8,August,2010,7,Saturday,8,4,0,4,4,99999,35.32370556,-81.61605833,1,1,0,1,0,0,1,0
370663,NORTH CAROLINA,NC,1,0,1,45,0,ARITON,15,8,August,2010,1,Sunday,3,44,0,4,4,99999,35.27347778,-81.44894722,23,2,0,1,0,0,1,0
370664,NORTH CAROLINA,NC,1,0,1,57,0,BANKSTON,20,8,August,2010,6,Friday,20,46,0,5,4,99999,35.79647778,-80.12041667,1,2,0,1,0,0,1,1
370665,NORTH CAROLINA,NC,2,0,2,61,0,BELLWOOD,7,8,August,2010,7,Saturday,21,29,0,4,3,99999,34.96300833,-77.79047778,12,2,0,10,0,0,1,1
370666,NORTH CAROLINA,NC,2,0,2,61,0,BELLWOOD,10,8,August,2010,3,Tuesday,8,10,1,2,2,99999,34.88196944,-78.04801111,12,1,0,1,0,0,1,0
370667,NORTH CAROLINA,NC,1,1,1,63,1360,BOLIGEE,7,8,August,2010,7,Saturday,23,45,0,13,6,99999,35.98993889,-78.85707778,8,3,0,1,0,0,1,0
370668,NORTH CAROLINA,NC,3,0,3,67,5120,ABBEVILLE,3,8,August,2010,3,Tuesday,13,29,0,14,6,99999,36.08135278,-80.29749444,12,1,0,1,0,0,1,0
370669,NORTH CAROLINA,NC,2,0,3,67,937,ABBEVILLE,17,8,August,2010,3,Tuesday,16,44,0,16,6,99999,36.02770556,-80.40350556,12,1,0,1,0,0,1,1
370670,NORTH CAROLINA,NC,1,0,2,69,0,ASHFORD,21,8,August,2010,7,Saturday,22,6,0,3,4,99999,36.08760278,-78.26853333,59,2,0,1,0,0,1,1
370671,NORTH CAROLINA,NC,1,0,1,77,0,ANDERSON,14,8,August,2010,7,Saturday,7,0,0,4,4,99999,36.44600278,-78.56155833,34,4,0,1,0,0,1,0
370672,NORTH CAROLINA,NC,2,0,2,81,1940,AUBURN,1,8,August,2010,1,Sunday,2,23,0,14,6,99999,36.05206111,-79.82619167,12,3,0,10,0,0,1,2
370673,NORTH CAROLINA,NC,1,0,1,81,1940,AUBURN,8,8,August,2010,1,Sunday,12,12,1,11,1,99999,36.06727778,-79.69078889,35,1,0,10,0,0,1,0
370674,NORTH CAROLINA,NC,1,0,2,81,2170,AUBURN,10,8,August,2010,3,Tuesday,0,39,0,13,6,99999,35.96995833,-79.98969444,30,3,0,1,0,0,2,1
370675,NORTH CAROLINA,NC,2,0,2,81,1940,AUBURN,12,8,August,2010,5,Thursday,8,11,1,11,1,99999,35.99842500,-79.77447500,57,1,0,10,0,0,1,1
370676,NORTH CAROLINA,NC,1,0,1,81,0,AUBURN,14,8,August,2010,7,Saturday,3,9,0,6,4,99999,35.90782222,-79.55399722,38,2,0,1,0,0,1,1
370677,NORTH CAROLINA,NC,1,0,1,89,0,BROWNSBORO,17,8,August,2010,3,Tuesday,21,1,0,6,4,99999,35.34241667,-82.35310833,35,2,0,1,0,0,1,0
370678,NORTH CAROLINA,NC,1,0,2,93,0,BEAR CREEK,14,8,August,2010,7,Saturday,20,25,0,4,3,99999,34.95271944,-79.17876667,42,5,0,1,0,0,1,0
370679,NORTH CAROLINA,NC,1,0,1,101,0,BOYLSTON,17,8,August,2010,3,Tuesday,7,20,0,4,3,99999,35.63956389,-78.16293889,53,1,0,1,0,0,1,0
370680,NORTH CAROLINA,NC,2,0,5,105,0,MARION,7,8,August,2010,7,Saturday,21,11,0,3,3,99999,35.40369167,-79.11418056,12,2,0,1,0,0,1,0
370681,NORTH CAROLINA,NC,1,0,1,111,0,GRAHAM,15,8,August,2010,1,Sunday,3,24,1,1,1,99999,35.63358056,-82.08366389,24,2,0,10,0,0,1,0
370682,NORTH CAROLINA,NC,2,0,2,119,870,BELLAMY,6,8,August,2010,6,Friday,20,49,0,14,6,99999,35.11525833,-80.95639167,12,2,0,10,0,0,1,0
370683,NORTH CAROLINA,NC,1,0,2,123,0,ALEXANDER CITY,20,8,August,2010,6,Friday,4,30,1,2,2,99999,35.44962222,-79.78130000,24,2,0,10,0,0,1,1
370684,NORTH CAROLINA,NC,1,0,2,123,0,ALEXANDER CITY,16,8,August,2010,2,Monday,17,35,0,6,4,99999,99.99990000,999.99990000,1,1,0,1,0,0,1,0
370685,NORTH CAROLINA,NC,1,0,1,127,0,BURNWELL,14,8,August,2010,7,Saturday,5,28,0,5,4,99999,35.84509167,-78.00691944,42,2,0,1,0,0,1,1
370686,NORTH CAROLINA,NC,1,0,1,127,0,BURNWELL,18,8,August,2010,4,Wednesday,11,39,1,1,1,99999,35.82700000,-77.98336111,1,1,0,1,0,0,1,0
370687,NORTH CAROLINA,NC,1,0,6,135,0,ASH FLAT,6,8,August,2010,6,Friday,8,43,0,4,4,99999,36.03771667,-79.13438333,1,1,0,1,0,0,1,0
370688,NORTH CAROLINA,NC,1,0,2,151,0,FLIPPEN,7,8,August,2010,7,Saturday,23,50,0,5,4,99999,35.83390556,-79.97688611,35,2,0,1,0,0,1,1
370689,NORTH CAROLINA,NC,1,0,1,155,0,IRWIN,6,8,August,2010,6,Friday,12,55,1,2,2,99999,34.70281111,-79.01062500,1,1,0,1,0,0,1,0
370690,NORTH CAROLINA,NC,1,1,2,157,1435,ARCADE,17,8,August,2010,3,Tuesday,3,41,0,16,6,99999,36.51529167,-79.69001667,9,3,0,1,0,0,1,0
370691,NORTH CAROLINA,NC,1,0,2,165,0,HERNDON,12,8,August,2010,5,Thursday,19,13,0,4,3,99999,34.75748056,-79.61809167,42,1,0,1,0,0,1,1
370692,NORTH CAROLINA,NC,1,0,1,167,0,ADRIAN,9,8,August,2010,2,Monday,10,59,0,6,4,99999,35.22585000,-80.22688889,35,1,0,1,0,0,1,0
370693,NORTH CAROLINA,NC,2,0,2,169,0,BRADLEY,8,8,August,2010,1,Sunday,23,35,0,4,3,99999,36.28676389,-80.32095833,12,2,0,1,0,0,1,1
370694,NORTH CAROLINA,NC,1,0,1,173,0,LAKELAND,2,8,August,2010,2,Monday,12,0,0,3,2,99999,35.44906389,-83.93597500,35,1,0,1,0,0,1,1
370695,NORTH CAROLINA,NC,2,0,5,179,0,ALLENHURST,14,8,August,2010,7,Saturday,9,17,0,4,4,99999,34.96742222,-80.50970000,12,1,0,10,0,0,2,0
370696,NORTH CAROLINA,NC,1,1,2,181,0,LINCOLN,10,8,August,2010,3,Tuesday,21,5,0,4,4,99999,36.46830278,-78.38719444,9,2,0,1,0,0,1,0
370697,NORTH CAROLINA,NC,3,0,4,181,2120,LINCOLN,14,8,August,2010,7,Saturday,22,11,1,11,1,99999,36.35108056,-78.39002500,7,2,0,1,0,0,1,1
370698,NORTH CAROLINA,NC,2,0,2,183,3750,FORT STEWART,5,8,August,2010,5,Thursday,7,14,0,14,6,99999,35.83938611,-78.61206944,12,1,0,1,0,0,1,0
370699,NORTH CAROLINA,NC,1,0,1,183,0,FORT STEWART,7,8,August,2010,7,Saturday,1,53,0,6,4,99999,35.70142778,-78.92595278,34,2,0,1,0,0,1,1
370700,NORTH CAROLINA,NC,2,0,2,183,0,FORT STEWART,6,8,August,2010,6,Friday,18,0,0,6,4,99999,36.02695833,-78.65232500,12,1,0,1,0,0,1,0
370701,NORTH CAROLINA,NC,2,0,2,183,0,FORT STEWART,9,8,August,2010,2,Monday,7,43,0,3,3,99999,36.02494444,-78.47697222,12,1,0,1,0,0,1,1
370702,NORTH CAROLINA,NC,1,0,1,183,0,FORT STEWART,16,8,August,2010,2,Monday,8,38,0,6,4,99999,35.82338056,-78.43440000,43,1,0,1,0,0,1,0
370703,NORTH CAROLINA,NC,1,0,1,183,0,FORT STEWART,20,8,August,2010,6,Friday,11,32,1,1,1,99999,35.59569167,-78.56709444,24,1,0,1,0,0,1,0
370704,NORTH CAROLINA,NC,2,0,2,183,800,FORT STEWART,24,8,August,2010,3,Tuesday,7,38,0,15,4,99999,99.99990000,999.99990000,12,1,10,2,0,0,1,0
370705,NORTH CAROLINA,NC,2,0,2,187,0,DAHLONEGA,11,8,August,2010,4,Wednesday,6,35,0,4,3,99999,35.77576389,-76.70448333,12,2,0,1,0,0,1,0
370706,NORTH CAROLINA,NC,2,0,8,193,0,IDEAL,9,8,August,2010,2,Monday,22,6,0,5,4,99999,99.99990000,999.99990000,12,2,0,10,0,0,1,0
370707,NORTH CAROLINA,NC,2,0,2,193,0,IDEAL,21,8,August,2010,7,Saturday,17,21,0,4,4,99999,36.28060556,-81.10021667,12,1,0,2,0,0,1,1
370708,NORTH CAROLINA,NC,2,0,2,195,0,CARLTON,16,8,August,2010,2,Monday,15,40,0,4,3,99999,35.72282500,-77.89238056,12,1,0,1,0,0,1,0
370709,NORTH CAROLINA,NC,2,0,3,145,0,BALD KNOB,15,1,January,2010,6,Friday,13,17,0,4,3,99999,36.35508889,-79.04233889,12,1,0,1,0,0,1,0
370710,NORTH CAROLINA,NC,2,0,3,153,0,BONAIRE,9,1,January,2010,7,Saturday,13,40,0,13,3,99999,34.88607222,-79.71619722,12,1,0,1,0,0,1,0
370711,NORTH CAROLINA,NC,2,0,2,21,0,CHILTON,17,2,February,2010,4,Wednesday,16,5,0,2,3,99999,35.58675833,-82.59753333,12,1,0,10,0,0,1,0
370712,NORTH CAROLINA,NC,1,1,1,155,3790,IRWIN,20,2,February,2010,7,Saturday,17,42,0,15,6,99999,34.80351389,-79.18962500,9,1,0,1,0,0,1,0
370713,NORTH CAROLINA,NC,1,0,2,63,1360,BOLIGEE,3,3,March,2010,4,Wednesday,14,50,0,14,6,99999,35.94855000,-78.90312222,30,1,0,10,0,0,1,0
370714,NORTH CAROLINA,NC,1,0,2,77,713,ANDERSON,8,3,March,2010,2,Monday,18,5,0,15,6,99999,99.99990000,999.99990000,1,1,0,1,0,0,1,1
370715,NORTH CAROLINA,NC,2,0,3,47,0,BROWNS,28,6,June,2010,2,Monday,12,50,0,4,3,99999,34.03046944,-78.63962222,12,1,0,1,0,0,1,0
370716,NORTH CAROLINA,NC,1,0,2,57,0,BANKSTON,13,7,July,2010,3,Tuesday,23,22,0,6,4,99999,35.83959444,-80.29211944,32,2,10,2,0,0,1,0
370717,NORTH CAROLINA,NC,1,1,2,17,0,CHAMBERS,27,8,August,2010,6,Friday,22,30,0,4,3,99999,34.65721667,-78.72768333,8,2,0,10,0,0,1,0
370718,NORTH CAROLINA,NC,3,0,3,21,0,CHILTON,31,8,August,2010,3,Tuesday,22,43,1,1,1,99999,35.55813611,-82.59573056,12,2,0,1,0,0,1,0
370719,NORTH CAROLINA,NC,2,0,8,31,0,COFFEE,28,8,August,2010,7,Saturday,20,20,0,4,4,99999,34.73716944,-76.55788333,12,2,0,1,0,0,2,0
370720,NORTH CAROLINA,NC,1,0,2,35,0,BROOKLYN,21,8,August,2010,7,Saturday,12,10,0,3,3,99999,35.63175000,-81.15506111,1,1,0,1,0,0,1,0
370721,NORTH CAROLINA,NC,1,0,1,37,0,BRADFORD,28,8,August,2010,7,Saturday,8,19,1,2,2,99999,35.85763889,-79.08367778,42,1,5,5,0,0,1,0
370722,NORTH CAROLINA,NC,1,1,1,47,0,BROWNS,10,8,August,2010,3,Tuesday,18,30,0,5,4,99999,34.31321389,-78.92311111,8,1,0,1,0,0,1,0
370723,NORTH CAROLINA,NC,1,0,1,51,0,CENTRAL,12,8,August,2010,5,Thursday,1,15,0,5,4,99999,35.05980833,-78.70086111,34,2,0,1,0,0,1,1
370724,NORTH CAROLINA,NC,1,0,1,51,0,CENTRAL,27,8,August,2010,6,Friday,21,50,0,4,3,99999,34.95993056,-78.64509444,34,2,0,1,0,0,1,1
370725,NORTH CAROLINA,NC,2,0,2,63,1360,BOLIGEE,25,8,August,2010,4,Wednesday,17,12,1,11,1,99999,36.01578333,-78.89282222,12,1,0,1,0,0,1,0
370726,NORTH CAROLINA,NC,1,0,2,83,0,ARDMORE,27,8,August,2010,6,Friday,13,44,1,1,1,99999,36.17799167,-77.76737778,34,1,0,1,0,0,1,0
370727,NORTH CAROLINA,NC,1,0,1,97,0,AXIS,30,8,August,2010,2,Monday,4,16,0,6,4,99999,36.02971667,-80.99161944,11,2,0,1,0,0,1,0
370728,NORTH CAROLINA,NC,2,0,9,101,0,BOYLSTON,23,8,August,2010,2,Monday,16,55,0,6,4,99999,35.38851667,-78.53034722,12,1,0,1,0,0,1,0
370729,NORTH CAROLINA,NC,1,0,1,105,0,MARION,21,8,August,2010,7,Saturday,2,14,0,4,4,99999,35.38628611,-79.21009444,42,2,0,1,0,0,1,0
370730,NORTH CAROLINA,NC,1,2,1,119,870,BELLAMY,22,8,August,2010,1,Sunday,7,54,0,16,6,99999,35.18580556,-80.78324444,8,1,0,1,0,0,1,0
370731,NORTH CAROLINA,NC,2,0,3,141,0,BEE BRANCH,27,8,August,2010,6,Friday,10,40,1,2,2,99999,34.37177778,-77.70604167,12,1,0,1,0,0,1,0
370732,NORTH CAROLINA,NC,2,0,3,147,0,AUGUSTA,25,8,August,2010,4,Wednesday,13,45,0,4,3,99999,35.61293056,-77.57175833,12,1,0,1,0,0,1,0
370733,NORTH CAROLINA,NC,2,0,3,161,0,DENTON,24,8,August,2010,3,Tuesday,12,10,1,2,2,99999,99.99990000,999.99990000,12,1,0,1,0,0,2,0
370734,NORTH CAROLINA,NC,2,0,2,161,0,DENTON,26,8,August,2010,5,Thursday,5,55,1,2,2,99999,35.29946944,-81.74976111,12,2,0,1,0,0,1,0
370735,NORTH CAROLINA,NC,2,0,2,163,0,AVERA,27,8,August,2010,6,Friday,10,4,0,5,3,99999,34.99108611,-78.25561389,54,1,0,1,0,0,1,0
370736,NORTH CAROLINA,NC,1,0,1,165,0,HERNDON,27,8,August,2010,6,Friday,12,0,0,6,4,99999,34.77873889,-79.55629444,42,1,0,1,0,0,1,0
370737,NORTH CAROLINA,NC,1,0,1,173,0,LAKELAND,31,8,August,2010,3,Tuesday,17,55,0,6,4,99999,35.37498333,-83.46856389,1,1,0,1,0,0,1,1
370739,NORTH CAROLINA,NC,2,0,2,183,3750,FORT STEWART,20,8,August,2010,6,Friday,0,23,0,3,6,99999,35.74086111,-78.67026389,38,2,0,2,0,0,1,1
370740,NORTH CAROLINA,NC,1,1,1,191,1880,CRESCENT,21,8,August,2010,7,Saturday,22,21,1,12,2,99999,35.39440278,-78.01013889,8,2,0,1,0,0,1,0
370741,NORTH CAROLINA,NC,1,1,2,191,0,CRESCENT,28,8,August,2010,7,Saturday,1,44,1,2,2,99999,35.39450833,-78.01039722,8,2,0,1,0,0,1,0
370742,NORTH CAROLINA,NC,1,0,2,191,1880,CRESCENT,31,8,August,2010,3,Tuesday,7,45,0,15,6,99999,35.40398889,-77.99968889,30,1,0,1,0,0,1,0
370743,NORTH CAROLINA,NC,1,0,1,1,0,AUTAUGA,3,9,September,2010,6,Friday,23,32,0,6,4,99999,35.93350556,-79.46256667,34,2,0,1,0,0,1,1
370744,NORTH CAROLINA,NC,3,0,3,97,0,AXIS,4,9,September,2010,7,Saturday,15,13,0,4,3,99999,36.04096944,-80.96008611,12,1,0,1,0,0,1,0
370745,NORTH CAROLINA,NC,2,0,2,115,0,ASHVILLE,3,9,September,2010,6,Friday,15,53,0,3,3,99999,35.98425833,-82.76404444,54,1,0,1,0,0,1,1
370746,NORTH CAROLINA,NC,1,0,1,125,0,BROOKWOOD,4,9,September,2010,7,Saturday,13,45,0,6,6,99999,35.19308333,-79.18386667,43,1,0,1,0,0,1,0
370747,NORTH CAROLINA,NC,1,0,2,127,0,BURNWELL,1,9,September,2010,4,Wednesday,23,20,1,1,1,99999,36.05650556,-77.82813611,1,2,0,1,0,0,1,0
370748,NORTH CAROLINA,NC,1,1,2,127,0,BURNWELL,8,9,September,2010,4,Wednesday,20,2,1,2,2,99999,36.07071389,-77.74887222,9,2,0,10,0,0,1,0