ST_CASE,State Name,State Abbreviation,VE_TOTAL,Pedestrains,Total_Persons_in_accident,COUNTY,CITY,City_County_Name,Calendar_DAY,MONTH,Month_Name,YEAR,DAY_WEEK,Day_Week_desc,HOUR,MINUTE,NHS_Desc,trafficway,ROUTE,MILEPT,LATITUDE,LONGITUD,First_Crash_event,Light_cond_desc,Weather_condition,WEATHER,SCH_BUS,Crash_cause,FATALS,DRUNK_DR
370749,NORTH CAROLINA,NC,1,1,1,155,4165,IRWIN,1,9,September,2010,4,Wednesday,19,10,0,4,3,99999,34.84785000,-79.13937222,8,1,0,1,0,0,1,0
370750,NORTH CAROLINA,NC,2,1,4,155,0,IRWIN,4,9,September,2010,7,Saturday,0,3,0,4,3,99999,34.77513333,-79.32638611,12,3,0,1,0,0,1,0
370751,NORTH CAROLINA,NC,1,1,3,155,0,IRWIN,3,9,September,2010,6,Friday,20,57,0,6,4,99999,34.66168056,-79.11993056,9,2,0,1,0,0,1,1
370752,NORTH CAROLINA,NC,1,0,1,51,0,CENTRAL,9,1,January,2010,7,Saturday,6,30,0,5,4,99999,34.86131944,-78.90312222,38,2,0,1,0,0,1,0
370753,NORTH CAROLINA,NC,2,0,2,129,0,BIGBEE,25,3,March,2010,5,Thursday,13,13,0,3,4,99999,34.11890556,-77.88001944,12,1,0,1,0,0,1,0
370754,NORTH CAROLINA,NC,5,0,10,179,9997,ALLENHURST,6,6,June,2010,1,Sunday,16,3,0,15,6,99999,35.13301944,-80.60902778,12,1,0,1,0,0,1,0
370755,NORTH CAROLINA,NC,2,0,2,21,170,CHILTON,24,8,August,2010,3,Tuesday,15,44,1,2,2,99999,35.56693333,-82.54133333,12,1,0,1,0,0,1,1
370756,NORTH CAROLINA,NC,2,0,3,55,4280,ATTALLA,18,8,August,2010,4,Wednesday,8,12,0,14,6,99999,36.12887222,-75.72987500,12,1,0,1,0,0,1,0
370757,NORTH CAROLINA,NC,2,0,3,133,0,ARLEY,30,8,August,2010,2,Monday,21,20,0,4,4,99999,34.87572222,-77.50468333,12,2,0,1,0,0,1,0
370758,NORTH CAROLINA,NC,2,0,4,155,0,IRWIN,29,8,August,2010,1,Sunday,3,2,0,4,3,99999,34.58393333,-79.26773056,12,2,0,1,0,0,1,1
370759,NORTH CAROLINA,NC,1,1,3,17,0,CHAMBERS,15,9,September,2010,4,Wednesday,20,41,0,5,4,99999,34.55506389,-78.80523333,8,2,0,1,0,0,1,0
370760,NORTH CAROLINA,NC,1,0,4,19,0,CEDAR BLUFF,11,9,September,2010,7,Saturday,2,24,0,6,4,99999,34.24812222,-78.12400000,38,2,0,10,0,0,3,1
370761,NORTH CAROLINA,NC,2,0,3,21,0,CHILTON,13,9,September,2010,2,Monday,15,32,0,3,4,99999,35.62537222,-82.68200278,12,1,0,1,0,0,1,0
370762,NORTH CAROLINA,NC,2,0,1,25,0,BARLOW BEND,6,9,September,2010,2,Monday,3,17,0,6,4,99999,35.35266111,-80.53413056,14,2,0,1,0,0,1,0
370763,NORTH CAROLINA,NC,1,0,1,27,0,ASHLAND,14,9,September,2010,3,Tuesday,18,16,0,6,4,99999,99.99990000,999.99990000,42,1,0,1,0,0,1,1
370764,NORTH CAROLINA,NC,1,0,2,31,0,COFFEE,18,9,September,2010,7,Saturday,3,29,0,4,3,99999,34.82556944,-76.69332500,42,2,0,1,0,0,1,1
370765,NORTH CAROLINA,NC,3,0,4,35,0,BROOKLYN,14,9,September,2010,3,Tuesday,16,46,0,6,4,99999,35.77242222,-81.27573889,12,1,0,1,0,0,1,1
370766,NORTH CAROLINA,NC,1,0,1,37,0,BRADFORD,13,9,September,2010,2,Monday,14,40,0,5,4,99999,35.74031111,-79.45321111,42,1,0,1,0,0,1,0
370767,NORTH CAROLINA,NC,2,0,4,51,0,CENTRAL,12,9,September,2010,1,Sunday,19,10,0,2,3,99999,34.95356389,-78.93814167,12,1,0,1,0,0,1,0
370768,NORTH CAROLINA,NC,2,0,4,51,0,CENTRAL,16,9,September,2010,5,Thursday,4,10,1,2,3,99999,35.06021111,-78.89299444,12,2,0,10,0,0,1,0
370769,NORTH CAROLINA,NC,1,1,1,57,0,BANKSTON,7,9,September,2010,3,Tuesday,18,10,0,4,3,99999,35.85128333,-80.32645278,8,1,0,1,0,0,1,0
370770,NORTH CAROLINA,NC,2,0,3,61,450,BELLWOOD,9,9,September,2010,5,Thursday,14,14,1,13,3,99999,34.92239444,-77.76569444,12,1,0,1,0,0,1,0
370771,NORTH CAROLINA,NC,3,0,3,65,0,CYPRESS,5,9,September,2010,1,Sunday,3,9,1,2,2,99999,35.95876389,-77.78861111,12,2,0,1,0,0,1,1
370772,NORTH CAROLINA,NC,1,0,1,67,0,ABBEVILLE,4,9,September,2010,7,Saturday,6,25,0,4,3,99999,36.20383611,-80.30782778,32,4,0,1,0,0,1,1
370773,NORTH CAROLINA,NC,1,0,1,67,5120,ABBEVILLE,9,9,September,2010,5,Thursday,21,5,1,11,1,99999,36.05992500,-80.22053611,24,2,0,1,0,0,1,1
370774,NORTH CAROLINA,NC,1,0,1,71,0,BRIDGEPORT,8,9,September,2010,4,Wednesday,12,25,0,4,4,99999,35.35398611,-81.03129444,53,1,0,1,0,0,1,1
370775,NORTH CAROLINA,NC,2,0,3,71,0,BRIDGEPORT,12,9,September,2010,1,Sunday,21,15,0,4,3,99999,35.30006667,-81.28766944,12,2,0,1,0,0,1,1
370776,NORTH CAROLINA,NC,1,0,1,71,0,BRIDGEPORT,22,9,September,2010,4,Wednesday,20,29,0,6,4,99999,99.99990000,999.99990000,42,2,0,10,0,0,1,0
370777,NORTH CAROLINA,NC,2,0,3,81,1940,AUBURN,4,9,September,2010,7,Saturday,18,5,0,16,6,99999,36.08288611,-79.88923056,12,1,0,1,0,0,1,0
370778,NORTH CAROLINA,NC,1,0,2,81,0,AUBURN,18,9,September,2010,7,Saturday,2,11,0,4,4,99999,35.92297778,-79.81095278,32,3,0,1,0,0,1,1
370779,NORTH CAROLINA,NC,2,0,3,85,0,BENTON,11,9,September,2010,7,Saturday,13,29,0,4,3,99999,35.41843333,-78.80338611,12,1,0,1,0,0,1,0
370780,NORTH CAROLINA,NC,2,0,4,89,0,BROWNSBORO,11,9,September,2010,7,Saturday,3,30,1,2,2,99999,35.40024444,-82.50801111,12,2,0,1,0,0,1,1
370781,NORTH CAROLINA,NC,1,0,1,101,930,BOYLSTON,7,9,September,2010,3,Tuesday,18,37,0,16,4,99999,35.69396944,-78.40719167,1,1,0,1,0,0,1,0
370782,NORTH CAROLINA,NC,2,0,3,101,0,BOYLSTON,14,9,September,2010,3,Tuesday,7,55,1,1,1,99999,35.26601389,-78.38822500,14,1,0,1,0,0,1,1
370783,NORTH CAROLINA,NC,1,0,2,109,0,ANSLEY,18,9,September,2010,7,Saturday,23,8,0,5,4,99999,35.43871389,-81.35625000,32,2,0,1,0,0,2,1
370784,NORTH CAROLINA,NC,1,1,1,119,870,BELLAMY,1,9,September,2010,4,Wednesday,3,0,0,16,6,99999,35.06323333,-80.86581111,8,2,0,1,0,0,1,0
370785,NORTH CAROLINA,NC,1,1,2,119,870,BELLAMY,5,9,September,2010,1,Sunday,23,59,1,11,1,99999,35.27785833,-80.80101111,8,2,0,1,0,0,1,0
370786,NORTH CAROLINA,NC,1,0,1,123,0,ALEXANDER CITY,11,9,September,2010,7,Saturday,5,57,0,3,3,99999,35.32184722,-79.94416111,34,2,0,10,0,0,1,1
370787,NORTH CAROLINA,NC,1,0,2,127,0,BURNWELL,8,9,September,2010,4,Wednesday,11,50,0,4,3,99999,35.83632500,-77.95924167,42,1,0,1,0,0,1,0
370788,NORTH CAROLINA,NC,1,0,1,127,0,BURNWELL,15,9,September,2010,4,Wednesday,6,52,0,5,4,99999,35.98488333,-77.98173056,32,1,0,1,0,0,1,1
370789,NORTH CAROLINA,NC,2,0,6,129,0,BIGBEE,9,9,September,2010,5,Thursday,21,3,1,2,2,99999,34.31933889,-77.87143611,12,3,0,1,0,0,1,0
370790,NORTH CAROLINA,NC,4,0,4,133,0,ARLEY,18,9,September,2010,7,Saturday,10,42,0,3,4,99999,34.76241667,-77.34168889,12,1,0,1,0,0,1,0
370791,NORTH CAROLINA,NC,4,0,7,141,0,BEE BRANCH,15,9,September,2010,4,Wednesday,16,29,0,4,3,99999,34.54276111,-78.00155556,12,1,0,1,0,0,1,0
370792,NORTH CAROLINA,NC,1,0,1,153,0,BONAIRE,11,9,September,2010,7,Saturday,6,30,0,4,2,99999,35.06836111,-79.73550833,35,2,0,10,0,0,1,1
370793,NORTH CAROLINA,NC,1,1,1,153,2020,BONAIRE,19,9,September,2010,1,Sunday,5,7,0,16,6,99999,34.85832778,-79.69533889,8,2,0,1,0,0,1,0
370794,NORTH CAROLINA,NC,1,1,1,155,0,IRWIN,10,9,September,2010,6,Friday,23,21,0,4,4,99999,34.69660278,-78.91659722,53,2,0,1,0,0,1,0
370795,NORTH CAROLINA,NC,1,1,1,157,0,ARCADE,11,9,September,2010,7,Saturday,20,15,0,4,3,99999,36.24835833,-79.60495833,8,2,0,1,0,0,1,1
370796,NORTH CAROLINA,NC,2,0,4,163,0,AVERA,10,9,September,2010,6,Friday,10,12,0,4,4,99999,35.06848056,-78.43257222,12,1,0,1,0,0,1,0
370797,NORTH CAROLINA,NC,1,0,4,171,0,ALDORA,14,9,September,2010,3,Tuesday,23,50,0,5,4,99999,36.43826111,-80.47611389,59,2,0,1,0,0,1,1
370798,NORTH CAROLINA,NC,1,0,1,183,0,FORT STEWART,11,9,September,2010,7,Saturday,16,26,1,1,1,99999,35.63298333,-78.56439167,24,1,0,1,0,0,1,0
370799,NORTH CAROLINA,NC,1,0,3,183,0,FORT STEWART,18,9,September,2010,7,Saturday,16,5,1,2,2,99999,35.69602778,-78.67279444,24,1,0,1,0,0,2,0
370800,NORTH CAROLINA,NC,2,0,3,183,0,FORT STEWART,23,9,September,2010,5,Thursday,7,34,0,4,4,99999,35.87966111,-78.47507222,12,1,0,1,0,0,1,0
370801,NORTH CAROLINA,NC,3,0,7,191,0,CRESCENT,18,9,September,2010,7,Saturday,17,59,1,2,2,99999,35.27358333,-78.04052222,12,1,0,1,0,0,4,1
370802,NORTH CAROLINA,NC,1,0,1,191,0,CRESCENT,18,9,September,2010,7,Saturday,23,10,0,5,4,99999,35.58422778,-77.93233333,34,2,0,1,0,0,1,1
370803,NORTH CAROLINA,NC,2,0,4,193,5040,IDEAL,14,9,September,2010,3,Tuesday,22,9,1,13,2,99999,36.14983889,-81.24818333,12,2,0,1,0,0,1,1
370804,NORTH CAROLINA,NC,1,0,3,195,0,CARLTON,16,9,September,2010,5,Thursday,2,35,0,6,4,99999,99.99990000,999.99990000,34,2,0,1,0,0,1,1
370805,NORTH CAROLINA,NC,2,0,3,197,0,BUENA VISTA,10,9,September,2010,6,Friday,7,21,0,5,4,99999,36.13714722,-80.59832222,14,2,0,1,0,0,1,0
370806,NORTH CAROLINA,NC,1,0,1,197,0,BUENA VISTA,15,9,September,2010,4,Wednesday,8,7,0,5,4,99999,36.13607222,-80.62531389,42,1,0,1,0,0,1,0
370807,NORTH CAROLINA,NC,1,0,2,51,0,CENTRAL,17,1,January,2010,1,Sunday,20,50,0,6,4,99999,35.21408611,-78.84047500,1,2,0,10,0,0,1,1
370808,NORTH CAROLINA,NC,1,0,1,21,170,CHILTON,7,5,May,2010,6,Friday,15,34,0,16,6,99999,35.55715278,-82.64736667,30,1,0,1,0,0,1,1
370809,NORTH CAROLINA,NC,1,0,1,67,5120,ABBEVILLE,31,8,August,2010,3,Tuesday,17,57,0,14,6,99999,36.19191389,-80.23796389,1,1,0,1,0,0,1,0
370810,NORTH CAROLINA,NC,1,1,1,127,3930,BURNWELL,20,8,August,2010,6,Friday,20,38,0,13,6,99999,35.98561667,-77.78415556,8,3,0,1,0,0,1,0
370811,NORTH CAROLINA,NC,2,0,3,17,0,CHAMBERS,29,9,September,2010,4,Wednesday,8,59,0,5,4,99999,34.58559444,-78.66142222,12,1,0,2,0,0,1,0
370812,NORTH CAROLINA,NC,1,0,2,21,170,CHILTON,11,9,September,2010,7,Saturday,15,34,1,11,1,99999,35.59556667,-82.56948333,52,1,0,10,0,0,1,0
370813,NORTH CAROLINA,NC,2,1,3,35,2150,BROOKLYN,24,9,September,2010,6,Friday,20,53,1,12,2,99999,35.74740556,-81.36678333,8,2,0,1,0,0,1,0
370814,NORTH CAROLINA,NC,1,0,3,51,0,CENTRAL,18,9,September,2010,7,Saturday,3,1,0,6,4,99999,34.95310556,-78.83638889,34,2,0,1,0,0,1,1
370815,NORTH CAROLINA,NC,1,1,1,55,0,ATTALLA,29,9,September,2010,4,Wednesday,19,8,1,2,2,99999,35.88501667,-75.76302778,8,2,0,1,0,0,1,0
370816,NORTH CAROLINA,NC,1,0,1,55,0,ATTALLA,30,9,September,2010,5,Thursday,17,44,0,6,4,99999,35.93371389,-75.81278889,1,1,0,10,0,0,1,0
370817,NORTH CAROLINA,NC,2,0,2,59,0,FRANKLIN,26,9,September,2010,1,Sunday,14,30,1,2,2,99999,35.86471389,-80.40877500,12,1,0,2,0,0,1,1
370818,NORTH CAROLINA,NC,2,0,1,63,1360,BOLIGEE,13,9,September,2010,2,Monday,20,2,0,16,6,99999,36.01588333,-78.92778056,14,3,0,1,0,0,1,0
370819,NORTH CAROLINA,NC,2,0,5,63,0,BOLIGEE,24,9,September,2010,6,Friday,23,23,0,4,4,99999,35.98578611,-78.89007500,12,2,0,1,0,0,1,0
370820,NORTH CAROLINA,NC,1,0,1,63,1360,BOLIGEE,25,9,September,2010,7,Saturday,2,0,0,14,6,99999,35.97613056,-78.90818611,32,3,0,1,0,0,1,1
370821,NORTH CAROLINA,NC,2,0,2,81,1940,AUBURN,20,9,September,2010,2,Monday,2,58,1,11,1,99999,36.01467222,-79.85275278,12,3,0,1,0,0,1,1
370822,NORTH CAROLINA,NC,3,0,3,85,1350,BENTON,22,9,September,2010,4,Wednesday,15,58,1,11,1,99999,35.33200278,-78.56348889,50,1,0,1,0,0,1,0
370823,NORTH CAROLINA,NC,1,1,5,105,4090,MARION,18,9,September,2010,7,Saturday,17,14,0,13,6,99999,35.48457500,-79.17898056,8,1,0,1,0,0,1,0
370824,NORTH CAROLINA,NC,2,0,2,109,2660,ANSLEY,1,9,September,2010,4,Wednesday,8,48,0,14,6,99999,35.47234444,-81.25754444,12,1,0,1,0,0,1,0
370825,NORTH CAROLINA,NC,1,0,1,137,330,ALCO,30,9,September,2010,5,Thursday,16,4,0,15,3,99999,35.14335278,-76.76868333,23,1,0,2,0,0,1,0
370826,NORTH CAROLINA,NC,1,0,2,147,0,AUGUSTA,28,9,September,2010,3,Tuesday,17,58,0,4,3,99999,35.69661944,-77.50837222,42,1,0,10,0,0,1,1
370827,NORTH CAROLINA,NC,1,1,1,151,0,FLIPPEN,26,9,September,2010,1,Sunday,7,43,1,2,2,99999,35.80598056,-79.54367500,9,9,0,1,0,0,1,0
370828,NORTH CAROLINA,NC,2,0,2,155,0,IRWIN,17,9,September,2010,6,Friday,15,15,0,6,4,99999,34.62098889,-78.97642222,12,1,0,1,0,0,1,0
370829,NORTH CAROLINA,NC,2,0,3,159,0,FARRAR,15,9,September,2010,4,Wednesday,18,47,0,5,4,99999,35.57077222,-80.65475556,12,1,0,1,0,0,1,0
370830,NORTH CAROLINA,NC,1,0,1,159,4070,FARRAR,26,9,September,2010,1,Sunday,12,36,1,11,1,99999,35.65618056,-80.46180833,24,1,0,2,0,0,1,0
370831,NORTH CAROLINA,NC,2,0,5,161,0,DENTON,27,9,September,2010,2,Monday,15,28,0,6,4,99999,35.26384167,-81.81827500,12,1,0,2,0,0,1,0
370832,NORTH CAROLINA,NC,1,1,1,169,0,BRADLEY,16,9,September,2010,5,Thursday,4,58,0,6,4,99999,36.27036667,-80.38661944,8,1,0,1,0,0,1,0
370833,NORTH CAROLINA,NC,1,1,5,179,0,ALLENHURST,23,9,September,2010,5,Thursday,22,24,1,2,2,99999,34.98331667,-80.52703889,8,2,0,1,0,0,1,0
370834,NORTH CAROLINA,NC,2,0,3,183,3750,FORT STEWART,10,9,September,2010,6,Friday,14,52,0,14,6,99999,35.73153333,-78.65790278,12,1,0,1,0,0,1,0
370835,NORTH CAROLINA,NC,1,0,1,183,0,FORT STEWART,24,9,September,2010,6,Friday,6,31,0,4,4,99999,35.64355556,-78.83806111,42,4,0,1,0,0,1,0
370836,NORTH CAROLINA,NC,1,0,1,183,0,FORT STEWART,25,9,September,2010,7,Saturday,19,36,0,3,3,99999,35.67946944,-78.27192222,42,2,0,1,0,0,1,1
370837,NORTH CAROLINA,NC,1,0,1,183,0,FORT STEWART,24,9,September,2010,6,Friday,5,44,0,4,4,99999,35.70310278,-78.70940278,11,2,0,1,0,0,1,0
370838,NORTH CAROLINA,NC,1,0,2,185,0,ANAKTUVUK PASS,28,9,September,2010,3,Tuesday,20,46,0,4,4,99999,99.99990000,999.99990000,34,2,0,1,0,0,1,0
370839,NORTH CAROLINA,NC,1,0,5,187,0,DAHLONEGA,30,9,September,2010,5,Thursday,12,21,1,2,2,99999,35.87270833,-76.39120000,42,1,0,2,0,0,5,0
370840,NORTH CAROLINA,NC,2,0,4,193,5040,IDEAL,10,9,September,2010,6,Friday,21,35,0,13,2,99999,36.14432222,-81.28106111,12,6,0,2,0,0,1,0
370841,NORTH CAROLINA,NC,2,0,3,193,0,IDEAL,28,9,September,2010,3,Tuesday,16,9,0,4,4,99999,36.11922500,-81.12321944,12,1,0,1,0,0,1,0
370842,NORTH CAROLINA,NC,1,1,1,63,1360,BOLIGEE,11,1,January,2010,2,Monday,1,7,0,16,6,99999,35.99280000,-78.83806111,8,2,0,1,0,0,1,0
370843,NORTH CAROLINA,NC,1,1,1,1,2080,AUTAUGA,30,4,April,2010,6,Friday,0,42,0,14,6,99999,36.09620556,-79.43724722,8,2,0,1,0,0,1,0
370844,NORTH CAROLINA,NC,2,0,3,21,0,CHILTON,6,4,April,2010,3,Tuesday,12,4,0,2,3,99999,35.58696944,-82.59753333,12,1,0,1,0,0,1,0
370845,NORTH CAROLINA,NC,1,0,1,99,0,BEATRICE,28,4,April,2010,4,Wednesday,3,2,0,6,4,99999,35.32443889,-83.28838333,7,2,0,1,0,0,1,0
370846,NORTH CAROLINA,NC,2,0,3,105,0,MARION,10,4,April,2010,7,Saturday,11,0,0,4,4,99999,35.38093333,-79.11881389,12,1,0,1,0,0,1,0
370847,NORTH CAROLINA,NC,1,0,1,127,0,BURNWELL,8,4,April,2010,5,Thursday,15,21,1,1,1,99999,35.94799444,-77.89375278,21,1,0,1,0,0,1,0
370848,NORTH CAROLINA,NC,1,2,2,155,2770,IRWIN,24,4,April,2010,7,Saturday,21,12,0,16,6,99999,34.48002778,-78.87831667,9,2,0,2,0,0,1,0
370849,NORTH CAROLINA,NC,1,0,1,87,4900,ARMSTRONG,13,5,May,2010,5,Thursday,16,15,0,16,6,99999,35.47828611,-83.00291111,30,1,0,10,0,0,1,0
370850,NORTH CAROLINA,NC,2,0,3,147,1950,AUGUSTA,3,5,May,2010,2,Monday,22,9,0,13,2,99999,35.59199444,-77.34649722,12,3,0,2,0,0,1,0
370851,NORTH CAROLINA,NC,1,0,1,35,0,BROOKLYN,17,7,July,2010,7,Saturday,13,51,0,2,3,99999,35.73174167,-81.33487778,30,1,2,2,0,0,1,0
370852,NORTH CAROLINA,NC,1,1,1,129,5060,BIGBEE,14,7,July,2010,4,Wednesday,11,48,0,14,6,99999,34.22585556,-77.92765556,8,1,0,10,0,0,1,0
370853,NORTH CAROLINA,NC,1,1,1,169,2438,BRADLEY,4,7,July,2010,1,Sunday,0,55,1,12,2,99999,99.99990000,999.99990000,8,2,0,1,0,0,1,0
370854,NORTH CAROLINA,NC,1,0,4,183,0,FORT STEWART,1,7,July,2010,5,Thursday,3,52,0,6,4,99999,35.57796389,-78.63275556,34,2,0,1,0,0,4,0
370855,NORTH CAROLINA,NC,1,0,2,51,1670,CENTRAL,3,8,August,2010,3,Tuesday,2,23,0,14,6,99999,35.09217222,-78.98457500,1,3,0,1,0,0,1,1
370856,NORTH CAROLINA,NC,1,1,1,51,1670,CENTRAL,8,8,August,2010,1,Sunday,2,41,0,13,6,99999,35.06843056,-78.90466667,8,3,0,1,0,0,1,1
370857,NORTH CAROLINA,NC,3,0,9,51,1670,CENTRAL,14,8,August,2010,7,Saturday,1,59,0,13,6,99999,35.10165278,-78.90226389,12,3,0,10,0,0,1,1
370858,NORTH CAROLINA,NC,1,0,1,57,0,BANKSTON,12,8,August,2010,5,Thursday,0,59,1,1,1,99999,35.82164167,-80.17195833,42,2,2,2,0,0,1,0
370859,NORTH CAROLINA,NC,3,0,4,133,0,ARLEY,13,8,August,2010,6,Friday,15,48,0,4,4,99999,99.99990000,999.99990000,12,1,0,1,0,0,1,0
370860,NORTH CAROLINA,NC,2,0,4,151,0,FLIPPEN,12,8,August,2010,5,Thursday,18,58,1,2,2,99999,35.72435833,-79.71379167,12,1,0,1,0,0,1,0
370861,NORTH CAROLINA,NC,1,0,1,163,0,AVERA,12,8,August,2010,5,Thursday,7,18,0,6,4,99999,99.99990000,999.99990000,34,1,0,1,0,0,1,0
370862,NORTH CAROLINA,NC,2,0,3,183,2470,FORT STEWART,14,8,August,2010,7,Saturday,13,41,0,13,6,99999,35.79901944,-78.49525556,12,1,0,1,0,0,1,0
370863,NORTH CAROLINA,NC,2,0,2,35,2150,BROOKLYN,29,9,September,2010,4,Wednesday,6,49,0,14,6,99999,35.74602500,-81.31796944,12,2,0,10,0,0,1,0
370864,NORTH CAROLINA,NC,2,1,3,55,2461,ATTALLA,25,9,September,2010,7,Saturday,22,45,1,13,6,99999,36.09350000,-75.74215000,8,2,0,1,0,0,1,0
370865,NORTH CAROLINA,NC,2,0,3,101,4230,BOYLSTON,26,9,September,2010,1,Sunday,18,58,0,13,6,99999,35.49960000,-78.35217500,12,5,0,2,0,0,1,2
370866,NORTH CAROLINA,NC,2,0,2,105,4090,MARION,8,9,September,2010,4,Wednesday,19,7,0,13,2,99999,35.44207222,-79.10207778,12,1,0,1,0,0,1,0
370867,NORTH CAROLINA,NC,1,0,1,105,0,MARION,17,9,September,2010,6,Friday,20,0,1,2,2,99999,35.46808056,-79.16284444,24,2,0,1,0,0,1,1
370868,NORTH CAROLINA,NC,1,0,2,133,2330,ARLEY,26,9,September,2010,1,Sunday,20,10,1,13,3,99999,34.74147222,-77.37001389,42,3,0,2,0,0,1,1
370869,NORTH CAROLINA,NC,1,0,2,145,4010,BALD KNOB,26,9,September,2010,1,Sunday,16,59,0,16,6,99999,36.38017778,-78.99230000,18,1,0,10,0,0,1,0
370870,NORTH CAROLINA,NC,1,0,1,153,0,BONAIRE,11,9,September,2010,7,Saturday,3,58,0,6,4,99999,34.96003611,-79.70271944,32,2,0,1,0,0,1,1
370871,NORTH CAROLINA,NC,2,0,5,183,0,FORT STEWART,24,9,September,2010,6,Friday,11,48,0,6,4,99999,35.88188889,-78.26969167,12,1,0,1,0,0,1,1
370872,NORTH CAROLINA,NC,2,0,4,3,0,BALDWIN,11,10,October,2010,2,Monday,13,34,0,6,4,99999,35.85851667,-81.22415556,12,1,0,1,0,0,1,0
370873,NORTH CAROLINA,NC,2,0,3,25,0,BARLOW BEND,4,10,October,2010,2,Monday,7,7,0,4,3,99999,35.47912500,-80.61372778,12,4,0,10,0,0,1,0
370874,NORTH CAROLINA,NC,1,1,1,25,0,BARLOW BEND,3,10,October,2010,1,Sunday,23,32,0,4,3,99999,35.43277222,-80.60471667,8,2,0,1,0,0,1,0
370875,NORTH CAROLINA,NC,2,0,2,33,0,CHEROKEE,1,10,October,2010,6,Friday,7,18,0,3,3,99999,36.29646389,-79.21404722,12,1,0,10,0,0,1,0
370876,NORTH CAROLINA,NC,1,0,1,45,0,ARITON,6,10,October,2010,4,Wednesday,9,38,0,4,4,99999,35.31783056,-81.39410000,42,1,0,1,0,0,1,0
370877,NORTH CAROLINA,NC,2,0,2,51,0,CENTRAL,5,10,October,2010,3,Tuesday,10,13,0,4,4,99999,35.01458611,-78.91880833,12,1,0,1,0,0,1,0
370878,NORTH CAROLINA,NC,1,0,1,51,1670,CENTRAL,9,10,October,2010,7,Saturday,2,56,0,5,6,99999,35.00354722,-78.99440278,42,3,0,1,0,0,1,1
370879,NORTH CAROLINA,NC,1,0,3,53,0,ATMORE,10,10,October,2010,1,Sunday,21,21,0,3,3,99999,36.39249444,-75.98026389,34,2,0,1,0,0,1,1
370880,NORTH CAROLINA,NC,2,0,2,63,0,BOLIGEE,2,10,October,2010,7,Saturday,5,45,1,1,1,99999,36.06035833,-78.79124167,12,2,0,1,0,0,1,1
370881,NORTH CAROLINA,NC,2,0,2,67,2614,ABBEVILLE,6,10,October,2010,4,Wednesday,10,22,0,16,4,99999,36.11476667,-80.42967500,12,1,0,1,0,0,1,0
370882,NORTH CAROLINA,NC,1,0,1,85,0,BENTON,10,10,October,2010,1,Sunday,8,5,0,6,4,99999,35.35313611,-79.13771944,34,1,0,1,0,0,1,0
370883,NORTH CAROLINA,NC,1,0,2,89,0,BROWNSBORO,1,10,October,2010,6,Friday,1,37,1,2,2,99999,35.27321389,-82.44203889,30,2,0,1,0,0,1,1
370884,NORTH CAROLINA,NC,1,1,1,97,0,AXIS,6,10,October,2010,4,Wednesday,8,26,1,2,2,99999,35.77656667,-80.93896111,8,1,0,1,0,0,1,0
370885,NORTH CAROLINA,NC,2,0,2,101,4230,BOYLSTON,9,10,October,2010,7,Saturday,7,59,0,14,6,99999,35.50503333,-78.32919444,12,1,0,1,0,0,1,0
370886,NORTH CAROLINA,NC,1,0,4,113,0,COTTONTON,3,10,October,2010,1,Sunday,17,26,0,4,4,99999,35.13330000,-83.48663056,42,1,0,1,0,0,1,1
370887,NORTH CAROLINA,NC,1,0,2,113,0,COTTONTON,8,10,October,2010,6,Friday,21,29,0,6,4,99999,35.19020556,-83.35540556,59,2,0,1,0,0,1,0
370888,NORTH CAROLINA,NC,1,0,1,117,0,BIRMINGHAM,12,10,October,2010,3,Tuesday,20,0,1,2,2,99999,35.82782500,-77.02811944,32,2,0,1,0,0,1,0
370889,NORTH CAROLINA,NC,2,0,2,123,0,ALEXANDER CITY,11,10,October,2010,2,Monday,6,55,1,2,2,99999,35.35629722,-79.78010833,12,4,0,1,0,0,1,0
370890,NORTH CAROLINA,NC,1,1,1,133,0,ARLEY,9,10,October,2010,7,Saturday,0,1,0,6,4,99999,34.73637222,-77.47839722,8,2,0,1,0,0,1,1
370891,NORTH CAROLINA,NC,2,0,3,137,0,ALCO,1,10,October,2010,6,Friday,18,37,0,4,3,99999,35.13599167,-76.89502222,12,5,0,10,0,0,1,1
370892,NORTH CAROLINA,NC,2,0,3,141,0,BEE BRANCH,10,10,October,2010,1,Sunday,16,10,1,2,2,99999,34.47222778,-77.88714444,59,1,0,1,0,0,2,0