ST_CASE,State Name,State Abbreviation,VE_TOTAL,Pedestrains,Total_Persons_in_accident,COUNTY,CITY,City_County_Name,Calendar_DAY,MONTH,Month_Name,YEAR,DAY_WEEK,Day_Week_desc,HOUR,MINUTE,NHS_Desc,trafficway,ROUTE,MILEPT,LATITUDE,LONGITUD,First_Crash_event,Light_cond_desc,Weather_condition,WEATHER,SCH_BUS,Crash_cause,FATALS,DRUNK_DR
370893,NORTH CAROLINA,NC,2,0,2,147,0,AUGUSTA,5,10,October,2010,3,Tuesday,15,59,0,4,3,99999,35.70453056,-77.46063056,12,1,0,1,0,0,1,0
370894,NORTH CAROLINA,NC,1,0,1,147,0,AUGUSTA,11,10,October,2010,2,Monday,21,55,0,6,4,99999,35.57290278,-77.12977500,1,2,0,1,0,0,1,0
370895,NORTH CAROLINA,NC,3,0,10,147,0,AUGUSTA,12,10,October,2010,3,Tuesday,14,35,0,3,3,99999,35.54514722,-77.32345000,54,1,0,1,0,0,1,0
370896,NORTH CAROLINA,NC,2,0,2,151,0,FLIPPEN,4,10,October,2010,2,Monday,5,20,0,4,3,99999,35.67703889,-79.76219167,12,2,0,1,0,0,1,0
370897,NORTH CAROLINA,NC,1,0,1,155,0,IRWIN,8,10,October,2010,6,Friday,2,40,0,4,3,99999,34.90493889,-78.96567222,59,2,0,1,0,0,1,1
370898,NORTH CAROLINA,NC,1,0,1,155,0,IRWIN,11,10,October,2010,2,Monday,14,51,1,1,1,99999,34.86896111,-78.96376111,42,1,0,1,0,0,1,0
370899,NORTH CAROLINA,NC,1,0,1,163,0,AVERA,2,10,October,2010,7,Saturday,11,1,0,5,4,99999,35.22418333,-78.60286389,34,1,0,1,0,0,1,0
370900,NORTH CAROLINA,NC,2,0,3,179,0,ALLENHURST,9,10,October,2010,7,Saturday,19,51,0,6,4,99999,34.95715000,-80.36241667,12,2,0,1,0,0,1,1
370901,NORTH CAROLINA,NC,1,0,1,183,0,FORT STEWART,6,10,October,2010,4,Wednesday,18,21,0,4,4,99999,36.01192778,-78.55544167,59,1,0,1,0,0,1,1
370902,NORTH CAROLINA,NC,2,0,7,183,0,FORT STEWART,10,10,October,2010,1,Sunday,15,9,0,3,4,99999,35.69053611,-78.77841111,12,1,0,1,0,0,1,1
370903,NORTH CAROLINA,NC,1,0,2,189,0,BONEVILLE,9,10,October,2010,7,Saturday,12,10,1,2,2,99999,36.23305833,-81.57490278,24,1,0,1,0,0,1,0
370904,NORTH CAROLINA,NC,2,0,3,191,0,CRESCENT,5,10,October,2010,3,Tuesday,14,12,1,2,2,99999,35.20232222,-78.07828889,12,1,0,1,0,0,2,0
370905,NORTH CAROLINA,NC,1,0,4,191,0,CRESCENT,10,10,October,2010,1,Sunday,3,36,0,4,3,99999,35.53055000,-77.92379444,59,2,0,1,0,0,3,1
370906,NORTH CAROLINA,NC,1,0,1,191,0,CRESCENT,12,10,October,2010,3,Tuesday,13,9,1,2,2,99999,99.99990000,999.99990000,59,1,0,1,0,0,1,0
370907,NORTH CAROLINA,NC,1,1,2,21,170,CHILTON,26,9,September,2010,1,Sunday,19,51,1,12,2,99999,35.59744444,-82.53559167,8,3,0,2,0,0,1,0
370908,NORTH CAROLINA,NC,3,0,6,183,3750,FORT STEWART,27,9,September,2010,2,Monday,16,6,0,14,6,99999,35.88117500,-78.62583611,12,1,0,2,1,0,1,0
370909,NORTH CAROLINA,NC,2,0,3,195,5070,CARLTON,27,9,September,2010,2,Monday,10,56,0,13,6,99999,35.73747222,-77.90686389,12,1,0,2,0,0,1,0
370910,NORTH CAROLINA,NC,2,0,2,21,170,CHILTON,2,10,October,2010,7,Saturday,2,44,1,11,1,99999,35.56457778,-82.59185556,12,2,0,1,0,0,1,1
370911,NORTH CAROLINA,NC,1,0,1,21,170,CHILTON,13,10,October,2010,4,Wednesday,7,4,0,14,6,99999,35.59039722,-82.57090278,43,3,0,10,0,0,1,0
370912,NORTH CAROLINA,NC,1,0,2,21,0,CHILTON,19,10,October,2010,3,Tuesday,18,19,0,6,4,99999,35.74081667,-82.58915278,42,5,0,1,0,0,1,0
370913,NORTH CAROLINA,NC,1,0,1,35,0,BROOKLYN,20,10,October,2010,4,Wednesday,4,48,0,6,4,99999,35.81026111,-81.21213889,1,2,0,10,0,0,1,1
370914,NORTH CAROLINA,NC,1,0,1,35,0,BROOKLYN,24,10,October,2010,1,Sunday,4,8,0,6,4,99999,35.80483333,-81.24947500,30,2,0,1,0,0,1,1
370915,NORTH CAROLINA,NC,1,0,1,47,0,BROWNS,19,10,October,2010,3,Tuesday,7,9,1,2,2,99999,34.32545278,-78.48120000,42,4,0,1,0,0,1,0
370916,NORTH CAROLINA,NC,3,0,3,57,4803,BANKSTON,19,10,October,2010,3,Tuesday,17,35,0,4,4,99999,36.02428611,-80.16251667,12,1,0,1,0,0,1,0
370917,NORTH CAROLINA,NC,2,0,3,57,0,BANKSTON,22,10,October,2010,6,Friday,16,35,0,4,3,99999,35.79042222,-80.41320556,12,1,0,1,0,0,1,0
370918,NORTH CAROLINA,NC,1,0,3,67,2430,ABBEVILLE,9,10,October,2010,7,Saturday,21,11,0,16,6,99999,36.11863889,-80.08265278,1,3,0,1,0,0,1,1
370919,NORTH CAROLINA,NC,1,0,1,81,1940,AUBURN,1,10,October,2010,6,Friday,22,34,0,16,6,99999,36.05643611,-79.78735278,42,2,0,1,0,0,1,1
370920,NORTH CAROLINA,NC,1,0,2,81,0,AUBURN,17,10,October,2010,1,Sunday,20,4,1,2,2,99999,35.94986944,-79.69061944,42,2,0,1,0,0,1,1
370921,NORTH CAROLINA,NC,1,0,1,85,0,BENTON,22,10,October,2010,6,Friday,13,13,0,4,3,99999,99.99990000,999.99990000,42,1,0,1,0,0,1,0
370922,NORTH CAROLINA,NC,1,0,2,123,4660,ALEXANDER CITY,6,10,October,2010,4,Wednesday,13,51,0,16,6,99999,35.36816111,-79.89352222,42,1,0,1,0,0,1,0
370923,NORTH CAROLINA,NC,2,0,4,129,5060,BIGBEE,7,10,October,2010,5,Thursday,9,12,0,13,6,99999,34.22128611,-77.91548889,12,1,0,1,0,0,1,0
370924,NORTH CAROLINA,NC,1,0,5,145,0,BALD KNOB,23,10,October,2010,7,Saturday,1,5,0,5,4,99999,36.38403056,-78.81750556,32,2,0,1,0,0,1,1
370925,NORTH CAROLINA,NC,2,0,2,151,160,FLIPPEN,6,10,October,2010,4,Wednesday,17,56,0,16,6,99999,35.67399722,-79.82337778,12,1,0,1,0,0,1,1
370926,NORTH CAROLINA,NC,1,0,5,163,0,AVERA,24,10,October,2010,1,Sunday,18,15,1,2,2,99999,35.08558333,-78.32311111,32,1,0,1,0,0,1,0
370927,NORTH CAROLINA,NC,1,2,1,165,0,HERNDON,7,10,October,2010,5,Thursday,6,37,1,2,2,99999,34.80880000,-79.43243889,8,2,0,1,0,0,1,0
370928,NORTH CAROLINA,NC,2,0,3,183,3750,FORT STEWART,9,10,October,2010,7,Saturday,19,56,0,3,6,99999,35.76983611,-78.55848889,12,3,0,1,0,0,1,1
370929,NORTH CAROLINA,NC,1,0,3,183,3750,FORT STEWART,16,10,October,2010,7,Saturday,22,23,0,14,6,99999,35.86316111,-78.54780556,59,3,0,1,0,0,1,0
370930,NORTH CAROLINA,NC,2,0,4,191,0,CRESCENT,17,10,October,2010,1,Sunday,20,51,1,2,2,99999,35.21638333,-78.05983611,12,2,0,1,0,0,1,1
370931,NORTH CAROLINA,NC,1,0,6,191,0,CRESCENT,18,10,October,2010,2,Monday,7,1,0,6,4,99999,35.29722778,-78.08258056,1,1,0,1,0,0,1,0
370932,NORTH CAROLINA,NC,1,0,1,195,0,CARLTON,20,10,October,2010,4,Wednesday,16,50,0,4,4,99999,35.77048056,-77.90067222,53,1,0,1,0,0,1,0
370933,NORTH CAROLINA,NC,1,0,1,77,0,ANDERSON,7,6,June,2010,2,Monday,13,38,0,4,3,99999,36.21041667,-78.58001111,34,1,0,1,0,0,1,0
370934,NORTH CAROLINA,NC,3,0,3,147,0,AUGUSTA,29,7,July,2010,5,Thursday,15,47,0,13,3,99999,35.57213333,-77.39943333,12,1,0,2,0,0,1,0
370935,NORTH CAROLINA,NC,2,0,6,7,0,BIBB,27,10,October,2010,4,Wednesday,14,5,1,2,2,99999,34.94446944,-79.88242778,12,1,0,1,0,0,2,0
370936,NORTH CAROLINA,NC,1,0,3,19,0,CEDAR BLUFF,30,10,October,2010,7,Saturday,17,37,0,5,4,99999,33.96332222,-78.30634167,1,1,0,1,0,0,1,0
370937,NORTH CAROLINA,NC,3,0,6,27,0,ASHLAND,16,10,October,2010,7,Saturday,19,22,0,3,4,99999,35.82632222,-81.53353333,12,3,0,1,0,0,1,0
370938,NORTH CAROLINA,NC,5,0,5,51,0,CENTRAL,27,10,October,2010,4,Wednesday,11,13,1,1,1,99999,35.13682500,-78.73961389,45,1,0,1,0,0,1,0
370939,NORTH CAROLINA,NC,1,0,1,57,0,BANKSTON,27,10,October,2010,4,Wednesday,11,50,0,4,4,99999,35.82718333,-80.29483333,34,1,0,10,0,0,1,0
370940,NORTH CAROLINA,NC,1,0,1,67,2430,ABBEVILLE,31,10,October,2010,1,Sunday,1,26,0,16,6,99999,36.12535278,-80.08091111,30,3,0,1,0,0,1,1
370941,NORTH CAROLINA,NC,2,0,3,81,0,AUBURN,31,10,October,2010,1,Sunday,21,29,0,4,4,99999,36.12531111,-79.73460556,12,2,0,1,0,0,1,1
370942,NORTH CAROLINA,NC,2,0,3,85,0,BENTON,31,10,October,2010,1,Sunday,18,14,0,6,4,99999,35.38621667,-79.06541667,12,1,0,1,0,0,1,0
370943,NORTH CAROLINA,NC,1,0,1,103,0,DANVILLE,30,10,October,2010,7,Saturday,19,43,0,6,4,99999,34.99530556,-77.31023333,34,1,0,1,0,0,1,1
370944,NORTH CAROLINA,NC,1,1,1,119,870,BELLAMY,17,10,October,2010,1,Sunday,1,25,1,12,2,99999,35.33824444,-80.70611944,8,2,0,1,0,0,1,1
370945,NORTH CAROLINA,NC,1,1,1,119,870,BELLAMY,23,10,October,2010,7,Saturday,0,57,0,13,3,99999,35.13324722,-80.78198889,8,3,0,1,0,0,1,0
370946,NORTH CAROLINA,NC,2,0,2,125,4270,BROOKWOOD,8,10,October,2010,6,Friday,12,45,0,14,6,99999,35.17633333,-79.38759444,12,1,0,1,0,0,1,0
370947,NORTH CAROLINA,NC,1,1,2,127,0,BURNWELL,29,10,October,2010,6,Friday,17,15,0,5,4,99999,36.16161944,-77.97794167,9,1,0,1,0,0,1,0
370948,NORTH CAROLINA,NC,1,0,2,141,0,BEE BRANCH,28,10,October,2010,5,Thursday,5,30,0,6,4,99999,34.58026111,-77.79266667,34,2,0,2,0,0,1,1
370949,NORTH CAROLINA,NC,1,0,2,141,0,BEE BRANCH,23,10,October,2010,7,Saturday,3,9,0,4,3,99999,34.44082222,-77.87545556,42,2,0,1,0,0,1,1
370950,NORTH CAROLINA,NC,1,0,2,147,0,AUGUSTA,13,10,October,2010,4,Wednesday,11,38,1,2,2,99999,35.57770278,-77.42902222,19,1,0,10,0,0,1,0
370951,NORTH CAROLINA,NC,1,3,1,151,160,FLIPPEN,23,10,October,2010,7,Saturday,22,23,0,14,6,99999,35.68988333,-79.81083056,8,3,0,1,0,0,1,1
370952,NORTH CAROLINA,NC,1,0,1,155,0,IRWIN,29,10,October,2010,6,Friday,9,8,0,6,4,99999,34.71554722,-79.03528056,34,1,0,1,0,0,1,0
370953,NORTH CAROLINA,NC,1,0,7,157,0,ARCADE,24,10,October,2010,1,Sunday,2,53,0,3,4,99999,36.53781111,-79.73950000,1,2,0,1,0,0,1,1
370954,NORTH CAROLINA,NC,2,0,2,159,4070,FARRAR,31,10,October,2010,1,Sunday,7,13,0,13,6,99999,35.67535556,-80.50332778,12,4,0,1,0,0,1,0
370955,NORTH CAROLINA,NC,2,0,3,179,3100,ALLENHURST,24,10,October,2010,1,Sunday,0,3,0,15,6,99999,35.04292778,-80.56995278,12,2,0,1,0,0,1,1
370956,NORTH CAROLINA,NC,2,0,2,179,0,ALLENHURST,30,10,October,2010,7,Saturday,11,50,0,3,2,99999,34.81662222,-80.41854722,12,1,0,1,0,0,1,0
370957,NORTH CAROLINA,NC,2,0,2,183,3750,FORT STEWART,17,10,October,2010,1,Sunday,12,14,0,14,6,99999,35.73118611,-78.64099444,12,1,0,1,0,0,1,0
370958,NORTH CAROLINA,NC,1,0,1,195,0,CARLTON,21,10,October,2010,5,Thursday,16,20,0,6,4,99999,35.70554167,-77.95520833,34,1,0,1,0,0,1,0
370959,NORTH CAROLINA,NC,1,1,1,3,0,BALDWIN,1,11,November,2010,2,Monday,5,1,0,6,4,99999,35.88244444,-81.11841111,8,2,0,1,0,0,1,0
370960,NORTH CAROLINA,NC,1,0,2,31,0,COFFEE,6,11,November,2010,7,Saturday,2,42,0,5,2,99999,34.73159722,-76.63848056,34,2,0,1,0,0,1,1
370961,NORTH CAROLINA,NC,1,0,1,67,5120,ABBEVILLE,1,11,November,2010,2,Monday,7,22,1,11,1,99999,36.06013333,-80.22062222,25,4,0,1,0,0,1,0
370962,NORTH CAROLINA,NC,2,0,2,71,0,BRIDGEPORT,3,11,November,2010,4,Wednesday,20,32,0,3,4,99999,35.28976667,-81.06828611,12,2,10,2,0,0,1,0
370963,NORTH CAROLINA,NC,1,0,2,77,0,ANDERSON,5,11,November,2010,6,Friday,7,15,0,5,4,99999,36.10390278,-78.66236667,11,4,0,1,0,0,1,0
370964,NORTH CAROLINA,NC,1,0,2,83,0,ARDMORE,3,11,November,2010,4,Wednesday,17,55,0,6,4,99999,36.11929444,-77.38915556,53,5,0,10,0,0,1,1
370965,NORTH CAROLINA,NC,2,0,2,89,0,BROWNSBORO,4,11,November,2010,5,Thursday,10,8,0,2,3,99999,35.32716944,-82.46741389,12,1,0,10,0,0,1,0
370966,NORTH CAROLINA,NC,1,1,1,93,0,BEAR CREEK,1,11,November,2010,2,Monday,7,45,0,4,4,99999,34.97860278,-79.05890556,8,2,0,1,0,0,1,0
370967,NORTH CAROLINA,NC,2,0,3,93,0,BEAR CREEK,6,11,November,2010,7,Saturday,17,27,0,4,4,99999,34.93041667,-79.15649444,12,1,0,1,0,0,1,0
370968,NORTH CAROLINA,NC,2,0,3,123,0,ALEXANDER CITY,6,11,November,2010,7,Saturday,17,7,0,5,3,99999,35.36007500,-79.71696944,12,5,0,1,0,0,3,0
370969,NORTH CAROLINA,NC,3,0,3,123,0,ALEXANDER CITY,6,11,November,2010,7,Saturday,21,44,0,4,2,99999,35.18285833,-79.71688333,12,2,0,1,0,0,1,1
370970,NORTH CAROLINA,NC,1,0,1,135,0,ASH FLAT,3,11,November,2010,4,Wednesday,4,30,0,6,4,99999,35.86644722,-79.11761389,59,2,0,10,0,0,1,1
370971,NORTH CAROLINA,NC,1,0,2,149,0,BELLEVILLE,6,11,November,2010,7,Saturday,2,40,1,1,1,99999,35.23860833,-82.20477222,35,2,0,1,0,0,1,1
370972,NORTH CAROLINA,NC,1,1,1,155,0,IRWIN,3,11,November,2010,4,Wednesday,1,6,0,5,4,99999,34.71692222,-79.27734444,8,2,0,1,0,0,1,0
370973,NORTH CAROLINA,NC,2,0,2,159,0,FARRAR,3,11,November,2010,4,Wednesday,19,49,1,1,1,99999,35.67884167,-80.41563056,12,2,0,10,0,0,1,1
370974,NORTH CAROLINA,NC,1,0,1,179,0,ALLENHURST,2,11,November,2010,3,Tuesday,10,8,0,6,4,99999,35.03294722,-80.56351667,38,1,0,1,0,0,1,1
370975,NORTH CAROLINA,NC,1,0,1,191,0,CRESCENT,6,11,November,2010,7,Saturday,1,29,0,6,4,99999,35.28023889,-77.99906667,1,2,0,10,0,0,1,1
370976,NORTH CAROLINA,NC,1,0,1,191,0,CRESCENT,3,11,November,2010,4,Wednesday,0,7,0,6,4,99999,35.40227500,-78.04824722,34,2,0,1,0,0,1,0
370977,NORTH CAROLINA,NC,2,0,3,147,240,AUGUSTA,16,4,April,2010,6,Friday,18,35,0,13,3,99999,35.46654167,-77.43618889,12,1,0,1,0,0,1,0
370978,NORTH CAROLINA,NC,2,0,5,119,870,BELLAMY,31,7,July,2010,7,Saturday,17,10,0,16,6,99999,35.19218889,-80.74058611,12,1,0,10,0,0,1,0
370979,NORTH CAROLINA,NC,1,0,4,155,0,IRWIN,27,7,July,2010,3,Tuesday,13,24,1,1,1,99999,34.54099444,-79.23116667,42,1,0,2,0,0,1,0
370981,NORTH CAROLINA,NC,2,0,2,65,3930,CYPRESS,26,9,September,2010,1,Sunday,12,22,0,14,6,99999,35.94986944,-77.78972500,12,1,0,10,0,0,1,0
370982,NORTH CAROLINA,NC,1,1,1,17,0,CHAMBERS,15,10,October,2010,6,Friday,21,40,0,4,3,99999,34.58481667,-78.65610000,8,2,0,1,0,0,1,0
370983,NORTH CAROLINA,NC,1,0,1,63,1360,BOLIGEE,31,10,October,2010,1,Sunday,3,8,0,15,6,99999,35.97078333,-78.89556944,42,3,0,1,0,0,1,1
370984,NORTH CAROLINA,NC,9,0,15,89,0,BROWNSBORO,24,10,October,2010,1,Sunday,22,53,1,11,1,99999,35.40115556,-82.51170278,12,2,0,1,0,0,5,0
370985,NORTH CAROLINA,NC,2,0,3,107,0,CARROLLTON,29,10,October,2010,6,Friday,16,33,0,3,2,99999,35.15458333,-77.63694722,12,1,0,1,0,0,1,0
370986,NORTH CAROLINA,NC,1,1,1,119,870,BELLAMY,22,10,October,2010,6,Friday,12,14,0,2,6,99999,35.24113333,-80.97893611,9,1,0,1,0,0,1,0
370987,NORTH CAROLINA,NC,2,0,3,119,870,BELLAMY,30,10,October,2010,7,Saturday,16,58,0,4,6,99999,35.23499444,-80.63315278,12,1,0,1,0,0,1,1
370988,NORTH CAROLINA,NC,2,0,3,119,870,BELLAMY,29,10,October,2010,6,Friday,0,31,0,13,3,99999,35.15771944,-80.79805556,12,3,0,1,0,0,1,1
370989,NORTH CAROLINA,NC,1,0,4,127,0,BURNWELL,31,10,October,2010,1,Sunday,0,47,1,2,2,99999,35.80250000,-78.19823611,1,2,0,1,0,0,1,0
370990,NORTH CAROLINA,NC,1,0,5,133,2330,ARLEY,24,10,October,2010,1,Sunday,1,26,0,16,6,99999,34.77918611,-77.41227778,1,2,0,1,0,0,2,1
370991,NORTH CAROLINA,NC,2,0,4,139,0,CALION,26,10,October,2010,3,Tuesday,17,5,1,2,2,99999,36.42186944,-76.36753333,12,1,0,1,0,0,1,0
370992,NORTH CAROLINA,NC,1,1,1,183,3750,FORT STEWART,27,10,October,2010,4,Wednesday,19,4,0,15,6,99999,35.74936944,-78.61841111,8,2,0,1,0,0,1,0
370993,NORTH CAROLINA,NC,1,0,1,5,0,BAKER HILL,10,11,November,2010,4,Wednesday,11,20,0,4,3,99999,36.54227778,-81.20291111,42,1,0,1,0,0,1,0
370994,NORTH CAROLINA,NC,1,1,1,13,0,BOLLING,8,11,November,2010,2,Monday,11,28,0,4,3,99999,35.49673611,-76.67176944,8,1,0,1,0,0,1,0
370995,NORTH CAROLINA,NC,2,0,2,13,0,BOLLING,14,11,November,2010,1,Sunday,20,54,1,2,2,99999,35.52931111,-77.07445556,12,2,0,1,0,0,1,0
370996,NORTH CAROLINA,NC,2,0,2,25,1040,BARLOW BEND,2,11,November,2010,3,Tuesday,10,58,1,13,2,99999,35.37749722,-80.65685833,12,1,0,1,0,0,1,0
370997,NORTH CAROLINA,NC,3,1,5,25,1040,BARLOW BEND,6,11,November,2010,7,Saturday,22,59,0,13,6,99999,35.35256944,-80.68806111,8,3,0,1,0,0,1,0
370998,NORTH CAROLINA,NC,1,0,3,25,0,BARLOW BEND,6,11,November,2010,7,Saturday,19,48,0,5,4,99999,35.37435556,-80.57969444,42,2,0,1,0,0,2,1
370999,NORTH CAROLINA,NC,2,0,2,25,2390,BARLOW BEND,16,11,November,2010,3,Tuesday,10,41,0,14,6,99999,35.47475556,-80.60975833,12,1,0,2,0,0,1,0
371000,NORTH CAROLINA,NC,1,1,1,31,0,COFFEE,12,11,November,2010,6,Friday,7,15,0,4,3,99999,34.79308333,-76.66944167,8,1,0,1,0,0,1,0
371001,NORTH CAROLINA,NC,1,0,1,35,0,BROOKLYN,17,11,November,2010,4,Wednesday,16,51,1,1,1,99999,35.73285833,-81.10639444,1,1,0,1,0,0,1,0
371002,NORTH CAROLINA,NC,1,0,1,37,0,BRADFORD,16,11,November,2010,3,Tuesday,23,8,1,2,2,99999,35.60797500,-79.33433611,42,2,0,2,0,0,1,0
371003,NORTH CAROLINA,NC,1,0,1,43,0,BAILEYTON,15,11,November,2010,2,Monday,11,29,0,4,4,99999,35.01411111,-83.86263333,53,1,0,2,0,0,1,0
371004,NORTH CAROLINA,NC,1,1,1,45,0,ARITON,10,11,November,2010,4,Wednesday,10,8,1,2,2,99999,35.29908611,-81.68386389,8,1,0,1,0,0,1,0
371005,NORTH CAROLINA,NC,1,0,3,45,0,ARITON,16,11,November,2010,3,Tuesday,6,3,0,6,4,99999,35.40839444,-81.50980000,38,2,0,1,0,0,1,0
371006,NORTH CAROLINA,NC,2,0,2,47,0,BROWNS,20,11,November,2010,7,Saturday,17,50,0,4,3,99999,34.32564722,-78.63322778,12,2,0,1,0,0,1,1
371007,NORTH CAROLINA,NC,2,0,3,57,0,BANKSTON,12,11,November,2010,6,Friday,15,36,0,3,3,99999,35.95077500,-80.12290556,12,1,0,1,1,0,1,0
371008,NORTH CAROLINA,NC,1,1,2,61,0,BELLWOOD,12,11,November,2010,6,Friday,17,59,0,6,4,99999,35.04194444,-78.04048056,8,2,0,1,0,0,1,0
371009,NORTH CAROLINA,NC,2,0,2,71,0,BRIDGEPORT,11,11,November,2010,5,Thursday,8,35,0,4,3,99999,35.32037778,-81.21883333,12,1,0,1,0,0,1,0
371010,NORTH CAROLINA,NC,2,1,2,81,1940,AUBURN,2,11,November,2010,3,Tuesday,20,11,0,13,6,99999,36.08781944,-79.73374722,8,3,0,1,0,0,1,0
371011,NORTH CAROLINA,NC,1,0,2,83,0,ARDMORE,7,11,November,2010,1,Sunday,1,22,0,6,4,99999,36.40744722,-77.70467778,34,2,0,1,0,0,1,1
371012,NORTH CAROLINA,NC,2,0,6,85,0,BENTON,11,11,November,2010,5,Thursday,9,5,0,4,3,99999,35.43958056,-78.68277778,12,1,0,1,0,0,1,0
371013,NORTH CAROLINA,NC,2,0,2,101,0,BOYLSTON,16,11,November,2010,3,Tuesday,20,33,0,4,3,99999,35.55611111,-78.27205278,12,2,0,10,0,0,1,0
371014,NORTH CAROLINA,NC,2,0,3,109,0,ANSLEY,20,11,November,2010,7,Saturday,12,28,0,6,4,99999,35.52173056,-81.20756944,12,1,0,1,0,0,1,0
371015,NORTH CAROLINA,NC,1,0,1,119,870,BELLAMY,1,11,November,2010,2,Monday,2,59,1,12,2,99999,35.21890833,-80.82296111,25,3,0,1,0,0,1,1
371016,NORTH CAROLINA,NC,1,1,1,119,870,BELLAMY,7,11,November,2010,1,Sunday,1,56,1,11,1,99999,35.24407778,-80.95533333,8,2,0,1,0,0,1,0
371017,NORTH CAROLINA,NC,1,1,1,127,0,BURNWELL,19,11,November,2010,6,Friday,13,58,0,6,4,99999,36.02802500,-77.96369444,9,1,0,1,0,0,1,0
371018,NORTH CAROLINA,NC,1,0,1,133,0,ARLEY,10,11,November,2010,4,Wednesday,10,50,0,4,3,99999,34.55011389,-77.42930278,1,1,0,1,0,0,1,0
371019,NORTH CAROLINA,NC,2,0,3,159,0,FARRAR,2,11,November,2010,3,Tuesday,18,1,1,2,2,99999,35.71909722,-80.61570278,12,1,0,1,0,0,1,0
371020,NORTH CAROLINA,NC,1,0,1,159,0,FARRAR,19,11,November,2010,6,Friday,15,22,0,4,3,99999,35.64890000,-80.61320278,1,1,0,1,0,0,1,0
371021,NORTH CAROLINA,NC,1,0,2,171,0,ALDORA,17,11,November,2010,4,Wednesday,22,2,0,5,4,99999,36.46271111,-80.46103611,42,2,0,1,0,0,1,0
371022,NORTH CAROLINA,NC,2,0,3,175,0,CADWELL,8,11,November,2010,2,Monday,17,10,1,2,2,99999,35.27073611,-82.69354444,12,1,0,1,0,0,1,0
371023,NORTH CAROLINA,NC,1,0,1,179,3100,ALLENHURST,4,11,November,2010,5,Thursday,1,13,0,4,6,99999,34.97076944,-80.53325000,42,3,0,2,0,0,1,0
371024,NORTH CAROLINA,NC,1,1,1,183,3750,FORT STEWART,6,11,November,2010,7,Saturday,3,48,1,13,6,99999,35.81484722,-78.60401389,8,2,0,10,0,0,1,0
371025,NORTH CAROLINA,NC,2,0,5,183,3750,FORT STEWART,3,11,November,2010,4,Wednesday,18,32,0,14,6,99999,35.76535278,-78.55919722,12,3,0,10,0,0,1,0
371026,NORTH CAROLINA,NC,1,1,1,183,0,FORT STEWART,20,11,November,2010,7,Saturday,22,21,1,1,1,99999,35.86359444,-78.81771944,8,2,0,1,0,0,1,0
371027,NORTH CAROLINA,NC,2,0,2,189,0,BONEVILLE,5,11,November,2010,6,Friday,8,50,1,2,2,99999,99.99990000,999.99990000,12,1,0,1,0,0,1,0
371028,NORTH CAROLINA,NC,1,1,1,191,0,CRESCENT,5,11,November,2010,6,Friday,7,46,1,2,2,99999,99.99990000,999.99990000,8,2,0,1,0,0,1,0
371029,NORTH CAROLINA,NC,2,0,2,191,0,CRESCENT,15,11,November,2010,2,Monday,14,37,0,4,3,99999,35.20113056,-77.88817500,12,1,0,1,0,0,1,0
371030,NORTH CAROLINA,NC,2,0,2,63,1360,BOLIGEE,14,5,May,2010,6,Friday,5,57,1,11,1,99999,35.90884722,-78.93511667,12,4,0,1,0,0,1,0
371031,NORTH CAROLINA,NC,1,0,1,125,0,BROOKWOOD,30,5,May,2010,1,Sunday,22,55,0,6,4,99999,35.35662778,-79.72089444,42,2,0,1,0,0,1,0
371032,NORTH CAROLINA,NC,2,0,3,21,170,CHILTON,2,6,June,2010,4,Wednesday,10,42,1,12,2,99999,35.58869167,-82.49535000,12,1,0,10,0,0,1,0
371033,NORTH CAROLINA,NC,2,0,5,77,0,ANDERSON,18,6,June,2010,6,Friday,19,46,0,5,4,0,36.35087222,-78.75549444,12,1,0,1,0,0,1,0
371034,NORTH CAROLINA,NC,1,0,1,51,0,CENTRAL,6,7,July,2010,3,Tuesday,9,29,1,1,1,99999,35.02459444,-78.80885833,21,1,0,1,0,0,1,0
371035,NORTH CAROLINA,NC,2,0,6,21,170,CHILTON,11,9,September,2010,7,Saturday,17,15,0,14,6,99999,35.56470000,-82.56371389,12,1,0,1,0,0,2,0
371036,NORTH CAROLINA,NC,1,1,1,1,0,AUTAUGA,13,11,November,2010,7,Saturday,12,59,0,4,4,99999,35.99135833,-79.33055833,8,1,0,1,0,0,1,0