ST_CASE,State Name,State Abbreviation,VE_TOTAL,Pedestrains,Total_Persons_in_accident,COUNTY,CITY,City_County_Name,Calendar_DAY,MONTH,Month_Name,YEAR,DAY_WEEK,Day_Week_desc,HOUR,MINUTE,NHS_Desc,trafficway,ROUTE,MILEPT,LATITUDE,LONGITUD,First_Crash_event,Light_cond_desc,Weather_condition,WEATHER,SCH_BUS,Crash_cause,FATALS,DRUNK_DR
371037,NORTH CAROLINA,NC,1,0,1,1,700,AUTAUGA,24,11,November,2010,4,Wednesday,12,16,0,14,6,99999,36.05912500,-79.48553611,42,1,0,1,0,0,1,0
371038,NORTH CAROLINA,NC,1,1,3,1,0,AUTAUGA,25,11,November,2010,5,Thursday,22,37,0,5,3,99999,35.99130556,-79.29223611,8,2,0,5,0,0,1,0
371039,NORTH CAROLINA,NC,1,0,6,13,0,BOLLING,18,11,November,2010,5,Thursday,20,58,0,5,4,99999,35.39608056,-76.60263333,1,2,0,1,0,0,1,0
371040,NORTH CAROLINA,NC,1,0,2,19,0,CEDAR BLUFF,28,11,November,2010,1,Sunday,3,37,0,4,3,99999,34.15666944,-77.98241667,34,2,0,1,0,0,1,1
371041,NORTH CAROLINA,NC,1,2,3,21,170,CHILTON,26,11,November,2010,6,Friday,18,32,0,16,6,99999,35.59933889,-82.53142222,9,2,0,10,0,0,1,0
371042,NORTH CAROLINA,NC,1,1,1,31,0,COFFEE,4,11,November,2010,5,Thursday,9,44,1,2,2,99999,99.99990000,999.99990000,9,1,0,1,0,0,1,0
371043,NORTH CAROLINA,NC,2,0,3,35,2150,BROOKLYN,19,11,November,2010,6,Friday,20,54,0,13,3,99999,35.79177778,-81.30947222,12,3,0,1,0,0,1,2
371044,NORTH CAROLINA,NC,3,0,3,35,0,BROOKLYN,22,11,November,2010,2,Monday,11,54,0,5,3,99999,35.72951389,-81.33453333,12,1,0,1,0,0,1,0
371045,NORTH CAROLINA,NC,2,0,5,45,0,ARITON,24,11,November,2010,4,Wednesday,7,28,0,4,3,99999,35.49177500,-81.63193611,12,1,0,1,0,0,1,0
371046,NORTH CAROLINA,NC,1,0,1,51,0,CENTRAL,23,11,November,2010,3,Tuesday,19,32,0,6,4,99999,35.21357778,-78.83806111,53,2,0,1,0,0,1,1
371047,NORTH CAROLINA,NC,1,0,1,57,2620,BANKSTON,19,11,November,2010,6,Friday,21,30,0,13,6,99999,35.81440278,-80.26422500,1,1,0,1,0,0,1,1
371048,NORTH CAROLINA,NC,2,1,1,65,0,CYPRESS,27,11,November,2010,7,Saturday,19,58,0,4,3,99999,36.00814444,-77.51601111,8,2,0,1,0,0,1,0
371049,NORTH CAROLINA,NC,1,1,3,69,0,ASHFORD,22,11,November,2010,2,Monday,17,32,0,5,4,99999,36.04465833,-78.41663333,8,5,0,1,0,0,1,0
371050,NORTH CAROLINA,NC,1,0,1,75,0,BEAVERTON,21,11,November,2010,1,Sunday,16,15,0,4,3,99999,35.31638611,-83.83701389,24,1,0,1,0,0,1,0
371051,NORTH CAROLINA,NC,2,0,4,79,0,COURTLAND,26,11,November,2010,6,Friday,17,44,0,3,2,99999,35.53404167,-77.60390278,12,5,0,10,0,0,3,1
371052,NORTH CAROLINA,NC,1,1,1,81,1940,AUBURN,2,11,November,2010,3,Tuesday,18,56,0,16,6,99999,36.07206667,-79.78091111,8,3,0,1,0,0,1,0
371053,NORTH CAROLINA,NC,1,1,2,81,2170,AUBURN,20,11,November,2010,7,Saturday,19,48,0,13,6,99999,35.99175833,-80.00038056,8,3,0,1,0,0,1,0
371054,NORTH CAROLINA,NC,2,0,3,83,0,ARDMORE,22,11,November,2010,2,Monday,12,23,0,3,3,99999,36.36780833,-77.80603333,12,1,0,1,0,0,1,0
371055,NORTH CAROLINA,NC,2,0,4,85,0,BENTON,18,11,November,2010,5,Thursday,10,39,0,5,4,99999,35.44500833,-78.75017222,12,1,0,1,0,0,1,0
371056,NORTH CAROLINA,NC,2,0,2,93,0,BEAR CREEK,18,11,November,2010,5,Thursday,21,24,0,3,3,99999,34.88593056,-79.20825000,12,1,0,1,0,0,1,0
371057,NORTH CAROLINA,NC,2,0,2,97,3110,AXIS,8,11,November,2010,2,Monday,9,45,0,16,6,99999,35.58626944,-80.79869167,12,1,0,1,0,0,1,0
371058,NORTH CAROLINA,NC,2,0,2,97,3110,AXIS,27,11,November,2010,7,Saturday,18,53,0,14,3,99999,35.54801111,-80.84632778,12,2,0,1,0,0,1,2
371059,NORTH CAROLINA,NC,1,0,2,109,0,ANSLEY,21,11,November,2010,1,Sunday,18,47,0,6,4,99999,35.42913333,-80.96717778,43,2,0,1,0,0,1,1
371060,NORTH CAROLINA,NC,1,0,1,113,0,COTTONTON,19,11,November,2010,6,Friday,6,54,0,4,4,99999,35.10635833,-83.49609444,59,2,0,1,0,0,1,0
371061,NORTH CAROLINA,NC,1,0,2,119,870,BELLAMY,9,11,November,2010,3,Tuesday,18,9,0,6,6,99999,35.21680556,-81.00820556,42,5,0,1,0,0,1,1
371062,NORTH CAROLINA,NC,1,1,1,119,2940,BELLAMY,19,11,November,2010,6,Friday,19,59,1,13,2,99999,35.09758056,-80.67569722,8,3,0,1,0,0,1,0
371063,NORTH CAROLINA,NC,3,0,3,119,870,BELLAMY,12,11,November,2010,6,Friday,21,59,0,12,6,99999,35.31708611,-80.77663333,12,3,0,1,0,0,1,1
371064,NORTH CAROLINA,NC,1,1,1,119,870,BELLAMY,28,11,November,2010,1,Sunday,5,19,0,13,6,99999,35.32618889,-80.94546389,8,3,0,10,0,0,1,0
371065,NORTH CAROLINA,NC,2,0,3,127,0,BURNWELL,22,11,November,2010,2,Monday,6,55,0,6,4,99999,36.03320556,-77.83907778,12,4,0,5,0,0,1,0
371066,NORTH CAROLINA,NC,1,0,1,147,0,AUGUSTA,17,11,November,2010,4,Wednesday,13,13,0,13,2,99999,35.57691667,-77.43146944,32,1,0,1,0,0,1,1
371067,NORTH CAROLINA,NC,1,0,1,151,160,FLIPPEN,14,11,November,2010,1,Sunday,8,19,1,13,3,99999,35.72421667,-79.74941389,33,1,0,1,0,0,1,1
371068,NORTH CAROLINA,NC,1,1,1,153,0,BONAIRE,7,11,November,2010,1,Sunday,19,56,0,3,4,99999,34.87565000,-79.74297500,8,2,0,1,0,0,1,0
371069,NORTH CAROLINA,NC,1,0,3,155,0,IRWIN,21,11,November,2010,1,Sunday,4,7,0,4,4,99999,34.70916111,-78.83806111,42,2,0,1,0,0,1,1
371070,NORTH CAROLINA,NC,2,0,2,159,0,FARRAR,18,11,November,2010,5,Thursday,20,2,1,2,2,99999,35.71648333,-80.49571111,12,2,0,1,0,0,1,0
371071,NORTH CAROLINA,NC,1,0,1,161,0,DENTON,1,11,November,2010,2,Monday,23,45,0,6,4,99999,35.31260278,-81.98238333,42,2,0,1,0,0,1,1
371072,NORTH CAROLINA,NC,1,0,1,163,0,AVERA,27,11,November,2010,7,Saturday,0,52,0,6,4,99999,34.72009722,-78.23733333,35,2,0,10,0,0,1,1
371073,NORTH CAROLINA,NC,3,0,4,163,0,AVERA,27,11,November,2010,7,Saturday,6,0,1,2,3,99999,34.97719722,-78.57439167,12,2,0,1,0,0,1,0
371074,NORTH CAROLINA,NC,1,0,2,171,0,ALDORA,26,11,November,2010,6,Friday,1,31,0,3,4,99999,36.28040000,-80.82083611,32,2,0,10,0,0,1,1
371075,NORTH CAROLINA,NC,1,0,5,181,0,LINCOLN,21,11,November,2010,1,Sunday,17,26,0,5,4,99999,36.35356944,-78.46890556,1,2,0,1,0,0,1,1
371076,NORTH CAROLINA,NC,1,0,2,183,3750,FORT STEWART,3,11,November,2010,4,Wednesday,8,5,0,16,6,99999,35.86359444,-78.68073333,59,1,0,1,0,0,1,0
371077,NORTH CAROLINA,NC,1,1,4,183,3750,FORT STEWART,13,11,November,2010,7,Saturday,20,18,1,11,1,99999,35.81503056,-78.69438056,8,2,0,1,0,0,1,0
371078,NORTH CAROLINA,NC,1,0,1,193,5040,IDEAL,19,11,November,2010,6,Friday,15,59,1,13,2,99999,36.14986667,-81.20801944,59,1,0,1,0,0,1,0
371079,NORTH CAROLINA,NC,1,0,1,193,0,IDEAL,29,11,November,2010,2,Monday,8,43,0,6,4,99999,36.18257222,-81.15609167,43,1,0,10,0,0,1,0
371080,NORTH CAROLINA,NC,1,0,1,17,0,CHAMBERS,4,12,December,2010,7,Saturday,21,26,0,4,3,99999,34.50365556,-78.26522778,30,2,0,2,0,0,1,1
371081,NORTH CAROLINA,NC,1,1,3,19,0,CEDAR BLUFF,4,12,December,2010,7,Saturday,15,53,0,6,4,99999,33.96628333,-78.31046111,8,1,0,10,0,0,1,0
371082,NORTH CAROLINA,NC,2,0,5,27,0,ASHLAND,4,12,December,2010,7,Saturday,13,25,1,2,2,99999,35.88300000,-81.51503611,12,1,4,4,0,0,2,0
371083,NORTH CAROLINA,NC,3,0,5,31,1531,COFFEE,3,12,December,2010,6,Friday,21,25,0,14,3,99999,34.69011111,-76.86807500,12,2,0,1,0,0,1,1
371084,NORTH CAROLINA,NC,2,0,2,31,0,COFFEE,11,12,December,2010,7,Saturday,22,8,1,2,3,99999,34.71170278,-76.99227222,12,2,0,10,0,0,1,0
371085,NORTH CAROLINA,NC,1,0,2,35,2150,BROOKLYN,3,12,December,2010,6,Friday,2,36,0,16,6,99999,99.99990000,999.99990000,31,3,0,1,0,0,1,1
371086,NORTH CAROLINA,NC,1,0,1,57,4590,BANKSTON,2,12,December,2010,5,Thursday,19,32,0,15,6,99999,35.89196944,-80.06853056,42,3,0,1,0,0,1,1
371087,NORTH CAROLINA,NC,2,0,3,67,0,ABBEVILLE,2,12,December,2010,5,Thursday,21,8,0,3,3,99999,36.19067778,-80.21985000,12,2,0,1,0,0,1,1
371088,NORTH CAROLINA,NC,2,0,3,81,1940,AUBURN,1,12,December,2010,4,Wednesday,5,14,1,11,1,99999,36.01522778,-79.85412500,12,3,6,2,0,0,1,0
371089,NORTH CAROLINA,NC,2,0,4,81,0,AUBURN,4,12,December,2010,7,Saturday,15,25,0,4,4,99999,36.00953333,-79.94193056,12,1,0,4,0,0,2,0
371090,NORTH CAROLINA,NC,2,0,4,83,0,ARDMORE,8,12,December,2010,4,Wednesday,4,41,0,3,2,99999,36.11534444,-77.42795000,12,2,0,1,0,0,3,1
371091,NORTH CAROLINA,NC,1,0,1,87,0,ARMSTRONG,7,12,December,2010,3,Tuesday,17,5,0,4,4,99999,35.57615000,-82.77348611,38,1,0,1,0,0,1,1
371092,NORTH CAROLINA,NC,1,0,1,111,0,GRAHAM,13,12,December,2010,2,Monday,19,0,0,4,4,99999,35.62806944,-81.98658889,30,2,0,10,0,0,1,1
371093,NORTH CAROLINA,NC,1,0,3,127,0,BURNWELL,4,12,December,2010,7,Saturday,17,43,0,5,4,99999,35.93284444,-77.90182222,34,2,0,4,0,0,1,0
371094,NORTH CAROLINA,NC,1,0,1,133,0,ARLEY,5,12,December,2010,1,Sunday,17,30,1,2,2,99999,34.77235833,-77.39936944,42,5,0,1,0,0,1,0
371095,NORTH CAROLINA,NC,2,0,3,157,0,ARCADE,4,12,December,2010,7,Saturday,15,25,0,4,4,99999,36.49708056,-79.80477222,12,1,0,4,0,0,1,0
371096,NORTH CAROLINA,NC,2,0,2,159,0,FARRAR,6,12,December,2010,2,Monday,17,47,0,4,3,99999,35.66155000,-80.50060278,12,2,0,1,0,0,1,1
371097,NORTH CAROLINA,NC,2,0,2,163,0,AVERA,5,12,December,2010,1,Sunday,7,58,0,3,2,99999,34.79082778,-78.38693611,12,1,0,1,0,0,1,0
371098,NORTH CAROLINA,NC,1,0,1,171,0,ALDORA,11,12,December,2010,7,Saturday,5,6,0,5,4,99999,36.39102500,-80.47416667,1,2,0,10,0,0,1,0
371099,NORTH CAROLINA,NC,2,0,5,195,0,CARLTON,4,12,December,2010,7,Saturday,5,52,1,1,2,99999,35.70247500,-77.87470000,12,2,0,10,0,0,1,0
371100,NORTH CAROLINA,NC,2,0,5,197,0,BUENA VISTA,6,12,December,2010,2,Monday,11,34,0,5,4,99999,99.99990000,999.99990000,12,1,0,1,0,0,1,0
371101,NORTH CAROLINA,NC,2,0,2,199,0,ALVATON,9,12,December,2010,5,Thursday,10,0,1,2,2,99999,35.91345278,-82.39763333,12,1,0,1,0,0,1,0
371102,NORTH CAROLINA,NC,1,0,2,97,0,AXIS,23,6,June,2010,4,Wednesday,17,30,0,5,4,99999,35.90285278,-80.73687222,5,1,0,1,0,0,1,0
371103,NORTH CAROLINA,NC,1,0,4,119,870,BELLAMY,7,8,August,2010,7,Saturday,15,50,0,13,6,99999,35.16235278,-80.91625833,5,1,0,1,0,0,1,0
371104,NORTH CAROLINA,NC,1,1,1,21,4910,CHILTON,26,9,September,2010,1,Sunday,6,27,0,14,6,99999,35.67860000,-82.57390833,8,2,0,2,0,0,1,0
371105,NORTH CAROLINA,NC,1,0,2,45,1980,ARITON,17,9,September,2010,6,Friday,18,7,0,16,6,99999,35.17901667,-81.45916111,1,1,0,1,0,0,1,0
371106,NORTH CAROLINA,NC,1,0,1,65,4560,CYPRESS,23,9,September,2010,5,Thursday,12,54,0,15,6,99999,35.90115833,-77.53999167,30,1,0,1,0,0,1,0
371107,NORTH CAROLINA,NC,1,0,1,77,0,ANDERSON,1,9,September,2010,4,Wednesday,19,6,0,5,4,99999,36.07860278,-78.54857778,42,1,0,1,0,0,1,1
371108,NORTH CAROLINA,NC,1,0,3,119,870,BELLAMY,25,9,September,2010,7,Saturday,23,1,0,16,6,99999,35.16265556,-80.72268333,5,3,0,1,0,0,1,0
371109,NORTH CAROLINA,NC,2,0,4,125,0,BROOKWOOD,28,9,September,2010,3,Tuesday,13,8,0,15,6,99999,35.17779722,-79.57176111,12,1,0,2,0,0,1,0
371110,NORTH CAROLINA,NC,1,0,1,139,1460,CALION,6,9,September,2010,2,Monday,19,45,0,15,6,99999,36.28766389,-76.21907222,42,1,0,1,0,0,1,1
371111,NORTH CAROLINA,NC,2,0,6,159,4070,FARRAR,11,9,September,2010,7,Saturday,8,25,0,14,6,99999,35.71106389,-80.49045278,12,1,0,1,0,0,1,0
371112,NORTH CAROLINA,NC,2,0,5,163,970,AVERA,7,9,September,2010,3,Tuesday,11,52,1,12,2,99999,34.99795833,-78.33848611,12,1,0,1,0,0,1,0
371113,NORTH CAROLINA,NC,1,1,1,81,1940,AUBURN,12,11,November,2010,6,Friday,15,33,0,16,6,99999,36.09211111,-79.77715833,8,1,0,1,0,0,1,0
371114,NORTH CAROLINA,NC,1,0,1,127,3930,BURNWELL,15,11,November,2010,2,Monday,18,47,0,14,6,99999,35.96333889,-77.80588056,43,3,0,1,0,0,1,0
371115,NORTH CAROLINA,NC,1,1,1,139,1460,CALION,23,11,November,2010,3,Tuesday,21,0,1,12,2,99999,36.28387500,-76.27455833,8,2,0,1,0,0,1,0
371116,NORTH CAROLINA,NC,1,0,1,183,3750,FORT STEWART,28,11,November,2010,1,Sunday,3,20,0,13,6,99999,35.79092500,-78.67995833,30,3,0,1,0,0,1,1
371117,NORTH CAROLINA,NC,2,0,3,1,700,AUTAUGA,10,12,December,2010,6,Friday,99,99,0,14,3,99999,36.06122500,-79.47082778,12,2,0,1,0,0,1,0
371118,NORTH CAROLINA,NC,2,0,2,1,700,AUTAUGA,13,12,December,2010,2,Monday,13,1,0,13,6,99999,36.09159167,-79.43286944,12,1,0,1,0,0,1,0
371119,NORTH CAROLINA,NC,1,2,1,3,0,BALDWIN,24,12,December,2010,6,Friday,6,45,0,3,3,99999,35.90992222,-81.12091667,8,2,0,1,0,0,1,1
371120,NORTH CAROLINA,NC,1,0,2,15,0,ANNISTON,17,12,December,2010,6,Friday,22,0,0,5,4,99999,36.05640278,-77.17490000,42,2,0,10,0,0,1,1
371121,NORTH CAROLINA,NC,1,1,1,17,0,CHAMBERS,19,12,December,2010,1,Sunday,4,35,0,6,4,99999,34.53012500,-78.51252778,8,2,0,1,0,0,1,0
371122,NORTH CAROLINA,NC,1,1,0,21,0,CHILTON,29,12,December,2010,4,Wednesday,16,1,0,6,4,99999,35.52505000,-82.32686389,8,1,0,4,0,0,1,0
371123,NORTH CAROLINA,NC,2,0,6,23,3130,BLADON SPRINGS,31,12,December,2010,6,Friday,19,3,0,16,6,99999,35.74507222,-81.68283056,12,3,0,1,0,0,1,0
371124,NORTH CAROLINA,NC,2,0,3,35,0,BROOKLYN,23,12,December,2010,5,Thursday,11,4,0,3,3,99999,35.60469444,-81.11118056,12,1,0,1,0,0,2,0
371125,NORTH CAROLINA,NC,1,1,1,47,0,BROWNS,25,12,December,2010,7,Saturday,9,8,0,5,4,99999,34.31334722,-78.92322778,8,1,0,1,0,0,1,0
371126,NORTH CAROLINA,NC,3,0,2,51,0,CENTRAL,5,12,December,2010,1,Sunday,1,51,0,6,4,99999,34.93770833,-78.88351944,34,2,0,1,0,0,1,1
371127,NORTH CAROLINA,NC,2,0,2,51,0,CENTRAL,16,12,December,2010,5,Thursday,7,59,0,5,4,99999,35.22904444,-78.87515833,12,1,0,4,0,0,1,0
371128,NORTH CAROLINA,NC,1,1,1,57,4590,BANKSTON,8,12,December,2010,4,Wednesday,11,39,0,14,6,99999,35.87895000,-80.09695278,8,1,0,1,0,0,1,0
371129,NORTH CAROLINA,NC,1,0,2,57,0,BANKSTON,26,12,December,2010,1,Sunday,10,0,1,1,1,99999,35.82421667,-80.16659167,42,1,0,4,0,0,1,0
371130,NORTH CAROLINA,NC,2,0,5,57,0,BANKSTON,28,12,December,2010,3,Tuesday,15,45,0,6,4,99999,35.70191667,-80.21053889,12,1,0,1,0,0,1,0
371131,NORTH CAROLINA,NC,1,0,1,59,0,FRANKLIN,17,12,December,2010,6,Friday,21,44,0,6,4,99999,35.90075000,-80.68503056,42,2,0,1,0,0,1,0
371132,NORTH CAROLINA,NC,2,0,2,61,0,BELLWOOD,16,12,December,2010,5,Thursday,9,20,0,4,3,99999,35.05562778,-77.75448333,12,1,0,2,0,0,1,0
371133,NORTH CAROLINA,NC,1,0,4,63,1360,BOLIGEE,11,12,December,2010,7,Saturday,3,32,1,11,1,99999,35.90458889,-78.88398056,59,2,0,1,0,0,1,1
371134,NORTH CAROLINA,NC,1,0,1,65,0,CYPRESS,3,12,December,2010,6,Friday,20,29,0,6,4,99999,35.90782222,-77.68949722,42,2,0,1,0,0,1,0
371135,NORTH CAROLINA,NC,1,0,1,65,0,CYPRESS,31,12,December,2010,6,Friday,21,54,0,4,4,99999,35.97121667,-77.72413056,59,2,0,1,0,0,1,1
371136,NORTH CAROLINA,NC,1,1,1,67,5120,ABBEVILLE,29,12,December,2010,4,Wednesday,19,23,0,16,6,99999,36.16406667,-80.27373056,8,2,0,1,0,0,1,0
371137,NORTH CAROLINA,NC,1,0,2,71,1800,BRIDGEPORT,10,12,December,2010,6,Friday,20,54,0,14,6,99999,35.25697500,-81.25853056,30,3,0,10,0,0,1,1
371138,NORTH CAROLINA,NC,1,1,1,73,0,ARGO,21,12,December,2010,3,Tuesday,17,50,0,6,4,99999,36.45482500,-76.62099167,8,2,0,1,0,0,1,1
371139,NORTH CAROLINA,NC,2,0,2,81,2170,AUBURN,3,12,December,2010,6,Friday,8,8,0,14,6,99999,35.99240556,-80.01213611,12,1,0,1,0,0,1,0
371140,NORTH CAROLINA,NC,2,0,2,81,2170,AUBURN,10,12,December,2010,6,Friday,17,0,0,3,6,99999,36.06307222,-80.00864722,12,5,0,1,0,0,1,0
371141,NORTH CAROLINA,NC,1,1,1,81,1940,AUBURN,28,12,December,2010,3,Tuesday,17,59,1,11,1,99999,36.04145556,-79.77818611,8,2,0,1,0,0,1,0
371142,NORTH CAROLINA,NC,1,0,1,85,0,BENTON,16,12,December,2010,5,Thursday,8,15,0,5,4,99999,35.25991667,-78.86956111,34,1,0,2,0,0,1,0
371143,NORTH CAROLINA,NC,2,0,2,85,0,BENTON,18,12,December,2010,7,Saturday,7,18,0,4,3,99999,35.39394722,-78.67120833,12,1,0,10,0,0,1,0
371144,NORTH CAROLINA,NC,1,0,1,101,0,BOYLSTON,21,12,December,2010,3,Tuesday,14,24,0,6,4,99999,35.40751944,-78.19295833,34,1,0,10,0,0,1,0
371145,NORTH CAROLINA,NC,1,0,2,101,0,BOYLSTON,26,12,December,2010,1,Sunday,21,9,1,1,2,99999,35.59115556,-78.39869444,57,2,0,1,0,0,1,0
371146,NORTH CAROLINA,NC,1,1,1,105,0,MARION,26,12,December,2010,1,Sunday,18,54,0,6,4,99999,35.33585278,-79.18953889,8,2,0,10,0,0,1,0
371147,NORTH CAROLINA,NC,2,0,3,105,0,MARION,31,12,December,2010,6,Friday,19,31,0,5,4,99999,35.39150000,-79.14507778,12,2,0,1,0,0,1,0
371148,NORTH CAROLINA,NC,2,0,2,107,0,CARROLLTON,24,12,December,2010,6,Friday,15,24,0,4,4,99999,35.30531944,-77.78938333,12,1,0,1,0,0,1,1
371149,NORTH CAROLINA,NC,1,0,1,111,0,GRAHAM,22,12,December,2010,4,Wednesday,13,50,1,2,2,99999,35.72540278,-82.04358056,43,1,0,1,0,0,1,0
371150,NORTH CAROLINA,NC,2,0,3,119,870,BELLAMY,23,12,December,2010,5,Thursday,2,10,0,14,6,99999,35.19850000,-80.85250833,12,3,0,1,0,0,1,2
371151,NORTH CAROLINA,NC,1,0,3,119,870,BELLAMY,26,12,December,2010,1,Sunday,3,16,1,11,1,99999,35.27645556,-80.80513056,30,3,0,4,0,0,1,1
371152,NORTH CAROLINA,NC,1,0,1,125,0,BROOKWOOD,16,12,December,2010,5,Thursday,17,20,0,6,4,99999,35.50511944,-79.54118611,42,5,0,10,0,0,1,1
371153,NORTH CAROLINA,NC,3,0,6,129,5060,BIGBEE,5,12,December,2010,1,Sunday,11,53,1,13,6,99999,34.25395278,-77.88954722,12,1,0,1,0,0,1,0
371154,NORTH CAROLINA,NC,1,1,1,129,5060,BIGBEE,24,12,December,2010,6,Friday,17,30,1,13,6,99999,34.19078889,-77.93495278,8,3,0,1,0,0,1,0
371155,NORTH CAROLINA,NC,1,0,2,133,0,ARLEY,26,12,December,2010,1,Sunday,8,45,0,4,3,99999,34.44691111,-77.51103333,34,1,0,4,0,0,1,0
371156,NORTH CAROLINA,NC,2,0,2,133,0,ARLEY,22,12,December,2010,4,Wednesday,13,7,1,2,2,99999,34.47635000,-77.57618056,59,1,0,1,0,0,1,0
371157,NORTH CAROLINA,NC,1,0,3,135,0,ASH FLAT,3,12,December,2010,6,Friday,4,6,1,1,1,99999,35.95188611,-79.00337222,1,2,0,1,0,0,1,0
371158,NORTH CAROLINA,NC,2,0,5,153,0,BONAIRE,11,12,December,2010,7,Saturday,0,55,0,6,4,99999,34.96910833,-79.74246111,12,2,0,1,0,0,1,0
371159,NORTH CAROLINA,NC,2,0,2,153,0,BONAIRE,19,12,December,2010,1,Sunday,15,36,1,2,2,99999,34.95525278,-79.71276389,12,1,0,1,0,0,2,0
371160,NORTH CAROLINA,NC,1,0,1,155,0,IRWIN,16,12,December,2010,5,Thursday,8,36,0,4,3,99999,34.82556944,-79.18061389,35,1,0,3,0,0,1,0
371161,NORTH CAROLINA,NC,1,0,1,155,0,IRWIN,18,12,December,2010,7,Saturday,21,10,0,5,4,99999,34.41703611,-79.07049167,34,2,0,10,0,0,1,1
371162,NORTH CAROLINA,NC,1,0,2,155,0,IRWIN,25,12,December,2010,7,Saturday,5,12,0,6,4,99999,34.72383611,-79.07040556,34,2,0,1,0,0,1,1
371163,NORTH CAROLINA,NC,1,0,1,155,0,IRWIN,28,12,December,2010,3,Tuesday,20,2,0,6,4,99999,34.67924167,-79.29845833,11,2,0,1,0,0,1,0
371164,NORTH CAROLINA,NC,2,0,3,159,0,FARRAR,17,12,December,2010,6,Friday,8,6,0,5,4,99999,35.53809444,-80.68385000,12,1,0,1,0,0,1,0
371165,NORTH CAROLINA,NC,1,0,1,163,0,AVERA,19,12,December,2010,1,Sunday,1,51,0,6,4,99999,35.18201667,-78.39655000,32,2,0,10,0,0,1,1
371166,NORTH CAROLINA,NC,1,0,3,163,0,AVERA,16,12,December,2010,5,Thursday,9,55,0,5,4,99999,34.77729167,-78.44504444,1,1,3,3,0,0,1,0
371167,NORTH CAROLINA,NC,1,0,3,163,0,AVERA,24,12,December,2010,6,Friday,22,50,0,6,4,99999,34.58411111,-78.24265556,34,2,0,1,0,0,1,1
371168,NORTH CAROLINA,NC,1,0,4,175,0,CADWELL,17,12,December,2010,6,Friday,22,55,0,4,4,99999,35.23776667,-82.59770278,5,2,0,1,0,0,1,0
371169,NORTH CAROLINA,NC,3,0,3,183,3750,FORT STEWART,9,12,December,2010,5,Thursday,7,51,1,11,1,99999,35.90796111,-78.76785278,12,1,0,1,0,0,1,0
371170,NORTH CAROLINA,NC,3,0,4,183,0,FORT STEWART,15,12,December,2010,4,Wednesday,10,50,0,3,4,99999,35.75466111,-78.53645278,12,1,0,1,0,0,1,0
371171,NORTH CAROLINA,NC,1,0,3,193,0,IDEAL,27,12,December,2010,2,Monday,12,13,0,5,4,99999,36.24510278,-81.21110833,1,1,0,4,0,0,1,0
371172,NORTH CAROLINA,NC,1,1,1,195,5070,CARLTON,30,12,December,2010,5,Thursday,17,59,0,14,6,99999,99.99990000,999.99990000,8,3,0,1,0,0,1,0
371173,NORTH CAROLINA,NC,1,0,1,65,0,CYPRESS,17,6,June,2010,5,Thursday,15,44,0,4,4,99999,35.71271944,-77.63008056,7,1,0,1,0,0,1,0
371174,NORTH CAROLINA,NC,2,0,4,123,740,ALEXANDER CITY,16,7,July,2010,6,Friday,11,27,0,16,6,99999,35.29978611,-79.74606389,12,1,0,1,0,0,1,0
371175,NORTH CAROLINA,NC,1,0,1,127,0,BURNWELL,4,7,July,2010,1,Sunday,2,38,0,4,4,99999,99.99990000,999.99990000,11,2,0,1,0,0,1,1
371176,NORTH CAROLINA,NC,1,0,1,39,0,ANDALUSIA,20,8,August,2010,6,Friday,23,35,0,4,2,99999,35.05726111,-84.06618056,42,2,0,2,0,0,1,0
371177,NORTH CAROLINA,NC,2,0,4,49,0,COLLINSVILLE,13,8,August,2010,6,Friday,16,16,0,4,3,99999,35.11008056,-77.09981944,12,1,2,2,0,0,2,0
371178,NORTH CAROLINA,NC,2,0,3,85,1350,BENTON,29,8,August,2010,1,Sunday,16,24,0,2,3,99999,35.31526389,-78.59541944,12,1,0,1,0,0,1,0
371179,NORTH CAROLINA,NC,1,0,1,119,870,BELLAMY,28,8,August,2010,7,Saturday,1,16,0,16,6,99999,35.23054722,-80.87954444,7,3,0,1,0,0,1,1
371180,NORTH CAROLINA,NC,1,1,1,51,1670,CENTRAL,2,9,September,2010,5,Thursday,20,18,0,16,6,99999,34.85086111,-78.73274722,8,3,0,1,0,0,1,0