ST_CASE,State Name,State Abbreviation,VE_TOTAL,Pedestrains,Total_Persons_in_accident,COUNTY,CITY,City_County_Name,Calendar_DAY,MONTH,Month_Name,YEAR,DAY_WEEK,Day_Week_desc,HOUR,MINUTE,NHS_Desc,trafficway,ROUTE,MILEPT,LATITUDE,LONGITUD,First_Crash_event,Light_cond_desc,Weather_condition,WEATHER,SCH_BUS,Crash_cause,FATALS,DRUNK_DR
371181,NORTH CAROLINA,NC,2,0,4,51,1670,CENTRAL,18,9,September,2010,7,Saturday,2,58,0,16,6,99999,35.04658056,-78.94157500,12,2,0,1,0,0,2,1
371182,NORTH CAROLINA,NC,1,1,1,77,4500,ANDERSON,26,9,September,2010,1,Sunday,2,21,1,2,2,99999,36.12255556,-78.68974722,8,2,0,1,0,0,1,1
371183,NORTH CAROLINA,NC,1,0,1,163,0,AVERA,12,9,September,2010,1,Sunday,7,43,0,4,4,99999,35.05691111,-78.20171389,34,2,0,10,0,0,1,0
371184,NORTH CAROLINA,NC,1,1,1,183,800,FORT STEWART,28,9,September,2010,3,Tuesday,13,29,0,16,6,99999,35.69522500,-78.79669167,8,1,0,1,0,0,1,0
371185,NORTH CAROLINA,NC,1,0,1,189,0,BONEVILLE,3,9,September,2010,6,Friday,18,30,0,4,4,99999,36.11936389,-81.54233056,1,1,0,1,0,0,1,0
371186,NORTH CAROLINA,NC,2,0,2,27,0,ASHLAND,14,10,October,2010,5,Thursday,6,25,1,2,2,99999,35.88272222,-81.51512222,12,2,0,2,0,0,1,0
371187,NORTH CAROLINA,NC,3,0,3,51,1670,CENTRAL,21,10,October,2010,5,Thursday,21,54,0,16,6,99999,35.06885278,-78.90784167,12,3,0,1,0,0,1,0
371188,NORTH CAROLINA,NC,1,1,1,55,1324,ATTALLA,13,10,October,2010,4,Wednesday,19,32,0,16,6,99999,36.17106944,-75.75631111,8,6,0,1,0,0,1,0
371189,NORTH CAROLINA,NC,2,0,2,71,890,BRIDGEPORT,12,10,October,2010,3,Tuesday,10,38,0,16,6,99999,35.38114167,-81.37667778,12,1,0,1,0,0,1,0
371190,NORTH CAROLINA,NC,1,0,4,81,2170,AUBURN,2,10,October,2010,7,Saturday,2,54,0,16,6,99999,35.97911667,-79.95351667,30,3,0,1,0,0,1,1
371191,NORTH CAROLINA,NC,1,1,1,97,4430,AXIS,13,10,October,2010,4,Wednesday,5,15,0,16,6,99999,35.76977500,-80.85671389,8,3,0,10,0,0,1,0
371192,NORTH CAROLINA,NC,1,1,1,119,870,BELLAMY,14,10,October,2010,5,Thursday,6,55,0,16,6,99999,35.24057222,-80.91954167,8,2,0,10,0,0,1,0
371193,NORTH CAROLINA,NC,1,0,4,121,0,BON AIR,15,10,October,2010,6,Friday,20,36,0,4,4,99999,35.86902222,-82.04658611,42,2,0,1,0,0,2,0
371194,NORTH CAROLINA,NC,1,1,2,161,1680,DENTON,15,10,October,2010,6,Friday,22,8,0,6,6,99999,35.33339722,-81.88129722,8,2,0,1,0,0,1,0
371195,NORTH CAROLINA,NC,2,0,3,167,2690,ADRIAN,20,10,October,2010,4,Wednesday,18,40,0,4,3,99999,35.28614167,-80.42684167,12,5,0,10,0,0,1,0
371196,NORTH CAROLINA,NC,2,0,2,171,3580,ALDORA,10,10,October,2010,1,Sunday,11,56,1,13,2,99999,36.39392778,-80.47515278,12,1,0,1,0,0,1,0
371197,NORTH CAROLINA,NC,2,0,2,171,0,ALDORA,16,10,October,2010,7,Saturday,9,28,0,4,4,99999,36.49411389,-80.52859444,12,1,0,1,0,0,1,0
371198,NORTH CAROLINA,NC,1,0,1,173,0,LAKELAND,15,10,October,2010,6,Friday,19,49,1,2,2,99999,35.42560278,-83.40897500,24,2,0,1,0,0,1,1
371199,NORTH CAROLINA,NC,2,0,2,193,3370,IDEAL,8,10,October,2010,6,Friday,13,0,0,4,3,99999,36.18711111,-81.14993611,12,1,0,1,0,0,1,0
371200,NORTH CAROLINA,NC,2,0,2,1,0,AUTAUGA,18,11,November,2010,5,Thursday,19,7,0,4,3,99999,36.20553333,-79.50887222,34,2,0,1,0,0,1,0
371201,NORTH CAROLINA,NC,1,1,2,51,1670,CENTRAL,17,11,November,2010,4,Wednesday,20,19,0,16,6,99999,35.03565278,-78.96520000,8,2,0,1,0,0,1,0
371202,NORTH CAROLINA,NC,1,0,1,81,0,AUBURN,13,11,November,2010,7,Saturday,23,19,0,6,4,99999,36.12255556,-79.67656389,53,2,0,1,0,0,1,1
371203,NORTH CAROLINA,NC,3,0,4,111,2900,GRAHAM,24,11,November,2010,4,Wednesday,19,37,1,13,2,99999,35.69280000,-81.99220556,12,2,0,10,0,0,1,1
371204,NORTH CAROLINA,NC,2,1,2,119,870,BELLAMY,23,11,November,2010,3,Tuesday,18,41,0,16,6,99999,35.26154167,-80.87774167,8,3,5,2,0,0,1,0
371205,NORTH CAROLINA,NC,1,0,1,125,4270,BROOKWOOD,5,11,November,2010,6,Friday,2,51,0,16,6,99999,35.16698611,-79.39756667,30,2,0,1,0,0,1,1
371206,NORTH CAROLINA,NC,3,0,3,135,0,ASH FLAT,22,11,November,2010,2,Monday,18,8,0,4,3,99999,36.15010833,-79.06276667,12,2,0,1,0,0,1,0
371207,NORTH CAROLINA,NC,2,0,2,147,1950,AUGUSTA,2,11,November,2010,3,Tuesday,15,52,1,13,2,99999,35.58075556,-77.37726667,12,1,0,1,0,0,1,0
371208,NORTH CAROLINA,NC,1,0,4,147,1950,AUGUSTA,20,11,November,2010,7,Saturday,6,31,1,13,2,99999,35.59047222,-77.36536944,43,4,0,1,0,0,2,0
371209,NORTH CAROLINA,NC,1,0,1,183,0,FORT STEWART,8,11,November,2010,2,Monday,16,16,0,6,4,99999,35.56787500,-78.72221111,1,1,0,1,0,0,1,0
371210,NORTH CAROLINA,NC,2,0,2,25,1040,BARLOW BEND,20,12,December,2010,2,Monday,18,31,1,11,1,99999,35.39667778,-80.70028889,12,2,0,1,0,0,1,0
371211,NORTH CAROLINA,NC,2,0,3,31,3120,COFFEE,3,12,December,2010,6,Friday,10,7,0,16,6,99999,34.72849444,-76.76851944,12,1,0,1,0,0,1,0
371212,NORTH CAROLINA,NC,2,0,2,47,0,BROWNS,30,12,December,2010,5,Thursday,18,3,0,5,4,99999,34.41020556,-78.80058056,12,2,0,1,0,0,1,0
371213,NORTH CAROLINA,NC,5,0,8,51,4374,CENTRAL,30,12,December,2010,5,Thursday,14,26,0,4,3,99999,35.18272778,-78.96446944,12,1,0,1,0,0,1,1
371214,NORTH CAROLINA,NC,1,0,1,57,0,BANKSTON,30,12,December,2010,5,Thursday,6,34,1,2,2,99999,35.85709167,-80.38614722,31,2,0,10,0,0,1,0
371215,NORTH CAROLINA,NC,1,0,1,59,0,FRANKLIN,16,12,December,2010,5,Thursday,7,40,0,6,4,99999,35.88329444,-80.50753889,42,1,0,3,0,0,1,0
371216,NORTH CAROLINA,NC,1,0,4,85,1350,BENTON,11,12,December,2010,7,Saturday,21,55,0,5,6,99999,35.33582778,-78.61051389,42,3,0,2,0,0,1,0
371217,NORTH CAROLINA,NC,2,0,3,117,0,BIRMINGHAM,30,12,December,2010,5,Thursday,18,12,0,4,3,99999,35.83295833,-77.09356389,12,2,0,10,0,0,2,0
371218,NORTH CAROLINA,NC,2,0,3,127,3930,BURNWELL,30,12,December,2010,5,Thursday,14,58,0,6,6,99999,35.98970833,-77.78217222,12,1,0,1,0,0,1,0
371219,NORTH CAROLINA,NC,1,0,3,133,0,ARLEY,17,12,December,2010,6,Friday,18,43,0,5,4,99999,34.68982778,-77.49752778,42,2,0,1,0,0,1,0
371220,NORTH CAROLINA,NC,1,1,1,133,2330,ARLEY,23,12,December,2010,5,Thursday,2,37,0,4,3,99999,34.74471667,-77.39121389,8,3,0,1,0,0,1,1
371221,NORTH CAROLINA,NC,2,0,2,165,2560,HERNDON,14,12,December,2010,3,Tuesday,16,35,1,13,2,99999,34.78577778,-79.46824167,12,1,0,1,0,0,1,1
371222,NORTH CAROLINA,NC,1,1,1,183,5230,FORT STEWART,6,12,December,2010,2,Monday,5,30,0,6,6,99999,35.82035278,-78.32803611,8,3,0,1,0,0,1,0
371223,NORTH CAROLINA,NC,1,0,1,37,0,BRADFORD,25,11,November,2010,5,Thursday,11,13,1,2,2,99999,35.55850278,-79.29193611,24,1,0,1,0,0,1,1
371224,NORTH CAROLINA,NC,2,0,3,71,430,BRIDGEPORT,27,5,May,2010,5,Thursday,15,30,0,16,6,99999,35.29276389,-81.26453056,12,1,0,1,0,0,1,0
380001,NORTH DAKOTA,ND,1,0,1,15,0,ANNISTON,10,1,January,2010,1,Sunday,7,43,1,1,1,163,46.83860000,-100.69910000,35,1,0,1,0,0,1,0
380002,NORTH DAKOTA,ND,2,0,4,17,0,CHAMBERS,14,1,January,2010,5,Thursday,0,1,1,1,1,315,46.87560000,-97.55820000,1,2,0,1,0,0,1,0
380003,NORTH DAKOTA,ND,2,0,4,61,0,BELLWOOD,14,1,January,2010,5,Thursday,7,52,0,2,3,5545,47.97780000,-102.36400000,12,4,0,5,0,0,1,0
380004,NORTH DAKOTA,ND,2,0,2,105,3350,MARION,29,1,January,2010,6,Friday,5,53,0,14,6,0,48.16873056,-103.62140000,12,2,0,10,0,0,1,0
380005,NORTH DAKOTA,ND,1,0,3,17,0,CHAMBERS,3,2,February,2010,4,Wednesday,23,7,1,1,1,540,46.72016944,-96.83023056,1,2,0,10,0,0,1,0
380006,NORTH DAKOTA,ND,1,0,3,101,0,BOYLSTON,6,2,February,2010,7,Saturday,16,41,1,2,2,1158,48.32740000,-101.83810000,1,1,0,10,0,0,1,1
380007,NORTH DAKOTA,ND,2,0,3,53,0,ATMORE,12,2,February,2010,6,Friday,10,0,0,2,3,422,47.98160000,-102.64530000,12,1,0,5,0,0,2,1
380008,NORTH DAKOTA,ND,2,0,2,53,0,ATMORE,18,2,February,2010,5,Thursday,7,40,0,4,3,20,47.89226111,-104.03348889,12,1,0,5,0,0,1,0
380009,NORTH DAKOTA,ND,1,0,1,89,0,BROWNSBORO,6,3,March,2010,7,Saturday,5,0,0,6,5,0,46.80367222,-102.74486944,1,4,0,2,0,0,1,1
380010,NORTH DAKOTA,ND,1,0,2,1,0,AUTAUGA,9,3,March,2010,3,Tuesday,16,38,1,2,2,768,46.00307222,-102.57526944,1,5,0,11,0,0,1,0
380011,NORTH DAKOTA,ND,1,0,1,77,0,ANDERSON,14,3,March,2010,1,Sunday,3,5,0,6,4,0,46.49068056,-96.75367222,35,2,0,5,0,0,1,1
380012,NORTH DAKOTA,ND,1,0,2,93,0,BEAR CREEK,16,3,March,2010,3,Tuesday,7,10,1,1,1,2637,46.89248889,-98.60186667,1,4,0,1,0,0,2,0
380013,NORTH DAKOTA,ND,1,0,1,77,0,ANDERSON,19,3,March,2010,6,Friday,18,30,0,6,4,0,46.38385556,-96.97048056,31,1,0,1,0,0,1,0
380014,NORTH DAKOTA,ND,2,0,2,53,0,ATMORE,23,3,March,2010,3,Tuesday,23,36,1,2,3,170,47.87735278,-103.68201389,12,2,0,1,0,0,1,1
380015,NORTH DAKOTA,ND,1,0,1,43,0,BAILEYTON,10,4,April,2010,7,Saturday,2,36,0,4,4,0,46.73580000,-99.91210000,35,2,0,1,0,0,1,1
380016,NORTH DAKOTA,ND,1,0,2,5,0,BAKER HILL,10,4,April,2010,7,Saturday,3,56,0,2,3,71,47.99480000,-98.98045000,1,2,0,99,0,0,1,1
380017,NORTH DAKOTA,ND,1,0,1,3,3160,BALDWIN,17,4,April,2010,7,Saturday,22,0,0,6,5,0,46.91636111,-97.96951944,1,3,0,1,0,0,1,1
380018,NORTH DAKOTA,ND,2,0,3,35,1280,BROOKLYN,18,4,April,2010,1,Sunday,12,30,1,13,2,9492,47.98700000,-97.09610000,12,1,0,1,0,0,1,0
380019,NORTH DAKOTA,ND,2,0,3,99,0,BEATRICE,18,4,April,2010,1,Sunday,14,35,0,3,3,2070,48.53480000,-97.62280000,12,1,0,1,0,0,1,0
380020,NORTH DAKOTA,ND,2,0,4,17,0,CHAMBERS,18,4,April,2010,1,Sunday,18,11,0,4,4,0,46.65920000,-96.82050000,12,1,0,1,0,0,2,0
380021,NORTH DAKOTA,ND,2,0,7,5,0,BAKER HILL,21,4,April,2010,4,Wednesday,21,30,0,6,4,0,47.97473056,-98.88895000,12,2,0,99,0,0,1,2
380022,NORTH DAKOTA,ND,1,0,1,49,0,COLLINSVILLE,24,4,April,2010,7,Saturday,1,30,0,4,4,0,48.39166111,-100.38551111,35,2,0,1,0,0,1,1
380023,NORTH DAKOTA,ND,1,0,4,79,0,COURTLAND,24,4,April,2010,7,Saturday,2,40,0,6,4,0,48.79746111,-99.86015000,1,2,0,1,0,0,1,1
380024,NORTH DAKOTA,ND,2,0,3,53,3280,ATMORE,27,4,April,2010,3,Tuesday,0,40,0,6,6,0,47.80320000,-103.27800000,33,3,0,1,0,0,1,1
380025,NORTH DAKOTA,ND,1,0,1,17,0,CHAMBERS,5,3,March,2010,6,Friday,11,8,0,4,4,0,46.77553056,-96.97930000,1,1,0,10,0,0,1,0
380026,NORTH DAKOTA,ND,3,0,4,5,0,BAKER HILL,19,5,May,2010,4,Wednesday,21,30,0,2,3,75,47.99560000,-98.97100000,12,2,0,1,0,0,1,0
380027,NORTH DAKOTA,ND,1,0,1,59,0,FRANKLIN,20,5,May,2010,5,Thursday,1,5,0,3,3,763,46.86140000,-100.89770000,1,2,0,1,0,0,1,1
380028,NORTH DAKOTA,ND,1,0,1,57,0,BANKSTON,31,5,May,2010,2,Monday,19,40,0,2,3,1761,47.50480000,-101.42870000,57,1,0,1,0,0,1,0
380029,NORTH DAKOTA,ND,1,0,4,5,0,BAKER HILL,28,5,May,2010,6,Friday,6,23,0,6,4,0,47.90778056,-98.80036111,1,4,0,1,0,0,1,1
380030,NORTH DAKOTA,ND,2,0,3,15,0,ANNISTON,3,6,June,2010,5,Thursday,15,5,0,4,3,692,46.69560000,-100.71130000,12,1,0,1,0,0,3,1
380031,NORTH DAKOTA,ND,3,0,7,35,1280,BROOKLYN,5,6,June,2010,7,Saturday,1,39,0,14,6,0,47.90400000,-97.06650000,12,3,0,1,0,0,2,1
380032,NORTH DAKOTA,ND,2,0,3,71,0,BRIDGEPORT,23,6,June,2010,4,Wednesday,6,50,0,3,3,1488,48.12180000,-99.00970000,12,1,0,1,0,0,1,0
380033,NORTH DAKOTA,ND,1,0,2,101,0,BOYLSTON,24,6,June,2010,5,Thursday,20,15,1,2,2,1577,48.23980000,-101.06940000,1,1,0,10,0,0,1,0
380034,NORTH DAKOTA,ND,1,0,1,59,0,FRANKLIN,5,7,July,2010,2,Monday,22,0,0,3,3,409,46.49950000,-100.60480000,1,2,0,1,0,0,1,0
380035,NORTH DAKOTA,ND,1,0,1,11,0,BULLOCK,6,7,July,2010,3,Tuesday,12,50,0,2,3,357,46.17690000,-103.35760000,35,1,0,1,0,0,1,0
380036,NORTH DAKOTA,ND,1,1,1,101,0,BOYLSTON,16,7,July,2010,6,Friday,11,45,1,2,2,1299,48.31280000,-101.59070000,9,1,0,1,0,0,1,0
380037,NORTH DAKOTA,ND,1,0,2,1,0,AUTAUGA,9,7,July,2010,6,Friday,21,30,0,4,4,0,46.10080000,-102.62170000,42,2,0,1,0,0,1,1
380038,NORTH DAKOTA,ND,2,0,2,89,0,BROWNSBORO,10,7,July,2010,7,Saturday,6,2,0,6,4,0,46.86729167,-102.20207778,12,1,0,1,0,0,1,1
380039,NORTH DAKOTA,ND,2,0,2,31,0,COFFEE,15,7,July,2010,5,Thursday,14,58,1,2,2,2202,47.45754722,-99.16942222,12,1,0,1,0,0,2,1
380040,NORTH DAKOTA,ND,1,0,2,67,0,ABBEVILLE,17,7,July,2010,7,Saturday,15,25,0,6,4,0,48.97011389,-97.27080278,32,1,0,10,0,0,1,1
380041,NORTH DAKOTA,ND,2,0,2,99,0,BEATRICE,22,7,July,2010,5,Thursday,13,21,0,3,3,1204,48.41260000,-97.57130000,12,1,0,2,0,0,1,0
380042,NORTH DAKOTA,ND,2,0,2,15,370,ANNISTON,21,7,July,2010,4,Wednesday,21,53,1,2,2,9016,46.81690000,-100.77700000,12,5,0,1,0,0,1,1
380043,NORTH DAKOTA,ND,2,0,5,87,0,ARMSTRONG,16,7,July,2010,6,Friday,14,28,1,2,2,301,46.34740000,-103.36310000,12,1,0,1,0,0,1,0
380044,NORTH DAKOTA,ND,2,1,3,79,0,COURTLAND,31,7,July,2010,7,Saturday,1,55,0,6,4,0,48.83396944,-99.66773889,8,2,0,1,0,0,1,0
380045,NORTH DAKOTA,ND,1,1,1,85,0,BENTON,1,8,August,2010,1,Sunday,4,24,0,3,3,61,46.04896944,-100.68960000,8,2,0,99,0,0,1,0
380046,NORTH DAKOTA,ND,2,0,2,91,0,DAYTON,8,8,August,2010,1,Sunday,17,42,0,6,4,0,47.47160000,-97.62270000,12,1,0,1,0,0,1,1
380047,NORTH DAKOTA,ND,1,0,1,61,0,BELLWOOD,9,8,August,2010,2,Monday,23,0,0,4,4,0,48.25230000,-102.56910000,1,2,0,2,0,0,1,1
380048,NORTH DAKOTA,ND,1,0,1,5,0,BAKER HILL,13,8,August,2010,6,Friday,0,52,0,2,3,871,47.92110000,-98.80220000,1,2,0,98,0,0,1,0
380049,NORTH DAKOTA,ND,1,0,1,13,0,BOLLING,14,8,August,2010,7,Saturday,21,45,0,4,3,654,48.57550000,-102.69020000,35,2,0,10,0,0,1,1
380050,NORTH DAKOTA,ND,1,0,1,105,0,MARION,22,8,August,2010,1,Sunday,17,30,0,4,4,0,48.19510000,-103.60930000,1,1,0,1,0,0,1,1
380051,NORTH DAKOTA,ND,2,0,8,71,0,BRIDGEPORT,27,8,August,2010,6,Friday,15,45,1,2,2,2754,48.05190000,-98.76310000,12,1,0,1,0,0,1,0
380052,NORTH DAKOTA,ND,2,0,9,35,0,BROOKLYN,28,8,August,2010,7,Saturday,18,4,1,2,2,3374,47.93180000,-97.48350000,12,1,0,1,0,0,1,0
380053,NORTH DAKOTA,ND,2,0,5,61,0,BELLWOOD,2,9,September,2010,5,Thursday,6,30,0,2,3,654,47.97760000,-102.15030000,12,3,2,2,0,0,1,1
380054,NORTH DAKOTA,ND,4,0,6,17,0,CHAMBERS,6,9,September,2010,2,Monday,19,7,1,1,1,3429,46.87750000,-96.96450000,12,5,0,2,0,0,1,0
380055,NORTH DAKOTA,ND,1,1,1,79,0,COURTLAND,8,9,September,2010,4,Wednesday,2,53,1,2,2,2458,48.80535000,-99.88928889,8,2,0,1,0,0,1,0
380056,NORTH DAKOTA,ND,1,0,1,57,0,BANKSTON,10,9,September,2010,6,Friday,7,24,0,6,4,0,47.42890000,-101.80820000,1,1,0,2,0,0,1,0
380057,NORTH DAKOTA,ND,1,0,2,35,1280,BROOKLYN,12,9,September,2010,1,Sunday,3,30,0,16,6,0,47.90840000,-97.05110000,33,2,0,1,0,0,1,1
380058,NORTH DAKOTA,ND,1,1,1,15,370,ANNISTON,10,9,September,2010,6,Friday,14,28,0,14,6,0,46.80110000,-100.78780000,15,1,0,10,0,0,1,0
380059,NORTH DAKOTA,ND,1,0,1,95,0,ALBERTVILLE,19,9,September,2010,1,Sunday,3,10,0,6,4,0,48.96150000,-99.11020000,1,2,0,99,0,0,1,1
380060,NORTH DAKOTA,ND,1,0,1,53,0,ATMORE,20,9,September,2010,2,Monday,21,15,0,4,3,2939,48.03870000,-103.17470000,1,2,0,1,0,0,1,0
380061,NORTH DAKOTA,ND,1,0,2,93,0,BEAR CREEK,26,9,September,2010,1,Sunday,1,0,0,6,4,0,46.94560000,-98.71630000,1,2,0,1,0,0,2,1
380062,NORTH DAKOTA,ND,2,0,4,55,0,ATTALLA,27,9,September,2010,2,Monday,19,15,0,2,3,2087,47.48700000,-100.82250000,12,1,0,1,0,0,1,0
380063,NORTH DAKOTA,ND,2,0,2,81,0,AUBURN,29,9,September,2010,4,Wednesday,7,10,0,3,3,251,46.28170000,-97.65520000,12,4,0,1,0,0,1,0
380064,NORTH DAKOTA,ND,1,0,2,25,0,BARLOW BEND,30,9,September,2010,5,Thursday,7,38,0,2,3,836,47.35750000,-103.00650000,1,1,0,1,0,0,2,0
380065,NORTH DAKOTA,ND,2,0,3,17,1020,CHAMBERS,30,9,September,2010,5,Thursday,19,28,0,14,6,0,46.83230000,-96.82570000,12,1,0,1,0,0,2,0
380066,NORTH DAKOTA,ND,1,0,5,53,0,ATMORE,1,10,October,2010,6,Friday,1,0,0,2,3,1449,47.82960000,-102.72470000,1,2,0,1,0,0,1,1
380067,NORTH DAKOTA,ND,1,0,1,11,0,BULLOCK,2,10,October,2010,7,Saturday,2,0,0,6,4,0,45.96786944,-103.14073889,1,2,0,1,0,0,1,1
380068,NORTH DAKOTA,ND,1,0,1,69,0,ASHFORD,2,10,October,2010,7,Saturday,15,54,0,6,4,0,48.27563889,-99.93431944,58,1,0,1,0,0,1,0
380069,NORTH DAKOTA,ND,1,0,1,53,0,ATMORE,3,10,October,2010,1,Sunday,19,30,0,6,4,0,47.95991111,-102.74593056,1,2,0,1,0,0,1,1
380070,NORTH DAKOTA,ND,1,0,1,15,0,ANNISTON,4,10,October,2010,2,Monday,7,20,1,1,1,1704,46.83705000,-100.53990000,24,4,0,1,0,0,1,0
380071,NORTH DAKOTA,ND,1,0,3,61,0,BELLWOOD,6,10,October,2010,4,Wednesday,22,50,0,3,3,1351,48.02160000,-102.34370000,1,2,0,1,0,0,2,1
380072,NORTH DAKOTA,ND,2,0,2,25,0,BARLOW BEND,7,10,October,2010,5,Thursday,11,20,0,2,3,1167,47.32200000,-102.33540000,12,1,0,1,0,0,1,0
380073,NORTH DAKOTA,ND,1,1,2,17,1020,CHAMBERS,8,10,October,2010,6,Friday,20,43,0,13,6,0,46.86140000,-96.84900000,8,3,0,1,0,0,1,0
380074,NORTH DAKOTA,ND,1,1,1,5,2795,BAKER HILL,11,10,October,2010,2,Monday,14,22,0,16,6,0,47.98836111,-98.86715000,8,1,0,1,0,0,1,0
380075,NORTH DAKOTA,ND,1,0,1,17,1020,CHAMBERS,17,10,October,2010,1,Sunday,1,50,1,12,2,9248,46.84855000,-96.79850000,21,3,0,1,0,0,1,1
380076,NORTH DAKOTA,ND,1,0,4,17,1020,CHAMBERS,16,10,October,2010,7,Saturday,1,7,0,16,6,0,46.88830000,-96.78970000,42,3,0,1,0,0,1,1
380077,NORTH DAKOTA,ND,1,0,1,77,0,ANDERSON,17,10,October,2010,1,Sunday,4,18,0,3,3,1508,46.07800000,-97.19756944,1,2,0,1,0,0,1,1
380078,NORTH DAKOTA,ND,1,0,1,105,0,MARION,26,10,October,2010,3,Tuesday,12,55,0,6,4,0,48.19750000,-103.51110000,10,1,0,11,0,0,1,0
380079,NORTH DAKOTA,ND,2,0,3,25,0,BARLOW BEND,28,10,October,2010,5,Thursday,9,47,0,3,3,1017,47.31680000,-102.75780000,12,1,0,1,0,0,2,0
380080,NORTH DAKOTA,ND,1,0,1,13,0,BOLLING,31,10,October,2010,1,Sunday,4,30,1,2,2,101,48.89415000,-102.48710000,34,2,0,10,0,0,1,1
380081,NORTH DAKOTA,ND,1,0,2,69,0,ASHFORD,1,11,November,2010,2,Monday,15,44,0,2,3,2087,48.45138889,-100.03736111,1,1,0,1,0,0,1,1
380082,NORTH DAKOTA,ND,2,0,1,77,0,ANDERSON,1,11,November,2010,2,Monday,21,38,0,3,3,15,45.95770000,-97.10320000,12,2,0,1,0,0,1,1
380083,NORTH DAKOTA,ND,1,0,3,5,0,BAKER HILL,3,11,November,2010,4,Wednesday,0,35,0,4,4,0,47.97440833,-98.89712222,11,2,0,99,0,0,1,1
380084,NORTH DAKOTA,ND,1,0,4,35,0,BROOKLYN,11,11,November,2010,5,Thursday,22,30,0,4,4,0,47.67200000,-97.82920000,1,2,0,1,0,0,1,1
380085,NORTH DAKOTA,ND,1,0,3,89,0,BROWNSBORO,13,11,November,2010,7,Saturday,18,5,0,6,4,0,46.89810000,-102.99900000,1,2,0,10,0,0,1,1
380086,NORTH DAKOTA,ND,1,0,1,93,0,BEAR CREEK,17,11,November,2010,4,Wednesday,18,30,1,1,1,2559,46.89200000,-98.76111944,1,2,10,3,0,0,1,0
380087,NORTH DAKOTA,ND,2,0,2,97,0,AXIS,21,11,November,2010,1,Sunday,12,24,1,1,1,1120,47.54000000,-97.08970000,12,1,0,10,0,0,1,0
380088,NORTH DAKOTA,ND,1,1,1,5,0,BAKER HILL,23,11,November,2010,3,Tuesday,21,40,0,6,4,0,47.96000000,-99.05551111,8,2,0,99,0,0,1,0
380089,NORTH DAKOTA,ND,2,0,5,35,0,BROOKLYN,22,12,December,2010,4,Wednesday,9,55,1,2,2,3517,47.93300000,-97.17471111,12,1,0,10,0,0,2,0
380090,NORTH DAKOTA,ND,2,0,2,41,0,BRANTLEY,23,12,December,2010,5,Thursday,11,30,0,2,3,580,46.37025000,-102.19630000,12,1,0,4,0,0,1,0
380091,NORTH DAKOTA,ND,15,1,15,17,0,CHAMBERS,30,12,December,2010,5,Thursday,11,55,1,1,1,3420,46.87750000,-96.99791111,12,1,0,11,0,0,1,0
380092,NORTH DAKOTA,ND,2,0,2,89,0,BROWNSBORO,20,12,December,2010,2,Monday,13,22,1,1,1,679,46.88390000,-102.65740000,12,1,10,4,0,0,1,0
390001,OHIO,OH,2,0,5,85,9010,BENTON,5,1,January,2010,3,Tuesday,12,30,0,14,6,0,41.68245000,-81.39993333,12,1,0,4,0,0,1,0
390002,OHIO,OH,1,1,2,133,0,ARLEY,25,1,January,2010,2,Monday,22,52,1,2,3,65,41.15888889,-81.29046389,8,2,0,1,0,0,1,0
390003,OHIO,OH,4,1,7,113,8360,COTTONTON,30,1,January,2010,7,Saturday,21,23,1,11,1,236,39.91010000,-84.18818056,12,2,0,1,0,0,1,0
390004,OHIO,OH,1,0,2,25,0,BARLOW BEND,30,1,January,2010,7,Saturday,16,23,0,6,4,0,38.96800278,-84.13104167,23,1,0,1,0,0,2,0
390005,OHIO,OH,1,0,1,25,0,BARLOW BEND,31,1,January,2010,1,Sunday,1,15,0,6,5,0,39.15222778,-84.02225833,53,2,0,1,0,0,1,1
390006,OHIO,OH,1,0,2,15,0,ANNISTON,1,1,January,2010,6,Friday,0,19,0,5,3,194,38.91400278,-84.00781111,1,2,0,1,0,0,1,1
390007,OHIO,OH,1,0,2,17,0,CHAMBERS,2,1,January,2010,7,Saturday,2,26,0,4,3,43,39.44976389,-84.76109722,34,2,0,10,0,0,2,1
390008,OHIO,OH,1,0,2,157,0,ARCADE,3,1,January,2010,1,Sunday,19,25,0,6,5,0,40.33548889,-81.28092222,42,2,0,4,0,0,1,1
390009,OHIO,OH,3,0,4,49,0,COLLINSVILLE,4,1,January,2010,2,Monday,8,50,0,14,3,78,39.91388889,-83.02138889,12,1,0,4,0,0,1,0
390010,OHIO,OH,2,0,2,59,0,FRANKLIN,4,1,January,2010,2,Monday,8,0,1,1,1,18,39.98434167,-81.69085556,24,1,0,4,0,0,1,0
390011,OHIO,OH,2,0,3,139,640,CALION,31,1,January,2010,1,Sunday,18,53,0,14,3,72,40.63824722,-82.54151389,12,2,0,1,0,0,1,0
390012,OHIO,OH,1,0,1,173,0,LAKELAND,2,2,February,2010,3,Tuesday,19,0,0,5,4,0,41.38633889,-83.46416389,42,2,0,4,0,0,1,0