ST_CASE,State Name,State Abbreviation,VE_TOTAL,Pedestrains,Total_Persons_in_accident,COUNTY,CITY,City_County_Name,Calendar_DAY,MONTH,Month_Name,YEAR,DAY_WEEK,Day_Week_desc,HOUR,MINUTE,NHS_Desc,trafficway,ROUTE,MILEPT,LATITUDE,LONGITUD,First_Crash_event,Light_cond_desc,Weather_condition,WEATHER,SCH_BUS,Crash_cause,FATALS,DRUNK_DR
390013,OHIO,OH,2,0,4,61,0,BELLWOOD,4,2,February,2010,5,Thursday,2,28,1,1,1,151,39.18623056,-84.61498333,12,2,0,10,0,0,2,1
390014,OHIO,OH,1,0,1,113,8180,COTTONTON,6,2,February,2010,7,Saturday,21,15,0,3,2,82,39.74639722,-84.32607778,42,2,0,1,0,0,1,1
390015,OHIO,OH,1,0,1,157,0,ARCADE,8,2,February,2010,2,Monday,13,26,1,1,1,166,40.44237778,-81.51662222,1,1,0,1,0,0,1,0
390016,OHIO,OH,1,0,2,113,1670,COTTONTON,1,1,January,2010,6,Friday,17,10,0,16,6,0,39.89121667,-84.31943889,34,1,0,1,0,0,1,0
390017,OHIO,OH,3,2,3,45,0,ARITON,4,1,January,2010,2,Monday,13,12,0,3,3,121,39.76149167,-82.57882778,12,1,0,4,0,0,1,0
390018,OHIO,OH,1,0,3,23,0,BLADON SPRINGS,10,1,January,2010,1,Sunday,10,59,0,4,3,111,40.00888333,-83.62736111,34,1,0,4,0,0,1,0
390019,OHIO,OH,2,0,3,49,8940,COLLINSVILLE,10,1,January,2010,1,Sunday,13,43,0,13,2,200,39.95556944,-82.87875556,12,1,0,10,0,0,1,0
390020,OHIO,OH,1,0,1,15,0,ANNISTON,1,1,January,2010,6,Friday,19,38,0,4,4,0,39.01416111,-83.85448333,32,2,0,10,0,0,1,0
390021,OHIO,OH,2,0,2,171,2400,ALDORA,13,1,January,2010,4,Wednesday,14,34,0,13,2,27,41.44719722,-84.75288333,12,1,0,1,0,0,1,0
390022,OHIO,OH,1,0,1,175,0,CADWELL,15,1,January,2010,6,Friday,19,0,0,6,4,0,40.78607222,-83.48760000,34,2,0,10,0,0,1,1
390023,OHIO,OH,1,0,2,113,2090,COTTONTON,3,1,January,2010,1,Sunday,2,25,0,13,6,0,39.78394722,-84.11750556,24,2,0,1,0,0,2,1
390024,OHIO,OH,3,0,5,89,0,BROWNSBORO,4,1,January,2010,2,Monday,7,25,0,4,2,163,40.23131667,-82.49680278,12,1,0,4,0,0,1,0
390026,OHIO,OH,2,0,2,43,0,BAILEYTON,13,1,January,2010,4,Wednesday,15,19,0,4,3,68,41.32327222,-82.36382222,12,1,0,1,0,0,1,0
390027,OHIO,OH,1,0,1,49,0,COLLINSVILLE,13,1,January,2010,4,Wednesday,10,0,0,6,4,0,39.81559167,-82.83865278,42,1,0,10,0,0,1,0
390028,OHIO,OH,2,0,4,47,0,BROWNS,13,1,January,2010,4,Wednesday,1,10,1,1,1,34,39.62172222,-83.60419722,12,3,0,1,0,0,1,0
390029,OHIO,OH,1,0,1,37,0,BRADFORD,17,1,January,2010,1,Sunday,9,57,0,4,3,128,40.05588611,-84.65354722,52,1,0,5,0,0,1,1
390030,OHIO,OH,2,0,2,13,1000,BOLLING,4,1,January,2010,2,Monday,13,23,1,12,3,204,40.09458611,-80.72311944,12,1,0,4,0,0,1,0
390031,OHIO,OH,1,0,1,169,0,BRADLEY,14,1,January,2010,5,Thursday,23,8,0,6,4,0,40.85123056,-82.01025000,52,2,0,10,0,0,1,1
390032,OHIO,OH,1,0,1,155,8530,IRWIN,16,1,January,2010,7,Saturday,8,18,0,14,6,0,41.21826667,-80.79375833,34,1,0,10,0,0,1,1
390033,OHIO,OH,1,0,1,113,0,COTTONTON,19,1,January,2010,3,Tuesday,20,8,0,6,4,0,39.65793611,-84.37683611,53,2,0,1,0,0,1,0
390034,OHIO,OH,2,0,2,25,0,BARLOW BEND,20,1,January,2010,4,Wednesday,14,28,0,4,3,25,39.19381111,-84.23741944,12,1,0,10,0,0,1,0
390035,OHIO,OH,1,0,1,89,0,BROWNSBORO,21,1,January,2010,5,Thursday,17,20,0,5,4,0,40.20191944,-82.37821944,32,2,0,2,0,0,1,1
390036,OHIO,OH,1,0,1,27,0,ASHLAND,25,1,January,2010,2,Monday,15,27,0,4,3,133,39.35353889,-83.76783889,42,1,0,10,0,0,1,0
390037,OHIO,OH,1,1,1,43,0,BAILEYTON,26,1,January,2010,3,Tuesday,21,49,0,3,2,19,41.43745278,-82.82407778,8,2,0,4,0,0,1,0
390038,OHIO,OH,2,0,2,101,0,BOYLSTON,27,1,January,2010,4,Wednesday,15,10,0,3,3,58,40.51518611,-83.16983333,12,1,0,10,0,0,1,0
390039,OHIO,OH,3,0,12,23,0,BLADON SPRINGS,7,1,January,2010,5,Thursday,12,47,1,1,1,201,39.91583056,-83.69711389,12,1,0,4,0,0,4,0
390040,OHIO,OH,2,0,2,91,0,DAYTON,5,1,January,2010,3,Tuesday,7,42,1,2,2,98,40.44623333,-83.82096111,12,1,0,4,0,0,1,0
390041,OHIO,OH,1,0,5,91,0,DAYTON,13,1,January,2010,4,Wednesday,15,25,0,6,4,0,40.47898889,-83.76368333,42,1,0,1,0,0,1,0
390042,OHIO,OH,1,0,1,39,0,ANDALUSIA,14,1,January,2010,5,Thursday,13,25,0,6,4,0,41.41091944,-84.34161111,34,1,0,10,0,0,1,1
390043,OHIO,OH,2,0,2,57,0,BANKSTON,14,1,January,2010,5,Thursday,10,0,0,4,4,0,39.80433333,-83.98813889,12,1,0,1,0,0,1,0
390044,OHIO,OH,1,0,1,1,0,AUTAUGA,19,1,January,2010,3,Tuesday,10,45,0,6,4,0,38.92472222,-83.40111111,1,1,0,10,0,0,1,0
390045,OHIO,OH,1,1,2,5,0,BAKER HILL,20,1,January,2010,4,Wednesday,9,5,0,5,4,0,40.73868333,-82.28633611,8,1,0,10,0,0,1,0
390046,OHIO,OH,1,0,3,3,0,BALDWIN,20,1,January,2010,4,Wednesday,0,33,0,4,4,0,40.84110000,-84.32351944,31,2,0,1,0,0,1,0
390047,OHIO,OH,2,0,2,83,0,ARDMORE,21,1,January,2010,5,Thursday,18,43,0,3,2,303,40.39111111,-82.26722222,1,2,0,2,0,0,1,0
390048,OHIO,OH,1,0,4,101,0,BOYLSTON,23,1,January,2010,7,Saturday,17,32,0,4,3,133,40.64502222,-83.14601944,42,5,0,10,0,0,1,0
390050,OHIO,OH,2,0,2,89,3430,BROWNSBORO,25,1,January,2010,2,Monday,18,17,1,13,3,62,39.96964444,-82.48644167,12,5,0,10,0,0,1,1
390053,OHIO,OH,2,0,2,39,0,ANDALUSIA,28,1,January,2010,5,Thursday,8,30,0,4,3,71,41.35601944,-84.46743889,12,4,0,10,0,0,1,0
390054,OHIO,OH,1,0,1,49,1800,COLLINSVILLE,28,1,January,2010,5,Thursday,1,30,1,11,1,171,39.94666667,-83.01444444,1,3,0,4,0,0,1,1
390055,OHIO,OH,1,1,2,23,0,BLADON SPRINGS,30,1,January,2010,7,Saturday,22,53,0,5,3,9,39.88955556,-84.04742778,8,2,0,1,0,0,1,0
390056,OHIO,OH,2,0,3,35,2040,BROOKLYN,30,1,January,2010,7,Saturday,2,39,1,11,1,118,41.44663611,-81.65481111,12,3,0,10,0,0,1,1
390057,OHIO,OH,2,0,2,147,0,AUGUSTA,3,2,February,2010,4,Wednesday,10,0,0,3,2,36,41.08944444,-83.35244444,12,1,0,10,0,0,1,0
390058,OHIO,OH,2,0,2,57,0,BANKSTON,4,2,February,2010,5,Thursday,6,1,0,3,2,171,39.73780000,-83.81873611,12,2,0,10,0,0,1,0
390059,OHIO,OH,2,0,3,49,0,COLLINSVILLE,5,2,February,2010,6,Friday,18,55,0,4,2,319,40.10388889,-82.77055556,12,2,0,4,0,0,1,0
390060,OHIO,OH,1,0,1,157,0,ARCADE,6,2,February,2010,7,Saturday,4,54,0,3,3,167,40.52772778,-81.28643889,18,2,0,4,0,0,1,0
390061,OHIO,OH,1,1,1,153,70,BONAIRE,20,1,January,2010,4,Wednesday,12,43,0,14,6,0,41.03653056,-81.49137778,8,1,0,10,0,0,1,0
390062,OHIO,OH,1,0,2,175,0,CADWELL,4,2,February,2010,5,Thursday,18,0,0,6,5,0,40.91584722,-83.42923056,34,5,0,10,0,0,1,0
390063,OHIO,OH,2,0,2,89,0,BROWNSBORO,5,2,February,2010,6,Friday,6,5,1,2,3,148,40.06801111,-82.55128889,12,2,0,10,0,0,1,1
390064,OHIO,OH,1,0,1,31,0,COFFEE,5,2,February,2010,6,Friday,10,45,0,4,3,31,40.28265278,-82.14104444,35,1,0,1,0,0,1,0
390065,OHIO,OH,1,0,1,173,0,LAKELAND,9,2,February,2010,3,Tuesday,21,49,0,5,4,0,41.54415000,-83.43811111,30,2,0,4,0,0,1,1
390066,OHIO,OH,2,0,3,97,0,AXIS,10,2,February,2010,4,Wednesday,14,15,1,1,1,25,39.72208611,-83.39746944,51,1,0,4,0,0,1,0
390067,OHIO,OH,2,0,2,133,0,ARLEY,13,2,February,2010,7,Saturday,8,5,0,4,3,78,41.06295000,-81.05070278,24,1,0,10,0,0,1,0
390068,OHIO,OH,2,0,4,45,6520,ARITON,13,2,February,2010,7,Saturday,9,35,1,1,1,10,39.93345000,-82.79118889,12,1,0,10,0,0,1,0
390069,OHIO,OH,1,0,1,1,0,AUTAUGA,14,2,February,2010,1,Sunday,3,0,0,6,4,0,38.72473056,-83.45313889,24,2,0,10,0,0,1,1
390070,OHIO,OH,1,1,1,1,0,AUTAUGA,18,2,February,2010,5,Thursday,20,40,0,4,3,72,38.74058333,-83.62094444,8,3,0,1,0,0,1,0
390071,OHIO,OH,1,0,1,61,6090,BELLWOOD,13,1,January,2010,4,Wednesday,23,12,0,13,2,61,39.16311944,-84.45480833,30,3,0,4,0,0,1,0
390072,OHIO,OH,1,0,1,11,8520,BULLOCK,22,1,January,2010,6,Friday,14,33,0,16,6,0,40.58382222,-84.20806667,42,1,0,10,0,0,1,0
390073,OHIO,OH,1,0,1,113,2090,COTTONTON,30,1,January,2010,7,Saturday,3,56,0,16,6,0,39.74013889,-84.23994444,30,3,0,1,0,0,1,1
390074,OHIO,OH,2,0,4,83,0,ARDMORE,4,2,February,2010,5,Thursday,14,20,0,3,2,109,40.34856389,-82.58109444,12,1,0,10,0,0,1,1
390075,OHIO,OH,2,0,2,133,7875,ARLEY,5,2,February,2010,6,Friday,18,5,0,15,3,46,41.23869444,-81.30423611,12,3,0,4,0,0,1,0
390076,OHIO,OH,2,0,2,113,2090,COTTONTON,8,2,February,2010,2,Monday,12,41,1,12,3,22,39.77606944,-84.28049167,12,1,0,1,0,0,1,0
390077,OHIO,OH,2,0,3,7,0,BIBB,9,2,February,2010,3,Tuesday,18,30,0,3,2,107,41.53589167,-80.80375556,12,2,0,4,0,0,2,0
390078,OHIO,OH,2,0,4,25,0,BARLOW BEND,9,2,February,2010,3,Tuesday,11,4,0,5,3,35,38.98361389,-84.23586111,12,1,0,4,0,0,1,0
390079,OHIO,OH,2,0,3,17,0,CHAMBERS,17,2,February,2010,4,Wednesday,16,36,0,6,4,0,39.44246667,-84.59975000,12,1,0,10,0,0,1,0
390080,OHIO,OH,2,0,2,91,7150,DAYTON,17,2,February,2010,4,Wednesday,13,40,1,12,2,53,40.47246389,-83.89604444,12,1,0,10,0,0,1,0
390081,OHIO,OH,2,0,3,27,0,ASHLAND,5,2,February,2010,6,Friday,16,13,0,4,3,68,39.34438611,-83.97416944,12,1,0,4,0,0,1,0
390082,OHIO,OH,1,1,2,49,1800,COLLINSVILLE,7,2,February,2010,1,Sunday,1,45,0,14,6,0,39.94245000,-82.83760000,8,2,0,1,0,0,1,0
390083,OHIO,OH,1,0,1,149,0,BELLEVILLE,19,2,February,2010,6,Friday,23,35,0,6,5,0,40.19747222,-84.21261111,48,2,0,1,0,0,1,1
390084,OHIO,OH,2,0,2,57,2530,BANKSTON,22,2,February,2010,2,Monday,18,23,0,13,3,70,39.84004444,-84.00438333,12,5,0,10,0,0,1,0
390085,OHIO,OH,2,0,5,17,0,CHAMBERS,24,2,February,2010,4,Wednesday,21,40,0,5,4,0,39.43377222,-84.49487222,12,2,0,10,0,0,2,0
390086,OHIO,OH,2,0,3,63,0,BOLIGEE,25,2,February,2010,5,Thursday,17,54,1,2,3,245,41.12578889,-83.47995833,12,1,0,7,0,0,1,0
390087,OHIO,OH,2,0,4,93,0,BEAR CREEK,26,2,February,2010,6,Friday,23,34,0,4,3,98,41.31252222,-81.88320278,12,2,0,4,0,0,1,1
390088,OHIO,OH,2,0,2,103,0,DANVILLE,26,2,February,2010,6,Friday,11,35,1,2,3,178,41.13610000,-81.74957222,12,1,0,4,0,0,1,0
390089,OHIO,OH,1,0,2,57,0,BANKSTON,10,3,March,2010,4,Wednesday,2,37,0,5,4,0,39.59431389,-84.10351667,34,2,0,99,0,0,1,1
390090,OHIO,OH,2,0,2,49,1800,COLLINSVILLE,12,3,March,2010,6,Friday,23,27,0,16,6,0,39.98341667,-83.15066944,12,2,0,2,0,0,2,2
390091,OHIO,OH,1,1,1,49,1800,COLLINSVILLE,4,2,February,2010,5,Thursday,7,3,0,14,6,0,40.11903889,-82.98771944,8,2,0,10,0,0,1,0
390092,OHIO,OH,1,0,2,151,4390,FLIPPEN,4,2,February,2010,5,Thursday,23,18,0,13,3,52,40.83514444,-81.27898056,33,3,0,1,0,0,1,1
390093,OHIO,OH,2,0,2,11,0,BULLOCK,18,2,February,2010,5,Thursday,6,50,0,4,3,68,40.55340833,-84.04521111,12,4,0,4,0,0,1,0
390094,OHIO,OH,1,0,2,99,9230,BEATRICE,19,2,February,2010,6,Friday,23,37,1,13,2,52,41.09655833,-80.60943611,34,2,0,1,0,0,1,1
390095,OHIO,OH,2,0,2,67,0,ABBEVILLE,24,2,February,2010,4,Wednesday,8,50,1,2,2,153,40.28959167,-81.04470833,12,1,0,1,0,0,1,0
390096,OHIO,OH,1,1,1,61,6090,BELLWOOD,24,2,February,2010,4,Wednesday,19,15,0,16,6,0,39.15903611,-84.44520833,8,2,0,10,0,0,1,0
390097,OHIO,OH,1,0,1,75,0,BEAVERTON,14,2,February,2010,1,Sunday,19,41,0,3,2,171,40.51677778,-81.92255556,42,2,0,1,0,0,1,1
390098,OHIO,OH,3,0,10,151,1320,FLIPPEN,27,2,February,2010,7,Saturday,15,6,0,15,6,0,40.80913333,-81.37200000,12,1,0,4,0,0,1,1
390099,OHIO,OH,1,0,1,155,0,IRWIN,5,3,March,2010,6,Friday,2,0,0,4,4,0,41.22460833,-80.68016389,30,2,0,1,0,0,1,1
390100,OHIO,OH,2,0,3,155,0,IRWIN,7,3,March,2010,1,Sunday,1,26,1,1,1,98,41.17638611,-80.56274722,12,3,0,1,0,0,1,1
390101,OHIO,OH,1,0,1,103,0,DANVILLE,7,3,March,2010,1,Sunday,3,15,0,3,3,56,41.06600278,-82.02420000,34,2,0,1,0,0,1,1
390102,OHIO,OH,1,0,2,81,0,AUBURN,10,3,March,2010,4,Wednesday,21,0,0,4,3,96,40.28133333,-80.72711944,59,2,0,10,0,0,1,1
390103,OHIO,OH,1,0,1,157,0,ARCADE,13,3,March,2010,7,Saturday,23,15,0,4,3,262,40.55129722,-81.42275278,30,2,0,2,0,0,1,1
390104,OHIO,OH,1,0,4,145,0,BALD KNOB,13,3,March,2010,7,Saturday,0,18,0,4,4,0,38.92390278,-82.88723611,43,2,0,2,0,0,1,1
390105,OHIO,OH,1,0,1,51,0,CENTRAL,16,3,March,2010,3,Tuesday,7,10,0,4,4,0,41.48759722,-83.88713611,34,1,0,1,0,0,1,0
390106,OHIO,OH,1,0,1,49,8280,COLLINSVILLE,24,3,March,2010,4,Wednesday,10,55,0,14,6,0,40.00812500,-83.07524444,33,1,0,1,0,0,1,0
390107,OHIO,OH,3,0,3,41,0,BRANTLEY,1,2,February,2010,2,Monday,15,55,0,13,6,0,40.14620833,-82.95647500,12,1,0,10,0,0,1,0
390109,OHIO,OH,4,0,8,113,0,COTTONTON,4,3,March,2010,5,Thursday,17,44,1,1,1,168,39.86550556,-84.18272500,12,1,0,1,0,0,2,0
390110,OHIO,OH,3,0,4,97,0,AXIS,5,3,March,2010,6,Friday,20,20,0,5,4,0,39.88799722,-83.28471111,12,2,0,10,0,0,1,0
390111,OHIO,OH,2,0,3,119,0,BELLAMY,8,3,March,2010,2,Monday,17,15,0,4,4,0,40.15011667,-82.05774167,12,1,0,1,0,0,1,0
390112,OHIO,OH,1,0,3,135,0,ASH FLAT,25,2,February,2010,5,Thursday,10,26,0,6,4,0,39.70780556,-84.55624722,34,1,0,10,0,0,2,0
390113,OHIO,OH,2,0,2,37,0,BRADFORD,26,2,February,2010,6,Friday,9,5,0,3,2,26,39.95304444,-84.63197778,12,1,0,11,0,0,1,0
390114,OHIO,OH,2,0,9,23,0,BLADON SPRINGS,27,2,February,2010,7,Saturday,12,28,0,4,3,309,39.99500278,-84.00087500,12,1,0,10,0,0,1,0
390116,OHIO,OH,5,0,9,173,920,LAKELAND,15,3,March,2010,2,Monday,19,40,0,13,3,117,41.39194167,-83.65076111,12,5,0,10,0,0,1,0
390117,OHIO,OH,2,0,2,93,0,BEAR CREEK,14,3,March,2010,1,Sunday,14,47,1,2,2,20,41.25837500,-82.30278889,12,1,0,2,0,0,1,0
390118,OHIO,OH,2,0,2,57,0,BANKSTON,17,3,March,2010,4,Wednesday,16,26,0,4,3,130,39.72147222,-83.78315278,12,1,0,10,0,0,1,0
390119,OHIO,OH,2,0,3,121,0,BON AIR,4,2,February,2010,5,Thursday,8,12,0,5,3,4,39.83388889,-81.42944444,12,1,0,10,0,0,1,0
390120,OHIO,OH,1,0,1,91,0,DAYTON,10,3,March,2010,4,Wednesday,23,0,0,4,3,169,40.46897778,-83.91766389,1,2,0,1,0,0,1,1
390121,OHIO,OH,2,0,2,101,0,BOYLSTON,10,3,March,2010,4,Wednesday,2,25,0,3,3,36,40.48400278,-83.19123056,12,2,0,10,0,0,2,1
390122,OHIO,OH,2,0,2,27,0,ASHLAND,13,3,March,2010,7,Saturday,8,20,0,3,2,29,39.28764444,-83.91199722,12,1,0,2,0,0,1,0
390123,OHIO,OH,1,0,2,49,0,COLLINSVILLE,16,3,March,2010,3,Tuesday,8,45,0,6,5,0,39.90222222,-83.02500000,38,2,0,10,0,0,2,1
390124,OHIO,OH,1,0,2,119,9260,BELLAMY,17,3,March,2010,4,Wednesday,1,30,0,13,2,115,39.93465000,-82.00699444,3,3,0,99,0,0,2,1
390125,OHIO,OH,2,0,2,169,0,BRADLEY,17,3,March,2010,4,Wednesday,9,27,0,4,4,0,40.79689444,-81.83494722,12,1,0,1,0,0,1,0
390126,OHIO,OH,1,0,1,151,110,FLIPPEN,27,3,March,2010,7,Saturday,22,42,0,16,6,0,40.92445000,-81.09765278,38,2,0,1,0,0,1,1
390129,OHIO,OH,2,0,5,127,0,BURNWELL,4,3,March,2010,5,Thursday,8,7,0,3,3,307,39.82965000,-82.33430833,12,1,0,1,0,0,2,0
390130,OHIO,OH,1,1,1,61,7450,BELLWOOD,13,3,March,2010,7,Saturday,20,5,0,13,2,162,39.29066667,-84.39482778,8,3,0,2,0,0,1,1
390131,OHIO,OH,1,0,1,41,0,BRANTLEY,17,3,March,2010,4,Wednesday,23,15,0,6,4,0,40.33260556,-83.06005000,24,2,0,1,0,0,1,1
390132,OHIO,OH,2,0,2,83,0,ARDMORE,19,3,March,2010,6,Friday,13,52,1,2,3,148,40.44198333,-82.52569167,12,1,0,1,0,0,1,1
390133,OHIO,OH,2,0,2,23,0,BLADON SPRINGS,21,3,March,2010,1,Sunday,14,18,1,1,1,209,39.92406944,-83.68733611,12,1,0,10,0,0,1,0
390134,OHIO,OH,2,0,2,151,0,FLIPPEN,21,3,March,2010,1,Sunday,13,25,0,13,2,251,40.83150833,-81.34700000,12,1,0,1,0,0,1,0
390135,OHIO,OH,3,0,3,35,2860,BROOKLYN,26,3,March,2010,6,Friday,15,10,0,12,2,167,41.52245833,-81.39083889,12,1,0,1,0,0,1,0
390137,OHIO,OH,1,0,3,99,9230,BEATRICE,3,2,February,2010,4,Wednesday,2,5,0,13,3,24,41.09365000,-80.63593889,30,6,0,1,0,0,1,1
390138,OHIO,OH,2,0,4,55,0,ATTALLA,13,2,February,2010,7,Saturday,18,20,0,5,4,0,41.61930833,-81.27131944,12,2,0,4,0,0,1,0
390139,OHIO,OH,2,0,2,35,8770,BROOKLYN,19,2,February,2010,6,Friday,14,57,0,14,6,0,41.43320278,-81.94937222,12,1,0,1,0,0,1,0
390140,OHIO,OH,2,0,3,61,0,BELLWOOD,8,3,March,2010,2,Monday,15,19,0,5,4,0,39.19647500,-84.66321944,12,1,0,1,0,0,1,0
390141,OHIO,OH,2,0,2,35,2520,BROOKLYN,10,3,March,2010,4,Wednesday,3,46,0,16,6,0,41.59827500,-81.50920000,14,2,0,2,0,0,1,0
390142,OHIO,OH,2,0,6,123,0,ALEXANDER CITY,14,3,March,2010,1,Sunday,18,40,1,13,3,59,41.60368611,-83.16903889,12,1,0,10,0,0,1,0
390143,OHIO,OH,2,0,2,91,0,DAYTON,17,3,March,2010,4,Wednesday,5,38,0,9,4,0,40.31482222,-83.57444722,12,2,0,1,0,0,1,0
390144,OHIO,OH,1,0,2,113,2090,COTTONTON,19,3,March,2010,6,Friday,22,43,0,15,6,0,39.73493056,-84.22224167,42,2,0,1,0,0,2,1
390145,OHIO,OH,2,0,2,95,8120,ALBERTVILLE,26,1,January,2010,3,Tuesday,1,37,0,14,6,0,41.66035000,-83.48745000,33,3,0,10,0,0,1,0
390146,OHIO,OH,2,0,3,99,9230,BEATRICE,2,3,March,2010,3,Tuesday,18,30,0,14,6,0,41.06498611,-80.64617222,12,3,0,1,0,0,1,1
390147,OHIO,OH,2,0,2,49,1800,COLLINSVILLE,11,3,March,2010,5,Thursday,23,27,0,13,2,240,40.12850833,-83.01642778,12,2,0,2,0,0,1,1
390148,OHIO,OH,1,0,1,95,8120,ALBERTVILLE,13,3,March,2010,7,Saturday,2,54,0,13,6,0,41.70694444,-83.57750000,10,3,0,2,0,0,1,1
390149,OHIO,OH,1,0,1,153,0,BONAIRE,25,3,March,2010,5,Thursday,1,30,0,6,4,0,40.92265000,-81.59269167,42,2,0,10,0,0,1,1
390150,OHIO,OH,1,0,1,163,0,AVERA,25,3,March,2010,5,Thursday,2,48,0,6,4,0,39.26873889,-82.63363056,52,2,0,1,0,0,1,1
390151,OHIO,OH,1,1,1,17,0,CHAMBERS,29,3,March,2010,2,Monday,6,23,0,6,5,0,39.42770833,-84.46149722,8,6,0,2,1,0,1,0
390153,OHIO,OH,7,0,13,155,0,IRWIN,31,3,March,2010,4,Wednesday,15,45,0,3,3,304,41.43948611,-80.59853611,12,1,0,1,0,0,3,0
390154,OHIO,OH,1,0,1,35,1050,BROOKLYN,17,3,March,2010,4,Wednesday,20,23,1,11,1,96,41.42663889,-81.81913333,52,3,0,1,0,0,1,1
390155,OHIO,OH,2,0,3,113,0,COTTONTON,28,3,March,2010,1,Sunday,1,20,1,1,1,141,39.86454167,-84.22891667,12,2,0,1,0,0,2,1
390156,OHIO,OH,2,0,2,165,0,HERNDON,29,3,March,2010,2,Monday,2,5,1,1,1,144,39.41527500,-84.11982500,14,2,0,2,0,0,1,0
390159,OHIO,OH,2,0,2,109,0,ANSLEY,3,4,April,2010,7,Saturday,2,3,0,5,4,0,39.98655833,-84.37088056,12,2,0,1,0,0,1,1
390160,OHIO,OH,1,0,1,157,2240,ARCADE,4,4,April,2010,1,Sunday,18,34,0,14,6,0,40.56821389,-81.50041111,30,1,0,1,0,0,1,0
390161,OHIO,OH,1,0,2,129,0,BIGBEE,6,4,April,2010,3,Tuesday,3,45,0,5,4,0,39.75730278,-83.15693333,42,2,0,10,0,0,1,1
390162,OHIO,OH,1,0,1,145,0,BALD KNOB,11,4,April,2010,1,Sunday,18,41,0,6,5,0,38.86836111,-83.07321111,34,1,0,10,0,0,1,1
390163,OHIO,OH,1,0,4,37,0,BRADFORD,18,4,April,2010,1,Sunday,0,40,0,6,4,0,40.01925278,-84.59845000,34,2,0,1,0,0,1,1
390164,OHIO,OH,2,0,2,49,1800,COLLINSVILLE,1,4,April,2010,5,Thursday,10,50,0,16,6,0,39.97284444,-83.16538889,12,1,0,1,0,0,1,0
390165,OHIO,OH,2,0,2,81,0,AUBURN,5,4,April,2010,2,Monday,7,55,1,2,2,110,40.39146944,-80.70056944,12,1,0,10,0,0,1,0
390166,OHIO,OH,1,0,1,13,0,BOLLING,6,4,April,2010,3,Tuesday,17,20,0,3,3,94,39.97649167,-81.18271111,35,1,0,1,0,0,1,0
390167,OHIO,OH,1,0,1,1,0,AUTAUGA,1,4,April,2010,5,Thursday,18,50,0,6,5,0,38.76305833,-83.28333889,1,1,0,1,0,0,1,1
390168,OHIO,OH,1,0,1,153,2030,BONAIRE,6,4,April,2010,3,Tuesday,17,32,0,13,6,0,41.13918611,-81.49126111,33,1,0,1,0,0,1,0
390169,OHIO,OH,1,0,1,141,0,BEE BRANCH,8,4,April,2010,5,Thursday,22,50,1,2,2,285,39.26495556,-82.87255278,21,2,0,10,0,0,1,1
390170,OHIO,OH,3,1,3,61,0,BELLWOOD,10,4,April,2010,7,Saturday,5,29,0,3,2,136,39.27163333,-84.56151944,8,2,0,1,0,0,1,0
390171,OHIO,OH,2,0,1,29,0,BORDEN SPRINGS,11,4,April,2010,1,Sunday,17,52,1,2,2,319,40.65319444,-80.58901389,14,1,0,1,0,0,1,0
390172,OHIO,OH,2,0,2,167,0,ADRIAN,11,4,April,2010,1,Sunday,17,5,0,3,3,23,39.31309722,-81.66483333,12,1,0,1,0,0,1,0
390173,OHIO,OH,2,0,2,141,0,BEE BRANCH,12,4,April,2010,2,Monday,17,58,0,4,4,0,39.24673056,-83.06940000,12,1,0,1,0,0,1,1
390174,OHIO,OH,1,0,1,81,0,AUBURN,13,4,April,2010,3,Tuesday,19,48,0,4,4,0,40.35536389,-80.64304444,1,5,0,1,0,0,1,1
390176,OHIO,OH,2,0,2,113,2090,COTTONTON,22,4,April,2010,5,Thursday,15,12,0,14,6,0,39.73406389,-84.25290278,12,1,0,1,0,0,1,0
390177,OHIO,OH,1,0,1,109,0,ANSLEY,1,5,May,2010,7,Saturday,2,39,0,6,4,0,40.02312500,-84.34894722,34,2,0,10,0,0,1,1
390178,OHIO,OH,2,0,2,169,0,BRADLEY,6,4,April,2010,3,Tuesday,10,4,1,2,2,253,40.79717778,-81.66965278,12,1,0,1,0,0,1,0
390179,OHIO,OH,2,0,3,109,0,ANSLEY,11,4,April,2010,1,Sunday,10,14,0,5,4,0,39.96371667,-84.37030000,12,1,0,10,0,0,1,0
390180,OHIO,OH,1,0,2,103,0,DANVILLE,1,4,April,2010,5,Thursday,18,15,0,6,5,0,41.27200556,-81.92708889,59,1,0,1,0,0,2,1
390181,OHIO,OH,1,1,2,153,0,BONAIRE,2,4,April,2010,6,Friday,0,45,1,1,1,279,41.19511667,-81.62545833,8,3,0,10,0,0,2,0
390182,OHIO,OH,1,0,1,147,0,AUGUSTA,3,4,April,2010,7,Saturday,13,58,0,6,4,0,41.24138056,-83.08394167,30,1,0,6,0,0,1,0
390183,OHIO,OH,1,0,2,83,0,ARDMORE,4,4,April,2010,1,Sunday,5,0,0,4,3,82,40.32380556,-82.41091944,32,2,0,1,0,0,1,0
390184,OHIO,OH,2,0,2,93,0,BEAR CREEK,12,4,April,2010,2,Monday,2,34,1,1,1,55,41.37741111,-82.23561944,12,2,0,1,0,0,1,0
390185,OHIO,OH,2,0,2,153,70,BONAIRE,18,3,March,2010,5,Thursday,20,15,1,11,1,66,41.04184722,-81.56516111,12,3,0,1,0,0,1,1
390186,OHIO,OH,2,0,3,17,0,CHAMBERS,16,4,April,2010,6,Friday,19,15,0,3,2,159,39.50629167,-84.60009167,12,1,0,10,0,0,1,0