ST_CASE,State Name,State Abbreviation,VE_TOTAL,Pedestrains,Total_Persons_in_accident,COUNTY,CITY,City_County_Name,Calendar_DAY,MONTH,Month_Name,YEAR,DAY_WEEK,Day_Week_desc,HOUR,MINUTE,NHS_Desc,trafficway,ROUTE,MILEPT,LATITUDE,LONGITUD,First_Crash_event,Light_cond_desc,Weather_condition,WEATHER,SCH_BUS,Crash_cause,FATALS,DRUNK_DR
390187,OHIO,OH,1,0,2,63,0,BOLIGEE,18,4,April,2010,1,Sunday,3,31,0,4,4,0,40.83280833,-83.54181944,1,2,0,1,0,0,2,1
390188,OHIO,OH,1,1,1,113,3895,COTTONTON,19,4,April,2010,2,Monday,5,28,0,13,6,0,39.70381944,-84.14119722,8,2,0,1,0,0,1,0
390189,OHIO,OH,1,0,1,85,9020,BENTON,21,4,April,2010,4,Wednesday,0,30,0,14,3,14,41.64255278,-81.47121667,35,3,0,1,0,0,1,1
390190,OHIO,OH,1,1,1,89,3428,BROWNSBORO,9,1,January,2010,7,Saturday,15,34,1,13,3,122,40.03853889,-82.42902500,8,1,0,10,0,0,1,0
390191,OHIO,OH,1,2,1,35,4040,BROOKLYN,24,1,January,2010,1,Sunday,22,0,0,13,2,81,41.48876111,-81.77399722,8,3,0,2,0,0,1,0
390192,OHIO,OH,1,0,1,35,1680,BROOKLYN,29,1,January,2010,6,Friday,17,50,1,1,1,7,41.47397222,-81.69843333,24,3,0,10,0,0,1,1
390193,OHIO,OH,3,0,6,17,2535,CHAMBERS,21,2,February,2010,1,Sunday,2,23,1,12,3,56,39.35982222,-84.54196389,12,2,0,10,0,0,1,1
390194,OHIO,OH,3,0,4,17,2535,CHAMBERS,21,2,February,2010,1,Sunday,1,9,0,14,6,0,39.31048333,-84.52289444,12,3,0,10,0,0,2,0
390195,OHIO,OH,3,0,3,17,2535,CHAMBERS,2,3,March,2010,3,Tuesday,18,46,0,16,6,0,39.33731944,-84.55148056,12,5,0,10,0,0,1,1
390196,OHIO,OH,1,1,1,77,6070,ANDERSON,15,3,March,2010,2,Monday,7,24,0,16,6,0,41.22932222,-82.64258333,8,3,0,10,0,0,1,0
390198,OHIO,OH,1,0,1,95,8120,ALBERTVILLE,5,4,April,2010,2,Monday,20,11,1,11,1,82,41.69002778,-83.52278611,25,3,0,10,0,0,1,1
390199,OHIO,OH,1,0,1,41,2150,BRANTLEY,8,4,April,2010,5,Thursday,10,0,0,16,6,0,40.31649444,-83.09115556,33,1,0,2,0,0,1,0
390200,OHIO,OH,2,0,4,35,1680,BROOKLYN,20,3,March,2010,7,Saturday,5,2,0,14,6,0,41.46351111,-81.62240000,12,3,0,1,0,0,1,1
390201,OHIO,OH,1,0,1,153,70,BONAIRE,29,3,March,2010,2,Monday,15,35,1,12,3,30,41.10205556,-81.50010000,35,1,0,10,0,0,1,1
390202,OHIO,OH,1,0,2,35,1680,BROOKLYN,4,4,April,2010,1,Sunday,23,55,0,16,6,0,41.46362222,-81.61306389,33,3,0,1,0,0,1,1
390204,OHIO,OH,1,0,1,95,8120,ALBERTVILLE,11,4,April,2010,1,Sunday,2,31,1,11,1,64,41.68703056,-83.55196944,25,3,0,1,0,0,1,1
390205,OHIO,OH,1,0,3,35,1680,BROOKLYN,17,4,April,2010,7,Saturday,4,28,1,11,1,152,41.42123333,-81.69150278,35,3,0,1,0,0,2,1
390206,OHIO,OH,1,0,1,159,0,FARRAR,18,4,April,2010,1,Sunday,6,20,0,3,3,60,40.32184167,-83.38859722,24,4,0,1,0,0,1,1
390207,OHIO,OH,2,0,3,15,0,ANNISTON,18,4,April,2010,1,Sunday,21,15,0,3,2,333,39.07557222,-83.92592500,12,2,0,1,0,0,1,0
390208,OHIO,OH,2,0,3,125,0,BROOKWOOD,19,4,April,2010,2,Monday,13,13,0,99,3,89,41.11682500,-84.72710278,12,1,0,1,0,0,1,0
390209,OHIO,OH,2,0,6,3,0,BALDWIN,23,4,April,2010,6,Friday,19,10,1,2,2,121,40.82401944,-84.10483056,12,1,0,2,0,0,1,1
390210,OHIO,OH,1,1,1,95,7980,ALBERTVILLE,21,1,January,2010,5,Thursday,7,2,0,14,6,0,41.71722500,-83.73778056,8,3,0,10,0,0,1,0
390211,OHIO,OH,1,1,1,35,1680,BROOKLYN,20,2,February,2010,7,Saturday,1,54,0,16,6,0,41.43069444,-81.77159444,8,3,0,1,0,0,1,1
390212,OHIO,OH,4,0,5,77,6070,ANDERSON,26,3,March,2010,6,Friday,14,50,1,12,2,34,41.24098889,-82.61459444,12,1,0,1,0,0,1,0
390213,OHIO,OH,1,0,1,29,2360,BORDEN SPRINGS,7,4,April,2010,4,Wednesday,0,3,0,16,6,0,40.63965833,-80.53780000,1,3,0,1,0,0,1,1
390214,OHIO,OH,1,0,1,133,0,ARLEY,23,4,April,2010,6,Friday,21,30,0,6,5,0,41.24832778,-81.25993611,1,2,0,1,0,0,1,1
390215,OHIO,OH,2,0,2,17,0,CHAMBERS,27,4,April,2010,3,Tuesday,8,20,0,4,3,57,39.35700278,-84.58739444,24,1,0,1,0,0,1,0
390216,OHIO,OH,2,0,2,23,0,BLADON SPRINGS,27,4,April,2010,3,Tuesday,17,15,0,4,2,261,39.93000000,-83.56360833,12,1,0,10,0,0,1,0
390217,OHIO,OH,2,0,3,103,0,DANVILLE,28,4,April,2010,4,Wednesday,7,17,0,6,4,0,41.16881944,-81.75204167,12,1,0,1,0,0,2,0
390219,OHIO,OH,1,0,1,99,9230,BEATRICE,29,4,April,2010,5,Thursday,3,54,0,16,6,0,41.11309167,-80.68895833,33,3,0,1,0,0,1,1
390221,OHIO,OH,2,0,2,133,0,ARLEY,30,4,April,2010,6,Friday,19,28,0,4,3,55,41.24528056,-81.28889444,12,1,0,1,0,0,1,0
390222,OHIO,OH,1,0,2,25,0,BARLOW BEND,30,4,April,2010,6,Friday,18,5,0,6,4,0,39.13285000,-84.01526944,34,1,0,1,0,0,1,0
390225,OHIO,OH,3,0,8,35,1680,BROOKLYN,1,4,April,2010,5,Thursday,22,45,1,11,1,7,41.47431389,-81.70539444,12,3,0,1,0,0,2,0
390226,OHIO,OH,2,0,4,49,1800,COLLINSVILLE,4,4,April,2010,1,Sunday,15,19,0,14,2,174,40.04838056,-83.02041944,12,1,0,1,0,0,1,0
390227,OHIO,OH,3,0,3,153,0,BONAIRE,7,4,April,2010,4,Wednesday,20,43,0,14,6,0,40.92330556,-81.53580556,12,3,0,1,0,0,1,1
390228,OHIO,OH,1,0,2,39,2130,ANDALUSIA,10,4,April,2010,7,Saturday,7,7,0,16,6,0,41.28784722,-84.35850556,33,1,0,1,0,0,2,1
390229,OHIO,OH,1,0,2,77,6070,ANDERSON,10,4,April,2010,7,Saturday,9,51,0,14,6,0,41.24891944,-82.61444167,42,1,0,1,0,0,1,0
390231,OHIO,OH,2,0,3,35,1680,BROOKLYN,17,4,April,2010,7,Saturday,14,15,0,16,6,0,41.45571389,-81.59423611,12,1,0,10,0,0,1,1
390232,OHIO,OH,2,0,2,167,0,ADRIAN,18,4,April,2010,1,Sunday,10,9,1,2,3,305,39.35050833,-81.35505556,12,1,0,10,0,0,1,1
390233,OHIO,OH,3,0,4,17,5010,CHAMBERS,18,4,April,2010,1,Sunday,2,35,0,16,6,0,39.49194444,-84.35994444,14,3,0,1,0,0,1,1
390235,OHIO,OH,2,0,4,91,0,DAYTON,22,4,April,2010,5,Thursday,22,30,0,6,4,0,40.45101111,-83.57893611,12,2,0,1,0,0,1,1
390236,OHIO,OH,2,0,3,57,0,BANKSTON,22,4,April,2010,5,Thursday,20,9,0,4,4,0,39.67562778,-84.00343333,12,5,0,10,0,0,1,1
390237,OHIO,OH,1,1,5,5,0,BAKER HILL,24,4,April,2010,7,Saturday,21,40,1,2,2,95,40.78486944,-82.19869722,8,2,0,2,0,0,1,0
390238,OHIO,OH,1,0,1,103,0,DANVILLE,25,4,April,2010,1,Sunday,21,20,0,6,5,0,41.17111111,-82.04845278,34,2,0,2,0,0,1,1
390239,OHIO,OH,1,0,3,83,0,ARDMORE,25,4,April,2010,1,Sunday,19,1,0,4,4,0,40.54205000,-82.63805000,59,1,0,2,0,0,1,1
390240,OHIO,OH,2,0,5,49,1800,COLLINSVILLE,27,4,April,2010,3,Tuesday,20,18,1,12,1,55,39.94258056,-83.12170000,12,5,0,1,0,0,1,1
390242,OHIO,OH,1,0,1,17,5010,CHAMBERS,21,3,March,2010,1,Sunday,23,22,0,16,6,0,39.49396944,-84.37534444,33,3,0,10,0,0,1,1
390243,OHIO,OH,1,1,1,95,8120,ALBERTVILLE,19,4,April,2010,2,Monday,20,42,0,15,6,0,41.62330278,-83.58920833,8,3,0,1,0,0,1,0
390244,OHIO,OH,1,0,1,61,1610,BELLWOOD,24,4,April,2010,7,Saturday,21,10,0,13,6,0,39.13421111,-84.57389722,33,3,0,2,0,0,1,0
390246,OHIO,OH,1,1,2,71,0,BRIDGEPORT,30,4,April,2010,6,Friday,21,30,0,4,4,0,39.20139444,-83.46917222,8,3,0,1,0,0,1,1
390247,OHIO,OH,1,0,1,113,5275,COTTONTON,30,4,April,2010,6,Friday,15,6,0,16,6,0,39.68792778,-84.29893333,7,1,0,1,0,0,1,1
390248,OHIO,OH,1,1,1,113,2090,COTTONTON,30,4,April,2010,6,Friday,21,30,0,14,6,0,39.75607500,-84.22517222,8,3,0,1,0,0,1,1
390249,OHIO,OH,1,1,1,89,0,BROWNSBORO,5,5,May,2010,4,Wednesday,21,29,0,4,3,38,40.10801111,-82.51878056,8,2,0,1,0,0,1,0
390250,OHIO,OH,1,0,2,61,9170,BELLWOOD,16,5,May,2010,1,Sunday,4,24,0,16,6,0,39.23213611,-84.49237222,33,2,0,10,0,0,1,1
390251,OHIO,OH,1,0,3,141,0,BEE BRANCH,25,2,February,2010,5,Thursday,16,25,0,4,4,0,39.31304444,-83.36765278,35,1,4,4,0,0,1,0
390252,OHIO,OH,2,0,3,61,9090,BELLWOOD,21,3,March,2010,1,Sunday,16,39,1,13,3,62,39.24508333,-84.47095833,12,1,0,10,0,0,1,0
390253,OHIO,OH,1,0,2,31,1920,COFFEE,13,4,April,2010,3,Tuesday,3,1,0,16,6,0,40.24583333,-81.84500000,42,2,0,1,0,0,2,1
390254,OHIO,OH,1,0,1,95,8120,ALBERTVILLE,23,4,April,2010,6,Friday,1,56,0,15,6,0,41.69968056,-83.57508056,42,3,0,10,0,0,1,1
390255,OHIO,OH,1,0,4,99,1280,BEATRICE,24,4,April,2010,7,Saturday,5,3,0,16,6,0,41.08234722,-80.57540000,43,3,0,1,0,0,3,1
390256,OHIO,OH,2,0,2,17,0,CHAMBERS,27,4,April,2010,3,Tuesday,10,30,0,4,3,31,39.53766389,-84.46096389,12,1,0,1,0,0,1,0
390257,OHIO,OH,2,0,2,149,0,BELLEVILLE,27,4,April,2010,3,Tuesday,9,45,0,4,4,0,40.35216667,-84.16788611,12,1,0,1,0,0,1,0
390258,OHIO,OH,1,1,1,95,8120,ALBERTVILLE,27,4,April,2010,3,Tuesday,15,55,0,16,6,0,41.62886111,-83.56263333,8,1,0,1,0,0,1,1
390259,OHIO,OH,1,0,1,71,0,BRIDGEPORT,29,4,April,2010,5,Thursday,21,3,0,3,2,225,39.21583611,-83.46058333,42,2,0,1,0,0,1,1
390260,OHIO,OH,1,0,3,9,0,BLOUNT,30,4,April,2010,6,Friday,15,7,0,6,4,0,39.54166944,-82.22976111,42,1,0,1,0,0,1,0
390261,OHIO,OH,3,0,4,35,1680,BROOKLYN,30,4,April,2010,6,Friday,19,14,1,11,1,96,41.46911667,-81.78886667,11,1,0,1,0,0,1,0
390262,OHIO,OH,1,0,1,151,110,FLIPPEN,30,4,April,2010,6,Friday,1,21,0,14,6,0,40.92440833,-81.10176111,19,3,0,1,0,0,1,0
390263,OHIO,OH,1,0,1,41,0,BRANTLEY,30,4,April,2010,6,Friday,20,56,0,4,2,124,40.32861944,-83.00760278,30,5,0,1,0,0,1,1
390264,OHIO,OH,1,0,1,143,0,CANEHILL,1,5,May,2010,7,Saturday,22,55,0,3,2,230,41.39397778,-83.02159722,34,2,0,10,0,0,1,1
390265,OHIO,OH,2,0,2,173,0,LAKELAND,3,5,May,2010,2,Monday,16,12,0,4,3,113,41.37539167,-83.66045833,12,1,0,10,0,0,1,0
390266,OHIO,OH,1,0,2,127,0,BURNWELL,4,5,May,2010,3,Tuesday,19,30,0,4,3,13,39.72347222,-82.34276944,52,1,0,1,0,0,1,1
390268,OHIO,OH,1,0,1,17,5010,CHAMBERS,25,4,April,2010,1,Sunday,0,21,0,15,6,0,39.50419167,-84.36825833,30,3,0,10,0,0,1,1
390269,OHIO,OH,1,0,1,113,0,COTTONTON,30,4,April,2010,6,Friday,2,21,1,1,1,161,39.86728611,-84.18762778,1,3,0,1,0,0,1,1
390270,OHIO,OH,1,0,2,161,0,DENTON,9,5,May,2010,1,Sunday,0,20,0,6,5,0,40.99001667,-84.41853333,59,2,0,10,0,0,1,1
390271,OHIO,OH,1,0,2,57,0,BANKSTON,10,5,May,2010,2,Monday,16,9,0,3,4,0,39.69899167,-83.85003056,35,1,0,10,0,0,1,1
390272,OHIO,OH,2,0,3,111,0,GRAHAM,11,5,May,2010,3,Tuesday,14,45,0,3,3,36,39.80045278,-81.28165278,12,1,0,10,0,0,2,0
390273,OHIO,OH,1,0,3,139,4680,CALION,15,5,May,2010,7,Saturday,10,8,0,14,3,33,40.75900000,-82.54709444,30,1,0,1,0,0,2,0
390274,OHIO,OH,1,0,1,1,0,AUTAUGA,18,5,May,2010,3,Tuesday,1,33,0,3,3,239,38.91608333,-83.43230000,38,2,0,1,0,0,1,0
390275,OHIO,OH,2,0,2,149,0,BELLEVILLE,19,5,May,2010,4,Wednesday,12,1,0,4,3,131,40.33231667,-84.19395556,12,1,0,10,0,0,1,0
390276,OHIO,OH,1,0,1,127,0,BURNWELL,21,5,May,2010,6,Friday,0,35,0,3,3,372,39.88288889,-82.40229167,34,2,0,10,0,0,1,1
390277,OHIO,OH,1,0,2,23,0,BLADON SPRINGS,15,5,May,2010,7,Saturday,14,0,0,4,4,0,39.79012500,-83.71578333,1,1,0,10,0,0,1,0
390278,OHIO,OH,2,0,2,113,1670,COTTONTON,16,5,May,2010,1,Sunday,14,27,0,13,3,200,39.84674722,-84.26624722,12,1,0,10,0,0,1,0
390279,OHIO,OH,2,0,2,33,0,CHEROKEE,20,5,May,2010,5,Thursday,17,4,0,5,4,0,40.77553611,-83.02926111,12,1,0,1,0,0,1,0
390280,OHIO,OH,3,0,4,47,0,BROWNS,21,5,May,2010,6,Friday,19,37,1,1,1,54,39.63180278,-83.58475556,12,1,0,2,0,0,1,0
390281,OHIO,OH,1,1,2,17,0,CHAMBERS,22,5,May,2010,7,Saturday,12,55,0,4,4,0,39.48900556,-84.59060556,8,1,0,10,0,0,1,0
390282,OHIO,OH,1,0,3,49,1800,COLLINSVILLE,23,5,May,2010,1,Sunday,3,39,0,14,6,0,39.91849167,-82.96575556,30,3,0,10,0,0,1,1
390283,OHIO,OH,2,0,2,169,0,BRADLEY,23,5,May,2010,1,Sunday,21,45,0,3,3,246,40.95251667,-81.99425833,1,2,0,1,0,0,1,0
390284,OHIO,OH,2,0,3,49,6890,COLLINSVILLE,24,5,May,2010,2,Monday,18,46,0,15,6,0,39.97531944,-82.79305556,12,1,0,1,0,0,1,0
390285,OHIO,OH,1,0,1,61,4320,BELLWOOD,29,5,May,2010,7,Saturday,6,28,1,11,1,118,39.22006944,-84.44832222,43,4,0,1,0,0,1,1
390286,OHIO,OH,1,0,1,49,0,COLLINSVILLE,3,6,June,2010,5,Thursday,22,6,0,3,3,54,39.84642222,-83.15468056,53,2,0,1,0,0,1,1
390287,OHIO,OH,1,0,2,155,0,IRWIN,5,3,March,2010,6,Friday,12,11,0,13,3,21,41.16214444,-80.76793056,42,1,0,1,0,0,1,0
390288,OHIO,OH,1,1,3,89,3840,BROWNSBORO,30,4,April,2010,6,Friday,19,28,0,13,3,46,40.09058056,-82.61515000,42,1,0,1,0,0,1,0
390289,OHIO,OH,1,0,1,7,0,BIBB,19,5,May,2010,4,Wednesday,21,0,0,4,3,89,41.82355000,-80.84974167,24,2,0,1,0,0,1,0
390290,OHIO,OH,1,0,1,93,0,BEAR CREEK,21,5,May,2010,6,Friday,17,32,0,6,4,0,41.25422500,-82.13956944,34,1,0,1,0,0,1,0
390291,OHIO,OH,2,0,3,133,0,ARLEY,22,5,May,2010,7,Saturday,15,58,0,2,3,73,41.19685000,-81.29374167,12,1,0,10,0,0,1,1
390292,OHIO,OH,1,0,1,89,0,BROWNSBORO,23,5,May,2010,1,Sunday,5,30,0,5,4,0,40.08508333,-82.49067500,42,2,0,5,0,0,1,1
390293,OHIO,OH,1,0,1,103,0,DANVILLE,24,5,May,2010,2,Monday,13,0,0,6,5,0,41.09057222,-81.99104167,34,1,0,1,0,0,1,0
390294,OHIO,OH,1,0,1,41,0,BRANTLEY,26,5,May,2010,4,Wednesday,23,55,0,4,3,84,40.25225556,-83.06245833,1,2,0,1,0,0,1,0
390295,OHIO,OH,2,0,4,45,0,ARITON,27,5,May,2010,5,Thursday,13,55,0,6,4,0,39.89018056,-82.68881389,12,1,0,1,0,0,2,0
390296,OHIO,OH,3,0,2,153,0,BONAIRE,28,5,May,2010,6,Friday,20,51,0,5,4,0,40.96516389,-81.42450556,12,5,0,1,0,0,1,0
390297,OHIO,OH,1,0,1,113,2090,COTTONTON,30,5,May,2010,1,Sunday,4,57,0,16,6,0,39.74993611,-84.25017222,33,3,0,1,0,0,1,1
390298,OHIO,OH,1,0,1,51,0,CENTRAL,18,5,May,2010,3,Tuesday,16,50,1,1,1,154,41.59075000,-84.08892500,34,1,0,10,0,0,1,0
390299,OHIO,OH,3,0,5,155,0,IRWIN,24,5,May,2010,2,Monday,13,49,1,1,1,71,41.16281944,-80.61127500,12,1,0,1,0,0,3,0
390300,OHIO,OH,1,0,1,33,0,CHEROKEE,28,5,May,2010,6,Friday,13,33,0,6,5,0,40.94574167,-82.79734722,1,1,0,1,0,0,1,0
390301,OHIO,OH,2,0,3,175,0,CADWELL,31,5,May,2010,2,Monday,0,31,0,2,2,13,40.71621667,-83.17769167,12,2,0,1,0,0,3,1
390302,OHIO,OH,1,0,1,153,0,BONAIRE,1,6,June,2010,3,Tuesday,14,54,1,1,1,226,41.12928056,-81.65195000,5,1,0,1,0,0,1,0
390304,OHIO,OH,2,0,2,11,0,BULLOCK,8,6,June,2010,3,Tuesday,16,25,0,5,4,0,40.62910278,-84.10809444,12,1,0,10,0,0,1,0
390305,OHIO,OH,1,0,1,129,0,BIGBEE,10,6,June,2010,5,Thursday,21,44,0,2,2,209,39.77114167,-82.98960556,34,2,0,1,0,0,1,1
390306,OHIO,OH,3,0,3,113,3895,COTTONTON,16,4,April,2010,6,Friday,12,5,0,13,3,70,39.68140000,-84.16685000,12,1,0,2,0,0,1,0
390307,OHIO,OH,2,0,2,59,0,FRANKLIN,3,5,May,2010,2,Monday,11,12,0,4,3,16,39.86178333,-81.66849722,12,1,0,1,0,0,1,0
390308,OHIO,OH,1,0,1,95,0,ALBERTVILLE,6,5,May,2010,5,Thursday,23,44,0,6,5,0,41.56666667,-83.71750000,1,2,0,1,0,0,1,0
390309,OHIO,OH,1,0,1,35,1680,BROOKLYN,7,5,May,2010,6,Friday,3,45,0,14,2,66,41.51429722,-81.66103333,33,3,0,10,0,0,1,1
390310,OHIO,OH,1,1,1,35,1680,BROOKLYN,7,5,May,2010,6,Friday,22,34,0,13,2,204,41.52310278,-81.60404167,8,3,0,2,0,0,1,0
390311,OHIO,OH,2,0,5,23,7800,BLADON SPRINGS,8,5,May,2010,7,Saturday,21,26,0,14,2,148,39.92349444,-83.77697500,12,3,0,1,0,0,1,1
390312,OHIO,OH,1,0,1,97,0,AXIS,9,5,May,2010,1,Sunday,2,48,1,1,1,96,39.77171944,-83.27456667,1,2,0,10,0,0,1,1
390313,OHIO,OH,1,0,1,35,1680,BROOKLYN,9,5,May,2010,1,Sunday,18,38,0,14,6,0,41.44145556,-81.62335278,30,1,0,1,0,0,1,1
390314,OHIO,OH,2,0,6,49,8730,COLLINSVILLE,10,5,May,2010,2,Monday,10,48,0,13,6,0,40.13728333,-82.94755000,12,1,0,1,0,0,2,0
390315,OHIO,OH,5,0,7,85,0,BENTON,10,5,May,2010,2,Monday,14,25,1,1,1,139,41.66471944,-81.26058056,12,1,0,1,0,0,1,0
390316,OHIO,OH,1,0,1,35,2840,BROOKLYN,8,4,April,2010,5,Thursday,22,25,1,11,1,196,41.41190000,-81.61425556,30,3,0,10,0,0,1,0
390317,OHIO,OH,2,0,2,45,4050,ARITON,2,5,May,2010,1,Sunday,21,27,0,15,6,0,39.72942778,-82.60501111,12,3,0,2,0,0,1,1
390318,OHIO,OH,2,0,3,113,5275,COTTONTON,18,5,May,2010,3,Tuesday,14,29,0,13,3,90,39.71602778,-84.21541111,12,1,0,10,0,0,2,0
390319,OHIO,OH,2,0,3,7,1850,BIBB,27,5,May,2010,5,Thursday,19,31,0,14,3,224,41.96134167,-80.55736111,12,1,0,1,0,0,1,0
390320,OHIO,OH,2,0,2,91,0,DAYTON,8,6,June,2010,3,Tuesday,8,46,0,4,3,4,40.43943056,-83.99363333,12,1,0,1,0,0,1,0
390321,OHIO,OH,2,0,2,151,0,FLIPPEN,10,6,June,2010,5,Thursday,10,38,0,4,4,0,40.92213333,-81.38647222,12,1,0,10,0,0,1,0
390322,OHIO,OH,1,0,1,155,0,IRWIN,12,6,June,2010,7,Saturday,16,15,0,5,4,0,41.26627500,-80.71725278,34,1,0,1,0,0,1,1
390323,OHIO,OH,2,0,3,99,0,BEATRICE,12,6,June,2010,7,Saturday,18,47,0,14,6,0,41.02085556,-80.63438333,12,1,0,1,0,0,1,0
390324,OHIO,OH,2,0,2,25,0,BARLOW BEND,12,6,June,2010,7,Saturday,17,2,0,4,4,0,39.07788889,-84.15735000,12,1,0,1,0,0,1,0
390325,OHIO,OH,2,0,3,89,0,BROWNSBORO,13,6,June,2010,1,Sunday,3,20,1,2,3,77,39.99141389,-82.47836944,12,2,0,10,0,0,2,1
390326,OHIO,OH,2,0,5,165,0,HERNDON,24,4,April,2010,7,Saturday,18,45,0,4,3,63,39.48755000,-84.22059167,12,1,0,2,0,0,1,0
390327,OHIO,OH,2,0,3,171,0,ALDORA,10,5,May,2010,2,Monday,13,0,0,4,2,124,41.55878611,-84.47317778,12,1,0,1,0,0,3,0
390328,OHIO,OH,2,0,8,13,0,BOLLING,12,5,May,2010,4,Wednesday,14,50,0,3,3,160,40.05942778,-81.15763056,12,1,0,2,0,0,1,0
390329,OHIO,OH,2,0,2,87,0,ARMSTRONG,12,5,May,2010,4,Wednesday,8,10,0,6,4,0,38.44333333,-82.37765000,12,1,0,1,0,0,1,0
390330,OHIO,OH,1,0,1,125,0,BROOKWOOD,14,5,May,2010,6,Friday,22,13,0,5,4,0,41.14046389,-84.43121944,34,2,0,1,0,0,1,1
390331,OHIO,OH,1,0,1,91,0,DAYTON,14,5,May,2010,6,Friday,11,15,0,6,4,0,40.36491944,-83.63593889,1,1,0,1,0,0,1,0
390332,OHIO,OH,1,0,1,31,0,COFFEE,8,5,May,2010,7,Saturday,13,30,0,4,3,109,40.29517500,-82.03100556,24,1,0,10,0,0,1,1
390333,OHIO,OH,2,0,5,95,8120,ALBERTVILLE,15,5,May,2010,7,Saturday,2,27,0,14,6,0,41.69241389,-83.58005833,12,3,0,1,0,0,1,2
390334,OHIO,OH,1,0,1,35,2860,BROOKLYN,15,5,May,2010,7,Saturday,22,50,0,15,8,0,41.51950278,-81.40326389,33,2,0,1,0,0,1,1
390335,OHIO,OH,1,0,1,33,0,CHEROKEE,15,5,May,2010,7,Saturday,8,5,0,6,5,0,40.85444444,-83.07393611,35,1,0,1,0,0,1,1
390336,OHIO,OH,2,0,2,143,0,CANEHILL,16,5,May,2010,1,Sunday,15,47,0,6,4,0,41.25553056,-82.85934722,12,1,0,10,0,0,1,0
390337,OHIO,OH,2,0,2,35,1050,BROOKLYN,17,5,May,2010,2,Monday,17,38,1,11,1,87,41.40449722,-81.81836111,12,1,0,2,0,0,1,0
390338,OHIO,OH,1,0,1,141,0,BEE BRANCH,19,5,May,2010,4,Wednesday,18,56,1,2,2,108,39.31947778,-82.93970000,24,1,0,10,0,0,1,0
390339,OHIO,OH,2,0,2,163,0,AVERA,19,5,May,2010,4,Wednesday,17,23,0,3,2,49,39.26458056,-82.68086111,12,1,0,10,0,0,1,0
390340,OHIO,OH,2,0,2,49,1800,COLLINSVILLE,20,5,May,2010,5,Thursday,23,40,1,13,3,141,40.08227500,-82.93742222,12,3,0,1,0,0,1,1
390341,OHIO,OH,1,1,1,49,1800,COLLINSVILLE,21,5,May,2010,6,Friday,5,0,0,13,6,0,40.11416667,-83.09055556,9,3,0,2,0,0,1,0
390342,OHIO,OH,2,0,3,125,0,BROOKWOOD,21,5,May,2010,6,Friday,20,5,0,4,3,73,41.09523056,-84.72683056,12,5,0,2,0,0,2,0
390343,OHIO,OH,2,0,2,27,0,ASHLAND,21,5,May,2010,6,Friday,19,1,0,4,3,73,39.53750000,-83.95715000,12,1,0,2,0,0,1,0
390344,OHIO,OH,1,0,1,153,0,BONAIRE,22,5,May,2010,7,Saturday,18,45,0,2,3,64,40.99913889,-81.46316111,43,1,0,10,0,0,1,1
390345,OHIO,OH,1,0,3,135,0,ASH FLAT,22,5,May,2010,7,Saturday,14,55,0,5,4,0,39.61066111,-84.66623889,42,1,0,1,0,0,2,1
390346,OHIO,OH,1,0,1,79,0,COURTLAND,23,5,May,2010,1,Sunday,19,30,0,2,3,206,39.09151389,-82.53841389,52,1,0,1,0,0,1,0
390347,OHIO,OH,1,0,1,95,7980,ALBERTVILLE,19,4,April,2010,2,Monday,13,56,0,14,6,0,41.71547500,-83.70776389,1,1,0,1,0,0,1,0
390348,OHIO,OH,1,0,1,151,0,FLIPPEN,25,4,April,2010,1,Sunday,2,1,0,4,6,0,40.90579444,-81.30277500,34,2,0,2,0,0,1,1
390349,OHIO,OH,1,0,1,97,0,AXIS,23,5,May,2010,1,Sunday,4,0,0,6,4,0,40.06726944,-83.46351111,53,2,0,5,0,0,1,1
390350,OHIO,OH,2,0,2,113,0,COTTONTON,23,5,May,2010,1,Sunday,5,55,1,1,1,25,39.62367222,-84.23113056,12,4,0,1,0,0,2,1
390351,OHIO,OH,2,0,4,113,3895,COTTONTON,24,5,May,2010,2,Monday,15,27,0,14,6,0,39.68925556,-84.15933889,12,1,0,1,0,0,1,0
390353,OHIO,OH,1,0,1,35,1680,BROOKLYN,26,5,May,2010,4,Wednesday,1,14,0,16,6,0,41.45752222,-81.58031944,30,3,0,1,0,0,1,0
390354,OHIO,OH,2,0,2,61,0,BELLWOOD,4,4,April,2010,1,Sunday,15,58,0,4,4,0,39.26887500,-84.75222500,12,1,0,1,0,0,1,0
390355,OHIO,OH,2,0,4,95,8120,ALBERTVILLE,1,5,May,2010,7,Saturday,9,25,0,16,6,0,41.62090278,-83.57405000,12,1,0,10,0,0,1,0
390356,OHIO,OH,1,0,4,19,0,CEDAR BLUFF,7,5,May,2010,6,Friday,18,6,0,3,3,126,40.57523056,-81.12075000,34,1,0,1,0,0,1,1
390358,OHIO,OH,1,1,1,155,8530,IRWIN,1,6,June,2010,3,Tuesday,0,49,0,14,6,0,41.24497778,-80.81389444,8,3,0,2,0,0,1,0
390359,OHIO,OH,2,0,3,93,0,BEAR CREEK,1,6,June,2010,3,Tuesday,10,45,0,3,4,0,41.42908611,-82.16265833,12,1,0,1,0,0,2,0
390360,OHIO,OH,1,0,1,103,0,DANVILLE,3,6,June,2010,5,Thursday,16,40,0,4,3,219,41.09936944,-81.78047778,53,1,0,10,0,0,1,0
390361,OHIO,OH,3,0,3,61,1610,BELLWOOD,10,6,June,2010,5,Thursday,9,38,1,12,2,231,39.11770833,-84.48516389,12,1,0,1,0,0,1,0
390362,OHIO,OH,2,0,5,83,0,ARDMORE,11,6,June,2010,6,Friday,7,9,0,6,4,0,40.47250278,-82.45512500,12,1,0,1,0,0,1,1
390363,OHIO,OH,1,0,1,173,0,LAKELAND,13,6,June,2010,1,Sunday,7,0,0,6,5,0,41.21189444,-83.67853056,59,2,0,1,0,0,1,0