ST_CASE,State Name,State Abbreviation,VE_TOTAL,Pedestrains,Total_Persons_in_accident,COUNTY,CITY,City_County_Name,Calendar_DAY,MONTH,Month_Name,YEAR,DAY_WEEK,Day_Week_desc,HOUR,MINUTE,NHS_Desc,trafficway,ROUTE,MILEPT,LATITUDE,LONGITUD,First_Crash_event,Light_cond_desc,Weather_condition,WEATHER,SCH_BUS,Crash_cause,FATALS,DRUNK_DR
390364,OHIO,OH,2,0,2,113,1670,COTTONTON,13,6,June,2010,1,Sunday,13,58,0,15,6,0,39.84749167,-84.30401667,12,1,0,1,0,0,1,0
390365,OHIO,OH,2,0,2,103,0,DANVILLE,16,6,June,2010,4,Wednesday,5,7,0,3,3,106,41.13614722,-82.02367500,12,2,0,10,0,0,1,1
390366,OHIO,OH,1,1,1,99,0,BEATRICE,17,6,June,2010,5,Thursday,5,28,0,9,4,0,40.95821389,-80.58290278,8,4,0,10,0,0,1,0
390367,OHIO,OH,1,0,2,79,0,COURTLAND,20,5,May,2010,5,Thursday,23,15,0,6,5,0,39.12233889,-82.48978056,43,2,0,10,0,0,1,1
390368,OHIO,OH,1,0,2,89,0,BROWNSBORO,26,5,May,2010,4,Wednesday,18,34,0,4,3,28,40.09321667,-82.52006389,1,1,0,1,0,0,1,0
390369,OHIO,OH,2,0,3,95,0,ALBERTVILLE,28,5,May,2010,6,Friday,23,5,1,2,2,87,41.67573056,-83.69120278,12,3,0,1,0,0,1,0
390370,OHIO,OH,1,0,1,173,6490,LAKELAND,31,5,May,2010,2,Monday,2,18,0,16,6,0,41.52416667,-83.65055556,33,2,0,1,0,0,1,1
390371,OHIO,OH,2,0,3,35,1680,BROOKLYN,1,6,June,2010,3,Tuesday,16,25,0,14,2,70,41.48980556,-81.71114722,12,1,0,1,0,0,1,0
390372,OHIO,OH,1,1,1,95,8120,ALBERTVILLE,1,6,June,2010,3,Tuesday,21,28,0,15,6,0,41.62321111,-83.59573333,8,3,0,1,0,0,1,0
390373,OHIO,OH,2,0,3,61,0,BELLWOOD,18,6,June,2010,6,Friday,21,5,0,4,4,0,39.24784167,-84.78623611,12,5,0,10,0,0,1,1
390374,OHIO,OH,1,1,1,49,1800,COLLINSVILLE,23,6,June,2010,4,Wednesday,22,27,0,14,6,0,39.91631944,-82.89124444,8,2,0,1,0,0,1,0
390375,OHIO,OH,4,0,8,49,1800,COLLINSVILLE,26,6,June,2010,7,Saturday,20,47,0,16,6,0,40.02264444,-82.95215278,12,2,0,10,0,0,1,1
390376,OHIO,OH,3,0,3,49,1800,COLLINSVILLE,29,6,June,2010,3,Tuesday,21,27,0,14,6,0,39.94958889,-82.96771944,12,1,0,1,0,0,1,0
390377,OHIO,OH,2,0,2,61,0,BELLWOOD,29,6,June,2010,3,Tuesday,13,50,1,1,1,121,39.22527222,-84.65832778,12,1,0,1,0,0,1,0
390378,OHIO,OH,2,0,4,49,1800,COLLINSVILLE,1,7,July,2010,5,Thursday,17,48,1,11,1,476,39.91322500,-82.88661111,12,1,0,1,0,0,1,0
390379,OHIO,OH,2,0,2,49,1800,COLLINSVILLE,5,7,July,2010,2,Monday,1,36,0,13,2,64,39.89425556,-82.99551389,12,3,0,1,0,0,1,0
390381,OHIO,OH,1,0,1,35,4685,BROOKLYN,10,5,May,2010,2,Monday,6,50,0,14,6,0,41.40211389,-81.58258333,33,1,0,1,0,0,1,0
390382,OHIO,OH,2,0,3,141,0,BEE BRANCH,9,6,June,2010,4,Wednesday,18,15,0,6,4,0,39.33583056,-82.87286944,12,1,0,10,0,0,1,1
390383,OHIO,OH,1,0,1,151,0,FLIPPEN,18,6,June,2010,6,Friday,22,16,0,5,5,0,40.76880278,-81.37965833,1,2,0,1,0,0,1,1
390384,OHIO,OH,3,0,5,173,0,LAKELAND,20,6,June,2010,1,Sunday,19,10,0,4,3,61,41.40698056,-83.50749722,12,1,0,10,0,0,1,0
390385,OHIO,OH,2,0,2,35,4480,BROOKLYN,23,6,June,2010,4,Wednesday,10,38,0,16,6,0,41.53550278,-81.49909167,12,1,0,1,0,0,1,0
390386,OHIO,OH,1,1,1,155,0,IRWIN,25,6,June,2010,6,Friday,0,55,0,6,4,0,41.22486111,-80.91312778,8,2,0,10,0,0,1,0
390387,OHIO,OH,1,0,1,63,2610,BOLIGEE,29,6,June,2010,3,Tuesday,20,7,0,14,6,0,41.06019722,-83.61737222,33,1,0,1,0,0,1,1
390388,OHIO,OH,1,0,1,155,0,IRWIN,1,7,July,2010,5,Thursday,15,10,0,6,4,0,41.16700000,-80.90845000,1,1,0,1,0,0,1,0
390389,OHIO,OH,2,0,4,61,0,BELLWOOD,3,7,July,2010,7,Saturday,22,41,0,4,4,0,39.21435833,-84.78281667,12,2,0,10,0,0,1,1
390390,OHIO,OH,2,0,3,129,0,BIGBEE,7,7,July,2010,4,Wednesday,13,40,0,2,2,73,39.58313611,-82.95347222,12,1,0,1,0,0,1,0
390391,OHIO,OH,1,0,1,165,7790,HERNDON,1,5,May,2010,7,Saturday,2,24,0,16,6,0,39.57744444,-84.25088889,59,2,0,1,0,0,1,1
390392,OHIO,OH,3,0,3,3,0,BALDWIN,7,5,May,2010,6,Friday,5,40,0,3,3,45,40.80015833,-84.23382222,12,2,0,1,0,0,1,0
390393,OHIO,OH,2,0,3,115,0,ASHVILLE,7,5,May,2010,6,Friday,13,23,0,4,3,76,39.62330833,-81.83573333,12,1,0,1,0,0,1,0
390394,OHIO,OH,1,0,2,171,1090,ALDORA,29,5,May,2010,7,Saturday,2,22,0,5,6,0,41.47182500,-84.55571667,33,2,0,1,0,0,1,1
390396,OHIO,OH,1,0,2,113,1670,COTTONTON,4,6,June,2010,6,Friday,20,41,0,16,6,0,39.83909444,-84.34888056,38,1,0,1,0,0,1,0
390397,OHIO,OH,1,0,1,169,0,BRADLEY,5,6,June,2010,7,Saturday,21,56,0,5,4,0,40.98111111,-81.68194444,30,2,0,10,0,0,1,1
390398,OHIO,OH,1,0,1,49,1800,COLLINSVILLE,5,6,June,2010,7,Saturday,2,20,1,11,1,243,40.06138889,-82.99777778,33,3,0,10,0,0,1,1
390400,OHIO,OH,2,0,4,59,0,FRANKLIN,7,6,June,2010,2,Monday,19,11,0,5,3,49,39.96644722,-81.58385000,12,1,0,1,0,0,1,0
390401,OHIO,OH,1,2,1,101,0,BOYLSTON,8,6,June,2010,3,Tuesday,12,47,0,5,4,0,40.64635556,-82.96536944,15,1,0,10,0,0,1,0
390402,OHIO,OH,2,0,7,119,0,BELLAMY,9,6,June,2010,4,Wednesday,12,51,1,1,1,51,39.94659444,-82.13078611,12,1,0,2,0,0,5,0
390403,OHIO,OH,1,0,1,75,0,BEAVERTON,10,6,June,2010,5,Thursday,0,0,0,6,4,0,40.47188889,-81.72738056,38,2,0,1,0,0,1,1
390404,OHIO,OH,2,0,2,127,0,BURNWELL,10,6,June,2010,5,Thursday,20,30,0,4,3,9,39.72211111,-82.34931111,12,1,0,1,0,0,1,2
390405,OHIO,OH,2,0,2,113,0,COTTONTON,10,6,June,2010,5,Thursday,19,9,0,4,4,0,39.67373333,-84.27241111,12,1,0,1,0,0,1,0
390406,OHIO,OH,2,0,3,159,0,FARRAR,10,6,June,2010,5,Thursday,15,32,1,2,2,34,40.16339444,-83.44863056,12,1,0,1,0,0,1,0
390407,OHIO,OH,1,0,1,43,0,BAILEYTON,12,6,June,2010,7,Saturday,16,7,0,6,4,0,41.43095833,-82.90122222,43,1,0,1,0,0,1,1
390408,OHIO,OH,1,0,1,123,0,ALEXANDER CITY,12,6,June,2010,7,Saturday,0,32,1,2,3,234,41.51074444,-82.90354722,1,2,0,1,0,0,1,1
390409,OHIO,OH,2,0,5,55,0,ATTALLA,13,6,June,2010,1,Sunday,22,15,1,2,2,64,41.38106111,-81.27123056,11,2,0,1,0,0,1,0
390410,OHIO,OH,1,0,1,99,9230,BEATRICE,13,6,June,2010,1,Sunday,23,41,1,11,1,62,41.09293611,-80.65522778,25,3,0,1,0,0,1,1
390411,OHIO,OH,1,0,1,35,2840,BROOKLYN,14,6,June,2010,2,Monday,21,30,0,13,3,79,41.42567500,-81.58455833,33,3,0,1,0,0,1,1
390412,OHIO,OH,1,0,6,131,0,ARLINGTON,22,6,June,2010,3,Tuesday,5,10,0,5,4,0,39.17163056,-83.08767222,42,2,0,10,0,0,2,0
390413,OHIO,OH,1,0,2,113,0,COTTONTON,24,6,June,2010,5,Thursday,15,41,0,6,4,0,39.81812778,-84.40512500,42,1,0,1,0,0,2,0
390414,OHIO,OH,1,0,2,43,0,BAILEYTON,26,6,June,2010,7,Saturday,3,43,0,3,3,35,41.33887778,-82.76011944,59,2,0,1,0,0,1,1
390415,OHIO,OH,1,0,3,169,9140,BRADLEY,29,6,June,2010,3,Tuesday,12,16,0,13,3,189,40.87982500,-81.91943889,53,1,0,1,0,0,1,0
390416,OHIO,OH,2,0,5,119,0,BELLAMY,1,7,July,2010,5,Thursday,13,55,1,2,3,144,40.15665833,-81.94770000,12,1,0,1,0,0,1,0
390417,OHIO,OH,1,0,1,105,0,MARION,2,7,July,2010,6,Friday,12,15,0,6,4,0,39.04868056,-82.11586944,34,1,0,1,0,0,1,0
390418,OHIO,OH,1,0,1,49,1800,COLLINSVILLE,3,7,July,2010,7,Saturday,2,55,1,11,1,259,40.10935833,-82.98029444,24,3,0,10,0,0,1,1
390419,OHIO,OH,1,0,1,103,0,DANVILLE,5,7,July,2010,2,Monday,12,13,0,6,4,0,41.11170000,-81.75586111,32,1,0,1,0,0,1,1
390420,OHIO,OH,1,0,1,155,0,IRWIN,7,7,July,2010,4,Wednesday,21,30,1,1,1,45,41.15946944,-80.65231389,24,2,0,1,0,0,1,1
390421,OHIO,OH,1,0,1,39,0,ANDALUSIA,11,7,July,2010,1,Sunday,13,50,0,6,4,0,41.27868056,-84.47326111,10,1,0,1,0,0,1,0
390422,OHIO,OH,1,0,1,61,0,BELLWOOD,17,3,March,2010,4,Wednesday,16,40,0,4,3,52,39.15449167,-84.67793889,1,1,0,1,0,0,1,0
390423,OHIO,OH,2,0,2,37,0,BRADFORD,14,6,June,2010,2,Monday,13,50,0,6,4,0,40.07758056,-84.69327222,12,1,0,10,0,0,1,0
390424,OHIO,OH,2,0,4,97,0,AXIS,15,6,June,2010,3,Tuesday,9,59,0,6,4,0,40.00897500,-83.26240278,12,1,0,1,0,0,1,0
390426,OHIO,OH,2,0,2,123,0,ALEXANDER CITY,17,6,June,2010,5,Thursday,16,17,0,4,3,99,41.51643056,-83.22244722,12,1,0,10,0,0,1,0
390427,OHIO,OH,2,0,4,93,0,BEAR CREEK,18,6,June,2010,6,Friday,19,10,0,4,3,213,41.41831944,-82.11892778,12,1,0,1,0,0,1,1
390428,OHIO,OH,2,0,2,145,0,BALD KNOB,18,6,June,2010,6,Friday,3,44,1,2,2,335,38.65537500,-82.85289444,12,3,0,1,0,0,2,1
390429,OHIO,OH,1,0,1,9,0,BLOUNT,19,6,June,2010,7,Saturday,21,50,0,5,4,0,39.29979722,-82.15965833,35,2,0,10,0,0,1,1
390430,OHIO,OH,2,0,4,43,740,BAILEYTON,20,6,June,2010,1,Sunday,11,55,1,11,1,185,41.32893889,-82.49213333,12,1,0,1,0,0,1,0
390431,OHIO,OH,1,0,2,159,0,FARRAR,21,6,June,2010,2,Monday,8,24,0,4,3,55,40.41110556,-83.46603889,53,1,0,1,0,0,1,0
390432,OHIO,OH,2,0,3,145,0,BALD KNOB,21,6,June,2010,2,Monday,19,15,0,4,3,144,38.81191111,-82.67426944,12,1,0,10,0,0,1,0
390433,OHIO,OH,1,0,2,21,0,CHILTON,22,6,June,2010,3,Tuesday,9,39,1,2,2,16,40.04064167,-83.78093056,43,1,0,2,0,0,1,0
390434,OHIO,OH,2,0,2,151,0,FLIPPEN,22,6,June,2010,3,Tuesday,21,25,0,5,4,0,40.81687778,-81.29915556,12,1,0,1,0,0,1,0
390435,OHIO,OH,1,0,1,19,4600,CEDAR BLUFF,22,6,June,2010,3,Tuesday,22,26,0,4,3,10,40.65128611,-81.30046389,52,2,0,1,0,0,1,1
390436,OHIO,OH,2,0,3,59,0,FRANKLIN,23,6,June,2010,4,Wednesday,14,17,1,1,1,170,40.03339722,-81.44439722,59,1,0,10,0,0,1,0
390437,OHIO,OH,1,0,2,49,1800,COLLINSVILLE,26,6,June,2010,7,Saturday,3,37,0,14,6,0,39.91743889,-83.01535556,34,2,0,1,0,0,1,1
390438,OHIO,OH,2,0,3,101,0,BOYLSTON,26,6,June,2010,7,Saturday,22,18,0,3,3,42,40.49353611,-83.18427222,12,2,0,10,0,0,2,0
390439,OHIO,OH,2,0,3,49,1800,COLLINSVILLE,26,6,June,2010,7,Saturday,20,3,0,13,6,0,40.05665833,-82.89064444,12,1,0,10,0,0,1,0
390440,OHIO,OH,2,0,4,169,0,BRADLEY,28,6,June,2010,2,Monday,23,28,0,5,4,0,40.85784444,-81.94300833,12,2,0,1,0,0,1,0
390441,OHIO,OH,1,0,1,129,0,BIGBEE,30,6,June,2010,4,Wednesday,11,57,0,6,4,0,39.75174444,-82.83854444,53,1,0,1,0,0,1,0
390442,OHIO,OH,1,0,4,175,0,CADWELL,2,7,July,2010,6,Friday,18,50,0,6,5,0,40.93450556,-83.36826111,34,1,0,1,0,0,1,0
390443,OHIO,OH,2,0,4,49,0,COLLINSVILLE,3,6,June,2010,5,Thursday,12,9,0,5,4,0,39.97317500,-83.17440000,12,1,0,10,0,0,1,0
390444,OHIO,OH,2,0,6,65,0,CYPRESS,16,6,June,2010,4,Wednesday,17,42,0,4,3,34,40.52802500,-83.57535278,12,1,0,1,0,0,1,0
390445,OHIO,OH,1,0,1,83,0,ARDMORE,26,6,June,2010,7,Saturday,20,16,0,3,3,218,40.44165556,-82.44503333,32,1,0,10,0,0,1,1
390446,OHIO,OH,1,0,1,19,0,CEDAR BLUFF,28,6,June,2010,2,Monday,14,28,0,4,3,68,40.62057500,-81.14305833,42,1,0,10,0,0,1,1
390447,OHIO,OH,1,0,2,147,0,AUGUSTA,3,7,July,2010,7,Saturday,20,0,0,6,5,0,41.00669444,-83.40711111,42,1,0,1,0,0,1,0
390448,OHIO,OH,1,0,1,151,0,FLIPPEN,12,7,July,2010,2,Monday,6,28,0,3,3,133,40.84673611,-81.49478056,42,1,0,10,0,0,1,0
390449,OHIO,OH,1,1,1,49,3500,COLLINSVILLE,14,7,July,2010,4,Wednesday,3,15,1,11,1,128,40.03183611,-83.12330833,8,2,0,1,0,0,1,0
390450,OHIO,OH,1,0,2,169,0,BRADLEY,17,7,July,2010,7,Saturday,17,43,0,5,4,0,40.95661944,-81.84184722,35,1,0,1,0,0,1,1
390451,OHIO,OH,1,0,2,103,0,DANVILLE,17,7,July,2010,7,Saturday,5,25,0,4,3,1,40.99210556,-82.11010278,34,4,0,10,0,0,1,1
390452,OHIO,OH,1,0,1,165,0,HERNDON,18,7,July,2010,1,Sunday,10,15,0,4,3,98,39.35837778,-84.12873889,24,1,0,1,0,0,1,0
390453,OHIO,OH,1,0,3,59,0,FRANKLIN,3,7,July,2010,7,Saturday,23,35,0,4,3,129,39.97146944,-81.30885278,34,2,0,1,0,0,2,1
390454,OHIO,OH,1,0,1,133,0,ARLEY,3,7,July,2010,7,Saturday,2,18,0,4,3,197,41.23498611,-81.01958333,1,2,0,10,0,0,1,1
390455,OHIO,OH,1,0,1,87,0,ARMSTRONG,5,7,July,2010,2,Monday,3,47,0,4,4,0,38.43260833,-82.46449722,35,2,0,1,0,0,1,1
390456,OHIO,OH,2,0,3,109,6550,ANSLEY,6,7,July,2010,3,Tuesday,11,31,1,12,2,172,40.15158889,-84.22050556,12,1,0,1,0,0,1,0
390457,OHIO,OH,1,0,1,61,1610,BELLWOOD,8,7,July,2010,5,Thursday,12,30,1,12,3,124,39.21225556,-84.48818889,34,1,0,1,0,0,1,0
390458,OHIO,OH,1,0,1,153,70,BONAIRE,14,5,May,2010,6,Friday,20,21,1,12,2,111,41.02585556,-81.48224722,25,3,0,1,0,0,1,0
390459,OHIO,OH,1,1,1,95,8120,ALBERTVILLE,9,6,June,2010,4,Wednesday,15,30,0,13,6,0,41.60126667,-83.62699444,8,1,0,1,0,0,1,0
390460,OHIO,OH,1,0,1,35,1680,BROOKLYN,13,6,June,2010,1,Sunday,17,18,0,13,3,25,41.49259722,-81.67933056,21,1,0,1,0,0,1,0
390461,OHIO,OH,1,0,1,113,2090,COTTONTON,26,6,June,2010,7,Saturday,5,2,0,14,6,0,39.77758333,-84.25377778,33,3,0,1,0,0,1,1
390462,OHIO,OH,3,0,3,35,8540,BROOKLYN,29,6,June,2010,3,Tuesday,15,35,1,11,1,57,41.40781944,-81.50616944,12,1,0,1,0,0,1,0
390463,OHIO,OH,1,0,1,9,0,BLOUNT,11,7,July,2010,1,Sunday,15,38,0,3,3,66,39.39410000,-82.06466944,1,1,0,1,0,0,1,0
390464,OHIO,OH,2,0,3,93,0,BEAR CREEK,18,7,July,2010,1,Sunday,13,5,0,4,3,62,41.31308611,-81.95029722,12,1,0,1,0,0,1,0
390465,OHIO,OH,2,0,2,23,0,BLADON SPRINGS,21,7,July,2010,4,Wednesday,14,31,0,6,5,0,39.89289444,-84.02099444,7,1,0,1,0,0,1,0
390466,OHIO,OH,1,0,4,139,0,CALION,25,7,July,2010,1,Sunday,2,45,0,4,4,0,40.68196944,-82.46570278,42,2,0,10,0,0,1,1
390467,OHIO,OH,2,0,3,99,9230,BEATRICE,4,6,June,2010,6,Friday,1,6,0,13,6,0,41.09118333,-80.65618889,30,3,0,1,0,0,1,2
390468,OHIO,OH,2,0,5,49,1800,COLLINSVILLE,29,5,May,2010,7,Saturday,13,10,0,14,6,0,39.91638611,-83.09238889,12,1,0,1,0,0,1,0
390469,OHIO,OH,1,1,1,35,0,BROOKLYN,6,6,June,2010,1,Sunday,2,57,0,4,4,0,41.38243333,-81.92194722,8,2,0,2,0,0,1,0
390470,OHIO,OH,2,0,2,17,2535,CHAMBERS,10,6,June,2010,5,Thursday,9,59,1,13,3,1,39.30255833,-84.48572222,12,1,0,1,0,0,1,0
390471,OHIO,OH,2,0,2,123,0,ALEXANDER CITY,16,6,June,2010,4,Wednesday,14,33,0,3,3,74,41.53131389,-83.35920833,12,1,0,1,0,0,1,0
390472,OHIO,OH,1,1,1,17,5230,CHAMBERS,19,6,June,2010,7,Saturday,19,32,0,14,3,38,39.44430000,-84.35548889,8,1,0,1,0,0,1,1
390473,OHIO,OH,2,0,3,113,3622,COTTONTON,22,6,June,2010,3,Tuesday,10,45,0,15,3,22,39.86793611,-84.05605556,12,1,0,10,0,0,1,0
390474,OHIO,OH,3,0,2,151,1320,FLIPPEN,25,6,June,2010,6,Friday,19,33,0,15,6,0,40.82560556,-81.32027500,12,1,0,1,0,0,1,0
390475,OHIO,OH,1,0,1,93,0,BEAR CREEK,1,7,July,2010,5,Thursday,13,1,0,3,3,73,41.26033611,-82.03739167,34,1,0,1,0,0,1,0
390476,OHIO,OH,2,0,4,123,0,ALEXANDER CITY,4,7,July,2010,1,Sunday,21,55,1,2,3,283,41.48266667,-82.83465833,12,3,0,1,0,0,1,1
390477,OHIO,OH,1,1,1,103,1085,DANVILLE,5,7,July,2010,2,Monday,13,34,0,15,6,0,41.24770833,-81.82580833,9,1,0,1,0,0,1,0
390478,OHIO,OH,2,0,2,149,7550,BELLEVILLE,27,7,July,2010,3,Tuesday,16,41,0,14,3,152,40.31173611,-84.17316944,12,1,0,1,0,0,1,0
390479,OHIO,OH,1,0,1,133,0,ARLEY,7,7,July,2010,4,Wednesday,14,5,0,6,5,0,41.08793889,-81.09417222,34,1,0,1,0,0,1,1
390480,OHIO,OH,1,1,2,95,8120,ALBERTVILLE,11,7,July,2010,1,Sunday,17,35,0,16,6,0,41.65387222,-83.56253333,9,1,0,10,0,0,1,0
390481,OHIO,OH,1,1,1,49,1800,COLLINSVILLE,14,7,July,2010,4,Wednesday,1,29,1,11,1,175,39.93244722,-82.93085556,8,3,0,1,0,0,1,0
390482,OHIO,OH,2,0,3,5,0,BAKER HILL,15,7,July,2010,5,Thursday,19,58,0,4,3,89,40.92181389,-82.28411944,12,1,0,1,0,0,1,1
390483,OHIO,OH,2,0,2,25,0,BARLOW BEND,18,7,July,2010,1,Sunday,0,59,0,6,4,0,39.16435000,-84.12518056,12,2,0,1,0,0,1,2
390484,OHIO,OH,1,0,1,69,0,ASHFORD,6,7,July,2010,3,Tuesday,10,3,0,2,2,193,41.41788333,-83.88799444,30,1,0,1,0,0,1,0
390485,OHIO,OH,1,0,1,49,1800,COLLINSVILLE,11,7,July,2010,1,Sunday,5,41,0,16,6,0,39.97238333,-82.98085278,30,3,0,1,0,0,1,1
390486,OHIO,OH,1,0,4,49,1800,COLLINSVILLE,22,6,June,2010,3,Tuesday,16,39,1,11,1,280,40.11280556,-82.97630278,25,1,0,98,0,0,1,0
390487,OHIO,OH,2,0,3,131,0,ARLINGTON,14,7,July,2010,4,Wednesday,15,48,0,2,3,200,39.05331944,-82.93598056,12,1,0,1,0,0,2,0
390488,OHIO,OH,2,0,3,123,0,ALEXANDER CITY,16,7,July,2010,6,Friday,23,0,0,4,3,27,41.49774722,-83.14534722,12,2,0,1,0,0,1,0
390489,OHIO,OH,1,0,3,141,0,BEE BRANCH,16,7,July,2010,6,Friday,17,24,0,6,4,0,39.33992500,-82.83628056,35,1,0,1,0,0,1,0
390490,OHIO,OH,1,0,1,35,1680,BROOKLYN,16,7,July,2010,6,Friday,23,10,1,11,1,104,41.43257500,-81.81372778,24,3,0,1,0,0,1,1
390491,OHIO,OH,2,0,6,101,0,BOYLSTON,25,7,July,2010,1,Sunday,21,12,0,4,3,23,40.68786389,-83.16873611,12,2,0,10,0,0,1,0
390492,OHIO,OH,1,0,1,13,0,BOLLING,25,7,July,2010,1,Sunday,0,15,0,4,2,22,40.14118889,-80.82900556,42,2,0,2,0,0,1,0
390493,OHIO,OH,2,0,5,5,0,BAKER HILL,27,7,July,2010,3,Tuesday,21,13,0,3,3,82,40.74225000,-82.24797222,12,2,0,1,0,0,1,0
390494,OHIO,OH,1,0,6,153,460,BONAIRE,28,7,July,2010,4,Wednesday,19,34,0,14,6,0,41.02523333,-81.62081111,42,1,0,10,0,0,1,0
390496,OHIO,OH,1,0,2,147,0,AUGUSTA,11,7,July,2010,1,Sunday,2,50,0,6,5,0,41.21088611,-83.15391944,34,2,0,1,0,0,1,0
390497,OHIO,OH,1,0,1,17,0,CHAMBERS,18,7,July,2010,1,Sunday,12,5,0,6,4,0,39.41840833,-84.45497222,42,1,0,1,0,0,1,0
390498,OHIO,OH,1,2,1,85,4920,BENTON,9,1,January,2010,7,Saturday,16,26,0,13,2,97,41.66840833,-81.33470556,8,7,0,1,0,0,1,0
390499,OHIO,OH,2,0,2,93,0,BEAR CREEK,4,7,July,2010,1,Sunday,17,32,0,5,4,0,41.19990556,-82.13953889,12,1,0,1,0,0,1,0
390500,OHIO,OH,2,0,3,93,4360,BEAR CREEK,4,7,July,2010,1,Sunday,16,51,0,14,6,0,41.45587500,-82.16642500,12,1,0,1,0,0,1,1
390501,OHIO,OH,1,0,1,121,0,BON AIR,17,7,July,2010,7,Saturday,19,24,0,3,3,54,39.73748889,-81.55769444,38,1,0,1,0,0,1,1
390502,OHIO,OH,2,0,6,41,0,BRANTLEY,22,7,July,2010,5,Thursday,21,5,0,4,3,42,40.32160000,-83.17498611,12,2,0,1,0,0,1,0
390503,OHIO,OH,1,0,1,141,0,BEE BRANCH,24,7,July,2010,7,Saturday,22,12,0,4,3,127,39.45951111,-83.20808889,34,2,0,1,0,0,1,1
390504,OHIO,OH,1,0,1,99,0,BEATRICE,28,7,July,2010,4,Wednesday,0,10,0,5,4,0,41.10846944,-80.76961944,53,2,0,1,0,0,1,1
390505,OHIO,OH,2,0,5,89,0,BROWNSBORO,28,7,July,2010,4,Wednesday,4,51,1,1,1,159,39.94527778,-82.48000278,12,3,0,1,0,0,1,0
390506,OHIO,OH,1,0,1,67,0,ABBEVILLE,31,7,July,2010,7,Saturday,23,20,0,5,4,0,40.23888611,-80.95713889,1,2,0,1,0,0,1,1
390507,OHIO,OH,2,0,2,7,0,BIBB,2,8,August,2010,2,Monday,19,12,0,6,5,0,41.83208056,-80.88656944,12,1,0,1,0,0,1,1
390508,OHIO,OH,2,0,3,51,0,CENTRAL,2,8,August,2010,2,Monday,17,13,0,4,3,27,41.70064167,-84.12606389,12,1,0,1,0,0,3,1
390509,OHIO,OH,2,0,3,41,0,BRANTLEY,3,8,August,2010,3,Tuesday,16,5,0,3,3,5,40.42417500,-83.24442222,12,1,0,1,0,0,2,0
390511,OHIO,OH,2,0,2,35,6360,BROOKLYN,14,1,January,2010,5,Thursday,7,55,0,13,3,116,41.41931389,-81.68995833,48,1,0,1,0,0,1,0
390512,OHIO,OH,1,0,1,153,70,BONAIRE,23,4,April,2010,6,Friday,22,40,0,14,6,0,41.09764167,-81.48831111,33,3,0,10,0,0,1,1
390514,OHIO,OH,1,0,1,91,0,DAYTON,17,7,July,2010,7,Saturday,17,8,0,4,3,78,40.38336667,-83.62238056,34,1,0,1,0,0,1,0
390515,OHIO,OH,1,1,1,143,0,CANEHILL,29,7,July,2010,5,Thursday,23,4,0,6,4,0,41.40791111,-83.17436944,8,2,0,1,0,0,1,0
390516,OHIO,OH,1,1,1,117,0,BIRMINGHAM,6,8,August,2010,6,Friday,20,35,0,5,4,0,40.68061944,-82.62994444,8,5,0,1,0,0,1,1
390517,OHIO,OH,1,0,3,133,0,ARLEY,7,8,August,2010,7,Saturday,11,43,0,5,4,0,41.16319722,-81.19046667,43,1,0,1,0,0,2,0
390518,OHIO,OH,2,0,2,49,1800,COLLINSVILLE,11,8,August,2010,4,Wednesday,0,50,1,11,1,191,39.93188611,-82.92055556,12,3,0,1,0,0,1,1
390519,OHIO,OH,2,0,3,49,1800,COLLINSVILLE,13,8,August,2010,6,Friday,8,10,0,14,6,0,39.92119167,-83.12401667,12,1,0,1,0,0,1,0
390520,OHIO,OH,2,0,3,75,0,BEAVERTON,14,8,August,2010,7,Saturday,23,56,0,3,3,120,40.59364722,-81.91419722,18,2,0,1,0,0,1,0
390521,OHIO,OH,2,0,3,109,0,ANSLEY,18,8,August,2010,4,Wednesday,21,52,0,4,3,208,39.93771111,-84.06892778,12,2,0,1,0,0,2,0
390522,OHIO,OH,2,0,5,35,1680,BROOKLYN,10,7,July,2010,7,Saturday,22,37,1,11,1,129,41.47379444,-81.72575000,12,3,0,1,0,0,1,1
390523,OHIO,OH,1,0,1,83,0,ARDMORE,14,7,July,2010,4,Wednesday,16,30,0,4,4,0,40.43807778,-82.50820556,42,1,0,1,0,0,1,0
390524,OHIO,OH,3,0,5,25,0,BARLOW BEND,14,7,July,2010,4,Wednesday,8,48,1,13,3,4,39.07091111,-84.30511111,12,1,0,1,0,0,1,0
390525,OHIO,OH,2,0,3,35,1680,BROOKLYN,16,7,July,2010,6,Friday,19,36,0,14,2,33,41.47970278,-81.63831944,12,5,0,1,0,0,1,0
390526,OHIO,OH,1,1,1,127,0,BURNWELL,18,7,July,2010,1,Sunday,2,30,0,13,3,214,39.74066667,-82.09619444,8,2,0,10,0,0,1,0
390527,OHIO,OH,2,1,1,93,0,BEAR CREEK,18,7,July,2010,1,Sunday,1,40,0,5,4,0,41.32964722,-82.00130833,14,2,0,10,0,0,1,0
390528,OHIO,OH,1,0,1,141,0,BEE BRANCH,23,7,July,2010,6,Friday,3,40,0,4,3,63,39.24282222,-83.05687778,1,2,0,1,0,0,1,0
390529,OHIO,OH,2,0,2,129,0,BIGBEE,24,7,July,2010,7,Saturday,17,54,0,4,3,1,39.55891944,-82.99904722,12,1,0,1,0,0,1,0
390530,OHIO,OH,2,0,3,87,0,ARMSTRONG,25,7,July,2010,1,Sunday,19,29,0,3,3,29,38.56201667,-82.63706667,12,1,0,10,0,0,1,0
390531,OHIO,OH,2,0,2,173,0,LAKELAND,26,7,July,2010,2,Monday,15,40,0,6,5,0,41.58797222,-83.42571389,12,1,0,1,0,0,1,0
390532,OHIO,OH,2,0,2,101,0,BOYLSTON,26,7,July,2010,2,Monday,17,41,0,4,3,96,40.59531944,-83.03610556,12,1,0,1,0,0,1,0
390533,OHIO,OH,1,1,1,153,0,BONAIRE,27,7,July,2010,3,Tuesday,23,57,1,1,1,43,41.23075556,-81.61776944,8,3,0,1,0,0,1,0