ST_CASE,State Name,State Abbreviation,VE_TOTAL,Pedestrains,Total_Persons_in_accident,COUNTY,CITY,City_County_Name,Calendar_DAY,MONTH,Month_Name,YEAR,DAY_WEEK,Day_Week_desc,HOUR,MINUTE,NHS_Desc,trafficway,ROUTE,MILEPT,LATITUDE,LONGITUD,First_Crash_event,Light_cond_desc,Weather_condition,WEATHER,SCH_BUS,Crash_cause,FATALS,DRUNK_DR
390534,OHIO,OH,1,0,1,159,0,FARRAR,30,7,July,2010,6,Friday,6,15,0,4,3,40,40.22516667,-83.45210833,11,1,0,10,0,0,1,0
390535,OHIO,OH,2,0,3,133,0,ARLEY,30,7,July,2010,6,Friday,8,49,0,4,3,93,41.23862500,-81.22584722,12,1,0,1,0,0,1,0
390536,OHIO,OH,1,0,1,155,0,IRWIN,30,7,July,2010,6,Friday,9,16,1,2,3,210,41.36997778,-80.69803889,35,1,0,1,0,0,1,0
390537,OHIO,OH,1,1,1,53,2810,ATMORE,30,7,July,2010,6,Friday,7,57,1,13,3,245,38.82291389,-82.17370000,8,1,0,1,0,0,1,0
390538,OHIO,OH,1,1,1,113,0,COTTONTON,1,8,August,2010,1,Sunday,1,11,0,6,5,0,39.82189444,-84.19163333,8,2,0,1,0,0,1,1
390539,OHIO,OH,2,0,4,155,0,IRWIN,1,8,August,2010,1,Sunday,1,21,0,4,3,43,41.30846389,-80.92154722,12,2,0,1,0,0,2,1
390540,OHIO,OH,2,0,2,23,0,BLADON SPRINGS,4,8,August,2010,4,Wednesday,19,10,0,2,3,200,39.97902222,-83.74201944,12,1,0,1,0,0,1,1
390541,OHIO,OH,1,0,1,11,0,BULLOCK,4,8,August,2010,4,Wednesday,15,4,0,6,4,0,40.52804167,-84.31714722,34,1,0,1,0,0,1,0
390542,OHIO,OH,2,0,5,165,0,HERNDON,7,8,August,2010,7,Saturday,18,42,0,4,2,144,39.36943333,-84.06391667,12,1,0,1,0,0,1,0
390543,OHIO,OH,2,0,4,61,0,BELLWOOD,7,8,August,2010,7,Saturday,18,37,0,6,4,0,39.16032222,-84.66108333,12,1,0,1,0,0,2,0
390544,OHIO,OH,2,0,4,49,1800,COLLINSVILLE,15,8,August,2010,1,Sunday,22,21,0,14,6,0,39.96416111,-82.91441944,12,3,0,1,0,0,1,0
390545,OHIO,OH,1,0,1,89,5570,BROWNSBORO,7,7,July,2010,4,Wednesday,21,50,0,14,3,161,40.06943333,-82.38473611,59,3,0,1,0,0,1,1
390546,OHIO,OH,1,0,1,31,0,COFFEE,24,7,July,2010,7,Saturday,9,41,0,4,3,96,40.25673611,-82.03199444,35,1,0,1,0,0,1,0
390547,OHIO,OH,2,0,3,83,0,ARDMORE,4,8,August,2010,4,Wednesday,12,32,1,2,3,68,40.34133889,-82.46648056,12,1,0,1,0,0,1,1
390548,OHIO,OH,1,0,2,13,0,BOLLING,13,8,August,2010,6,Friday,14,10,0,6,4,0,39.96416111,-80.87271944,35,1,0,1,0,0,1,1
390549,OHIO,OH,2,0,2,77,0,ANDERSON,14,8,August,2010,7,Saturday,22,59,0,6,4,0,41.23304167,-82.36095278,12,2,0,1,0,0,1,1
390550,OHIO,OH,2,0,3,173,0,LAKELAND,17,8,August,2010,3,Tuesday,23,55,1,1,1,240,41.51028889,-83.62173611,12,2,0,10,0,0,1,1
390551,OHIO,OH,2,0,2,143,0,CANEHILL,17,8,August,2010,3,Tuesday,22,8,0,4,3,19,41.28303056,-82.97510556,12,2,0,1,0,0,1,1
390552,OHIO,OH,2,0,2,173,0,LAKELAND,18,8,August,2010,4,Wednesday,19,30,0,5,4,0,41.31307222,-83.70854444,12,1,0,1,0,0,1,1
390553,OHIO,OH,1,0,1,85,0,BENTON,19,8,August,2010,5,Thursday,16,36,0,6,4,0,41.74707778,-81.21716111,42,1,0,1,0,0,1,0
390554,OHIO,OH,1,0,1,61,1610,BELLWOOD,23,8,August,2010,2,Monday,7,0,0,13,2,20,39.11063333,-84.50413333,19,4,0,1,0,0,1,1
390555,OHIO,OH,1,0,1,35,570,BROOKLYN,11,2,February,2010,5,Thursday,8,58,0,13,3,21,41.38287222,-81.52678333,33,1,0,4,0,0,1,0
390556,OHIO,OH,1,0,1,155,0,IRWIN,17,7,July,2010,7,Saturday,9,17,0,5,4,0,41.16553889,-80.77938056,59,1,0,1,0,0,1,1
390557,OHIO,OH,2,0,5,63,2610,BOLIGEE,23,7,July,2010,6,Friday,13,56,1,13,2,118,41.05864444,-83.66809722,12,1,0,1,0,0,1,0
390558,OHIO,OH,4,2,2,49,1800,COLLINSVILLE,1,8,August,2010,1,Sunday,2,46,0,16,6,0,40.00720556,-83.00665556,14,3,0,1,0,0,1,0
390559,OHIO,OH,1,0,1,163,0,AVERA,3,8,August,2010,3,Tuesday,19,56,0,4,3,58,39.38488889,-82.39893889,35,1,0,1,0,0,1,1
390560,OHIO,OH,2,0,3,55,0,ATTALLA,6,8,August,2010,6,Friday,9,52,0,4,2,132,41.60695000,-81.05811111,12,1,0,1,0,0,1,0
390561,OHIO,OH,2,0,3,95,8590,ALBERTVILLE,31,5,May,2010,2,Monday,2,31,0,13,2,84,41.47501667,-83.75238333,12,2,0,1,0,0,1,0
390562,OHIO,OH,1,0,2,131,0,ARLINGTON,24,6,June,2010,5,Thursday,19,29,0,6,4,0,39.04718611,-83.12182778,42,1,0,1,0,0,1,1
390563,OHIO,OH,1,0,1,19,0,CEDAR BLUFF,24,6,June,2010,5,Thursday,6,55,0,3,3,201,40.60522222,-80.99983611,42,1,0,1,0,0,1,1
390564,OHIO,OH,1,0,1,3,0,BALDWIN,7,8,August,2010,7,Saturday,21,15,0,6,5,0,40.76762778,-83.90858056,11,2,0,1,0,0,1,0
390565,OHIO,OH,1,0,1,171,0,ALDORA,8,8,August,2010,1,Sunday,16,45,0,4,3,42,41.47438889,-84.55101944,34,1,0,1,0,0,1,1
390566,OHIO,OH,3,0,5,27,0,ASHLAND,10,8,August,2010,3,Tuesday,9,40,0,4,3,137,39.35474167,-83.75976667,12,1,0,1,0,0,1,0
390567,OHIO,OH,1,0,1,127,0,BURNWELL,12,8,August,2010,5,Thursday,23,0,0,5,3,12,39.85822500,-82.45445278,42,2,0,1,0,0,1,0
390568,OHIO,OH,1,0,1,45,0,ARITON,13,8,August,2010,6,Friday,6,15,0,4,4,0,39.78623333,-82.79364722,53,4,0,5,0,0,1,0
390569,OHIO,OH,1,0,1,119,0,BELLAMY,13,8,August,2010,6,Friday,13,25,0,6,4,0,39.91921111,-81.91812500,1,1,0,1,0,0,1,0
390570,OHIO,OH,1,0,1,155,2950,IRWIN,16,8,August,2010,2,Monday,16,57,0,15,6,0,41.15780833,-80.69804444,33,1,0,1,0,0,1,1
390571,OHIO,OH,2,0,2,17,0,CHAMBERS,7,8,August,2010,7,Saturday,13,25,0,6,5,0,39.53860278,-84.52906667,12,1,0,1,0,0,1,0
390572,OHIO,OH,2,0,3,45,0,ARITON,12,8,August,2010,5,Thursday,23,0,1,2,2,31,39.83500278,-82.74595556,12,2,0,1,0,0,1,1
390573,OHIO,OH,2,0,5,17,0,CHAMBERS,15,8,August,2010,1,Sunday,16,10,0,3,3,108,39.49437222,-84.55121111,12,1,0,2,0,0,1,0
390574,OHIO,OH,2,0,3,65,0,CYPRESS,15,8,August,2010,1,Sunday,2,58,0,6,4,0,40.76194444,-83.80416667,12,2,0,10,0,0,2,1
390575,OHIO,OH,1,0,1,151,0,FLIPPEN,18,8,August,2010,4,Wednesday,22,12,0,3,3,95,40.76698889,-81.60423611,38,2,0,10,0,0,1,1
390576,OHIO,OH,1,0,2,101,0,BOYLSTON,16,3,March,2010,3,Tuesday,1,50,0,4,4,0,40.65115556,-83.22096944,30,2,0,10,0,0,1,1
390577,OHIO,OH,1,0,2,115,0,ASHVILLE,2,5,May,2010,1,Sunday,20,15,0,6,4,0,39.58024167,-82.01637222,3,2,0,10,0,0,2,1
390578,OHIO,OH,2,0,2,35,1680,BROOKLYN,15,7,July,2010,5,Thursday,13,7,0,15,6,0,41.46408333,-81.79003611,12,1,0,1,0,0,1,1
390579,OHIO,OH,1,0,2,17,5010,CHAMBERS,16,7,July,2010,6,Friday,2,37,0,13,3,89,39.50212222,-84.38087500,33,3,0,1,0,0,1,0
390580,OHIO,OH,1,1,2,155,0,IRWIN,24,7,July,2010,7,Saturday,13,4,0,6,5,0,41.36362500,-80.84925833,9,1,0,1,0,0,1,0
390581,OHIO,OH,1,0,1,35,1680,BROOKLYN,8,8,August,2010,1,Sunday,0,30,0,14,6,0,41.42171667,-81.80162500,33,3,0,1,0,0,1,1
390582,OHIO,OH,2,0,4,25,0,BARLOW BEND,15,8,August,2010,1,Sunday,17,49,1,2,3,79,39.08430000,-84.15453889,12,1,0,2,0,0,1,0
390583,OHIO,OH,2,0,7,139,0,CALION,18,8,August,2010,4,Wednesday,0,53,0,3,2,155,40.79196944,-82.44716111,12,2,0,1,0,0,1,1
390584,OHIO,OH,2,0,2,27,0,ASHLAND,19,8,August,2010,5,Thursday,7,40,0,4,4,0,39.41410000,-83.95801944,12,1,0,1,0,0,1,1
390585,OHIO,OH,1,0,1,153,8000,BONAIRE,22,8,August,2010,1,Sunday,0,57,0,14,6,0,41.10456389,-81.44491111,30,2,0,10,0,0,1,1
390586,OHIO,OH,2,0,2,95,8120,ALBERTVILLE,17,8,August,2010,3,Tuesday,22,43,0,14,2,232,41.63596389,-83.59068056,12,3,0,1,0,0,1,1
390587,OHIO,OH,1,0,2,165,0,HERNDON,7,5,May,2010,6,Friday,19,36,0,6,4,0,39.54698611,-84.24909444,32,1,0,1,0,0,1,1
390588,OHIO,OH,2,0,4,35,1680,BROOKLYN,29,5,May,2010,7,Saturday,1,40,1,11,1,100,41.42108889,-81.82960556,12,3,0,1,0,0,1,1
390589,OHIO,OH,1,0,1,95,8120,ALBERTVILLE,14,6,June,2010,2,Monday,14,59,1,11,1,117,41.68821667,-83.63767222,1,1,0,1,0,0,1,1
390590,OHIO,OH,1,0,2,151,4820,FLIPPEN,11,8,August,2010,4,Wednesday,13,19,0,16,6,0,40.79681944,-81.51485278,33,1,0,10,0,0,1,0
390591,OHIO,OH,1,1,1,95,8120,ALBERTVILLE,13,8,August,2010,6,Friday,16,30,0,13,3,69,41.72173056,-83.55687222,8,1,0,1,0,0,1,1
390592,OHIO,OH,4,1,4,61,0,BELLWOOD,22,8,August,2010,1,Sunday,2,2,1,2,1,389,39.05798333,-84.38510556,7,2,0,1,0,0,1,1
390593,OHIO,OH,2,0,3,49,0,COLLINSVILLE,22,8,August,2010,1,Sunday,21,4,0,4,4,0,39.95746667,-83.14507778,12,3,0,1,0,0,1,0
390594,OHIO,OH,4,0,5,55,0,ATTALLA,23,8,August,2010,2,Monday,5,50,0,4,3,29,41.41375278,-81.06013056,12,2,0,1,0,0,1,0
390595,OHIO,OH,1,0,1,5,0,BAKER HILL,26,8,August,2010,5,Thursday,0,0,0,4,2,122,40.89114444,-82.27029722,34,2,0,1,0,0,1,1
390596,OHIO,OH,2,0,4,103,0,DANVILLE,26,8,August,2010,5,Thursday,10,35,0,4,4,0,41.02542778,-81.79933889,12,1,0,10,0,0,1,0
390597,OHIO,OH,1,0,1,159,4800,FARRAR,26,8,August,2010,5,Thursday,10,48,1,12,2,148,40.21478611,-83.30785278,35,1,0,1,0,0,1,0
390598,OHIO,OH,3,0,4,17,0,CHAMBERS,27,8,August,2010,6,Friday,13,43,0,3,2,206,39.55223611,-84.64519444,12,1,0,1,0,0,1,0
390599,OHIO,OH,1,0,1,49,0,COLLINSVILLE,29,8,August,2010,1,Sunday,18,58,1,1,1,518,39.87368056,-82.98683889,52,1,0,1,0,0,1,0
390600,OHIO,OH,1,0,1,49,0,COLLINSVILLE,11,7,July,2010,1,Sunday,13,50,0,3,2,23,39.83180556,-83.13560556,42,1,0,10,0,0,1,0
390601,OHIO,OH,2,0,2,151,0,FLIPPEN,12,7,July,2010,2,Monday,10,43,0,4,3,22,40.90034444,-81.21359722,12,1,0,2,0,0,1,0
390602,OHIO,OH,3,0,6,151,0,FLIPPEN,15,8,August,2010,1,Sunday,13,53,0,4,3,58,40.73514722,-81.36991667,12,1,0,10,0,0,4,0
390603,OHIO,OH,1,0,1,93,0,BEAR CREEK,16,8,August,2010,2,Monday,23,18,0,5,4,0,41.31049444,-82.08976389,59,2,0,10,0,0,1,1
390604,OHIO,OH,1,0,1,89,5570,BROWNSBORO,18,8,August,2010,4,Wednesday,18,58,1,12,3,184,40.05705000,-82.45005278,35,1,0,1,0,0,1,0
390605,OHIO,OH,2,0,2,141,0,BEE BRANCH,19,8,August,2010,5,Thursday,21,35,0,9,4,0,39.19264444,-83.15303611,12,2,0,10,0,0,1,2
390606,OHIO,OH,2,0,3,95,8120,ALBERTVILLE,23,8,August,2010,2,Monday,13,9,0,13,3,148,41.62894722,-83.60664444,12,1,0,10,0,0,1,1
390607,OHIO,OH,1,1,1,29,0,BORDEN SPRINGS,28,8,August,2010,7,Saturday,20,52,0,6,5,0,40.77926389,-80.96870833,8,2,0,1,0,0,1,0
390608,OHIO,OH,2,0,3,113,0,COTTONTON,29,8,August,2010,1,Sunday,16,0,1,1,1,172,39.84096667,-83.99322500,12,1,0,10,0,0,1,0
390609,OHIO,OH,1,0,1,49,2270,COLLINSVILLE,1,9,September,2010,4,Wednesday,16,46,0,16,6,0,40.12863056,-83.10649722,33,1,0,1,0,0,1,0
390610,OHIO,OH,1,0,3,151,990,FLIPPEN,16,8,August,2010,2,Monday,0,30,0,16,6,0,40.72455556,-81.60126667,5,3,0,10,0,0,1,0
390611,OHIO,OH,2,0,2,151,5930,FLIPPEN,25,8,August,2010,4,Wednesday,22,10,0,14,6,0,40.92751944,-81.40272778,12,2,0,10,0,0,1,1
390612,OHIO,OH,1,8,2,55,0,ATTALLA,1,9,September,2010,4,Wednesday,18,20,0,3,3,41,41.38905000,-81.05033889,49,1,0,1,0,0,1,0
390613,OHIO,OH,2,0,3,123,0,ALEXANDER CITY,1,9,September,2010,4,Wednesday,13,26,0,12,3,53,41.50093056,-82.96767222,12,1,0,1,1,0,1,0
390614,OHIO,OH,2,0,2,173,0,LAKELAND,2,9,September,2010,5,Thursday,7,39,0,4,3,41,41.51515833,-83.42914722,12,1,0,5,0,0,1,0
390616,OHIO,OH,1,0,1,93,2480,BEAR CREEK,5,9,September,2010,1,Sunday,3,8,0,16,6,0,41.36289444,-82.11216111,42,3,0,1,0,0,1,1
390618,OHIO,OH,1,1,1,103,0,DANVILLE,8,9,September,2010,4,Wednesday,23,12,0,6,5,0,41.11580556,-82.16440833,8,2,0,10,0,0,1,0
390619,OHIO,OH,1,0,2,37,0,BRADFORD,12,9,September,2010,1,Sunday,14,2,0,4,3,93,40.21775000,-84.65772500,34,1,0,1,0,0,1,1
390620,OHIO,OH,2,0,2,61,1610,BELLWOOD,17,7,July,2010,7,Saturday,2,27,1,11,1,83,39.18831667,-84.48173333,12,3,0,10,0,0,1,1
390621,OHIO,OH,1,0,1,155,0,IRWIN,19,7,July,2010,2,Monday,14,10,0,6,5,0,41.21288889,-80.78095000,1,1,0,1,0,0,1,0
390622,OHIO,OH,2,0,1,61,1610,BELLWOOD,29,7,July,2010,5,Thursday,5,53,0,16,6,0,39.10638889,-84.39057778,14,4,0,10,0,0,1,1
390623,OHIO,OH,3,0,4,93,0,BEAR CREEK,1,8,August,2010,1,Sunday,9,15,0,14,3,88,41.36840556,-82.18135556,12,1,0,1,0,0,1,1
390624,OHIO,OH,2,0,4,113,0,COTTONTON,2,8,August,2010,2,Monday,21,2,0,5,5,0,39.62240000,-84.23606111,12,2,0,1,0,0,1,0
390625,OHIO,OH,1,1,1,113,1450,COTTONTON,4,8,August,2010,4,Wednesday,20,53,0,13,3,51,39.65570278,-84.15738333,9,5,0,10,0,0,1,0
390626,OHIO,OH,1,0,1,61,0,BELLWOOD,11,8,August,2010,4,Wednesday,0,49,0,15,6,0,39.24032222,-84.46103056,33,3,0,1,0,0,1,1
390627,OHIO,OH,1,0,2,133,0,ARLEY,11,8,August,2010,4,Wednesday,10,33,1,1,1,58,41.24816667,-81.28180278,34,1,0,10,0,0,1,0
390628,OHIO,OH,1,0,3,145,0,BALD KNOB,17,8,August,2010,3,Tuesday,14,25,0,6,5,0,38.79743056,-82.68141944,34,1,0,10,0,0,1,0
390629,OHIO,OH,2,0,2,33,1130,CHEROKEE,19,8,August,2010,5,Thursday,7,59,0,15,6,0,40.80992778,-82.97721111,12,1,0,1,0,0,1,0
390630,OHIO,OH,2,0,5,169,0,BRADLEY,19,8,August,2010,5,Thursday,11,44,0,5,4,0,40.69335833,-81.74598611,12,1,0,1,0,0,2,0
390631,OHIO,OH,2,0,3,107,0,CARROLLTON,4,7,July,2010,1,Sunday,18,42,0,4,3,82,40.47975556,-84.64778889,12,1,0,1,0,0,1,0
390632,OHIO,OH,1,0,1,167,0,ADRIAN,15,7,July,2010,5,Thursday,11,0,0,3,3,64,39.46256111,-81.46654167,35,1,0,1,0,0,1,0
390633,OHIO,OH,3,0,4,49,1800,COLLINSVILLE,13,8,August,2010,6,Friday,16,38,0,13,3,26,39.83174167,-82.95536111,12,1,0,1,0,0,1,0
390634,OHIO,OH,1,0,3,95,8120,ALBERTVILLE,24,8,August,2010,3,Tuesday,3,27,0,14,6,0,41.63291111,-83.55362222,33,3,0,10,0,0,3,1
390635,OHIO,OH,1,0,1,79,0,COURTLAND,9,9,September,2010,5,Thursday,11,12,0,2,3,210,39.10098056,-82.48390000,52,1,0,1,0,0,1,0
390636,OHIO,OH,1,1,2,25,0,BARLOW BEND,10,9,September,2010,6,Friday,23,54,0,6,4,0,39.23918333,-84.24092778,15,2,0,1,0,0,1,0
390637,OHIO,OH,1,0,1,157,0,ARCADE,10,9,September,2010,6,Friday,11,18,0,4,4,0,40.46186111,-81.58610000,35,1,0,10,0,0,1,0
390638,OHIO,OH,1,1,1,49,3500,COLLINSVILLE,14,9,September,2010,3,Tuesday,8,22,0,15,6,0,40.01083611,-83.11758056,8,1,0,1,0,0,1,0
390639,OHIO,OH,1,1,2,49,1800,COLLINSVILLE,16,9,September,2010,5,Thursday,7,13,0,14,6,0,39.94409444,-82.86721111,8,1,0,2,0,0,1,0
390641,OHIO,OH,3,0,3,151,0,FLIPPEN,19,8,August,2010,5,Thursday,16,18,0,13,3,132,40.84779167,-81.49284722,12,1,0,1,0,0,2,0
390642,OHIO,OH,2,0,2,49,6890,COLLINSVILLE,20,8,August,2010,6,Friday,13,39,0,14,6,0,39.97041111,-82.80895556,12,1,0,1,0,0,1,0
390643,OHIO,OH,1,1,1,73,0,ARGO,21,8,August,2010,7,Saturday,14,15,0,4,3,119,39.52759167,-82.55696389,9,1,0,2,0,0,1,0
390644,OHIO,OH,2,0,2,49,1800,COLLINSVILLE,21,8,August,2010,7,Saturday,19,3,0,14,6,0,39.91722222,-83.04055556,12,5,0,2,0,0,1,0
390645,OHIO,OH,2,0,2,49,1800,COLLINSVILLE,21,8,August,2010,7,Saturday,11,39,0,14,2,221,39.95472222,-82.83833333,12,1,0,10,0,0,1,0
390646,OHIO,OH,2,0,3,39,0,ANDALUSIA,22,8,August,2010,1,Sunday,16,50,0,3,3,282,41.28252500,-84.30384444,12,1,0,10,0,0,1,2
390647,OHIO,OH,2,0,2,17,0,CHAMBERS,22,8,August,2010,1,Sunday,18,40,0,6,5,0,39.52613889,-84.41716389,12,1,0,1,0,0,1,1
390648,OHIO,OH,5,0,2,99,0,BEATRICE,23,8,August,2010,2,Monday,13,47,0,3,3,40,40.95066944,-80.95485556,12,1,0,10,0,0,1,0
390649,OHIO,OH,1,0,2,27,0,ASHLAND,23,8,August,2010,2,Monday,18,15,0,3,3,209,39.35361667,-83.72057500,53,1,0,1,0,0,1,1
390650,OHIO,OH,1,0,1,17,0,CHAMBERS,23,8,August,2010,2,Monday,14,0,0,3,3,112,39.49370833,-84.54348611,34,1,0,1,0,0,1,1
390651,OHIO,OH,1,0,1,59,0,FRANKLIN,25,8,August,2010,4,Wednesday,9,25,0,5,4,0,40.00965833,-81.56056389,35,1,0,10,0,0,1,1
390652,OHIO,OH,1,0,3,67,1210,ABBEVILLE,26,8,August,2010,5,Thursday,23,50,0,16,6,0,40.26865556,-80.99406111,33,3,0,1,0,0,1,1
390653,OHIO,OH,1,0,8,119,0,BELLAMY,2,6,June,2010,4,Wednesday,8,13,0,3,3,266,40.06173611,-82.06074444,30,1,0,1,1,0,1,0
390654,OHIO,OH,2,0,2,151,0,FLIPPEN,31,8,August,2010,3,Tuesday,13,33,0,3,3,103,40.83237778,-81.18336944,12,1,0,1,0,0,1,1
390655,OHIO,OH,1,0,1,67,0,ABBEVILLE,4,9,September,2010,7,Saturday,6,26,0,5,3,99,40.18755278,-80.93221944,42,4,0,1,0,0,1,0
390656,OHIO,OH,2,0,2,91,0,DAYTON,7,9,September,2010,3,Tuesday,10,19,1,2,2,48,40.31026667,-83.75980556,12,1,0,1,0,0,1,0
390657,OHIO,OH,1,0,1,119,9260,BELLAMY,9,9,September,2010,5,Thursday,1,34,0,14,6,0,39.90223056,-82.02180278,33,3,0,1,0,0,1,1
390658,OHIO,OH,1,0,1,127,0,BURNWELL,12,9,September,2010,1,Sunday,11,0,0,4,3,183,39.82096111,-82.28788056,32,1,0,10,0,0,1,0
390659,OHIO,OH,1,0,1,59,0,FRANKLIN,12,9,September,2010,1,Sunday,5,20,0,5,4,0,40.15241111,-81.47146944,52,2,0,10,0,0,1,1
390660,OHIO,OH,2,0,4,93,0,BEAR CREEK,15,9,September,2010,4,Wednesday,12,8,0,4,3,177,41.23751111,-82.00288889,12,1,0,1,0,0,1,0
390661,OHIO,OH,2,0,2,49,1800,COLLINSVILLE,23,9,September,2010,5,Thursday,17,21,0,14,6,0,39.97376667,-83.13543333,12,1,0,1,0,0,1,1
390662,OHIO,OH,3,0,6,47,0,BROWNS,25,9,September,2010,7,Saturday,8,27,1,2,2,229,39.49768333,-83.32074167,12,1,0,1,0,0,1,1
390663,OHIO,OH,1,0,1,113,6990,COTTONTON,2,7,July,2010,6,Friday,23,42,0,14,3,33,39.79456667,-84.15429167,35,3,0,1,0,0,1,1
390664,OHIO,OH,1,0,1,85,6320,BENTON,5,9,September,2010,1,Sunday,5,11,0,12,3,149,41.73049722,-81.25863056,52,3,0,10,0,0,1,0
390665,OHIO,OH,2,0,4,125,0,BROOKWOOD,17,9,September,2010,6,Friday,16,7,0,2,2,99,41.20933333,-84.63130556,12,1,0,1,0,0,1,1
390666,OHIO,OH,1,0,1,45,0,ARITON,18,9,September,2010,7,Saturday,2,55,0,4,4,0,39.89910556,-82.73979722,42,2,0,1,0,0,1,1
390667,OHIO,OH,1,1,1,145,0,BALD KNOB,18,9,September,2010,7,Saturday,3,20,0,6,4,0,38.59946111,-82.78443889,8,2,0,10,0,0,1,0
390668,OHIO,OH,1,0,1,147,0,AUGUSTA,18,9,September,2010,7,Saturday,14,15,0,6,5,0,41.13456667,-83.23760556,1,1,0,1,0,0,1,0
390669,OHIO,OH,3,0,3,123,0,ALEXANDER CITY,20,9,September,2010,2,Monday,9,45,1,2,3,268,41.50530833,-82.84267500,12,1,0,1,0,0,1,0
390670,OHIO,OH,1,1,1,25,0,BARLOW BEND,20,9,September,2010,2,Monday,20,14,1,2,3,159,38.96240000,-84.06700000,9,2,0,1,0,0,1,0
390671,OHIO,OH,1,0,2,95,8120,ALBERTVILLE,22,9,September,2010,4,Wednesday,0,7,0,13,3,138,41.67751944,-83.61089167,1,3,0,1,0,0,1,1
390672,OHIO,OH,1,0,1,143,0,CANEHILL,23,9,September,2010,5,Thursday,15,35,0,5,3,59,41.33386111,-83.27268333,1,1,0,1,0,0,1,0
390673,OHIO,OH,1,1,2,167,4730,ADRIAN,12,5,May,2010,4,Wednesday,22,5,1,13,3,218,39.42213889,-81.45937500,9,3,0,10,0,0,1,0
390674,OHIO,OH,1,1,2,137,0,ALCO,24,5,May,2010,2,Monday,19,57,0,6,8,0,40.91801944,-84.05647222,8,1,0,1,0,0,1,0
390675,OHIO,OH,1,0,1,35,4040,BROOKLYN,12,8,August,2010,5,Thursday,9,23,1,11,1,79,41.47154444,-81.81853333,25,1,0,1,0,0,1,0
390677,OHIO,OH,1,0,1,49,1800,COLLINSVILLE,25,8,August,2010,4,Wednesday,1,47,1,11,1,273,40.10591111,-82.95098333,20,3,0,1,0,0,1,1
390678,OHIO,OH,3,0,7,17,3260,CHAMBERS,26,8,August,2010,5,Thursday,18,24,0,14,6,0,39.39097778,-84.54592222,12,1,0,1,0,0,1,0
390679,OHIO,OH,1,1,1,43,0,BAILEYTON,26,8,August,2010,5,Thursday,1,15,1,2,2,87,41.33259444,-82.62431944,8,3,0,10,0,0,1,0
390680,OHIO,OH,2,0,2,49,1800,COLLINSVILLE,13,7,July,2010,3,Tuesday,12,30,0,13,2,154,40.01783611,-83.01222778,12,1,0,10,0,0,1,0
390681,OHIO,OH,2,0,3,155,0,IRWIN,27,8,August,2010,6,Friday,13,17,0,5,4,0,41.23921667,-80.88092222,12,1,0,1,0,0,1,0
390682,OHIO,OH,1,1,1,89,0,BROWNSBORO,27,8,August,2010,6,Friday,15,31,0,5,4,0,40.01150833,-82.29056389,9,1,0,1,0,0,1,0
390683,OHIO,OH,2,0,2,153,0,BONAIRE,27,8,August,2010,6,Friday,14,51,0,3,4,0,40.99459722,-81.40560278,12,1,0,10,0,0,1,0
390684,OHIO,OH,1,0,1,175,0,CADWELL,28,8,August,2010,7,Saturday,21,58,0,4,3,28,40.77585278,-83.46454444,42,2,0,1,0,0,1,1
390685,OHIO,OH,2,0,3,69,0,ASHFORD,28,8,August,2010,7,Saturday,2,44,1,2,2,147,41.42039722,-83.97185278,12,2,0,1,0,0,1,1
390686,OHIO,OH,1,0,1,91,0,DAYTON,29,8,August,2010,1,Sunday,20,21,0,4,3,103,40.38127778,-83.91082778,1,5,0,1,0,0,1,1
390687,OHIO,OH,2,0,2,65,0,CYPRESS,30,8,August,2010,2,Monday,16,59,0,6,4,0,40.67468889,-83.80838056,12,1,0,7,0,0,1,0
390688,OHIO,OH,1,0,1,61,0,BELLWOOD,30,8,August,2010,2,Monday,12,16,0,4,3,54,39.15297778,-84.67298889,53,1,0,1,0,0,1,0
390689,OHIO,OH,8,0,15,133,7875,ARLEY,16,8,August,2010,2,Monday,11,45,1,11,1,48,41.24837778,-81.30019722,12,1,0,1,0,0,1,0
390690,OHIO,OH,1,1,2,21,0,CHILTON,1,9,September,2010,4,Wednesday,7,30,0,5,4,0,40.07009722,-83.78717778,9,4,0,1,0,0,1,0
390691,OHIO,OH,2,0,2,113,0,COTTONTON,3,9,September,2010,6,Friday,5,39,0,3,4,0,39.81960833,-84.19822500,12,3,0,10,0,0,1,2
390692,OHIO,OH,1,1,1,23,0,BLADON SPRINGS,4,9,September,2010,7,Saturday,23,30,0,6,6,0,39.88493333,-84.02163056,8,2,0,1,0,0,1,0
390693,OHIO,OH,2,0,2,35,6360,BROOKLYN,9,7,July,2010,6,Friday,14,18,0,13,3,88,41.40188889,-81.73460000,12,1,0,2,0,0,1,0
390694,OHIO,OH,2,0,5,95,8120,ALBERTVILLE,12,8,August,2010,5,Thursday,21,4,0,13,3,24,41.72027222,-83.64573889,12,3,0,1,0,0,2,1
390695,OHIO,OH,1,0,1,155,0,IRWIN,9,9,September,2010,5,Thursday,22,56,0,4,3,172,41.37191389,-80.73683056,42,2,0,1,0,0,1,1
390696,OHIO,OH,2,0,3,35,1680,BROOKLYN,14,9,September,2010,3,Tuesday,15,10,1,11,1,226,41.42469167,-81.56679167,12,1,0,1,0,0,1,0
390697,OHIO,OH,1,0,1,95,8120,ALBERTVILLE,22,9,September,2010,4,Wednesday,16,10,1,13,2,122,41.65553611,-83.66702500,33,1,0,1,0,0,1,0