ST_CASE,State Name,State Abbreviation,VE_TOTAL,Pedestrains,Total_Persons_in_accident,COUNTY,CITY,City_County_Name,Calendar_DAY,MONTH,Month_Name,YEAR,DAY_WEEK,Day_Week_desc,HOUR,MINUTE,NHS_Desc,trafficway,ROUTE,MILEPT,LATITUDE,LONGITUD,First_Crash_event,Light_cond_desc,Weather_condition,WEATHER,SCH_BUS,Crash_cause,FATALS,DRUNK_DR
390698,OHIO,OH,2,0,2,141,0,BEE BRANCH,24,9,September,2010,6,Friday,13,30,0,4,4,0,39.38808056,-83.12516111,12,1,0,1,0,0,1,0
390699,OHIO,OH,2,0,2,145,0,BALD KNOB,25,9,September,2010,7,Saturday,15,37,0,4,4,0,38.74751389,-82.87084722,12,1,0,1,0,0,1,0
390700,OHIO,OH,2,0,3,99,0,BEATRICE,26,9,September,2010,1,Sunday,2,5,0,5,4,0,40.91030556,-80.61475556,34,2,0,1,0,0,1,0
390701,OHIO,OH,2,0,2,49,1800,COLLINSVILLE,28,9,September,2010,3,Tuesday,16,32,0,15,6,0,40.00587222,-82.79078056,12,1,0,10,0,0,1,0
390702,OHIO,OH,1,0,1,7,0,BIBB,2,10,October,2010,7,Saturday,1,0,0,4,3,33,41.75126389,-80.70481667,35,2,0,1,0,0,1,1
390703,OHIO,OH,1,0,4,151,0,FLIPPEN,5,9,September,2010,1,Sunday,2,35,1,2,2,111,40.77517778,-81.45323611,1,2,0,1,0,0,1,1
390704,OHIO,OH,1,0,1,89,0,BROWNSBORO,5,9,September,2010,1,Sunday,1,45,0,6,4,0,39.92870556,-82.25357222,34,2,0,1,0,0,1,1
390705,OHIO,OH,1,0,2,173,0,LAKELAND,5,9,September,2010,1,Sunday,14,45,1,1,1,178,41.41781111,-83.61600000,24,1,0,1,0,0,2,1
390706,OHIO,OH,1,0,2,37,0,BRADFORD,6,9,September,2010,2,Monday,18,30,0,6,4,0,40.16690278,-84.50124167,42,1,0,1,0,0,1,0
390707,OHIO,OH,2,0,2,51,0,CENTRAL,7,9,September,2010,3,Tuesday,6,31,0,4,3,118,41.62749444,-84.03455278,12,2,0,1,0,0,1,0
390708,OHIO,OH,1,0,2,145,0,BALD KNOB,11,9,September,2010,7,Saturday,4,18,0,9,4,0,38.84201389,-82.95990556,1,2,0,1,0,0,1,1
390709,OHIO,OH,1,0,1,167,0,ADRIAN,11,9,September,2010,7,Saturday,11,0,0,4,3,7,39.56906389,-81.38891667,35,1,0,1,0,0,1,0
390710,OHIO,OH,2,0,2,175,0,CADWELL,12,9,September,2010,1,Sunday,21,40,0,4,3,68,40.73758611,-83.36893889,12,2,0,1,0,0,1,1
390711,OHIO,OH,2,0,2,171,0,ALDORA,13,9,September,2010,2,Monday,20,5,0,2,3,43,41.58645000,-84.55584167,12,2,0,1,0,0,1,0
390712,OHIO,OH,2,0,3,151,0,FLIPPEN,14,9,September,2010,3,Tuesday,19,7,0,14,6,0,40.87233333,-81.26643611,12,1,0,1,0,0,1,0
390713,OHIO,OH,1,0,2,99,9230,BEATRICE,9,7,July,2010,6,Friday,10,25,0,12,2,187,41.07281667,-80.64634444,25,1,0,1,0,0,1,0
390714,OHIO,OH,1,0,1,157,5770,ARCADE,6,9,September,2010,2,Monday,20,44,0,15,6,0,40.47760556,-81.44911667,30,2,0,10,0,0,1,0
390715,OHIO,OH,2,0,1,151,0,FLIPPEN,27,9,September,2010,2,Monday,5,18,0,4,4,0,40.79368056,-81.44591944,40,3,0,2,0,0,1,1
390716,OHIO,OH,4,0,3,61,5070,BELLWOOD,30,9,September,2010,5,Thursday,20,40,0,15,3,257,39.17716111,-84.29951111,1,2,0,1,0,0,1,1
390717,OHIO,OH,2,0,3,23,0,BLADON SPRINGS,1,10,October,2010,6,Friday,16,10,0,6,4,0,39.96975556,-83.54090556,12,1,0,1,0,0,1,0
390718,OHIO,OH,1,1,1,63,2610,BOLIGEE,3,10,October,2010,1,Sunday,2,20,0,16,6,0,41.04412222,-83.64633056,8,3,0,2,0,0,1,0
390719,OHIO,OH,2,0,5,49,0,COLLINSVILLE,8,10,October,2010,6,Friday,14,33,1,1,1,29,39.97961944,-83.19663056,12,1,0,1,0,0,1,0
390720,OHIO,OH,1,0,1,113,8180,COTTONTON,9,10,October,2010,7,Saturday,22,10,0,16,6,0,39.77339722,-84.26723333,38,2,0,1,0,0,1,0
390721,OHIO,OH,2,0,2,73,0,ARGO,9,10,October,2010,7,Saturday,18,22,0,4,3,57,39.49781389,-82.65278889,12,1,0,1,0,0,1,1
390722,OHIO,OH,1,0,1,35,1680,BROOKLYN,9,9,September,2010,5,Thursday,1,0,0,14,6,0,41.47003333,-81.77872778,33,3,0,1,0,0,1,1
390723,OHIO,OH,2,0,3,55,0,ATTALLA,9,9,September,2010,5,Thursday,17,6,0,13,3,135,41.54372500,-81.33779444,12,1,0,10,0,0,1,0
390724,OHIO,OH,3,0,4,95,0,ALBERTVILLE,10,9,September,2010,6,Friday,15,50,0,4,3,26,41.60086111,-83.79091944,12,1,0,1,0,0,1,0
390725,OHIO,OH,1,0,1,73,0,ARGO,10,9,September,2010,6,Friday,10,40,0,4,4,0,39.49472222,-82.39944444,34,1,0,1,0,0,1,0
390726,OHIO,OH,2,0,2,25,0,BARLOW BEND,12,9,September,2010,1,Sunday,12,59,0,4,3,10,39.01239722,-84.28878333,12,1,0,1,0,0,1,1
390727,OHIO,OH,1,0,3,85,6320,BENTON,13,6,June,2010,1,Sunday,12,50,0,16,6,0,41.73037778,-81.25574167,5,1,0,99,0,0,1,0
390728,OHIO,OH,1,0,2,99,9230,BEATRICE,23,8,August,2010,2,Monday,5,43,0,14,6,0,41.09108333,-80.65597778,31,3,0,1,0,0,2,1
390729,OHIO,OH,1,1,1,11,0,BULLOCK,8,9,September,2010,4,Wednesday,19,13,0,6,4,0,40.54237500,-84.41804167,8,1,0,1,0,0,1,0
390730,OHIO,OH,2,0,2,95,0,ALBERTVILLE,8,9,September,2010,4,Wednesday,15,24,1,2,2,23,41.67246944,-83.83238333,12,1,0,1,0,0,1,0
390731,OHIO,OH,2,0,3,133,0,ARLEY,9,9,September,2010,5,Thursday,16,43,0,4,3,2,41.23626944,-81.14838889,12,1,0,1,0,0,1,0
390732,OHIO,OH,2,0,8,139,0,CALION,12,9,September,2010,1,Sunday,0,3,1,2,2,165,40.77917778,-82.42707222,1,2,0,10,0,0,1,1
390733,OHIO,OH,1,0,1,33,0,CHEROKEE,14,9,September,2010,3,Tuesday,7,2,0,5,4,0,40.73401667,-82.95358889,1,2,0,1,0,0,1,1
390734,OHIO,OH,2,0,3,103,0,DANVILLE,15,9,September,2010,4,Wednesday,15,40,1,2,2,106,41.04640278,-81.99144722,12,1,0,1,0,0,1,0
390735,OHIO,OH,2,0,5,9,0,BLOUNT,17,9,September,2010,6,Friday,12,50,1,2,2,287,39.23901111,-81.88603333,12,1,0,1,0,0,1,0
390736,OHIO,OH,3,0,6,71,0,BRIDGEPORT,17,9,September,2010,6,Friday,16,0,0,4,3,131,39.18598056,-83.65303056,12,1,0,1,0,0,1,0
390737,OHIO,OH,2,1,2,79,0,COURTLAND,18,9,September,2010,7,Saturday,20,44,1,2,2,141,39.06641944,-82.57910000,14,2,0,1,0,0,1,0
390738,OHIO,OH,2,0,2,35,7880,BROOKLYN,18,9,September,2010,7,Saturday,5,48,0,14,3,11,41.31262778,-81.85604167,12,2,0,1,0,0,1,0
390739,OHIO,OH,1,0,1,141,0,BEE BRANCH,18,9,September,2010,7,Saturday,15,10,0,6,4,0,39.24155833,-83.03518056,32,1,0,1,0,0,1,1
390740,OHIO,OH,1,0,1,109,0,ANSLEY,19,9,September,2010,1,Sunday,9,35,0,6,4,0,39.97958333,-84.30727778,53,1,0,1,0,0,1,0
390741,OHIO,OH,1,0,1,41,0,BRANTLEY,20,9,September,2010,2,Monday,13,38,0,4,3,11,40.26143889,-82.85696111,42,1,0,1,0,0,1,0
390742,OHIO,OH,2,0,3,109,0,ANSLEY,21,9,September,2010,3,Tuesday,13,15,0,4,3,52,40.03372778,-84.24745556,12,1,0,1,0,0,1,0
390743,OHIO,OH,1,0,1,157,0,ARCADE,23,9,September,2010,5,Thursday,22,52,0,6,4,0,40.41910278,-81.34770000,34,2,0,1,0,0,1,1
390744,OHIO,OH,1,0,2,113,0,COTTONTON,24,9,September,2010,6,Friday,4,45,0,5,4,0,39.72402500,-84.30840556,42,2,0,1,0,0,1,1
390745,OHIO,OH,1,0,2,115,0,ASHVILLE,24,9,September,2010,6,Friday,22,43,0,3,3,14,39.51319722,-82.03063889,34,2,0,10,0,0,1,1
390747,OHIO,OH,2,0,2,165,4120,HERNDON,14,10,October,2010,5,Thursday,18,43,0,12,2,106,39.43660833,-84.20805833,12,5,0,1,0,0,1,0
390748,OHIO,OH,1,0,1,89,0,BROWNSBORO,16,10,October,2010,7,Saturday,0,2,0,4,3,189,40.09397500,-82.37150278,59,2,0,1,0,0,1,1
390749,OHIO,OH,1,0,1,57,0,BANKSTON,16,10,October,2010,7,Saturday,3,20,0,4,3,15,39.80626111,-83.86041667,35,2,0,1,0,0,1,1
390750,OHIO,OH,1,0,1,29,0,BORDEN SPRINGS,17,10,October,2010,1,Sunday,15,50,0,6,4,0,40.86380000,-80.54479444,42,1,0,1,0,0,1,0
390751,OHIO,OH,1,0,1,165,0,HERNDON,18,10,October,2010,2,Monday,18,20,0,4,3,101,39.36463056,-84.12677778,42,1,0,10,0,0,1,0
390752,OHIO,OH,1,0,1,7,0,BIBB,19,10,October,2010,3,Tuesday,14,58,0,4,2,49,41.60570000,-80.90362778,34,1,0,1,0,0,1,0
390753,OHIO,OH,2,0,5,95,8120,ALBERTVILLE,21,10,October,2010,5,Thursday,1,54,0,13,2,294,41.71375278,-83.54725000,12,3,0,2,0,0,3,2
390754,OHIO,OH,1,0,1,5,0,BAKER HILL,22,10,October,2010,6,Friday,21,52,0,6,4,0,41.06093889,-82.32666944,34,2,0,1,0,0,1,1
390755,OHIO,OH,2,0,6,13,0,BOLLING,23,10,October,2010,7,Saturday,15,50,0,4,2,144,40.07234444,-80.97910833,12,1,0,1,0,0,1,0
390756,OHIO,OH,1,0,2,117,0,BIRMINGHAM,24,10,October,2010,1,Sunday,2,44,0,4,4,0,40.48013333,-82.79969722,59,2,0,1,0,0,1,1
390757,OHIO,OH,1,0,1,145,0,BALD KNOB,26,10,October,2010,3,Tuesday,10,45,0,2,2,339,38.64482500,-82.84965833,31,1,0,10,0,0,1,0
390758,OHIO,OH,1,0,1,153,0,BONAIRE,9,9,September,2010,5,Thursday,1,59,0,6,4,0,41.33920000,-81.57597500,34,2,0,1,0,0,1,0
390759,OHIO,OH,2,0,3,151,0,FLIPPEN,21,9,September,2010,3,Tuesday,16,5,0,3,3,46,40.83227778,-81.28922222,12,1,0,10,0,0,1,0
390760,OHIO,OH,1,0,3,153,0,BONAIRE,2,10,October,2010,7,Saturday,3,42,1,1,1,233,41.13781944,-81.64972778,42,3,0,1,0,0,1,1
390761,OHIO,OH,1,0,3,97,0,AXIS,7,10,October,2010,5,Thursday,20,42,0,6,5,0,39.74515833,-83.32595556,34,2,0,10,0,0,1,0
390762,OHIO,OH,2,0,3,7,0,BIBB,8,10,October,2010,6,Friday,18,48,0,3,2,204,41.53362778,-80.60927500,12,5,0,1,0,0,1,0
390763,OHIO,OH,1,0,2,155,0,IRWIN,9,10,October,2010,7,Saturday,17,30,0,4,4,0,41.21170833,-80.85875833,35,1,0,1,0,0,1,0
390764,OHIO,OH,1,0,1,97,0,AXIS,11,10,October,2010,2,Monday,20,24,0,4,4,0,39.99481667,-83.26361389,52,2,0,10,0,0,1,0
390765,OHIO,OH,2,0,5,49,0,COLLINSVILLE,11,10,October,2010,2,Monday,19,28,0,15,6,0,39.90443611,-83.16298611,12,2,0,1,0,0,1,1
390766,OHIO,OH,1,0,1,61,1610,BELLWOOD,16,10,October,2010,7,Saturday,23,2,1,11,1,58,39.15915000,-84.52735278,26,3,0,1,0,0,1,1
390767,OHIO,OH,1,1,2,61,1610,BELLWOOD,3,9,September,2010,6,Friday,14,25,0,13,3,135,39.11324722,-84.56062778,8,1,0,1,0,0,1,0
390768,OHIO,OH,1,0,3,73,0,ARGO,25,9,September,2010,7,Saturday,20,17,0,5,4,0,39.44500000,-82.64055556,1,2,0,1,0,0,1,0
390769,OHIO,OH,1,0,1,73,0,ARGO,25,9,September,2010,7,Saturday,19,0,0,4,3,95,39.49625556,-82.36628889,1,1,0,1,0,0,1,1
390770,OHIO,OH,2,0,5,143,0,CANEHILL,25,9,September,2010,7,Saturday,18,0,0,4,3,77,41.37285278,-82.93542500,12,1,0,1,0,0,1,1
390771,OHIO,OH,1,1,2,123,0,ALEXANDER CITY,26,9,September,2010,1,Sunday,3,8,0,2,3,163,41.53177778,-83.02314722,8,2,0,1,0,0,1,0
390772,OHIO,OH,2,0,3,49,0,COLLINSVILLE,26,9,September,2010,1,Sunday,15,39,1,1,1,295,40.09498056,-82.91038611,25,1,0,1,0,0,1,1
390773,OHIO,OH,1,1,1,49,1800,COLLINSVILLE,26,9,September,2010,1,Sunday,2,28,0,13,6,0,39.95824167,-82.98239722,8,2,0,1,0,0,1,0
390774,OHIO,OH,1,0,1,99,9230,BEATRICE,30,9,September,2010,5,Thursday,2,50,0,16,6,0,41.12428611,-80.63801667,33,3,0,1,0,0,1,1
390775,OHIO,OH,1,0,1,89,0,BROWNSBORO,30,9,September,2010,5,Thursday,14,45,0,5,4,0,40.26829722,-82.59156111,1,1,0,1,0,0,1,1
390776,OHIO,OH,1,0,2,165,0,HERNDON,1,10,October,2010,6,Friday,19,34,0,6,4,0,39.39589444,-84.31031111,53,2,0,1,0,0,1,1
390777,OHIO,OH,2,0,4,61,1610,BELLWOOD,2,10,October,2010,7,Saturday,21,15,0,13,6,0,39.15176111,-84.43285000,12,3,0,10,0,0,1,0
390778,OHIO,OH,1,5,1,5,0,BAKER HILL,3,10,October,2010,1,Sunday,13,39,0,4,3,12,40.88531111,-82.39327500,49,1,0,2,0,0,1,0
390779,OHIO,OH,1,0,2,155,0,IRWIN,6,10,October,2010,4,Wednesday,15,30,1,2,2,68,41.27378611,-80.89974167,53,1,0,10,0,0,1,0
390780,OHIO,OH,2,0,3,155,0,IRWIN,7,10,October,2010,5,Thursday,22,10,1,2,3,16,41.20460833,-80.97571944,12,2,0,1,0,0,1,1
390781,OHIO,OH,2,0,2,175,0,CADWELL,8,10,October,2010,6,Friday,5,25,1,2,2,98,40.83472222,-83.24117778,12,3,0,1,0,0,1,0
390782,OHIO,OH,1,0,2,5,0,BAKER HILL,8,10,October,2010,6,Friday,15,0,0,3,2,13,40.82415278,-82.38822222,42,1,0,1,0,0,1,0
390783,OHIO,OH,2,0,2,155,0,IRWIN,9,10,October,2010,7,Saturday,16,10,0,3,3,119,41.39046944,-80.77670000,12,1,0,1,0,0,1,0
390784,OHIO,OH,1,1,1,27,0,ASHLAND,9,10,October,2010,7,Saturday,15,5,0,6,5,0,39.25679167,-83.87077222,8,1,0,1,0,0,1,0
390785,OHIO,OH,1,0,1,11,0,BULLOCK,9,10,October,2010,7,Saturday,17,15,0,6,4,0,40.49533056,-84.39686944,42,1,0,1,0,0,1,0
390786,OHIO,OH,1,0,1,1,0,AUTAUGA,11,10,October,2010,2,Monday,14,55,0,4,3,143,38.78335000,-83.45930000,42,1,0,1,0,0,1,0
390787,OHIO,OH,2,0,5,23,0,BLADON SPRINGS,23,10,October,2010,7,Saturday,14,54,0,4,2,72,39.92144167,-83.91341667,12,1,0,1,0,0,1,0
390788,OHIO,OH,1,0,1,113,2090,COTTONTON,25,10,October,2010,2,Monday,3,3,0,14,6,0,39.79480833,-84.25383333,33,3,0,10,0,0,1,1
390789,OHIO,OH,1,0,1,35,6360,BROOKLYN,30,4,April,2010,6,Friday,18,7,0,13,6,0,41.36165278,-81.70407222,33,1,0,1,0,0,1,0
390790,OHIO,OH,2,0,2,35,1030,BROOKLYN,15,8,August,2010,1,Sunday,18,46,1,11,1,144,41.44761667,-81.75699167,12,1,0,1,0,0,1,1
390791,OHIO,OH,1,0,1,85,9020,BENTON,22,8,August,2010,1,Sunday,22,29,0,14,3,1,41.62677500,-81.48882500,33,3,0,10,0,0,1,1
390792,OHIO,OH,1,0,1,55,0,ATTALLA,6,9,September,2010,2,Monday,0,33,0,6,5,0,41.52965556,-81.36783611,7,2,0,10,0,0,1,0
390793,OHIO,OH,1,0,8,49,8940,COLLINSVILLE,25,9,September,2010,7,Saturday,21,8,0,13,3,147,39.96797778,-82.87605278,30,3,0,1,0,0,1,0
390794,OHIO,OH,2,0,2,113,3895,COTTONTON,30,9,September,2010,5,Thursday,11,45,0,14,6,0,39.66616944,-84.12647778,12,1,0,1,0,0,1,0
390795,OHIO,OH,1,0,1,153,0,BONAIRE,7,10,October,2010,5,Thursday,3,39,0,5,4,0,41.28354722,-81.40517222,42,3,0,10,0,0,1,1
390796,OHIO,OH,2,0,3,35,1680,BROOKLYN,9,10,October,2010,7,Saturday,2,20,0,14,6,0,41.44882222,-81.62138056,12,3,0,1,0,0,1,2
390797,OHIO,OH,2,0,4,113,2090,COTTONTON,15,10,October,2010,6,Friday,19,20,0,14,6,0,39.73800000,-84.25308333,12,5,0,1,0,0,1,0
390798,OHIO,OH,2,0,2,61,0,BELLWOOD,4,10,October,2010,2,Monday,11,56,1,1,1,141,39.22501111,-84.36703056,12,1,0,10,0,0,1,0
390799,OHIO,OH,2,0,2,147,0,AUGUSTA,15,7,July,2010,5,Thursday,17,25,0,4,3,32,41.12488333,-82.95407222,12,1,0,1,0,0,1,0
390800,OHIO,OH,2,0,3,61,1610,BELLWOOD,11,8,August,2010,4,Wednesday,9,32,0,14,6,0,39.12381111,-84.50846667,12,1,0,1,0,0,1,0
390801,OHIO,OH,1,0,1,165,2710,HERNDON,9,10,October,2010,7,Saturday,17,34,0,16,6,0,39.93526667,-84.47346111,5,1,0,1,0,0,1,1
390802,OHIO,OH,1,0,1,155,2950,IRWIN,17,10,October,2010,1,Sunday,2,30,0,14,6,0,41.18189167,-80.64406667,34,2,0,1,0,0,1,1
390803,OHIO,OH,1,1,1,135,0,ASH FLAT,17,10,October,2010,1,Sunday,0,44,0,4,4,0,39.62233889,-84.63534167,8,2,0,1,0,0,1,0
390804,OHIO,OH,2,0,3,71,0,BRIDGEPORT,18,10,October,2010,2,Monday,15,19,0,4,3,124,39.35583056,-83.46661111,12,1,0,10,0,0,1,0
390805,OHIO,OH,1,0,1,45,0,ARITON,23,10,October,2010,7,Saturday,17,50,0,4,3,59,39.73977222,-82.43225833,35,1,0,1,0,0,1,0
390806,OHIO,OH,1,0,1,43,0,BAILEYTON,30,10,October,2010,7,Saturday,3,15,0,4,3,207,41.33335000,-82.34720278,30,2,0,1,0,0,1,1
390807,OHIO,OH,1,0,1,17,0,CHAMBERS,7,11,November,2010,1,Sunday,15,34,0,6,5,0,39.54761111,-84.79591111,10,1,0,1,0,0,1,0
390808,OHIO,OH,1,0,1,129,0,BIGBEE,8,11,November,2010,2,Monday,15,16,0,3,2,226,39.62406944,-82.85807222,53,1,0,1,0,0,1,1
390809,OHIO,OH,3,0,3,49,1800,COLLINSVILLE,9,11,November,2010,3,Tuesday,10,42,1,12,3,96,39.91536389,-82.98426389,12,1,0,1,0,0,1,0
390810,OHIO,OH,1,0,1,53,0,ATMORE,11,11,November,2010,5,Thursday,22,19,0,4,3,6,38.84222222,-82.52721944,1,2,0,1,0,0,1,1
390811,OHIO,OH,1,2,1,5,0,BAKER HILL,20,9,September,2010,2,Monday,17,30,0,6,4,0,40.96699444,-82.35821667,8,7,0,1,0,0,1,0
390812,OHIO,OH,2,0,3,109,8190,ANSLEY,20,9,September,2010,2,Monday,13,38,0,14,3,117,40.05589167,-84.24066389,12,1,0,1,0,0,1,0
390813,OHIO,OH,2,0,2,95,7980,ALBERTVILLE,23,9,September,2010,5,Thursday,13,25,0,14,6,0,41.71783611,-83.72807778,12,1,0,1,0,0,1,0
390814,OHIO,OH,2,0,4,145,0,BALD KNOB,26,9,September,2010,1,Sunday,13,15,1,2,2,82,38.84118889,-82.98455000,12,1,0,10,0,0,1,0
390815,OHIO,OH,2,0,2,69,2200,ASHFORD,30,9,September,2010,5,Thursday,17,17,0,4,3,193,41.20887222,-83.90206111,12,1,0,1,0,0,1,0
390816,OHIO,OH,2,0,3,35,2520,BROOKLYN,1,10,October,2010,6,Friday,14,5,0,15,6,0,41.60025000,-81.51863611,12,1,0,1,1,0,1,0
390817,OHIO,OH,1,0,1,153,70,BONAIRE,9,10,October,2010,7,Saturday,22,24,0,13,6,0,41.04960833,-81.52816667,53,3,0,1,0,0,1,1
390818,OHIO,OH,1,0,1,19,0,CEDAR BLUFF,12,10,October,2010,3,Tuesday,20,45,0,3,3,220,40.66637222,-81.03343333,32,2,0,1,0,0,1,1
390819,OHIO,OH,1,0,5,45,0,ARITON,16,10,October,2010,7,Saturday,4,0,0,5,4,0,39.72841111,-82.75822778,59,2,0,1,0,0,1,1
390820,OHIO,OH,2,0,3,113,2090,COTTONTON,16,10,October,2010,7,Saturday,0,4,0,13,3,149,39.78021944,-84.20676111,12,3,0,1,0,0,1,1
390821,OHIO,OH,1,0,1,21,0,CHILTON,16,10,October,2010,7,Saturday,20,1,0,6,4,0,40.19621111,-83.94645000,1,2,0,1,0,0,1,1
390822,OHIO,OH,1,0,1,43,0,BAILEYTON,17,10,October,2010,1,Sunday,7,23,0,6,5,0,41.30734722,-82.63375278,59,4,0,1,0,0,1,1
390823,OHIO,OH,1,1,1,93,4360,BEAR CREEK,17,10,October,2010,1,Sunday,21,39,0,13,2,61,41.45231111,-82.21515556,8,1,0,10,0,0,1,0
390824,OHIO,OH,1,1,1,63,0,BOLIGEE,20,10,October,2010,4,Wednesday,7,1,0,4,3,162,40.86341944,-83.52008333,8,2,0,1,0,0,1,0
390825,OHIO,OH,1,0,1,103,0,DANVILLE,22,10,October,2010,6,Friday,2,45,0,4,4,0,41.10500000,-81.89638889,59,2,0,10,0,0,1,1
390826,OHIO,OH,1,0,1,105,0,MARION,23,10,October,2010,7,Saturday,3,7,0,5,4,0,39.12644722,-81.82503333,35,2,0,1,0,0,1,1
390828,OHIO,OH,2,0,2,5,0,BAKER HILL,2,11,November,2010,3,Tuesday,21,34,1,2,2,4,40.78091667,-82.37730556,12,2,0,1,0,0,1,0
390829,OHIO,OH,2,0,2,149,7550,BELLEVILLE,3,11,November,2010,4,Wednesday,15,52,0,14,3,144,40.28618056,-84.17206944,24,1,0,1,0,0,1,1
390830,OHIO,OH,1,0,4,117,0,BIRMINGHAM,5,11,November,2010,6,Friday,16,45,0,6,5,0,40.61044167,-82.79726944,42,1,0,10,0,0,1,0
390831,OHIO,OH,2,0,2,81,0,AUBURN,9,11,November,2010,3,Tuesday,15,0,1,2,2,141,40.38066944,-80.64868056,35,1,0,1,0,0,1,0
390832,OHIO,OH,1,0,1,41,0,BRANTLEY,10,11,November,2010,4,Wednesday,23,15,0,4,4,0,40.20768889,-82.89518333,30,2,0,1,0,0,1,1
390833,OHIO,OH,1,0,1,15,0,ANNISTON,12,11,November,2010,6,Friday,7,51,1,2,2,120,38.80726944,-83.79695000,52,1,0,1,0,0,1,0
390834,OHIO,OH,1,0,1,103,0,DANVILLE,14,11,November,2010,1,Sunday,14,30,0,4,3,69,41.26442500,-81.92232222,35,1,0,10,0,0,1,1
390835,OHIO,OH,1,0,1,49,0,COLLINSVILLE,22,11,November,2010,2,Monday,18,30,0,2,2,67,39.95317500,-83.11028611,25,3,0,1,0,0,1,0
390836,OHIO,OH,1,1,1,35,4040,BROOKLYN,23,8,August,2010,2,Monday,10,12,0,13,2,102,41.48492500,-81.78307778,8,1,0,10,0,0,1,0
390838,OHIO,OH,2,0,4,71,3520,BRIDGEPORT,12,9,September,2010,1,Sunday,12,58,0,13,2,171,39.23670556,-83.60883056,12,1,0,1,0,0,1,0
390839,OHIO,OH,1,1,1,35,8330,BROOKLYN,29,9,September,2010,4,Wednesday,16,4,0,13,6,0,41.39339444,-81.60974444,9,1,0,1,0,0,1,0
390840,OHIO,OH,1,0,1,35,1680,BROOKLYN,14,11,November,2010,1,Sunday,12,52,0,13,6,0,41.49792222,-81.60880556,30,1,0,10,0,0,1,0
390841,OHIO,OH,1,0,2,89,0,BROWNSBORO,15,11,November,2010,2,Monday,2,0,0,6,4,0,39.99925278,-82.63548611,42,2,0,1,0,0,1,0
390842,OHIO,OH,2,0,2,117,0,BIRMINGHAM,16,11,November,2010,3,Tuesday,14,39,0,4,3,9,40.36071944,-82.69013056,12,1,0,2,0,0,1,0
390843,OHIO,OH,1,1,1,49,1800,COLLINSVILLE,16,11,November,2010,3,Tuesday,0,55,0,15,6,0,39.97878889,-83.08477222,9,2,0,1,0,0,1,0
390844,OHIO,OH,1,0,2,49,1800,COLLINSVILLE,23,11,November,2010,3,Tuesday,3,29,1,11,1,90,39.97804167,-83.12084167,24,3,0,2,0,0,1,1
390845,OHIO,OH,1,0,2,47,0,BROWNS,28,11,November,2010,1,Sunday,14,13,0,6,2,172,39.55223611,-83.27053056,40,1,0,1,0,0,1,0
390846,OHIO,OH,1,0,3,17,0,CHAMBERS,17,11,November,2010,4,Wednesday,15,35,1,1,1,61,39.36395000,-84.36794444,43,1,0,1,0,0,1,0
390847,OHIO,OH,2,0,4,165,0,HERNDON,7,5,May,2010,6,Friday,9,47,0,5,4,0,39.32141667,-84.28419722,12,1,0,1,0,0,1,0
390848,OHIO,OH,1,0,1,93,7490,BEAR CREEK,3,10,October,2010,1,Sunday,9,10,0,16,6,0,41.48193889,-82.11326389,53,1,0,2,0,0,1,0
390849,OHIO,OH,1,0,1,155,8530,IRWIN,8,10,October,2010,6,Friday,20,4,0,16,6,0,41.24799444,-80.81533611,33,3,0,1,0,0,1,1
390850,OHIO,OH,2,0,3,155,5900,IRWIN,28,10,October,2010,5,Thursday,8,32,0,14,6,0,41.20618333,-80.94730833,12,1,0,1,0,0,1,0
390851,OHIO,OH,1,0,2,89,0,BROWNSBORO,18,11,November,2010,5,Thursday,1,30,0,6,4,0,40.20907778,-82.28538333,34,2,0,1,0,0,1,1
390852,OHIO,OH,1,0,1,101,0,BOYLSTON,19,11,November,2010,6,Friday,2,0,0,5,4,0,40.67318333,-83.27062500,34,2,0,1,0,0,1,1
390853,OHIO,OH,1,0,1,35,4480,BROOKLYN,21,11,November,2010,1,Sunday,21,50,0,14,6,0,41.51632222,-81.47673333,59,7,0,10,0,0,1,0
390854,OHIO,OH,2,0,4,91,0,DAYTON,21,11,November,2010,1,Sunday,19,48,0,5,4,0,40.38505278,-83.78981111,12,2,0,10,0,0,1,2
390855,OHIO,OH,1,0,1,167,0,ADRIAN,21,11,November,2010,1,Sunday,16,30,0,6,5,0,39.37882778,-81.58061111,53,1,0,1,0,0,1,1
390856,OHIO,OH,2,0,3,99,0,BEATRICE,24,11,November,2010,4,Wednesday,5,1,1,1,1,72,41.10774722,-80.86498611,12,2,0,10,0,0,1,0
390857,OHIO,OH,1,0,2,45,0,ARITON,4,6,June,2010,6,Friday,4,6,0,5,3,26,39.67029722,-82.60302500,42,3,0,1,0,0,1,0
390858,OHIO,OH,1,0,2,111,0,GRAHAM,8,8,August,2010,1,Sunday,19,8,0,6,5,0,39.65856944,-81.02789167,1,1,0,1,0,0,1,0
390859,OHIO,OH,1,1,1,35,1680,BROOKLYN,13,9,September,2010,2,Monday,19,40,0,16,6,0,41.48522500,-81.71344444,8,5,0,10,0,0,1,0