ST_CASE,State Name,State Abbreviation,VE_TOTAL,Pedestrains,Total_Persons_in_accident,COUNTY,CITY,City_County_Name,Calendar_DAY,MONTH,Month_Name,YEAR,DAY_WEEK,Day_Week_desc,HOUR,MINUTE,NHS_Desc,trafficway,ROUTE,MILEPT,LATITUDE,LONGITUD,First_Crash_event,Light_cond_desc,Weather_condition,WEATHER,SCH_BUS,Crash_cause,FATALS,DRUNK_DR
390860,OHIO,OH,2,0,3,147,8070,AUGUSTA,19,9,September,2010,1,Sunday,11,31,0,13,3,137,41.11502778,-83.18986111,42,1,0,10,0,0,2,0
390861,OHIO,OH,2,0,5,113,2090,COTTONTON,8,10,October,2010,6,Friday,16,30,1,13,3,21,39.77635278,-84.28058611,12,1,0,1,0,0,1,0
390862,OHIO,OH,2,0,2,113,2090,COTTONTON,9,10,October,2010,7,Saturday,3,30,0,14,6,0,39.79743056,-84.23516944,12,3,0,1,0,0,1,0
390864,OHIO,OH,2,1,2,61,1610,BELLWOOD,11,10,October,2010,2,Monday,13,0,0,14,6,0,39.16886667,-84.52022500,12,1,0,1,0,0,1,0
390865,OHIO,OH,2,0,8,153,70,BONAIRE,18,10,October,2010,2,Monday,8,26,0,14,6,0,41.10744167,-81.51048611,12,1,0,10,0,0,1,0
390866,OHIO,OH,3,0,4,17,0,CHAMBERS,18,10,October,2010,2,Monday,16,0,0,4,3,25,39.33912778,-84.46190278,12,1,0,1,0,0,1,0
390867,OHIO,OH,2,0,2,133,0,ARLEY,22,10,October,2010,6,Friday,7,17,0,2,3,36,41.14958889,-81.22019167,12,1,0,1,0,0,1,0
390868,OHIO,OH,3,0,5,29,0,BORDEN SPRINGS,22,10,October,2010,6,Friday,11,38,1,2,3,201,40.80876111,-80.74615000,12,1,0,1,0,0,1,0
390869,OHIO,OH,2,0,2,125,0,BROOKWOOD,23,10,October,2010,7,Saturday,14,33,0,6,5,0,41.18009167,-84.36013333,12,1,0,10,0,0,1,0
390870,OHIO,OH,1,0,2,17,0,CHAMBERS,29,10,October,2010,6,Friday,21,11,0,6,5,0,39.51683889,-84.72990000,42,6,0,1,0,0,1,1
390871,OHIO,OH,1,0,1,91,0,DAYTON,31,10,October,2010,1,Sunday,0,27,0,6,5,0,40.29088056,-83.92531111,42,2,0,1,0,0,1,1
390872,OHIO,OH,1,0,3,153,0,BONAIRE,31,10,October,2010,1,Sunday,3,4,0,6,4,0,41.21853333,-81.52906944,34,2,0,1,0,0,2,0
390873,OHIO,OH,1,0,1,83,0,ARDMORE,1,11,November,2010,2,Monday,8,30,0,3,3,251,40.46497778,-82.38849167,34,1,0,1,0,0,1,0
390874,OHIO,OH,2,0,2,141,0,BEE BRANCH,1,11,November,2010,2,Monday,10,40,0,4,3,111,39.29558056,-83.03796944,12,1,0,10,0,0,1,0
390875,OHIO,OH,4,0,6,139,0,CALION,1,11,November,2010,2,Monday,13,40,0,4,4,0,40.74698056,-82.58985278,12,1,0,1,0,0,1,0
390876,OHIO,OH,1,0,1,97,0,AXIS,4,11,November,2010,5,Thursday,17,19,0,6,5,0,39.97141944,-83.34190556,42,1,0,10,0,0,1,0
390877,OHIO,OH,1,0,1,61,0,BELLWOOD,6,11,November,2010,7,Saturday,2,32,0,4,5,0,39.12026111,-84.65759722,42,2,0,1,0,0,1,1
390878,OHIO,OH,1,2,1,45,0,ARITON,8,11,November,2010,2,Monday,18,45,0,4,4,0,39.90765278,-82.73373611,8,2,0,1,0,0,1,0
390879,OHIO,OH,2,0,4,123,0,ALEXANDER CITY,9,11,November,2010,3,Tuesday,17,35,0,3,3,36,41.48890556,-82.99638611,12,5,0,1,0,0,1,0
390880,OHIO,OH,1,0,1,99,0,BEATRICE,9,11,November,2010,3,Tuesday,17,22,1,2,3,86,41.01987222,-80.73920833,42,1,0,1,0,0,1,0
390881,OHIO,OH,2,0,2,35,4870,BROOKLYN,18,7,July,2010,1,Sunday,17,6,0,12,2,126,41.52001667,-81.46008889,12,1,0,1,0,0,1,0
390882,OHIO,OH,2,0,2,65,0,CYPRESS,31,7,July,2010,7,Saturday,11,0,0,5,3,23,40.55933056,-83.83589722,14,1,0,1,0,0,1,0
390883,OHIO,OH,3,0,7,175,0,CADWELL,19,11,November,2010,6,Friday,18,48,1,2,3,15,40.95176389,-83.42930556,12,2,0,1,0,0,1,0
390884,OHIO,OH,2,0,4,95,8120,ALBERTVILLE,26,11,November,2010,6,Friday,13,8,0,13,3,58,41.66256944,-83.51323611,12,1,0,1,0,0,1,0
390885,OHIO,OH,2,0,4,43,0,BAILEYTON,27,11,November,2010,7,Saturday,14,5,1,1,1,122,41.32443611,-82.62499167,12,1,0,10,0,0,2,0
390886,OHIO,OH,1,0,1,95,0,ALBERTVILLE,28,11,November,2010,1,Sunday,2,9,0,9,4,0,41.61256944,-83.70320000,59,2,0,10,0,0,1,1
390887,OHIO,OH,2,0,2,23,0,BLADON SPRINGS,30,11,November,2010,3,Tuesday,11,0,0,4,3,23,39.97919167,-83.78371389,12,1,0,2,0,0,1,1
390888,OHIO,OH,3,0,13,129,0,BIGBEE,1,12,December,2010,4,Wednesday,17,22,0,3,2,1,39.72547500,-83.24941667,12,5,0,4,0,0,1,0
390889,OHIO,OH,2,0,2,91,0,DAYTON,5,12,December,2010,1,Sunday,17,57,0,4,4,0,40.31703611,-83.69153056,12,2,0,4,0,0,1,0
390891,OHIO,OH,1,0,1,151,0,FLIPPEN,10,11,November,2010,4,Wednesday,23,30,0,6,5,0,40.71947500,-81.47954444,42,2,0,1,0,0,1,1
390892,OHIO,OH,1,0,2,101,0,BOYLSTON,11,11,November,2010,5,Thursday,22,20,0,3,3,211,40.60429167,-83.05975556,34,2,0,1,0,0,1,1
390893,OHIO,OH,1,0,1,61,0,BELLWOOD,12,11,November,2010,6,Friday,6,49,0,5,4,0,39.11680833,-84.36564444,35,2,0,1,0,0,1,0
390894,OHIO,OH,3,0,7,25,0,BARLOW BEND,13,11,November,2010,7,Saturday,8,34,1,1,1,13,39.22491944,-84.27826111,12,1,0,1,0,0,2,0
390895,OHIO,OH,1,0,2,49,1800,COLLINSVILLE,14,11,November,2010,1,Sunday,0,5,0,16,6,0,39.92972222,-82.92527778,42,3,0,2,0,0,1,0
390896,OHIO,OH,2,0,3,81,0,AUBURN,15,11,November,2010,2,Monday,14,30,0,4,3,32,40.42423611,-80.65985278,12,1,0,1,0,0,1,0
390898,OHIO,OH,1,0,1,75,0,BEAVERTON,28,11,November,2010,1,Sunday,14,5,0,6,5,0,40.50986111,-82.00727778,38,1,0,1,0,0,1,1
390899,OHIO,OH,1,0,1,85,9011,BENTON,29,11,November,2010,2,Monday,18,33,1,11,1,51,41.61961389,-81.41178056,32,3,0,10,0,0,1,0
390900,OHIO,OH,1,0,1,103,0,DANVILLE,30,11,November,2010,3,Tuesday,8,21,1,1,1,200,41.19386667,-81.79103056,24,1,0,10,0,0,1,1
390901,OHIO,OH,1,0,1,49,1800,COLLINSVILLE,7,12,December,2010,3,Tuesday,18,24,0,14,6,0,40.04652500,-82.99823333,10,2,0,1,0,0,1,0
390902,OHIO,OH,4,0,4,77,0,ANDERSON,10,12,December,2010,6,Friday,6,24,1,4,2,71,41.03200278,-82.70417778,12,2,0,4,0,0,1,0
390903,OHIO,OH,2,0,4,95,0,ALBERTVILLE,11,12,December,2010,7,Saturday,16,37,1,2,2,1,41.67169444,-83.87921944,12,1,0,10,0,0,3,0
390904,OHIO,OH,1,0,1,49,1800,COLLINSVILLE,12,12,December,2010,1,Sunday,13,23,0,13,6,0,40.05721667,-82.90270278,35,1,0,4,0,0,1,0
390905,OHIO,OH,1,0,3,141,0,BEE BRANCH,19,12,December,2010,1,Sunday,3,40,0,6,4,0,39.38068889,-83.18905000,42,2,0,10,0,0,1,1
390906,OHIO,OH,2,0,8,119,0,BELLAMY,19,12,December,2010,1,Sunday,15,8,0,4,3,42,40.02958611,-81.75510278,12,1,0,1,0,0,1,0
390907,OHIO,OH,2,0,3,37,0,BRADFORD,21,12,December,2010,3,Tuesday,7,40,0,5,4,0,39.99730833,-84.75789167,12,4,0,3,0,0,1,0
390908,OHIO,OH,2,0,2,107,0,CARROLLTON,24,11,November,2010,4,Wednesday,15,45,0,4,3,108,40.50886389,-84.62866111,12,1,0,2,0,0,1,0
390909,OHIO,OH,1,1,1,89,0,BROWNSBORO,3,12,December,2010,6,Friday,19,20,1,2,3,116,40.04240278,-82.57215556,8,2,0,1,0,0,1,0
390910,OHIO,OH,1,1,2,25,0,BARLOW BEND,3,12,December,2010,6,Friday,20,19,1,2,3,24,39.06171667,-84.27277500,8,2,0,1,0,0,1,0
390911,OHIO,OH,1,0,1,151,0,FLIPPEN,12,12,December,2010,1,Sunday,16,10,0,6,4,0,40.89675000,-81.16965278,42,1,0,4,0,0,1,0
390912,OHIO,OH,3,0,3,127,0,BURNWELL,14,12,December,2010,3,Tuesday,8,19,0,3,3,305,39.82985556,-82.33792222,12,1,0,1,0,0,1,1
390913,OHIO,OH,2,0,2,27,0,ASHLAND,17,12,December,2010,6,Friday,14,10,0,4,3,43,39.43207500,-83.63012778,12,1,0,10,0,0,1,0
390914,OHIO,OH,2,0,2,131,0,ARLINGTON,23,12,December,2010,5,Thursday,13,45,0,4,3,189,39.13143611,-82.89218611,12,1,0,10,0,0,1,0
390915,OHIO,OH,2,0,3,77,0,ANDERSON,23,12,December,2010,5,Thursday,10,25,1,2,2,268,41.25488889,-82.37963611,12,1,0,10,0,0,1,0
390916,OHIO,OH,1,0,1,113,0,COTTONTON,24,12,December,2010,6,Friday,18,5,1,1,1,188,39.84347222,-84.18986389,25,3,0,10,0,0,1,1
390917,OHIO,OH,1,0,2,49,1800,COLLINSVILLE,26,12,December,2010,1,Sunday,1,49,0,14,6,0,40.00096667,-82.89828333,42,3,0,1,0,0,1,0
390918,OHIO,OH,2,0,2,113,0,COTTONTON,28,6,June,2010,2,Monday,5,53,0,6,4,0,39.68505833,-84.39542500,12,3,0,1,0,0,1,0
390919,OHIO,OH,1,0,1,105,6660,MARION,3,8,August,2010,3,Tuesday,23,32,0,15,4,0,39.03221667,-82.05246389,1,3,0,10,0,0,1,1
390920,OHIO,OH,3,0,3,95,8120,ALBERTVILLE,18,10,October,2010,2,Monday,10,43,0,14,6,0,41.61166667,-83.60583333,12,1,0,10,0,0,1,0
390921,OHIO,OH,2,0,5,151,4820,FLIPPEN,31,10,October,2010,1,Sunday,17,30,0,16,6,0,40.78069167,-81.53013333,12,1,0,10,0,0,1,0
390922,OHIO,OH,2,0,9,85,4920,BENTON,29,8,August,2010,1,Sunday,16,34,1,12,3,124,41.71777500,-81.29908611,12,1,0,1,0,0,2,0
390923,OHIO,OH,2,0,3,107,0,CARROLLTON,16,11,November,2010,3,Tuesday,7,8,0,4,3,93,40.47842222,-84.78399167,12,4,0,1,0,0,1,0
390924,OHIO,OH,2,0,2,123,0,ALEXANDER CITY,10,12,December,2010,6,Friday,23,35,0,4,3,47,41.51593056,-83.32484722,12,2,0,1,0,0,1,1
390925,OHIO,OH,2,0,4,21,0,CHILTON,10,12,December,2010,6,Friday,16,54,0,4,3,331,40.04860556,-83.52092222,43,5,0,1,0,0,1,1
390926,OHIO,OH,2,0,5,131,0,ARLINGTON,17,12,December,2010,6,Friday,16,54,0,6,4,0,39.00034167,-83.12425556,12,5,0,10,0,0,1,0
390927,OHIO,OH,2,0,3,131,0,ARLINGTON,18,12,December,2010,7,Saturday,12,32,0,2,2,15,38.97974444,-83.02316667,12,1,0,10,0,0,1,0
390928,OHIO,OH,1,0,1,35,1680,BROOKLYN,19,12,December,2010,1,Sunday,2,40,1,11,1,150,41.49024167,-81.66689167,25,3,0,10,0,0,1,1
390929,OHIO,OH,1,0,1,61,855,BELLWOOD,19,12,December,2010,1,Sunday,14,15,1,11,1,305,39.27896111,-84.36199722,24,1,0,10,0,0,1,0
390930,OHIO,OH,1,0,1,147,0,AUGUSTA,22,12,December,2010,4,Wednesday,12,27,0,6,5,0,41.05071389,-83.26848333,42,1,0,10,0,0,1,1
390931,OHIO,OH,2,0,3,101,4740,BOYLSTON,25,12,December,2010,7,Saturday,17,0,0,14,3,168,40.58085278,-83.09954444,12,1,0,10,0,0,1,0
390932,OHIO,OH,1,0,1,153,70,BONAIRE,24,10,October,2010,1,Sunday,5,0,0,15,6,0,41.07046667,-81.51783333,33,3,0,10,0,0,1,1
390933,OHIO,OH,1,1,1,35,1680,BROOKLYN,10,11,November,2010,4,Wednesday,17,2,0,14,2,175,41.50035000,-81.69424722,8,5,0,10,0,0,1,0
390934,OHIO,OH,2,0,5,93,2480,BEAR CREEK,27,11,November,2010,7,Saturday,1,31,0,16,6,0,41.38149444,-82.08925278,12,3,0,10,0,0,1,1
390935,OHIO,OH,1,0,2,93,0,BEAR CREEK,5,12,December,2010,1,Sunday,19,30,0,4,4,0,41.40388889,-82.17742500,30,2,0,4,0,0,1,1
390936,OHIO,OH,2,0,4,91,0,DAYTON,18,12,December,2010,7,Saturday,23,30,0,4,4,0,40.39770278,-83.79717222,12,2,0,1,0,0,1,1
390937,OHIO,OH,2,0,2,95,8120,ALBERTVILLE,22,12,December,2010,4,Wednesday,11,19,0,13,6,0,41.70645000,-83.62063333,12,1,0,10,0,0,1,0
390938,OHIO,OH,2,0,5,23,0,BLADON SPRINGS,22,12,December,2010,4,Wednesday,3,51,0,4,3,19,39.91293333,-84.03796667,12,2,0,3,0,0,2,0
390939,OHIO,OH,2,0,5,61,1610,BELLWOOD,25,12,December,2010,7,Saturday,7,15,0,15,6,0,39.20175000,-84.47081667,12,3,0,10,0,0,1,1
390940,OHIO,OH,1,0,1,165,0,HERNDON,27,12,December,2010,2,Monday,13,20,0,4,3,36,39.39475000,-84.28640000,42,1,0,1,0,0,1,0
390941,OHIO,OH,2,0,6,173,0,LAKELAND,28,12,December,2010,3,Tuesday,17,57,0,4,3,11,41.18146944,-83.43050000,12,2,0,1,0,0,2,0
390942,OHIO,OH,2,0,2,153,0,BONAIRE,22,9,September,2010,4,Wednesday,8,28,0,3,4,0,41.13704444,-81.60245556,12,1,0,1,0,0,1,0
390943,OHIO,OH,1,0,2,61,5940,BELLWOOD,4,11,November,2010,5,Thursday,10,40,1,12,3,99,39.22121667,-84.53447222,34,1,0,1,0,0,1,0
390944,OHIO,OH,1,0,1,151,0,FLIPPEN,19,11,November,2010,6,Friday,3,45,0,5,4,0,40.88970278,-81.37856389,30,2,0,1,0,0,1,1
390945,OHIO,OH,3,0,6,53,2810,ATMORE,14,11,November,2010,1,Sunday,10,56,1,13,3,233,38.81589444,-82.19298056,12,1,0,10,0,0,1,0
390946,OHIO,OH,3,0,4,49,1800,COLLINSVILLE,15,11,November,2010,2,Monday,12,30,0,13,2,41,39.86284444,-83.00454167,12,1,0,1,0,0,1,0
390947,OHIO,OH,2,0,5,93,0,BEAR CREEK,16,11,November,2010,3,Tuesday,13,10,0,4,4,0,41.26451667,-82.27463611,12,1,0,2,0,0,3,0
390948,OHIO,OH,2,0,2,139,4680,CALION,18,11,November,2010,5,Thursday,11,49,0,14,3,40,40.81770000,-82.48811667,53,1,0,10,0,0,1,0
390949,OHIO,OH,1,0,1,85,0,BENTON,20,11,November,2010,7,Saturday,0,12,0,4,3,13,41.73350000,-81.04448889,24,2,0,1,0,0,1,1
390950,OHIO,OH,1,0,1,79,0,COURTLAND,20,11,November,2010,7,Saturday,21,38,0,6,4,0,38.98972222,-82.63666667,30,2,0,1,0,0,1,1
390951,OHIO,OH,1,0,1,99,0,BEATRICE,21,11,November,2010,1,Sunday,20,26,0,6,5,0,41.10837778,-80.76927500,34,2,0,1,0,0,1,1
390952,OHIO,OH,2,0,3,67,0,ABBEVILLE,22,11,November,2010,2,Monday,14,51,0,4,4,0,40.37544444,-80.91251111,12,1,0,1,0,0,1,0
390953,OHIO,OH,1,0,1,143,0,CANEHILL,24,11,November,2010,4,Wednesday,18,30,0,5,4,0,41.34350000,-82.93572222,59,2,0,10,0,0,1,1
390954,OHIO,OH,2,0,4,119,0,BELLAMY,26,11,November,2010,6,Friday,21,28,0,4,3,248,39.90141389,-81.83932778,12,2,0,1,0,0,1,0
390955,OHIO,OH,1,0,3,61,0,BELLWOOD,26,11,November,2010,6,Friday,7,10,0,6,4,0,39.18242222,-84.59418889,1,2,0,1,0,0,1,0
390956,OHIO,OH,1,0,1,173,0,LAKELAND,28,11,November,2010,1,Sunday,1,5,1,1,1,50,41.23885833,-83.65259722,34,2,0,1,0,0,1,1
390957,OHIO,OH,1,0,1,155,8530,IRWIN,10,11,November,2010,4,Wednesday,7,9,0,4,4,0,41.21794444,-80.84968611,34,2,0,5,0,0,1,0
390958,OHIO,OH,2,0,2,81,0,AUBURN,26,12,December,2010,1,Sunday,16,35,0,4,3,224,40.49408611,-80.67015556,12,1,0,10,0,0,1,0
390959,OHIO,OH,2,1,2,49,1800,COLLINSVILLE,30,12,December,2010,5,Thursday,18,45,0,15,6,0,39.94666111,-82.98280556,8,3,0,10,0,0,1,0
390960,OHIO,OH,1,1,1,151,0,FLIPPEN,31,12,December,2010,6,Friday,19,17,0,6,5,0,40.87205278,-81.45117778,8,2,0,10,0,0,1,0
390961,OHIO,OH,1,0,1,7,0,BIBB,31,12,December,2010,6,Friday,3,0,0,6,5,0,41.84438889,-80.68430000,42,2,0,10,0,0,1,0
390962,OHIO,OH,1,0,2,9,0,BLOUNT,31,12,December,2010,6,Friday,2,10,0,6,5,0,39.32985833,-81.99954722,42,2,0,10,0,0,1,1
390963,OHIO,OH,1,0,1,55,0,ATTALLA,5,10,October,2010,3,Tuesday,18,53,0,4,2,43,41.52181667,-81.30449167,34,3,0,2,0,0,1,0
390964,OHIO,OH,2,0,5,77,6070,ANDERSON,27,11,November,2010,7,Saturday,19,56,1,13,2,103,41.22961389,-82.65720833,12,2,0,1,0,0,3,0
390965,OHIO,OH,1,0,2,61,1610,BELLWOOD,28,11,November,2010,1,Sunday,5,20,0,13,2,254,39.10368611,-84.49626667,42,3,0,1,0,0,1,1
390966,OHIO,OH,2,0,1,29,0,BORDEN SPRINGS,30,11,November,2010,3,Tuesday,21,15,0,6,5,0,40.88337778,-81.08676944,14,2,0,2,0,0,1,0
390967,OHIO,OH,1,0,1,9,0,BLOUNT,30,11,November,2010,3,Tuesday,11,14,0,5,4,0,39.31827500,-82.07508611,1,1,0,2,0,0,1,0
390968,OHIO,OH,2,0,2,109,0,ANSLEY,1,12,December,2010,4,Wednesday,10,12,0,4,3,8,40.01090278,-84.05318056,12,1,0,10,0,0,1,0
390969,OHIO,OH,2,0,2,137,0,ALCO,2,12,December,2010,5,Thursday,18,1,0,3,2,254,41.02195000,-83.95745000,12,2,0,10,0,0,1,1
390970,OHIO,OH,2,0,3,33,0,CHEROKEE,3,12,December,2010,6,Friday,13,32,0,6,4,0,40.90674444,-83.05518611,12,1,0,10,0,0,1,0
390971,OHIO,OH,1,0,1,165,0,HERNDON,3,12,December,2010,6,Friday,10,45,0,13,3,242,39.57808611,-84.16364444,42,1,0,10,0,0,1,0
390972,OHIO,OH,2,0,4,35,1680,BROOKLYN,5,12,December,2010,1,Sunday,2,40,0,14,6,0,41.47750000,-81.62067222,12,3,0,4,0,0,2,1
390973,OHIO,OH,1,0,1,153,7855,BONAIRE,6,12,December,2010,2,Monday,7,1,1,13,3,112,41.15843056,-81.41993611,33,2,0,4,0,0,1,0
390974,OHIO,OH,2,0,2,81,7830,AUBURN,6,12,December,2010,2,Monday,12,5,0,13,3,1,40.37410833,-80.62173889,12,1,0,4,0,0,1,0
390976,OHIO,OH,1,1,1,49,1800,COLLINSVILLE,7,12,December,2010,3,Tuesday,4,15,1,12,3,80,39.97805556,-82.85250000,8,3,0,1,0,0,1,0
390977,OHIO,OH,2,0,2,13,0,BOLLING,8,12,December,2010,4,Wednesday,10,50,1,2,3,114,39.95762778,-80.76237222,12,1,0,1,0,0,1,0
390978,OHIO,OH,1,0,1,61,0,BELLWOOD,10,12,December,2010,6,Friday,22,28,1,1,1,105,39.22057222,-84.73862500,43,2,0,10,0,0,1,1
390979,OHIO,OH,2,0,6,33,0,CHEROKEE,10,12,December,2010,6,Friday,17,36,0,4,3,51,40.77570556,-82.98293611,12,2,0,1,0,0,1,0
390980,OHIO,OH,2,1,2,49,1800,COLLINSVILLE,11,12,December,2010,7,Saturday,23,27,0,14,6,0,39.95725278,-83.09380556,8,3,0,2,0,0,1,0
390981,OHIO,OH,3,0,3,165,0,HERNDON,12,11,November,2010,6,Friday,13,3,0,6,4,0,39.54252778,-84.25364167,1,1,0,1,0,0,1,0
390982,OHIO,OH,2,0,3,89,0,BROWNSBORO,12,12,December,2010,1,Sunday,10,42,0,4,3,234,39.95893889,-82.53243056,12,1,0,4,0,0,1,0
390983,OHIO,OH,1,0,5,7,0,BIBB,12,12,December,2010,1,Sunday,16,25,0,6,4,0,41.54974444,-80.92700278,34,1,0,4,0,0,2,0
390984,OHIO,OH,2,0,5,107,0,CARROLLTON,14,12,December,2010,3,Tuesday,10,44,1,2,2,104,40.65117778,-84.58030833,12,1,0,4,0,0,3,0
390985,OHIO,OH,1,0,1,123,0,ALEXANDER CITY,16,12,December,2010,5,Thursday,16,35,0,5,4,0,41.53776389,-83.18337222,10,1,0,10,0,0,1,1
390986,OHIO,OH,1,0,1,69,3270,ASHFORD,17,12,December,2010,6,Friday,21,30,0,14,3,41,41.34777778,-84.03805556,21,3,0,10,0,0,1,1
390987,OHIO,OH,4,0,7,79,0,COURTLAND,18,12,December,2010,7,Saturday,10,0,0,3,3,100,38.97201389,-82.58119722,12,1,0,10,0,0,1,0
390988,OHIO,OH,2,0,3,85,8960,BENTON,19,12,December,2010,1,Sunday,4,10,1,11,1,17,41.58996111,-81.47555278,12,3,0,10,0,0,1,1
390991,OHIO,OH,2,0,4,85,4920,BENTON,1,12,December,2010,4,Wednesday,8,19,0,14,3,113,41.72076111,-81.34527222,12,4,0,4,0,0,1,0
390992,OHIO,OH,1,0,1,113,0,COTTONTON,20,12,December,2010,2,Monday,22,55,0,16,4,0,39.81250000,-84.22750000,59,3,0,10,0,0,1,0
390993,OHIO,OH,2,0,5,107,0,CARROLLTON,13,12,December,2010,2,Monday,18,24,0,3,2,113,40.51697222,-84.57738889,12,2,0,1,0,0,1,0
390994,OHIO,OH,1,1,1,31,1920,COFFEE,27,11,November,2010,7,Saturday,2,3,0,16,6,0,40.26925278,-81.86708056,8,2,0,1,0,0,1,0
390995,OHIO,OH,2,0,3,145,5610,BALD KNOB,11,12,December,2010,7,Saturday,7,0,1,2,2,217,38.74390278,-82.95056944,12,4,0,1,0,0,1,2
390996,OHIO,OH,1,0,5,107,0,CARROLLTON,18,12,December,2010,7,Saturday,19,4,0,6,5,0,40.40387222,-84.80418889,34,2,0,10,0,0,1,0
390997,OHIO,OH,1,0,1,35,2520,BROOKLYN,18,12,December,2010,7,Saturday,12,36,1,11,1,291,41.60138889,-81.50327778,1,1,0,1,0,0,1,0
390998,OHIO,OH,1,1,1,55,0,ATTALLA,19,12,December,2010,1,Sunday,2,9,0,5,4,0,41.42142500,-81.38448611,8,3,0,1,0,0,1,1
390999,OHIO,OH,2,0,8,129,0,BIGBEE,21,12,December,2010,3,Tuesday,11,49,1,2,2,89,39.60991944,-82.94930833,12,1,0,10,0,0,2,0
391000,OHIO,OH,1,1,1,103,0,DANVILLE,21,12,December,2010,3,Tuesday,6,46,1,2,3,179,41.13611667,-81.74755833,8,2,0,10,0,0,1,0
391001,OHIO,OH,1,0,1,127,0,BURNWELL,22,12,December,2010,4,Wednesday,17,5,0,3,2,9,39.77502778,-82.38393333,43,1,0,10,0,0,1,1
391002,OHIO,OH,1,0,1,31,0,COFFEE,23,12,December,2010,5,Thursday,15,20,0,3,2,90,40.34183333,-82.02770278,42,1,0,10,0,0,1,1
391003,OHIO,OH,1,0,1,17,0,CHAMBERS,23,12,December,2010,5,Thursday,2,30,0,6,4,0,39.54257222,-84.39096389,24,2,0,10,0,0,1,1
391004,OHIO,OH,2,0,2,95,8120,ALBERTVILLE,24,12,December,2010,6,Friday,7,19,0,13,3,53,41.65303333,-83.56146389,12,3,0,10,0,0,1,0
391005,OHIO,OH,1,0,3,91,0,DAYTON,25,12,December,2010,7,Saturday,5,40,0,6,4,0,40.42805556,-83.81430833,53,2,0,10,0,0,1,0
391006,OHIO,OH,2,0,6,49,1800,COLLINSVILLE,26,12,December,2010,1,Sunday,21,20,0,14,4,0,39.90416667,-83.14611111,12,2,0,11,0,0,1,0
391007,OHIO,OH,2,1,3,147,3170,AUGUSTA,26,12,December,2010,1,Sunday,13,53,0,4,3,197,41.24988333,-83.05403611,12,1,0,10,0,0,1,0
391008,OHIO,OH,1,1,1,165,0,HERNDON,27,12,December,2010,2,Monday,23,26,1,2,2,13,39.30644167,-84.27990000,8,3,0,1,0,0,1,0
391009,OHIO,OH,1,0,1,119,0,BELLAMY,27,12,December,2010,2,Monday,4,0,0,6,4,0,39.96306111,-82.05019722,1,2,0,1,0,0,1,0
391010,OHIO,OH,1,1,1,153,70,BONAIRE,2,11,November,2010,3,Tuesday,8,37,0,14,6,0,41.07339722,-81.49065833,8,1,0,1,0,0,1,0
391011,OHIO,OH,2,0,9,153,70,BONAIRE,1,12,December,2010,4,Wednesday,18,2,0,14,6,0,41.09535278,-81.55040833,12,3,0,4,0,0,1,0
391012,OHIO,OH,1,1,1,99,9230,BEATRICE,31,12,December,2010,6,Friday,20,25,0,14,6,0,41.08616111,-80.67318611,8,3,0,1,0,0,1,0
391013,OHIO,OH,1,0,1,41,0,BRANTLEY,28,12,December,2010,3,Tuesday,3,45,0,5,5,0,40.28438056,-82.89226111,34,2,0,1,0,0,1,1
391014,OHIO,OH,1,0,2,151,0,FLIPPEN,28,12,December,2010,3,Tuesday,23,35,0,2,3,102,40.80893889,-81.28010556,30,2,0,1,0,0,1,0
391015,OHIO,OH,2,0,2,93,0,BEAR CREEK,28,12,December,2010,3,Tuesday,12,49,0,3,3,25,41.23695000,-82.02323889,12,1,0,1,0,0,1,1
391016,OHIO,OH,1,1,1,49,9150,COLLINSVILLE,28,12,December,2010,3,Tuesday,18,50,0,14,3,1,40.02192778,-82.87813333,8,3,0,10,0,0,1,0
391017,OHIO,OH,1,1,1,169,0,BRADLEY,28,12,December,2010,3,Tuesday,19,23,0,3,3,183,40.94561944,-81.74366944,8,2,0,1,0,0,1,0
391018,OHIO,OH,2,0,2,35,2040,BROOKLYN,25,12,December,2010,7,Saturday,2,25,1,11,1,111,41.43436111,-81.64936111,12,3,0,10,0,0,1,1
391019,OHIO,OH,2,0,3,153,70,BONAIRE,29,8,August,2010,1,Sunday,4,0,0,14,3,72,41.08418611,-81.55711389,12,3,0,10,0,0,1,2
391020,OHIO,OH,2,0,2,29,0,BORDEN SPRINGS,29,12,December,2010,4,Wednesday,12,49,1,2,2,132,40.92613611,-80.85637222,12,1,0,1,0,0,1,0
391021,OHIO,OH,1,1,1,95,8120,ALBERTVILLE,30,12,December,2010,5,Thursday,18,45,0,14,3,19,41.65284167,-83.62835833,15,3,0,1,0,0,1,0
391022,OHIO,OH,2,0,3,175,0,CADWELL,30,12,December,2010,5,Thursday,7,54,0,4,3,168,40.94947500,-83.19561667,12,1,0,2,0,0,1,0