ST_CASE,State Name,State Abbreviation,VE_TOTAL,Pedestrains,Total_Persons_in_accident,COUNTY,CITY,City_County_Name,Calendar_DAY,MONTH,Month_Name,YEAR,DAY_WEEK,Day_Week_desc,HOUR,MINUTE,NHS_Desc,trafficway,ROUTE,MILEPT,LATITUDE,LONGITUD,First_Crash_event,Light_cond_desc,Weather_condition,WEATHER,SCH_BUS,Crash_cause,FATALS,DRUNK_DR
391023,OHIO,OH,2,0,3,65,0,CYPRESS,30,12,December,2010,5,Thursday,16,38,0,5,3,86,40.70737778,-83.78530278,12,1,0,1,0,0,1,0
391024,OHIO,OH,1,0,1,129,0,BIGBEE,20,12,December,2010,2,Monday,7,54,0,4,3,1,39.47761111,-82.90759444,43,1,0,4,0,0,1,0
391025,OHIO,OH,1,1,1,35,1680,BROOKLYN,8,12,December,2010,4,Wednesday,12,45,0,13,3,108,41.45578611,-81.78791389,8,1,0,4,0,0,1,0
391026,OHIO,OH,2,1,2,49,1800,COLLINSVILLE,10,12,December,2010,6,Friday,15,38,0,13,2,176,39.95678611,-82.92146667,33,1,0,1,0,0,1,0
391027,OHIO,OH,1,1,1,151,1320,FLIPPEN,1,10,October,2010,6,Friday,2,22,0,6,6,0,40.77837222,-81.40066667,8,2,0,1,0,0,1,0
391028,OHIO,OH,1,1,1,35,1680,BROOKLYN,17,10,October,2010,1,Sunday,19,45,0,14,3,99,41.44203333,-81.81924167,8,3,0,10,0,0,1,0
391029,OHIO,OH,1,0,1,85,0,BENTON,21,10,October,2010,5,Thursday,9,28,0,4,2,185,41.74222222,-81.21694444,24,1,0,99,0,0,1,1
391030,OHIO,OH,2,0,4,35,1680,BROOKLYN,2,7,July,2010,6,Friday,18,13,0,16,6,0,41.53926944,-81.59454722,12,1,0,1,0,0,1,0
391031,OHIO,OH,1,1,2,35,1680,BROOKLYN,17,7,July,2010,7,Saturday,15,25,0,16,6,0,41.52779167,-81.61726111,8,1,0,1,0,0,1,0
400001,OKLAHOMA,OK,1,0,1,75,0,BEAVERTON,2,1,January,2010,7,Saturday,8,0,1,2,2,59,35.10073056,-99.06083611,34,1,0,1,0,0,1,1
400002,OKLAHOMA,OK,1,0,6,125,0,BROOKWOOD,2,1,January,2010,7,Saturday,21,0,0,4,4,0,35.40555556,-96.95799167,38,2,0,1,0,0,1,1
400003,OKLAHOMA,OK,1,0,4,109,3550,ANSLEY,3,1,January,2010,1,Sunday,17,53,1,11,1,200,35.38414444,-97.14571111,1,2,0,1,0,0,2,0
400004,OKLAHOMA,OK,1,0,2,109,3550,ANSLEY,4,1,January,2010,2,Monday,5,57,0,4,3,100,35.64833889,-97.58501111,42,2,0,1,0,0,1,1
400005,OKLAHOMA,OK,1,1,1,125,0,BROOKWOOD,5,1,January,2010,3,Tuesday,18,48,0,3,2,16,35.36780833,-96.98107222,8,2,0,1,0,0,1,0
400006,OKLAHOMA,OK,2,1,3,31,2750,COFFEE,7,1,January,2010,5,Thursday,7,8,1,13,3,22,34.59417222,-98.33988333,8,3,0,6,0,0,1,0
400007,OKLAHOMA,OK,1,0,1,5,0,BAKER HILL,7,1,January,2010,5,Thursday,11,45,0,4,3,9,34.53412222,-96.06963611,34,1,0,1,0,0,1,0
400009,OKLAHOMA,OK,1,0,2,87,0,ARMSTRONG,11,1,January,2010,2,Monday,16,2,0,4,3,1,34.85669444,-97.40595833,1,1,0,1,0,0,1,0
400010,OKLAHOMA,OK,1,0,1,109,3550,ANSLEY,13,1,January,2010,4,Wednesday,0,40,0,14,6,0,35.59087778,-97.62082222,42,3,0,1,0,0,1,1
400011,OKLAHOMA,OK,2,0,4,13,0,BOLLING,13,1,January,2010,4,Wednesday,14,50,1,2,2,63,33.99758333,-96.26317222,12,1,0,1,0,0,1,0
400012,OKLAHOMA,OK,1,0,1,87,3870,ARMSTRONG,14,1,January,2010,5,Thursday,10,4,0,3,3,33,35.00102500,-97.43827778,30,1,0,1,0,0,1,0
400013,OKLAHOMA,OK,1,0,2,85,0,BENTON,14,1,January,2010,5,Thursday,13,41,0,4,2,41,33.99953333,-97.12623889,34,1,0,1,0,0,1,0
400014,OKLAHOMA,OK,2,0,7,11,0,BULLOCK,16,1,January,2010,7,Saturday,11,50,0,6,4,0,35.87008333,-98.61435833,12,1,0,1,0,0,1,0
400015,OKLAHOMA,OK,1,0,1,145,0,BALD KNOB,3,1,January,2010,1,Sunday,1,44,0,16,4,0,35.96339722,-95.40410833,34,2,0,1,0,0,1,1
400016,OKLAHOMA,OK,1,0,1,19,210,CEDAR BLUFF,16,1,January,2010,7,Saturday,21,18,0,15,6,0,34.19031111,-97.12550278,30,2,0,1,0,0,1,1
400017,OKLAHOMA,OK,1,0,1,97,0,AXIS,17,1,January,2010,1,Sunday,99,99,0,6,4,0,36.15179444,-95.27895833,42,2,0,5,0,0,1,1
400018,OKLAHOMA,OK,1,0,2,87,0,ARMSTRONG,20,1,January,2010,4,Wednesday,3,25,0,4,2,25,34.88701944,-97.30083056,32,2,0,1,0,0,1,1
400019,OKLAHOMA,OK,2,0,2,125,0,BROOKWOOD,20,1,January,2010,4,Wednesday,8,0,0,4,3,29,35.07259444,-96.87956667,12,1,0,5,0,0,1,0
400020,OKLAHOMA,OK,2,0,2,81,0,AUBURN,2,2,February,2010,3,Tuesday,13,28,0,4,2,35,35.49453333,-97.08377778,12,1,0,1,0,0,1,0
400021,OKLAHOMA,OK,2,0,2,109,3550,ANSLEY,3,2,February,2010,4,Wednesday,2,47,0,16,6,0,35.41462222,-97.72471944,12,2,0,1,0,0,1,1
400022,OKLAHOMA,OK,2,0,6,73,3510,ARGO,3,2,February,2010,4,Wednesday,7,20,1,2,2,15,35.74480000,-97.96606111,12,1,0,5,0,0,1,0
400023,OKLAHOMA,OK,1,0,1,71,0,BRIDGEPORT,7,1,January,2010,5,Thursday,6,22,0,3,2,118,36.85033056,-97.06718333,52,2,0,1,0,0,1,1
400024,OKLAHOMA,OK,1,0,1,73,0,ARGO,8,1,January,2010,6,Friday,4,0,0,6,4,0,35.72330278,-97.69179167,21,2,0,1,0,0,1,1
400025,OKLAHOMA,OK,2,0,6,31,0,COFFEE,21,1,January,2010,5,Thursday,13,5,0,6,4,0,34.73103333,-98.40481944,12,1,0,1,0,0,1,0
400026,OKLAHOMA,OK,1,0,1,111,0,GRAHAM,22,1,January,2010,6,Friday,11,7,0,4,4,0,35.38618056,-95.91090278,1,1,0,1,0,0,1,0
400027,OKLAHOMA,OK,1,0,2,27,3220,ASHLAND,25,1,January,2010,2,Monday,0,15,1,11,1,121,35.35806111,-97.49462778,20,3,0,1,0,0,1,1
400028,OKLAHOMA,OK,2,0,4,143,4780,CANEHILL,25,1,January,2010,2,Monday,9,12,0,16,6,0,36.04062222,-95.96064167,12,1,0,1,0,0,1,0
400029,OKLAHOMA,OK,1,0,2,63,0,BOLIGEE,31,1,January,2010,1,Sunday,4,52,0,4,3,6,35.10589722,-96.40563889,35,2,0,1,0,0,1,1
400030,OKLAHOMA,OK,1,0,3,57,0,BANKSTON,3,2,February,2010,4,Wednesday,12,1,1,2,2,62,34.68143611,-99.80408889,21,1,0,2,0,0,1,0
400031,OKLAHOMA,OK,1,0,1,135,0,ASH FLAT,5,2,February,2010,6,Friday,4,0,0,4,3,88,35.60980833,-94.97002500,42,2,0,1,0,0,1,1
400032,OKLAHOMA,OK,1,1,1,81,0,AUBURN,7,2,February,2010,1,Sunday,1,0,0,4,3,134,35.69560833,-96.91293333,8,2,0,1,0,0,1,0
400033,OKLAHOMA,OK,2,0,2,79,0,COURTLAND,11,2,February,2010,5,Thursday,4,49,0,2,2,92,35.01356667,-94.64535000,12,2,0,1,0,0,1,1
400034,OKLAHOMA,OK,3,0,3,131,0,ARLINGTON,11,2,February,2010,5,Thursday,6,43,0,4,3,77,36.24988889,-95.69081111,12,4,0,1,0,0,1,0
400035,OKLAHOMA,OK,2,0,3,97,0,AXIS,11,2,February,2010,5,Thursday,8,29,1,1,1,93,36.47662778,-95.31730556,12,1,0,1,0,0,1,0
400036,OKLAHOMA,OK,1,0,1,63,5150,BOLIGEE,13,1,January,2010,4,Wednesday,11,29,0,3,2,99999,35.23938056,-96.23484722,59,1,0,1,0,0,1,0
400037,OKLAHOMA,OK,2,0,3,123,0,ALEXANDER CITY,9,1,January,2010,7,Saturday,19,17,0,3,3,128,34.83980000,-96.47591667,12,2,0,1,0,0,2,2
400038,OKLAHOMA,OK,1,0,5,109,3550,ANSLEY,26,1,January,2010,3,Tuesday,17,14,0,16,6,0,35.38928611,-97.56245556,5,1,0,1,0,0,1,0
400039,OKLAHOMA,OK,2,0,3,143,0,CANEHILL,3,2,February,2010,4,Wednesday,13,2,0,13,4,0,36.09793889,-96.05638611,12,1,0,1,0,0,2,0
400040,OKLAHOMA,OK,2,0,2,19,0,CEDAR BLUFF,12,2,February,2010,6,Friday,17,35,0,4,3,40,34.40195278,-97.50700000,12,1,0,1,0,0,1,0
400041,OKLAHOMA,OK,1,0,1,109,3550,ANSLEY,15,2,February,2010,2,Monday,20,51,0,13,6,0,35.41164722,-97.60125278,24,2,0,1,0,0,1,1
400042,OKLAHOMA,OK,1,0,1,109,3550,ANSLEY,17,2,February,2010,4,Wednesday,19,35,0,16,6,0,35.41238333,-97.62588611,1,2,0,1,0,0,1,1
400043,OKLAHOMA,OK,1,1,1,131,870,ARLINGTON,11,2,February,2010,5,Thursday,14,45,0,15,6,0,36.17439722,-95.75477500,8,1,0,1,0,0,1,0
400044,OKLAHOMA,OK,1,1,1,91,0,DAYTON,11,2,February,2010,5,Thursday,22,30,1,2,2,103,35.36504722,-95.57375833,8,2,0,1,0,0,1,0
400045,OKLAHOMA,OK,2,0,2,87,3378,ARMSTRONG,23,1,January,2010,7,Saturday,10,32,1,11,1,38,35.27131944,-97.61574722,12,1,0,1,0,0,1,0
400046,OKLAHOMA,OK,1,1,1,3,940,BALDWIN,18,2,February,2010,5,Thursday,7,35,0,4,2,29,36.75730556,-98.35709722,8,1,0,1,0,0,1,0
400047,OKLAHOMA,OK,1,1,1,109,1300,ANSLEY,19,2,February,2010,6,Friday,21,45,0,14,6,0,35.44089167,-97.45921389,8,2,0,1,0,0,1,0
400048,OKLAHOMA,OK,2,0,2,23,0,BLADON SPRINGS,20,2,February,2010,7,Saturday,18,48,1,2,2,5,33.99712222,-95.46718333,12,2,0,1,0,0,1,0
400049,OKLAHOMA,OK,2,0,2,97,0,AXIS,25,2,February,2010,5,Thursday,12,17,0,3,3,32,36.32620278,-95.11810000,12,1,0,1,0,0,1,0
400050,OKLAHOMA,OK,1,0,1,11,0,BULLOCK,25,2,February,2010,5,Thursday,14,35,0,4,3,76,36.15793333,-98.53740278,1,1,0,10,0,0,1,0
400051,OKLAHOMA,OK,1,0,1,83,0,ARDMORE,23,2,February,2010,3,Tuesday,19,26,0,4,4,0,35.89851389,-97.67454444,38,2,0,1,0,0,1,0
400052,OKLAHOMA,OK,1,0,1,93,0,BEAR CREEK,24,2,February,2010,4,Wednesday,2,10,1,2,2,112,36.39133611,-98.24064722,31,2,0,1,0,0,1,1
400053,OKLAHOMA,OK,2,0,3,17,3550,CHAMBERS,27,2,February,2010,7,Saturday,16,18,0,16,6,0,35.44902778,-97.72469722,1,1,0,1,0,0,1,0
400054,OKLAHOMA,OK,2,0,4,143,4780,CANEHILL,7,1,January,2010,5,Thursday,18,9,1,12,8,0,36.02560833,-95.88653333,12,1,0,1,0,0,1,0
400055,OKLAHOMA,OK,1,0,1,117,0,BIRMINGHAM,16,1,January,2010,7,Saturday,1,10,0,6,4,0,36.21732778,-96.58358889,1,2,0,1,0,0,1,1
400056,OKLAHOMA,OK,2,0,2,143,4780,CANEHILL,22,1,January,2010,6,Friday,23,35,0,14,6,0,36.11860278,-95.95870833,12,3,0,1,0,0,1,1
400057,OKLAHOMA,OK,1,1,1,143,4780,CANEHILL,13,2,February,2010,7,Saturday,22,50,0,14,6,0,36.16081389,-95.89468056,8,2,0,1,0,0,1,0
400058,OKLAHOMA,OK,1,0,3,131,0,ARLINGTON,18,2,February,2010,5,Thursday,17,39,0,6,4,0,36.26388056,-95.51262222,42,5,0,1,0,0,1,0
400059,OKLAHOMA,OK,1,0,1,41,0,BRANTLEY,20,2,February,2010,7,Saturday,7,46,1,2,8,148,36.20235833,-94.75471389,1,1,0,1,0,0,1,0
400060,OKLAHOMA,OK,2,0,3,143,4780,CANEHILL,22,2,February,2010,2,Monday,11,58,1,11,1,133,36.15768056,-95.83402778,12,1,0,1,0,0,1,0
400061,OKLAHOMA,OK,1,0,1,51,0,CENTRAL,1,3,March,2010,2,Monday,13,1,0,6,4,0,34.84246111,-97.70338056,38,1,0,1,0,0,1,0
400062,OKLAHOMA,OK,2,0,3,19,0,CEDAR BLUFF,1,3,March,2010,2,Monday,16,50,0,3,2,33,34.23586111,-96.97631944,23,1,0,1,0,0,1,0
400063,OKLAHOMA,OK,1,0,1,71,0,BRIDGEPORT,1,3,March,2010,2,Monday,20,6,0,6,4,0,36.94128333,-97.04858056,59,3,0,1,0,0,1,1
400064,OKLAHOMA,OK,2,0,2,109,3550,ANSLEY,2,3,March,2010,3,Tuesday,16,12,0,14,6,0,35.43521111,-97.63689167,12,1,0,1,0,0,1,0
400065,OKLAHOMA,OK,1,0,1,109,3550,ANSLEY,26,2,February,2010,6,Friday,2,32,1,11,1,61,35.52430833,-97.53678056,25,3,0,4,0,0,1,0
400066,OKLAHOMA,OK,1,0,1,101,0,BOYLSTON,3,3,March,2010,4,Wednesday,15,35,0,6,4,0,35.79840556,-95.38137778,34,1,0,1,0,0,1,0
400067,OKLAHOMA,OK,1,0,1,19,2858,CEDAR BLUFF,2,3,March,2010,3,Tuesday,23,49,0,6,4,0,34.15848056,-97.27844167,42,2,0,1,0,0,1,1
400068,OKLAHOMA,OK,1,1,3,27,0,ASHLAND,4,3,March,2010,5,Thursday,2,12,0,3,3,80,35.01495000,-97.20258333,8,2,0,1,0,0,1,0
400069,OKLAHOMA,OK,2,0,2,109,3550,ANSLEY,5,3,March,2010,6,Friday,12,50,1,11,1,8,35.38896667,-97.49494722,12,1,0,1,0,0,1,1
400070,OKLAHOMA,OK,2,0,7,19,0,CEDAR BLUFF,1,3,March,2010,2,Monday,21,40,1,2,2,68,34.11436389,-97.03485556,12,2,0,1,0,0,1,0
400071,OKLAHOMA,OK,1,0,1,21,0,CHILTON,5,3,March,2010,6,Friday,14,30,0,4,3,74,35.88355556,-95.19803611,1,1,0,1,0,0,1,0
400072,OKLAHOMA,OK,3,0,4,143,4780,CANEHILL,6,3,March,2010,7,Saturday,14,5,1,12,2,11,36.15556667,-95.86058333,12,1,0,1,0,0,1,0
400073,OKLAHOMA,OK,1,0,1,17,3550,CHAMBERS,7,3,March,2010,1,Sunday,7,31,0,6,6,0,35.35001389,-97.76001667,34,2,0,1,0,0,1,1
400074,OKLAHOMA,OK,1,0,1,27,3430,ASHLAND,5,3,March,2010,6,Friday,15,54,0,16,6,0,35.26156389,-97.27535278,42,1,0,1,0,0,1,0
400075,OKLAHOMA,OK,2,0,2,123,0,ALEXANDER CITY,8,3,March,2010,2,Monday,13,51,0,3,3,40,34.78080556,-96.60016667,12,1,0,1,0,0,1,0
400076,OKLAHOMA,OK,1,0,1,1,0,AUTAUGA,8,3,March,2010,2,Monday,16,45,0,4,3,43,35.82587500,-94.55116111,35,1,0,2,0,0,1,0
400077,OKLAHOMA,OK,1,1,3,51,960,CENTRAL,8,3,March,2010,2,Monday,19,37,0,14,6,0,35.05446944,-97.94418889,15,2,0,1,0,0,1,0
400078,OKLAHOMA,OK,1,1,2,119,0,BELLAMY,19,3,March,2010,6,Friday,18,26,0,4,4,0,36.06690000,-96.99803611,8,1,0,1,0,0,1,0
400079,OKLAHOMA,OK,2,0,4,93,0,BEAR CREEK,26,2,February,2010,6,Friday,22,15,0,4,4,0,36.30397500,-98.17616389,12,2,0,1,0,0,1,0
400080,OKLAHOMA,OK,1,0,6,111,0,GRAHAM,28,2,February,2010,1,Sunday,1,12,0,4,4,0,35.84214167,-95.97796667,33,3,0,1,0,0,1,1
400081,OKLAHOMA,OK,2,0,2,133,0,ARLEY,8,3,March,2010,2,Monday,14,39,0,3,2,7,35.25247500,-96.76489444,12,1,0,2,0,0,1,0
400082,OKLAHOMA,OK,2,0,2,59,0,FRANKLIN,8,3,March,2010,2,Monday,23,13,1,2,2,12,36.62224444,-99.98084167,12,2,0,1,0,0,1,0
400083,OKLAHOMA,OK,2,0,2,101,0,BOYLSTON,10,3,March,2010,4,Wednesday,10,29,1,2,2,9,35.56391111,-95.49245278,12,1,0,1,0,0,1,0
400084,OKLAHOMA,OK,1,0,1,95,0,ALBERTVILLE,17,3,March,2010,4,Wednesday,6,12,0,5,4,0,33.97351944,-96.72638056,23,2,0,1,0,0,1,0
400085,OKLAHOMA,OK,1,0,2,89,0,BROWNSBORO,17,3,March,2010,4,Wednesday,22,10,0,4,3,128,34.10066944,-94.91049167,1,2,0,1,0,0,1,1
400086,OKLAHOMA,OK,1,0,1,143,0,CANEHILL,18,3,March,2010,5,Thursday,19,52,0,4,4,0,36.09037778,-96.10488056,1,5,0,1,0,0,1,1
400087,OKLAHOMA,OK,1,0,1,137,0,ALCO,21,3,March,2010,1,Sunday,3,0,0,4,4,0,34.59416667,-97.58181111,42,2,0,1,0,0,1,1
400088,OKLAHOMA,OK,1,0,1,85,0,BENTON,21,3,March,2010,1,Sunday,9,42,0,4,3,41,33.94031389,-97.05636111,38,1,0,1,0,0,1,0
400089,OKLAHOMA,OK,2,0,6,31,2750,COFFEE,20,3,March,2010,7,Saturday,21,0,1,11,1,37,34.55701667,-98.40043056,24,2,0,1,0,0,1,0
400090,OKLAHOMA,OK,1,0,4,127,0,BURNWELL,21,3,March,2010,1,Sunday,16,23,0,3,2,178,34.35105278,-95.44986111,42,1,0,2,0,0,2,0
400091,OKLAHOMA,OK,2,0,2,13,0,BOLLING,23,3,March,2010,3,Tuesday,8,52,1,2,2,56,33.99818056,-96.53705556,12,1,0,1,0,0,1,1
400092,OKLAHOMA,OK,2,0,2,143,0,CANEHILL,24,3,March,2010,4,Wednesday,12,58,0,13,3,30,36.07595000,-96.11955556,12,1,0,1,0,0,1,0
400093,OKLAHOMA,OK,4,0,6,111,3560,GRAHAM,25,3,March,2010,5,Thursday,10,30,0,16,6,0,35.62100556,-95.96044167,12,1,0,1,0,0,1,0
400094,OKLAHOMA,OK,2,0,5,109,3550,ANSLEY,26,3,March,2010,6,Friday,19,43,0,16,6,0,35.39913056,-97.53013056,12,5,0,1,0,0,2,0
400096,OKLAHOMA,OK,1,0,1,113,4780,COTTONTON,26,3,March,2010,6,Friday,20,55,0,14,6,0,36.18863333,-96.01166667,11,2,0,1,0,0,1,0
400097,OKLAHOMA,OK,1,0,1,119,0,BELLAMY,28,3,March,2010,1,Sunday,1,49,0,16,4,0,36.07872500,-97.10472222,42,2,0,1,0,0,1,1
400098,OKLAHOMA,OK,1,0,1,15,0,ANNISTON,28,3,March,2010,1,Sunday,20,20,0,3,2,17,34.87024444,-98.37339444,24,2,0,1,0,0,1,1
400099,OKLAHOMA,OK,2,0,2,109,3550,ANSLEY,6,3,March,2010,7,Saturday,11,41,1,11,1,56,35.46028889,-97.57138333,12,1,0,1,0,0,1,0
400100,OKLAHOMA,OK,1,1,2,31,2750,COFFEE,29,3,March,2010,2,Monday,21,23,0,15,6,0,34.59963889,-98.43101944,8,2,0,1,0,0,1,0
400101,OKLAHOMA,OK,2,0,2,131,0,ARLINGTON,30,3,March,2010,3,Tuesday,6,8,1,4,3,5,36.22550556,-95.80654167,12,2,0,1,0,0,1,0
400102,OKLAHOMA,OK,1,0,1,111,0,GRAHAM,30,3,March,2010,3,Tuesday,9,34,0,4,4,0,35.71972222,-96.06561111,52,1,0,1,0,0,1,0
400103,OKLAHOMA,OK,2,0,2,85,0,BENTON,30,3,March,2010,3,Tuesday,15,50,1,1,1,42,33.77922778,-97.13476389,12,1,0,1,0,0,1,0
400104,OKLAHOMA,OK,1,0,5,45,0,ARITON,30,3,March,2010,3,Tuesday,19,30,0,4,4,0,36.47887500,-99.75211667,35,1,0,1,0,0,2,0
400105,OKLAHOMA,OK,3,0,5,87,1877,ARMSTRONG,30,3,March,2010,3,Tuesday,14,21,0,4,3,111,35.09540278,-97.47692500,12,1,0,1,0,0,1,0
400106,OKLAHOMA,OK,2,0,2,77,0,ANDERSON,3,4,April,2010,7,Saturday,19,55,0,4,3,81,34.90360000,-95.08598333,12,5,0,1,0,0,1,2
400107,OKLAHOMA,OK,2,0,4,1,0,AUTAUGA,5,4,April,2010,2,Monday,16,10,0,3,2,57,36.06996389,-94.58031667,12,1,0,1,0,0,1,0
400108,OKLAHOMA,OK,3,0,4,37,0,BRADFORD,8,4,April,2010,5,Thursday,7,52,0,3,3,116,36.13096944,-96.37987500,12,1,0,1,1,0,1,0
400109,OKLAHOMA,OK,1,0,3,115,0,ASHVILLE,9,4,April,2010,6,Friday,19,24,0,4,3,16,36.87175833,-94.68584167,1,1,0,1,0,0,1,0
400110,OKLAHOMA,OK,2,0,2,109,3550,ANSLEY,10,4,April,2010,7,Saturday,11,25,0,16,6,0,35.46409444,-97.46355833,12,1,0,1,0,0,1,0
400111,OKLAHOMA,OK,2,0,4,25,0,BARLOW BEND,11,4,April,2010,1,Sunday,15,15,0,5,4,0,36.70447222,-102.55534444,12,1,0,1,0,0,1,0
400112,OKLAHOMA,OK,4,0,4,109,3550,ANSLEY,14,4,April,2010,4,Wednesday,6,24,1,11,1,97,35.50232500,-97.46315000,24,4,0,1,0,0,1,0
400113,OKLAHOMA,OK,3,0,4,51,3416,CENTRAL,14,4,April,2010,4,Wednesday,14,30,0,14,3,103,34.99319444,-97.91866111,12,1,0,1,0,0,1,0
400114,OKLAHOMA,OK,1,0,2,69,0,ASHFORD,27,2,February,2010,7,Saturday,9,52,0,4,4,0,34.20149722,-96.87558333,32,1,0,1,0,0,1,1
400115,OKLAHOMA,OK,2,0,3,143,4780,CANEHILL,8,3,March,2010,2,Monday,10,36,0,16,6,0,36.03195556,-95.86468333,12,1,0,2,0,0,2,0
400116,OKLAHOMA,OK,2,1,1,83,0,ARDMORE,2,4,April,2010,6,Friday,22,3,1,1,1,45,35.79030000,-97.41585278,8,2,0,1,0,0,1,1
400117,OKLAHOMA,OK,1,0,1,49,3670,COLLINSVILLE,11,4,April,2010,1,Sunday,21,55,0,16,6,0,34.73015000,-97.21936944,39,2,0,1,0,0,1,1
400118,OKLAHOMA,OK,1,0,1,135,0,ASH FLAT,12,4,April,2010,2,Monday,1,30,0,4,3,24,35.61527778,-95.09369444,38,2,0,1,0,0,1,1
400119,OKLAHOMA,OK,1,0,5,143,4780,CANEHILL,14,4,April,2010,4,Wednesday,16,4,1,12,8,66,36.02541944,-95.90097778,35,1,0,1,0,0,1,1
400120,OKLAHOMA,OK,2,0,2,31,0,COFFEE,15,4,April,2010,5,Thursday,19,25,0,4,4,0,34.62364444,-98.70849167,45,5,0,1,0,0,1,1
400121,OKLAHOMA,OK,2,0,3,117,0,BIRMINGHAM,16,4,April,2010,6,Friday,14,1,1,2,8,124,36.22515833,-96.59767500,12,1,0,1,0,0,1,0
400122,OKLAHOMA,OK,1,0,1,55,0,ATTALLA,16,4,April,2010,6,Friday,17,10,0,4,4,0,34.83648611,-99.40580278,32,1,0,2,0,0,1,0
400123,OKLAHOMA,OK,1,0,1,51,0,CENTRAL,17,4,April,2010,7,Saturday,1,30,0,4,4,0,34.81191667,-98.03324167,38,2,0,2,0,0,1,1
400124,OKLAHOMA,OK,1,0,1,135,0,ASH FLAT,17,4,April,2010,7,Saturday,7,4,1,1,1,186,35.41692778,-94.50613056,1,1,0,1,0,0,1,0
400125,OKLAHOMA,OK,1,0,1,131,0,ARLINGTON,18,4,April,2010,1,Sunday,1,0,0,4,3,44,36.22030556,-95.75906944,42,2,0,1,0,0,1,1
400126,OKLAHOMA,OK,2,0,2,17,0,CHAMBERS,17,4,April,2010,7,Saturday,22,59,0,3,2,11,35.56586667,-98.29760833,12,2,0,2,0,0,2,2
400127,OKLAHOMA,OK,1,0,1,103,0,DANVILLE,19,4,April,2010,2,Monday,23,36,0,4,4,0,36.46796389,-97.17515278,52,2,0,1,0,0,1,1
400128,OKLAHOMA,OK,1,0,1,79,0,COURTLAND,23,4,April,2010,6,Friday,0,30,0,4,3,22,34.72405833,-95.01287500,38,2,0,1,0,0,1,1
400129,OKLAHOMA,OK,1,0,1,13,0,BOLLING,14,4,April,2010,4,Wednesday,1,48,0,4,3,120,33.83974167,-96.41323333,42,2,0,1,0,0,1,1
400130,OKLAHOMA,OK,2,0,3,5,4510,BAKER HILL,23,4,April,2010,6,Friday,12,52,1,2,2,80,34.46767778,-96.05655278,12,1,0,1,0,0,1,1
400131,OKLAHOMA,OK,3,0,7,131,0,ARLINGTON,23,4,April,2010,6,Friday,23,8,1,1,1,39,36.20914444,-95.70062778,12,2,0,10,0,0,1,0
400132,OKLAHOMA,OK,2,0,3,43,0,BAILEYTON,25,4,April,2010,1,Sunday,15,10,1,2,2,76,35.92182500,-98.97354444,12,1,0,1,0,0,1,0
400133,OKLAHOMA,OK,2,0,2,121,4205,BON AIR,28,4,April,2010,4,Wednesday,6,44,1,2,2,134,34.84750000,-95.82749444,12,1,0,1,0,0,1,0
400134,OKLAHOMA,OK,1,0,3,81,0,AUBURN,30,4,April,2010,6,Friday,19,33,0,4,4,0,35.70961389,-96.75502778,1,5,0,1,0,0,2,1
400135,OKLAHOMA,OK,1,1,3,83,2000,ARDMORE,26,4,April,2010,2,Monday,11,9,0,13,3,1,35.88013889,-97.42186389,8,1,0,1,0,0,1,0
400136,OKLAHOMA,OK,1,1,1,125,4300,BROOKWOOD,27,4,April,2010,3,Tuesday,16,22,0,16,6,0,35.33553889,-96.93613889,8,1,0,1,0,0,1,0
400137,OKLAHOMA,OK,1,0,2,57,0,BANKSTON,26,4,April,2010,2,Monday,13,0,0,4,3,32,34.54728611,-99.77146111,1,1,0,10,0,0,1,1
400138,OKLAHOMA,OK,1,0,1,135,0,ASH FLAT,1,5,May,2010,7,Saturday,17,10,0,5,4,40,35.55602500,-94.98530000,1,1,0,10,0,0,1,1
400139,OKLAHOMA,OK,1,0,1,115,0,ASHVILLE,2,5,May,2010,1,Sunday,18,29,0,14,3,66,36.84297222,-94.85547222,1,1,0,1,0,0,1,0
400140,OKLAHOMA,OK,1,0,1,41,0,BRANTLEY,7,5,May,2010,6,Friday,23,24,0,3,3,15,36.61215278,-94.93669167,35,2,0,1,0,0,1,0
400141,OKLAHOMA,OK,2,0,2,105,0,MARION,10,5,May,2010,2,Monday,6,46,0,3,2,58,36.78406389,-95.62953056,12,4,0,2,0,0,1,0
400142,OKLAHOMA,OK,1,0,3,113,0,COTTONTON,13,5,May,2010,5,Thursday,18,56,0,5,4,0,36.48191111,-96.09389722,32,1,0,1,0,0,1,1
400143,OKLAHOMA,OK,1,0,3,129,0,BIGBEE,10,5,May,2010,2,Monday,23,36,0,3,3,0,35.67551944,-99.68001944,34,2,0,1,0,0,1,1
400144,OKLAHOMA,OK,1,0,2,41,0,BRANTLEY,8,5,May,2010,7,Saturday,22,5,0,3,3,79,36.41489167,-94.87457778,35,2,0,1,0,0,1,1
400145,OKLAHOMA,OK,1,0,1,15,0,ANNISTON,20,5,May,2010,5,Thursday,22,12,0,4,4,0,35.10547500,-98.23190000,34,2,0,1,0,0,1,1
400146,OKLAHOMA,OK,1,0,2,147,300,AUGUSTA,4,5,May,2010,3,Tuesday,2,14,0,6,6,0,36.75647222,-95.95682222,52,3,0,1,0,0,1,1
400147,OKLAHOMA,OK,1,0,1,47,1550,BROWNS,7,5,May,2010,6,Friday,18,47,0,6,6,0,36.41984167,-97.92215000,34,1,0,1,0,0,1,1
400148,OKLAHOMA,OK,2,0,2,13,0,BOLLING,21,5,May,2010,6,Friday,6,37,0,6,6,0,33.92478889,-96.21980833,12,1,0,5,0,0,1,0
400149,OKLAHOMA,OK,1,0,1,131,0,ARLINGTON,21,5,May,2010,6,Friday,12,43,0,3,3,202,36.53897778,-95.40583056,25,1,0,1,0,0,1,1
400150,OKLAHOMA,OK,2,0,2,13,0,BOLLING,26,5,May,2010,4,Wednesday,16,58,1,2,2,233,34.02670000,-95.99038056,12,1,0,10,0,0,1,0