ST_CASE,State Name,State Abbreviation,VE_TOTAL,Pedestrains,Total_Persons_in_accident,COUNTY,CITY,City_County_Name,Calendar_DAY,MONTH,Month_Name,YEAR,DAY_WEEK,Day_Week_desc,HOUR,MINUTE,NHS_Desc,trafficway,ROUTE,MILEPT,LATITUDE,LONGITUD,First_Crash_event,Light_cond_desc,Weather_condition,WEATHER,SCH_BUS,Crash_cause,FATALS,DRUNK_DR
400151,OKLAHOMA,OK,1,1,1,109,3550,ANSLEY,9,5,May,2010,1,Sunday,1,36,0,14,6,145,35.48702222,-97.61906111,8,2,0,1,0,0,1,0
400152,OKLAHOMA,OK,1,1,1,143,4780,CANEHILL,16,4,April,2010,6,Friday,7,0,0,2,6,465,36.19919722,-95.99387222,9,4,0,10,0,0,1,0
400153,OKLAHOMA,OK,1,0,2,31,0,COFFEE,22,5,May,2010,7,Saturday,11,13,0,5,4,48,34.76080833,-98.42238333,38,1,0,1,0,0,1,0
400154,OKLAHOMA,OK,1,0,1,135,0,ASH FLAT,6,5,May,2010,5,Thursday,20,1,0,6,4,0,35.52924167,-95.02961389,1,5,0,1,0,0,1,0
400155,OKLAHOMA,OK,1,0,3,125,367,BROOKWOOD,28,5,May,2010,6,Friday,19,13,0,6,6,0,35.27540556,-97.07764167,24,1,0,1,0,0,1,1
400156,OKLAHOMA,OK,1,0,1,89,0,BROWNSBORO,28,5,May,2010,6,Friday,18,31,0,3,3,175,33.81776111,-94.57429722,53,1,0,1,0,0,1,0
400157,OKLAHOMA,OK,2,1,2,109,3550,ANSLEY,9,4,April,2010,6,Friday,23,55,1,1,1,105,35.38832222,-97.38951944,8,2,0,1,0,0,1,0
400158,OKLAHOMA,OK,1,0,1,29,2770,BORDEN SPRINGS,4,5,May,2010,3,Tuesday,21,45,0,6,6,0,34.46903889,-96.21311111,58,3,0,1,0,0,1,1
400159,OKLAHOMA,OK,1,0,1,79,0,COURTLAND,3,5,May,2010,2,Monday,18,16,0,4,2,133,34.79790000,-94.95273889,24,1,0,1,0,0,1,0
400160,OKLAHOMA,OK,1,0,1,109,3550,ANSLEY,4,5,May,2010,3,Tuesday,5,39,1,1,1,160,35.40290278,-97.29395833,42,2,0,1,0,0,1,0
400161,OKLAHOMA,OK,2,0,2,143,4780,CANEHILL,7,5,May,2010,6,Friday,2,15,0,16,6,0,36.15222222,-95.97570556,12,3,0,1,0,0,1,1
400162,OKLAHOMA,OK,4,0,5,109,3550,ANSLEY,17,4,April,2010,7,Saturday,2,6,1,1,1,60,35.46200556,-97.48976111,12,3,0,1,0,0,1,1
400163,OKLAHOMA,OK,1,0,6,83,0,ARDMORE,20,3,March,2010,7,Saturday,11,50,1,1,1,32,35.77173056,-97.41570833,42,1,0,4,0,0,1,0
400164,OKLAHOMA,OK,1,0,1,81,0,AUBURN,7,4,April,2010,4,Wednesday,0,4,0,3,3,13,35.40559722,-96.66953889,1,2,0,2,0,0,1,0
400165,OKLAHOMA,OK,2,0,4,47,1550,BROWNS,5,5,May,2010,4,Wednesday,18,55,0,6,6,0,36.41985556,-97.99716389,12,1,0,10,0,0,3,0
400166,OKLAHOMA,OK,3,0,7,41,0,BRANTLEY,30,4,April,2010,6,Friday,13,18,0,3,2,87,36.51518611,-94.77791111,12,1,0,2,0,0,3,1
400167,OKLAHOMA,OK,2,0,3,75,0,BEAVERTON,8,5,May,2010,7,Saturday,10,20,0,6,6,0,34.95495278,-99.31630278,12,1,0,1,0,0,1,1
400168,OKLAHOMA,OK,2,0,2,151,0,FLIPPEN,26,4,April,2010,2,Monday,1,30,0,3,2,83,36.79773333,-98.78231111,12,3,0,1,0,0,1,1
400169,OKLAHOMA,OK,1,0,2,135,0,ASH FLAT,11,5,May,2010,3,Tuesday,20,17,0,3,3,104,35.60378333,-95.00286944,1,2,0,1,0,0,1,1
400170,OKLAHOMA,OK,2,0,2,61,0,BELLWOOD,19,6,June,2010,7,Saturday,8,13,0,4,3,101,35.24088056,-95.12371389,12,1,0,1,0,0,1,0
400171,OKLAHOMA,OK,2,0,4,115,0,ASHVILLE,10,5,May,2010,2,Monday,15,33,0,3,2,134,36.80658056,-94.92715000,12,1,0,10,0,0,1,0
400172,OKLAHOMA,OK,3,0,3,23,0,BLADON SPRINGS,18,5,May,2010,3,Tuesday,6,20,0,3,2,153,34.02236389,-95.22429444,12,1,0,10,0,0,1,0
400173,OKLAHOMA,OK,2,0,5,115,0,ASHVILLE,14,5,May,2010,6,Friday,17,47,0,3,3,19,36.83047778,-94.69808889,12,1,0,10,0,0,1,0
400174,OKLAHOMA,OK,1,0,2,123,0,ALEXANDER CITY,21,5,May,2010,6,Friday,1,11,0,6,6,0,34.75117500,-96.58261667,32,2,0,1,0,0,1,0
400175,OKLAHOMA,OK,2,0,3,51,0,CENTRAL,24,5,May,2010,2,Monday,21,32,1,2,8,319,35.22045833,-97.71161667,12,3,0,10,0,0,1,1
400176,OKLAHOMA,OK,2,0,4,39,0,ANDALUSIA,25,5,May,2010,3,Tuesday,17,52,0,6,6,0,35.56582778,-99.02212500,12,1,0,1,0,0,1,0
400177,OKLAHOMA,OK,1,0,5,15,0,ANNISTON,26,5,May,2010,4,Wednesday,17,19,0,6,6,0,35.11684444,-98.17054167,5,1,0,10,0,0,1,0
400178,OKLAHOMA,OK,2,0,4,121,0,BON AIR,7,6,June,2010,2,Monday,10,33,1,2,2,44,34.73450833,-95.89950000,12,1,0,2,0,0,1,0
400179,OKLAHOMA,OK,1,0,2,145,4910,BALD KNOB,26,5,May,2010,4,Wednesday,10,8,1,2,2,23,35.88421667,-95.73589167,35,1,0,10,0,0,1,0
400180,OKLAHOMA,OK,2,0,3,77,0,ANDERSON,28,5,May,2010,6,Friday,17,43,0,3,3,127,34.75343889,-95.06276667,12,1,0,1,0,0,1,0
400181,OKLAHOMA,OK,1,0,1,137,0,ALCO,28,5,May,2010,6,Friday,20,28,0,6,6,0,34.37647222,-98.02744444,53,1,0,10,0,0,1,1
400182,OKLAHOMA,OK,1,0,1,99,0,BEATRICE,29,5,May,2010,7,Saturday,12,46,0,3,3,136,34.50721111,-96.88855556,35,1,0,1,0,0,1,1
400183,OKLAHOMA,OK,1,1,2,127,170,BURNWELL,27,5,May,2010,5,Thursday,12,3,0,6,6,0,34.23667500,-95.62121944,9,1,0,1,0,0,1,0
400184,OKLAHOMA,OK,2,2,1,103,0,DANVILLE,16,6,June,2010,4,Wednesday,14,40,1,1,1,5,36.16560278,-97.32740556,14,1,0,1,0,0,1,0
400185,OKLAHOMA,OK,2,0,3,139,0,CALION,16,6,June,2010,4,Wednesday,16,30,0,4,3,100,36.90550000,-101.90211667,12,1,0,1,0,0,1,0
400186,OKLAHOMA,OK,1,0,4,111,0,GRAHAM,24,5,May,2010,2,Monday,0,54,0,4,3,119,35.61010000,-96.05133611,38,2,0,1,0,0,1,1
400187,OKLAHOMA,OK,1,0,1,9,0,BLOUNT,14,6,June,2010,2,Monday,3,40,0,4,3,56,35.40757500,-99.74638333,32,2,0,10,0,0,1,0
400188,OKLAHOMA,OK,1,0,1,79,0,COURTLAND,15,6,June,2010,3,Tuesday,11,48,0,5,4,0,35.11047778,-94.69614167,42,1,0,1,0,0,1,0
400189,OKLAHOMA,OK,2,0,3,47,1550,BROWNS,3,6,June,2010,5,Thursday,15,9,1,13,2,20,36.39729167,-97.80267500,12,1,0,1,0,0,2,0
400190,OKLAHOMA,OK,1,0,1,21,0,CHILTON,31,5,May,2010,2,Monday,11,37,0,4,4,11,35.72423889,-94.99595278,34,1,0,1,0,0,1,0
400191,OKLAHOMA,OK,1,0,2,81,0,AUBURN,26,6,June,2010,7,Saturday,0,30,0,5,4,0,35.93625833,-96.76717778,35,2,0,1,0,0,1,1
400192,OKLAHOMA,OK,1,0,2,137,0,ALCO,15,6,June,2010,3,Tuesday,3,30,0,6,4,0,34.51002778,-98.10694167,1,2,0,1,0,0,1,1
400193,OKLAHOMA,OK,1,0,1,109,3550,ANSLEY,20,6,June,2010,1,Sunday,19,9,0,16,6,0,35.38093333,-97.26539722,52,1,0,1,0,0,1,1
400194,OKLAHOMA,OK,2,0,3,123,0,ALEXANDER CITY,2,7,July,2010,6,Friday,20,33,0,5,4,32,34.73866389,-96.76955000,21,1,0,10,0,0,1,1
400195,OKLAHOMA,OK,2,0,8,143,4780,CANEHILL,16,4,April,2010,6,Friday,14,45,0,16,6,5,36.20606111,-95.96650278,12,1,0,10,1,0,1,0
400196,OKLAHOMA,OK,2,0,2,31,0,COFFEE,16,6,June,2010,4,Wednesday,0,28,0,3,2,31,34.76392222,-98.38722778,12,2,0,1,0,0,1,1
400197,OKLAHOMA,OK,1,0,1,117,0,BIRMINGHAM,30,6,June,2010,4,Wednesday,18,15,0,3,2,73,36.29271111,-96.45478611,34,1,0,10,0,0,1,0
400198,OKLAHOMA,OK,1,1,1,131,870,ARLINGTON,4,6,June,2010,6,Friday,5,14,0,6,6,0,36.17703056,-95.76895833,8,2,0,10,0,0,1,0
400199,OKLAHOMA,OK,1,0,2,9,0,BLOUNT,5,6,June,2010,7,Saturday,22,44,0,5,4,0,35.23299444,-99.62778056,35,2,0,1,0,0,1,1
400200,OKLAHOMA,OK,1,0,1,89,0,BROWNSBORO,12,7,July,2010,2,Monday,17,15,0,4,4,101,34.37163056,-94.83724167,23,1,0,1,0,0,1,0
400201,OKLAHOMA,OK,1,0,1,13,0,BOLLING,14,7,July,2010,4,Wednesday,5,30,0,4,4,39,33.96170556,-96.50051667,32,4,0,10,0,0,1,0
400202,OKLAHOMA,OK,1,0,2,111,0,GRAHAM,13,7,July,2010,3,Tuesday,14,16,0,4,3,4,35.59552500,-96.18538056,35,1,0,1,0,0,1,0
400203,OKLAHOMA,OK,1,0,1,91,0,DAYTON,14,7,July,2010,4,Wednesday,12,47,0,4,3,33,35.39710000,-95.60357500,1,1,0,1,0,0,1,0
400204,OKLAHOMA,OK,1,0,2,89,0,BROWNSBORO,20,6,June,2010,1,Sunday,11,22,0,4,3,99,34.43305833,-94.49981944,1,1,0,1,0,0,1,0
400205,OKLAHOMA,OK,1,0,1,97,0,AXIS,4,7,July,2010,1,Sunday,18,29,0,5,4,27,36.27392500,-95.11472500,1,1,0,1,0,0,1,1
400206,OKLAHOMA,OK,1,0,1,65,0,CYPRESS,8,6,June,2010,3,Tuesday,6,30,0,5,4,30,34.55065556,-99.22904722,32,1,0,1,0,0,1,1
400207,OKLAHOMA,OK,1,0,1,25,0,BARLOW BEND,3,7,July,2010,7,Saturday,12,2,0,4,3,47,36.89737222,-102.92104444,58,1,0,1,0,0,1,0
400208,OKLAHOMA,OK,2,0,3,125,0,BROOKWOOD,11,7,July,2010,1,Sunday,15,47,0,4,3,34,35.25927222,-96.86131944,12,1,0,1,0,0,3,0
400209,OKLAHOMA,OK,1,0,1,127,0,BURNWELL,12,7,July,2010,2,Monday,22,35,0,4,4,70,34.66616111,-95.04239722,1,2,0,1,0,0,1,1
400210,OKLAHOMA,OK,2,0,2,131,0,ARLINGTON,2,7,July,2010,6,Friday,17,50,0,13,3,2,36.32208889,-95.80792778,12,1,0,1,0,0,1,0
400211,OKLAHOMA,OK,2,0,4,127,0,BURNWELL,12,7,July,2010,2,Monday,9,16,0,4,3,106,34.36376111,-95.60380278,12,1,0,1,0,0,2,0
400212,OKLAHOMA,OK,2,0,3,51,0,CENTRAL,13,6,June,2010,1,Sunday,14,5,0,4,3,49,34.78317222,-98.01845833,12,1,0,1,0,0,2,1
400213,OKLAHOMA,OK,1,0,1,13,0,BOLLING,19,6,June,2010,7,Saturday,1,0,0,4,4,31,33.90453056,-96.23371389,34,2,0,1,0,0,1,0
400214,OKLAHOMA,OK,2,0,2,125,0,BROOKWOOD,6,7,July,2010,3,Tuesday,16,37,0,4,3,74,35.33044722,-96.78198889,12,1,0,1,0,0,1,0
400215,OKLAHOMA,OK,1,2,2,81,0,AUBURN,9,7,July,2010,6,Friday,19,1,1,1,1,114,35.70530278,-96.95068333,8,1,0,2,0,0,1,0
400216,OKLAHOMA,OK,2,0,2,67,0,ABBEVILLE,18,8,August,2010,4,Wednesday,21,12,1,2,2,120,34.04242778,-97.95915278,12,2,0,1,0,0,1,0
400217,OKLAHOMA,OK,2,0,2,143,4780,CANEHILL,6,9,September,2010,2,Monday,23,6,0,16,6,0,36.11899722,-95.83327500,12,3,0,1,0,0,1,1
400218,OKLAHOMA,OK,1,0,2,97,0,AXIS,11,7,July,2010,1,Sunday,1,9,0,5,4,42,36.37981667,-95.32081111,31,2,0,5,0,0,1,1
400219,OKLAHOMA,OK,1,0,1,89,0,BROWNSBORO,27,7,July,2010,3,Tuesday,22,11,1,2,2,59,34.37552500,-94.71017500,52,2,0,10,0,0,1,1
400220,OKLAHOMA,OK,4,1,5,109,3550,ANSLEY,27,5,May,2010,5,Thursday,16,1,1,11,1,16,35.48321111,-97.57835556,12,1,0,10,0,0,1,0
400221,OKLAHOMA,OK,2,0,6,113,0,COTTONTON,29,5,May,2010,7,Saturday,17,1,0,2,3,95,36.37359444,-96.23553333,12,1,0,1,0,0,2,1
400222,OKLAHOMA,OK,2,0,3,21,0,CHILTON,31,5,May,2010,2,Monday,15,34,0,6,6,0,35.84549444,-94.87891667,12,1,0,1,0,0,1,0
400223,OKLAHOMA,OK,2,0,3,15,0,ANNISTON,31,5,May,2010,2,Monday,21,50,0,3,2,0,35.04358333,-98.35694444,12,2,0,10,0,0,1,0
400224,OKLAHOMA,OK,1,0,1,23,2340,BLADON SPRINGS,1,6,June,2010,3,Tuesday,12,30,0,3,2,31,33.91347222,-95.50707500,1,1,0,1,0,0,1,0
400225,OKLAHOMA,OK,1,0,1,133,0,ARLEY,5,6,June,2010,7,Saturday,21,41,0,4,4,0,35.17672222,-96.57670833,42,2,0,1,0,0,1,1
400226,OKLAHOMA,OK,1,0,2,41,0,BRANTLEY,6,6,June,2010,1,Sunday,8,58,0,5,4,0,36.65304444,-94.79429167,1,1,0,10,0,0,2,0
400227,OKLAHOMA,OK,1,1,2,135,0,ASH FLAT,6,6,June,2010,1,Sunday,4,13,1,1,1,115,35.39362500,-94.62381667,8,2,0,1,0,0,1,0
400228,OKLAHOMA,OK,1,0,1,143,4780,CANEHILL,6,6,June,2010,1,Sunday,6,5,1,11,1,0,36.08770000,-96.04036667,25,2,0,1,0,0,1,1
400229,OKLAHOMA,OK,1,0,1,19,210,CEDAR BLUFF,6,6,June,2010,1,Sunday,23,58,1,2,2,60,34.14759444,-97.11508889,42,2,0,1,0,0,1,1
400230,OKLAHOMA,OK,1,0,1,79,0,COURTLAND,8,6,June,2010,3,Tuesday,8,45,1,2,2,103,35.32690833,-94.76125833,34,1,0,1,0,0,1,0
400231,OKLAHOMA,OK,1,0,1,113,0,COTTONTON,10,6,June,2010,5,Thursday,15,25,0,4,4,0,36.35473611,-96.03138611,32,1,0,1,0,0,1,0
400232,OKLAHOMA,OK,2,0,3,143,0,CANEHILL,30,7,July,2010,6,Friday,8,10,0,6,6,0,36.25531111,-95.99164167,12,1,0,1,0,0,1,0
400233,OKLAHOMA,OK,1,0,1,97,0,AXIS,28,8,August,2010,7,Saturday,21,0,0,4,3,13,36.43737222,-95.05730556,42,2,0,1,0,0,1,1
400234,OKLAHOMA,OK,1,0,3,83,0,ARDMORE,9,8,August,2010,2,Monday,4,23,0,5,4,0,36.05812222,-97.52751389,35,2,0,10,0,0,1,1
400235,OKLAHOMA,OK,1,0,2,135,0,ASH FLAT,4,7,July,2010,1,Sunday,5,56,0,4,3,112,35.63633333,-94.96137778,23,4,0,10,0,0,1,1
400236,OKLAHOMA,OK,2,0,2,153,0,BONAIRE,11,8,August,2010,4,Wednesday,7,31,1,2,2,148,36.26908611,-99.18899722,12,1,0,1,0,0,1,0
400237,OKLAHOMA,OK,1,0,1,61,0,BELLWOOD,23,7,July,2010,6,Friday,2,4,0,4,4,0,35.33142778,-94.93846389,35,2,0,10,0,0,1,1
400238,OKLAHOMA,OK,2,0,3,109,3550,ANSLEY,14,6,June,2010,2,Monday,15,31,0,16,6,0,35.65301111,-97.55042500,12,1,0,2,0,0,1,0
400239,OKLAHOMA,OK,3,0,3,125,4650,BROOKWOOD,24,5,May,2010,2,Monday,12,56,0,13,2,194,35.24623889,-96.92224167,12,1,0,10,0,0,1,0
400240,OKLAHOMA,OK,1,0,3,87,0,ARMSTRONG,19,8,August,2010,5,Thursday,10,21,1,1,1,34,34.90031111,-97.34787222,1,1,0,10,0,0,2,0
400241,OKLAHOMA,OK,2,0,3,81,0,AUBURN,30,6,June,2010,4,Wednesday,8,9,0,4,3,31,35.54822222,-96.89433333,12,1,0,1,0,0,1,0
400242,OKLAHOMA,OK,2,0,4,109,3550,ANSLEY,5,9,September,2010,1,Sunday,16,5,0,16,6,0,35.40041111,-97.53013056,12,1,0,1,0,0,1,0
400243,OKLAHOMA,OK,1,1,1,153,0,BONAIRE,11,8,August,2010,4,Wednesday,23,13,1,2,2,72,36.43664444,-99.26315278,9,2,0,1,0,0,1,0
400244,OKLAHOMA,OK,1,0,1,139,0,CALION,7,9,September,2010,3,Tuesday,14,30,1,2,2,4,36.86736944,-101.19767778,33,1,0,1,0,0,1,0
400245,OKLAHOMA,OK,1,0,1,109,3550,ANSLEY,4,9,September,2010,7,Saturday,17,20,0,16,6,0,35.63536111,-97.23496944,53,1,0,1,0,0,1,1
400246,OKLAHOMA,OK,1,0,4,39,1030,ANDALUSIA,7,9,September,2010,3,Tuesday,2,2,1,13,2,20,35.49255833,-98.96676667,1,2,0,10,0,0,2,1
400247,OKLAHOMA,OK,2,0,3,109,3550,ANSLEY,17,9,September,2010,6,Friday,21,26,0,16,6,0,35.46833056,-97.58335278,12,2,0,1,0,0,1,1
400248,OKLAHOMA,OK,2,0,2,145,590,BALD KNOB,26,6,June,2010,7,Saturday,1,12,0,13,3,20,36.03377222,-95.73786111,12,6,0,1,0,0,1,1
400249,OKLAHOMA,OK,1,0,2,109,3550,ANSLEY,29,8,August,2010,1,Sunday,19,49,1,11,1,143,35.38535556,-97.24683056,1,1,0,10,0,0,1,0
400250,OKLAHOMA,OK,2,0,2,89,2370,BROWNSBORO,24,8,August,2010,3,Tuesday,12,25,1,13,2,28,33.89261111,-94.79102778,12,1,0,1,0,0,1,0
400251,OKLAHOMA,OK,1,0,1,71,0,BRIDGEPORT,28,7,July,2010,4,Wednesday,6,15,0,5,4,23,36.76183611,-97.37253889,32,2,0,1,0,0,1,1
400252,OKLAHOMA,OK,2,0,4,29,0,BORDEN SPRINGS,12,7,July,2010,2,Monday,14,20,0,6,4,0,34.52717778,-96.45080833,12,1,0,1,0,0,1,0
400253,OKLAHOMA,OK,2,0,2,113,0,COTTONTON,8,9,September,2010,4,Wednesday,4,51,0,3,3,87,36.52701111,-96.33625833,12,2,0,5,0,0,2,0
400254,OKLAHOMA,OK,1,0,1,123,1740,ALEXANDER CITY,10,9,September,2010,6,Friday,22,14,0,6,6,0,34.87371389,-96.59872222,58,2,0,1,0,0,1,1
400255,OKLAHOMA,OK,1,0,1,113,0,COTTONTON,15,9,September,2010,4,Wednesday,23,0,0,3,3,23,36.53639167,-96.71939167,38,2,0,2,0,0,1,1
400256,OKLAHOMA,OK,2,0,2,13,1430,BOLLING,15,9,September,2010,4,Wednesday,8,59,1,12,2,72,34.03690556,-96.37468333,12,1,0,1,0,0,1,0
400257,OKLAHOMA,OK,1,0,1,103,0,DANVILLE,21,9,September,2010,3,Tuesday,10,5,0,5,4,0,36.23177222,-97.37548889,38,1,0,10,0,0,1,0
400258,OKLAHOMA,OK,1,1,2,135,0,ASH FLAT,12,9,September,2010,1,Sunday,20,1,1,2,2,85,35.56533056,-94.71742500,8,2,0,1,0,0,1,0
400259,OKLAHOMA,OK,2,0,1,109,3550,ANSLEY,21,9,September,2010,3,Tuesday,0,34,1,11,1,72,35.46460000,-97.46938333,14,3,0,10,0,0,1,0
400260,OKLAHOMA,OK,1,0,2,143,4780,CANEHILL,16,9,September,2010,5,Thursday,99,99,0,16,6,0,36.18767500,-95.81535556,32,2,0,10,0,0,1,1
400261,OKLAHOMA,OK,3,0,6,133,0,ARLEY,17,9,September,2010,6,Friday,18,5,0,3,2,67,35.19558611,-96.60796667,12,1,0,1,0,0,1,0
400262,OKLAHOMA,OK,2,1,2,15,0,ANNISTON,12,9,September,2010,1,Sunday,2,29,0,3,2,135,35.03140556,-98.35679167,8,2,0,1,0,0,1,0
400263,OKLAHOMA,OK,2,2,3,125,0,BROOKWOOD,8,7,July,2010,5,Thursday,21,21,0,4,3,50,35.33001944,-96.80719444,8,2,0,2,0,0,1,1
400264,OKLAHOMA,OK,1,0,2,91,0,DAYTON,16,9,September,2010,5,Thursday,14,11,0,4,2,42,35.50737222,-95.74790833,52,1,0,1,0,0,1,0
400265,OKLAHOMA,OK,1,0,1,111,0,GRAHAM,25,5,May,2010,3,Tuesday,8,40,1,2,2,82,35.54618333,-95.95110833,42,1,0,1,0,0,1,0
400266,OKLAHOMA,OK,1,0,1,137,1420,ALCO,3,7,July,2010,7,Saturday,18,53,0,16,6,0,34.49941389,-97.95493056,10,1,0,2,0,0,1,0
400267,OKLAHOMA,OK,1,1,1,125,0,BROOKWOOD,11,6,June,2010,6,Friday,21,47,0,4,4,0,35.44485833,-97.12457778,8,2,0,1,0,0,1,0
400268,OKLAHOMA,OK,1,1,1,51,0,CENTRAL,12,6,June,2010,7,Saturday,22,39,0,6,4,0,35.00050000,-97.87492778,8,2,0,10,0,0,1,0
400269,OKLAHOMA,OK,2,0,2,109,3170,ANSLEY,5,7,July,2010,2,Monday,13,31,0,16,6,0,35.49316944,-97.39876389,12,1,0,10,0,0,1,0
400270,OKLAHOMA,OK,1,0,2,109,1480,ANSLEY,15,7,July,2010,5,Thursday,2,15,0,16,6,0,35.68160833,-97.33614722,35,2,0,1,0,0,1,1
400271,OKLAHOMA,OK,2,0,5,143,0,CANEHILL,28,7,July,2010,4,Wednesday,17,45,0,6,6,0,36.30754167,-95.90186667,12,1,0,1,0,0,1,0
400272,OKLAHOMA,OK,2,0,2,137,1420,ALCO,28,7,July,2010,4,Wednesday,14,6,0,13,3,38,34.52128056,-97.99641389,12,1,0,1,0,0,1,0
400273,OKLAHOMA,OK,1,0,1,129,0,BIGBEE,2,8,August,2010,2,Monday,6,48,0,3,2,133,35.79426111,-99.71997222,32,1,0,1,0,0,1,0
400274,OKLAHOMA,OK,3,0,4,27,3430,ASHLAND,15,6,June,2010,3,Tuesday,13,14,0,13,2,91,35.27157222,-97.48018889,1,1,0,1,0,0,1,1
400275,OKLAHOMA,OK,2,0,5,109,3550,ANSLEY,14,8,August,2010,7,Saturday,15,25,1,11,1,87,35.53506111,-97.49426389,14,1,0,10,0,0,1,0
400276,OKLAHOMA,OK,2,0,6,21,4600,CHILTON,25,8,August,2010,4,Wednesday,7,39,0,13,3,35,35.90093333,-94.96089167,12,1,0,1,0,0,1,0
400277,OKLAHOMA,OK,1,0,3,145,0,BALD KNOB,5,9,September,2010,1,Sunday,4,4,0,4,3,162,35.84180278,-95.44298889,1,2,0,10,0,0,1,0
400278,OKLAHOMA,OK,2,0,2,117,0,BIRMINGHAM,14,9,September,2010,3,Tuesday,17,57,0,4,2,58,36.32796111,-96.82406944,12,1,0,1,0,0,1,0
400279,OKLAHOMA,OK,1,0,1,111,0,GRAHAM,18,9,September,2010,7,Saturday,16,9,0,4,2,60,35.77330556,-96.06869444,31,1,0,1,0,0,1,1
400280,OKLAHOMA,OK,1,0,1,21,0,CHILTON,18,9,September,2010,7,Saturday,99,99,0,4,3,5,35.81992222,-95.25335278,24,9,0,1,0,0,1,0
400281,OKLAHOMA,OK,1,0,1,81,0,AUBURN,20,9,September,2010,2,Monday,15,0,0,4,3,40,35.55068611,-97.08787222,42,9,0,99,0,0,1,0
400282,OKLAHOMA,OK,1,0,1,95,0,ALBERTVILLE,22,9,September,2010,4,Wednesday,18,6,0,4,4,0,33.99017222,-96.63844722,30,1,0,10,0,0,1,0
400283,OKLAHOMA,OK,1,0,5,129,0,BIGBEE,22,9,September,2010,4,Wednesday,19,48,0,4,3,27,35.42231944,-99.93083056,1,1,0,1,0,0,1,0
400284,OKLAHOMA,OK,2,0,7,71,0,BRIDGEPORT,24,9,September,2010,6,Friday,16,15,0,3,2,91,36.81078889,-97.06726111,12,1,0,10,0,0,1,0
400285,OKLAHOMA,OK,1,0,1,111,0,GRAHAM,1,10,October,2010,6,Friday,17,34,0,15,3,7,35.42633611,-95.99911389,34,1,0,1,0,0,1,1
400286,OKLAHOMA,OK,1,1,1,13,1430,BOLLING,3,10,October,2010,1,Sunday,11,40,0,16,6,0,33.98576111,-96.38148889,8,1,0,1,0,0,1,0
400287,OKLAHOMA,OK,1,0,1,115,0,ASHVILLE,26,6,June,2010,7,Saturday,23,30,0,5,4,0,36.71377500,-94.76673611,42,2,0,1,0,0,1,1
400288,OKLAHOMA,OK,1,0,2,109,3550,ANSLEY,26,2,February,2010,6,Friday,21,22,0,5,6,0,35.41205000,-97.49480000,10,2,0,10,0,0,1,0
400289,OKLAHOMA,OK,1,0,1,5,0,BAKER HILL,1,8,August,2010,1,Sunday,8,3,0,4,3,119,34.28736667,-95.96145000,1,1,0,1,0,0,1,0
400290,OKLAHOMA,OK,1,0,1,67,0,ABBEVILLE,30,7,July,2010,6,Friday,19,2,0,4,3,53,34.05613333,-97.57846111,1,1,0,10,0,0,1,1
400291,OKLAHOMA,OK,1,0,1,143,4780,CANEHILL,1,7,July,2010,5,Thursday,2,19,1,1,1,57,36.15868056,-96.00196111,24,2,0,1,0,0,1,1
400292,OKLAHOMA,OK,1,0,1,7,0,BIBB,28,7,July,2010,4,Wednesday,8,37,1,2,2,230,36.90688333,-100.51270833,1,1,0,1,0,0,1,0
400293,OKLAHOMA,OK,2,0,3,27,3430,ASHLAND,30,8,August,2010,2,Monday,18,55,0,3,3,86,35.18934722,-97.26760278,12,1,0,10,0,0,1,0
400294,OKLAHOMA,OK,1,0,1,89,0,BROWNSBORO,8,8,August,2010,1,Sunday,11,38,0,3,3,267,33.73597778,-94.51118333,23,1,0,1,0,0,1,0
400295,OKLAHOMA,OK,1,0,4,131,0,ARLINGTON,16,9,September,2010,5,Thursday,18,55,0,4,4,0,36.41307500,-95.56114167,42,1,0,10,0,0,2,1
400296,OKLAHOMA,OK,3,0,2,153,0,BONAIRE,10,9,September,2010,6,Friday,10,15,1,2,2,0,36.39039444,-99.35278056,12,1,0,1,0,0,1,0
400297,OKLAHOMA,OK,2,0,2,121,0,BON AIR,15,9,September,2010,4,Wednesday,9,26,1,2,2,133,34.84677778,-95.82807222,12,1,0,1,0,0,1,0
400298,OKLAHOMA,OK,1,0,1,79,0,COURTLAND,1,10,October,2010,6,Friday,22,10,1,2,2,11,34.70796944,-94.47447500,1,2,0,1,0,0,1,1
400299,OKLAHOMA,OK,1,0,3,101,0,BOYLSTON,6,10,October,2010,4,Wednesday,7,11,0,5,4,0,35.35661389,-95.27422500,34,1,0,1,0,0,1,0
400300,OKLAHOMA,OK,2,0,3,11,0,BULLOCK,5,10,October,2010,3,Tuesday,4,40,1,2,2,33,35.84136111,-98.58974167,12,2,0,1,0,0,1,0
400301,OKLAHOMA,OK,2,0,5,137,0,ALCO,12,6,June,2010,7,Saturday,23,20,0,6,4,0,34.41981944,-97.73036667,12,2,0,1,0,0,1,0
400302,OKLAHOMA,OK,1,0,1,55,0,ATTALLA,7,10,October,2010,5,Thursday,3,40,0,5,4,0,34.91602222,-99.54121389,1,2,0,1,0,0,1,1
400303,OKLAHOMA,OK,1,0,6,103,0,DANVILLE,13,6,June,2010,1,Sunday,3,59,1,1,1,266,36.54275833,-97.34541944,34,2,0,10,0,0,2,0
400304,OKLAHOMA,OK,2,0,2,79,0,COURTLAND,3,6,June,2010,5,Thursday,10,11,0,5,4,0,35.17435833,-94.56672222,12,1,0,1,0,0,1,0
400305,OKLAHOMA,OK,1,0,1,139,0,CALION,20,6,June,2010,1,Sunday,17,0,0,3,2,14,36.86320000,-101.17813056,32,1,0,1,0,0,1,0
400306,OKLAHOMA,OK,1,0,1,145,0,BALD KNOB,21,6,June,2010,2,Monday,20,43,1,2,2,16,35.83496944,-95.40286111,1,2,0,10,0,0,1,1
400307,OKLAHOMA,OK,2,0,5,37,0,BRADFORD,22,6,June,2010,3,Tuesday,15,50,1,1,1,280,35.98063889,-96.20344444,12,1,0,1,0,0,1,2
400308,OKLAHOMA,OK,1,0,1,17,0,CHAMBERS,4,9,September,2010,7,Saturday,7,57,1,1,1,237,35.50043889,-97.89981389,18,1,0,1,0,0,1,0