ST_CASE,State Name,State Abbreviation,VE_TOTAL,Pedestrains,Total_Persons_in_accident,COUNTY,CITY,City_County_Name,Calendar_DAY,MONTH,Month_Name,YEAR,DAY_WEEK,Day_Week_desc,HOUR,MINUTE,NHS_Desc,trafficway,ROUTE,MILEPT,LATITUDE,LONGITUD,First_Crash_event,Light_cond_desc,Weather_condition,WEATHER,SCH_BUS,Crash_cause,FATALS,DRUNK_DR
400309,OKLAHOMA,OK,2,0,4,109,3550,ANSLEY,5,6,June,2010,7,Saturday,0,36,0,16,6,0,35.48885278,-97.60113333,12,3,0,1,0,0,1,1
400310,OKLAHOMA,OK,1,0,3,17,1820,CHAMBERS,28,5,May,2010,6,Friday,15,50,0,3,2,22,35.54849167,-98.26600278,24,1,0,1,0,0,1,0
400311,OKLAHOMA,OK,3,0,5,109,3550,ANSLEY,23,5,May,2010,1,Sunday,18,9,0,4,3,23,35.55806944,-97.63876111,12,1,0,1,0,0,1,0
400312,OKLAHOMA,OK,1,0,1,147,4850,AUGUSTA,23,6,June,2010,4,Wednesday,18,2,0,3,3,11,36.42494444,-95.99231111,34,1,0,1,0,0,1,1
400313,OKLAHOMA,OK,1,0,3,139,2060,CALION,24,6,June,2010,5,Thursday,15,0,0,5,4,0,36.61644444,-101.21135278,34,1,0,10,0,0,1,0
400314,OKLAHOMA,OK,1,0,1,113,0,COTTONTON,23,5,May,2010,1,Sunday,18,0,0,4,3,182,36.37333611,-96.09340833,35,1,0,10,0,0,1,1
400315,OKLAHOMA,OK,1,0,1,143,0,CANEHILL,6,8,August,2010,6,Friday,19,31,0,4,4,0,35.90108056,-96.02265000,32,1,0,1,0,0,1,0
400316,OKLAHOMA,OK,1,0,1,143,4780,CANEHILL,25,6,June,2010,6,Friday,23,25,1,11,1,87,36.16021111,-95.95001389,1,2,0,10,0,0,1,1
400317,OKLAHOMA,OK,2,0,4,95,2970,ALBERTVILLE,2,8,August,2010,2,Monday,22,4,0,3,2,40,34.12928056,-96.79000278,12,2,0,1,0,0,1,0
400318,OKLAHOMA,OK,1,0,1,83,0,ARDMORE,30,9,September,2010,5,Thursday,20,46,0,4,3,132,36.05879444,-97.58611944,24,2,0,1,0,0,1,0
400319,OKLAHOMA,OK,1,0,2,125,0,BROOKWOOD,29,7,July,2010,5,Thursday,12,32,0,3,2,15,35.36899444,-96.98237778,59,1,0,10,0,0,1,0
400320,OKLAHOMA,OK,1,0,1,143,4780,CANEHILL,7,10,October,2010,5,Thursday,2,33,1,12,2,48,36.14580556,-96.00281389,1,3,0,1,0,0,1,1
400321,OKLAHOMA,OK,1,1,1,27,3550,ASHLAND,7,10,October,2010,5,Thursday,1,59,1,11,1,128,35.36799444,-97.49478056,8,3,0,1,0,0,1,0
400322,OKLAHOMA,OK,2,0,3,71,0,BRIDGEPORT,26,9,September,2010,1,Sunday,22,24,0,3,2,214,36.97678333,-97.04295556,12,3,0,10,0,0,1,0
400323,OKLAHOMA,OK,2,0,6,101,0,BOYLSTON,24,7,July,2010,7,Saturday,19,56,0,4,2,80,35.75549722,-95.64328056,12,5,0,1,0,0,1,0
400324,OKLAHOMA,OK,1,0,2,111,0,GRAHAM,3,10,October,2010,1,Sunday,22,1,0,4,4,0,35.58077500,-95.92646667,42,2,0,1,0,0,1,0
400325,OKLAHOMA,OK,1,0,1,49,0,COLLINSVILLE,26,6,June,2010,7,Saturday,3,54,0,3,4,0,34.61010000,-97.56280556,34,2,0,1,0,0,1,0
400326,OKLAHOMA,OK,2,0,2,131,870,ARLINGTON,10,7,July,2010,7,Saturday,19,30,0,16,6,0,36.16270833,-95.77962222,12,1,0,1,0,0,1,0
400327,OKLAHOMA,OK,2,0,2,63,0,BOLIGEE,25,6,June,2010,6,Friday,17,45,0,4,3,81,35.23194444,-96.29990833,12,1,0,1,0,0,1,1
400328,OKLAHOMA,OK,1,0,2,129,0,BIGBEE,26,6,June,2010,7,Saturday,19,23,0,4,3,29,35.42231667,-99.92728611,38,1,0,1,0,0,1,1
400329,OKLAHOMA,OK,1,0,1,113,0,COTTONTON,27,6,June,2010,1,Sunday,18,46,0,4,3,121,36.59551944,-96.18511944,38,1,0,10,0,0,1,1
400330,OKLAHOMA,OK,1,0,1,113,0,COTTONTON,5,10,October,2010,3,Tuesday,19,30,0,4,4,0,36.66606944,-97.02249444,31,2,0,1,0,0,1,1
400331,OKLAHOMA,OK,1,1,1,47,1550,BROWNS,16,6,June,2010,4,Wednesday,20,29,0,6,6,0,36.40712222,-97.85591111,8,1,0,1,0,0,1,0
400332,OKLAHOMA,OK,2,0,5,109,3550,ANSLEY,15,6,June,2010,3,Tuesday,19,13,0,6,6,0,35.43518333,-97.55685556,12,1,0,1,0,0,1,0
400333,OKLAHOMA,OK,2,0,2,19,210,CEDAR BLUFF,7,6,June,2010,2,Monday,9,13,0,4,3,223,34.17276389,-97.17644444,12,1,0,1,0,0,1,0
400334,OKLAHOMA,OK,2,0,2,143,4780,CANEHILL,22,5,May,2010,7,Saturday,23,25,0,13,2,62,36.09817222,-95.85953333,12,3,0,1,0,0,1,0
400335,OKLAHOMA,OK,1,0,3,45,0,ARITON,6,9,September,2010,2,Monday,0,50,0,4,3,97,36.27410833,-99.77548889,31,2,0,1,0,0,1,1
400336,OKLAHOMA,OK,2,0,3,101,0,BOYLSTON,16,5,May,2010,1,Sunday,4,13,1,2,8,16,35.50180278,-95.17694167,12,2,0,2,0,0,1,0
400337,OKLAHOMA,OK,2,0,3,143,4780,CANEHILL,5,6,June,2010,7,Saturday,13,25,0,6,6,0,99.99990000,999.99990000,12,1,0,1,0,0,1,0
400338,OKLAHOMA,OK,1,0,1,109,3550,ANSLEY,7,5,May,2010,6,Friday,2,14,0,2,3,8,35.51866389,-97.57652778,1,3,0,1,0,0,1,0
400339,OKLAHOMA,OK,2,1,1,103,0,DANVILLE,29,9,September,2010,4,Wednesday,2,10,1,1,1,121,36.33351667,-97.32726111,14,2,0,10,0,0,1,0
400340,OKLAHOMA,OK,1,0,1,131,0,ARLINGTON,29,6,June,2010,3,Tuesday,21,48,0,3,2,134,36.16995278,-95.49536111,34,2,0,10,0,0,1,0
400341,OKLAHOMA,OK,1,0,4,17,0,CHAMBERS,5,10,October,2010,3,Tuesday,1,32,0,6,4,0,35.67472778,-98.03045278,1,2,0,1,0,0,1,0
400342,OKLAHOMA,OK,2,0,2,23,2340,BLADON SPRINGS,18,6,June,2010,6,Friday,13,50,1,13,2,27,33.99670000,-95.47655278,12,1,0,1,0,0,1,0
400343,OKLAHOMA,OK,3,0,4,123,0,ALEXANDER CITY,2,8,August,2010,2,Monday,17,12,0,4,3,171,34.79738333,-96.73692500,12,1,0,1,0,0,1,0
400345,OKLAHOMA,OK,1,1,1,17,1540,CHAMBERS,4,5,May,2010,3,Tuesday,17,23,0,16,6,0,35.52351111,-97.95695000,9,1,0,1,0,0,1,0
400346,OKLAHOMA,OK,1,0,1,41,2420,BRANTLEY,3,8,August,2010,3,Tuesday,16,59,0,5,4,0,36.47833611,-95.00354167,42,1,0,1,0,0,1,1
400347,OKLAHOMA,OK,1,0,1,75,0,BEAVERTON,3,8,August,2010,3,Tuesday,13,27,0,4,3,109,34.79097222,-98.86137778,32,1,0,1,0,0,1,0
400348,OKLAHOMA,OK,1,0,2,109,3550,ANSLEY,18,7,July,2010,1,Sunday,2,19,0,16,6,0,35.38030833,-97.55606389,33,3,0,1,0,0,1,1
400349,OKLAHOMA,OK,1,0,3,65,0,CYPRESS,5,8,August,2010,5,Thursday,16,26,0,5,4,0,34.66644167,-99.50940833,34,1,0,1,0,0,1,0
400350,OKLAHOMA,OK,1,1,2,85,3050,BENTON,6,8,August,2010,6,Friday,20,43,1,1,1,159,33.94771944,-97.13478611,8,5,0,2,0,0,1,0
400351,OKLAHOMA,OK,1,0,1,135,0,ASH FLAT,7,8,August,2010,7,Saturday,14,36,0,4,3,10,35.41369444,-94.43868056,1,1,0,1,0,0,1,0
400352,OKLAHOMA,OK,2,0,2,87,0,ARMSTRONG,8,8,August,2010,1,Sunday,2,9,0,4,3,25,35.10239444,-97.60880556,12,2,0,10,0,0,1,0
400353,OKLAHOMA,OK,1,0,1,143,4780,CANEHILL,9,8,August,2010,2,Monday,3,23,1,1,1,55,36.09060556,-95.94281389,25,3,0,10,0,0,1,0
400354,OKLAHOMA,OK,2,0,2,143,0,CANEHILL,20,8,August,2010,6,Friday,13,54,0,6,4,0,36.27843611,-95.95384722,12,1,0,1,0,0,1,0
400355,OKLAHOMA,OK,1,1,1,143,4780,CANEHILL,4,1,January,2010,2,Monday,18,42,0,6,6,0,36.16074722,-95.92253333,8,3,0,1,0,0,1,0
400356,OKLAHOMA,OK,2,0,1,111,0,GRAHAM,30,6,June,2010,4,Wednesday,22,15,1,2,2,64,35.42745556,-96.08084722,34,2,0,10,0,0,1,1
400357,OKLAHOMA,OK,2,0,3,151,0,FLIPPEN,17,10,October,2010,1,Sunday,17,5,0,3,2,28,36.54641389,-98.87470556,12,1,0,10,0,0,2,1
400358,OKLAHOMA,OK,1,0,1,1,0,AUTAUGA,19,10,October,2010,3,Tuesday,22,59,0,6,4,0,35.94132500,-94.64244167,42,2,0,10,0,0,1,1
400359,OKLAHOMA,OK,1,0,1,97,0,AXIS,19,10,October,2010,3,Tuesday,12,9,0,3,3,77,36.29820833,-95.18271389,31,1,0,10,0,0,1,0
400360,OKLAHOMA,OK,1,0,1,89,0,BROWNSBORO,17,10,October,2010,1,Sunday,6,0,0,2,3,228,34.05471111,-94.80707778,35,4,0,1,0,0,1,0
400361,OKLAHOMA,OK,1,0,1,89,0,BROWNSBORO,14,10,October,2010,5,Thursday,16,46,1,2,2,128,33.81133889,-94.82530833,34,1,0,1,0,0,1,0
400362,OKLAHOMA,OK,1,0,1,73,0,ARGO,8,7,July,2010,5,Thursday,1,50,0,3,3,119,35.84206389,-97.72553333,24,2,0,10,0,0,1,0
400363,OKLAHOMA,OK,1,0,1,137,0,ALCO,5,7,July,2010,2,Monday,2,0,0,16,4,39,34.57400000,-97.93184167,1,2,0,10,0,0,1,1
400364,OKLAHOMA,OK,1,0,1,15,0,ANNISTON,15,6,June,2010,3,Tuesday,20,57,1,1,1,116,35.52929167,-98.41913333,57,5,0,10,0,0,1,0
400365,OKLAHOMA,OK,1,0,1,25,460,BARLOW BEND,15,7,July,2010,5,Thursday,11,28,1,2,2,29,36.77013889,-102.51771944,18,1,0,10,0,0,1,0
400366,OKLAHOMA,OK,1,0,1,125,0,BROOKWOOD,6,7,July,2010,3,Tuesday,16,25,1,1,1,78,35.38254167,-97.00747500,24,1,0,10,0,0,1,1
400367,OKLAHOMA,OK,2,0,2,27,3430,ASHLAND,29,4,April,2010,5,Thursday,11,51,0,16,6,0,35.23195000,-97.43976111,12,1,0,10,0,0,1,0
400368,OKLAHOMA,OK,1,0,1,19,0,CEDAR BLUFF,15,10,October,2010,6,Friday,12,52,0,4,4,0,34.15860556,-97.47467222,38,1,0,1,0,0,1,0
400369,OKLAHOMA,OK,1,0,1,97,0,AXIS,20,10,October,2010,4,Wednesday,20,40,0,4,3,41,36.43820833,-95.19963056,11,2,0,1,0,0,1,0
400370,OKLAHOMA,OK,2,0,2,17,3320,CHAMBERS,16,7,July,2010,6,Friday,11,0,0,13,3,122,35.39168611,-97.72030556,12,1,0,1,0,0,1,0
400371,OKLAHOMA,OK,1,0,1,109,3550,ANSLEY,17,7,July,2010,7,Saturday,5,48,0,16,6,0,35.50788056,-97.54250000,33,2,0,1,0,0,1,1
400372,OKLAHOMA,OK,1,0,1,115,0,ASHVILLE,7,8,August,2010,7,Saturday,22,0,0,3,2,0,36.94345278,-94.83064444,35,2,0,1,0,0,1,0
400373,OKLAHOMA,OK,2,0,6,109,3550,ANSLEY,10,10,October,2010,1,Sunday,22,16,0,15,3,100,35.65260278,-97.58500278,12,2,0,1,0,0,1,0
400374,OKLAHOMA,OK,2,0,5,81,0,AUBURN,19,9,September,2010,1,Sunday,2,20,0,4,3,47,35.77016667,-96.87681389,12,2,0,1,0,0,1,1
400375,OKLAHOMA,OK,2,0,4,95,0,ALBERTVILLE,16,10,October,2010,7,Saturday,10,58,1,2,2,70,34.09991667,-96.84580278,12,1,0,10,0,0,2,0
400376,OKLAHOMA,OK,1,2,1,5,0,BAKER HILL,21,10,October,2010,5,Thursday,9,0,0,5,4,0,34.18624722,-96.22856111,10,1,0,1,0,0,1,0
400377,OKLAHOMA,OK,2,0,3,71,0,BRIDGEPORT,22,10,October,2010,6,Friday,7,44,0,4,3,57,36.76749722,-96.96001667,12,4,0,10,0,0,1,0
400378,OKLAHOMA,OK,3,0,7,113,0,COTTONTON,10,10,October,2010,1,Sunday,14,23,0,3,3,121,36.59551944,-96.18511944,12,1,0,2,0,0,1,0
400379,OKLAHOMA,OK,2,0,3,21,4600,CHILTON,1,6,June,2010,3,Tuesday,18,22,0,16,6,347,35.89732500,-94.97637778,12,1,0,1,0,0,1,0
400380,OKLAHOMA,OK,2,0,2,119,0,BELLAMY,9,8,August,2010,2,Monday,8,25,0,3,3,45,35.98571944,-96.84764444,12,1,0,1,0,0,1,0
400381,OKLAHOMA,OK,1,1,1,109,4990,ANSLEY,14,8,August,2010,7,Saturday,21,4,0,16,6,0,35.53203333,-97.61899167,8,3,0,1,0,0,1,1
400382,OKLAHOMA,OK,3,0,4,109,1480,ANSLEY,9,10,October,2010,7,Saturday,19,18,0,16,6,0,35.66213056,-97.49605556,12,5,0,1,0,0,1,0
400384,OKLAHOMA,OK,1,0,1,61,0,BELLWOOD,27,10,October,2010,4,Wednesday,19,11,0,6,4,0,35.29961944,-94.92042222,24,2,0,1,0,0,1,1
400385,OKLAHOMA,OK,2,0,2,97,0,AXIS,7,8,August,2010,7,Saturday,17,49,1,2,2,36,36.17665278,-95.27916944,12,1,0,10,0,0,1,0
400386,OKLAHOMA,OK,1,0,1,9,1510,BLOUNT,18,8,August,2010,4,Wednesday,5,33,0,16,6,0,35.41764722,-99.41863056,33,2,0,10,0,0,1,0
400387,OKLAHOMA,OK,1,1,1,109,360,ANSLEY,2,10,October,2010,7,Saturday,20,13,0,16,6,0,35.49018889,-97.63668333,8,3,0,1,0,0,1,0
400388,OKLAHOMA,OK,2,0,2,113,0,COTTONTON,29,10,October,2010,6,Friday,15,46,0,4,4,0,36.26512500,-96.05250000,12,1,0,1,0,0,1,0
400389,OKLAHOMA,OK,2,0,2,133,0,ARLEY,1,11,November,2010,2,Monday,19,2,1,2,2,60,35.38347500,-96.67124167,12,2,0,1,0,0,1,0
400390,OKLAHOMA,OK,1,0,2,133,0,ARLEY,28,10,October,2010,5,Thursday,14,33,0,4,4,0,34.91565278,-96.52920556,35,1,0,1,0,0,1,1
400391,OKLAHOMA,OK,2,0,5,71,0,BRIDGEPORT,26,10,October,2010,3,Tuesday,19,40,0,3,2,230,36.99892500,-97.04552778,12,2,0,1,0,0,2,1
400392,OKLAHOMA,OK,1,0,2,125,0,BROOKWOOD,20,10,October,2010,4,Wednesday,19,59,0,4,4,0,35.21696944,-96.98338889,38,2,0,1,0,0,1,1
400393,OKLAHOMA,OK,2,0,3,143,0,CANEHILL,18,10,October,2010,2,Monday,14,27,0,14,4,0,36.32199167,-95.88410556,12,1,0,10,0,0,1,0
400394,OKLAHOMA,OK,2,0,3,111,0,GRAHAM,17,7,July,2010,7,Saturday,1,11,0,4,4,0,35.81275278,-95.87632778,12,2,0,10,0,0,2,1
400395,OKLAHOMA,OK,1,0,1,17,3550,CHAMBERS,31,10,October,2010,1,Sunday,6,10,1,11,1,357,35.46008611,-97.70110833,59,2,0,1,0,0,1,1
400396,OKLAHOMA,OK,1,0,2,145,0,BALD KNOB,24,7,July,2010,7,Saturday,2,25,0,5,4,0,36.01135556,-95.65470000,1,2,0,1,0,0,1,1
400397,OKLAHOMA,OK,1,0,2,53,0,ATMORE,25,10,October,2010,2,Monday,99,99,0,3,3,180,36.81056111,-97.78478611,26,9,0,99,0,0,2,1
400398,OKLAHOMA,OK,1,0,2,41,0,BRANTLEY,10,7,July,2010,7,Saturday,13,45,0,3,2,153,36.38316111,-94.81538889,1,1,0,10,0,0,1,0
400399,OKLAHOMA,OK,1,0,1,113,4330,COTTONTON,4,10,October,2010,2,Monday,19,37,0,16,6,0,36.36096389,-96.02703056,58,5,0,1,0,0,1,1
400400,OKLAHOMA,OK,1,0,6,131,0,ARLINGTON,9,10,October,2010,7,Saturday,0,22,0,6,4,0,36.52468889,-95.63473611,24,2,0,1,0,0,1,0
400401,OKLAHOMA,OK,1,0,1,39,0,ANDALUSIA,2,11,November,2010,3,Tuesday,3,0,0,3,3,17,35.66748056,-98.92994722,34,2,0,1,0,0,1,0
400402,OKLAHOMA,OK,1,1,1,109,3550,ANSLEY,18,7,July,2010,1,Sunday,8,32,0,16,6,0,35.56560556,-97.43115278,9,1,0,1,0,0,1,0
400403,OKLAHOMA,OK,1,1,1,109,3550,ANSLEY,11,8,August,2010,4,Wednesday,14,19,0,13,3,246,35.52889167,-97.57226111,8,1,0,1,0,0,1,0
400404,OKLAHOMA,OK,2,0,5,37,0,BRADFORD,24,10,October,2010,1,Sunday,15,47,0,4,4,0,36.07572222,-96.17276667,12,1,0,10,0,0,2,0
400405,OKLAHOMA,OK,2,0,2,41,0,BRANTLEY,1,10,October,2010,6,Friday,15,20,0,4,3,44,36.47334167,-94.93507500,12,1,0,1,0,0,1,0
400406,OKLAHOMA,OK,2,0,2,37,4190,BRADFORD,25,10,October,2010,2,Monday,14,29,1,11,1,337,36.01207778,-96.10984444,12,1,0,1,0,0,1,0
400407,OKLAHOMA,OK,2,0,2,41,0,BRANTLEY,23,10,October,2010,7,Saturday,1,8,0,3,2,22,36.64551667,-94.98147222,12,2,0,10,0,0,1,2
400408,OKLAHOMA,OK,1,0,3,57,0,BANKSTON,2,10,October,2010,7,Saturday,23,3,0,6,4,0,34.72361944,-99.94746111,1,2,0,1,0,0,1,0
400409,OKLAHOMA,OK,1,0,1,121,0,BON AIR,21,10,October,2010,5,Thursday,17,16,0,4,3,100,35.10767778,-95.77126111,24,1,0,1,0,0,1,0
400410,OKLAHOMA,OK,2,0,3,149,0,BELLEVILLE,14,6,June,2010,2,Monday,11,30,1,1,1,117,35.44603889,-99.16596389,12,1,0,1,0,0,1,0
400411,OKLAHOMA,OK,2,0,2,145,0,BALD KNOB,19,7,July,2010,2,Monday,8,0,0,5,4,0,36.00246389,-95.28784722,12,1,0,1,0,0,1,1
400412,OKLAHOMA,OK,2,0,2,117,0,BIRMINGHAM,10,11,November,2010,4,Wednesday,8,10,0,3,2,92,36.31810556,-96.78089722,12,1,0,1,0,0,1,0
400413,OKLAHOMA,OK,2,0,3,145,0,BALD KNOB,9,7,July,2010,6,Friday,17,0,0,5,4,0,35.95911389,-95.70814722,12,1,0,10,0,0,1,0
400414,OKLAHOMA,OK,2,0,2,33,0,CHEROKEE,25,10,October,2010,2,Monday,20,56,1,1,1,43,34.22801111,-98.46543611,24,3,0,6,0,0,1,1
400415,OKLAHOMA,OK,3,0,3,17,3550,CHAMBERS,26,6,June,2010,7,Saturday,20,50,0,16,6,0,35.47882778,-97.67515278,12,5,0,1,0,0,1,2
400416,OKLAHOMA,OK,1,1,1,109,3550,ANSLEY,17,7,July,2010,7,Saturday,8,5,0,16,6,0,35.59816111,-97.38948611,9,1,0,1,0,0,1,0
400417,OKLAHOMA,OK,2,0,2,109,3550,ANSLEY,23,7,July,2010,6,Friday,21,29,0,16,6,0,35.42566944,-97.54794167,12,3,0,1,0,0,1,1
400418,OKLAHOMA,OK,1,0,1,75,0,BEAVERTON,11,8,August,2010,4,Wednesday,17,26,0,5,4,0,34.67848611,-98.89635000,35,1,0,1,0,0,1,0
400419,OKLAHOMA,OK,2,0,2,73,0,ARGO,12,8,August,2010,5,Thursday,8,1,0,3,4,0,35.97109167,-98.19246667,12,1,0,1,0,0,1,0
400420,OKLAHOMA,OK,2,0,6,97,0,AXIS,12,8,August,2010,5,Thursday,13,40,0,4,3,27,36.23553611,-95.14324167,12,1,0,1,0,0,2,0
400421,OKLAHOMA,OK,2,0,3,109,1300,ANSLEY,19,8,August,2010,5,Thursday,1,17,1,1,1,14,35.45699722,-97.45254167,12,3,0,1,0,0,1,1
400422,OKLAHOMA,OK,2,0,2,101,2100,BOYLSTON,8,7,July,2010,5,Thursday,5,40,0,6,6,0,35.81298333,-95.69531667,12,2,0,2,0,0,1,0
400423,OKLAHOMA,OK,2,0,2,143,4780,CANEHILL,29,8,August,2010,1,Sunday,9,5,0,16,6,0,36.13561389,-95.85114167,1,1,0,1,0,0,1,0
400424,OKLAHOMA,OK,2,0,2,143,4780,CANEHILL,31,8,August,2010,3,Tuesday,9,5,1,12,3,43,36.17814722,-95.88542500,12,1,0,1,0,0,1,0
400425,OKLAHOMA,OK,1,0,2,37,0,BRADFORD,2,9,September,2010,5,Thursday,17,16,0,6,4,0,36.03061667,-96.19023333,38,1,0,1,0,0,1,0
400426,OKLAHOMA,OK,1,1,1,143,4780,CANEHILL,2,9,September,2010,5,Thursday,23,43,1,12,2,55,36.21780556,-95.85158611,8,2,0,2,0,0,1,1
400427,OKLAHOMA,OK,2,0,4,143,4780,CANEHILL,4,9,September,2010,7,Saturday,23,10,0,16,6,0,36.17704444,-95.96721389,12,3,0,1,0,0,1,1
400428,OKLAHOMA,OK,1,0,1,123,0,ALEXANDER CITY,3,9,September,2010,6,Friday,18,20,0,6,4,0,34.82533611,-96.69208056,53,1,0,1,0,0,1,1
400429,OKLAHOMA,OK,1,1,1,31,0,COFFEE,3,9,September,2010,6,Friday,23,39,0,3,3,62,34.46281389,-98.57187222,8,2,0,1,0,0,1,0
400430,OKLAHOMA,OK,2,0,3,121,0,BON AIR,5,9,September,2010,1,Sunday,19,36,1,2,2,137,35.18503611,-95.64147222,12,2,0,1,0,0,1,0
400431,OKLAHOMA,OK,1,0,1,77,0,ANDERSON,8,9,September,2010,4,Wednesday,12,26,0,3,3,78,35.00281944,-95.33357500,1,1,0,2,0,0,1,0
400432,OKLAHOMA,OK,1,0,1,99,0,BEATRICE,12,9,September,2010,1,Sunday,6,11,0,3,2,108,34.48583333,-96.96274722,1,2,0,10,0,0,1,0
400433,OKLAHOMA,OK,1,1,1,109,3550,ANSLEY,2,3,March,2010,3,Tuesday,6,24,0,13,6,0,35.51266667,-97.58365556,8,6,0,1,0,0,1,0
400434,OKLAHOMA,OK,1,0,2,51,0,CENTRAL,16,7,July,2010,6,Friday,11,30,1,2,2,174,34.85543889,-97.95272778,38,1,0,10,0,0,1,0
400435,OKLAHOMA,OK,1,0,1,45,0,ARITON,3,11,November,2010,4,Wednesday,5,50,0,2,3,67,36.30997222,-99.77779444,1,2,0,1,0,0,1,0
400436,OKLAHOMA,OK,1,0,1,143,4780,CANEHILL,11,11,November,2010,5,Thursday,18,29,0,16,6,0,36.10790556,-96.01608889,30,3,0,10,0,0,1,1
400437,OKLAHOMA,OK,2,0,5,15,0,ANNISTON,4,11,November,2010,5,Thursday,16,55,0,3,2,74,34.94306111,-98.35675556,12,1,0,1,0,0,1,0
400438,OKLAHOMA,OK,3,0,4,143,0,CANEHILL,9,11,November,2010,3,Tuesday,13,25,0,15,3,10,36.09018333,-96.11914444,12,1,0,10,0,0,1,0
400439,OKLAHOMA,OK,1,0,6,87,0,ARMSTRONG,25,9,September,2010,7,Saturday,1,33,0,4,2,64,34.93552500,-97.33359167,1,2,0,10,0,0,5,1
400440,OKLAHOMA,OK,3,0,4,83,0,ARDMORE,10,10,October,2010,1,Sunday,0,30,0,4,3,27,35.90898611,-97.59494167,5,2,0,1,0,0,1,1
400441,OKLAHOMA,OK,1,0,1,39,0,ANDALUSIA,7,11,November,2010,1,Sunday,16,26,0,4,3,99,35.53160556,-99.22143889,26,1,0,10,0,0,1,1
400442,OKLAHOMA,OK,1,0,1,143,0,CANEHILL,10,11,November,2010,4,Wednesday,16,12,0,16,4,0,36.09148611,-96.07430278,58,1,0,1,0,0,1,1
400443,OKLAHOMA,OK,1,0,2,127,0,BURNWELL,12,11,November,2010,6,Friday,15,15,1,2,8,52,34.22044167,-95.63675000,38,1,0,2,0,0,1,0
400444,OKLAHOMA,OK,2,1,1,109,3550,ANSLEY,13,11,November,2010,7,Saturday,3,20,1,11,1,11,35.46030278,-97.65235833,14,3,0,1,0,0,1,1
400445,OKLAHOMA,OK,1,1,1,109,3550,ANSLEY,10,11,November,2010,4,Wednesday,20,40,0,16,6,0,35.49509444,-97.49445556,15,2,0,10,0,0,1,0
400446,OKLAHOMA,OK,1,0,1,135,0,ASH FLAT,10,7,July,2010,7,Saturday,2,36,0,4,3,141,35.54484167,-94.56253056,1,2,0,10,0,0,1,1
400447,OKLAHOMA,OK,1,0,1,51,0,CENTRAL,16,7,July,2010,6,Friday,22,30,0,6,4,0,34.86931667,-98.01414444,42,3,0,1,0,0,1,1
400448,OKLAHOMA,OK,1,0,1,81,0,AUBURN,26,7,July,2010,2,Monday,17,36,1,1,1,269,35.75275556,-96.68161667,35,1,0,1,0,0,1,0
400449,OKLAHOMA,OK,1,0,1,119,0,BELLAMY,18,7,July,2010,1,Sunday,22,26,0,6,4,0,35.97189444,-96.72843889,31,2,0,1,0,0,1,0
400450,OKLAHOMA,OK,1,1,1,31,2750,COFFEE,21,5,May,2010,6,Friday,7,53,0,16,6,0,34.59238611,-98.40930556,9,1,0,1,0,0,1,0
400451,OKLAHOMA,OK,2,0,3,23,0,BLADON SPRINGS,22,10,October,2010,6,Friday,1,30,1,2,2,55,34.03265000,-95.84328056,12,2,0,10,0,0,1,1
400452,OKLAHOMA,OK,1,0,1,21,0,CHILTON,6,11,November,2010,7,Saturday,15,7,0,4,3,156,35.91901389,-95.17148056,1,1,0,1,0,0,1,0
400453,OKLAHOMA,OK,1,0,1,143,4780,CANEHILL,18,11,November,2010,5,Thursday,4,45,0,16,6,0,36.06089444,-95.87487500,42,2,0,10,0,0,1,1
400454,OKLAHOMA,OK,1,0,1,127,4359,BURNWELL,19,7,July,2010,2,Monday,20,30,0,6,4,0,34.35831667,-95.46355278,5,5,0,1,0,0,1,1
400455,OKLAHOMA,OK,2,0,2,115,0,ASHVILLE,19,8,August,2010,5,Thursday,3,43,0,5,3,97,36.87120833,-94.78737222,12,2,0,5,0,0,1,0
400456,OKLAHOMA,OK,1,0,3,131,0,ARLINGTON,6,11,November,2010,7,Saturday,13,21,0,16,4,0,36.30596944,-95.68657778,42,1,0,1,0,0,1,0
400457,OKLAHOMA,OK,2,0,3,97,0,AXIS,12,11,November,2010,6,Friday,11,17,1,2,2,75,36.40949167,-95.28171111,12,1,0,10,0,0,1,0
400458,OKLAHOMA,OK,1,0,1,41,0,BRANTLEY,14,11,November,2010,1,Sunday,19,19,0,3,3,88,36.40667500,-94.86278056,42,3,0,10,0,0,1,1
400459,OKLAHOMA,OK,1,0,6,97,0,AXIS,16,11,November,2010,3,Tuesday,18,29,0,4,3,56,36.16935278,-95.15804167,1,2,0,1,0,0,1,0
400460,OKLAHOMA,OK,1,0,1,119,0,BELLAMY,23,11,November,2010,3,Tuesday,18,13,0,16,6,0,36.11681667,-97.12292778,59,2,0,10,0,0,1,0
400461,OKLAHOMA,OK,1,0,1,97,0,AXIS,24,11,November,2010,4,Wednesday,17,46,0,4,4,0,36.32195833,-95.20242500,1,2,0,10,0,0,1,1
400463,OKLAHOMA,OK,1,0,1,67,4680,ABBEVILLE,21,8,August,2010,7,Saturday,7,10,0,6,6,0,33.89675278,-97.93267500,1,1,0,10,0,0,1,1
400464,OKLAHOMA,OK,1,0,1,13,0,BOLLING,22,11,November,2010,2,Monday,21,0,0,4,3,116,33.88266111,-96.21523056,1,2,0,1,0,0,1,1
400465,OKLAHOMA,OK,1,0,2,137,1070,ALCO,14,1,January,2010,5,Thursday,12,18,0,6,6,0,34.36181667,-97.96465278,42,1,0,1,0,0,1,0
400466,OKLAHOMA,OK,1,0,1,17,1540,CHAMBERS,13,6,June,2010,1,Sunday,17,38,0,16,6,0,35.53915278,-97.95934722,1,1,0,10,0,0,1,1
400467,OKLAHOMA,OK,1,1,1,109,3550,ANSLEY,8,10,October,2010,6,Friday,10,22,0,16,6,0,35.49312500,-97.47532500,8,1,0,1,0,0,1,0