ST_CASE,State Name,State Abbreviation,VE_TOTAL,Pedestrains,Total_Persons_in_accident,COUNTY,CITY,City_County_Name,Calendar_DAY,MONTH,Month_Name,YEAR,DAY_WEEK,Day_Week_desc,HOUR,MINUTE,NHS_Desc,trafficway,ROUTE,MILEPT,LATITUDE,LONGITUD,First_Crash_event,Light_cond_desc,Weather_condition,WEATHER,SCH_BUS,Crash_cause,FATALS,DRUNK_DR
400468,OKLAHOMA,OK,1,0,1,75,0,BEAVERTON,27,8,August,2010,6,Friday,23,45,0,4,4,0,34.65241667,-98.93808889,32,2,0,1,0,0,1,0
400469,OKLAHOMA,OK,2,1,1,143,4780,CANEHILL,27,6,June,2010,1,Sunday,23,9,1,12,2,69,36.16538056,-95.98043611,8,2,0,10,0,0,1,0
400470,OKLAHOMA,OK,1,0,1,103,0,DANVILLE,31,8,August,2010,3,Tuesday,17,11,1,1,1,258,36.53045278,-97.34229444,52,1,0,99,0,0,1,0
400471,OKLAHOMA,OK,1,0,1,125,0,BROOKWOOD,26,8,August,2010,5,Thursday,23,41,0,6,4,0,35.31416667,-96.78951667,42,2,0,1,0,0,1,1
400472,OKLAHOMA,OK,2,0,2,7,0,BIBB,10,11,November,2010,4,Wednesday,10,45,0,4,4,0,36.74677222,-100.79282500,12,1,0,1,0,0,1,0
400473,OKLAHOMA,OK,2,0,3,109,3550,ANSLEY,27,11,November,2010,7,Saturday,23,53,1,12,8,49,35.60126667,-97.51485833,12,3,0,1,0,0,1,1
400474,OKLAHOMA,OK,2,0,3,7,0,BIBB,5,11,November,2010,6,Friday,2,30,0,3,2,175,36.74235278,-100.83296944,12,2,0,1,0,0,1,1
400475,OKLAHOMA,OK,1,0,1,107,0,CARROLLTON,30,11,November,2010,3,Tuesday,13,40,0,4,3,54,35.33701667,-96.07766389,32,1,0,1,0,0,1,0
400476,OKLAHOMA,OK,1,0,1,123,0,ALEXANDER CITY,12,8,August,2010,5,Thursday,16,5,0,3,4,0,34.73864722,-96.83250278,38,1,0,1,0,0,1,1
400477,OKLAHOMA,OK,2,0,3,127,170,BURNWELL,13,8,August,2010,6,Friday,21,35,0,2,3,32,34.21103333,-95.55928889,12,3,0,1,0,0,1,1
400478,OKLAHOMA,OK,3,0,4,3,0,BALDWIN,18,11,November,2010,5,Thursday,18,34,0,4,3,118,36.81131944,-98.14961389,11,2,0,1,0,0,1,0
400479,OKLAHOMA,OK,1,2,1,135,4160,ASH FLAT,6,6,June,2010,1,Sunday,15,1,0,16,6,0,35.46361944,-94.83183889,10,1,0,1,0,0,1,0
400480,OKLAHOMA,OK,1,0,1,87,0,ARMSTRONG,23,8,August,2010,2,Monday,14,9,1,1,1,55,34.92848056,-97.36077222,24,1,0,1,0,0,1,0
400481,OKLAHOMA,OK,1,1,1,119,0,BELLAMY,15,8,August,2010,1,Sunday,14,55,0,3,3,79,36.09980833,-97.21599167,9,1,0,10,0,0,1,0
400482,OKLAHOMA,OK,2,0,4,113,0,COTTONTON,20,8,August,2010,6,Friday,13,45,0,4,3,147,36.70777500,-96.00709167,12,1,0,1,0,0,1,0
400483,OKLAHOMA,OK,1,1,1,137,0,ALCO,23,8,August,2010,2,Monday,21,20,0,4,4,0,34.57986111,-97.98615278,49,2,0,10,0,0,1,0
400484,OKLAHOMA,OK,2,0,2,109,2080,ANSLEY,11,7,July,2010,1,Sunday,12,14,0,6,6,0,35.49312222,-97.19204167,12,1,0,1,0,0,1,0
400485,OKLAHOMA,OK,2,0,2,31,0,COFFEE,2,12,December,2010,5,Thursday,19,25,1,11,1,104,34.64497500,-98.38665556,18,2,0,1,0,0,1,1
400486,OKLAHOMA,OK,1,0,2,123,0,ALEXANDER CITY,19,11,November,2010,6,Friday,22,8,0,3,3,148,34.81927500,-96.76680556,34,2,0,1,0,0,1,0
400487,OKLAHOMA,OK,1,0,1,37,0,BRADFORD,28,11,November,2010,1,Sunday,1,53,0,4,3,1,35.76920278,-96.61792778,1,2,0,1,0,0,1,1
400488,OKLAHOMA,OK,1,1,3,139,2320,CALION,23,7,July,2010,6,Friday,15,30,0,6,6,0,36.86090278,-101.21057778,8,1,0,1,0,0,1,0
400489,OKLAHOMA,OK,1,0,1,49,0,COLLINSVILLE,10,11,November,2010,4,Wednesday,23,43,0,5,4,0,34.68089722,-97.23023611,31,2,0,10,0,0,1,0
400490,OKLAHOMA,OK,2,1,2,91,0,DAYTON,23,11,November,2010,3,Tuesday,19,50,1,2,2,92,35.34791944,-95.57993056,12,2,0,10,0,0,1,0
400491,OKLAHOMA,OK,2,0,3,109,3550,ANSLEY,15,11,November,2010,2,Monday,17,20,0,13,3,14,35.40621667,-97.66228333,12,5,0,10,0,0,1,0
400492,OKLAHOMA,OK,1,0,1,107,0,CARROLLTON,6,12,December,2010,2,Monday,17,35,1,1,1,193,35.43022222,-96.11018889,1,2,0,1,0,0,1,0
400493,OKLAHOMA,OK,2,0,6,139,0,CALION,12,11,November,2010,6,Friday,16,45,1,2,2,83,36.94064167,-101.08893056,12,1,0,1,0,0,3,0
400494,OKLAHOMA,OK,1,1,1,51,960,CENTRAL,19,11,November,2010,6,Friday,19,42,1,13,2,34,35.04236944,-97.93682778,8,3,0,1,0,0,1,0
400495,OKLAHOMA,OK,1,0,1,143,4780,CANEHILL,6,12,December,2010,2,Monday,20,28,1,13,2,81,36.12562778,-95.85958889,30,3,0,1,0,0,1,0
400496,OKLAHOMA,OK,2,0,2,143,4780,CANEHILL,1,12,December,2010,4,Wednesday,21,57,0,16,6,0,36.03796111,-95.92237222,24,3,0,1,0,0,1,2
400497,OKLAHOMA,OK,1,0,4,103,0,DANVILLE,5,12,December,2010,1,Sunday,13,7,1,1,1,109,36.31743611,-97.32823333,1,1,0,10,0,0,1,0
400498,OKLAHOMA,OK,1,0,1,119,0,BELLAMY,8,12,December,2010,4,Wednesday,5,13,0,3,3,30,35.98597500,-96.87381389,59,3,0,10,0,0,1,0
400499,OKLAHOMA,OK,2,0,5,143,4780,CANEHILL,7,11,November,2010,1,Sunday,15,58,1,11,1,132,36.15606389,-95.83631667,12,1,0,1,0,0,1,0
400500,OKLAHOMA,OK,1,0,1,9,0,BLOUNT,10,12,December,2010,6,Friday,0,20,0,4,3,50,35.42223611,-99.89008611,32,2,0,1,0,0,1,1
400501,OKLAHOMA,OK,1,0,1,147,0,AUGUSTA,4,12,December,2010,7,Saturday,9,28,1,2,2,153,36.64376667,-95.93531389,59,1,0,1,0,0,1,0
400502,OKLAHOMA,OK,2,0,3,51,960,CENTRAL,19,8,August,2010,5,Thursday,18,54,0,16,6,0,35.04760000,-97.94409167,12,1,0,1,0,0,1,0
400503,OKLAHOMA,OK,2,0,3,115,0,ASHVILLE,7,11,November,2010,1,Sunday,3,2,1,1,1,118,36.82025556,-94.87118611,12,2,0,1,0,0,1,1
400504,OKLAHOMA,OK,1,0,1,89,0,BROWNSBORO,1,12,December,2010,4,Wednesday,19,30,1,2,2,4,33.71898056,-94.69451667,35,2,0,1,0,0,1,1
400505,OKLAHOMA,OK,1,0,1,119,0,BELLAMY,27,6,June,2010,1,Sunday,2,10,1,1,1,108,36.14087500,-97.33506944,58,2,0,1,0,0,1,0
400506,OKLAHOMA,OK,1,1,4,109,3550,ANSLEY,7,8,August,2010,7,Saturday,22,30,0,16,6,0,35.43532778,-97.47693333,8,3,0,1,0,0,1,1
400507,OKLAHOMA,OK,3,0,3,143,4780,CANEHILL,18,1,January,2010,2,Monday,18,30,0,16,6,0,36.23481944,-95.98456111,12,3,0,10,0,0,1,1
400508,OKLAHOMA,OK,2,0,3,119,4460,BELLAMY,15,9,September,2010,4,Wednesday,10,6,0,16,6,0,36.14497500,-97.04277778,12,1,0,1,0,0,1,0
400509,OKLAHOMA,OK,1,0,1,27,3430,ASHLAND,19,9,September,2010,1,Sunday,23,39,0,16,6,0,35.23384167,-97.52983056,1,3,0,1,0,0,1,1
400510,OKLAHOMA,OK,2,0,3,119,4460,BELLAMY,3,10,October,2010,1,Sunday,2,7,0,13,2,90,36.11601389,-97.05138611,12,3,0,1,0,0,1,1
400511,OKLAHOMA,OK,1,1,2,109,3550,ANSLEY,8,10,October,2010,6,Friday,7,9,0,16,6,0,35.49215833,-97.47686111,15,4,0,1,0,0,1,0
400512,OKLAHOMA,OK,1,1,1,109,3550,ANSLEY,9,10,October,2010,7,Saturday,23,19,0,16,6,0,35.48525278,-97.56566944,8,3,0,1,0,0,1,0
400513,OKLAHOMA,OK,2,1,3,109,3550,ANSLEY,14,10,October,2010,5,Thursday,20,11,0,16,6,0,35.40608611,-97.54136389,8,2,0,1,0,0,1,0
400514,OKLAHOMA,OK,1,0,1,143,4780,CANEHILL,29,7,July,2010,5,Thursday,0,1,0,16,6,0,36.07694722,-95.88658056,35,2,0,1,0,0,1,1
400515,OKLAHOMA,OK,1,0,1,143,4780,CANEHILL,24,8,August,2010,3,Tuesday,12,5,0,15,3,7,36.22048889,-95.84030000,35,1,0,10,0,0,1,0
400516,OKLAHOMA,OK,1,0,5,109,3550,ANSLEY,17,8,August,2010,3,Tuesday,5,24,0,16,6,0,35.44636389,-97.54371944,33,2,0,10,0,0,1,1
400517,OKLAHOMA,OK,2,0,3,109,3550,ANSLEY,16,10,October,2010,7,Saturday,23,0,0,16,6,0,35.47847778,-97.44283056,12,2,0,1,0,0,1,1
400518,OKLAHOMA,OK,1,0,1,109,3550,ANSLEY,24,10,October,2010,1,Sunday,1,58,1,11,1,74,35.52936944,-97.51598333,1,2,0,1,0,0,1,1
400519,OKLAHOMA,OK,2,0,2,131,0,ARLINGTON,5,11,November,2010,6,Friday,22,17,0,4,3,69,36.39402222,-95.54933333,12,2,0,10,0,0,1,1
400520,OKLAHOMA,OK,1,0,1,111,0,GRAHAM,8,12,December,2010,4,Wednesday,0,35,0,6,4,0,35.50741944,-96.05052222,1,2,0,10,0,0,1,1
400521,OKLAHOMA,OK,1,0,1,127,0,BURNWELL,9,12,December,2010,5,Thursday,6,10,0,6,4,0,34.21486944,-95.15135556,42,4,0,1,0,0,1,0
400522,OKLAHOMA,OK,1,2,4,143,0,CANEHILL,14,12,December,2010,3,Tuesday,20,11,1,2,2,36,36.15318056,-96.19208611,8,2,0,1,0,0,1,0
400523,OKLAHOMA,OK,1,0,1,89,0,BROWNSBORO,15,12,December,2010,4,Wednesday,0,39,1,2,2,139,34.04100278,-94.63847500,1,2,0,1,0,0,1,1
400524,OKLAHOMA,OK,1,0,2,129,0,BIGBEE,17,12,December,2010,6,Friday,7,37,0,4,3,57,35.81301944,-99.89864722,1,4,0,4,0,0,1,0
400525,OKLAHOMA,OK,2,0,4,125,4300,BROOKWOOD,13,9,September,2010,2,Monday,19,19,0,16,6,0,35.33009167,-96.89864444,12,5,0,10,0,0,1,0
400526,OKLAHOMA,OK,1,0,2,141,0,BEE BRANCH,27,11,November,2010,7,Saturday,16,24,0,6,4,0,34.37901389,-98.97577222,1,1,0,1,0,0,1,1
400527,OKLAHOMA,OK,1,0,3,63,0,BOLIGEE,2,12,December,2010,5,Thursday,19,25,0,4,3,16,35.22855556,-96.21441111,1,2,0,1,0,0,1,1
400528,OKLAHOMA,OK,1,0,1,21,0,CHILTON,18,12,December,2010,7,Saturday,23,16,0,4,3,5,35.81992222,-95.25335278,24,2,0,10,0,0,1,1
400529,OKLAHOMA,OK,3,0,5,143,4780,CANEHILL,25,7,July,2010,1,Sunday,1,47,0,16,6,0,36.07351667,-96.01389167,12,6,0,1,0,0,2,1
400530,OKLAHOMA,OK,2,0,6,143,4780,CANEHILL,8,8,August,2010,1,Sunday,2,17,0,16,6,0,36.10449444,-95.83932500,12,3,0,1,0,0,1,1
400531,OKLAHOMA,OK,1,0,1,143,4780,CANEHILL,12,7,July,2010,2,Monday,21,9,1,13,2,89,36.13724444,-95.85986111,20,3,0,10,0,0,1,1
400532,OKLAHOMA,OK,1,0,1,109,3550,ANSLEY,8,8,August,2010,1,Sunday,5,30,0,16,6,0,35.56569444,-97.41497778,42,2,0,1,0,0,1,1
400533,OKLAHOMA,OK,2,0,3,145,1150,BALD KNOB,13,8,August,2010,6,Friday,15,55,0,4,3,82,35.97355000,-95.66142778,12,1,0,10,0,0,1,0
400534,OKLAHOMA,OK,2,0,2,115,3160,ASHVILLE,4,12,December,2010,7,Saturday,13,40,0,13,2,0,36.87780000,-94.87756111,12,1,0,1,0,0,1,0
400535,OKLAHOMA,OK,1,0,1,79,0,COURTLAND,23,12,December,2010,5,Thursday,6,35,0,4,3,43,35.12597778,-94.56731389,35,2,0,1,0,0,1,0
400536,OKLAHOMA,OK,1,0,1,109,1480,ANSLEY,27,10,October,2010,4,Wednesday,22,6,0,16,6,0,35.67286389,-97.51408056,30,1,0,1,0,0,1,0
400537,OKLAHOMA,OK,3,0,3,101,0,BOYLSTON,15,12,December,2010,4,Wednesday,6,5,0,4,3,186,35.76790000,-95.20758056,12,2,0,1,0,0,1,0
400538,OKLAHOMA,OK,1,0,1,129,0,BIGBEE,19,12,December,2010,1,Sunday,14,8,0,3,2,62,35.69702500,-99.69465833,32,1,0,1,0,0,1,1
400539,OKLAHOMA,OK,1,1,1,39,1030,ANDALUSIA,30,11,November,2010,3,Tuesday,18,20,1,13,2,12,35.48264722,-98.97340000,8,2,0,1,0,0,1,0
400540,OKLAHOMA,OK,1,0,1,31,3123,COFFEE,30,3,March,2010,3,Tuesday,6,33,0,6,6,0,34.73707222,-98.50207778,17,3,0,10,0,0,1,0
400541,OKLAHOMA,OK,1,1,1,119,4460,BELLAMY,22,8,August,2010,1,Sunday,20,14,0,16,6,0,36.11512222,-97.02842500,8,1,0,10,0,0,1,0
400542,OKLAHOMA,OK,1,1,3,135,0,ASH FLAT,22,7,July,2010,5,Thursday,18,15,1,1,1,57,35.42756944,-94.71473333,8,1,0,1,0,0,1,0
400543,OKLAHOMA,OK,1,0,2,91,0,DAYTON,23,12,December,2010,5,Thursday,4,24,1,1,1,118,35.45416389,-95.67208333,1,2,0,10,0,0,1,0
400544,OKLAHOMA,OK,2,0,2,109,3550,ANSLEY,30,11,November,2010,3,Tuesday,11,15,0,16,6,0,35.60507500,-97.60296111,12,1,0,1,0,0,1,0
400546,OKLAHOMA,OK,1,0,1,141,0,BEE BRANCH,24,12,December,2010,6,Friday,13,19,0,6,4,0,34.50889167,-98.84332500,38,1,0,10,0,0,1,0
400547,OKLAHOMA,OK,2,0,4,49,0,COLLINSVILLE,18,8,August,2010,4,Wednesday,15,13,0,4,3,5,34.82629444,-97.30040000,12,1,0,1,1,0,1,0
400548,OKLAHOMA,OK,1,0,4,109,3550,ANSLEY,25,11,November,2010,5,Thursday,2,6,1,11,1,59,35.46146667,-97.49080000,1,3,0,10,0,0,2,1
400549,OKLAHOMA,OK,4,2,4,109,3550,ANSLEY,7,12,December,2010,3,Tuesday,19,13,1,11,1,78,35.47213889,-97.46632222,12,3,0,2,0,14,1,0
400550,OKLAHOMA,OK,2,0,5,87,0,ARMSTRONG,8,12,December,2010,4,Wednesday,7,48,0,4,3,31,35.08464444,-97.65306944,12,4,0,5,0,0,2,0
400551,OKLAHOMA,OK,1,1,1,17,3550,CHAMBERS,29,12,December,2010,4,Wednesday,18,59,1,11,1,345,35.46573056,-97.72067500,8,2,0,10,0,0,1,0
400552,OKLAHOMA,OK,2,0,2,143,4780,CANEHILL,15,7,July,2010,5,Thursday,0,3,1,12,2,43,36.11806944,-95.91937778,12,2,0,1,0,0,1,1
400553,OKLAHOMA,OK,2,0,2,27,3550,ASHLAND,19,2,February,2010,6,Friday,15,15,0,16,6,0,35.36215833,-97.56545000,12,1,0,10,0,0,1,0
400554,OKLAHOMA,OK,2,0,2,109,3550,ANSLEY,29,7,July,2010,5,Thursday,5,31,0,16,6,0,35.43524444,-97.54128889,12,3,0,1,0,0,1,1
400555,OKLAHOMA,OK,1,1,1,143,4780,CANEHILL,20,8,August,2010,6,Friday,0,24,1,11,1,38,36.08972500,-95.97313056,8,2,0,1,0,0,1,0
400556,OKLAHOMA,OK,2,0,3,87,0,ARMSTRONG,9,12,December,2010,5,Thursday,6,38,0,4,3,9,34.86888611,-97.40637500,12,1,0,10,0,0,2,0
400557,OKLAHOMA,OK,1,0,4,79,0,COURTLAND,17,12,December,2010,6,Friday,12,15,0,6,6,0,35.04236667,-94.73441944,38,1,0,1,0,0,1,0
400558,OKLAHOMA,OK,1,0,1,95,0,ALBERTVILLE,25,12,December,2010,7,Saturday,17,56,0,6,4,0,33.90242222,-96.74895833,42,2,0,1,0,0,1,0
400559,OKLAHOMA,OK,1,0,1,143,0,CANEHILL,2,9,September,2010,5,Thursday,6,41,1,12,8,80,36.01664444,-95.96130833,38,2,0,10,0,0,1,1
400560,OKLAHOMA,OK,1,0,1,97,0,AXIS,26,11,November,2010,6,Friday,16,25,0,6,4,0,36.36447222,-95.09529722,42,1,0,1,0,0,1,0
400561,OKLAHOMA,OK,2,0,5,125,0,BROOKWOOD,7,12,December,2010,3,Tuesday,18,2,0,3,2,74,35.07299444,-96.93117222,12,2,0,2,0,0,3,0
400562,OKLAHOMA,OK,1,0,2,143,4780,CANEHILL,25,12,December,2010,7,Saturday,18,8,1,13,2,68,36.04369444,-96.00728889,35,2,0,10,0,0,1,1
400563,OKLAHOMA,OK,1,0,1,127,0,BURNWELL,29,12,December,2010,4,Wednesday,0,30,0,2,3,168,34.20046111,-95.32590000,42,2,0,2,0,0,1,1
400564,OKLAHOMA,OK,1,0,1,13,0,BOLLING,31,12,December,2010,6,Friday,23,5,0,6,4,0,33.73664444,-96.35672500,42,2,0,10,0,0,1,1
400565,OKLAHOMA,OK,1,0,1,111,0,GRAHAM,10,9,September,2010,6,Friday,18,52,0,4,4,0,35.40868056,-96.01673333,42,1,0,1,0,0,1,1
400566,OKLAHOMA,OK,1,0,2,109,1300,ANSLEY,31,7,July,2010,7,Saturday,20,7,1,11,1,10,35.46006667,-97.45799167,33,1,0,1,0,0,1,0
400567,OKLAHOMA,OK,3,0,6,115,0,ASHVILLE,20,8,August,2010,6,Friday,18,55,0,4,3,88,36.87129722,-94.77153611,12,1,0,1,0,0,1,1
400568,OKLAHOMA,OK,2,0,3,97,0,AXIS,9,8,August,2010,2,Monday,11,10,0,4,3,36,36.14143611,-95.15443611,12,1,0,1,0,0,1,0
400569,OKLAHOMA,OK,2,0,3,81,0,AUBURN,3,8,August,2010,3,Tuesday,13,24,0,4,3,115,35.86952222,-96.87663611,12,1,0,1,0,0,2,0
400570,OKLAHOMA,OK,1,0,1,113,0,COTTONTON,30,12,December,2010,5,Thursday,13,55,0,4,4,0,36.58653333,-96.71031111,1,1,0,1,0,0,1,1
400571,OKLAHOMA,OK,2,0,2,19,210,CEDAR BLUFF,14,9,September,2010,3,Tuesday,7,24,0,16,6,0,34.21978611,-97.12557778,12,1,0,1,0,0,1,0
400572,OKLAHOMA,OK,2,0,6,25,0,BARLOW BEND,4,7,July,2010,1,Sunday,11,23,1,2,2,148,36.94068333,-102.52201111,12,1,0,10,0,0,3,0
400573,OKLAHOMA,OK,1,1,2,139,2010,CALION,27,9,September,2010,2,Monday,19,5,0,16,6,0,36.69312222,-101.48638889,8,1,0,1,0,0,1,0
400574,OKLAHOMA,OK,2,0,2,125,2950,BROOKWOOD,1,10,October,2010,6,Friday,23,29,0,4,2,40,35.42726667,-97.07458889,12,2,0,1,0,0,1,1
400575,OKLAHOMA,OK,2,0,7,109,1300,ANSLEY,13,10,October,2010,4,Wednesday,18,22,0,16,6,0,35.44977778,-97.45921389,12,1,0,1,0,0,1,0
400576,OKLAHOMA,OK,2,0,2,109,1300,ANSLEY,24,10,October,2010,1,Sunday,10,48,0,16,6,0,35.43523611,-97.42990556,12,1,0,1,0,0,1,0
400577,OKLAHOMA,OK,2,0,3,15,0,ANNISTON,18,12,December,2010,7,Saturday,19,40,0,3,2,8,34.86677778,-98.38716111,12,2,0,1,0,0,2,1
400578,OKLAHOMA,OK,2,0,3,27,3550,ASHLAND,21,12,December,2010,3,Tuesday,7,45,0,16,6,0,35.34278611,-97.21282500,12,1,0,1,0,0,1,0
400579,OKLAHOMA,OK,2,0,2,109,3550,ANSLEY,26,12,December,2010,1,Sunday,2,14,0,12,3,40,35.42311667,-97.62775278,12,2,0,1,0,0,2,1
400580,OKLAHOMA,OK,3,0,6,109,3550,ANSLEY,26,2,February,2010,6,Friday,19,21,1,11,7,25,35.39131667,-97.53044722,12,3,0,10,0,0,1,1
400581,OKLAHOMA,OK,2,0,2,37,1410,BRADFORD,25,3,March,2010,5,Thursday,19,21,0,6,6,0,35.98848056,-96.60181667,12,1,0,1,0,0,1,1
400582,OKLAHOMA,OK,1,1,1,89,2370,BROWNSBORO,7,5,May,2010,6,Friday,16,12,0,16,6,0,33.90280278,-94.83436111,15,1,0,1,0,0,1,0
400583,OKLAHOMA,OK,2,0,2,101,4980,BOYLSTON,13,5,May,2010,5,Thursday,12,30,0,3,3,174,35.49563056,-95.31020278,12,1,0,2,0,0,1,0
400584,OKLAHOMA,OK,2,0,2,49,0,COLLINSVILLE,27,5,May,2010,5,Thursday,5,0,0,3,3,46,34.62311944,-97.48404167,12,2,0,1,0,0,1,1
400585,OKLAHOMA,OK,1,1,1,143,4780,CANEHILL,20,6,June,2010,1,Sunday,5,47,0,16,6,0,36.10449722,-95.83962222,8,2,0,1,0,0,1,0
400586,OKLAHOMA,OK,2,0,5,51,960,CENTRAL,23,6,June,2010,4,Wednesday,15,15,0,16,6,0,35.02959722,-97.94376389,12,1,0,1,0,0,1,0
400587,OKLAHOMA,OK,1,2,2,17,3550,CHAMBERS,30,6,June,2010,4,Wednesday,18,10,1,11,1,290,35.50097500,-97.80550556,8,1,0,10,0,0,2,0
400588,OKLAHOMA,OK,3,0,7,81,0,AUBURN,11,7,July,2010,1,Sunday,12,54,0,3,2,60,35.55081667,-96.99958611,12,1,0,1,0,0,1,0
400589,OKLAHOMA,OK,2,0,4,147,0,AUGUSTA,20,7,July,2010,3,Tuesday,18,7,0,14,3,27,36.76589167,-95.96143056,12,1,0,1,0,0,1,1
400590,OKLAHOMA,OK,1,1,1,97,0,AXIS,20,7,July,2010,3,Tuesday,19,10,0,4,4,0,36.14788611,-95.32383056,8,1,0,10,0,0,1,0
400591,OKLAHOMA,OK,2,0,5,81,0,AUBURN,21,7,July,2010,4,Wednesday,3,13,0,3,2,10,35.47800833,-97.00053056,12,2,0,1,0,0,1,1
400592,OKLAHOMA,OK,1,1,1,71,0,BRIDGEPORT,22,7,July,2010,5,Thursday,22,1,0,4,4,0,36.66609722,-97.27401944,8,3,0,1,0,0,1,1
400593,OKLAHOMA,OK,1,0,1,89,0,BROWNSBORO,24,7,July,2010,7,Saturday,17,0,0,3,3,100,33.86338889,-94.65254722,1,1,0,1,0,0,1,0
400594,OKLAHOMA,OK,1,0,6,41,0,BRANTLEY,24,7,July,2010,7,Saturday,17,35,1,2,8,144,36.20554444,-94.76183056,59,1,0,10,0,0,2,0
400595,OKLAHOMA,OK,2,0,5,139,0,CALION,25,7,July,2010,1,Sunday,14,0,1,2,2,65,36.76222500,-101.91405833,12,1,0,1,0,0,1,0
400596,OKLAHOMA,OK,2,0,4,121,2630,BON AIR,6,10,October,2010,4,Wednesday,23,30,0,4,3,2,34.71971944,-95.89596667,12,3,0,1,0,0,1,1
400597,OKLAHOMA,OK,1,1,1,109,3550,ANSLEY,31,12,December,2010,6,Friday,18,11,0,16,6,0,35.52123333,-97.56570556,8,3,0,1,0,0,1,0
400598,OKLAHOMA,OK,2,0,3,23,0,BLADON SPRINGS,20,12,December,2010,2,Monday,20,30,1,2,2,184,34.04027500,-95.62575833,12,2,0,1,0,0,1,0
400599,OKLAHOMA,OK,2,0,2,109,1480,ANSLEY,1,11,November,2010,2,Monday,15,49,0,16,6,0,35.62359722,-97.49498333,12,1,0,1,0,0,1,0
400600,OKLAHOMA,OK,1,0,1,55,0,ATTALLA,27,12,December,2010,2,Monday,17,23,0,6,4,0,34.79084167,-99.47568611,34,2,0,1,0,0,1,0
400601,OKLAHOMA,OK,2,0,2,27,3430,ASHLAND,6,10,October,2010,4,Wednesday,5,44,1,13,2,0,35.26180833,-97.42370000,12,3,0,1,0,0,1,1
400602,OKLAHOMA,OK,1,0,2,109,1480,ANSLEY,5,11,November,2010,6,Friday,6,42,1,11,1,79,35.65084444,-97.42438333,33,1,0,1,0,0,1,0
400603,OKLAHOMA,OK,4,0,8,47,1550,BROWNS,13,11,November,2010,7,Saturday,2,9,0,14,6,0,36.41971944,-97.91545556,12,3,0,1,0,0,1,1
400605,OKLAHOMA,OK,1,0,1,19,0,CEDAR BLUFF,17,12,December,2010,6,Friday,16,30,1,1,1,20,34.09984722,-97.15072500,1,1,0,2,0,0,1,1
400606,OKLAHOMA,OK,1,0,1,143,4780,CANEHILL,18,12,December,2010,7,Saturday,17,46,0,16,6,0,36.16065000,-95.81496389,34,3,0,10,0,0,1,1
400607,OKLAHOMA,OK,1,0,2,47,1550,BROWNS,25,12,December,2010,7,Saturday,16,35,0,16,6,0,36.42712500,-97.89418889,5,1,0,10,0,0,1,0
400608,OKLAHOMA,OK,2,0,5,39,5080,ANDALUSIA,14,12,December,2010,3,Tuesday,18,30,0,14,3,12,35.53798889,-98.72085000,12,3,0,10,0,0,1,0
400609,OKLAHOMA,OK,1,0,1,101,3310,BOYLSTON,14,11,November,2010,1,Sunday,19,14,0,13,2,124,35.75494444,-95.42691389,33,3,0,10,0,0,1,0
400610,OKLAHOMA,OK,1,1,1,109,4990,ANSLEY,1,12,December,2010,4,Wednesday,20,36,1,13,3,37,35.54801944,-97.61580833,9,3,0,1,0,0,1,0
400611,OKLAHOMA,OK,2,0,6,109,2080,ANSLEY,17,12,December,2010,6,Friday,16,30,0,16,6,0,35.43502500,-97.21617222,12,1,0,10,0,0,1,0
400612,OKLAHOMA,OK,1,1,2,31,2750,COFFEE,10,11,November,2010,4,Wednesday,18,48,0,16,6,0,34.62317222,-98.41302778,8,3,0,10,0,0,1,0
400613,OKLAHOMA,OK,1,0,2,125,4300,BROOKWOOD,20,11,November,2010,7,Saturday,23,51,0,14,6,0,35.36868056,-96.94749444,53,2,0,1,0,0,1,0
400614,OKLAHOMA,OK,2,0,4,101,3310,BOYLSTON,5,11,November,2010,6,Friday,20,47,1,13,2,9,35.76963889,-95.38564444,12,3,0,1,0,0,1,1
400615,OKLAHOMA,OK,2,0,2,137,1420,ALCO,15,10,October,2010,6,Friday,8,45,1,13,3,38,34.52163056,-97.99637222,12,1,0,1,0,0,1,0
400616,OKLAHOMA,OK,2,0,2,137,1420,ALCO,28,10,October,2010,5,Thursday,11,58,0,16,6,0,34.53611111,-97.93179167,12,1,0,1,0,0,1,0
400617,OKLAHOMA,OK,2,0,3,111,2180,GRAHAM,17,12,December,2010,6,Friday,11,29,0,13,2,11,35.43976389,-96.00273611,12,1,0,10,0,0,2,0
400618,OKLAHOMA,OK,2,0,3,97,0,AXIS,18,3,March,2010,5,Thursday,13,37,0,3,3,146,36.40888056,-95.04640000,12,1,0,1,0,0,1,0
400619,OKLAHOMA,OK,1,0,1,109,2080,ANSLEY,31,12,December,2010,6,Friday,19,0,0,13,2,157,35.49309167,-97.18725000,30,2,0,1,0,0,1,0
400620,OKLAHOMA,OK,2,0,3,109,3550,ANSLEY,21,12,December,2010,3,Tuesday,19,21,1,11,1,187,35.38413611,-97.16864167,12,2,0,1,0,0,1,0
400621,OKLAHOMA,OK,1,0,1,83,2730,ARDMORE,22,11,November,2010,2,Monday,20,45,0,6,6,0,35.94326944,-97.26363333,30,3,0,1,0,0,1,0
400622,OKLAHOMA,OK,1,1,2,15,820,ANNISTON,30,10,October,2010,7,Saturday,22,30,0,3,3,16,35.10179167,-98.59853333,8,3,0,1,0,0,1,0