ST_CASE,State Name,State Abbreviation,VE_TOTAL,Pedestrains,Total_Persons_in_accident,COUNTY,CITY,City_County_Name,Calendar_DAY,MONTH,Month_Name,YEAR,DAY_WEEK,Day_Week_desc,HOUR,MINUTE,NHS_Desc,trafficway,ROUTE,MILEPT,LATITUDE,LONGITUD,First_Crash_event,Light_cond_desc,Weather_condition,WEATHER,SCH_BUS,Crash_cause,FATALS,DRUNK_DR
400623,OKLAHOMA,OK,2,0,3,115,1080,ASHVILLE,7,4,April,2010,4,Wednesday,9,35,0,13,3,99999,36.94358611,-94.84194444,12,1,0,1,0,0,1,0
410001,OREGON,OR,1,1,1,51,1650,CENTRAL,13,1,January,2010,4,Wednesday,5,12,1,13,2,94,45.61182222,-122.79746944,8,3,0,2,0,0,1,0
410002,OREGON,OR,1,0,1,39,0,ANDALUSIA,14,1,January,2010,5,Thursday,14,51,0,4,4,24,44.23616389,-123.28512778,42,1,0,10,0,0,1,0
410003,OREGON,OR,1,1,1,67,700,ABBEVILLE,15,1,January,2010,6,Friday,18,8,1,13,3,174,45.52071944,-123.07316667,8,2,0,2,0,0,1,0
410004,OREGON,OR,2,3,1,67,0,ABBEVILLE,22,1,January,2010,6,Friday,7,0,0,14,3,199,45.50244444,-123.11570000,8,2,0,2,0,0,1,0
410005,OREGON,OR,1,1,1,51,1650,CENTRAL,23,1,January,2010,7,Saturday,19,20,0,14,6,0,45.47659444,-122.53517778,8,3,0,10,0,0,1,0
410006,OREGON,OR,2,0,2,65,0,CYPRESS,25,1,January,2010,2,Monday,7,44,1,2,2,655,45.19141389,-121.68760556,12,1,0,10,0,0,1,0
410007,OREGON,OR,1,1,1,51,880,CENTRAL,26,1,January,2010,3,Tuesday,18,34,0,13,6,0,45.49865278,-122.47557778,8,3,0,1,0,0,1,0
410008,OREGON,OR,1,0,1,39,0,ANDALUSIA,9,1,January,2010,7,Saturday,99,99,0,4,4,24,43.91426389,-122.99580000,3,2,0,99,0,0,1,1
410009,OREGON,OR,2,0,3,39,0,ANDALUSIA,11,1,January,2010,2,Monday,16,45,0,4,4,8,44.04086389,-123.33024444,12,5,10,5,0,0,1,0
410010,OREGON,OR,1,1,1,11,140,BULLOCK,11,1,January,2010,2,Monday,6,22,0,3,3,1,43.11899444,-124.39772778,8,2,0,10,0,0,1,0
410011,OREGON,OR,2,0,2,45,0,ARITON,27,1,January,2010,4,Wednesday,10,5,0,3,3,240,44.06175278,-116.98004722,12,1,0,1,0,0,1,0
410012,OREGON,OR,1,1,1,47,0,BROWNS,28,1,January,2010,5,Thursday,18,35,0,4,4,7,45.10904722,-122.77383611,9,2,0,1,0,0,1,0
410013,OREGON,OR,1,1,1,39,660,ANDALUSIA,29,1,January,2010,6,Friday,18,28,1,13,3,1206,44.07057500,-123.14333889,8,3,0,1,0,0,1,0
410014,OREGON,OR,2,0,3,39,0,ANDALUSIA,1,2,February,2010,2,Monday,10,5,0,4,4,50,44.07043889,-123.23465833,12,1,0,2,0,0,1,0
410015,OREGON,OR,1,2,1,43,2052,BAILEYTON,1,2,February,2010,2,Monday,10,0,0,3,3,76,44.55910278,-123.11005278,15,1,0,2,0,0,1,0
410016,OREGON,OR,1,0,1,39,0,ANDALUSIA,4,2,February,2010,5,Thursday,10,45,1,2,3,320,44.12587222,-122.46992778,35,1,0,1,0,0,1,0
410017,OREGON,OR,1,1,1,15,0,ANNISTON,3,2,February,2010,4,Wednesday,20,41,1,2,2,3587,42.04905833,-124.25823333,8,2,0,10,0,0,1,0
410018,OREGON,OR,1,1,1,43,0,BAILEYTON,5,2,February,2010,6,Friday,22,26,0,2,3,108,44.55566944,-123.04930000,8,2,0,10,0,0,1,0
410019,OREGON,OR,1,1,1,51,1650,CENTRAL,24,2,February,2010,4,Wednesday,18,18,0,13,6,0,45.49677778,-122.62265556,8,3,0,10,0,0,1,0
410020,OREGON,OR,2,1,6,39,0,ANDALUSIA,10,2,February,2010,4,Wednesday,21,23,0,4,3,91,43.87294444,-123.02939722,12,2,0,10,0,0,1,0
410021,OREGON,OR,2,0,3,41,0,BRANTLEY,11,2,February,2010,5,Thursday,16,58,1,2,2,52,44.62899167,-123.95666944,12,5,0,2,0,0,2,0
410022,OREGON,OR,2,0,3,19,1780,CEDAR BLUFF,14,2,February,2010,1,Sunday,22,48,0,13,6,0,43.24310278,-123.35286944,12,3,0,10,0,0,1,0
410024,OREGON,OR,2,0,6,41,0,BRANTLEY,18,2,February,2010,5,Thursday,9,29,1,2,2,1311,44.78326389,-124.07249722,12,1,0,1,0,0,1,0
410025,OREGON,OR,1,0,1,69,0,ASHFORD,22,2,February,2010,2,Monday,99,99,1,2,2,654,44.57212500,-120.16957500,35,1,0,1,0,0,1,0
410026,OREGON,OR,1,0,1,33,0,CHEROKEE,13,2,February,2010,7,Saturday,13,50,0,6,8,0,42.35256111,-123.50557222,1,1,0,1,0,0,1,0
410027,OREGON,OR,2,0,3,47,0,BROWNS,22,2,February,2010,2,Monday,18,55,0,4,4,14,45.16347500,-122.83057500,12,2,0,1,0,0,1,0
410028,OREGON,OR,1,0,1,31,0,COFFEE,23,2,February,2010,3,Tuesday,99,99,0,6,4,23,44.78349722,-120.90363333,58,9,0,99,0,0,1,0
410029,OREGON,OR,2,0,2,51,880,CENTRAL,28,2,February,2010,1,Sunday,5,36,0,13,6,0,45.53470278,-122.48660278,30,3,0,1,0,0,1,1
410030,OREGON,OR,2,0,9,39,0,ANDALUSIA,16,1,January,2010,7,Saturday,15,40,1,2,2,1743,44.13863333,-124.11823611,12,1,0,2,0,0,1,0
410031,OREGON,OR,1,1,3,43,0,BAILEYTON,22,3,March,2010,2,Monday,20,55,1,1,1,2358,44.66978611,-123.05839444,8,2,0,10,0,0,1,0
410032,OREGON,OR,1,0,1,39,0,ANDALUSIA,4,3,March,2010,5,Thursday,6,47,0,4,4,64,43.55170556,-123.09306667,42,2,0,99,0,0,1,1
410033,OREGON,OR,2,0,2,39,0,ANDALUSIA,4,3,March,2010,5,Thursday,5,25,1,2,3,265,43.81132500,-122.57760000,54,2,0,2,0,0,1,0
410034,OREGON,OR,1,0,1,3,0,BALDWIN,6,3,March,2010,7,Saturday,14,24,0,5,4,13,44.30969444,-123.32336111,34,1,0,1,0,0,1,0
410035,OREGON,OR,1,0,1,39,0,ANDALUSIA,6,3,March,2010,7,Saturday,13,0,0,5,4,32,43.61417500,-123.13277222,34,1,0,1,0,0,1,0
410036,OREGON,OR,1,0,2,47,0,BROWNS,15,3,March,2010,2,Monday,15,43,0,4,4,19,45.08884722,-122.83727778,42,1,0,1,0,0,2,1
410037,OREGON,OR,5,1,5,47,0,BROWNS,18,3,March,2010,5,Thursday,5,44,1,11,1,2595,44.99598333,-122.98199722,8,3,0,1,0,0,1,0
410038,OREGON,OR,1,1,1,51,1650,CENTRAL,18,3,March,2010,5,Thursday,11,5,0,14,6,0,45.52325000,-122.69469722,15,1,0,1,0,0,1,0
410039,OREGON,OR,2,0,4,29,0,BORDEN SPRINGS,19,3,March,2010,6,Friday,4,49,1,1,1,385,42.41870000,-123.01453611,12,3,0,1,0,0,1,0
410040,OREGON,OR,1,0,2,39,0,ANDALUSIA,20,3,March,2010,7,Saturday,20,0,1,2,3,331,44.12359167,-122.38609722,42,2,0,1,0,0,2,1
410041,OREGON,OR,1,0,1,51,880,CENTRAL,20,3,March,2010,7,Saturday,18,11,0,13,2,161,45.47683333,-122.39696111,24,5,0,10,0,0,1,0
410042,OREGON,OR,3,0,6,53,0,ATMORE,22,3,March,2010,2,Monday,19,30,0,3,3,165,44.99969167,-123.07794444,12,5,0,10,0,0,1,1
410043,OREGON,OR,1,0,1,29,0,BORDEN SPRINGS,28,3,March,2010,1,Sunday,1,35,0,3,3,407,42.72666944,-122.52718056,1,2,0,10,0,0,1,1
410044,OREGON,OR,1,0,1,9,0,BLOUNT,27,3,March,2010,7,Saturday,13,45,1,2,2,377,45.99504167,-122.87696667,24,1,0,1,0,0,1,0
410045,OREGON,OR,1,0,2,65,0,CYPRESS,27,3,March,2010,7,Saturday,14,15,0,4,3,123,44.89982778,-120.74364722,38,1,0,1,0,0,1,0
410046,OREGON,OR,1,1,0,19,0,CEDAR BLUFF,31,3,March,2010,4,Wednesday,99,99,0,6,4,24,43.11043056,-123.53765278,8,9,0,99,0,0,1,0
410047,OREGON,OR,2,0,3,51,1650,CENTRAL,1,4,April,2010,5,Thursday,11,39,0,15,6,0,45.55515000,-122.47292500,12,1,0,10,0,0,1,0
410048,OREGON,OR,1,0,2,5,0,BAKER HILL,2,4,April,2010,6,Friday,16,0,0,6,4,17,45.19703333,-122.73475278,1,1,0,10,0,0,1,0
410049,OREGON,OR,1,0,1,39,660,ANDALUSIA,3,4,April,2010,7,Saturday,1,5,0,14,6,0,44.09785278,-123.12275556,42,3,0,2,0,0,1,1
410050,OREGON,OR,1,0,1,47,0,BROWNS,3,4,April,2010,7,Saturday,7,21,0,6,4,9,44.94496111,-122.89838333,35,4,0,2,0,0,1,0
410051,OREGON,OR,1,1,2,47,0,BROWNS,3,4,April,2010,7,Saturday,20,57,0,5,4,22,45.15744167,-122.83803611,8,2,0,10,0,0,1,0
410052,OREGON,OR,1,0,1,5,0,BAKER HILL,5,4,April,2010,2,Monday,19,19,0,16,4,2,45.45438611,-122.56467500,5,1,0,10,0,0,1,0
410053,OREGON,OR,1,0,1,33,0,CHEROKEE,6,4,April,2010,3,Tuesday,99,99,0,4,4,74,42.52272778,-123.46245833,1,1,0,1,0,0,1,1
410054,OREGON,OR,1,1,1,9,0,BLOUNT,7,4,April,2010,4,Wednesday,13,12,1,2,2,603,46.10290833,-123.17733333,8,1,0,2,0,0,1,0
410055,OREGON,OR,1,1,1,51,1650,CENTRAL,7,4,April,2010,4,Wednesday,21,16,0,13,3,21,45.49255833,-122.65655278,8,3,0,10,0,0,1,0
410056,OREGON,OR,2,0,3,29,1310,BORDEN SPRINGS,7,4,April,2010,4,Wednesday,16,24,0,14,6,0,42.34108333,-122.86600278,12,1,0,1,0,0,1,0
410057,OREGON,OR,1,0,2,51,1650,CENTRAL,7,4,April,2010,4,Wednesday,23,49,1,11,1,3029,45.54018333,-122.67110833,24,3,0,2,0,0,1,0
410058,OREGON,OR,1,0,1,35,0,BROOKLYN,11,4,April,2010,1,Sunday,12,57,0,5,6,20,42.08741944,-121.78254444,17,1,0,1,0,0,1,1
410059,OREGON,OR,1,0,1,11,0,BULLOCK,11,4,April,2010,1,Sunday,99,99,0,4,4,56,43.33952500,-124.31735556,42,2,0,1,0,0,1,1
410060,OREGON,OR,2,0,2,43,0,BAILEYTON,16,4,April,2010,6,Friday,14,12,1,1,1,2093,44.28779444,-123.06114722,12,1,0,1,0,0,1,0
410061,OREGON,OR,1,0,4,37,0,BRADFORD,17,4,April,2010,7,Saturday,8,35,0,3,3,1180,42.50022778,-120.26241389,1,1,0,1,0,0,1,0
410062,OREGON,OR,1,1,1,39,1960,ANDALUSIA,20,2,February,2010,7,Saturday,2,52,0,15,6,0,44.03872500,-123.04278333,8,2,0,1,0,0,1,1
410063,OREGON,OR,1,0,4,1,0,AUTAUGA,26,3,March,2010,6,Friday,13,20,0,3,3,360,44.68121944,-118.00960556,1,1,0,10,0,0,1,0
410064,OREGON,OR,2,0,3,43,0,BAILEYTON,16,4,April,2010,6,Friday,15,29,1,2,3,92,44.55586389,-123.07961389,12,1,0,1,0,0,1,0
410065,OREGON,OR,1,0,1,15,0,ANNISTON,22,4,April,2010,5,Thursday,17,48,0,4,4,25,42.06781944,-124.24322500,31,1,0,1,0,0,1,0
410066,OREGON,OR,1,0,2,35,0,BROOKLYN,23,4,April,2010,6,Friday,23,45,1,2,2,2000,43.26205278,-121.78198889,1,2,0,1,0,0,1,1
410067,OREGON,OR,1,5,1,51,1650,CENTRAL,24,4,April,2010,7,Saturday,23,57,1,13,6,0,45.52663611,-122.67756944,8,3,0,1,0,0,2,0
410068,OREGON,OR,1,1,2,15,830,ANNISTON,19,1,January,2010,3,Tuesday,19,5,1,2,2,3301,42.38103889,-124.42162778,8,2,0,2,0,0,1,0
410069,OREGON,OR,1,0,2,33,0,CHEROKEE,20,2,February,2010,7,Saturday,11,50,0,4,4,58,42.27215278,-123.51367778,42,1,0,1,0,0,2,0
410070,OREGON,OR,1,1,1,49,0,COLLINSVILLE,18,4,April,2010,1,Sunday,15,45,0,2,2,1749,45.90530833,-119.21827500,8,1,0,1,0,0,1,0
410071,OREGON,OR,1,0,1,57,0,BANKSTON,25,4,April,2010,1,Sunday,11,45,0,4,4,21,45.27795833,-123.80614444,38,1,0,1,0,0,1,0
410072,OREGON,OR,1,0,1,71,0,BRIDGEPORT,25,4,April,2010,1,Sunday,4,9,0,6,4,54,45.33304722,-123.23805833,1,2,0,10,0,0,1,1
410073,OREGON,OR,1,0,2,11,0,BULLOCK,26,4,April,2010,2,Monday,11,10,0,6,4,3,43.33081389,-124.30710000,42,1,0,10,0,0,1,1
410074,OREGON,OR,1,0,1,29,0,BORDEN SPRINGS,27,4,April,2010,3,Tuesday,99,99,0,4,3,490,42.71807222,-122.84157222,21,2,0,2,0,0,1,0
410075,OREGON,OR,3,0,3,19,0,CEDAR BLUFF,27,4,April,2010,3,Tuesday,10,50,1,13,3,757,43.14589444,-123.38077222,12,1,0,10,0,0,1,0
410076,OREGON,OR,2,0,2,53,0,ATMORE,27,4,April,2010,3,Tuesday,7,20,0,3,3,702,44.75278611,-123.22382500,12,1,0,10,0,0,1,0
410077,OREGON,OR,2,0,2,47,0,BROWNS,19,3,March,2010,6,Friday,7,47,0,3,3,298,45.17471111,-122.81067222,12,1,0,1,0,0,1,0
410078,OREGON,OR,1,0,1,69,0,ASHFORD,23,4,April,2010,6,Friday,16,30,0,4,3,205,44.59960278,-120.21785833,35,1,0,1,0,0,1,0
410079,OREGON,OR,1,0,2,27,0,ASHLAND,29,4,April,2010,5,Thursday,12,35,1,1,1,543,45.69487500,-121.67424722,42,1,0,10,0,0,1,1
410080,OREGON,OR,1,1,1,51,1650,CENTRAL,2,5,May,2010,1,Sunday,21,1,0,14,6,0,45.48908333,-122.59539722,8,3,0,10,0,0,1,0
410081,OREGON,OR,1,0,1,11,0,BULLOCK,6,5,May,2010,5,Thursday,19,51,0,3,3,152,43.13317778,-124.17209444,24,1,0,1,0,0,1,0
410082,OREGON,OR,1,1,0,33,0,CHEROKEE,6,5,May,2010,5,Thursday,10,35,0,3,3,77,42.33627778,-123.30411667,8,1,0,1,0,0,1,0
410083,OREGON,OR,1,0,3,39,0,ANDALUSIA,11,5,May,2010,3,Tuesday,15,30,0,6,8,0,44.18797222,-123.48166667,34,1,0,1,0,0,1,0
410084,OREGON,OR,1,0,1,17,0,CHAMBERS,12,5,May,2010,4,Wednesday,16,24,1,2,2,515,43.76076944,-120.43624722,1,1,0,10,0,0,1,0
410086,OREGON,OR,1,1,4,51,1650,CENTRAL,13,5,May,2010,5,Thursday,23,4,1,11,1,22,45.52194167,-122.68575278,39,3,0,1,0,0,1,1
410087,OREGON,OR,2,0,2,41,0,BRANTLEY,14,5,May,2010,6,Friday,16,41,1,2,3,23,45.02009444,-123.94485833,12,1,0,1,0,0,1,0
410088,OREGON,OR,1,0,1,47,0,BROWNS,14,5,May,2010,6,Friday,19,40,0,4,4,9,45.16460556,-122.88487222,30,1,0,1,0,0,1,1
410089,OREGON,OR,1,0,1,47,0,BROWNS,15,5,May,2010,7,Saturday,11,35,0,6,8,0,44.80075278,-121.89570278,42,1,0,1,0,0,1,0
410090,OREGON,OR,2,0,5,55,0,ATTALLA,18,5,May,2010,3,Tuesday,0,39,1,2,2,375,45.23309444,-120.72327500,12,2,0,2,0,0,3,0
410091,OREGON,OR,2,0,3,5,0,BAKER HILL,20,5,May,2010,5,Thursday,16,32,0,13,3,36,45.32362222,-122.57885556,12,1,0,2,0,0,1,0
410092,OREGON,OR,1,0,1,37,0,BRADFORD,29,5,May,2010,7,Saturday,12,18,0,3,3,767,42.38471944,-120.30653333,1,1,0,1,0,0,1,0
410093,OREGON,OR,1,1,1,1,0,AUTAUGA,29,5,May,2010,7,Saturday,22,43,1,1,1,3070,44.72260278,-117.77325278,8,2,0,10,0,0,1,0
410094,OREGON,OR,1,0,2,5,0,BAKER HILL,30,5,May,2010,1,Sunday,99,99,0,3,3,191,45.16768333,-122.48123333,38,9,0,10,0,0,1,1
410095,OREGON,OR,2,0,3,7,0,BIBB,30,5,May,2010,1,Sunday,18,9,1,2,2,946,46.18883056,-123.75593056,12,1,0,2,0,0,1,1
410096,OREGON,OR,1,1,1,33,860,CHEROKEE,31,5,May,2010,2,Monday,21,40,1,13,2,14,42.42125000,-123.35202222,8,2,0,10,0,0,1,0
410097,OREGON,OR,1,0,1,19,0,CEDAR BLUFF,14,5,May,2010,6,Friday,99,99,0,4,4,92,43.75837778,-124.01714167,1,9,0,99,0,0,1,1
410098,OREGON,OR,3,0,6,67,1000,ABBEVILLE,31,5,May,2010,2,Monday,16,52,0,14,6,0,45.53421389,-122.86750556,12,1,0,1,0,0,1,0
410100,OREGON,OR,1,0,1,63,0,BOLIGEE,4,5,May,2010,3,Tuesday,99,99,0,4,4,134,45.39080278,-116.79355278,1,9,0,99,0,0,1,0
410101,OREGON,OR,2,0,2,29,0,BORDEN SPRINGS,26,5,May,2010,4,Wednesday,21,27,0,13,3,381,42.34094444,-122.89233056,12,3,0,2,0,0,1,0
410102,OREGON,OR,1,0,1,19,1780,CEDAR BLUFF,12,5,May,2010,4,Wednesday,0,30,0,14,6,0,43.22828889,-123.36593333,33,3,0,10,0,0,1,0
410104,OREGON,OR,1,1,1,29,70,BORDEN SPRINGS,2,6,June,2010,4,Wednesday,2,16,1,11,1,142,42.18519722,-122.66630833,8,2,0,2,0,0,1,0
410105,OREGON,OR,2,0,4,53,0,ATMORE,3,6,June,2010,5,Thursday,19,30,0,3,3,668,44.80030556,-123.22795556,12,1,0,2,0,0,1,0
410106,OREGON,OR,1,0,1,47,0,BROWNS,5,6,June,2010,7,Saturday,19,55,0,14,4,58,44.89632778,-123.12511389,30,1,0,10,0,0,1,1
410107,OREGON,OR,2,0,2,53,0,ATMORE,6,6,June,2010,1,Sunday,7,26,0,3,3,33,44.92883056,-123.24640000,12,1,0,2,0,0,1,1
410108,OREGON,OR,1,0,2,53,0,ATMORE,8,6,June,2010,3,Tuesday,16,10,0,3,3,44,44.87944722,-123.18742500,32,1,0,2,0,0,1,0
410109,OREGON,OR,1,0,1,25,0,BARLOW BEND,10,6,June,2010,5,Thursday,13,34,1,2,2,45,43.48877222,-119.53445278,41,1,0,1,0,0,1,0
410110,OREGON,OR,1,0,1,37,0,BRADFORD,11,6,June,2010,6,Friday,17,50,1,2,2,1295,42.35785278,-120.29723889,59,1,0,1,0,0,1,0
410111,OREGON,OR,3,0,4,17,190,CHAMBERS,15,6,June,2010,3,Tuesday,15,2,1,13,2,26,44.05489167,-121.26367778,12,1,0,1,0,0,1,0
410112,OREGON,OR,2,0,2,9,0,BLOUNT,17,6,June,2010,5,Thursday,12,2,1,2,2,358,45.95088889,-122.86334444,12,1,0,10,0,0,1,0
410113,OREGON,OR,1,0,1,35,0,BROOKLYN,17,6,June,2010,5,Thursday,21,30,1,2,3,290,42.32391389,-121.39857222,17,2,0,1,0,0,1,0
410114,OREGON,OR,2,0,4,47,1810,BROWNS,21,6,June,2010,2,Monday,16,26,1,13,3,80,44.92010833,-123.00376944,12,1,0,1,0,0,1,0
410115,OREGON,OR,1,1,1,39,660,ANDALUSIA,26,6,June,2010,7,Saturday,20,24,1,13,3,94,44.09716389,-123.11056111,8,5,0,1,0,0,1,0
410116,OREGON,OR,1,1,2,33,860,CHEROKEE,27,6,June,2010,1,Sunday,15,43,0,13,3,13,42.42191111,-123.30892778,15,1,0,1,0,0,1,0
410117,OREGON,OR,1,0,3,5,0,BAKER HILL,25,2,February,2010,5,Thursday,21,19,0,3,2,440,45.33100278,-121.91243333,5,2,0,2,0,0,1,1
410118,OREGON,OR,1,0,2,67,180,ABBEVILLE,30,6,June,2010,4,Wednesday,14,20,0,15,6,0,45.50466944,-122.82617222,33,1,0,1,0,0,2,1
410119,OREGON,OR,1,0,2,47,0,BROWNS,9,5,May,2010,1,Sunday,17,39,0,6,4,4,45.02363889,-122.95069167,5,1,0,1,0,0,1,0
410120,OREGON,OR,1,0,3,11,390,BULLOCK,19,5,May,2010,4,Wednesday,21,59,0,14,6,0,43.37288056,-124.22220833,42,3,1,10,0,0,2,1
410121,OREGON,OR,2,0,2,67,180,ABBEVILLE,22,6,June,2010,3,Tuesday,15,35,0,14,6,659,45.53112500,-122.83738056,12,1,0,1,0,0,1,0
410122,OREGON,OR,1,0,6,45,0,ARITON,3,4,April,2010,7,Saturday,17,30,1,2,2,79,43.09953889,-117.06032222,1,1,0,10,0,0,1,1
410123,OREGON,OR,2,0,3,7,0,BIBB,25,6,June,2010,6,Friday,12,23,1,2,2,99,46.12296389,-123.92653333,12,1,0,10,0,0,2,0
410124,OREGON,OR,2,0,3,53,0,ATMORE,27,6,June,2010,1,Sunday,11,27,1,2,3,192,45.05862500,-123.65065556,12,1,0,1,0,0,1,0
410125,OREGON,OR,1,0,1,11,0,BULLOCK,26,6,June,2010,7,Saturday,16,5,1,2,3,258,43.03519167,-124.10281111,34,1,0,1,0,0,1,1
410126,OREGON,OR,2,0,2,33,860,CHEROKEE,30,6,June,2010,4,Wednesday,22,34,1,13,3,10,42.44032222,-123.32484167,12,3,0,1,0,0,1,1
410127,OREGON,OR,1,0,2,59,0,FRANKLIN,21,6,June,2010,2,Monday,22,55,0,4,4,80,45.40171111,-118.74996944,58,2,0,1,0,0,1,1
410128,OREGON,OR,1,0,4,19,0,CEDAR BLUFF,26,6,June,2010,7,Saturday,16,10,0,4,4,190,43.04953333,-122.70070833,42,1,0,1,0,0,1,0
410129,OREGON,OR,1,0,5,61,0,BELLWOOD,1,7,July,2010,5,Thursday,10,45,1,1,1,2470,45.38355556,-118.31189167,1,1,0,1,0,0,1,0
410130,OREGON,OR,1,0,2,37,0,BRADFORD,1,7,July,2010,5,Thursday,12,55,0,4,3,389,42.10661389,-119.75242500,1,1,0,1,0,0,1,0
410131,OREGON,OR,2,0,6,65,0,CYPRESS,2,7,July,2010,6,Friday,12,36,1,2,2,672,44.91979167,-120.94547222,12,1,0,10,0,0,1,1
410132,OREGON,OR,2,0,2,17,0,CHAMBERS,3,7,July,2010,7,Saturday,3,30,1,2,2,1493,43.90970833,-121.35394444,12,2,0,1,0,0,1,1
410133,OREGON,OR,2,0,4,17,0,CHAMBERS,9,7,July,2010,6,Friday,8,22,0,14,4,0,44.06581389,-121.24363889,12,1,0,1,0,0,2,0
410134,OREGON,OR,1,0,1,23,0,BLADON SPRINGS,9,7,July,2010,6,Friday,21,25,0,4,4,70,44.32101667,-118.67432500,35,2,0,1,0,0,1,0
410135,OREGON,OR,1,0,3,19,0,CEDAR BLUFF,9,7,July,2010,6,Friday,12,49,0,6,4,35,43.05240278,-123.32896389,35,1,0,1,0,0,1,0
410136,OREGON,OR,1,0,2,43,0,BAILEYTON,10,7,July,2010,7,Saturday,9,38,1,1,1,2155,44.37418333,-123.06143333,1,1,0,1,0,0,1,0
410138,OREGON,OR,2,0,3,27,0,ASHLAND,13,7,July,2010,3,Tuesday,19,18,1,2,3,888,45.54601944,-121.56793611,12,1,0,1,0,0,1,0
410139,OREGON,OR,3,0,3,55,0,ATTALLA,10,7,July,2010,7,Saturday,22,40,1,2,2,169,45.49477500,-120.70868333,24,2,0,1,0,0,1,1
410140,OREGON,OR,1,0,9,29,0,BORDEN SPRINGS,17,7,July,2010,7,Saturday,12,39,0,4,4,7,42.23026389,-123.04547222,1,1,0,1,0,0,2,0
410141,OREGON,OR,1,1,1,47,0,BROWNS,19,7,July,2010,2,Monday,0,27,0,3,4,57,45.23129167,-122.79768889,9,2,0,1,0,0,1,0
410142,OREGON,OR,2,0,5,33,860,CHEROKEE,19,7,July,2010,2,Monday,19,36,1,13,3,1,42.42788056,-123.33024722,12,1,0,1,0,0,1,0
410143,OREGON,OR,1,0,3,19,0,CEDAR BLUFF,14,7,July,2010,4,Wednesday,21,4,0,5,4,68,42.93543889,-123.36849722,42,5,0,1,0,0,1,0
410144,OREGON,OR,2,0,4,71,1490,BRIDGEPORT,19,7,July,2010,2,Monday,15,0,1,13,3,240,45.30021944,-122.98323889,12,1,0,1,0,0,2,0
410145,OREGON,OR,1,0,3,19,0,CEDAR BLUFF,19,7,July,2010,2,Monday,10,50,1,2,3,682,43.07591111,-123.58697778,34,1,0,1,0,0,1,0
410146,OREGON,OR,1,1,1,47,1810,BROWNS,19,7,July,2010,2,Monday,10,10,0,13,6,0,44.94972222,-122.98373889,9,1,0,1,0,0,1,0
410147,OREGON,OR,2,0,2,15,0,ANNISTON,20,7,July,2010,3,Tuesday,13,47,1,2,2,3393,42.29766944,-124.40831667,12,1,0,1,0,0,1,0
410148,OREGON,OR,1,1,1,47,1810,BROWNS,20,7,July,2010,3,Tuesday,12,11,0,13,6,0,44.93831111,-123.03233889,15,1,0,1,0,0,1,0
410149,OREGON,OR,1,0,2,9,0,BLOUNT,22,7,July,2010,5,Thursday,13,9,0,4,3,593,45.88176944,-123.15730556,42,1,0,1,0,0,1,0
410150,OREGON,OR,2,0,3,9,0,BLOUNT,22,7,July,2010,5,Thursday,5,29,1,2,2,258,45.82325000,-122.84620556,12,4,0,10,0,0,1,0
410151,OREGON,OR,1,0,2,71,0,BRIDGEPORT,24,7,July,2010,7,Saturday,13,25,0,3,3,415,45.15722778,-123.20130556,1,1,0,1,0,0,1,1
410152,OREGON,OR,1,1,1,67,1000,ABBEVILLE,27,7,July,2010,3,Tuesday,19,33,1,13,3,119,45.51179444,-122.97302778,8,1,0,1,0,0,1,0
410153,OREGON,OR,1,0,1,39,0,ANDALUSIA,27,7,July,2010,3,Tuesday,22,47,0,6,4,17,43.77066667,-123.12355278,42,2,0,1,0,0,1,1
410154,OREGON,OR,2,0,3,51,1650,CENTRAL,27,7,July,2010,3,Tuesday,22,23,0,14,6,0,45.50421667,-122.51063611,12,3,0,1,0,0,1,0
410155,OREGON,OR,1,0,2,19,0,CEDAR BLUFF,28,7,July,2010,4,Wednesday,14,25,0,3,3,755,43.16813056,-122.12848889,42,1,0,1,0,0,1,0
410156,OREGON,OR,1,0,1,29,0,BORDEN SPRINGS,29,7,July,2010,5,Thursday,15,15,0,4,4,99,42.41132500,-123.03623056,1,1,0,1,0,0,1,0
410157,OREGON,OR,1,2,1,17,1720,CHAMBERS,29,7,July,2010,5,Thursday,18,35,0,16,6,0,44.25291111,-121.20434722,15,1,0,1,0,0,1,0
410158,OREGON,OR,1,0,2,7,0,BIBB,30,7,July,2010,6,Friday,15,40,1,2,2,37,45.90205833,-123.86003333,41,1,0,10,0,0,1,0
410159,OREGON,OR,2,0,2,5,0,BAKER HILL,31,7,July,2010,7,Saturday,19,52,0,3,3,74,45.14960833,-122.61760000,12,5,0,1,0,0,1,1
410160,OREGON,OR,1,0,1,59,1610,FRANKLIN,1,5,May,2010,7,Saturday,3,5,0,16,6,0,45.67666944,-118.78930000,42,3,0,2,0,0,1,1
410161,OREGON,OR,1,0,2,9,0,BLOUNT,4,7,July,2010,1,Sunday,21,18,0,3,4,28,45.88622500,-123.13037222,42,5,0,1,0,0,2,0
410162,OREGON,OR,1,1,5,39,660,ANDALUSIA,9,7,July,2010,6,Friday,19,24,1,11,1,30,44.06274722,-123.06513333,8,1,0,1,0,0,1,0
410163,OREGON,OR,1,1,1,67,1000,ABBEVILLE,18,7,July,2010,1,Sunday,3,12,1,13,3,112,45.50498889,-122.95674444,8,2,0,1,0,0,1,0