ST_CASE,State Name,State Abbreviation,VE_TOTAL,Pedestrains,Total_Persons_in_accident,COUNTY,CITY,City_County_Name,Calendar_DAY,MONTH,Month_Name,YEAR,DAY_WEEK,Day_Week_desc,HOUR,MINUTE,NHS_Desc,trafficway,ROUTE,MILEPT,LATITUDE,LONGITUD,First_Crash_event,Light_cond_desc,Weather_condition,WEATHER,SCH_BUS,Crash_cause,FATALS,DRUNK_DR
410164,OREGON,OR,2,0,3,19,2257,CEDAR BLUFF,19,7,July,2010,2,Monday,10,37,1,2,3,717,43.11246111,-123.44218333,12,1,0,10,0,0,1,0
410165,OREGON,OR,1,0,7,33,0,CHEROKEE,31,7,July,2010,7,Saturday,19,47,0,5,4,19,42.12898056,-123.63337222,53,1,0,1,0,0,1,1
410166,OREGON,OR,1,0,3,61,0,BELLWOOD,1,6,June,2010,3,Tuesday,18,55,1,11,1,2598,45.34377500,-118.10821944,1,1,0,1,0,0,1,0
410167,OREGON,OR,3,0,4,39,0,ANDALUSIA,26,3,March,2010,6,Friday,17,8,1,2,3,145,43.90870833,-122.75495833,25,1,0,1,0,0,1,0
410168,OREGON,OR,1,0,1,61,0,BELLWOOD,1,8,August,2010,1,Sunday,99,99,0,4,3,35,45.33344722,-117.97680278,1,9,0,1,0,0,1,1
410169,OREGON,OR,1,0,9,29,0,BORDEN SPRINGS,2,8,August,2010,2,Monday,5,30,1,11,1,356,42.40343333,-122.93804167,1,4,0,1,0,0,1,0
410170,OREGON,OR,1,0,2,55,0,ATTALLA,1,8,August,2010,1,Sunday,99,99,0,5,4,70,45.44532778,-120.69917222,1,2,0,1,0,0,1,1
410171,OREGON,OR,1,0,1,29,1310,BORDEN SPRINGS,3,8,August,2010,3,Tuesday,16,27,0,14,6,0,42.31632500,-122.84221944,42,1,0,1,0,0,1,0
410172,OREGON,OR,1,1,2,5,1360,BAKER HILL,5,8,August,2010,5,Thursday,3,8,1,13,3,93,45.39754722,-122.61774444,8,3,0,1,0,0,1,0
410173,OREGON,OR,3,0,4,35,0,BROOKLYN,17,8,August,2010,3,Tuesday,17,45,1,2,2,2844,42.10106111,-121.83655556,12,1,0,1,0,0,1,0
410174,OREGON,OR,2,0,2,29,1310,BORDEN SPRINGS,11,8,August,2010,4,Wednesday,5,56,0,14,6,0,42.31284722,-122.89241389,12,1,0,1,0,0,1,0
410176,OREGON,OR,1,0,2,25,0,BARLOW BEND,11,8,August,2010,4,Wednesday,16,32,1,2,2,560,43.75175000,-119.00224444,17,1,0,10,0,0,1,0
410177,OREGON,OR,2,0,2,5,0,BAKER HILL,13,8,August,2010,6,Friday,22,9,0,14,4,5,45.38383333,-122.60958889,12,3,0,1,0,0,1,0
410178,OREGON,OR,1,0,2,59,0,FRANKLIN,5,8,August,2010,5,Thursday,6,10,1,1,1,2060,45.67849444,-118.86370278,35,1,0,1,0,0,1,0
410179,OREGON,OR,1,1,1,11,0,BULLOCK,14,8,August,2010,7,Saturday,14,10,0,4,4,20,43.34088611,-124.18034444,9,1,0,1,0,0,1,0
410180,OREGON,OR,1,1,1,11,0,BULLOCK,14,8,August,2010,7,Saturday,14,41,0,6,4,2,43.35076944,-124.31042778,8,1,0,1,0,0,1,0
410181,OREGON,OR,1,0,1,59,0,FRANKLIN,14,8,August,2010,7,Saturday,22,5,1,1,1,1960,45.73522500,-119.06452222,1,2,0,1,0,0,1,1
410182,OREGON,OR,1,0,1,5,0,BAKER HILL,14,8,August,2010,7,Saturday,13,31,0,6,4,11,45.14906389,-122.50326389,42,1,0,1,0,0,1,0
410183,OREGON,OR,2,0,3,17,0,CHAMBERS,15,8,August,2010,1,Sunday,14,20,0,5,4,0,43.83125833,-121.71577778,12,1,0,1,0,0,1,0
410184,OREGON,OR,2,0,2,39,0,ANDALUSIA,16,8,August,2010,2,Monday,13,47,0,4,4,26,43.93768889,-122.82051944,12,1,0,1,0,0,1,0
410185,OREGON,OR,1,0,4,17,0,CHAMBERS,17,8,August,2010,3,Tuesday,7,22,1,2,2,937,44.37080556,-121.62413611,42,1,0,1,0,0,2,1
410186,OREGON,OR,1,0,1,51,1650,CENTRAL,18,8,August,2010,4,Wednesday,23,31,0,14,6,0,45.52273056,-122.71224722,5,3,0,10,0,0,1,1
410187,OREGON,OR,2,0,2,19,0,CEDAR BLUFF,25,8,August,2010,4,Wednesday,8,29,1,13,3,767,43.15567778,-123.37058889,12,1,0,1,0,0,1,0
410188,OREGON,OR,2,0,2,3,0,BALDWIN,25,8,August,2010,4,Wednesday,9,50,1,2,2,376,44.59098611,-123.54532500,12,1,0,1,0,0,1,0
410189,OREGON,OR,2,0,2,51,0,CENTRAL,25,8,August,2010,4,Wednesday,21,30,1,1,1,231,45.54226667,-122.27510556,14,3,0,1,0,0,1,0
410190,OREGON,OR,1,1,1,67,0,ABBEVILLE,26,8,August,2010,5,Thursday,17,22,0,15,4,0,45.52962222,-122.79964167,8,1,0,1,0,0,1,0
410191,OREGON,OR,2,0,2,9,0,BLOUNT,27,8,August,2010,6,Friday,17,54,1,2,2,679,46.11362500,-123.31795000,12,1,0,1,0,0,2,0
410192,OREGON,OR,2,0,2,51,1650,CENTRAL,27,8,August,2010,6,Friday,19,0,0,13,6,0,45.57410278,-122.66138611,12,5,0,1,0,0,1,0
410193,OREGON,OR,2,0,4,47,0,BROWNS,29,8,August,2010,1,Sunday,15,35,1,2,3,400,44.73387778,-122.26999167,12,1,0,1,0,0,1,0
410194,OREGON,OR,1,0,1,35,0,BROOKLYN,29,8,August,2010,1,Sunday,99,99,0,4,4,62,42.29192222,-122.28148333,42,2,0,10,0,0,1,1
410195,OREGON,OR,2,0,5,35,0,BROOKLYN,2,9,September,2010,5,Thursday,19,2,1,13,3,24,42.17536667,-121.75887778,12,1,0,1,0,0,2,1
410196,OREGON,OR,1,1,1,67,0,ABBEVILLE,5,9,September,2010,1,Sunday,0,50,1,13,3,144,45.52000833,-123.01297222,8,2,0,1,0,0,1,0
410198,OREGON,OR,1,0,1,37,0,BRADFORD,8,9,September,2010,4,Wednesday,19,15,0,3,3,350,43.24605000,-121.15295833,1,5,0,1,0,0,1,0
410199,OREGON,OR,2,0,2,65,0,CYPRESS,10,9,September,2010,6,Friday,19,6,0,3,2,570,45.25495833,-121.18510000,12,1,0,1,0,0,1,0
410200,OREGON,OR,2,0,2,5,0,BAKER HILL,10,9,September,2010,6,Friday,7,51,0,3,4,15,45.38155556,-122.47271944,12,1,0,1,0,0,1,0
410201,OREGON,OR,2,0,2,57,0,BANKSTON,11,9,September,2010,7,Saturday,11,1,0,3,3,92,45.49265278,-123.68145556,12,1,0,1,0,0,1,0
410202,OREGON,OR,2,0,3,59,0,FRANKLIN,12,9,September,2010,1,Sunday,11,40,1,1,1,2010,45.69989722,-118.95599167,54,1,0,1,0,0,1,0
410203,OREGON,OR,1,1,2,5,2210,BAKER HILL,12,9,September,2010,1,Sunday,12,57,1,13,3,97,45.37634444,-122.63256944,9,1,0,1,0,0,1,0
410204,OREGON,OR,2,0,2,19,0,CEDAR BLUFF,13,9,September,2010,2,Monday,12,9,0,5,4,7,43.02871944,-123.29773333,12,1,0,1,0,0,1,0
410205,OREGON,OR,1,0,1,47,0,BROWNS,16,9,September,2010,5,Thursday,99,99,0,4,4,56,45.06906944,-123.01841389,42,9,0,2,0,0,1,1
410206,OREGON,OR,2,0,2,15,0,ANNISTON,15,9,September,2010,4,Wednesday,17,35,1,2,2,3420,42.23760000,-124.39223611,12,1,0,10,0,0,1,0
410207,OREGON,OR,2,0,3,7,0,BIBB,17,9,September,2010,6,Friday,16,20,0,4,3,55,46.13799167,-123.80778333,12,1,0,10,0,0,1,0
410208,OREGON,OR,2,0,4,19,0,CEDAR BLUFF,17,9,September,2010,6,Friday,12,53,1,13,3,764,43.15237500,-123.37185278,12,1,0,10,0,0,1,0
410209,OREGON,OR,1,0,3,39,0,ANDALUSIA,18,9,September,2010,7,Saturday,2,36,0,4,4,26,43.93963333,-124.05827778,35,2,5,2,0,0,2,1
410210,OREGON,OR,1,0,2,5,0,BAKER HILL,18,9,September,2010,7,Saturday,3,30,0,16,4,5,45.14603611,-122.59549167,1,2,0,1,0,0,1,1
410211,OREGON,OR,3,0,6,7,0,BIBB,20,9,September,2010,2,Monday,14,47,1,2,2,865,46.16821389,-123.58094722,12,1,0,10,0,0,1,0
410212,OREGON,OR,2,3,3,47,0,BROWNS,23,9,September,2010,5,Thursday,14,24,0,13,4,42,44.97339167,-122.98340000,43,1,0,10,0,0,2,0
410213,OREGON,OR,1,0,1,65,0,CYPRESS,23,9,September,2010,5,Thursday,2,26,1,2,2,727,45.13764722,-121.61961389,11,2,0,1,0,0,1,0
410214,OREGON,OR,1,1,1,51,1650,CENTRAL,23,9,September,2010,5,Thursday,20,46,0,13,3,62,45.48065000,-122.68027500,8,3,0,10,0,0,1,0
410215,OREGON,OR,2,0,2,19,0,CEDAR BLUFF,24,9,September,2010,6,Friday,19,20,1,13,3,748,43.14517222,-123.38222222,12,5,0,1,0,0,1,0
410216,OREGON,OR,1,0,2,59,0,FRANKLIN,25,9,September,2010,7,Saturday,12,27,1,2,2,470,45.17575000,-118.95052222,1,1,0,1,0,0,1,0
410217,OREGON,OR,2,0,2,47,1810,BROWNS,25,9,September,2010,7,Saturday,12,35,1,11,1,2550,44.94463056,-122.99015833,12,1,0,1,0,0,1,1
410218,OREGON,OR,1,0,2,71,0,BRIDGEPORT,26,9,September,2010,1,Sunday,3,20,0,3,3,346,45.23426944,-123.15219444,30,2,0,10,0,0,1,1
410219,OREGON,OR,2,0,2,5,0,BAKER HILL,27,9,September,2010,2,Monday,17,15,0,13,3,115,45.36641111,-122.60088611,12,1,0,99,0,0,1,0
410220,OREGON,OR,3,0,3,25,0,BARLOW BEND,28,9,September,2010,3,Tuesday,19,11,1,2,2,1549,43.64242500,-118.62860833,12,5,0,1,0,0,1,0
410221,OREGON,OR,2,0,6,31,0,COFFEE,29,9,September,2010,4,Wednesday,22,14,1,2,2,1059,44.75144444,-121.22434722,12,2,0,1,0,0,4,1
410222,OREGON,OR,1,0,1,31,0,COFFEE,29,9,September,2010,4,Wednesday,18,30,0,5,4,15,44.63863611,-121.14274722,1,1,0,1,0,0,1,0
410223,OREGON,OR,2,0,3,19,530,CEDAR BLUFF,30,9,September,2010,5,Thursday,15,7,0,3,6,15,43.64866111,-123.30419444,12,1,0,1,0,0,1,0
410224,OREGON,OR,1,0,1,59,0,FRANKLIN,30,9,September,2010,5,Thursday,99,99,0,6,8,0,44.99776389,-118.94447778,1,2,0,99,0,0,1,1
410225,OREGON,OR,1,0,1,37,0,BRADFORD,2,10,October,2010,7,Saturday,14,10,1,2,2,1514,42.08023889,-120.31768611,31,1,0,1,0,0,1,1
410226,OREGON,OR,5,1,5,51,1650,CENTRAL,5,10,October,2010,3,Tuesday,1,52,1,11,1,3025,45.53303056,-122.66573889,8,3,0,10,0,0,1,0
410227,OREGON,OR,1,0,1,19,0,CEDAR BLUFF,7,10,October,2010,5,Thursday,1,30,0,4,4,40,43.25389167,-123.40007500,1,2,0,1,0,0,1,1
410228,OREGON,OR,1,0,1,35,0,BROOKLYN,7,10,October,2010,5,Thursday,16,55,0,2,3,190,42.01692500,-121.50520833,1,1,0,1,0,0,1,1
410229,OREGON,OR,3,0,5,31,0,COFFEE,9,10,October,2010,7,Saturday,16,17,1,2,2,1110,44.41573333,-121.19897222,12,1,0,10,0,0,1,0
410230,OREGON,OR,1,0,1,5,0,BAKER HILL,9,10,October,2010,7,Saturday,1,0,0,4,4,15,45.30616944,-122.33891667,1,3,2,2,0,0,1,1
410231,OREGON,OR,1,0,1,11,0,BULLOCK,11,10,October,2010,2,Monday,11,50,1,2,2,2404,43.34471944,-124.19763889,1,1,0,1,0,0,1,0
410232,OREGON,OR,2,0,2,53,0,ATMORE,15,10,October,2010,6,Friday,18,12,0,3,3,16,44.92837500,-123.28510556,12,2,0,1,0,0,1,0
410233,OREGON,OR,1,0,1,29,0,BORDEN SPRINGS,18,10,October,2010,2,Monday,10,20,0,4,4,35,42.71902778,-122.54960833,42,1,0,1,0,0,1,0
410235,OREGON,OR,2,0,2,51,1650,CENTRAL,20,10,October,2010,4,Wednesday,17,51,1,11,1,20,45.53008333,-122.61449444,25,1,0,1,0,0,1,0
410236,OREGON,OR,1,0,1,29,0,BORDEN SPRINGS,22,10,October,2010,6,Friday,10,22,0,3,3,302,42.29487500,-122.99570833,42,1,0,1,0,0,1,0
410237,OREGON,OR,2,0,2,51,1650,CENTRAL,22,10,October,2010,6,Friday,12,15,0,14,6,0,45.51098889,-122.53768611,12,1,0,10,0,0,1,0
410238,OREGON,OR,3,0,3,41,0,BRANTLEY,25,10,October,2010,2,Monday,15,37,1,13,2,55,44.63250556,-123.94914444,12,1,0,10,0,0,1,0
410239,OREGON,OR,2,1,2,51,1650,CENTRAL,25,10,October,2010,2,Monday,2,44,1,11,1,3004,45.49986667,-122.67366111,8,3,0,2,0,0,1,0
410241,OREGON,OR,2,0,3,51,0,CENTRAL,19,9,September,2010,1,Sunday,17,27,0,4,4,0,45.46818333,-122.30581111,12,1,10,2,0,0,1,1
410243,OREGON,OR,2,0,2,5,0,BAKER HILL,1,10,October,2010,6,Friday,10,5,0,4,4,0,45.28796389,-122.55378611,12,1,0,10,0,0,1,0
410244,OREGON,OR,1,2,1,17,190,CHAMBERS,9,10,October,2010,7,Saturday,12,25,1,13,2,1391,44.03254167,-121.31305556,9,1,0,1,0,0,1,0
410245,OREGON,OR,2,0,2,53,1810,ATMORE,9,10,October,2010,7,Saturday,12,5,0,14,3,195,44.96403611,-123.05679722,12,1,0,10,0,0,1,0
410246,OREGON,OR,2,3,1,45,1530,ARITON,9,10,October,2010,7,Saturday,21,32,0,6,6,0,43.87766667,-116.98938333,8,3,0,10,0,0,1,1
410247,OREGON,OR,1,0,1,47,1810,BROWNS,13,10,October,2010,4,Wednesday,0,10,0,15,6,0,44.88701944,-123.08386389,42,3,0,1,0,0,1,1
410248,OREGON,OR,1,1,1,39,660,ANDALUSIA,26,10,October,2010,3,Tuesday,19,24,0,14,6,0,44.04787500,-123.13193889,8,3,0,10,0,0,1,0
410249,OREGON,OR,1,1,2,47,1810,BROWNS,30,10,October,2010,7,Saturday,18,15,0,14,3,453,44.99305833,-122.98485556,8,3,10,2,0,0,1,0
410250,OREGON,OR,1,1,3,29,0,BORDEN SPRINGS,30,10,October,2010,7,Saturday,20,50,0,3,3,66,42.43107500,-122.84727500,8,3,10,2,0,0,1,0
410251,OREGON,OR,1,0,10,43,0,BAILEYTON,1,11,November,2010,2,Monday,8,0,0,6,4,0,44.22987500,-122.33958611,1,4,0,10,0,0,1,0
410252,OREGON,OR,1,1,1,5,0,BAKER HILL,4,11,November,2010,5,Thursday,18,36,1,2,2,395,45.35353889,-121.97990278,8,2,0,1,0,0,1,0
410253,OREGON,OR,2,0,2,43,0,BAILEYTON,7,11,November,2010,1,Sunday,10,6,0,3,3,60,44.71198889,-123.02417778,24,1,0,10,0,0,1,0
410254,OREGON,OR,1,1,1,39,430,ANDALUSIA,8,11,November,2010,2,Monday,18,5,1,11,1,1734,43.80427222,-123.04287778,8,2,0,10,0,0,1,1
410255,OREGON,OR,1,3,1,51,1650,CENTRAL,8,11,November,2010,2,Monday,11,21,0,14,6,0,45.57713333,-122.68198333,8,1,0,10,0,0,1,0
410256,OREGON,OR,1,0,2,53,0,ATMORE,9,11,November,2010,3,Tuesday,6,20,0,3,3,670,44.78547778,-123.22886944,11,3,0,2,0,0,1,0
410257,OREGON,OR,1,1,1,59,0,FRANKLIN,3,11,November,2010,4,Wednesday,7,4,0,4,4,21,45.96931111,-118.41753611,8,4,0,1,0,0,1,0
410258,OREGON,OR,2,1,2,39,0,ANDALUSIA,3,11,November,2010,4,Wednesday,18,36,0,4,4,31,44.01378611,-123.02871667,8,2,0,1,0,0,1,0
410259,OREGON,OR,2,0,3,51,2090,CENTRAL,7,11,November,2010,1,Sunday,16,6,0,15,6,0,45.51920278,-122.39846111,12,5,0,10,0,0,1,0
410260,OREGON,OR,2,0,2,15,215,ANNISTON,11,11,November,2010,5,Thursday,14,13,1,13,2,3553,42.07568333,-124.31201111,12,1,0,10,0,0,2,0
410261,OREGON,OR,3,0,4,5,0,BAKER HILL,13,11,November,2010,7,Saturday,12,48,0,3,3,10,45.26666111,-122.76906667,12,1,0,10,0,0,1,1
410262,OREGON,OR,2,0,6,51,1650,CENTRAL,13,11,November,2010,7,Saturday,22,23,0,19,6,0,45.51779167,-122.66955833,12,2,0,2,0,0,1,0
410263,OREGON,OR,1,0,1,19,0,CEDAR BLUFF,16,11,November,2010,3,Tuesday,7,49,1,2,2,2137,43.68927500,-124.14194444,1,1,10,2,0,0,1,0
410264,OREGON,OR,2,0,3,51,1650,CENTRAL,16,11,November,2010,3,Tuesday,1,31,0,15,6,0,45.59215833,-122.70966389,12,3,0,10,0,0,1,1
410265,OREGON,OR,1,0,1,23,0,BLADON SPRINGS,16,11,November,2010,3,Tuesday,14,25,1,2,3,935,44.68515278,-119.10435833,1,1,0,1,0,0,1,0
410266,OREGON,OR,1,1,1,19,2257,CEDAR BLUFF,17,11,November,2010,4,Wednesday,17,5,1,13,3,744,43.12244722,-123.41273889,8,2,0,10,0,0,1,0
410267,OREGON,OR,2,0,12,31,0,COFFEE,20,11,November,2010,7,Saturday,19,10,0,4,3,82,44.53491111,-121.21007222,12,3,0,1,0,0,1,0
410268,OREGON,OR,1,0,1,5,0,BAKER HILL,22,11,November,2010,2,Monday,18,46,0,4,4,0,45.45054444,-122.37283611,53,2,0,4,0,0,1,0
410269,OREGON,OR,1,0,1,39,660,ANDALUSIA,22,11,November,2010,2,Monday,1,49,1,13,3,105,44.09065278,-123.09807222,30,3,0,10,0,0,1,1
410270,OREGON,OR,2,0,2,59,0,FRANKLIN,22,11,November,2010,2,Monday,4,30,1,2,2,95,45.57741944,-118.79411944,12,2,0,4,0,0,1,0
410271,OREGON,OR,1,0,2,53,0,ATMORE,24,11,November,2010,4,Wednesday,7,48,0,3,3,675,44.75032222,-123.22333333,42,1,0,10,0,0,1,0
410272,OREGON,OR,1,0,2,59,0,FRANKLIN,28,11,November,2010,1,Sunday,3,10,1,2,2,72,45.61578889,-118.80233611,35,2,0,10,0,0,1,1
410273,OREGON,OR,1,0,2,45,0,ARITON,28,11,November,2010,1,Sunday,9,42,1,2,2,856,42.53425556,-117.87880833,1,1,6,4,0,0,1,0
410274,OREGON,OR,1,0,5,45,0,ARITON,28,11,November,2010,1,Sunday,15,10,1,2,2,1819,43.76708889,-118.20255000,42,1,0,10,0,0,1,0
410275,OREGON,OR,2,0,2,43,0,BAILEYTON,29,11,November,2010,2,Monday,6,25,1,1,1,2150,44.37387500,-123.06143056,12,1,0,5,0,0,1,0
410276,OREGON,OR,2,0,2,9,0,BLOUNT,30,11,November,2010,3,Tuesday,6,6,1,2,2,439,46.05821389,-122.89554444,12,3,0,2,0,0,1,0
410277,OREGON,OR,1,1,1,47,0,BROWNS,30,11,November,2010,3,Tuesday,7,1,0,4,4,8,44.91376111,-122.94525000,8,2,10,2,0,0,1,0
410278,OREGON,OR,2,0,1,19,0,CEDAR BLUFF,8,12,December,2010,4,Wednesday,19,54,1,1,1,1504,43.55772500,-123.28288889,14,2,0,10,0,0,1,1
410279,OREGON,OR,2,0,2,55,0,ATTALLA,10,12,December,2010,6,Friday,5,30,1,2,2,62,45.61132500,-120.72835000,12,2,0,10,0,0,1,0
410280,OREGON,OR,1,0,1,47,1810,BROWNS,10,12,December,2010,6,Friday,16,38,0,5,4,38,44.83510000,-123.11517778,42,1,0,10,0,0,1,0
410281,OREGON,OR,1,1,2,51,1650,CENTRAL,15,12,December,2010,4,Wednesday,22,47,0,14,3,23,45.48526389,-122.68198611,8,3,0,10,0,0,1,1
410282,OREGON,OR,2,0,3,17,1205,CHAMBERS,16,12,December,2010,5,Thursday,20,25,1,2,2,1650,43.70616389,-121.47580556,12,3,0,1,0,0,1,1
410283,OREGON,OR,1,0,2,5,0,BAKER HILL,16,12,December,2010,5,Thursday,7,21,0,5,4,15,45.17240278,-122.62206667,1,2,0,1,0,0,1,0
410284,OREGON,OR,2,0,2,29,0,BORDEN SPRINGS,17,12,December,2010,6,Friday,14,27,0,3,3,60,42.43621389,-122.84121111,12,1,0,10,0,0,1,0
410285,OREGON,OR,1,1,1,19,1780,CEDAR BLUFF,18,12,December,2010,7,Saturday,18,14,0,15,6,0,43.21418333,-123.38003889,8,3,0,2,0,0,1,0
410286,OREGON,OR,2,0,5,25,0,BARLOW BEND,1,10,October,2010,6,Friday,19,40,0,5,4,5,43.56416389,-119.05967500,12,2,0,1,0,0,2,0
410287,OREGON,OR,1,0,2,1,0,AUTAUGA,4,12,December,2010,7,Saturday,10,16,1,1,1,3345,44.50640000,-117.37001944,25,1,0,4,0,0,1,0
410288,OREGON,OR,2,0,3,43,2030,BAILEYTON,10,12,December,2010,6,Friday,13,9,1,2,2,277,44.39886389,-122.72305278,12,1,0,2,1,0,2,0
410289,OREGON,OR,1,1,1,5,2253,BAKER HILL,19,12,December,2010,1,Sunday,3,12,1,11,1,2830,45.30646389,-122.76909444,8,2,0,10,0,0,1,0
410290,OREGON,OR,2,0,7,59,0,FRANKLIN,19,12,December,2010,1,Sunday,22,43,1,2,2,18,45.89010000,-119.29836111,12,2,0,5,0,0,1,0
410291,OREGON,OR,1,1,2,33,860,CHEROKEE,20,12,December,2010,2,Monday,18,48,1,13,2,12,42.42123056,-123.35212778,8,2,0,10,0,0,1,0
410294,OREGON,OR,1,1,4,5,0,BAKER HILL,24,12,December,2010,6,Friday,17,40,1,2,3,146,45.38930833,-122.40766667,8,3,0,2,0,0,1,0
410295,OREGON,OR,1,0,4,51,1650,CENTRAL,26,12,December,2010,1,Sunday,5,13,0,16,6,0,45.52984167,-122.67761667,23,3,0,10,0,0,1,1
410296,OREGON,OR,3,0,1,67,0,ABBEVILLE,27,12,December,2010,2,Monday,0,12,0,4,4,0,45.53160833,-122.85769722,42,3,0,10,0,0,1,1
410297,OREGON,OR,3,0,4,71,0,BRIDGEPORT,29,12,December,2010,4,Wednesday,3,35,1,2,3,490,45.21039722,-123.10959444,12,2,10,2,0,0,1,0
410298,OREGON,OR,2,0,4,17,0,CHAMBERS,30,12,December,2010,5,Thursday,12,21,1,2,2,1330,44.12482222,-121.28451111,12,1,0,1,0,0,1,0
410299,OREGON,OR,1,0,4,65,0,CYPRESS,11,10,October,2010,2,Monday,2,46,0,6,4,99999,99.99990000,999.99990000,1,2,0,99,0,0,1,1
410300,OREGON,OR,2,1,2,71,1490,BRIDGEPORT,8,11,November,2010,2,Monday,17,28,0,13,3,208,45.30038333,-122.96070000,8,3,2,2,0,0,1,0
410301,OREGON,OR,1,0,1,51,0,CENTRAL,5,10,October,2010,3,Tuesday,19,58,0,4,3,20,45.51619167,-122.34335833,34,2,0,1,0,0,1,0
410302,OREGON,OR,2,0,4,33,0,CHEROKEE,25,10,October,2010,2,Monday,15,15,0,4,4,18,42.50559722,-123.39940278,12,1,0,10,0,0,1,0
410303,OREGON,OR,2,0,2,15,0,ANNISTON,19,11,November,2010,6,Friday,10,59,1,2,2,3590,42.04493056,-124.25327778,12,1,0,10,0,0,1,0
420001,PENNSYLVANIA,PA,1,0,1,89,0,BROWNSBORO,3,1,January,2010,1,Sunday,7,44,0,6,5,0,40.93572500,-75.44170000,42,4,0,1,0,0,1,1
420002,PENNSYLVANIA,PA,1,0,1,27,0,ASHLAND,8,1,January,2010,6,Friday,13,15,0,4,3,54,40.78745000,-78.02490833,30,1,0,1,0,0,1,0
420003,PENNSYLVANIA,PA,1,1,3,41,0,BRANTLEY,19,1,January,2010,3,Tuesday,1,9,0,13,3,313,40.22013333,-76.98493889,8,2,0,1,0,0,1,0
420004,PENNSYLVANIA,PA,2,0,2,39,0,ANDALUSIA,1,1,January,2010,6,Friday,1,8,0,5,3,21,41.78391389,-80.42861389,12,2,0,10,0,0,1,1
420005,PENNSYLVANIA,PA,2,0,4,5,0,BAKER HILL,7,1,January,2010,5,Thursday,5,44,0,15,3,15,40.83139444,-79.53297500,12,2,0,3,0,0,1,1
420006,PENNSYLVANIA,PA,1,0,1,67,0,ABBEVILLE,15,1,January,2010,6,Friday,8,10,0,5,3,1,40.59556944,-77.10679722,42,1,0,1,0,0,1,1
420007,PENNSYLVANIA,PA,1,0,1,63,0,BOLIGEE,19,1,January,2010,3,Tuesday,12,40,0,3,3,153,40.57967222,-79.23141667,34,1,5,2,0,0,1,0
420008,PENNSYLVANIA,PA,4,0,11,121,0,BON AIR,6,1,January,2010,4,Wednesday,20,55,1,1,1,360,41.19226389,-79.84539722,12,2,3,3,0,0,3,0
420009,PENNSYLVANIA,PA,1,0,4,129,0,BIGBEE,16,1,January,2010,7,Saturday,21,49,0,15,3,19,40.19781111,-79.49190833,30,2,0,1,0,0,1,0
420010,PENNSYLVANIA,PA,1,0,1,109,0,ANSLEY,10,1,January,2010,1,Sunday,2,30,0,4,3,13,40.82820833,-76.87263333,42,2,0,1,0,0,1,1
420011,PENNSYLVANIA,PA,1,0,1,53,0,ATMORE,23,1,January,2010,7,Saturday,19,10,0,3,3,16,41.43643056,-79.18559444,34,2,0,1,0,0,1,0
420012,PENNSYLVANIA,PA,1,0,1,51,0,CENTRAL,3,1,January,2010,1,Sunday,20,36,1,12,2,122,39.89885000,-79.75017222,42,2,0,1,0,0,1,0
420013,PENNSYLVANIA,PA,3,0,3,17,910,CHAMBERS,25,1,January,2010,2,Monday,16,18,1,13,2,74,40.10808333,-74.85740833,12,1,10,2,0,0,1,1
420014,PENNSYLVANIA,PA,1,0,1,129,0,BIGBEE,4,1,January,2010,2,Monday,8,37,1,11,1,830,40.16181389,-79.48432500,31,1,0,4,0,0,1,0
420015,PENNSYLVANIA,PA,3,0,2,1,0,AUTAUGA,13,1,January,2010,4,Wednesday,21,20,0,3,3,75,39.92804722,-77.05736667,12,3,0,1,0,0,1,0
420016,PENNSYLVANIA,PA,2,0,3,79,0,COURTLAND,7,1,January,2010,5,Thursday,7,33,1,13,3,135,41.22751667,-75.80135833,12,1,0,8,0,0,1,0
420017,PENNSYLVANIA,PA,3,0,5,49,2640,COLLINSVILLE,22,1,January,2010,6,Friday,23,11,1,11,1,1816,42.08875833,-80.11842222,12,2,0,1,0,0,1,1
420018,PENNSYLVANIA,PA,2,0,3,29,0,BORDEN SPRINGS,6,1,January,2010,4,Wednesday,8,8,0,3,3,199,40.03576389,-75.92982778,12,1,0,4,0,0,2,0
420019,PENNSYLVANIA,PA,1,0,1,1,0,AUTAUGA,8,1,January,2010,6,Friday,22,38,1,2,2,192,39.94402500,-77.13677778,1,2,0,1,0,0,1,1
420020,PENNSYLVANIA,PA,1,0,1,19,0,CEDAR BLUFF,21,1,January,2010,5,Thursday,5,15,0,3,3,98,40.98872500,-79.83293611,11,2,0,1,0,0,1,0
420021,PENNSYLVANIA,PA,3,0,4,79,0,COURTLAND,12,1,January,2010,3,Tuesday,16,33,1,13,3,133,41.22582222,-75.80078889,12,1,10,4,0,0,1,0