ST_CASE,State Name,State Abbreviation,VE_TOTAL,Pedestrains,Total_Persons_in_accident,COUNTY,CITY,City_County_Name,Calendar_DAY,MONTH,Month_Name,YEAR,DAY_WEEK,Day_Week_desc,HOUR,MINUTE,NHS_Desc,trafficway,ROUTE,MILEPT,LATITUDE,LONGITUD,First_Crash_event,Light_cond_desc,Weather_condition,WEATHER,SCH_BUS,Crash_cause,FATALS,DRUNK_DR
420022,PENNSYLVANIA,PA,2,0,4,95,0,ALBERTVILLE,28,1,January,2010,5,Thursday,0,11,0,13,3,24,40.65352778,-75.33521111,12,3,0,1,0,0,3,1
420023,PENNSYLVANIA,PA,2,0,5,97,8650,AXIS,27,1,January,2010,4,Wednesday,10,45,0,5,3,17,41.10713611,-76.76813889,12,1,0,1,0,0,1,0
420024,PENNSYLVANIA,PA,1,0,1,65,0,CYPRESS,28,1,January,2010,5,Thursday,23,47,0,3,3,373,41.28074722,-79.11609444,30,2,0,1,0,0,1,1
420025,PENNSYLVANIA,PA,1,0,1,49,0,COLLINSVILLE,12,1,January,2010,3,Tuesday,21,10,0,6,5,0,42.24098889,-79.79491944,48,2,0,1,0,0,1,1
420026,PENNSYLVANIA,PA,1,0,3,119,0,BELLAMY,29,1,January,2010,6,Friday,21,55,0,5,3,17,41.05293611,-76.90504722,30,2,0,1,0,0,1,0
420027,PENNSYLVANIA,PA,2,0,2,49,0,COLLINSVILLE,5,1,January,2010,3,Tuesday,16,25,1,11,1,157,42.00610833,-80.23579722,14,1,10,4,0,0,1,0
420028,PENNSYLVANIA,PA,1,0,2,1,0,AUTAUGA,4,1,January,2010,2,Monday,20,40,0,3,3,123,39.89747222,-76.98610833,42,3,0,1,0,0,2,1
420029,PENNSYLVANIA,PA,2,0,3,71,0,BRIDGEPORT,12,1,January,2010,3,Tuesday,14,56,0,3,3,65,40.12424444,-76.47058611,12,1,0,1,0,0,1,0
420030,PENNSYLVANIA,PA,1,0,1,99,0,BEATRICE,19,1,January,2010,3,Tuesday,1,25,0,3,3,193,40.35181944,-77.21098611,42,2,0,1,0,0,1,1
420031,PENNSYLVANIA,PA,1,0,1,99,0,BEATRICE,11,1,January,2010,2,Monday,14,40,1,2,2,78,40.49341111,-77.08282500,42,1,0,10,0,0,1,0
420032,PENNSYLVANIA,PA,2,0,3,69,2120,ASHFORD,25,1,January,2010,2,Monday,14,7,0,14,3,19,41.41963889,-75.63265000,12,1,10,2,0,0,1,0
420033,PENNSYLVANIA,PA,2,0,4,81,0,AUBURN,10,1,January,2010,1,Sunday,15,16,0,14,3,25,41.27108333,-77.02294444,12,1,0,1,0,0,1,1
420034,PENNSYLVANIA,PA,2,0,2,39,3840,ANDALUSIA,14,1,January,2010,5,Thursday,15,15,0,14,3,34,41.64627500,-79.71607500,12,1,0,1,0,0,1,0
420035,PENNSYLVANIA,PA,1,1,1,45,3250,ARITON,19,1,January,2010,3,Tuesday,12,27,0,14,3,0,39.89478056,-75.29540278,9,1,0,1,0,0,1,0
420036,PENNSYLVANIA,PA,2,0,3,81,0,AUBURN,25,1,January,2010,2,Monday,20,15,0,4,3,33,41.29295556,-76.94046389,12,2,0,1,0,0,1,0
420037,PENNSYLVANIA,PA,1,0,2,33,0,CHEROKEE,26,1,January,2010,3,Tuesday,5,25,1,2,2,293,41.00788056,-78.63821111,42,2,1,4,0,0,1,0
420038,PENNSYLVANIA,PA,1,0,2,91,0,DAYTON,26,1,January,2010,3,Tuesday,10,26,0,15,3,24,40.13719167,-75.03108333,33,1,0,1,0,0,1,0
420039,PENNSYLVANIA,PA,1,0,2,121,0,BON AIR,24,1,January,2010,1,Sunday,14,0,0,3,3,53,41.39056667,-79.58335000,43,1,0,2,0,0,1,0
420040,PENNSYLVANIA,PA,1,0,1,11,0,BULLOCK,1,1,January,2010,6,Friday,1,17,1,13,2,259,40.28474444,-75.81081944,30,2,0,1,0,0,1,1
420041,PENNSYLVANIA,PA,2,0,2,79,6615,COURTLAND,10,1,January,2010,1,Sunday,2,59,1,11,1,1706,41.25805278,-75.81807222,1,3,0,1,0,0,1,1
420042,PENNSYLVANIA,PA,1,0,2,43,0,BAILEYTON,31,1,January,2010,1,Sunday,3,57,0,3,3,87,40.48079722,-76.93089167,35,2,0,1,0,0,1,1
420043,PENNSYLVANIA,PA,2,0,2,105,0,MARION,28,1,January,2010,5,Thursday,8,0,1,2,2,73,41.74478333,-78.08844722,12,1,10,4,0,0,1,0
420044,PENNSYLVANIA,PA,2,0,3,95,0,ALBERTVILLE,14,1,January,2010,5,Thursday,6,56,0,15,3,14,40.71006389,-75.49923611,12,4,0,1,0,0,2,0
420045,PENNSYLVANIA,PA,2,0,2,89,0,BROWNSBORO,13,1,January,2010,4,Wednesday,20,16,0,14,3,32,40.97068333,-75.29043889,12,2,0,1,0,0,1,1
420046,PENNSYLVANIA,PA,2,0,2,71,0,BRIDGEPORT,8,1,January,2010,6,Friday,0,23,0,6,5,0,40.21305278,-76.19271111,12,2,0,4,0,0,1,1
420047,PENNSYLVANIA,PA,2,0,2,115,0,ASHVILLE,28,1,January,2010,5,Thursday,16,54,0,3,3,149,41.83925833,-75.81190556,12,5,0,4,0,0,1,0
420048,PENNSYLVANIA,PA,1,0,1,107,0,CARROLLTON,17,1,January,2010,1,Sunday,12,56,0,3,3,54,40.59838333,-76.21923056,34,1,0,2,0,0,1,0
420049,PENNSYLVANIA,PA,1,0,2,123,0,ALEXANDER CITY,26,1,January,2010,3,Tuesday,16,50,0,16,3,26,41.95058889,-79.13251667,35,5,0,1,0,0,1,1
420050,PENNSYLVANIA,PA,1,0,2,111,0,GRAHAM,28,1,January,2010,5,Thursday,12,25,0,3,3,109,39.91013333,-79.26441944,16,1,0,8,0,0,1,0
420051,PENNSYLVANIA,PA,1,0,2,35,0,BROOKLYN,17,1,January,2010,1,Sunday,14,20,0,3,3,313,41.29021111,-77.60834722,24,1,0,2,0,0,2,1
420052,PENNSYLVANIA,PA,3,0,5,101,6540,BOYLSTON,1,1,January,2010,6,Friday,3,3,1,11,1,268,40.00384722,-75.07690556,12,3,10,2,0,0,2,1
420053,PENNSYLVANIA,PA,1,0,2,29,0,BORDEN SPRINGS,9,1,January,2010,7,Saturday,12,16,0,15,3,82,39.95721111,-75.65201389,35,1,0,1,0,0,1,0
420054,PENNSYLVANIA,PA,1,0,2,41,0,BRANTLEY,11,1,January,2010,2,Monday,1,34,0,6,5,0,40.28793889,-77.13392500,42,2,0,1,0,0,1,1
420055,PENNSYLVANIA,PA,1,0,1,3,5413,BALDWIN,6,1,January,2010,4,Wednesday,23,11,0,15,3,24,40.43136667,-79.80203611,30,2,0,2,0,0,1,0
420056,PENNSYLVANIA,PA,2,0,4,27,0,ASHLAND,30,1,January,2010,7,Saturday,17,20,0,3,3,8,40.74784167,-78.20978056,12,1,0,1,0,0,1,0
420057,PENNSYLVANIA,PA,2,0,2,41,0,BRANTLEY,21,1,January,2010,5,Thursday,13,41,1,1,1,530,40.24287500,-77.10540000,12,1,0,1,0,0,1,0
420058,PENNSYLVANIA,PA,2,0,2,3,0,BALDWIN,4,1,January,2010,2,Monday,16,9,1,11,1,608,40.46117500,-80.11187222,12,5,0,4,0,0,1,0
420059,PENNSYLVANIA,PA,2,0,5,17,0,CHAMBERS,31,1,January,2010,1,Sunday,12,7,1,13,3,149,40.47095556,-75.37073611,12,1,0,1,0,0,1,0
420060,PENNSYLVANIA,PA,1,0,2,3,0,BALDWIN,16,1,January,2010,7,Saturday,2,48,0,15,3,81,40.26379167,-79.89865000,24,3,0,1,0,0,1,1
420061,PENNSYLVANIA,PA,1,0,1,71,0,BRIDGEPORT,23,1,January,2010,7,Saturday,23,7,0,15,3,13,40.07250556,-76.46062222,30,2,0,1,0,0,1,1
420062,PENNSYLVANIA,PA,1,0,1,55,1230,ATTALLA,22,1,January,2010,6,Friday,7,52,0,16,6,0,39.92421389,-77.66025556,38,1,0,3,0,0,1,0
420063,PENNSYLVANIA,PA,1,2,2,41,0,BRANTLEY,8,1,January,2010,6,Friday,17,38,1,2,2,259,40.23364722,-77.11701944,8,3,0,1,0,0,1,0
420064,PENNSYLVANIA,PA,1,0,1,11,0,BULLOCK,30,1,January,2010,7,Saturday,18,50,0,4,3,83,40.45727222,-76.23003333,35,2,0,1,0,0,1,0
420065,PENNSYLVANIA,PA,1,0,2,15,0,ANNISTON,25,1,January,2010,2,Monday,11,20,0,5,3,86,41.77635278,-76.60270556,24,1,0,2,0,0,1,0
420066,PENNSYLVANIA,PA,1,1,1,95,660,ALBERTVILLE,26,1,January,2010,3,Tuesday,18,42,0,16,6,0,40.63100000,-75.37806111,8,3,0,1,0,0,1,0
420067,PENNSYLVANIA,PA,1,1,1,45,0,ARITON,31,1,January,2010,1,Sunday,10,41,0,6,5,0,39.96422778,-75.29997778,15,1,0,1,0,0,1,0
420068,PENNSYLVANIA,PA,1,0,2,87,0,ARMSTRONG,12,1,January,2010,3,Tuesday,8,12,1,12,2,91,40.65608056,-77.59225556,24,1,0,1,0,0,1,0
420069,PENNSYLVANIA,PA,1,0,2,101,6540,BOYLSTON,9,1,January,2010,7,Saturday,14,22,0,13,3,37,40.01031667,-75.19758056,40,1,0,1,0,0,2,0
420070,PENNSYLVANIA,PA,1,1,1,71,0,BRIDGEPORT,17,1,January,2010,1,Sunday,20,12,1,12,2,174,40.03095278,-76.23551667,8,3,0,2,0,0,1,0
420071,PENNSYLVANIA,PA,1,1,1,101,6540,BOYLSTON,14,1,January,2010,5,Thursday,18,30,0,16,6,0,40.03236667,-75.09218611,8,3,0,1,0,0,1,0
420072,PENNSYLVANIA,PA,2,0,4,37,0,BRADFORD,8,1,January,2010,6,Friday,0,28,0,14,3,137,41.03169167,-76.42006944,12,2,0,1,0,0,1,1
420073,PENNSYLVANIA,PA,2,0,2,71,0,BRIDGEPORT,18,1,January,2010,2,Monday,19,22,1,12,2,314,40.08081389,-76.27740000,12,2,0,1,0,0,1,1
420074,PENNSYLVANIA,PA,1,1,1,101,6540,BOYLSTON,16,1,January,2010,7,Saturday,1,32,1,11,1,99999,88.88880000,888.88880000,8,3,0,1,0,0,1,0
420075,PENNSYLVANIA,PA,1,0,3,19,9670,CEDAR BLUFF,26,1,January,2010,3,Tuesday,19,0,0,16,6,0,40.78322500,-80.15437778,42,2,0,4,0,0,3,0
420076,PENNSYLVANIA,PA,1,1,2,79,9080,COURTLAND,16,1,January,2010,7,Saturday,15,30,1,13,3,39,40.96027500,-75.99593333,8,1,0,1,0,0,1,0
420077,PENNSYLVANIA,PA,2,0,2,17,0,CHAMBERS,19,1,January,2010,3,Tuesday,6,30,0,13,3,69,40.22388611,-75.15933611,34,2,0,5,0,0,1,0
420078,PENNSYLVANIA,PA,1,0,1,15,0,ANNISTON,31,1,January,2010,1,Sunday,18,27,0,6,3,13,41.83386944,-76.54074167,35,2,0,1,0,0,1,1
420079,PENNSYLVANIA,PA,2,0,2,29,0,BORDEN SPRINGS,5,1,January,2010,3,Tuesday,17,47,1,12,3,3,39.99172778,-75.58976111,12,2,0,1,0,0,1,1
420080,PENNSYLVANIA,PA,1,1,1,49,2640,COLLINSVILLE,14,1,January,2010,5,Thursday,22,10,0,13,2,283,42.12541944,-80.04299722,8,6,0,1,0,0,1,0
420081,PENNSYLVANIA,PA,1,0,1,19,0,CEDAR BLUFF,14,2,February,2010,1,Sunday,10,10,1,1,1,1023,41.00781111,-80.11455833,24,1,0,1,0,0,1,0
420082,PENNSYLVANIA,PA,1,0,1,81,0,AUBURN,21,2,February,2010,1,Sunday,2,0,0,3,3,19,41.24602222,-76.51747500,42,2,0,1,0,0,1,1
420083,PENNSYLVANIA,PA,2,0,2,1,0,AUTAUGA,7,2,February,2010,1,Sunday,13,49,0,4,3,27,39.81924167,-77.02298056,12,1,0,1,0,0,1,0
420084,PENNSYLVANIA,PA,1,1,1,35,0,BROOKLYN,12,2,February,2010,6,Friday,13,37,0,5,3,11,41.12604167,-77.49995556,8,1,0,1,0,0,1,0
420085,PENNSYLVANIA,PA,2,0,3,39,0,ANDALUSIA,9,2,February,2010,3,Tuesday,17,30,0,4,3,200,41.65135278,-79.78647222,12,1,0,4,0,0,1,1
420086,PENNSYLVANIA,PA,1,1,1,63,0,BOLIGEE,25,2,February,2010,5,Thursday,15,6,0,5,3,29,40.88382778,-78.90191111,8,1,0,1,0,0,1,0
420087,PENNSYLVANIA,PA,1,0,2,37,0,BRADFORD,26,2,February,2010,6,Friday,13,50,0,15,3,2,41.02449722,-76.47334167,1,1,0,1,0,0,1,0
420088,PENNSYLVANIA,PA,2,0,2,33,0,CHEROKEE,10,2,February,2010,4,Wednesday,9,37,1,1,1,1155,41.06302222,-78.45712500,12,1,11,4,0,0,1,0
420089,PENNSYLVANIA,PA,1,0,2,17,0,CHAMBERS,14,2,February,2010,1,Sunday,1,53,0,15,3,40,40.16838889,-74.95095556,23,2,0,1,0,0,1,0
420090,PENNSYLVANIA,PA,2,0,2,119,0,BELLAMY,15,2,February,2010,2,Monday,5,56,0,3,3,28,40.90626944,-77.05397222,12,2,0,8,0,0,1,0
420091,PENNSYLVANIA,PA,1,1,1,129,0,BIGBEE,19,2,February,2010,6,Friday,6,10,0,15,3,70,40.30549722,-79.67225278,8,2,0,1,0,0,1,0
420092,PENNSYLVANIA,PA,3,0,9,5,0,BAKER HILL,12,2,February,2010,6,Friday,13,0,0,3,3,141,40.63045278,-79.38031667,12,1,0,1,0,0,1,0
420093,PENNSYLVANIA,PA,2,0,1,101,6540,BOYLSTON,1,2,February,2010,2,Monday,18,1,0,15,3,9,39.89325556,-75.23303889,14,3,0,1,0,0,1,0
420094,PENNSYLVANIA,PA,2,0,3,63,0,BOLIGEE,14,2,February,2010,1,Sunday,16,5,0,3,3,329,40.70018611,-78.98806389,12,1,0,4,0,0,2,0
420095,PENNSYLVANIA,PA,1,0,1,33,0,CHEROKEE,3,2,February,2010,4,Wednesday,0,18,1,1,1,1001,41.13520000,-78.72616111,24,2,0,1,0,0,1,0
420096,PENNSYLVANIA,PA,1,0,1,103,0,DANVILLE,20,2,February,2010,7,Saturday,23,17,0,3,2,79,41.41470556,-75.06296944,35,2,0,1,0,0,1,0
420097,PENNSYLVANIA,PA,3,0,3,11,0,BULLOCK,2,2,February,2010,3,Tuesday,6,57,1,13,3,60,40.43137500,-75.93781111,12,1,0,1,0,0,2,0
420098,PENNSYLVANIA,PA,1,0,1,69,1090,ASHFORD,5,2,February,2010,6,Friday,2,25,0,14,3,67,41.58306944,-75.51281111,24,2,0,1,0,0,1,1
420099,PENNSYLVANIA,PA,1,0,1,27,0,ASHLAND,28,2,February,2010,1,Sunday,11,15,0,6,6,0,40.83229722,-77.41658889,42,1,0,1,0,0,1,0
420100,PENNSYLVANIA,PA,4,1,8,129,0,BIGBEE,7,2,February,2010,1,Sunday,19,40,1,11,1,856,40.15315833,-79.44512222,12,2,0,1,0,0,1,0
420101,PENNSYLVANIA,PA,3,0,5,21,0,CHILTON,11,2,February,2010,5,Thursday,16,8,1,2,2,110,40.36866111,-78.77134722,12,1,0,4,0,0,1,0
420102,PENNSYLVANIA,PA,3,3,2,3,6600,BALDWIN,21,2,February,2010,1,Sunday,4,50,0,16,6,0,40.45692222,-79.89413333,12,3,0,1,0,0,1,1
420103,PENNSYLVANIA,PA,1,0,5,25,0,BARLOW BEND,23,2,February,2010,3,Tuesday,16,0,1,1,1,2790,41.08075000,-75.65288611,1,1,0,4,0,0,2,0
420104,PENNSYLVANIA,PA,1,0,1,43,0,BAILEYTON,26,2,February,2010,6,Friday,21,57,1,13,2,16,40.25756111,-76.78812500,35,2,0,1,0,0,1,1
420105,PENNSYLVANIA,PA,1,1,4,107,7280,CARROLLTON,16,2,February,2010,3,Tuesday,23,21,1,13,3,176,40.71193889,-76.18837222,8,2,0,1,0,0,1,0
420106,PENNSYLVANIA,PA,1,1,1,3,6600,BALDWIN,14,2,February,2010,1,Sunday,6,3,1,13,2,73,40.40176389,-80.04236944,8,3,0,1,0,0,1,1
420107,PENNSYLVANIA,PA,3,0,2,45,1270,ARITON,8,3,March,2010,2,Monday,11,29,1,13,2,59,39.86000278,-75.35151111,12,1,0,1,0,0,1,1
420108,PENNSYLVANIA,PA,2,0,3,31,0,COFFEE,4,2,February,2010,5,Thursday,0,23,1,2,3,107,41.10577500,-79.21829444,12,2,0,1,0,0,1,1
420109,PENNSYLVANIA,PA,3,0,4,109,0,ANSLEY,25,2,February,2010,5,Thursday,14,53,0,3,3,96,40.76828056,-77.02015000,12,1,0,1,0,0,1,0
420110,PENNSYLVANIA,PA,2,0,4,129,0,BIGBEE,16,2,February,2010,3,Tuesday,12,5,0,3,3,71,40.27210000,-79.07360833,12,1,0,4,0,0,1,0
420111,PENNSYLVANIA,PA,5,1,5,77,0,ANDERSON,4,2,February,2010,5,Thursday,6,15,1,13,2,79,40.57011667,-75.55271111,8,2,0,1,0,0,1,0
420112,PENNSYLVANIA,PA,1,1,1,107,8350,CARROLLTON,26,2,February,2010,6,Friday,20,42,0,16,6,0,40.80214444,-75.96540278,8,3,0,1,0,0,1,0
420113,PENNSYLVANIA,PA,1,0,5,3,6600,BALDWIN,21,2,February,2010,1,Sunday,1,50,1,11,1,680,40.42049444,-80.03217222,25,3,0,1,0,0,3,0
420114,PENNSYLVANIA,PA,3,0,4,9,0,BLOUNT,9,2,February,2010,3,Tuesday,11,15,0,3,2,193,40.02598333,-78.45095556,12,1,0,4,0,0,1,0
420115,PENNSYLVANIA,PA,1,0,1,3,0,BALDWIN,15,2,February,2010,2,Monday,19,11,1,12,2,19,40.43058056,-80.26157500,48,2,0,4,0,0,1,0
420116,PENNSYLVANIA,PA,4,0,6,123,8850,ALEXANDER CITY,12,2,February,2010,6,Friday,15,49,1,13,2,218,41.84960833,-79.14655833,12,1,0,1,0,0,1,0
420117,PENNSYLVANIA,PA,1,0,1,91,0,DAYTON,9,2,February,2010,3,Tuesday,2,18,0,6,5,0,40.21630556,-75.27661944,42,3,0,1,0,0,1,1
420118,PENNSYLVANIA,PA,1,0,3,101,6540,BOYLSTON,13,2,February,2010,7,Saturday,5,10,1,13,2,85,40.02664167,-75.11540000,33,3,0,8,0,0,2,0
420119,PENNSYLVANIA,PA,1,1,1,101,6540,BOYLSTON,20,2,February,2010,7,Saturday,19,51,1,13,3,21,40.04517500,-75.05548056,8,3,0,1,0,0,1,0
420120,PENNSYLVANIA,PA,1,0,1,125,0,BROOKWOOD,12,2,February,2010,6,Friday,9,0,1,1,1,110,40.13031944,-80.33466944,48,1,0,4,0,0,1,1
420121,PENNSYLVANIA,PA,1,1,1,85,0,BENTON,18,2,February,2010,5,Thursday,18,15,1,1,1,238,41.20155278,-80.07428056,8,2,0,1,0,0,1,0
420122,PENNSYLVANIA,PA,1,1,1,101,6540,BOYLSTON,27,2,February,2010,7,Saturday,18,44,1,13,3,47,39.95337500,-75.14005000,8,5,0,1,0,0,1,0
420123,PENNSYLVANIA,PA,4,1,9,133,0,ARLEY,10,2,February,2010,4,Wednesday,19,30,1,2,2,24,40.06932778,-77.05896667,8,2,11,4,0,0,1,0
420124,PENNSYLVANIA,PA,2,0,4,91,0,DAYTON,14,2,February,2010,1,Sunday,14,30,0,15,3,39,40.25773333,-75.48088333,12,1,0,1,0,0,2,0
420125,PENNSYLVANIA,PA,2,0,3,55,0,ATTALLA,11,2,February,2010,5,Thursday,17,4,0,14,3,176,39.91723333,-77.70334444,12,1,0,1,0,0,1,0
420126,PENNSYLVANIA,PA,2,0,4,99,0,BEATRICE,11,2,February,2010,5,Thursday,13,3,0,3,3,109,40.40836111,-77.16535556,48,1,0,1,0,0,2,0
420127,PENNSYLVANIA,PA,2,0,2,69,710,ASHFORD,5,2,February,2010,6,Friday,0,0,0,14,3,55,41.48865278,-75.61509167,24,3,0,1,0,0,1,1
420128,PENNSYLVANIA,PA,2,0,2,49,2640,COLLINSVILLE,9,2,February,2010,3,Tuesday,8,29,1,13,3,227,42.10951389,-80.11954167,12,1,0,1,0,0,1,0
420129,PENNSYLVANIA,PA,2,0,3,41,5010,BRANTLEY,27,2,February,2010,7,Saturday,14,20,0,14,3,16,40.21581944,-76.99265278,12,1,0,1,0,0,1,0
420130,PENNSYLVANIA,PA,2,0,5,101,6540,BOYLSTON,26,2,February,2010,6,Friday,22,35,1,11,1,3408,39.99911111,-75.19531111,25,3,0,1,0,0,1,0
420131,PENNSYLVANIA,PA,2,0,2,37,0,BRADFORD,21,2,February,2010,1,Sunday,0,8,0,3,3,26,40.83210833,-76.33830556,12,2,0,1,0,0,2,1
420132,PENNSYLVANIA,PA,2,0,2,79,0,COURTLAND,24,2,February,2010,4,Wednesday,23,20,0,3,3,54,41.30605000,-76.21571667,12,2,0,1,0,0,1,1
420133,PENNSYLVANIA,PA,2,0,2,49,0,COLLINSVILLE,18,2,February,2010,5,Thursday,17,32,0,4,3,16,42.13864722,-79.92344167,12,5,0,1,0,0,1,0
420134,PENNSYLVANIA,PA,2,0,8,91,0,DAYTON,17,2,February,2010,4,Wednesday,7,26,1,2,3,84,40.27932222,-75.49528611,12,1,0,1,1,0,1,0
420135,PENNSYLVANIA,PA,2,0,4,101,6540,BOYLSTON,28,2,February,2010,1,Sunday,19,15,0,4,3,45,40.00920278,-75.08212222,12,3,0,1,0,0,2,1
420136,PENNSYLVANIA,PA,2,0,2,129,0,BIGBEE,3,2,February,2010,4,Wednesday,8,0,1,2,3,83,40.65476389,-79.66659444,12,1,0,4,0,0,1,0
420137,PENNSYLVANIA,PA,2,0,3,73,0,ARGO,15,2,February,2010,2,Monday,9,42,0,2,2,74,41.01313056,-80.39723056,12,1,0,1,0,0,1,0
420138,PENNSYLVANIA,PA,2,0,2,59,0,FRANKLIN,23,3,March,2010,3,Tuesday,18,50,0,3,3,99,39.84802500,-79.96137222,24,1,0,2,0,0,1,0
420139,PENNSYLVANIA,PA,2,0,2,111,0,GRAHAM,17,3,March,2010,4,Wednesday,9,45,1,2,2,71,40.13829722,-79.01093056,12,1,0,1,0,0,1,0
420140,PENNSYLVANIA,PA,2,1,3,101,6540,BOYLSTON,5,2,February,2010,6,Friday,18,39,1,11,1,129,39.88836667,-75.24176944,8,2,0,4,0,0,1,0
420141,PENNSYLVANIA,PA,1,0,1,11,0,BULLOCK,20,3,March,2010,7,Saturday,3,48,0,5,3,83,40.53450833,-76.07656667,11,2,0,1,0,0,1,1
420142,PENNSYLVANIA,PA,1,1,1,77,0,ANDERSON,11,2,February,2010,5,Thursday,14,0,0,6,3,12,40.65302222,-75.57629444,8,1,0,4,0,0,1,0
420143,PENNSYLVANIA,PA,1,0,1,79,0,COURTLAND,20,3,March,2010,7,Saturday,13,57,1,1,1,18,41.04924167,-76.01013333,59,1,0,1,0,0,1,0
420144,PENNSYLVANIA,PA,2,0,3,71,4180,BRIDGEPORT,10,2,February,2010,4,Wednesday,15,20,0,16,6,0,40.04437500,-76.29016389,12,1,11,4,0,0,2,0
420145,PENNSYLVANIA,PA,1,0,2,89,0,BROWNSBORO,5,3,March,2010,6,Friday,22,35,1,11,1,3092,40.99825556,-75.15469444,35,2,0,1,0,0,1,1
420146,PENNSYLVANIA,PA,2,0,2,75,0,BEAVERTON,13,3,March,2010,7,Saturday,0,5,1,1,1,829,40.39676667,-76.61954722,12,2,0,1,0,0,1,1
420147,PENNSYLVANIA,PA,1,0,1,101,6540,BOYLSTON,13,3,March,2010,7,Saturday,14,18,1,11,1,143,39.88896667,-75.21815556,25,1,0,2,0,0,1,0
420148,PENNSYLVANIA,PA,1,1,1,13,0,BOLLING,16,3,March,2010,3,Tuesday,8,50,0,13,2,99,40.55467222,-78.34468333,8,1,0,1,0,0,1,0
420149,PENNSYLVANIA,PA,1,0,2,39,0,ANDALUSIA,25,3,March,2010,5,Thursday,4,30,0,4,3,35,41.67205556,-79.93696389,34,2,0,1,0,0,1,0
420150,PENNSYLVANIA,PA,1,0,1,25,0,BARLOW BEND,7,3,March,2010,1,Sunday,1,3,0,4,3,120,40.99815556,-75.60894167,42,2,0,1,0,0,1,1
420151,PENNSYLVANIA,PA,1,1,1,43,0,BAILEYTON,6,3,March,2010,7,Saturday,0,0,0,15,3,119,40.24326667,-76.82055000,8,3,0,1,0,0,1,0
420152,PENNSYLVANIA,PA,2,0,2,109,0,ANSLEY,2,3,March,2010,3,Tuesday,4,18,0,3,3,89,40.74857222,-76.96432500,12,2,0,1,0,0,1,0
420153,PENNSYLVANIA,PA,2,0,3,53,0,ATMORE,17,3,March,2010,4,Wednesday,13,5,0,3,3,38,41.46316389,-79.43773333,45,1,0,1,0,0,1,0
420154,PENNSYLVANIA,PA,2,0,2,107,0,CARROLLTON,21,3,March,2010,1,Sunday,21,35,1,2,3,230,40.77727222,-76.22721111,12,2,0,1,0,0,1,1
420155,PENNSYLVANIA,PA,1,1,1,91,0,DAYTON,17,3,March,2010,4,Wednesday,18,35,0,6,5,0,40.16926389,-75.23700278,15,1,0,1,0,0,1,0
420156,PENNSYLVANIA,PA,1,0,1,37,0,BRADFORD,15,3,March,2010,2,Monday,19,0,0,3,3,321,41.17501667,-76.52373611,35,2,0,1,0,0,1,1
420157,PENNSYLVANIA,PA,1,0,1,133,0,ARLEY,19,3,March,2010,6,Friday,21,50,0,15,3,7,39.91931944,-76.78366944,43,2,0,1,0,0,1,1
420158,PENNSYLVANIA,PA,1,0,1,125,0,BROOKWOOD,16,3,March,2010,3,Tuesday,9,30,0,5,3,3,40.13396111,-80.05253611,35,1,0,1,0,0,1,0
420159,PENNSYLVANIA,PA,1,0,2,3,1330,BALDWIN,30,3,March,2010,3,Tuesday,12,32,0,13,3,9,40.43435556,-79.82228333,33,1,0,1,0,0,1,0
420160,PENNSYLVANIA,PA,1,1,1,133,0,ARLEY,5,3,March,2010,6,Friday,0,10,1,11,1,187,39.97220278,-76.69380556,8,2,0,1,0,0,1,0
420161,PENNSYLVANIA,PA,1,0,1,101,6540,BOYLSTON,13,3,March,2010,7,Saturday,4,58,0,16,3,38,40.02185000,-75.09405833,42,3,0,2,0,0,1,0
420162,PENNSYLVANIA,PA,1,0,2,127,0,BURNWELL,21,3,March,2010,1,Sunday,7,49,0,15,3,6,41.65432500,-75.45516389,42,1,0,1,0,0,1,0
420163,PENNSYLVANIA,PA,1,0,1,59,0,FRANKLIN,5,3,March,2010,6,Friday,4,10,0,2,3,291,39.86447778,-79.97040000,52,2,0,1,0,0,1,0
420164,PENNSYLVANIA,PA,1,0,1,11,0,BULLOCK,20,3,March,2010,7,Saturday,21,17,0,6,5,0,40.39517222,-75.71569167,1,5,0,1,0,0,1,1
420165,PENNSYLVANIA,PA,1,0,1,133,3910,ARLEY,24,3,March,2010,4,Wednesday,16,35,0,14,3,105,39.87650556,-76.70930000,53,1,0,1,0,0,1,0
420166,PENNSYLVANIA,PA,1,0,1,103,0,DANVILLE,23,3,March,2010,3,Tuesday,15,50,0,3,2,139,41.39274444,-74.96090556,42,1,0,1,0,0,1,0
420167,PENNSYLVANIA,PA,1,1,1,11,0,BULLOCK,17,3,March,2010,4,Wednesday,5,57,0,3,3,123,40.43823611,-76.11778333,24,2,0,1,0,0,1,0
420168,PENNSYLVANIA,PA,3,0,5,101,6540,BOYLSTON,22,3,March,2010,2,Monday,16,20,1,11,1,119,39.87805278,-75.25159167,12,1,0,2,0,0,1,0
420169,PENNSYLVANIA,PA,1,0,2,91,0,DAYTON,7,3,March,2010,1,Sunday,7,34,0,15,3,12,40.22506111,-75.56274167,53,1,0,1,0,0,2,1
420170,PENNSYLVANIA,PA,3,1,2,13,0,BOLLING,26,3,March,2010,6,Friday,16,49,0,6,5,0,40.45130278,-78.45516667,14,1,0,1,0,0,1,0
420171,PENNSYLVANIA,PA,1,0,1,13,0,BOLLING,14,3,March,2010,1,Sunday,6,45,0,3,3,240,40.54673889,-78.47729722,48,3,2,2,0,0,1,0