ST_CASE,State Name,State Abbreviation,VE_TOTAL,Pedestrains,Total_Persons_in_accident,COUNTY,CITY,City_County_Name,Calendar_DAY,MONTH,Month_Name,YEAR,DAY_WEEK,Day_Week_desc,HOUR,MINUTE,NHS_Desc,trafficway,ROUTE,MILEPT,LATITUDE,LONGITUD,First_Crash_event,Light_cond_desc,Weather_condition,WEATHER,SCH_BUS,Crash_cause,FATALS,DRUNK_DR
420172,PENNSYLVANIA,PA,1,1,2,79,9340,COURTLAND,26,3,March,2010,6,Friday,16,13,0,16,6,0,41.26540000,-75.84631667,9,1,0,1,0,0,1,0
420173,PENNSYLVANIA,PA,1,0,1,3,0,BALDWIN,23,3,March,2010,3,Tuesday,7,55,1,11,1,320,40.65256667,-80.05398889,35,1,0,2,0,0,1,0
420174,PENNSYLVANIA,PA,3,0,3,11,4965,BULLOCK,18,3,March,2010,5,Thursday,16,30,0,15,3,10,40.50855833,-75.78531111,12,1,0,1,0,0,1,0
420175,PENNSYLVANIA,PA,1,0,1,73,0,ARGO,17,3,March,2010,4,Wednesday,23,45,0,3,3,47,40.90110278,-80.26540556,53,2,0,1,0,0,1,1
420176,PENNSYLVANIA,PA,1,1,1,101,6540,BOYLSTON,11,3,March,2010,5,Thursday,23,12,1,13,3,54,40.01240556,-75.15053333,8,3,0,1,0,0,1,0
420177,PENNSYLVANIA,PA,1,1,2,101,6540,BOYLSTON,5,3,March,2010,6,Friday,18,23,1,13,3,6,40.05800278,-75.07795556,8,3,0,1,0,0,1,0
420178,PENNSYLVANIA,PA,1,1,1,101,6540,BOYLSTON,27,3,March,2010,7,Saturday,19,30,0,16,6,0,39.98503333,-75.16755000,8,3,0,1,0,0,1,0
420179,PENNSYLVANIA,PA,2,0,3,117,0,BIRMINGHAM,26,3,March,2010,6,Friday,12,15,0,3,3,327,41.93712778,-77.10402500,12,1,0,1,0,0,1,0
420180,PENNSYLVANIA,PA,2,0,2,129,0,BIGBEE,21,3,March,2010,1,Sunday,19,16,0,4,3,70,40.48315556,-79.58738611,12,1,0,1,0,0,1,0
420181,PENNSYLVANIA,PA,3,0,3,101,6540,BOYLSTON,7,3,March,2010,1,Sunday,5,27,0,14,3,42,40.00740278,-75.08638611,14,4,0,1,0,0,1,0
420182,PENNSYLVANIA,PA,1,1,1,91,0,DAYTON,28,3,March,2010,1,Sunday,23,31,0,13,3,26,40.09895833,-75.27146944,8,3,0,2,0,0,1,0
420183,PENNSYLVANIA,PA,2,0,3,79,0,COURTLAND,30,3,March,2010,3,Tuesday,14,15,0,3,3,129,41.07960833,-75.95625556,12,1,11,4,0,0,1,0
420184,PENNSYLVANIA,PA,1,0,2,11,0,BULLOCK,7,3,March,2010,1,Sunday,0,7,0,6,5,0,40.31464167,-75.81421944,42,2,0,1,0,0,1,1
420185,PENNSYLVANIA,PA,3,0,1,55,0,ATTALLA,27,3,March,2010,7,Saturday,14,18,0,3,3,3,39.72603611,-77.60490556,14,1,0,1,0,0,1,1
420186,PENNSYLVANIA,PA,2,0,2,133,0,ARLEY,27,3,March,2010,7,Saturday,12,5,0,14,3,52,39.79144167,-76.67856389,12,1,0,1,0,0,1,0
420187,PENNSYLVANIA,PA,1,2,1,43,3500,BAILEYTON,12,3,March,2010,6,Friday,18,28,0,13,3,31,40.24213333,-76.85672500,8,3,0,2,0,0,1,1
420188,PENNSYLVANIA,PA,1,1,1,5,0,BAKER HILL,9,3,March,2010,3,Tuesday,22,0,1,13,3,119,40.82060278,-79.48783056,8,2,0,1,0,0,1,0
420189,PENNSYLVANIA,PA,1,0,1,71,0,BRIDGEPORT,9,3,March,2010,3,Tuesday,17,37,0,14,3,40,40.03165000,-76.36086111,1,1,0,1,0,0,1,0
420190,PENNSYLVANIA,PA,1,0,2,77,0,ANDERSON,13,3,March,2010,7,Saturday,20,45,1,11,1,534,40.54425000,-75.53206111,35,2,0,2,0,0,1,0
420191,PENNSYLVANIA,PA,2,0,3,55,3343,ATTALLA,14,3,March,2010,1,Sunday,6,26,1,2,2,285,39.90411111,-77.46937778,35,2,0,2,0,0,1,1
420192,PENNSYLVANIA,PA,2,0,4,117,0,BIRMINGHAM,20,3,March,2010,7,Saturday,13,25,0,3,3,152,41.74475556,-77.07756111,12,1,0,1,0,0,1,0
420193,PENNSYLVANIA,PA,1,0,5,109,5095,ANSLEY,19,3,March,2010,6,Friday,14,51,0,6,6,0,40.79660000,-77.00090833,30,1,0,1,0,0,2,0
420194,PENNSYLVANIA,PA,2,0,3,101,6540,BOYLSTON,21,3,March,2010,1,Sunday,20,47,1,13,2,100,40.09988611,-75.00816389,12,3,0,1,0,0,2,1
420195,PENNSYLVANIA,PA,1,0,1,3,6600,BALDWIN,25,3,March,2010,5,Thursday,18,6,0,16,6,0,40.46499167,-79.91422778,30,3,0,2,0,0,1,0
420196,PENNSYLVANIA,PA,2,0,3,101,6540,BOYLSTON,18,3,March,2010,5,Thursday,1,42,0,14,3,3,39.95851111,-75.16558056,12,3,0,1,0,0,2,0
420197,PENNSYLVANIA,PA,2,0,4,41,0,BRANTLEY,13,3,March,2010,7,Saturday,15,20,0,16,3,29,40.26655000,-76.97986111,12,1,0,2,0,0,1,0
420198,PENNSYLVANIA,PA,1,0,1,33,0,CHEROKEE,20,3,March,2010,7,Saturday,14,51,0,3,3,277,41.13308889,-78.53857778,42,1,0,1,0,0,1,0
420199,PENNSYLVANIA,PA,2,0,3,75,0,BEAVERTON,31,3,March,2010,4,Wednesday,9,50,0,5,3,67,40.27069167,-76.48295556,12,1,0,1,0,0,1,1
420200,PENNSYLVANIA,PA,2,0,3,19,0,CEDAR BLUFF,31,3,March,2010,4,Wednesday,17,56,0,3,3,129,40.84300278,-79.99429722,12,1,0,1,1,0,1,0
420201,PENNSYLVANIA,PA,2,0,3,21,0,CHILTON,24,3,March,2010,4,Wednesday,15,0,0,6,5,0,40.29807778,-78.83527500,12,1,0,1,0,0,1,0
420202,PENNSYLVANIA,PA,2,0,4,45,4240,ARITON,4,3,March,2010,5,Thursday,15,49,0,14,3,0,39.93537500,-75.28437222,33,1,0,1,0,0,1,0
420203,PENNSYLVANIA,PA,1,0,2,39,0,ANDALUSIA,3,4,April,2010,7,Saturday,23,56,0,3,3,62,41.62580556,-80.29014722,32,3,0,1,0,0,1,1
420204,PENNSYLVANIA,PA,1,0,1,117,0,BIRMINGHAM,2,4,April,2010,6,Friday,14,40,0,3,3,93,41.66385833,-77.30982222,43,1,0,1,0,0,1,0
420205,PENNSYLVANIA,PA,1,0,4,133,3470,ARLEY,13,4,April,2010,3,Tuesday,13,20,0,16,6,0,39.81670833,-76.98254722,33,1,0,2,0,0,1,0
420206,PENNSYLVANIA,PA,1,0,3,109,0,ANSLEY,13,4,April,2010,3,Tuesday,18,42,0,6,3,31,40.75708056,-76.93606667,33,1,0,1,0,0,1,1
420207,PENNSYLVANIA,PA,1,0,1,115,0,ASHVILLE,11,4,April,2010,1,Sunday,18,30,0,6,5,0,41.95575278,-75.87380556,35,1,0,1,0,0,1,1
420208,PENNSYLVANIA,PA,1,0,1,69,0,ASHFORD,9,4,April,2010,6,Friday,14,39,0,3,3,53,41.34097778,-75.58201667,35,1,0,1,0,0,1,0
420209,PENNSYLVANIA,PA,3,0,3,31,5410,COFFEE,3,4,April,2010,7,Saturday,14,18,0,3,3,210,41.16608889,-79.39797778,12,1,1,10,0,0,1,0
420210,PENNSYLVANIA,PA,1,1,1,129,0,BIGBEE,7,4,April,2010,4,Wednesday,5,50,0,3,3,172,40.18366944,-79.50980556,9,2,0,1,0,0,1,0
420211,PENNSYLVANIA,PA,1,0,2,29,0,BORDEN SPRINGS,29,3,March,2010,2,Monday,0,53,1,12,2,106,39.82318889,-75.90466667,59,2,6,2,0,0,1,1
420212,PENNSYLVANIA,PA,1,0,2,41,0,BRANTLEY,4,4,April,2010,1,Sunday,19,41,0,4,3,34,40.16086944,-77.24622778,30,5,0,1,0,0,1,0
420213,PENNSYLVANIA,PA,1,0,1,11,0,BULLOCK,11,4,April,2010,1,Sunday,22,10,0,6,5,0,40.50586944,-76.13782778,30,2,0,1,0,0,1,1
420214,PENNSYLVANIA,PA,4,0,1,65,6840,CYPRESS,23,4,April,2010,6,Friday,1,27,0,16,3,3,40.95377778,-78.95815833,14,2,0,1,0,0,1,1
420215,PENNSYLVANIA,PA,1,1,0,79,0,COURTLAND,8,4,April,2010,5,Thursday,2,10,1,11,1,3,41.24881111,-75.82205556,8,2,0,1,0,0,1,0
420216,PENNSYLVANIA,PA,1,0,1,117,0,BIRMINGHAM,16,4,April,2010,6,Friday,20,29,0,6,5,0,41.73376111,-77.14926389,42,2,0,1,0,0,1,1
420217,PENNSYLVANIA,PA,1,0,1,37,0,BRADFORD,3,4,April,2010,7,Saturday,0,30,0,4,3,81,41.23995556,-76.40309722,1,2,0,1,0,0,1,1
420218,PENNSYLVANIA,PA,1,0,1,129,0,BIGBEE,25,4,April,2010,1,Sunday,12,27,1,11,1,596,40.40458889,-79.71164167,42,1,0,1,0,0,1,0
420219,PENNSYLVANIA,PA,1,0,1,71,0,BRIDGEPORT,23,3,March,2010,3,Tuesday,17,13,0,3,3,128,40.07822222,-76.65207778,30,1,0,1,0,0,1,1
420220,PENNSYLVANIA,PA,2,0,2,29,0,BORDEN SPRINGS,26,4,April,2010,2,Monday,10,45,0,13,2,96,39.99652222,-75.74290833,12,1,0,2,0,0,1,0
420221,PENNSYLVANIA,PA,2,0,4,7,0,BIBB,4,3,March,2010,5,Thursday,14,59,0,14,3,32,40.60213056,-80.27743889,12,1,0,1,0,0,1,0
420222,PENNSYLVANIA,PA,1,0,2,101,6540,BOYLSTON,18,4,April,2010,1,Sunday,6,27,1,11,1,214,39.95493889,-75.14160833,25,1,0,1,0,0,1,0
420223,PENNSYLVANIA,PA,1,0,2,49,0,COLLINSVILLE,25,4,April,2010,1,Sunday,10,58,0,5,3,158,41.93067500,-80.02996944,42,1,0,1,0,0,1,0
420224,PENNSYLVANIA,PA,1,1,1,77,0,ANDERSON,10,4,April,2010,7,Saturday,16,35,0,5,3,39,40.64722222,-75.75138611,8,1,0,1,0,0,1,0
420225,PENNSYLVANIA,PA,2,0,2,71,0,BRIDGEPORT,5,4,April,2010,2,Monday,5,54,0,14,3,56,40.05457500,-76.52431944,12,2,0,1,0,0,1,0
420226,PENNSYLVANIA,PA,3,0,3,3,0,BALDWIN,14,4,April,2010,4,Wednesday,14,6,1,11,1,363,40.63007222,-79.98532778,12,1,0,1,0,0,1,0
420227,PENNSYLVANIA,PA,1,0,2,121,0,BON AIR,29,4,April,2010,5,Thursday,14,48,0,3,3,259,41.53881667,-79.71496944,24,1,0,1,0,0,1,0
420228,PENNSYLVANIA,PA,1,0,2,29,0,BORDEN SPRINGS,11,4,April,2010,1,Sunday,18,26,1,12,2,172,39.84221389,-75.79880833,1,1,0,1,0,0,1,0
420229,PENNSYLVANIA,PA,1,1,1,95,2270,ALBERTVILLE,17,3,March,2010,4,Wednesday,16,24,0,13,3,236,40.69068889,-75.22036667,9,1,0,1,0,0,1,0
420230,PENNSYLVANIA,PA,4,0,8,43,0,BAILEYTON,23,4,April,2010,6,Friday,17,35,1,12,3,11,40.22420278,-76.77211667,12,1,0,1,0,0,2,0
420231,PENNSYLVANIA,PA,3,0,6,9,0,BLOUNT,14,4,April,2010,4,Wednesday,5,34,1,2,2,129,39.88514167,-78.60527778,12,2,0,5,0,0,1,0
420232,PENNSYLVANIA,PA,3,0,2,91,6780,DAYTON,30,4,April,2010,6,Friday,9,25,0,13,3,167,40.24832500,-75.66310000,12,1,0,1,0,0,1,0
420233,PENNSYLVANIA,PA,1,0,1,33,0,CHEROKEE,23,4,April,2010,6,Friday,13,5,0,4,3,23,40.74200556,-78.38411944,42,1,0,1,0,0,1,0
420234,PENNSYLVANIA,PA,3,1,3,11,0,BULLOCK,8,4,April,2010,5,Thursday,5,57,1,13,2,288,40.26760833,-75.76079722,8,2,0,1,0,0,1,0
420235,PENNSYLVANIA,PA,1,0,1,11,0,BULLOCK,8,4,April,2010,5,Thursday,2,49,0,4,3,18,40.37452500,-76.18863611,30,2,0,1,0,0,1,1
420236,PENNSYLVANIA,PA,1,0,1,41,0,BRANTLEY,5,4,April,2010,2,Monday,22,11,0,6,5,0,40.18559444,-77.35254722,43,2,0,1,0,0,1,0
420237,PENNSYLVANIA,PA,1,0,1,43,3500,BAILEYTON,26,4,April,2010,2,Monday,15,26,0,13,2,153,40.28081389,-76.87443889,24,1,0,2,0,0,1,0
420238,PENNSYLVANIA,PA,1,0,1,43,0,BAILEYTON,11,4,April,2010,1,Sunday,22,5,0,4,3,59,40.58338056,-76.86443611,11,2,0,1,0,0,1,0
420239,PENNSYLVANIA,PA,1,0,1,51,0,CENTRAL,11,4,April,2010,1,Sunday,12,20,0,4,3,5,40.05912500,-79.55344167,38,1,0,1,0,0,1,0
420240,PENNSYLVANIA,PA,2,0,3,127,0,BURNWELL,2,4,April,2010,6,Friday,19,10,0,3,3,442,41.77817500,-75.17764167,12,5,0,1,0,0,1,1
420241,PENNSYLVANIA,PA,1,0,1,103,0,DANVILLE,21,4,April,2010,4,Wednesday,15,37,0,6,5,0,41.24608611,-74.92106111,42,1,0,1,0,0,1,1
420242,PENNSYLVANIA,PA,2,0,3,43,3500,BAILEYTON,19,4,April,2010,2,Monday,0,6,0,16,6,0,40.28106944,-76.88830000,12,3,0,1,0,0,1,1
420243,PENNSYLVANIA,PA,2,0,3,99,0,BEATRICE,2,4,April,2010,6,Friday,16,48,0,3,3,34,40.32595556,-77.17704444,12,1,0,1,0,0,1,0
420244,PENNSYLVANIA,PA,1,0,1,25,0,BARLOW BEND,21,4,April,2010,4,Wednesday,19,22,0,4,3,52,40.91210000,-75.87708889,1,1,0,1,0,0,1,1
420245,PENNSYLVANIA,PA,2,0,4,73,0,ARGO,2,4,April,2010,6,Friday,21,20,0,3,3,31,41.00730833,-80.46382500,12,3,0,1,0,0,1,1
420246,PENNSYLVANIA,PA,1,0,1,113,0,COTTONTON,24,4,April,2010,7,Saturday,11,38,0,3,2,54,41.36130833,-76.55287500,24,1,0,1,0,0,1,0
420247,PENNSYLVANIA,PA,1,0,1,17,0,CHAMBERS,3,4,April,2010,7,Saturday,11,50,1,13,3,88,40.34071111,-75.13393889,24,1,0,1,0,0,1,1
420248,PENNSYLVANIA,PA,1,0,1,13,0,BOLLING,24,4,April,2010,7,Saturday,5,20,0,15,3,45,40.67863889,-78.25329722,1,4,0,1,0,0,1,0
420249,PENNSYLVANIA,PA,1,0,1,41,5530,BRANTLEY,19,4,April,2010,2,Monday,0,50,0,14,3,65,40.11425833,-77.18890278,33,3,0,1,0,0,1,1
420250,PENNSYLVANIA,PA,1,0,1,107,0,CARROLLTON,20,4,April,2010,3,Tuesday,6,55,0,14,3,34,40.78945833,-76.31276111,35,1,0,1,0,0,1,1
420251,PENNSYLVANIA,PA,1,0,2,89,8475,BROWNSBORO,30,4,April,2010,6,Friday,14,15,0,5,3,12,41.13174722,-75.55601389,42,1,0,1,0,0,2,0
420252,PENNSYLVANIA,PA,1,0,1,69,0,ASHFORD,26,4,April,2010,2,Monday,20,44,0,4,3,182,41.48686944,-75.75331667,30,2,0,2,0,0,1,0
420253,PENNSYLVANIA,PA,1,0,1,11,0,BULLOCK,22,4,April,2010,5,Thursday,14,28,0,13,3,26,40.35822222,-75.99452222,30,1,0,1,0,0,1,0
420254,PENNSYLVANIA,PA,1,0,1,69,0,ASHFORD,29,4,April,2010,5,Thursday,21,30,0,15,3,183,41.60730278,-75.56473333,30,2,0,1,0,0,1,1
420255,PENNSYLVANIA,PA,1,0,6,101,6540,BOYLSTON,16,4,April,2010,6,Friday,10,20,0,14,3,18,39.96451667,-75.20452778,5,1,0,1,0,0,1,0
420256,PENNSYLVANIA,PA,1,0,1,7,0,BIBB,16,4,April,2010,6,Friday,9,57,0,13,3,177,40.66912222,-80.31600000,46,1,0,1,0,0,1,0
420257,PENNSYLVANIA,PA,1,0,1,17,0,CHAMBERS,3,4,April,2010,7,Saturday,17,39,0,15,3,14,40.31011667,-75.26513611,34,1,0,1,0,0,1,0
420258,PENNSYLVANIA,PA,1,1,1,11,0,BULLOCK,1,4,April,2010,5,Thursday,21,45,1,12,3,22,40.37294722,-75.92684722,8,2,0,1,0,0,1,0
420259,PENNSYLVANIA,PA,1,0,1,27,0,ASHLAND,7,4,April,2010,4,Wednesday,13,56,1,1,1,1597,40.94600278,-77.73277500,35,1,0,1,0,0,1,0
420260,PENNSYLVANIA,PA,1,1,1,101,6540,BOYLSTON,7,4,April,2010,4,Wednesday,22,5,0,13,3,7,40.05516944,-75.12566667,8,3,0,1,0,0,1,0
420261,PENNSYLVANIA,PA,1,0,2,33,0,CHEROKEE,2,4,April,2010,6,Friday,16,8,0,3,3,148,41.23902222,-78.54837500,31,1,0,1,0,0,1,0
420262,PENNSYLVANIA,PA,1,0,3,73,6835,ARGO,22,4,April,2010,5,Thursday,12,55,0,4,3,135,41.07468333,-80.43071944,5,1,0,1,0,0,1,0
420263,PENNSYLVANIA,PA,1,0,4,5,0,BAKER HILL,13,4,April,2010,3,Tuesday,19,51,0,6,5,0,40.81887222,-79.55220833,1,1,0,1,0,0,1,1
420264,PENNSYLVANIA,PA,2,1,2,63,0,BOLIGEE,8,4,April,2010,5,Thursday,0,30,1,13,2,95,40.56520556,-79.16155000,8,2,0,1,0,0,1,0
420265,PENNSYLVANIA,PA,1,0,1,115,0,ASHVILLE,11,4,April,2010,1,Sunday,1,10,0,6,5,0,41.70869722,-75.70419444,30,2,0,1,0,0,1,1
420266,PENNSYLVANIA,PA,1,1,1,125,1070,BROOKWOOD,4,4,April,2010,1,Sunday,7,49,0,14,3,71,40.25840556,-80.18884167,8,1,0,1,0,0,1,0
420267,PENNSYLVANIA,PA,1,1,1,11,6900,BULLOCK,6,4,April,2010,3,Tuesday,13,24,0,14,3,8,40.35455833,-75.94753056,8,1,0,1,0,0,1,0
420268,PENNSYLVANIA,PA,1,1,1,101,6540,BOYLSTON,2,4,April,2010,6,Friday,18,21,0,16,6,0,39.94062222,-75.16477778,8,1,0,1,0,0,1,0
420269,PENNSYLVANIA,PA,1,1,1,101,6540,BOYLSTON,3,4,April,2010,7,Saturday,1,20,0,13,2,66,40.00998333,-75.16656111,8,3,0,1,0,0,1,1
420270,PENNSYLVANIA,PA,1,1,1,101,6540,BOYLSTON,1,4,April,2010,5,Thursday,8,11,0,13,3,37,39.98611389,-75.12146389,8,1,0,1,0,0,1,0
420271,PENNSYLVANIA,PA,1,1,1,101,6540,BOYLSTON,29,4,April,2010,5,Thursday,21,30,1,13,3,10,39.95795278,-75.23349722,8,3,0,1,0,0,1,0
420272,PENNSYLVANIA,PA,2,0,3,109,0,ANSLEY,16,4,April,2010,6,Friday,8,34,0,14,3,11,40.83129167,-76.83605556,12,1,0,1,0,0,1,0
420273,PENNSYLVANIA,PA,1,1,1,77,110,ANDERSON,16,4,April,2010,6,Friday,23,9,0,13,2,114,40.59448889,-75.49965278,8,3,0,2,0,0,1,0
420274,PENNSYLVANIA,PA,2,0,2,43,0,BAILEYTON,15,4,April,2010,5,Thursday,13,46,0,14,3,129,40.31695000,-76.69972222,12,1,0,1,0,0,1,0
420275,PENNSYLVANIA,PA,1,1,1,47,7300,BROWNS,16,4,April,2010,6,Friday,10,10,0,16,6,0,41.42855278,-78.56000278,8,1,0,1,0,0,1,0
420276,PENNSYLVANIA,PA,2,0,2,29,0,BORDEN SPRINGS,22,4,April,2010,5,Thursday,14,54,0,14,3,13,39.80224722,-75.97045833,12,1,0,1,0,0,1,0
420277,PENNSYLVANIA,PA,1,0,1,79,0,COURTLAND,4,5,May,2010,3,Tuesday,18,35,0,3,3,24,40.93402500,-76.05153056,42,1,0,1,0,0,1,0
420278,PENNSYLVANIA,PA,2,0,3,29,0,BORDEN SPRINGS,1,4,April,2010,5,Thursday,20,23,0,3,3,105,39.91868889,-75.91411944,12,2,0,1,0,0,1,0
420279,PENNSYLVANIA,PA,2,0,4,131,0,ARLINGTON,3,4,April,2010,7,Saturday,15,20,0,4,2,18,41.59000278,-75.80542778,12,1,0,1,0,0,1,1
420280,PENNSYLVANIA,PA,2,0,4,37,0,BRADFORD,24,4,April,2010,7,Saturday,0,23,1,1,1,2450,41.00933889,-76.26482500,12,2,0,1,0,0,2,0
420281,PENNSYLVANIA,PA,1,0,1,17,0,CHAMBERS,1,5,May,2010,7,Saturday,13,45,0,4,3,47,40.56153611,-75.11473611,1,1,0,1,0,0,1,0
420282,PENNSYLVANIA,PA,2,0,2,5,0,BAKER HILL,23,4,April,2010,6,Friday,12,9,0,4,3,58,40.70957222,-79.31223611,12,1,0,1,0,0,1,0
420283,PENNSYLVANIA,PA,1,0,3,85,0,BENTON,16,5,May,2010,1,Sunday,8,7,0,4,3,39,41.45335833,-80.42504722,35,1,0,1,0,0,1,0
420284,PENNSYLVANIA,PA,1,0,1,55,0,ATTALLA,19,4,April,2010,2,Monday,18,15,1,1,1,1950,40.14902778,-77.71807222,38,1,0,1,0,0,1,0
420285,PENNSYLVANIA,PA,2,0,3,31,0,COFFEE,1,5,May,2010,7,Saturday,9,59,0,3,3,122,41.16984167,-79.33431944,12,1,0,1,0,0,1,0
420286,PENNSYLVANIA,PA,1,0,4,43,0,BAILEYTON,10,4,April,2010,7,Saturday,22,3,1,2,2,37,40.37980278,-77.01243889,24,2,0,1,0,0,3,0
420287,PENNSYLVANIA,PA,1,0,1,107,0,CARROLLTON,16,5,May,2010,1,Sunday,20,37,0,6,5,0,40.58245833,-76.25893611,53,3,0,1,0,0,1,1
420288,PENNSYLVANIA,PA,1,0,1,59,0,FRANKLIN,16,5,May,2010,1,Sunday,2,0,0,6,5,0,39.93453611,-80.07414167,42,2,0,1,0,0,1,1
420289,PENNSYLVANIA,PA,1,0,1,127,0,BURNWELL,21,5,May,2010,6,Friday,2,0,0,6,3,18,41.55858333,-75.37693333,35,2,0,1,0,0,1,1
420290,PENNSYLVANIA,PA,1,0,2,49,0,COLLINSVILLE,28,5,May,2010,6,Friday,1,20,0,4,3,69,41.92688333,-80.33920556,24,2,0,1,0,0,2,1
420291,PENNSYLVANIA,PA,1,0,1,7,0,BIBB,23,5,May,2010,1,Sunday,11,55,0,4,3,6,40.83499167,-80.49910556,34,1,0,1,0,0,1,0
420292,PENNSYLVANIA,PA,1,1,1,101,6540,BOYLSTON,30,5,May,2010,1,Sunday,1,54,0,13,3,29,39.99116389,-75.13290556,8,3,0,1,0,0,1,0
420293,PENNSYLVANIA,PA,1,0,1,63,0,BOLIGEE,5,5,May,2010,4,Wednesday,3,20,1,2,2,215,40.57368056,-78.98674722,33,2,0,1,0,0,1,0
420294,PENNSYLVANIA,PA,2,0,6,93,0,BEAR CREEK,3,4,April,2010,7,Saturday,22,35,1,1,1,2175,41.00379722,-76.75553333,12,2,0,1,0,0,1,0
420295,PENNSYLVANIA,PA,2,0,2,107,0,CARROLLTON,13,4,April,2010,3,Tuesday,20,0,1,13,3,106,40.64090278,-76.15845278,12,5,0,1,0,0,1,0
420296,PENNSYLVANIA,PA,2,0,4,107,0,CARROLLTON,23,4,April,2010,6,Friday,20,30,0,3,2,198,40.67861944,-76.24796667,12,3,0,1,0,0,1,0
420297,PENNSYLVANIA,PA,2,0,2,61,0,BELLWOOD,30,4,April,2010,6,Friday,11,45,0,5,3,38,40.45610556,-78.06263889,12,1,0,1,0,0,1,0
420298,PENNSYLVANIA,PA,1,0,1,117,0,BIRMINGHAM,19,5,May,2010,4,Wednesday,16,20,0,6,5,0,41.77156944,-77.28237778,35,1,0,1,0,0,1,0
420299,PENNSYLVANIA,PA,2,0,3,41,0,BRANTLEY,22,4,April,2010,5,Thursday,6,19,0,5,3,28,40.16716944,-77.56164444,12,2,0,5,0,0,1,0
420300,PENNSYLVANIA,PA,2,0,3,41,7660,BRANTLEY,2,4,April,2010,6,Friday,11,5,0,13,2,2,40.04946389,-77.52342778,12,1,0,1,0,0,2,0
420301,PENNSYLVANIA,PA,2,0,4,3,2140,BALDWIN,25,4,April,2010,1,Sunday,1,48,1,13,3,117,40.37842500,-79.85221667,12,3,0,2,0,0,2,1
420302,PENNSYLVANIA,PA,2,0,3,17,8855,CHAMBERS,30,4,April,2010,6,Friday,19,49,0,14,3,8,40.28312500,-75.18543333,12,3,0,1,0,0,1,0
420303,PENNSYLVANIA,PA,1,0,2,85,0,BENTON,4,5,May,2010,3,Tuesday,9,35,0,3,2,321,41.34792778,-80.01913333,34,1,0,1,0,0,1,0
420304,PENNSYLVANIA,PA,2,0,2,29,7850,BORDEN SPRINGS,26,4,April,2010,2,Monday,17,8,0,14,3,58,39.97328056,-75.81636944,12,1,0,2,0,0,1,0
420305,PENNSYLVANIA,PA,2,0,2,3,6600,BALDWIN,16,4,April,2010,6,Friday,1,5,0,13,3,71,40.45979444,-79.87389722,12,3,0,1,0,0,1,0
420306,PENNSYLVANIA,PA,2,0,4,71,1970,BRIDGEPORT,11,4,April,2010,1,Sunday,17,50,0,14,3,27,40.23789722,-76.13661111,12,1,0,1,0,0,1,0
420307,PENNSYLVANIA,PA,1,0,1,65,0,CYPRESS,18,5,May,2010,3,Tuesday,2,30,0,3,3,440,41.32006667,-79.19893333,42,2,0,2,0,0,1,1
420308,PENNSYLVANIA,PA,1,0,1,81,0,AUBURN,2,5,May,2010,1,Sunday,1,40,1,11,1,199,41.25221667,-76.85555556,35,2,0,1,0,0,1,1
420310,PENNSYLVANIA,PA,2,0,2,11,4777,BULLOCK,9,4,April,2010,6,Friday,7,3,1,2,2,200,40.45667778,-75.88281389,12,1,0,1,0,0,1,0
420311,PENNSYLVANIA,PA,1,0,1,123,0,ALEXANDER CITY,9,5,May,2010,1,Sunday,16,10,0,6,6,0,41.63625000,-79.58702778,42,1,0,1,0,0,1,0
420312,PENNSYLVANIA,PA,1,0,1,49,0,COLLINSVILLE,30,5,May,2010,1,Sunday,7,20,0,3,3,242,42.19187778,-79.83748889,34,1,0,1,0,0,1,0
420313,PENNSYLVANIA,PA,1,0,1,79,0,COURTLAND,6,5,May,2010,5,Thursday,17,10,0,4,3,132,41.18360000,-76.20724444,30,1,0,1,0,0,1,1
420314,PENNSYLVANIA,PA,1,0,1,51,0,CENTRAL,30,5,May,2010,1,Sunday,0,34,0,2,2,229,39.83796944,-79.60828056,11,2,0,1,0,0,1,0
420315,PENNSYLVANIA,PA,1,0,1,43,0,BAILEYTON,19,5,May,2010,4,Wednesday,0,50,0,3,3,57,40.44803056,-76.94016389,42,2,0,2,0,0,1,1
420316,PENNSYLVANIA,PA,1,0,2,43,0,BAILEYTON,23,5,May,2010,1,Sunday,16,52,0,5,3,117,40.39927222,-76.71380833,42,1,0,1,0,0,1,0
420317,PENNSYLVANIA,PA,1,0,2,51,0,CENTRAL,15,5,May,2010,7,Saturday,18,23,0,4,3,49,39.97578056,-79.67973333,35,1,0,1,0,0,1,0
420318,PENNSYLVANIA,PA,1,0,1,41,0,BRANTLEY,5,5,May,2010,4,Wednesday,21,57,0,5,3,20,40.06321944,-77.47165833,42,2,0,1,0,0,1,0
420319,PENNSYLVANIA,PA,1,1,1,51,8730,CENTRAL,28,5,May,2010,6,Friday,16,43,0,14,3,41,40.03281111,-79.66413611,9,1,0,1,0,0,1,0
420320,PENNSYLVANIA,PA,1,0,1,99,0,BEATRICE,7,5,May,2010,6,Friday,1,13,1,2,2,91,40.47847778,-77.06799444,1,2,0,1,0,0,1,0
420321,PENNSYLVANIA,PA,1,0,1,99,0,BEATRICE,18,5,May,2010,3,Tuesday,7,16,0,3,3,166,40.35418333,-77.42351944,30,1,0,2,0,0,1,0
420322,PENNSYLVANIA,PA,1,0,1,91,0,DAYTON,16,5,May,2010,1,Sunday,16,59,1,12,2,1779,40.22867500,-75.55207778,31,1,0,1,0,0,1,1
420323,PENNSYLVANIA,PA,1,1,3,13,0,BOLLING,6,5,May,2010,5,Thursday,19,15,0,5,3,49,40.68148333,-78.26078333,9,1,0,1,0,0,1,0
420324,PENNSYLVANIA,PA,1,0,2,119,0,BELLAMY,9,4,April,2010,6,Friday,14,11,0,4,3,4,40.84641111,-77.18360278,42,1,0,1,0,0,1,0
420325,PENNSYLVANIA,PA,1,0,2,87,0,ARMSTRONG,17,5,May,2010,2,Monday,12,50,0,6,5,0,40.40450278,-77.84294722,1,1,0,2,0,0,2,0