ST_CASE,State Name,State Abbreviation,VE_TOTAL,Pedestrains,Total_Persons_in_accident,COUNTY,CITY,City_County_Name,Calendar_DAY,MONTH,Month_Name,YEAR,DAY_WEEK,Day_Week_desc,HOUR,MINUTE,NHS_Desc,trafficway,ROUTE,MILEPT,LATITUDE,LONGITUD,First_Crash_event,Light_cond_desc,Weather_condition,WEATHER,SCH_BUS,Crash_cause,FATALS,DRUNK_DR
420326,PENNSYLVANIA,PA,1,0,1,41,7660,BRANTLEY,2,5,May,2010,1,Sunday,2,23,0,16,6,0,40.05495000,-77.51755833,33,3,0,1,0,0,1,1
420327,PENNSYLVANIA,PA,1,0,1,79,0,COURTLAND,16,5,May,2010,1,Sunday,15,55,0,6,5,0,99.99990000,999.99990000,1,1,0,1,0,0,1,0
420328,PENNSYLVANIA,PA,1,1,1,3,0,BALDWIN,2,5,May,2010,1,Sunday,20,46,0,13,3,99,40.54057778,-79.81390000,8,3,0,2,0,0,1,1
420329,PENNSYLVANIA,PA,2,0,4,67,0,ABBEVILLE,21,5,May,2010,6,Friday,8,55,0,3,3,355,40.65130278,-77.23876944,12,1,0,1,0,0,3,0
420330,PENNSYLVANIA,PA,1,1,1,27,0,ASHLAND,7,5,May,2010,6,Friday,17,43,0,14,3,62,40.91001111,-77.79639722,8,1,0,1,0,0,1,0
420331,PENNSYLVANIA,PA,2,0,4,47,7300,BROWNS,3,4,April,2010,7,Saturday,15,38,0,4,3,66,41.50586667,-78.58033056,12,1,0,1,0,0,2,0
420332,PENNSYLVANIA,PA,2,0,3,81,0,AUBURN,24,4,April,2010,7,Saturday,16,32,0,3,3,183,41.20078056,-77.24209167,12,1,0,1,0,0,1,0
420333,PENNSYLVANIA,PA,2,0,2,107,0,CARROLLTON,12,4,April,2010,2,Monday,16,32,0,3,3,181,40.81909444,-76.07673333,12,1,0,1,0,0,1,0
420334,PENNSYLVANIA,PA,2,0,7,75,0,BEAVERTON,9,5,May,2010,1,Sunday,16,32,0,3,3,104,40.39446667,-76.30321389,12,1,0,8,0,0,1,0
420335,PENNSYLVANIA,PA,1,0,1,85,0,BENTON,31,5,May,2010,2,Monday,19,54,0,4,3,22,41.43854444,-80.28993056,24,1,0,1,0,0,1,1
420336,PENNSYLVANIA,PA,1,0,1,129,0,BIGBEE,2,5,May,2010,1,Sunday,13,48,0,6,5,0,40.39297222,-79.65341111,42,1,0,2,0,0,1,0
420337,PENNSYLVANIA,PA,2,0,2,11,650,BULLOCK,28,4,April,2010,4,Wednesday,14,50,0,3,3,201,40.51680833,-76.21384722,12,1,0,1,0,0,1,0
420338,PENNSYLVANIA,PA,2,0,4,3,0,BALDWIN,18,4,April,2010,1,Sunday,1,0,1,11,1,598,40.44835278,-80.11017500,12,3,0,1,0,0,2,0
420339,PENNSYLVANIA,PA,1,0,1,71,0,BRIDGEPORT,1,4,April,2010,5,Thursday,20,8,0,6,5,0,40.19317500,-76.22177500,35,5,0,1,0,0,1,0
420340,PENNSYLVANIA,PA,1,0,4,3,6600,BALDWIN,2,4,April,2010,6,Friday,16,18,0,13,3,3,40.43324722,-79.97359722,1,1,0,1,0,0,1,0
420341,PENNSYLVANIA,PA,1,1,3,71,2225,BRIDGEPORT,21,4,April,2010,4,Wednesday,18,28,0,15,3,28,40.15028056,-76.02779722,9,1,0,1,0,0,1,0
420342,PENNSYLVANIA,PA,3,0,5,101,6540,BOYLSTON,20,4,April,2010,3,Tuesday,22,41,0,14,3,23,40.07498333,-75.00161944,12,3,0,1,0,0,1,0
420343,PENNSYLVANIA,PA,1,0,1,95,420,ALBERTVILLE,1,5,May,2010,7,Saturday,4,28,0,14,3,215,40.87721667,-75.19603333,42,2,0,1,0,0,1,0
420344,PENNSYLVANIA,PA,1,0,1,3,0,BALDWIN,13,5,May,2010,5,Thursday,14,9,0,16,3,8,40.57490000,-79.98965556,30,1,0,1,0,0,1,0
420345,PENNSYLVANIA,PA,1,1,1,95,0,ALBERTVILLE,7,2,February,2010,1,Sunday,0,47,0,14,3,3,40.66807500,-75.38517778,8,2,0,1,0,0,1,0
420346,PENNSYLVANIA,PA,1,0,4,81,9380,AUBURN,11,5,May,2010,3,Tuesday,3,12,1,11,1,275,41.23949722,-76.99765833,24,3,0,1,0,0,2,1
420347,PENNSYLVANIA,PA,1,0,1,3,0,BALDWIN,10,5,May,2010,2,Monday,19,27,0,13,3,147,40.38755833,-79.77348889,33,1,0,1,0,0,1,0
420348,PENNSYLVANIA,PA,1,0,1,71,0,BRIDGEPORT,19,5,May,2010,4,Wednesday,21,37,0,15,3,27,40.18557500,-76.27708611,1,2,0,1,0,0,1,0
420349,PENNSYLVANIA,PA,1,0,1,99,0,BEATRICE,6,5,May,2010,5,Thursday,3,24,0,5,3,116,40.48030278,-77.15513611,35,2,0,1,0,0,1,1
420350,PENNSYLVANIA,PA,1,0,1,91,0,DAYTON,29,5,May,2010,7,Saturday,2,40,1,11,1,3302,40.09695833,-75.34203889,24,2,0,1,0,0,1,1
420351,PENNSYLVANIA,PA,1,0,1,45,0,ARITON,28,5,May,2010,6,Friday,0,15,1,11,1,6,39.82949444,-75.43232500,24,3,0,1,0,0,1,1
420352,PENNSYLVANIA,PA,1,0,2,17,0,CHAMBERS,5,5,May,2010,4,Wednesday,11,58,0,6,5,0,40.15846944,-74.81449444,42,1,0,1,0,0,1,0
420353,PENNSYLVANIA,PA,1,1,3,17,0,CHAMBERS,7,5,May,2010,6,Friday,22,27,1,13,3,152,40.47392500,-75.37118889,8,2,0,1,0,0,1,0
420354,PENNSYLVANIA,PA,5,0,6,9,0,BLOUNT,10,5,May,2010,2,Monday,6,29,1,2,3,38,40.19738611,-78.64711389,12,1,0,1,0,0,2,0
420355,PENNSYLVANIA,PA,6,0,1,29,1500,BORDEN SPRINGS,5,5,May,2010,4,Wednesday,21,20,0,16,6,0,39.98344722,-75.81036667,44,3,0,1,0,22,1,0
420356,PENNSYLVANIA,PA,7,0,7,17,0,CHAMBERS,20,5,May,2010,5,Thursday,17,17,1,13,3,47,40.27903333,-75.12640000,12,1,0,1,0,0,1,0
420357,PENNSYLVANIA,PA,1,0,2,79,9340,COURTLAND,7,5,May,2010,6,Friday,12,45,0,16,6,0,41.24578889,-75.86762500,33,1,0,1,0,0,1,0
420358,PENNSYLVANIA,PA,2,1,1,101,6540,BOYLSTON,1,5,May,2010,7,Saturday,22,57,0,13,3,17,40.00688889,-75.13294722,8,3,0,1,0,0,1,0
420359,PENNSYLVANIA,PA,1,1,4,3,6600,BALDWIN,23,5,May,2010,1,Sunday,15,56,0,16,6,0,40.41427222,-79.99466389,8,1,0,1,0,0,1,0
420360,PENNSYLVANIA,PA,5,0,8,111,0,GRAHAM,1,5,May,2010,7,Saturday,18,16,0,3,3,152,40.27439444,-78.91968611,12,1,0,1,0,0,1,2
420361,PENNSYLVANIA,PA,1,0,1,101,6540,BOYLSTON,11,5,May,2010,3,Tuesday,3,10,0,16,6,0,39.93425833,-75.22198333,30,3,0,1,0,0,1,0
420362,PENNSYLVANIA,PA,1,0,1,29,0,BORDEN SPRINGS,25,5,May,2010,3,Tuesday,13,43,1,12,2,0,40.05013056,-75.56431667,1,1,0,1,0,0,1,1
420363,PENNSYLVANIA,PA,1,0,1,13,0,BOLLING,18,5,May,2010,3,Tuesday,18,25,0,5,3,59,40.30296667,-78.47606944,43,1,0,1,0,0,1,0
420364,PENNSYLVANIA,PA,1,1,1,3,0,BALDWIN,27,5,May,2010,5,Thursday,7,11,0,14,3,28,40.54631389,-79.90584444,9,1,0,1,0,0,1,0
420365,PENNSYLVANIA,PA,1,0,4,97,0,AXIS,12,4,April,2010,2,Monday,16,8,0,6,5,0,40.66182500,-76.86966111,35,1,0,1,0,0,1,0
420366,PENNSYLVANIA,PA,1,0,1,71,0,BRIDGEPORT,8,5,May,2010,7,Saturday,2,29,0,14,3,23,40.09329722,-76.30386389,30,3,0,1,0,0,1,1
420367,PENNSYLVANIA,PA,1,0,5,45,1270,ARITON,9,5,May,2010,1,Sunday,21,48,0,13,3,20,39.84112500,-75.36991389,33,3,0,1,0,0,1,1
420368,PENNSYLVANIA,PA,1,1,1,79,9340,COURTLAND,4,5,May,2010,3,Tuesday,18,53,1,12,3,249,41.25262222,-75.84121111,8,1,0,1,0,0,1,0
420369,PENNSYLVANIA,PA,1,1,3,3,6600,BALDWIN,13,5,May,2010,5,Thursday,20,10,0,13,3,34,40.46330556,-79.90582778,44,5,0,1,0,0,1,0
420370,PENNSYLVANIA,PA,1,0,1,29,0,BORDEN SPRINGS,14,5,May,2010,6,Friday,7,43,0,4,3,24,40.01754167,-75.89956111,42,1,0,1,0,0,1,0
420371,PENNSYLVANIA,PA,1,2,1,89,0,BROWNSBORO,23,5,May,2010,1,Sunday,0,52,0,14,3,27,40.98617222,-75.15423889,8,2,0,1,0,0,1,0
420372,PENNSYLVANIA,PA,1,0,1,91,0,DAYTON,7,5,May,2010,6,Friday,6,1,1,2,3,75,40.28660000,-75.51014722,34,1,0,1,0,0,1,0
420373,PENNSYLVANIA,PA,1,0,1,37,0,BRADFORD,26,5,May,2010,4,Wednesday,16,14,0,3,3,95,40.89778056,-76.41036389,38,1,0,1,0,0,1,0
420374,PENNSYLVANIA,PA,1,0,1,69,0,ASHFORD,15,5,May,2010,7,Saturday,5,33,1,1,1,134,41.23927500,-75.51120556,35,4,0,1,0,0,1,1
420375,PENNSYLVANIA,PA,3,0,3,79,3570,COURTLAND,11,5,May,2010,3,Tuesday,9,58,0,13,3,43,40.97242778,-75.97781944,12,1,0,1,0,0,1,0
420376,PENNSYLVANIA,PA,1,0,1,91,0,DAYTON,16,5,May,2010,1,Sunday,20,9,0,6,5,0,40.18511667,-75.11764167,33,1,0,1,0,0,1,1
420377,PENNSYLVANIA,PA,1,1,2,13,0,BOLLING,25,5,May,2010,3,Tuesday,17,4,0,13,3,82,40.53245833,-78.36043611,8,1,0,1,0,0,1,0
420378,PENNSYLVANIA,PA,1,0,2,3,6600,BALDWIN,30,5,May,2010,1,Sunday,16,0,0,16,6,0,40.47584444,-80.03409167,18,1,0,1,0,0,1,1
420379,PENNSYLVANIA,PA,1,0,3,55,5060,ATTALLA,29,5,May,2010,7,Saturday,19,20,0,16,6,0,39.83414722,-77.90908333,33,1,0,1,0,0,3,1
420380,PENNSYLVANIA,PA,1,0,2,55,0,ATTALLA,1,5,May,2010,7,Saturday,2,40,0,5,3,19,39.95348889,-77.70001111,59,2,0,1,0,0,2,1
420381,PENNSYLVANIA,PA,1,0,1,87,0,ARMSTRONG,25,5,May,2010,3,Tuesday,0,45,1,2,2,75,40.67583611,-77.60384444,35,2,0,1,0,0,1,0
420382,PENNSYLVANIA,PA,1,0,1,3,6040,BALDWIN,18,5,May,2010,3,Tuesday,3,44,0,16,6,0,40.40526944,-79.86031944,19,3,0,1,0,0,1,0
420383,PENNSYLVANIA,PA,1,0,1,129,0,BIGBEE,21,5,May,2010,6,Friday,1,0,0,5,3,47,40.24218056,-79.43214167,42,2,0,1,0,0,1,1
420384,PENNSYLVANIA,PA,3,0,4,69,8430,ASHFORD,7,5,May,2010,6,Friday,15,21,1,12,2,107,41.43870278,-75.58470833,12,1,0,1,0,0,1,1
420385,PENNSYLVANIA,PA,1,0,1,19,0,CEDAR BLUFF,5,6,June,2010,7,Saturday,22,3,0,6,5,0,40.90641389,-79.75821389,34,2,0,1,0,0,1,1
420386,PENNSYLVANIA,PA,1,0,1,111,0,GRAHAM,29,6,June,2010,3,Tuesday,12,17,1,2,3,89,40.20343056,-78.70946667,52,7,0,1,0,0,1,1
420387,PENNSYLVANIA,PA,3,0,4,17,0,CHAMBERS,5,5,May,2010,4,Wednesday,13,40,1,14,3,64,40.20348056,-74.90183056,12,1,0,1,0,0,1,0
420388,PENNSYLVANIA,PA,3,0,3,101,6540,BOYLSTON,8,5,May,2010,7,Saturday,23,19,0,13,3,26,39.91826667,-75.20880278,12,3,0,1,0,0,1,1
420389,PENNSYLVANIA,PA,3,0,3,101,6540,BOYLSTON,28,5,May,2010,6,Friday,15,50,0,16,6,0,39.98213611,-75.22370000,12,1,0,1,0,0,1,0
420390,PENNSYLVANIA,PA,1,1,2,45,0,ARITON,22,6,June,2010,3,Tuesday,22,43,1,13,3,27,39.98564167,-75.41500556,8,2,0,1,0,0,1,0
420391,PENNSYLVANIA,PA,1,1,3,43,0,BAILEYTON,15,6,June,2010,3,Tuesday,17,26,0,3,3,102,40.49900833,-76.94464722,9,1,0,1,0,0,1,0
420392,PENNSYLVANIA,PA,1,1,1,75,0,BEAVERTON,11,5,May,2010,3,Tuesday,9,40,0,5,3,46,40.36517500,-76.62649722,8,1,0,1,0,0,1,0
420393,PENNSYLVANIA,PA,1,0,1,39,0,ANDALUSIA,19,6,June,2010,7,Saturday,10,22,1,11,1,1,41.62143056,-80.17734722,1,1,0,1,0,0,1,0
420394,PENNSYLVANIA,PA,2,0,6,43,0,BAILEYTON,21,5,May,2010,6,Friday,11,37,0,14,3,22,40.31921944,-76.89852500,12,1,0,1,0,0,1,0
420395,PENNSYLVANIA,PA,1,0,3,77,0,ANDERSON,27,6,June,2010,1,Sunday,1,23,0,5,3,9,40.48236944,-75.56412500,42,2,0,1,0,0,1,1
420396,PENNSYLVANIA,PA,1,0,1,63,0,BOLIGEE,16,4,April,2010,6,Friday,16,15,0,15,3,32,40.56903056,-79.16401944,16,1,0,2,0,0,1,1
420397,PENNSYLVANIA,PA,1,0,4,129,0,BIGBEE,21,6,June,2010,2,Monday,22,30,0,14,3,48,40.12923056,-79.54833889,33,2,0,1,0,0,1,0
420398,PENNSYLVANIA,PA,1,0,4,49,0,COLLINSVILLE,24,6,June,2010,5,Thursday,17,2,0,6,5,0,41.86480000,-79.99905000,35,1,0,1,0,0,1,0
420399,PENNSYLVANIA,PA,1,0,5,33,0,CHEROKEE,13,6,June,2010,1,Sunday,1,0,0,6,5,0,41.10163611,-78.20970556,35,3,0,1,0,0,1,0
420400,PENNSYLVANIA,PA,1,0,1,5,0,BAKER HILL,24,6,June,2010,5,Thursday,19,45,0,4,3,44,40.86162778,-79.48384167,35,1,0,1,0,0,1,1
420401,PENNSYLVANIA,PA,2,0,2,95,0,ALBERTVILLE,28,5,May,2010,6,Friday,21,51,1,2,3,59,40.71955000,-75.28584722,12,3,0,1,0,0,2,1
420402,PENNSYLVANIA,PA,2,0,6,63,0,BOLIGEE,31,5,May,2010,2,Monday,13,25,1,2,2,46,40.63295556,-79.24774444,12,1,0,1,0,0,1,0
420403,PENNSYLVANIA,PA,2,0,6,49,0,COLLINSVILLE,29,5,May,2010,7,Saturday,18,58,0,4,3,397,42.23256944,-79.84896111,12,1,0,1,0,0,2,0
420404,PENNSYLVANIA,PA,2,0,3,1,0,AUTAUGA,31,5,May,2010,2,Monday,18,20,0,6,5,0,39.87251111,-77.34166389,1,1,0,1,0,0,2,1
420405,PENNSYLVANIA,PA,1,0,4,121,0,BON AIR,27,6,June,2010,1,Sunday,0,50,1,1,1,295,41.20216111,-79.96501667,34,2,2,2,0,0,1,0
420406,PENNSYLVANIA,PA,1,0,1,89,0,BROWNSBORO,22,6,June,2010,3,Tuesday,18,58,0,6,5,0,41.11166111,-75.21163056,53,1,0,1,0,0,1,1
420407,PENNSYLVANIA,PA,1,0,1,115,0,ASHVILLE,25,6,June,2010,6,Friday,23,10,0,3,3,94,41.77442222,-75.89890556,34,2,0,1,0,0,1,1
420408,PENNSYLVANIA,PA,1,0,2,15,0,ANNISTON,23,6,June,2010,4,Wednesday,15,0,0,4,3,156,41.97610556,-76.72280000,30,1,0,1,0,0,1,1
420409,PENNSYLVANIA,PA,1,0,1,95,0,ALBERTVILLE,25,6,June,2010,6,Friday,9,38,0,3,3,229,40.88333056,-75.17248333,42,1,0,1,0,0,1,0
420410,PENNSYLVANIA,PA,1,0,1,69,0,ASHFORD,6,6,June,2010,1,Sunday,14,7,0,4,3,90,41.35953889,-75.53319167,24,1,0,1,0,0,1,0
420411,PENNSYLVANIA,PA,2,0,2,57,0,BANKSTON,7,5,May,2010,6,Friday,19,12,0,3,3,1,40.14369167,-78.10069722,12,1,0,1,0,0,1,0
420412,PENNSYLVANIA,PA,2,0,2,75,0,BEAVERTON,25,5,May,2010,3,Tuesday,17,12,0,3,2,138,40.44940278,-76.40164444,12,1,0,1,0,0,1,1
420413,PENNSYLVANIA,PA,2,0,3,91,0,DAYTON,22,5,May,2010,7,Saturday,8,7,0,14,3,14,40.14620278,-75.47090000,35,1,0,1,0,0,1,0
420414,PENNSYLVANIA,PA,2,0,2,91,0,DAYTON,21,5,May,2010,6,Friday,21,48,1,2,3,152,40.41061111,-75.47366389,12,3,0,1,0,0,1,1
420415,PENNSYLVANIA,PA,1,0,2,11,0,BULLOCK,25,6,June,2010,6,Friday,20,20,0,14,3,63,40.29544167,-75.91205833,16,5,0,1,0,0,1,0
420416,PENNSYLVANIA,PA,1,0,1,45,0,ARITON,15,6,June,2010,3,Tuesday,0,35,0,14,3,100,39.98469167,-75.35874444,33,3,0,1,0,0,1,1
420417,PENNSYLVANIA,PA,2,0,2,101,6540,BOYLSTON,26,5,May,2010,4,Wednesday,8,45,0,14,3,10,40.06949722,-75.06893611,12,1,0,1,0,0,1,0
420418,PENNSYLVANIA,PA,1,0,1,71,0,BRIDGEPORT,12,6,June,2010,7,Saturday,9,7,0,6,5,0,40.12239444,-76.34035833,33,1,0,1,0,0,1,0
420419,PENNSYLVANIA,PA,2,1,2,101,6540,BOYLSTON,18,5,May,2010,3,Tuesday,15,30,0,13,3,39,40.03577500,-75.12537778,12,1,0,2,0,0,1,0
420420,PENNSYLVANIA,PA,1,0,2,71,0,BRIDGEPORT,24,6,June,2010,5,Thursday,22,0,0,4,3,39,39.90795278,-76.31734722,18,2,0,1,0,0,2,1
420421,PENNSYLVANIA,PA,2,0,2,95,0,ALBERTVILLE,5,5,May,2010,4,Wednesday,12,12,0,15,3,40,40.79685556,-75.32704722,12,1,0,1,0,0,1,1
420422,PENNSYLVANIA,PA,1,0,1,107,0,CARROLLTON,8,6,June,2010,3,Tuesday,23,52,1,2,3,169,40.86458889,-76.00724167,24,2,0,1,0,0,1,1
420423,PENNSYLVANIA,PA,1,0,1,17,0,CHAMBERS,5,6,June,2010,7,Saturday,11,58,1,12,3,67,40.36132778,-75.33133889,25,1,0,1,0,0,1,0
420424,PENNSYLVANIA,PA,1,0,4,129,0,BIGBEE,26,6,June,2010,7,Saturday,5,22,0,6,5,0,40.42132222,-79.55834722,42,2,0,1,0,0,3,1
420425,PENNSYLVANIA,PA,1,0,1,1,0,AUTAUGA,2,6,June,2010,4,Wednesday,20,10,0,3,3,108,39.87645278,-76.98320278,42,1,0,1,0,0,1,0
420426,PENNSYLVANIA,PA,2,0,2,19,0,CEDAR BLUFF,8,6,June,2010,3,Tuesday,7,45,1,2,2,100,40.89919167,-80.00930556,12,1,0,1,0,0,1,0
420427,PENNSYLVANIA,PA,1,0,1,85,3604,BENTON,16,6,June,2010,4,Wednesday,7,0,0,15,3,2,41.25050000,-80.51122500,52,1,0,1,0,0,1,0
420428,PENNSYLVANIA,PA,1,0,1,49,0,COLLINSVILLE,27,6,June,2010,1,Sunday,15,53,0,6,5,0,42.15455833,-79.99166944,46,1,0,10,0,0,1,0
420429,PENNSYLVANIA,PA,2,0,2,33,0,CHEROKEE,10,6,June,2010,5,Thursday,11,57,0,3,3,13,40.96769167,-78.58788611,12,1,0,1,0,0,1,0
420430,PENNSYLVANIA,PA,1,0,2,17,0,CHAMBERS,2,6,June,2010,4,Wednesday,0,29,1,12,3,69,40.36410833,-75.33226111,25,2,0,1,0,0,1,0
420431,PENNSYLVANIA,PA,1,0,1,61,0,BELLWOOD,30,6,June,2010,4,Wednesday,16,28,0,6,5,0,40.63394722,-77.93445278,59,1,0,1,0,0,1,0
420432,PENNSYLVANIA,PA,1,1,1,123,0,ALEXANDER CITY,17,6,June,2010,5,Thursday,15,20,0,3,3,51,41.90541944,-79.23864722,8,1,0,1,0,0,1,0
420433,PENNSYLVANIA,PA,1,0,1,11,0,BULLOCK,13,6,June,2010,1,Sunday,20,55,1,13,2,35,40.37279444,-76.19691389,35,3,0,2,0,0,1,1
420434,PENNSYLVANIA,PA,2,0,2,57,0,BANKSTON,10,6,June,2010,5,Thursday,14,45,0,4,3,54,39.79844167,-78.15462222,12,1,0,1,0,0,1,0
420435,PENNSYLVANIA,PA,1,0,1,25,4380,BARLOW BEND,8,6,June,2010,3,Tuesday,23,0,0,15,3,3,40.83307500,-75.71696667,33,3,0,1,0,0,1,1
420436,PENNSYLVANIA,PA,3,1,1,133,7700,ARLEY,22,5,May,2010,7,Saturday,8,45,0,14,3,49,39.78826111,-76.67877500,14,1,0,1,0,0,1,0
420437,PENNSYLVANIA,PA,2,0,2,39,7260,ANDALUSIA,28,6,June,2010,2,Monday,20,35,0,4,3,9,41.71886667,-80.13103333,12,1,0,1,0,0,1,1
420438,PENNSYLVANIA,PA,1,0,1,83,0,ARDMORE,27,5,May,2010,5,Thursday,20,55,0,4,3,13,41.82043333,-78.56224444,34,5,0,1,0,0,1,1
420439,PENNSYLVANIA,PA,1,1,2,11,0,BULLOCK,11,6,June,2010,6,Friday,19,43,0,6,5,0,40.58407222,-75.75681667,9,5,0,1,0,0,1,0
420440,PENNSYLVANIA,PA,1,1,1,29,0,BORDEN SPRINGS,16,6,June,2010,4,Wednesday,15,39,0,6,5,0,40.08447500,-75.67635000,8,1,0,1,1,0,1,0
420441,PENNSYLVANIA,PA,2,0,2,63,0,BOLIGEE,10,5,May,2010,2,Monday,11,5,0,3,3,89,40.73922222,-79.10548889,12,1,0,1,0,0,1,0
420442,PENNSYLVANIA,PA,2,0,2,125,1070,BROOKWOOD,28,5,May,2010,6,Friday,14,16,0,14,3,74,40.26280833,-80.17264444,12,1,0,1,0,0,1,0
420443,PENNSYLVANIA,PA,2,0,3,125,0,BROOKWOOD,16,5,May,2010,1,Sunday,2,11,0,4,3,107,40.28956667,-80.34728889,12,3,0,1,0,0,2,2
420444,PENNSYLVANIA,PA,2,0,3,113,0,COTTONTON,14,6,June,2010,2,Monday,13,25,0,4,3,237,41.57437222,-76.78446944,12,1,0,1,0,0,2,0
420445,PENNSYLVANIA,PA,2,0,4,129,0,BIGBEE,3,5,May,2010,2,Monday,12,33,1,1,1,892,40.12172222,-79.39898056,35,1,0,1,0,0,1,0
420446,PENNSYLVANIA,PA,2,0,2,123,0,ALEXANDER CITY,13,5,May,2010,5,Thursday,7,15,0,3,3,33,41.89245556,-79.21005556,12,1,0,1,1,0,1,0
420447,PENNSYLVANIA,PA,1,1,1,43,0,BAILEYTON,21,6,June,2010,2,Monday,22,45,0,14,3,22,40.27891389,-76.81565000,8,2,0,1,0,0,1,0
420448,PENNSYLVANIA,PA,2,0,2,91,6780,DAYTON,12,5,May,2010,4,Wednesday,11,17,0,13,3,172,40.24938056,-75.67093611,12,1,0,1,0,0,1,0
420449,PENNSYLVANIA,PA,2,0,2,9,0,BLOUNT,30,6,June,2010,4,Wednesday,16,56,1,2,3,122,40.11329167,-78.55910556,12,1,0,1,0,0,1,0
420450,PENNSYLVANIA,PA,2,0,3,59,0,FRANKLIN,10,5,May,2010,2,Monday,7,37,0,2,3,225,39.88616111,-80.07319722,12,1,0,1,0,0,2,0
420451,PENNSYLVANIA,PA,1,0,1,43,0,BAILEYTON,25,6,June,2010,6,Friday,19,30,0,6,5,0,40.47036389,-76.78637778,42,1,0,1,0,0,1,0
420452,PENNSYLVANIA,PA,1,0,1,25,0,BARLOW BEND,19,6,June,2010,7,Saturday,16,5,0,5,3,72,40.84841389,-75.66911944,1,1,0,1,0,0,1,1
420453,PENNSYLVANIA,PA,1,0,1,65,0,CYPRESS,12,6,June,2010,7,Saturday,2,45,0,6,5,0,41.08845000,-78.98516667,1,2,0,1,0,0,1,1
420454,PENNSYLVANIA,PA,1,0,1,67,0,ABBEVILLE,10,6,June,2010,5,Thursday,1,40,0,4,3,132,40.61834167,-77.24086111,35,2,0,5,0,0,1,1
420455,PENNSYLVANIA,PA,1,0,1,3,6600,BALDWIN,19,6,June,2010,7,Saturday,2,20,0,16,6,0,40.43024722,-80.01371667,25,3,0,1,0,0,1,1
420456,PENNSYLVANIA,PA,1,1,0,59,0,FRANKLIN,26,6,June,2010,7,Saturday,18,55,1,1,1,90,39.83358889,-80.11152500,8,1,0,1,0,0,1,0
420457,PENNSYLVANIA,PA,1,0,1,13,0,BOLLING,13,3,March,2010,7,Saturday,0,31,0,5,3,41,40.26782222,-78.29515278,43,2,0,2,0,0,1,1
420458,PENNSYLVANIA,PA,2,0,2,71,2225,BRIDGEPORT,20,5,May,2010,5,Thursday,14,53,0,4,3,7,40.13330000,-76.02580833,12,1,0,1,0,0,1,0
420459,PENNSYLVANIA,PA,1,0,2,131,0,ARLINGTON,17,6,June,2010,5,Thursday,9,40,0,6,3,39,41.63568611,-75.97189444,42,1,0,1,0,0,2,1
420460,PENNSYLVANIA,PA,1,0,2,119,0,BELLAMY,2,7,July,2010,6,Friday,19,45,0,6,5,0,40.89116111,-77.21797500,35,1,0,1,0,0,1,1
420461,PENNSYLVANIA,PA,1,1,2,71,4180,BRIDGEPORT,20,5,May,2010,5,Thursday,1,0,0,13,3,6,40.05026389,-76.29164167,9,3,0,1,0,0,1,1
420462,PENNSYLVANIA,PA,1,0,1,117,0,BIRMINGHAM,3,7,July,2010,7,Saturday,22,30,1,2,2,84,41.74387222,-77.45427222,24,2,0,1,0,0,1,1
420463,PENNSYLVANIA,PA,1,0,1,65,0,CYPRESS,20,7,July,2010,3,Tuesday,1,40,0,3,2,52,41.16875556,-79.11441667,42,2,0,1,0,0,1,1
420464,PENNSYLVANIA,PA,1,0,3,9,0,BLOUNT,18,6,June,2010,6,Friday,22,25,0,4,3,113,40.17736667,-78.54141389,30,2,0,1,0,0,2,1
420465,PENNSYLVANIA,PA,1,0,1,129,0,BIGBEE,14,6,June,2010,2,Monday,2,59,0,6,5,0,40.34632222,-79.52362778,30,2,0,1,0,0,1,1
420466,PENNSYLVANIA,PA,1,0,1,49,0,COLLINSVILLE,14,6,June,2010,2,Monday,18,26,0,4,3,25,41.96852500,-79.63330000,35,1,0,1,0,0,1,1
420467,PENNSYLVANIA,PA,1,0,1,115,0,ASHVILLE,22,7,July,2010,5,Thursday,20,30,0,6,5,0,41.94440278,-75.73965556,23,1,0,1,0,0,1,1
420468,PENNSYLVANIA,PA,1,1,1,129,0,BIGBEE,8,7,July,2010,5,Thursday,15,2,0,14,3,135,40.30484722,-79.36606667,8,1,0,1,0,0,1,0
420469,PENNSYLVANIA,PA,2,0,2,71,0,BRIDGEPORT,4,7,July,2010,1,Sunday,2,5,0,6,5,0,40.22053333,-76.46359722,12,2,0,1,0,0,1,1
420470,PENNSYLVANIA,PA,1,1,1,79,0,COURTLAND,8,7,July,2010,5,Thursday,8,35,0,15,3,14,41.32260833,-75.95394167,8,1,0,1,0,0,1,0
420471,PENNSYLVANIA,PA,2,0,5,51,0,CENTRAL,14,5,May,2010,6,Friday,23,0,0,14,3,65,39.80554167,-79.76584722,12,3,0,1,0,0,1,0
420472,PENNSYLVANIA,PA,2,0,4,89,8210,BROWNSBORO,7,5,May,2010,6,Friday,3,9,1,11,1,3066,40.97883333,-75.19691944,12,2,0,1,0,0,1,1
420473,PENNSYLVANIA,PA,2,0,4,77,0,ANDERSON,4,5,May,2010,3,Tuesday,9,25,0,13,3,16,40.69506389,-75.60967222,12,1,0,1,0,0,2,0
420474,PENNSYLVANIA,PA,2,0,2,119,0,BELLAMY,19,5,May,2010,4,Wednesday,17,50,0,4,3,42,40.98599444,-77.13344444,12,1,0,1,0,0,1,0
420475,PENNSYLVANIA,PA,2,0,3,125,0,BROOKWOOD,25,5,May,2010,3,Tuesday,13,29,0,3,3,273,40.30051944,-80.33258611,12,1,0,1,0,0,1,0
420476,PENNSYLVANIA,PA,2,0,2,71,0,BRIDGEPORT,23,5,May,2010,1,Sunday,6,3,0,14,3,51,40.05243611,-76.51755556,12,1,0,1,0,0,1,1
420477,PENNSYLVANIA,PA,1,0,1,113,0,COTTONTON,2,7,July,2010,6,Friday,17,54,0,4,3,16,41.44750000,-76.50560833,43,1,0,1,0,0,1,0
420478,PENNSYLVANIA,PA,1,0,1,107,0,CARROLLTON,12,7,July,2010,2,Monday,3,0,0,14,3,2,40.63771667,-76.19438611,42,2,0,1,0,0,1,1
420479,PENNSYLVANIA,PA,2,0,2,71,0,BRIDGEPORT,29,5,May,2010,7,Saturday,4,9,0,3,3,91,40.06444722,-76.58813056,12,2,0,1,0,0,1,0