ST_CASE,State Name,State Abbreviation,VE_TOTAL,Pedestrains,Total_Persons_in_accident,COUNTY,CITY,City_County_Name,Calendar_DAY,MONTH,Month_Name,YEAR,DAY_WEEK,Day_Week_desc,HOUR,MINUTE,NHS_Desc,trafficway,ROUTE,MILEPT,LATITUDE,LONGITUD,First_Crash_event,Light_cond_desc,Weather_condition,WEATHER,SCH_BUS,Crash_cause,FATALS,DRUNK_DR
420480,PENNSYLVANIA,PA,1,0,1,79,9315,COURTLAND,18,7,July,2010,1,Sunday,20,25,0,16,6,0,41.05900556,-75.77355833,33,1,0,1,0,0,1,0
420481,PENNSYLVANIA,PA,1,0,1,63,0,BOLIGEE,21,7,July,2010,4,Wednesday,21,55,1,2,2,139,40.45720000,-79.01746667,24,2,0,99,0,0,1,1
420482,PENNSYLVANIA,PA,1,1,1,71,0,BRIDGEPORT,6,7,July,2010,3,Tuesday,21,31,0,5,3,28,40.12283889,-76.17849167,9,2,0,1,0,0,1,0
420483,PENNSYLVANIA,PA,1,0,1,81,0,AUBURN,12,7,July,2010,2,Monday,5,44,0,3,3,102,41.48890278,-76.96846111,34,2,0,1,0,0,1,1
420484,PENNSYLVANIA,PA,1,0,1,3,6280,BALDWIN,15,7,July,2010,5,Thursday,20,11,0,16,6,0,40.53100556,-80.16784444,30,1,0,1,0,0,1,1
420485,PENNSYLVANIA,PA,1,0,1,5,0,BAKER HILL,31,7,July,2010,7,Saturday,16,46,0,3,3,138,40.79666111,-79.26036944,30,1,0,1,0,0,1,1
420486,PENNSYLVANIA,PA,1,0,2,111,0,GRAHAM,10,7,July,2010,7,Saturday,23,43,0,3,3,69,39.85348889,-79.27396389,35,2,0,1,0,0,2,1
420487,PENNSYLVANIA,PA,1,0,3,73,0,ARGO,21,7,July,2010,4,Wednesday,18,13,0,4,3,44,40.95694167,-80.45551944,30,1,0,1,0,0,1,0
420488,PENNSYLVANIA,PA,1,1,1,69,7460,ASHFORD,31,7,July,2010,7,Saturday,15,22,0,14,3,62,41.41795000,-75.67521667,8,1,0,1,0,0,1,0
420489,PENNSYLVANIA,PA,2,0,2,121,0,BON AIR,14,7,July,2010,4,Wednesday,6,10,1,2,3,41,41.22488333,-79.96052222,12,4,0,5,0,0,1,0
420490,PENNSYLVANIA,PA,1,0,1,47,0,BROWNS,11,7,July,2010,1,Sunday,2,30,0,6,5,0,41.46163889,-78.73406389,1,2,0,1,0,0,1,1
420491,PENNSYLVANIA,PA,1,0,2,71,0,BRIDGEPORT,18,7,July,2010,1,Sunday,1,1,0,14,3,42,40.06522778,-76.45944722,42,2,0,1,0,0,1,1
420492,PENNSYLVANIA,PA,1,0,1,117,0,BIRMINGHAM,21,7,July,2010,4,Wednesday,23,0,0,4,3,62,41.86893611,-77.38096944,52,2,0,1,0,0,1,1
420493,PENNSYLVANIA,PA,1,0,2,5,0,BAKER HILL,16,7,July,2010,6,Friday,9,45,0,6,5,0,40.70116389,-79.54318333,35,1,0,1,0,0,1,0
420494,PENNSYLVANIA,PA,2,0,3,129,5645,BIGBEE,13,5,May,2010,5,Thursday,16,5,0,14,3,32,40.42536667,-79.69850278,23,1,0,1,0,0,1,1
420495,PENNSYLVANIA,PA,2,0,2,43,0,BAILEYTON,3,5,May,2010,2,Monday,3,7,1,11,1,676,40.30118333,-76.87093889,12,2,0,2,0,0,1,1
420496,PENNSYLVANIA,PA,1,0,1,39,0,ANDALUSIA,14,7,July,2010,4,Wednesday,21,57,0,6,5,0,41.65733056,-80.16080000,42,2,0,1,0,0,1,1
420497,PENNSYLVANIA,PA,1,0,1,25,5740,BARLOW BEND,6,7,July,2010,3,Tuesday,18,11,0,4,3,41,40.85994722,-75.83775833,35,1,0,1,0,0,1,1
420498,PENNSYLVANIA,PA,1,0,1,25,8940,BARLOW BEND,2,7,July,2010,6,Friday,8,11,0,4,3,62,40.94370833,-75.83085000,33,1,0,1,0,0,1,0
420499,PENNSYLVANIA,PA,1,0,1,101,6540,BOYLSTON,24,7,July,2010,7,Saturday,1,15,0,16,6,0,39.97683889,-75.19629444,24,3,0,1,0,0,1,1
420500,PENNSYLVANIA,PA,1,0,2,91,0,DAYTON,20,6,June,2010,1,Sunday,2,14,0,14,3,69,40.20045000,-75.30629722,33,2,0,1,0,0,1,0
420501,PENNSYLVANIA,PA,1,0,1,63,0,BOLIGEE,24,7,July,2010,7,Saturday,1,46,1,2,2,136,40.45701389,-79.02304444,18,2,0,1,0,0,1,1
420502,PENNSYLVANIA,PA,1,3,2,3,5555,BALDWIN,28,6,June,2010,2,Monday,12,16,1,13,2,53,40.36804722,-80.04931111,8,1,0,1,0,0,1,0
420503,PENNSYLVANIA,PA,1,0,1,3,0,BALDWIN,28,7,July,2010,4,Wednesday,4,35,1,12,3,143,40.55676389,-79.80754167,24,3,0,1,0,0,1,0
420504,PENNSYLVANIA,PA,1,0,1,17,0,CHAMBERS,16,6,June,2010,4,Wednesday,0,52,0,14,3,10,40.13198889,-74.88804722,33,3,0,1,0,0,1,1
420505,PENNSYLVANIA,PA,1,0,3,133,0,ARLEY,28,7,July,2010,4,Wednesday,9,0,0,6,5,0,40.07151111,-76.67408889,18,1,0,1,0,0,1,0
420506,PENNSYLVANIA,PA,1,1,1,33,0,CHEROKEE,8,7,July,2010,5,Thursday,7,54,0,4,3,15,41.11384722,-78.73320556,9,1,0,1,0,0,1,0
420507,PENNSYLVANIA,PA,1,0,1,81,0,AUBURN,14,7,July,2010,4,Wednesday,16,5,1,2,2,196,41.35297222,-77.09216111,24,1,0,1,0,0,1,0
420508,PENNSYLVANIA,PA,1,0,1,77,0,ANDERSON,18,7,July,2010,1,Sunday,18,49,0,5,3,18,40.44745278,-75.48785556,32,1,0,1,0,0,1,0
420509,PENNSYLVANIA,PA,1,1,2,43,3500,BAILEYTON,8,6,June,2010,3,Tuesday,10,48,1,13,3,12,40.26508056,-76.87480278,8,1,0,1,0,0,1,0
420510,PENNSYLVANIA,PA,1,1,1,3,0,BALDWIN,7,6,June,2010,2,Monday,11,54,0,13,3,361,40.56421111,-80.22872222,8,1,0,1,0,0,1,0
420511,PENNSYLVANIA,PA,1,0,2,57,0,BANKSTON,16,7,July,2010,6,Friday,23,0,0,6,3,3,39.72428056,-78.31712500,5,2,0,1,0,0,1,0
420512,PENNSYLVANIA,PA,1,0,2,39,0,ANDALUSIA,23,7,July,2010,6,Friday,21,55,0,3,3,143,41.78800278,-79.78675833,35,2,0,2,0,0,1,0
420513,PENNSYLVANIA,PA,1,0,1,19,0,CEDAR BLUFF,29,7,July,2010,5,Thursday,20,25,0,4,3,27,40.80616667,-79.72704444,38,5,0,1,0,0,1,1
420514,PENNSYLVANIA,PA,1,0,1,71,0,BRIDGEPORT,4,7,July,2010,1,Sunday,0,50,0,6,5,0,40.16116944,-76.53330833,43,2,0,1,0,0,1,1
420515,PENNSYLVANIA,PA,1,1,1,69,1990,ASHFORD,28,7,July,2010,4,Wednesday,4,4,0,13,3,18,41.47068889,-75.63765833,8,2,0,1,0,0,1,0
420516,PENNSYLVANIA,PA,2,0,2,79,4090,COURTLAND,21,6,June,2010,2,Monday,11,51,1,13,2,271,41.27073056,-75.88740833,12,1,0,1,0,0,1,0
420517,PENNSYLVANIA,PA,2,0,2,95,0,ALBERTVILLE,18,6,June,2010,6,Friday,14,52,0,14,3,106,40.72979167,-75.18585000,12,1,0,1,0,0,1,0
420518,PENNSYLVANIA,PA,2,0,2,77,110,ANDERSON,25,6,June,2010,6,Friday,6,13,0,16,6,0,40.58603056,-75.47058333,12,1,0,1,0,0,1,1
420519,PENNSYLVANIA,PA,2,0,2,101,6540,BOYLSTON,18,6,June,2010,6,Friday,1,6,0,14,3,10,40.00859722,-75.06893333,12,3,0,1,0,0,1,0
420520,PENNSYLVANIA,PA,1,0,1,37,0,BRADFORD,1,7,July,2010,5,Thursday,17,25,0,14,3,156,40.96288611,-76.47053889,34,1,0,1,0,0,1,1
420521,PENNSYLVANIA,PA,1,1,1,45,0,ARITON,15,7,July,2010,5,Thursday,9,52,1,13,3,68,39.97807778,-75.33933611,9,1,0,1,0,0,1,0
420522,PENNSYLVANIA,PA,1,1,1,13,130,BOLLING,9,7,July,2010,6,Friday,5,26,0,13,3,3,40.50990833,-78.40270556,8,3,0,1,0,0,1,1
420523,PENNSYLVANIA,PA,1,0,1,41,0,BRANTLEY,23,7,July,2010,6,Friday,21,30,0,14,3,148,40.23506389,-77.17975278,53,2,0,1,0,0,1,0
420524,PENNSYLVANIA,PA,1,0,2,11,0,BULLOCK,15,7,July,2010,5,Thursday,22,58,0,14,3,41,40.43631667,-75.87743611,32,3,0,1,0,0,1,1
420525,PENNSYLVANIA,PA,1,1,1,17,910,CHAMBERS,17,7,July,2010,7,Saturday,16,55,1,13,2,71,40.10436111,-74.86078611,8,1,0,1,0,0,1,0
420526,PENNSYLVANIA,PA,1,0,1,11,0,BULLOCK,20,7,July,2010,3,Tuesday,0,10,0,6,5,0,40.29354167,-75.93829444,38,2,0,1,0,0,1,1
420527,PENNSYLVANIA,PA,1,0,1,1,0,AUTAUGA,26,7,July,2010,2,Monday,12,15,0,3,3,28,39.74173333,-77.41010278,42,1,0,1,0,0,1,0
420528,PENNSYLVANIA,PA,1,0,1,101,6540,BOYLSTON,11,7,July,2010,1,Sunday,20,11,1,13,3,44,40.02012778,-75.04285833,30,1,0,1,0,0,1,1
420529,PENNSYLVANIA,PA,2,0,2,49,5235,COLLINSVILLE,11,6,June,2010,6,Friday,14,49,0,14,3,11,42.08085833,-80.10240278,12,1,0,1,0,0,1,0
420530,PENNSYLVANIA,PA,1,1,1,71,0,BRIDGEPORT,30,7,July,2010,6,Friday,8,46,0,14,3,132,40.03605556,-76.25692500,8,1,0,1,0,0,1,0
420531,PENNSYLVANIA,PA,1,1,1,101,6540,BOYLSTON,11,7,July,2010,1,Sunday,0,20,0,14,3,42,40.00730556,-75.08661667,9,3,0,1,0,0,1,1
420532,PENNSYLVANIA,PA,1,1,2,101,6540,BOYLSTON,14,7,July,2010,4,Wednesday,1,9,1,13,3,59,40.02670833,-75.06716389,8,2,0,2,0,0,1,0
420533,PENNSYLVANIA,PA,1,1,1,101,6540,BOYLSTON,17,7,July,2010,7,Saturday,20,10,0,13,3,15,40.09388889,-75.03114167,33,5,0,1,0,0,1,1
420534,PENNSYLVANIA,PA,2,0,4,7,160,BIBB,27,6,June,2010,1,Sunday,17,32,1,13,3,3,40.58257222,-80.22788889,12,1,0,1,0,0,1,0
420535,PENNSYLVANIA,PA,2,0,4,17,0,CHAMBERS,17,6,June,2010,5,Thursday,19,0,0,16,5,0,40.38861667,-75.31874722,12,1,0,1,0,0,1,0
420536,PENNSYLVANIA,PA,1,0,1,133,0,ARLEY,3,7,July,2010,7,Saturday,1,12,0,3,3,18,40.10131944,-77.00622778,24,2,0,1,0,0,1,1
420537,PENNSYLVANIA,PA,2,0,2,79,0,COURTLAND,8,6,June,2010,3,Tuesday,16,49,0,14,3,197,41.16049444,-75.88732500,12,1,0,1,0,0,1,1
420538,PENNSYLVANIA,PA,1,0,1,29,0,BORDEN SPRINGS,3,7,July,2010,7,Saturday,13,30,0,5,3,29,40.16698333,-75.78401111,42,1,0,1,0,0,1,1
420539,PENNSYLVANIA,PA,1,0,1,15,0,ANNISTON,12,7,July,2010,2,Monday,16,20,0,3,3,137,41.69781389,-76.61675556,34,1,0,1,0,0,1,0
420540,PENNSYLVANIA,PA,2,0,2,71,0,BRIDGEPORT,25,6,June,2010,6,Friday,18,53,1,12,2,52,40.04158889,-76.43851944,12,1,0,1,0,0,1,1
420541,PENNSYLVANIA,PA,1,1,1,3,0,BALDWIN,28,7,July,2010,4,Wednesday,15,3,0,6,5,0,40.35293333,-80.05295000,8,1,0,1,0,0,1,0
420542,PENNSYLVANIA,PA,2,0,2,97,0,AXIS,1,6,June,2010,3,Tuesday,21,21,0,5,3,238,40.79266944,-76.43493333,12,2,0,1,0,0,1,1
420543,PENNSYLVANIA,PA,1,0,1,69,4980,ASHFORD,28,7,July,2010,4,Wednesday,4,10,0,16,6,0,41.54030556,-75.53055556,42,3,0,1,0,0,1,1
420544,PENNSYLVANIA,PA,1,0,1,75,0,BEAVERTON,19,7,July,2010,2,Monday,22,11,0,4,3,85,40.26121389,-76.55474444,59,2,0,1,0,0,1,1
420545,PENNSYLVANIA,PA,1,0,1,69,1090,ASHFORD,2,7,July,2010,6,Friday,1,45,0,16,6,0,41.57654167,-75.50557222,19,2,0,1,0,0,1,1
420546,PENNSYLVANIA,PA,1,0,1,17,0,CHAMBERS,5,7,July,2010,2,Monday,5,31,0,14,3,81,40.24415278,-74.93123333,11,1,0,1,0,0,1,0
420547,PENNSYLVANIA,PA,3,0,14,89,0,BROWNSBORO,5,7,July,2010,2,Monday,7,55,1,2,3,30,40.89593611,-75.31223611,12,1,0,1,0,0,1,0
420548,PENNSYLVANIA,PA,1,0,1,71,0,BRIDGEPORT,2,7,July,2010,6,Friday,20,12,0,15,3,6,40.09678889,-76.29570000,53,1,0,1,0,0,1,0
420549,PENNSYLVANIA,PA,1,0,1,111,0,GRAHAM,11,7,July,2010,1,Sunday,5,0,0,3,3,399,40.17042500,-78.82798056,34,2,0,99,0,0,1,1
420550,PENNSYLVANIA,PA,1,0,1,3,0,BALDWIN,10,7,July,2010,7,Saturday,16,47,0,3,3,79,40.64888333,-79.80024722,38,1,0,1,0,0,1,1
420551,PENNSYLVANIA,PA,1,0,1,131,0,ARLINGTON,18,7,July,2010,1,Sunday,1,50,1,2,2,221,41.56396111,-75.87911389,35,2,0,1,0,0,1,1
420552,PENNSYLVANIA,PA,1,0,4,29,0,BORDEN SPRINGS,16,7,July,2010,6,Friday,3,10,0,6,5,0,40.05819444,-75.88925000,42,2,0,1,0,0,2,1
420553,PENNSYLVANIA,PA,1,0,10,29,0,BORDEN SPRINGS,26,7,July,2010,2,Monday,15,50,1,1,1,3030,40.13945833,-75.80196389,35,1,0,1,0,0,1,0
420554,PENNSYLVANIA,PA,1,0,2,67,0,ABBEVILLE,5,7,July,2010,2,Monday,4,0,0,5,3,8,40.43480278,-77.58582222,42,2,0,1,0,0,1,1
420555,PENNSYLVANIA,PA,1,0,1,21,0,CHILTON,3,7,July,2010,7,Saturday,17,26,0,3,3,215,40.55091944,-78.55886111,1,1,0,1,0,0,1,1
420556,PENNSYLVANIA,PA,3,0,3,5,0,BAKER HILL,15,6,June,2010,3,Tuesday,3,40,1,2,2,134,40.79389722,-79.46770833,12,2,0,1,0,0,1,0
420557,PENNSYLVANIA,PA,1,0,1,33,0,CHEROKEE,1,7,July,2010,5,Thursday,18,29,1,1,1,1262,41.01120000,-78.28419167,24,1,0,1,0,0,1,1
420558,PENNSYLVANIA,PA,3,0,5,89,0,BROWNSBORO,25,6,June,2010,6,Friday,13,27,1,2,3,24,40.88771667,-75.31011389,12,1,0,1,0,0,1,0
420559,PENNSYLVANIA,PA,1,0,2,99,0,BEATRICE,27,7,July,2010,3,Tuesday,18,47,0,4,3,41,40.37999722,-77.46255833,30,1,0,1,0,0,1,0
420560,PENNSYLVANIA,PA,1,0,2,117,0,BIRMINGHAM,10,7,July,2010,7,Saturday,13,50,1,2,2,152,41.77472500,-77.34406111,58,1,0,1,0,0,1,0
420561,PENNSYLVANIA,PA,1,0,1,37,0,BRADFORD,4,7,July,2010,1,Sunday,12,55,0,3,3,127,40.93224444,-76.44614444,1,1,0,1,0,0,1,0
420562,PENNSYLVANIA,PA,5,0,6,89,0,BROWNSBORO,24,6,June,2010,5,Thursday,19,57,1,13,2,174,40.97313333,-75.24457222,12,1,0,1,0,0,1,0
420563,PENNSYLVANIA,PA,1,0,2,49,0,COLLINSVILLE,16,7,July,2010,6,Friday,17,8,1,11,1,1781,42.04045000,-80.11983056,35,1,0,1,0,0,1,0
420565,PENNSYLVANIA,PA,6,0,7,11,0,BULLOCK,3,6,June,2010,5,Thursday,10,50,1,12,2,116,40.37281111,-75.98938611,12,1,0,1,0,0,1,0
420566,PENNSYLVANIA,PA,1,0,4,23,0,BLADON SPRINGS,1,8,August,2010,1,Sunday,14,0,0,6,5,0,41.26752778,-78.09990000,35,1,0,1,0,0,1,0
420567,PENNSYLVANIA,PA,1,0,1,59,0,FRANKLIN,2,8,August,2010,2,Monday,19,15,0,4,3,38,39.92396944,-79.96400556,32,1,0,1,0,0,1,1
420568,PENNSYLVANIA,PA,1,0,2,115,0,ASHVILLE,4,8,August,2010,4,Wednesday,0,30,0,6,5,0,41.91616944,-75.73610833,43,2,0,1,0,0,2,1
420569,PENNSYLVANIA,PA,1,0,1,85,0,BENTON,8,8,August,2010,1,Sunday,18,55,0,6,5,0,41.14346944,-80.10346389,1,1,0,1,0,0,1,1
420570,PENNSYLVANIA,PA,1,0,2,21,0,CHILTON,28,8,August,2010,7,Saturday,20,50,0,6,5,0,40.35505278,-78.89890556,34,2,0,1,0,0,1,0
420571,PENNSYLVANIA,PA,1,0,1,85,8150,BENTON,30,8,August,2010,2,Monday,2,30,0,3,2,258,41.32130000,-80.11937500,59,2,0,1,0,0,1,1
420572,PENNSYLVANIA,PA,1,0,1,29,0,BORDEN SPRINGS,21,8,August,2010,7,Saturday,21,9,0,4,3,103,39.83456667,-75.82380278,24,2,0,1,0,0,1,1
420573,PENNSYLVANIA,PA,1,0,1,103,0,DANVILLE,21,8,August,2010,7,Saturday,18,29,1,1,1,3812,41.34860278,-74.98539444,17,1,0,1,0,0,1,0
420574,PENNSYLVANIA,PA,1,0,1,33,0,CHEROKEE,28,8,August,2010,7,Saturday,21,12,0,3,3,207,40.84589444,-78.29893333,43,2,0,1,0,0,1,1
420575,PENNSYLVANIA,PA,2,0,3,71,0,BRIDGEPORT,14,7,July,2010,4,Wednesday,15,37,1,2,3,113,39.83754167,-76.21562222,12,1,0,2,0,0,2,0
420576,PENNSYLVANIA,PA,1,0,1,119,0,BELLAMY,10,8,August,2010,3,Tuesday,22,36,0,6,5,0,40.96680556,-77.01817500,42,2,0,1,0,0,1,1
420577,PENNSYLVANIA,PA,2,0,2,75,0,BEAVERTON,22,6,June,2010,3,Tuesday,14,49,0,4,3,130,40.52006389,-76.49913611,12,1,0,1,0,0,1,0
420578,PENNSYLVANIA,PA,1,0,1,89,0,BROWNSBORO,26,8,August,2010,5,Thursday,3,0,1,1,1,2849,41.07664722,-75.55192222,42,2,0,5,0,0,1,0
420579,PENNSYLVANIA,PA,2,0,1,29,4565,BORDEN SPRINGS,12,6,June,2010,7,Saturday,6,15,0,14,3,132,39.83183056,-75.80838333,33,1,0,1,0,0,1,1
420580,PENNSYLVANIA,PA,1,0,7,51,0,CENTRAL,13,6,June,2010,1,Sunday,7,30,0,3,3,98,39.81907500,-79.54903056,30,1,0,5,0,0,1,0
420581,PENNSYLVANIA,PA,1,0,1,125,1240,BROOKWOOD,31,7,July,2010,7,Saturday,3,30,0,14,3,32,40.13134444,-79.89644167,52,3,0,1,0,0,1,0
420582,PENNSYLVANIA,PA,1,0,3,15,6107,ANNISTON,18,7,July,2010,1,Sunday,17,0,1,2,2,216,41.78893333,-76.51826667,1,1,0,1,0,0,1,0
420583,PENNSYLVANIA,PA,2,0,2,27,0,ASHLAND,10,6,June,2010,5,Thursday,22,46,0,3,3,87,40.96792778,-77.60228889,12,2,0,1,0,0,1,1
420584,PENNSYLVANIA,PA,2,0,2,101,6540,BOYLSTON,16,6,June,2010,4,Wednesday,1,0,1,11,1,3436,39.96575833,-75.18647222,12,3,0,1,0,0,1,1
420585,PENNSYLVANIA,PA,2,0,3,67,0,ABBEVILLE,3,6,June,2010,5,Thursday,9,15,1,2,2,206,40.56586944,-77.17448333,12,1,0,1,0,0,1,0
420586,PENNSYLVANIA,PA,2,0,2,79,0,COURTLAND,4,6,June,2010,6,Friday,23,9,1,1,1,2695,41.05469722,-75.83249722,12,2,0,1,0,0,1,0
420587,PENNSYLVANIA,PA,1,0,5,21,0,CHILTON,7,8,August,2010,7,Saturday,3,15,0,5,3,40,40.55104167,-78.67791389,42,2,0,1,0,0,1,1
420588,PENNSYLVANIA,PA,2,0,2,49,0,COLLINSVILLE,6,6,June,2010,1,Sunday,18,0,0,14,3,270,42.23381389,-79.83327500,12,1,0,1,0,0,1,1
420589,PENNSYLVANIA,PA,1,0,1,133,0,ARLEY,15,8,August,2010,1,Sunday,1,59,0,14,3,68,39.88389722,-76.58892222,1,3,0,2,0,0,1,1
420590,PENNSYLVANIA,PA,2,0,3,17,0,CHAMBERS,1,6,June,2010,3,Tuesday,21,48,0,16,5,0,40.14271667,-74.85975000,12,3,0,1,0,0,1,0
420591,PENNSYLVANIA,PA,1,0,1,71,0,BRIDGEPORT,13,8,August,2010,6,Friday,0,25,0,16,5,0,40.16656389,-76.41697778,58,2,0,2,0,0,1,1
420592,PENNSYLVANIA,PA,2,0,2,13,0,BOLLING,18,6,June,2010,6,Friday,16,19,0,3,3,228,40.53073333,-78.47499444,12,1,0,1,0,0,1,1
420593,PENNSYLVANIA,PA,1,0,4,11,0,BULLOCK,24,8,August,2010,3,Tuesday,16,5,1,1,1,2956,40.17708056,-75.92740833,35,1,0,1,0,0,1,0
420594,PENNSYLVANIA,PA,1,0,2,87,0,ARMSTRONG,14,8,August,2010,7,Saturday,2,34,0,6,5,0,40.42906944,-77.81706944,32,2,0,1,0,0,1,1
420595,PENNSYLVANIA,PA,2,0,2,19,9670,CEDAR BLUFF,8,6,June,2010,3,Tuesday,16,39,0,14,3,11,40.79239444,-80.13783056,12,1,0,1,0,0,1,0
420596,PENNSYLVANIA,PA,2,0,3,99,0,BEATRICE,5,6,June,2010,7,Saturday,7,35,0,3,3,195,40.34937500,-77.20597778,12,1,0,1,0,0,1,0
420597,PENNSYLVANIA,PA,2,0,2,43,0,BAILEYTON,30,6,June,2010,4,Wednesday,16,0,0,14,3,13,40.32701667,-76.87455556,12,1,0,1,0,0,1,0
420598,PENNSYLVANIA,PA,2,0,1,127,0,BURNWELL,24,6,June,2010,5,Thursday,0,20,0,5,3,15,41.56018611,-75.38230556,34,2,0,1,0,0,1,1
420599,PENNSYLVANIA,PA,1,0,2,111,0,GRAHAM,1,8,August,2010,1,Sunday,16,22,0,6,5,0,40.07788611,-79.17322778,42,1,0,1,0,0,1,1
420600,PENNSYLVANIA,PA,1,0,2,49,0,COLLINSVILLE,7,8,August,2010,7,Saturday,1,52,0,5,3,11,41.86049722,-80.10266389,30,2,0,1,0,0,1,1
420601,PENNSYLVANIA,PA,1,0,3,29,0,BORDEN SPRINGS,13,8,August,2010,6,Friday,2,29,0,6,5,0,39.88023611,-75.62735000,42,2,0,1,0,0,1,0
420602,PENNSYLVANIA,PA,2,0,2,55,0,ATTALLA,21,6,June,2010,2,Monday,12,11,0,14,3,86,40.05360833,-77.56031389,12,1,0,1,0,0,1,0
420603,PENNSYLVANIA,PA,2,0,2,61,0,BELLWOOD,17,6,June,2010,5,Thursday,11,37,0,3,3,237,40.51041111,-77.97878333,12,1,0,1,0,0,1,0
420604,PENNSYLVANIA,PA,5,0,2,101,6540,BOYLSTON,30,6,June,2010,4,Wednesday,12,57,0,16,6,0,39.95931111,-75.20050000,12,1,0,1,0,0,1,0
420605,PENNSYLVANIA,PA,1,0,1,79,0,COURTLAND,11,8,August,2010,4,Wednesday,16,59,1,12,3,36,41.20341944,-75.97455000,1,1,0,1,0,0,1,0
420606,PENNSYLVANIA,PA,2,0,2,129,0,BIGBEE,23,6,June,2010,4,Wednesday,13,30,1,2,2,206,40.42031389,-79.33233056,12,1,0,1,0,0,1,0
420607,PENNSYLVANIA,PA,2,0,2,11,0,BULLOCK,30,6,June,2010,4,Wednesday,14,2,0,14,3,169,40.36240833,-75.67544167,12,1,0,1,0,0,1,0
420608,PENNSYLVANIA,PA,4,0,7,71,0,BRIDGEPORT,27,6,June,2010,1,Sunday,17,1,1,14,3,81,40.12778611,-76.37948889,12,1,0,1,0,0,5,3
420609,PENNSYLVANIA,PA,1,0,1,89,0,BROWNSBORO,2,8,August,2010,2,Monday,23,30,0,6,3,44,41.08297778,-75.03855278,34,2,0,1,0,0,1,0
420610,PENNSYLVANIA,PA,1,0,1,125,0,BROOKWOOD,24,8,August,2010,3,Tuesday,3,10,0,3,2,245,40.10191389,-80.09896111,32,2,0,1,0,0,1,1
420611,PENNSYLVANIA,PA,1,0,1,89,0,BROWNSBORO,12,8,August,2010,5,Thursday,20,44,0,6,5,0,40.97788056,-75.47261944,30,2,0,2,0,0,1,1
420612,PENNSYLVANIA,PA,1,0,2,129,0,BIGBEE,30,8,August,2010,2,Monday,14,50,0,15,3,6,40.26290556,-79.51057222,42,1,0,1,0,0,2,0
420613,PENNSYLVANIA,PA,1,0,1,129,5880,BIGBEE,2,8,August,2010,2,Monday,13,38,0,16,6,0,40.58887500,-79.75472222,33,1,0,1,0,0,1,0
420614,PENNSYLVANIA,PA,1,0,1,129,0,BIGBEE,1,8,August,2010,1,Sunday,2,20,0,3,3,143,40.25300278,-79.21919444,42,2,0,1,0,0,1,1
420615,PENNSYLVANIA,PA,2,0,5,81,0,AUBURN,24,6,June,2010,5,Thursday,13,0,0,3,2,253,41.30875556,-76.66741944,12,1,0,1,0,0,1,0
420616,PENNSYLVANIA,PA,5,0,1,71,0,BRIDGEPORT,20,6,June,2010,1,Sunday,22,15,0,5,3,97,40.17970278,-76.53669444,53,2,0,1,0,0,1,1
420617,PENNSYLVANIA,PA,3,0,4,133,0,ARLEY,12,6,June,2010,7,Saturday,12,22,1,13,2,176,39.98245556,-76.69864444,12,1,0,1,0,0,1,0
420618,PENNSYLVANIA,PA,3,0,5,17,0,CHAMBERS,5,7,July,2010,2,Monday,16,12,1,13,3,49,40.44136389,-75.38725556,12,1,0,1,0,0,1,0
420619,PENNSYLVANIA,PA,1,0,1,43,0,BAILEYTON,12,8,August,2010,5,Thursday,4,55,1,11,1,5,40.25294722,-76.81291389,24,2,0,1,0,0,1,0
420620,PENNSYLVANIA,PA,1,0,1,39,0,ANDALUSIA,19,8,August,2010,5,Thursday,5,48,0,4,3,194,41.65546944,-79.79637778,35,2,0,1,0,0,1,0
420621,PENNSYLVANIA,PA,1,0,1,133,0,ARLEY,27,8,August,2010,6,Friday,6,35,0,3,3,158,39.87319167,-76.49816389,30,1,0,1,0,0,1,1
420622,PENNSYLVANIA,PA,2,0,3,107,0,CARROLLTON,5,7,July,2010,2,Monday,10,58,1,1,1,1000,40.53959167,-76.42917500,12,1,0,1,0,0,1,0
420623,PENNSYLVANIA,PA,1,0,1,7,90,BIBB,16,8,August,2010,2,Monday,6,16,0,16,6,0,40.60461944,-80.27797500,33,1,0,1,0,0,1,0
420624,PENNSYLVANIA,PA,2,0,2,85,8150,BENTON,8,7,July,2010,5,Thursday,11,58,0,4,3,17,41.34740000,-80.11851389,12,1,0,1,0,0,1,0
420625,PENNSYLVANIA,PA,2,0,3,49,0,COLLINSVILLE,20,7,July,2010,3,Tuesday,20,30,0,4,3,75,42.01341667,-80.37778056,12,1,0,1,0,0,2,1
420626,PENNSYLVANIA,PA,1,1,2,21,0,CHILTON,1,8,August,2010,1,Sunday,3,45,1,13,3,128,40.25895278,-78.84914444,8,3,0,2,0,0,1,1
420627,PENNSYLVANIA,PA,2,0,5,63,0,BOLIGEE,24,7,July,2010,7,Saturday,0,50,0,3,3,256,40.66338056,-79.08983889,12,2,0,1,0,0,1,1
420628,PENNSYLVANIA,PA,2,0,2,115,0,ASHVILLE,6,7,July,2010,3,Tuesday,10,4,0,5,3,21,41.78166111,-75.53700556,12,1,0,1,1,0,1,0
420629,PENNSYLVANIA,PA,2,0,3,15,0,ANNISTON,28,7,July,2010,4,Wednesday,15,20,0,4,3,145,41.68947222,-76.34944722,12,1,0,1,0,0,1,0
420630,PENNSYLVANIA,PA,1,0,1,75,0,BEAVERTON,22,8,August,2010,1,Sunday,8,37,1,1,1,888,40.42696944,-76.52003056,1,1,0,2,0,0,1,0
420631,PENNSYLVANIA,PA,2,0,3,55,0,ATTALLA,29,7,July,2010,5,Thursday,13,50,0,15,3,22,39.79302222,-77.56157222,12,1,0,1,0,0,1,0
420632,PENNSYLVANIA,PA,2,0,3,83,0,ARDMORE,24,7,July,2010,7,Saturday,16,14,0,4,3,305,41.96528611,-78.39226944,24,1,0,1,0,0,1,0
420633,PENNSYLVANIA,PA,2,0,2,81,0,AUBURN,14,7,July,2010,4,Wednesday,15,45,1,2,2,190,41.34690000,-77.09335556,12,1,0,1,0,0,1,0