ST_CASE,State Name,State Abbreviation,VE_TOTAL,Pedestrains,Total_Persons_in_accident,COUNTY,CITY,City_County_Name,Calendar_DAY,MONTH,Month_Name,YEAR,DAY_WEEK,Day_Week_desc,HOUR,MINUTE,NHS_Desc,trafficway,ROUTE,MILEPT,LATITUDE,LONGITUD,First_Crash_event,Light_cond_desc,Weather_condition,WEATHER,SCH_BUS,Crash_cause,FATALS,DRUNK_DR
420935,PENNSYLVANIA,PA,1,2,1,83,0,ARDMORE,1,10,October,2010,6,Friday,9,5,0,4,3,147,41.97933056,-78.55586389,8,1,0,1,0,0,1,1
420936,PENNSYLVANIA,PA,1,0,1,113,0,COTTONTON,15,10,October,2010,6,Friday,5,35,0,3,3,159,41.50833333,-76.54560833,24,2,0,1,0,0,1,0
420937,PENNSYLVANIA,PA,1,0,1,17,0,CHAMBERS,31,10,October,2010,1,Sunday,2,24,1,12,2,53,40.30268333,-75.14877222,21,2,0,1,0,0,1,1
420938,PENNSYLVANIA,PA,1,0,1,131,0,ARLINGTON,21,10,October,2010,5,Thursday,16,10,0,6,5,0,41.41952778,-76.04890833,41,1,0,1,0,0,1,1
420939,PENNSYLVANIA,PA,2,0,2,43,0,BAILEYTON,15,9,September,2010,4,Wednesday,21,37,1,11,1,20,40.24430833,-76.80770000,12,2,0,1,0,0,1,1
420940,PENNSYLVANIA,PA,1,0,1,131,0,ARLINGTON,24,10,October,2010,1,Sunday,0,40,1,2,2,55,41.60427222,-76.09003056,24,2,0,1,0,0,1,1
420941,PENNSYLVANIA,PA,2,0,3,43,0,BAILEYTON,8,9,September,2010,4,Wednesday,5,56,0,3,2,173,40.57169444,-76.64842222,12,3,0,1,0,0,1,0
420942,PENNSYLVANIA,PA,1,1,1,81,3990,AUBURN,13,10,October,2010,4,Wednesday,6,20,0,14,3,0,41.20290833,-77.27529444,8,4,0,5,0,0,1,0
420943,PENNSYLVANIA,PA,1,1,1,75,0,BEAVERTON,18,10,October,2010,2,Monday,5,49,1,13,2,60,40.33140556,-76.50437500,8,3,0,1,0,0,1,0
420944,PENNSYLVANIA,PA,1,0,1,95,0,ALBERTVILLE,2,10,October,2010,7,Saturday,11,20,0,6,3,17,40.75894167,-75.41866389,42,1,0,1,0,0,1,0
420945,PENNSYLVANIA,PA,2,0,3,91,0,DAYTON,25,9,September,2010,7,Saturday,19,50,0,15,3,50,40.26164167,-75.45957778,1,2,0,1,0,0,1,0
420946,PENNSYLVANIA,PA,2,0,2,3,5413,BALDWIN,29,9,September,2010,4,Wednesday,19,45,0,13,3,3,40.42789167,-79.72176667,12,3,0,1,0,0,1,0
420947,PENNSYLVANIA,PA,2,0,2,71,0,BRIDGEPORT,27,9,September,2010,2,Monday,14,8,0,3,3,147,39.91734722,-76.09317222,12,1,0,2,0,0,1,0
420948,PENNSYLVANIA,PA,2,1,1,133,0,ARLEY,1,9,September,2010,4,Wednesday,1,35,0,14,3,11,39.88774167,-76.62641389,8,2,0,1,0,0,1,1
420949,PENNSYLVANIA,PA,1,0,1,85,0,BENTON,2,10,October,2010,7,Saturday,22,27,0,4,3,59,41.33250000,-80.45581389,42,2,0,2,0,0,1,1
420950,PENNSYLVANIA,PA,1,1,2,101,6540,BOYLSTON,8,10,October,2010,6,Friday,15,35,0,14,3,16,39.92904722,-75.22058611,9,1,0,1,0,0,1,0
420951,PENNSYLVANIA,PA,2,0,5,71,0,BRIDGEPORT,22,9,September,2010,4,Wednesday,19,31,0,14,3,44,40.03706944,-76.45090000,12,2,0,1,0,0,1,0
420952,PENNSYLVANIA,PA,2,0,4,21,6135,CHILTON,3,9,September,2010,6,Friday,11,5,0,15,3,371,40.64342778,-78.78062222,12,1,0,1,0,0,2,0
420953,PENNSYLVANIA,PA,1,0,1,7,0,BIBB,8,10,October,2010,6,Friday,0,40,0,6,5,0,40.70958889,-80.16117500,53,2,0,1,0,0,1,1
420954,PENNSYLVANIA,PA,1,1,1,3,0,BALDWIN,21,10,October,2010,5,Thursday,15,35,0,15,3,19,40.46103056,-79.81948611,8,1,0,1,0,0,1,0
420955,PENNSYLVANIA,PA,1,1,1,33,1430,CHEROKEE,4,10,October,2010,2,Monday,10,10,0,16,6,0,41.02207500,-78.43635000,8,1,0,2,0,0,1,0
420956,PENNSYLVANIA,PA,2,0,2,3,6600,BALDWIN,18,9,September,2010,7,Saturday,23,40,1,11,1,5,40.44216944,-79.99382500,12,3,0,1,0,0,1,1
420957,PENNSYLVANIA,PA,2,0,3,3,6600,BALDWIN,26,9,September,2010,1,Sunday,2,32,0,13,3,32,40.37838889,-79.92234444,12,3,0,1,0,0,1,2
420958,PENNSYLVANIA,PA,2,0,3,71,0,BRIDGEPORT,19,9,September,2010,1,Sunday,14,53,0,3,3,157,40.11082222,-76.68455833,12,1,0,1,0,0,1,1
420959,PENNSYLVANIA,PA,2,0,3,77,0,ANDERSON,19,9,September,2010,1,Sunday,18,33,1,2,2,5,40.54445278,-75.67241389,12,1,0,1,0,0,1,0
420960,PENNSYLVANIA,PA,2,0,2,111,0,GRAHAM,7,9,September,2010,3,Tuesday,18,13,0,14,3,201,40.27966667,-78.94621667,12,1,0,1,0,0,1,1
420961,PENNSYLVANIA,PA,1,1,1,3,2940,BALDWIN,6,10,October,2010,4,Wednesday,7,3,1,13,2,77,40.43228889,-79.86505556,8,3,0,2,0,0,1,0
420962,PENNSYLVANIA,PA,1,1,3,95,0,ALBERTVILLE,27,10,October,2010,4,Wednesday,19,30,1,13,3,197,40.71023056,-75.28028056,8,2,0,1,0,0,1,0
420963,PENNSYLVANIA,PA,2,0,3,45,0,ARITON,5,9,September,2010,1,Sunday,16,57,0,13,3,1,39.97613333,-75.36568611,12,1,0,1,0,0,1,0
420964,PENNSYLVANIA,PA,2,0,2,3,6600,BALDWIN,29,9,September,2010,4,Wednesday,20,38,0,13,3,38,40.45834722,-79.93384167,12,3,0,1,0,0,1,0
420965,PENNSYLVANIA,PA,1,1,2,17,0,CHAMBERS,3,10,October,2010,1,Sunday,1,50,1,13,3,122,40.38672778,-75.14654444,8,2,0,1,0,0,1,0
420966,PENNSYLVANIA,PA,2,0,6,91,2267,DAYTON,8,9,September,2010,4,Wednesday,19,51,1,13,2,65,40.13804167,-75.31617778,12,2,0,1,0,0,2,0
420967,PENNSYLVANIA,PA,2,0,1,129,3930,BIGBEE,29,9,September,2010,4,Wednesday,20,4,0,16,6,0,40.33505833,-79.60089167,14,2,0,1,0,0,1,0
420968,PENNSYLVANIA,PA,2,0,4,129,4480,BIGBEE,25,9,September,2010,7,Saturday,0,11,1,2,2,334,40.24129722,-79.23980833,12,2,0,1,0,0,1,1
420969,PENNSYLVANIA,PA,2,0,3,101,6540,BOYLSTON,26,9,September,2010,1,Sunday,18,20,0,16,6,0,39.95705278,-75.24584444,12,1,0,1,0,0,1,0
420970,PENNSYLVANIA,PA,2,0,2,91,0,DAYTON,21,10,October,2010,5,Thursday,17,39,0,14,3,58,40.14679722,-75.27113056,12,1,0,1,0,0,1,0
420971,PENNSYLVANIA,PA,2,0,2,107,0,CARROLLTON,21,10,October,2010,5,Thursday,12,56,0,4,3,54,40.71090278,-76.24878333,12,1,0,1,0,0,1,0
420972,PENNSYLVANIA,PA,2,0,2,35,4175,BROOKLYN,8,10,October,2010,6,Friday,17,45,1,2,2,8,41.06376389,-77.44635000,12,1,0,1,0,0,1,0
420973,PENNSYLVANIA,PA,2,0,2,43,0,BAILEYTON,7,10,October,2010,5,Thursday,8,41,0,13,2,176,40.28800000,-76.83746389,12,1,0,1,0,0,1,0
420974,PENNSYLVANIA,PA,2,0,2,37,868,BRADFORD,10,10,October,2010,1,Sunday,17,30,0,13,2,131,41.04278056,-76.30216389,12,1,0,1,0,0,1,0
420975,PENNSYLVANIA,PA,1,0,2,101,6540,BOYLSTON,27,10,October,2010,4,Wednesday,99,99,1,11,1,3403,40.00528333,-75.19413333,35,2,0,1,0,0,1,0
420976,PENNSYLVANIA,PA,1,0,1,101,6540,BOYLSTON,28,10,October,2010,5,Thursday,11,4,0,13,3,13,40.02054167,-75.19251111,33,1,0,8,0,0,1,0
420977,PENNSYLVANIA,PA,1,0,1,13,0,BOLLING,11,10,October,2010,2,Monday,7,47,0,6,5,0,40.54531667,-78.44118056,30,1,0,1,0,0,1,0
420978,PENNSYLVANIA,PA,1,0,1,79,4310,COURTLAND,4,10,October,2010,2,Monday,14,50,0,15,3,22,41.21221667,-75.85333056,30,1,0,2,0,0,1,0
420979,PENNSYLVANIA,PA,2,0,3,77,110,ANDERSON,26,10,October,2010,3,Tuesday,18,40,0,16,6,0,40.60106389,-75.45851667,12,3,0,1,0,0,1,1
420980,PENNSYLVANIA,PA,1,0,1,15,0,ANNISTON,31,10,October,2010,1,Sunday,3,28,0,6,3,13,41.75476667,-76.48034167,42,2,0,1,0,0,1,1
420981,PENNSYLVANIA,PA,1,0,2,51,0,CENTRAL,31,10,October,2010,1,Sunday,2,25,0,4,3,41,39.92472500,-79.83664167,42,2,0,1,0,0,2,1
420982,PENNSYLVANIA,PA,1,0,2,15,0,ANNISTON,15,10,October,2010,6,Friday,13,32,1,2,2,379,41.72291389,-76.28989444,1,1,0,1,0,0,1,0
420983,PENNSYLVANIA,PA,2,0,4,77,110,ANDERSON,23,10,October,2010,7,Saturday,14,42,0,16,6,0,40.60040000,-75.45823611,12,1,0,1,0,0,1,0
420984,PENNSYLVANIA,PA,1,1,1,45,0,ARITON,12,10,October,2010,3,Tuesday,19,31,0,14,3,21,39.98657500,-75.31304722,8,3,0,1,0,0,1,0
420985,PENNSYLVANIA,PA,1,1,1,101,6540,BOYLSTON,26,10,October,2010,3,Tuesday,20,38,0,16,6,0,39.98755000,-75.14121389,8,3,0,1,0,0,1,0
420986,PENNSYLVANIA,PA,1,1,1,101,6540,BOYLSTON,23,10,October,2010,7,Saturday,17,32,0,13,2,21,39.99703611,-75.23525278,8,5,0,1,0,0,1,0
420987,PENNSYLVANIA,PA,2,0,4,125,0,BROOKWOOD,25,11,November,2010,5,Thursday,4,2,1,1,1,120,40.13682778,-80.31963889,12,2,0,2,0,0,2,0
420988,PENNSYLVANIA,PA,1,0,1,89,0,BROWNSBORO,11,11,November,2010,5,Thursday,3,0,0,3,3,45,41.12188056,-75.53733889,34,2,0,1,0,0,1,0
420989,PENNSYLVANIA,PA,1,0,1,81,0,AUBURN,5,11,November,2010,6,Friday,10,0,1,2,2,221,41.37957222,-77.06292500,42,1,0,99,0,0,1,0
420990,PENNSYLVANIA,PA,2,0,3,65,0,CYPRESS,20,10,October,2010,4,Wednesday,23,4,0,3,3,279,41.14928611,-79.08655000,53,2,0,1,0,0,1,0
420991,PENNSYLVANIA,PA,2,0,2,29,0,BORDEN SPRINGS,23,10,October,2010,7,Saturday,9,25,1,12,2,1733,40.23130000,-75.62865000,24,1,0,1,0,0,1,0
420992,PENNSYLVANIA,PA,2,0,2,19,0,CEDAR BLUFF,26,10,October,2010,3,Tuesday,9,42,0,3,3,42,40.92530000,-79.86879722,12,1,0,1,0,0,1,0
420993,PENNSYLVANIA,PA,1,0,2,53,0,ATMORE,13,11,November,2010,7,Saturday,21,57,0,3,3,67,41.49795278,-79.46421389,1,2,0,1,0,0,2,1
420994,PENNSYLVANIA,PA,1,0,1,29,0,BORDEN SPRINGS,10,11,November,2010,4,Wednesday,11,20,0,4,3,167,39.90817778,-75.82325556,34,1,0,1,0,0,1,0
420995,PENNSYLVANIA,PA,2,0,2,61,0,BELLWOOD,22,10,October,2010,6,Friday,18,45,0,5,3,90,40.20641111,-77.90674167,32,2,0,1,0,0,1,0
420996,PENNSYLVANIA,PA,1,0,1,119,0,BELLAMY,9,11,November,2010,3,Tuesday,14,56,0,6,3,39,40.86623056,-77.19927500,30,1,0,1,0,0,1,1
420997,PENNSYLVANIA,PA,1,0,2,49,0,COLLINSVILLE,14,11,November,2010,1,Sunday,13,5,0,4,3,97,41.98646111,-80.23790556,42,1,0,2,0,0,1,0
420998,PENNSYLVANIA,PA,2,0,2,85,7595,BENTON,27,10,October,2010,4,Wednesday,2,36,1,1,1,10,41.18138611,-80.50080000,12,2,0,1,0,0,1,1
420999,PENNSYLVANIA,PA,1,0,2,133,0,ARLEY,20,11,November,2010,7,Saturday,3,4,0,6,5,0,40.07439444,-76.67804722,1,2,0,1,0,0,1,1
421000,PENNSYLVANIA,PA,1,0,1,47,0,BROWNS,21,11,November,2010,1,Sunday,15,0,0,6,5,0,41.56036111,-78.82771944,42,1,0,1,0,0,1,1
421001,PENNSYLVANIA,PA,2,0,3,129,0,BIGBEE,11,10,October,2010,2,Monday,11,36,1,12,2,8,40.12368056,-79.55597500,12,1,0,1,0,0,2,0
421002,PENNSYLVANIA,PA,1,0,2,129,0,BIGBEE,27,11,November,2010,7,Saturday,0,11,0,15,3,9,40.34029167,-79.73188611,41,3,0,1,0,0,1,1
421003,PENNSYLVANIA,PA,2,0,2,91,0,DAYTON,15,10,October,2010,6,Friday,17,45,1,11,1,3355,40.04900556,-75.26168333,12,5,0,1,0,0,1,0
421004,PENNSYLVANIA,PA,1,0,1,3,1335,BALDWIN,27,11,November,2010,7,Saturday,0,3,0,14,3,42,40.29200556,-79.88124722,30,3,0,1,0,0,1,0
421005,PENNSYLVANIA,PA,2,0,3,89,0,BROWNSBORO,2,11,November,2010,3,Tuesday,11,3,0,4,3,9,41.10391111,-75.37307778,12,1,0,1,0,0,1,0
421006,PENNSYLVANIA,PA,2,0,4,21,0,CHILTON,12,10,October,2010,3,Tuesday,7,28,0,14,3,155,40.47982222,-78.56912778,12,1,0,1,1,0,1,0
421007,PENNSYLVANIA,PA,4,0,3,3,5465,BALDWIN,18,10,October,2010,2,Monday,13,1,0,13,3,26,40.53194444,-80.20466667,12,1,0,1,0,0,1,0
421008,PENNSYLVANIA,PA,1,0,1,75,0,BEAVERTON,30,11,November,2010,3,Tuesday,0,19,0,4,3,33,40.39145278,-76.38053611,35,2,0,1,0,0,1,1
421009,PENNSYLVANIA,PA,2,0,2,33,6291,CHEROKEE,15,10,October,2010,6,Friday,22,11,0,14,3,227,40.85575556,-78.26791667,12,2,0,1,0,0,2,1
421010,PENNSYLVANIA,PA,1,0,4,25,0,BARLOW BEND,12,11,November,2010,6,Friday,13,27,0,4,3,44,40.90526667,-75.68057500,42,1,0,1,0,0,1,0
421011,PENNSYLVANIA,PA,1,0,2,91,0,DAYTON,12,11,November,2010,6,Friday,22,43,1,13,3,165,40.27493889,-75.25934444,33,3,0,1,0,0,1,1
421012,PENNSYLVANIA,PA,2,0,4,79,0,COURTLAND,31,10,October,2010,1,Sunday,1,30,0,13,3,33,41.21892778,-75.94672778,12,2,0,1,0,0,1,1
421013,PENNSYLVANIA,PA,1,0,1,5,0,BAKER HILL,6,11,November,2010,7,Saturday,21,34,0,6,5,0,40.54361111,-79.44111111,1,2,0,1,0,0,1,1
421014,PENNSYLVANIA,PA,2,0,6,95,0,ALBERTVILLE,6,10,October,2010,4,Wednesday,14,0,0,14,3,25,40.70657778,-75.25240000,12,1,0,1,0,0,1,0
421015,PENNSYLVANIA,PA,1,0,1,107,0,CARROLLTON,9,11,November,2010,3,Tuesday,5,55,1,1,1,1030,40.57419722,-76.40949167,24,2,0,1,0,0,1,0
421016,PENNSYLVANIA,PA,2,0,5,101,6540,BOYLSTON,9,10,October,2010,7,Saturday,2,40,1,13,3,83,40.05427778,-75.14136667,12,3,0,1,0,0,1,0
421017,PENNSYLVANIA,PA,1,0,1,125,0,BROOKWOOD,15,11,November,2010,2,Monday,7,57,1,2,2,62,40.42356111,-80.41425833,35,1,0,1,0,0,1,0
421018,PENNSYLVANIA,PA,1,0,1,43,0,BAILEYTON,13,11,November,2010,7,Saturday,16,12,1,2,2,37,40.37950000,-77.01138056,1,1,0,1,0,0,1,0
421019,PENNSYLVANIA,PA,4,0,4,101,6540,BOYLSTON,25,10,October,2010,2,Monday,14,35,1,11,1,222,39.95723611,-75.14198056,12,1,0,1,0,0,1,0
421020,PENNSYLVANIA,PA,1,0,1,19,0,CEDAR BLUFF,23,11,November,2010,3,Tuesday,13,3,0,6,5,0,40.89883611,-79.79634444,35,1,0,1,0,0,1,1
421021,PENNSYLVANIA,PA,1,0,1,81,9380,AUBURN,26,10,October,2010,3,Tuesday,15,0,1,12,2,99,41.23276667,-77.04227778,24,1,0,1,0,0,1,0
421022,PENNSYLVANIA,PA,1,0,2,129,0,BIGBEE,27,11,November,2010,7,Saturday,22,5,0,6,5,0,40.27490556,-79.72202500,39,2,0,1,0,0,1,0
421023,PENNSYLVANIA,PA,1,0,2,83,0,ARDMORE,29,11,November,2010,2,Monday,1,42,1,2,2,393,41.82425556,-78.37920556,35,2,0,1,0,0,2,1
421024,PENNSYLVANIA,PA,3,2,2,17,615,CHAMBERS,3,10,October,2010,1,Sunday,23,7,1,11,1,3544,40.12862778,-74.91473889,12,2,0,2,0,0,1,0
421025,PENNSYLVANIA,PA,2,0,3,127,0,BURNWELL,3,10,October,2010,1,Sunday,16,11,0,3,2,199,41.48690833,-75.18684167,12,1,0,1,0,0,1,1
421026,PENNSYLVANIA,PA,2,1,2,63,0,BOLIGEE,1,10,October,2010,6,Friday,21,42,0,4,3,140,40.55906389,-78.91809444,12,2,0,1,0,0,1,0
421027,PENNSYLVANIA,PA,3,0,1,25,0,BARLOW BEND,22,10,October,2010,6,Friday,1,23,0,14,3,100,40.93646111,-75.92813333,53,2,0,1,0,0,1,1
421028,PENNSYLVANIA,PA,3,0,4,25,0,BARLOW BEND,5,11,November,2010,6,Friday,16,5,1,13,3,20,40.81165000,-75.66932778,12,1,0,1,0,0,1,0
421029,PENNSYLVANIA,PA,4,0,4,101,6540,BOYLSTON,11,11,November,2010,5,Thursday,13,12,0,16,6,0,39.97618056,-75.13811667,12,1,0,1,0,0,1,0
421030,PENNSYLVANIA,PA,3,0,5,43,1910,BAILEYTON,16,11,November,2010,3,Tuesday,21,30,1,12,2,84,40.36395000,-76.92813056,25,2,0,2,0,0,2,0
421031,PENNSYLVANIA,PA,1,0,2,99,0,BEATRICE,26,11,November,2010,6,Friday,7,52,0,6,3,10,40.42164722,-77.09737500,42,1,0,1,0,0,1,0
421032,PENNSYLVANIA,PA,1,0,4,11,0,BULLOCK,24,11,November,2010,4,Wednesday,23,56,1,1,1,221,40.51218333,-76.12674167,35,2,0,1,0,0,1,1
421033,PENNSYLVANIA,PA,1,1,1,123,0,ALEXANDER CITY,30,11,November,2010,3,Tuesday,6,50,0,3,3,188,41.83019722,-79.39554444,8,4,0,2,0,0,1,0
421034,PENNSYLVANIA,PA,1,1,1,5,0,BAKER HILL,22,11,November,2010,2,Monday,17,17,0,14,3,6,40.60455278,-79.54956667,8,2,0,1,0,0,1,0
421035,PENNSYLVANIA,PA,1,0,1,29,0,BORDEN SPRINGS,17,11,November,2010,4,Wednesday,3,51,1,11,1,3141,40.06153611,-75.62851944,35,2,0,2,0,0,1,0
421036,PENNSYLVANIA,PA,2,0,2,57,0,BANKSTON,25,11,November,2010,5,Thursday,12,55,0,3,2,273,40.01382778,-77.96808611,12,1,0,1,0,0,1,0
421037,PENNSYLVANIA,PA,1,0,1,91,0,DAYTON,30,11,November,2010,3,Tuesday,13,52,1,13,3,142,40.22061944,-75.38455833,35,1,0,2,0,0,1,0
421038,PENNSYLVANIA,PA,1,0,1,63,0,BOLIGEE,19,11,November,2010,6,Friday,3,35,1,2,2,251,40.55569167,-78.92687500,42,2,0,1,0,0,1,1
421039,PENNSYLVANIA,PA,2,0,3,89,0,BROWNSBORO,2,11,November,2010,3,Tuesday,2,5,0,14,3,139,41.02751111,-75.16611389,12,2,0,1,0,0,1,1
421040,PENNSYLVANIA,PA,1,1,1,89,2330,BROWNSBORO,20,11,November,2010,7,Saturday,1,48,1,11,1,3069,40.98279444,-75.19185278,8,3,0,1,0,0,1,0
421041,PENNSYLVANIA,PA,1,0,1,17,0,CHAMBERS,6,11,November,2010,7,Saturday,19,50,0,6,5,0,40.47170556,-75.25022222,1,2,0,1,0,0,1,1
421042,PENNSYLVANIA,PA,2,0,3,75,0,BEAVERTON,15,11,November,2010,2,Monday,12,19,1,2,3,137,40.45121389,-76.51224722,12,1,0,1,0,0,1,0
421043,PENNSYLVANIA,PA,1,0,2,57,0,BANKSTON,9,11,November,2010,3,Tuesday,20,13,0,6,3,5,40.04601667,-78.12671667,38,2,0,1,0,0,1,0
421044,PENNSYLVANIA,PA,1,0,2,103,0,DANVILLE,27,11,November,2010,7,Saturday,23,17,0,3,3,24,41.27647778,-75.24463056,42,2,0,1,0,0,1,1
421045,PENNSYLVANIA,PA,1,0,1,15,0,ANNISTON,26,11,November,2010,6,Friday,14,20,0,5,3,12,41.58004167,-76.22763333,59,1,0,1,0,0,1,1
421046,PENNSYLVANIA,PA,1,0,1,49,0,COLLINSVILLE,28,11,November,2010,1,Sunday,3,0,0,6,5,0,41.95222778,-80.02883333,34,2,0,1,0,0,1,1
421047,PENNSYLVANIA,PA,3,0,3,91,0,DAYTON,14,11,November,2010,1,Sunday,22,53,1,12,2,1747,40.24070833,-75.60658056,24,2,0,1,0,0,1,0
421048,PENNSYLVANIA,PA,2,0,4,97,0,AXIS,18,11,November,2010,5,Thursday,16,0,0,3,3,70,40.68161667,-76.85165556,12,1,0,1,0,0,1,0
421049,PENNSYLVANIA,PA,1,1,1,133,0,ARLEY,5,11,November,2010,6,Friday,9,30,0,14,3,133,39.91580278,-76.71441111,8,1,0,1,0,0,1,0
421050,PENNSYLVANIA,PA,1,0,4,125,2500,BROOKWOOD,24,11,November,2010,4,Wednesday,1,25,0,14,3,151,40.07947778,-79.87410278,24,3,0,1,0,0,3,1
421051,PENNSYLVANIA,PA,1,1,2,17,0,CHAMBERS,5,11,November,2010,6,Friday,13,55,0,13,3,104,40.30357778,-74.88085556,9,1,0,1,0,0,1,0
421052,PENNSYLVANIA,PA,1,0,2,15,0,ANNISTON,28,11,November,2010,1,Sunday,15,40,0,6,5,0,41.87566389,-76.74585278,34,1,0,1,0,0,1,1
421053,PENNSYLVANIA,PA,4,0,1,43,8110,BAILEYTON,27,12,December,2010,2,Monday,1,45,0,13,3,37,40.23716389,-76.84650278,14,3,0,1,0,0,1,0
421054,PENNSYLVANIA,PA,1,0,2,55,0,ATTALLA,14,11,November,2010,1,Sunday,3,10,0,5,3,11,39.77382222,-77.71322500,30,2,0,1,0,0,1,1
421055,PENNSYLVANIA,PA,1,0,1,3,6600,BALDWIN,29,11,November,2010,2,Monday,0,41,1,11,1,2,40.42417222,-80.03081944,43,2,0,1,0,0,1,1
421056,PENNSYLVANIA,PA,1,0,2,117,0,BIRMINGHAM,28,11,November,2010,1,Sunday,2,10,0,4,3,9,41.76612500,-77.56152222,34,2,0,1,0,0,1,1
421057,PENNSYLVANIA,PA,3,0,7,81,0,AUBURN,28,12,December,2010,3,Tuesday,15,30,1,13,2,63,41.21586111,-77.18096389,12,1,0,1,0,0,1,0
421058,PENNSYLVANIA,PA,1,0,3,133,0,ARLEY,26,11,November,2010,6,Friday,4,35,0,15,3,1,39.96744444,-76.59959722,30,2,0,2,0,0,1,1
421059,PENNSYLVANIA,PA,1,1,1,79,0,COURTLAND,4,11,November,2010,5,Thursday,5,29,0,13,3,328,41.32278889,-75.94235000,8,3,0,2,0,0,1,0
421060,PENNSYLVANIA,PA,1,0,2,129,0,BIGBEE,17,11,November,2010,4,Wednesday,15,12,0,14,3,153,40.17096389,-79.54062500,35,1,0,1,0,0,1,0
421061,PENNSYLVANIA,PA,1,0,2,51,0,CENTRAL,8,11,November,2010,2,Monday,0,20,0,6,5,0,39.92874444,-79.79814444,5,2,0,1,0,0,1,0
421062,PENNSYLVANIA,PA,3,0,4,17,0,CHAMBERS,9,12,December,2010,5,Thursday,13,12,1,11,1,469,40.21386944,-74.87707500,12,1,0,1,0,0,1,0
421063,PENNSYLVANIA,PA,1,0,2,111,0,GRAHAM,27,11,November,2010,7,Saturday,22,49,0,3,3,153,40.27509722,-78.92073889,34,3,0,1,0,0,1,1
421064,PENNSYLVANIA,PA,2,0,6,15,0,ANNISTON,27,11,November,2010,7,Saturday,10,27,0,5,3,26,41.96676944,-76.43530833,12,1,0,1,0,0,1,0
421065,PENNSYLVANIA,PA,1,0,1,3,6600,BALDWIN,7,11,November,2010,1,Sunday,0,24,0,14,2,121,40.46857222,-80.01960833,30,3,0,1,0,0,1,0
421066,PENNSYLVANIA,PA,2,0,4,113,0,COTTONTON,25,11,November,2010,5,Thursday,12,47,0,3,3,89,41.46701111,-76.63907500,12,1,0,4,0,0,1,0
421067,PENNSYLVANIA,PA,1,1,1,71,4180,BRIDGEPORT,16,11,November,2010,3,Tuesday,20,32,0,16,6,0,40.02403056,-76.31614444,8,3,0,1,0,0,1,0
421068,PENNSYLVANIA,PA,3,0,4,3,6115,BALDWIN,28,12,December,2010,3,Tuesday,9,38,1,13,3,151,40.39342500,-79.77542778,12,1,0,1,0,0,1,0
421069,PENNSYLVANIA,PA,1,1,3,97,6100,AXIS,2,11,November,2010,3,Tuesday,11,35,0,13,3,253,40.88785000,-76.79619444,8,1,0,1,0,0,1,0
421070,PENNSYLVANIA,PA,1,1,2,71,0,BRIDGEPORT,5,11,November,2010,6,Friday,21,22,0,14,3,49,40.13179722,-76.56555278,8,2,0,1,0,0,1,0
421071,PENNSYLVANIA,PA,1,1,1,101,6540,BOYLSTON,12,11,November,2010,6,Friday,7,57,0,16,6,0,40.04705833,-75.09109444,9,1,0,1,0,0,1,0
421072,PENNSYLVANIA,PA,3,0,6,11,0,BULLOCK,18,12,December,2010,7,Saturday,0,36,1,2,2,243,40.49380556,-75.81698333,12,2,0,1,0,0,1,1
421073,PENNSYLVANIA,PA,1,0,2,101,6540,BOYLSTON,14,11,November,2010,1,Sunday,0,5,0,16,6,0,40.06545278,-74.98748056,33,3,0,1,0,0,1,1
421074,PENNSYLVANIA,PA,1,0,1,7,0,BIBB,2,11,November,2010,3,Tuesday,15,15,0,5,3,33,40.84881389,-80.48009444,42,1,0,1,0,0,1,0
421075,PENNSYLVANIA,PA,3,0,5,77,110,ANDERSON,21,12,December,2010,3,Tuesday,9,29,0,16,6,0,40.60523611,-75.46080833,12,1,0,1,0,0,1,0
421076,PENNSYLVANIA,PA,2,1,4,99,4930,BEATRICE,18,11,November,2010,5,Thursday,23,20,0,13,2,8,40.33695278,-76.92703333,12,3,0,1,0,0,2,1
421077,PENNSYLVANIA,PA,1,1,1,13,0,BOLLING,4,11,November,2010,5,Thursday,7,35,0,4,3,67,40.71741389,-78.19290278,8,2,5,2,0,0,1,0
421078,PENNSYLVANIA,PA,1,0,1,101,6540,BOYLSTON,21,11,November,2010,1,Sunday,21,0,1,13,2,12,40.02532222,-75.12352222,33,3,0,1,0,0,1,0
421079,PENNSYLVANIA,PA,2,0,2,17,0,CHAMBERS,14,11,November,2010,1,Sunday,12,26,0,13,3,61,40.17943056,-74.87749167,12,1,0,1,0,0,1,0
421080,PENNSYLVANIA,PA,1,0,7,111,0,GRAHAM,21,11,November,2010,1,Sunday,13,48,1,2,2,189,40.05915278,-78.83012778,34,1,0,1,0,0,3,1
421081,PENNSYLVANIA,PA,2,0,2,89,0,BROWNSBORO,20,11,November,2010,7,Saturday,22,5,0,14,2,155,41.03557778,-75.13890556,12,2,0,1,0,0,1,1
421082,PENNSYLVANIA,PA,2,1,1,33,0,CHEROKEE,5,11,November,2010,6,Friday,23,50,1,1,1,1048,41.12070556,-78.63905556,14,2,0,1,0,0,1,0
421083,PENNSYLVANIA,PA,1,1,1,77,1150,ANDERSON,5,11,November,2010,6,Friday,18,49,0,14,3,7,40.65118056,-75.46337500,8,3,0,1,0,0,1,0