ST_CASE,State Name,State Abbreviation,VE_TOTAL,Pedestrains,Total_Persons_in_accident,COUNTY,CITY,City_County_Name,Calendar_DAY,MONTH,Month_Name,YEAR,DAY_WEEK,Day_Week_desc,HOUR,MINUTE,NHS_Desc,trafficway,ROUTE,MILEPT,LATITUDE,LONGITUD,First_Crash_event,Light_cond_desc,Weather_condition,WEATHER,SCH_BUS,Crash_cause,FATALS,DRUNK_DR
421084,PENNSYLVANIA,PA,1,0,1,125,0,BROOKWOOD,5,11,November,2010,6,Friday,0,5,0,15,3,93,40.15793056,-79.95108056,42,2,0,1,0,0,1,0
421085,PENNSYLVANIA,PA,1,0,1,111,0,GRAHAM,25,11,November,2010,5,Thursday,23,0,0,3,3,94,39.88906111,-79.26650833,42,2,0,2,0,0,1,0
421086,PENNSYLVANIA,PA,2,0,4,45,0,ARITON,25,11,November,2010,5,Thursday,17,15,1,13,2,29,39.88093056,-75.54661111,12,3,0,2,0,0,1,0
421087,PENNSYLVANIA,PA,1,0,2,95,0,ALBERTVILLE,20,11,November,2010,7,Saturday,1,15,0,15,3,3,40.70170278,-75.45887778,1,2,0,1,0,0,1,1
421088,PENNSYLVANIA,PA,1,0,1,65,0,CYPRESS,22,12,December,2010,4,Wednesday,15,30,1,1,1,819,41.16913333,-79.03609167,24,1,0,1,0,0,1,0
421089,PENNSYLVANIA,PA,1,0,1,115,0,ASHVILLE,27,11,November,2010,7,Saturday,4,55,1,1,1,2111,41.70723889,-75.67037222,1,2,0,1,0,0,1,0
421090,PENNSYLVANIA,PA,1,1,1,33,0,CHEROKEE,21,12,December,2010,3,Tuesday,18,15,1,13,2,379,41.07791389,-78.75510000,8,2,0,1,0,0,1,0
421091,PENNSYLVANIA,PA,1,1,2,89,0,BROWNSBORO,14,11,November,2010,1,Sunday,17,35,1,11,1,3088,40.99618333,-75.16171667,8,2,0,1,0,0,1,0
421092,PENNSYLVANIA,PA,1,0,1,89,0,BROWNSBORO,14,11,November,2010,1,Sunday,22,48,0,4,3,55,41.08398889,-75.21193333,52,2,0,1,0,0,1,0
421093,PENNSYLVANIA,PA,2,0,3,9,0,BLOUNT,11,11,November,2010,5,Thursday,14,39,1,2,3,34,40.20101389,-78.65414167,12,1,0,1,0,0,1,0
421094,PENNSYLVANIA,PA,1,0,1,95,0,ALBERTVILLE,6,11,November,2010,7,Saturday,17,49,0,14,3,134,40.76114167,-75.18183333,42,7,0,99,0,0,1,0
421095,PENNSYLVANIA,PA,2,0,2,31,0,COFFEE,23,11,November,2010,3,Tuesday,15,30,0,4,3,113,41.25702500,-79.55321111,12,1,0,1,0,0,1,0
421096,PENNSYLVANIA,PA,2,0,8,19,0,CEDAR BLUFF,23,11,November,2010,3,Tuesday,6,40,0,4,3,102,41.04150556,-79.90866944,12,4,0,2,0,0,4,0
421097,PENNSYLVANIA,PA,1,2,2,63,697,BOLIGEE,21,11,November,2010,1,Sunday,15,59,0,4,3,90,40.53001389,-79.25406389,49,1,0,1,0,0,1,0
421098,PENNSYLVANIA,PA,1,0,1,29,5855,BORDEN SPRINGS,20,11,November,2010,7,Saturday,15,0,0,15,3,18,39.84968611,-75.77490556,38,1,0,1,0,0,1,0
421099,PENNSYLVANIA,PA,1,0,1,13,0,BOLLING,9,11,November,2010,3,Tuesday,19,37,0,3,3,65,40.35656389,-78.41293611,5,2,0,1,0,0,1,0
421100,PENNSYLVANIA,PA,1,1,1,71,4180,BRIDGEPORT,11,12,December,2010,7,Saturday,11,36,0,16,6,0,40.03822778,-76.29489722,8,1,0,1,0,0,1,0
421101,PENNSYLVANIA,PA,1,0,2,63,0,BOLIGEE,18,12,December,2010,7,Saturday,0,45,0,3,3,76,40.75430000,-79.11733611,35,2,0,1,0,0,1,0
421102,PENNSYLVANIA,PA,1,0,1,63,0,BOLIGEE,25,12,December,2010,7,Saturday,9,5,0,4,3,28,40.62893889,-78.99526111,30,1,0,4,0,0,1,0
421103,PENNSYLVANIA,PA,1,0,1,111,0,GRAHAM,18,12,December,2010,7,Saturday,17,3,0,3,3,153,40.27553333,-78.92178611,24,2,0,1,0,0,1,1
421104,PENNSYLVANIA,PA,1,0,4,19,0,CEDAR BLUFF,19,11,November,2010,6,Friday,23,25,0,15,3,11,40.68618056,-79.71356944,30,2,0,1,0,0,2,1
421105,PENNSYLVANIA,PA,1,0,1,91,0,DAYTON,7,12,December,2010,3,Tuesday,13,43,1,13,3,12,40.07693056,-75.12730278,30,1,0,1,0,0,1,0
421106,PENNSYLVANIA,PA,1,0,1,61,0,BELLWOOD,19,12,December,2010,1,Sunday,23,50,0,3,3,85,40.19232500,-78.11867222,1,2,0,1,0,0,1,1
421107,PENNSYLVANIA,PA,1,0,1,1,9997,AUTAUGA,30,12,December,2010,5,Thursday,1,35,0,3,3,7,39.74400556,-77.37578889,42,2,0,1,0,0,1,1
421108,PENNSYLVANIA,PA,1,0,1,33,0,CHEROKEE,26,12,December,2010,1,Sunday,7,47,1,2,2,360,41.05938056,-78.73013889,1,1,0,4,0,0,1,0
421109,PENNSYLVANIA,PA,1,0,1,79,9220,COURTLAND,21,12,December,2010,3,Tuesday,10,38,1,13,2,337,41.32783889,-75.79334722,42,1,0,1,0,0,1,0
421110,PENNSYLVANIA,PA,2,0,2,51,0,CENTRAL,22,12,December,2010,4,Wednesday,18,41,0,14,3,5,39.87678889,-79.73997222,12,3,0,1,0,0,1,1
421111,PENNSYLVANIA,PA,1,1,1,3,408,BALDWIN,6,11,November,2010,7,Saturday,2,9,1,13,3,133,40.34800000,-79.97442778,8,7,0,1,0,0,1,0
421112,PENNSYLVANIA,PA,1,0,1,15,0,ANNISTON,23,11,November,2010,3,Tuesday,8,8,0,5,3,22,41.58192222,-76.48059444,1,1,0,1,0,0,1,0
421113,PENNSYLVANIA,PA,1,1,3,3,6600,BALDWIN,19,11,November,2010,6,Friday,16,40,0,16,6,0,40.45073889,-79.98302500,8,1,0,1,0,0,1,0
421114,PENNSYLVANIA,PA,2,0,3,55,0,ATTALLA,13,11,November,2010,7,Saturday,8,1,1,2,2,42,39.91472222,-77.91056944,12,1,0,1,0,0,1,0
421115,PENNSYLVANIA,PA,2,0,1,49,2640,COLLINSVILLE,1,11,November,2010,2,Monday,18,8,1,13,3,264,42.13272222,-80.05510556,33,1,0,1,0,0,1,1
421116,PENNSYLVANIA,PA,2,0,5,101,6540,BOYLSTON,25,11,November,2010,5,Thursday,2,24,1,11,1,186,39.90916944,-75.14935000,12,3,0,1,0,0,2,2
421117,PENNSYLVANIA,PA,2,0,2,73,5800,ARGO,11,11,November,2010,5,Thursday,8,25,0,16,6,0,40.99185278,-80.34397500,12,1,0,1,0,0,1,0
421118,PENNSYLVANIA,PA,2,0,2,7,90,BIBB,7,11,November,2010,1,Sunday,21,45,0,13,3,50,40.64136667,-80.24601667,12,2,0,1,0,0,1,0
421119,PENNSYLVANIA,PA,2,0,2,11,0,BULLOCK,8,11,November,2010,2,Monday,21,44,0,14,3,84,40.31796111,-75.73129167,12,3,0,1,0,0,1,1
421120,PENNSYLVANIA,PA,2,0,2,71,0,BRIDGEPORT,22,11,November,2010,2,Monday,14,57,1,13,2,301,40.06676667,-76.30441944,12,1,0,1,0,0,1,0
421121,PENNSYLVANIA,PA,2,0,3,3,6600,BALDWIN,5,11,November,2010,6,Friday,6,5,0,16,6,0,40.44688056,-79.98912778,39,3,0,2,1,0,1,0
421122,PENNSYLVANIA,PA,1,1,1,19,0,CEDAR BLUFF,11,12,December,2010,7,Saturday,17,29,0,14,3,67,40.75923333,-80.04566667,8,2,0,1,0,0,1,0
421123,PENNSYLVANIA,PA,2,0,3,3,6600,BALDWIN,26,11,November,2010,6,Friday,11,5,1,13,2,103,40.44424444,-80.02822500,12,1,0,1,0,0,1,1
421124,PENNSYLVANIA,PA,1,0,1,77,0,ANDERSON,14,12,December,2010,3,Tuesday,8,5,1,12,2,31,40.60755278,-75.53868889,35,1,0,1,0,0,1,0
421125,PENNSYLVANIA,PA,2,0,6,3,3950,BALDWIN,13,11,November,2010,7,Saturday,13,40,1,13,3,77,40.29070278,-79.91345556,12,1,0,1,0,0,1,0
421126,PENNSYLVANIA,PA,1,1,1,17,0,CHAMBERS,6,12,December,2010,2,Monday,20,32,1,13,3,139,40.09840833,-74.94700556,8,3,0,1,0,0,1,0
421127,PENNSYLVANIA,PA,2,0,3,55,3343,ATTALLA,28,11,November,2010,1,Sunday,18,36,0,4,3,179,39.94852500,-77.56147778,12,3,0,1,0,0,1,1
421128,PENNSYLVANIA,PA,2,0,5,69,7460,ASHFORD,21,11,November,2010,1,Sunday,14,0,0,13,3,6,41.38150278,-75.69877778,12,1,0,1,0,0,1,0
421129,PENNSYLVANIA,PA,2,0,2,15,0,ANNISTON,29,12,December,2010,4,Wednesday,6,47,0,3,2,68,41.63791389,-76.43873611,12,2,0,1,0,0,1,0
421130,PENNSYLVANIA,PA,1,0,1,81,0,AUBURN,30,12,December,2010,5,Thursday,23,30,0,6,5,0,41.23698333,-76.61243333,1,6,0,1,0,0,1,1
421131,PENNSYLVANIA,PA,1,0,1,129,0,BIGBEE,11,12,December,2010,7,Saturday,3,21,0,14,3,64,40.18259167,-79.84823333,42,3,0,1,0,0,1,1
421132,PENNSYLVANIA,PA,1,0,2,129,0,BIGBEE,13,12,December,2010,2,Monday,10,29,0,14,3,128,40.23576944,-79.55160000,42,1,0,4,0,0,1,0
421133,PENNSYLVANIA,PA,2,0,2,17,0,CHAMBERS,4,12,December,2010,7,Saturday,12,26,0,13,3,30,40.15256667,-74.94191944,12,1,0,1,0,0,1,0
421134,PENNSYLVANIA,PA,1,0,1,17,0,CHAMBERS,24,12,December,2010,6,Friday,17,56,0,14,3,64,40.39666944,-75.27238611,42,2,0,1,0,0,1,1
421135,PENNSYLVANIA,PA,1,1,1,17,0,CHAMBERS,4,12,December,2010,7,Saturday,1,23,0,13,3,20,40.14150278,-74.87416944,8,3,0,1,0,0,1,1
421136,PENNSYLVANIA,PA,1,0,1,71,0,BRIDGEPORT,28,12,December,2010,3,Tuesday,21,6,0,14,3,4,40.16165278,-76.63661667,42,2,0,1,0,0,1,1
421137,PENNSYLVANIA,PA,1,0,1,23,0,BLADON SPRINGS,4,12,December,2010,7,Saturday,15,25,0,3,3,131,41.49301944,-78.20075278,34,1,0,1,0,0,1,1
421138,PENNSYLVANIA,PA,1,0,2,15,0,ANNISTON,25,12,December,2010,7,Saturday,14,40,0,6,5,0,41.92932500,-76.78915556,35,1,0,4,0,0,1,0
421139,PENNSYLVANIA,PA,1,0,3,71,0,BRIDGEPORT,18,12,December,2010,7,Saturday,0,17,0,6,5,0,40.06072778,-76.10399444,31,2,0,1,0,0,2,1
421140,PENNSYLVANIA,PA,1,0,1,69,7460,ASHFORD,1,12,December,2010,4,Wednesday,14,10,0,16,6,0,41.44083056,-75.64689722,30,1,0,2,0,0,1,0
421141,PENNSYLVANIA,PA,1,0,3,127,0,BURNWELL,12,12,December,2010,1,Sunday,1,30,0,5,3,61,41.53963611,-75.30128611,42,2,0,2,0,0,1,0
421142,PENNSYLVANIA,PA,1,0,1,115,0,ASHVILLE,18,12,December,2010,7,Saturday,21,0,0,6,5,0,41.65123889,-76.00998333,1,2,0,1,0,0,1,0
421143,PENNSYLVANIA,PA,1,0,1,1,0,AUTAUGA,24,12,December,2010,6,Friday,13,32,0,5,3,36,39.89833611,-77.20987222,24,1,0,1,0,0,1,1
421144,PENNSYLVANIA,PA,2,0,1,101,6540,BOYLSTON,30,12,December,2010,5,Thursday,1,33,0,13,3,1,40.01945833,-75.04999444,12,3,0,8,0,0,1,1
421145,PENNSYLVANIA,PA,1,1,3,11,0,BULLOCK,29,12,December,2010,4,Wednesday,17,20,1,13,2,18,40.38058889,-76.22745556,8,2,0,1,0,0,1,0
421146,PENNSYLVANIA,PA,2,0,2,41,7680,BRANTLEY,15,12,December,2010,4,Wednesday,15,21,0,14,3,39,40.22415833,-76.95021667,12,1,0,1,0,0,1,0
421147,PENNSYLVANIA,PA,2,0,4,3,6600,BALDWIN,4,12,December,2010,7,Saturday,22,23,1,13,3,200,40.42251111,-79.96018056,12,3,0,1,0,0,1,1
421148,PENNSYLVANIA,PA,1,0,1,81,0,AUBURN,31,12,December,2010,6,Friday,21,21,0,14,3,51,41.33469722,-77.08699444,24,2,0,1,0,0,1,1
421149,PENNSYLVANIA,PA,1,0,1,3,5413,BALDWIN,11,12,December,2010,7,Saturday,16,51,0,16,6,0,40.44669722,-79.77784722,1,5,0,1,0,0,1,0
421150,PENNSYLVANIA,PA,1,1,1,17,0,CHAMBERS,16,12,December,2010,5,Thursday,8,54,0,6,5,0,40.41536389,-75.36724444,8,1,0,1,0,0,1,0
421151,PENNSYLVANIA,PA,1,0,3,83,0,ARDMORE,17,12,December,2010,6,Friday,17,20,0,4,3,79,41.80032500,-78.27567500,38,2,0,1,0,0,1,0
421152,PENNSYLVANIA,PA,1,0,1,33,0,CHEROKEE,27,12,December,2010,2,Monday,23,27,0,3,3,330,40.97666944,-78.19746389,35,2,0,1,0,0,1,0
421153,PENNSYLVANIA,PA,2,0,3,5,6020,BAKER HILL,21,12,December,2010,3,Tuesday,13,12,0,14,3,13,40.59742222,-79.55714444,12,1,0,1,0,0,1,0
421154,PENNSYLVANIA,PA,1,0,1,11,0,BULLOCK,23,12,December,2010,5,Thursday,1,51,0,6,5,0,40.25041389,-75.72039167,1,2,0,1,0,0,1,1
421155,PENNSYLVANIA,PA,1,1,1,89,2330,BROWNSBORO,29,12,December,2010,4,Wednesday,15,3,0,14,3,20,41.01575000,-75.18286667,8,1,0,1,0,0,1,0
421156,PENNSYLVANIA,PA,1,0,3,71,0,BRIDGEPORT,30,12,December,2010,5,Thursday,16,56,0,6,5,0,40.09078611,-76.37395833,35,5,0,1,0,0,1,1
421157,PENNSYLVANIA,PA,2,0,2,91,0,DAYTON,19,12,December,2010,1,Sunday,0,2,0,14,3,41,40.13252222,-75.15270833,12,2,0,1,0,0,1,1
421158,PENNSYLVANIA,PA,1,0,5,55,1230,ATTALLA,19,12,December,2010,1,Sunday,2,8,0,13,3,161,39.92140278,-77.65940278,33,3,0,1,0,0,4,1
421159,PENNSYLVANIA,PA,2,0,3,3,2250,BALDWIN,22,12,December,2010,4,Wednesday,7,32,0,16,4,0,40.38737222,-79.79923056,12,4,0,1,0,0,1,0
421160,PENNSYLVANIA,PA,2,0,2,3,0,BALDWIN,18,12,December,2010,7,Saturday,11,35,0,14,3,5,40.54728333,-79.81904167,12,1,0,1,0,0,1,0
421161,PENNSYLVANIA,PA,1,0,1,11,0,BULLOCK,23,12,December,2010,5,Thursday,20,27,0,6,5,0,40.30753889,-75.98879167,33,3,0,1,0,0,1,1
421162,PENNSYLVANIA,PA,2,0,2,125,1040,BROOKWOOD,8,12,December,2010,4,Wednesday,11,43,0,14,3,102,40.05022500,-79.89641944,12,1,0,1,0,0,1,0
421163,PENNSYLVANIA,PA,2,0,2,17,0,CHAMBERS,1,12,December,2010,4,Wednesday,13,0,0,13,3,51,40.17341111,-74.83235833,12,1,0,2,0,0,1,0
421164,PENNSYLVANIA,PA,2,0,2,51,0,CENTRAL,6,12,December,2010,2,Monday,15,47,0,2,2,330,39.76078333,-79.44908333,12,1,0,4,0,0,1,0
421165,PENNSYLVANIA,PA,2,0,3,15,0,ANNISTON,30,12,December,2010,5,Thursday,5,5,1,2,2,142,41.76693889,-76.65075556,12,2,0,1,0,0,2,0
421166,PENNSYLVANIA,PA,2,0,2,129,0,BIGBEE,12,12,December,2010,1,Sunday,9,35,1,2,2,185,40.41708611,-79.37052778,12,1,0,2,0,0,1,0
421167,PENNSYLVANIA,PA,2,0,5,31,0,COFFEE,25,12,December,2010,7,Saturday,10,8,0,3,3,23,41.35638056,-79.43794167,12,1,0,4,0,0,1,0
421168,PENNSYLVANIA,PA,2,0,2,27,0,ASHLAND,13,12,December,2010,2,Monday,11,55,1,1,1,635,40.81226389,-78.03053333,34,1,0,1,0,0,1,0
421169,PENNSYLVANIA,PA,2,0,2,17,0,CHAMBERS,23,12,December,2010,5,Thursday,12,44,0,14,3,99999,99.99990000,999.99990000,12,1,0,1,0,0,1,0
421170,PENNSYLVANIA,PA,2,0,5,13,0,BOLLING,12,12,December,2010,1,Sunday,11,20,0,13,3,92,40.58776667,-78.32475556,12,1,5,2,0,0,4,0
421171,PENNSYLVANIA,PA,2,0,2,77,0,ANDERSON,9,12,December,2010,5,Thursday,7,22,0,13,3,26,40.70601944,-75.61968889,12,1,0,1,0,0,1,0
421172,PENNSYLVANIA,PA,2,0,2,41,0,BRANTLEY,16,12,December,2010,5,Thursday,13,1,0,4,3,51,40.11333056,-77.53922222,12,1,0,4,0,0,1,0
421173,PENNSYLVANIA,PA,2,0,2,95,0,ALBERTVILLE,6,12,December,2010,2,Monday,9,1,1,11,1,711,40.63565833,-75.27606667,12,1,0,1,0,0,1,0
421174,PENNSYLVANIA,PA,2,0,3,45,5120,ARITON,18,12,December,2010,7,Saturday,15,30,1,13,2,90,39.91323056,-75.43672222,12,1,0,1,0,0,1,0
421175,PENNSYLVANIA,PA,2,0,2,133,0,ARLEY,7,12,December,2010,3,Tuesday,9,22,1,12,2,117,39.95107500,-76.79133889,12,1,0,1,0,0,1,0
421176,PENNSYLVANIA,PA,2,0,2,133,0,ARLEY,16,12,December,2010,5,Thursday,18,23,0,15,3,17,39.91841111,-76.62220000,11,2,0,4,0,0,1,0
421177,PENNSYLVANIA,PA,1,0,1,125,0,BROOKWOOD,18,12,December,2010,7,Saturday,3,20,0,5,3,4,40.23056111,-80.00434444,35,2,0,1,0,0,1,1
421178,PENNSYLVANIA,PA,1,0,1,3,7455,BALDWIN,20,12,December,2010,2,Monday,8,46,1,11,1,657,40.41067778,-80.07050833,35,1,0,4,0,0,1,0
421179,PENNSYLVANIA,PA,1,0,1,49,0,COLLINSVILLE,16,12,December,2010,5,Thursday,5,0,0,6,5,0,42.24601944,-79.78037500,42,2,0,1,0,0,1,0
421180,PENNSYLVANIA,PA,1,0,1,19,0,CEDAR BLUFF,5,12,December,2010,1,Sunday,1,5,1,2,3,374,41.16503889,-79.99376389,43,2,0,4,0,0,1,1
421181,PENNSYLVANIA,PA,1,0,2,51,0,CENTRAL,21,12,December,2010,3,Tuesday,12,25,0,3,3,32,40.01788333,-79.54390278,39,1,0,1,0,0,1,0
421182,PENNSYLVANIA,PA,1,0,3,17,0,CHAMBERS,26,12,December,2010,1,Sunday,13,42,1,11,1,505,40.25407500,-74.85704722,42,1,0,4,0,0,1,0
421183,PENNSYLVANIA,PA,1,0,2,29,8865,BORDEN SPRINGS,30,12,December,2010,5,Thursday,15,23,0,3,3,43,40.16306944,-75.76140833,38,1,0,1,0,0,1,0
421184,PENNSYLVANIA,PA,1,0,1,3,5465,BALDWIN,5,12,December,2010,1,Sunday,21,57,0,6,4,0,40.54291667,-80.25590556,30,3,0,4,0,0,1,0
421185,PENNSYLVANIA,PA,1,0,1,91,0,DAYTON,5,12,December,2010,1,Sunday,3,6,0,13,3,4,40.13910278,-75.50259722,33,3,0,1,0,0,1,1
421186,PENNSYLVANIA,PA,1,1,1,133,3470,ARLEY,22,12,December,2010,4,Wednesday,8,0,0,13,3,10,39.80047778,-76.98325278,8,1,0,1,0,0,1,0
421187,PENNSYLVANIA,PA,2,0,2,129,0,BIGBEE,22,12,December,2010,4,Wednesday,11,30,0,14,3,57,40.34820000,-79.28550000,12,1,0,1,0,0,1,1
421188,PENNSYLVANIA,PA,2,0,2,19,0,CEDAR BLUFF,10,12,December,2010,6,Friday,10,35,1,1,1,429,41.17090556,-79.72137778,24,1,0,4,0,0,1,0
421189,PENNSYLVANIA,PA,2,0,2,79,0,COURTLAND,22,12,December,2010,4,Wednesday,1,39,0,3,3,30,40.93739722,-76.04118056,12,2,0,1,0,0,1,0
421190,PENNSYLVANIA,PA,2,0,4,111,0,GRAHAM,28,12,December,2010,3,Tuesday,8,45,1,1,1,1214,39.97002500,-78.88181389,12,1,0,1,0,0,1,0
421191,PENNSYLVANIA,PA,2,0,1,19,0,CEDAR BLUFF,20,12,December,2010,2,Monday,9,7,1,1,1,982,40.95108889,-80.14320278,14,1,0,4,0,0,1,0
421192,PENNSYLVANIA,PA,2,0,4,89,0,BROWNSBORO,1,12,December,2010,4,Wednesday,19,37,0,6,3,6,40.86508333,-75.30622500,12,2,0,1,0,0,1,0
421193,PENNSYLVANIA,PA,2,0,2,5,0,BAKER HILL,8,12,December,2010,4,Wednesday,14,49,0,3,3,152,40.62972500,-79.36230556,12,1,0,1,0,0,1,0
421194,PENNSYLVANIA,PA,1,1,1,45,0,ARITON,30,12,December,2010,5,Thursday,22,25,1,13,2,147,39.94157222,-75.25364722,9,3,0,1,0,0,1,1
421195,PENNSYLVANIA,PA,1,1,1,129,3930,BIGBEE,29,12,December,2010,4,Wednesday,20,12,0,16,6,0,40.32838056,-79.61523889,8,3,0,1,0,0,1,0
421196,PENNSYLVANIA,PA,1,0,1,73,9997,ARGO,12,12,December,2010,1,Sunday,19,0,0,4,3,9,40.86390556,-80.40008056,38,2,0,4,0,0,1,1
421197,PENNSYLVANIA,PA,1,0,3,101,6540,BOYLSTON,19,12,December,2010,1,Sunday,0,3,0,16,6,0,40.01571667,-75.19778889,42,3,0,1,0,0,2,0
421198,PENNSYLVANIA,PA,1,1,2,101,6540,BOYLSTON,8,12,December,2010,4,Wednesday,17,7,1,13,3,6,40.05811944,-75.07806667,8,3,0,1,0,0,1,0
421199,PENNSYLVANIA,PA,1,1,1,101,6540,BOYLSTON,8,12,December,2010,4,Wednesday,0,36,1,13,2,31,40.03018333,-75.08830833,8,3,0,1,0,0,1,1
421200,PENNSYLVANIA,PA,1,1,1,101,6540,BOYLSTON,8,12,December,2010,4,Wednesday,11,4,0,16,6,0,40.01507222,-75.06296111,8,1,0,1,0,0,1,0
421201,PENNSYLVANIA,PA,1,1,1,101,6540,BOYLSTON,11,12,December,2010,7,Saturday,22,32,0,16,6,0,39.93594444,-75.15689167,8,3,0,2,0,0,1,0
421202,PENNSYLVANIA,PA,2,0,3,21,3150,CHILTON,21,12,December,2010,3,Tuesday,22,23,0,13,3,33,40.29764444,-78.87826667,12,3,0,1,0,0,1,0
421203,PENNSYLVANIA,PA,2,0,2,71,0,BRIDGEPORT,29,12,December,2010,4,Wednesday,7,20,1,12,3,166,40.07963333,-76.34470833,12,4,0,1,0,0,1,0
421204,PENNSYLVANIA,PA,2,0,3,71,0,BRIDGEPORT,13,12,December,2010,2,Monday,17,21,0,3,3,139,40.15945278,-76.35207222,12,2,0,1,0,0,1,0
421205,PENNSYLVANIA,PA,2,0,2,37,0,BRADFORD,17,12,December,2010,6,Friday,6,35,0,3,3,15,40.90292500,-76.50967500,12,1,0,1,0,0,1,0
421206,PENNSYLVANIA,PA,2,1,1,45,0,ARITON,5,12,December,2010,1,Sunday,18,36,1,13,2,3,40.04422778,-75.39943889,8,3,0,1,0,0,1,0
421207,PENNSYLVANIA,PA,2,0,3,35,4550,BROOKLYN,4,12,December,2010,7,Saturday,11,26,0,14,3,489,41.13326667,-77.44306111,12,1,0,4,0,0,1,0
421208,PENNSYLVANIA,PA,2,0,2,27,0,ASHLAND,9,12,December,2010,5,Thursday,9,30,0,15,3,97,40.82829722,-77.96625833,12,1,0,1,0,0,1,0
421209,PENNSYLVANIA,PA,2,0,2,133,0,ARLEY,15,12,December,2010,4,Wednesday,19,23,1,2,2,19,40.06212500,-77.06473056,12,2,0,1,0,0,2,1
421210,PENNSYLVANIA,PA,2,0,3,103,0,DANVILLE,30,12,December,2010,5,Thursday,10,57,0,4,3,5,41.22298611,-74.87084167,12,1,0,1,0,0,1,0
421211,PENNSYLVANIA,PA,2,0,3,133,0,ARLEY,2,12,December,2010,5,Thursday,16,4,1,2,2,51,39.92091389,-76.89684722,12,1,0,1,0,0,2,0
440003,RHODE ISLAND,RI,1,2,1,7,50,BIBB,9,1,January,2010,7,Saturday,1,31,0,12,3,0,41.78956944,-71.43683889,8,3,0,1,0,0,1,0
440004,RHODE ISLAND,RI,3,0,3,3,48,BALDWIN,10,1,January,2010,1,Sunday,7,56,0,13,3,0,41.69545000,-71.53690278,12,1,0,1,0,0,1,1
440005,RHODE ISLAND,RI,1,0,1,9,54,BLOUNT,10,2,February,2010,4,Wednesday,7,4,1,1,1,99999,41.57857500,-71.66056667,42,1,0,10,0,0,1,0
440006,RHODE ISLAND,RI,2,0,4,9,84,BLOUNT,10,2,February,2010,4,Wednesday,10,25,0,2,3,0,41.52400278,-71.73814722,12,1,5,4,0,0,1,0
440007,RHODE ISLAND,RI,1,1,1,7,47,BIBB,4,3,March,2010,5,Thursday,18,0,0,13,3,0,41.90265278,-71.39162778,8,3,0,3,0,0,1,0
440008,RHODE ISLAND,RI,1,2,2,7,190,BIBB,12,2,February,2010,6,Friday,1,43,0,16,6,0,41.83371944,-71.40133056,8,3,0,1,0,0,1,1
440009,RHODE ISLAND,RI,1,0,1,7,159,BIBB,25,2,February,2010,5,Thursday,19,45,1,12,3,0,41.97517222,-71.53087778,42,5,0,4,0,0,1,0
440010,RHODE ISLAND,RI,1,0,1,3,239,BALDWIN,25,2,February,2010,5,Thursday,21,9,0,16,6,0,41.65952778,-71.58212778,42,2,0,4,0,0,1,1
440011,RHODE ISLAND,RI,2,0,3,7,190,BIBB,8,3,March,2010,2,Monday,10,49,0,13,3,0,41.80825278,-71.40375000,12,1,0,1,0,0,1,0
440012,RHODE ISLAND,RI,1,0,1,3,230,BALDWIN,9,3,March,2010,3,Tuesday,23,41,0,13,3,0,41.72731944,-71.45653611,25,3,0,1,0,0,1,1
440013,RHODE ISLAND,RI,1,0,2,7,59,BIBB,19,3,March,2010,6,Friday,0,48,0,6,6,0,41.75062500,-71.68277500,42,2,0,1,0,0,1,1
440014,RHODE ISLAND,RI,1,1,1,7,190,BIBB,23,3,March,2010,3,Tuesday,6,30,0,14,6,0,41.80707778,-71.43571389,9,4,0,4,0,0,1,0
440015,RHODE ISLAND,RI,3,1,3,7,190,BIBB,3,4,April,2010,7,Saturday,2,35,1,11,1,0,41.83005000,-71.41817222,8,3,0,1,0,0,1,0
440016,RHODE ISLAND,RI,1,0,1,7,59,BIBB,5,4,April,2010,2,Monday,15,37,0,6,6,0,41.82889722,-71.78295000,17,1,0,1,0,0,1,1
440017,RHODE ISLAND,RI,1,0,1,7,206,BIBB,7,4,April,2010,4,Wednesday,21,50,0,14,3,0,41.89880278,-71.52644722,1,2,0,1,0,0,1,1
440018,RHODE ISLAND,RI,1,0,1,7,112,BIBB,10,4,April,2010,7,Saturday,6,3,0,2,3,0,41.89601111,-71.44425556,42,2,0,10,0,0,1,0
440019,RHODE ISLAND,RI,3,0,5,7,32,BIBB,2,1,January,2010,7,Saturday,15,2,0,13,3,0,41.98233611,-71.61403611,12,1,0,4,0,0,1,0
440020,RHODE ISLAND,RI,1,0,1,3,239,BALDWIN,14,3,March,2010,1,Sunday,1,46,0,4,3,0,41.60523889,-71.64115833,30,2,0,2,0,0,1,1
440021,RHODE ISLAND,RI,1,0,2,7,190,BIBB,18,4,April,2010,1,Sunday,2,5,1,11,1,0,41.81381944,-71.40473889,18,3,0,1,0,0,1,0
440022,RHODE ISLAND,RI,1,1,1,1,225,AUTAUGA,29,4,April,2010,5,Thursday,17,56,0,13,3,0,41.72935000,-71.28230000,8,1,0,1,0,0,1,0
440023,RHODE ISLAND,RI,1,0,1,9,155,BLOUNT,5,5,May,2010,4,Wednesday,11,28,0,16,6,0,41.52467500,-71.44301944,42,1,0,1,0,0,1,0