ST_CASE,State Name,State Abbreviation,VE_TOTAL,Pedestrains,Total_Persons_in_accident,COUNTY,CITY,City_County_Name,Calendar_DAY,MONTH,Month_Name,YEAR,DAY_WEEK,Day_Week_desc,HOUR,MINUTE,NHS_Desc,trafficway,ROUTE,MILEPT,LATITUDE,LONGITUD,First_Crash_event,Light_cond_desc,Weather_condition,WEATHER,SCH_BUS,Crash_cause,FATALS,DRUNK_DR
440024,RHODE ISLAND,RI,2,0,3,7,59,BIBB,28,1,January,2010,5,Thursday,18,20,1,2,2,0,41.81325000,-71.74792778,12,2,0,11,0,0,1,0
440025,RHODE ISLAND,RI,2,0,3,9,45,BLOUNT,16,5,May,2010,1,Sunday,20,13,1,2,2,0,41.35543611,-71.71052500,12,5,0,1,0,0,1,0
440026,RHODE ISLAND,RI,1,0,1,7,206,BIBB,23,5,May,2010,1,Sunday,19,44,1,11,1,0,41.88413056,-71.51781944,24,1,0,1,0,0,1,1
440027,RHODE ISLAND,RI,1,0,1,7,62,BIBB,30,5,May,2010,1,Sunday,15,17,0,3,3,0,41.88937222,-71.60047500,24,1,0,1,0,0,1,0
440028,RHODE ISLAND,RI,1,0,2,9,54,BLOUNT,4,6,June,2010,6,Friday,17,51,1,11,1,0,41.57800833,-71.66060000,24,1,0,1,0,0,1,0
440030,RHODE ISLAND,RI,1,0,1,7,159,BIBB,28,5,May,2010,6,Friday,5,40,0,13,3,0,41.95315556,-71.57316944,24,1,0,1,0,0,1,1
440031,RHODE ISLAND,RI,1,0,1,7,32,BIBB,6,6,June,2010,1,Sunday,13,7,0,14,3,0,41.95749444,-71.70518889,33,1,0,1,0,0,1,0
440032,RHODE ISLAND,RI,1,0,2,7,62,BIBB,18,6,June,2010,6,Friday,1,28,0,3,2,0,41.89275833,-71.60725556,42,2,0,1,0,0,2,0
440033,RHODE ISLAND,RI,1,0,1,7,190,BIBB,23,6,June,2010,4,Wednesday,21,17,1,11,1,0,41.79981667,-71.40245278,25,3,0,1,0,0,1,1
440034,RHODE ISLAND,RI,1,0,1,7,180,BIBB,19,6,June,2010,7,Saturday,1,22,1,11,1,0,41.87394722,-71.38166111,25,3,0,1,0,0,1,1
440035,RHODE ISLAND,RI,1,0,1,3,230,BALDWIN,27,6,June,2010,1,Sunday,16,30,0,12,3,0,41.74589167,-71.44298611,33,9,0,1,0,99,1,1
440036,RHODE ISLAND,RI,1,1,1,9,240,BLOUNT,1,7,July,2010,5,Thursday,13,45,0,14,3,0,41.31933333,-71.84801111,33,1,0,1,0,0,1,0
440037,RHODE ISLAND,RI,1,0,2,7,190,BIBB,2,7,July,2010,6,Friday,21,50,0,16,6,0,41.83154444,-71.41284444,6,3,0,1,0,0,1,0
440038,RHODE ISLAND,RI,1,1,1,7,190,BIBB,3,7,July,2010,7,Saturday,23,15,0,16,6,0,41.82015833,-71.44691389,8,3,0,1,0,0,1,0
440039,RHODE ISLAND,RI,1,0,2,7,206,BIBB,3,7,July,2010,7,Saturday,16,43,0,14,3,0,41.89929167,-71.52713333,1,1,0,1,0,0,1,1
440040,RHODE ISLAND,RI,1,0,1,3,245,BALDWIN,4,7,July,2010,1,Sunday,3,9,0,16,6,0,41.72591111,-71.49481667,33,3,0,1,0,0,1,1
440041,RHODE ISLAND,RI,2,0,3,7,202,BIBB,8,7,July,2010,5,Thursday,10,19,1,13,2,0,41.83546111,-71.57435833,12,1,0,1,0,0,1,0
440042,RHODE ISLAND,RI,1,0,5,9,194,BLOUNT,12,7,July,2010,2,Monday,9,40,1,11,1,100,41.57012222,-71.66244444,1,1,0,1,0,0,1,0
440043,RHODE ISLAND,RI,1,0,1,9,84,BLOUNT,31,7,July,2010,7,Saturday,22,48,0,14,3,0,41.42184444,-71.78870278,33,3,0,1,0,0,1,1
440044,RHODE ISLAND,RI,2,0,2,7,202,BIBB,13,8,August,2010,6,Friday,17,2,0,4,3,0,41.75261667,-71.61678333,12,1,0,1,0,0,1,0
440045,RHODE ISLAND,RI,2,0,5,7,32,BIBB,8,8,August,2010,1,Sunday,11,1,1,13,3,0,41.97480000,-71.63090278,12,1,0,1,0,0,1,0
440046,RHODE ISLAND,RI,3,0,8,3,230,BALDWIN,17,8,August,2010,3,Tuesday,1,54,1,11,1,0,41.71751111,-71.47038889,12,3,0,1,0,0,1,1
440047,RHODE ISLAND,RI,2,0,4,7,190,BIBB,20,8,August,2010,6,Friday,1,45,1,11,1,0,41.83840278,-71.41208889,12,3,0,1,0,0,1,2
440048,RHODE ISLAND,RI,1,0,1,7,202,BIBB,23,10,October,2010,7,Saturday,16,47,0,4,3,0,41.74544444,-71.61489444,24,1,0,1,0,0,1,1
440049,RHODE ISLAND,RI,1,0,1,1,225,AUTAUGA,16,6,June,2010,4,Wednesday,11,10,0,16,6,0,41.72116944,-71.28131389,5,1,0,1,0,0,1,0
440050,RHODE ISLAND,RI,1,0,1,7,62,BIBB,28,9,September,2010,3,Tuesday,22,47,0,4,6,0,41.86866667,-71.71033889,24,6,0,2,0,0,1,1
440051,RHODE ISLAND,RI,1,0,1,7,105,BIBB,26,10,October,2010,3,Tuesday,22,24,1,12,2,0,41.81891944,-71.50383056,24,3,0,2,0,0,1,0
440052,RHODE ISLAND,RI,1,1,1,7,190,BIBB,15,9,September,2010,4,Wednesday,7,27,0,16,6,0,41.81679167,-71.44284722,8,1,0,1,0,0,1,0
440053,RHODE ISLAND,RI,2,0,3,7,180,BIBB,19,9,September,2010,1,Sunday,0,0,0,13,3,0,41.87045556,-71.41782778,12,3,0,1,0,0,1,1
440054,RHODE ISLAND,RI,3,0,7,7,190,BIBB,25,9,September,2010,7,Saturday,15,0,0,12,3,0,41.81181944,-71.44065833,12,1,0,1,0,0,1,0
440055,RHODE ISLAND,RI,1,0,1,7,206,BIBB,30,9,September,2010,5,Thursday,22,21,0,14,3,0,41.91436667,-71.54623056,30,3,0,10,0,0,1,1
440056,RHODE ISLAND,RI,1,0,1,7,260,BIBB,2,10,October,2010,7,Saturday,11,55,0,13,3,0,42.01588611,-71.49962500,33,1,0,1,0,0,1,0
440057,RHODE ISLAND,RI,1,0,4,7,180,BIBB,3,10,October,2010,1,Sunday,16,30,0,16,6,0,41.87774167,-71.39495278,33,1,0,1,0,0,2,1
440058,RHODE ISLAND,RI,2,0,3,3,230,BALDWIN,7,10,October,2010,5,Thursday,12,42,0,13,2,0,41.75535556,-71.42392222,12,1,10,2,0,0,1,1
440059,RHODE ISLAND,RI,1,1,1,7,156,BIBB,27,10,October,2010,4,Wednesday,6,53,0,16,6,0,41.85780000,-71.45512222,15,4,0,2,0,0,1,0
440060,RHODE ISLAND,RI,2,0,6,5,212,BAKER HILL,3,10,October,2010,1,Sunday,14,54,0,14,3,0,41.60318611,-71.19387500,12,1,0,1,0,0,1,0
440061,RHODE ISLAND,RI,1,0,1,9,137,BLOUNT,10,10,October,2010,1,Sunday,1,48,1,12,2,0,41.42754167,-71.50400278,1,3,0,1,0,0,1,1
440062,RHODE ISLAND,RI,1,1,1,7,159,BIBB,3,11,November,2010,4,Wednesday,19,0,0,13,3,0,42.00651111,-71.58468333,9,3,0,1,0,0,1,0
440063,RHODE ISLAND,RI,1,0,1,7,59,BIBB,11,12,December,2010,7,Saturday,2,19,0,2,3,0,41.76036389,-71.70802222,42,2,0,10,0,0,1,1
440064,RHODE ISLAND,RI,1,0,1,7,190,BIBB,7,11,November,2010,1,Sunday,1,2,0,16,6,0,41.84721944,-71.44561667,33,3,0,1,0,0,1,1
440065,RHODE ISLAND,RI,1,0,1,9,155,BLOUNT,8,11,November,2010,2,Monday,20,44,1,13,2,0,41.57290833,-71.46211667,17,3,0,2,0,0,1,1
440066,RHODE ISLAND,RI,2,1,1,7,190,BIBB,17,12,December,2010,6,Friday,1,5,1,11,1,0,41.81303611,-71.40598333,12,3,0,1,0,0,1,0
440067,RHODE ISLAND,RI,3,0,4,1,30,AUTAUGA,20,12,December,2010,2,Monday,14,48,0,13,3,0,41.66435278,-71.25719444,12,1,0,1,0,0,1,1
440068,RHODE ISLAND,RI,1,0,1,9,240,BLOUNT,30,11,November,2010,3,Tuesday,13,28,0,14,3,0,41.37254444,-71.83086111,19,1,0,1,0,0,1,0
450001,SOUTH CAROLINA,SC,1,0,1,43,0,BAILEYTON,2,1,January,2010,7,Saturday,17,15,0,5,4,30,33.36566111,-79.50003056,42,2,0,1,0,0,1,0
450002,SOUTH CAROLINA,SC,3,0,1,25,0,BARLOW BEND,2,1,January,2010,7,Saturday,21,3,0,9,4,13,34.79301389,-80.41451389,43,1,0,1,0,0,1,1
450003,SOUTH CAROLINA,SC,1,0,3,85,0,BENTON,3,1,January,2010,1,Sunday,10,50,0,4,3,17,34.09588611,-80.57707778,1,1,0,1,0,0,1,0
450004,SOUTH CAROLINA,SC,1,0,1,91,0,DAYTON,4,1,January,2010,2,Monday,4,0,0,5,4,99999,34.83867500,-80.93765278,34,2,0,1,0,0,1,0
450005,SOUTH CAROLINA,SC,2,0,2,15,0,ANNISTON,4,1,January,2010,2,Monday,16,45,1,2,2,99999,33.24073333,-79.94077222,12,1,0,1,0,0,1,0
450006,SOUTH CAROLINA,SC,2,0,4,83,0,ARDMORE,4,1,January,2010,2,Monday,16,38,0,4,3,34,34.81232222,-81.84007778,12,1,0,1,0,0,1,0
450007,SOUTH CAROLINA,SC,1,0,1,19,85,CEDAR BLUFF,4,1,January,2010,2,Monday,16,15,1,13,2,451,32.89342500,-79.73765278,1,1,0,1,0,0,1,1
450008,SOUTH CAROLINA,SC,1,0,1,83,0,ARDMORE,5,1,January,2010,3,Tuesday,22,49,0,5,4,99999,34.94051389,-81.97380000,34,3,0,1,0,0,1,0
450009,SOUTH CAROLINA,SC,1,1,4,15,0,ANNISTON,6,1,January,2010,4,Wednesday,17,50,1,2,2,350,33.43652778,-79.97900833,8,2,0,1,0,0,1,0
450010,SOUTH CAROLINA,SC,1,1,1,25,0,BARLOW BEND,7,1,January,2010,5,Thursday,17,5,1,2,2,129,34.52353056,-80.15457500,9,1,0,1,0,0,1,0
450011,SOUTH CAROLINA,SC,1,0,2,57,0,BANKSTON,7,1,January,2010,5,Thursday,23,0,0,3,3,182,34.62642778,-80.50540833,1,2,0,2,0,0,1,0
450012,SOUTH CAROLINA,SC,1,0,1,45,0,ARITON,7,1,January,2010,5,Thursday,20,0,0,9,4,55,35.15851111,-82.48380556,35,2,0,5,0,0,1,1
450013,SOUTH CAROLINA,SC,1,0,2,41,0,BRANTLEY,7,1,January,2010,5,Thursday,10,35,0,9,4,17,34.01311111,-79.60260000,1,1,0,1,0,0,2,0
450014,SOUTH CAROLINA,SC,3,0,4,63,0,BOLIGEE,7,1,January,2010,5,Thursday,7,45,0,14,4,90,33.86774444,-81.13235833,12,1,0,1,0,0,1,0
450015,SOUTH CAROLINA,SC,1,0,1,77,0,ANDERSON,8,1,January,2010,6,Friday,3,0,0,14,3,159,34.80626389,-82.66405000,1,2,0,10,0,0,1,0
450016,SOUTH CAROLINA,SC,1,0,1,63,0,BOLIGEE,9,1,January,2010,7,Saturday,18,35,0,9,4,16,33.95592778,-81.30895556,42,6,0,1,0,0,1,0
450017,SOUTH CAROLINA,SC,1,1,1,85,0,BENTON,9,1,January,2010,7,Saturday,15,38,0,14,3,51,33.94271944,-80.48965833,9,1,0,1,0,0,1,0
450018,SOUTH CAROLINA,SC,1,0,1,79,0,COURTLAND,9,1,January,2010,7,Saturday,1,40,0,15,4,17,33.96208333,-80.88413611,53,2,0,1,0,0,1,1
450019,SOUTH CAROLINA,SC,1,0,2,91,0,DAYTON,9,1,January,2010,7,Saturday,2,54,0,4,4,99999,35.07303333,-81.15437500,42,2,0,1,0,0,2,1
450020,SOUTH CAROLINA,SC,3,1,2,73,0,ARGO,11,1,January,2010,2,Monday,15,49,1,1,1,23,34.50585000,-82.96510278,14,1,0,1,0,0,1,0
450021,SOUTH CAROLINA,SC,2,0,3,63,0,BOLIGEE,11,1,January,2010,2,Monday,18,55,0,14,3,19,33.91102778,-81.19308333,12,2,0,1,0,0,1,1
450022,SOUTH CAROLINA,SC,1,0,1,41,0,BRANTLEY,11,1,January,2010,2,Monday,22,15,0,4,4,111,34.04313056,-79.96441944,34,2,0,1,0,0,1,1
450023,SOUTH CAROLINA,SC,2,0,2,75,0,BEAVERTON,11,1,January,2010,2,Monday,18,50,0,3,3,19,33.46538611,-80.52463611,12,2,0,1,0,0,1,0
450024,SOUTH CAROLINA,SC,2,0,6,83,0,ARDMORE,11,1,January,2010,2,Monday,19,5,0,3,3,106,35.05174722,-82.18013889,12,6,0,1,0,0,1,0
450025,SOUTH CAROLINA,SC,1,0,1,69,0,ASHFORD,12,1,January,2010,3,Tuesday,22,25,0,14,2,9,34.60710833,-79.71409444,34,2,0,1,0,0,1,1
450026,SOUTH CAROLINA,SC,1,0,1,7,0,BIBB,12,1,January,2010,3,Tuesday,16,50,1,2,2,306,34.66325278,-82.51663611,19,1,0,1,0,0,1,1
450027,SOUTH CAROLINA,SC,3,0,5,45,1040,ARITON,12,1,January,2010,3,Tuesday,14,8,1,13,2,373,34.96411389,-82.43170833,12,1,0,1,0,0,1,0
450028,SOUTH CAROLINA,SC,1,0,2,3,0,BALDWIN,12,1,January,2010,3,Tuesday,12,7,0,3,3,289,33.58008889,-81.47598333,42,1,0,1,0,0,1,0
450029,SOUTH CAROLINA,SC,2,0,3,13,0,BOLLING,13,1,January,2010,4,Wednesday,9,4,0,3,3,42,32.27523333,-80.94799444,12,1,0,1,0,0,1,0
450030,SOUTH CAROLINA,SC,2,0,3,7,0,BIBB,15,1,January,2010,6,Friday,7,54,0,4,4,57,34.71388889,-82.70181667,12,1,0,1,0,0,2,0
450031,SOUTH CAROLINA,SC,2,0,3,75,0,BEAVERTON,15,1,January,2010,6,Friday,0,25,0,4,4,35,33.45464722,-80.95816667,12,2,0,1,0,0,1,1
450032,SOUTH CAROLINA,SC,1,0,1,27,0,ASHLAND,16,1,January,2010,7,Saturday,3,30,1,1,1,59,33.56911111,-80.38606111,42,2,0,1,0,0,1,1
450033,SOUTH CAROLINA,SC,1,1,1,83,1060,ARDMORE,19,1,January,2010,3,Tuesday,20,12,0,14,3,99999,34.94375000,-82.21927778,8,6,0,1,0,0,1,0
450034,SOUTH CAROLINA,SC,2,0,3,45,1040,ARITON,20,1,January,2010,4,Wednesday,13,24,0,14,4,99999,34.85684722,-82.33501944,12,1,0,1,0,0,1,0
450035,SOUTH CAROLINA,SC,2,0,4,13,0,BOLLING,21,1,January,2010,5,Thursday,15,5,1,2,2,42,32.30244167,-80.96692222,12,1,0,2,0,0,1,0
450036,SOUTH CAROLINA,SC,2,0,2,91,2200,DAYTON,21,1,January,2010,5,Thursday,14,36,0,13,3,99999,34.94104167,-80.98709167,12,1,0,2,0,0,1,0
450037,SOUTH CAROLINA,SC,1,0,1,67,0,ABBEVILLE,21,1,January,2010,5,Thursday,7,35,1,2,2,68,34.17485000,-79.38905278,1,1,0,10,0,0,1,0
450038,SOUTH CAROLINA,SC,1,1,4,79,0,COURTLAND,22,1,January,2010,6,Friday,18,25,0,14,4,72,34.11677778,-80.93966944,8,2,0,1,0,0,1,0
450039,SOUTH CAROLINA,SC,2,0,3,9,0,BLOUNT,22,1,January,2010,6,Friday,20,28,1,2,2,215,33.23158056,-80.88980278,12,2,0,1,0,0,1,0
450040,SOUTH CAROLINA,SC,2,0,2,7,0,BIBB,22,1,January,2010,6,Friday,6,45,0,4,4,99999,34.58958611,-82.58851944,12,4,0,5,0,0,1,1
450041,SOUTH CAROLINA,SC,1,0,1,13,0,BOLLING,24,1,January,2010,1,Sunday,23,43,0,4,4,32,32.55484444,-80.69093333,34,2,0,10,0,0,1,1
450042,SOUTH CAROLINA,SC,1,0,1,75,0,BEAVERTON,27,1,January,2010,4,Wednesday,18,15,0,15,4,18,33.51513611,-80.82311111,34,2,0,1,0,0,1,1
450043,SOUTH CAROLINA,SC,2,0,8,29,0,BORDEN SPRINGS,27,1,January,2010,4,Wednesday,7,5,1,2,2,28,33.02938889,-81.04150833,12,1,0,1,0,0,3,0
450044,SOUTH CAROLINA,SC,2,0,2,45,1040,ARITON,27,1,January,2010,4,Wednesday,23,59,1,13,2,99999,34.97969444,-82.42681389,12,3,0,1,0,0,1,0
450045,SOUTH CAROLINA,SC,2,0,2,41,870,BRANTLEY,27,1,January,2010,4,Wednesday,20,12,0,14,3,3,34.20498889,-79.76885278,12,3,0,1,0,0,1,0
450046,SOUTH CAROLINA,SC,2,0,2,89,0,BROWNSBORO,28,1,January,2010,5,Thursday,15,6,1,2,2,195,33.59438889,-79.85614167,12,1,0,1,0,0,1,0
450047,SOUTH CAROLINA,SC,2,0,3,57,0,BANKSTON,29,1,January,2010,6,Friday,15,20,0,4,3,99999,34.75642222,-80.69977222,12,1,0,10,0,0,1,0
450048,SOUTH CAROLINA,SC,2,0,5,67,0,ABBEVILLE,29,1,January,2010,6,Friday,21,10,1,2,2,77,34.17108611,-79.42780556,12,2,0,1,0,0,3,1
450049,SOUTH CAROLINA,SC,1,0,1,79,0,COURTLAND,30,1,January,2010,7,Saturday,23,55,0,14,3,99999,34.09030556,-80.85456944,59,2,0,1,0,0,1,1
450050,SOUTH CAROLINA,SC,1,0,1,35,0,BROOKLYN,31,1,January,2010,1,Sunday,22,0,0,4,3,82,32.89187500,-80.34318889,42,2,0,1,0,0,1,1
450051,SOUTH CAROLINA,SC,1,1,1,45,0,ARITON,31,1,January,2010,1,Sunday,19,24,0,5,4,99999,34.87329167,-82.41853333,8,2,0,1,0,0,1,0
450052,SOUTH CAROLINA,SC,1,0,1,11,0,BULLOCK,31,1,January,2010,1,Sunday,21,54,1,2,2,68,33.32916667,-81.44581389,23,2,0,1,0,0,1,1
450053,SOUTH CAROLINA,SC,2,0,2,53,1080,ATMORE,1,2,February,2010,2,Monday,14,23,0,4,4,21,32.31045833,-80.98056667,12,1,0,1,0,0,1,0
450054,SOUTH CAROLINA,SC,2,0,3,15,0,ANNISTON,1,2,February,2010,2,Monday,15,15,1,2,2,113,33.12587222,-80.02939167,12,1,0,1,0,0,1,0
450055,SOUTH CAROLINA,SC,3,2,3,19,410,CEDAR BLUFF,1,2,February,2010,2,Monday,15,36,1,11,1,2116,32.89580278,-80.01887778,12,1,0,1,0,0,1,0
450056,SOUTH CAROLINA,SC,1,0,1,31,0,COFFEE,1,2,February,2010,2,Monday,7,0,1,1,1,1265,34.19810278,-80.09852778,42,1,0,1,0,0,1,0
450057,SOUTH CAROLINA,SC,2,1,2,83,0,ARDMORE,3,2,February,2010,4,Wednesday,18,20,0,4,4,99999,35.15531944,-81.91689444,8,2,0,1,0,0,1,0
450058,SOUTH CAROLINA,SC,1,1,1,91,0,DAYTON,3,2,February,2010,4,Wednesday,21,0,0,13,2,129,34.98335000,-80.97601944,8,6,0,1,0,0,1,0
450059,SOUTH CAROLINA,SC,2,0,2,69,0,ASHFORD,4,2,February,2010,5,Thursday,7,10,0,5,4,18,34.49438889,-79.58140000,12,1,0,10,0,0,1,0
450060,SOUTH CAROLINA,SC,1,0,2,35,0,BROOKLYN,3,2,February,2010,4,Wednesday,2,52,1,1,1,25,33.29125556,-80.52107222,42,2,0,1,0,0,1,1
450061,SOUTH CAROLINA,SC,1,0,1,31,0,COFFEE,5,2,February,2010,6,Friday,0,20,0,9,4,12,34.35693611,-80.17736389,53,2,0,10,0,0,1,1
450062,SOUTH CAROLINA,SC,1,1,1,63,0,BOLIGEE,5,2,February,2010,6,Friday,19,22,0,5,4,99999,34.07672778,-81.16454722,8,3,0,2,0,0,1,0
450063,SOUTH CAROLINA,SC,2,0,3,15,0,ANNISTON,7,2,February,2010,1,Sunday,13,45,0,4,3,8,33.14312222,-79.89300833,12,1,0,1,0,0,1,0
450064,SOUTH CAROLINA,SC,3,0,3,45,0,ARITON,8,2,February,2010,2,Monday,18,37,0,14,4,58,34.87646111,-82.32291667,12,3,0,1,0,0,1,0
450065,SOUTH CAROLINA,SC,1,1,1,41,0,BRANTLEY,8,2,February,2010,2,Monday,20,50,1,13,2,294,34.23064444,-79.80091111,8,3,0,1,0,0,1,0
450066,SOUTH CAROLINA,SC,1,1,1,51,0,CENTRAL,9,2,February,2010,3,Tuesday,16,36,0,4,4,99999,33.79451944,-79.00817778,8,1,0,10,0,0,1,0
450067,SOUTH CAROLINA,SC,2,0,3,51,1730,CENTRAL,9,2,February,2010,3,Tuesday,16,0,1,13,2,87,33.68288889,-78.96234444,12,1,0,10,0,0,1,0
450068,SOUTH CAROLINA,SC,3,0,4,55,330,ATTALLA,10,2,February,2010,4,Wednesday,17,40,1,13,2,99999,34.25686111,-80.60831944,12,1,0,1,0,0,1,0
450069,SOUTH CAROLINA,SC,2,0,3,79,0,COURTLAND,12,2,February,2010,6,Friday,17,30,0,15,4,3,34.03338611,-81.05931667,12,5,0,4,0,0,1,1
450070,SOUTH CAROLINA,SC,1,0,1,3,0,BALDWIN,12,2,February,2010,6,Friday,0,1,0,5,4,28,33.78924167,-81.61322500,34,2,0,1,0,0,1,1
450071,SOUTH CAROLINA,SC,1,0,1,79,0,COURTLAND,13,2,February,2010,7,Saturday,2,50,0,13,3,35,34.08141944,-81.07026111,33,3,0,4,0,0,1,1
450072,SOUTH CAROLINA,SC,1,1,1,7,0,BIBB,13,2,February,2010,7,Saturday,19,5,0,5,4,99999,34.55520556,-82.46736944,8,2,0,1,0,0,1,0
450073,SOUTH CAROLINA,SC,1,0,1,7,0,BIBB,14,2,February,2010,1,Sunday,12,55,0,4,3,152,34.48087778,-82.52466111,42,1,0,10,0,0,1,0
450075,SOUTH CAROLINA,SC,1,0,3,3,0,BALDWIN,14,2,February,2010,1,Sunday,6,0,1,1,1,295,33.69735000,-81.60884722,1,2,0,1,0,0,1,0
450076,SOUTH CAROLINA,SC,3,0,5,51,1825,CENTRAL,16,2,February,2010,3,Tuesday,3,8,1,13,2,301,33.85024444,-78.65279722,12,3,0,1,0,0,1,1
450077,SOUTH CAROLINA,SC,1,1,1,37,0,BRADFORD,16,2,February,2010,3,Tuesday,23,30,0,4,3,45,33.88174722,-81.85951667,8,2,0,1,0,0,1,0
450078,SOUTH CAROLINA,SC,2,0,2,63,0,BOLIGEE,17,2,February,2010,4,Wednesday,14,33,0,15,4,30,33.92612778,-81.12227500,12,1,0,1,0,0,1,0
450079,SOUTH CAROLINA,SC,1,0,1,7,0,BIBB,18,2,February,2010,5,Thursday,21,5,0,15,4,26,34.74397500,-82.48230556,38,2,0,1,0,0,1,0
450080,SOUTH CAROLINA,SC,1,0,1,83,0,ARDMORE,18,2,February,2010,5,Thursday,21,30,0,3,3,167,34.80355000,-81.85891667,1,3,0,1,0,0,1,1
450081,SOUTH CAROLINA,SC,1,1,1,35,2530,BROOKLYN,19,2,February,2010,6,Friday,23,55,0,14,3,116,32.98318056,-80.19427222,9,2,0,1,0,0,1,0
450083,SOUTH CAROLINA,SC,1,0,2,19,1805,CEDAR BLUFF,20,2,February,2010,7,Saturday,22,50,0,4,4,99999,32.93597222,-80.06085000,42,2,0,1,0,0,1,1
450084,SOUTH CAROLINA,SC,3,0,4,45,0,ARITON,20,2,February,2010,7,Saturday,17,3,1,13,2,144,34.92985278,-82.29399167,12,1,0,1,0,0,2,1
450085,SOUTH CAROLINA,SC,2,0,3,7,0,BIBB,20,2,February,2010,7,Saturday,9,54,1,13,3,127,34.48215000,-82.64774444,12,1,0,1,0,0,1,0
450086,SOUTH CAROLINA,SC,1,1,1,91,2200,DAYTON,21,2,February,2010,1,Sunday,1,0,0,13,3,99999,34.94681111,-81.05850278,8,2,0,1,0,0,1,0
450087,SOUTH CAROLINA,SC,1,0,1,57,0,BANKSTON,21,2,February,2010,1,Sunday,15,30,0,3,3,31,34.51232222,-80.83100833,35,1,0,1,0,0,1,1
450088,SOUTH CAROLINA,SC,2,0,3,65,1610,CYPRESS,21,2,February,2010,1,Sunday,16,43,0,9,4,12,33.95811944,-82.45236389,12,1,0,1,0,0,1,2
450089,SOUTH CAROLINA,SC,1,0,1,55,0,ATTALLA,25,2,February,2010,5,Thursday,23,30,0,5,4,55,34.36366667,-80.43532778,31,2,0,1,0,0,1,1
450090,SOUTH CAROLINA,SC,1,1,1,15,0,ANNISTON,25,2,February,2010,5,Thursday,19,54,1,2,2,353,33.43828056,-79.98424444,8,2,0,1,0,0,1,0
450091,SOUTH CAROLINA,SC,1,1,1,13,0,BOLLING,26,2,February,2010,6,Friday,22,25,1,2,2,12,32.39764722,-80.61265556,8,2,0,1,0,0,1,0
450092,SOUTH CAROLINA,SC,1,1,1,7,0,BIBB,27,2,February,2010,7,Saturday,18,54,1,13,2,82,34.56870556,-82.70808333,8,3,0,1,0,0,1,0
450093,SOUTH CAROLINA,SC,1,0,1,15,0,ANNISTON,27,2,February,2010,7,Saturday,0,45,0,4,4,99999,32.99934167,-79.75726667,34,2,0,1,0,0,1,1
450094,SOUTH CAROLINA,SC,1,0,1,45,0,ARITON,27,2,February,2010,7,Saturday,20,10,0,9,4,30,35.03871111,-82.53732222,35,2,0,1,0,0,1,0
450095,SOUTH CAROLINA,SC,1,0,2,43,0,BAILEYTON,28,2,February,2010,1,Sunday,0,15,0,3,3,103,33.53488333,-79.39098333,42,2,0,1,0,0,1,1
450096,SOUTH CAROLINA,SC,1,0,3,73,0,ARGO,28,2,February,2010,1,Sunday,22,38,0,9,4,12,34.82687500,-82.95240000,42,2,0,1,0,0,1,1
450097,SOUTH CAROLINA,SC,1,0,1,75,0,BEAVERTON,28,2,February,2010,1,Sunday,7,50,1,1,1,1453,33.56045833,-80.82555833,42,1,0,1,0,0,1,0
450098,SOUTH CAROLINA,SC,1,0,1,29,0,BORDEN SPRINGS,28,2,February,2010,1,Sunday,13,20,1,2,2,56,32.96993056,-80.63981944,34,1,0,1,0,0,1,0
450099,SOUTH CAROLINA,SC,1,0,1,77,0,ANDERSON,28,2,February,2010,1,Sunday,1,30,0,5,5,99999,34.78786667,-82.63272222,59,2,0,1,0,0,1,1
450100,SOUTH CAROLINA,SC,1,0,2,19,1225,CEDAR BLUFF,1,3,March,2010,2,Monday,18,10,0,3,3,99999,32.78640833,-79.78666389,33,3,0,1,0,0,1,0
450101,SOUTH CAROLINA,SC,2,0,3,23,0,BLADON SPRINGS,1,3,March,2010,2,Monday,11,22,0,3,3,389,34.70069444,-81.23540000,12,1,0,1,0,0,1,1
450102,SOUTH CAROLINA,SC,2,0,4,13,0,BOLLING,1,3,March,2010,2,Monday,17,48,1,13,2,227,32.44176944,-80.72170278,12,1,0,1,0,0,1,0
450103,SOUTH CAROLINA,SC,2,0,4,85,0,BENTON,1,3,March,2010,2,Monday,18,55,0,14,2,224,33.93741389,-80.27358056,12,2,0,1,0,0,1,1
450104,SOUTH CAROLINA,SC,3,0,3,51,1730,CENTRAL,1,3,March,2010,2,Monday,18,9,1,13,2,99999,33.70670556,-78.91050278,12,5,0,1,0,0,1,1
450105,SOUTH CAROLINA,SC,2,0,4,33,0,CHEROKEE,3,3,March,2010,4,Wednesday,23,30,0,9,4,50,34.32589444,-79.33330556,12,2,0,1,0,0,2,0
450106,SOUTH CAROLINA,SC,1,0,2,53,2150,ATMORE,4,3,March,2010,5,Thursday,11,15,1,11,1,201,32.45926111,-80.98361389,1,1,0,1,0,0,2,0
450107,SOUTH CAROLINA,SC,2,0,2,31,0,COFFEE,5,3,March,2010,6,Friday,10,45,0,4,4,25,34.23901944,-79.83777500,12,1,0,1,0,0,1,0
450108,SOUTH CAROLINA,SC,1,0,1,51,0,CENTRAL,5,3,March,2010,6,Friday,0,30,0,4,4,145,34.04113889,-78.88827222,34,2,0,1,0,0,1,1