ST_CASE,State Name,State Abbreviation,VE_TOTAL,Pedestrains,Total_Persons_in_accident,COUNTY,CITY,City_County_Name,Calendar_DAY,MONTH,Month_Name,YEAR,DAY_WEEK,Day_Week_desc,HOUR,MINUTE,NHS_Desc,trafficway,ROUTE,MILEPT,LATITUDE,LONGITUD,First_Crash_event,Light_cond_desc,Weather_condition,WEATHER,SCH_BUS,Crash_cause,FATALS,DRUNK_DR
450109,SOUTH CAROLINA,SC,2,0,3,7,0,BIBB,5,3,March,2010,6,Friday,0,55,1,2,2,55,34.65636944,-82.70181667,12,2,0,1,0,0,1,2
450110,SOUTH CAROLINA,SC,1,0,1,85,2550,BENTON,6,3,March,2010,7,Saturday,1,0,1,13,2,134,33.96518056,-80.40644722,33,3,0,1,0,0,1,1
450111,SOUTH CAROLINA,SC,3,0,8,75,0,BEAVERTON,6,3,March,2010,7,Saturday,22,20,1,1,1,32,33.60554167,-80.86177778,12,2,0,1,0,0,2,0
450112,SOUTH CAROLINA,SC,2,0,2,63,0,BOLIGEE,7,3,March,2010,1,Sunday,8,37,0,4,4,11,33.81078056,-81.18308611,12,1,0,1,0,0,1,0
450113,SOUTH CAROLINA,SC,1,0,1,91,0,DAYTON,7,3,March,2010,1,Sunday,2,30,0,4,4,99999,35.05979167,-80.94872500,30,2,0,1,0,0,1,1
450114,SOUTH CAROLINA,SC,1,0,1,85,0,BENTON,8,3,March,2010,2,Monday,9,25,1,2,2,61,33.94531667,-80.52416389,34,1,0,1,0,0,1,0
450115,SOUTH CAROLINA,SC,1,0,1,41,0,BRANTLEY,8,3,March,2010,2,Monday,15,55,0,4,4,99999,34.05550278,-79.90708333,11,1,0,1,0,0,1,0
450116,SOUTH CAROLINA,SC,1,0,3,7,0,BIBB,9,3,March,2010,3,Tuesday,0,45,0,3,3,99999,34.39908333,-82.44479722,38,2,0,1,0,0,1,1
450117,SOUTH CAROLINA,SC,2,0,2,79,0,COURTLAND,9,3,March,2010,3,Tuesday,2,24,1,11,1,101,34.08909722,-81.16377222,12,2,0,1,0,0,1,1
450118,SOUTH CAROLINA,SC,1,0,1,19,1805,CEDAR BLUFF,9,3,March,2010,3,Tuesday,21,35,0,14,4,5,32.88755278,-79.98347222,34,3,0,1,0,0,1,1
450119,SOUTH CAROLINA,SC,1,0,1,3,0,BALDWIN,9,3,March,2010,3,Tuesday,6,0,0,5,5,38,33.47340556,-81.52215833,35,2,0,1,0,0,1,1
450120,SOUTH CAROLINA,SC,2,0,3,51,0,CENTRAL,9,3,March,2010,3,Tuesday,22,20,1,13,2,91,33.58488056,-79.02740556,12,3,0,1,0,0,1,1
450121,SOUTH CAROLINA,SC,1,0,1,19,85,CEDAR BLUFF,10,3,March,2010,4,Wednesday,1,51,1,2,2,577,33.03734167,-79.61573056,32,2,0,1,0,0,1,1
450122,SOUTH CAROLINA,SC,1,0,1,91,0,DAYTON,11,3,March,2010,5,Thursday,18,15,0,3,3,94,34.86072222,-81.25646944,35,2,0,10,0,0,1,1
450123,SOUTH CAROLINA,SC,3,0,4,13,0,BOLLING,11,3,March,2010,5,Thursday,8,25,0,14,3,85,32.24126389,-80.88877222,12,1,0,2,0,0,1,0
450124,SOUTH CAROLINA,SC,1,0,1,37,0,BRADFORD,12,3,March,2010,6,Friday,1,30,0,9,4,63,33.78817222,-81.89311944,42,2,0,1,0,0,1,0
450125,SOUTH CAROLINA,SC,1,0,1,17,0,CHAMBERS,12,3,March,2010,6,Friday,18,20,0,9,4,66,33.78121667,-80.96305833,42,2,0,2,0,0,1,1
450126,SOUTH CAROLINA,SC,2,0,2,79,0,COURTLAND,12,3,March,2010,6,Friday,10,30,1,13,2,109,34.09296944,-80.92482222,12,1,0,10,0,0,1,1
450127,SOUTH CAROLINA,SC,1,0,1,83,0,ARDMORE,12,3,March,2010,6,Friday,20,10,0,5,5,99999,34.96615556,-81.98684722,32,2,0,2,0,0,1,0
450128,SOUTH CAROLINA,SC,1,0,1,45,0,ARITON,12,3,March,2010,6,Friday,12,50,0,4,4,69,34.89360556,-82.24558333,53,1,0,2,0,0,1,0
450129,SOUTH CAROLINA,SC,2,0,2,91,0,DAYTON,12,3,March,2010,6,Friday,18,0,0,3,3,211,34.92204167,-81.09755556,12,1,0,2,0,0,1,0
450130,SOUTH CAROLINA,SC,1,2,2,7,0,BIBB,13,3,March,2010,7,Saturday,16,48,0,4,4,99999,34.63882222,-82.66357778,8,5,0,10,0,0,1,0
450131,SOUTH CAROLINA,SC,2,0,5,91,0,DAYTON,13,3,March,2010,7,Saturday,13,15,0,13,3,54,34.87836111,-81.05335278,12,1,0,1,0,0,1,0
450132,SOUTH CAROLINA,SC,1,0,5,75,0,BEAVERTON,13,3,March,2010,7,Saturday,22,40,1,2,2,94,33.37064167,-80.99760556,1,2,0,1,0,0,1,0
450133,SOUTH CAROLINA,SC,1,0,2,37,0,BRADFORD,14,3,March,2010,1,Sunday,14,0,0,4,4,26,33.87337222,-81.87633889,42,1,0,1,0,0,1,0
450134,SOUTH CAROLINA,SC,2,0,3,15,0,ANNISTON,17,3,March,2010,4,Wednesday,14,10,0,4,4,66,33.01442222,-79.85030556,12,1,0,10,0,0,1,0
450135,SOUTH CAROLINA,SC,2,0,2,57,0,BANKSTON,17,3,March,2010,4,Wednesday,16,5,1,13,2,202,34.70115278,-80.75431944,12,1,0,1,0,0,1,0
450136,SOUTH CAROLINA,SC,1,1,1,19,1805,CEDAR BLUFF,19,3,March,2010,6,Friday,19,30,0,14,4,99999,32.84768611,-79.96317500,8,1,0,1,0,0,1,0
450137,SOUTH CAROLINA,SC,2,0,3,75,0,BEAVERTON,19,3,March,2010,6,Friday,20,30,0,3,3,99999,33.38648333,-80.25135000,12,2,0,1,0,0,1,0
450138,SOUTH CAROLINA,SC,2,0,2,15,0,ANNISTON,19,3,March,2010,6,Friday,16,5,0,14,4,39,33.01136389,-80.08895833,12,1,0,1,0,0,1,0
450139,SOUTH CAROLINA,SC,1,0,1,7,0,BIBB,19,3,March,2010,6,Friday,7,20,0,4,4,37,34.62261389,-82.56405833,1,4,0,1,0,0,1,1
450140,SOUTH CAROLINA,SC,2,0,2,51,0,CENTRAL,21,3,March,2010,1,Sunday,10,36,0,4,4,99999,34.12385000,-79.04126667,12,1,0,10,0,0,1,0
450141,SOUTH CAROLINA,SC,2,0,2,15,0,ANNISTON,22,3,March,2010,2,Monday,11,40,1,2,2,73,33.20318056,-80.24937500,12,1,0,1,0,0,1,0
450142,SOUTH CAROLINA,SC,1,0,2,45,0,ARITON,22,3,March,2010,2,Monday,20,15,0,5,5,99999,35.04802222,-82.28425000,42,2,0,1,0,0,1,0
450143,SOUTH CAROLINA,SC,2,0,1,83,0,ARDMORE,23,3,March,2010,3,Tuesday,6,40,1,11,1,190,35.01238889,-81.97495833,18,4,0,1,0,0,1,0
450144,SOUTH CAROLINA,SC,3,0,5,83,0,ARDMORE,23,3,March,2010,3,Tuesday,16,25,0,14,3,99999,34.91218889,-82.01508611,12,1,0,1,0,0,1,0
450145,SOUTH CAROLINA,SC,1,1,1,83,2460,ARDMORE,24,3,March,2010,4,Wednesday,20,11,0,13,3,41,34.92355556,-81.98718889,8,3,0,1,0,0,1,0
450146,SOUTH CAROLINA,SC,1,0,1,75,0,BEAVERTON,24,3,March,2010,4,Wednesday,17,35,1,2,2,155,33.33938333,-80.43756111,43,1,0,1,0,0,1,1
450147,SOUTH CAROLINA,SC,1,0,2,25,0,BARLOW BEND,25,3,March,2010,5,Thursday,21,28,1,2,2,62,34.52204444,-79.85386944,34,2,0,1,0,0,1,0
450148,SOUTH CAROLINA,SC,5,0,2,41,0,BRANTLEY,26,3,March,2010,6,Friday,10,20,0,15,4,14,34.24380833,-79.79709167,12,1,0,1,0,0,1,0
450149,SOUTH CAROLINA,SC,2,0,8,51,1730,CENTRAL,27,3,March,2010,7,Saturday,11,57,0,15,4,99999,33.69620833,-78.92131667,12,1,0,1,0,0,1,0
450150,SOUTH CAROLINA,SC,1,0,1,59,0,FRANKLIN,27,3,March,2010,7,Saturday,23,15,0,3,3,107,34.49378889,-82.10598056,53,2,0,1,0,0,1,1
450151,SOUTH CAROLINA,SC,2,0,3,41,0,BRANTLEY,27,3,March,2010,7,Saturday,2,42,1,13,2,287,34.22613889,-79.79511667,12,2,0,10,0,0,1,1
450152,SOUTH CAROLINA,SC,2,0,3,3,0,BALDWIN,27,3,March,2010,7,Saturday,16,0,0,15,4,72,33.46621111,-81.86698333,12,1,0,1,0,0,1,0
450153,SOUTH CAROLINA,SC,1,0,1,67,0,ABBEVILLE,27,3,March,2010,7,Saturday,2,45,0,4,4,99999,34.24026111,-79.25378333,59,2,0,1,0,0,1,1
450154,SOUTH CAROLINA,SC,1,0,1,57,0,BANKSTON,27,3,March,2010,7,Saturday,3,30,0,3,3,74,34.66371111,-80.81191111,1,2,0,1,0,0,1,0
450155,SOUTH CAROLINA,SC,1,0,3,13,0,BOLLING,30,3,March,2010,3,Tuesday,18,50,0,9,4,16,32.47555556,-80.75689444,1,1,0,1,0,0,1,0
450156,SOUTH CAROLINA,SC,1,0,1,19,1245,CEDAR BLUFF,30,3,March,2010,3,Tuesday,21,34,0,3,3,99999,32.61776111,-80.18959444,53,2,0,1,0,0,1,1
450157,SOUTH CAROLINA,SC,1,0,2,51,0,CENTRAL,30,3,March,2010,3,Tuesday,17,42,0,9,4,32,34.01133333,-79.12323611,34,1,0,1,0,0,1,1
450158,SOUTH CAROLINA,SC,2,0,5,15,985,ANNISTON,30,3,March,2010,3,Tuesday,12,57,0,14,2,99999,33.02334444,-80.05462778,12,1,0,1,0,0,1,0
450159,SOUTH CAROLINA,SC,2,0,3,41,0,BRANTLEY,31,3,March,2010,4,Wednesday,11,20,1,1,1,67,34.11883889,-79.90227778,42,1,0,1,0,0,1,0
450160,SOUTH CAROLINA,SC,2,0,3,51,1730,CENTRAL,31,3,March,2010,4,Wednesday,17,10,0,15,3,99999,33.69628056,-78.92123333,12,1,0,1,0,0,1,0
450161,SOUTH CAROLINA,SC,2,0,3,83,0,ARDMORE,30,3,March,2010,3,Tuesday,11,35,0,14,3,52,34.98419444,-82.17885000,12,1,0,1,0,0,1,0
450162,SOUTH CAROLINA,SC,1,0,1,83,0,ARDMORE,26,3,March,2010,6,Friday,13,40,0,14,3,52,34.98008056,-82.18979444,35,1,0,1,0,0,1,1
450163,SOUTH CAROLINA,SC,2,0,2,3,0,BALDWIN,1,4,April,2010,5,Thursday,6,10,0,14,3,36,33.50597500,-81.86573889,12,3,0,1,0,0,1,1
450164,SOUTH CAROLINA,SC,2,0,2,75,0,BEAVERTON,1,4,April,2010,5,Thursday,11,40,1,1,1,182,33.41732778,-80.67217778,12,1,0,1,0,0,1,0
450165,SOUTH CAROLINA,SC,1,0,3,31,0,COFFEE,2,4,April,2010,6,Friday,15,53,0,4,4,62,34.38205000,-79.96733611,34,1,0,1,0,0,1,1
450166,SOUTH CAROLINA,SC,1,0,2,53,0,ATMORE,2,4,April,2010,6,Friday,13,30,1,1,1,298,32.59419167,-80.91490833,1,1,0,1,0,0,1,0
450167,SOUTH CAROLINA,SC,2,0,2,13,0,BOLLING,2,4,April,2010,6,Friday,7,51,1,2,2,99999,32.30378333,-80.96992500,12,1,0,1,0,0,1,1
450168,SOUTH CAROLINA,SC,2,0,4,51,1730,CENTRAL,3,4,April,2010,7,Saturday,17,2,1,13,2,99999,33.76420000,-78.81158333,12,1,0,1,0,0,1,0
450169,SOUTH CAROLINA,SC,1,0,1,5,0,BAKER HILL,4,4,April,2010,1,Sunday,3,24,0,15,4,116,33.01150556,-81.31831111,18,3,0,1,0,0,1,1
450170,SOUTH CAROLINA,SC,2,0,2,19,410,CEDAR BLUFF,4,4,April,2010,1,Sunday,14,50,1,2,2,672,33.09531667,-79.47625556,12,1,0,1,0,0,1,0
450171,SOUTH CAROLINA,SC,1,1,1,19,1805,CEDAR BLUFF,7,4,April,2010,4,Wednesday,6,13,0,13,3,8,32.90106389,-80.07737222,8,2,0,1,0,0,1,0
450172,SOUTH CAROLINA,SC,2,0,3,75,0,BEAVERTON,7,4,April,2010,4,Wednesday,7,45,1,2,2,289,33.56868333,-80.86413889,12,1,0,1,0,0,1,0
450173,SOUTH CAROLINA,SC,1,0,2,33,0,CHEROKEE,7,4,April,2010,4,Wednesday,7,15,0,3,3,40,34.32972222,-79.50307778,1,4,0,1,0,0,1,0
450174,SOUTH CAROLINA,SC,2,0,2,45,0,ARITON,7,4,April,2010,4,Wednesday,22,3,1,13,2,99999,34.90933889,-82.32708056,12,3,0,1,0,0,1,1
450175,SOUTH CAROLINA,SC,1,0,1,59,0,FRANKLIN,10,4,April,2010,7,Saturday,5,0,0,4,4,218,34.58517222,-82.22189444,42,2,0,1,0,0,1,1
450176,SOUTH CAROLINA,SC,1,0,1,73,0,ARGO,10,4,April,2010,7,Saturday,21,0,0,4,4,3,34.67828889,-82.87094722,1,2,0,1,0,0,1,1
450177,SOUTH CAROLINA,SC,1,0,2,63,0,BOLIGEE,11,4,April,2010,1,Sunday,22,57,0,14,4,99999,33.93559722,-81.20432778,30,2,0,1,0,0,1,1
450178,SOUTH CAROLINA,SC,1,0,1,7,0,BIBB,12,4,April,2010,2,Monday,16,28,0,3,3,555,34.29402778,-82.69812500,42,1,0,1,0,0,1,1
450179,SOUTH CAROLINA,SC,1,0,2,7,0,BIBB,13,4,April,2010,3,Tuesday,16,50,0,13,3,116,34.46417778,-82.64289444,34,1,0,1,0,0,1,0
450180,SOUTH CAROLINA,SC,1,0,1,35,0,BROOKLYN,16,4,April,2010,6,Friday,19,30,0,15,4,56,33.00812500,-80.24701667,53,5,0,1,0,0,1,0
450181,SOUTH CAROLINA,SC,1,0,3,21,0,CHILTON,16,4,April,2010,6,Friday,7,45,0,4,4,5,35.13724722,-81.84106389,59,1,0,1,0,0,2,0
450182,SOUTH CAROLINA,SC,2,0,4,91,0,DAYTON,17,4,April,2010,7,Saturday,17,20,0,4,4,72,35.01407500,-81.04137778,12,1,0,1,0,0,1,0
450183,SOUTH CAROLINA,SC,1,0,3,63,0,BOLIGEE,18,4,April,2010,1,Sunday,3,30,1,11,1,99999,33.93000833,-81.05322222,35,2,0,1,0,0,1,1
450184,SOUTH CAROLINA,SC,2,0,2,21,0,CHILTON,18,4,April,2010,1,Sunday,2,22,1,2,2,59,35.03772778,-81.70180278,12,3,0,1,0,0,1,1
450185,SOUTH CAROLINA,SC,1,0,1,41,0,BRANTLEY,22,4,April,2010,5,Thursday,16,59,0,3,3,273,33.83228056,-79.56024167,34,1,0,1,0,0,1,0
450186,SOUTH CAROLINA,SC,1,0,2,23,0,BLADON SPRINGS,22,4,April,2010,5,Thursday,23,0,0,5,5,99999,34.75698611,-80.95911111,53,2,0,1,0,0,2,1
450187,SOUTH CAROLINA,SC,2,0,2,53,0,ATMORE,22,4,April,2010,5,Thursday,6,0,0,3,3,28,32.46266667,-81.04528333,12,1,0,1,1,0,1,0
450188,SOUTH CAROLINA,SC,1,0,1,23,0,BLADON SPRINGS,23,4,April,2010,6,Friday,22,25,0,9,4,12,34.74538611,-80.90559444,53,2,0,1,0,0,1,1
450189,SOUTH CAROLINA,SC,1,0,1,19,0,CEDAR BLUFF,24,4,April,2010,7,Saturday,23,36,1,11,1,95,32.87082778,-80.01535833,24,3,0,10,0,0,1,1
450190,SOUTH CAROLINA,SC,2,0,3,19,410,CEDAR BLUFF,24,4,April,2010,7,Saturday,22,44,0,3,3,99999,32.70400278,-80.10642500,12,2,0,1,0,0,1,1
450191,SOUTH CAROLINA,SC,1,1,1,79,0,COURTLAND,24,4,April,2010,7,Saturday,2,20,1,11,1,21,33.94998056,-80.99460000,8,2,0,1,0,0,1,0
450192,SOUTH CAROLINA,SC,2,0,5,17,0,CHAMBERS,26,4,April,2010,2,Monday,12,35,1,2,2,152,33.71463056,-80.87096111,12,1,0,1,0,0,1,1
450193,SOUTH CAROLINA,SC,1,0,1,79,0,COURTLAND,26,4,April,2010,2,Monday,1,15,0,14,4,10,34.15517778,-81.23428333,35,2,0,10,0,0,1,1
450194,SOUTH CAROLINA,SC,1,1,1,67,0,ABBEVILLE,27,4,April,2010,3,Tuesday,15,42,1,2,2,99999,34.28693611,-79.47076389,9,1,0,1,0,0,1,0
450195,SOUTH CAROLINA,SC,1,0,1,31,0,COFFEE,27,4,April,2010,3,Tuesday,8,40,0,4,4,141,34.41515833,-79.99407222,42,1,0,1,0,0,1,0
450196,SOUTH CAROLINA,SC,1,0,4,63,0,BOLIGEE,28,4,April,2010,4,Wednesday,7,4,1,2,2,121,33.86211389,-81.08030278,1,1,0,1,0,0,1,0
450197,SOUTH CAROLINA,SC,1,0,2,75,0,BEAVERTON,29,4,April,2010,5,Thursday,20,10,0,4,4,11,33.46477778,-80.95893889,1,2,0,1,0,0,1,1
450198,SOUTH CAROLINA,SC,1,0,3,7,0,BIBB,30,4,April,2010,6,Friday,15,5,0,3,3,99999,34.48066667,-82.54710556,42,1,0,1,0,0,1,0
450199,SOUTH CAROLINA,SC,1,0,1,63,0,BOLIGEE,30,4,April,2010,6,Friday,16,25,0,4,4,99999,34.00311389,-81.10716944,35,1,0,1,0,0,1,1
450200,SOUTH CAROLINA,SC,2,0,2,45,0,ARITON,30,4,April,2010,6,Friday,22,48,0,14,3,34,34.82979722,-82.42479722,12,2,0,1,0,0,1,0
450201,SOUTH CAROLINA,SC,1,0,3,39,2910,ANDALUSIA,7,2,February,2010,1,Sunday,22,30,0,4,4,289,34.30211111,-81.00936389,53,2,0,1,0,0,1,1
450202,SOUTH CAROLINA,SC,1,0,1,91,0,DAYTON,7,3,March,2010,1,Sunday,17,0,0,4,4,5,34.98423056,-81.15420278,53,1,0,1,0,0,1,1
450203,SOUTH CAROLINA,SC,2,0,2,15,1072,ANNISTON,23,3,March,2010,3,Tuesday,14,40,0,4,4,99999,32.92379722,-80.02437222,12,1,0,1,0,0,1,0
450204,SOUTH CAROLINA,SC,1,0,2,27,0,ASHLAND,31,3,March,2010,4,Wednesday,20,45,0,3,3,99999,33.58126944,-80.43408333,35,2,0,1,0,0,1,1
450205,SOUTH CAROLINA,SC,2,0,3,3,1800,BALDWIN,26,2,February,2010,6,Friday,9,16,1,13,2,99999,33.48357222,-81.94796667,12,1,0,1,0,0,1,0
450206,SOUTH CAROLINA,SC,2,0,4,83,0,ARDMORE,3,4,April,2010,7,Saturday,14,25,0,3,3,99999,35.01196667,-82.11022778,12,1,0,1,0,0,1,0
450207,SOUTH CAROLINA,SC,1,0,1,45,0,ARITON,4,4,April,2010,1,Sunday,11,30,0,5,5,99999,34.90089167,-82.30429167,42,1,0,1,0,0,1,0
450208,SOUTH CAROLINA,SC,1,0,5,19,2100,CEDAR BLUFF,18,4,April,2010,1,Sunday,4,11,1,2,2,142,32.78319722,-80.21131111,1,2,0,1,0,0,1,1
450209,SOUTH CAROLINA,SC,1,0,2,55,0,ATTALLA,24,4,April,2010,7,Saturday,12,50,0,9,4,18,34.56276667,-80.46485556,42,1,0,1,0,0,1,0
450210,SOUTH CAROLINA,SC,1,0,1,83,0,ARDMORE,25,4,April,2010,1,Sunday,19,9,0,5,5,99999,34.83427222,-82.07066111,11,1,0,1,0,0,1,0
450211,SOUTH CAROLINA,SC,1,0,1,63,0,BOLIGEE,18,3,March,2010,5,Thursday,23,55,0,4,4,99999,33.78471111,-81.43868889,42,2,0,1,0,0,1,1
450212,SOUTH CAROLINA,SC,1,0,1,63,0,BOLIGEE,27,3,March,2010,7,Saturday,1,0,1,2,2,99999,33.93816111,-81.26016111,42,2,0,1,0,0,1,1
450213,SOUTH CAROLINA,SC,1,0,1,27,0,ASHLAND,28,3,March,2010,1,Sunday,18,5,1,1,1,59,33.56578611,-80.39112500,42,1,0,2,0,0,1,0
450214,SOUTH CAROLINA,SC,1,0,5,51,0,CENTRAL,18,4,April,2010,1,Sunday,18,31,1,2,2,297,34.02388889,-78.94011389,34,1,0,1,0,0,1,0
450215,SOUTH CAROLINA,SC,1,0,1,83,0,ARDMORE,20,4,April,2010,3,Tuesday,13,58,0,3,3,173,34.68774444,-81.90226111,42,1,0,2,0,0,1,0
450216,SOUTH CAROLINA,SC,2,0,2,61,0,BELLWOOD,27,4,April,2010,3,Tuesday,11,25,0,3,3,21,34.32273889,-80.28461111,12,1,0,1,0,0,1,1
450217,SOUTH CAROLINA,SC,2,0,2,15,0,ANNISTON,30,4,April,2010,6,Friday,11,5,0,14,3,215,33.20476111,-80.04711667,12,1,0,1,0,0,1,0
450218,SOUTH CAROLINA,SC,1,0,1,83,2460,ARDMORE,1,4,April,2010,5,Thursday,19,45,0,14,3,177,34.94505000,-81.93367500,33,1,0,1,0,0,1,1
450219,SOUTH CAROLINA,SC,1,0,1,45,0,ARITON,3,4,April,2010,7,Saturday,6,21,0,4,4,27,35.00778333,-82.45458056,34,2,0,1,0,0,1,1
450220,SOUTH CAROLINA,SC,1,0,1,41,870,BRANTLEY,4,4,April,2010,1,Sunday,6,54,0,15,4,99999,34.21996389,-79.72778333,42,4,0,1,0,0,1,1
450221,SOUTH CAROLINA,SC,4,0,8,45,0,ARITON,5,4,April,2010,2,Monday,15,55,0,3,3,99999,35.00303889,-82.27978611,12,1,0,1,0,0,1,1
450222,SOUTH CAROLINA,SC,2,0,3,25,0,BARLOW BEND,14,4,April,2010,4,Wednesday,12,15,0,3,3,109,34.76848056,-80.33061389,12,1,0,10,0,0,1,0
450223,SOUTH CAROLINA,SC,1,0,2,91,0,DAYTON,18,4,April,2010,1,Sunday,2,0,0,14,4,99999,35.06372500,-80.97571944,33,2,0,1,0,0,1,1
450224,SOUTH CAROLINA,SC,1,0,1,3,20,BALDWIN,18,4,April,2010,1,Sunday,3,46,0,14,4,15,33.55462778,-81.70789722,1,2,0,1,0,0,1,1
450225,SOUTH CAROLINA,SC,1,0,1,51,0,CENTRAL,25,4,April,2010,1,Sunday,0,15,0,3,3,148,34.14033056,-78.94844167,34,2,0,1,0,0,1,0
450226,SOUTH CAROLINA,SC,2,0,4,41,0,BRANTLEY,1,5,May,2010,7,Saturday,13,14,0,4,4,99999,33.92100000,-79.80065278,12,1,0,10,0,0,1,0
450227,SOUTH CAROLINA,SC,1,0,1,63,1430,BOLIGEE,1,5,May,2010,7,Saturday,18,42,0,9,4,47,33.90490000,-81.52495000,34,1,0,1,0,0,1,1
450228,SOUTH CAROLINA,SC,2,0,2,21,0,CHILTON,5,5,May,2010,4,Wednesday,18,27,0,3,3,68,35.12018889,-81.48825556,12,1,0,1,0,0,1,0
450229,SOUTH CAROLINA,SC,2,0,2,73,0,ARGO,5,5,May,2010,4,Wednesday,5,37,0,3,3,71,34.78582222,-82.90287500,12,2,0,1,0,0,1,1
450230,SOUTH CAROLINA,SC,2,0,1,79,0,COURTLAND,7,5,May,2010,6,Friday,2,50,1,13,2,145,34.12054444,-80.87740000,41,3,0,1,0,0,1,1
450231,SOUTH CAROLINA,SC,2,0,4,63,0,BOLIGEE,7,5,May,2010,6,Friday,18,15,0,3,3,179,33.83577500,-81.21355556,12,1,0,1,0,0,1,0
450232,SOUTH CAROLINA,SC,1,0,1,23,0,BLADON SPRINGS,8,5,May,2010,7,Saturday,2,10,0,3,3,28,34.61618611,-80.92533611,32,2,0,1,0,0,1,1
450233,SOUTH CAROLINA,SC,2,0,3,63,0,BOLIGEE,8,5,May,2010,7,Saturday,2,2,1,13,2,99999,33.90543611,-81.06554167,12,2,0,1,0,0,1,1
450234,SOUTH CAROLINA,SC,4,0,4,5,0,BAKER HILL,8,5,May,2010,7,Saturday,20,0,0,4,4,13,32.98548333,-81.30488056,12,1,0,1,0,0,1,1
450235,SOUTH CAROLINA,SC,2,0,2,45,1040,ARITON,4,5,May,2010,3,Tuesday,16,43,0,4,4,99999,34.83969722,-82.39149444,12,1,0,1,0,0,1,0
450236,SOUTH CAROLINA,SC,1,0,1,29,0,BORDEN SPRINGS,8,5,May,2010,7,Saturday,23,45,0,3,3,284,32.86798056,-80.61231111,1,2,0,1,0,0,1,1
450237,SOUTH CAROLINA,SC,1,0,4,29,0,BORDEN SPRINGS,8,5,May,2010,7,Saturday,17,25,1,1,1,169,32.91327778,-80.69925833,1,1,0,1,0,0,1,0
450238,SOUTH CAROLINA,SC,1,0,3,45,0,ARITON,9,5,May,2010,1,Sunday,21,26,0,15,3,26,34.96024722,-82.26639722,34,2,0,1,0,0,1,0
450239,SOUTH CAROLINA,SC,1,1,1,75,0,BEAVERTON,11,5,May,2010,3,Tuesday,15,39,0,4,4,194,33.54568611,-80.83075000,8,1,0,1,0,0,1,0
450240,SOUTH CAROLINA,SC,1,0,1,85,0,BENTON,11,5,May,2010,3,Tuesday,18,49,1,13,2,111,33.96471944,-80.40571667,1,1,0,1,0,0,1,1
450241,SOUTH CAROLINA,SC,1,0,1,55,0,ATTALLA,11,5,May,2010,3,Tuesday,3,15,1,2,2,3,34.14988611,-80.81744722,26,2,0,1,0,0,1,1
450242,SOUTH CAROLINA,SC,2,0,2,21,0,CHILTON,12,5,May,2010,4,Wednesday,17,51,0,4,4,51,35.04577222,-81.77467222,12,1,0,1,0,0,1,0
450243,SOUTH CAROLINA,SC,1,0,1,39,0,ANDALUSIA,12,5,May,2010,4,Wednesday,0,0,0,9,4,23,34.26427500,-81.21750278,42,2,0,1,0,0,1,0
450244,SOUTH CAROLINA,SC,2,0,3,63,0,BOLIGEE,12,5,May,2010,4,Wednesday,11,52,1,11,1,267,33.90885556,-81.05403889,7,1,0,1,0,0,1,0
450245,SOUTH CAROLINA,SC,2,0,4,51,0,CENTRAL,13,5,May,2010,5,Thursday,16,50,1,2,2,99999,33.69445833,-78.94496389,12,1,0,1,0,0,1,0
450246,SOUTH CAROLINA,SC,1,0,2,63,0,BOLIGEE,14,5,May,2010,6,Friday,20,50,0,4,4,66,33.92787222,-81.21806111,34,2,0,1,0,0,1,1
450247,SOUTH CAROLINA,SC,1,0,1,45,0,ARITON,14,5,May,2010,6,Friday,17,0,0,13,3,47,34.89036667,-82.40166667,33,1,0,1,0,0,1,0
450248,SOUTH CAROLINA,SC,1,1,1,17,0,CHAMBERS,15,5,May,2010,7,Saturday,2,30,1,2,2,81,33.83769722,-80.99820556,9,2,0,1,0,0,1,0
450249,SOUTH CAROLINA,SC,1,0,1,45,0,ARITON,15,5,May,2010,7,Saturday,11,45,0,5,5,99999,34.62770000,-82.38364167,34,1,0,1,0,0,1,0
450251,SOUTH CAROLINA,SC,1,0,1,59,0,FRANKLIN,16,5,May,2010,1,Sunday,1,5,0,3,3,99999,34.43777778,-82.04615556,53,2,0,1,0,0,1,1
450252,SOUTH CAROLINA,SC,1,0,1,41,0,BRANTLEY,16,5,May,2010,1,Sunday,14,40,0,14,4,82,34.17736944,-79.73452222,34,1,0,1,0,0,1,1
450253,SOUTH CAROLINA,SC,2,0,3,79,0,COURTLAND,17,5,May,2010,2,Monday,14,26,1,13,2,158,34.12811111,-80.85714444,12,1,0,2,0,0,1,0
450254,SOUTH CAROLINA,SC,2,0,4,91,0,DAYTON,17,5,May,2010,2,Monday,18,15,0,3,3,97,35.12703333,-81.26509722,12,1,0,1,0,0,1,1
450255,SOUTH CAROLINA,SC,2,0,2,75,0,BEAVERTON,18,5,May,2010,3,Tuesday,16,20,0,14,2,206,33.46814444,-80.84667222,12,1,0,1,0,0,1,0
450256,SOUTH CAROLINA,SC,1,0,1,73,0,ARGO,19,5,May,2010,4,Wednesday,10,30,0,3,3,259,34.90500833,-83.18028056,1,1,0,1,0,0,1,0
450257,SOUTH CAROLINA,SC,1,0,1,81,0,AUBURN,19,5,May,2010,4,Wednesday,1,40,0,4,4,18,34.06720000,-81.49284722,34,2,0,1,0,0,1,1
450258,SOUTH CAROLINA,SC,1,0,1,63,130,BOLIGEE,24,5,May,2010,2,Monday,9,35,0,3,3,34,33.92096389,-81.50580833,32,1,0,1,0,0,1,0
450259,SOUTH CAROLINA,SC,1,0,4,17,0,CHAMBERS,21,5,May,2010,6,Friday,14,25,0,3,3,67,33.64141944,-80.60093889,34,1,0,1,0,0,1,0
450260,SOUTH CAROLINA,SC,1,0,3,35,0,BROOKLYN,22,5,May,2010,7,Saturday,9,40,0,3,3,134,32.94908333,-80.21843333,42,1,0,1,0,0,3,1