ST_CASE,State Name,State Abbreviation,VE_TOTAL,Pedestrains,Total_Persons_in_accident,COUNTY,CITY,City_County_Name,Calendar_DAY,MONTH,Month_Name,YEAR,DAY_WEEK,Day_Week_desc,HOUR,MINUTE,NHS_Desc,trafficway,ROUTE,MILEPT,LATITUDE,LONGITUD,First_Crash_event,Light_cond_desc,Weather_condition,WEATHER,SCH_BUS,Crash_cause,FATALS,DRUNK_DR
450261,SOUTH CAROLINA,SC,1,0,1,13,0,BOLLING,23,5,May,2010,1,Sunday,4,0,0,5,5,99999,32.47338333,-80.64295278,31,2,0,1,0,0,1,1
450262,SOUTH CAROLINA,SC,1,0,3,75,0,BEAVERTON,24,5,May,2010,2,Monday,22,55,0,3,3,187,33.36462222,-80.56094167,1,2,0,1,0,0,2,1
450263,SOUTH CAROLINA,SC,1,0,1,15,0,ANNISTON,24,5,May,2010,2,Monday,19,20,0,4,4,29,33.10656944,-80.18835000,38,5,0,2,0,0,1,1
450264,SOUTH CAROLINA,SC,2,1,2,91,0,DAYTON,25,5,May,2010,3,Tuesday,7,32,0,14,4,99999,34.96355278,-81.00202500,8,1,0,1,0,0,1,0
450265,SOUTH CAROLINA,SC,2,0,7,3,0,BALDWIN,27,5,May,2010,5,Thursday,18,6,1,1,1,325,33.77525833,-81.49538056,52,1,0,1,0,0,1,1
450266,SOUTH CAROLINA,SC,1,0,1,55,0,ATTALLA,28,5,May,2010,6,Friday,12,55,0,4,4,53,34.31596944,-80.72196111,53,1,0,1,0,0,1,1
450268,SOUTH CAROLINA,SC,1,1,1,13,0,BOLLING,29,5,May,2010,7,Saturday,3,4,1,2,2,99999,32.21534167,-80.70264722,9,2,0,1,0,0,1,0
450269,SOUTH CAROLINA,SC,1,0,1,41,0,BRANTLEY,30,5,May,2010,1,Sunday,18,45,0,4,4,7,33.82440278,-79.50921667,34,1,0,1,0,0,1,1
450270,SOUTH CAROLINA,SC,2,0,3,13,0,BOLLING,30,5,May,2010,1,Sunday,0,40,1,2,2,169,32.21668611,-80.75414722,12,2,0,1,0,0,1,2
450271,SOUTH CAROLINA,SC,2,0,2,25,0,BARLOW BEND,2,4,April,2010,6,Friday,20,50,0,3,3,262,34.74580833,-80.08960278,12,3,0,1,0,0,1,1
450272,SOUTH CAROLINA,SC,2,0,4,45,1040,ARITON,11,4,April,2010,1,Sunday,23,15,0,13,3,99999,34.82183611,-82.34227222,12,3,0,1,0,0,1,1
450273,SOUTH CAROLINA,SC,2,0,2,41,1320,BRANTLEY,1,5,May,2010,7,Saturday,21,10,1,13,2,99999,33.86439444,-79.76263056,12,3,0,1,0,0,1,1
450274,SOUTH CAROLINA,SC,5,0,5,19,1710,CEDAR BLUFF,11,5,May,2010,3,Tuesday,11,21,1,13,2,365,32.81202222,-79.86283889,12,1,0,1,0,0,2,0
450275,SOUTH CAROLINA,SC,1,0,1,19,410,CEDAR BLUFF,17,5,May,2010,2,Monday,2,26,1,2,2,99999,32.79492222,-79.94587778,1,2,0,1,0,0,1,1
450276,SOUTH CAROLINA,SC,1,0,2,19,410,CEDAR BLUFF,27,5,May,2010,5,Thursday,0,3,0,3,3,99999,32.75180278,-80.01866389,24,3,0,1,0,0,1,1
450277,SOUTH CAROLINA,SC,2,0,3,19,1237,CEDAR BLUFF,29,5,May,2010,7,Saturday,12,33,0,5,5,99999,32.73140833,-79.93935556,12,1,0,1,0,0,1,0
450278,SOUTH CAROLINA,SC,1,0,2,45,0,ARITON,1,6,June,2010,3,Tuesday,11,55,0,15,4,12,34.73533611,-82.31733889,42,1,0,1,0,0,1,0
450279,SOUTH CAROLINA,SC,3,0,3,89,0,BROWNSBORO,2,6,June,2010,4,Wednesday,6,50,0,4,4,99999,33.71323889,-79.80786389,12,1,0,1,0,0,1,0
450280,SOUTH CAROLINA,SC,2,0,3,51,0,CENTRAL,3,6,June,2010,5,Thursday,21,53,1,2,2,394,34.13060000,-78.87617222,12,2,0,1,0,0,1,2
450281,SOUTH CAROLINA,SC,2,0,4,75,0,BEAVERTON,4,6,June,2010,6,Friday,6,45,1,1,1,278,33.31869444,-80.54780833,12,1,0,1,0,0,1,0
450282,SOUTH CAROLINA,SC,1,0,2,51,540,CENTRAL,31,5,May,2010,2,Monday,12,50,0,14,2,99999,33.84539722,-79.06272500,59,1,0,1,0,0,1,0
450283,SOUTH CAROLINA,SC,1,0,1,19,2100,CEDAR BLUFF,4,6,June,2010,6,Friday,2,4,0,3,3,99999,32.73758056,-80.23924722,34,3,0,1,0,0,1,1
450284,SOUTH CAROLINA,SC,1,0,1,59,0,FRANKLIN,4,6,June,2010,6,Friday,4,2,0,3,3,109,34.61600833,-82.10160278,42,2,0,1,0,0,1,1
450285,SOUTH CAROLINA,SC,2,0,2,13,1145,BOLLING,10,6,June,2010,5,Thursday,0,5,1,13,2,262,32.15643056,-80.75998333,12,2,0,1,0,0,1,0
450286,SOUTH CAROLINA,SC,1,0,1,53,0,ATMORE,12,6,June,2010,7,Saturday,20,15,0,4,4,34,32.67723889,-81.10450833,42,2,0,1,0,0,1,0
450287,SOUTH CAROLINA,SC,1,0,2,75,0,BEAVERTON,11,3,March,2010,5,Thursday,10,6,1,2,2,98,33.42391944,-80.50703889,42,1,0,10,0,0,2,1
450288,SOUTH CAROLINA,SC,1,0,3,23,0,BLADON SPRINGS,13,3,March,2010,7,Saturday,1,45,0,3,3,141,34.70662222,-81.25115000,59,2,0,10,0,0,1,1
450289,SOUTH CAROLINA,SC,2,0,2,59,0,FRANKLIN,5,4,April,2010,2,Monday,16,52,0,3,3,47,34.74647778,-82.14365833,12,1,0,1,0,0,1,0
450290,SOUTH CAROLINA,SC,2,0,3,51,0,CENTRAL,13,4,April,2010,3,Tuesday,11,0,0,14,4,99999,33.70927500,-78.98110000,12,1,0,1,0,0,1,0
450291,SOUTH CAROLINA,SC,3,0,3,83,0,ARDMORE,19,4,April,2010,2,Monday,10,5,1,11,1,19,34.88392500,-82.19700278,12,1,0,1,0,0,1,0
450292,SOUTH CAROLINA,SC,1,0,2,19,85,CEDAR BLUFF,26,4,April,2010,2,Monday,8,40,0,3,3,99999,32.92624722,-79.71443611,42,1,0,1,0,0,1,0
450293,SOUTH CAROLINA,SC,1,0,3,3,0,BALDWIN,27,4,April,2010,3,Tuesday,23,0,0,4,4,47,33.41951389,-81.73004167,38,2,0,1,0,0,3,1
450296,SOUTH CAROLINA,SC,1,0,2,63,0,BOLIGEE,14,5,May,2010,6,Friday,17,2,0,4,4,24,33.85455833,-81.53803889,42,1,0,1,0,0,2,1
450297,SOUTH CAROLINA,SC,1,0,1,55,0,ATTALLA,14,5,May,2010,6,Friday,22,27,0,4,4,49,34.29881389,-80.72221667,42,2,0,1,0,0,1,1
450298,SOUTH CAROLINA,SC,2,0,4,73,0,ARGO,15,5,May,2010,7,Saturday,12,20,1,13,2,325,34.69325000,-82.87287778,12,1,0,1,0,0,1,0
450299,SOUTH CAROLINA,SC,1,0,1,55,0,ATTALLA,15,5,May,2010,7,Saturday,1,25,0,4,4,15,34.38389167,-80.74663611,53,2,0,1,0,0,1,1
450300,SOUTH CAROLINA,SC,1,1,1,63,0,BOLIGEE,21,5,May,2010,6,Friday,5,0,0,3,2,104,33.80240278,-81.43551389,8,2,0,1,0,0,1,0
450301,SOUTH CAROLINA,SC,1,0,1,61,0,BELLWOOD,27,5,May,2010,5,Thursday,15,55,1,1,1,1942,34.20555556,-80.38842222,57,1,0,1,0,0,1,0
450302,SOUTH CAROLINA,SC,1,1,1,79,0,COURTLAND,6,6,June,2010,1,Sunday,3,9,1,2,2,99999,33.94695556,-80.86783056,8,2,0,1,0,0,1,1
450303,SOUTH CAROLINA,SC,1,0,2,77,0,ANDERSON,9,6,June,2010,4,Wednesday,5,50,0,13,4,202,34.81493056,-82.53152778,32,4,0,1,0,0,2,1
450304,SOUTH CAROLINA,SC,2,0,3,63,0,BOLIGEE,13,6,June,2010,1,Sunday,10,30,0,14,3,19,34.07640833,-81.23003611,12,1,0,1,0,0,1,1
450305,SOUTH CAROLINA,SC,2,0,3,3,20,BALDWIN,16,6,June,2010,4,Wednesday,17,26,0,14,3,109,33.50937500,-81.73991111,12,1,0,1,0,0,1,1
450306,SOUTH CAROLINA,SC,1,1,1,79,0,COURTLAND,17,6,June,2010,5,Thursday,21,40,1,2,2,209,34.18617500,-80.96808056,8,3,0,1,0,0,1,0
450307,SOUTH CAROLINA,SC,1,0,1,29,0,BORDEN SPRINGS,18,6,June,2010,6,Friday,22,50,0,3,3,151,33.04698333,-80.59347222,1,2,0,1,0,0,1,1
450309,SOUTH CAROLINA,SC,1,0,4,47,0,BROWNS,25,4,April,2010,1,Sunday,3,0,1,2,2,259,34.10540833,-82.07950000,42,2,0,2,0,0,1,1
450310,SOUTH CAROLINA,SC,1,0,1,59,0,FRANKLIN,17,5,May,2010,2,Monday,17,10,1,1,1,140,34.43986667,-81.76141389,1,1,0,1,0,0,1,0
450311,SOUTH CAROLINA,SC,3,0,5,91,0,DAYTON,20,5,May,2010,5,Thursday,17,3,0,4,4,59,35.14700278,-81.11824167,12,1,0,1,0,0,1,0
450312,SOUTH CAROLINA,SC,2,2,2,41,0,BRANTLEY,24,5,May,2010,2,Monday,0,10,0,4,4,56,34.13514444,-79.66727222,12,2,0,5,0,0,1,1
450313,SOUTH CAROLINA,SC,1,1,1,45,0,ARITON,26,5,May,2010,4,Wednesday,19,15,0,5,5,99999,34.85797500,-82.43891667,8,1,0,1,0,0,1,0
450314,SOUTH CAROLINA,SC,2,0,2,3,0,BALDWIN,28,5,May,2010,6,Friday,22,30,0,4,4,43,33.49198333,-81.67253611,12,2,0,1,0,0,1,0
450315,SOUTH CAROLINA,SC,1,0,2,85,0,BENTON,30,5,May,2010,1,Sunday,20,35,0,4,4,224,34.03583889,-80.48549722,5,5,0,1,0,0,1,0
450316,SOUTH CAROLINA,SC,1,1,1,75,0,BEAVERTON,30,5,May,2010,1,Sunday,2,10,1,13,2,180,33.47677222,-80.81573056,8,3,0,1,0,0,1,0
450317,SOUTH CAROLINA,SC,1,1,1,61,0,BELLWOOD,31,5,May,2010,2,Monday,9,15,0,3,3,72,34.25703889,-80.24903333,9,1,0,1,0,0,1,0
450318,SOUTH CAROLINA,SC,2,0,4,77,0,ANDERSON,3,6,June,2010,5,Thursday,13,0,0,3,3,78,35.00469167,-82.62714444,12,1,0,1,0,0,1,0
450319,SOUTH CAROLINA,SC,1,1,1,45,0,ARITON,6,6,June,2010,1,Sunday,21,51,1,13,2,136,34.92351944,-82.30656667,8,2,0,1,0,0,1,1
450320,SOUTH CAROLINA,SC,2,0,6,45,0,ARITON,10,6,June,2010,5,Thursday,18,45,0,3,3,274,35.01200278,-82.25927222,12,1,0,1,0,0,1,1
450321,SOUTH CAROLINA,SC,1,1,1,85,2550,BENTON,11,6,June,2010,6,Friday,13,30,0,14,4,17,33.94154444,-80.34310278,9,1,0,1,0,0,1,0
450322,SOUTH CAROLINA,SC,1,0,1,73,0,ARGO,10,6,June,2010,5,Thursday,0,22,1,13,2,325,34.70196667,-82.89467778,35,2,0,1,0,0,1,1
450323,SOUTH CAROLINA,SC,2,0,3,9,0,BLOUNT,11,6,June,2010,6,Friday,8,50,1,2,2,168,33.34003056,-81.14008333,12,1,0,1,0,0,1,0
450324,SOUTH CAROLINA,SC,2,0,4,45,0,ARITON,13,6,June,2010,1,Sunday,15,47,0,15,4,23,34.89497778,-82.44599722,12,1,0,1,0,0,1,0
450325,SOUTH CAROLINA,SC,1,0,1,21,0,CHILTON,14,6,June,2010,2,Monday,11,50,0,4,4,18,35.05504722,-81.73501944,31,1,0,1,0,0,1,0
450326,SOUTH CAROLINA,SC,2,0,2,29,0,BORDEN SPRINGS,15,6,June,2010,3,Tuesday,15,15,0,3,3,143,32.96564722,-80.80809167,12,1,0,1,0,0,1,1
450327,SOUTH CAROLINA,SC,1,0,1,51,0,CENTRAL,19,6,June,2010,7,Saturday,23,38,0,5,5,99999,33.57440278,-79.04916389,34,2,0,1,0,0,1,0
450328,SOUTH CAROLINA,SC,2,0,5,83,2780,ARDMORE,21,6,June,2010,2,Monday,9,25,0,14,3,13,34.96597778,-82.10966944,12,1,0,1,0,0,2,0
450329,SOUTH CAROLINA,SC,1,0,1,87,0,ARMSTRONG,22,6,June,2010,3,Tuesday,6,55,0,3,3,193,34.72517778,-81.57983889,35,1,0,1,0,0,1,0
450330,SOUTH CAROLINA,SC,1,0,1,83,0,ARDMORE,23,6,June,2010,4,Wednesday,23,55,0,14,4,39,34.99632500,-82.05937500,42,2,0,1,0,0,1,1
450331,SOUTH CAROLINA,SC,1,0,1,39,0,ANDALUSIA,25,6,June,2010,6,Friday,1,0,0,3,3,34,34.53357222,-81.02078056,42,2,0,1,0,0,1,1
450332,SOUTH CAROLINA,SC,1,0,1,1,0,AUTAUGA,25,6,June,2010,6,Friday,22,57,0,4,4,52,34.24824167,-82.57710556,42,2,0,1,0,0,1,0
450333,SOUTH CAROLINA,SC,1,0,5,17,0,CHAMBERS,22,6,June,2010,3,Tuesday,20,30,0,4,4,23,33.59041944,-80.56531944,1,2,0,1,0,0,3,0
450334,SOUTH CAROLINA,SC,2,0,2,65,0,CYPRESS,27,6,June,2010,1,Sunday,17,10,0,3,3,100,33.85245556,-82.24167778,12,1,0,1,0,0,1,1
450335,SOUTH CAROLINA,SC,1,0,1,53,0,ATMORE,27,6,June,2010,1,Sunday,4,14,1,2,2,99999,32.69486667,-81.02803333,42,2,0,1,0,0,1,1
450336,SOUTH CAROLINA,SC,1,1,1,79,0,COURTLAND,2,7,July,2010,6,Friday,21,4,0,13,3,99999,34.06638333,-81.05275278,8,3,0,1,0,0,1,0
450337,SOUTH CAROLINA,SC,1,0,2,85,0,BENTON,2,7,July,2010,6,Friday,4,5,1,13,2,98,33.96329444,-80.46360833,42,2,0,10,0,0,1,1
450338,SOUTH CAROLINA,SC,1,0,1,63,0,BOLIGEE,3,7,July,2010,7,Saturday,18,30,0,4,4,99999,33.76441389,-80.98176944,1,1,0,1,0,0,1,1
450339,SOUTH CAROLINA,SC,1,0,1,19,85,CEDAR BLUFF,4,7,July,2010,1,Sunday,19,54,0,5,5,99999,33.04226944,-79.64693056,42,1,0,1,0,0,1,1
450340,SOUTH CAROLINA,SC,1,0,1,57,0,BANKSTON,7,7,July,2010,4,Wednesday,17,50,0,15,4,4,34.64941389,-80.75822222,1,1,0,1,0,0,1,0
450341,SOUTH CAROLINA,SC,1,1,1,41,0,BRANTLEY,15,5,May,2010,7,Saturday,3,0,0,4,4,25,34.00343611,-79.73366389,8,2,0,1,0,0,1,0
450342,SOUTH CAROLINA,SC,2,0,2,45,0,ARITON,17,6,June,2010,5,Thursday,21,18,0,15,4,11,34.87920556,-82.26201944,12,2,0,10,0,0,1,0
450343,SOUTH CAROLINA,SC,1,0,1,67,0,ABBEVILLE,27,6,June,2010,1,Sunday,8,48,0,15,4,109,34.17005556,-79.37004167,34,1,0,1,0,0,1,0
450344,SOUTH CAROLINA,SC,1,1,1,75,0,BEAVERTON,2,7,July,2010,6,Friday,3,0,0,4,4,10,33.43638333,-80.56308611,8,2,0,1,0,0,1,0
450345,SOUTH CAROLINA,SC,1,1,2,3,0,BALDWIN,4,7,July,2010,1,Sunday,0,5,0,3,3,194,33.64660000,-81.75034167,8,2,0,1,0,0,1,0
450346,SOUTH CAROLINA,SC,1,1,2,7,0,BIBB,7,7,July,2010,4,Wednesday,1,0,0,13,3,159,34.50998611,-82.68731111,8,2,0,1,0,0,1,1
450347,SOUTH CAROLINA,SC,1,0,1,51,0,CENTRAL,7,7,July,2010,4,Wednesday,22,10,0,3,3,88,33.84575556,-78.85072222,42,3,0,1,0,0,1,1
450348,SOUTH CAROLINA,SC,1,0,3,1,0,AUTAUGA,8,7,July,2010,5,Thursday,17,39,0,4,4,66,34.27094167,-82.57787778,1,1,0,1,0,0,1,1
450349,SOUTH CAROLINA,SC,1,0,1,55,0,ATTALLA,8,7,July,2010,5,Thursday,6,40,0,4,4,28,34.15219444,-80.76320278,52,1,0,1,0,0,1,0
450350,SOUTH CAROLINA,SC,2,0,5,23,0,BLADON SPRINGS,8,7,July,2010,5,Thursday,12,0,0,13,3,187,34.70891667,-81.18218333,12,1,0,1,0,0,1,0
450351,SOUTH CAROLINA,SC,2,0,2,19,410,CEDAR BLUFF,9,7,July,2010,6,Friday,13,45,1,13,2,99999,32.79250556,-80.04660000,12,1,0,1,0,0,1,0
450352,SOUTH CAROLINA,SC,3,0,3,51,0,CENTRAL,9,7,July,2010,6,Friday,2,5,1,2,2,9,33.58498611,-79.02753333,12,3,0,1,0,0,1,1
450353,SOUTH CAROLINA,SC,1,0,5,29,0,BORDEN SPRINGS,9,7,July,2010,6,Friday,17,40,1,1,1,130,32.85925833,-80.72809722,1,1,0,1,0,0,2,0
450354,SOUTH CAROLINA,SC,1,0,2,53,2150,ATMORE,10,7,July,2010,7,Saturday,8,49,1,1,1,51,32.50643333,-80.96949444,42,1,0,1,0,0,1,0
450355,SOUTH CAROLINA,SC,1,0,1,75,0,BEAVERTON,10,7,July,2010,7,Saturday,20,55,0,4,4,268,33.53978611,-80.85980278,42,2,0,2,0,0,1,1
450356,SOUTH CAROLINA,SC,2,0,3,67,0,ABBEVILLE,10,7,July,2010,7,Saturday,22,55,0,3,3,294,34.25636389,-79.26700000,12,2,0,1,0,0,1,1
450357,SOUTH CAROLINA,SC,2,0,3,77,0,ANDERSON,11,7,July,2010,1,Sunday,9,20,0,3,3,99999,34.88850000,-82.49732500,12,1,0,1,0,0,2,0
450358,SOUTH CAROLINA,SC,1,0,1,59,0,FRANKLIN,13,7,July,2010,3,Tuesday,13,0,1,1,1,79,34.48282222,-81.82587222,42,1,0,1,0,0,1,1
450359,SOUTH CAROLINA,SC,3,0,6,67,0,ABBEVILLE,16,7,July,2010,6,Friday,15,50,1,2,2,75,33.87704167,-79.36038611,12,1,0,1,0,0,2,0
450360,SOUTH CAROLINA,SC,2,0,5,7,0,BIBB,16,7,July,2010,6,Friday,16,45,1,2,2,306,34.65350833,-82.52075556,12,1,0,1,0,0,1,0
450361,SOUTH CAROLINA,SC,1,0,1,63,0,BOLIGEE,17,7,July,2010,7,Saturday,22,55,1,2,2,29,33.68721111,-81.19312778,30,2,0,1,0,0,1,1
450362,SOUTH CAROLINA,SC,1,0,1,27,0,ASHLAND,17,7,July,2010,7,Saturday,6,50,0,9,4,10,33.65453056,-80.26757222,1,1,0,1,0,0,1,0
450363,SOUTH CAROLINA,SC,1,0,1,3,0,BALDWIN,8,4,April,2010,5,Thursday,18,20,1,1,1,178,33.63112778,-81.79570278,1,1,0,1,0,0,1,0
450364,SOUTH CAROLINA,SC,1,0,1,59,0,FRANKLIN,22,5,May,2010,7,Saturday,23,45,0,4,4,63,34.56464167,-82.08808333,40,2,0,10,0,0,1,1
450365,SOUTH CAROLINA,SC,3,0,9,75,0,BEAVERTON,12,6,June,2010,7,Saturday,5,10,1,1,1,134,33.50103611,-80.45811667,12,3,0,1,0,0,1,1
450366,SOUTH CAROLINA,SC,2,0,2,19,1805,CEDAR BLUFF,20,6,June,2010,1,Sunday,21,33,0,13,2,111,32.92844444,-80.03428333,12,3,0,1,0,0,1,1
450367,SOUTH CAROLINA,SC,1,0,1,29,0,BORDEN SPRINGS,22,6,June,2010,3,Tuesday,16,10,0,4,4,12,33.07928056,-80.69046111,34,1,0,1,0,0,1,1
450368,SOUTH CAROLINA,SC,1,0,1,1,0,AUTAUGA,9,7,July,2010,6,Friday,19,1,0,3,3,221,34.41696389,-82.28746944,42,1,0,10,0,0,1,0
450369,SOUTH CAROLINA,SC,1,1,3,33,0,CHEROKEE,1,7,July,2010,5,Thursday,21,30,0,14,2,133,34.45030833,-79.34012778,9,2,0,1,0,0,1,0
450370,SOUTH CAROLINA,SC,1,0,1,15,0,ANNISTON,19,7,July,2010,2,Monday,0,14,1,13,2,99999,33.04687500,-80.10826944,35,2,0,1,0,0,1,1
450371,SOUTH CAROLINA,SC,1,0,2,29,0,BORDEN SPRINGS,19,7,July,2010,2,Monday,10,50,0,4,4,195,33.05853056,-80.52395000,1,1,0,1,0,0,1,1
450372,SOUTH CAROLINA,SC,2,0,2,55,0,ATTALLA,21,7,July,2010,4,Wednesday,21,30,1,2,2,221,34.32844722,-80.53111667,12,2,0,1,0,0,1,1
450373,SOUTH CAROLINA,SC,1,1,1,51,0,CENTRAL,23,7,July,2010,6,Friday,21,55,1,13,2,62,33.62712778,-78.99925278,8,2,0,1,0,0,1,0
450374,SOUTH CAROLINA,SC,1,0,1,87,0,ARMSTRONG,23,7,July,2010,6,Friday,4,0,0,4,4,4,34.71209167,-81.69043056,35,2,0,1,0,0,1,1
450375,SOUTH CAROLINA,SC,1,0,4,29,0,BORDEN SPRINGS,24,7,July,2010,7,Saturday,17,45,1,1,1,130,32.82943889,-80.74728056,42,1,0,1,0,0,1,0
450376,SOUTH CAROLINA,SC,2,0,2,51,0,CENTRAL,24,7,July,2010,7,Saturday,16,51,0,4,4,126,33.88626944,-78.83445833,12,1,0,1,0,0,2,0
450377,SOUTH CAROLINA,SC,2,0,2,7,0,BIBB,25,7,July,2010,1,Sunday,2,20,0,15,3,99999,34.79340000,-82.47724167,12,2,0,1,0,0,1,1
450378,SOUTH CAROLINA,SC,1,1,1,35,0,BROOKLYN,25,7,July,2010,1,Sunday,4,0,0,14,4,99999,32.98328889,-80.21873611,8,2,0,1,0,0,1,0
450379,SOUTH CAROLINA,SC,2,0,3,83,0,ARDMORE,26,7,July,2010,2,Monday,10,31,0,14,3,229,34.93551667,-82.21974722,12,1,0,1,0,0,1,0
450380,SOUTH CAROLINA,SC,2,0,2,39,0,ANDALUSIA,27,7,July,2010,3,Tuesday,7,50,0,3,3,80,34.46485000,-81.02961944,12,1,0,1,0,0,1,0
450381,SOUTH CAROLINA,SC,1,0,4,3,0,BALDWIN,27,7,July,2010,3,Tuesday,19,0,0,4,4,125,33.74271944,-81.56069722,35,1,0,1,0,0,1,0
450382,SOUTH CAROLINA,SC,1,0,5,73,0,ARGO,19,6,June,2010,7,Saturday,1,17,0,4,4,182,34.73766389,-83.05642500,30,2,0,1,0,0,1,1
450383,SOUTH CAROLINA,SC,2,0,2,7,0,BIBB,24,6,June,2010,5,Thursday,6,52,0,14,4,99999,34.53169722,-82.70383333,12,1,0,1,0,0,1,2
450384,SOUTH CAROLINA,SC,2,0,2,35,0,BROOKLYN,24,6,June,2010,5,Thursday,16,30,1,2,2,277,33.09725833,-80.27675556,12,1,0,1,0,0,1,0
450385,SOUTH CAROLINA,SC,1,0,1,35,0,BROOKLYN,5,7,July,2010,2,Monday,17,39,0,3,3,67,32.94346389,-80.32752500,30,1,0,1,0,0,1,0
450386,SOUTH CAROLINA,SC,1,0,1,41,0,BRANTLEY,30,7,July,2010,6,Friday,15,40,1,1,1,237,34.27317778,-79.69593889,1,1,0,1,0,0,1,0
450387,SOUTH CAROLINA,SC,2,0,4,57,0,BANKSTON,31,7,July,2010,7,Saturday,20,57,0,3,3,4,34.54746389,-80.57707778,12,2,0,2,0,0,1,1
450388,SOUTH CAROLINA,SC,1,0,4,33,0,CHEROKEE,1,8,August,2010,1,Sunday,13,0,1,1,1,93,34.36696111,-79.49543889,35,1,0,1,0,0,1,0
450389,SOUTH CAROLINA,SC,1,0,1,25,0,BARLOW BEND,2,8,August,2010,2,Monday,22,10,0,4,4,28,34.65672222,-80.30572500,35,2,0,1,0,0,1,1
450390,SOUTH CAROLINA,SC,3,1,1,83,0,ARDMORE,31,7,July,2010,7,Saturday,5,0,1,2,2,19,34.94916667,-82.19674722,14,3,0,10,0,0,1,1
450391,SOUTH CAROLINA,SC,2,0,3,17,0,CHAMBERS,6,7,July,2010,3,Tuesday,17,9,1,1,1,15,33.86036667,-81.03026389,57,1,0,1,0,0,1,0
450392,SOUTH CAROLINA,SC,1,0,3,53,1080,ATMORE,17,7,July,2010,7,Saturday,6,0,1,1,1,207,32.31227222,-81.05916667,52,2,0,1,0,0,1,0
450393,SOUTH CAROLINA,SC,4,0,5,33,0,CHEROKEE,24,7,July,2010,7,Saturday,7,25,0,3,3,62,34.34183056,-79.53302222,12,1,0,1,0,0,1,0
450394,SOUTH CAROLINA,SC,1,1,4,53,1080,ATMORE,25,7,July,2010,1,Sunday,0,18,1,1,1,51,32.27320000,-81.08064722,8,2,0,1,0,0,1,0
450395,SOUTH CAROLINA,SC,2,0,3,27,1620,ASHLAND,2,8,August,2010,2,Monday,12,10,0,15,3,125,33.69413889,-80.21083889,12,1,0,1,0,0,1,0
450396,SOUTH CAROLINA,SC,2,0,4,51,0,CENTRAL,3,8,August,2010,3,Tuesday,16,15,0,3,3,206,34.06282778,-78.85098056,12,1,0,1,0,0,1,0
450397,SOUTH CAROLINA,SC,2,0,4,39,0,ANDALUSIA,3,8,August,2010,3,Tuesday,11,15,1,1,1,99999,34.51663611,-80.99837778,12,1,0,1,0,0,1,1
450398,SOUTH CAROLINA,SC,1,0,1,19,1710,CEDAR BLUFF,2,8,August,2010,2,Monday,15,10,0,15,4,99999,32.81350000,-79.83035000,34,1,0,1,0,0,1,1
450399,SOUTH CAROLINA,SC,2,0,5,33,0,CHEROKEE,10,8,August,2010,3,Tuesday,23,25,0,4,4,26,34.46371944,-79.28794444,12,2,0,1,0,0,4,0
450400,SOUTH CAROLINA,SC,1,1,1,71,0,BRIDGEPORT,16,5,May,2010,1,Sunday,21,24,0,3,3,29,34.17293333,-81.87462222,18,2,0,2,0,0,1,0
450401,SOUTH CAROLINA,SC,1,0,4,83,0,ARDMORE,5,6,June,2010,7,Saturday,18,30,1,1,1,40,34.89596389,-82.15477500,1,1,0,1,0,0,2,0
450402,SOUTH CAROLINA,SC,1,0,1,19,1805,CEDAR BLUFF,3,8,August,2010,3,Tuesday,10,56,1,11,1,45,32.93428056,-80.04677222,1,1,0,1,0,0,1,1
450403,SOUTH CAROLINA,SC,1,1,1,13,0,BOLLING,4,8,August,2010,4,Wednesday,1,42,1,13,2,241,32.47403333,-80.73732500,9,2,0,1,0,0,1,0
450404,SOUTH CAROLINA,SC,2,0,2,23,0,BLADON SPRINGS,7,8,August,2010,7,Saturday,16,46,0,3,3,316,34.60449444,-80.99460000,12,1,0,1,0,0,1,0
450405,SOUTH CAROLINA,SC,1,0,1,75,0,BEAVERTON,8,8,August,2010,1,Sunday,0,35,1,2,2,274,33.46420556,-80.83890556,42,3,0,1,0,0,1,1
450406,SOUTH CAROLINA,SC,1,1,1,19,410,CEDAR BLUFF,21,7,July,2010,4,Wednesday,7,53,0,4,4,99999,32.77854444,-79.94733889,9,1,0,1,0,0,1,0
450407,SOUTH CAROLINA,SC,2,0,2,31,1100,COFFEE,12,5,May,2010,4,Wednesday,15,15,1,2,2,99999,34.36069167,-80.06767222,12,1,0,1,0,0,1,0
450408,SOUTH CAROLINA,SC,1,0,1,79,520,COURTLAND,12,7,July,2010,2,Monday,14,57,0,3,3,96,33.98187222,-81.02185278,1,1,0,10,0,0,1,1
450409,SOUTH CAROLINA,SC,1,0,6,55,0,ATTALLA,25,7,July,2010,1,Sunday,8,58,1,1,1,72,34.19295556,-80.67775833,1,1,0,1,0,0,1,0
450410,SOUTH CAROLINA,SC,4,0,10,51,1730,CENTRAL,31,7,July,2010,7,Saturday,19,20,1,2,2,99999,33.71123889,-78.86153611,12,2,0,1,0,0,1,1
450411,SOUTH CAROLINA,SC,1,1,2,79,0,COURTLAND,31,7,July,2010,7,Saturday,4,53,1,13,2,56,34.06620556,-81.02361111,8,2,0,10,0,0,1,0
450412,SOUTH CAROLINA,SC,3,1,6,31,0,COFFEE,3,8,August,2010,3,Tuesday,12,25,0,4,4,57,34.27023333,-79.81923611,8,1,0,1,0,0,1,0
450413,SOUTH CAROLINA,SC,1,0,1,83,0,ARDMORE,3,8,August,2010,3,Tuesday,12,45,0,4,4,235,35.15963611,-82.20794722,1,1,0,1,0,0,1,0
450414,SOUTH CAROLINA,SC,1,0,1,73,0,ARGO,4,8,August,2010,4,Wednesday,17,35,0,3,3,142,34.99439167,-83.05269167,42,1,0,1,0,0,1,1
450415,SOUTH CAROLINA,SC,1,0,1,19,1710,CEDAR BLUFF,6,8,August,2010,6,Friday,16,5,0,4,4,99999,32.79181944,-79.90270556,33,1,0,1,0,0,1,1
450416,SOUTH CAROLINA,SC,3,0,5,7,0,BIBB,12,8,August,2010,5,Thursday,14,0,0,3,3,52,34.66950000,-82.52517778,12,1,0,1,0,0,2,0