ST_CASE,State Name,State Abbreviation,VE_TOTAL,Pedestrains,Total_Persons_in_accident,COUNTY,CITY,City_County_Name,Calendar_DAY,MONTH,Month_Name,YEAR,DAY_WEEK,Day_Week_desc,HOUR,MINUTE,NHS_Desc,trafficway,ROUTE,MILEPT,LATITUDE,LONGITUD,First_Crash_event,Light_cond_desc,Weather_condition,WEATHER,SCH_BUS,Crash_cause,FATALS,DRUNK_DR
450417,SOUTH CAROLINA,SC,1,1,1,25,0,BARLOW BEND,12,8,August,2010,5,Thursday,2,10,1,2,2,298,34.65894444,-79.90596667,8,2,0,1,0,0,1,0
450419,SOUTH CAROLINA,SC,1,1,2,19,410,CEDAR BLUFF,31,1,January,2010,1,Sunday,20,20,0,13,3,99999,32.71519722,-79.96540556,9,3,0,1,0,0,1,0
450421,SOUTH CAROLINA,SC,1,0,11,29,0,BORDEN SPRINGS,4,8,August,2010,4,Wednesday,19,37,1,1,1,18,32.74678611,-80.83259444,1,1,0,1,0,0,2,0
450422,SOUTH CAROLINA,SC,1,0,1,19,1805,CEDAR BLUFF,9,8,August,2010,2,Monday,17,15,0,4,4,19,32.98159722,-80.10273333,34,1,0,1,0,0,1,1
450423,SOUTH CAROLINA,SC,2,0,2,79,0,COURTLAND,14,8,August,2010,7,Saturday,16,0,1,13,2,99999,34.08561389,-81.02537222,12,1,0,1,0,0,1,0
450424,SOUTH CAROLINA,SC,1,0,1,87,0,ARMSTRONG,20,8,August,2010,6,Friday,19,35,0,4,4,50,34.76696389,-81.72180278,42,1,0,1,0,0,1,1
450425,SOUTH CAROLINA,SC,1,0,1,25,0,BARLOW BEND,21,8,August,2010,7,Saturday,3,0,0,4,4,26,34.70320000,-80.03874722,34,2,0,1,0,0,1,1
450426,SOUTH CAROLINA,SC,1,0,1,51,0,CENTRAL,24,8,August,2010,3,Tuesday,5,30,0,3,3,148,34.14029722,-78.94895556,34,2,0,1,0,0,1,1
450427,SOUTH CAROLINA,SC,2,0,2,83,0,ARDMORE,10,8,August,2010,3,Tuesday,7,5,0,13,3,99999,34.87984167,-82.06031667,12,1,0,1,0,0,1,0
450428,SOUTH CAROLINA,SC,1,0,2,63,0,BOLIGEE,15,8,August,2010,1,Sunday,14,50,1,1,1,99999,33.81427500,-81.45469722,42,1,0,10,0,0,2,1
450429,SOUTH CAROLINA,SC,1,0,1,25,0,BARLOW BEND,21,8,August,2010,7,Saturday,16,40,0,3,3,99999,34.80101111,-80.09719722,1,1,0,1,0,0,1,1
450430,SOUTH CAROLINA,SC,3,0,3,35,0,BROOKLYN,24,8,August,2010,3,Tuesday,7,45,0,3,3,99999,32.89616389,-80.13633611,12,1,0,1,0,0,1,0
450431,SOUTH CAROLINA,SC,2,0,4,21,0,CHILTON,25,8,August,2010,4,Wednesday,15,9,0,3,3,99999,35.13493056,-81.80308333,12,1,0,1,0,0,1,0
450432,SOUTH CAROLINA,SC,1,0,1,15,0,ANNISTON,28,8,August,2010,7,Saturday,15,1,0,4,4,99999,33.14613889,-80.13316111,34,1,0,1,0,0,1,0
450433,SOUTH CAROLINA,SC,1,0,3,41,870,BRANTLEY,28,8,August,2010,7,Saturday,19,30,0,4,4,99999,34.22386667,-79.75271667,32,1,0,1,0,0,1,1
450434,SOUTH CAROLINA,SC,1,0,1,19,15,CEDAR BLUFF,29,8,August,2010,1,Sunday,2,28,0,3,3,99999,32.72065000,-80.34833889,34,2,0,1,0,0,1,1
450435,SOUTH CAROLINA,SC,1,0,3,75,0,BEAVERTON,9,7,July,2010,6,Friday,3,30,1,1,1,56,33.38257500,-80.51922778,52,2,0,1,0,0,1,0
450436,SOUTH CAROLINA,SC,1,0,6,63,0,BOLIGEE,29,5,May,2010,7,Saturday,12,54,1,1,1,22,34.17211667,-81.30689722,1,1,0,1,0,0,1,0
450437,SOUTH CAROLINA,SC,1,0,1,79,520,COURTLAND,20,6,June,2010,1,Sunday,18,15,0,15,4,14,33.97496944,-80.92722500,53,1,0,2,0,0,1,1
450438,SOUTH CAROLINA,SC,1,0,1,37,0,BRADFORD,3,8,August,2010,3,Tuesday,0,15,0,4,4,13,33.75952500,-81.93839444,42,2,0,1,0,0,1,1
450439,SOUTH CAROLINA,SC,1,0,1,71,0,BRIDGEPORT,7,8,August,2010,7,Saturday,12,18,0,4,4,131,34.32635556,-81.62953333,32,1,0,1,0,0,1,0
450440,SOUTH CAROLINA,SC,1,0,1,45,0,ARITON,8,8,August,2010,1,Sunday,16,20,1,13,2,243,34.79970833,-82.42484167,33,1,0,1,0,0,1,1
450441,SOUTH CAROLINA,SC,1,1,4,51,1730,CENTRAL,12,8,August,2010,5,Thursday,18,50,0,14,4,99999,33.71413056,-78.88715833,8,1,0,1,0,0,1,0
450442,SOUTH CAROLINA,SC,1,0,4,83,0,ARDMORE,15,8,August,2010,1,Sunday,10,22,0,4,4,58,35.09877500,-81.92453333,42,1,0,10,0,0,1,0
450444,SOUTH CAROLINA,SC,1,1,1,51,1825,CENTRAL,17,8,August,2010,3,Tuesday,1,31,1,2,2,99999,33.79790833,-78.74210278,8,3,0,1,0,0,1,0
450445,SOUTH CAROLINA,SC,2,0,6,57,0,BANKSTON,25,8,August,2010,4,Wednesday,23,30,1,2,2,99999,34.82722500,-80.80328333,12,2,0,1,0,0,1,0
450446,SOUTH CAROLINA,SC,1,0,1,75,0,BEAVERTON,2,9,September,2010,5,Thursday,9,10,0,4,4,40,33.65888889,-81.08665556,42,1,0,1,0,0,1,0
450447,SOUTH CAROLINA,SC,2,0,4,13,140,BOLLING,7,8,August,2010,7,Saturday,23,0,0,14,3,11,32.24391389,-80.98022500,12,2,0,1,0,0,1,1
450448,SOUTH CAROLINA,SC,2,0,4,75,0,BEAVERTON,28,8,August,2010,7,Saturday,13,40,0,3,3,136,33.63470278,-81.20008056,53,1,0,1,0,0,2,1
450449,SOUTH CAROLINA,SC,1,0,1,59,0,FRANKLIN,1,9,September,2010,4,Wednesday,22,30,1,1,1,68,34.57252222,-81.89247500,35,2,0,1,0,0,1,1
450450,SOUTH CAROLINA,SC,1,1,1,31,0,COFFEE,2,9,September,2010,5,Thursday,3,45,0,14,2,99999,34.39214444,-80.02896389,8,2,0,1,0,0,1,0
450451,SOUTH CAROLINA,SC,2,0,3,51,0,CENTRAL,4,9,September,2010,7,Saturday,15,10,1,2,2,45,34.01766389,-79.21867778,12,1,0,1,0,0,1,1
450452,SOUTH CAROLINA,SC,1,0,1,39,0,ANDALUSIA,4,9,September,2010,7,Saturday,4,40,0,3,3,268,34.30696667,-81.00490000,42,2,0,1,0,0,1,1
450453,SOUTH CAROLINA,SC,3,0,3,43,0,BAILEYTON,5,9,September,2010,1,Sunday,16,49,1,2,2,29,33.42331111,-79.28163611,12,1,0,1,0,0,1,2
450454,SOUTH CAROLINA,SC,1,0,1,89,0,BROWNSBORO,6,9,September,2010,2,Monday,3,50,0,3,3,248,33.72769444,-79.62203889,24,2,0,1,0,0,1,1
450455,SOUTH CAROLINA,SC,2,0,3,33,0,CHEROKEE,6,9,September,2010,2,Monday,12,24,0,4,4,56,34.47719722,-79.35570833,12,1,0,1,0,0,1,0
450456,SOUTH CAROLINA,SC,1,0,1,69,0,ASHFORD,6,9,September,2010,2,Monday,19,35,0,4,4,99999,34.56022222,-79.70224722,42,5,0,1,0,0,1,1
450457,SOUTH CAROLINA,SC,1,0,1,19,85,CEDAR BLUFF,12,9,September,2010,1,Sunday,0,22,0,4,4,99999,32.92822778,-79.73773889,42,2,0,1,0,0,1,1
450458,SOUTH CAROLINA,SC,2,0,7,29,0,BORDEN SPRINGS,9,4,April,2010,6,Friday,7,48,1,1,1,18,32.75551944,-80.82341111,12,1,0,1,0,0,1,0
450459,SOUTH CAROLINA,SC,2,0,3,41,0,BRANTLEY,12,4,April,2010,2,Monday,12,12,0,4,4,70,33.98955833,-79.81039444,12,1,0,1,0,0,1,0
450460,SOUTH CAROLINA,SC,2,0,3,79,0,COURTLAND,15,5,May,2010,7,Saturday,3,0,0,3,3,109,33.89104444,-80.68273611,12,2,0,1,0,0,1,0
450461,SOUTH CAROLINA,SC,1,0,1,45,0,ARITON,29,7,July,2010,5,Thursday,20,53,0,4,4,39,34.91535556,-82.42921944,33,2,0,1,0,0,1,0
450462,SOUTH CAROLINA,SC,2,0,4,29,0,BORDEN SPRINGS,4,8,August,2010,4,Wednesday,1,36,1,1,1,220,32.99880278,-80.66986111,12,2,0,1,0,0,1,1
450463,SOUTH CAROLINA,SC,2,0,2,89,0,BROWNSBORO,7,8,August,2010,7,Saturday,5,30,0,3,3,290,33.64577778,-79.43471389,12,2,0,1,0,0,1,0
450464,SOUTH CAROLINA,SC,1,1,1,19,875,CEDAR BLUFF,8,8,August,2010,1,Sunday,0,35,0,4,4,2,32.65671944,-79.94441944,8,3,0,1,0,0,1,0
450465,SOUTH CAROLINA,SC,2,0,2,9,0,BLOUNT,11,8,August,2010,4,Wednesday,17,11,1,2,2,106,33.30191111,-81.05361111,12,1,0,1,0,0,1,0
450466,SOUTH CAROLINA,SC,2,0,2,79,0,COURTLAND,12,9,September,2010,1,Sunday,4,5,1,2,2,109,33.90418889,-80.67217778,12,2,0,1,0,0,1,2
450467,SOUTH CAROLINA,SC,1,0,5,15,0,ANNISTON,5,9,September,2010,1,Sunday,19,20,0,3,3,19,33.42904167,-80.00484444,1,5,0,1,0,0,2,1
450468,SOUTH CAROLINA,SC,1,1,1,63,2790,BOLIGEE,10,4,April,2010,7,Saturday,20,50,0,14,3,95,33.97198056,-81.08880000,8,3,0,1,0,0,1,0
450469,SOUTH CAROLINA,SC,1,0,1,79,0,COURTLAND,21,8,August,2010,7,Saturday,7,0,0,14,4,83,33.97902500,-80.86010556,42,4,0,1,0,0,1,1
450470,SOUTH CAROLINA,SC,1,0,1,15,0,ANNISTON,21,8,August,2010,7,Saturday,4,35,0,3,3,156,33.27324722,-80.12286111,42,2,0,1,0,0,1,1
450471,SOUTH CAROLINA,SC,1,0,1,33,620,CHEROKEE,24,8,August,2010,3,Tuesday,17,15,0,14,2,99999,34.41470000,-79.37231667,30,1,0,1,0,0,1,0
450472,SOUTH CAROLINA,SC,1,1,1,13,240,BOLLING,26,8,August,2010,5,Thursday,22,40,0,15,4,85,32.24296944,-80.87800000,9,2,0,1,0,0,1,1
450473,SOUTH CAROLINA,SC,1,0,1,25,0,BARLOW BEND,30,8,August,2010,2,Monday,18,30,0,4,4,25,34.48858889,-80.15607778,35,1,0,1,0,0,1,0
450474,SOUTH CAROLINA,SC,1,1,1,53,0,ATMORE,31,8,August,2010,3,Tuesday,5,45,1,2,2,99999,32.11936389,-81.06961667,8,2,0,1,0,0,1,0
450475,SOUTH CAROLINA,SC,2,0,2,61,0,BELLWOOD,1,9,September,2010,4,Wednesday,4,23,1,1,1,102,34.19366389,-80.27289444,12,2,0,1,0,0,1,1
450476,SOUTH CAROLINA,SC,2,0,2,41,0,BRANTLEY,4,9,September,2010,7,Saturday,9,32,0,4,4,99999,34.16306111,-79.83846111,12,1,0,1,0,0,1,0
450477,SOUTH CAROLINA,SC,2,0,2,15,0,ANNISTON,2,9,September,2010,5,Thursday,5,40,1,2,2,191,33.23735833,-79.96441944,12,2,0,1,0,0,1,0
450478,SOUTH CAROLINA,SC,1,0,3,19,15,CEDAR BLUFF,4,9,September,2010,7,Saturday,5,43,0,4,4,42,32.74440278,-80.39443056,7,3,0,1,0,0,2,1
450479,SOUTH CAROLINA,SC,1,0,1,51,0,CENTRAL,7,9,September,2010,3,Tuesday,14,25,0,3,3,99999,34.02236111,-79.02216944,1,1,0,1,0,0,1,0
450480,SOUTH CAROLINA,SC,2,0,3,7,0,BIBB,8,9,September,2010,4,Wednesday,8,20,1,2,2,104,34.59287222,-82.68550833,12,1,0,1,0,0,1,0
450481,SOUTH CAROLINA,SC,1,0,1,13,0,BOLLING,9,9,September,2010,5,Thursday,1,50,0,15,4,110,32.24888611,-80.83478333,42,2,0,1,0,0,1,1
450482,SOUTH CAROLINA,SC,2,0,2,3,0,BALDWIN,11,9,September,2010,7,Saturday,12,15,1,13,2,58,33.51120000,-81.86943056,12,1,0,1,0,0,1,0
450483,SOUTH CAROLINA,SC,1,0,2,57,0,BANKSTON,13,9,September,2010,2,Monday,9,30,0,3,3,99999,34.50390556,-80.82259722,34,1,0,1,0,0,1,0
450484,SOUTH CAROLINA,SC,1,0,1,83,0,ARDMORE,22,8,August,2010,1,Sunday,3,0,0,14,4,16,35.01906667,-81.82681667,53,2,0,1,0,0,1,1
450485,SOUTH CAROLINA,SC,2,0,2,45,0,ARITON,23,8,August,2010,2,Monday,6,30,1,2,2,99999,35.05062222,-82.51586389,12,4,0,1,0,0,1,0
450486,SOUTH CAROLINA,SC,2,0,2,75,0,BEAVERTON,28,8,August,2010,7,Saturday,10,0,1,1,1,168,33.43072500,-80.69200556,12,1,0,1,0,0,1,1
450487,SOUTH CAROLINA,SC,1,0,1,77,0,ANDERSON,7,9,September,2010,3,Tuesday,0,40,0,4,4,40,34.81193611,-82.75447500,32,2,0,1,0,0,1,1
450488,SOUTH CAROLINA,SC,1,0,3,19,410,CEDAR BLUFF,14,9,September,2010,3,Tuesday,17,30,1,2,2,178,32.78164722,-80.21950833,42,1,0,1,0,0,1,0
450489,SOUTH CAROLINA,SC,1,0,2,19,1245,CEDAR BLUFF,22,9,September,2010,4,Wednesday,3,54,0,4,4,99999,32.75411111,-80.11505000,42,2,0,1,0,0,1,0
450490,SOUTH CAROLINA,SC,1,1,1,19,410,CEDAR BLUFF,24,9,September,2010,6,Friday,0,11,1,2,2,99999,32.79863889,-80.08994444,8,2,0,1,0,0,1,0
450491,SOUTH CAROLINA,SC,1,1,2,19,410,CEDAR BLUFF,26,9,September,2010,1,Sunday,3,0,0,14,3,99999,32.80170556,-80.01737500,8,3,0,1,0,0,1,1
450492,SOUTH CAROLINA,SC,1,0,1,89,0,BROWNSBORO,18,9,September,2010,7,Saturday,12,15,0,4,4,99999,33.40862500,-79.77606389,42,1,0,1,0,0,1,1
450493,SOUTH CAROLINA,SC,2,0,2,15,0,ANNISTON,1,9,September,2010,4,Wednesday,15,52,0,3,3,99999,33.20637778,-80.30482222,12,1,0,1,0,0,1,0
450494,SOUTH CAROLINA,SC,1,0,2,45,0,ARITON,31,7,July,2010,7,Saturday,0,30,0,14,3,285,34.85156667,-82.45089167,5,2,0,1,0,0,1,0
450495,SOUTH CAROLINA,SC,2,0,5,7,0,BIBB,20,8,August,2010,6,Friday,23,1,0,4,4,21,34.40967222,-82.62898889,12,2,0,10,0,0,1,1
450496,SOUTH CAROLINA,SC,1,0,1,47,0,BROWNS,30,8,August,2010,2,Monday,3,30,0,3,3,65,34.28158056,-82.20078056,34,2,0,1,0,0,1,0
450497,SOUTH CAROLINA,SC,1,1,2,55,0,ATTALLA,16,9,September,2010,5,Thursday,0,28,1,2,2,170,34.25973611,-80.57308611,8,3,0,1,0,0,1,0
450498,SOUTH CAROLINA,SC,1,0,1,63,0,BOLIGEE,17,9,September,2010,6,Friday,22,25,0,13,3,99999,33.93218056,-81.11480833,33,3,0,1,0,0,1,1
450499,SOUTH CAROLINA,SC,2,0,2,89,0,BROWNSBORO,27,9,September,2010,2,Monday,17,27,0,3,3,261,33.73697500,-79.59384444,12,1,0,10,0,0,1,0
450500,SOUTH CAROLINA,SC,2,0,2,73,0,ARGO,25,8,August,2010,4,Wednesday,15,35,0,3,3,354,34.91341944,-82.93424722,12,1,0,1,0,0,1,0
450501,SOUTH CAROLINA,SC,1,1,1,83,0,ARDMORE,19,9,September,2010,1,Sunday,19,45,0,4,4,99999,34.91433611,-81.87110556,8,2,0,1,0,0,1,1
450502,SOUTH CAROLINA,SC,1,0,1,51,0,CENTRAL,24,9,September,2010,6,Friday,16,0,0,3,3,188,33.92530833,-78.78317222,42,1,0,1,0,0,1,1
450503,SOUTH CAROLINA,SC,1,0,1,83,0,ARDMORE,25,9,September,2010,7,Saturday,4,0,1,1,1,10,34.93741667,-81.99693333,38,2,0,1,0,0,1,1
450504,SOUTH CAROLINA,SC,1,0,1,59,0,FRANKLIN,2,10,October,2010,7,Saturday,6,0,0,4,4,26,34.40577778,-82.20541389,42,2,0,1,0,0,1,0
450505,SOUTH CAROLINA,SC,1,1,2,43,0,BAILEYTON,3,10,October,2010,1,Sunday,2,25,1,2,2,114,33.61176111,-79.19675000,8,2,0,1,0,0,1,0
450506,SOUTH CAROLINA,SC,1,0,1,91,0,DAYTON,3,10,October,2010,1,Sunday,0,1,0,3,3,99999,35.03055833,-81.29578056,42,2,0,1,0,0,1,1
450507,SOUTH CAROLINA,SC,1,1,2,13,140,BOLLING,11,8,August,2010,4,Wednesday,0,50,1,2,2,99999,32.26880833,-80.86207778,8,3,0,1,0,0,1,0
450508,SOUTH CAROLINA,SC,1,0,1,45,0,ARITON,27,9,September,2010,2,Monday,18,16,0,5,5,99999,34.94480556,-82.28815556,1,1,0,10,0,0,1,1
450509,SOUTH CAROLINA,SC,1,0,2,7,0,BIBB,28,9,September,2010,3,Tuesday,8,0,0,4,4,14,34.58566667,-82.48350556,39,1,0,10,0,0,1,0
450510,SOUTH CAROLINA,SC,2,0,4,83,0,ARDMORE,28,9,September,2010,3,Tuesday,14,34,0,3,3,207,35.16268611,-81.89427778,12,1,0,1,0,0,2,0
450511,SOUTH CAROLINA,SC,1,0,2,27,0,ASHLAND,21,8,August,2010,7,Saturday,6,25,1,1,1,90,33.59324444,-80.34533611,21,4,0,1,0,0,2,0
450512,SOUTH CAROLINA,SC,1,1,1,83,0,ARDMORE,25,8,August,2010,4,Wednesday,17,25,1,2,2,99999,34.94796944,-82.20258333,8,1,0,1,0,0,1,0
450513,SOUTH CAROLINA,SC,1,0,1,77,0,ANDERSON,2,9,September,2010,5,Thursday,7,50,1,12,2,141,34.79280000,-82.65096111,35,1,0,1,0,0,1,0
450514,SOUTH CAROLINA,SC,1,1,1,45,0,ARITON,2,9,September,2010,5,Thursday,5,5,0,3,3,80,34.66544167,-82.25167778,8,2,0,1,0,0,1,0
450515,SOUTH CAROLINA,SC,2,0,2,45,0,ARITON,7,9,September,2010,3,Tuesday,19,15,0,3,3,99,35.00578056,-82.36184167,12,5,0,1,0,0,1,1
450516,SOUTH CAROLINA,SC,1,0,1,27,0,ASHLAND,25,9,September,2010,7,Saturday,23,17,1,2,2,349,33.85409444,-80.04690278,23,2,0,1,0,0,1,0
450517,SOUTH CAROLINA,SC,3,0,7,75,0,BEAVERTON,26,9,September,2010,1,Sunday,11,20,1,1,1,21,33.59077778,-80.85332500,57,1,0,2,0,0,1,0
450518,SOUTH CAROLINA,SC,1,0,1,79,0,COURTLAND,29,9,September,2010,4,Wednesday,3,36,0,3,3,85,33.91882778,-80.95091389,35,2,0,2,0,0,1,1
450519,SOUTH CAROLINA,SC,1,0,1,77,0,ANDERSON,30,8,August,2010,2,Monday,23,10,0,4,4,63,34.93942222,-82.75880833,35,2,0,1,0,0,1,1
450520,SOUTH CAROLINA,SC,2,0,3,77,0,ANDERSON,1,9,September,2010,4,Wednesday,15,50,0,14,2,218,34.83067778,-82.70413333,12,1,0,1,0,0,1,0
450521,SOUTH CAROLINA,SC,1,0,1,7,0,BIBB,2,9,September,2010,5,Thursday,17,20,0,5,5,99999,34.71794722,-82.50041389,1,1,0,1,0,0,1,0
450522,SOUTH CAROLINA,SC,1,1,1,33,0,CHEROKEE,10,9,September,2010,6,Friday,18,48,0,14,2,14,34.45490833,-79.33768333,8,1,0,1,0,0,1,0
450523,SOUTH CAROLINA,SC,2,0,3,31,0,COFFEE,10,9,September,2010,6,Friday,11,10,0,3,3,24,34.40740556,-80.05484167,12,1,0,1,0,0,1,0
450524,SOUTH CAROLINA,SC,1,1,1,19,410,CEDAR BLUFF,13,9,September,2010,2,Monday,13,6,0,4,4,99999,32.73945833,-79.98300000,8,1,0,1,0,0,1,0
450525,SOUTH CAROLINA,SC,1,0,1,15,0,ANNISTON,25,9,September,2010,7,Saturday,99,99,0,3,3,116,33.28060278,-80.16122778,42,1,0,1,0,0,1,0
450526,SOUTH CAROLINA,SC,1,0,3,15,0,ANNISTON,26,9,September,2010,1,Sunday,23,25,1,1,1,9,33.12116389,-80.27778611,42,2,0,2,0,0,1,0
450527,SOUTH CAROLINA,SC,1,0,1,45,1040,ARITON,2,10,October,2010,7,Saturday,2,16,0,4,4,99999,34.88300833,-82.39372778,35,3,0,1,0,0,1,1
450528,SOUTH CAROLINA,SC,2,0,6,13,140,BOLLING,3,10,October,2010,1,Sunday,16,50,1,13,2,99999,32.21625000,-80.70642500,12,1,0,1,0,0,1,1
450529,SOUTH CAROLINA,SC,1,0,1,83,0,ARDMORE,6,10,October,2010,4,Wednesday,0,5,1,11,1,99999,35.01175556,-81.97671944,57,2,0,10,0,0,1,1
450530,SOUTH CAROLINA,SC,1,0,1,51,0,CENTRAL,6,10,October,2010,4,Wednesday,16,0,0,4,4,14,33.94770278,-78.87252222,34,1,0,1,0,0,1,1
450531,SOUTH CAROLINA,SC,1,0,1,59,0,FRANKLIN,8,10,October,2010,6,Friday,1,0,1,2,2,125,34.51302778,-82.09074444,42,2,0,1,0,0,1,1
450532,SOUTH CAROLINA,SC,1,0,1,41,0,BRANTLEY,9,10,October,2010,7,Saturday,5,38,0,4,4,27,34.01798611,-79.75104444,10,2,0,1,0,0,1,0
450533,SOUTH CAROLINA,SC,1,0,1,51,0,CENTRAL,9,10,October,2010,7,Saturday,21,5,0,4,4,80,33.71509444,-78.92264722,33,2,0,1,0,0,1,1
450534,SOUTH CAROLINA,SC,2,0,2,15,0,ANNISTON,10,10,October,2010,1,Sunday,18,5,0,4,4,115,33.07546944,-79.79666111,34,1,0,1,0,0,1,1
450535,SOUTH CAROLINA,SC,1,1,2,75,1870,BEAVERTON,11,10,October,2010,2,Monday,11,50,0,14,2,99999,33.50937500,-80.85431111,8,1,0,1,0,0,1,0
450536,SOUTH CAROLINA,SC,2,0,3,91,0,DAYTON,16,8,August,2010,2,Monday,14,45,1,1,1,167,35.04802222,-80.95928056,12,1,0,1,0,0,1,1
450537,SOUTH CAROLINA,SC,2,0,7,41,0,BRANTLEY,11,9,September,2010,7,Saturday,14,52,1,1,1,67,34.08799444,-79.93527778,12,1,0,1,0,0,1,0
450538,SOUTH CAROLINA,SC,2,0,2,79,0,COURTLAND,13,9,September,2010,2,Monday,20,45,1,2,2,155,34.18560556,-81.04279444,12,2,0,1,0,0,1,0
450539,SOUTH CAROLINA,SC,2,0,4,79,0,COURTLAND,17,9,September,2010,6,Friday,21,50,0,3,3,8,33.99752778,-80.82628611,12,2,0,1,0,0,1,1
450540,SOUTH CAROLINA,SC,2,0,2,45,0,ARITON,22,9,September,2010,4,Wednesday,23,41,1,13,2,34,34.83800556,-82.43016111,12,2,0,1,0,0,1,0
450541,SOUTH CAROLINA,SC,1,0,1,79,0,COURTLAND,29,9,September,2010,4,Wednesday,1,14,0,5,5,65,34.13997500,-80.88237778,42,2,0,1,0,0,1,1
450542,SOUTH CAROLINA,SC,1,0,1,33,0,CHEROKEE,30,9,September,2010,5,Thursday,13,40,0,4,4,239,34.34938889,-79.20486111,34,1,0,10,0,0,1,0
450543,SOUTH CAROLINA,SC,2,0,7,71,0,BRIDGEPORT,1,10,October,2010,6,Friday,21,20,1,2,2,34,34.35151389,-81.71167500,12,2,0,1,0,0,2,0
450544,SOUTH CAROLINA,SC,1,0,1,75,0,BEAVERTON,3,10,October,2010,1,Sunday,2,20,0,4,4,29,33.38501389,-80.27151944,42,2,0,1,0,0,1,1
450545,SOUTH CAROLINA,SC,1,0,3,27,0,ASHLAND,3,10,October,2010,1,Sunday,7,0,0,4,4,35,33.74678889,-80.26147778,42,4,0,1,0,0,3,1
450546,SOUTH CAROLINA,SC,2,0,1,79,0,COURTLAND,3,10,October,2010,1,Sunday,22,24,0,13,3,56,33.94670556,-80.98850833,14,3,0,1,0,0,1,1
450547,SOUTH CAROLINA,SC,2,0,3,3,0,BALDWIN,4,10,October,2010,2,Monday,23,0,1,1,1,361,33.79134444,-81.47662778,12,2,0,1,0,0,1,0
450548,SOUTH CAROLINA,SC,2,0,2,85,0,BENTON,6,10,October,2010,4,Wednesday,17,5,0,13,3,28,33.98742500,-80.49107500,12,1,0,1,0,0,1,0
450549,SOUTH CAROLINA,SC,1,1,1,45,0,ARITON,6,10,October,2010,4,Wednesday,15,30,1,13,2,284,34.85128333,-82.45050556,15,1,0,1,0,0,1,0
450550,SOUTH CAROLINA,SC,2,0,2,83,0,ARDMORE,7,10,October,2010,5,Thursday,14,15,0,3,3,76,35.02117500,-82.10563611,12,1,0,1,0,0,1,0
450551,SOUTH CAROLINA,SC,2,0,2,11,0,BULLOCK,7,10,October,2010,5,Thursday,17,40,0,4,4,29,33.27909444,-81.45456667,12,1,0,1,0,0,1,0
450552,SOUTH CAROLINA,SC,2,0,2,3,0,BALDWIN,8,10,October,2010,6,Friday,23,30,0,15,4,22,33.52089722,-81.89234722,12,2,0,1,0,0,1,1
450553,SOUTH CAROLINA,SC,1,0,1,3,0,BALDWIN,9,10,October,2010,7,Saturday,16,5,1,1,1,221,33.67785556,-81.63893333,42,1,0,1,0,0,1,1
450554,SOUTH CAROLINA,SC,1,0,1,45,0,ARITON,9,10,October,2010,7,Saturday,17,50,0,14,4,7,34.86262222,-82.43303889,34,1,0,1,0,0,1,1
450555,SOUTH CAROLINA,SC,2,0,2,45,0,ARITON,9,10,October,2010,7,Saturday,21,19,1,13,2,271,34.83391944,-82.44428056,12,2,0,1,0,0,1,0
450556,SOUTH CAROLINA,SC,1,0,2,75,0,BEAVERTON,10,10,October,2010,1,Sunday,0,15,1,2,2,458,33.29265556,-80.62604444,1,2,0,1,0,0,1,1
450557,SOUTH CAROLINA,SC,1,0,1,79,0,COURTLAND,10,10,October,2010,1,Sunday,4,10,1,2,2,99999,33.92630556,-80.68350833,32,2,0,1,0,0,1,1
450558,SOUTH CAROLINA,SC,1,0,1,83,0,ARDMORE,12,10,October,2010,3,Tuesday,22,10,1,13,2,307,34.92615833,-81.84423889,42,2,0,1,0,0,1,1
450560,SOUTH CAROLINA,SC,1,1,1,75,0,BEAVERTON,14,10,October,2010,5,Thursday,0,5,1,13,2,174,33.48317778,-80.82680278,8,3,0,1,0,0,1,0
450561,SOUTH CAROLINA,SC,1,0,1,55,0,ATTALLA,15,10,October,2010,6,Friday,20,22,0,5,5,29,34.35339167,-80.76513333,42,2,0,1,0,0,1,0
450562,SOUTH CAROLINA,SC,1,1,2,79,0,COURTLAND,16,10,October,2010,7,Saturday,22,39,0,4,4,2,34.04387778,-80.94121389,8,3,0,1,0,0,1,1
450563,SOUTH CAROLINA,SC,1,1,2,85,0,BENTON,16,10,October,2010,7,Saturday,3,5,0,4,4,69,33.83395556,-80.45403889,8,2,0,1,0,0,1,0
450564,SOUTH CAROLINA,SC,1,0,4,41,0,BRANTLEY,16,10,October,2010,7,Saturday,6,10,0,4,4,33,33.79302222,-79.48672778,38,4,0,1,0,0,2,1
450565,SOUTH CAROLINA,SC,1,0,1,75,0,BEAVERTON,20,10,October,2010,4,Wednesday,4,35,0,3,3,80,33.37379722,-80.36872500,34,2,0,1,0,0,1,1
450566,SOUTH CAROLINA,SC,1,0,1,41,0,BRANTLEY,20,10,October,2010,4,Wednesday,18,25,0,4,4,1,33.80133056,-79.41754722,34,1,0,1,0,0,1,0
450567,SOUTH CAROLINA,SC,2,0,3,3,0,BALDWIN,25,10,October,2010,2,Monday,10,16,0,13,3,73,33.58924167,-81.75373056,12,1,0,2,0,0,1,0