ST_CASE,State Name,State Abbreviation,VE_TOTAL,Pedestrains,Total_Persons_in_accident,COUNTY,CITY,City_County_Name,Calendar_DAY,MONTH,Month_Name,YEAR,DAY_WEEK,Day_Week_desc,HOUR,MINUTE,NHS_Desc,trafficway,ROUTE,MILEPT,LATITUDE,LONGITUD,First_Crash_event,Light_cond_desc,Weather_condition,WEATHER,SCH_BUS,Crash_cause,FATALS,DRUNK_DR
450568,SOUTH CAROLINA,SC,2,0,2,55,0,ATTALLA,3,9,September,2010,6,Friday,0,21,0,4,4,56,34.39515278,-80.46584167,12,2,0,1,0,0,1,1
450569,SOUTH CAROLINA,SC,1,0,1,7,40,BIBB,11,9,September,2010,7,Saturday,17,21,0,4,4,99999,34.52826667,-82.66525278,33,1,0,1,0,0,1,1
450570,SOUTH CAROLINA,SC,2,0,2,7,0,BIBB,13,10,October,2010,4,Wednesday,9,15,0,3,3,77,34.39108056,-82.49054444,12,1,0,1,0,0,1,0
450571,SOUTH CAROLINA,SC,1,0,1,51,0,CENTRAL,13,10,October,2010,4,Wednesday,1,58,0,3,3,88,33.82226111,-78.90235000,42,3,0,1,0,0,1,0
450572,SOUTH CAROLINA,SC,1,0,1,83,0,ARDMORE,16,10,October,2010,7,Saturday,20,15,0,4,4,173,34.71124444,-81.89161667,32,2,0,1,0,0,1,1
450573,SOUTH CAROLINA,SC,1,0,1,73,0,ARGO,17,10,October,2010,1,Sunday,15,30,0,5,5,99999,34.50291389,-82.97076667,42,1,0,1,0,0,1,1
450574,SOUTH CAROLINA,SC,1,0,2,19,1805,CEDAR BLUFF,19,10,October,2010,3,Tuesday,16,15,1,1,1,99999,32.83805833,-79.96458889,33,1,0,1,0,0,1,0
450575,SOUTH CAROLINA,SC,1,0,2,91,0,DAYTON,23,10,October,2010,7,Saturday,4,30,1,2,2,196,35.07089167,-81.22848889,1,2,0,1,0,0,1,1
450576,SOUTH CAROLINA,SC,1,0,1,19,1805,CEDAR BLUFF,25,10,October,2010,2,Monday,1,20,1,11,1,10,32.97796111,-80.07591111,1,2,0,10,0,0,1,1
450577,SOUTH CAROLINA,SC,1,0,3,49,2960,COLLINSVILLE,23,10,October,2010,7,Saturday,6,10,1,1,1,99999,99.99990000,999.99990000,1,2,0,1,0,0,1,0
450578,SOUTH CAROLINA,SC,1,0,1,43,0,BAILEYTON,28,10,October,2010,5,Thursday,7,45,0,4,4,99999,33.33992222,-79.32360556,34,1,0,1,0,0,1,1
450579,SOUTH CAROLINA,SC,2,0,4,25,0,BARLOW BEND,29,10,October,2010,6,Friday,20,30,0,4,4,39,34.69138056,-80.17191389,12,2,0,1,0,0,1,1
450580,SOUTH CAROLINA,SC,1,0,2,21,0,CHILTON,31,10,October,2010,1,Sunday,6,30,0,4,4,99999,35.15819722,-81.64198056,23,4,0,1,0,0,1,1
450581,SOUTH CAROLINA,SC,1,1,1,41,0,BRANTLEY,1,11,November,2010,2,Monday,17,25,1,2,2,44,34.10967222,-79.98621944,9,1,0,1,0,0,1,0
450582,SOUTH CAROLINA,SC,2,0,2,69,0,ASHFORD,2,11,November,2010,3,Tuesday,18,55,0,4,4,148,34.57633889,-79.67383889,12,2,0,1,0,0,1,1
450583,SOUTH CAROLINA,SC,1,1,1,7,0,BIBB,4,11,November,2010,5,Thursday,19,10,0,13,3,99999,34.46159444,-82.66276389,8,2,0,1,0,0,1,1
450584,SOUTH CAROLINA,SC,1,0,1,51,0,CENTRAL,5,11,November,2010,6,Friday,11,25,0,13,3,99999,33.73993611,-78.95663611,1,1,0,1,0,0,1,0
450585,SOUTH CAROLINA,SC,1,0,1,83,0,ARDMORE,10,11,November,2010,4,Wednesday,14,55,1,2,2,99999,34.94068889,-81.95685000,42,1,0,1,0,0,1,1
450586,SOUTH CAROLINA,SC,2,0,2,41,0,BRANTLEY,27,9,September,2010,2,Monday,6,31,0,4,4,99999,34.12452500,-79.57054167,12,2,0,2,0,0,1,0
450587,SOUTH CAROLINA,SC,1,0,1,91,0,DAYTON,4,10,October,2010,2,Monday,23,30,0,3,3,99999,34.97171111,-81.16390278,43,2,0,1,0,0,1,0
450588,SOUTH CAROLINA,SC,3,0,5,63,0,BOLIGEE,6,10,October,2010,4,Wednesday,13,34,0,14,4,8,33.96486111,-81.13283056,12,1,0,1,0,0,1,0
450589,SOUTH CAROLINA,SC,2,0,2,45,0,ARITON,23,10,October,2010,7,Saturday,22,25,1,11,1,99999,34.79653611,-82.37729167,12,3,0,1,0,0,1,1
450590,SOUTH CAROLINA,SC,1,0,1,51,0,CENTRAL,24,10,October,2010,1,Sunday,2,25,0,4,4,43,33.95325556,-78.89226389,34,2,0,1,0,0,1,1
450591,SOUTH CAROLINA,SC,2,0,3,75,0,BEAVERTON,5,11,November,2010,6,Friday,11,7,1,2,2,155,33.33787778,-80.43524167,12,1,0,1,0,0,2,0
450592,SOUTH CAROLINA,SC,1,0,1,51,0,CENTRAL,6,11,November,2010,7,Saturday,1,30,0,5,5,99999,33.84058611,-78.78553333,39,2,0,1,0,0,1,1
450593,SOUTH CAROLINA,SC,2,0,2,73,0,ARGO,8,11,November,2010,2,Monday,21,48,0,3,3,99999,34.51069444,-82.99153889,12,2,0,1,0,0,1,0
450594,SOUTH CAROLINA,SC,2,0,5,7,40,BIBB,22,9,September,2010,4,Wednesday,15,34,0,4,4,99999,34.52600556,-82.65873056,12,1,0,1,0,0,1,0
450595,SOUTH CAROLINA,SC,2,0,2,13,2080,BOLLING,8,10,October,2010,6,Friday,19,21,0,3,3,99999,32.37796944,-80.72380556,12,5,0,1,0,0,1,0
450596,SOUTH CAROLINA,SC,1,1,1,3,0,BALDWIN,12,10,October,2010,3,Tuesday,20,4,0,3,3,12,33.50755000,-81.90080278,8,2,0,1,0,0,1,0
450597,SOUTH CAROLINA,SC,2,0,2,13,0,BOLLING,26,10,October,2010,3,Tuesday,8,30,1,2,2,117,32.24409444,-80.82620278,12,1,0,1,0,0,1,0
450598,SOUTH CAROLINA,SC,2,0,3,85,0,BENTON,26,10,October,2010,3,Tuesday,22,51,1,2,2,156,33.97290556,-80.39455833,12,2,0,1,0,0,1,1
450599,SOUTH CAROLINA,SC,1,0,5,79,0,COURTLAND,28,10,October,2010,5,Thursday,23,55,0,3,3,99999,34.00211944,-80.79221111,42,2,0,1,0,0,3,0
450600,SOUTH CAROLINA,SC,2,0,5,63,0,BOLIGEE,5,11,November,2010,6,Friday,19,41,0,3,3,45,33.92893889,-81.15845278,12,2,0,1,0,0,1,1
450601,SOUTH CAROLINA,SC,1,1,3,39,0,ANDALUSIA,9,11,November,2010,3,Tuesday,14,51,0,14,2,113,34.38647778,-81.10214722,8,1,0,1,0,0,1,0
450602,SOUTH CAROLINA,SC,1,0,1,51,0,CENTRAL,10,11,November,2010,4,Wednesday,18,30,0,3,3,360,34.08596944,-78.88565556,1,2,0,1,0,0,1,1
450603,SOUTH CAROLINA,SC,2,0,4,67,0,ABBEVILLE,10,11,November,2010,4,Wednesday,21,35,0,14,3,274,34.22901389,-79.26035000,12,2,0,1,0,0,2,1
450604,SOUTH CAROLINA,SC,3,0,5,91,0,DAYTON,11,11,November,2010,5,Thursday,16,35,0,4,4,99999,34.87963056,-80.89426389,12,1,0,1,1,0,1,0
450605,SOUTH CAROLINA,SC,2,0,5,83,0,ARDMORE,12,11,November,2010,6,Friday,0,45,0,4,4,99999,34.76615278,-81.90715278,12,2,0,1,0,0,1,0
450606,SOUTH CAROLINA,SC,1,0,3,31,0,COFFEE,13,11,November,2010,7,Saturday,17,45,0,5,5,99999,34.23075278,-79.87438333,34,5,0,1,0,0,1,1
450607,SOUTH CAROLINA,SC,1,0,2,91,0,DAYTON,13,11,November,2010,7,Saturday,1,10,0,9,4,13,34.87072222,-80.90284722,42,2,0,1,0,0,1,1
450608,SOUTH CAROLINA,SC,3,0,3,63,0,BOLIGEE,14,11,November,2010,1,Sunday,21,35,1,11,1,153,34.06638333,-81.14107222,25,2,0,1,0,0,1,0
450609,SOUTH CAROLINA,SC,2,0,2,19,0,CEDAR BLUFF,16,11,November,2010,3,Tuesday,9,2,0,4,4,99999,32.98217222,-80.12599444,12,1,0,1,0,0,1,0
450610,SOUTH CAROLINA,SC,3,0,5,43,0,BAILEYTON,21,11,November,2010,1,Sunday,17,30,0,4,4,92,33.54768889,-79.33236111,12,5,0,1,0,0,2,0
450611,SOUTH CAROLINA,SC,1,0,2,43,0,BAILEYTON,22,11,November,2010,2,Monday,8,56,1,2,2,99999,33.38021111,-79.42861944,10,1,0,1,0,0,1,0
450612,SOUTH CAROLINA,SC,1,0,2,77,0,ANDERSON,6,6,June,2010,1,Sunday,17,55,0,3,3,74,34.76791667,-82.76773333,42,1,0,1,0,0,2,1
450613,SOUTH CAROLINA,SC,1,1,3,7,40,BIBB,18,6,June,2010,6,Friday,0,25,1,2,2,99999,34.50478889,-82.60924722,8,2,0,1,0,0,1,0
450614,SOUTH CAROLINA,SC,1,0,1,79,0,COURTLAND,11,7,July,2010,1,Sunday,2,45,0,14,3,1,34.02904722,-81.05395278,42,3,0,1,0,0,1,1
450615,SOUTH CAROLINA,SC,1,0,2,3,0,BALDWIN,23,9,September,2010,5,Thursday,17,30,0,14,4,99999,33.55849167,-81.80690278,38,1,0,1,0,0,1,0
450616,SOUTH CAROLINA,SC,1,0,1,39,0,ANDALUSIA,22,9,September,2010,4,Wednesday,3,30,0,3,3,34,34.54845278,-81.02223889,11,2,0,1,0,0,1,0
450617,SOUTH CAROLINA,SC,5,0,6,17,0,CHAMBERS,7,10,October,2010,5,Thursday,8,58,1,1,1,15,33.84889167,-81.02623056,12,1,0,1,0,0,1,0
450618,SOUTH CAROLINA,SC,2,0,2,45,0,ARITON,17,10,October,2010,1,Sunday,12,33,1,13,2,14,34.83363889,-82.46299167,12,1,0,1,0,0,1,0
450619,SOUTH CAROLINA,SC,2,0,4,29,0,BORDEN SPRINGS,22,10,October,2010,6,Friday,14,30,0,14,2,39,32.95628611,-80.64690000,12,1,0,1,0,0,1,0
450620,SOUTH CAROLINA,SC,2,0,2,51,0,CENTRAL,28,10,October,2010,5,Thursday,11,25,0,3,3,143,34.14267500,-78.93093056,12,1,0,2,0,0,1,0
450621,SOUTH CAROLINA,SC,1,0,1,23,0,BLADON SPRINGS,30,10,October,2010,7,Saturday,0,10,0,9,4,125,34.77408611,-81.06090556,35,2,0,1,0,0,1,1
450622,SOUTH CAROLINA,SC,2,0,2,25,0,BARLOW BEND,1,11,November,2010,2,Monday,20,20,0,3,3,178,34.76005278,-80.20753333,12,2,0,1,0,0,1,0
450623,SOUTH CAROLINA,SC,1,0,1,83,0,ARDMORE,2,11,November,2010,3,Tuesday,2,30,0,4,4,99999,35.10502500,-82.09379167,34,2,0,1,0,0,1,1
450624,SOUTH CAROLINA,SC,2,0,2,45,0,ARITON,3,11,November,2010,4,Wednesday,10,0,1,13,2,235,34.78540000,-82.41136667,12,1,0,10,0,0,1,0
450625,SOUTH CAROLINA,SC,1,0,1,59,0,FRANKLIN,5,11,November,2010,6,Friday,11,30,0,4,4,99999,34.21577778,-81.85561111,35,1,0,1,0,0,1,0
450626,SOUTH CAROLINA,SC,1,0,4,15,0,ANNISTON,7,11,November,2010,1,Sunday,0,53,0,3,3,71,33.33332500,-80.15050000,34,2,0,1,0,0,1,0
450627,SOUTH CAROLINA,SC,1,0,1,53,0,ATMORE,8,11,November,2010,2,Monday,15,15,0,9,4,36,32.47913889,-81.05026111,42,1,0,1,0,0,1,1
450628,SOUTH CAROLINA,SC,2,0,2,29,0,BORDEN SPRINGS,9,11,November,2010,3,Tuesday,16,30,1,2,2,228,33.00002500,-80.82306944,12,1,0,1,0,0,1,0
450629,SOUTH CAROLINA,SC,2,0,2,53,0,ATMORE,12,11,November,2010,6,Friday,14,20,1,2,2,99999,32.11445833,-81.07536667,12,1,0,1,0,0,1,0
450630,SOUTH CAROLINA,SC,1,0,1,59,0,FRANKLIN,12,11,November,2010,6,Friday,23,30,0,3,3,86,34.34453333,-81.99268333,34,2,0,1,0,0,1,1
450631,SOUTH CAROLINA,SC,1,0,2,49,0,COLLINSVILLE,13,11,November,2010,7,Saturday,6,0,0,3,3,61,32.74458333,-81.16926667,42,4,0,1,0,0,1,1
450632,SOUTH CAROLINA,SC,1,0,1,17,0,CHAMBERS,13,11,November,2010,7,Saturday,7,50,0,4,4,212,33.64849444,-80.81392778,42,1,0,1,0,0,1,0
450633,SOUTH CAROLINA,SC,1,0,4,47,0,BROWNS,25,7,July,2010,1,Sunday,14,20,1,2,2,62,34.07274722,-82.22309722,42,1,0,1,0,0,1,0
450634,SOUTH CAROLINA,SC,2,0,2,51,0,CENTRAL,12,8,August,2010,5,Thursday,7,55,1,13,2,226,33.80525833,-79.01011667,12,1,0,1,0,0,1,0
450635,SOUTH CAROLINA,SC,2,0,2,53,1080,ATMORE,12,8,August,2010,5,Thursday,11,43,0,4,4,99999,32.31306944,-80.97314444,12,1,0,1,0,0,1,0
450636,SOUTH CAROLINA,SC,3,0,4,89,0,BROWNSBORO,13,8,August,2010,6,Friday,16,40,1,2,2,190,33.59320833,-79.85168056,54,1,0,2,0,0,1,0
450637,SOUTH CAROLINA,SC,2,0,11,3,0,BALDWIN,10,9,September,2010,6,Friday,22,20,0,3,3,127,33.57765833,-81.47692778,12,2,0,1,0,0,1,0
450638,SOUTH CAROLINA,SC,1,0,1,85,2550,BENTON,17,9,September,2010,6,Friday,6,45,0,4,4,3,33.91708056,-80.32726667,42,2,0,1,0,0,1,1
450639,SOUTH CAROLINA,SC,2,0,8,59,0,FRANKLIN,14,10,October,2010,5,Thursday,17,5,1,1,1,189,34.66625278,-82.17691944,12,1,0,10,0,0,1,0
450640,SOUTH CAROLINA,SC,1,1,1,85,2550,BENTON,16,10,October,2010,7,Saturday,19,9,0,4,4,99999,33.91163333,-80.34138611,8,3,0,1,0,0,1,0
450641,SOUTH CAROLINA,SC,2,0,4,51,0,CENTRAL,21,10,October,2010,5,Thursday,16,25,0,4,4,107,33.98240556,-78.85643056,12,1,0,1,0,0,2,1
450642,SOUTH CAROLINA,SC,2,0,3,19,1710,CEDAR BLUFF,27,10,October,2010,4,Wednesday,1,44,1,2,2,41,32.85615833,-79.79910833,12,2,0,1,0,0,1,0
450643,SOUTH CAROLINA,SC,1,0,2,81,0,AUBURN,14,8,August,2010,7,Saturday,5,0,1,2,2,99999,34.03982222,-81.85921667,38,2,0,10,0,0,1,1
450644,SOUTH CAROLINA,SC,3,0,4,79,0,COURTLAND,3,11,November,2010,4,Wednesday,15,40,1,2,2,267,33.96920278,-80.94649444,12,1,0,1,0,0,1,0
450645,SOUTH CAROLINA,SC,1,0,1,15,0,ANNISTON,13,11,November,2010,7,Saturday,14,25,0,4,4,207,33.26155000,-79.95265833,42,1,0,1,0,0,1,0
450646,SOUTH CAROLINA,SC,1,0,1,7,0,BIBB,13,11,November,2010,7,Saturday,18,5,1,2,2,226,34.49608889,-82.53075556,33,2,0,1,0,0,1,1
450647,SOUTH CAROLINA,SC,1,1,1,85,0,BENTON,15,11,November,2010,2,Monday,18,0,1,2,2,99999,33.94716944,-80.35404722,8,2,0,1,0,0,1,0
450648,SOUTH CAROLINA,SC,2,0,1,79,520,COURTLAND,16,11,November,2010,3,Tuesday,10,0,0,5,5,99999,34.07441667,-81.14519167,33,1,0,2,0,0,1,1
450649,SOUTH CAROLINA,SC,1,0,2,55,0,ATTALLA,16,11,November,2010,3,Tuesday,16,20,0,9,4,122,34.39295833,-80.69745556,34,1,0,10,0,0,1,0
450650,SOUTH CAROLINA,SC,1,0,2,83,1370,ARDMORE,17,11,November,2010,4,Wednesday,1,50,0,4,4,13,35.17096667,-82.16438889,38,2,0,1,0,0,1,0
450651,SOUTH CAROLINA,SC,1,0,1,15,0,ANNISTON,17,11,November,2010,4,Wednesday,15,15,0,3,3,412,33.25333056,-79.64675833,42,1,0,1,0,0,1,1
450652,SOUTH CAROLINA,SC,2,0,2,85,0,BENTON,18,11,November,2010,5,Thursday,7,25,0,4,4,73,33.88605556,-80.44695833,12,1,0,1,0,0,1,0
450653,SOUTH CAROLINA,SC,2,0,2,15,0,ANNISTON,21,11,November,2010,1,Sunday,19,20,1,2,2,99999,33.29010833,-79.79541667,12,2,0,1,0,0,1,1
450654,SOUTH CAROLINA,SC,1,0,1,11,0,BULLOCK,21,11,November,2010,1,Sunday,15,45,1,2,2,99999,33.36322222,-81.31431944,38,1,0,1,0,0,1,0
450655,SOUTH CAROLINA,SC,1,0,1,87,0,ARMSTRONG,23,11,November,2010,3,Tuesday,20,5,0,3,3,99999,34.69074444,-81.57181389,24,2,0,10,0,0,1,1
450656,SOUTH CAROLINA,SC,1,1,1,43,0,BAILEYTON,23,11,November,2010,3,Tuesday,20,12,0,5,5,99999,33.63534444,-79.36012778,8,2,0,1,0,0,1,0
450657,SOUTH CAROLINA,SC,2,0,3,9,110,BLOUNT,24,11,November,2010,4,Wednesday,13,43,0,9,4,10,33.30589167,-81.02991944,12,1,0,1,0,0,1,0
450658,SOUTH CAROLINA,SC,1,0,1,51,0,CENTRAL,27,11,November,2010,7,Saturday,14,0,0,4,4,99999,34.09123056,-78.83480000,31,1,0,1,0,0,1,0
450659,SOUTH CAROLINA,SC,1,0,1,45,0,ARITON,30,11,November,2010,3,Tuesday,17,0,0,3,3,206,35.12233056,-82.28223333,35,1,0,2,0,0,1,0
450660,SOUTH CAROLINA,SC,3,0,4,89,0,BROWNSBORO,30,11,November,2010,3,Tuesday,11,0,0,3,3,99999,33.65635278,-79.80975278,12,1,0,10,0,0,1,0
450661,SOUTH CAROLINA,SC,2,0,4,51,0,CENTRAL,3,12,December,2010,6,Friday,0,10,0,4,4,99999,33.72055556,-78.92998611,33,2,0,1,0,0,1,1
450662,SOUTH CAROLINA,SC,1,0,1,53,1080,ATMORE,3,12,December,2010,6,Friday,15,0,1,1,1,207,32.31230833,-81.05940278,57,1,0,1,0,0,1,0
450663,SOUTH CAROLINA,SC,1,0,4,77,0,ANDERSON,4,12,December,2010,7,Saturday,13,50,1,2,2,141,34.79276667,-82.65074722,1,1,0,2,0,0,1,0
450664,SOUTH CAROLINA,SC,2,0,2,63,0,BOLIGEE,5,12,December,2010,1,Sunday,2,45,1,2,2,77,33.82265556,-81.45890278,12,2,0,10,0,0,1,1
450665,SOUTH CAROLINA,SC,1,2,4,79,520,COURTLAND,8,12,December,2010,4,Wednesday,23,36,0,3,3,99999,34.01343056,-81.01078056,8,3,0,10,0,0,1,0
450666,SOUTH CAROLINA,SC,2,0,3,91,0,DAYTON,8,12,December,2010,4,Wednesday,5,30,0,3,3,151,35.10123056,-81.18755000,12,2,0,1,0,0,1,0
450667,SOUTH CAROLINA,SC,1,1,1,13,0,BOLLING,9,12,December,2010,5,Thursday,18,30,0,4,4,210,32.44991944,-80.77367222,8,2,0,1,0,0,1,0
450668,SOUTH CAROLINA,SC,1,0,1,47,0,BROWNS,11,12,December,2010,7,Saturday,6,30,0,4,4,85,34.30175556,-82.11048611,30,4,0,1,0,0,1,1
450669,SOUTH CAROLINA,SC,1,0,1,91,0,DAYTON,12,12,December,2010,1,Sunday,1,5,0,3,3,87,34.95468889,-81.38817778,59,2,0,10,0,0,1,1
450670,SOUTH CAROLINA,SC,1,0,3,39,0,ANDALUSIA,19,12,December,2010,1,Sunday,15,15,1,1,1,99999,34.53830833,-81.00116667,1,1,0,1,0,0,2,0
450671,SOUTH CAROLINA,SC,2,0,2,15,985,ANNISTON,31,12,December,2010,6,Friday,0,46,0,14,4,9,32.98404444,-80.03222500,12,3,0,1,0,0,1,1
450672,SOUTH CAROLINA,SC,1,0,2,13,0,BOLLING,7,11,November,2010,1,Sunday,12,23,0,5,5,99999,32.27258333,-80.91503611,42,1,0,1,0,0,1,0
450674,SOUTH CAROLINA,SC,1,0,1,21,0,CHILTON,1,12,December,2010,4,Wednesday,23,40,0,3,3,99999,34.99983889,-81.56567500,42,2,0,1,0,0,1,1
450675,SOUTH CAROLINA,SC,1,0,2,7,0,BIBB,1,12,December,2010,4,Wednesday,0,35,0,3,3,99999,34.71060833,-82.61319722,35,2,0,2,0,0,1,0
450676,SOUTH CAROLINA,SC,1,0,1,37,0,BRADFORD,4,12,December,2010,7,Saturday,21,30,0,3,3,22,33.92163889,-82.11567778,34,2,0,10,0,0,1,1
450677,SOUTH CAROLINA,SC,1,0,4,47,0,BROWNS,4,12,December,2010,7,Saturday,17,26,0,3,3,53,34.16874167,-82.08538056,35,5,0,1,0,0,1,1
450678,SOUTH CAROLINA,SC,1,1,2,75,0,BEAVERTON,5,12,December,2010,1,Sunday,20,15,1,2,2,127,33.48053056,-80.89812778,8,2,0,1,0,0,1,0
450679,SOUTH CAROLINA,SC,1,0,1,1,0,AUTAUGA,8,12,December,2010,4,Wednesday,22,42,0,3,3,67,34.41586667,-82.27253333,32,2,0,1,0,0,1,1
450680,SOUTH CAROLINA,SC,1,0,1,75,0,BEAVERTON,10,12,December,2010,6,Friday,18,20,1,1,1,24,33.36490833,-80.59815000,1,1,0,1,0,0,1,0
450681,SOUTH CAROLINA,SC,1,0,1,71,0,BRIDGEPORT,12,12,December,2010,1,Sunday,0,5,0,4,4,94,34.36097500,-81.49237500,59,2,0,1,0,0,1,1
450682,SOUTH CAROLINA,SC,1,0,1,7,0,BIBB,14,12,December,2010,3,Tuesday,20,37,0,9,4,26,34.61427778,-82.76610278,42,3,0,1,0,0,1,0
450683,SOUTH CAROLINA,SC,1,0,5,15,0,ANNISTON,16,12,December,2010,5,Thursday,20,34,1,1,1,9,33.12784722,-80.29151944,42,2,0,1,0,0,2,0
450684,SOUTH CAROLINA,SC,1,0,1,79,520,COURTLAND,19,12,December,2010,1,Sunday,1,30,0,15,4,10,33.98215833,-80.99468611,42,2,0,1,0,0,1,1
450685,SOUTH CAROLINA,SC,5,0,5,19,1580,CEDAR BLUFF,24,12,December,2010,6,Friday,21,47,0,4,4,99999,33.13988611,-79.42463056,1,2,0,1,0,0,1,1
450686,SOUTH CAROLINA,SC,1,0,1,81,0,AUBURN,24,12,December,2010,6,Friday,5,20,0,4,4,63,33.98272778,-81.58271389,1,2,0,1,0,0,1,1
450687,SOUTH CAROLINA,SC,1,0,1,3,0,BALDWIN,24,12,December,2010,6,Friday,19,45,0,4,4,323,33.62219444,-81.44250833,1,2,0,1,0,0,1,1
450688,SOUTH CAROLINA,SC,2,0,2,73,0,ARGO,26,12,December,2010,1,Sunday,1,30,1,2,2,99999,34.61272500,-83.22452500,12,2,0,10,0,0,1,1
450689,SOUTH CAROLINA,SC,2,0,5,45,1060,ARITON,27,6,June,2010,1,Sunday,14,46,0,4,4,232,34.96063333,-82.22833056,12,1,0,1,0,0,1,0
450690,SOUTH CAROLINA,SC,1,0,1,51,0,CENTRAL,14,7,July,2010,4,Wednesday,1,29,0,3,3,39,33.98621389,-79.15662222,42,2,0,1,0,0,1,0
450691,SOUTH CAROLINA,SC,1,0,1,45,0,ARITON,2,11,November,2010,3,Tuesday,12,17,0,4,4,99999,34.77560000,-82.32776667,30,1,0,1,0,0,1,1
450692,SOUTH CAROLINA,SC,2,0,2,45,1040,ARITON,19,11,November,2010,6,Friday,14,6,1,2,2,99999,34.83909722,-82.35681944,12,1,0,1,0,0,1,0
450693,SOUTH CAROLINA,SC,2,0,2,63,370,BOLIGEE,21,2,February,2010,1,Sunday,22,8,0,13,2,203,33.98165833,-81.06369444,12,1,0,1,0,0,1,0
450694,SOUTH CAROLINA,SC,1,1,1,51,1730,CENTRAL,2,10,October,2010,7,Saturday,21,8,0,3,3,99999,33.68906667,-78.91191944,8,2,0,1,0,0,1,0
450695,SOUTH CAROLINA,SC,1,1,1,19,410,CEDAR BLUFF,5,10,October,2010,3,Tuesday,19,48,0,4,4,99999,32.78413611,-79.94205833,8,2,0,1,0,0,1,0
450696,SOUTH CAROLINA,SC,1,1,1,19,410,CEDAR BLUFF,9,11,November,2010,3,Tuesday,20,20,0,3,3,99999,32.78976389,-80.02956389,8,2,0,1,0,0,1,0
450697,SOUTH CAROLINA,SC,2,0,2,19,410,CEDAR BLUFF,12,11,November,2010,6,Friday,1,40,0,4,4,99999,32.82478889,-80.07724167,12,2,0,1,0,0,1,1
450698,SOUTH CAROLINA,SC,1,1,1,19,1805,CEDAR BLUFF,20,11,November,2010,7,Saturday,18,0,0,3,3,99999,32.85442778,-80.01845000,8,3,0,1,0,0,1,0
450699,SOUTH CAROLINA,SC,2,0,2,3,0,BALDWIN,23,11,November,2010,3,Tuesday,18,10,0,3,3,11,33.62791389,-81.30114444,12,1,0,1,0,0,1,1
450700,SOUTH CAROLINA,SC,1,0,2,3,0,BALDWIN,27,11,November,2010,7,Saturday,1,50,0,4,4,24,33.56718056,-81.86638333,42,2,0,1,0,0,1,1
450701,SOUTH CAROLINA,SC,1,1,1,63,0,BOLIGEE,3,12,December,2010,6,Friday,6,22,0,4,4,46,33.94795278,-81.24321111,8,2,0,1,0,0,1,0
450702,SOUTH CAROLINA,SC,2,0,2,23,0,BLADON SPRINGS,10,12,December,2010,6,Friday,21,40,0,3,3,323,34.59810000,-80.97743611,12,2,0,1,0,0,1,1
450703,SOUTH CAROLINA,SC,1,0,1,39,0,ANDALUSIA,10,12,December,2010,6,Friday,19,40,0,9,4,118,34.36100833,-81.06579722,1,3,0,1,0,0,1,0
450704,SOUTH CAROLINA,SC,1,0,1,83,0,ARDMORE,11,12,December,2010,7,Saturday,3,51,0,3,3,123,35.12166389,-82.02027778,53,3,0,1,0,0,1,1
450705,SOUTH CAROLINA,SC,2,0,2,85,0,BENTON,12,12,December,2010,1,Sunday,11,5,0,14,3,662,33.90988611,-80.40893611,12,1,0,10,0,0,1,0
450706,SOUTH CAROLINA,SC,1,0,2,85,0,BENTON,12,12,December,2010,1,Sunday,18,45,1,2,2,99999,33.95130000,-80.49751389,32,2,0,10,0,0,1,0
450707,SOUTH CAROLINA,SC,1,0,2,57,0,BANKSTON,13,12,December,2010,2,Monday,14,12,0,4,4,741,34.58750278,-80.59235556,35,1,0,1,0,0,2,1
450708,SOUTH CAROLINA,SC,1,0,2,67,0,ABBEVILLE,16,12,December,2010,5,Thursday,4,46,0,4,4,164,34.09684444,-79.31266389,30,2,0,3,0,0,1,0
450709,SOUTH CAROLINA,SC,2,0,2,83,1060,ARDMORE,16,12,December,2010,5,Thursday,4,53,0,3,3,99999,34.91021667,-82.20511389,12,2,0,1,0,0,1,0
450710,SOUTH CAROLINA,SC,1,0,1,77,0,ANDERSON,16,12,December,2010,5,Thursday,22,50,1,2,2,1029,34.74940556,-82.70984167,42,2,0,2,0,0,1,0
450711,SOUTH CAROLINA,SC,3,1,4,27,1620,ASHLAND,17,12,December,2010,6,Friday,19,15,0,3,3,1017,33.69899444,-80.23289722,8,3,0,1,0,0,1,0
450712,SOUTH CAROLINA,SC,2,0,2,45,0,ARITON,19,12,December,2010,1,Sunday,5,6,1,13,2,295,34.86248333,-82.46273611,12,3,0,1,0,0,1,1
450713,SOUTH CAROLINA,SC,2,0,6,79,0,COURTLAND,19,12,December,2010,1,Sunday,11,30,1,1,1,1827,34.12146944,-80.96267222,32,1,0,1,0,0,1,1
450714,SOUTH CAROLINA,SC,1,0,1,13,240,BOLLING,19,12,December,2010,1,Sunday,3,3,0,3,3,99999,32.23984722,-80.97374444,34,2,0,1,0,0,1,1