ST_CASE,State Name,State Abbreviation,VE_TOTAL,Pedestrains,Total_Persons_in_accident,COUNTY,CITY,City_County_Name,Calendar_DAY,MONTH,Month_Name,YEAR,DAY_WEEK,Day_Week_desc,HOUR,MINUTE,NHS_Desc,trafficway,ROUTE,MILEPT,LATITUDE,LONGITUD,First_Crash_event,Light_cond_desc,Weather_condition,WEATHER,SCH_BUS,Crash_cause,FATALS,DRUNK_DR
450715,SOUTH CAROLINA,SC,2,0,3,43,0,BAILEYTON,20,12,December,2010,2,Monday,6,15,0,4,4,99999,33.41962222,-79.33819722,12,2,0,1,0,0,1,0
450716,SOUTH CAROLINA,SC,1,0,1,63,0,BOLIGEE,20,12,December,2010,2,Monday,2,15,0,9,4,385,33.97101944,-81.38083889,34,2,0,1,0,0,1,1
450717,SOUTH CAROLINA,SC,2,0,3,51,0,CENTRAL,23,12,December,2010,5,Thursday,16,45,1,13,2,2912,33.73304722,-78.94492222,12,1,0,1,0,0,1,0
450718,SOUTH CAROLINA,SC,2,0,3,67,0,ABBEVILLE,23,12,December,2010,5,Thursday,17,58,1,2,2,99999,34.13020833,-79.36755278,12,1,0,1,0,0,1,0
450719,SOUTH CAROLINA,SC,1,0,2,23,0,BLADON SPRINGS,24,12,December,2010,6,Friday,18,20,0,5,4,1133,34.71875833,-81.29904167,1,2,0,1,0,0,1,1
450720,SOUTH CAROLINA,SC,1,1,1,89,0,BROWNSBORO,24,12,December,2010,6,Friday,20,15,0,3,3,3752,33.76841111,-79.44608611,8,2,0,1,0,0,1,0
450721,SOUTH CAROLINA,SC,1,1,1,79,0,COURTLAND,24,12,December,2010,6,Friday,22,7,0,3,2,863,34.09357500,-81.02657222,8,2,0,1,0,0,1,0
450722,SOUTH CAROLINA,SC,1,0,5,41,0,BRANTLEY,25,12,December,2010,7,Saturday,3,25,0,9,4,355,33.96845556,-79.58869444,34,2,0,1,0,0,2,1
450723,SOUTH CAROLINA,SC,1,1,1,1,0,AUTAUGA,25,12,December,2010,7,Saturday,4,40,1,2,3,957,34.11322500,-82.48187500,8,2,0,10,0,0,1,1
450724,SOUTH CAROLINA,SC,2,0,3,3,0,BALDWIN,29,12,December,2010,4,Wednesday,18,21,0,3,3,99999,33.55477222,-81.63927500,12,2,0,1,0,0,2,1
450725,SOUTH CAROLINA,SC,1,1,1,91,500,DAYTON,31,12,December,2010,6,Friday,18,32,1,2,2,99999,35.12861389,-81.21703056,8,1,0,1,0,0,1,0
450726,SOUTH CAROLINA,SC,2,0,3,43,0,BAILEYTON,31,12,December,2010,6,Friday,18,20,1,2,2,99999,33.39142778,-79.34030000,12,2,0,1,0,0,1,0
450727,SOUTH CAROLINA,SC,2,0,2,7,0,BIBB,23,12,December,2010,5,Thursday,20,2,0,3,3,99999,34.48795278,-82.67310556,12,2,0,1,0,0,1,0
450728,SOUTH CAROLINA,SC,1,0,1,85,0,BENTON,19,12,December,2010,1,Sunday,17,15,0,5,4,61,34.03761667,-80.56901111,35,5,0,1,0,0,1,1
450729,SOUTH CAROLINA,SC,1,0,1,23,0,BLADON SPRINGS,9,10,October,2010,7,Saturday,17,31,0,4,3,2011,34.80520556,-81.01108056,34,1,0,1,0,0,1,0
450730,SOUTH CAROLINA,SC,2,0,4,63,0,BOLIGEE,22,12,December,2010,4,Wednesday,10,15,0,4,4,92,34.00169167,-81.11030000,12,1,0,1,0,0,1,0
450731,SOUTH CAROLINA,SC,1,0,2,45,1040,ARITON,14,11,November,2010,1,Sunday,6,14,0,3,3,99999,34.85498056,-82.35703333,33,3,0,1,0,0,1,1
450732,SOUTH CAROLINA,SC,1,2,1,19,410,CEDAR BLUFF,25,12,December,2010,7,Saturday,21,28,1,2,2,99999,32.78308889,-79.99154167,8,3,0,1,0,0,1,0
450733,SOUTH CAROLINA,SC,3,0,7,3,20,BALDWIN,24,12,December,2010,6,Friday,15,40,0,13,3,947,33.51721111,-81.71630833,12,1,0,1,0,0,1,0
450734,SOUTH CAROLINA,SC,2,0,2,79,520,COURTLAND,20,5,May,2010,5,Thursday,0,6,0,4,4,99999,33.99386389,-81.02305278,12,2,0,1,0,0,1,1
450735,SOUTH CAROLINA,SC,1,1,2,85,0,BENTON,25,11,November,2010,5,Thursday,22,57,0,13,2,1316,33.95015833,-80.34220278,8,3,0,1,0,0,1,0
450736,SOUTH CAROLINA,SC,2,0,2,63,0,BOLIGEE,11,12,December,2010,7,Saturday,4,55,0,4,4,7,33.96938056,-81.17969444,12,2,0,1,0,0,1,1
450737,SOUTH CAROLINA,SC,2,0,2,25,0,BARLOW BEND,15,12,December,2010,4,Wednesday,21,25,1,2,2,99999,34.56142500,-79.87322222,12,2,0,1,0,0,1,0
450738,SOUTH CAROLINA,SC,1,0,1,63,0,BOLIGEE,19,12,December,2010,1,Sunday,23,0,0,4,4,15,34.00521389,-81.42641667,42,2,0,1,0,0,1,1
450739,SOUTH CAROLINA,SC,1,0,1,43,0,BAILEYTON,19,12,December,2010,1,Sunday,14,0,0,9,4,122,33.42456389,-79.26172222,34,1,0,10,0,0,1,0
450740,SOUTH CAROLINA,SC,2,1,2,31,0,COFFEE,15,10,October,2010,6,Friday,3,59,0,3,3,1169,34.31770833,-80.02797500,12,2,0,1,0,0,2,1
450741,SOUTH CAROLINA,SC,2,1,1,83,0,ARDMORE,13,11,November,2010,7,Saturday,17,9,0,15,4,493,34.92355556,-82.00015000,8,5,0,1,0,0,1,0
450742,SOUTH CAROLINA,SC,2,0,2,43,940,BAILEYTON,8,10,October,2010,6,Friday,11,31,1,2,2,99999,33.37885000,-79.29837222,12,1,0,1,0,0,1,0
450743,SOUTH CAROLINA,SC,1,0,2,87,0,ARMSTRONG,1,10,October,2010,6,Friday,16,55,0,5,4,586,34.60732222,-81.57962222,1,1,0,1,0,0,1,0
450744,SOUTH CAROLINA,SC,1,0,1,79,520,COURTLAND,28,12,December,2010,3,Tuesday,3,20,0,13,2,487,34.03879167,-81.00189722,33,3,0,1,0,0,1,1
450745,SOUTH CAROLINA,SC,3,1,6,7,0,BIBB,18,9,September,2010,7,Saturday,20,28,1,11,1,2066,34.60096389,-82.65134722,18,2,0,1,0,0,2,0
450746,SOUTH CAROLINA,SC,3,4,1,83,0,ARDMORE,12,9,September,2010,1,Sunday,3,30,0,4,4,99999,35.11478333,-82.00203889,14,2,0,10,0,0,1,1
450747,SOUTH CAROLINA,SC,3,0,12,71,0,BRIDGEPORT,24,10,October,2010,1,Sunday,16,5,1,1,1,7153,34.34775833,-81.63811667,12,1,0,10,0,0,1,0
450748,SOUTH CAROLINA,SC,2,0,2,91,0,DAYTON,27,10,October,2010,4,Wednesday,8,5,0,13,3,1970,34.99583056,-81.13665000,1,4,0,10,1,0,1,0
450749,SOUTH CAROLINA,SC,4,2,7,79,520,COURTLAND,13,11,November,2010,7,Saturday,14,15,1,11,1,7998,34.09769722,-80.84843056,12,1,0,1,0,0,1,0
450750,SOUTH CAROLINA,SC,2,0,2,45,1040,ARITON,5,6,June,2010,7,Saturday,16,31,0,13,2,2456,34.97476944,-82.44968889,12,1,0,1,0,0,1,0
450751,SOUTH CAROLINA,SC,1,0,4,53,1080,ATMORE,19,6,June,2010,7,Saturday,18,36,1,1,1,816,32.31219722,-81.05970278,42,1,0,2,0,0,1,0
450752,SOUTH CAROLINA,SC,1,1,1,45,1040,ARITON,25,8,August,2010,4,Wednesday,14,21,0,4,4,99999,34.85029722,-82.40158056,8,1,0,1,0,0,1,0
450753,SOUTH CAROLINA,SC,1,0,1,79,0,COURTLAND,1,12,December,2010,4,Wednesday,19,0,0,5,5,99999,33.85209722,-80.77925278,10,2,0,1,0,0,1,1
450754,SOUTH CAROLINA,SC,1,0,4,53,1080,ATMORE,23,12,December,2010,5,Thursday,8,10,1,1,1,816,32.31230833,-81.05978889,1,1,0,1,0,0,1,0
450755,SOUTH CAROLINA,SC,2,0,3,75,0,BEAVERTON,23,12,December,2010,5,Thursday,11,3,1,2,2,99999,33.50390000,-80.87847222,12,1,0,1,0,0,1,0
450756,SOUTH CAROLINA,SC,1,0,2,75,0,BEAVERTON,2,10,October,2010,7,Saturday,22,51,0,4,4,99999,33.66831944,-81.03142222,35,2,0,1,0,0,1,1
450757,SOUTH CAROLINA,SC,3,0,6,51,0,CENTRAL,6,12,December,2010,2,Monday,17,20,0,14,3,931,33.68285278,-78.99882222,12,2,0,1,0,0,1,0
450758,SOUTH CAROLINA,SC,1,1,1,19,1805,CEDAR BLUFF,16,11,November,2010,3,Tuesday,18,21,1,2,2,99999,32.93492778,-80.04776111,8,3,0,1,0,0,1,0
450759,SOUTH CAROLINA,SC,1,0,2,35,0,BROOKLYN,29,12,December,2010,4,Wednesday,23,54,1,11,1,17151,33.28950000,-80.51806944,1,2,0,1,0,0,1,0
450760,SOUTH CAROLINA,SC,1,0,2,19,1805,CEDAR BLUFF,16,7,July,2010,6,Friday,23,34,1,2,2,99999,32.94450833,-80.04067778,33,2,0,1,0,0,1,1
450761,SOUTH CAROLINA,SC,2,0,3,79,520,COURTLAND,7,4,April,2010,4,Wednesday,15,48,1,13,3,256,34.01304167,-81.01369722,12,1,0,1,0,0,1,0
450762,SOUTH CAROLINA,SC,1,0,1,51,0,CENTRAL,29,12,December,2010,4,Wednesday,9,20,0,5,4,202,33.92295833,-78.90951667,34,1,0,1,0,0,1,0
460001,SOUTH DAKOTA,SD,3,0,4,83,0,ARDMORE,1,1,January,2010,6,Friday,3,33,1,1,1,662,43.35832222,-96.79623333,12,2,0,4,0,0,1,2
460002,SOUTH DAKOTA,SD,2,0,3,115,0,ASHVILLE,1,1,January,2010,6,Friday,9,30,1,2,2,3084,44.87757778,-98.48279167,12,1,0,1,0,0,1,1
460003,SOUTH DAKOTA,SD,2,0,6,81,0,AUBURN,10,1,January,2010,1,Sunday,16,57,0,3,3,239,44.50686944,-103.67658889,12,5,0,1,0,0,1,0
460004,SOUTH DAKOTA,SD,2,0,2,75,0,BEAVERTON,12,1,January,2010,3,Tuesday,7,56,1,1,1,1816,43.90090833,-100.92159167,12,4,0,1,0,0,1,0
460005,SOUTH DAKOTA,SD,1,0,2,57,0,BANKSTON,14,1,January,2010,5,Thursday,9,15,1,1,1,1650,44.75063889,-96.89089167,1,1,0,10,0,0,1,0
460006,SOUTH DAKOTA,SD,2,0,4,119,0,BELLAMY,14,1,January,2010,5,Thursday,14,25,1,2,2,1475,44.62872778,-100.08082778,12,1,0,1,0,0,1,1
460007,SOUTH DAKOTA,SD,2,0,4,57,0,BANKSTON,18,1,January,2010,2,Monday,9,26,1,2,2,1470,44.75931667,-97.10796111,12,1,0,5,0,0,3,0
460008,SOUTH DAKOTA,SD,1,0,1,99,295,BEATRICE,20,1,January,2010,4,Wednesday,5,5,1,11,1,4060,43.60936667,-96.58721667,1,2,0,3,0,0,1,0
460009,SOUTH DAKOTA,SD,2,0,5,113,0,COTTONTON,25,1,January,2010,2,Monday,16,19,0,4,4,0,43.06057222,-102.37715278,12,1,0,1,0,0,3,2
460011,SOUTH DAKOTA,SD,3,0,1,65,2160,CYPRESS,9,2,February,2010,3,Tuesday,11,18,0,16,6,0,44.35980278,-100.32148056,14,1,0,1,0,0,1,1
460012,SOUTH DAKOTA,SD,1,0,1,135,0,ASH FLAT,25,2,February,2010,5,Thursday,1,0,0,6,4,0,43.11102778,-97.63123611,1,2,0,10,0,0,1,1
460013,SOUTH DAKOTA,SD,1,0,1,15,0,ANNISTON,5,3,March,2010,6,Friday,7,15,1,1,1,2714,43.75167500,-99.20628056,1,1,0,10,0,0,1,0
460014,SOUTH DAKOTA,SD,1,0,2,3,0,BALDWIN,11,3,March,2010,5,Thursday,15,59,0,3,2,662,43.63606667,-98.44241389,1,1,4,4,0,0,1,0
460015,SOUTH DAKOTA,SD,2,0,2,47,0,BROWNS,14,3,March,2010,1,Sunday,19,0,1,2,2,601,43.21361111,-103.26468056,12,5,0,10,0,0,1,1
460016,SOUTH DAKOTA,SD,1,0,1,135,0,ASH FLAT,26,3,March,2010,6,Friday,0,0,0,6,4,0,42.92383333,-97.19885556,1,2,0,1,0,0,1,1
460017,SOUTH DAKOTA,SD,1,0,2,65,2160,CYPRESS,29,3,March,2010,2,Monday,1,48,0,14,6,0,44.36108611,-100.34678333,33,3,0,1,0,0,1,1
460018,SOUTH DAKOTA,SD,1,0,1,97,0,AXIS,30,3,March,2010,3,Tuesday,12,30,0,4,4,0,44.18029444,-97.71401667,1,1,0,1,0,0,1,0
460019,SOUTH DAKOTA,SD,2,0,3,37,2880,BRADFORD,2,4,April,2010,6,Friday,14,17,1,2,2,3430,45.34095833,-97.51996111,12,1,0,10,0,0,2,0
460020,SOUTH DAKOTA,SD,1,0,2,109,0,ANSLEY,9,4,April,2010,6,Friday,22,58,0,2,3,3681,45.64583889,-96.86440556,1,2,0,1,0,0,1,1
460021,SOUTH DAKOTA,SD,1,1,1,79,0,COURTLAND,29,3,March,2010,2,Monday,6,4,0,3,3,3903,43.98161667,-97.06956389,8,2,0,1,0,0,1,0
460022,SOUTH DAKOTA,SD,1,0,2,99,0,BEATRICE,17,4,April,2010,7,Saturday,18,55,0,5,4,0,43.50043889,-96.59151389,38,1,0,1,0,0,1,1
460023,SOUTH DAKOTA,SD,2,0,4,123,0,ALEXANDER CITY,20,4,April,2010,3,Tuesday,16,31,1,2,2,2550,43.35228611,-99.81483333,12,1,10,2,0,0,2,0
460024,SOUTH DAKOTA,SD,1,0,1,123,0,ALEXANDER CITY,21,4,April,2010,4,Wednesday,8,10,0,3,2,393,43.38643333,-100.02782222,1,1,0,5,0,0,1,0
460025,SOUTH DAKOTA,SD,2,1,5,99,2450,BEATRICE,25,4,April,2010,1,Sunday,1,50,0,14,6,0,43.60197778,-96.71846667,8,2,0,10,0,0,1,2
460026,SOUTH DAKOTA,SD,2,1,5,113,2165,COTTONTON,8,4,April,2010,5,Thursday,23,27,1,2,2,1040,43.02732222,-102.54449167,8,6,0,1,0,0,1,0
460027,SOUTH DAKOTA,SD,1,1,2,113,0,COTTONTON,4,3,March,2010,5,Thursday,19,43,0,4,4,0,43.02698611,-102.59269444,8,2,0,1,0,0,1,0
460028,SOUTH DAKOTA,SD,3,0,4,83,0,ARDMORE,30,4,April,2010,6,Friday,22,4,1,1,1,514,43.14413889,-96.79670000,12,2,0,1,0,0,2,1
460029,SOUTH DAKOTA,SD,1,0,1,25,0,BARLOW BEND,8,5,May,2010,7,Saturday,19,30,0,6,4,0,44.68062500,-97.51241944,1,1,0,1,0,0,1,1
460030,SOUTH DAKOTA,SD,2,0,2,9,0,BLOUNT,9,5,May,2010,1,Sunday,14,15,1,2,3,3659,42.95254722,-97.68646389,12,1,0,10,0,0,1,0
460031,SOUTH DAKOTA,SD,1,0,3,71,0,BRIDGEPORT,18,5,May,2010,3,Tuesday,8,58,1,1,1,1697,43.87621389,-101.15103611,1,1,0,1,0,0,1,0
460032,SOUTH DAKOTA,SD,1,0,2,75,0,BEAVERTON,13,5,May,2010,5,Thursday,14,19,1,1,1,1867,43.88649722,-100.82457778,1,1,0,2,0,0,1,0
460033,SOUTH DAKOTA,SD,1,0,4,113,0,COTTONTON,4,5,May,2010,3,Tuesday,3,16,0,4,4,0,43.35348611,-102.38460278,42,2,0,1,0,0,2,1
460034,SOUTH DAKOTA,SD,1,0,3,29,0,BORDEN SPRINGS,21,5,May,2010,6,Friday,16,10,0,4,4,0,45.04780833,-97.47350833,1,1,0,1,0,0,1,0
460035,SOUTH DAKOTA,SD,2,0,2,135,3070,ASH FLAT,17,5,May,2010,2,Monday,15,29,1,2,2,4,42.86853333,-97.39695000,12,1,0,1,0,0,1,0
460036,SOUTH DAKOTA,SD,2,0,2,77,0,ANDERSON,25,5,May,2010,3,Tuesday,15,28,1,2,2,3829,44.36863056,-97.47337778,1,1,0,1,0,0,1,1
460037,SOUTH DAKOTA,SD,2,0,3,35,0,BROOKLYN,26,5,May,2010,4,Wednesday,12,57,0,5,4,0,43.83268056,-98.12678611,12,1,0,1,0,0,1,1
460038,SOUTH DAKOTA,SD,1,1,1,109,0,ANSLEY,27,5,May,2010,5,Thursday,5,0,0,4,4,0,45.62569167,-97.01982778,8,2,0,1,0,0,1,0
460039,SOUTH DAKOTA,SD,1,0,1,23,0,BLADON SPRINGS,6,5,May,2010,5,Thursday,16,30,0,6,4,0,43.47100556,-99.04239167,38,1,0,1,0,0,1,0
460040,SOUTH DAKOTA,SD,1,0,1,99,0,BEATRICE,25,5,May,2010,3,Tuesday,18,10,0,6,4,0,43.60565278,-96.94706389,1,1,0,1,0,0,1,0
460041,SOUTH DAKOTA,SD,1,0,3,85,0,BENTON,6,6,June,2010,1,Sunday,6,50,0,6,4,0,44.07458056,-99.63908333,5,1,0,1,0,0,1,1
460042,SOUTH DAKOTA,SD,5,0,9,125,0,BROOKWOOD,5,6,June,2010,7,Saturday,8,58,0,3,2,4238,43.25742778,-97.02188056,12,1,0,10,0,0,1,0
460043,SOUTH DAKOTA,SD,1,1,1,103,2250,DANVILLE,10,6,June,2010,5,Thursday,0,15,0,15,6,0,44.11114722,-103.19751389,8,2,0,10,0,0,1,0
460044,SOUTH DAKOTA,SD,2,0,3,63,0,BOLIGEE,20,6,June,2010,1,Sunday,11,55,1,2,2,1464,45.82994167,-103.37670278,1,1,0,1,0,0,1,1
460045,SOUTH DAKOTA,SD,1,0,2,63,0,BOLIGEE,21,6,June,2010,2,Monday,11,30,0,4,3,1974,45.51707778,-103.09473611,1,1,0,1,0,0,1,0
460046,SOUTH DAKOTA,SD,3,0,6,111,0,GRAHAM,23,6,June,2010,4,Wednesday,16,41,1,2,3,3309,44.05426389,-98.21066389,12,1,0,1,0,0,1,0
460047,SOUTH DAKOTA,SD,1,0,1,19,0,CEDAR BLUFF,25,6,June,2010,6,Friday,2,45,1,2,2,874,45.02603889,-103.54862778,31,2,0,10,0,0,1,1
460048,SOUTH DAKOTA,SD,1,0,1,99,0,BEATRICE,25,6,June,2010,6,Friday,19,20,1,1,1,882,43.67939444,-96.78117778,24,1,0,1,0,0,1,0
460049,SOUTH DAKOTA,SD,1,0,1,23,0,BLADON SPRINGS,25,6,June,2010,6,Friday,21,47,1,2,2,3513,43.17619167,-98.34742222,1,2,0,1,0,0,1,0
460050,SOUTH DAKOTA,SD,1,0,1,83,0,ARDMORE,2,7,July,2010,6,Friday,3,50,0,3,3,629,43.41004444,-96.64856944,31,2,0,1,0,0,1,0
460051,SOUTH DAKOTA,SD,1,0,1,93,255,BEAR CREEK,2,7,July,2010,6,Friday,16,55,0,14,3,871,44.16143611,-103.31362222,1,1,0,1,0,0,1,1
460052,SOUTH DAKOTA,SD,2,0,5,55,0,ATTALLA,3,7,July,2010,7,Saturday,14,0,0,2,2,1595,44.06467778,-101.34216111,12,1,0,1,0,0,1,0
460053,SOUTH DAKOTA,SD,1,0,2,123,0,ALEXANDER CITY,12,6,June,2010,7,Saturday,16,5,0,3,3,2373,43.45051111,-100.08742778,38,1,0,10,0,0,1,1
460054,SOUTH DAKOTA,SD,2,0,6,99,2450,BEATRICE,10,7,July,2010,7,Saturday,1,59,1,1,1,26,43.50733333,-96.73811944,12,3,0,1,0,0,1,2
460055,SOUTH DAKOTA,SD,2,0,4,41,0,BRANTLEY,11,7,July,2010,1,Sunday,11,10,1,2,2,1440,45.02732222,-101.45515278,12,1,1,10,0,0,1,0
460056,SOUTH DAKOTA,SD,2,0,3,79,0,COURTLAND,11,7,July,2010,1,Sunday,15,48,1,2,2,992,44.07343333,-97.12939444,12,1,0,1,0,0,1,0
460057,SOUTH DAKOTA,SD,1,1,1,121,0,BON AIR,20,7,July,2010,3,Tuesday,13,30,1,2,2,1810,43.22237778,-101.14975833,9,1,0,1,0,0,1,0
460058,SOUTH DAKOTA,SD,2,0,3,99,0,BEATRICE,21,7,July,2010,4,Wednesday,16,30,1,1,1,3936,43.60874167,-96.82169167,12,1,0,1,0,0,1,1
460059,SOUTH DAKOTA,SD,1,0,1,81,0,AUBURN,22,7,July,2010,5,Thursday,7,40,0,2,2,313,44.29210556,-103.83172778,1,2,0,1,0,0,1,1
460060,SOUTH DAKOTA,SD,1,0,1,53,0,ATMORE,24,7,July,2010,7,Saturday,16,5,1,2,2,2870,43.17143611,-99.27804444,1,1,0,1,0,0,1,0
460061,SOUTH DAKOTA,SD,1,0,1,29,0,BORDEN SPRINGS,26,7,July,2010,2,Monday,17,0,1,2,2,1531,44.84700833,-97.10870833,42,1,0,1,0,0,1,0
460062,SOUTH DAKOTA,SD,2,0,3,135,0,ASH FLAT,26,7,July,2010,2,Monday,17,35,0,6,4,0,42.99589722,-97.27903056,12,1,0,1,0,0,1,0
460063,SOUTH DAKOTA,SD,1,0,2,99,0,BEATRICE,1,8,August,2010,1,Sunday,2,35,0,4,4,0,43.76116944,-96.55659722,1,2,0,1,0,0,1,1
460064,SOUTH DAKOTA,SD,1,1,2,135,3070,ASH FLAT,3,8,August,2010,3,Tuesday,21,52,0,14,6,0,42.87017500,-97.39220278,8,3,0,1,0,0,1,0
460065,SOUTH DAKOTA,SD,1,0,2,23,0,BLADON SPRINGS,6,8,August,2010,6,Friday,13,10,0,3,2,3456,43.14005278,-98.41215278,1,1,0,1,0,0,1,1
460066,SOUTH DAKOTA,SD,1,0,2,71,0,BRIDGEPORT,6,8,August,2010,6,Friday,14,39,0,2,2,1322,43.97565278,-101.84371389,1,1,0,1,0,0,1,0
460067,SOUTH DAKOTA,SD,2,0,6,71,0,BRIDGEPORT,7,8,August,2010,7,Saturday,12,37,0,3,3,1524,43.57780556,-101.57628611,12,1,0,1,0,0,1,1
460068,SOUTH DAKOTA,SD,1,0,2,87,0,ARMSTRONG,7,8,August,2010,7,Saturday,18,35,1,1,1,3648,43.66631111,-97.37060278,1,1,0,1,0,0,1,0
460069,SOUTH DAKOTA,SD,1,0,1,33,0,CHEROKEE,8,8,August,2010,1,Sunday,15,55,0,3,2,478,43.84550278,-103.40007500,1,1,0,1,0,0,1,0
460070,SOUTH DAKOTA,SD,2,0,4,81,0,AUBURN,8,8,August,2010,1,Sunday,15,26,1,2,2,326,44.29938889,-103.80905000,12,1,0,1,0,0,1,0
460071,SOUTH DAKOTA,SD,1,0,1,31,0,COFFEE,10,8,August,2010,3,Tuesday,8,2,0,3,3,2264,45.84851944,-101.32943333,1,1,0,1,0,0,1,0
460072,SOUTH DAKOTA,SD,1,0,2,75,0,BEAVERTON,10,8,August,2010,3,Tuesday,12,3,1,1,1,1934,43.88317222,-100.69000278,1,1,0,1,0,0,1,0
460073,SOUTH DAKOTA,SD,2,0,2,103,0,DANVILLE,11,8,August,2010,4,Wednesday,21,45,1,2,2,600,43.97254444,-103.28113056,12,2,0,1,0,0,1,0
460074,SOUTH DAKOTA,SD,1,0,1,75,0,BEAVERTON,12,8,August,2010,5,Thursday,6,45,1,2,2,599,43.77431667,-100.67806667,1,4,0,1,0,0,1,1
460075,SOUTH DAKOTA,SD,2,0,2,73,0,ARGO,12,8,August,2010,5,Thursday,14,28,0,3,2,951,44.05310833,-98.45175833,12,1,0,1,0,0,1,0
460076,SOUTH DAKOTA,SD,2,0,2,103,0,DANVILLE,12,8,August,2010,5,Thursday,19,25,0,5,4,0,44.10825833,-103.53483333,12,1,0,1,0,0,1,2
460077,SOUTH DAKOTA,SD,1,0,1,101,0,BOYLSTON,31,7,July,2010,7,Saturday,22,35,0,4,4,0,44.15243889,-96.76897500,35,2,0,1,0,0,1,1
460078,SOUTH DAKOTA,SD,2,0,7,85,0,BENTON,13,8,August,2010,6,Friday,13,50,1,1,1,2250,43.89869167,-100.07970278,12,1,0,1,0,0,2,0
460079,SOUTH DAKOTA,SD,2,0,2,99,0,BEATRICE,13,8,August,2010,6,Friday,18,15,1,1,1,3935,43.60850000,-96.82803056,12,1,0,1,0,0,1,0
460080,SOUTH DAKOTA,SD,4,0,5,103,0,DANVILLE,13,8,August,2010,6,Friday,13,30,1,2,2,593,43.97427778,-103.29263611,12,1,0,1,0,0,1,0
460081,SOUTH DAKOTA,SD,3,0,3,81,0,AUBURN,10,8,August,2010,3,Tuesday,11,37,0,2,2,1064,44.18607222,-103.61817222,12,1,0,1,0,0,1,0
460082,SOUTH DAKOTA,SD,1,1,1,83,0,ARDMORE,18,8,August,2010,4,Wednesday,17,38,0,14,6,0,43.50030000,-96.81741667,9,1,0,1,0,0,1,1
460083,SOUTH DAKOTA,SD,1,0,1,103,0,DANVILLE,27,8,August,2010,6,Friday,11,8,0,2,2,951,44.06437778,-103.48276944,1,1,0,1,0,0,1,0
460084,SOUTH DAKOTA,SD,2,0,4,11,0,BULLOCK,27,8,August,2010,6,Friday,19,30,0,6,4,0,44.42687778,-96.62666389,12,1,0,1,0,0,2,0
460085,SOUTH DAKOTA,SD,1,0,1,103,0,DANVILLE,29,8,August,2010,1,Sunday,16,0,0,4,4,0,44.12671944,-103.36617500,24,1,0,1,0,0,1,0
460086,SOUTH DAKOTA,SD,1,0,1,81,0,AUBURN,3,9,September,2010,6,Friday,18,22,0,3,2,170,44.41211667,-103.88878333,1,1,0,1,0,0,1,0
460087,SOUTH DAKOTA,SD,4,0,4,61,0,BELLWOOD,20,9,September,2010,2,Monday,19,6,0,4,3,3041,43.70260556,-97.94218056,12,1,0,1,0,0,1,0
460088,SOUTH DAKOTA,SD,3,0,4,35,0,BROOKLYN,13,9,September,2010,2,Monday,14,57,1,2,3,640,43.56303056,-98.00567500,12,1,0,1,0,0,1,0
460089,SOUTH DAKOTA,SD,1,0,3,75,0,BEAVERTON,27,9,September,2010,2,Monday,0,33,1,1,1,2050,43.90884722,-100.44955278,1,2,0,1,0,0,2,0
460090,SOUTH DAKOTA,SD,1,0,2,43,0,BAILEYTON,30,9,September,2010,5,Thursday,21,54,0,6,4,0,43.49856111,-98.35149444,1,2,0,1,0,0,1,0
460091,SOUTH DAKOTA,SD,1,0,1,99,0,BEATRICE,28,9,September,2010,3,Tuesday,17,23,0,14,4,0,43.52950833,-96.62148889,30,1,0,1,0,0,1,0
460092,SOUTH DAKOTA,SD,2,0,5,101,0,BOYLSTON,4,10,October,2010,2,Monday,17,10,0,6,4,0,43.96419167,-96.60707500,12,1,0,1,0,0,3,0
460093,SOUTH DAKOTA,SD,1,0,1,137,0,ALCO,9,10,October,2010,7,Saturday,2,35,0,3,3,1463,44.71843056,-101.23134167,59,2,0,10,0,0,1,0
460094,SOUTH DAKOTA,SD,2,0,2,73,0,ARGO,28,9,September,2010,3,Tuesday,19,14,0,3,3,3210,44.06813056,-98.39878056,12,5,0,1,0,0,1,1
460095,SOUTH DAKOTA,SD,1,1,1,125,2100,BROOKWOOD,7,10,October,2010,5,Thursday,0,36,0,6,5,0,43.39798056,-97.13663333,8,3,0,1,0,0,1,0
460096,SOUTH DAKOTA,SD,2,0,2,97,0,AXIS,15,10,October,2010,6,Friday,11,28,0,4,4,0,44.13927500,-97.79060556,12,1,1,7,0,0,1,0
460097,SOUTH DAKOTA,SD,1,0,1,103,2250,DANVILLE,16,9,September,2010,5,Thursday,1,15,0,12,2,717,44.08158056,-103.15140556,33,2,0,5,0,0,1,1
460098,SOUTH DAKOTA,SD,1,0,6,103,2250,DANVILLE,16,10,October,2010,7,Saturday,19,12,0,16,5,0,44.10126111,-103.20171667,33,3,0,1,0,0,1,1
460099,SOUTH DAKOTA,SD,1,0,1,29,0,BORDEN SPRINGS,7,10,October,2010,5,Thursday,6,57,0,4,4,0,45.06767500,-96.92331944,35,4,0,1,0,0,1,0
460100,SOUTH DAKOTA,SD,2,0,6,83,0,ARDMORE,29,10,October,2010,6,Friday,15,48,0,3,3,4073,43.33040000,-96.88577778,12,1,0,1,0,0,1,0
460101,SOUTH DAKOTA,SD,1,0,1,29,0,BORDEN SPRINGS,4,11,November,2010,5,Thursday,15,53,1,1,1,1786,44.90005556,-97.05683611,1,1,0,1,0,0,1,0
460102,SOUTH DAKOTA,SD,1,0,1,83,1390,ARDMORE,6,11,November,2010,7,Saturday,23,35,0,6,6,0,43.12698056,-96.45521944,34,3,0,1,0,0,1,1