ST_CASE,State Name,State Abbreviation,VE_TOTAL,Pedestrains,Total_Persons_in_accident,COUNTY,CITY,City_County_Name,Calendar_DAY,MONTH,Month_Name,YEAR,DAY_WEEK,Day_Week_desc,HOUR,MINUTE,NHS_Desc,trafficway,ROUTE,MILEPT,LATITUDE,LONGITUD,First_Crash_event,Light_cond_desc,Weather_condition,WEATHER,SCH_BUS,Crash_cause,FATALS,DRUNK_DR
460103,SOUTH DAKOTA,SD,1,1,1,13,10,BOLLING,5,11,November,2010,6,Friday,7,35,0,14,6,0,45.46990833,-98.47931111,8,3,0,1,0,0,1,0
460104,SOUTH DAKOTA,SD,2,0,2,11,0,BULLOCK,10,11,November,2010,4,Wednesday,13,50,0,3,4,0,44.38369167,-97.02720278,12,1,0,10,0,0,1,0
460105,SOUTH DAKOTA,SD,1,0,2,47,0,BROWNS,10,11,November,2010,4,Wednesday,17,15,1,2,3,316,43.46035000,-103.35028611,32,2,0,10,0,0,1,0
460106,SOUTH DAKOTA,SD,1,0,2,85,0,BENTON,13,11,November,2010,7,Saturday,23,1,1,1,1,2470,43.86847500,-99.63998889,1,2,0,1,0,0,1,0
460107,SOUTH DAKOTA,SD,1,0,1,7,0,BIBB,8,11,November,2010,2,Monday,13,0,0,6,4,0,43.20982222,-101.83145833,1,1,0,1,0,0,1,0
460108,SOUTH DAKOTA,SD,2,0,3,89,0,BROWNSBORO,22,11,November,2010,2,Monday,8,21,0,3,3,2211,45.76727222,-99.69936667,12,1,0,4,0,0,1,0
460109,SOUTH DAKOTA,SD,1,0,5,75,0,BEAVERTON,24,11,November,2010,4,Wednesday,9,4,1,1,1,2068,43.90886389,-100.43300556,35,1,11,11,0,0,1,0
460110,SOUTH DAKOTA,SD,2,0,2,45,0,ARITON,24,11,November,2010,4,Wednesday,9,48,0,3,3,1740,45.40517222,-99.02966111,12,1,10,3,0,0,1,0
460111,SOUTH DAKOTA,SD,1,0,1,11,360,BULLOCK,24,11,November,2010,4,Wednesday,10,30,1,11,1,1310,44.29983889,-96.75847778,1,1,0,1,0,0,1,0
460112,SOUTH DAKOTA,SD,2,0,6,115,0,ASHVILLE,27,11,November,2010,7,Saturday,8,0,1,2,2,3165,44.87895278,-98.31931111,12,1,0,1,0,0,1,0
460113,SOUTH DAKOTA,SD,1,0,1,65,0,CYPRESS,12,12,December,2010,1,Sunday,3,50,0,4,4,0,44.39165833,-100.05400000,32,2,0,1,0,0,1,1
460114,SOUTH DAKOTA,SD,2,0,3,37,0,BRADFORD,29,12,December,2010,4,Wednesday,18,34,0,3,3,1876,45.41657778,-97.50980278,12,2,10,11,0,0,1,0
460115,SOUTH DAKOTA,SD,1,0,3,7,0,BIBB,3,4,April,2010,7,Saturday,7,19,0,4,4,0,43.28831111,-101.96258889,1,2,0,1,0,0,1,1
460116,SOUTH DAKOTA,SD,1,0,3,113,0,COTTONTON,16,5,May,2010,1,Sunday,0,20,1,2,2,1070,43.03145833,-102.48944444,1,2,0,1,0,0,1,1
460117,SOUTH DAKOTA,SD,1,0,4,113,0,COTTONTON,27,8,August,2010,6,Friday,16,26,0,4,4,0,43.42294722,-102.18512500,11,1,0,1,0,0,3,0
460118,SOUTH DAKOTA,SD,1,0,2,113,0,COTTONTON,30,10,October,2010,7,Saturday,7,44,0,4,4,0,43.63165278,-102.89351944,35,1,0,1,0,0,1,0
460119,SOUTH DAKOTA,SD,1,0,2,113,0,COTTONTON,12,11,November,2010,6,Friday,6,31,1,2,2,910,43.16321944,-102.69720278,32,4,0,5,0,0,2,1
460120,SOUTH DAKOTA,SD,2,0,4,113,0,COTTONTON,21,8,August,2010,7,Saturday,19,35,0,4,4,0,43.02934167,-102.60886944,12,5,0,1,0,0,1,1
460121,SOUTH DAKOTA,SD,2,0,2,113,0,COTTONTON,16,9,September,2010,5,Thursday,16,0,1,2,2,1257,43.09914722,-102.16108333,11,1,0,1,0,0,1,0
460122,SOUTH DAKOTA,SD,1,0,2,113,0,COTTONTON,27,3,March,2010,7,Saturday,6,41,0,4,4,0,43.43336667,-102.11266111,1,4,0,1,0,0,1,0
460123,SOUTH DAKOTA,SD,1,0,3,81,0,AUBURN,5,9,September,2010,1,Sunday,21,39,0,3,3,200,44.54581944,-103.72185556,5,2,0,10,0,0,1,0
460124,SOUTH DAKOTA,SD,1,0,2,113,0,COTTONTON,1,8,August,2010,1,Sunday,13,7,0,4,4,0,43.16188333,-102.34217500,1,1,0,1,0,0,1,1
460125,SOUTH DAKOTA,SD,2,0,4,137,0,ALCO,31,7,July,2010,7,Saturday,21,13,1,2,2,1350,45.05245278,-101.62297778,12,2,0,1,0,0,1,2
470001,TENNESSEE,TN,1,0,2,123,0,ALEXANDER CITY,1,1,January,2010,6,Friday,10,6,1,1,1,60,35.65205556,-84.46229444,42,1,0,1,0,0,1,0
470002,TENNESSEE,TN,3,1,3,165,890,HERNDON,1,1,January,2010,6,Friday,3,44,1,13,3,31,36.37143611,-86.46218889,8,2,0,1,0,0,1,0
470003,TENNESSEE,TN,2,0,5,107,0,CARROLLTON,3,1,January,2010,1,Sunday,3,57,1,1,1,70,35.38606111,-84.72392778,12,2,0,1,0,0,3,1
470005,TENNESSEE,TN,1,0,1,93,1300,BEAR CREEK,4,1,January,2010,2,Monday,19,53,0,14,6,50,36.01865000,-83.98454444,34,2,0,1,0,0,1,1
470006,TENNESSEE,TN,2,0,5,49,0,COLLINSVILLE,5,1,January,2010,3,Tuesday,17,14,1,2,2,166,36.38966667,-84.93786667,12,2,0,1,0,0,1,0
470007,TENNESSEE,TN,2,0,2,55,0,ATTALLA,6,1,January,2010,4,Wednesday,14,15,0,3,2,278,35.30151111,-87.02815000,12,1,0,1,0,0,1,0
470008,TENNESSEE,TN,1,0,1,57,0,BANKSTON,6,1,January,2010,4,Wednesday,2,0,0,4,3,139,36.29764167,-83.35573889,53,2,0,1,0,0,1,1
470009,TENNESSEE,TN,1,0,2,121,0,BON AIR,6,1,January,2010,4,Wednesday,7,55,0,4,3,93,35.65715556,-84.73864444,35,1,0,1,0,0,1,0
470010,TENNESSEE,TN,1,0,1,55,0,ATTALLA,6,1,January,2010,4,Wednesday,18,0,0,6,4,2,35.24955833,-87.08732778,42,2,0,1,0,0,1,0
470011,TENNESSEE,TN,1,0,1,61,1677,BELLWOOD,8,1,January,2010,6,Friday,12,0,0,16,6,5,35.24557500,-85.79954167,42,1,0,4,0,0,1,1
470013,TENNESSEE,TN,1,0,2,59,0,FRANKLIN,9,1,January,2010,7,Saturday,15,34,0,5,4,42,36.28502500,-82.66911389,31,1,0,1,0,0,1,0
470014,TENNESSEE,TN,2,0,2,81,0,AUBURN,9,1,January,2010,7,Saturday,7,0,0,3,3,55,35.88470278,-87.26168056,12,1,0,4,0,0,1,0
470015,TENNESSEE,TN,1,0,1,129,0,BIGBEE,9,1,January,2010,7,Saturday,9,41,0,3,3,227,36.09293333,-84.54458056,43,1,0,10,0,0,1,0
470016,TENNESSEE,TN,2,0,2,41,0,BRANTLEY,10,1,January,2010,1,Sunday,6,55,0,3,2,243,35.96421667,-85.72005278,12,1,0,1,0,0,1,0
470017,TENNESSEE,TN,1,0,1,65,0,CYPRESS,7,1,January,2010,5,Thursday,16,37,0,14,4,16,35.22515000,-85.15408611,35,1,0,4,0,0,1,1
470018,TENNESSEE,TN,3,0,4,63,0,BOLIGEE,14,1,January,2010,5,Thursday,14,24,0,13,2,164,36.26162500,-83.17643056,12,1,0,1,0,0,2,0
470019,TENNESSEE,TN,1,0,1,187,850,DAHLONEGA,11,1,January,2010,2,Monday,10,25,1,11,1,148,35.94560278,-86.81474444,1,1,0,1,0,0,1,0
470020,TENNESSEE,TN,1,0,1,77,0,ANDERSON,16,1,January,2010,7,Saturday,2,23,1,2,2,91,35.67144722,-88.45410556,1,2,0,1,0,0,1,1
470021,TENNESSEE,TN,2,0,5,107,0,CARROLLTON,16,1,January,2010,7,Saturday,15,45,0,5,4,0,35.32596389,-84.78584444,12,1,0,1,0,0,1,0
470022,TENNESSEE,TN,1,1,2,23,0,BLADON SPRINGS,18,1,January,2010,2,Monday,18,41,0,5,4,37,35.46234722,-88.64856389,8,3,0,10,0,0,1,0
470023,TENNESSEE,TN,1,0,1,113,1200,COTTONTON,16,1,January,2010,7,Saturday,8,25,1,1,1,203,35.68192778,-88.73207778,42,1,0,10,0,0,1,0
470024,TENNESSEE,TN,1,0,1,101,0,BOYLSTON,18,1,January,2010,2,Monday,14,25,0,4,3,105,35.48511667,-87.55662500,34,1,0,1,0,0,1,1
470025,TENNESSEE,TN,1,0,1,19,760,CEDAR BLUFF,19,1,January,2010,3,Tuesday,11,22,0,14,6,9,36.35362778,-82.19315278,19,1,0,1,0,0,1,0
470027,TENNESSEE,TN,2,0,2,13,0,BOLLING,23,1,January,2010,7,Saturday,14,40,0,2,3,167,36.44561944,-83.95912222,12,1,0,1,0,0,1,0
470028,TENNESSEE,TN,2,0,6,91,1720,DAYTON,23,1,January,2010,7,Saturday,16,32,0,4,3,85,36.53328056,-81.78169722,12,1,0,1,0,0,2,0
470029,TENNESSEE,TN,1,0,1,115,0,ASHVILLE,24,1,January,2010,1,Sunday,99,99,0,6,4,0,35.11032778,-85.73946667,41,2,0,1,0,0,1,0
470030,TENNESSEE,TN,1,0,1,131,2480,ARLINGTON,12,1,January,2010,3,Tuesday,6,20,0,16,6,1,36.44613889,-89.05725278,30,3,0,1,0,0,1,0
470031,TENNESSEE,TN,1,0,3,189,1360,BONEVILLE,1,1,January,2010,6,Friday,3,24,0,16,6,1,36.24648056,-86.33601111,32,2,0,1,0,0,1,1
470032,TENNESSEE,TN,1,1,1,61,0,BELLWOOD,25,1,January,2010,2,Monday,18,30,0,6,4,0,35.36202778,-85.66110833,8,3,0,1,0,0,1,0
470033,TENNESSEE,TN,2,0,3,165,960,HERNDON,25,1,January,2010,2,Monday,8,25,1,11,1,4,36.33914722,-86.71276944,12,1,0,1,0,0,1,0
470034,TENNESSEE,TN,2,0,2,93,1300,BEAR CREEK,26,1,January,2010,3,Tuesday,8,2,0,13,3,124,35.97451667,-83.99133611,12,1,0,10,0,0,1,0
470035,TENNESSEE,TN,1,0,1,93,0,BEAR CREEK,12,1,January,2010,3,Tuesday,10,34,0,14,3,61,36.09393333,-83.86704444,30,1,0,4,0,0,1,0
470036,TENNESSEE,TN,2,0,2,163,0,AVERA,29,1,January,2010,6,Friday,7,0,0,13,3,44,36.48175556,-82.58175833,12,1,0,1,0,0,1,0
470037,TENNESSEE,TN,3,1,5,163,0,AVERA,31,1,January,2010,1,Sunday,11,47,0,13,3,21,36.45673056,-82.60776389,12,1,0,10,0,0,1,0
470038,TENNESSEE,TN,5,0,6,165,1648,HERNDON,24,1,January,2010,1,Sunday,4,8,1,11,1,56,36.41224167,-86.72249167,39,2,0,2,0,0,1,0
470039,TENNESSEE,TN,1,1,1,93,1300,BEAR CREEK,31,1,January,2010,1,Sunday,13,19,0,16,6,0,35.91680000,-83.91016111,8,1,0,1,0,0,1,0
470040,TENNESSEE,TN,1,0,1,113,0,COTTONTON,1,1,January,2010,6,Friday,2,47,0,15,4,53,35.72400833,-88.77109722,42,2,0,1,0,0,1,0
470041,TENNESSEE,TN,2,0,3,63,1700,BOLIGEE,27,1,January,2010,4,Wednesday,14,44,0,14,6,33,36.22151389,-83.26455556,12,1,0,1,0,0,1,0
470042,TENNESSEE,TN,1,0,1,163,0,AVERA,1,1,January,2010,6,Friday,20,33,0,6,4,0,36.58522500,-82.53381389,38,2,0,1,0,0,1,0
470043,TENNESSEE,TN,1,0,1,37,1760,BRADFORD,11,1,January,2010,2,Monday,0,37,1,11,1,248,36.14156667,-86.67143333,25,3,0,1,0,0,1,0
470044,TENNESSEE,TN,1,0,1,75,300,BEAVERTON,1,1,January,2010,6,Friday,20,29,0,14,6,9,35.58790556,-89.24756389,30,3,0,1,0,0,1,1
470045,TENNESSEE,TN,2,0,2,183,670,FORT STEWART,6,1,January,2010,4,Wednesday,12,56,1,2,3,143,36.28824444,-88.73338611,12,1,0,1,0,0,1,0
470046,TENNESSEE,TN,1,0,2,43,0,BAILEYTON,1,2,February,2010,2,Monday,14,35,0,3,3,263,36.26898056,-87.19945833,42,1,0,1,0,0,1,0
470047,TENNESSEE,TN,1,0,1,103,0,DANVILLE,1,2,February,2010,2,Monday,13,50,0,2,3,192,35.21353333,-86.45711667,52,1,0,1,0,0,1,0
470048,TENNESSEE,TN,2,0,3,177,0,LEE,1,2,February,2010,2,Monday,18,0,0,3,3,24,35.60082222,-85.61501667,12,2,0,1,0,0,1,1
470049,TENNESSEE,TN,1,0,1,129,2505,BIGBEE,1,2,February,2010,2,Monday,14,5,0,16,6,3,36.08944167,-84.54259444,30,1,0,10,0,0,1,1
470050,TENNESSEE,TN,1,0,1,161,0,DENTON,1,2,February,2010,2,Monday,99,99,1,2,2,143,36.50721389,-87.83201944,35,9,0,99,0,0,1,0
470051,TENNESSEE,TN,2,0,2,163,0,AVERA,3,2,February,2010,4,Wednesday,16,7,0,13,3,38,36.47641389,-82.59000833,12,1,0,1,0,0,1,0
470052,TENNESSEE,TN,2,1,3,113,1200,COTTONTON,3,2,February,2010,4,Wednesday,18,20,0,14,2,126,35.61721111,-88.81938333,8,3,0,10,0,0,1,0
470053,TENNESSEE,TN,2,0,3,147,0,AUGUSTA,4,2,February,2010,5,Thursday,12,15,0,2,3,69,36.59096389,-86.59907778,12,1,0,1,0,0,1,0
470054,TENNESSEE,TN,1,0,1,157,160,ARCADE,2,2,February,2010,3,Tuesday,13,3,0,15,6,7,35.24634722,-89.81957222,30,1,0,1,0,0,1,1
470055,TENNESSEE,TN,2,0,2,13,0,BOLLING,6,2,February,2010,7,Saturday,18,51,1,1,1,262,36.53362222,-84.16781667,12,2,0,4,0,0,2,0
470056,TENNESSEE,TN,1,0,1,69,0,ASHFORD,5,2,February,2010,6,Friday,23,15,0,5,4,83,35.13496667,-88.99690833,52,2,0,1,0,0,1,1
470057,TENNESSEE,TN,1,0,1,75,0,BEAVERTON,29,1,January,2010,6,Friday,12,45,0,3,3,50,35.66543889,-89.37227778,34,1,0,4,0,0,1,0
470058,TENNESSEE,TN,1,0,1,163,0,AVERA,6,2,February,2010,7,Saturday,21,0,1,2,2,141,36.57281667,-82.37716111,42,2,0,1,0,0,1,1
470059,TENNESSEE,TN,1,0,1,53,0,ATMORE,7,2,February,2010,1,Sunday,4,30,1,2,2,113,35.93545278,-88.94026944,33,2,0,10,0,0,1,1
470060,TENNESSEE,TN,1,0,1,75,0,BEAVERTON,7,2,February,2010,1,Sunday,3,30,0,3,2,96,35.52484444,-89.34914722,52,2,0,10,0,0,1,1
470061,TENNESSEE,TN,1,0,1,109,2160,ANSLEY,7,2,February,2010,1,Sunday,4,37,0,16,6,1,35.17568611,-88.59905278,34,2,0,1,0,0,1,0
470062,TENNESSEE,TN,1,0,2,177,1530,LEE,7,2,February,2010,1,Sunday,19,22,0,16,6,0,35.70867500,-85.75141944,32,3,0,1,0,0,1,1
470063,TENNESSEE,TN,2,0,4,93,1300,BEAR CREEK,7,2,February,2010,1,Sunday,20,21,0,16,6,0,35.92835833,-84.04295278,12,3,0,1,0,0,1,0
470064,TENNESSEE,TN,2,0,2,39,0,ANDALUSIA,8,2,February,2010,2,Monday,17,35,1,2,3,341,35.72825833,-88.10678889,12,2,0,4,0,0,1,0
470065,TENNESSEE,TN,2,0,3,93,0,BEAR CREEK,12,2,February,2010,6,Friday,17,16,0,13,2,314,36.07471944,-83.77084444,12,1,0,1,0,0,1,0
470066,TENNESSEE,TN,2,0,2,185,0,ANAKTUVUK PASS,12,2,February,2010,6,Friday,8,44,0,4,3,20,35.94898611,-85.44682222,12,1,0,1,0,0,1,0
470067,TENNESSEE,TN,2,0,5,93,0,BEAR CREEK,13,2,February,2010,7,Saturday,23,30,0,13,3,170,36.10402222,-83.90947500,12,2,0,1,0,0,3,1
470068,TENNESSEE,TN,1,0,1,133,0,ARLEY,13,2,February,2010,7,Saturday,16,5,0,4,3,39,36.34336389,-85.42283056,42,1,0,10,0,0,1,1
470069,TENNESSEE,TN,2,0,6,65,0,CYPRESS,15,2,February,2010,2,Monday,8,12,1,2,2,283,35.39998333,-85.10411111,12,1,0,10,0,0,2,0
470070,TENNESSEE,TN,1,1,1,23,1080,BLADON SPRINGS,7,2,February,2010,1,Sunday,22,43,0,3,3,86,35.41645278,-88.69150000,8,2,0,1,0,0,1,0
470071,TENNESSEE,TN,1,1,1,169,1070,BRADLEY,9,2,February,2010,3,Tuesday,20,0,0,4,3,52,36.38784444,-86.16720278,8,3,0,10,0,0,1,0
470072,TENNESSEE,TN,2,0,2,93,1300,BEAR CREEK,9,2,February,2010,3,Tuesday,6,40,0,13,2,82,36.01644722,-83.82637500,12,3,0,1,0,0,1,0
470073,TENNESSEE,TN,2,0,2,73,1726,ARGO,18,2,February,2010,5,Thursday,20,25,0,14,3,148,36.58320833,-82.65790833,12,3,0,1,0,0,1,0
470074,TENNESSEE,TN,2,0,4,49,408,COLLINSVILLE,19,2,February,2010,6,Friday,10,55,1,2,2,24,36.20165833,-85.01960000,12,1,0,1,0,0,1,0
470075,TENNESSEE,TN,1,0,1,149,0,BELLEVILLE,19,2,February,2010,6,Friday,0,42,0,14,3,237,35.80390556,-86.33056389,30,2,0,1,0,0,1,1
470076,TENNESSEE,TN,1,0,1,183,0,FORT STEWART,20,2,February,2010,7,Saturday,14,30,1,2,3,48,36.35211667,-88.82506389,24,1,0,1,0,0,1,1
470077,TENNESSEE,TN,2,0,2,133,0,ARLEY,24,2,February,2010,4,Wednesday,6,45,0,2,3,66,36.43734167,-85.34799444,12,1,0,10,0,0,1,0
470078,TENNESSEE,TN,1,0,1,89,0,BROWNSBORO,25,2,February,2010,5,Thursday,0,5,1,1,1,62,36.13002500,-83.30942222,52,2,0,1,0,0,1,0
470079,TENNESSEE,TN,2,0,4,119,470,BELLAMY,5,2,February,2010,6,Friday,18,5,0,13,2,244,35.65116667,-87.01130000,12,3,0,2,0,0,1,0
470080,TENNESSEE,TN,1,0,3,165,0,HERNDON,22,2,February,2010,2,Monday,18,39,0,3,3,49,36.36785833,-86.63575833,21,2,0,10,0,0,1,0
470081,TENNESSEE,TN,2,0,4,19,760,CEDAR BLUFF,25,2,February,2010,5,Thursday,21,31,1,13,2,29,36.32228611,-82.27307222,12,3,0,10,0,0,1,0
470082,TENNESSEE,TN,1,0,4,53,0,ATMORE,27,2,February,2010,7,Saturday,3,35,0,6,4,1,35.84084167,-88.75610000,42,2,0,1,0,0,1,1
470083,TENNESSEE,TN,2,0,3,61,1033,BELLWOOD,27,2,February,2010,7,Saturday,21,40,0,3,3,55,35.37466111,-85.58918333,12,2,0,1,0,0,2,0
470084,TENNESSEE,TN,1,0,2,119,0,BELLAMY,27,2,February,2010,7,Saturday,99,99,0,6,4,1,35.52205833,-86.90462222,1,9,0,1,0,0,1,1
470085,TENNESSEE,TN,1,0,6,13,0,BOLLING,28,2,February,2010,1,Sunday,8,20,1,1,1,232,36.49901111,-84.20782222,35,1,0,3,0,0,1,0
470086,TENNESSEE,TN,1,0,1,157,1620,ARCADE,8,1,January,2010,6,Friday,99,99,0,14,6,19,35.03505556,-89.88672500,33,3,0,99,0,0,1,0
470087,TENNESSEE,TN,1,0,1,157,1620,ARCADE,21,1,January,2010,5,Thursday,3,20,0,14,6,61,35.12105000,-89.90909444,40,3,0,2,0,0,1,0
470088,TENNESSEE,TN,2,0,6,157,1620,ARCADE,31,1,January,2010,1,Sunday,3,22,1,11,1,74,35.19164444,-89.97688889,12,3,0,8,0,0,1,1
470089,TENNESSEE,TN,1,1,1,145,1060,BALD KNOB,18,1,January,2010,2,Monday,18,30,0,14,6,10,35.92919722,-84.55147778,8,2,0,1,0,0,1,0
470090,TENNESSEE,TN,2,0,2,37,1760,BRADFORD,18,1,January,2010,2,Monday,17,27,0,3,2,87,36.29193889,-86.88379444,12,2,0,1,0,0,1,0
470091,TENNESSEE,TN,2,0,2,51,2600,CENTRAL,29,1,January,2010,6,Friday,12,44,0,14,2,164,35.17953611,-86.09227778,12,1,0,4,0,0,1,0
470092,TENNESSEE,TN,1,0,3,155,0,IRWIN,24,1,January,2010,1,Sunday,20,6,0,3,2,86,35.73348333,-83.51976111,16,2,6,2,0,0,1,0
470093,TENNESSEE,TN,2,0,4,157,1620,ARCADE,19,1,January,2010,3,Tuesday,23,9,0,14,6,12,35.10758333,-90.05470556,12,3,0,1,0,0,1,1
470094,TENNESSEE,TN,1,0,2,157,1620,ARCADE,31,1,January,2010,1,Sunday,0,50,0,14,6,9,35.00711667,-89.84863333,42,2,0,1,0,0,1,1
470095,TENNESSEE,TN,1,0,1,37,960,BRADFORD,19,1,January,2010,3,Tuesday,14,30,1,11,1,212,36.32065000,-86.70328611,42,1,0,1,0,0,1,0
470096,TENNESSEE,TN,1,0,1,177,0,LEE,28,2,February,2010,1,Sunday,21,45,0,6,4,1,35.64881389,-85.88770278,34,2,0,1,0,0,1,1
470097,TENNESSEE,TN,1,1,1,93,1300,BEAR CREEK,24,2,February,2010,4,Wednesday,22,40,0,14,6,16,36.02355833,-84.00021944,8,2,0,10,0,0,1,0
470098,TENNESSEE,TN,3,0,9,9,30,BLOUNT,27,2,February,2010,7,Saturday,17,22,1,13,2,147,35.79619167,-83.99145556,35,1,0,1,0,0,2,1
470099,TENNESSEE,TN,1,0,1,109,0,ANSLEY,4,2,February,2010,5,Thursday,9,40,0,5,4,46,35.04361111,-88.39908611,42,1,0,2,0,0,1,0
470100,TENNESSEE,TN,2,0,2,157,1620,ARCADE,4,2,February,2010,5,Thursday,22,24,1,13,2,9,35.00596389,-89.88717500,12,3,0,2,0,0,1,0
470102,TENNESSEE,TN,1,1,1,93,1300,BEAR CREEK,1,3,March,2010,2,Monday,7,34,0,15,6,3,35.96722500,-83.91943889,8,1,0,1,0,0,1,0
470103,TENNESSEE,TN,1,0,1,163,0,AVERA,3,3,March,2010,4,Wednesday,11,40,0,4,3,160,36.57569444,-82.06070556,42,1,0,1,0,0,1,0
470104,TENNESSEE,TN,1,0,1,13,0,BOLLING,6,3,March,2010,7,Saturday,16,25,0,6,4,1,36.34332778,-84.13187500,1,1,0,1,0,0,1,1
470105,TENNESSEE,TN,1,0,2,29,0,BORDEN SPRINGS,5,3,March,2010,6,Friday,3,40,0,3,2,188,35.92243333,-82.96027500,35,2,0,1,0,0,1,0
470106,TENNESSEE,TN,1,0,2,39,0,ANDALUSIA,6,3,March,2010,7,Saturday,20,0,0,5,4,88,35.50031944,-88.00272500,1,2,0,1,0,0,1,1
470107,TENNESSEE,TN,2,0,2,31,0,COFFEE,8,3,March,2010,2,Monday,5,26,1,1,1,268,35.36399722,-85.96269722,12,2,0,1,0,0,1,0
470108,TENNESSEE,TN,2,0,2,165,0,HERNDON,6,3,March,2010,7,Saturday,17,34,1,2,2,285,36.51996667,-86.26688056,12,5,0,1,0,0,1,0
470109,TENNESSEE,TN,2,0,4,63,1700,BOLIGEE,6,3,March,2010,7,Saturday,11,42,0,14,6,27,36.22191389,-83.27806667,12,1,0,1,0,0,1,0
470110,TENNESSEE,TN,1,0,2,39,0,ANDALUSIA,10,3,March,2010,4,Wednesday,8,45,0,5,4,9,35.57301111,-88.03210000,42,1,0,1,0,0,1,0
470111,TENNESSEE,TN,2,0,3,37,1760,BRADFORD,1,2,February,2010,2,Monday,13,13,1,11,1,227,36.14272222,-86.70831667,12,1,0,4,0,0,1,0
470112,TENNESSEE,TN,2,0,2,65,400,CYPRESS,15,2,February,2010,2,Monday,6,54,1,12,3,41,35.07530556,-85.19933611,25,3,0,3,0,0,1,0
470113,TENNESSEE,TN,1,1,1,65,400,CYPRESS,17,2,February,2010,4,Wednesday,17,17,0,16,6,0,35.00042778,-85.28891389,8,1,0,1,0,0,1,0
470114,TENNESSEE,TN,1,0,1,157,1620,ARCADE,23,2,February,2010,3,Tuesday,22,44,0,14,6,39,35.05054167,-89.84384167,31,3,0,1,0,0,1,0
470115,TENNESSEE,TN,2,0,4,37,1760,BRADFORD,4,2,February,2010,5,Thursday,22,3,0,14,6,2,36.15586111,-86.62908611,12,3,0,2,0,0,1,0
470116,TENNESSEE,TN,1,1,1,37,1760,BRADFORD,24,2,February,2010,4,Wednesday,2,35,0,13,2,72,36.07389722,-86.92725278,8,2,0,1,0,0,1,1
470117,TENNESSEE,TN,1,0,1,117,1380,BIRMINGHAM,22,2,February,2010,2,Monday,7,13,0,16,6,77,35.45276944,-86.80988333,42,1,0,1,0,0,1,0
470118,TENNESSEE,TN,2,0,2,43,640,BAILEYTON,24,2,February,2010,4,Wednesday,18,5,0,13,2,118,36.08209722,-87.34055833,12,3,0,1,0,0,1,0
470119,TENNESSEE,TN,1,0,5,37,1760,BRADFORD,17,2,February,2010,4,Wednesday,20,5,0,3,3,87,36.06145833,-86.90893611,11,2,0,1,0,0,1,0
470120,TENNESSEE,TN,1,0,2,65,400,CYPRESS,5,3,March,2010,6,Friday,22,48,1,12,3,2,35.02879167,-85.17666944,24,3,0,1,0,0,1,1
470121,TENNESSEE,TN,1,0,1,93,0,BEAR CREEK,5,3,March,2010,6,Friday,15,29,0,6,4,1,35.99732222,-83.72421111,42,1,0,1,0,0,1,1
470122,TENNESSEE,TN,1,0,1,19,760,CEDAR BLUFF,13,3,March,2010,7,Saturday,16,50,0,14,3,20,36.32732778,-82.27715556,34,1,0,10,0,0,1,0
470123,TENNESSEE,TN,1,0,1,93,1300,BEAR CREEK,13,3,March,2010,7,Saturday,1,35,0,13,2,48,35.92080000,-83.86165278,32,3,0,2,0,0,1,1
470124,TENNESSEE,TN,1,0,2,173,0,LAKELAND,17,3,March,2010,4,Wednesday,9,22,0,5,4,2,36.20430833,-83.78898611,42,1,0,1,0,0,1,0
470125,TENNESSEE,TN,1,0,1,85,2530,BENTON,11,3,March,2010,5,Thursday,16,31,0,3,2,152,36.08598333,-87.75498056,53,1,0,1,0,0,1,1
470126,TENNESSEE,TN,1,0,1,73,0,ARGO,18,3,March,2010,5,Thursday,3,25,0,15,4,120,36.55030278,-82.74870278,42,2,0,1,0,0,1,1
470127,TENNESSEE,TN,2,0,3,31,1550,COFFEE,10,3,March,2010,4,Wednesday,17,27,0,14,2,170,35.45625278,-86.04848056,12,1,0,1,0,0,1,0
470128,TENNESSEE,TN,1,0,2,63,0,BOLIGEE,12,3,March,2010,6,Friday,17,10,1,1,1,65,36.19670278,-83.15884444,42,1,0,10,0,0,1,0
470129,TENNESSEE,TN,2,0,2,159,0,FARRAR,12,3,March,2010,6,Friday,11,55,1,1,1,129,36.17217778,-85.91059722,24,1,0,2,0,0,1,0
470130,TENNESSEE,TN,1,0,1,7,0,BIBB,13,3,March,2010,7,Saturday,1,57,0,2,2,115,35.58483611,-85.21409167,34,2,0,1,0,0,1,1
470131,TENNESSEE,TN,2,0,2,143,0,CANEHILL,13,3,March,2010,7,Saturday,15,35,0,3,3,128,35.62269722,-84.81290833,12,1,0,2,0,0,1,0
470132,TENNESSEE,TN,2,0,5,157,0,ARCADE,18,3,March,2010,5,Thursday,23,38,0,3,3,266,35.27194722,-89.85883889,12,2,0,1,0,0,1,0
470133,TENNESSEE,TN,1,0,1,123,0,ALEXANDER CITY,10,3,March,2010,4,Wednesday,14,50,0,3,2,72,35.64933611,-84.42478056,35,1,0,1,0,0,1,0
470134,TENNESSEE,TN,1,0,5,163,0,AVERA,14,3,March,2010,1,Sunday,14,45,0,14,3,58,36.54284722,-82.17189722,1,1,0,1,0,0,1,0