ST_CASE,State Name,State Abbreviation,VE_TOTAL,Pedestrains,Total_Persons_in_accident,COUNTY,CITY,City_County_Name,Calendar_DAY,MONTH,Month_Name,YEAR,DAY_WEEK,Day_Week_desc,HOUR,MINUTE,NHS_Desc,trafficway,ROUTE,MILEPT,LATITUDE,LONGITUD,First_Crash_event,Light_cond_desc,Weather_condition,WEATHER,SCH_BUS,Crash_cause,FATALS,DRUNK_DR
470294,TENNESSEE,TN,1,0,1,9,1570,BLOUNT,19,3,March,2010,6,Friday,20,12,1,13,2,64,35.75911944,-84.06768333,1,2,0,1,0,0,1,0
470295,TENNESSEE,TN,1,0,3,149,0,BELLEVILLE,13,5,May,2010,5,Thursday,5,15,0,4,3,254,35.79206667,-86.30432500,32,4,0,1,0,0,1,0
470296,TENNESSEE,TN,1,0,2,115,0,ASHVILLE,13,5,May,2010,5,Thursday,7,15,0,4,2,196,35.03364444,-85.57370556,1,1,0,1,0,0,2,0
470297,TENNESSEE,TN,2,0,3,165,1970,HERNDON,20,3,March,2010,7,Saturday,19,3,0,16,6,0,36.58486944,-86.54944444,12,5,0,1,0,0,2,0
470298,TENNESSEE,TN,5,0,1,93,1300,BEAR CREEK,23,5,May,2010,1,Sunday,1,32,0,14,6,34,35.90842222,-84.12361667,14,3,0,1,0,0,1,0
470299,TENNESSEE,TN,1,0,2,165,0,HERNDON,25,5,May,2010,3,Tuesday,21,30,0,6,4,1,36.54846944,-86.59736667,35,2,0,1,0,0,1,1
470300,TENNESSEE,TN,1,0,1,35,839,BROOKLYN,27,5,May,2010,5,Thursday,1,20,0,4,3,207,35.99593333,-84.92252500,59,2,0,1,0,0,1,1
470301,TENNESSEE,TN,1,0,1,43,317,BAILEYTON,27,5,May,2010,5,Thursday,6,0,0,15,6,21,36.05469444,-87.34435556,53,1,0,1,0,0,1,0
470302,TENNESSEE,TN,2,0,2,37,1760,BRADFORD,17,3,March,2010,4,Wednesday,12,56,0,3,2,76,36.28920278,-86.88005556,12,1,0,1,0,0,1,0
470303,TENNESSEE,TN,2,0,2,45,0,ARITON,23,5,May,2010,1,Sunday,10,45,0,2,3,211,36.02557778,-89.30986667,12,1,0,1,0,0,1,0
470304,TENNESSEE,TN,2,0,2,59,0,FRANKLIN,27,5,May,2010,5,Thursday,18,30,0,3,3,68,36.04233333,-82.85613611,12,1,0,1,0,0,1,1
470305,TENNESSEE,TN,2,0,4,115,0,ASHVILLE,27,5,May,2010,5,Thursday,1,30,0,4,3,252,35.01464167,-85.54098333,12,2,0,1,0,0,1,1
470306,TENNESSEE,TN,1,0,2,147,0,AUGUSTA,27,5,May,2010,5,Thursday,4,0,1,1,1,74,36.40104444,-87.02384167,1,2,0,1,0,0,2,1
470307,TENNESSEE,TN,1,0,2,93,1300,BEAR CREEK,25,5,May,2010,3,Tuesday,20,24,0,13,2,63,35.89890278,-84.12830556,33,5,0,1,0,0,1,0
470308,TENNESSEE,TN,1,0,3,73,0,ARGO,28,5,May,2010,6,Friday,10,40,1,2,2,127,36.37970278,-83.06209167,33,1,0,1,0,0,1,0
470309,TENNESSEE,TN,1,0,1,163,0,AVERA,28,5,May,2010,6,Friday,22,20,0,4,3,110,36.50013333,-82.14268889,43,2,0,1,0,0,1,0
470311,TENNESSEE,TN,1,1,1,157,1620,ARCADE,22,5,May,2010,7,Saturday,2,12,0,13,2,92,35.10414722,-90.05549167,8,3,0,1,0,0,1,0
470312,TENNESSEE,TN,1,0,3,141,480,BEE BRANCH,22,5,May,2010,7,Saturday,15,35,0,16,6,1,36.19311667,-85.50281667,42,1,0,1,0,0,1,0
470313,TENNESSEE,TN,2,0,2,105,998,MARION,24,5,May,2010,2,Monday,15,59,0,4,3,12,35.65628889,-84.15906667,12,1,0,1,0,0,1,1
470314,TENNESSEE,TN,2,0,2,175,0,CADWELL,24,5,May,2010,2,Monday,16,41,0,6,4,1,35.68853333,-85.32386944,12,1,0,1,0,0,1,1
470315,TENNESSEE,TN,1,0,2,163,1280,AVERA,10,5,May,2010,2,Monday,14,50,1,13,2,5,36.55521111,-82.60686111,34,1,0,1,0,0,1,0
470316,TENNESSEE,TN,2,0,2,11,0,BULLOCK,23,5,May,2010,1,Sunday,18,47,0,15,3,41,35.28965278,-84.81775278,12,1,0,1,0,0,1,2
470317,TENNESSEE,TN,2,0,4,177,0,LEE,28,5,May,2010,6,Friday,7,45,0,6,4,5,35.59771667,-85.82510000,12,1,0,1,0,0,1,0
470318,TENNESSEE,TN,1,0,1,155,0,IRWIN,30,5,May,2010,1,Sunday,1,30,0,3,2,210,35.75905278,-83.36565833,42,2,0,1,0,0,1,0
470319,TENNESSEE,TN,1,0,1,179,0,ALLENHURST,30,5,May,2010,1,Sunday,10,5,1,2,2,40,36.25714444,-82.57837500,42,1,0,1,0,0,1,0
470320,TENNESSEE,TN,1,0,2,11,0,BULLOCK,31,5,May,2010,2,Monday,16,37,1,11,1,144,35.25435000,-84.83780000,42,1,0,1,0,0,1,0
470321,TENNESSEE,TN,2,0,4,47,0,BROWNS,31,5,May,2010,2,Monday,15,30,1,1,1,90,35.35270833,-89.51001389,24,1,0,2,0,0,1,0
470322,TENNESSEE,TN,1,0,1,151,0,FLIPPEN,31,5,May,2010,2,Monday,5,25,0,4,3,41,36.44130000,-84.46151111,34,2,0,2,0,0,1,0
470323,TENNESSEE,TN,1,0,1,107,0,CARROLLTON,25,5,May,2010,3,Tuesday,17,30,0,4,3,72,35.50292778,-84.48984722,24,1,0,1,0,0,1,1
470324,TENNESSEE,TN,1,0,2,65,0,CYPRESS,15,5,May,2010,7,Saturday,6,0,0,6,4,3,35.34602778,-85.13816944,42,4,0,1,0,0,1,1
470325,TENNESSEE,TN,1,0,2,65,0,CYPRESS,16,5,May,2010,1,Sunday,16,59,0,5,4,34,35.29071389,-85.17602500,33,1,0,1,0,0,1,1
470326,TENNESSEE,TN,2,0,2,67,2426,ABBEVILLE,1,6,June,2010,3,Tuesday,16,10,0,4,3,33,36.41044722,-83.25893611,12,1,0,1,0,0,1,1
470327,TENNESSEE,TN,1,0,1,115,0,ASHVILLE,1,6,June,2010,3,Tuesday,5,45,0,3,3,230,35.17963611,-85.42296389,42,4,0,1,0,0,1,0
470328,TENNESSEE,TN,1,0,1,125,0,BROOKWOOD,1,6,June,2010,3,Tuesday,12,20,0,3,3,57,36.47927500,-87.25080000,30,1,0,1,0,0,1,0
470329,TENNESSEE,TN,2,0,3,153,0,BONAIRE,1,6,June,2010,3,Tuesday,12,12,1,2,3,272,35.49095833,-85.47091944,12,1,0,10,0,0,2,1
470330,TENNESSEE,TN,1,0,1,159,340,FARRAR,1,6,June,2010,3,Tuesday,14,43,1,1,1,4,36.17348611,-86.08352500,1,1,0,1,0,0,1,0
470331,TENNESSEE,TN,3,0,3,11,420,BULLOCK,5,6,June,2010,7,Saturday,13,18,0,16,6,0,35.19037222,-84.83272500,12,1,0,2,0,0,1,0
470332,TENNESSEE,TN,1,0,2,3,180,BALDWIN,5,6,June,2010,7,Saturday,17,10,0,4,3,190,35.59657500,-86.30612500,24,1,0,1,0,0,1,0
470333,TENNESSEE,TN,2,0,2,15,0,ANNISTON,5,6,June,2010,7,Saturday,15,56,0,3,3,75,35.65849167,-86.06509167,12,1,0,1,0,0,1,0
470334,TENNESSEE,TN,3,1,1,11,420,BULLOCK,2,6,June,2010,4,Wednesday,14,55,1,12,2,119,35.14063889,-84.85475556,12,1,0,10,0,0,2,0
470335,TENNESSEE,TN,2,0,5,13,0,BOLLING,2,6,June,2010,4,Wednesday,17,40,0,5,4,5,36.40806111,-84.05605278,12,1,0,1,0,0,1,1
470336,TENNESSEE,TN,2,0,7,123,2369,ALEXANDER CITY,1,6,June,2010,3,Tuesday,13,13,0,3,3,44,35.57141111,-84.46411389,12,1,0,1,0,0,1,0
470337,TENNESSEE,TN,1,0,2,119,0,BELLAMY,3,6,June,2010,5,Thursday,17,40,0,6,4,5,35.66210833,-86.84359722,44,1,0,1,0,0,2,1
470338,TENNESSEE,TN,1,0,1,157,1620,ARCADE,30,3,March,2010,3,Tuesday,17,32,0,14,6,32,35.04108611,-89.84580000,33,1,0,1,0,0,1,0
470339,TENNESSEE,TN,3,0,9,123,2369,ALEXANDER CITY,6,6,June,2010,1,Sunday,8,10,0,13,3,38,35.57954167,-84.46177778,12,1,0,10,0,0,1,0
470340,TENNESSEE,TN,3,0,8,165,0,HERNDON,3,6,June,2010,5,Thursday,13,11,1,2,3,108,36.47133889,-86.47503611,12,1,0,1,0,0,1,0
470341,TENNESSEE,TN,2,0,5,77,1390,ANDERSON,6,6,June,2010,1,Sunday,17,14,0,15,3,95,35.61078333,-88.39820556,12,1,0,1,0,0,1,0
470342,TENNESSEE,TN,2,0,4,11,0,BULLOCK,9,6,June,2010,4,Wednesday,8,0,1,1,1,30,35.14646944,-84.96834722,12,1,0,1,0,0,1,0
470343,TENNESSEE,TN,1,0,2,59,0,FRANKLIN,10,6,June,2010,5,Thursday,6,0,1,1,1,72,36.22630833,-83.03550556,42,4,0,10,0,0,1,0
470344,TENNESSEE,TN,1,0,1,57,0,BANKSTON,11,6,June,2010,6,Friday,21,20,0,3,3,61,36.24237500,-83.52640833,42,2,0,1,0,0,1,1
470345,TENNESSEE,TN,2,0,2,89,0,BROWNSBORO,12,6,June,2010,7,Saturday,14,50,0,4,2,199,36.01320556,-83.30002500,12,1,0,1,0,0,1,1
470346,TENNESSEE,TN,1,0,1,109,0,ANSLEY,12,6,June,2010,7,Saturday,14,15,0,4,3,81,35.32935833,-88.51694167,42,1,0,1,0,0,1,0
470347,TENNESSEE,TN,2,0,4,179,1250,ALLENHURST,1,6,June,2010,3,Tuesday,21,20,1,13,2,102,36.30721111,-82.34157500,12,3,0,1,0,0,1,1
470348,TENNESSEE,TN,1,0,1,143,0,CANEHILL,16,6,June,2010,4,Wednesday,7,35,0,4,3,9,35.49857778,-85.11339167,42,1,0,10,0,0,1,0
470349,TENNESSEE,TN,2,0,5,189,0,BONEVILLE,16,6,June,2010,4,Wednesday,22,17,0,3,2,180,36.08920000,-86.09839444,12,2,0,1,0,0,1,1
470350,TENNESSEE,TN,1,0,1,89,0,BROWNSBORO,17,6,June,2010,5,Thursday,2,30,1,1,1,135,36.05334167,-83.35808889,24,2,0,10,0,0,1,0
470351,TENNESSEE,TN,1,0,1,145,0,BALD KNOB,17,6,June,2010,5,Thursday,1,1,0,3,3,64,35.79188333,-84.57253889,1,2,0,1,0,0,1,1
470352,TENNESSEE,TN,1,0,2,175,2320,CADWELL,17,6,June,2010,5,Thursday,9,20,0,16,6,0,35.73646389,-85.46345556,42,1,0,1,0,0,1,0
470353,TENNESSEE,TN,1,0,1,119,0,BELLAMY,18,6,June,2010,6,Friday,6,10,0,6,4,0,35.76255000,-86.95066667,38,4,0,1,0,0,1,1
470354,TENNESSEE,TN,1,0,2,153,690,BONAIRE,10,2,February,2010,4,Wednesday,21,10,0,16,6,3,35.37699722,-85.39563333,59,2,0,1,0,0,1,1
470355,TENNESSEE,TN,2,0,5,157,1620,ARCADE,2,3,March,2010,3,Tuesday,12,10,0,14,6,32,35.12321667,-89.94543333,12,1,0,1,0,0,1,0
470356,TENNESSEE,TN,2,0,2,145,0,BALD KNOB,4,6,June,2010,6,Friday,19,50,1,1,1,4,35.89276111,-84.69674167,12,1,0,1,0,0,1,0
470357,TENNESSEE,TN,1,0,1,167,0,ADRIAN,6,6,June,2010,1,Sunday,17,20,0,6,4,0,35.48075000,-89.98173611,34,1,0,1,0,0,1,1
470358,TENNESSEE,TN,1,0,2,13,0,BOLLING,8,6,June,2010,3,Tuesday,2,30,0,4,3,34,36.26803889,-84.19370000,25,2,0,1,0,0,2,1
470359,TENNESSEE,TN,1,0,1,173,0,LAKELAND,7,6,June,2010,2,Monday,20,14,0,4,3,57,36.21637222,-83.74028333,43,2,0,1,0,0,1,0
470360,TENNESSEE,TN,1,0,2,53,0,ATMORE,6,6,June,2010,1,Sunday,20,15,0,5,4,60,36.02291111,-88.73671667,41,5,0,1,0,0,1,1
470361,TENNESSEE,TN,1,0,1,159,2275,FARRAR,6,6,June,2010,1,Sunday,7,0,0,3,2,83,36.09842222,-86.13113889,30,1,0,1,0,0,1,0
470362,TENNESSEE,TN,1,0,1,9,30,BLOUNT,4,6,June,2010,6,Friday,20,36,0,14,3,153,35.80521389,-83.98695833,1,3,0,1,0,0,1,1
470363,TENNESSEE,TN,1,0,1,65,0,CYPRESS,4,6,June,2010,6,Friday,0,30,0,14,4,26,35.13979722,-85.04501667,34,2,0,1,0,0,1,1
470364,TENNESSEE,TN,1,0,2,109,0,ANSLEY,9,6,June,2010,4,Wednesday,2,15,1,2,2,175,35.19411667,-88.50483056,1,2,0,1,0,0,1,0
470365,TENNESSEE,TN,1,0,1,125,410,BROOKWOOD,9,6,June,2010,4,Wednesday,2,20,1,11,1,22,36.61945556,-87.30026111,59,2,0,1,0,0,1,1
470367,TENNESSEE,TN,1,0,4,181,0,LINCOLN,10,6,June,2010,5,Thursday,17,40,0,5,4,99,35.13178056,-87.63315556,34,1,0,1,0,0,1,1
470368,TENNESSEE,TN,1,0,1,169,0,BRADLEY,12,6,June,2010,7,Saturday,2,30,0,6,4,5,36.43114444,-86.10574722,41,2,0,1,0,0,1,0
470369,TENNESSEE,TN,2,0,2,25,0,BARLOW BEND,14,6,June,2010,2,Monday,15,10,0,5,4,3,36.39295556,-83.67875278,12,1,0,1,0,0,1,0
470370,TENNESSEE,TN,2,0,3,57,0,BANKSTON,18,6,June,2010,6,Friday,18,20,0,3,2,248,36.33095833,-83.37008611,12,1,0,1,0,0,1,0
470371,TENNESSEE,TN,1,0,1,109,230,ANSLEY,18,6,June,2010,6,Friday,17,15,1,2,2,12,35.23223056,-88.60538056,32,1,0,1,0,0,1,1
470372,TENNESSEE,TN,1,0,1,45,0,ARITON,19,6,June,2010,7,Saturday,14,20,0,5,4,25,36.16007778,-89.32516111,35,1,0,1,0,0,1,0
470373,TENNESSEE,TN,1,0,1,67,0,ABBEVILLE,19,6,June,2010,7,Saturday,21,30,0,4,3,49,36.52122778,-83.19302500,42,5,0,1,0,0,1,1
470374,TENNESSEE,TN,1,0,1,39,0,ANDALUSIA,20,6,June,2010,1,Sunday,99,99,1,2,3,362,35.78713056,-88.08813889,1,9,0,99,0,0,1,0
470375,TENNESSEE,TN,1,0,1,99,0,BEATRICE,20,6,June,2010,1,Sunday,11,45,0,6,4,4,35.02581389,-87.34693056,34,1,0,1,0,0,1,0
470376,TENNESSEE,TN,1,1,1,157,1620,ARCADE,28,4,April,2010,4,Wednesday,20,34,0,13,3,61,35.13625556,-89.79598056,8,3,0,1,0,0,1,0
470377,TENNESSEE,TN,1,0,1,141,480,BEE BRANCH,20,4,April,2010,3,Tuesday,22,57,0,16,6,1,36.15544167,-85.48416389,42,3,0,1,0,0,1,1
470378,TENNESSEE,TN,1,0,1,157,1620,ARCADE,10,4,April,2010,7,Saturday,15,15,1,13,3,203,35.20891389,-89.92113333,24,1,0,1,0,0,1,0
470379,TENNESSEE,TN,1,1,1,157,1620,ARCADE,13,4,April,2010,3,Tuesday,21,36,1,13,2,60,35.05817778,-90.05971667,8,3,0,1,0,0,1,0
470380,TENNESSEE,TN,1,0,2,165,1085,HERNDON,6,4,April,2010,3,Tuesday,21,20,0,15,6,16,36.30141389,-86.64516111,52,2,0,1,0,0,1,1
470381,TENNESSEE,TN,1,0,1,135,1427,ASH FLAT,2,4,April,2010,6,Friday,12,55,0,5,6,49,35.76443889,-87.77636389,1,1,0,1,0,0,1,1
470382,TENNESSEE,TN,4,0,8,157,1620,ARCADE,6,4,April,2010,3,Tuesday,19,8,0,14,6,35,35.00636944,-90.04306667,12,3,0,1,0,0,1,0
470383,TENNESSEE,TN,3,1,2,157,1620,ARCADE,17,2,February,2010,4,Wednesday,0,20,1,11,1,20,35.02439722,-90.00232778,14,3,0,1,0,0,1,0
470384,TENNESSEE,TN,2,0,3,155,2170,IRWIN,18,4,April,2010,1,Sunday,12,4,1,13,2,272,35.84792778,-83.57011111,12,1,0,1,0,0,1,1
470385,TENNESSEE,TN,2,0,2,149,1750,BELLEVILLE,30,4,April,2010,6,Friday,17,29,0,13,2,162,35.88951944,-86.38221389,12,1,0,1,0,0,1,0
470386,TENNESSEE,TN,2,1,1,37,1760,BRADFORD,6,4,April,2010,3,Tuesday,19,44,0,15,3,85,36.11830833,-86.92337778,8,2,0,1,0,0,1,0
470387,TENNESSEE,TN,2,0,3,71,2140,BRIDGEPORT,2,4,April,2010,6,Friday,17,5,0,3,3,100,35.20503056,-88.24554444,12,1,0,1,0,0,1,0
470388,TENNESSEE,TN,1,0,1,37,1760,BRADFORD,13,4,April,2010,3,Tuesday,15,31,0,5,6,83,36.27360000,-86.84428333,42,1,0,1,0,0,1,0
470389,TENNESSEE,TN,2,0,4,65,400,CYPRESS,4,4,April,2010,1,Sunday,3,4,0,14,6,19,35.10936944,-85.22733611,12,3,0,1,0,0,1,2
470390,TENNESSEE,TN,2,0,3,165,0,HERNDON,16,4,April,2010,6,Friday,6,39,0,4,3,237,36.50163333,-86.42616111,12,1,0,1,0,0,1,0
470391,TENNESSEE,TN,1,0,1,157,1620,ARCADE,4,5,May,2010,3,Tuesday,20,37,0,16,6,1,35.17515000,-89.93752500,33,3,0,1,0,0,1,1
470392,TENNESSEE,TN,1,1,1,93,0,BEAR CREEK,6,5,May,2010,5,Thursday,20,49,0,6,4,0,35.89224167,-84.13406667,8,3,0,1,0,0,1,0
470393,TENNESSEE,TN,1,0,1,37,1760,BRADFORD,9,5,May,2010,1,Sunday,3,11,0,3,2,85,36.29920000,-86.88763056,30,2,0,1,0,0,1,0
470394,TENNESSEE,TN,2,0,2,37,1760,BRADFORD,10,5,May,2010,2,Monday,19,48,1,13,3,52,36.20331111,-86.85074167,12,3,0,1,0,0,1,1
470395,TENNESSEE,TN,2,0,2,65,400,CYPRESS,7,5,May,2010,6,Friday,14,50,1,13,6,65,35.08419167,-85.26256667,12,1,0,1,0,0,1,0
470396,TENNESSEE,TN,1,0,1,37,1760,BRADFORD,13,5,May,2010,5,Thursday,17,1,1,12,3,134,36.23596944,-86.70595278,25,1,0,1,0,0,1,0
470397,TENNESSEE,TN,1,0,2,157,1620,ARCADE,13,5,May,2010,5,Thursday,3,20,1,2,2,154,35.21013333,-89.65354444,39,3,0,1,0,0,1,1
470398,TENNESSEE,TN,2,0,4,65,400,CYPRESS,16,5,May,2010,1,Sunday,21,32,0,14,3,15,35.01690833,-85.18191667,12,2,0,1,0,0,1,1
470399,TENNESSEE,TN,3,0,8,43,640,BAILEYTON,19,5,May,2010,4,Wednesday,15,4,0,13,3,75,36.06248333,-87.37686389,12,1,0,1,0,0,1,0
470400,TENNESSEE,TN,1,0,2,47,0,BROWNS,27,5,May,2010,5,Thursday,7,11,0,3,3,109,35.05003333,-89.45397778,32,1,0,1,0,0,2,0
470401,TENNESSEE,TN,1,0,2,189,0,BONEVILLE,28,5,May,2010,6,Friday,5,41,1,2,3,28,36.09046389,-86.42673889,1,4,0,1,0,0,1,0
470402,TENNESSEE,TN,2,0,2,71,541,BRIDGEPORT,5,5,May,2010,4,Wednesday,15,30,1,2,2,13,35.22312500,-88.34956667,12,1,0,1,0,0,1,0
470403,TENNESSEE,TN,1,0,1,25,1795,BARLOW BEND,22,5,May,2010,7,Saturday,3,15,0,5,6,8,36.45156944,-83.60661111,1,2,0,1,0,0,1,0
470404,TENNESSEE,TN,2,0,2,163,0,AVERA,29,5,May,2010,7,Saturday,20,45,0,6,4,0,36.49713056,-82.51566111,12,2,0,1,0,0,1,0
470405,TENNESSEE,TN,1,0,2,119,1730,BELLAMY,6,5,May,2010,5,Thursday,3,14,0,4,3,21,35.54906667,-87.19640556,30,3,0,1,0,0,1,0
470406,TENNESSEE,TN,1,0,1,49,0,COLLINSVILLE,28,5,May,2010,6,Friday,19,40,0,5,4,10,36.38102500,-84.78760833,1,2,0,2,0,0,1,0
470407,TENNESSEE,TN,1,0,1,9,0,BLOUNT,29,5,May,2010,7,Saturday,14,5,0,3,2,200,35.58194167,-84.09607222,34,1,0,1,0,0,1,0
470408,TENNESSEE,TN,3,2,1,75,0,BEAVERTON,30,5,May,2010,1,Sunday,2,15,1,1,1,54,35.44766667,-89.32271111,12,2,0,1,0,0,1,0
470410,TENNESSEE,TN,2,0,2,125,410,BROOKWOOD,8,6,June,2010,3,Tuesday,21,11,0,13,2,104,36.50318611,-87.32368611,12,3,0,1,0,0,1,1
470411,TENNESSEE,TN,1,0,3,93,1300,BEAR CREEK,5,6,June,2010,7,Saturday,4,10,0,15,6,27,35.92442778,-84.13151944,38,2,0,1,0,0,2,1
470412,TENNESSEE,TN,1,0,1,145,0,BALD KNOB,16,6,June,2010,4,Wednesday,0,31,0,5,4,5,35.84701389,-84.67319722,42,2,0,1,0,0,1,1
470413,TENNESSEE,TN,1,0,2,149,0,BELLEVILLE,16,6,June,2010,4,Wednesday,17,30,0,6,4,0,35.98787778,-86.36024167,53,1,0,1,0,0,1,1
470414,TENNESSEE,TN,2,0,2,37,1760,BRADFORD,10,6,June,2010,5,Thursday,13,19,0,14,6,4,36.18433056,-86.62484722,12,1,0,1,0,0,1,0
470415,TENNESSEE,TN,1,0,1,57,2515,BANKSTON,20,6,June,2010,1,Sunday,15,45,0,5,6,130,36.35988333,-83.49376667,24,1,0,1,0,0,1,0
470416,TENNESSEE,TN,2,0,3,145,0,BALD KNOB,18,6,June,2010,6,Friday,19,28,1,2,2,32,35.83047778,-84.71617778,12,1,0,1,0,0,1,0
470417,TENNESSEE,TN,1,0,1,43,0,BAILEYTON,20,6,June,2010,1,Sunday,16,42,0,4,3,23,36.01346111,-87.47464722,30,1,0,1,0,0,1,0
470418,TENNESSEE,TN,1,0,1,17,0,CHAMBERS,20,6,June,2010,1,Sunday,12,0,0,5,4,58,35.96634444,-88.49841389,34,9,0,1,0,0,1,0
470419,TENNESSEE,TN,1,0,1,21,0,CHILTON,21,6,June,2010,2,Monday,16,44,0,3,3,164,36.35546111,-87.17509722,35,1,0,1,0,0,1,0
470420,TENNESSEE,TN,2,0,2,113,0,COTTONTON,21,6,June,2010,2,Monday,6,35,0,4,2,60,35.61534722,-88.98223056,12,1,0,1,0,0,1,0
470421,TENNESSEE,TN,2,0,5,1,0,AUTAUGA,19,6,June,2010,7,Saturday,11,20,0,3,2,179,36.02851111,-84.07105833,12,1,0,1,0,0,1,0
470422,TENNESSEE,TN,2,0,2,131,0,ARLINGTON,20,6,June,2010,1,Sunday,14,40,0,6,4,6,36.24073333,-89.41513889,12,1,0,1,0,0,1,0
470423,TENNESSEE,TN,1,0,1,17,0,CHAMBERS,23,6,June,2010,4,Wednesday,10,41,0,4,3,60,36.12838611,-88.41511389,35,1,0,1,0,0,1,0
470424,TENNESSEE,TN,1,0,3,131,0,ARLINGTON,24,6,June,2010,5,Thursday,7,5,0,4,3,110,36.33421111,-89.22263056,34,1,0,1,0,0,1,0
470425,TENNESSEE,TN,1,0,1,89,0,BROWNSBORO,8,6,June,2010,3,Tuesday,3,20,1,1,1,1,36.07230833,-83.38120833,24,2,0,1,0,0,1,0
470426,TENNESSEE,TN,1,0,1,21,1291,CHILTON,26,6,June,2010,7,Saturday,22,49,0,4,3,12,36.09650833,-87.09103889,59,3,0,1,0,0,1,1
470427,TENNESSEE,TN,1,0,1,45,0,ARITON,26,6,June,2010,7,Saturday,16,0,0,5,4,18,36.06992222,-89.41783056,43,1,0,1,0,0,1,0
470428,TENNESSEE,TN,1,0,5,105,0,MARION,27,6,June,2010,1,Sunday,13,25,1,1,1,65,35.73860556,-84.38916111,1,1,0,1,0,0,1,0
470429,TENNESSEE,TN,1,0,1,27,0,ASHLAND,28,6,June,2010,2,Monday,15,5,0,5,4,4,36.54946667,-85.47238889,30,1,0,2,0,0,1,0
470430,TENNESSEE,TN,2,0,3,37,1760,BRADFORD,10,4,April,2010,7,Saturday,14,7,0,13,2,90,36.10456389,-86.74195833,12,1,0,1,0,0,1,1
470431,TENNESSEE,TN,1,1,1,37,1760,BRADFORD,20,5,May,2010,5,Thursday,0,0,0,14,2,7,36.20675000,-86.78020000,8,3,0,1,0,0,1,0
470432,TENNESSEE,TN,2,0,4,65,400,CYPRESS,24,5,May,2010,2,Monday,6,57,0,15,6,8,35.12358889,-85.26857222,12,1,0,1,0,0,2,0
470433,TENNESSEE,TN,2,0,4,65,400,CYPRESS,27,5,May,2010,5,Thursday,23,3,1,13,3,81,35.12115000,-85.23796389,12,3,0,1,0,0,1,1
470434,TENNESSEE,TN,1,0,1,21,1291,CHILTON,19,6,June,2010,7,Saturday,18,32,0,5,6,3,36.08850556,-87.10649722,53,1,0,1,0,0,1,0
470435,TENNESSEE,TN,1,0,1,93,1300,BEAR CREEK,20,6,June,2010,1,Sunday,0,44,1,11,1,2,35.95794722,-83.97258333,24,2,0,1,0,0,1,1
470436,TENNESSEE,TN,1,0,1,179,1250,ALLENHURST,25,6,June,2010,6,Friday,0,6,0,14,6,5,36.33121389,-82.39023889,33,3,0,1,0,0,1,1
470437,TENNESSEE,TN,1,1,2,9,30,BLOUNT,30,6,June,2010,4,Wednesday,2,1,1,11,1,3,35.84630833,-83.99395556,8,2,0,1,0,0,1,1
470439,TENNESSEE,TN,1,1,1,89,1230,BROWNSBORO,30,6,June,2010,4,Wednesday,1,5,0,13,2,122,36.11618611,-83.48888056,8,3,0,1,0,0,1,0
470440,TENNESSEE,TN,2,0,2,37,1760,BRADFORD,13,5,May,2010,5,Thursday,4,20,1,11,1,180,36.15009722,-86.78426944,12,3,0,1,0,0,1,0
470441,TENNESSEE,TN,2,0,3,37,960,BRADFORD,30,5,May,2010,1,Sunday,17,9,0,13,2,14,36.37174722,-86.74282222,12,1,0,1,0,0,2,0
470442,TENNESSEE,TN,1,1,1,61,1935,BELLWOOD,21,5,May,2010,6,Friday,15,22,0,4,2,14,35.31013611,-85.88108889,8,1,0,1,0,0,1,0
470444,TENNESSEE,TN,1,0,1,37,960,BRADFORD,28,5,May,2010,6,Friday,23,4,0,14,2,242,36.32528611,-86.71385833,30,3,0,1,0,0,1,0
470445,TENNESSEE,TN,2,0,4,37,1760,BRADFORD,6,6,June,2010,1,Sunday,10,24,0,3,3,45,36.03462778,-86.97297222,12,1,0,1,0,0,1,0
470446,TENNESSEE,TN,2,0,5,123,2502,ALEXANDER CITY,18,6,June,2010,6,Friday,4,31,1,2,2,180,35.57779722,-84.27181944,12,2,0,1,0,0,2,0
470447,TENNESSEE,TN,2,0,2,37,1760,BRADFORD,11,6,June,2010,6,Friday,13,2,0,14,6,26,36.10566111,-86.62904722,12,1,0,1,0,0,1,0
470448,TENNESSEE,TN,3,0,5,141,0,BEE BRANCH,17,6,June,2010,5,Thursday,21,35,1,11,1,168,36.13588056,-85.55956944,12,2,0,1,0,0,1,0
470449,TENNESSEE,TN,1,0,2,157,1620,ARCADE,20,6,June,2010,1,Sunday,11,35,0,14,6,15,35.16706389,-89.92630278,30,1,0,1,0,0,1,1
470451,TENNESSEE,TN,2,0,4,113,0,COTTONTON,9,6,June,2010,4,Wednesday,14,45,0,5,4,20,35.63211667,-88.61132500,12,1,0,1,0,0,1,0
470453,TENNESSEE,TN,2,0,4,147,0,AUGUSTA,21,6,June,2010,2,Monday,15,27,0,3,3,92,36.49309444,-86.91359167,12,1,0,1,0,0,2,0
470454,TENNESSEE,TN,1,0,1,59,0,FRANKLIN,8,6,June,2010,3,Tuesday,14,0,0,5,4,83,36.26423611,-83.00365278,1,1,0,1,0,0,1,1
470455,TENNESSEE,TN,2,0,3,93,1300,BEAR CREEK,27,6,June,2010,1,Sunday,15,3,0,16,6,0,35.95161944,-83.88510278,12,1,0,1,0,0,1,0
470456,TENNESSEE,TN,2,0,2,145,0,BALD KNOB,30,6,June,2010,4,Wednesday,13,26,1,2,3,105,35.97867222,-84.44334722,12,1,0,10,0,0,1,0
470457,TENNESSEE,TN,2,0,2,43,0,BAILEYTON,21,6,June,2010,2,Monday,12,12,0,3,3,150,36.18007778,-87.33057778,12,1,0,1,0,0,1,0
470458,TENNESSEE,TN,1,1,1,31,2470,COFFEE,4,6,June,2010,6,Friday,21,1,0,13,3,22,35.36581667,-86.22372778,8,3,0,1,0,0,1,0