ST_CASE,State Name,State Abbreviation,VE_TOTAL,Pedestrains,Total_Persons_in_accident,COUNTY,CITY,City_County_Name,Calendar_DAY,MONTH,Month_Name,YEAR,DAY_WEEK,Day_Week_desc,HOUR,MINUTE,NHS_Desc,trafficway,ROUTE,MILEPT,LATITUDE,LONGITUD,First_Crash_event,Light_cond_desc,Weather_condition,WEATHER,SCH_BUS,Crash_cause,FATALS,DRUNK_DR
470460,TENNESSEE,TN,1,0,1,139,0,CALION,1,7,July,2010,5,Thursday,12,31,0,4,3,40,35.23016111,-84.55005278,42,1,0,1,0,0,1,0
470461,TENNESSEE,TN,2,0,4,149,0,BELLEVILLE,1,7,July,2010,5,Thursday,19,55,1,13,2,40,35.71071667,-86.41708333,12,5,0,1,0,0,1,0
470462,TENNESSEE,TN,2,0,2,89,0,BROWNSBORO,1,7,July,2010,5,Thursday,21,0,1,1,1,52,36.02131111,-83.48274722,12,5,0,1,0,0,1,1
470463,TENNESSEE,TN,2,0,4,93,0,BEAR CREEK,3,7,July,2010,7,Saturday,21,40,0,14,3,106,36.00852222,-84.07361111,12,2,0,1,0,0,1,1
470464,TENNESSEE,TN,1,0,2,103,0,DANVILLE,3,7,July,2010,7,Saturday,17,25,0,6,4,4,35.04286667,-86.49356944,53,1,0,1,0,0,1,0
470465,TENNESSEE,TN,2,0,2,25,0,BARLOW BEND,4,7,July,2010,1,Sunday,8,0,0,4,3,100,36.51403056,-83.77542500,12,1,0,1,0,0,1,0
470466,TENNESSEE,TN,2,0,5,111,0,GRAHAM,4,7,July,2010,1,Sunday,17,15,0,2,3,45,36.52361944,-86.15041111,12,1,0,1,0,0,1,0
470467,TENNESSEE,TN,1,0,1,97,0,AXIS,5,7,July,2010,2,Monday,9,25,0,4,3,145,35.77318056,-89.62776944,42,1,0,1,0,0,1,1
470468,TENNESSEE,TN,1,0,1,151,1880,FLIPPEN,5,7,July,2010,2,Monday,8,30,1,2,2,208,36.52590556,-84.49582778,24,1,0,1,0,0,1,0
470469,TENNESSEE,TN,1,0,1,113,0,COTTONTON,24,6,June,2010,5,Thursday,3,9,0,5,4,10,35.67638611,-88.99644722,30,2,0,1,0,0,1,1
470470,TENNESSEE,TN,2,0,2,157,1620,ARCADE,8,6,June,2010,3,Tuesday,21,50,1,13,2,112,35.11778611,-90.00290278,12,3,0,1,0,0,1,1
470471,TENNESSEE,TN,1,0,1,157,1620,ARCADE,29,6,June,2010,3,Tuesday,23,55,0,14,6,51,35.00642500,-90.01546667,33,3,0,1,0,0,1,0
470472,TENNESSEE,TN,2,0,5,157,1620,ARCADE,4,7,July,2010,1,Sunday,3,45,0,15,2,96,35.13272222,-90.02079167,12,3,0,1,0,0,1,0
470473,TENNESSEE,TN,2,0,2,155,2170,IRWIN,5,7,July,2010,2,Monday,99,99,1,13,3,67,35.90599722,-83.58121111,34,2,0,1,0,0,1,1
470474,TENNESSEE,TN,1,1,1,157,1620,ARCADE,5,7,July,2010,2,Monday,5,40,1,13,2,100,35.13737222,-90.02163889,8,1,0,1,0,0,1,0
470475,TENNESSEE,TN,1,2,1,125,410,BROOKWOOD,3,7,July,2010,7,Saturday,21,34,0,13,2,190,36.57680000,-87.40835278,8,3,0,1,0,0,1,1
470476,TENNESSEE,TN,1,0,3,11,0,BULLOCK,6,7,July,2010,3,Tuesday,15,24,1,11,1,144,35.25406667,-84.83667222,1,1,0,1,0,0,2,0
470477,TENNESSEE,TN,1,0,1,69,0,ASHFORD,6,7,July,2010,3,Tuesday,12,40,0,3,3,73,35.09919167,-88.90309444,35,1,0,1,0,0,1,0
470478,TENNESSEE,TN,1,1,1,165,890,HERNDON,7,7,July,2010,4,Wednesday,20,58,0,14,3,134,36.39592222,-86.47246667,9,3,0,1,0,0,1,0
470479,TENNESSEE,TN,2,0,7,105,1370,MARION,4,7,July,2010,1,Sunday,15,52,1,2,2,77,35.79261389,-84.25130278,12,1,0,1,0,0,2,0
470480,TENNESSEE,TN,1,0,2,31,0,COFFEE,9,7,July,2010,6,Friday,18,40,1,1,1,97,35.42612778,-86.02479444,35,1,0,2,0,0,1,0
470481,TENNESSEE,TN,1,1,2,107,0,CARROLLTON,9,7,July,2010,6,Friday,5,50,0,3,3,59,35.46964444,-84.66222222,8,2,0,1,0,0,1,0
470483,TENNESSEE,TN,1,0,1,123,0,ALEXANDER CITY,12,7,July,2010,2,Monday,21,30,0,6,4,0,35.48570278,-84.34588611,35,2,0,1,0,0,1,1
470484,TENNESSEE,TN,1,1,1,163,1280,AVERA,12,7,July,2010,2,Monday,14,5,0,13,3,58,36.49644444,-82.56680833,8,1,0,10,0,0,1,0
470485,TENNESSEE,TN,1,0,2,59,0,FRANKLIN,12,7,July,2010,2,Monday,3,55,1,1,1,46,36.21599167,-83.06288611,42,2,0,1,0,0,1,1
470486,TENNESSEE,TN,2,0,3,89,580,BROWNSBORO,13,7,July,2010,3,Tuesday,22,25,0,5,6,6,35.99548056,-83.56982222,24,2,0,1,0,0,1,1
470487,TENNESSEE,TN,2,0,2,5,0,BAKER HILL,15,7,July,2010,5,Thursday,11,30,0,6,4,0,36.05508889,-88.02833611,12,1,0,1,0,0,1,0
470488,TENNESSEE,TN,1,0,3,75,0,BEAVERTON,15,7,July,2010,5,Thursday,12,0,0,6,4,0,35.65313056,-89.29451389,1,1,0,1,0,0,1,0
470489,TENNESSEE,TN,1,0,2,61,0,BELLWOOD,7,7,July,2010,4,Wednesday,1,0,0,6,4,1,35.26574444,-85.83605833,42,2,0,1,0,0,1,1
470490,TENNESSEE,TN,2,0,10,163,1280,AVERA,15,7,July,2010,5,Thursday,21,12,1,11,1,30,36.45160833,-82.52638889,12,2,0,1,0,0,1,0
470491,TENNESSEE,TN,2,0,4,157,1620,ARCADE,4,7,July,2010,1,Sunday,10,42,0,15,6,1,35.17574167,-89.97889167,12,1,0,1,0,0,1,0
470492,TENNESSEE,TN,2,0,5,135,1410,ASH FLAT,16,7,July,2010,6,Friday,15,59,1,2,2,150,35.63594444,-87.79263889,12,1,0,2,0,0,2,0
470493,TENNESSEE,TN,4,0,4,123,0,ALEXANDER CITY,17,7,July,2010,7,Saturday,15,50,0,4,3,222,35.34590000,-84.06475000,12,1,0,1,0,0,1,0
470494,TENNESSEE,TN,2,0,3,33,0,CHEROKEE,18,7,July,2010,1,Sunday,17,40,0,5,4,38,35.71505000,-88.98746667,12,1,0,1,0,0,1,0
470495,TENNESSEE,TN,1,0,1,13,0,BOLLING,19,7,July,2010,2,Monday,6,53,1,1,1,80,36.33753889,-84.22907778,35,1,0,2,0,0,1,0
470496,TENNESSEE,TN,1,0,1,55,0,ATTALLA,19,7,July,2010,2,Monday,99,99,0,5,4,10,35.33265000,-87.04841111,34,2,0,99,0,0,1,1
470497,TENNESSEE,TN,1,0,1,117,380,BIRMINGHAM,19,7,July,2010,2,Monday,14,50,0,3,2,271,35.59300556,-86.69680556,32,1,0,1,0,0,1,0
470498,TENNESSEE,TN,4,0,10,1,0,AUTAUGA,20,7,July,2010,3,Tuesday,11,0,1,1,1,56,36.15836389,-84.07200556,12,1,0,1,0,0,2,0
470499,TENNESSEE,TN,2,0,2,65,0,CYPRESS,14,7,July,2010,4,Wednesday,20,21,0,15,4,18,35.10613056,-85.06602778,12,5,0,1,0,0,1,0
470500,TENNESSEE,TN,1,1,1,13,0,BOLLING,20,7,July,2010,3,Tuesday,23,0,0,5,4,5,36.40828889,-84.05517222,8,2,0,5,0,0,1,0
470501,TENNESSEE,TN,1,0,2,19,0,CEDAR BLUFF,21,7,July,2010,4,Wednesday,14,0,0,6,4,0,36.15132222,-82.03391389,38,1,0,2,0,0,2,0
470502,TENNESSEE,TN,1,0,1,93,1300,BEAR CREEK,22,7,July,2010,5,Thursday,6,25,0,13,2,177,36.00275556,-83.87102222,30,4,0,1,0,0,1,0
470503,TENNESSEE,TN,1,0,2,7,0,BIBB,23,7,July,2010,6,Friday,18,57,0,2,2,106,35.56846111,-85.23891389,1,1,0,1,0,0,1,0
470504,TENNESSEE,TN,1,0,1,89,0,BROWNSBORO,23,7,July,2010,6,Friday,16,40,0,6,4,0,35.99816389,-83.48666389,35,1,0,1,0,0,1,1
470505,TENNESSEE,TN,1,0,1,35,0,BROOKLYN,25,7,July,2010,1,Sunday,21,40,0,6,4,5,35.95737778,-84.97661389,35,2,0,1,0,0,1,1
470506,TENNESSEE,TN,1,0,1,109,0,ANSLEY,25,7,July,2010,1,Sunday,3,30,0,3,3,188,35.08673056,-88.38161944,32,2,0,1,0,0,1,1
470507,TENNESSEE,TN,1,0,1,19,0,CEDAR BLUFF,24,7,July,2010,7,Saturday,12,20,0,15,4,14,36.31394167,-82.23400833,35,1,0,1,0,0,1,0
470508,TENNESSEE,TN,3,0,9,153,0,BONAIRE,26,7,July,2010,2,Monday,13,21,1,2,3,202,35.41518611,-85.41299444,12,1,0,2,0,0,1,0
470509,TENNESSEE,TN,1,0,2,157,0,ARCADE,23,7,July,2010,6,Friday,17,45,0,6,4,0,35.35940278,-89.92736667,38,1,0,1,0,0,1,0
470510,TENNESSEE,TN,1,0,1,93,1300,BEAR CREEK,27,7,July,2010,3,Tuesday,0,41,0,16,6,0,36.03809167,-83.93470000,30,3,0,1,0,0,1,0
470511,TENNESSEE,TN,2,0,7,37,1760,BRADFORD,3,7,July,2010,7,Saturday,1,41,1,11,1,47,36.09897778,-86.76366944,12,3,0,1,0,0,1,1
470512,TENNESSEE,TN,2,0,2,47,0,BROWNS,28,7,July,2010,4,Wednesday,11,35,1,1,1,3,35.28883889,-89.61436389,12,1,0,1,0,0,1,0
470513,TENNESSEE,TN,2,0,4,43,0,BAILEYTON,4,7,July,2010,1,Sunday,13,28,0,5,4,0,36.10136389,-87.34635000,12,1,0,1,0,0,1,0
470514,TENNESSEE,TN,1,0,1,43,0,BAILEYTON,22,7,July,2010,5,Thursday,99,99,0,4,3,4,35.99217778,-87.48926389,42,9,0,99,0,0,1,0
470515,TENNESSEE,TN,2,0,2,145,0,BALD KNOB,28,7,July,2010,4,Wednesday,19,10,0,4,2,119,35.87495833,-84.64033889,12,1,0,10,0,0,1,1
470516,TENNESSEE,TN,2,0,3,65,0,CYPRESS,25,7,July,2010,1,Sunday,11,9,0,6,4,0,35.37698333,-85.11453889,12,1,0,1,0,0,1,0
470517,TENNESSEE,TN,2,0,2,63,1700,BOLIGEE,24,7,July,2010,7,Saturday,2,0,0,13,3,145,36.17058056,-83.38550000,24,2,0,1,0,0,1,1
470518,TENNESSEE,TN,2,0,2,13,0,BOLLING,29,7,July,2010,5,Thursday,13,46,1,1,1,147,36.42147222,-84.28646667,12,1,0,2,0,0,1,0
470519,TENNESSEE,TN,1,0,1,157,1620,ARCADE,31,7,July,2010,7,Saturday,18,48,0,16,6,0,35.16344722,-89.87785000,30,1,0,1,0,0,1,0
470520,TENNESSEE,TN,1,0,1,93,0,BEAR CREEK,31,7,July,2010,7,Saturday,13,43,0,14,3,51,35.89987778,-83.86751389,42,1,0,2,0,0,1,0
470521,TENNESSEE,TN,2,0,3,93,1300,BEAR CREEK,31,7,July,2010,7,Saturday,11,36,0,13,2,123,36.04304722,-83.92936389,42,1,0,2,0,0,1,0
470522,TENNESSEE,TN,2,0,2,65,2210,CYPRESS,30,7,July,2010,6,Friday,23,35,0,14,2,160,35.11345278,-85.35511944,12,2,0,1,0,0,1,1
470523,TENNESSEE,TN,1,1,1,65,0,CYPRESS,18,7,July,2010,1,Sunday,22,20,0,14,2,58,35.02026667,-85.36618889,8,2,0,1,0,0,1,0
470524,TENNESSEE,TN,1,0,1,157,1620,ARCADE,18,7,July,2010,1,Sunday,22,30,0,16,6,0,35.03222778,-90.07065833,42,3,0,1,0,0,1,0
470525,TENNESSEE,TN,1,0,1,151,1880,FLIPPEN,20,6,June,2010,1,Sunday,11,2,1,2,2,175,36.49139167,-84.52568056,30,1,0,1,0,0,1,0
470526,TENNESSEE,TN,3,0,4,165,1085,HERNDON,30,6,June,2010,4,Wednesday,18,51,0,13,2,3,36.30936389,-86.66606944,12,1,0,1,0,0,1,1
470527,TENNESSEE,TN,2,0,5,59,0,FRANKLIN,13,5,May,2010,5,Thursday,19,56,0,3,3,237,36.24351111,-82.91206944,12,1,0,1,0,0,1,0
470528,TENNESSEE,TN,2,0,2,65,400,CYPRESS,24,7,July,2010,7,Saturday,1,29,1,11,1,15,35.04999722,-85.30957778,12,3,0,1,0,0,1,0
470529,TENNESSEE,TN,2,0,4,65,400,CYPRESS,25,7,July,2010,1,Sunday,18,14,0,13,2,169,35.03219167,-85.18258056,12,1,0,1,0,0,1,0
470530,TENNESSEE,TN,2,0,1,157,1620,ARCADE,18,6,June,2010,6,Friday,1,6,0,14,6,8,35.09991944,-89.95627500,33,3,0,1,0,0,1,0
470531,TENNESSEE,TN,1,0,1,9,0,BLOUNT,27,7,July,2010,3,Tuesday,10,8,0,6,4,0,35.60524444,-83.74573333,42,1,0,1,0,0,1,0
470532,TENNESSEE,TN,1,0,6,61,0,BELLWOOD,2,8,August,2010,2,Monday,1,0,1,1,1,10,35.29466667,-85.89815278,1,2,0,1,0,0,1,1
470533,TENNESSEE,TN,3,0,6,35,540,BROOKLYN,1,8,August,2010,1,Sunday,21,10,0,13,2,164,35.98246111,-85.03860556,12,3,0,1,0,0,1,1
470534,TENNESSEE,TN,1,0,1,149,2250,BELLEVILLE,3,8,August,2010,3,Tuesday,10,4,0,15,6,2,35.92736389,-86.58715278,34,1,0,1,0,0,1,0
470535,TENNESSEE,TN,1,0,2,149,404,BELLEVILLE,3,8,August,2010,3,Tuesday,19,40,0,4,3,307,35.75040833,-86.23384722,1,5,0,1,0,0,1,0
470536,TENNESSEE,TN,2,0,2,181,0,LINCOLN,3,8,August,2010,3,Tuesday,14,37,0,3,3,316,35.39526944,-87.77249444,1,1,0,1,0,0,1,0
470537,TENNESSEE,TN,2,0,3,47,0,BROWNS,5,8,August,2010,5,Thursday,17,55,0,3,3,242,35.39300000,-89.30258889,12,1,0,10,0,0,2,0
470538,TENNESSEE,TN,1,0,2,107,0,CARROLLTON,5,8,August,2010,5,Thursday,13,18,0,6,4,0,35.54281944,-84.51959722,10,1,0,1,0,0,2,1
470539,TENNESSEE,TN,1,0,1,183,0,FORT STEWART,5,8,August,2010,5,Thursday,2,50,0,4,3,1,36.31785556,-88.95306944,35,2,0,1,0,0,1,1
470540,TENNESSEE,TN,1,0,1,35,0,BROOKLYN,6,8,August,2010,6,Friday,10,55,1,1,1,299,35.89289167,-84.79739444,57,1,0,2,0,0,1,0
470541,TENNESSEE,TN,1,0,2,39,0,ANDALUSIA,6,8,August,2010,6,Friday,22,50,0,5,4,25,35.56985278,-88.02498611,59,2,0,1,0,0,1,1
470542,TENNESSEE,TN,2,0,3,63,2575,BOLIGEE,6,8,August,2010,6,Friday,15,35,0,13,2,188,36.27330556,-83.13615278,12,1,0,1,0,0,1,0
470543,TENNESSEE,TN,2,0,4,165,0,HERNDON,6,8,August,2010,6,Friday,15,9,0,3,3,26,36.35496667,-86.67138611,12,1,0,1,0,0,2,0
470544,TENNESSEE,TN,1,0,1,3,0,BALDWIN,7,8,August,2010,7,Saturday,0,8,0,5,4,37,35.59673333,-86.51881111,1,2,0,1,0,0,1,1
470545,TENNESSEE,TN,2,0,4,139,0,CALION,7,8,August,2010,7,Saturday,21,41,1,2,2,10,35.12301389,-84.70710000,12,2,0,1,0,0,1,1
470546,TENNESSEE,TN,1,0,1,59,0,FRANKLIN,8,8,August,2010,1,Sunday,14,15,1,1,1,314,36.40176111,-82.64643333,1,1,0,1,0,0,1,0
470547,TENNESSEE,TN,1,0,2,149,0,BELLEVILLE,8,8,August,2010,1,Sunday,4,49,1,11,1,111,35.88939444,-86.48123056,1,2,0,1,0,0,1,1
470548,TENNESSEE,TN,1,0,1,93,1300,BEAR CREEK,8,8,August,2010,1,Sunday,5,1,0,14,6,12,35.91337222,-84.08022500,33,3,0,1,0,0,1,1
470549,TENNESSEE,TN,1,0,2,189,1360,BONEVILLE,8,8,August,2010,1,Sunday,15,0,0,15,6,12,36.23963056,-86.54661944,1,1,0,1,0,0,1,0
470550,TENNESSEE,TN,1,0,1,9,1570,BLOUNT,9,8,August,2010,2,Monday,5,56,0,14,6,32,35.87181111,-83.79776667,42,2,0,1,0,0,1,0
470551,TENNESSEE,TN,1,1,1,29,0,BORDEN SPRINGS,9,8,August,2010,2,Monday,0,10,0,3,2,125,35.95357500,-83.12123333,8,2,0,1,0,0,1,0
470552,TENNESSEE,TN,1,0,1,121,0,BON AIR,9,8,August,2010,2,Monday,16,39,0,6,4,2,35.56736111,-84.69465000,34,1,0,1,0,0,1,0
470553,TENNESSEE,TN,1,0,1,173,0,LAKELAND,1,8,August,2010,1,Sunday,19,51,0,3,3,118,36.28342222,-83.76171111,35,1,0,1,0,0,1,0
470554,TENNESSEE,TN,2,0,2,149,0,BELLEVILLE,10,8,August,2010,3,Tuesday,17,16,1,11,1,30,35.97024722,-86.56800833,12,1,0,1,0,0,1,0
470555,TENNESSEE,TN,2,0,2,181,0,LINCOLN,10,8,August,2010,3,Tuesday,20,55,1,2,2,255,35.32396667,-87.58565833,12,2,0,1,0,0,1,1
470556,TENNESSEE,TN,1,0,1,85,0,BENTON,8,8,August,2010,1,Sunday,22,5,0,4,3,100,36.02662778,-87.76115278,1,2,0,1,0,0,1,0
470557,TENNESSEE,TN,1,0,1,57,2105,BANKSTON,12,8,August,2010,5,Thursday,15,55,0,4,3,114,36.26085833,-83.41973611,42,1,0,1,0,0,1,0
470558,TENNESSEE,TN,1,0,1,125,0,BROOKWOOD,12,8,August,2010,5,Thursday,16,36,0,6,4,10,36.39895278,-87.46827500,35,1,0,1,0,0,1,1
470559,TENNESSEE,TN,1,1,4,103,0,DANVILLE,14,8,August,2010,7,Saturday,23,40,1,2,2,91,35.19373611,-86.68236944,8,2,0,10,0,0,1,0
470560,TENNESSEE,TN,1,0,1,119,470,BELLAMY,14,8,August,2010,7,Saturday,22,15,0,4,2,34,35.67208333,-86.83135000,1,2,0,10,0,0,1,1
470561,TENNESSEE,TN,1,0,3,121,0,BON AIR,14,8,August,2010,7,Saturday,6,40,0,3,3,0,35.39045000,-84.90251667,1,4,0,1,0,0,1,1
470562,TENNESSEE,TN,1,0,2,121,0,BON AIR,15,8,August,2010,1,Sunday,12,45,0,5,4,51,35.34513056,-84.92902778,42,1,0,1,0,0,1,0
470563,TENNESSEE,TN,2,0,3,187,272,DAHLONEGA,16,8,August,2010,2,Monday,18,44,0,14,3,50,36.01386667,-86.78131111,12,1,0,1,0,0,1,1
470564,TENNESSEE,TN,1,0,1,93,1300,BEAR CREEK,14,8,August,2010,7,Saturday,7,17,0,13,2,159,36.01513056,-83.82631111,24,3,0,1,0,0,1,1
470565,TENNESSEE,TN,2,0,2,13,0,BOLLING,18,8,August,2010,4,Wednesday,13,35,1,1,1,145,36.41927500,-84.28474444,24,1,0,2,0,0,1,0
470566,TENNESSEE,TN,2,0,3,23,1080,BLADON SPRINGS,18,8,August,2010,4,Wednesday,20,19,0,5,6,35,35.46542500,-88.64847778,12,2,0,1,0,0,1,1
470567,TENNESSEE,TN,2,0,2,1,1850,AUTAUGA,18,8,August,2010,4,Wednesday,12,2,0,14,6,23,36.03460833,-84.19442222,12,1,0,10,0,0,1,0
470568,TENNESSEE,TN,2,0,3,85,0,BENTON,18,8,August,2010,4,Wednesday,14,15,1,1,1,42,35.86928333,-87.86664167,24,1,0,2,0,0,1,0
470569,TENNESSEE,TN,1,0,1,43,0,BAILEYTON,19,8,August,2010,5,Thursday,99,99,0,3,3,104,36.20651944,-87.39150000,42,2,0,1,0,0,1,1
470570,TENNESSEE,TN,1,0,1,59,0,FRANKLIN,19,8,August,2010,5,Thursday,3,19,0,3,2,38,36.07856111,-82.96018333,24,2,0,2,0,0,1,0
470571,TENNESSEE,TN,1,0,1,101,0,BOYLSTON,20,8,August,2010,6,Friday,13,0,0,4,3,56,35.44275278,-87.54120833,1,1,0,1,0,0,1,0
470572,TENNESSEE,TN,2,0,3,23,0,BLADON SPRINGS,21,8,August,2010,7,Saturday,9,37,0,5,4,13,35.49661111,-88.64682778,12,1,0,1,0,0,1,0
470573,TENNESSEE,TN,2,0,2,163,0,AVERA,21,8,August,2010,7,Saturday,17,55,0,13,3,22,36.47096667,-82.48453333,12,1,0,1,0,0,1,1
470574,TENNESSEE,TN,1,0,1,167,0,ADRIAN,21,8,August,2010,7,Saturday,4,0,0,5,4,53,35.59336389,-89.70823056,32,2,0,1,0,0,1,1
470575,TENNESSEE,TN,1,0,2,169,0,BRADLEY,22,8,August,2010,1,Sunday,2,20,0,3,3,180,36.41896389,-86.09405000,42,2,0,5,0,0,1,1
470576,TENNESSEE,TN,1,0,1,65,0,CYPRESS,13,8,August,2010,6,Friday,11,0,0,5,4,30,35.36953333,-85.14455833,42,1,0,1,0,0,1,1
470577,TENNESSEE,TN,2,0,3,1,0,AUTAUGA,23,8,August,2010,2,Monday,8,5,0,4,2,41,36.17889167,-84.05095278,12,1,0,1,0,0,1,0
470578,TENNESSEE,TN,1,0,1,29,0,BORDEN SPRINGS,23,8,August,2010,2,Monday,1,50,0,15,3,125,35.95702778,-83.17517500,30,2,0,1,0,0,1,1
470579,TENNESSEE,TN,2,0,4,157,930,ARCADE,9,1,January,2010,7,Saturday,16,4,0,15,6,4,35.09551389,-89.80203056,12,1,0,1,0,0,1,0
470580,TENNESSEE,TN,2,0,2,37,1760,BRADFORD,28,2,February,2010,1,Sunday,2,52,1,11,1,239,36.13454722,-86.72672778,12,2,0,1,0,0,1,1
470582,TENNESSEE,TN,2,0,3,141,0,BEE BRANCH,14,8,August,2010,7,Saturday,14,30,0,3,2,134,36.17124444,-85.59672222,12,1,0,1,0,0,1,0
470583,TENNESSEE,TN,2,0,2,93,1300,BEAR CREEK,23,8,August,2010,2,Monday,15,32,0,13,2,123,36.04278333,-83.92927500,12,1,0,1,0,0,1,0
470584,TENNESSEE,TN,2,0,4,71,0,BRIDGEPORT,15,8,August,2010,1,Sunday,14,50,0,4,3,63,35.21956389,-88.20021667,12,1,0,1,0,0,1,0
470585,TENNESSEE,TN,1,0,1,21,0,CHILTON,22,8,August,2010,1,Sunday,6,45,0,3,2,44,36.11834444,-87.12282500,53,1,0,5,0,0,1,0
470586,TENNESSEE,TN,1,0,1,117,500,BIRMINGHAM,25,8,August,2010,4,Wednesday,15,50,1,1,1,45,35.36556111,-86.88539722,21,1,0,1,0,0,1,0
470587,TENNESSEE,TN,1,0,1,31,0,COFFEE,27,8,August,2010,6,Friday,99,99,0,6,4,1,35.39518056,-86.16385000,35,9,0,1,0,0,1,0
470588,TENNESSEE,TN,1,0,1,35,0,BROOKLYN,27,8,August,2010,6,Friday,22,40,0,5,4,9,35.80436944,-85.03551944,42,2,0,1,0,0,1,1
470589,TENNESSEE,TN,1,0,4,155,0,IRWIN,27,8,August,2010,6,Friday,16,45,1,2,2,69,35.76924444,-83.61740000,26,1,0,1,0,0,2,0
470590,TENNESSEE,TN,1,0,1,37,1760,BRADFORD,28,6,June,2010,2,Monday,15,30,1,12,3,146,36.23896111,-86.74145833,1,1,0,2,0,0,1,0
470591,TENNESSEE,TN,2,0,3,167,0,ADRIAN,27,8,August,2010,6,Friday,15,32,0,4,3,33,35.50472778,-89.89708333,12,1,0,1,0,0,1,0
470592,TENNESSEE,TN,1,0,1,9,0,BLOUNT,28,8,August,2010,7,Saturday,8,28,1,2,2,38,35.66984722,-84.09283056,42,1,0,1,0,0,1,0
470593,TENNESSEE,TN,1,0,4,51,0,CENTRAL,28,8,August,2010,7,Saturday,19,45,0,5,4,79,35.14354722,-86.02313611,1,2,0,1,0,0,1,1
470594,TENNESSEE,TN,1,0,2,173,0,LAKELAND,28,8,August,2010,7,Saturday,3,18,0,6,4,2,36.32174167,-83.85636944,38,2,0,1,0,0,1,1
470595,TENNESSEE,TN,1,1,1,189,1727,BONEVILLE,25,8,August,2010,4,Wednesday,99,99,1,11,1,46,36.17411944,-86.48758333,8,2,0,1,0,0,1,0
470596,TENNESSEE,TN,1,0,1,29,0,BORDEN SPRINGS,30,8,August,2010,2,Monday,12,13,0,4,3,27,36.01777222,-83.17286944,42,1,0,1,0,0,1,0
470598,TENNESSEE,TN,1,0,2,185,0,ANAKTUVUK PASS,25,8,August,2010,4,Wednesday,9,35,1,2,2,50,35.87917500,-85.47200278,42,1,0,1,0,0,2,0
470600,TENNESSEE,TN,1,0,1,129,0,BIGBEE,25,8,August,2010,4,Wednesday,8,35,1,2,2,271,36.29352778,-84.65346667,1,1,0,10,0,0,1,0
470601,TENNESSEE,TN,1,0,1,113,1200,COTTONTON,31,8,August,2010,3,Tuesday,9,43,1,2,2,160,35.64156111,-88.77821111,53,1,0,1,0,0,1,0
470602,TENNESSEE,TN,1,0,5,9,0,BLOUNT,23,8,August,2010,2,Monday,11,17,0,6,4,0,35.78701389,-83.94873889,5,1,0,1,0,0,1,0
470603,TENNESSEE,TN,2,0,4,37,1760,BRADFORD,10,7,July,2010,7,Saturday,14,12,0,14,6,15,36.13553611,-86.79715556,12,1,0,1,0,0,1,0
470604,TENNESSEE,TN,2,0,2,177,0,LEE,28,8,August,2010,7,Saturday,8,6,1,2,3,46,35.62020833,-85.88225556,12,1,0,1,0,0,1,0
470605,TENNESSEE,TN,2,0,2,165,890,HERNDON,20,8,August,2010,6,Friday,15,32,0,16,6,0,36.48558056,-86.49013611,12,1,0,1,1,0,1,0
470606,TENNESSEE,TN,1,0,1,37,1760,BRADFORD,14,8,August,2010,7,Saturday,4,8,0,15,6,5,36.18016389,-86.58216944,30,2,0,1,0,0,1,1
470607,TENNESSEE,TN,1,0,1,37,1760,BRADFORD,28,5,May,2010,6,Friday,2,41,0,13,2,251,36.10399444,-86.66765556,30,3,0,1,0,0,1,1
470608,TENNESSEE,TN,1,1,1,37,1760,BRADFORD,25,6,June,2010,6,Friday,11,1,0,15,6,8,36.16639722,-86.78065833,8,1,0,1,0,0,1,0
470610,TENNESSEE,TN,1,0,7,157,1620,ARCADE,12,7,July,2010,2,Monday,22,57,0,16,6,0,35.21697778,-89.97865833,33,2,0,2,0,0,1,1
470611,TENNESSEE,TN,2,0,4,153,690,BONAIRE,20,7,July,2010,3,Tuesday,0,7,0,4,2,25,35.21055000,-85.38603889,34,3,0,1,0,0,1,1
470612,TENNESSEE,TN,1,0,5,157,1620,ARCADE,24,7,July,2010,7,Saturday,15,45,1,11,1,120,35.17526389,-89.90721667,25,1,0,1,0,0,1,0
470613,TENNESSEE,TN,1,0,2,35,540,BROOKLYN,1,9,September,2010,4,Wednesday,1,30,0,13,2,154,35.96836944,-85.03785833,32,2,0,1,0,0,1,1
470614,TENNESSEE,TN,1,0,1,73,405,ARGO,1,9,September,2010,4,Wednesday,10,25,0,16,6,0,36.52594167,-82.70146389,43,1,0,1,0,0,1,0
470615,TENNESSEE,TN,1,0,1,125,410,BROOKWOOD,1,9,September,2010,4,Wednesday,22,0,0,15,6,12,36.61130833,-87.35388333,35,2,0,1,0,0,1,0
470616,TENNESSEE,TN,2,0,4,3,2200,BALDWIN,2,9,September,2010,5,Thursday,14,19,1,13,2,158,35.56328611,-86.44634722,12,1,0,1,0,0,1,0
470617,TENNESSEE,TN,1,1,1,157,1620,ARCADE,28,7,July,2010,4,Wednesday,3,50,1,11,1,53,35.06535000,-90.02563056,8,3,0,1,0,0,1,0
470618,TENNESSEE,TN,1,0,2,61,0,BELLWOOD,12,9,September,2010,1,Sunday,12,20,0,6,4,0,35.26019444,-85.79296667,1,1,0,1,0,0,1,0
470619,TENNESSEE,TN,1,0,2,107,0,CARROLLTON,18,9,September,2010,7,Saturday,99,99,0,5,4,9,35.44690556,-84.65079444,42,2,0,1,0,0,2,0