ST_CASE,State Name,State Abbreviation,VE_TOTAL,Pedestrains,Total_Persons_in_accident,COUNTY,CITY,City_County_Name,Calendar_DAY,MONTH,Month_Name,YEAR,DAY_WEEK,Day_Week_desc,HOUR,MINUTE,NHS_Desc,trafficway,ROUTE,MILEPT,LATITUDE,LONGITUD,First_Crash_event,Light_cond_desc,Weather_condition,WEATHER,SCH_BUS,Crash_cause,FATALS,DRUNK_DR
470620,TENNESSEE,TN,1,0,1,65,400,CYPRESS,31,7,July,2010,7,Saturday,6,49,0,14,6,42,35.05773889,-85.23104722,30,4,0,1,0,0,1,1
470621,TENNESSEE,TN,2,0,5,179,1260,ALLENHURST,31,7,July,2010,7,Saturday,22,30,0,5,6,44,36.42401389,-82.56093611,12,2,0,1,0,0,1,2
470622,TENNESSEE,TN,1,1,1,179,1250,ALLENHURST,15,1,January,2010,6,Friday,19,1,0,14,6,0,36.31479722,-82.35274444,8,2,0,1,0,0,1,0
470623,TENNESSEE,TN,2,0,2,179,1250,ALLENHURST,16,2,February,2010,3,Tuesday,14,35,0,14,3,33,36.39493611,-82.41250278,12,1,0,4,0,0,1,0
470624,TENNESSEE,TN,1,1,1,157,1620,ARCADE,15,3,March,2010,2,Monday,19,52,0,14,6,40,35.09141389,-89.90696667,8,3,0,1,0,0,1,0
470625,TENNESSEE,TN,2,0,5,157,1620,ARCADE,31,3,March,2010,4,Wednesday,17,43,0,16,6,3,35.16100000,-90.02264722,12,1,0,1,0,0,1,0
470626,TENNESSEE,TN,1,0,4,157,1620,ARCADE,10,7,July,2010,7,Saturday,20,43,0,14,6,0,35.18292500,-89.92778611,33,5,0,1,0,0,1,1
470627,TENNESSEE,TN,1,0,1,115,0,ASHVILLE,5,8,August,2010,5,Thursday,9,28,1,1,1,275,35.00633333,-85.52408056,24,1,0,1,0,0,1,0
470628,TENNESSEE,TN,1,0,4,167,1740,ADRIAN,30,7,July,2010,6,Friday,22,57,1,13,2,7,35.40080278,-89.84503056,34,2,0,1,0,0,2,0
470629,TENNESSEE,TN,1,1,1,157,1620,ARCADE,15,8,August,2010,1,Sunday,1,50,1,11,1,122,35.07778333,-89.91104167,8,2,0,1,0,0,1,0
470630,TENNESSEE,TN,2,0,7,165,0,HERNDON,24,4,April,2010,7,Saturday,13,9,1,2,2,301,36.53636389,-86.24460833,12,1,0,2,0,0,1,1
470631,TENNESSEE,TN,1,0,2,163,290,AVERA,2,8,August,2010,2,Monday,99,99,1,13,2,146,36.56671111,-82.20170000,3,3,0,1,0,99,1,0
470632,TENNESSEE,TN,1,0,1,37,1245,BRADFORD,15,8,August,2010,1,Sunday,18,57,1,1,1,50,36.30150000,-86.81209722,1,2,0,1,0,99,1,0
470633,TENNESSEE,TN,1,1,1,125,410,BROOKWOOD,27,8,August,2010,6,Friday,22,0,0,13,2,184,36.56828889,-87.40443889,8,3,0,1,0,0,1,1
470634,TENNESSEE,TN,3,0,6,157,90,ARCADE,2,9,September,2010,5,Thursday,13,45,0,13,2,274,35.28904444,-89.68679444,12,1,0,1,0,0,1,0
470635,TENNESSEE,TN,2,0,3,125,0,BROOKWOOD,3,9,September,2010,6,Friday,12,56,0,3,3,211,36.54015833,-87.16766389,12,1,0,1,0,0,1,0
470636,TENNESSEE,TN,1,0,4,59,0,FRANKLIN,4,9,September,2010,7,Saturday,16,40,0,5,4,14,36.09295278,-82.75540833,35,1,0,1,0,0,1,1
470637,TENNESSEE,TN,1,0,1,165,0,HERNDON,28,8,August,2010,7,Saturday,5,49,0,3,3,28,36.49911944,-86.60266111,34,2,0,1,0,0,1,0
470638,TENNESSEE,TN,1,0,1,155,0,IRWIN,4,9,September,2010,7,Saturday,17,40,0,6,4,1,35.89287500,-83.42704167,42,1,0,1,0,0,1,0
470639,TENNESSEE,TN,1,1,1,157,0,ARCADE,6,9,September,2010,2,Monday,21,30,0,13,3,241,35.24403889,-89.88654722,8,2,0,1,0,0,1,0
470640,TENNESSEE,TN,1,0,3,93,0,BEAR CREEK,4,9,September,2010,7,Saturday,21,44,0,5,4,10,36.08298333,-83.78528889,42,2,0,1,0,0,1,1
470641,TENNESSEE,TN,1,0,1,103,0,DANVILLE,7,9,September,2010,3,Tuesday,13,55,0,2,3,146,35.17777222,-86.52000556,1,1,0,1,0,0,1,0
470642,TENNESSEE,TN,1,2,1,37,1760,BRADFORD,18,8,August,2010,4,Wednesday,23,23,0,13,2,72,36.08233056,-86.72715556,8,3,0,2,0,0,1,0
470643,TENNESSEE,TN,2,0,2,15,0,ANNISTON,8,9,September,2010,4,Wednesday,7,40,1,2,2,93,35.81221111,-86.02934444,12,1,0,2,0,0,1,0
470644,TENNESSEE,TN,2,0,3,139,0,CALION,8,9,September,2010,4,Wednesday,10,10,1,2,2,234,35.03574167,-84.42985556,12,1,0,1,0,0,2,0
470645,TENNESSEE,TN,2,0,2,189,0,BONEVILLE,8,9,September,2010,4,Wednesday,15,34,0,4,3,44,36.02911389,-86.24207500,12,1,0,1,1,0,1,0
470646,TENNESSEE,TN,2,0,2,113,1200,COTTONTON,8,9,September,2010,4,Wednesday,8,15,1,11,1,31,35.67736667,-88.78091111,12,1,0,10,0,0,1,1
470647,TENNESSEE,TN,1,1,1,37,1760,BRADFORD,22,8,August,2010,1,Sunday,1,40,1,13,3,91,36.26237222,-86.67925278,8,3,0,1,0,0,1,1
470648,TENNESSEE,TN,1,0,1,165,235,HERNDON,23,8,August,2010,2,Monday,19,45,0,6,4,1,36.49503889,-86.32236389,42,2,0,1,0,0,1,1
470649,TENNESSEE,TN,2,0,2,145,0,BALD KNOB,10,9,September,2010,6,Friday,6,21,1,1,1,189,35.86062222,-84.39902222,35,2,0,1,0,0,1,0
470650,TENNESSEE,TN,2,0,2,145,0,BALD KNOB,10,9,September,2010,6,Friday,7,45,0,3,3,101,35.84190000,-84.54247778,12,1,0,1,0,0,1,0
470651,TENNESSEE,TN,1,0,1,57,0,BANKSTON,11,9,September,2010,7,Saturday,1,40,0,4,3,8,36.24468889,-83.68183611,42,2,0,1,0,0,1,1
470652,TENNESSEE,TN,2,0,2,115,0,ASHVILLE,11,9,September,2010,7,Saturday,9,10,1,1,1,38,35.20523333,-85.78978889,12,1,0,1,0,0,1,0
470653,TENNESSEE,TN,2,0,2,185,2310,ANAKTUVUK PASS,11,9,September,2010,7,Saturday,2,40,1,2,3,26,35.85875833,-85.46667222,12,2,0,2,0,0,1,0
470654,TENNESSEE,TN,2,0,3,3,2200,BALDWIN,13,9,September,2010,2,Monday,16,27,1,2,2,48,35.40988056,-86.48722778,12,1,0,1,0,0,2,0
470655,TENNESSEE,TN,2,0,4,31,1550,COFFEE,14,9,September,2010,3,Tuesday,8,29,1,1,1,197,35.42560278,-86.02505278,12,1,0,1,0,0,1,0
470656,TENNESSEE,TN,1,0,2,93,0,BEAR CREEK,14,9,September,2010,3,Tuesday,0,28,0,5,4,64,35.96232500,-83.67103333,42,2,0,1,0,0,1,1
470657,TENNESSEE,TN,1,0,1,141,480,BEE BRANCH,9,9,September,2010,5,Thursday,1,59,0,16,6,0,36.19273056,-85.49776667,42,2,0,1,0,0,1,1
470658,TENNESSEE,TN,2,0,2,11,420,BULLOCK,16,9,September,2010,5,Thursday,9,21,0,14,6,9,35.22027500,-84.85365000,12,1,0,1,0,0,1,0
470659,TENNESSEE,TN,1,1,1,157,1620,ARCADE,15,9,September,2010,4,Wednesday,20,48,1,11,1,103,35.19258333,-89.92707500,8,3,0,1,0,0,1,0
470660,TENNESSEE,TN,2,0,2,123,0,ALEXANDER CITY,20,4,April,2010,3,Tuesday,14,41,0,3,3,71,35.53736111,-84.44229167,12,1,0,2,0,0,1,0
470661,TENNESSEE,TN,1,0,1,123,0,ALEXANDER CITY,12,5,May,2010,4,Wednesday,19,20,0,3,3,293,35.40160833,-84.35273889,34,1,0,1,0,0,1,0
470662,TENNESSEE,TN,1,0,1,55,0,ATTALLA,14,5,May,2010,6,Friday,9,0,0,4,3,57,35.42865833,-87.09733056,38,1,0,1,0,0,1,0
470663,TENNESSEE,TN,2,0,2,93,0,BEAR CREEK,19,5,May,2010,4,Wednesday,16,28,0,4,3,148,36.02353333,-83.70903333,12,1,0,1,0,0,1,1
470664,TENNESSEE,TN,2,0,3,163,0,AVERA,29,4,April,2010,5,Thursday,19,30,0,14,3,151,36.59274722,-82.51528611,12,1,0,1,0,0,1,0
470665,TENNESSEE,TN,1,0,1,93,0,BEAR CREEK,28,4,April,2010,4,Wednesday,7,11,0,14,3,150,36.00271944,-83.82222778,53,1,0,5,0,0,1,0
470666,TENNESSEE,TN,2,0,4,49,1210,COLLINSVILLE,17,9,September,2010,6,Friday,13,40,0,4,3,43,36.46423056,-84.90379444,12,1,0,1,0,0,1,1
470667,TENNESSEE,TN,2,0,2,73,0,ARGO,19,9,September,2010,1,Sunday,18,45,0,6,4,0,36.57442778,-82.70416111,53,1,0,1,0,0,1,1
470668,TENNESSEE,TN,1,0,1,99,1350,BEATRICE,20,9,September,2010,2,Monday,1,50,0,4,3,107,35.40070000,-87.37105000,34,2,0,1,0,0,1,1
470669,TENNESSEE,TN,1,0,1,113,0,COTTONTON,4,9,September,2010,7,Saturday,11,8,1,2,2,154,35.68005556,-88.71915833,7,1,0,1,0,0,1,0
470670,TENNESSEE,TN,1,0,4,157,1620,ARCADE,7,9,September,2010,3,Tuesday,17,6,1,13,6,24,35.20234167,-90.04956667,30,1,0,2,0,0,1,0
470671,TENNESSEE,TN,1,0,1,157,0,ARCADE,9,9,September,2010,5,Thursday,99,99,0,4,3,162,35.34246111,-89.78769167,33,2,0,2,0,0,1,0
470672,TENNESSEE,TN,1,1,2,157,1620,ARCADE,15,9,September,2010,4,Wednesday,20,25,1,13,2,167,35.21011667,-90.03261111,8,3,0,1,0,0,1,0
470673,TENNESSEE,TN,1,0,1,45,0,ARITON,16,9,September,2010,5,Thursday,9,50,0,2,3,208,36.02601944,-89.31620278,35,1,0,1,0,0,1,0
470674,TENNESSEE,TN,2,0,2,5,1135,BAKER HILL,17,9,September,2010,6,Friday,11,29,1,2,2,106,35.99267778,-88.11029722,12,1,0,1,0,0,1,0
470675,TENNESSEE,TN,1,0,4,91,1767,DAYTON,19,9,September,2010,1,Sunday,19,44,0,4,3,16,36.38319444,-81.94523889,59,3,0,1,0,0,1,0
470676,TENNESSEE,TN,1,0,1,77,0,ANDERSON,21,9,September,2010,3,Tuesday,18,0,0,4,3,2,35.51521667,-88.50545278,42,1,0,1,0,0,1,1
470677,TENNESSEE,TN,2,0,2,153,0,BONAIRE,21,9,September,2010,3,Tuesday,4,15,1,2,3,50,35.35271667,-85.30279722,12,2,0,1,0,0,1,0
470678,TENNESSEE,TN,2,0,2,163,0,AVERA,21,9,September,2010,3,Tuesday,12,55,0,14,3,8,36.45434167,-82.43709444,12,1,0,1,0,0,1,1
470679,TENNESSEE,TN,1,1,2,85,0,BENTON,6,9,September,2010,2,Monday,21,45,0,3,2,80,36.06910000,-87.87716111,8,2,0,1,0,0,1,0
470680,TENNESSEE,TN,1,0,2,163,0,AVERA,14,9,September,2010,3,Tuesday,21,30,0,14,3,49,36.50056389,-82.39887222,23,2,0,1,0,0,1,0
470681,TENNESSEE,TN,1,0,1,29,0,BORDEN SPRINGS,5,4,April,2010,2,Monday,17,30,0,4,3,6,35.98994444,-83.16285000,34,1,0,1,0,0,1,0
470682,TENNESSEE,TN,1,0,5,37,1760,BRADFORD,31,1,January,2010,1,Sunday,2,26,1,11,1,119,36.23810833,-86.78602222,23,2,0,1,0,0,1,1
470683,TENNESSEE,TN,1,1,2,37,650,BRADFORD,6,9,September,2010,2,Monday,19,43,0,14,6,55,36.14647778,-86.62603889,8,3,0,1,0,0,1,0
470684,TENNESSEE,TN,2,0,2,37,1760,BRADFORD,21,9,September,2010,3,Tuesday,7,0,0,14,6,28,36.17093056,-86.86286667,12,1,0,1,0,0,1,0
470685,TENNESSEE,TN,2,0,2,157,0,ARCADE,17,9,September,2010,6,Friday,18,30,0,14,4,42,35.24139444,-89.87890278,12,2,0,1,0,0,1,0
470686,TENNESSEE,TN,1,0,3,43,0,BAILEYTON,20,9,September,2010,2,Monday,20,5,0,3,3,246,36.25976111,-87.22130556,1,2,0,1,0,0,1,0
470687,TENNESSEE,TN,1,0,1,151,0,FLIPPEN,22,9,September,2010,4,Wednesday,6,0,0,4,3,53,36.45423333,-84.47417222,35,2,0,10,0,0,1,0
470688,TENNESSEE,TN,1,0,1,163,290,AVERA,8,8,August,2010,1,Sunday,10,52,0,13,3,61,36.52057500,-82.29261111,7,1,0,1,0,0,1,0
470689,TENNESSEE,TN,1,0,1,37,1245,BRADFORD,22,8,August,2010,1,Sunday,3,0,0,3,2,112,36.32299167,-86.91040556,18,2,0,1,0,0,1,1
470690,TENNESSEE,TN,1,0,2,65,400,CYPRESS,11,9,September,2010,7,Saturday,6,5,1,11,1,33,35.01564444,-85.17998889,1,2,0,1,0,0,1,0
470691,TENNESSEE,TN,1,0,3,93,0,BEAR CREEK,12,9,September,2010,1,Sunday,13,25,1,13,3,2,35.97771667,-84.17977222,32,1,0,1,0,0,3,0
470692,TENNESSEE,TN,1,0,1,37,960,BRADFORD,16,9,September,2010,5,Thursday,23,16,0,14,6,6,36.29710556,-86.71258611,42,2,0,1,0,0,1,0
470693,TENNESSEE,TN,2,0,2,57,0,BANKSTON,22,9,September,2010,4,Wednesday,7,57,1,2,2,123,36.34706111,-83.42424167,12,1,0,10,0,0,1,0
470694,TENNESSEE,TN,1,1,1,37,1760,BRADFORD,29,6,June,2010,3,Tuesday,4,55,0,13,2,234,36.20235278,-86.61681667,33,3,0,1,0,0,1,0
470695,TENNESSEE,TN,2,0,2,155,0,IRWIN,31,3,March,2010,4,Wednesday,7,45,0,3,2,49,35.84760556,-83.70975000,12,1,0,1,0,0,1,0
470696,TENNESSEE,TN,2,0,3,59,1010,FRANKLIN,25,5,May,2010,3,Tuesday,11,17,1,2,2,173,36.17767778,-82.80375833,12,1,0,1,0,0,1,0
470697,TENNESSEE,TN,1,1,1,65,750,CYPRESS,26,8,August,2010,5,Thursday,22,21,0,14,2,12,34.98943889,-85.20778611,8,3,0,1,0,0,1,0
470698,TENNESSEE,TN,2,0,2,37,1760,BRADFORD,30,6,June,2010,4,Wednesday,1,5,0,14,6,13,36.28203889,-86.69196667,12,3,0,1,0,0,1,1
470699,TENNESSEE,TN,2,0,5,155,2170,IRWIN,26,8,August,2010,5,Thursday,2,49,1,11,1,22,35.98396667,-83.60305000,24,3,0,1,0,0,1,1
470700,TENNESSEE,TN,2,0,6,13,1320,BOLLING,1,6,June,2010,3,Tuesday,12,42,0,13,2,248,36.37565000,-84.12907500,12,1,0,1,0,0,1,0
470701,TENNESSEE,TN,1,0,1,155,0,IRWIN,12,2,February,2010,6,Friday,4,36,0,5,4,16,35.96790000,-83.63839444,34,2,0,1,0,0,1,0
470702,TENNESSEE,TN,1,1,1,157,1620,ARCADE,23,8,August,2010,2,Monday,2,16,0,16,6,3,35.13211944,-89.98925278,15,3,0,1,0,0,1,0
470703,TENNESSEE,TN,1,1,2,157,1620,ARCADE,14,8,August,2010,7,Saturday,19,45,0,14,6,3,35.13634722,-89.98751389,9,1,0,1,0,0,1,0
470704,TENNESSEE,TN,2,0,2,157,1620,ARCADE,29,8,August,2010,1,Sunday,0,19,0,13,6,62,35.05231111,-89.95480000,12,3,0,1,0,0,1,0
470705,TENNESSEE,TN,1,0,1,157,1620,ARCADE,29,8,August,2010,1,Sunday,18,8,0,16,6,1,35.06163611,-90.08177222,53,1,0,1,0,0,1,0
470706,TENNESSEE,TN,2,0,2,157,1620,ARCADE,29,8,August,2010,1,Sunday,22,0,1,13,2,189,35.23627500,-90.01409167,12,3,0,1,0,0,1,0
470707,TENNESSEE,TN,3,0,3,157,1620,ARCADE,5,6,June,2010,7,Saturday,1,35,0,13,3,8,35.17839167,-89.89648056,59,3,0,1,0,0,1,1
470709,TENNESSEE,TN,1,0,1,9,0,BLOUNT,18,5,May,2010,3,Tuesday,17,33,0,6,4,1,35.83510278,-83.94212778,17,1,0,1,0,0,1,0
470710,TENNESSEE,TN,1,0,1,145,1060,BALD KNOB,31,8,August,2010,3,Tuesday,22,58,0,14,6,5,35.92678333,-84.54051389,1,2,0,1,0,0,1,1
470711,TENNESSEE,TN,4,0,7,37,1760,BRADFORD,28,8,August,2010,7,Saturday,13,54,0,14,6,55,36.08691111,-86.77780833,12,1,0,1,0,0,1,0
470712,TENNESSEE,TN,1,0,1,109,1035,ANSLEY,17,9,September,2010,6,Friday,18,19,0,5,6,73,35.03482500,-88.52974444,42,1,0,1,0,0,1,0
470713,TENNESSEE,TN,1,0,2,157,1620,ARCADE,22,9,September,2010,4,Wednesday,23,46,1,11,1,26,35.15143333,-90.02184444,1,3,0,1,0,0,1,0
470714,TENNESSEE,TN,1,0,1,5,0,BAKER HILL,25,9,September,2010,7,Saturday,20,30,0,4,3,32,36.09931944,-88.10773889,32,2,0,1,0,0,1,0
470715,TENNESSEE,TN,2,0,2,115,2590,ASHVILLE,25,9,September,2010,7,Saturday,4,0,0,2,3,100,35.16689722,-85.53533333,12,2,0,1,0,0,1,1
470716,TENNESSEE,TN,1,0,2,157,1620,ARCADE,25,9,September,2010,7,Saturday,1,34,0,16,6,0,35.02233611,-89.95071111,33,3,0,10,0,0,1,1
470717,TENNESSEE,TN,2,0,2,189,1727,BONEVILLE,25,9,September,2010,7,Saturday,18,45,0,14,3,47,36.14915000,-86.49730833,12,5,0,1,0,0,1,1
470718,TENNESSEE,TN,1,0,1,25,0,BARLOW BEND,12,4,April,2010,2,Monday,14,10,1,2,2,165,36.54633611,-83.63745556,1,1,0,1,0,0,1,0
470719,TENNESSEE,TN,1,1,1,125,410,BROOKWOOD,27,9,September,2010,2,Monday,20,43,0,13,2,175,36.55620556,-87.39656111,8,2,0,1,0,0,1,0
470720,TENNESSEE,TN,2,0,2,157,1620,ARCADE,27,9,September,2010,2,Monday,8,40,1,13,2,27,35.01796944,-90.09063611,12,1,0,1,0,0,1,0
470721,TENNESSEE,TN,1,0,1,125,410,BROOKWOOD,29,9,September,2010,4,Wednesday,19,20,0,5,6,58,36.52914722,-87.46914444,34,2,0,1,0,0,1,1
470722,TENNESSEE,TN,2,0,2,51,820,CENTRAL,30,9,September,2010,5,Thursday,5,42,1,2,2,45,35.29165833,-86.14645833,12,3,0,1,0,0,1,0
470723,TENNESSEE,TN,2,0,3,109,1035,ANSLEY,30,9,September,2010,5,Thursday,17,10,0,4,6,54,35.03112778,-88.55931389,12,1,0,1,0,0,1,0
470724,TENNESSEE,TN,1,0,1,37,1760,BRADFORD,20,5,May,2010,5,Thursday,0,51,0,13,2,197,36.27846667,-86.70926111,24,3,0,1,0,0,1,1
470725,TENNESSEE,TN,1,0,2,37,1760,BRADFORD,27,7,July,2010,3,Tuesday,23,32,1,11,1,123,36.22436944,-86.77473889,24,3,0,1,0,0,1,0
470726,TENNESSEE,TN,1,0,1,127,1470,BURNWELL,9,9,September,2010,5,Thursday,9,10,0,2,3,106,35.36036944,-86.27097778,43,1,0,1,0,0,1,0
470727,TENNESSEE,TN,1,1,1,155,1948,IRWIN,8,9,September,2010,4,Wednesday,18,56,1,13,2,217,35.77867222,-83.54684167,8,1,0,1,0,0,1,0
470728,TENNESSEE,TN,1,0,1,147,0,AUGUSTA,30,9,September,2010,5,Thursday,12,41,0,4,3,7,36.59630000,-86.90849167,34,1,0,1,0,0,1,0
470729,TENNESSEE,TN,1,0,1,1,415,AUTAUGA,25,9,September,2010,7,Saturday,22,2,0,3,2,154,36.04493611,-84.11458889,35,2,0,1,0,0,1,1
470730,TENNESSEE,TN,2,0,3,133,0,ARLEY,12,9,September,2010,1,Sunday,14,0,1,2,3,32,36.27502500,-85.38525833,12,1,0,1,0,0,1,0
470731,TENNESSEE,TN,2,0,3,63,1700,BOLIGEE,28,4,April,2010,4,Wednesday,13,25,0,13,2,26,36.17879444,-83.39247222,12,1,0,1,0,0,1,0
470732,TENNESSEE,TN,2,0,10,111,0,GRAHAM,28,9,September,2010,3,Tuesday,14,50,0,4,3,128,36.58651944,-86.07041389,12,1,0,1,0,0,2,0
470733,TENNESSEE,TN,2,0,2,9,30,BLOUNT,30,9,September,2010,5,Thursday,14,15,1,13,2,173,35.83085833,-83.97374722,12,1,0,1,0,0,1,0
470734,TENNESSEE,TN,2,0,5,93,1300,BEAR CREEK,14,9,September,2010,3,Tuesday,14,27,0,13,2,58,35.94368333,-83.91130000,12,1,0,1,0,0,1,0
470735,TENNESSEE,TN,1,1,1,149,1750,BELLEVILLE,22,9,September,2010,4,Wednesday,19,53,0,13,2,156,35.86076111,-86.40686944,8,3,0,1,0,0,1,0
470736,TENNESSEE,TN,2,0,3,65,400,CYPRESS,23,9,September,2010,5,Thursday,7,19,1,11,1,102,35.07964444,-85.09074167,12,1,0,1,0,0,1,0
470737,TENNESSEE,TN,4,0,6,21,0,CHILTON,10,9,September,2010,6,Friday,19,30,0,3,3,6,36.28826389,-87.16303889,12,2,0,1,0,0,1,0
470738,TENNESSEE,TN,1,0,1,111,1310,GRAHAM,18,9,September,2010,7,Saturday,12,22,0,6,6,3,36.52755278,-86.03756111,42,1,0,1,0,0,1,0
470739,TENNESSEE,TN,1,0,1,1,2265,AUTAUGA,23,9,September,2010,5,Thursday,22,46,0,13,2,122,36.07690000,-84.13213333,42,3,0,1,0,0,1,0
470740,TENNESSEE,TN,2,0,2,65,400,CYPRESS,25,9,September,2010,7,Saturday,1,17,0,13,6,13,35.07556944,-85.28821667,12,3,0,1,0,0,1,1
470741,TENNESSEE,TN,1,0,6,97,0,AXIS,25,9,September,2010,7,Saturday,3,16,1,2,2,34,35.68152222,-89.58453056,1,2,0,1,0,0,1,1
470742,TENNESSEE,TN,1,1,2,59,0,FRANKLIN,26,9,September,2010,1,Sunday,6,0,0,4,3,43,36.22846667,-82.83383611,8,2,0,2,0,0,1,0
470743,TENNESSEE,TN,2,0,2,163,1280,AVERA,19,9,September,2010,1,Sunday,18,50,1,13,2,95,36.56298889,-82.45966944,12,1,0,1,0,0,1,0
470744,TENNESSEE,TN,1,0,2,157,1620,ARCADE,24,9,September,2010,6,Friday,20,38,0,16,6,5,35.26963611,-89.64973611,42,2,0,1,0,0,1,1
470745,TENNESSEE,TN,2,0,3,145,2070,BALD KNOB,23,9,September,2010,5,Thursday,21,40,0,16,6,0,35.87312500,-84.66905556,12,3,0,1,0,0,1,0
470746,TENNESSEE,TN,2,0,3,189,1360,BONEVILLE,27,9,September,2010,2,Monday,13,45,0,3,2,80,36.15202222,-86.23980000,12,1,0,10,0,0,1,0
470747,TENNESSEE,TN,2,1,2,37,1760,BRADFORD,15,7,July,2010,5,Thursday,23,35,1,11,1,96,36.18435556,-86.79817778,8,2,0,1,0,0,1,0
470748,TENNESSEE,TN,1,0,1,93,0,BEAR CREEK,25,9,September,2010,7,Saturday,19,0,0,6,4,0,35.90055833,-84.01270556,34,2,0,1,0,0,1,1
470749,TENNESSEE,TN,2,0,3,41,2240,BRANTLEY,15,9,September,2010,4,Wednesday,9,12,0,3,2,183,35.95765278,-85.81676111,12,1,0,1,0,0,1,1
470750,TENNESSEE,TN,2,0,2,65,400,CYPRESS,26,9,September,2010,1,Sunday,18,47,0,15,6,5,34.98906389,-85.31963056,12,1,0,1,0,0,1,0
470751,TENNESSEE,TN,1,1,1,149,1750,BELLEVILLE,26,9,September,2010,1,Sunday,22,39,0,14,6,38,35.83565556,-86.35092500,8,3,0,1,0,0,1,0
470752,TENNESSEE,TN,1,0,1,101,0,BOYLSTON,30,9,September,2010,5,Thursday,19,0,0,6,4,0,35.53196667,-87.57234444,24,2,0,1,0,0,1,1
470753,TENNESSEE,TN,1,0,1,43,0,BAILEYTON,1,10,October,2010,6,Friday,4,31,0,6,4,0,36.29571111,-87.20277778,1,2,0,1,0,0,1,1
470754,TENNESSEE,TN,4,0,6,189,1360,BONEVILLE,1,10,October,2010,6,Friday,15,30,1,1,1,216,36.19123056,-86.25658056,12,1,0,1,0,0,1,0
470755,TENNESSEE,TN,1,0,1,25,0,BARLOW BEND,2,10,October,2010,7,Saturday,16,10,0,5,4,51,36.47305556,-83.81216389,42,1,0,1,0,0,1,1
470756,TENNESSEE,TN,3,0,3,123,1540,ALEXANDER CITY,1,10,October,2010,6,Friday,11,35,0,5,6,9,35.53777778,-84.34947500,12,1,0,1,0,0,1,0
470757,TENNESSEE,TN,2,0,4,129,0,BIGBEE,4,10,October,2010,2,Monday,15,15,0,5,4,29,36.23430278,-84.85194722,12,1,0,10,0,0,1,0
470758,TENNESSEE,TN,1,0,2,147,499,AUGUSTA,4,10,October,2010,2,Monday,19,35,1,1,1,5,36.38607778,-86.99738611,35,2,0,1,0,0,1,1
470759,TENNESSEE,TN,2,0,2,189,0,BONEVILLE,4,10,October,2010,2,Monday,20,13,1,11,1,168,36.19079444,-86.25840556,12,2,0,1,0,0,1,0
470760,TENNESSEE,TN,2,0,2,125,410,BROOKWOOD,2,10,October,2010,7,Saturday,6,37,1,13,2,219,36.61368611,-87.43047222,12,4,0,1,0,0,1,0
470761,TENNESSEE,TN,1,1,4,157,1620,ARCADE,4,10,October,2010,2,Monday,6,25,0,13,3,150,35.02038333,-89.84470000,9,4,0,1,0,0,1,0
470762,TENNESSEE,TN,2,0,2,143,0,CANEHILL,6,10,October,2010,4,Wednesday,16,30,0,3,3,101,35.64617222,-84.85732500,12,1,0,1,0,0,1,0
470763,TENNESSEE,TN,1,0,3,189,0,BONEVILLE,6,10,October,2010,4,Wednesday,0,25,1,1,1,262,36.16814167,-86.10884444,52,2,0,1,0,0,1,0
470764,TENNESSEE,TN,2,0,2,1,0,AUTAUGA,1,10,October,2010,6,Friday,15,45,0,6,4,10,36.21684444,-84.14057500,12,1,0,1,0,0,1,0
470765,TENNESSEE,TN,1,0,2,125,0,BROOKWOOD,7,10,October,2010,5,Thursday,19,20,1,11,1,40,36.60458889,-87.28713889,1,2,0,1,0,0,1,0
470766,TENNESSEE,TN,1,0,2,157,1620,ARCADE,3,10,October,2010,1,Sunday,7,0,0,13,2,136,35.17073056,-89.86697222,30,1,0,1,0,0,1,0
470767,TENNESSEE,TN,2,0,4,37,1760,BRADFORD,6,10,October,2010,4,Wednesday,0,59,0,13,2,208,36.29318056,-86.70236667,12,3,0,1,0,0,2,1
470768,TENNESSEE,TN,2,0,2,177,1530,LEE,8,10,October,2010,6,Friday,22,9,0,13,3,147,35.70450000,-85.78147222,12,3,0,1,0,0,1,1
470769,TENNESSEE,TN,1,0,2,11,420,BULLOCK,9,10,October,2010,7,Saturday,17,52,1,1,1,55,35.16372222,-84.93166667,35,1,0,1,0,0,2,0
470770,TENNESSEE,TN,2,0,3,147,1888,AUGUSTA,9,10,October,2010,7,Saturday,8,16,0,4,3,66,36.59215833,-86.60462778,12,1,0,1,0,0,1,0
470771,TENNESSEE,TN,2,0,2,47,0,BROWNS,10,10,October,2010,1,Sunday,18,50,0,6,4,0,35.14180000,-89.62532778,12,5,0,1,0,0,1,0
470772,TENNESSEE,TN,1,0,5,33,0,CHEROKEE,6,10,October,2010,4,Wednesday,12,30,0,4,3,94,35.83284444,-89.01644167,34,1,0,1,0,0,2,0