ST_CASE,State Name,State Abbreviation,VE_TOTAL,Pedestrains,Total_Persons_in_accident,COUNTY,CITY,City_County_Name,Calendar_DAY,MONTH,Month_Name,YEAR,DAY_WEEK,Day_Week_desc,HOUR,MINUTE,NHS_Desc,trafficway,ROUTE,MILEPT,LATITUDE,LONGITUD,First_Crash_event,Light_cond_desc,Weather_condition,WEATHER,SCH_BUS,Crash_cause,FATALS,DRUNK_DR
470773,TENNESSEE,TN,1,2,1,73,0,ARGO,10,10,October,2010,1,Sunday,20,15,0,4,3,186,36.42720000,-82.72785556,8,2,0,1,0,0,1,0
470774,TENNESSEE,TN,2,0,4,123,0,ALEXANDER CITY,10,10,October,2010,1,Sunday,13,0,0,3,3,380,35.22123056,-84.33731944,12,1,0,1,0,0,2,0
470775,TENNESSEE,TN,1,0,1,187,0,DAHLONEGA,10,10,October,2010,1,Sunday,21,5,1,1,1,43,35.79882778,-86.85565833,32,2,0,1,0,0,1,0
470776,TENNESSEE,TN,2,0,3,161,655,DENTON,10,10,October,2010,1,Sunday,15,33,1,2,2,100,36.48101111,-87.88458333,12,1,0,1,0,0,1,0
470777,TENNESSEE,TN,2,0,2,17,0,CHAMBERS,11,10,October,2010,2,Monday,7,57,0,4,3,28,36.11253611,-88.49625556,12,1,0,1,0,0,1,0
470778,TENNESSEE,TN,2,0,4,1,0,AUTAUGA,6,10,October,2010,4,Wednesday,11,0,0,4,3,7,36.19890556,-84.32965000,12,1,0,1,0,0,1,0
470779,TENNESSEE,TN,2,0,2,37,1760,BRADFORD,7,10,October,2010,5,Thursday,20,30,0,13,2,225,36.30907778,-86.67865556,12,3,0,1,0,0,1,0
470780,TENNESSEE,TN,2,0,3,157,1620,ARCADE,11,10,October,2010,2,Monday,2,43,1,13,2,61,35.05890278,-90.05966389,12,3,0,1,0,0,1,0
470781,TENNESSEE,TN,3,0,3,163,245,AVERA,12,10,October,2010,3,Tuesday,15,8,1,11,1,169,36.55294722,-82.31909722,12,1,0,10,0,0,1,0
470782,TENNESSEE,TN,2,0,2,81,0,AUBURN,13,10,October,2010,4,Wednesday,16,13,0,4,3,230,35.88203056,-87.46383056,12,1,0,10,0,0,1,0
470783,TENNESSEE,TN,2,0,2,135,1410,ASH FLAT,13,10,October,2010,4,Wednesday,17,0,0,3,3,148,35.64933333,-87.82364722,12,1,0,2,0,0,1,0
470784,TENNESSEE,TN,1,0,2,3,0,BALDWIN,14,10,October,2010,5,Thursday,19,40,0,3,2,116,35.55591111,-86.53743889,33,2,0,1,0,0,1,1
470786,TENNESSEE,TN,2,1,1,59,0,FRANKLIN,10,10,October,2010,1,Sunday,17,35,0,6,4,0,36.22948889,-82.69718056,12,1,0,1,0,0,1,0
470787,TENNESSEE,TN,2,0,6,65,0,CYPRESS,11,10,October,2010,2,Monday,12,31,0,14,4,49,35.09348889,-85.07875000,12,1,0,1,0,0,1,0
470788,TENNESSEE,TN,1,0,2,43,0,BAILEYTON,16,10,October,2010,7,Saturday,6,36,0,4,3,47,36.14770833,-87.43220833,30,1,0,1,0,0,1,1
470789,TENNESSEE,TN,1,1,1,169,0,BRADLEY,16,10,October,2010,7,Saturday,3,0,0,6,4,5,36.34998611,-86.27008056,8,2,0,1,0,0,1,1
470790,TENNESSEE,TN,1,0,3,119,0,BELLAMY,17,10,October,2010,1,Sunday,1,5,0,4,3,51,35.47540278,-86.97257500,31,2,0,1,0,0,1,1
470791,TENNESSEE,TN,1,0,2,157,1660,ARCADE,17,10,October,2010,1,Sunday,23,50,0,5,6,24,35.38992778,-89.89731667,34,2,0,1,0,0,1,0
470792,TENNESSEE,TN,2,0,5,37,1760,BRADFORD,16,10,October,2010,7,Saturday,13,51,0,13,2,14,36.37198889,-86.74314444,12,1,0,1,0,0,1,0
470793,TENNESSEE,TN,3,0,6,103,0,DANVILLE,18,10,October,2010,2,Monday,15,35,1,2,2,10,35.00413889,-86.57732778,12,1,0,1,0,0,1,0
470795,TENNESSEE,TN,1,0,2,125,410,BROOKWOOD,13,10,October,2010,4,Wednesday,99,99,0,15,6,30,36.58664722,-87.34581944,30,2,0,1,0,0,1,1
470796,TENNESSEE,TN,1,0,1,125,410,BROOKWOOD,13,10,October,2010,4,Wednesday,16,26,1,11,1,67,36.57229444,-87.25885833,42,1,0,1,0,0,1,0
470797,TENNESSEE,TN,3,0,4,9,30,BLOUNT,16,10,October,2010,7,Saturday,15,4,1,13,2,174,35.83155000,-83.97322500,12,1,0,1,0,0,1,0
470798,TENNESSEE,TN,2,0,3,53,1170,ATMORE,18,10,October,2010,2,Monday,15,2,0,14,2,17,35.81345556,-88.89095556,12,1,0,1,0,0,1,0
470799,TENNESSEE,TN,2,0,3,155,2170,IRWIN,19,10,October,2010,3,Tuesday,17,51,0,14,3,104,35.92311111,-83.60581111,12,5,0,1,0,0,2,0
470800,TENNESSEE,TN,2,0,2,111,0,GRAHAM,21,10,October,2010,5,Thursday,5,50,0,2,3,83,36.53325278,-86.08950556,12,4,0,1,0,0,2,0
470801,TENNESSEE,TN,1,0,2,103,0,DANVILLE,22,10,October,2010,6,Friday,15,45,0,6,4,10,35.09947500,-86.57836944,35,1,0,1,0,0,1,0
470802,TENNESSEE,TN,2,0,5,107,0,CARROLLTON,22,10,October,2010,6,Friday,13,5,0,3,3,29,35.62070000,-84.59971389,12,1,0,1,0,0,4,0
470803,TENNESSEE,TN,2,0,4,79,0,COURTLAND,23,10,October,2010,7,Saturday,22,43,1,2,2,208,36.35700000,-88.21833889,12,2,0,1,0,0,2,0
470804,TENNESSEE,TN,1,1,7,173,0,LAKELAND,23,10,October,2010,7,Saturday,16,57,0,3,3,142,36.31437500,-83.75208611,8,1,0,1,0,0,1,0
470805,TENNESSEE,TN,2,0,3,177,0,LEE,23,10,October,2010,7,Saturday,22,0,0,4,3,193,35.79054444,-85.89398889,12,2,0,1,0,0,1,1
470806,TENNESSEE,TN,2,0,3,157,1620,ARCADE,24,10,October,2010,1,Sunday,0,23,1,11,1,93,35.07845833,-89.96065833,12,3,0,1,0,0,1,0
470807,TENNESSEE,TN,2,0,3,147,537,AUGUSTA,25,10,October,2010,2,Monday,7,30,0,3,3,150,36.54092778,-86.67345000,12,1,0,2,0,0,1,0
470808,TENNESSEE,TN,1,0,1,29,0,BORDEN SPRINGS,24,10,October,2010,1,Sunday,14,30,0,6,4,5,36.02838611,-83.00735278,1,1,0,1,0,0,1,1
470809,TENNESSEE,TN,2,0,3,55,0,ATTALLA,26,10,October,2010,3,Tuesday,7,30,0,3,2,231,35.24080000,-87.04347500,12,1,0,10,0,0,1,0
470810,TENNESSEE,TN,1,1,1,37,1760,BRADFORD,23,10,October,2010,7,Saturday,18,52,1,12,2,123,36.19329444,-86.75269167,8,2,0,1,0,0,1,0
470811,TENNESSEE,TN,1,0,1,169,0,BRADLEY,26,10,October,2010,3,Tuesday,99,99,0,6,4,3,36.36464444,-86.13292500,38,9,0,99,0,0,1,0
470812,TENNESSEE,TN,2,0,2,157,1620,ARCADE,21,10,October,2010,5,Thursday,13,38,0,14,6,37,35.03498611,-89.85595833,12,1,0,1,0,0,1,0
470813,TENNESSEE,TN,2,0,3,123,2369,ALEXANDER CITY,24,10,October,2010,1,Sunday,10,20,0,13,3,23,35.53057222,-84.43055833,12,1,0,1,0,0,1,0
470814,TENNESSEE,TN,1,0,2,145,1850,BALD KNOB,24,10,October,2010,1,Sunday,16,50,0,13,3,23,35.91505556,-84.33371944,7,1,0,1,0,0,1,0
470815,TENNESSEE,TN,1,0,2,103,0,DANVILLE,24,8,August,2010,3,Tuesday,11,0,0,4,3,66,35.07990833,-86.73034444,53,1,0,1,0,0,1,0
470816,TENNESSEE,TN,1,0,2,179,1250,ALLENHURST,25,9,September,2010,7,Saturday,14,25,1,13,3,71,36.36236944,-82.38965556,5,1,0,1,0,0,1,0
470817,TENNESSEE,TN,1,1,5,163,1280,AVERA,1,11,November,2010,2,Monday,19,49,1,13,2,5,36.55541389,-82.60538611,8,3,0,1,0,0,1,0
470818,TENNESSEE,TN,1,1,1,115,0,ASHVILLE,2,11,November,2010,3,Tuesday,2,17,0,4,2,134,35.24099167,-85.68949722,8,3,0,1,0,0,1,0
470819,TENNESSEE,TN,1,0,2,131,0,ARLINGTON,2,11,November,2010,3,Tuesday,99,99,0,6,4,3,36.32681111,-89.07204167,35,2,0,1,0,0,2,1
470820,TENNESSEE,TN,2,1,1,145,0,BALD KNOB,25,10,October,2010,2,Monday,6,19,1,11,1,65,35.91068889,-84.59153611,14,2,0,2,0,0,1,0
470821,TENNESSEE,TN,1,1,1,157,1620,ARCADE,24,10,October,2010,1,Sunday,6,50,0,13,6,28,35.14542500,-90.03135556,8,4,0,1,0,0,1,1
470822,TENNESSEE,TN,1,0,2,155,0,IRWIN,26,10,October,2010,3,Tuesday,14,40,0,3,2,124,35.87038333,-83.59742222,35,1,0,1,0,0,2,0
470823,TENNESSEE,TN,1,0,1,77,0,ANDERSON,30,10,October,2010,7,Saturday,6,53,1,1,1,227,35.81506389,-88.22329444,24,1,0,1,0,0,1,0
470824,TENNESSEE,TN,1,0,1,101,0,BOYLSTON,3,11,November,2010,4,Wednesday,23,10,0,3,3,112,35.52099444,-87.48203889,34,2,0,2,0,0,1,1
470825,TENNESSEE,TN,1,0,1,115,0,ASHVILLE,3,11,November,2010,4,Wednesday,11,50,0,5,4,35,35.12710556,-85.58858056,1,1,0,2,0,0,1,0
470826,TENNESSEE,TN,2,0,4,107,0,CARROLLTON,29,10,October,2010,6,Friday,23,55,1,1,1,65,35.38143889,-84.72774167,12,2,0,1,0,0,2,1
470827,TENNESSEE,TN,1,0,4,189,945,BONEVILLE,30,10,October,2010,7,Saturday,11,55,0,5,6,57,36.11409167,-86.41535556,30,1,0,1,0,0,2,1
470828,TENNESSEE,TN,2,0,2,93,0,BEAR CREEK,31,10,October,2010,1,Sunday,11,0,0,14,3,81,35.98901389,-84.11089444,12,1,0,1,0,0,1,0
470829,TENNESSEE,TN,1,0,4,157,1620,ARCADE,4,11,November,2010,5,Thursday,2,47,0,15,6,1,35.20710556,-89.98400833,33,3,0,1,0,0,1,0
470830,TENNESSEE,TN,1,0,1,157,1620,ARCADE,11,10,October,2010,2,Monday,9,5,0,16,6,1,35.31953611,-89.73551944,1,1,0,1,0,0,1,0
470831,TENNESSEE,TN,2,0,2,107,0,CARROLLTON,29,10,October,2010,6,Friday,21,35,1,1,1,180,35.51230833,-84.60181944,12,2,0,1,0,0,1,0
470832,TENNESSEE,TN,2,0,3,125,410,BROOKWOOD,23,10,October,2010,7,Saturday,11,25,0,3,3,157,36.45434444,-87.37532222,12,1,0,1,0,0,1,0
470833,TENNESSEE,TN,1,0,2,13,0,BOLLING,16,10,October,2010,7,Saturday,12,45,0,5,4,49,36.47718889,-84.01482222,1,1,0,1,0,0,1,0
470834,TENNESSEE,TN,3,0,3,147,499,AUGUSTA,4,11,November,2010,5,Thursday,6,40,0,3,3,20,36.41842222,-87.00025000,12,1,0,1,0,0,1,0
470835,TENNESSEE,TN,1,0,2,73,0,ARGO,6,11,November,2010,7,Saturday,22,40,0,4,3,134,36.40550000,-82.77674722,59,2,0,1,0,0,1,1
470836,TENNESSEE,TN,1,0,1,7,0,BIBB,7,11,November,2010,1,Sunday,4,3,0,5,4,27,35.60831667,-85.16998611,42,2,0,1,0,0,1,1
470837,TENNESSEE,TN,1,0,1,121,0,BON AIR,3,11,November,2010,4,Wednesday,99,99,0,3,3,316,35.70026389,-84.65315833,38,2,0,10,0,0,1,0
470838,TENNESSEE,TN,1,0,2,163,250,AVERA,5,11,November,2010,6,Friday,20,8,0,5,4,28,36.46650833,-82.16322778,34,2,0,2,0,0,1,0
470839,TENNESSEE,TN,1,0,2,39,0,ANDALUSIA,10,11,November,2010,4,Wednesday,21,37,0,5,4,78,35.68422222,-88.13606111,34,2,0,1,0,0,1,1
470840,TENNESSEE,TN,2,0,2,189,1727,BONEVILLE,10,11,November,2010,4,Wednesday,11,7,1,11,1,35,36.17223889,-86.50777500,12,1,0,1,0,0,2,0
470841,TENNESSEE,TN,1,0,3,21,0,CHILTON,6,11,November,2010,7,Saturday,2,58,0,5,4,103,36.35747778,-87.04787500,35,2,0,1,0,0,1,1
470842,TENNESSEE,TN,1,0,1,3,0,BALDWIN,9,11,November,2010,3,Tuesday,99,99,0,6,4,8,35.51889167,-86.29206111,38,2,0,1,0,0,1,0
470843,TENNESSEE,TN,1,0,4,157,0,ARCADE,9,11,November,2010,3,Tuesday,14,35,0,5,4,68,35.29191111,-89.76035000,42,1,0,1,0,0,1,1
470844,TENNESSEE,TN,2,0,4,19,0,CEDAR BLUFF,10,11,November,2010,4,Wednesday,8,50,0,15,3,1,36.28766111,-82.30631667,12,1,0,1,0,0,1,1
470845,TENNESSEE,TN,1,0,2,61,0,BELLWOOD,12,11,November,2010,6,Friday,22,37,0,4,3,252,35.46526667,-85.83227500,42,2,0,1,0,0,1,1
470846,TENNESSEE,TN,1,0,1,157,1620,ARCADE,12,11,November,2010,6,Friday,11,47,0,16,6,4,35.18079167,-90.03734722,19,1,0,1,0,0,1,0
470847,TENNESSEE,TN,1,0,1,21,0,CHILTON,13,11,November,2010,7,Saturday,2,40,0,3,3,102,36.30362222,-87.10071111,34,2,0,1,0,0,1,0
470848,TENNESSEE,TN,2,0,3,115,0,ASHVILLE,11,11,November,2010,5,Thursday,16,10,1,1,1,66,35.16805556,-85.79148611,1,1,0,1,0,0,1,0
470849,TENNESSEE,TN,1,0,5,43,640,BAILEYTON,11,9,September,2010,7,Saturday,22,52,0,13,3,57,36.04101389,-87.35842778,1,3,0,1,0,0,1,1
470850,TENNESSEE,TN,2,0,2,65,400,CYPRESS,7,10,October,2010,5,Thursday,17,32,0,16,6,0,35.03858889,-85.18189444,12,1,0,1,0,0,1,2
470851,TENNESSEE,TN,1,0,1,93,0,BEAR CREEK,20,10,October,2010,4,Wednesday,20,31,0,14,3,25,35.90541667,-83.93958056,35,2,0,1,0,0,1,1
470852,TENNESSEE,TN,2,0,2,163,290,AVERA,24,10,October,2010,1,Sunday,16,12,0,14,6,5,36.58976389,-82.12853333,12,1,0,1,0,0,1,0
470853,TENNESSEE,TN,1,0,1,93,0,BEAR CREEK,25,10,October,2010,2,Monday,7,21,0,13,2,146,36.07342500,-83.92781111,30,2,0,2,0,0,1,0
470854,TENNESSEE,TN,2,1,2,93,0,BEAR CREEK,26,10,October,2010,3,Tuesday,22,29,0,6,4,0,35.91376944,-84.16640000,8,2,0,2,0,0,1,0
470855,TENNESSEE,TN,1,1,2,125,410,BROOKWOOD,30,10,October,2010,7,Saturday,21,8,0,13,2,169,36.55125000,-87.38985000,8,3,0,1,0,0,1,0
470856,TENNESSEE,TN,1,1,1,59,0,FRANKLIN,13,11,November,2010,7,Saturday,15,45,0,4,3,56,36.17401944,-82.82527778,15,1,0,1,0,0,1,0
470857,TENNESSEE,TN,1,0,1,79,0,COURTLAND,13,11,November,2010,7,Saturday,5,47,0,6,4,0,36.25241944,-88.33801111,34,4,0,1,0,0,1,0
470858,TENNESSEE,TN,1,0,3,79,0,COURTLAND,13,11,November,2010,7,Saturday,15,22,0,4,3,293,36.44179722,-88.31288611,53,1,0,2,0,0,1,0
470859,TENNESSEE,TN,2,0,4,51,2600,CENTRAL,8,11,November,2010,2,Monday,13,11,1,13,2,132,35.17034722,-86.12889444,12,1,0,1,0,0,2,0
470860,TENNESSEE,TN,1,0,1,37,1760,BRADFORD,13,11,November,2010,7,Saturday,23,57,1,11,1,18,36.07723333,-87.00697778,42,2,0,2,0,0,1,0
470861,TENNESSEE,TN,2,0,4,145,0,BALD KNOB,15,11,November,2010,2,Monday,6,45,0,3,3,99,35.83905833,-84.54223056,12,2,0,5,0,0,2,0
470862,TENNESSEE,TN,1,1,1,149,1750,BELLEVILLE,15,11,November,2010,2,Monday,17,50,0,14,6,49,35.87258889,-86.39193889,8,3,0,99,0,0,1,0
470863,TENNESSEE,TN,4,0,4,17,0,CHAMBERS,10,11,November,2010,4,Wednesday,13,55,0,3,2,144,35.93208056,-88.48860833,12,1,0,1,0,0,1,0
470864,TENNESSEE,TN,2,0,5,157,1620,ARCADE,17,11,November,2010,4,Wednesday,17,22,0,14,2,8,35.12462500,-90.02123056,12,3,0,1,0,0,1,0
470865,TENNESSEE,TN,1,0,1,143,0,CANEHILL,20,11,November,2010,7,Saturday,99,99,0,3,3,63,35.50976389,-85.03855556,59,2,0,1,0,0,1,1
470866,TENNESSEE,TN,1,0,3,157,1620,ARCADE,20,11,November,2010,7,Saturday,20,59,0,14,6,55,35.19980556,-89.93986389,33,3,0,1,0,0,2,0
470867,TENNESSEE,TN,1,0,2,37,1760,BRADFORD,3,10,October,2010,1,Sunday,3,52,1,11,1,174,36.13769722,-86.72646667,1,3,0,1,0,0,1,1
470868,TENNESSEE,TN,3,0,6,1,440,AUTAUGA,4,11,November,2010,5,Thursday,9,56,1,13,3,147,36.09177222,-84.13864722,12,1,0,2,0,0,1,0
470869,TENNESSEE,TN,1,1,1,163,290,AVERA,12,11,November,2010,6,Friday,17,50,0,13,2,205,36.55367222,-82.15948056,8,2,0,1,0,0,1,0
470870,TENNESSEE,TN,2,0,3,13,0,BOLLING,7,11,November,2010,1,Sunday,11,55,0,2,3,115,36.41764167,-84.04431389,12,1,0,1,0,0,1,0
470871,TENNESSEE,TN,1,0,1,25,95,BARLOW BEND,17,9,September,2010,6,Friday,15,52,0,5,4,4,36.54897778,-83.67145556,11,1,0,1,0,0,1,0
470872,TENNESSEE,TN,1,0,2,13,0,BOLLING,16,11,November,2010,3,Tuesday,13,47,1,1,1,222,36.57170000,-84.11913889,42,1,0,2,0,0,1,0
470873,TENNESSEE,TN,2,0,3,105,1370,MARION,15,11,November,2010,2,Monday,12,9,0,13,2,121,35.78668333,-84.27266944,12,1,0,10,0,0,1,0
470874,TENNESSEE,TN,1,0,1,93,0,BEAR CREEK,18,11,November,2010,5,Thursday,99,99,0,14,3,19,35.88847778,-83.92158333,35,9,0,1,0,0,1,1
470875,TENNESSEE,TN,2,0,10,141,0,BEE BRANCH,21,11,November,2010,1,Sunday,16,30,0,5,4,50,36.12568611,-85.61209444,12,1,0,1,0,0,1,1
470877,TENNESSEE,TN,1,0,1,81,370,AUBURN,2,11,November,2010,3,Tuesday,6,55,0,3,3,161,35.80938333,-87.43836667,59,3,0,1,0,0,1,0
470878,TENNESSEE,TN,1,1,2,157,1660,ARCADE,22,11,November,2010,2,Monday,5,35,0,5,6,17,35.32050833,-89.89975556,18,2,0,1,0,0,1,0
470879,TENNESSEE,TN,1,0,1,65,400,CYPRESS,28,10,October,2010,5,Thursday,2,58,1,12,3,39,35.07369722,-85.19801944,52,2,0,5,0,0,1,1
470880,TENNESSEE,TN,2,0,3,65,400,CYPRESS,17,10,October,2010,1,Sunday,19,25,0,14,6,20,35.04235278,-85.12940278,12,1,0,1,0,0,2,0
470881,TENNESSEE,TN,2,0,3,157,1620,ARCADE,6,11,November,2010,7,Saturday,3,48,1,11,1,86,35.07693056,-89.97283333,12,3,0,1,0,0,1,1
470882,TENNESSEE,TN,3,0,6,157,1620,ARCADE,21,11,November,2010,1,Sunday,16,45,0,12,6,34,35.14820000,-89.89105278,12,1,0,1,0,0,1,1
470883,TENNESSEE,TN,2,0,3,153,0,BONAIRE,23,11,November,2010,3,Tuesday,8,45,1,2,3,280,35.50655833,-85.47454444,12,1,0,2,0,0,1,0
470884,TENNESSEE,TN,1,0,1,133,0,ARLEY,24,11,November,2010,4,Wednesday,5,35,0,3,3,96,36.37585833,-85.36808333,23,2,0,1,0,0,1,0
470885,TENNESSEE,TN,1,0,2,157,1620,ARCADE,25,11,November,2010,5,Thursday,1,10,1,11,1,40,35.07852500,-90.02557222,24,3,0,1,0,0,2,0
470886,TENNESSEE,TN,2,0,3,173,0,LAKELAND,26,11,November,2010,6,Friday,8,50,0,3,3,1,36.17085278,-83.90515833,12,1,0,1,0,0,1,0
470887,TENNESSEE,TN,1,0,2,71,0,BRIDGEPORT,1,12,December,2010,4,Wednesday,20,41,0,3,3,36,35.04774167,-88.32064722,42,2,0,1,0,0,2,1
470888,TENNESSEE,TN,1,0,1,121,0,BON AIR,1,12,December,2010,4,Wednesday,17,25,0,3,3,85,35.48948611,-84.76042222,35,1,0,1,0,0,1,0
470889,TENNESSEE,TN,2,0,2,157,1620,ARCADE,1,12,December,2010,4,Wednesday,6,25,0,16,6,40,35.05212778,-89.93428611,12,4,0,1,0,0,1,0
470890,TENNESSEE,TN,2,0,3,45,710,ARITON,26,6,June,2010,7,Saturday,18,9,0,14,3,179,36.02815278,-89.36600556,12,1,0,1,0,0,1,2
470891,TENNESSEE,TN,1,0,5,99,0,BEATRICE,26,11,November,2010,6,Friday,21,3,0,5,4,38,35.19949444,-87.30271667,53,2,0,1,0,0,2,1
470892,TENNESSEE,TN,1,0,1,117,0,BIRMINGHAM,27,11,November,2010,7,Saturday,1,10,0,3,2,186,35.51845556,-86.71157500,1,2,0,1,0,0,1,1
470893,TENNESSEE,TN,1,0,1,109,0,ANSLEY,27,11,November,2010,7,Saturday,15,0,0,5,4,45,35.15910833,-88.71968611,1,1,0,1,0,0,1,0
470894,TENNESSEE,TN,2,0,3,149,0,BELLEVILLE,27,11,November,2010,7,Saturday,19,11,1,13,2,54,35.73046389,-86.41194444,12,2,0,1,0,0,1,0
470895,TENNESSEE,TN,1,1,1,57,0,BANKSTON,28,11,November,2010,1,Sunday,19,8,1,2,2,2,36.29150000,-83.28365556,8,2,0,1,0,0,1,0
470896,TENNESSEE,TN,4,0,1,143,0,CANEHILL,6,11,November,2010,7,Saturday,16,15,1,2,2,236,35.48181944,-85.02324167,14,1,0,1,0,0,1,0
470897,TENNESSEE,TN,1,0,1,65,400,CYPRESS,24,11,November,2010,4,Wednesday,21,5,0,14,6,17,35.08197222,-85.29732500,30,3,0,1,0,0,1,0
470898,TENNESSEE,TN,2,0,2,3,0,BALDWIN,2,12,December,2010,5,Thursday,17,0,1,2,2,186,35.60366667,-86.43648056,12,2,0,1,0,0,1,0
470899,TENNESSEE,TN,1,0,1,69,1630,ASHFORD,2,12,December,2010,5,Thursday,4,59,0,3,3,44,35.05975556,-88.89276389,32,3,0,1,0,0,1,0
470900,TENNESSEE,TN,1,1,2,149,2250,BELLEVILLE,28,11,November,2010,1,Sunday,19,1,0,13,2,59,35.97146944,-86.50934722,8,3,0,1,0,0,1,0
470901,TENNESSEE,TN,1,0,1,13,0,BOLLING,25,11,November,2010,5,Thursday,99,99,0,5,4,10,36.34528056,-84.08853056,24,9,0,1,0,0,1,1
470902,TENNESSEE,TN,2,0,2,35,0,BROOKLYN,29,11,November,2010,2,Monday,23,13,1,1,1,15,36.08490833,-85.21894167,12,2,0,2,0,0,1,0
470903,TENNESSEE,TN,2,0,2,41,2240,BRANTLEY,29,11,November,2010,2,Monday,16,58,0,3,2,161,35.96704722,-85.85207778,12,5,0,2,0,0,1,0
470904,TENNESSEE,TN,1,0,1,177,0,LEE,26,11,November,2010,6,Friday,19,6,0,5,4,37,35.74423889,-85.82143056,24,2,0,1,0,0,1,1
470905,TENNESSEE,TN,4,0,6,157,1620,ARCADE,24,11,November,2010,4,Wednesday,7,45,1,13,3,221,35.22172222,-89.90861944,12,1,0,2,0,0,1,0
470906,TENNESSEE,TN,2,0,3,141,0,BEE BRANCH,24,11,November,2010,4,Wednesday,18,5,0,4,3,115,36.26172778,-85.46322500,12,2,0,2,0,0,1,0
470907,TENNESSEE,TN,1,0,1,119,0,BELLAMY,4,11,November,2010,5,Thursday,99,99,0,6,4,0,35.64317222,-87.28271944,42,9,0,1,0,0,1,0
470908,TENNESSEE,TN,4,0,6,75,0,BEAVERTON,3,12,December,2010,6,Friday,22,12,1,11,1,129,35.53706389,-89.25272500,12,3,0,1,0,0,1,0
470909,TENNESSEE,TN,2,0,2,37,1760,BRADFORD,6,12,December,2010,2,Monday,7,30,0,14,2,42,36.24108056,-86.82020833,12,1,0,1,0,0,1,0
470910,TENNESSEE,TN,1,0,1,45,710,ARITON,6,12,December,2010,2,Monday,16,45,0,3,3,26,36.07123611,-89.39722778,11,5,0,1,0,0,1,0
470911,TENNESSEE,TN,1,0,1,177,0,LEE,6,12,December,2010,2,Monday,17,44,0,4,3,276,35.66961667,-85.94842778,38,2,0,1,0,0,1,1
470912,TENNESSEE,TN,2,0,4,13,0,BOLLING,2,12,December,2010,5,Thursday,10,15,0,2,3,96,36.40560278,-84.06731944,12,1,0,1,0,0,2,0
470913,TENNESSEE,TN,1,0,2,159,2275,FARRAR,7,12,December,2010,3,Tuesday,23,30,0,3,2,104,36.24600000,-85.95591389,34,2,0,1,0,0,1,0
470914,TENNESSEE,TN,1,0,2,93,0,BEAR CREEK,15,8,August,2010,1,Sunday,6,32,0,15,4,7,35.92732778,-84.10588611,38,4,0,1,0,0,1,1
470915,TENNESSEE,TN,2,0,2,157,1620,ARCADE,29,9,September,2010,4,Wednesday,23,1,1,13,2,20,35.02654444,-89.90367778,12,2,0,1,0,0,1,0
470916,TENNESSEE,TN,1,0,1,187,0,DAHLONEGA,16,10,October,2010,7,Saturday,23,30,1,1,1,6,36.02814722,-87.17567500,59,2,0,99,0,0,1,1
470917,TENNESSEE,TN,3,0,4,35,0,BROOKLYN,21,12,December,2010,3,Tuesday,18,29,0,2,2,110,35.91495556,-84.99411944,12,2,0,2,0,0,1,1
470918,TENNESSEE,TN,2,0,3,179,985,ALLENHURST,3,12,December,2010,6,Friday,20,18,0,14,3,184,36.44095556,-82.44761389,12,2,0,1,0,0,1,1
470919,TENNESSEE,TN,2,0,3,135,0,ASH FLAT,9,12,December,2010,5,Thursday,17,20,0,6,4,20,35.63115833,-87.83385833,12,2,0,1,0,0,1,0
470920,TENNESSEE,TN,1,0,1,53,1640,ATMORE,18,12,December,2010,7,Saturday,5,53,0,16,6,182,35.93363611,-88.77308333,1,6,0,99,0,0,1,0
470921,TENNESSEE,TN,1,0,2,157,0,ARCADE,21,12,December,2010,3,Tuesday,17,45,0,14,4,2,35.24520833,-89.86418333,39,2,0,1,0,0,1,0
470922,TENNESSEE,TN,1,0,1,157,90,ARCADE,21,12,December,2010,3,Tuesday,21,29,0,14,3,132,35.21157222,-89.65061111,1,2,0,1,0,0,1,1
470923,TENNESSEE,TN,1,0,1,165,0,HERNDON,13,8,August,2010,6,Friday,20,53,0,3,3,111,36.41364722,-86.50587500,42,2,0,1,0,0,1,0
470924,TENNESSEE,TN,1,0,1,37,1760,BRADFORD,29,11,November,2010,2,Monday,10,10,0,5,6,55,36.27518889,-86.87536944,38,1,0,1,0,0,1,0
470925,TENNESSEE,TN,2,0,9,31,0,COFFEE,4,9,September,2010,7,Saturday,15,50,0,4,4,20,35.45018333,-86.21931389,12,1,0,1,0,0,1,0
470926,TENNESSEE,TN,1,0,1,155,0,IRWIN,17,11,November,2010,4,Wednesday,21,14,1,2,2,194,35.75366111,-83.52307778,42,2,0,1,0,0,1,1
470927,TENNESSEE,TN,1,0,1,157,1620,ARCADE,8,12,December,2010,4,Wednesday,3,59,0,14,6,22,35.00649167,-90.06545556,42,3,0,1,0,0,1,0