ST_CASE,State Name,State Abbreviation,VE_TOTAL,Pedestrains,Total_Persons_in_accident,COUNTY,CITY,City_County_Name,Calendar_DAY,MONTH,Month_Name,YEAR,DAY_WEEK,Day_Week_desc,HOUR,MINUTE,NHS_Desc,trafficway,ROUTE,MILEPT,LATITUDE,LONGITUD,First_Crash_event,Light_cond_desc,Weather_condition,WEATHER,SCH_BUS,Crash_cause,FATALS,DRUNK_DR
470928,TENNESSEE,TN,1,0,2,155,0,IRWIN,1,9,September,2010,4,Wednesday,9,15,0,6,4,16,35.66432222,-83.62152500,42,1,0,1,0,0,1,0
470929,TENNESSEE,TN,1,0,1,157,1620,ARCADE,7,12,December,2010,3,Tuesday,7,40,0,15,6,5,35.10009167,-89.99461389,10,1,0,1,0,0,1,0
470930,TENNESSEE,TN,2,0,3,165,1970,HERNDON,5,12,December,2010,1,Sunday,15,16,1,13,3,210,36.60363889,-86.53701111,12,1,0,2,0,0,1,0
470931,TENNESSEE,TN,1,0,2,133,0,ARLEY,9,12,December,2010,5,Thursday,18,15,0,5,4,57,36.50209167,-85.31143889,35,2,0,10,0,0,1,1
470932,TENNESSEE,TN,1,0,2,81,0,AUBURN,12,12,December,2010,1,Sunday,19,50,0,3,3,291,35.73053333,-87.28855000,42,2,0,4,0,0,1,0
470933,TENNESSEE,TN,1,0,1,93,1300,BEAR CREEK,23,12,December,2010,5,Thursday,8,49,1,11,1,3,36.03063889,-83.88117222,59,1,0,1,0,0,1,0
470934,TENNESSEE,TN,1,1,1,187,850,DAHLONEGA,23,12,December,2010,5,Thursday,9,43,0,13,3,121,35.91678333,-86.84148333,8,1,0,1,0,0,1,0
470935,TENNESSEE,TN,2,0,3,105,0,MARION,24,12,December,2010,6,Friday,15,28,1,2,2,128,35.74807222,-84.21509167,12,1,0,1,0,0,2,0
470936,TENNESSEE,TN,2,0,6,121,0,BON AIR,25,12,December,2010,7,Saturday,10,30,0,3,3,141,35.46781667,-84.82545000,12,1,0,4,0,0,1,1
470937,TENNESSEE,TN,1,0,1,13,0,BOLLING,26,12,December,2010,1,Sunday,99,99,0,4,2,112,36.52995833,-84.07886389,35,2,0,4,0,0,1,1
470938,TENNESSEE,TN,1,0,1,35,0,BROOKLYN,26,12,December,2010,1,Sunday,15,45,0,5,4,102,35.86655833,-85.09901667,30,1,0,4,0,0,1,0
470939,TENNESSEE,TN,2,0,3,157,0,ARCADE,27,12,December,2010,2,Monday,18,45,0,14,4,91,35.17898333,-89.73341944,12,2,0,1,0,0,1,0
470940,TENNESSEE,TN,1,0,1,93,1300,BEAR CREEK,26,12,December,2010,1,Sunday,9,36,1,11,1,128,35.93209722,-84.02676389,25,1,0,4,0,0,1,0
470941,TENNESSEE,TN,1,0,2,149,0,BELLEVILLE,3,12,December,2010,6,Friday,8,10,0,3,2,234,35.99117222,-86.37127222,1,1,0,1,0,0,1,0
470942,TENNESSEE,TN,2,0,2,149,1750,BELLEVILLE,10,12,December,2010,6,Friday,1,25,0,16,6,0,35.82981667,-86.40760000,12,3,0,1,0,0,1,1
470943,TENNESSEE,TN,1,0,1,101,0,BOYLSTON,15,12,December,2010,4,Wednesday,18,0,0,3,3,78,35.52289167,-87.59765278,1,2,0,3,0,0,1,0
470944,TENNESSEE,TN,1,0,1,93,0,BEAR CREEK,20,12,December,2010,2,Monday,3,27,0,5,4,84,36.00381389,-83.69666389,30,2,0,1,0,0,1,1
470945,TENNESSEE,TN,1,0,1,57,0,BANKSTON,16,12,December,2010,5,Thursday,11,54,0,5,4,15,36.29188333,-83.39951389,1,1,3,3,0,0,1,0
470946,TENNESSEE,TN,1,1,1,163,1280,AVERA,30,12,December,2010,5,Thursday,6,0,0,14,6,2,36.53120556,-82.53006389,8,3,0,1,0,0,1,0
470947,TENNESSEE,TN,1,0,1,119,0,BELLAMY,31,12,December,2010,6,Friday,12,0,0,4,2,1,35.62517500,-86.82460833,7,1,0,10,0,0,1,0
470948,TENNESSEE,TN,1,0,1,167,0,ADRIAN,17,12,December,2010,6,Friday,19,26,0,4,3,19,35.47369722,-89.65438611,31,2,0,1,0,0,1,1
470949,TENNESSEE,TN,1,0,1,97,0,AXIS,18,12,December,2010,7,Saturday,99,99,0,4,3,102,35.77471944,-89.69525833,42,2,0,1,0,0,1,1
470950,TENNESSEE,TN,3,0,5,149,2250,BELLEVILLE,21,12,December,2010,3,Tuesday,19,20,0,14,3,38,35.99553056,-86.51269444,12,3,0,10,0,0,1,1
470951,TENNESSEE,TN,1,1,2,57,0,BANKSTON,19,12,December,2010,1,Sunday,0,20,0,5,4,9,36.19089167,-83.61886944,8,2,0,1,0,0,1,1
470952,TENNESSEE,TN,1,0,1,83,0,ARDMORE,10,12,December,2010,6,Friday,13,35,0,4,3,66,36.35637500,-87.60743333,34,1,0,1,0,0,1,0
470953,TENNESSEE,TN,1,0,2,43,0,BAILEYTON,15,12,December,2010,4,Wednesday,18,42,0,6,4,0,36.07393889,-87.25839722,42,2,0,2,0,0,1,0
470954,TENNESSEE,TN,1,0,1,93,1300,BEAR CREEK,18,12,December,2010,7,Saturday,3,50,1,12,2,193,35.96480833,-83.92411389,33,3,0,10,0,0,1,1
470955,TENNESSEE,TN,1,0,1,21,0,CHILTON,20,12,December,2010,2,Monday,16,50,1,1,1,65,36.08815833,-87.06853889,1,5,0,1,0,0,1,0
470956,TENNESSEE,TN,1,0,1,13,685,BOLLING,21,12,December,2010,3,Tuesday,99,99,0,6,4,0,36.47106944,-84.05177500,1,1,0,10,0,0,1,0
470957,TENNESSEE,TN,2,0,2,37,1760,BRADFORD,12,9,September,2010,1,Sunday,19,57,1,11,1,85,36.12009167,-86.91213333,12,3,0,1,0,0,1,0
470958,TENNESSEE,TN,1,0,1,37,1760,BRADFORD,4,11,November,2010,5,Thursday,10,54,0,5,6,6,36.32314167,-86.91218333,30,1,0,1,0,0,1,0
470959,TENNESSEE,TN,2,0,2,37,1760,BRADFORD,6,11,November,2010,7,Saturday,11,15,0,14,2,63,36.13581389,-86.88516667,12,1,0,1,0,0,1,0
470960,TENNESSEE,TN,1,1,1,37,650,BRADFORD,23,11,November,2010,3,Tuesday,5,33,0,13,2,192,36.16954722,-86.67134722,8,3,0,2,0,0,1,0
470961,TENNESSEE,TN,1,0,4,37,1760,BRADFORD,25,11,November,2010,5,Thursday,3,30,0,15,6,17,36.05851111,-86.59758333,42,2,0,2,0,0,1,1
470962,TENNESSEE,TN,1,1,2,37,1760,BRADFORD,23,12,December,2010,5,Thursday,7,45,1,11,1,150,36.24059167,-86.75167778,8,1,0,1,0,0,1,0
470963,TENNESSEE,TN,1,0,1,59,0,FRANKLIN,23,12,December,2010,5,Thursday,13,14,0,4,3,49,36.12148056,-83.00454722,42,1,0,1,0,0,1,0
470964,TENNESSEE,TN,1,1,1,103,840,DANVILLE,23,11,November,2010,3,Tuesday,7,25,1,13,2,128,35.16455556,-86.56337222,8,1,0,2,0,0,1,0
470965,TENNESSEE,TN,1,0,2,37,1760,BRADFORD,14,12,December,2010,3,Tuesday,15,27,0,3,2,51,36.12950556,-86.90331389,33,1,0,1,0,0,2,0
470966,TENNESSEE,TN,1,0,1,179,2378,ALLENHURST,29,5,May,2010,7,Saturday,6,50,0,4,3,49,36.28916389,-82.57988333,34,1,0,1,0,0,1,0
470967,TENNESSEE,TN,1,0,2,125,0,BROOKWOOD,18,7,July,2010,1,Sunday,15,30,0,6,4,5,36.42350000,-87.25415833,1,1,0,1,0,0,1,0
470968,TENNESSEE,TN,1,0,1,125,2612,BROOKWOOD,4,8,August,2010,4,Wednesday,21,50,0,5,6,107,36.51993056,-87.44102778,30,2,0,1,0,0,1,0
470969,TENNESSEE,TN,1,0,1,93,1300,BEAR CREEK,4,9,September,2010,7,Saturday,9,20,1,11,1,9,35.90276111,-84.11845833,24,1,0,1,0,0,1,0
470970,TENNESSEE,TN,2,0,2,155,2184,IRWIN,5,9,September,2010,1,Sunday,15,0,0,4,3,41,35.90404722,-83.69767778,12,1,0,1,0,0,1,0
470971,TENNESSEE,TN,3,0,4,29,0,BORDEN SPRINGS,21,9,September,2010,3,Tuesday,13,3,0,3,2,53,35.87253889,-83.22149444,12,1,0,1,0,0,1,0
470972,TENNESSEE,TN,1,0,1,179,1407,ALLENHURST,26,4,April,2010,2,Monday,1,0,0,16,6,5,36.24672222,-82.63171389,30,2,0,2,0,0,1,0
470973,TENNESSEE,TN,2,0,3,177,1530,LEE,20,6,June,2010,1,Sunday,15,25,0,16,6,14,35.70742778,-85.75215556,12,1,0,1,0,0,1,0
470974,TENNESSEE,TN,1,0,2,93,1300,BEAR CREEK,9,7,July,2010,6,Friday,17,28,0,16,6,2,35.93920833,-83.90049444,30,1,0,2,0,0,1,0
470975,TENNESSEE,TN,2,1,2,53,2430,ATMORE,20,7,July,2010,3,Tuesday,9,31,0,16,6,3,35.97533333,-88.93771667,8,1,0,1,0,0,1,0
470976,TENNESSEE,TN,2,0,5,185,0,ANAKTUVUK PASS,23,7,July,2010,6,Friday,16,10,0,3,2,38,35.95791389,-85.59611944,12,1,0,1,0,0,1,1
470977,TENNESSEE,TN,1,0,3,49,0,COLLINSVILLE,29,12,December,2010,4,Wednesday,23,53,0,5,4,60,36.30791389,-84.90988611,1,2,0,1,0,0,1,0
470978,TENNESSEE,TN,1,0,2,37,1760,BRADFORD,10,12,December,2010,6,Friday,19,20,1,11,1,136,36.23078611,-86.77096944,42,3,0,1,0,0,1,1
470979,TENNESSEE,TN,1,0,1,183,670,FORT STEWART,1,12,December,2010,4,Wednesday,8,49,0,16,6,3,36.27783889,-88.69009444,1,1,0,1,0,0,1,0
470980,TENNESSEE,TN,2,0,2,159,340,FARRAR,27,11,November,2010,7,Saturday,9,25,0,3,3,126,36.24928333,-85.95236944,12,1,0,1,0,0,1,0
470981,TENNESSEE,TN,1,0,2,125,0,BROOKWOOD,13,5,May,2010,5,Thursday,17,58,0,14,2,280,36.60880000,-87.26167500,5,1,0,1,0,0,1,0
470982,TENNESSEE,TN,1,0,1,5,0,BAKER HILL,4,12,December,2010,7,Saturday,23,30,1,2,2,138,36.16745000,-88.14780556,34,2,0,1,0,0,1,0
470983,TENNESSEE,TN,2,0,4,157,1620,ARCADE,23,12,December,2010,5,Thursday,14,23,1,13,2,169,35.21160833,-90.03226667,12,1,0,1,0,0,1,0
480001,TEXAS,TX,1,0,6,89,0,BROWNSBORO,1,1,January,2010,6,Friday,5,53,0,3,3,88,29.75174167,-96.60514167,24,2,0,1,0,0,1,1
480002,TEXAS,TX,2,0,3,157,0,ARCADE,1,1,January,2010,6,Friday,0,45,0,14,8,12,29.54003056,-95.72157222,12,2,0,1,0,0,2,2
480003,TEXAS,TX,2,0,7,215,0,BIBB CITY,1,1,January,2010,6,Friday,23,35,0,6,4,0,26.31072778,-98.35721111,12,2,0,1,0,0,1,1
480004,TEXAS,TX,1,0,3,297,0,BETWEEN,1,1,January,2010,6,Friday,0,26,0,6,4,0,28.11256667,-97.92755833,1,2,0,1,0,0,1,1
480005,TEXAS,TX,2,0,3,311,0,CLEVELAND,1,1,January,2010,6,Friday,16,22,0,3,3,379,28.11898056,-98.59128611,32,1,0,1,0,0,2,0
480006,TEXAS,TX,2,0,2,347,4810,APPLEBY,2,1,January,2010,7,Saturday,11,52,0,14,3,215,31.58949444,-94.61905833,12,1,0,1,0,0,1,0
480007,TEXAS,TX,1,0,1,439,260,ARLINGTON,2,1,January,2010,7,Saturday,18,16,0,16,5,0,32.69113889,-97.10829167,33,3,0,1,0,0,1,0
480008,TEXAS,TX,1,0,1,463,0,CLINE,2,1,January,2010,7,Saturday,16,30,0,3,2,135,29.47772222,-99.76895556,38,1,0,1,0,0,1,1
480010,TEXAS,TX,1,0,1,1,0,AUTAUGA,3,1,January,2010,1,Sunday,6,44,0,4,3,105,31.61854167,-95.60483056,42,4,0,1,0,0,1,1
480011,TEXAS,TX,2,0,3,245,0,AUGUSTA,4,1,January,2010,2,Monday,15,41,1,1,1,12,29.87147222,-94.34267778,12,1,0,1,0,0,1,0
480012,TEXAS,TX,1,0,1,419,0,CENTER,4,1,January,2010,2,Monday,16,55,0,4,8,19,31.94085556,-94.07481111,42,1,0,1,0,0,1,1
480013,TEXAS,TX,2,0,2,505,0,BUSTAMANTE,4,1,January,2010,2,Monday,12,35,1,2,2,298,26.94900556,-99.32979722,12,1,0,1,0,0,1,0
480014,TEXAS,TX,2,0,2,121,0,BON AIR,5,1,January,2010,3,Tuesday,6,19,0,5,8,101,33.28501389,-97.23578333,12,2,0,10,0,0,1,0
480015,TEXAS,TX,1,0,5,171,0,ALDORA,6,1,January,2010,4,Wednesday,20,50,0,6,4,0,30.31604444,-98.95666944,38,2,0,10,0,0,1,0
480016,TEXAS,TX,1,0,1,373,0,ACE,6,1,January,2010,4,Wednesday,13,21,0,3,2,40,30.99767778,-94.94274167,32,1,0,10,0,0,1,0
480017,TEXAS,TX,1,0,1,183,0,FORT STEWART,8,1,January,2010,6,Friday,15,9,0,3,3,19,32.38105000,-94.95153056,42,1,0,1,0,0,1,0
480018,TEXAS,TX,1,0,1,217,0,COVINGTON,8,1,January,2010,6,Friday,3,16,0,6,4,0,31.95284444,-97.29487778,38,2,0,1,0,0,1,1
480019,TEXAS,TX,1,0,1,423,0,ARP,8,1,January,2010,6,Friday,8,48,0,3,3,203,32.36502778,-95.11591667,42,1,0,10,0,0,1,0
480020,TEXAS,TX,1,0,1,439,260,ARLINGTON,8,1,January,2010,6,Friday,23,14,1,12,2,251,32.61635278,-97.16278611,1,2,0,1,0,0,1,1
480021,TEXAS,TX,2,0,3,467,0,BEN WHEELER,8,1,January,2010,6,Friday,15,36,0,4,3,64,32.48333889,-95.92944167,12,1,0,1,0,0,1,0
480022,TEXAS,TX,2,0,2,85,5390,BENTON,9,1,January,2010,7,Saturday,3,50,0,99,8,99999,33.02672778,-96.73358889,12,3,0,1,0,0,1,2
480023,TEXAS,TX,2,0,2,201,0,ANNETTE,9,1,January,2010,7,Saturday,23,25,0,3,8,76,30.06671667,-95.79889167,12,3,0,1,0,0,1,0
480024,TEXAS,TX,1,0,1,205,0,BACONTON,9,1,January,2010,7,Saturday,13,46,1,2,2,185,36.02727222,-102.57350833,1,1,0,1,0,0,1,0
480025,TEXAS,TX,2,0,4,347,0,APPLEBY,9,1,January,2010,7,Saturday,11,52,0,4,8,181,31.51238333,-94.54563056,12,1,0,1,0,0,1,0
480026,TEXAS,TX,3,0,4,215,0,BIBB CITY,10,1,January,2010,1,Sunday,12,58,0,3,3,127,26.31079444,-98.22667778,12,1,0,1,0,0,1,1
480027,TEXAS,TX,2,0,2,67,0,ABBEVILLE,11,1,January,2010,2,Monday,1,27,1,2,2,158,33.09986389,-94.21827778,12,3,0,1,0,0,1,1
480028,TEXAS,TX,1,0,1,201,0,ANNETTE,11,1,January,2010,2,Monday,23,50,1,11,1,433,30.02859444,-95.42895833,21,3,0,1,0,0,1,1
480029,TEXAS,TX,1,0,3,369,0,BLACK,11,1,January,2010,2,Monday,20,2,0,4,8,51,34.61385556,-102.60513889,31,2,0,1,0,0,1,0
480030,TEXAS,TX,1,1,1,453,330,ANDERSON MILL,11,1,January,2010,2,Monday,18,39,0,15,8,9,30.41518611,-97.67699722,8,3,0,1,0,0,1,0
480031,TEXAS,TX,2,0,2,457,0,CHESTER,11,1,January,2010,2,Monday,8,1,0,3,2,103,30.85123333,-94.52638889,12,1,0,1,0,0,1,0
480032,TEXAS,TX,2,0,2,29,6090,BORDEN SPRINGS,12,1,January,2010,3,Tuesday,2,15,1,12,8,79,29.60120000,-98.55779167,12,2,0,1,0,0,1,1
480033,TEXAS,TX,1,1,1,201,3280,ANNETTE,12,1,January,2010,3,Tuesday,15,48,0,16,5,0,29.74454722,-95.35709722,8,1,0,1,0,0,1,0
480034,TEXAS,TX,2,0,4,249,0,ELLAVILLE,12,1,January,2010,3,Tuesday,7,45,1,2,3,188,27.84744167,-98.00827222,12,4,0,2,0,0,1,0
480035,TEXAS,TX,1,0,1,407,0,COLDSPRING,12,1,January,2010,3,Tuesday,11,39,0,4,4,151,30.77446944,-95.19252500,42,1,0,1,0,0,1,0
480036,TEXAS,TX,2,0,2,479,0,AGUILARES,12,1,January,2010,3,Tuesday,15,23,1,2,2,85,27.73882778,-98.92873056,24,1,0,2,0,0,1,0
480037,TEXAS,TX,3,0,3,169,0,BRADLEY,14,1,January,2010,5,Thursday,16,19,1,2,2,261,33.10235556,-101.26026667,12,1,0,1,0,0,2,1
480038,TEXAS,TX,2,0,3,187,0,DAHLONEGA,14,1,January,2010,5,Thursday,8,30,0,5,8,151,29.46507500,-97.84965556,12,1,0,5,0,0,1,0
480039,TEXAS,TX,1,0,1,233,0,ARAGON,14,1,January,2010,5,Thursday,15,40,0,4,8,168,35.68189722,-101.49015833,1,1,0,1,0,0,1,0
480040,TEXAS,TX,2,0,2,467,0,BEN WHEELER,14,1,January,2010,5,Thursday,6,30,0,3,3,201,32.39825000,-95.85151389,12,2,0,1,0,0,1,0
480041,TEXAS,TX,1,2,1,61,940,BELLWOOD,15,1,January,2010,6,Friday,2,21,0,16,5,0,25.90313333,-97.44642500,33,3,0,10,0,0,1,1
480042,TEXAS,TX,1,0,1,213,0,CARTERS,15,1,January,2010,6,Friday,20,30,0,4,8,22,32.32268056,-95.60835000,1,2,0,10,0,0,1,1
480043,TEXAS,TX,1,0,1,405,0,BROADDUS,15,1,January,2010,6,Friday,20,15,0,4,8,102,31.27668056,-94.13481944,34,2,0,2,0,0,1,0
480044,TEXAS,TX,1,0,1,439,502,ARLINGTON,15,1,January,2010,6,Friday,9,54,1,12,7,177,32.83924722,-97.15113333,24,1,0,1,0,0,1,0
480045,TEXAS,TX,2,0,2,481,0,BOLING,15,1,January,2010,6,Friday,6,40,0,4,3,109,29.19472778,-96.01690278,12,2,0,2,0,0,1,0
480046,TEXAS,TX,1,0,1,135,0,ASH FLAT,16,1,January,2010,7,Saturday,22,55,0,6,4,0,31.82426389,-102.50900833,1,2,0,1,0,0,1,1
480047,TEXAS,TX,1,0,1,199,0,ALVATON,16,1,January,2010,7,Saturday,20,35,1,2,2,85,30.30913333,-94.18677778,42,2,0,1,0,0,1,1
480048,TEXAS,TX,1,0,1,471,0,DODGE,16,1,January,2010,7,Saturday,9,11,0,5,8,40,30.57423333,-95.43703056,1,1,0,2,0,0,1,0
480049,TEXAS,TX,1,0,1,55,0,ATTALLA,17,1,January,2010,1,Sunday,4,32,0,4,8,29,29.97110833,-97.63626944,42,2,0,1,0,0,1,1
480050,TEXAS,TX,2,0,2,161,0,DENTON,17,1,January,2010,1,Sunday,11,34,1,2,2,43,31.39767778,-96.11766944,12,1,0,2,0,0,1,0
480051,TEXAS,TX,2,0,2,201,3280,ANNETTE,17,1,January,2010,1,Sunday,18,24,1,11,1,361,29.91833889,-95.41241944,12,3,0,1,0,0,1,1
480052,TEXAS,TX,1,0,2,233,0,ARAGON,17,1,January,2010,1,Sunday,3,19,0,3,3,45,35.64310278,-101.47929722,1,2,0,1,0,0,1,0
480053,TEXAS,TX,2,0,3,31,0,COFFEE,18,1,January,2010,2,Monday,13,5,1,2,2,72,30.26188333,-98.47483611,24,1,0,1,0,0,2,0
480054,TEXAS,TX,3,1,5,339,1510,CONROE,18,1,January,2010,2,Monday,19,45,1,11,1,134,30.30098333,-95.46697500,8,2,0,1,0,0,1,0
480055,TEXAS,TX,1,0,1,493,0,FLORESVILLE,18,1,January,2010,2,Monday,15,32,0,3,2,82,29.17045000,-98.18430000,1,1,0,1,0,0,1,0
480056,TEXAS,TX,2,0,2,199,0,ALVATON,19,1,January,2010,3,Tuesday,12,35,1,2,2,33,30.33861944,-94.27582778,12,1,0,10,0,0,1,0
480057,TEXAS,TX,1,0,2,425,0,GLEN ROSE,20,1,January,2010,4,Wednesday,3,15,0,4,8,12,32.29805278,-97.81857500,38,2,0,5,0,0,1,1
480058,TEXAS,TX,2,0,6,121,3960,BON AIR,21,1,January,2010,5,Thursday,19,29,0,16,5,0,32.99672222,-96.98053611,12,3,0,1,0,0,1,1
480059,TEXAS,TX,1,0,1,245,5430,AUGUSTA,21,1,January,2010,5,Thursday,15,43,0,16,5,0,29.90651944,-93.93403889,42,1,0,1,0,0,1,0
480060,TEXAS,TX,1,0,1,351,681,BLEAKWOOD,22,1,January,2010,6,Friday,4,43,0,4,3,141,30.70553333,-93.82375833,42,2,0,1,0,0,1,0
480061,TEXAS,TX,2,0,3,419,0,CENTER,22,1,January,2010,6,Friday,8,40,1,2,2,147,31.95848056,-94.16705833,12,1,0,1,0,0,1,0
480062,TEXAS,TX,2,0,2,439,6060,ARLINGTON,22,1,January,2010,6,Friday,16,58,0,14,8,89,32.87194722,-97.34240833,12,1,0,1,0,0,1,0
480063,TEXAS,TX,2,0,3,453,0,ANDERSON MILL,22,1,January,2010,6,Friday,9,24,0,6,4,0,30.42240278,-97.87067500,1,1,0,1,0,0,2,0
480064,TEXAS,TX,1,0,3,503,5070,ELIASVILLE,22,1,January,2010,6,Friday,5,8,0,16,5,0,33.37278333,-98.76687500,38,2,0,1,0,0,2,1
480065,TEXAS,TX,2,0,2,209,0,AILEY,23,1,January,2010,7,Saturday,13,58,0,4,8,39,30.23037222,-98.07572500,12,1,0,1,0,0,1,0
480066,TEXAS,TX,1,0,3,67,310,ABBEVILLE,24,1,January,2010,1,Sunday,1,37,1,2,2,111,33.13809167,-94.16289722,5,2,0,1,0,0,1,0
480067,TEXAS,TX,2,0,2,49,0,COLLINSVILLE,25,1,January,2010,2,Monday,15,4,0,3,3,326,31.76217222,-99.07719722,12,1,0,1,0,0,1,0
480068,TEXAS,TX,2,0,3,5,0,BAKER HILL,26,1,January,2010,3,Tuesday,21,10,0,4,8,37,31.39565556,-94.65299444,12,2,0,1,0,0,3,1
480069,TEXAS,TX,1,1,1,113,4530,COTTONTON,26,1,January,2010,3,Tuesday,17,56,0,16,5,0,32.74018333,-96.53946111,8,1,0,1,0,0,1,0
480070,TEXAS,TX,3,0,1,201,0,ANNETTE,26,1,January,2010,3,Tuesday,2,45,0,6,5,0,29.69555278,-95.62382778,33,3,0,10,0,0,1,1
480071,TEXAS,TX,2,0,2,329,0,MIDLAND,26,1,January,2010,3,Tuesday,19,23,0,5,4,14,31.96493611,-102.03626389,12,2,0,1,0,0,1,0
480072,TEXAS,TX,1,0,1,441,0,ABILENE,26,1,January,2010,3,Tuesday,21,43,1,1,7,132,32.46002778,-99.93440833,1,1,0,10,0,0,1,1
480073,TEXAS,TX,1,0,1,227,0,JASPER,27,1,January,2010,4,Wednesday,11,12,0,6,4,0,32.13671389,-101.50484167,35,1,0,1,0,0,1,0
480074,TEXAS,TX,1,0,2,373,0,ACE,27,1,January,2010,4,Wednesday,14,12,0,14,3,90,30.49337500,-94.78561389,53,1,0,10,0,0,1,0
480075,TEXAS,TX,1,0,1,437,0,HAPPY,27,1,January,2010,4,Wednesday,9,39,1,1,7,26,34.34965556,-101.74518056,32,1,0,1,0,0,1,0
480076,TEXAS,TX,1,0,2,439,2800,ARLINGTON,29,1,January,2010,6,Friday,21,11,0,16,5,0,32.73148056,-97.04601389,42,3,0,1,0,0,2,1
480077,TEXAS,TX,2,0,4,459,7078,BETTIE,29,1,January,2010,6,Friday,16,50,0,3,2,227,32.58361111,-94.91745556,12,1,0,2,0,0,1,0
480078,TEXAS,TX,1,0,5,201,3280,ANNETTE,30,1,January,2010,7,Saturday,20,16,0,16,5,0,29.62448611,-95.24017778,33,3,0,10,0,0,1,0
480079,TEXAS,TX,1,0,2,339,0,CONROE,30,1,January,2010,7,Saturday,2,45,0,6,4,0,30.11886667,-95.37641389,42,2,0,10,0,0,1,1
480080,TEXAS,TX,1,0,3,127,0,BURNWELL,31,1,January,2010,1,Sunday,2,22,0,4,3,164,28.57381944,-99.60393889,1,2,0,1,0,0,1,1
480081,TEXAS,TX,2,0,3,499,4610,ALBA,31,1,January,2010,1,Sunday,7,35,0,3,2,149,32.66415278,-95.49170000,12,4,0,10,0,0,1,0
480082,TEXAS,TX,2,0,3,245,490,AUGUSTA,21,1,January,2010,5,Thursday,5,32,1,11,1,16,30.09616667,-94.12894444,25,3,0,10,0,0,1,0
480083,TEXAS,TX,1,0,1,479,3899,AGUILARES,24,1,January,2010,1,Sunday,5,9,0,16,5,0,27.44477222,-99.45963611,38,2,0,1,0,0,1,1
480084,TEXAS,TX,1,0,6,73,0,ARGO,26,1,January,2010,3,Tuesday,14,45,1,2,2,38,32.02108333,-95.37731944,1,1,0,1,0,0,1,0
480085,TEXAS,TX,1,0,3,481,7410,BOLING,26,1,January,2010,3,Tuesday,15,10,0,16,5,0,29.35367500,-96.08887222,10,1,0,1,0,0,1,0
480086,TEXAS,TX,2,0,3,183,0,FORT STEWART,29,1,January,2010,6,Friday,12,42,1,2,3,96,32.47410833,-94.77201389,12,1,0,2,0,0,1,0
480087,TEXAS,TX,1,0,3,229,0,BLACKSHEAR,3,1,January,2010,1,Sunday,10,30,0,4,3,37,31.32739167,-105.90794444,1,1,0,1,0,0,1,0
480088,TEXAS,TX,4,0,9,201,0,ANNETTE,1,1,January,2010,6,Friday,11,25,0,6,4,0,29.92454444,-95.19943611,12,1,0,1,0,0,1,0
480089,TEXAS,TX,4,0,8,201,3280,ANNETTE,1,1,January,2010,6,Friday,3,45,1,13,3,80,29.81691944,-95.64553611,12,2,0,1,0,0,2,2
480090,TEXAS,TX,1,0,1,329,0,MIDLAND,1,1,January,2010,6,Friday,9,28,1,1,1,26,31.89307778,-102.24995556,1,1,0,1,0,0,1,0
480091,TEXAS,TX,2,0,2,85,5390,BENTON,1,1,January,2010,6,Friday,3,40,0,16,5,0,99.99990000,999.99990000,12,2,0,1,0,0,1,1
480092,TEXAS,TX,1,0,1,67,0,ABBEVILLE,4,1,January,2010,2,Monday,4,48,0,3,3,53,33.25887500,-94.35321389,24,2,0,3,0,0,1,0
480093,TEXAS,TX,2,1,2,201,0,ANNETTE,7,1,January,2010,5,Thursday,4,35,0,6,8,0,29.90805833,-95.65462500,8,3,0,2,0,0,1,0
480094,TEXAS,TX,1,0,1,491,0,ANDERSON MILL,7,1,January,2010,5,Thursday,14,30,1,2,2,120,30.66667222,-97.88030556,35,1,0,1,0,0,1,0
480095,TEXAS,TX,2,0,4,201,0,ANNETTE,8,1,January,2010,6,Friday,7,0,0,6,4,0,29.92628056,-95.30279722,12,3,0,1,1,0,1,0
480096,TEXAS,TX,2,0,3,201,3280,ANNETTE,9,1,January,2010,7,Saturday,1,35,1,12,2,10,29.84732778,-95.33335833,12,3,0,1,0,0,1,1
480097,TEXAS,TX,1,0,2,65,0,CYPRESS,12,1,January,2010,3,Tuesday,5,37,1,1,1,3,35.20764722,-101.61970556,1,2,0,1,0,0,1,0
480098,TEXAS,TX,1,0,1,423,0,ARP,14,1,January,2010,5,Thursday,22,0,0,4,8,35,32.47298333,-95.23120833,35,2,0,3,0,0,1,1
480099,TEXAS,TX,1,0,2,37,0,BRADFORD,15,1,January,2010,6,Friday,21,30,0,4,8,33,33.50719167,-94.08451111,1,2,0,10,0,0,1,0
480100,TEXAS,TX,2,0,3,303,4140,DAVISBORO,17,1,January,2010,1,Sunday,0,59,1,13,3,166,33.60296667,-101.86713333,12,3,0,1,0,0,2,2