ST_CASE,State Name,State Abbreviation,VE_TOTAL,Pedestrains,Total_Persons_in_accident,COUNTY,CITY,City_County_Name,Calendar_DAY,MONTH,Month_Name,YEAR,DAY_WEEK,Day_Week_desc,HOUR,MINUTE,NHS_Desc,trafficway,ROUTE,MILEPT,LATITUDE,LONGITUD,First_Crash_event,Light_cond_desc,Weather_condition,WEATHER,SCH_BUS,Crash_cause,FATALS,DRUNK_DR
480101,TEXAS,TX,2,0,2,257,0,AVALON,18,1,January,2010,2,Monday,19,7,0,4,8,166,32.48782778,-96.34902500,12,2,0,1,0,0,1,0
480102,TEXAS,TX,1,0,1,339,0,CONROE,18,1,January,2010,2,Monday,1,30,1,2,2,148,30.08334444,-95.24306389,52,3,0,1,0,0,1,1
480103,TEXAS,TX,2,1,1,179,0,ALLENHURST,22,1,January,2010,6,Friday,20,50,1,1,1,10,35.19976389,-101.08589167,14,2,0,2,0,0,1,0
480104,TEXAS,TX,2,0,4,21,0,CHILTON,23,1,January,2010,7,Saturday,17,22,0,3,3,113,30.11097778,-97.38787778,32,1,0,10,0,0,1,0
480105,TEXAS,TX,2,0,4,201,3280,ANNETTE,23,1,January,2010,7,Saturday,4,21,1,13,8,54,29.73643333,-95.60620278,12,3,0,10,0,0,1,1
480106,TEXAS,TX,2,0,3,201,3280,ANNETTE,27,1,January,2010,4,Wednesday,15,55,0,16,5,0,29.80594444,-95.39925556,12,1,0,1,0,0,1,0
480107,TEXAS,TX,2,0,3,201,3280,ANNETTE,27,1,January,2010,4,Wednesday,22,10,1,11,1,97,29.67958889,-95.43949722,12,3,0,10,0,0,1,1
480108,TEXAS,TX,2,0,2,85,0,BENTON,28,1,January,2010,5,Thursday,18,8,0,3,3,18,32.99772222,-96.46562500,12,2,0,2,0,0,1,0
480109,TEXAS,TX,1,0,5,65,0,CYPRESS,29,1,January,2010,6,Friday,13,0,0,6,4,0,35.62003889,-101.57109167,30,1,0,4,0,0,1,0
480110,TEXAS,TX,2,0,3,327,0,FORT MCKAVETT,29,1,January,2010,6,Friday,9,0,0,4,8,111,30.71527500,-99.56424167,12,1,0,10,0,0,1,0
480111,TEXAS,TX,2,0,2,283,2225,SOPERTON,30,1,January,2010,7,Saturday,10,51,0,5,8,17,28.03918889,-99.35550278,12,1,0,1,0,0,1,0
480112,TEXAS,TX,1,0,1,415,0,DERMOTT,30,1,January,2010,7,Saturday,16,4,0,6,4,0,32.71542778,-101.08947222,1,1,0,1,0,0,1,1
480113,TEXAS,TX,2,0,3,363,0,BRAZOS,20,1,January,2010,4,Wednesday,10,3,0,3,2,90,32.87787222,-98.09303333,12,1,0,5,0,0,1,0
480114,TEXAS,TX,1,0,1,55,0,ATTALLA,1,2,February,2010,2,Monday,18,40,0,4,3,62,29.75866389,-97.40947222,1,2,0,2,0,0,1,1
480115,TEXAS,TX,1,0,1,201,3280,ANNETTE,1,2,February,2010,2,Monday,5,20,0,16,5,0,29.82069444,-95.43277222,31,3,0,10,0,0,1,1
480116,TEXAS,TX,1,0,9,249,0,ELLAVILLE,2,2,February,2010,3,Tuesday,5,36,0,6,4,0,27.70721944,-98.09343611,1,3,0,5,0,0,2,0
480117,TEXAS,TX,1,0,1,29,6090,BORDEN SPRINGS,3,2,February,2010,4,Wednesday,2,48,1,11,1,304,29.47389722,-98.40535556,1,3,0,2,0,0,1,1
480118,TEXAS,TX,1,0,1,291,0,BLAIRSVILLE,3,2,February,2010,4,Wednesday,23,54,0,3,3,109,30.25599167,-94.97004722,32,2,0,2,0,0,1,0
480119,TEXAS,TX,2,0,2,359,0,ADRIAN,3,2,February,2010,4,Wednesday,11,1,0,3,2,198,35.37722500,-102.32897778,12,1,0,5,0,0,1,0
480120,TEXAS,TX,1,0,4,89,0,BROWNSBORO,4,2,February,2010,5,Thursday,18,0,1,1,1,211,29.70941389,-96.50521389,1,1,0,2,0,0,1,0
480121,TEXAS,TX,2,0,2,113,1240,COTTONTON,4,2,February,2010,5,Thursday,23,48,0,16,5,0,32.61731111,-96.90834167,12,3,0,2,0,0,1,1
480122,TEXAS,TX,1,1,1,201,3280,ANNETTE,4,2,February,2010,5,Thursday,0,49,0,16,5,0,29.67082778,-95.56056389,8,3,0,1,0,0,1,0
480123,TEXAS,TX,2,0,3,291,0,BLAIRSVILLE,4,2,February,2010,5,Thursday,7,1,1,2,3,203,30.24735278,-94.73519444,12,1,0,2,1,0,1,0
480124,TEXAS,TX,1,0,2,339,0,CONROE,4,2,February,2010,5,Thursday,12,26,0,6,4,0,30.31309722,-95.34003056,38,1,0,10,0,0,1,0
480125,TEXAS,TX,2,0,2,347,4810,APPLEBY,4,2,February,2010,5,Thursday,17,59,0,14,3,20,31.59624722,-94.63552222,12,3,0,2,0,0,1,0
480126,TEXAS,TX,2,0,3,375,0,AMARILLO,4,2,February,2010,5,Thursday,9,25,1,2,2,185,35.39890556,-101.83592222,12,1,0,5,0,0,1,0
480127,TEXAS,TX,2,0,3,491,0,ANDERSON MILL,4,2,February,2010,5,Thursday,2,14,0,3,3,44,30.68346667,-97.96028056,12,2,0,2,0,0,1,1
480128,TEXAS,TX,1,0,1,1,0,AUTAUGA,5,2,February,2010,6,Friday,2,45,0,6,4,0,32.00601111,-95.79091111,42,2,0,10,0,0,1,1
480129,TEXAS,TX,1,1,1,201,0,ANNETTE,5,2,February,2010,6,Friday,21,33,1,13,3,153,29.71518056,-95.64411389,8,2,0,1,0,0,1,0
480130,TEXAS,TX,1,0,1,201,3280,ANNETTE,5,2,February,2010,6,Friday,14,40,0,16,5,0,29.66098333,-95.58442222,42,1,0,10,0,0,1,0
480131,TEXAS,TX,2,0,2,201,3320,ANNETTE,5,2,February,2010,6,Friday,21,37,1,13,8,250,30.00504444,-95.26009167,12,2,0,1,0,0,1,0
480132,TEXAS,TX,2,0,8,27,3690,ASHLAND,6,2,February,2010,7,Saturday,2,33,1,13,3,28,31.08579722,-97.81042222,12,2,0,10,0,0,1,1
480133,TEXAS,TX,2,0,3,163,4674,AVERA,6,2,February,2010,7,Saturday,13,14,1,1,7,315,29.05545556,-99.00964722,12,1,0,1,0,0,1,0
480134,TEXAS,TX,2,0,3,183,7445,FORT STEWART,6,2,February,2010,7,Saturday,15,0,1,13,2,51,32.51225833,-94.82977778,12,1,0,10,0,0,1,0
480135,TEXAS,TX,2,0,2,309,0,ALAMO,6,2,February,2010,7,Saturday,12,30,0,4,8,22,31.50750833,-97.08618056,12,1,0,1,0,0,1,0
480136,TEXAS,TX,1,1,2,113,1730,COTTONTON,7,2,February,2010,1,Sunday,1,40,1,11,1,273,32.89562222,-96.89814722,8,3,0,10,0,0,1,0
480137,TEXAS,TX,1,1,1,157,0,ARCADE,7,2,February,2010,1,Sunday,22,5,1,2,3,2,29.61687500,-96.02246667,8,2,0,1,0,0,1,0
480138,TEXAS,TX,1,0,1,29,6090,BORDEN SPRINGS,8,2,February,2010,2,Monday,4,58,1,11,1,76,29.43241944,-98.40435556,24,3,0,2,0,0,1,1
480139,TEXAS,TX,2,0,2,203,0,BENSON,8,2,February,2010,2,Monday,18,30,0,4,8,100,32.44151944,-94.23580000,12,5,0,2,0,0,1,0
480140,TEXAS,TX,1,0,2,201,3280,ANNETTE,9,2,February,2010,3,Tuesday,4,0,0,16,5,0,29.87105000,-95.41470000,35,3,0,1,0,0,1,1
480141,TEXAS,TX,1,0,2,233,0,ARAGON,10,2,February,2010,4,Wednesday,3,30,0,5,8,71,35.78056944,-101.33943611,31,2,0,10,0,0,1,1
480142,TEXAS,TX,2,0,2,411,0,BEND,10,2,February,2010,4,Wednesday,17,55,1,2,2,264,31.19488889,-98.67267500,12,1,0,10,0,0,1,0
480143,TEXAS,TX,2,0,3,201,0,ANNETTE,11,2,February,2010,5,Thursday,2,26,1,13,3,23,29.90398056,-95.63306944,12,3,0,2,0,0,1,2
480144,TEXAS,TX,2,0,5,113,3420,COTTONTON,14,2,February,2010,1,Sunday,4,20,1,13,8,177,32.81225556,-96.92174722,12,2,0,10,0,0,1,0
480145,TEXAS,TX,1,0,1,347,0,APPLEBY,14,2,February,2010,1,Sunday,13,6,0,3,8,128,31.56237500,-94.60728333,35,1,0,1,0,0,1,0
480146,TEXAS,TX,1,2,1,27,0,ASHLAND,15,2,February,2010,2,Monday,23,38,0,3,3,38,30.91700833,-97.36465833,8,2,0,1,0,0,1,0
480147,TEXAS,TX,2,0,2,113,1730,COTTONTON,15,2,February,2010,2,Monday,17,3,1,13,3,73,32.68677500,-96.78802778,1,1,0,1,0,0,1,1
480148,TEXAS,TX,1,0,15,215,0,BIBB CITY,16,2,February,2010,3,Tuesday,5,0,1,2,2,40,26.73864444,-98.10440278,1,2,0,10,0,0,1,0
480149,TEXAS,TX,1,1,1,453,330,ANDERSON MILL,16,2,February,2010,3,Tuesday,21,46,1,11,7,285,30.40920833,-97.67521667,8,2,0,1,0,0,1,0
480150,TEXAS,TX,3,0,4,89,0,BROWNSBORO,17,2,February,2010,4,Wednesday,19,15,1,1,1,268,29.72592500,-96.40863333,57,2,0,1,0,0,3,0
480151,TEXAS,TX,1,0,2,113,5730,COTTONTON,17,2,February,2010,4,Wednesday,16,35,0,16,5,0,32.93993611,-96.75504722,5,1,0,1,1,0,1,0
480152,TEXAS,TX,2,0,2,183,4080,FORT STEWART,17,2,February,2010,4,Wednesday,6,43,0,13,3,6,32.49003611,-94.75844167,12,1,0,1,0,0,1,0
480153,TEXAS,TX,1,0,1,277,5220,BROOKFIELD,19,2,February,2010,6,Friday,6,54,1,13,8,147,33.67112222,-95.55643333,19,9,0,99,0,0,1,1
480154,TEXAS,TX,2,0,3,407,0,COLDSPRING,19,2,February,2010,6,Friday,2,45,0,3,2,118,30.77757778,-95.17468056,12,2,0,1,0,0,1,1
480155,TEXAS,TX,1,0,1,339,0,CONROE,20,2,February,2010,7,Saturday,14,0,0,6,5,0,30.29055278,-95.60109722,38,1,0,10,0,0,1,1
480156,TEXAS,TX,3,0,6,347,0,APPLEBY,20,2,February,2010,7,Saturday,14,25,0,3,3,30,31.60285833,-94.58418611,12,1,0,1,0,0,4,0
480157,TEXAS,TX,1,0,1,149,0,BELLEVILLE,21,2,February,2010,1,Sunday,18,31,0,4,8,90,30.01216111,-96.92778889,42,5,0,1,0,0,1,0
480158,TEXAS,TX,1,0,1,199,0,ALVATON,21,2,February,2010,1,Sunday,3,15,0,6,6,0,30.11545556,-94.41119444,30,2,0,10,0,0,1,1
480159,TEXAS,TX,1,0,1,249,0,ELLAVILLE,21,2,February,2010,1,Sunday,14,45,1,2,2,18,27.40430833,-98.11726667,52,1,0,1,0,0,1,1
480160,TEXAS,TX,2,0,1,419,0,CENTER,21,2,February,2010,1,Sunday,2,30,0,5,8,7,31.82910000,-94.18403056,53,2,0,10,0,0,1,1
480161,TEXAS,TX,1,0,2,419,0,CENTER,21,2,February,2010,1,Sunday,14,10,0,3,3,183,99.99990000,999.99990000,1,1,0,10,0,0,1,1
480162,TEXAS,TX,1,0,1,27,0,ASHLAND,22,2,February,2010,2,Monday,17,15,0,4,8,43,31.12330556,-97.28561389,1,1,0,10,0,0,1,0
480163,TEXAS,TX,1,1,1,29,6090,BORDEN SPRINGS,22,2,February,2010,2,Monday,19,54,0,16,5,0,29.46319167,-98.63790833,8,2,0,1,0,0,1,0
480164,TEXAS,TX,2,0,3,201,5230,ANNETTE,20,2,February,2010,7,Saturday,22,55,0,16,5,0,29.63930278,-95.11170833,12,2,0,10,0,0,2,0
480165,TEXAS,TX,1,0,1,453,330,ANDERSON MILL,22,2,February,2010,2,Monday,0,52,1,12,8,185,30.24725556,-97.80524444,26,3,0,1,0,0,1,1
480166,TEXAS,TX,2,0,2,309,0,ALAMO,23,2,February,2010,3,Tuesday,8,10,0,4,3,39,31.52795833,-96.89295556,12,1,0,4,0,0,1,0
480167,TEXAS,TX,2,0,2,73,0,ARGO,24,2,February,2010,4,Wednesday,9,30,0,3,3,205,31.89852222,-95.07741944,12,1,0,1,0,0,1,0
480168,TEXAS,TX,1,0,1,113,1730,COTTONTON,24,2,February,2010,4,Wednesday,21,8,0,16,5,0,32.67160556,-96.85018889,42,2,0,10,0,0,1,0
480169,TEXAS,TX,1,0,1,439,2255,ARLINGTON,24,2,February,2010,4,Wednesday,2,45,1,12,3,134,32.86989167,-97.10100833,34,3,0,10,0,0,1,1
480170,TEXAS,TX,2,0,4,365,0,BECKVILLE,25,2,February,2010,5,Thursday,1,21,0,3,3,35,32.27748056,-94.46765833,12,2,0,10,0,0,1,1
480171,TEXAS,TX,2,0,6,133,0,ARLEY,26,2,February,2010,6,Friday,17,34,1,1,1,171,32.37743611,-98.82716944,12,1,0,1,0,0,1,0
480172,TEXAS,TX,1,0,2,139,2240,CALION,27,2,February,2010,7,Saturday,21,5,1,13,2,40,32.32151944,-96.66339167,1,2,0,1,0,0,1,0
480174,TEXAS,TX,1,0,3,409,0,ARANSAS PASS,27,2,February,2010,7,Saturday,17,22,1,1,1,15,28.10159722,-97.81165556,1,1,0,10,0,0,1,1
480175,TEXAS,TX,2,0,3,5,0,BAKER HILL,28,2,February,2010,1,Sunday,15,55,0,3,3,67,31.44780833,-94.87056944,12,1,0,1,0,0,1,1
480176,TEXAS,TX,1,1,1,61,940,BELLWOOD,28,2,February,2010,1,Sunday,3,58,0,16,5,0,25.91041111,-97.47371667,8,3,0,10,0,0,1,1
480177,TEXAS,TX,2,0,6,201,0,ANNETTE,28,2,February,2010,1,Sunday,4,11,0,6,4,0,29.90217778,-95.37851667,12,2,0,1,0,0,1,1
480178,TEXAS,TX,1,0,1,201,3280,ANNETTE,28,2,February,2010,1,Sunday,2,28,0,16,5,0,29.84878333,-95.32755000,33,6,0,1,0,0,1,1
480179,TEXAS,TX,2,0,2,245,490,AUGUSTA,28,2,February,2010,1,Sunday,6,57,0,16,5,0,30.08447778,-94.14330556,12,1,0,1,0,0,1,1
480180,TEXAS,TX,1,0,1,331,0,BEN ARNOLD,28,2,February,2010,1,Sunday,3,0,0,6,4,0,30.88853333,-96.96426944,23,2,0,1,0,0,1,1
480181,TEXAS,TX,1,0,1,201,3280,ANNETTE,2,1,January,2010,7,Saturday,17,29,0,16,5,0,29.81286667,-95.43556111,33,1,0,10,0,0,1,1
480182,TEXAS,TX,2,0,3,303,4140,DAVISBORO,3,1,January,2010,1,Sunday,17,48,0,16,5,0,33.50883889,-101.90495278,12,5,0,1,0,0,1,1
480183,TEXAS,TX,1,0,2,39,5249,ANDALUSIA,21,1,January,2010,5,Thursday,16,31,0,14,8,15,29.55205833,-95.33097222,5,1,0,1,0,0,1,0
480185,TEXAS,TX,9,0,9,39,5249,ANDALUSIA,17,2,February,2010,4,Wednesday,6,44,1,13,3,159,29.51591667,-95.25638056,12,4,0,10,0,0,2,0
480186,TEXAS,TX,2,0,3,1,0,AUTAUGA,23,2,February,2010,3,Tuesday,11,47,1,2,2,61,31.78749167,-95.60515278,12,1,0,4,0,0,1,0
480187,TEXAS,TX,2,0,2,203,0,BENSON,25,2,February,2010,5,Thursday,18,45,9,99,8,99999,99.99990000,999.99990000,12,5,0,1,0,0,1,1
480188,TEXAS,TX,2,0,3,459,0,BETTIE,26,2,February,2010,6,Friday,9,24,1,2,2,101,32.77069167,-94.94448889,12,1,0,2,0,0,2,0
480189,TEXAS,TX,1,0,2,201,0,ANNETTE,2,1,January,2010,7,Saturday,2,30,0,16,5,0,29.52732778,-95.16260556,42,3,0,1,0,0,1,1
480190,TEXAS,TX,2,0,1,201,3280,ANNETTE,7,1,January,2010,5,Thursday,3,0,1,11,1,105,29.78520278,-95.63971667,14,3,0,10,0,0,1,1
480191,TEXAS,TX,2,0,3,201,480,ANNETTE,8,1,January,2010,6,Friday,20,23,0,3,3,6,29.80680833,-94.90329444,12,2,0,1,0,0,1,0
480192,TEXAS,TX,1,0,1,113,1730,COTTONTON,20,1,January,2010,4,Wednesday,0,40,0,16,5,0,32.88011111,-96.80938611,33,3,0,10,0,0,1,1
480193,TEXAS,TX,2,0,2,39,190,ANDALUSIA,27,1,January,2010,4,Wednesday,17,19,1,13,8,26,29.12694722,-95.42486389,43,1,0,1,0,0,1,1
480194,TEXAS,TX,1,0,2,405,0,BROADDUS,29,1,January,2010,6,Friday,19,53,0,3,3,113,31.40198333,-94.18146389,42,2,0,10,0,0,1,0
480195,TEXAS,TX,1,0,1,113,1730,COTTONTON,4,2,February,2010,5,Thursday,8,55,0,16,5,0,32.78588611,-96.83583889,21,1,0,2,0,0,1,0
480196,TEXAS,TX,2,1,1,439,3347,ARLINGTON,5,2,February,2010,6,Friday,10,55,1,13,3,34,32.80933333,-97.19020833,8,1,0,98,0,0,1,0
480197,TEXAS,TX,1,0,2,201,3280,ANNETTE,6,2,February,2010,7,Saturday,3,12,0,16,5,0,29.86349722,-95.56388889,31,3,0,1,0,0,1,0
480198,TEXAS,TX,2,0,8,113,1730,COTTONTON,7,2,February,2010,1,Sunday,2,55,1,13,3,54,32.79342500,-96.68483611,12,3,0,10,0,0,1,1
480199,TEXAS,TX,2,0,1,245,490,AUGUSTA,10,2,February,2010,4,Wednesday,22,41,0,16,5,0,30.12547500,-94.13296111,14,3,0,10,0,0,1,0
480200,TEXAS,TX,2,0,1,201,0,ANNETTE,11,2,February,2010,5,Thursday,19,25,0,6,4,0,29.96589167,-95.40925556,12,2,0,10,0,0,1,0
480201,TEXAS,TX,1,0,1,503,0,ELIASVILLE,12,2,February,2010,6,Friday,23,31,0,3,3,39,33.20511111,-98.50656111,1,2,0,5,0,0,1,0
480202,TEXAS,TX,3,2,12,113,1730,COTTONTON,13,2,February,2010,7,Saturday,20,55,0,16,5,0,32.89523056,-96.87243611,12,3,0,10,0,0,1,1
480203,TEXAS,TX,2,0,5,471,3340,DODGE,14,2,February,2010,1,Sunday,14,29,1,13,3,162,30.74808611,-95.62789444,12,1,0,1,0,0,1,0
480204,TEXAS,TX,2,0,2,325,0,CASTROVILLE,17,2,February,2010,4,Wednesday,18,16,0,4,8,86,29.14066944,-98.99812778,12,1,0,10,0,0,1,0
480205,TEXAS,TX,1,0,1,265,0,CRAWFORDVILLE,20,2,February,2010,7,Saturday,1,0,0,5,8,106,30.15505833,-99.31437500,38,2,0,1,0,0,1,1
480206,TEXAS,TX,1,1,1,473,5234,BROOKSHIRE,23,2,February,2010,3,Tuesday,6,40,0,5,8,13,29.82817222,-95.99911389,8,2,0,10,0,0,1,0
480207,TEXAS,TX,1,0,1,91,0,DAYTON,25,2,February,2010,5,Thursday,23,40,0,6,4,0,29.73711944,-98.12461389,38,2,0,1,0,0,1,1
480208,TEXAS,TX,1,1,1,427,0,DELMITA,25,2,February,2010,5,Thursday,21,10,1,2,2,399,26.30959167,-98.64666944,8,2,0,1,0,0,1,0
480209,TEXAS,TX,3,0,4,113,1730,COTTONTON,27,2,February,2010,7,Saturday,18,34,1,13,8,86,32.87546667,-96.88420556,12,5,0,1,0,0,1,0
480210,TEXAS,TX,1,0,2,325,0,CASTROVILLE,27,2,February,2010,7,Saturday,14,1,0,6,4,0,29.21434444,-98.85331944,42,1,0,1,0,0,1,1
480211,TEXAS,TX,2,0,3,9,0,BLOUNT,28,2,February,2010,1,Sunday,3,30,1,2,2,54,33.75181111,-98.87100000,12,2,0,1,0,0,2,1
480212,TEXAS,TX,2,1,2,201,3280,ANNETTE,1,1,January,2010,6,Friday,5,25,1,11,1,375,29.77142500,-95.20102222,8,2,0,1,0,0,1,1
480213,TEXAS,TX,1,1,1,293,4540,EAST THOMASTON,5,1,January,2010,3,Tuesday,18,11,1,13,2,108,31.68428056,-96.47807778,8,5,0,1,0,0,1,0
480214,TEXAS,TX,1,1,2,379,0,EAST TAWAKONI,16,1,January,2010,7,Saturday,18,29,0,3,3,66,32.79730278,-95.79314167,8,2,0,10,0,0,1,0
480215,TEXAS,TX,2,0,2,251,1370,DOVER,18,1,January,2010,2,Monday,11,18,1,2,2,35,32.36089444,-97.44503889,12,1,0,1,0,0,1,0
480216,TEXAS,TX,2,0,3,201,0,ANNETTE,23,1,January,2010,7,Saturday,2,26,1,13,8,159,29.88011389,-95.58889722,12,2,0,10,0,0,1,1
480217,TEXAS,TX,2,0,2,113,2800,COTTONTON,5,2,February,2010,6,Friday,5,55,0,16,5,0,32.80009167,-97.02505000,12,3,0,10,0,0,1,0
480218,TEXAS,TX,2,1,1,181,6350,LINCOLN,7,2,February,2010,1,Sunday,4,2,1,13,2,183,33.67067500,-96.63177222,14,2,0,10,0,0,1,0
480219,TEXAS,TX,1,0,1,251,0,DOVER,7,2,February,2010,1,Sunday,22,0,0,5,8,21,32.32191944,-97.34770833,42,2,0,2,0,0,1,1
480220,TEXAS,TX,1,0,1,309,7210,ALAMO,10,2,February,2010,4,Wednesday,21,6,0,16,5,0,31.47521389,-97.22932500,59,2,0,10,0,0,1,0
480221,TEXAS,TX,1,0,10,475,0,BARSTOW,11,2,February,2010,5,Thursday,5,20,1,1,1,308,31.57279444,-102.90906389,24,2,0,10,0,0,1,0
480222,TEXAS,TX,2,0,2,479,3899,AGUILARES,13,2,February,2010,7,Saturday,19,24,1,11,7,29,27.53549167,-99.50246389,12,3,0,10,0,0,1,0
480223,TEXAS,TX,1,0,1,251,0,DOVER,16,2,February,2010,3,Tuesday,14,19,0,6,4,0,32.31409722,-97.19635278,10,1,0,1,0,0,1,0
480224,TEXAS,TX,2,0,2,53,4310,ATMORE,17,2,February,2010,4,Wednesday,7,38,0,3,2,334,30.56833611,-98.27570000,12,1,0,1,0,0,1,0
480225,TEXAS,TX,1,0,1,233,0,ARAGON,18,2,February,2010,5,Thursday,3,25,1,2,3,223,35.76749167,-101.42254444,1,2,0,1,0,0,1,0
480226,TEXAS,TX,1,0,1,245,5470,AUGUSTA,20,2,February,2010,7,Saturday,2,20,1,13,8,67,29.96496944,-93.92218611,10,2,0,1,0,0,1,1
480227,TEXAS,TX,1,0,2,189,5380,BONEVILLE,22,2,February,2010,2,Monday,18,17,1,11,1,298,34.21171944,-101.73421944,1,5,0,4,0,0,1,0
480228,TEXAS,TX,1,0,1,487,0,HARROLD,22,2,February,2010,2,Monday,21,0,1,2,3,299,34.07668611,-99.02080556,59,2,0,10,0,0,1,1
480229,TEXAS,TX,1,1,1,167,6860,ADRIAN,27,2,February,2010,7,Saturday,22,6,1,13,8,24,29.38389167,-94.93065000,8,3,0,1,0,0,1,0
480230,TEXAS,TX,2,0,9,21,0,CHILTON,28,2,February,2010,1,Sunday,16,20,1,2,2,194,30.21265000,-97.14395000,12,1,0,10,0,0,4,0
480231,TEXAS,TX,1,0,1,29,6090,BORDEN SPRINGS,20,1,January,2010,4,Wednesday,1,5,0,16,5,0,29.48485833,-98.41609167,1,3,0,10,0,0,1,1
480232,TEXAS,TX,2,1,2,29,6090,BORDEN SPRINGS,25,1,January,2010,2,Monday,3,45,1,11,1,121,29.28235000,-98.39583889,12,2,0,1,0,0,1,0
480233,TEXAS,TX,1,1,1,29,6090,BORDEN SPRINGS,28,1,January,2010,5,Thursday,23,3,1,13,8,69,29.39291944,-98.40460833,15,3,0,2,0,0,1,0
480234,TEXAS,TX,1,0,1,121,320,BON AIR,13,2,February,2010,7,Saturday,1,30,0,16,5,0,33.32107500,-96.91172222,42,2,0,5,0,0,1,1
480235,TEXAS,TX,1,0,1,439,6485,ARLINGTON,28,2,February,2010,1,Sunday,1,8,0,16,5,0,32.96528611,-97.15961944,42,2,0,1,0,0,1,0
480236,TEXAS,TX,1,0,1,201,3280,ANNETTE,1,1,January,2010,6,Friday,11,50,0,16,5,0,29.74992222,-95.48043889,33,1,0,1,0,0,1,0
480237,TEXAS,TX,1,0,1,29,6090,BORDEN SPRINGS,2,1,January,2010,7,Saturday,9,7,1,12,3,70,29.43438333,-98.62888056,24,1,0,1,0,0,1,0
480238,TEXAS,TX,1,0,1,113,1730,COTTONTON,5,1,January,2010,3,Tuesday,13,0,0,16,5,0,32.97876667,-96.77313611,33,1,0,1,0,0,1,0
480239,TEXAS,TX,2,1,2,329,4560,MIDLAND,5,1,January,2010,3,Tuesday,18,50,0,14,8,25,32.00862222,-102.13918333,8,3,0,1,0,0,1,0
480240,TEXAS,TX,1,1,1,439,2850,ARLINGTON,11,1,January,2010,2,Monday,6,52,1,13,3,134,32.91954722,-97.11858333,8,2,0,1,0,0,1,0
480241,TEXAS,TX,4,0,8,113,1730,COTTONTON,14,1,January,2010,5,Thursday,16,45,1,13,8,278,32.85891667,-96.75279444,12,1,0,2,0,0,1,0
480242,TEXAS,TX,2,0,2,441,0,ABILENE,14,1,January,2010,5,Thursday,7,25,0,3,2,67,32.36934167,-99.85301944,12,1,0,10,0,0,1,0
480243,TEXAS,TX,1,0,5,27,3690,ASHLAND,17,1,January,2010,1,Sunday,1,45,1,12,8,83,31.09583056,-97.68903611,42,3,0,1,0,0,2,1
480244,TEXAS,TX,1,0,2,113,1730,COTTONTON,23,1,January,2010,7,Saturday,0,8,1,11,1,211,32.81460000,-96.86635833,1,3,0,1,0,0,2,1
480245,TEXAS,TX,1,1,1,409,5450,ARANSAS PASS,23,1,January,2010,7,Saturday,0,1,1,12,2,267,27.87758611,-97.32369722,8,2,0,1,0,0,1,1
480246,TEXAS,TX,3,0,5,147,6230,AUGUSTA,25,1,January,2010,2,Monday,8,29,1,2,2,22,33.61299722,-96.33826944,12,1,0,10,0,0,2,0
480247,TEXAS,TX,2,0,2,423,0,ARP,25,1,January,2010,2,Monday,10,30,0,4,8,49,32.46380833,-95.45802778,12,1,0,10,0,0,1,0
480248,TEXAS,TX,2,0,2,113,1730,COTTONTON,26,1,January,2010,3,Tuesday,18,38,1,13,3,112,32.71686667,-96.75620000,12,3,0,1,0,0,1,0
480249,TEXAS,TX,2,0,2,303,4140,DAVISBORO,26,1,January,2010,3,Tuesday,14,56,1,13,2,66,33.53014167,-101.82025556,12,1,0,1,0,0,1,0
480250,TEXAS,TX,2,0,3,439,4965,ARLINGTON,30,3,March,2010,3,Tuesday,12,9,1,13,8,72,32.83884722,-97.21426389,12,1,0,1,0,0,1,0
480251,TEXAS,TX,2,0,2,67,0,ABBEVILLE,5,2,February,2010,6,Friday,10,20,0,3,3,16,33.23738056,-94.35163611,12,1,0,1,0,0,1,0
480252,TEXAS,TX,2,0,3,399,400,BALLINGER,5,2,February,2010,6,Friday,10,39,1,2,2,11,31.72749167,-99.95817500,12,1,0,1,0,0,1,1
480253,TEXAS,TX,1,0,1,27,0,ASHLAND,6,2,February,2010,7,Saturday,0,14,0,4,8,214,31.19211111,-97.40464722,24,2,0,10,0,0,1,1
480254,TEXAS,TX,1,1,1,113,1730,COTTONTON,7,2,February,2010,1,Sunday,4,44,1,11,1,206,32.79082500,-96.79198056,8,3,0,10,0,0,1,0
480255,TEXAS,TX,1,1,1,201,3280,ANNETTE,11,2,February,2010,5,Thursday,6,30,0,16,5,0,29.68546389,-95.28166944,8,6,0,2,0,0,1,0
480256,TEXAS,TX,2,0,5,491,0,ANDERSON MILL,11,2,February,2010,5,Thursday,21,24,0,6,4,0,30.50071389,-97.58013889,12,2,0,3,0,0,1,0
480257,TEXAS,TX,1,0,2,29,6090,BORDEN SPRINGS,14,2,February,2010,1,Sunday,17,15,0,16,5,0,29.51051667,-98.54271667,5,1,0,10,0,0,1,0
480258,TEXAS,TX,2,0,2,201,3280,ANNETTE,15,2,February,2010,2,Monday,16,30,1,11,7,231,29.68956389,-95.33169444,12,1,0,10,0,0,1,0