ST_CASE,State Name,State Abbreviation,VE_TOTAL,Pedestrains,Total_Persons_in_accident,COUNTY,CITY,City_County_Name,Calendar_DAY,MONTH,Month_Name,YEAR,DAY_WEEK,Day_Week_desc,HOUR,MINUTE,NHS_Desc,trafficway,ROUTE,MILEPT,LATITUDE,LONGITUD,First_Crash_event,Light_cond_desc,Weather_condition,WEATHER,SCH_BUS,Crash_cause,FATALS,DRUNK_DR
480259,TEXAS,TX,1,1,1,479,3899,AGUILARES,18,2,February,2010,5,Thursday,22,13,0,16,5,0,27.52616111,-99.49281111,8,3,0,2,0,0,1,0
480260,TEXAS,TX,2,0,4,439,260,ARLINGTON,20,2,February,2010,7,Saturday,12,5,1,11,1,114,32.67761944,-97.06414444,12,1,0,10,0,0,2,1
480261,TEXAS,TX,1,0,1,245,5430,AUGUSTA,26,2,February,2010,6,Friday,3,11,0,16,5,0,29.91698333,-93.93318056,42,3,0,1,0,0,1,0
480262,TEXAS,TX,2,0,4,303,0,DAVISBORO,26,2,February,2010,6,Friday,14,3,1,13,2,191,33.62090833,-101.76580000,12,1,0,1,0,0,1,0
480263,TEXAS,TX,1,0,2,453,0,ANDERSON MILL,28,2,February,2010,1,Sunday,4,0,0,14,8,113,30.39308889,-97.87586667,52,2,0,1,0,0,1,1
480264,TEXAS,TX,1,0,2,153,0,BONAIRE,1,3,March,2010,2,Monday,11,51,0,4,8,179,33.91778611,-101.51362500,30,1,0,10,0,0,1,0
480265,TEXAS,TX,1,2,1,157,5760,ARCADE,1,3,March,2010,2,Monday,19,2,0,16,5,0,29.58170833,-95.77199444,8,3,0,2,0,0,1,0
480266,TEXAS,TX,1,0,1,201,0,ANNETTE,1,3,March,2010,2,Monday,6,40,0,6,4,0,30.02911389,-95.55990833,30,4,0,2,0,0,1,0
480267,TEXAS,TX,2,0,4,201,480,ANNETTE,2,3,March,2010,3,Tuesday,9,48,0,16,5,0,29.79096667,-94.97994722,12,1,0,1,0,0,1,0
480268,TEXAS,TX,1,0,3,113,1730,COTTONTON,3,3,March,2010,4,Wednesday,23,10,0,16,5,0,32.80275278,-96.87366944,33,3,0,1,0,0,1,1
480269,TEXAS,TX,1,0,1,113,1730,COTTONTON,4,3,March,2010,5,Thursday,4,55,0,16,5,0,32.72380278,-96.79733889,59,3,0,1,0,0,1,0
480270,TEXAS,TX,1,0,2,113,5730,COTTONTON,4,3,March,2010,5,Thursday,23,39,0,16,5,0,32.96308056,-96.74766667,42,3,0,1,0,0,1,1
480271,TEXAS,TX,2,0,2,157,6660,ARCADE,4,3,March,2010,5,Thursday,2,1,1,13,3,43,29.63390556,-95.65143611,12,3,0,1,0,0,1,0
480272,TEXAS,TX,1,0,1,263,0,BOX SPRINGS,4,3,March,2010,5,Thursday,12,10,0,4,3,246,33.08420556,-100.84719722,1,1,0,1,0,0,1,0
480273,TEXAS,TX,2,0,4,339,0,CONROE,4,3,March,2010,5,Thursday,14,17,1,2,3,9,30.32343333,-95.19632500,12,1,0,1,0,0,2,0
480274,TEXAS,TX,1,0,5,25,0,BARLOW BEND,5,3,March,2010,6,Friday,23,8,0,4,8,29,28.34518056,-97.75240000,35,2,0,1,0,0,2,0
480275,TEXAS,TX,1,0,2,113,3420,COTTONTON,5,3,March,2010,6,Friday,10,43,1,12,3,88,32.83623611,-96.90093889,19,1,0,1,0,0,1,0
480276,TEXAS,TX,2,0,3,329,4560,MIDLAND,5,3,March,2010,6,Friday,19,57,0,16,5,0,32.03564444,-102.11226667,12,3,0,1,0,0,1,1
480277,TEXAS,TX,1,0,2,339,6341,CONROE,5,3,March,2010,6,Friday,21,10,0,16,5,0,99.99990000,999.99990000,1,2,0,1,0,0,1,0
480278,TEXAS,TX,2,0,3,53,0,ATMORE,6,3,March,2010,7,Saturday,22,17,0,3,2,55,30.96059444,-98.21611667,12,2,0,1,0,0,2,0
480279,TEXAS,TX,1,0,1,73,0,ARGO,6,3,March,2010,7,Saturday,20,10,0,5,8,60,31.92234444,-95.18370556,1,2,0,1,0,0,1,1
480280,TEXAS,TX,1,1,2,113,1730,COTTONTON,6,3,March,2010,7,Saturday,20,34,1,11,1,211,32.81362778,-96.86538889,8,3,0,1,0,0,1,0
480281,TEXAS,TX,1,0,1,239,0,GEORGETOWN,6,3,March,2010,7,Saturday,0,41,0,4,8,5,28.82918611,-96.60804167,1,2,0,1,0,0,1,1
480282,TEXAS,TX,1,1,1,339,0,CONROE,6,3,March,2010,7,Saturday,9,48,0,4,8,262,30.16042222,-95.22927222,8,1,0,1,0,0,1,1
480283,TEXAS,TX,1,0,2,347,0,APPLEBY,6,3,March,2010,7,Saturday,18,47,0,6,4,0,31.78583889,-94.54648333,1,2,0,1,0,0,1,0
480284,TEXAS,TX,1,0,1,445,0,BROWNFIELD,6,3,March,2010,7,Saturday,0,21,0,6,4,0,33.16668889,-102.25949722,1,2,0,10,0,0,1,0
480285,TEXAS,TX,2,0,2,451,0,CARLSBAD,6,3,March,2010,7,Saturday,19,22,0,4,8,337,31.33354444,-100.33098889,12,2,0,10,0,0,1,0
480286,TEXAS,TX,1,2,1,453,330,ANDERSON MILL,6,3,March,2010,7,Saturday,7,25,0,16,5,0,30.21259167,-97.77870000,33,1,0,1,0,0,2,0
480287,TEXAS,TX,2,0,4,499,0,ALBA,6,3,March,2010,7,Saturday,19,54,0,4,8,16,32.93869167,-95.27107500,12,2,0,1,0,0,1,0
480288,TEXAS,TX,2,0,3,29,6090,BORDEN SPRINGS,7,3,March,2010,1,Sunday,0,10,1,12,8,121,29.60919444,-98.48913333,12,3,0,1,0,0,1,0
480289,TEXAS,TX,1,0,1,113,1730,COTTONTON,7,3,March,2010,1,Sunday,22,50,0,16,5,0,32.81600833,-96.75115833,41,3,0,10,0,0,1,1
480290,TEXAS,TX,1,0,1,215,0,BIBB CITY,7,3,March,2010,1,Sunday,6,30,0,3,3,226,26.29379444,-98.11600556,1,2,0,2,0,0,1,1
480291,TEXAS,TX,2,0,3,113,4530,COTTONTON,8,3,March,2010,2,Monday,1,53,1,11,1,223,32.80487778,-96.66568611,12,3,0,2,0,0,1,1
480292,TEXAS,TX,1,0,1,201,0,ANNETTE,8,3,March,2010,2,Monday,12,36,0,6,4,0,30.00146111,-95.45910556,33,1,0,2,0,0,1,0
480293,TEXAS,TX,2,0,3,113,1730,COTTONTON,9,3,March,2010,3,Tuesday,7,0,1,11,1,94,32.76692778,-96.87419722,12,1,0,1,0,0,1,0
480294,TEXAS,TX,1,0,1,139,4570,CALION,9,3,March,2010,3,Tuesday,5,28,9,99,2,99999,32.46516389,-97.00298889,52,2,0,1,0,0,1,0
480295,TEXAS,TX,1,0,5,179,4240,ALLENHURST,9,3,March,2010,3,Tuesday,11,15,1,1,1,147,35.22679722,-100.59410278,1,1,0,1,0,0,2,0
480296,TEXAS,TX,1,0,1,201,0,ANNETTE,9,3,March,2010,3,Tuesday,17,5,1,12,2,206,29.91921944,-95.61799444,30,1,0,10,0,0,1,0
480297,TEXAS,TX,1,0,4,215,5330,BIBB CITY,10,3,March,2010,4,Wednesday,22,55,0,16,5,0,26.13873889,-98.21262222,1,2,0,1,0,0,1,0
480298,TEXAS,TX,2,0,2,319,0,ALLENTOWN,10,3,March,2010,4,Wednesday,10,15,0,6,4,0,30.89496944,-99.11626944,12,1,0,1,0,0,1,0
480299,TEXAS,TX,1,0,2,439,260,ARLINGTON,10,3,March,2010,4,Wednesday,17,12,0,16,5,0,32.65187778,-97.07977778,5,1,0,1,0,0,1,0
480300,TEXAS,TX,2,0,3,53,2834,ATMORE,11,3,March,2010,5,Thursday,15,53,0,4,8,78,30.59878333,-98.33053333,38,1,0,1,1,0,1,0
480301,TEXAS,TX,1,1,1,63,5370,BOLIGEE,11,3,March,2010,5,Thursday,19,4,0,16,5,0,33.00325000,-94.97093333,8,2,0,2,0,0,1,0
480302,TEXAS,TX,2,0,2,179,0,ALLENHURST,11,3,March,2010,5,Thursday,13,33,0,4,3,207,35.44940833,-100.81292222,12,1,0,10,0,0,1,1
480303,TEXAS,TX,1,2,1,183,3680,FORT STEWART,11,3,March,2010,5,Thursday,6,18,0,16,5,0,32.38398333,-94.88772500,8,4,0,1,0,0,1,0
480304,TEXAS,TX,1,0,1,439,4300,ARLINGTON,11,3,March,2010,5,Thursday,7,59,0,16,5,0,32.54886389,-97.06433333,10,1,0,1,0,0,1,0
480305,TEXAS,TX,1,0,1,29,6090,BORDEN SPRINGS,12,3,March,2010,6,Friday,4,33,1,13,8,108,29.47842778,-98.58888889,33,3,0,1,0,0,1,1
480306,TEXAS,TX,2,0,4,41,970,BRANTLEY,12,3,March,2010,6,Friday,17,44,0,3,3,69,30.65175833,-96.26821389,12,1,0,1,0,0,1,0
480307,TEXAS,TX,3,0,3,85,200,BENTON,12,3,March,2010,6,Friday,8,46,1,13,3,85,33.33060000,-96.48480833,12,1,0,1,0,0,1,0
480308,TEXAS,TX,2,0,2,293,0,EAST THOMASTON,12,3,March,2010,6,Friday,10,2,0,3,2,51,31.64941667,-96.79826944,12,1,0,1,0,0,1,0
480309,TEXAS,TX,2,0,2,485,0,BURKBURNETT,12,3,March,2010,6,Friday,22,25,1,2,2,147,33.96635556,-98.72286667,14,2,0,1,0,0,1,0
480310,TEXAS,TX,2,0,2,215,5330,BIBB CITY,13,3,March,2010,7,Saturday,9,55,1,2,2,41,26.09692222,-98.21800833,12,1,0,1,0,0,1,0
480311,TEXAS,TX,1,0,1,309,0,ALAMO,13,3,March,2010,7,Saturday,19,52,0,4,8,64,31.68870278,-97.19838056,1,2,0,1,0,0,1,1
480312,TEXAS,TX,2,0,3,499,0,ALBA,13,3,March,2010,7,Saturday,9,27,0,5,8,41,32.92422778,-95.24376111,12,1,0,1,0,0,1,0
480313,TEXAS,TX,2,0,2,85,4445,BENTON,14,3,March,2010,1,Sunday,19,56,0,4,8,56,33.29302222,-96.50283056,1,2,0,1,0,0,1,0
480314,TEXAS,TX,1,0,1,113,1730,COTTONTON,14,3,March,2010,1,Sunday,21,0,0,16,5,0,32.66230000,-96.73934722,38,2,0,1,0,0,1,1
480315,TEXAS,TX,1,0,1,453,0,ANDERSON MILL,14,3,March,2010,1,Sunday,0,25,9,99,8,99999,30.51683333,-97.92109444,42,2,0,1,0,0,1,1
480316,TEXAS,TX,2,0,4,201,0,ANNETTE,15,3,March,2010,2,Monday,1,0,1,12,2,182,29.97417500,-95.70168889,12,3,0,1,0,0,2,0
480317,TEXAS,TX,1,0,1,201,0,ANNETTE,16,3,March,2010,3,Tuesday,23,57,0,3,3,51,30.06166667,-95.61864722,30,2,0,1,0,0,1,1
480319,TEXAS,TX,1,0,1,29,6090,BORDEN SPRINGS,18,3,March,2010,5,Thursday,1,0,0,16,5,0,29.58275556,-98.38592500,33,3,0,1,0,0,1,1
480320,TEXAS,TX,1,0,2,179,0,ALLENHURST,18,3,March,2010,5,Thursday,17,15,1,1,1,112,35.22283333,-100.65373333,1,1,0,1,0,0,1,1
480321,TEXAS,TX,1,0,1,203,0,BENSON,19,3,March,2010,6,Friday,19,10,0,4,8,56,32.49115833,-94.29308056,35,1,0,1,0,0,1,1
480322,TEXAS,TX,2,0,3,365,0,BECKVILLE,19,3,March,2010,6,Friday,21,59,0,3,2,55,32.16042778,-94.41418611,12,2,0,1,0,0,1,0
480323,TEXAS,TX,1,0,1,201,0,ANNETTE,20,3,March,2010,7,Saturday,3,22,0,6,4,0,29.92905278,-95.20365833,42,2,0,1,0,0,1,1
480324,TEXAS,TX,2,0,2,245,0,AUGUSTA,20,3,March,2010,7,Saturday,0,7,1,1,1,33,29.89268889,-94.31644722,12,2,0,1,0,0,1,0
480325,TEXAS,TX,1,0,1,453,330,ANDERSON MILL,20,3,March,2010,7,Saturday,3,12,1,13,8,12,30.39264444,-97.84016111,42,2,0,10,0,0,1,1
480326,TEXAS,TX,3,0,3,113,387,COTTONTON,21,3,March,2010,1,Sunday,8,21,1,11,1,13,32.71921111,-96.61666389,12,1,0,4,0,0,1,0
480327,TEXAS,TX,1,0,1,453,330,ANDERSON MILL,22,3,March,2010,2,Monday,6,4,0,16,5,0,30.36289167,-97.66835833,30,2,0,1,0,0,1,1
480328,TEXAS,TX,2,0,2,423,7070,ARP,23,3,March,2010,3,Tuesday,17,39,1,13,2,21,32.32068333,-95.30068333,12,1,0,1,0,0,1,0
480329,TEXAS,TX,3,0,3,61,940,BELLWOOD,25,3,March,2010,5,Thursday,12,42,1,13,8,18,25.93204444,-97.51065833,12,1,0,1,0,0,1,0
480330,TEXAS,TX,2,0,2,245,0,AUGUSTA,26,3,March,2010,6,Friday,21,39,1,12,3,320,29.94098333,-93.89314722,12,2,0,1,0,0,1,1
480331,TEXAS,TX,1,1,1,201,0,ANNETTE,30,3,March,2010,3,Tuesday,20,10,0,6,4,0,29.88916111,-95.39968333,8,2,0,1,0,0,1,0
480332,TEXAS,TX,2,0,3,201,0,ANNETTE,1,1,January,2010,6,Friday,1,14,0,6,4,0,29.90197222,-95.43239722,12,2,0,1,0,0,1,2
480333,TEXAS,TX,1,0,1,339,0,CONROE,30,1,January,2010,7,Saturday,0,0,0,6,4,0,30.20539722,-95.30716944,38,2,0,1,0,0,1,1
480334,TEXAS,TX,2,0,2,439,6060,ARLINGTON,30,1,January,2010,7,Saturday,18,42,0,16,5,0,32.84795000,-97.37488333,12,1,0,1,0,0,1,0
480335,TEXAS,TX,2,0,2,439,0,ARLINGTON,1,2,February,2010,2,Monday,2,8,0,4,8,15,32.98584444,-97.45130556,12,2,0,10,0,0,1,1
480336,TEXAS,TX,3,0,5,277,710,BROOKFIELD,5,2,February,2010,6,Friday,19,25,1,2,2,172,33.66140556,-95.40218333,12,2,0,1,0,0,1,0
480337,TEXAS,TX,1,0,1,119,0,BELLAMY,7,2,February,2010,1,Sunday,0,46,0,5,8,20,33.34725278,-95.69239722,42,2,0,10,0,0,1,1
480338,TEXAS,TX,2,0,2,85,0,BENTON,13,2,February,2010,7,Saturday,17,45,0,5,8,80,33.22276389,-96.54692500,12,1,0,1,0,0,1,2
480339,TEXAS,TX,1,1,1,147,0,AUGUSTA,15,2,February,2010,2,Monday,6,35,0,4,8,9,33.62431944,-96.16682222,8,2,0,1,1,0,1,0
480340,TEXAS,TX,1,1,1,61,3030,BELLWOOD,3,3,March,2010,4,Wednesday,22,58,1,13,8,114,26.20273056,-97.68377500,8,2,0,1,0,0,1,0
480341,TEXAS,TX,1,1,3,453,330,ANDERSON MILL,4,3,March,2010,5,Thursday,19,36,0,16,5,0,30.32710000,-97.69174722,8,3,0,1,0,0,1,0
480342,TEXAS,TX,2,0,5,215,0,BIBB CITY,7,3,March,2010,1,Sunday,3,12,0,5,8,23,26.26358056,-98.07261389,12,2,0,1,0,0,1,0
480343,TEXAS,TX,2,0,2,15,0,ANNISTON,11,3,March,2010,5,Thursday,7,4,1,2,3,35,29.82888889,-96.16721389,12,1,0,5,0,0,1,1
480344,TEXAS,TX,1,1,1,61,940,BELLWOOD,12,3,March,2010,6,Friday,7,49,0,16,5,0,25.93495278,-97.47271111,8,1,0,1,0,0,1,0
480345,TEXAS,TX,1,0,3,291,0,BLAIRSVILLE,12,3,March,2010,6,Friday,3,11,0,6,4,0,30.23702778,-94.73912222,42,2,0,1,0,0,2,0
480346,TEXAS,TX,2,0,2,481,0,BOLING,13,3,March,2010,7,Saturday,19,46,1,2,2,281,29.40513889,-96.06586944,12,2,0,1,0,0,1,0
480347,TEXAS,TX,1,0,1,249,0,ELLAVILLE,14,3,March,2010,1,Sunday,4,0,0,4,8,18,27.78640278,-98.05767778,52,6,0,1,0,0,1,1
480348,TEXAS,TX,2,0,2,265,0,CRAWFORDVILLE,14,3,March,2010,1,Sunday,12,10,0,6,4,0,30.08773611,-98.96145278,1,1,0,1,0,0,1,0
480349,TEXAS,TX,2,0,4,15,0,ANNISTON,16,3,March,2010,3,Tuesday,17,35,0,4,3,2,29.97839444,-96.57428611,12,1,0,2,0,0,3,0
480350,TEXAS,TX,2,0,5,41,1440,BRANTLEY,17,3,March,2010,4,Wednesday,14,36,0,13,8,100,30.65057500,-96.29544444,12,1,0,1,0,0,1,0
480352,TEXAS,TX,2,0,2,183,0,FORT STEWART,18,3,March,2010,5,Thursday,18,37,0,3,3,318,32.37731667,-94.63219722,12,1,0,1,0,0,1,0
480353,TEXAS,TX,1,0,3,61,0,BELLWOOD,20,3,March,2010,7,Saturday,12,20,0,4,8,157,26.13078333,-97.39727500,1,1,0,2,0,0,1,1
480354,TEXAS,TX,1,0,1,157,0,ARCADE,21,3,March,2010,1,Sunday,8,46,0,6,4,0,29.75437500,-95.83490833,38,9,0,99,0,0,1,1
480355,TEXAS,TX,1,0,1,321,0,BRIDGEBORO,22,3,March,2010,2,Monday,21,0,0,4,8,18,28.83595278,-95.86824444,38,2,0,1,0,0,1,1
480356,TEXAS,TX,1,0,1,365,0,BECKVILLE,24,3,March,2010,4,Wednesday,21,15,0,5,8,23,32.17009167,-94.50963056,24,2,0,2,0,0,1,0
480357,TEXAS,TX,2,0,2,421,0,SHERMAN,24,3,March,2010,4,Wednesday,6,36,1,2,2,21,36.35780278,-102.02960000,12,2,0,10,0,0,1,0
480358,TEXAS,TX,2,0,2,309,0,ALAMO,25,3,March,2010,5,Thursday,21,40,0,4,8,51,31.75889722,-97.15566111,12,2,0,1,0,0,1,1
480359,TEXAS,TX,1,0,1,321,0,BRIDGEBORO,26,3,March,2010,6,Friday,1,34,0,6,4,0,29.01309444,-95.90519444,38,2,0,1,0,0,1,1
480360,TEXAS,TX,1,0,1,459,0,BETTIE,27,3,March,2010,7,Saturday,7,25,0,6,4,0,32.57338056,-94.88538611,30,1,0,1,0,0,1,0
480361,TEXAS,TX,1,0,1,309,0,ALAMO,28,3,March,2010,1,Sunday,19,47,0,4,8,59,31.63219167,-96.88490833,43,1,0,1,0,0,1,1
480362,TEXAS,TX,2,0,4,361,0,BRIDGE CITY,28,3,March,2010,1,Sunday,13,5,0,3,8,41,30.18072778,-94.02421389,12,1,0,1,0,0,1,0
480363,TEXAS,TX,1,0,1,337,0,BELCHERVILLE,29,3,March,2010,2,Monday,5,30,0,4,8,131,33.44220278,-97.92174444,11,2,0,1,0,0,1,0
480364,TEXAS,TX,2,0,2,113,1730,COTTONTON,30,3,March,2010,3,Tuesday,2,15,0,16,5,0,32.88116389,-96.89036667,12,2,0,1,0,0,1,1
480365,TEXAS,TX,2,0,3,237,0,EATONTON,30,3,March,2010,3,Tuesday,14,11,0,3,2,380,33.13636667,-98.07894167,12,1,0,1,0,0,2,0
480366,TEXAS,TX,2,0,3,373,0,ACE,31,3,March,2010,4,Wednesday,15,25,0,3,3,54,30.65198056,-94.87754444,12,1,0,1,0,0,1,0
480367,TEXAS,TX,1,0,1,201,0,ANNETTE,1,1,January,2010,6,Friday,4,8,0,6,4,0,29.93739444,-95.48194722,39,3,0,1,0,0,1,1
480368,TEXAS,TX,4,0,8,121,2395,BON AIR,5,1,January,2010,3,Tuesday,16,7,1,13,2,75,33.07103056,-97.20185833,12,1,0,1,0,0,1,0
480369,TEXAS,TX,1,1,2,135,5030,ASH FLAT,9,1,January,2010,7,Saturday,18,43,0,14,8,15,31.84702778,-102.39121389,8,2,0,1,0,0,1,0
480370,TEXAS,TX,2,0,2,201,3280,ANNETTE,12,1,January,2010,3,Tuesday,14,47,0,16,5,0,29.68693889,-95.38071944,12,1,0,1,0,0,1,0
480371,TEXAS,TX,2,0,5,185,0,ANAKTUVUK PASS,13,1,January,2010,4,Wednesday,18,10,0,4,3,57,30.35290833,-95.99265833,12,2,0,1,0,0,1,0
480372,TEXAS,TX,1,1,1,485,7490,BURKBURNETT,16,1,January,2010,7,Saturday,6,13,0,16,5,0,33.88441111,-98.56082500,8,3,0,2,0,0,1,0
480373,TEXAS,TX,1,1,2,201,3280,ANNETTE,17,1,January,2010,1,Sunday,16,45,0,16,5,0,29.67054167,-95.33717222,8,1,0,1,0,0,1,0
480374,TEXAS,TX,2,0,4,395,0,BREMOND,20,1,January,2010,4,Wednesday,18,58,1,2,2,25,30.84873611,-96.61707222,12,2,0,1,0,0,1,1
480375,TEXAS,TX,2,0,5,355,1550,AGUA DULCE,22,1,January,2010,6,Friday,21,28,1,12,2,15,27.83876667,-97.37741111,12,3,0,10,0,0,1,1
480376,TEXAS,TX,2,0,2,201,3280,ANNETTE,6,2,February,2010,7,Saturday,2,20,1,12,2,57,29.77708333,-95.34025556,12,3,0,1,0,0,1,1
480377,TEXAS,TX,1,0,1,449,0,COOKVILLE,16,2,February,2010,3,Tuesday,14,58,1,1,7,20,33.16023611,-95.09106944,52,1,0,1,0,0,1,1
480378,TEXAS,TX,2,0,2,73,3470,ARGO,19,2,February,2010,6,Friday,22,40,1,13,2,54,31.97016111,-95.22858611,12,3,0,1,0,0,1,1
480379,TEXAS,TX,1,0,6,47,0,BROWNS,6,3,March,2010,7,Saturday,6,15,0,4,8,141,26.85018611,-98.32265833,1,4,0,2,0,0,1,0
480380,TEXAS,TX,2,0,3,453,330,ANDERSON MILL,7,3,March,2010,1,Sunday,22,15,1,13,8,82,30.34257500,-97.76288056,12,3,0,2,0,0,1,0
480381,TEXAS,TX,2,0,3,133,0,ARLEY,8,3,March,2010,2,Monday,11,0,1,1,1,243,32.43215278,-98.71236111,12,1,0,10,0,0,1,0
480382,TEXAS,TX,2,0,3,251,0,DOVER,10,3,March,2010,4,Wednesday,15,41,1,2,2,41,32.30574167,-97.54814444,12,1,0,1,0,0,1,0
480384,TEXAS,TX,2,0,7,55,0,ATTALLA,17,3,March,2010,4,Wednesday,9,49,1,2,2,204,29.74987500,-97.65460556,12,1,0,1,0,0,2,0
480385,TEXAS,TX,2,0,3,67,310,ABBEVILLE,18,3,March,2010,5,Thursday,16,9,1,13,2,130,33.11806389,-94.18109167,12,1,0,1,0,0,2,0
480386,TEXAS,TX,1,0,1,13,0,BOLLING,20,3,March,2010,7,Saturday,3,0,0,5,8,33,29.07245000,-98.53575556,1,2,0,2,0,0,1,0
480387,TEXAS,TX,2,0,4,109,0,ANSLEY,20,3,March,2010,7,Saturday,8,30,1,1,1,86,31.06539722,-104.24758333,12,1,0,4,0,0,2,0
480388,TEXAS,TX,2,0,3,423,0,ARP,20,3,March,2010,7,Saturday,11,5,1,13,3,69,32.25571667,-95.23744167,12,1,0,2,0,0,1,0
480389,TEXAS,TX,1,0,3,215,0,BIBB CITY,21,3,March,2010,1,Sunday,10,45,0,6,4,0,26.26578056,-98.37349722,1,1,0,1,0,0,1,0
480391,TEXAS,TX,2,0,2,221,0,ARNOLDSVILLE,25,3,March,2010,5,Thursday,6,55,1,2,2,93,32.41713889,-97.85985833,12,4,0,1,0,0,1,0
480392,TEXAS,TX,1,0,1,143,0,CANEHILL,26,3,March,2010,6,Friday,3,30,1,2,2,165,32.20147222,-98.15322778,38,2,0,1,0,0,1,1
480393,TEXAS,TX,1,0,1,339,0,CONROE,28,3,March,2010,1,Sunday,2,0,0,6,4,0,30.35787778,-95.28470278,38,2,0,1,0,0,1,1
480394,TEXAS,TX,1,0,1,31,0,COFFEE,30,3,March,2010,3,Tuesday,7,39,0,4,8,111,30.14542500,-98.26051667,35,2,0,1,0,0,1,0
480395,TEXAS,TX,1,1,1,215,0,BIBB CITY,31,3,March,2010,4,Wednesday,21,3,0,14,8,206,26.32580556,-98.38005278,9,2,0,1,0,0,1,0
480396,TEXAS,TX,2,0,5,273,3700,BRONWOOD,1,1,January,2010,6,Friday,2,40,0,15,8,58,27.48872500,-97.86781944,1,2,0,1,0,0,2,1
480397,TEXAS,TX,1,1,2,201,3280,ANNETTE,31,1,January,2010,1,Sunday,3,30,1,11,1,247,29.76360556,-95.37023333,8,3,0,1,0,0,1,0
480398,TEXAS,TX,3,0,6,91,1012,DAYTON,6,2,February,2010,7,Saturday,11,28,0,3,3,27,29.80639167,-98.51127222,12,1,0,1,0,0,1,0
480399,TEXAS,TX,2,0,3,257,0,AVALON,11,2,February,2010,5,Thursday,14,35,0,4,8,16,32.78276389,-96.39962222,12,1,8,4,0,0,1,0
480400,TEXAS,TX,1,0,2,223,0,BRASWELL,19,2,February,2010,6,Friday,21,15,0,6,4,0,33.12301389,-95.39512500,35,2,0,10,0,0,1,1
480401,TEXAS,TX,1,0,1,449,0,COOKVILLE,26,2,February,2010,6,Friday,23,23,0,3,8,127,33.22806111,-94.94620833,1,2,0,2,0,0,1,1
480402,TEXAS,TX,2,0,3,157,0,ARCADE,28,2,February,2010,1,Sunday,17,35,0,6,4,0,99.99990000,999.99990000,12,1,0,1,0,0,1,0
480403,TEXAS,TX,1,0,2,201,0,ANNETTE,10,3,March,2010,4,Wednesday,3,40,0,16,5,0,29.88188056,-95.61233889,33,3,0,10,0,0,1,1
480404,TEXAS,TX,2,0,3,201,3280,ANNETTE,14,3,March,2010,1,Sunday,3,23,0,16,5,0,29.72555278,-95.27869444,12,3,0,1,0,0,2,1
480405,TEXAS,TX,2,0,4,303,4140,DAVISBORO,17,3,March,2010,4,Wednesday,13,56,1,12,2,185,33.59726667,-101.80973333,12,1,0,1,0,0,1,0
480406,TEXAS,TX,1,0,1,61,0,BELLWOOD,25,3,March,2010,5,Thursday,22,0,0,6,4,0,26.23445556,-97.80698889,1,2,0,1,0,0,1,1
480407,TEXAS,TX,1,0,1,157,3280,ARCADE,26,3,March,2010,6,Friday,6,50,0,16,5,0,29.59658611,-95.47531111,42,6,0,1,0,0,1,1
480408,TEXAS,TX,1,0,1,385,0,CAMP WOOD,27,3,March,2010,7,Saturday,12,30,0,4,8,323,29.74056944,-99.61112778,24,1,0,1,0,0,1,0
480409,TEXAS,TX,1,0,1,407,0,COLDSPRING,27,3,March,2010,7,Saturday,10,3,0,4,8,21,30.49696111,-94.97187222,42,1,0,1,0,0,1,0
480410,TEXAS,TX,2,0,5,19,0,CEDAR BLUFF,28,3,March,2010,1,Sunday,12,57,0,4,8,85,29.67658889,-99.39463333,12,1,0,1,0,0,1,0
480411,TEXAS,TX,3,0,4,367,0,ALEDO,28,3,March,2010,1,Sunday,10,35,0,4,3,126,32.62748889,-97.69430278,12,1,0,1,0,0,1,0
480412,TEXAS,TX,1,1,2,143,0,CANEHILL,31,3,March,2010,4,Wednesday,20,56,0,4,8,20,32.27790833,-98.29988611,8,2,0,1,0,0,1,0
480413,TEXAS,TX,2,0,4,135,0,ASH FLAT,7,1,January,2010,5,Thursday,15,5,0,14,8,85,31.85922222,-102.42221111,12,1,0,1,0,0,1,0
480414,TEXAS,TX,2,0,2,389,0,BALMORHEA,14,1,January,2010,5,Thursday,9,9,1,1,1,531,31.41500833,-103.41416667,12,1,0,5,0,0,1,0
480415,TEXAS,TX,1,1,2,245,490,AUGUSTA,30,1,January,2010,7,Saturday,21,5,0,16,5,0,30.12562778,-94.12202222,33,3,0,10,0,0,1,1
480416,TEXAS,TX,1,0,1,3,0,BALDWIN,1,2,February,2010,2,Monday,9,13,0,4,8,65,32.47861389,-102.81503611,1,1,0,1,0,0,1,0
480417,TEXAS,TX,2,0,8,167,2570,ADRIAN,6,2,February,2010,7,Saturday,2,26,1,13,3,59,29.29158056,-94.82405833,12,3,0,1,0,0,1,0
480418,TEXAS,TX,2,0,2,61,940,BELLWOOD,7,2,February,2010,1,Sunday,16,58,0,14,8,151,25.88788889,-97.41785278,12,1,0,1,0,0,1,0
480419,TEXAS,TX,2,0,5,329,0,MIDLAND,12,2,February,2010,6,Friday,17,5,1,13,3,112,31.94311389,-102.06460833,12,1,0,1,0,0,1,0
480420,TEXAS,TX,1,0,2,3,0,BALDWIN,14,2,February,2010,1,Sunday,13,10,0,3,3,10,32.42824167,-103.06615556,1,1,0,10,0,0,1,0
480421,TEXAS,TX,1,0,1,165,0,HERNDON,14,2,February,2010,1,Sunday,16,55,0,4,3,96,32.94420556,-102.65985278,1,1,0,1,0,0,1,0