ST_CASE,State Name,State Abbreviation,VE_TOTAL,Pedestrains,Total_Persons_in_accident,COUNTY,CITY,City_County_Name,Calendar_DAY,MONTH,Month_Name,YEAR,DAY_WEEK,Day_Week_desc,HOUR,MINUTE,NHS_Desc,trafficway,ROUTE,MILEPT,LATITUDE,LONGITUD,First_Crash_event,Light_cond_desc,Weather_condition,WEATHER,SCH_BUS,Crash_cause,FATALS,DRUNK_DR
480422,TEXAS,TX,1,0,2,291,0,BLAIRSVILLE,16,2,February,2010,3,Tuesday,14,0,0,6,4,0,29.99057778,-94.74444167,1,1,0,1,0,0,1,0
480423,TEXAS,TX,1,0,1,135,0,ASH FLAT,19,2,February,2010,6,Friday,1,30,0,6,4,0,31.87522500,-102.49613611,38,2,0,1,0,0,1,1
480424,TEXAS,TX,2,0,2,291,9997,BLAIRSVILLE,10,3,March,2010,4,Wednesday,5,2,0,3,3,5,29.89873333,-94.89661667,12,2,0,5,0,0,1,0
480425,TEXAS,TX,2,0,2,201,0,ANNETTE,15,3,March,2010,2,Monday,14,35,0,4,8,83,30.06123056,-95.08883333,12,1,0,1,0,0,1,0
480427,TEXAS,TX,1,0,1,27,0,ASHLAND,18,3,March,2010,5,Thursday,18,10,0,6,4,0,31.04306111,-97.34393056,30,1,0,1,0,0,1,0
480428,TEXAS,TX,1,0,1,135,5030,ASH FLAT,18,3,March,2010,5,Thursday,3,0,1,12,3,19,31.87842500,-102.40309722,30,3,0,1,0,0,1,0
480429,TEXAS,TX,2,0,2,439,0,ARLINGTON,20,3,March,2010,7,Saturday,2,10,0,13,8,15,32.59100833,-97.50941389,12,2,0,10,0,0,1,1
480430,TEXAS,TX,3,0,3,453,330,ANDERSON MILL,22,3,March,2010,2,Monday,17,26,0,13,8,59,30.35521389,-97.78286944,12,1,0,1,0,0,1,0
480431,TEXAS,TX,2,0,4,423,0,ARP,27,3,March,2010,7,Saturday,4,18,1,1,1,295,32.43787778,-95.09983333,12,2,0,1,0,0,3,1
480432,TEXAS,TX,1,0,1,65,0,CYPRESS,28,3,March,2010,1,Sunday,0,38,0,6,4,0,35.29626944,-101.45254444,1,2,0,10,0,0,1,0
480433,TEXAS,TX,1,1,1,481,2130,BOLING,29,3,March,2010,2,Monday,16,24,0,16,5,0,29.18476667,-96.26103333,9,1,0,10,0,0,1,0
480434,TEXAS,TX,2,0,2,15,0,ANNISTON,1,4,April,2010,5,Thursday,12,25,1,2,3,30,29.65330833,-96.10281389,12,1,0,1,0,0,1,0
480435,TEXAS,TX,1,0,2,113,3880,COTTONTON,1,4,April,2010,5,Thursday,1,39,1,11,7,152,32.64235556,-96.79779167,42,2,0,10,0,0,2,1
480436,TEXAS,TX,4,0,6,171,0,ALDORA,1,4,April,2010,5,Thursday,12,30,1,13,2,23,30.24424722,-98.84476389,12,1,0,1,0,0,1,0
480437,TEXAS,TX,2,0,5,213,0,CARTERS,1,4,April,2010,5,Thursday,23,0,0,5,8,71,32.30207778,-95.88593056,12,2,0,1,0,0,1,1
480438,TEXAS,TX,2,0,3,467,7510,BEN WHEELER,1,4,April,2010,5,Thursday,16,30,0,3,2,61,32.70033889,-95.97407222,12,1,0,1,0,0,1,0
480439,TEXAS,TX,2,0,2,61,940,BELLWOOD,2,4,April,2010,6,Friday,13,3,0,15,8,16,26.05233333,-97.52792500,12,1,0,1,0,0,1,0
480440,TEXAS,TX,1,0,4,131,580,ARLINGTON,2,4,April,2010,6,Friday,2,58,0,4,3,274,27.59944444,-98.40680278,1,2,0,1,0,0,1,1
480441,TEXAS,TX,2,0,2,347,0,APPLEBY,2,4,April,2010,6,Friday,14,46,0,3,3,389,31.50650278,-94.35301111,12,1,0,1,0,0,1,0
480442,TEXAS,TX,1,0,1,189,0,BONEVILLE,3,4,April,2010,7,Saturday,20,23,0,6,4,0,33.87465556,-101.99357222,1,5,0,1,0,0,1,1
480443,TEXAS,TX,1,0,1,473,0,BROOKSHIRE,3,4,April,2010,7,Saturday,22,50,0,6,4,0,29.98233333,-95.97364444,5,2,0,1,0,0,1,1
480444,TEXAS,TX,1,0,1,201,3280,ANNETTE,4,4,April,2010,1,Sunday,4,8,0,16,5,0,29.82636667,-95.49522500,34,3,0,10,0,0,1,1
480445,TEXAS,TX,1,0,3,215,5330,BIBB CITY,4,4,April,2010,1,Sunday,4,51,1,13,2,445,26.13039722,-98.19482500,46,3,0,10,0,0,1,1
480446,TEXAS,TX,1,0,4,217,0,COVINGTON,4,4,April,2010,1,Sunday,2,35,0,6,4,0,32.08862778,-97.04881389,42,2,0,1,0,0,1,1
480447,TEXAS,TX,1,0,1,309,0,ALAMO,4,4,April,2010,1,Sunday,19,55,0,6,4,0,31.37218056,-97.33762222,38,5,0,10,0,0,1,0
480448,TEXAS,TX,1,0,1,439,4300,ARLINGTON,4,4,April,2010,1,Sunday,10,49,9,99,3,99999,32.54522222,-97.08403611,1,1,0,10,0,0,1,0
480449,TEXAS,TX,2,0,3,491,5990,ANDERSON MILL,4,4,April,2010,1,Sunday,4,55,0,16,5,0,30.48439167,-97.65334444,12,3,0,10,0,0,2,2
480450,TEXAS,TX,1,0,2,321,0,BRIDGEBORO,5,4,April,2010,2,Monday,2,0,0,4,3,18,29.12558611,-95.98278611,1,2,0,1,0,0,2,0
480451,TEXAS,TX,2,0,3,373,0,ACE,5,4,April,2010,2,Monday,9,47,1,2,2,363,30.64814722,-94.94495278,12,1,0,1,0,0,2,1
480452,TEXAS,TX,1,0,2,409,0,ARANSAS PASS,5,4,April,2010,2,Monday,12,33,0,3,3,71,27.92804722,-97.21328333,35,1,0,1,0,0,2,0
480453,TEXAS,TX,2,0,3,55,0,ATTALLA,6,4,April,2010,3,Tuesday,22,45,0,3,3,44,29.71568056,-97.72455278,12,2,0,1,0,0,2,2
480454,TEXAS,TX,2,0,3,149,0,BELLEVILLE,6,4,April,2010,3,Tuesday,18,39,0,3,2,222,29.78826667,-96.90992222,12,1,0,1,0,0,2,0
480455,TEXAS,TX,1,0,8,409,0,ARANSAS PASS,6,4,April,2010,3,Tuesday,0,25,1,1,1,13,27.91455833,-97.63606111,1,3,0,10,0,0,1,0
480456,TEXAS,TX,1,0,1,453,330,ANDERSON MILL,6,4,April,2010,3,Tuesday,2,57,1,11,7,219,30.31814444,-97.70691944,24,2,0,1,0,0,1,1
480457,TEXAS,TX,1,1,1,459,2047,BETTIE,6,4,April,2010,3,Tuesday,11,53,1,2,3,210,32.60487778,-94.83425556,8,1,0,1,0,0,1,0
480458,TEXAS,TX,1,0,1,407,0,COLDSPRING,7,4,April,2010,4,Wednesday,22,5,0,3,8,60,30.48327222,-95.13616944,58,2,0,10,0,0,1,0
480459,TEXAS,TX,1,0,5,73,0,ARGO,8,4,April,2010,5,Thursday,22,14,0,4,8,28,31.75988056,-95.16702222,42,2,0,1,0,0,1,0
480460,TEXAS,TX,2,0,2,339,0,CONROE,8,4,April,2010,5,Thursday,10,14,1,12,7,124,30.11491667,-95.23377222,45,1,0,1,0,0,1,0
480461,TEXAS,TX,1,0,3,433,0,ASPERMONT,8,4,April,2010,5,Thursday,22,19,0,3,2,42,33.35439722,-100.23257500,1,2,0,1,0,0,1,0
480462,TEXAS,TX,1,1,1,139,7270,CALION,9,4,April,2010,6,Friday,2,26,1,11,1,293,32.49063611,-96.82647222,8,2,0,1,0,0,1,0
480463,TEXAS,TX,2,0,2,397,0,DALLAS,9,4,April,2010,6,Friday,11,36,0,4,3,46,32.89972222,-96.33991667,12,1,0,1,0,0,1,1
480464,TEXAS,TX,1,0,1,405,0,BROADDUS,9,4,April,2010,6,Friday,12,40,0,3,3,53,31.39974722,-94.18489444,1,1,0,1,0,0,1,0
480465,TEXAS,TX,1,0,2,1,5170,AUTAUGA,10,4,April,2010,7,Saturday,0,27,0,16,5,0,31.76238333,-95.64165000,33,3,0,1,0,0,1,1
480466,TEXAS,TX,2,0,2,113,1730,COTTONTON,10,4,April,2010,7,Saturday,9,55,0,16,5,0,32.72833611,-96.89153056,12,1,0,1,0,0,1,0
480467,TEXAS,TX,2,0,3,227,0,JASPER,10,4,April,2010,7,Saturday,7,20,0,3,3,41,32.30616389,-101.45000833,12,4,0,10,0,0,1,0
480468,TEXAS,TX,1,0,3,241,3480,CLAYTON,10,4,April,2010,7,Saturday,6,11,1,13,2,178,31.13834167,-93.98912222,24,2,0,1,0,0,1,1
480469,TEXAS,TX,1,0,2,403,0,BRONSON,10,4,April,2010,7,Saturday,23,4,9,99,9,99999,31.32143611,-93.69756389,42,2,0,1,0,0,1,1
480470,TEXAS,TX,3,0,5,13,0,BOLLING,11,4,April,2010,1,Sunday,3,5,0,4,2,41,29.08240833,-98.48314444,12,3,0,10,0,0,1,1
480471,TEXAS,TX,1,0,4,131,0,ARLINGTON,11,4,April,2010,1,Sunday,19,48,1,2,3,147,27.79459167,-98.37733333,38,2,0,2,0,0,1,0
480472,TEXAS,TX,2,0,4,225,0,BYRON,11,4,April,2010,1,Sunday,12,40,0,5,8,51,31.46090000,-95.59195556,12,1,0,1,0,0,1,0
480473,TEXAS,TX,2,0,2,273,0,BRONWOOD,11,4,April,2010,1,Sunday,16,40,0,3,3,113,27.28255278,-97.82835833,12,1,0,2,0,0,1,0
480474,TEXAS,TX,2,0,2,29,6090,BORDEN SPRINGS,12,4,April,2010,2,Monday,10,12,1,11,1,276,29.44634444,-98.43054722,12,1,0,10,0,0,1,0
480475,TEXAS,TX,2,0,4,337,0,BELCHERVILLE,13,4,April,2010,3,Tuesday,6,55,0,4,3,100,33.58575556,-97.80887500,12,1,0,1,0,0,1,0
480476,TEXAS,TX,2,0,3,29,6090,BORDEN SPRINGS,15,4,April,2010,5,Thursday,23,16,1,11,1,35,29.40213333,-98.45672222,12,3,0,10,0,0,1,1
480477,TEXAS,TX,1,0,1,215,5330,BIBB CITY,15,4,April,2010,5,Thursday,21,57,0,16,5,0,26.23978889,-98.17159167,38,3,0,1,0,0,1,0
480478,TEXAS,TX,1,1,4,481,0,BOLING,15,4,April,2010,5,Thursday,20,37,0,4,3,1,29.60060833,-96.09007222,8,2,0,1,0,0,1,0
480479,TEXAS,TX,1,0,2,113,1730,COTTONTON,16,4,April,2010,6,Friday,3,8,0,16,5,0,32.70665000,-96.87461389,24,3,0,1,0,0,2,1
480480,TEXAS,TX,3,0,5,201,0,ANNETTE,16,4,April,2010,6,Friday,21,50,1,13,8,264,29.99927778,-95.23878333,12,2,0,1,0,0,1,1
480481,TEXAS,TX,1,0,1,201,0,ANNETTE,17,4,April,2010,7,Saturday,21,0,0,16,5,0,29.99720556,-95.69848333,46,3,0,1,0,0,1,0
480482,TEXAS,TX,1,0,2,423,0,ARP,18,4,April,2010,1,Sunday,11,40,0,4,8,179,32.51444722,-95.42358056,42,1,0,2,0,0,1,0
480483,TEXAS,TX,1,0,1,53,892,ATMORE,19,4,April,2010,2,Monday,16,5,1,2,2,172,30.88351111,-97.92147222,59,1,0,10,0,0,1,0
480484,TEXAS,TX,1,0,1,365,0,BECKVILLE,19,4,April,2010,2,Monday,21,52,0,5,8,29,32.07426389,-94.56927500,38,2,0,1,0,0,1,0
480485,TEXAS,TX,1,0,1,361,7200,BRIDGE CITY,20,4,April,2010,3,Tuesday,11,20,1,11,1,72,30.13220278,-93.98327222,38,1,0,1,0,0,1,0
480486,TEXAS,TX,2,1,2,133,0,ARLEY,21,4,April,2010,4,Wednesday,0,20,1,1,1,126,32.49970000,-98.50582222,14,2,0,1,0,0,1,0
480487,TEXAS,TX,2,0,2,201,3280,ANNETTE,23,4,April,2010,6,Friday,4,16,1,11,1,6,29.78179167,-95.26385000,12,3,0,10,0,0,1,1
480488,TEXAS,TX,3,0,4,201,3280,ANNETTE,23,4,April,2010,6,Friday,8,0,0,16,5,0,29.81253611,-95.61717778,12,1,0,10,0,0,1,0
480489,TEXAS,TX,3,0,4,453,330,ANDERSON MILL,24,4,April,2010,7,Saturday,2,7,1,11,1,198,30.29262778,-97.72117778,12,3,0,2,0,0,1,1
480490,TEXAS,TX,2,0,2,37,6850,BRADFORD,26,4,April,2010,2,Monday,15,2,0,15,7,33,33.41179444,-94.09665556,12,1,0,1,0,0,1,0
480491,TEXAS,TX,1,0,1,201,0,ANNETTE,26,4,April,2010,2,Monday,8,5,1,13,3,60,30.04881389,-95.61281111,1,1,0,1,0,0,1,0
480492,TEXAS,TX,3,0,4,201,0,ANNETTE,27,4,April,2010,3,Tuesday,7,20,0,16,4,0,29.86335278,-95.17590833,12,1,0,10,0,0,1,0
480493,TEXAS,TX,2,0,3,201,3280,ANNETTE,1,1,January,2010,6,Friday,14,15,1,12,2,82,29.74786389,-95.36021389,14,1,0,1,0,0,1,0
480494,TEXAS,TX,1,0,1,113,6001,COTTONTON,11,1,January,2010,2,Monday,18,15,1,13,3,362,32.90983889,-96.53277778,33,5,0,1,0,0,1,1
480495,TEXAS,TX,2,0,2,39,190,ANDALUSIA,22,1,January,2010,6,Friday,17,53,0,3,3,268,29.23739167,-95.36785000,12,1,0,1,0,0,1,1
480497,TEXAS,TX,2,0,2,289,0,ALLENTOWN,12,2,February,2010,6,Friday,15,41,0,5,8,18,31.34324722,-95.82166944,12,1,0,10,0,0,1,0
480498,TEXAS,TX,1,1,1,181,0,LINCOLN,17,2,February,2010,4,Wednesday,5,45,0,4,8,42,33.43195278,-96.50813611,8,2,0,1,0,0,1,0
480499,TEXAS,TX,2,0,2,39,4017,ANDALUSIA,27,2,February,2010,7,Saturday,6,42,0,3,3,207,29.30845278,-95.30633889,12,1,0,1,0,0,2,2
480500,TEXAS,TX,1,0,2,39,6710,ANDALUSIA,27,2,February,2010,7,Saturday,15,20,0,4,8,58,29.03026944,-95.68326667,1,1,0,1,0,0,1,0
480501,TEXAS,TX,1,0,45,13,0,BOLLING,16,3,March,2010,3,Tuesday,9,50,1,1,1,138,28.78131389,-98.31287500,1,1,0,10,0,0,2,0
480502,TEXAS,TX,2,0,5,39,190,ANDALUSIA,19,3,March,2010,6,Friday,16,45,1,12,3,291,29.20477500,-95.45218056,14,1,0,1,0,0,1,0
480503,TEXAS,TX,1,0,5,491,0,ANDERSON MILL,19,3,March,2010,6,Friday,3,36,1,2,2,5,30.82600833,-97.89783889,1,2,0,1,0,0,1,0
480504,TEXAS,TX,2,0,4,347,4810,APPLEBY,26,3,March,2010,6,Friday,15,47,0,16,3,198,31.59741667,-94.63863889,12,1,0,1,0,0,1,1
480505,TEXAS,TX,1,0,1,293,0,EAST THOMASTON,28,3,March,2010,1,Sunday,10,9,0,6,4,0,31.52614722,-96.68831389,1,1,0,1,0,0,1,1
480506,TEXAS,TX,1,0,1,215,5330,BIBB CITY,29,3,March,2010,2,Monday,2,16,0,16,5,0,26.17346944,-98.18740833,1,6,0,1,0,0,1,0
480507,TEXAS,TX,3,0,3,339,6536,CONROE,29,3,March,2010,2,Monday,15,5,1,2,2,37,30.22576389,-95.16811111,12,1,0,1,0,0,1,0
480508,TEXAS,TX,1,0,1,215,0,BIBB CITY,31,3,March,2010,4,Wednesday,4,12,0,15,8,166,26.26825000,-98.03718611,32,3,0,1,0,0,1,1
480509,TEXAS,TX,1,0,2,35,0,BROOKLYN,1,4,April,2010,5,Thursday,16,21,0,6,4,0,31.81225556,-97.58494444,10,1,0,1,0,0,2,0
480510,TEXAS,TX,2,0,5,157,0,ARCADE,1,4,April,2010,5,Thursday,21,42,0,14,8,131,29.66284722,-95.68666944,12,2,0,2,0,0,1,0
480511,TEXAS,TX,1,0,2,113,1870,COTTONTON,3,4,April,2010,7,Saturday,12,34,1,11,7,20,32.57502500,-96.82283056,33,1,0,10,0,0,1,0
480512,TEXAS,TX,1,0,1,303,0,DAVISBORO,5,4,April,2010,2,Monday,3,20,0,4,8,29,33.69442222,-101.87064167,1,2,0,5,0,0,1,1
480513,TEXAS,TX,2,0,2,493,0,FLORESVILLE,9,4,April,2010,6,Friday,19,52,1,2,2,64,29.19971667,-98.20838333,12,1,0,1,0,0,1,0
480514,TEXAS,TX,2,0,2,385,0,CAMP WOOD,10,4,April,2010,7,Saturday,12,10,0,4,8,220,29.72253611,-99.74707500,12,1,0,1,0,0,1,0
480515,TEXAS,TX,2,0,3,339,0,CONROE,12,4,April,2010,2,Monday,16,5,0,6,4,0,30.24398611,-95.56555000,12,1,0,1,0,0,1,0
480516,TEXAS,TX,2,0,3,325,0,CASTROVILLE,16,4,April,2010,6,Friday,20,48,1,1,1,119,29.20724167,-98.81335278,12,2,0,10,0,0,1,0
480518,TEXAS,TX,1,0,2,201,0,ANNETTE,21,4,April,2010,4,Wednesday,4,5,0,6,4,0,29.94042778,-95.27972778,33,3,0,1,0,0,1,1
480519,TEXAS,TX,2,0,3,201,0,ANNETTE,23,4,April,2010,6,Friday,8,27,0,6,4,0,29.84873611,-95.60602500,12,1,0,10,0,0,1,0
480520,TEXAS,TX,2,0,2,113,1730,COTTONTON,24,4,April,2010,7,Saturday,8,45,0,16,5,0,32.95398889,-96.82229444,12,1,0,1,0,0,1,0
480521,TEXAS,TX,1,1,1,113,1730,COTTONTON,27,4,April,2010,3,Tuesday,20,53,0,16,5,0,32.87420000,-96.76276667,8,3,0,1,0,0,1,0
480522,TEXAS,TX,2,0,2,457,2475,CHESTER,28,4,April,2010,4,Wednesday,5,20,0,4,8,204,30.57598333,-94.17610833,12,2,0,1,0,0,1,0
480523,TEXAS,TX,1,0,6,121,1840,BON AIR,1,1,January,2010,6,Friday,23,56,1,13,8,6,33.23698333,-97.08987778,26,2,0,1,0,0,3,1
480524,TEXAS,TX,1,1,5,201,1790,ANNETTE,1,1,January,2010,6,Friday,18,31,0,16,5,0,29.68188333,-95.13420000,8,3,0,10,0,0,1,0
480525,TEXAS,TX,2,0,2,473,0,BROOKSHIRE,1,1,January,2010,6,Friday,18,20,0,6,4,0,29.81618333,-95.89345556,12,2,0,1,0,0,1,0
480526,TEXAS,TX,2,0,4,29,0,BORDEN SPRINGS,3,1,January,2010,1,Sunday,13,9,1,2,2,160,29.26664444,-98.30520278,12,1,0,10,0,0,1,1
480527,TEXAS,TX,3,0,3,157,3580,ARCADE,3,1,January,2010,1,Sunday,17,55,1,11,7,9,29.77704167,-95.84142222,12,9,0,1,0,0,1,1
480528,TEXAS,TX,1,0,1,303,6410,DAVISBORO,15,1,January,2010,6,Friday,3,32,1,13,2,335,33.46273889,-101.67563333,1,2,0,5,0,0,1,1
480529,TEXAS,TX,3,0,6,201,0,ANNETTE,17,1,January,2010,1,Sunday,9,50,0,6,4,0,29.91250000,-95.40405000,12,1,0,1,0,0,1,0
480530,TEXAS,TX,1,1,1,113,1730,COTTONTON,24,1,January,2010,1,Sunday,19,12,1,11,1,191,32.76734722,-96.77699722,8,3,0,1,0,0,1,0
480531,TEXAS,TX,1,0,4,215,0,BIBB CITY,1,2,February,2010,2,Monday,2,3,0,15,8,62,26.20537222,-98.08266389,34,3,0,1,0,0,1,1
480532,TEXAS,TX,1,1,1,7,0,BIBB,8,2,February,2010,2,Monday,13,30,0,4,3,1,28.02597222,-97.22395833,9,1,0,10,0,0,1,0
480533,TEXAS,TX,3,0,9,215,2110,BIBB CITY,12,2,February,2010,6,Friday,22,59,1,2,2,256,26.40601667,-98.13954167,12,3,0,1,0,0,3,0
480534,TEXAS,TX,2,0,3,201,3280,ANNETTE,14,2,February,2010,1,Sunday,5,50,1,11,1,383,29.95143333,-95.41788056,12,2,0,1,0,0,1,0
480535,TEXAS,TX,1,0,2,215,2110,BIBB CITY,18,2,February,2010,5,Thursday,21,45,1,12,2,321,26.31080833,-98.14643611,1,3,0,2,0,0,1,1
480536,TEXAS,TX,1,0,1,339,1510,CONROE,14,4,April,2010,4,Wednesday,20,20,1,11,1,153,30.32675000,-95.47546111,1,2,0,10,0,0,1,0
480537,TEXAS,TX,1,0,1,121,3960,BON AIR,21,2,February,2010,1,Sunday,11,50,1,11,1,67,33.04390833,-97.00755000,24,1,0,10,0,0,1,0
480538,TEXAS,TX,2,0,2,121,0,BON AIR,26,2,February,2010,6,Friday,3,28,1,2,2,40,33.23877778,-97.32364167,12,2,0,10,0,0,1,1
480539,TEXAS,TX,1,1,1,245,490,AUGUSTA,27,2,February,2010,7,Saturday,12,53,0,16,5,0,30.09337222,-94.14473056,9,1,0,1,0,0,1,0
480540,TEXAS,TX,1,0,3,97,0,AXIS,2,3,March,2010,3,Tuesday,17,32,1,1,1,215,33.72391111,-97.16161944,25,1,0,1,0,0,1,1
480541,TEXAS,TX,3,0,3,257,6830,AVALON,2,3,March,2010,3,Tuesday,1,41,1,12,8,37,32.71885278,-96.31462500,12,3,0,1,0,0,1,1
480542,TEXAS,TX,2,0,4,491,3360,ANDERSON MILL,3,3,March,2010,4,Wednesday,21,42,0,14,8,17,30.53030833,-97.56470833,12,2,0,1,0,0,1,0
480543,TEXAS,TX,1,1,1,223,6670,BRASWELL,5,3,March,2010,6,Friday,6,22,0,15,8,1,33.13734167,-95.57309722,9,4,0,1,0,0,1,0
480544,TEXAS,TX,2,0,2,453,330,ANDERSON MILL,12,3,March,2010,6,Friday,14,37,1,13,8,144,30.43507778,-97.84043889,12,1,0,1,0,0,1,0
480545,TEXAS,TX,1,0,4,201,3280,ANNETTE,13,3,March,2010,7,Saturday,6,0,1,12,7,123,29.68353056,-95.53366389,52,4,0,1,0,0,1,1
480546,TEXAS,TX,2,0,5,201,3280,ANNETTE,14,3,March,2010,1,Sunday,0,47,0,16,5,0,29.70392500,-95.50881667,12,3,0,1,0,0,1,0
480547,TEXAS,TX,1,1,1,291,0,BLAIRSVILLE,16,3,March,2010,3,Tuesday,17,20,0,6,4,0,29.95927500,-94.97114167,8,1,0,2,0,0,1,0
480548,TEXAS,TX,2,0,4,27,0,ASHLAND,17,3,March,2010,4,Wednesday,16,58,0,4,8,148,30.99633333,-97.53397778,12,1,0,10,0,0,3,0
480549,TEXAS,TX,2,0,3,29,1512,BORDEN SPRINGS,19,3,March,2010,6,Friday,13,32,1,12,8,418,29.52809444,-98.29754722,12,1,0,1,0,0,1,0
480550,TEXAS,TX,1,1,1,201,3280,ANNETTE,22,3,March,2010,2,Monday,21,20,0,16,5,0,29.82286667,-95.60799722,8,3,0,1,0,0,1,0
480551,TEXAS,TX,3,0,3,381,150,AMARILLO,23,3,March,2010,3,Tuesday,7,59,0,16,5,0,35.14665000,-101.89307500,12,1,0,1,0,0,1,0
480552,TEXAS,TX,1,1,1,113,5730,COTTONTON,24,3,March,2010,4,Wednesday,20,4,0,16,5,0,32.93996111,-96.76404444,8,3,0,2,0,0,1,0
480553,TEXAS,TX,1,0,2,245,490,AUGUSTA,30,3,March,2010,3,Tuesday,16,48,1,12,7,3,30.13612222,-94.17123611,33,1,0,1,0,0,1,1
480554,TEXAS,TX,1,0,2,375,150,AMARILLO,31,3,March,2010,4,Wednesday,1,41,1,11,7,204,35.19297778,-101.80680556,1,3,0,1,0,0,1,1
480555,TEXAS,TX,4,0,11,325,0,CASTROVILLE,1,4,April,2010,5,Thursday,17,0,0,4,3,68,29.17359722,-98.87832778,12,1,0,10,0,0,2,0
480556,TEXAS,TX,4,0,6,91,1012,DAYTON,2,4,April,2010,6,Friday,15,12,0,3,3,69,29.79817500,-98.42508333,12,1,0,10,0,0,1,0
480557,TEXAS,TX,1,0,1,201,3280,ANNETTE,2,4,April,2010,6,Friday,20,22,1,11,1,92,29.61125278,-95.21031667,23,3,0,2,0,0,1,1
480558,TEXAS,TX,1,1,1,303,4140,DAVISBORO,2,4,April,2010,6,Friday,5,6,1,13,2,70,33.52711389,-101.80901389,8,2,0,1,0,0,1,0
480559,TEXAS,TX,1,0,1,453,330,ANDERSON MILL,6,4,April,2010,3,Tuesday,0,54,1,13,8,2,30.44198333,-97.66591667,46,3,0,1,0,0,1,1
480560,TEXAS,TX,2,0,2,99,0,BEATRICE,7,4,April,2010,4,Wednesday,20,50,0,3,3,116,31.51076389,-97.76978056,12,2,0,1,0,0,1,1
480561,TEXAS,TX,1,0,2,29,6090,BORDEN SPRINGS,8,4,April,2010,5,Thursday,1,42,0,16,5,0,29.47665556,-98.49926667,30,3,0,1,0,0,1,1
480562,TEXAS,TX,1,1,1,25,0,BARLOW BEND,10,4,April,2010,7,Saturday,21,50,1,2,7,85,28.43990278,-97.74888056,8,2,0,10,0,0,1,0
480563,TEXAS,TX,1,0,2,113,4530,COTTONTON,11,4,April,2010,1,Sunday,19,16,1,13,3,77,32.76769444,-96.62196111,59,3,0,1,0,0,1,0
480564,TEXAS,TX,1,0,2,157,0,ARCADE,11,4,April,2010,1,Sunday,2,0,1,13,8,58,29.55770556,-95.69190556,42,2,0,1,0,0,2,1
480565,TEXAS,TX,3,0,6,265,3670,CRAWFORDVILLE,12,4,April,2010,2,Monday,15,37,1,13,3,29,30.01596944,-99.11912500,12,1,0,1,0,0,4,0
480566,TEXAS,TX,2,0,2,135,5030,ASH FLAT,15,4,April,2010,5,Thursday,10,47,1,13,2,5,31.83884167,-102.36278056,12,1,0,2,0,0,1,0
480567,TEXAS,TX,1,0,1,29,6090,BORDEN SPRINGS,16,4,April,2010,6,Friday,1,27,1,12,8,63,29.59020278,-98.60553056,34,3,0,2,0,0,1,1
480568,TEXAS,TX,4,0,5,251,1370,DOVER,16,4,April,2010,6,Friday,10,34,1,12,2,129,32.32909444,-97.43866389,12,1,0,10,0,0,1,0
480569,TEXAS,TX,1,0,1,37,6850,BRADFORD,17,4,April,2010,7,Saturday,23,34,0,16,5,0,33.49788889,-94.10255556,3,3,0,1,0,0,1,1
480570,TEXAS,TX,3,0,3,157,0,ARCADE,17,4,April,2010,7,Saturday,7,40,1,13,3,29,29.60142222,-95.68476389,12,1,0,10,0,0,1,1
480571,TEXAS,TX,2,0,2,215,0,BIBB CITY,17,4,April,2010,7,Saturday,9,46,0,6,4,0,26.27257500,-98.34716111,12,1,0,1,0,0,1,0
480572,TEXAS,TX,2,0,5,455,0,APPLE SPRINGS,17,4,April,2010,7,Saturday,2,30,0,3,3,166,31.23416944,-94.95722778,12,2,0,10,0,0,1,2
480573,TEXAS,TX,2,0,7,133,0,ARLEY,18,4,April,2010,1,Sunday,11,30,1,1,1,163,32.37541389,-98.83623889,12,1,0,2,0,0,2,0
480574,TEXAS,TX,3,0,4,339,0,CONROE,18,4,April,2010,1,Sunday,11,8,0,15,8,230,30.20216389,-95.25530278,12,1,0,2,0,0,1,0
480575,TEXAS,TX,1,0,1,385,0,CAMP WOOD,18,4,April,2010,1,Sunday,13,5,0,4,8,287,29.72851389,-99.65475000,1,1,0,1,0,0,1,0
480576,TEXAS,TX,2,0,2,419,1270,CENTER,19,4,April,2010,2,Monday,14,29,0,16,5,0,31.79075000,-94.18328333,12,1,0,10,0,0,1,0
480577,TEXAS,TX,2,0,3,27,570,ASHLAND,23,4,April,2010,6,Friday,18,22,1,11,7,149,31.04736111,-97.46711667,1,1,0,10,0,0,1,0
480578,TEXAS,TX,1,0,1,201,0,ANNETTE,23,4,April,2010,6,Friday,2,35,0,3,8,3,30.06469167,-95.90695278,1,2,0,10,0,0,1,1
480579,TEXAS,TX,1,0,1,219,0,BISHOP,23,4,April,2010,6,Friday,17,2,0,4,3,105,33.60192778,-102.44033889,1,1,0,1,0,0,1,0
480580,TEXAS,TX,1,0,4,401,0,EASTON,23,4,April,2010,6,Friday,19,49,0,3,3,19,32.34621667,-94.57233056,32,2,0,1,0,0,1,0
480581,TEXAS,TX,1,0,1,201,0,ANNETTE,24,4,April,2010,7,Saturday,17,38,0,6,4,0,29.86645278,-95.07188611,1,1,0,1,0,0,1,0
480582,TEXAS,TX,1,0,5,203,0,BENSON,24,4,April,2010,7,Saturday,23,5,0,4,3,93,32.58030000,-94.26765556,43,2,0,1,0,0,1,1
480583,TEXAS,TX,1,0,1,215,7330,BIBB CITY,24,4,April,2010,7,Saturday,2,17,0,16,5,0,26.17094444,-98.00696389,33,3,0,1,0,0,1,1