ST_CASE,State Name,State Abbreviation,VE_TOTAL,Pedestrains,Total_Persons_in_accident,COUNTY,CITY,City_County_Name,Calendar_DAY,MONTH,Month_Name,YEAR,DAY_WEEK,Day_Week_desc,HOUR,MINUTE,NHS_Desc,trafficway,ROUTE,MILEPT,LATITUDE,LONGITUD,First_Crash_event,Light_cond_desc,Weather_condition,WEATHER,SCH_BUS,Crash_cause,FATALS,DRUNK_DR
480584,TEXAS,TX,1,0,2,245,490,AUGUSTA,24,4,April,2010,7,Saturday,1,39,0,16,5,0,30.07974722,-94.16505556,33,3,0,10,0,0,1,1
480585,TEXAS,TX,1,0,3,451,0,CARLSBAD,24,4,April,2010,7,Saturday,12,53,0,4,8,127,31.47109444,-100.36881944,42,1,0,1,0,0,1,0
480586,TEXAS,TX,1,0,1,113,1730,COTTONTON,25,4,April,2010,1,Sunday,1,58,0,16,5,0,32.63112500,-96.94320833,1,3,0,1,0,0,1,1
480587,TEXAS,TX,1,0,1,371,0,COYANOSA,25,4,April,2010,1,Sunday,21,25,1,1,1,245,30.86566944,-102.59376389,32,2,0,1,0,0,1,0
480588,TEXAS,TX,2,0,3,1,0,AUTAUGA,27,4,April,2010,3,Tuesday,17,26,0,5,8,27,31.87930556,-95.91364722,12,1,0,1,0,0,1,0
480589,TEXAS,TX,3,0,2,441,30,ABILENE,29,4,April,2010,5,Thursday,11,49,0,16,5,0,32.43460000,-99.74796389,12,1,0,1,0,0,1,0
480590,TEXAS,TX,6,0,2,113,4530,COTTONTON,29,4,April,2010,5,Thursday,0,26,0,16,5,0,32.75464167,-96.56944722,53,3,0,1,0,0,1,1
480591,TEXAS,TX,1,0,1,469,0,BLOOMINGTON,29,4,April,2010,5,Thursday,2,15,1,2,2,294,28.68339167,-96.81678889,1,2,0,1,0,0,1,0
480592,TEXAS,TX,1,1,2,201,3280,ANNETTE,30,4,April,2010,6,Friday,5,50,0,16,5,0,29.68176944,-95.27745278,8,1,0,2,0,0,1,0
480593,TEXAS,TX,2,0,4,439,260,ARLINGTON,30,4,April,2010,6,Friday,19,39,1,11,1,99999,32.67823333,-97.06374722,12,5,0,1,0,0,1,1
480594,TEXAS,TX,3,0,3,181,7130,LINCOLN,1,2,February,2010,2,Monday,21,10,1,2,2,272,33.46009722,-96.60992778,12,2,0,10,0,0,1,1
480595,TEXAS,TX,1,0,1,453,3541,ANDERSON MILL,31,3,March,2010,4,Wednesday,8,26,0,3,8,221,30.51688889,-97.90776389,52,9,0,1,0,0,1,0
480596,TEXAS,TX,1,0,1,491,6780,ANDERSON MILL,23,4,April,2010,6,Friday,2,41,0,14,8,125,30.57220000,-97.39995833,34,3,0,10,0,0,1,1
480597,TEXAS,TX,2,0,5,29,6090,BORDEN SPRINGS,25,4,April,2010,1,Sunday,3,2,1,13,8,43,29.35674722,-98.48879444,12,3,0,1,0,0,3,1
480598,TEXAS,TX,2,0,5,29,6090,BORDEN SPRINGS,1,5,May,2010,7,Saturday,3,5,1,11,1,181,29.51237500,-98.55285556,12,3,0,10,0,0,1,1
480599,TEXAS,TX,1,0,4,203,0,BENSON,1,5,May,2010,7,Saturday,12,20,0,4,3,53,32.67812500,-94.62355000,35,1,0,1,0,0,1,0
480600,TEXAS,TX,1,0,1,473,0,BROOKSHIRE,1,5,May,2010,7,Saturday,10,8,0,4,8,37,29.83543333,-96.03329722,1,1,0,1,0,0,1,0
480601,TEXAS,TX,1,1,2,201,0,ANNETTE,2,5,May,2010,1,Sunday,6,26,1,13,8,53,29.58869167,-95.42951667,8,2,0,10,0,0,1,0
480602,TEXAS,TX,1,0,2,209,0,AILEY,2,5,May,2010,1,Sunday,18,19,0,6,4,0,30.15076667,-98.05112778,1,1,0,1,0,0,1,1
480603,TEXAS,TX,1,0,1,309,0,ALAMO,2,5,May,2010,1,Sunday,99,99,0,4,8,22,31.80374444,-97.15599444,42,2,0,2,0,0,1,1
480604,TEXAS,TX,1,0,1,375,0,AMARILLO,2,5,May,2010,1,Sunday,6,56,1,2,2,230,35.44922500,-101.86706111,1,1,0,1,0,0,1,1
480605,TEXAS,TX,1,0,1,451,0,CARLSBAD,2,5,May,2010,1,Sunday,22,50,1,2,2,27,31.35450833,-100.43427222,42,2,0,1,0,0,1,1
480606,TEXAS,TX,1,0,1,503,0,ELIASVILLE,2,5,May,2010,1,Sunday,19,28,0,3,2,126,33.14502500,-98.46754167,30,1,0,1,0,0,1,0
480607,TEXAS,TX,2,0,2,27,0,ASHLAND,3,5,May,2010,2,Monday,4,55,1,1,1,56,30.92901111,-97.54262778,12,2,0,1,0,0,1,0
480608,TEXAS,TX,1,0,1,355,0,AGUA DULCE,3,5,May,2010,2,Monday,2,34,0,4,8,288,27.58492778,-97.62535833,1,2,0,1,0,0,1,1
480609,TEXAS,TX,1,0,1,441,0,ABILENE,3,5,May,2010,2,Monday,13,54,1,2,2,28,32.22571944,-99.76013611,43,1,0,10,0,0,1,0
480610,TEXAS,TX,3,0,6,397,0,DALLAS,5,5,May,2010,4,Wednesday,11,37,0,4,3,25,32.90455556,-96.37743611,12,1,0,1,0,0,1,0
480611,TEXAS,TX,2,0,2,15,0,ANNISTON,7,5,May,2010,6,Friday,12,47,1,2,3,126,29.69554722,-96.13356944,12,1,0,1,0,0,1,0
480612,TEXAS,TX,1,1,1,29,6090,BORDEN SPRINGS,7,5,May,2010,6,Friday,23,8,0,16,5,0,29.32798333,-98.50383611,8,3,0,1,0,0,1,0
480613,TEXAS,TX,1,1,2,99,1540,BEATRICE,7,5,May,2010,6,Friday,22,3,1,12,2,37,31.12010833,-97.89068333,8,3,0,1,0,0,1,0
480614,TEXAS,TX,1,0,4,317,0,DANBURG,7,5,May,2010,6,Friday,8,35,1,1,1,73,32.14156944,-101.79000278,1,1,0,1,0,0,1,0
480615,TEXAS,TX,1,0,1,361,0,BRIDGE CITY,7,5,May,2010,6,Friday,23,12,1,13,8,19,30.08758889,-93.99473056,34,2,0,1,0,0,1,1
480616,TEXAS,TX,1,0,2,401,0,EASTON,7,5,May,2010,6,Friday,19,18,0,6,4,0,32.30369167,-94.89859444,1,1,0,1,0,0,1,1
480618,TEXAS,TX,1,0,1,419,0,CENTER,7,5,May,2010,6,Friday,2,10,1,2,2,20,31.89122222,-94.42094444,1,2,0,1,0,0,1,0
480619,TEXAS,TX,1,0,4,309,0,ALAMO,8,5,May,2010,7,Saturday,13,13,0,5,8,56,31.58848056,-96.98678889,32,1,0,1,0,0,1,0
480620,TEXAS,TX,2,0,2,467,0,BEN WHEELER,8,5,May,2010,7,Saturday,4,10,1,1,1,76,32.60899444,-95.95406389,12,2,0,1,0,0,1,1
480621,TEXAS,TX,2,0,2,477,880,BRENHAM,8,5,May,2010,7,Saturday,19,1,1,13,2,167,30.14852222,-96.40886944,12,1,0,1,0,0,1,1
480622,TEXAS,TX,1,0,1,201,0,ANNETTE,9,5,May,2010,1,Sunday,2,10,1,13,8,42,29.96266944,-95.08542500,24,2,0,1,0,0,1,1
480623,TEXAS,TX,1,1,1,201,0,ANNETTE,10,5,May,2010,2,Monday,23,25,0,14,8,126,30.07328056,-95.55159444,8,2,0,1,0,0,1,0
480624,TEXAS,TX,1,0,1,83,0,ARDMORE,11,5,May,2010,3,Tuesday,11,45,0,6,4,0,32.04305833,-99.30698611,38,1,0,10,0,0,1,0
480625,TEXAS,TX,2,0,2,347,0,APPLEBY,13,5,May,2010,5,Thursday,8,36,1,2,2,86,31.75309722,-94.58205833,12,1,0,1,0,0,1,0
480626,TEXAS,TX,1,1,2,361,0,BRIDGE CITY,14,5,May,2010,6,Friday,2,55,1,11,1,129,30.11065000,-94.04713056,8,2,0,1,0,0,1,0
480627,TEXAS,TX,2,0,2,53,4310,ATMORE,17,5,May,2010,2,Monday,13,18,1,2,2,342,30.55590833,-98.27381944,12,1,0,1,0,0,1,0
480628,TEXAS,TX,4,0,4,201,3280,ANNETTE,5,2,February,2010,6,Friday,5,0,1,11,1,224,29.69341389,-95.32266944,12,3,0,10,0,0,1,1
480629,TEXAS,TX,1,0,2,303,4140,DAVISBORO,6,4,April,2010,3,Tuesday,9,42,0,16,5,0,33.51978333,-101.97908056,30,1,0,1,0,0,1,0
480630,TEXAS,TX,2,0,2,219,0,BISHOP,28,4,April,2010,4,Wednesday,21,47,1,2,2,18,33.80723889,-102.16734167,12,2,0,1,0,0,1,1
480631,TEXAS,TX,2,0,2,501,0,DENVER CITY,5,5,May,2010,4,Wednesday,5,10,0,4,8,120,33.05111111,-102.61208056,12,2,0,1,0,0,1,0
480632,TEXAS,TX,2,0,3,179,0,ALLENHURST,10,5,May,2010,2,Monday,9,10,0,3,3,251,35.51762778,-100.59305278,12,1,0,5,0,0,1,0
480633,TEXAS,TX,1,0,5,359,0,ADRIAN,10,5,May,2010,2,Monday,7,18,1,1,1,18,35.26907222,-102.72680278,1,4,0,1,0,0,2,0
480635,TEXAS,TX,2,0,4,369,0,BLACK,12,5,May,2010,4,Wednesday,7,58,0,6,4,0,34.31743333,-102.94946944,12,1,0,1,0,0,1,0
480636,TEXAS,TX,1,0,1,225,0,BYRON,13,5,May,2010,5,Thursday,14,50,0,4,2,109,31.41456389,-95.47456389,32,1,0,1,0,0,1,0
480637,TEXAS,TX,2,0,7,113,5730,COTTONTON,15,3,March,2010,2,Monday,19,33,0,16,5,0,32.94531944,-96.70240000,12,5,0,1,0,0,1,0
480638,TEXAS,TX,1,0,1,201,0,ANNETTE,3,4,April,2010,7,Saturday,1,53,0,6,4,0,29.98046667,-95.43671944,42,2,0,10,0,0,1,1
480639,TEXAS,TX,1,0,1,61,0,BELLWOOD,8,4,April,2010,5,Thursday,17,0,0,15,8,5,26.18925556,-97.57039444,43,2,0,1,0,0,1,1
480640,TEXAS,TX,1,2,1,41,970,BRANTLEY,4,1,January,2010,2,Monday,14,21,1,12,2,15,30.70082500,-96.35440000,8,1,0,1,0,0,2,0
480641,TEXAS,TX,1,0,2,423,7070,ARP,21,1,January,2010,5,Thursday,20,30,0,16,5,0,32.35617500,-95.26835278,30,3,0,1,0,0,1,1
480642,TEXAS,TX,1,0,1,29,0,BORDEN SPRINGS,4,2,February,2010,5,Thursday,10,33,0,6,4,0,29.73686667,-98.49289167,3,9,0,99,0,0,1,0
480643,TEXAS,TX,2,0,2,37,0,BRADFORD,24,3,March,2010,4,Wednesday,6,32,0,4,2,57,33.46461667,-94.32026667,12,2,0,1,0,0,1,0
480644,TEXAS,TX,2,0,3,29,6090,BORDEN SPRINGS,26,3,March,2010,6,Friday,15,14,0,16,5,0,29.42475833,-98.42495833,12,1,0,1,0,0,2,0
480645,TEXAS,TX,1,1,1,13,4181,BOLLING,4,4,April,2010,1,Sunday,5,12,0,4,3,28,29.23430278,-98.79305278,8,2,0,2,0,0,1,0
480646,TEXAS,TX,2,0,2,47,9997,BROWNS,7,4,April,2010,4,Wednesday,23,10,1,2,2,31,26.89007778,-98.13571944,12,3,0,1,0,0,1,0
480647,TEXAS,TX,2,0,4,439,260,ARLINGTON,26,4,April,2010,2,Monday,6,8,1,11,1,256,32.75970278,-97.12482222,12,3,0,1,0,0,1,0
480648,TEXAS,TX,1,0,1,291,0,BLAIRSVILLE,27,4,April,2010,3,Tuesday,8,1,0,4,8,120,30.41207778,-94.92590833,1,1,0,10,0,0,1,0
480649,TEXAS,TX,1,0,1,27,0,ASHLAND,28,4,April,2010,4,Wednesday,22,10,0,6,4,0,31.25595556,-97.29766944,32,2,0,1,0,0,1,1
480650,TEXAS,TX,1,0,1,187,4870,DAHLONEGA,30,4,April,2010,6,Friday,0,18,0,16,5,0,29.66607222,-98.11851111,1,3,0,1,0,0,1,0
480651,TEXAS,TX,2,0,3,329,4560,MIDLAND,30,4,April,2010,6,Friday,12,25,1,13,3,147,31.99404722,-102.07791944,12,1,0,1,0,0,2,0
480652,TEXAS,TX,1,0,3,299,3699,BEACH,1,5,May,2010,7,Saturday,19,7,0,16,5,0,30.64687222,-98.45061389,5,1,0,10,0,0,1,0
480653,TEXAS,TX,1,1,1,347,0,APPLEBY,2,5,May,2010,1,Sunday,7,0,0,14,3,24,31.60272222,-94.59351111,8,2,0,1,0,0,1,0
480654,TEXAS,TX,2,0,3,495,0,KERMIT,3,5,May,2010,2,Monday,8,5,0,3,3,256,31.89423889,-103.03970833,12,1,0,1,0,0,1,0
480655,TEXAS,TX,2,0,2,55,0,ATTALLA,7,5,May,2010,6,Friday,6,55,0,5,8,38,29.88028611,-97.60941111,12,4,0,1,0,0,1,0
480656,TEXAS,TX,2,0,2,453,0,ANDERSON MILL,10,5,May,2010,2,Monday,15,46,0,14,8,23,30.43735000,-97.48118056,12,1,0,10,0,0,1,0
480657,TEXAS,TX,1,0,3,355,0,AGUA DULCE,11,5,May,2010,3,Tuesday,8,15,0,4,8,93,27.64411111,-97.91358889,38,1,0,1,0,0,1,0
480658,TEXAS,TX,1,0,1,339,6884,CONROE,12,5,May,2010,4,Wednesday,0,15,1,11,7,37,30.15467222,-95.44939444,33,3,0,1,0,0,1,1
480659,TEXAS,TX,3,0,4,21,0,CHILTON,13,5,May,2010,5,Thursday,17,17,1,13,3,75,30.16959444,-97.19525000,12,1,0,1,0,0,2,0
480660,TEXAS,TX,1,0,1,61,0,BELLWOOD,13,5,May,2010,5,Thursday,14,30,0,4,8,18,26.31641389,-97.82303333,1,1,0,10,0,0,1,0
480661,TEXAS,TX,2,0,3,203,0,BENSON,13,5,May,2010,5,Thursday,7,30,0,6,4,0,32.59516667,-94.30209167,12,1,0,1,0,0,1,1
480663,TEXAS,TX,1,0,2,19,0,CEDAR BLUFF,15,5,May,2010,7,Saturday,10,28,0,4,8,199,29.68715833,-99.54900833,11,1,0,1,0,0,1,0
480664,TEXAS,TX,1,0,1,201,0,ANNETTE,15,5,May,2010,7,Saturday,0,5,0,6,4,0,29.86523611,-95.67680833,33,3,0,2,0,0,1,1
480665,TEXAS,TX,1,0,1,401,0,EASTON,15,5,May,2010,7,Saturday,15,0,1,2,2,78,32.05585278,-94.74119167,7,1,0,1,0,0,1,0
480666,TEXAS,TX,1,0,1,321,0,BRIDGEBORO,16,5,May,2010,1,Sunday,20,0,0,6,4,0,29.01285000,-95.98059722,1,5,0,1,0,0,1,1
480667,TEXAS,TX,1,0,2,215,5330,BIBB CITY,17,5,May,2010,2,Monday,14,10,1,12,7,278,26.20547500,-98.17513056,30,1,0,1,0,0,2,0
480668,TEXAS,TX,2,0,2,469,7190,BLOOMINGTON,17,5,May,2010,2,Monday,0,37,0,14,3,75,28.77199444,-96.98089444,12,3,0,10,0,0,1,1
480669,TEXAS,TX,2,0,2,459,0,BETTIE,18,5,May,2010,3,Tuesday,6,30,1,2,2,13,32.89875000,-94.95268889,12,1,0,1,0,0,1,0
480670,TEXAS,TX,1,1,1,113,3420,COTTONTON,19,5,May,2010,4,Wednesday,5,48,1,12,3,18,32.83690833,-97.02062222,8,4,0,1,0,0,1,0
480671,TEXAS,TX,1,0,1,1,0,AUTAUGA,22,5,May,2010,7,Saturday,7,45,0,4,8,240,32.01626389,-95.54013611,1,1,0,10,0,0,1,0
480672,TEXAS,TX,1,0,2,201,0,ANNETTE,22,5,May,2010,7,Saturday,1,40,1,13,8,73,29.99833611,-95.17301667,43,3,0,1,0,0,1,1
480673,TEXAS,TX,1,0,1,201,0,ANNETTE,22,5,May,2010,7,Saturday,3,10,0,6,4,0,30.01757222,-95.40128333,43,2,0,1,0,0,1,1
480674,TEXAS,TX,2,0,2,201,7286,ANNETTE,23,5,May,2010,1,Sunday,3,5,1,11,1,30,29.54332500,-95.14428889,12,2,0,1,0,0,1,1
480675,TEXAS,TX,2,0,2,469,0,BLOOMINGTON,23,5,May,2010,1,Sunday,17,8,1,2,2,60,28.92298611,-97.09955556,12,1,0,10,0,0,1,0
480676,TEXAS,TX,1,0,1,7,0,BIBB,29,5,May,2010,7,Saturday,10,39,0,4,8,119,28.00771111,-97.12723056,1,1,0,1,0,0,1,0
480677,TEXAS,TX,2,0,3,39,0,ANDALUSIA,13,1,January,2010,4,Wednesday,8,35,0,4,8,30,29.18645000,-95.49196111,12,1,0,5,0,0,2,0
480678,TEXAS,TX,2,0,3,201,0,ANNETTE,13,2,February,2010,7,Saturday,5,8,0,6,4,0,29.93806944,-95.46046389,12,3,0,1,0,0,2,1
480679,TEXAS,TX,1,0,1,141,0,BEE BRANCH,24,3,March,2010,4,Wednesday,22,40,0,6,4,0,31.72926111,-106.14844444,35,2,0,1,0,0,1,0
480680,TEXAS,TX,2,0,2,373,0,ACE,28,3,March,2010,1,Sunday,20,7,0,15,8,127,30.65993611,-94.97691389,11,2,0,1,0,0,1,0
480681,TEXAS,TX,2,0,6,233,0,ARAGON,30,3,March,2010,3,Tuesday,17,45,0,3,3,28,35.84314167,-101.57255278,12,1,0,6,0,0,3,0
480682,TEXAS,TX,2,0,2,355,5850,AGUA DULCE,30,3,March,2010,3,Tuesday,11,25,1,12,2,11,27.81256667,-97.63839444,24,1,0,1,0,0,1,0
480683,TEXAS,TX,1,0,2,29,6090,BORDEN SPRINGS,3,4,April,2010,7,Saturday,20,29,0,16,5,0,29.30922778,-98.54968056,1,2,0,1,0,0,1,1
480684,TEXAS,TX,1,0,1,143,0,CANEHILL,3,4,April,2010,7,Saturday,3,46,0,6,4,0,32.40074444,-98.03890278,1,2,0,1,0,0,1,0
480685,TEXAS,TX,2,0,3,201,6970,ANNETTE,6,4,April,2010,3,Tuesday,12,12,0,14,8,69,30.08940833,-95.63814167,12,1,0,1,0,0,2,0
480686,TEXAS,TX,2,0,3,395,0,BREMOND,7,4,April,2010,4,Wednesday,12,35,0,3,3,3,31.27782222,-96.47227222,12,1,0,10,0,0,1,0
480687,TEXAS,TX,2,0,5,183,4080,FORT STEWART,10,4,April,2010,7,Saturday,22,22,0,16,5,0,32.46149722,-94.71636389,12,3,0,1,0,0,1,1
480688,TEXAS,TX,1,0,1,113,1730,COTTONTON,15,4,April,2010,5,Thursday,1,49,1,11,1,174,32.79451111,-96.81457500,24,3,0,10,0,0,1,1
480689,TEXAS,TX,1,0,2,201,3280,ANNETTE,17,4,April,2010,7,Saturday,19,40,1,12,3,5,29.73421667,-95.37150000,24,1,0,1,0,0,1,1
480690,TEXAS,TX,1,1,1,201,3280,ANNETTE,22,4,April,2010,5,Thursday,10,40,0,16,5,0,29.75910556,-95.36461111,8,1,0,1,0,0,1,0
480692,TEXAS,TX,1,0,1,265,0,CRAWFORDVILLE,29,4,April,2010,5,Thursday,19,10,0,4,8,120,30.06226111,-99.44704167,1,1,0,10,0,0,1,0
480693,TEXAS,TX,3,0,6,215,0,BIBB CITY,1,5,May,2010,7,Saturday,13,17,0,6,4,0,26.31363056,-98.09491944,12,1,0,1,0,0,1,0
480694,TEXAS,TX,1,1,1,113,2590,COTTONTON,2,5,May,2010,1,Sunday,6,54,1,11,1,109,32.85788333,-96.65209444,8,4,0,1,0,0,1,0
480695,TEXAS,TX,2,1,1,201,0,ANNETTE,4,5,May,2010,3,Tuesday,19,40,0,6,4,0,29.91325278,-95.44114444,12,1,0,1,0,0,1,0
480696,TEXAS,TX,1,0,1,53,0,ATMORE,8,5,May,2010,7,Saturday,4,15,0,4,8,43,30.58658611,-98.21014722,43,2,0,1,0,0,1,1
480697,TEXAS,TX,1,0,1,167,6213,ADRIAN,8,5,May,2010,7,Saturday,7,45,1,13,8,143,29.41171389,-95.09214167,46,1,0,1,0,0,1,0
480698,TEXAS,TX,2,0,8,315,0,ABBEVILLE,8,5,May,2010,7,Saturday,21,20,0,3,3,48,32.85708333,-94.68245556,12,2,0,1,0,0,1,2
480699,TEXAS,TX,1,0,1,113,1730,COTTONTON,9,5,May,2010,1,Sunday,4,0,1,13,8,224,32.71188333,-96.72416389,42,3,0,10,0,0,1,1
480700,TEXAS,TX,3,0,5,29,6090,BORDEN SPRINGS,10,5,May,2010,2,Monday,9,22,0,3,8,42,29.42957222,-98.74268056,12,1,0,10,0,0,1,0
480701,TEXAS,TX,1,1,1,291,1770,BLAIRSVILLE,14,5,May,2010,6,Friday,6,33,1,13,2,69,30.02985833,-94.91097500,8,4,0,1,0,0,1,0
480702,TEXAS,TX,1,0,2,401,0,EASTON,16,5,May,2010,1,Sunday,15,31,0,5,8,60,32.29841389,-94.52354167,1,1,0,1,0,0,1,0
480703,TEXAS,TX,1,1,3,187,6290,DAHLONEGA,19,5,May,2010,4,Wednesday,20,50,0,14,8,55,29.55644167,-97.96938056,9,3,0,1,0,0,1,0
480704,TEXAS,TX,1,0,2,11,0,BULLOCK,22,5,May,2010,7,Saturday,19,20,0,4,3,183,34.90884444,-101.36121389,32,1,0,1,0,0,1,1
480705,TEXAS,TX,1,0,1,433,0,ASPERMONT,22,5,May,2010,7,Saturday,6,50,0,4,8,101,33.23072778,-100.21408889,35,1,0,10,0,0,1,1
480706,TEXAS,TX,1,0,2,47,0,BROWNS,23,5,May,2010,1,Sunday,23,19,0,4,8,35,26.88915833,-98.19288333,11,2,0,1,0,0,1,0
480707,TEXAS,TX,2,0,7,213,0,CARTERS,23,5,May,2010,1,Sunday,11,5,0,3,3,34,32.30691667,-95.84483611,12,1,0,1,0,0,1,1
480708,TEXAS,TX,2,0,2,293,0,EAST THOMASTON,23,5,May,2010,1,Sunday,18,50,0,3,3,49,31.34868889,-96.61321111,12,1,0,1,0,0,1,1
480709,TEXAS,TX,2,0,2,209,990,AILEY,24,5,May,2010,2,Monday,6,50,0,15,8,141,30.08794167,-97.84938889,12,4,0,10,0,0,1,1
480710,TEXAS,TX,3,0,4,113,387,COTTONTON,25,5,May,2010,3,Tuesday,1,13,1,11,1,13,32.71935278,-96.61664167,12,2,0,1,0,0,1,0
480711,TEXAS,TX,2,2,1,113,3420,COTTONTON,26,5,May,2010,4,Wednesday,5,31,1,12,3,22,32.85862778,-96.93381111,12,2,0,10,0,0,1,0
480712,TEXAS,TX,2,0,2,113,1730,COTTONTON,27,5,May,2010,5,Thursday,17,48,0,16,5,0,32.70609722,-96.92565556,12,1,0,1,0,0,1,0
480713,TEXAS,TX,1,1,4,19,0,CEDAR BLUFF,28,5,May,2010,6,Friday,22,37,0,3,3,139,29.73153333,-99.08575833,11,2,0,1,0,0,1,0
480714,TEXAS,TX,2,1,3,201,0,ANNETTE,29,5,May,2010,7,Saturday,0,55,1,13,3,16,29.91116111,-95.62706111,8,2,0,1,0,0,1,0
480715,TEXAS,TX,2,0,3,201,0,ANNETTE,29,5,May,2010,7,Saturday,2,39,0,6,4,0,29.90286389,-95.32278889,12,2,0,1,0,0,2,1
480716,TEXAS,TX,1,0,1,57,0,BANKSTON,30,5,May,2010,1,Sunday,22,34,0,4,3,318,28.42688333,-96.51390556,1,3,0,1,0,0,1,1
480717,TEXAS,TX,1,0,2,157,2954,ARCADE,30,5,May,2010,1,Sunday,6,25,0,4,8,2,29.34821389,-95.77683333,59,4,0,10,0,0,2,1
480718,TEXAS,TX,2,0,2,217,0,COVINGTON,30,5,May,2010,1,Sunday,17,35,0,3,3,207,32.04635000,-96.95468889,12,1,0,1,0,0,1,0
480719,TEXAS,TX,1,0,1,227,0,JASPER,30,5,May,2010,1,Sunday,18,20,1,1,1,421,32.32521944,-101.20032500,57,1,0,10,0,0,1,0
480720,TEXAS,TX,1,0,1,407,0,COLDSPRING,30,5,May,2010,1,Sunday,2,48,0,5,8,68,30.35470000,-95.14196944,1,2,0,1,0,0,1,1
480721,TEXAS,TX,1,0,3,375,0,AMARILLO,31,5,May,2010,2,Monday,18,25,0,3,3,47,35.31125556,-101.67919722,1,1,0,10,0,0,1,0
480722,TEXAS,TX,1,0,2,479,3899,AGUILARES,31,5,May,2010,2,Monday,3,55,1,13,2,12,27.50381667,-99.46985000,25,3,0,1,0,0,1,0
480723,TEXAS,TX,2,0,4,395,0,BREMOND,8,2,February,2010,2,Monday,14,55,1,2,2,119,30.75998056,-96.47532500,12,1,0,2,0,0,1,0
480724,TEXAS,TX,1,1,0,215,5291,BIBB CITY,15,2,February,2010,2,Monday,7,52,0,16,5,0,26.27189167,-98.44036389,8,1,0,2,0,0,1,0
480725,TEXAS,TX,2,0,2,167,3850,ADRIAN,19,3,March,2010,6,Friday,17,41,1,13,8,28,29.37835000,-95.00375833,12,1,0,1,0,0,1,0
480726,TEXAS,TX,1,0,2,505,0,BUSTAMANTE,16,5,May,2010,1,Sunday,22,40,0,3,3,57,27.06524167,-99.01565556,1,2,0,1,0,0,1,0
480727,TEXAS,TX,1,0,1,149,0,BELLEVILLE,19,5,May,2010,4,Wednesday,20,55,0,4,8,78,30.00662222,-96.94426111,38,2,0,1,0,0,1,1
480728,TEXAS,TX,1,0,1,27,0,ASHLAND,25,5,May,2010,3,Tuesday,23,59,1,1,1,71,30.94846944,-97.53860000,24,2,0,1,0,0,1,0
480729,TEXAS,TX,2,0,2,99,0,BEATRICE,26,5,May,2010,4,Wednesday,10,25,0,3,3,339,31.27808056,-97.52399722,12,1,0,1,0,0,1,0
480731,TEXAS,TX,2,0,2,61,0,BELLWOOD,28,5,May,2010,6,Friday,5,50,0,4,8,101,26.10195833,-97.82327222,12,4,0,5,0,0,1,0
480732,TEXAS,TX,1,0,1,13,0,BOLLING,30,5,May,2010,1,Sunday,6,40,0,6,4,0,28.94593056,-98.45076111,18,2,0,1,0,0,1,1
480733,TEXAS,TX,1,0,2,321,0,BRIDGEBORO,30,5,May,2010,1,Sunday,4,39,0,3,3,104,28.88512778,-96.18841944,1,2,0,1,0,0,1,0
480734,TEXAS,TX,1,0,2,455,0,APPLE SPRINGS,30,5,May,2010,1,Sunday,4,5,0,3,3,210,31.03083056,-95.05781944,24,2,0,1,0,0,1,1
480735,TEXAS,TX,2,0,6,13,0,BOLLING,31,5,May,2010,2,Monday,7,9,1,1,1,149,28.78836944,-98.32872500,14,1,0,5,0,0,1,0
480736,TEXAS,TX,2,0,2,113,2800,COTTONTON,1,6,June,2010,3,Tuesday,6,30,1,13,3,8,32.74134444,-97.02304444,1,1,0,1,0,0,1,0
480737,TEXAS,TX,1,1,1,29,6090,BORDEN SPRINGS,2,6,June,2010,4,Wednesday,21,50,0,16,5,0,29.49600556,-98.42888611,8,2,0,2,0,0,1,0
480738,TEXAS,TX,1,1,1,183,4080,FORT STEWART,2,6,June,2010,4,Wednesday,2,33,1,13,2,103,32.50678333,-94.78988333,8,3,0,1,0,0,1,0
480739,TEXAS,TX,2,0,3,201,1629,ANNETTE,2,6,June,2010,4,Wednesday,14,51,1,13,8,37,29.96960278,-95.08666944,12,1,0,1,0,0,1,0
480740,TEXAS,TX,1,0,1,209,0,AILEY,2,6,June,2010,4,Wednesday,6,36,0,4,8,9,30.12264167,-97.99993333,30,2,0,1,0,0,1,0
480741,TEXAS,TX,1,0,3,213,0,CARTERS,2,6,June,2010,4,Wednesday,15,20,0,6,4,0,32.17153611,-95.64613611,42,1,0,1,0,0,2,0
480742,TEXAS,TX,2,0,2,287,2640,ASHBURN,2,6,June,2010,4,Wednesday,23,2,1,13,2,73,30.18434444,-96.94550556,12,3,0,2,0,0,1,1
480743,TEXAS,TX,3,0,4,491,5990,ANDERSON MILL,2,6,June,2010,4,Wednesday,11,15,0,14,8,47,30.57263611,-97.65011111,12,1,0,1,0,0,1,0
480744,TEXAS,TX,1,0,1,217,0,COVINGTON,3,6,June,2010,5,Thursday,12,45,0,4,8,35,31.91246667,-97.26983889,42,1,0,10,0,0,1,0
480745,TEXAS,TX,1,0,3,13,0,BOLLING,4,6,June,2010,6,Friday,19,55,1,1,1,80,28.71757778,-98.28375556,1,1,0,1,0,0,1,1
480747,TEXAS,TX,2,0,2,415,0,DERMOTT,4,6,June,2010,6,Friday,14,43,0,3,2,43,32.70406944,-100.82631389,53,1,0,1,0,0,1,0
480748,TEXAS,TX,2,0,3,29,6090,BORDEN SPRINGS,5,6,June,2010,7,Saturday,1,38,0,16,5,0,29.42866389,-98.53262500,12,3,0,1,0,0,1,1
480749,TEXAS,TX,1,0,1,211,0,APALACHEE,5,6,June,2010,7,Saturday,12,22,1,2,2,96,35.80716389,-100.40235833,1,1,0,1,0,0,1,0
480750,TEXAS,TX,2,0,5,347,0,APPLEBY,14,6,June,2010,2,Monday,19,16,0,3,3,167,31.61439444,-94.69343611,12,1,0,1,0,0,3,0
480751,TEXAS,TX,1,1,2,61,5056,BELLWOOD,16,6,June,2010,4,Wednesday,22,41,1,13,8,23,26.02186667,-97.50269722,8,2,0,1,0,0,1,0