ST_CASE,State Name,State Abbreviation,VE_TOTAL,Pedestrains,Total_Persons_in_accident,COUNTY,CITY,City_County_Name,Calendar_DAY,MONTH,Month_Name,YEAR,DAY_WEEK,Day_Week_desc,HOUR,MINUTE,NHS_Desc,trafficway,ROUTE,MILEPT,LATITUDE,LONGITUD,First_Crash_event,Light_cond_desc,Weather_condition,WEATHER,SCH_BUS,Crash_cause,FATALS,DRUNK_DR
480752,TEXAS,TX,4,1,5,245,0,AUGUSTA,11,2,February,2010,5,Thursday,19,25,1,13,3,88,29.94301111,-93.94351389,8,2,0,2,0,0,1,0
480753,TEXAS,TX,1,0,3,167,0,ADRIAN,26,3,March,2010,6,Friday,1,13,0,6,4,0,29.44767778,-94.65242222,5,2,0,1,0,0,1,1
480754,TEXAS,TX,3,0,4,303,4140,DAVISBORO,2,4,April,2010,6,Friday,23,35,1,11,7,49,33.56501667,-101.84562222,12,3,0,1,0,0,2,2
480755,TEXAS,TX,1,0,1,121,0,BON AIR,1,5,May,2010,7,Saturday,2,27,0,4,8,97,33.26782778,-97.25305833,32,2,0,2,0,0,1,1
480756,TEXAS,TX,1,0,2,181,6350,LINCOLN,21,5,May,2010,6,Friday,21,52,1,12,3,113,33.67649722,-96.58819167,34,3,0,1,0,0,1,1
480757,TEXAS,TX,2,0,3,21,460,CHILTON,22,5,May,2010,7,Saturday,8,57,0,14,3,154,30.12115000,-97.30945000,12,1,0,1,0,0,1,1
480758,TEXAS,TX,2,0,5,113,1730,COTTONTON,22,5,May,2010,7,Saturday,2,15,1,11,1,71,32.92441944,-96.77209444,12,3,0,1,0,0,1,1
480759,TEXAS,TX,1,0,2,61,0,BELLWOOD,23,5,May,2010,1,Sunday,3,12,0,3,3,34,25.96935000,-97.37695556,30,2,0,1,0,0,1,0
480760,TEXAS,TX,4,0,7,143,0,CANEHILL,23,5,May,2010,1,Sunday,13,7,0,3,2,689,32.47846111,-98.13988333,12,1,0,10,0,0,2,0
480761,TEXAS,TX,1,0,1,473,0,BROOKSHIRE,25,5,May,2010,3,Tuesday,21,20,0,5,8,701,30.16523333,-96.06496389,34,2,0,1,0,0,1,1
480762,TEXAS,TX,1,0,1,113,1730,COTTONTON,26,5,May,2010,4,Wednesday,10,9,0,16,5,0,32.74316667,-96.83405000,33,1,0,1,0,0,1,0
480763,TEXAS,TX,1,0,1,113,1730,COTTONTON,31,5,May,2010,2,Monday,20,52,1,12,7,140,32.81083056,-96.79150833,33,3,0,1,0,0,1,1
480764,TEXAS,TX,1,1,1,339,0,CONROE,4,6,June,2010,6,Friday,21,34,0,4,8,258,30.16464444,-95.23298056,8,2,0,1,0,0,1,0
480765,TEXAS,TX,2,0,4,183,0,FORT STEWART,9,6,June,2010,4,Wednesday,15,7,0,3,2,44,32.65534722,-94.75570556,12,1,0,2,0,0,1,1
480767,TEXAS,TX,1,0,3,201,3280,ANNETTE,9,6,June,2010,4,Wednesday,22,50,0,16,5,0,29.78917222,-95.65302778,42,3,0,10,0,0,1,0
480768,TEXAS,TX,1,0,2,141,0,BEE BRANCH,6,2,February,2010,7,Saturday,20,3,1,2,8,248,31.81649444,-106.26868889,24,2,0,1,0,0,1,0
480769,TEXAS,TX,2,0,5,201,3280,ANNETTE,6,2,February,2010,7,Saturday,2,20,1,11,7,129,29.65291944,-95.25116389,31,3,0,1,0,0,4,2
480770,TEXAS,TX,1,1,1,201,3280,ANNETTE,11,3,March,2010,5,Thursday,12,10,0,16,5,0,29.76597778,-95.28376667,9,1,0,1,0,0,1,0
480771,TEXAS,TX,2,0,3,491,3981,ANDERSON MILL,13,3,March,2010,7,Saturday,15,18,1,2,2,138,30.64301667,-97.87120556,12,1,0,1,0,0,1,0
480772,TEXAS,TX,1,0,1,395,0,BREMOND,1,4,April,2010,5,Thursday,16,30,0,5,8,23,31.18310278,-96.64479722,1,1,0,10,0,0,1,0
480773,TEXAS,TX,1,0,1,313,0,COHUTTA,4,4,April,2010,1,Sunday,0,0,0,4,8,120,30.85566944,-96.10037222,38,2,0,1,0,0,1,0
480774,TEXAS,TX,2,0,3,185,0,ANAKTUVUK PASS,11,4,April,2010,1,Sunday,20,20,0,3,3,51,30.60190278,-96.11663889,12,2,0,1,0,0,2,0
480775,TEXAS,TX,1,0,1,339,3280,CONROE,23,4,April,2010,6,Friday,10,30,1,12,7,162,30.07002222,-95.24645556,42,1,0,2,0,0,1,0
480776,TEXAS,TX,1,0,5,167,0,ADRIAN,24,4,April,2010,7,Saturday,12,0,1,11,1,70,29.38670833,-95.01743611,25,1,0,1,0,0,1,0
480777,TEXAS,TX,3,0,5,215,4197,BIBB CITY,25,4,April,2010,1,Sunday,12,49,0,16,5,0,26.22737222,-98.21696111,12,1,0,1,0,0,1,0
480778,TEXAS,TX,1,0,1,141,0,BEE BRANCH,27,1,January,2010,4,Wednesday,0,20,1,11,1,362,31.68693056,-106.26768333,52,3,0,1,0,0,1,1
480779,TEXAS,TX,2,0,3,39,0,ANDALUSIA,8,1,January,2010,6,Friday,21,3,0,3,8,130,29.16588889,-95.27250833,12,2,0,1,0,0,1,1
480780,TEXAS,TX,2,0,4,39,0,ANDALUSIA,20,1,January,2010,4,Wednesday,7,26,0,6,4,0,28.94003611,-95.61435833,12,1,0,5,0,0,1,0
480781,TEXAS,TX,1,0,1,39,0,ANDALUSIA,7,2,February,2010,1,Sunday,6,0,0,15,8,189,29.05924167,-95.35196389,30,2,0,1,0,0,1,1
480782,TEXAS,TX,1,0,1,51,0,CENTRAL,20,2,February,2010,7,Saturday,2,2,0,3,8,51,30.44896944,-96.52553611,1,2,0,1,0,0,1,1
480783,TEXAS,TX,1,0,2,167,0,ADRIAN,25,3,March,2010,5,Thursday,3,30,1,12,1,163,29.32989167,-94.93230833,33,3,0,2,0,0,1,1
480784,TEXAS,TX,1,0,1,39,9997,ANDALUSIA,20,3,March,2010,7,Saturday,19,25,0,6,4,0,29.07120833,-95.63199444,38,1,0,10,0,0,1,1
480785,TEXAS,TX,2,0,3,403,0,BRONSON,27,3,March,2010,7,Saturday,15,30,0,4,8,2,31.25738889,-93.96936389,12,1,0,1,0,0,1,0
480786,TEXAS,TX,2,0,3,445,0,BROWNFIELD,26,5,May,2010,4,Wednesday,17,50,1,13,3,129,33.12304167,-102.26468333,12,1,0,1,0,0,1,1
480788,TEXAS,TX,1,0,1,471,0,DODGE,5,6,June,2010,7,Saturday,13,32,0,4,8,130,30.74701667,-95.65978333,1,1,0,1,0,0,1,0
480789,TEXAS,TX,1,0,1,5,3305,BAKER HILL,6,6,June,2010,1,Sunday,3,0,0,16,5,0,31.32528611,-94.78027500,1,2,0,1,0,0,1,0
480790,TEXAS,TX,2,0,4,401,0,EASTON,8,6,June,2010,3,Tuesday,15,50,0,4,8,19,32.34788056,-94.70574167,12,1,0,10,0,0,1,0
480791,TEXAS,TX,1,0,1,233,0,ARAGON,9,6,June,2010,4,Wednesday,7,43,0,3,3,40,35.65345278,-101.33116389,1,1,0,1,0,0,1,0
480792,TEXAS,TX,2,0,1,5,0,BAKER HILL,10,6,June,2010,5,Thursday,5,40,1,13,8,13,31.37858611,-94.71445000,12,2,0,2,0,0,1,0
480793,TEXAS,TX,2,0,2,19,0,CEDAR BLUFF,10,6,June,2010,5,Thursday,19,27,0,3,3,142,29.73146667,-99.08733056,12,1,0,1,0,0,1,0
480794,TEXAS,TX,1,0,1,373,0,ACE,10,6,June,2010,5,Thursday,1,25,0,14,8,40,30.73931944,-95.03775833,42,2,0,10,0,0,1,1
480795,TEXAS,TX,1,0,2,201,480,ANNETTE,12,6,June,2010,7,Saturday,2,21,0,16,5,0,29.73822222,-94.97015556,38,3,0,1,0,0,1,1
480796,TEXAS,TX,1,0,2,215,0,BIBB CITY,12,6,June,2010,7,Saturday,2,50,0,6,4,0,26.35345833,-98.32665000,1,2,0,1,0,0,1,1
480797,TEXAS,TX,2,0,4,303,4140,DAVISBORO,12,6,June,2010,7,Saturday,12,59,1,13,2,39,33.50910556,-101.84495556,12,1,0,10,0,0,2,0
480798,TEXAS,TX,1,0,1,333,0,CARADAN,12,6,June,2010,7,Saturday,19,51,0,4,8,222,31.45550000,-98.58806944,30,1,0,1,0,0,1,1
480799,TEXAS,TX,1,0,2,411,0,BEND,12,6,June,2010,7,Saturday,16,56,0,3,3,13,30.92501667,-99.07033056,51,1,0,1,0,0,1,0
480800,TEXAS,TX,1,0,1,113,1730,COTTONTON,13,6,June,2010,1,Sunday,11,1,1,11,1,111,32.76433056,-96.84414444,25,1,0,10,0,0,1,0
480801,TEXAS,TX,1,0,2,267,0,COBBTOWN,13,6,June,2010,1,Sunday,14,28,1,1,1,149,30.51918333,-99.89872500,1,1,0,1,0,0,1,0
480802,TEXAS,TX,1,0,1,373,0,ACE,13,6,June,2010,1,Sunday,1,30,0,3,2,138,30.73180278,-94.97865278,53,2,0,1,0,0,1,1
480803,TEXAS,TX,3,0,4,453,0,ANDERSON MILL,13,6,June,2010,1,Sunday,12,1,0,14,8,14,30.33317500,-97.60180833,12,1,0,1,0,0,1,1
480804,TEXAS,TX,1,0,5,47,0,BROWNS,14,6,June,2010,2,Monday,7,33,0,6,4,0,27.24238611,-98.06487222,30,1,0,1,0,0,1,0
480805,TEXAS,TX,1,0,1,187,0,DAHLONEGA,16,6,June,2010,4,Wednesday,18,15,0,6,4,0,29.67994722,-98.01550833,58,1,0,1,0,0,1,0
480806,TEXAS,TX,2,0,2,209,6170,AILEY,16,6,June,2010,4,Wednesday,16,35,0,16,5,0,29.84102500,-97.95531944,12,1,0,1,0,0,1,0
480807,TEXAS,TX,1,0,1,473,0,BROOKSHIRE,16,6,June,2010,4,Wednesday,23,23,0,4,8,177,29.91916667,-95.95789444,30,2,0,1,0,0,1,1
480808,TEXAS,TX,1,0,2,331,0,BEN ARNOLD,19,6,June,2010,7,Saturday,17,0,0,4,8,104,30.75186389,-97.14844444,38,1,0,10,0,0,1,0
480809,TEXAS,TX,1,0,1,419,0,CENTER,19,6,June,2010,7,Saturday,17,0,0,4,8,83,31.60831389,-93.87050833,42,1,0,1,0,0,1,0
480810,TEXAS,TX,1,0,2,309,0,ALAMO,20,6,June,2010,1,Sunday,7,5,0,3,2,176,31.63978611,-96.92502778,32,1,0,1,0,0,1,0
480811,TEXAS,TX,1,0,1,201,0,ANNETTE,24,6,June,2010,5,Thursday,15,54,1,11,1,404,29.77064167,-95.15896389,20,1,0,1,0,0,1,1
480812,TEXAS,TX,2,1,2,41,970,BRANTLEY,8,5,May,2010,7,Saturday,2,52,1,13,3,99,30.67327778,-96.39718611,8,2,0,10,0,0,1,0
480813,TEXAS,TX,2,0,2,71,7555,BRIDGEPORT,10,5,May,2010,2,Monday,20,33,0,4,8,56,29.82044167,-94.39773333,12,2,0,1,0,0,1,1
480814,TEXAS,TX,1,0,1,113,1730,COTTONTON,17,5,May,2010,2,Monday,99,99,1,12,2,150,32.79462500,-96.79331667,39,9,0,1,0,0,1,1
480815,TEXAS,TX,1,0,1,201,3280,ANNETTE,18,5,May,2010,3,Tuesday,23,35,1,11,7,309,29.85515278,-95.39924444,59,3,0,1,0,0,1,0
480816,TEXAS,TX,2,0,2,201,3280,ANNETTE,21,5,May,2010,6,Friday,12,45,1,12,2,88,29.74830556,-95.35946667,12,1,0,1,0,0,1,0
480817,TEXAS,TX,1,0,1,453,0,ANDERSON MILL,21,5,May,2010,6,Friday,13,25,1,13,8,71,30.09271111,-97.69721111,5,1,0,1,0,0,1,0
480818,TEXAS,TX,2,0,2,245,490,AUGUSTA,2,6,June,2010,4,Wednesday,20,29,0,16,5,0,30.06015278,-94.10072222,12,2,0,10,0,0,1,1
480819,TEXAS,TX,2,0,2,201,3280,ANNETTE,3,6,June,2010,5,Thursday,13,5,0,16,5,0,29.81286944,-95.61714722,12,1,0,2,0,0,1,0
480820,TEXAS,TX,1,0,2,375,0,AMARILLO,10,6,June,2010,5,Thursday,6,0,0,3,3,21,35.58564167,-101.62387778,1,2,0,1,0,0,1,1
480821,TEXAS,TX,1,1,1,201,3280,ANNETTE,24,5,May,2010,2,Monday,2,30,1,12,7,100,29.70881667,-95.50887222,8,3,0,1,0,0,1,0
480822,TEXAS,TX,2,0,2,479,0,AGUILARES,25,5,May,2010,3,Tuesday,9,38,1,2,2,71,27.74887222,-98.90647778,51,1,0,2,0,0,1,0
480823,TEXAS,TX,1,0,2,291,1380,BLAIRSVILLE,19,1,January,2010,3,Tuesday,0,42,1,2,2,55,30.32306389,-95.10052222,34,3,0,5,0,0,1,1
480824,TEXAS,TX,1,0,1,29,4015,BORDEN SPRINGS,6,2,February,2010,7,Saturday,16,33,0,4,8,60,29.56744722,-98.33222778,24,1,0,1,0,0,1,0
480825,TEXAS,TX,2,0,2,339,0,CONROE,24,2,February,2010,4,Wednesday,10,55,1,2,3,352,30.32893611,-95.25374167,14,1,0,1,0,0,1,0
480826,TEXAS,TX,1,0,1,29,0,BORDEN SPRINGS,14,3,March,2010,1,Sunday,5,39,0,6,4,0,29.46762778,-98.33219167,24,2,0,1,0,0,1,1
480827,TEXAS,TX,2,0,4,113,1730,COTTONTON,19,3,March,2010,6,Friday,22,41,1,11,1,133,32.91093611,-96.88180556,12,2,0,1,0,0,2,1
480828,TEXAS,TX,2,0,7,121,3960,BON AIR,4,4,April,2010,1,Sunday,2,17,1,11,1,26,33.00096111,-96.96104167,12,2,0,1,0,0,2,1
480829,TEXAS,TX,1,0,1,289,0,ALLENTOWN,4,4,April,2010,1,Sunday,6,50,0,4,8,109,31.02428889,-96.15903889,43,4,0,10,0,0,1,0
480831,TEXAS,TX,1,0,3,439,3347,ARLINGTON,22,4,April,2010,5,Thursday,15,30,0,16,5,0,32.84785833,-97.15984444,33,1,0,10,0,0,1,0
480832,TEXAS,TX,2,0,3,39,0,ANDALUSIA,8,5,May,2010,7,Saturday,20,30,1,2,3,127,29.42525556,-95.42706389,12,2,0,1,0,0,1,0
480833,TEXAS,TX,1,0,1,41,0,BRANTLEY,11,5,May,2010,3,Tuesday,17,5,0,6,4,0,30.79007778,-96.23747778,1,1,0,10,0,0,1,0
480834,TEXAS,TX,1,0,3,309,0,ALAMO,14,5,May,2010,6,Friday,11,41,0,3,2,111,31.61512500,-97.05647222,35,1,0,1,0,0,1,0
480835,TEXAS,TX,2,0,2,335,0,COLORADO CITY,14,5,May,2010,6,Friday,16,44,1,1,1,76,32.34225278,-101.06583611,51,1,0,2,0,0,1,0
480836,TEXAS,TX,2,0,3,329,4560,MIDLAND,19,5,May,2010,4,Wednesday,4,20,1,2,7,78,31.97104167,-102.25243889,12,3,0,1,0,0,1,0
480837,TEXAS,TX,1,0,7,261,0,ALAGANIK,21,5,May,2010,6,Friday,6,18,1,2,2,210,26.95600556,-97.79406944,1,2,0,1,0,0,1,0
480838,TEXAS,TX,1,0,3,501,0,DENVER CITY,22,5,May,2010,7,Saturday,14,28,0,6,4,0,33.18249444,-102.94264167,1,1,0,1,0,0,1,0
480839,TEXAS,TX,2,0,9,7,0,BIBB,29,5,May,2010,7,Saturday,16,58,1,1,1,181,31.34694444,-96.01258056,1,1,0,1,0,0,3,0
480840,TEXAS,TX,1,0,1,395,0,BREMOND,29,5,May,2010,7,Saturday,4,55,0,5,8,113,30.82768333,-96.52641667,1,2,0,1,0,0,1,1
480841,TEXAS,TX,1,1,2,329,4560,MIDLAND,2,6,June,2010,4,Wednesday,22,56,1,13,8,132,31.99021667,-102.10225833,9,3,0,1,0,0,1,0
480842,TEXAS,TX,2,0,4,73,3470,ARGO,3,6,June,2010,5,Thursday,14,20,1,13,2,105,31.97371389,-95.27770833,12,1,0,2,0,0,1,0
480843,TEXAS,TX,1,0,1,85,7620,BENTON,3,6,June,2010,5,Thursday,0,12,0,14,8,84,33.01095000,-96.57416944,33,2,0,10,0,0,1,1
480844,TEXAS,TX,3,0,5,185,0,ANAKTUVUK PASS,4,6,June,2010,6,Friday,10,11,1,2,3,74,30.35877778,-95.96188611,12,1,0,10,1,0,1,0
480845,TEXAS,TX,1,0,1,339,0,CONROE,4,6,June,2010,6,Friday,21,53,0,6,4,0,30.15868611,-95.31875000,11,2,0,10,0,0,1,0
480846,TEXAS,TX,1,0,2,419,0,CENTER,4,6,June,2010,6,Friday,15,39,0,3,3,208,31.89408889,-94.38769167,42,1,0,1,0,0,2,1
480847,TEXAS,TX,2,0,2,71,0,BRIDGEPORT,6,6,June,2010,1,Sunday,21,57,1,1,1,149,29.82831389,-94.45831944,25,2,0,1,0,0,1,0
480848,TEXAS,TX,1,0,2,27,0,ASHLAND,20,6,June,2010,1,Sunday,12,50,0,4,3,175,31.06052222,-97.22670833,32,1,0,1,0,0,2,0
480849,TEXAS,TX,2,0,2,185,9997,ANAKTUVUK PASS,22,6,June,2010,3,Tuesday,10,21,0,3,3,74,30.59461944,-96.07806667,12,1,0,1,0,0,1,0
480850,TEXAS,TX,2,0,2,365,0,BECKVILLE,22,6,June,2010,3,Tuesday,7,50,0,3,2,38,32.16335278,-94.38399167,12,1,0,1,0,0,2,0
480851,TEXAS,TX,2,0,3,113,1730,COTTONTON,24,6,June,2010,5,Thursday,23,33,1,12,7,102,32.67879722,-96.60866667,12,3,0,1,0,0,1,1
480852,TEXAS,TX,2,0,2,113,31,COTTONTON,25,6,June,2010,6,Friday,16,30,0,16,5,0,32.95198333,-96.83877778,12,1,0,1,0,0,1,0
480853,TEXAS,TX,1,0,1,185,0,ANAKTUVUK PASS,25,6,June,2010,6,Friday,1,1,0,5,8,67,30.30651389,-96.08364444,11,2,0,10,0,0,1,0
480854,TEXAS,TX,2,0,4,85,92,BENTON,26,6,June,2010,7,Saturday,0,5,0,16,5,0,33.11515000,-96.68753056,12,3,0,1,0,0,1,0
480855,TEXAS,TX,2,0,3,99,0,BEATRICE,26,6,June,2010,7,Saturday,12,40,0,3,3,250,31.32403889,-97.65070000,25,1,0,1,0,0,1,0
480856,TEXAS,TX,1,0,4,201,0,ANNETTE,27,6,June,2010,1,Sunday,22,40,0,6,4,0,29.68963889,-95.64470833,33,2,0,1,0,0,1,1
480857,TEXAS,TX,2,0,3,231,2860,CONCORD,27,6,June,2010,1,Sunday,5,0,1,11,7,149,33.12052500,-96.09479444,12,3,0,1,0,0,2,1
480858,TEXAS,TX,1,0,1,179,0,ALLENHURST,28,6,June,2010,2,Monday,12,8,0,3,3,29,35.53240833,-101.05214167,32,1,0,1,0,0,1,0
480859,TEXAS,TX,1,0,2,241,0,CLAYTON,28,6,June,2010,2,Monday,6,28,0,3,3,146,30.92390833,-94.06902778,42,1,0,1,0,0,1,0
480860,TEXAS,TX,1,0,1,369,0,BLACK,28,6,June,2010,2,Monday,2,55,1,2,2,33,34.37816667,-103.00144444,42,2,0,2,0,0,1,0
480861,TEXAS,TX,1,1,1,77,9997,ANDERSON,29,6,June,2010,3,Tuesday,18,49,1,2,2,39,33.86948889,-98.35177500,8,1,0,1,0,0,1,0
480862,TEXAS,TX,1,0,5,249,0,ELLAVILLE,29,6,June,2010,3,Tuesday,3,25,0,6,4,99999,27.37287222,-98.16591111,44,2,0,1,0,0,2,0
480863,TEXAS,TX,1,0,1,297,0,BETWEEN,11,1,January,2010,2,Monday,7,5,1,1,1,371,28.58443611,-98.20496944,1,4,0,1,0,0,1,0
480864,TEXAS,TX,2,1,5,491,5990,ANDERSON MILL,28,1,January,2010,5,Thursday,18,47,0,16,5,0,30.49628611,-97.66180556,8,3,0,2,0,0,1,0
480865,TEXAS,TX,1,1,1,61,3780,BELLWOOD,14,3,March,2010,1,Sunday,1,53,1,12,7,20,26.16521111,-97.83076389,9,2,0,1,0,0,1,1
480866,TEXAS,TX,1,0,5,349,1570,ANGUS,21,3,March,2010,1,Sunday,8,1,1,11,1,187,32.07728889,-96.44294444,1,1,0,2,0,0,1,1
480867,TEXAS,TX,1,0,1,223,0,BRASWELL,29,3,March,2010,2,Monday,10,39,1,1,1,228,33.14686111,-95.48776111,59,1,0,1,0,0,1,0
480868,TEXAS,TX,2,0,4,71,7244,BRIDGEPORT,1,4,April,2010,5,Thursday,4,29,1,1,1,127,29.83996389,-94.70506667,12,2,0,1,0,0,2,0
480869,TEXAS,TX,1,1,1,441,30,ABILENE,3,4,April,2010,7,Saturday,19,25,0,16,5,0,32.43176944,-99.73245278,9,5,0,1,0,0,1,0
480870,TEXAS,TX,2,0,4,113,2800,COTTONTON,8,4,April,2010,5,Thursday,17,34,1,13,3,13,32.74313333,-97.01374167,12,1,0,1,0,0,1,0
480871,TEXAS,TX,1,0,1,469,7190,BLOOMINGTON,9,4,April,2010,6,Friday,6,38,1,13,8,51,28.81743611,-96.96201944,34,4,0,1,0,0,1,0
480872,TEXAS,TX,1,1,1,395,3070,BREMOND,10,4,April,2010,7,Saturday,21,49,1,2,2,12,30.86923611,-96.60288611,8,2,0,10,0,0,1,0
480873,TEXAS,TX,1,0,1,465,0,COMSTOCK,10,4,April,2010,7,Saturday,18,19,1,2,2,8,30.09546111,-100.70596111,1,1,0,1,0,0,1,0
480874,TEXAS,TX,1,0,1,303,4140,DAVISBORO,14,4,April,2010,4,Wednesday,23,48,0,16,5,0,33.54872500,-101.83895000,25,3,0,1,0,0,1,1
480875,TEXAS,TX,1,1,1,121,0,BON AIR,13,4,April,2010,3,Tuesday,20,52,0,14,8,159,33.13188333,-97.28954722,8,2,0,1,0,0,1,0
480876,TEXAS,TX,1,0,1,465,0,COMSTOCK,16,4,April,2010,6,Friday,12,30,1,2,2,13,29.70608611,-101.31815833,24,1,0,1,0,0,1,0
480877,TEXAS,TX,2,0,2,453,3541,ANDERSON MILL,18,4,April,2010,1,Sunday,15,32,0,3,8,177,30.47686111,-97.95560833,12,1,0,1,0,0,1,1
480878,TEXAS,TX,1,1,1,441,30,ABILENE,22,4,April,2010,5,Thursday,23,51,1,11,1,20,32.49040556,-99.73572500,8,2,0,10,0,0,1,0
480879,TEXAS,TX,1,0,1,251,0,DOVER,5,5,May,2010,4,Wednesday,13,21,0,4,8,127,32.37123056,-97.45349722,1,1,0,1,0,0,1,0
480880,TEXAS,TX,2,1,3,37,6850,BRADFORD,7,5,May,2010,6,Friday,20,32,1,13,8,22,33.43593056,-94.05322222,8,3,0,1,0,0,1,0
480881,TEXAS,TX,1,1,1,439,2800,ARLINGTON,11,5,May,2010,3,Tuesday,9,50,0,16,5,0,32.58669444,-97.05975278,8,1,0,10,0,0,1,0
480882,TEXAS,TX,1,0,1,245,490,AUGUSTA,14,5,May,2010,6,Friday,23,24,1,1,1,185,30.05275000,-94.14330000,42,3,0,2,0,0,1,0
480883,TEXAS,TX,1,0,1,245,490,AUGUSTA,16,5,May,2010,1,Sunday,18,49,0,16,5,0,30.06161111,-94.16506389,34,1,0,1,0,0,1,1
480884,TEXAS,TX,1,0,1,463,0,CLINE,20,5,May,2010,5,Thursday,3,8,1,2,2,341,29.19182500,-99.78976111,30,3,0,1,0,0,1,1
480885,TEXAS,TX,1,0,1,113,1539,COTTONTON,21,5,May,2010,6,Friday,9,20,1,11,1,62,32.92383333,-96.99331389,21,1,0,1,0,0,1,0
480886,TEXAS,TX,2,0,3,329,0,MIDLAND,21,5,May,2010,6,Friday,22,13,1,13,8,11,31.89424167,-102.27148611,12,2,0,1,0,0,2,1
480887,TEXAS,TX,2,0,7,215,0,BIBB CITY,26,5,May,2010,4,Wednesday,18,40,0,6,4,0,26.28671944,-98.11784444,12,1,0,1,0,0,1,0
480888,TEXAS,TX,2,0,2,473,0,BROOKSHIRE,29,5,May,2010,7,Saturday,12,1,0,4,8,30,29.87417778,-95.91077222,12,1,0,1,0,0,1,0
480889,TEXAS,TX,1,0,3,13,0,BOLLING,30,5,May,2010,1,Sunday,4,11,1,1,1,181,28.82139167,-98.36187778,1,2,0,1,0,0,2,0
480890,TEXAS,TX,1,0,6,339,6536,CONROE,30,5,May,2010,1,Sunday,6,55,1,2,2,18,30.24945556,-95.15229167,39,1,0,1,0,0,1,0
480891,TEXAS,TX,1,0,1,213,2938,CARTERS,1,6,June,2010,3,Tuesday,20,56,0,16,5,0,32.33567222,-96.15151944,32,3,0,1,0,0,1,1
480892,TEXAS,TX,2,0,3,445,920,BROWNFIELD,2,6,June,2010,4,Wednesday,15,6,1,13,2,207,33.16108611,-102.29168333,12,1,0,1,0,0,2,0
480893,TEXAS,TX,3,0,4,481,4128,BOLING,3,6,June,2010,5,Thursday,18,35,1,2,2,364,29.11210556,-96.41813889,12,1,0,2,0,0,1,0
480894,TEXAS,TX,1,0,2,155,0,IRWIN,5,6,June,2010,7,Saturday,0,23,0,6,4,0,33.89998611,-99.69547778,35,2,0,1,0,0,1,1
480895,TEXAS,TX,2,0,2,241,0,CLAYTON,8,6,June,2010,3,Tuesday,22,48,1,2,2,108,31.05646389,-93.98340278,12,2,0,1,0,0,1,0
480896,TEXAS,TX,2,0,2,339,0,CONROE,8,6,June,2010,3,Tuesday,12,8,0,4,8,32,30.14872778,-95.16047222,12,1,0,2,0,0,1,0
480897,TEXAS,TX,1,0,1,27,3027,ASHLAND,9,6,June,2010,4,Wednesday,2,13,0,14,8,18,31.07506389,-97.65352222,33,3,0,10,0,0,1,1
480898,TEXAS,TX,1,1,1,355,1550,AGUA DULCE,11,6,June,2010,6,Friday,3,2,1,12,7,78,27.78441667,-97.49087222,8,2,0,1,0,0,1,0
480899,TEXAS,TX,2,0,3,361,0,BRIDGE CITY,12,6,June,2010,7,Saturday,3,0,0,3,3,118,30.10465000,-93.82062500,12,2,0,1,0,0,2,1
480900,TEXAS,TX,2,0,2,339,0,CONROE,13,6,June,2010,1,Sunday,17,0,0,4,8,116,30.24290278,-95.38450278,12,1,0,1,0,0,1,1
480901,TEXAS,TX,1,0,2,453,330,ANDERSON MILL,13,6,June,2010,1,Sunday,0,36,0,16,5,0,30.34397222,-97.67843611,33,3,0,1,0,0,1,1
480902,TEXAS,TX,1,0,1,201,0,ANNETTE,19,6,June,2010,7,Saturday,17,55,1,13,3,58,30.01031111,-95.58941111,33,1,0,1,0,0,1,1
480903,TEXAS,TX,2,0,6,497,0,ALVORD,21,6,June,2010,2,Monday,18,49,1,2,2,140,33.28427222,-97.63151667,14,1,0,1,0,0,3,0
480904,TEXAS,TX,1,0,2,37,6850,BRADFORD,22,6,June,2010,3,Tuesday,2,59,1,13,2,15,33.42408889,-94.06805833,33,3,0,1,0,0,1,1
480905,TEXAS,TX,2,0,2,35,0,BROOKLYN,25,6,June,2010,6,Friday,11,20,0,3,3,74,32.05214722,-97.58890278,12,1,0,1,0,0,1,0
480906,TEXAS,TX,2,0,4,213,300,CARTERS,25,6,June,2010,6,Friday,14,10,0,14,8,261,32.22804722,-95.82423333,12,1,0,2,0,0,1,0
480907,TEXAS,TX,1,0,1,141,2190,BEE BRANCH,18,1,January,2010,2,Monday,1,45,1,11,7,339,31.71070278,-106.29476389,1,2,0,1,0,0,1,1
480908,TEXAS,TX,2,0,3,29,0,BORDEN SPRINGS,14,2,February,2010,1,Sunday,2,24,0,4,8,110,29.30511111,-98.66662500,12,3,0,1,0,0,1,1
480909,TEXAS,TX,3,0,5,201,3280,ANNETTE,13,3,March,2010,7,Saturday,22,10,0,16,5,0,29.82597500,-95.49385000,12,3,0,1,0,0,1,1
480910,TEXAS,TX,2,0,2,97,0,AXIS,4,4,April,2010,1,Sunday,18,49,0,4,8,129,33.69594167,-97.03283889,12,1,0,1,0,0,1,1
480911,TEXAS,TX,1,0,5,343,0,CASON,4,4,April,2010,1,Sunday,8,50,0,3,3,26,33.07967500,-94.77763611,1,1,0,1,0,0,1,0
480912,TEXAS,TX,1,0,1,85,0,BENTON,7,4,April,2010,4,Wednesday,15,20,0,5,8,24,33.21326944,-96.41618611,59,1,0,1,0,0,1,0
480913,TEXAS,TX,1,0,2,231,1109,CONCORD,8,4,April,2010,5,Thursday,21,32,1,2,3,11,33.14912222,-95.95956667,59,2,0,1,0,0,1,0
480914,TEXAS,TX,1,0,1,201,3280,ANNETTE,9,4,April,2010,6,Friday,2,2,1,11,1,69,29.78098611,-95.45346111,25,3,0,1,0,0,1,1
480915,TEXAS,TX,1,0,1,67,0,ABBEVILLE,10,4,April,2010,7,Saturday,13,0,0,4,8,17,33.15839167,-94.52284722,42,1,0,1,0,0,1,1