ST_CASE,State Name,State Abbreviation,VE_TOTAL,Pedestrains,Total_Persons_in_accident,COUNTY,CITY,City_County_Name,Calendar_DAY,MONTH,Month_Name,YEAR,DAY_WEEK,Day_Week_desc,HOUR,MINUTE,NHS_Desc,trafficway,ROUTE,MILEPT,LATITUDE,LONGITUD,First_Crash_event,Light_cond_desc,Weather_condition,WEATHER,SCH_BUS,Crash_cause,FATALS,DRUNK_DR
480916,TEXAS,TX,1,1,1,201,3280,ANNETTE,10,4,April,2010,7,Saturday,0,21,1,12,2,28,29.63586667,-95.49385833,8,2,0,1,0,0,1,0
480917,TEXAS,TX,1,0,4,201,3280,ANNETTE,11,4,April,2010,1,Sunday,14,24,1,12,2,37,29.81370000,-95.33533611,25,1,0,1,0,0,1,1
480918,TEXAS,TX,1,0,5,201,3280,ANNETTE,11,4,April,2010,1,Sunday,22,5,1,12,2,34,29.63914444,-95.48494444,33,2,0,1,0,0,1,1
480919,TEXAS,TX,2,0,3,181,0,LINCOLN,13,4,April,2010,3,Tuesday,6,53,0,3,3,225,33.62788056,-96.64509167,12,4,0,1,0,0,1,0
480920,TEXAS,TX,1,0,1,113,1730,COTTONTON,16,4,April,2010,6,Friday,1,20,0,16,5,0,32.70457778,-96.80706111,39,3,0,10,0,0,1,1
480921,TEXAS,TX,1,0,2,201,3280,ANNETTE,19,4,April,2010,2,Monday,21,23,1,13,3,135,29.74304167,-95.64437778,42,3,0,1,0,0,1,1
480922,TEXAS,TX,3,0,5,51,0,CENTRAL,21,4,April,2010,4,Wednesday,11,50,0,3,8,48,30.44803611,-96.52593889,12,1,0,1,0,0,1,0
480923,TEXAS,TX,2,0,2,355,1550,AGUA DULCE,23,4,April,2010,6,Friday,12,30,1,13,3,105,27.69833611,-97.41016944,12,1,0,1,0,0,1,0
480924,TEXAS,TX,1,1,1,157,5760,ARCADE,24,4,April,2010,7,Saturday,22,56,1,13,8,180,29.57846111,-95.77042222,8,3,0,1,0,0,1,0
480925,TEXAS,TX,2,0,2,485,7490,BURKBURNETT,24,4,April,2010,7,Saturday,17,54,0,14,8,8,33.94940000,-98.51425000,12,1,0,1,0,0,1,1
480927,TEXAS,TX,1,0,1,201,3280,ANNETTE,1,5,May,2010,7,Saturday,22,14,1,11,7,154,29.68249167,-95.27522500,30,2,0,1,0,0,1,1
480928,TEXAS,TX,1,0,9,39,0,ANDALUSIA,2,5,May,2010,1,Sunday,0,20,0,5,8,62,28.89730556,-95.49560833,1,2,0,10,0,0,3,1
480929,TEXAS,TX,1,0,2,121,0,BON AIR,2,5,May,2010,1,Sunday,17,32,0,3,8,37,33.35723056,-97.32783056,1,1,0,1,0,0,1,0
480930,TEXAS,TX,1,0,1,257,0,AVALON,4,5,May,2010,3,Tuesday,0,41,0,5,8,0,32.36361111,-96.32776944,1,2,0,1,0,0,1,1
480931,TEXAS,TX,1,0,2,201,3280,ANNETTE,5,5,May,2010,4,Wednesday,0,54,0,16,5,0,29.72567222,-95.54893889,42,3,0,1,0,0,1,1
480932,TEXAS,TX,1,0,1,343,0,CASON,5,5,May,2010,4,Wednesday,9,2,0,3,2,93,33.18821389,-94.78739444,53,1,0,1,0,0,1,0
480933,TEXAS,TX,1,0,1,181,0,LINCOLN,6,5,May,2010,5,Thursday,4,30,0,4,8,282,33.42191389,-96.62323333,11,2,0,1,0,0,1,0
480934,TEXAS,TX,1,0,1,67,0,ABBEVILLE,7,5,May,2010,6,Friday,14,5,0,3,3,63,32.96820278,-94.44774722,1,1,0,1,0,0,1,0
480935,TEXAS,TX,1,0,2,121,0,BON AIR,7,5,May,2010,6,Friday,21,25,0,6,4,0,33.13650833,-97.10985000,38,2,0,1,0,0,1,0
480936,TEXAS,TX,1,0,2,277,0,BROOKFIELD,7,5,May,2010,6,Friday,21,19,0,4,8,63,33.80375556,-95.63032222,35,2,0,10,0,0,1,1
480937,TEXAS,TX,2,0,2,231,0,CONCORD,8,5,May,2010,7,Saturday,8,18,0,4,8,54,33.02116944,-96.00221389,12,1,0,1,0,0,1,0
480938,TEXAS,TX,1,1,2,71,0,BRIDGEPORT,9,5,May,2010,1,Sunday,2,13,1,1,1,47,29.82778056,-94.82763333,8,2,0,1,0,0,1,0
480939,TEXAS,TX,1,0,1,201,3280,ANNETTE,11,5,May,2010,3,Tuesday,11,36,0,16,5,0,29.84946667,-95.37945000,32,1,0,1,0,0,1,0
480940,TEXAS,TX,1,2,1,139,0,CALION,15,5,May,2010,7,Saturday,23,45,0,14,8,131,32.40135000,-97.03074167,9,2,0,1,0,0,1,1
480941,TEXAS,TX,2,0,2,67,0,ABBEVILLE,16,5,May,2010,1,Sunday,4,19,0,6,4,0,33.03727778,-94.16536389,12,3,0,1,0,0,1,0
480942,TEXAS,TX,1,0,2,67,0,ABBEVILLE,16,5,May,2010,1,Sunday,19,57,0,6,4,0,33.05174722,-94.33636389,1,1,0,1,0,0,1,1
480943,TEXAS,TX,3,0,3,201,3280,ANNETTE,16,5,May,2010,1,Sunday,6,13,1,12,8,34,29.63312222,-95.50084722,26,4,0,10,0,0,2,0
480944,TEXAS,TX,2,0,2,387,210,ANNONA,16,5,May,2010,1,Sunday,22,10,1,2,2,243,33.58708333,-94.92021667,12,3,0,1,0,0,1,0
480945,TEXAS,TX,1,0,1,491,0,ANDERSON MILL,16,5,May,2010,1,Sunday,7,28,0,6,4,0,30.57944167,-97.78721389,38,2,0,1,0,0,1,1
480946,TEXAS,TX,1,1,1,113,1730,COTTONTON,18,5,May,2010,3,Tuesday,22,0,0,16,5,0,32.66902778,-96.76054722,8,3,0,1,0,0,2,0
480947,TEXAS,TX,1,0,1,85,2520,BENTON,27,5,May,2010,5,Thursday,16,20,0,16,5,0,33.09338611,-96.82273056,33,1,0,1,0,0,1,0
480948,TEXAS,TX,1,0,1,139,0,CALION,27,5,May,2010,5,Thursday,0,26,0,14,8,56,32.41356667,-96.91349167,42,2,0,1,0,0,1,1
480949,TEXAS,TX,1,0,2,343,0,CASON,28,5,May,2010,6,Friday,21,23,0,3,3,30,33.08021667,-94.78419444,1,2,0,1,0,0,1,0
480950,TEXAS,TX,1,0,3,37,0,BRADFORD,30,5,May,2010,1,Sunday,15,28,1,1,1,209,33.47373611,-94.40358056,1,1,0,1,0,0,1,0
480951,TEXAS,TX,1,0,1,231,0,CONCORD,1,6,June,2010,3,Tuesday,21,31,1,1,7,65,33.02134722,-96.20101111,1,2,0,1,0,0,1,0
480952,TEXAS,TX,2,0,3,169,0,BRADLEY,2,6,June,2010,4,Wednesday,23,23,1,2,2,47,33.30148056,-101.51131111,12,2,0,1,0,0,2,1
480953,TEXAS,TX,2,0,3,181,0,LINCOLN,4,6,June,2010,6,Friday,11,29,1,2,2,13,33.66355833,-96.92306111,12,1,0,1,0,0,1,0
480954,TEXAS,TX,1,0,1,223,0,BRASWELL,4,6,June,2010,6,Friday,0,4,0,3,3,32,33.02860000,-95.40945833,42,2,0,1,0,0,1,0
480955,TEXAS,TX,1,0,5,37,0,BRADFORD,5,6,June,2010,7,Saturday,5,13,1,1,1,29,33.33859444,-94.66483333,1,2,0,10,0,0,1,0
480956,TEXAS,TX,1,0,2,349,0,ANGUS,6,6,June,2010,1,Sunday,22,40,0,5,8,94,32.17249722,-96.26555000,42,2,0,1,0,0,1,1
480957,TEXAS,TX,1,0,2,67,0,ABBEVILLE,9,6,June,2010,4,Wednesday,8,2,0,4,8,205,32.93014722,-94.10462778,42,1,0,10,0,0,1,0
480958,TEXAS,TX,1,0,1,135,0,ASH FLAT,9,6,June,2010,4,Wednesday,20,3,0,6,4,0,31.74225556,-102.35178611,11,1,0,1,0,0,1,0
480959,TEXAS,TX,1,0,3,365,0,BECKVILLE,10,6,June,2010,5,Thursday,3,53,0,4,8,42,32.21430833,-94.17124167,35,2,0,10,0,0,2,0
480960,TEXAS,TX,2,0,2,231,0,CONCORD,12,6,June,2010,7,Saturday,11,35,1,2,3,32,32.94464722,-96.10735833,12,1,0,1,0,0,1,0
480961,TEXAS,TX,2,0,3,177,0,LEE,13,6,June,2010,1,Sunday,18,6,1,2,2,264,29.41445833,-97.38013889,12,1,0,1,0,0,1,1
480962,TEXAS,TX,2,0,3,339,0,CONROE,13,6,June,2010,1,Sunday,16,10,0,4,8,200,30.34223056,-95.69753889,12,1,0,1,0,0,1,0
480963,TEXAS,TX,2,0,2,113,1730,COTTONTON,14,6,June,2010,2,Monday,5,57,0,16,5,0,32.83662778,-96.76792500,12,4,0,10,0,0,1,0
480964,TEXAS,TX,1,0,1,459,0,BETTIE,14,6,June,2010,2,Monday,23,55,0,3,2,157,32.69236944,-94.75094167,24,2,0,1,0,0,1,1
480965,TEXAS,TX,1,1,1,329,4560,MIDLAND,15,6,June,2010,3,Tuesday,7,52,1,11,7,130,31.96759167,-102.09603333,9,1,0,1,0,0,1,0
480966,TEXAS,TX,1,0,1,449,0,COOKVILLE,15,6,June,2010,3,Tuesday,21,48,0,5,8,59,33.21696944,-94.90621111,1,2,0,1,0,0,1,1
480967,TEXAS,TX,1,0,1,113,4530,COTTONTON,17,6,June,2010,5,Thursday,0,7,0,16,5,0,32.74557500,-96.58104722,33,3,0,1,0,0,1,1
480968,TEXAS,TX,2,0,2,309,7210,ALAMO,17,6,June,2010,5,Thursday,10,35,0,16,5,0,31.54518056,-97.16928611,14,1,0,1,0,0,1,0
480969,TEXAS,TX,2,0,2,451,6080,CARLSBAD,17,6,June,2010,5,Thursday,22,23,0,14,8,26,31.42381111,-100.40918056,12,3,0,1,0,0,1,1
480970,TEXAS,TX,1,0,5,177,0,LEE,18,6,June,2010,6,Friday,20,10,0,4,8,65,29.57942778,-97.47138889,1,1,0,1,0,0,1,0
480971,TEXAS,TX,1,0,2,239,0,GEORGETOWN,18,6,June,2010,6,Friday,7,20,1,2,2,132,28.96076389,-96.68181111,1,1,0,1,0,0,1,0
480972,TEXAS,TX,2,0,2,329,4560,MIDLAND,18,6,June,2010,6,Friday,6,15,1,11,7,163,31.96753611,-102.09383333,1,4,0,1,0,0,1,0
480973,TEXAS,TX,1,0,2,453,330,ANDERSON MILL,18,6,June,2010,6,Friday,21,22,1,12,7,182,30.25125000,-97.80668611,33,3,0,1,0,0,1,0
480974,TEXAS,TX,4,0,4,113,1730,COTTONTON,19,6,June,2010,7,Saturday,3,25,1,11,1,124,32.91480556,-96.86589722,1,6,0,1,0,0,1,0
480975,TEXAS,TX,1,0,2,201,3280,ANNETTE,20,6,June,2010,1,Sunday,1,5,1,11,7,316,29.86424722,-95.40451389,30,3,0,1,0,0,1,1
480976,TEXAS,TX,1,0,1,139,0,CALION,22,6,June,2010,3,Tuesday,7,5,0,3,8,53,32.36492778,-96.93531389,1,1,0,1,0,0,1,1
480977,TEXAS,TX,1,0,1,215,0,BIBB CITY,23,6,June,2010,4,Wednesday,3,45,1,12,2,116,26.23848889,-98.41132500,20,3,0,1,0,0,1,1
480978,TEXAS,TX,2,0,2,211,0,APALACHEE,24,6,June,2010,5,Thursday,8,30,1,2,2,107,35.83467500,-100.39707222,12,1,0,1,0,0,1,0
480979,TEXAS,TX,1,0,6,113,1730,COTTONTON,25,6,June,2010,6,Friday,2,25,1,13,3,84,32.67030000,-96.78294722,30,3,0,1,0,0,1,1
480980,TEXAS,TX,2,0,3,135,0,ASH FLAT,25,6,June,2010,6,Friday,4,31,1,13,8,146,31.88382500,-102.29126111,12,2,0,1,0,0,1,1
480981,TEXAS,TX,1,1,1,229,0,BLACKSHEAR,25,6,June,2010,6,Friday,1,14,1,1,1,505,31.15075278,-105.27415000,8,2,0,1,0,0,1,0
480982,TEXAS,TX,1,0,1,19,0,CEDAR BLUFF,26,6,June,2010,7,Saturday,19,44,0,4,8,97,29.63128611,-98.88514167,59,1,0,1,0,0,1,1
480983,TEXAS,TX,2,0,4,187,0,DAHLONEGA,26,6,June,2010,7,Saturday,10,59,0,3,2,245,29.56173611,-97.80158056,12,1,0,1,0,0,1,0
480984,TEXAS,TX,2,0,2,201,1629,ANNETTE,27,6,June,2010,1,Sunday,20,1,1,13,7,175,29.88232222,-95.06316389,12,1,0,10,0,0,1,1
480985,TEXAS,TX,2,0,2,229,0,BLACKSHEAR,28,6,June,2010,2,Monday,18,27,1,1,1,397,31.19673333,-105.44685556,12,1,0,1,0,0,1,0
480986,TEXAS,TX,2,0,2,493,0,FLORESVILLE,28,6,June,2010,2,Monday,17,40,0,6,4,0,29.27623611,-98.24708333,12,1,0,1,0,0,1,0
480987,TEXAS,TX,2,0,2,453,0,ANDERSON MILL,30,6,June,2010,4,Wednesday,13,18,1,13,2,307,30.16438611,-97.69300556,12,1,0,10,0,0,1,0
480988,TEXAS,TX,2,0,2,251,0,DOVER,29,5,May,2010,7,Saturday,2,56,0,15,8,183,32.51640278,-97.15458889,12,2,0,1,0,0,1,1
480989,TEXAS,TX,1,0,2,485,7490,BURKBURNETT,21,1,January,2010,5,Thursday,2,51,0,16,5,0,33.89061667,-98.52714444,33,3,0,10,0,0,1,1
480990,TEXAS,TX,2,0,2,157,4655,ARCADE,10,2,February,2010,4,Wednesday,12,34,1,13,3,64,29.56315278,-95.56224722,12,1,0,1,0,0,1,0
480991,TEXAS,TX,2,0,5,113,1730,COTTONTON,12,2,February,2010,6,Friday,23,50,1,12,3,153,32.69134444,-96.83922500,12,2,0,10,0,0,1,0
480992,TEXAS,TX,1,0,1,137,0,ALCO,24,2,February,2010,4,Wednesday,9,52,1,2,2,133,30.10652500,-100.69896667,59,1,0,1,0,0,1,0
480993,TEXAS,TX,2,0,2,167,3850,ADRIAN,17,3,March,2010,4,Wednesday,7,12,1,13,8,44,29.39233333,-95.05277778,33,2,0,5,0,0,2,0
480994,TEXAS,TX,1,0,1,485,7490,BURKBURNETT,18,3,March,2010,5,Thursday,9,37,1,13,8,66,33.92737500,-98.53626389,42,1,0,1,0,0,1,0
480995,TEXAS,TX,1,0,1,471,3340,DODGE,20,3,March,2010,7,Saturday,3,37,1,11,1,121,30.67683611,-95.52093056,57,2,0,1,0,0,1,1
480996,TEXAS,TX,4,0,9,215,4197,BIBB CITY,24,3,March,2010,4,Wednesday,17,59,1,13,3,73,26.20342778,-98.23006944,12,1,0,1,0,0,1,0
480997,TEXAS,TX,1,0,1,201,3280,ANNETTE,3,4,April,2010,7,Saturday,15,48,1,11,1,145,29.78439167,-95.57397500,2,1,0,1,0,0,1,1
480998,TEXAS,TX,2,0,2,361,5100,BRIDGE CITY,11,4,April,2010,1,Sunday,21,44,0,14,8,115,30.14943056,-93.78102222,12,2,0,1,0,0,1,1
480999,TEXAS,TX,2,0,4,477,0,BRENHAM,11,4,April,2010,1,Sunday,2,50,1,2,2,284,30.13131389,-96.22307222,14,2,0,1,0,0,1,0
481000,TEXAS,TX,1,1,1,187,4870,DAHLONEGA,15,4,April,2010,5,Thursday,18,41,0,16,5,0,29.67463056,-98.11015278,8,1,0,10,0,0,1,0
481001,TEXAS,TX,1,1,2,113,1730,COTTONTON,1,5,May,2010,7,Saturday,22,25,1,13,8,220,32.71266111,-96.71733611,8,3,0,10,0,0,1,0
481002,TEXAS,TX,2,0,2,309,7210,ALAMO,1,5,May,2010,7,Saturday,17,30,0,16,5,0,31.54604444,-97.16765556,33,1,0,1,0,0,1,0
481003,TEXAS,TX,2,0,2,121,250,BON AIR,2,5,May,2010,1,Sunday,15,39,1,13,8,106,33.15355833,-96.89086389,12,1,0,1,0,0,1,1
481004,TEXAS,TX,1,0,2,257,0,AVALON,16,5,May,2010,1,Sunday,18,47,0,6,4,0,32.58428333,-96.14281667,38,1,0,1,0,0,2,1
481005,TEXAS,TX,1,1,1,201,3280,ANNETTE,23,5,May,2010,1,Sunday,18,16,0,16,5,0,29.76678611,-95.41044444,8,1,0,1,0,0,1,1
481006,TEXAS,TX,1,2,2,167,3850,ADRIAN,25,5,May,2010,3,Tuesday,21,23,1,13,8,33,29.37860556,-94.99569722,8,2,0,1,0,0,1,0
481007,TEXAS,TX,4,0,9,257,0,AVALON,28,5,May,2010,6,Friday,18,25,1,1,1,142,32.66830833,-96.14575000,12,1,0,1,0,0,3,0
481008,TEXAS,TX,1,1,1,135,0,ASH FLAT,4,6,June,2010,6,Friday,7,55,1,13,8,273,31.91447500,-102.32447222,9,1,0,1,0,0,1,0
481009,TEXAS,TX,2,0,3,213,300,CARTERS,9,6,June,2010,4,Wednesday,23,31,0,14,8,205,32.20261667,-95.90626389,14,2,0,2,0,0,1,0
481010,TEXAS,TX,2,0,3,361,0,BRIDGE CITY,9,6,June,2010,4,Wednesday,20,50,0,4,8,7,30.23288889,-94.02160833,12,3,0,1,0,0,1,0
481011,TEXAS,TX,1,0,1,29,6090,BORDEN SPRINGS,2,1,January,2010,7,Saturday,2,28,0,16,5,0,29.57261389,-98.54876111,33,3,0,1,0,0,1,1
481012,TEXAS,TX,1,0,1,29,6090,BORDEN SPRINGS,8,1,January,2010,6,Friday,16,37,0,16,5,0,29.42195556,-98.43161389,24,9,0,1,0,0,1,1
481013,TEXAS,TX,2,0,2,29,6090,BORDEN SPRINGS,22,1,January,2010,6,Friday,11,28,1,13,8,120,29.46989167,-98.57145000,12,1,0,1,0,0,1,0
481014,TEXAS,TX,2,0,5,29,6090,BORDEN SPRINGS,6,2,February,2010,7,Saturday,0,13,0,16,5,0,29.57420278,-98.58566667,12,3,0,1,0,0,1,1
481015,TEXAS,TX,1,0,2,29,6090,BORDEN SPRINGS,20,3,March,2010,7,Saturday,1,34,0,16,5,0,29.55705278,-98.51622778,42,3,0,10,0,0,1,1
481016,TEXAS,TX,1,0,1,29,6090,BORDEN SPRINGS,27,3,March,2010,7,Saturday,1,22,1,11,1,317,29.50016667,-98.39991667,25,3,0,1,0,0,1,1
481017,TEXAS,TX,1,0,1,113,1730,COTTONTON,3,4,April,2010,7,Saturday,16,40,1,11,1,131,32.77159167,-96.81093889,25,1,0,10,0,0,1,0
481018,TEXAS,TX,2,0,5,29,6090,BORDEN SPRINGS,4,4,April,2010,1,Sunday,1,49,1,11,1,237,29.44028889,-98.48515833,12,3,0,1,0,0,1,1
481019,TEXAS,TX,2,0,2,29,6090,BORDEN SPRINGS,6,4,April,2010,3,Tuesday,19,10,0,16,5,0,29.52949722,-98.59403333,12,1,0,1,0,0,1,0
481020,TEXAS,TX,2,0,1,363,4630,BRAZOS,11,4,April,2010,1,Sunday,6,10,0,16,5,0,32.80278611,-98.08810556,33,2,0,1,0,0,1,0
481021,TEXAS,TX,2,0,5,29,0,BORDEN SPRINGS,13,4,April,2010,3,Tuesday,9,29,0,14,2,122,29.29390278,-98.36239722,12,1,0,10,0,0,1,0
481022,TEXAS,TX,1,0,1,29,6090,BORDEN SPRINGS,21,4,April,2010,4,Wednesday,2,20,1,12,2,136,29.54075556,-98.49222222,34,3,0,1,0,0,1,1
481023,TEXAS,TX,2,0,2,29,6090,BORDEN SPRINGS,30,4,April,2010,6,Friday,2,20,0,4,8,69,29.47849722,-98.29613611,12,2,0,10,0,0,1,1
481024,TEXAS,TX,2,0,2,157,5970,ARCADE,6,5,May,2010,5,Thursday,9,50,1,2,2,204,29.53274722,-95.86073056,12,1,0,1,0,0,1,0
481025,TEXAS,TX,1,0,15,507,0,BATESVILLE,9,5,May,2010,1,Sunday,9,30,0,3,2,33,28.93260000,-99.80229444,32,1,0,10,0,0,1,0
481026,TEXAS,TX,1,0,1,485,1020,BURKBURNETT,13,5,May,2010,5,Thursday,19,51,1,11,1,137,34.09124722,-98.55753333,24,1,0,10,0,0,1,1
481028,TEXAS,TX,1,0,1,187,4252,DAHLONEGA,16,5,May,2010,1,Sunday,2,6,0,14,8,154,29.59346111,-98.02991111,1,2,0,1,0,0,1,1
481029,TEXAS,TX,1,0,2,29,6090,BORDEN SPRINGS,20,5,May,2010,5,Thursday,2,37,1,12,2,88,29.39245833,-98.66323333,1,2,0,1,0,0,1,1
481030,TEXAS,TX,1,0,1,241,3480,CLAYTON,22,5,May,2010,7,Saturday,15,46,0,14,8,28,30.91535000,-94.01930000,35,1,0,1,0,0,1,1
481031,TEXAS,TX,4,0,5,39,0,ANDALUSIA,24,5,May,2010,2,Monday,13,35,0,4,8,69,29.35771667,-95.35141389,12,1,0,1,0,0,1,0
481032,TEXAS,TX,2,0,3,231,2860,CONCORD,26,5,May,2010,4,Wednesday,14,51,1,13,2,59,33.12054167,-96.11093056,12,1,0,1,0,0,1,0
481033,TEXAS,TX,3,0,2,303,4140,DAVISBORO,26,5,May,2010,4,Wednesday,23,2,0,14,8,40,33.59231389,-101.95716389,12,3,0,1,0,0,1,1
481034,TEXAS,TX,2,0,2,29,6090,BORDEN SPRINGS,28,5,May,2010,6,Friday,0,15,1,11,1,141,29.48838889,-98.58366667,26,3,0,1,0,0,1,1
481035,TEXAS,TX,1,1,1,215,0,BIBB CITY,28,5,May,2010,6,Friday,21,25,0,14,8,89,26.31672778,-98.01468889,8,2,0,1,0,0,1,0
481036,TEXAS,TX,2,0,2,361,0,BRIDGE CITY,28,5,May,2010,6,Friday,4,20,1,13,3,28,99.99990000,999.99990000,12,3,0,1,0,0,1,0
481037,TEXAS,TX,3,0,3,439,364,ARLINGTON,28,5,May,2010,6,Friday,6,24,0,14,8,38,32.93940833,-97.54350556,12,1,0,1,0,0,1,0
481038,TEXAS,TX,1,1,1,337,800,BELCHERVILLE,30,5,May,2010,1,Sunday,4,44,0,16,5,0,33.56829167,-97.84610833,8,3,0,1,0,0,1,0
481039,TEXAS,TX,1,0,1,29,6090,BORDEN SPRINGS,31,5,May,2010,2,Monday,0,5,1,11,7,144,29.33773056,-98.56629722,1,2,0,1,0,0,1,1
481040,TEXAS,TX,2,0,4,185,0,ANAKTUVUK PASS,1,4,April,2010,5,Thursday,12,10,0,3,3,59,30.59987778,-96.10193056,12,1,0,1,0,0,1,1
481041,TEXAS,TX,1,0,2,353,6720,BLACKWELL,15,5,May,2010,7,Saturday,10,20,1,1,1,170,32.45955278,-100.38606944,1,1,0,2,0,0,1,0
481042,TEXAS,TX,1,0,1,149,0,BELLEVILLE,17,7,July,2010,7,Saturday,0,35,0,4,8,15,30.07729167,-96.67706667,41,2,0,1,0,0,1,1
481043,TEXAS,TX,1,1,2,381,0,AMARILLO,17,7,July,2010,7,Saturday,8,22,0,4,2,192,34.85627222,-101.89943333,9,1,0,1,0,0,1,0
481044,TEXAS,TX,1,1,1,439,2255,ARLINGTON,18,7,July,2010,1,Sunday,22,16,1,13,8,74,32.82972222,-97.09968889,8,3,0,1,0,0,1,0
481045,TEXAS,TX,2,0,2,373,0,ACE,20,7,July,2010,3,Tuesday,17,15,0,15,8,140,30.64920556,-94.99739167,12,1,0,1,0,0,1,0
481046,TEXAS,TX,1,0,1,453,0,ANDERSON MILL,13,6,June,2010,1,Sunday,20,33,0,4,4,244,30.40407778,-97.87137500,33,5,0,1,0,0,1,1
481048,TEXAS,TX,4,0,6,245,0,AUGUSTA,21,6,June,2010,2,Monday,10,25,1,2,3,121,29.84861111,-94.13433611,45,1,0,1,0,0,1,0
481049,TEXAS,TX,1,0,1,289,0,ALLENTOWN,23,6,June,2010,4,Wednesday,8,5,0,4,3,9,31.46881667,-96.09317500,52,1,0,1,0,0,1,1
481050,TEXAS,TX,1,0,1,13,0,BOLLING,1,7,July,2010,5,Thursday,16,57,0,4,8,22,29.04387500,-98.65372778,42,1,0,1,0,0,1,0
481051,TEXAS,TX,2,0,5,291,0,BLAIRSVILLE,1,7,July,2010,5,Thursday,17,25,0,6,4,0,30.36604444,-94.97978056,12,1,0,2,0,0,1,0
481052,TEXAS,TX,2,0,3,491,3925,ANDERSON MILL,1,7,July,2010,5,Thursday,22,0,0,15,8,111,30.58284167,-97.83574167,12,3,0,2,0,0,1,1
481053,TEXAS,TX,1,0,1,29,6090,BORDEN SPRINGS,2,7,July,2010,6,Friday,22,8,0,16,5,0,29.55225556,-98.50745278,42,6,0,98,0,0,1,1
481054,TEXAS,TX,1,4,4,201,0,ANNETTE,2,7,July,2010,6,Friday,20,58,0,6,4,0,29.93372778,-95.55372222,8,2,0,10,0,0,1,0
481055,TEXAS,TX,2,0,2,201,3280,ANNETTE,2,7,July,2010,6,Friday,5,50,0,16,5,0,29.80673611,-95.46694167,12,3,0,2,0,0,1,1
481056,TEXAS,TX,1,0,1,253,0,DONALSONVILLE,2,7,July,2010,6,Friday,21,45,0,3,2,172,32.79177500,-99.94051389,1,2,0,2,0,0,1,1
481057,TEXAS,TX,1,0,3,479,3899,AGUILARES,2,7,July,2010,6,Friday,18,54,0,16,5,0,27.45056111,-99.45811389,5,1,0,2,0,0,1,0
481058,TEXAS,TX,1,0,2,481,0,BOLING,3,7,July,2010,7,Saturday,20,52,0,4,8,117,29.25375556,-95.93098611,38,2,0,10,0,0,1,1
481059,TEXAS,TX,2,0,2,113,1730,COTTONTON,4,7,July,2010,1,Sunday,18,29,0,16,5,0,32.71587222,-96.77051111,12,1,0,1,0,0,1,1
481060,TEXAS,TX,1,0,1,339,6884,CONROE,4,7,July,2010,1,Sunday,3,0,0,6,4,0,30.15798889,-95.50943056,30,3,0,1,0,0,1,1
481061,TEXAS,TX,2,0,2,453,330,ANDERSON MILL,4,7,July,2010,1,Sunday,22,19,0,16,5,0,30.22779722,-97.76134167,12,3,0,1,0,0,1,1
481062,TEXAS,TX,1,0,5,457,0,CHESTER,4,7,July,2010,1,Sunday,22,30,0,5,8,133,30.83524167,-94.45418889,1,2,0,10,0,0,1,0
481063,TEXAS,TX,1,1,1,57,0,BANKSTON,5,7,July,2010,2,Monday,10,35,0,3,8,31,28.65392222,-96.65915278,9,1,0,1,1,0,1,0
481064,TEXAS,TX,1,0,1,121,1840,BON AIR,5,7,July,2010,2,Monday,2,4,1,11,1,108,33.19463889,-97.12826389,30,3,0,10,0,0,1,0
481065,TEXAS,TX,2,0,3,201,0,ANNETTE,6,7,July,2010,3,Tuesday,15,52,1,13,2,253,29.83725556,-95.19947222,12,1,0,10,0,0,1,0
481066,TEXAS,TX,2,0,3,249,0,ELLAVILLE,6,7,July,2010,3,Tuesday,14,29,1,2,2,53,27.73580833,-98.11134444,12,1,0,1,0,0,2,0
481067,TEXAS,TX,1,0,1,397,5910,DALLAS,7,7,July,2010,4,Wednesday,20,10,0,16,5,0,32.89421944,-96.38671389,34,1,0,1,0,0,1,1
481068,TEXAS,TX,1,0,1,17,0,CHAMBERS,8,7,July,2010,5,Thursday,6,19,0,3,2,144,34.23454722,-102.66959722,11,4,0,10,0,0,1,0
481069,TEXAS,TX,4,0,5,239,2120,GEORGETOWN,8,7,July,2010,5,Thursday,20,5,1,13,2,150,28.98832500,-96.64756389,12,1,0,10,0,0,1,0
481070,TEXAS,TX,1,0,1,5,0,BAKER HILL,10,7,July,2010,7,Saturday,21,45,0,4,8,14,31.35143889,-94.80848611,59,2,0,1,0,0,1,1
481071,TEXAS,TX,1,0,1,361,0,BRIDGE CITY,10,7,July,2010,7,Saturday,4,5,0,4,8,17,30.21531667,-94.08863056,42,2,0,1,0,0,1,1
481072,TEXAS,TX,1,0,1,85,2520,BENTON,11,7,July,2010,1,Sunday,10,39,1,13,2,30,33.21634167,-96.63192222,41,1,0,10,0,0,1,0
481073,TEXAS,TX,1,0,1,201,3280,ANNETTE,11,7,July,2010,1,Sunday,3,57,1,12,7,129,29.68357500,-95.53365278,33,6,0,1,0,0,1,0
481074,TEXAS,TX,2,0,3,351,0,BLEAKWOOD,11,7,July,2010,1,Sunday,5,45,0,4,3,22,30.60807222,-93.79973611,12,2,0,10,0,0,1,1
481075,TEXAS,TX,1,0,2,91,4870,DAYTON,2,6,June,2010,4,Wednesday,0,34,1,11,1,51,29.65330278,-98.18927222,24,2,0,10,0,0,2,0
481076,TEXAS,TX,2,0,3,29,6090,BORDEN SPRINGS,5,6,June,2010,7,Saturday,12,40,0,16,5,0,29.51528333,-98.49926111,12,1,0,1,0,0,1,0
481077,TEXAS,TX,2,0,3,189,5380,BONEVILLE,5,6,June,2010,7,Saturday,15,10,1,13,2,6,34.18455000,-101.70171944,12,1,0,1,0,0,1,1
481078,TEXAS,TX,1,0,4,135,5030,ASH FLAT,6,6,June,2010,1,Sunday,17,55,1,11,1,348,31.86596389,-102.30301389,33,1,0,1,0,0,1,0