ST_CASE,State Name,State Abbreviation,VE_TOTAL,Pedestrains,Total_Persons_in_accident,COUNTY,CITY,City_County_Name,Calendar_DAY,MONTH,Month_Name,YEAR,DAY_WEEK,Day_Week_desc,HOUR,MINUTE,NHS_Desc,trafficway,ROUTE,MILEPT,LATITUDE,LONGITUD,First_Crash_event,Light_cond_desc,Weather_condition,WEATHER,SCH_BUS,Crash_cause,FATALS,DRUNK_DR
481079,TEXAS,TX,1,0,1,385,0,CAMP WOOD,6,6,June,2010,1,Sunday,14,7,0,4,8,285,29.72104444,-99.65776667,24,1,0,1,0,0,1,0
481080,TEXAS,TX,1,1,3,201,0,ANNETTE,7,6,June,2010,2,Monday,20,20,0,6,4,99999,29.87816111,-95.37946389,8,5,0,1,0,0,1,0
481081,TEXAS,TX,2,0,2,85,5390,BENTON,11,6,June,2010,6,Friday,16,50,1,12,2,86,33.07143333,-96.68802778,12,1,0,1,0,0,1,0
481082,TEXAS,TX,2,0,6,201,3280,ANNETTE,11,6,June,2010,6,Friday,16,20,0,16,5,0,29.86686667,-95.30066667,12,1,0,1,0,0,1,0
481083,TEXAS,TX,1,1,1,201,0,ANNETTE,12,6,June,2010,7,Saturday,20,58,0,6,4,0,29.96675833,-95.48237222,8,2,0,1,0,0,1,0
481084,TEXAS,TX,1,0,1,215,4650,BIBB CITY,15,6,June,2010,3,Tuesday,13,6,0,16,5,0,26.14357222,-98.31351667,31,1,0,1,0,0,1,0
481085,TEXAS,TX,1,0,1,339,0,CONROE,15,6,June,2010,3,Tuesday,18,36,0,6,4,0,30.18781944,-95.26813611,59,1,0,1,0,0,1,0
481086,TEXAS,TX,1,0,2,29,6090,BORDEN SPRINGS,16,6,June,2010,4,Wednesday,1,18,0,16,5,0,29.60513611,-98.60842778,24,3,0,1,0,0,1,1
481087,TEXAS,TX,1,0,1,99,0,BEATRICE,18,6,June,2010,6,Friday,20,45,0,6,4,0,31.42466667,-97.54026111,1,5,0,1,0,0,1,0
481088,TEXAS,TX,1,0,1,123,0,ALEXANDER CITY,20,6,June,2010,1,Sunday,12,0,0,3,2,71,28.95832500,-97.33465000,1,1,0,1,0,0,1,0
481089,TEXAS,TX,1,0,1,201,480,ANNETTE,21,6,June,2010,2,Monday,6,48,1,11,1,539,29.81290833,-94.93798333,24,1,0,1,0,0,1,0
481090,TEXAS,TX,2,0,2,113,1730,COTTONTON,22,6,June,2010,3,Tuesday,23,10,1,11,1,52,32.92019167,-96.74866389,14,3,0,1,0,0,1,1
481091,TEXAS,TX,3,0,4,29,6090,BORDEN SPRINGS,24,6,June,2010,5,Thursday,20,13,0,16,5,0,29.59036389,-98.46410278,12,5,0,1,0,0,1,1
481092,TEXAS,TX,1,0,2,339,0,CONROE,25,6,June,2010,6,Friday,12,35,0,6,4,0,30.16600556,-95.43653611,26,1,0,1,0,0,1,0
481093,TEXAS,TX,2,0,2,29,6090,BORDEN SPRINGS,26,6,June,2010,7,Saturday,1,2,1,12,2,59,29.64858333,-98.45061111,12,3,0,1,0,0,1,1
481094,TEXAS,TX,2,0,2,339,0,CONROE,26,6,June,2010,7,Saturday,0,10,0,15,8,230,30.20183611,-95.25494167,12,2,0,1,0,0,2,1
481095,TEXAS,TX,1,0,2,339,0,CONROE,27,6,June,2010,1,Sunday,18,36,0,6,4,0,30.09531111,-95.27635556,30,1,0,1,0,0,1,1
481097,TEXAS,TX,1,1,1,201,3280,ANNETTE,29,6,June,2010,3,Tuesday,10,47,1,11,7,251,29.77688056,-95.39871944,8,1,0,1,0,0,1,0
481099,TEXAS,TX,1,0,7,201,3280,ANNETTE,1,7,July,2010,5,Thursday,11,50,1,11,1,119,29.63870833,-95.24110000,25,1,0,2,0,0,1,0
481100,TEXAS,TX,2,0,3,339,0,CONROE,1,7,July,2010,5,Thursday,7,22,0,6,4,0,30.11722500,-95.68783889,12,1,0,10,0,0,1,0
481101,TEXAS,TX,1,0,1,215,0,BIBB CITY,2,7,July,2010,6,Friday,2,35,0,6,4,0,26.39616389,-98.23816389,1,2,0,2,0,0,1,1
481102,TEXAS,TX,1,0,1,113,1730,COTTONTON,3,7,July,2010,7,Saturday,0,22,1,11,1,31,32.77200278,-96.81061667,24,3,0,10,0,0,1,0
481103,TEXAS,TX,1,0,1,339,0,CONROE,3,7,July,2010,7,Saturday,3,0,0,4,8,142,30.25608611,-95.33483056,33,2,0,10,0,0,1,1
481104,TEXAS,TX,2,0,2,499,0,ALBA,5,7,July,2010,2,Monday,17,0,0,6,4,0,32.92234722,-95.26842222,12,1,0,1,0,0,1,0
481105,TEXAS,TX,2,1,4,113,6260,COTTONTON,6,7,July,2010,3,Tuesday,21,56,1,12,2,152,32.64695556,-96.53227778,8,2,0,1,0,0,1,0
481106,TEXAS,TX,2,0,2,185,0,ANAKTUVUK PASS,6,7,July,2010,3,Tuesday,10,55,1,2,3,89,30.36214167,-95.94420833,12,1,0,10,0,0,1,1
481107,TEXAS,TX,2,0,3,401,0,EASTON,6,7,July,2010,3,Tuesday,6,31,0,3,3,82,32.16669722,-94.85306111,12,1,0,1,0,0,1,0
481108,TEXAS,TX,3,0,3,423,0,ARP,6,7,July,2010,3,Tuesday,18,15,0,14,8,143,32.40371667,-95.28081944,12,1,0,2,0,0,1,0
481109,TEXAS,TX,1,0,3,161,0,DENTON,9,7,July,2010,6,Friday,15,53,0,6,4,0,31.65876944,-95.97488889,34,1,0,1,0,0,2,0
481110,TEXAS,TX,1,0,6,227,0,JASPER,9,7,July,2010,6,Friday,19,25,1,1,1,127,32.19994722,-101.60782778,1,1,0,2,0,0,2,0
481111,TEXAS,TX,1,0,4,113,5730,COTTONTON,11,7,July,2010,1,Sunday,2,28,0,16,5,0,32.98453333,-96.75645556,33,3,0,1,0,0,1,1
481112,TEXAS,TX,1,0,1,321,0,BRIDGEBORO,13,7,July,2010,3,Tuesday,20,30,0,6,4,0,28.76841111,-95.98141111,32,2,0,1,0,0,1,1
481114,TEXAS,TX,1,0,2,201,0,ANNETTE,14,7,July,2010,4,Wednesday,18,15,0,6,4,0,29.76176667,-95.71614444,42,1,0,1,0,0,1,0
481115,TEXAS,TX,1,0,1,309,7210,ALAMO,14,7,July,2010,4,Wednesday,20,25,1,12,3,181,31.53120833,-97.23789167,24,1,0,1,0,0,1,0
481116,TEXAS,TX,1,1,1,339,0,CONROE,15,7,July,2010,5,Thursday,2,45,1,2,3,362,30.32780278,-95.23621944,8,2,0,1,0,0,1,0
481117,TEXAS,TX,1,0,1,439,260,ARLINGTON,15,7,July,2010,5,Thursday,3,37,1,11,1,73,32.67787222,-97.09218611,59,2,0,1,0,0,1,1
481118,TEXAS,TX,2,0,2,21,460,CHILTON,16,7,July,2010,6,Friday,15,12,0,3,3,144,30.13330278,-97.31569167,12,1,0,1,0,0,1,0
481119,TEXAS,TX,1,0,3,133,0,ARLEY,16,7,July,2010,6,Friday,21,50,0,4,3,179,32.46386944,-98.81746111,1,2,0,1,0,0,1,0
481120,TEXAS,TX,2,0,3,183,0,FORT STEWART,16,7,July,2010,6,Friday,13,46,1,1,1,91,32.43427222,-94.83388889,12,1,0,1,0,0,1,0
481122,TEXAS,TX,1,1,1,303,0,DAVISBORO,17,7,July,2010,7,Saturday,2,14,1,13,2,336,33.48594444,-101.71678889,8,2,0,1,0,0,1,0
481123,TEXAS,TX,2,0,2,355,1550,AGUA DULCE,17,7,July,2010,7,Saturday,5,30,1,13,3,57,27.78406667,-97.52608611,12,3,0,1,0,0,1,1
481124,TEXAS,TX,1,0,5,391,0,AUSTWELL,17,7,July,2010,7,Saturday,3,42,1,2,2,107,28.41755000,-97.15800556,1,2,0,1,0,0,1,0
481125,TEXAS,TX,1,1,2,61,3030,BELLWOOD,18,7,July,2010,1,Sunday,1,53,1,13,8,8,26.19266389,-97.72369167,8,2,0,1,0,0,1,1
481126,TEXAS,TX,1,0,2,205,0,BACONTON,18,7,July,2010,1,Sunday,22,25,1,2,2,63,35.89785000,-102.72759167,1,2,0,1,0,0,1,0
481127,TEXAS,TX,1,1,2,259,0,CHARLES,18,7,July,2010,1,Sunday,1,18,1,11,1,182,29.79380278,-98.75183333,8,2,0,1,0,0,1,0
481128,TEXAS,TX,2,0,3,1,0,AUTAUGA,20,7,July,2010,3,Tuesday,15,30,0,3,2,140,31.86547222,-95.85431389,12,1,0,1,0,0,1,0
481129,TEXAS,TX,2,0,3,157,0,ARCADE,20,7,July,2010,3,Tuesday,1,29,1,2,2,266,29.48221389,-95.94250833,12,2,0,1,0,0,3,2
481130,TEXAS,TX,1,0,1,405,0,BROADDUS,21,7,July,2010,4,Wednesday,9,30,1,2,3,17,31.38679722,-94.29968889,53,1,0,1,0,0,1,0
481131,TEXAS,TX,1,0,1,201,0,ANNETTE,23,7,July,2010,6,Friday,3,40,0,6,4,0,30.02196944,-95.47423889,30,3,0,10,0,0,1,1
481132,TEXAS,TX,1,0,1,201,0,ANNETTE,23,7,July,2010,6,Friday,23,58,0,6,4,0,30.04897222,-95.38732500,32,3,0,1,0,0,1,0
481133,TEXAS,TX,2,0,4,367,7280,ALEDO,23,7,July,2010,6,Friday,6,46,0,4,8,56,32.72126389,-97.81162222,12,1,0,1,0,0,2,0
481134,TEXAS,TX,1,0,3,113,1730,COTTONTON,24,7,July,2010,7,Saturday,5,20,1,11,1,99,32.79410556,-96.69930556,25,3,0,1,0,0,1,1
481135,TEXAS,TX,2,0,2,201,0,ANNETTE,24,7,July,2010,7,Saturday,6,20,1,12,7,50,29.93049722,-95.29928056,12,4,0,1,0,0,1,1
481136,TEXAS,TX,2,0,3,339,1510,CONROE,24,7,July,2010,7,Saturday,12,45,0,15,8,95,30.30111667,-95.39314167,12,1,0,1,0,0,1,1
481137,TEXAS,TX,1,0,1,397,5910,DALLAS,24,7,July,2010,7,Saturday,9,25,1,11,7,42,32.89765833,-96.46946667,33,1,0,1,0,0,1,0
481139,TEXAS,TX,1,0,1,291,1770,BLAIRSVILLE,25,7,July,2010,1,Sunday,22,57,0,3,2,41,30.00228611,-94.94721667,1,2,0,2,0,0,1,1
481140,TEXAS,TX,1,0,1,479,3899,AGUILARES,25,7,July,2010,1,Sunday,2,4,0,16,5,0,27.58616111,-99.49353333,24,3,0,1,0,0,1,0
481141,TEXAS,TX,2,0,2,113,3420,COTTONTON,12,7,July,2010,2,Monday,19,0,1,12,3,147,32.89191111,-96.96581389,57,1,0,1,0,0,1,1
481142,TEXAS,TX,2,0,2,181,7450,LINCOLN,12,7,July,2010,2,Monday,17,45,1,2,2,24,33.67124722,-96.90673056,12,1,0,10,0,0,1,0
481143,TEXAS,TX,1,0,1,141,2190,BEE BRANCH,1,1,January,2010,6,Friday,0,58,1,11,7,267,31.77647500,-106.38886667,33,3,0,1,0,0,1,1
481144,TEXAS,TX,2,0,2,439,260,ARLINGTON,13,1,January,2010,4,Wednesday,7,14,1,13,8,162,32.71697500,-97.11467778,12,4,0,1,1,0,1,0
481145,TEXAS,TX,1,0,2,181,6350,LINCOLN,21,3,March,2010,1,Sunday,8,33,1,12,2,144,33.66227222,-96.61134444,21,1,0,4,0,0,1,0
481146,TEXAS,TX,1,0,2,453,0,ANDERSON MILL,21,3,March,2010,1,Sunday,9,25,1,1,1,22,30.45975278,-97.66755556,39,1,0,1,0,0,1,0
481147,TEXAS,TX,2,0,2,201,3280,ANNETTE,25,3,March,2010,5,Thursday,0,0,1,11,1,102,29.78525556,-95.63622222,12,3,0,5,0,0,1,0
481148,TEXAS,TX,1,0,2,439,2450,ARLINGTON,26,3,March,2010,6,Friday,23,5,1,13,8,141,32.80736667,-97.35151667,33,3,0,1,0,0,1,0
481149,TEXAS,TX,2,0,3,201,3280,ANNETTE,27,3,March,2010,7,Saturday,21,21,1,11,1,97,29.69665000,-95.30815000,12,3,0,1,0,0,1,0
481150,TEXAS,TX,1,0,2,439,2450,ARLINGTON,2,4,April,2010,6,Friday,17,10,1,11,1,67,32.74611667,-97.22248056,24,1,0,1,0,0,1,1
481151,TEXAS,TX,1,0,1,27,6810,ASHLAND,3,4,April,2010,7,Saturday,23,46,0,15,8,3,31.13118333,-97.48959722,1,2,0,1,0,0,1,1
481152,TEXAS,TX,1,0,1,141,2190,BEE BRANCH,6,4,April,2010,3,Tuesday,23,36,1,13,2,28,31.77880833,-106.52411667,1,3,0,1,0,0,1,1
481153,TEXAS,TX,1,0,2,141,2190,BEE BRANCH,9,4,April,2010,6,Friday,0,24,0,16,5,0,31.77170278,-106.42217778,30,2,0,1,0,0,1,1
481154,TEXAS,TX,2,0,6,439,2450,ARLINGTON,9,4,April,2010,6,Friday,23,58,1,12,7,237,32.71996389,-97.28892500,12,3,0,1,0,0,2,2
481155,TEXAS,TX,2,0,8,355,1550,AGUA DULCE,12,4,April,2010,2,Monday,9,1,1,13,8,126,27.78634444,-97.42973056,12,1,0,10,0,0,1,1
481156,TEXAS,TX,1,0,1,439,2450,ARLINGTON,15,4,April,2010,5,Thursday,22,15,0,16,5,0,32.65073056,-97.37475556,1,3,0,10,0,0,1,0
481157,TEXAS,TX,1,0,1,201,3280,ANNETTE,26,4,April,2010,2,Monday,12,0,0,16,5,0,29.71022222,-95.32281389,34,9,0,99,0,0,1,0
481158,TEXAS,TX,3,0,3,27,6810,ASHLAND,3,5,May,2010,2,Monday,21,58,0,14,8,18,31.11741111,-97.41574167,12,3,0,1,0,0,1,0
481159,TEXAS,TX,1,0,1,257,4190,AVALON,4,5,May,2010,3,Tuesday,6,44,0,4,3,23,32.37986667,-96.09209444,32,1,0,1,0,0,1,1
481160,TEXAS,TX,1,1,1,201,3280,ANNETTE,5,5,May,2010,4,Wednesday,21,45,1,11,1,223,29.74324444,-95.35994722,8,3,0,1,0,0,1,0
481161,TEXAS,TX,3,0,6,439,260,ARLINGTON,8,5,May,2010,7,Saturday,16,36,1,11,1,88,32.67827778,-97.10970278,12,1,0,1,0,0,1,0
481162,TEXAS,TX,1,0,1,29,6090,BORDEN SPRINGS,22,5,May,2010,7,Saturday,17,59,0,16,5,0,29.37822778,-98.55173611,30,1,0,1,0,0,1,0
481163,TEXAS,TX,1,0,1,113,1240,COTTONTON,23,5,May,2010,1,Sunday,21,22,1,12,2,141,32.60449167,-96.93105556,25,2,0,1,0,0,1,1
481164,TEXAS,TX,2,0,4,201,3890,ANNETTE,27,5,May,2010,5,Thursday,3,20,0,16,5,0,29.67463333,-95.08770278,12,2,0,1,0,0,3,1
481165,TEXAS,TX,1,0,1,201,3280,ANNETTE,30,5,May,2010,1,Sunday,4,10,0,16,5,0,29.74966944,-95.53852222,42,3,0,1,0,0,1,1
481166,TEXAS,TX,1,3,1,355,5850,AGUA DULCE,30,5,May,2010,1,Sunday,20,5,0,14,5,6,27.79172500,-97.67752778,19,5,0,1,0,0,1,1
481167,TEXAS,TX,2,0,3,29,6090,BORDEN SPRINGS,1,6,June,2010,3,Tuesday,9,50,0,16,5,0,29.52788611,-98.49350000,12,1,0,1,0,0,1,0
481169,TEXAS,TX,1,1,1,471,3340,DODGE,1,6,June,2010,3,Tuesday,23,16,1,13,3,153,30.69281389,-95.53222222,8,2,0,1,0,0,1,0
481170,TEXAS,TX,1,0,2,113,2590,COTTONTON,3,6,June,2010,5,Thursday,2,35,1,11,1,105,32.84666667,-96.63689444,1,3,0,1,0,0,1,1
481171,TEXAS,TX,2,0,3,29,6090,BORDEN SPRINGS,5,6,June,2010,7,Saturday,1,44,0,16,5,0,29.52036667,-98.60322778,12,3,0,1,0,0,2,1
481172,TEXAS,TX,1,0,1,113,1730,COTTONTON,5,6,June,2010,7,Saturday,4,13,1,11,1,48,32.78013889,-96.78186944,25,3,0,1,0,0,1,1
481173,TEXAS,TX,1,0,1,201,3280,ANNETTE,5,6,June,2010,7,Saturday,3,30,0,16,5,0,29.76561389,-95.62503056,33,3,0,1,0,0,1,1
481174,TEXAS,TX,2,0,3,201,3280,ANNETTE,8,6,June,2010,3,Tuesday,9,23,1,12,3,176,29.95333056,-95.53776944,12,1,0,10,0,0,2,0
481175,TEXAS,TX,2,0,2,121,4007,BON AIR,11,6,June,2010,6,Friday,19,41,1,2,2,267,33.22089167,-96.93563333,12,1,0,1,0,0,1,0
481176,TEXAS,TX,1,0,1,231,0,CONCORD,14,6,June,2010,2,Monday,11,50,0,4,8,39,33.01406667,-96.06280833,35,1,0,1,0,0,1,0
481177,TEXAS,TX,2,0,2,201,3280,ANNETTE,15,6,June,2010,3,Tuesday,4,50,1,99,1,99999,29.67899167,-95.43481944,12,3,0,1,0,0,1,1
481178,TEXAS,TX,2,0,2,201,3280,ANNETTE,16,6,June,2010,4,Wednesday,23,8,1,13,8,95,29.73718889,-95.53813889,12,3,0,1,0,0,1,0
481179,TEXAS,TX,2,0,2,29,6090,BORDEN SPRINGS,17,6,June,2010,5,Thursday,23,39,0,16,5,0,29.44447222,-98.47627222,12,3,0,1,0,0,1,1
481180,TEXAS,TX,7,0,13,29,6090,BORDEN SPRINGS,18,6,June,2010,6,Friday,16,0,0,3,3,66,29.27255000,-98.57378889,12,1,0,10,0,0,2,0
481181,TEXAS,TX,1,0,2,29,6090,BORDEN SPRINGS,19,6,June,2010,7,Saturday,20,45,1,11,1,143,29.54951111,-98.58495833,25,3,0,1,0,0,2,1
481182,TEXAS,TX,2,0,6,121,1645,BON AIR,19,6,June,2010,7,Saturday,14,42,1,2,2,243,33.22384444,-96.97625278,12,1,0,1,0,0,1,0
481183,TEXAS,TX,1,0,2,123,0,ALEXANDER CITY,19,6,June,2010,7,Saturday,23,25,1,2,2,121,29.08463889,-97.35543333,1,2,0,1,0,0,2,1
481184,TEXAS,TX,2,0,4,113,1730,COTTONTON,20,6,June,2010,1,Sunday,5,21,1,11,1,84,32.79448889,-96.72483333,12,3,0,1,0,0,1,1
481185,TEXAS,TX,2,0,2,379,0,EAST TAWAKONI,21,6,June,2010,2,Monday,1,53,0,3,3,28,32.83791389,-95.78395833,12,2,0,1,0,0,1,0
481186,TEXAS,TX,2,0,2,29,6090,BORDEN SPRINGS,23,6,June,2010,4,Wednesday,1,12,1,12,2,73,29.63075278,-98.45973056,12,3,0,1,0,0,1,2
481187,TEXAS,TX,1,0,2,97,0,AXIS,24,6,June,2010,5,Thursday,22,10,0,4,8,85,33.59395833,-97.08223333,31,2,0,1,0,0,1,1
481188,TEXAS,TX,2,0,4,113,3420,COTTONTON,26,6,June,2010,7,Saturday,0,45,1,12,3,29,32.83692778,-96.99079722,12,3,0,1,0,0,1,1
481189,TEXAS,TX,2,0,7,287,0,ASHBURN,26,6,June,2010,7,Saturday,17,3,1,2,3,155,30.34643333,-96.89784167,12,1,0,1,0,0,1,0
481190,TEXAS,TX,1,0,5,121,1645,BON AIR,27,6,June,2010,1,Sunday,2,31,0,3,2,7,33.23756944,-97.02411667,1,2,0,1,0,0,1,1
481191,TEXAS,TX,2,0,2,27,3690,ASHLAND,28,6,June,2010,2,Monday,17,23,0,16,5,0,31.10893333,-97.66799444,12,1,0,1,0,0,1,1
481192,TEXAS,TX,1,1,1,453,330,ANDERSON MILL,28,6,June,2010,2,Monday,9,40,1,11,1,140,30.21693611,-97.75121389,9,1,0,1,0,0,1,0
481194,TEXAS,TX,1,0,1,201,7286,ANNETTE,2,7,July,2010,6,Friday,20,10,9,99,3,99999,29.53085000,-95.10964167,25,1,0,10,0,0,1,1
481195,TEXAS,TX,2,0,3,299,0,BEACH,2,7,July,2010,6,Friday,9,25,0,3,3,256,30.51298889,-98.37471389,24,1,0,2,0,0,1,0
481196,TEXAS,TX,1,0,3,135,5030,ASH FLAT,3,7,July,2010,7,Saturday,1,2,0,3,2,209,31.86558611,-102.37933889,30,3,0,2,0,0,1,0
481197,TEXAS,TX,2,0,4,201,3280,ANNETTE,3,7,July,2010,7,Saturday,23,46,0,16,5,0,29.61394722,-95.40939444,12,3,0,1,0,0,2,1
481198,TEXAS,TX,1,0,1,113,2800,COTTONTON,4,7,July,2010,1,Sunday,0,58,0,16,5,0,32.74826389,-97.01693889,33,3,0,10,0,0,1,1
481199,TEXAS,TX,1,0,2,485,7490,BURKBURNETT,4,7,July,2010,1,Sunday,1,34,1,12,2,295,33.89138333,-98.51047778,42,3,0,10,0,0,1,1
481200,TEXAS,TX,1,0,6,61,0,BELLWOOD,9,7,July,2010,6,Friday,21,20,0,3,3,103,26.01255278,-97.28108056,11,2,0,1,0,0,1,0
481201,TEXAS,TX,1,0,2,201,3280,ANNETTE,9,7,July,2010,6,Friday,21,40,0,16,5,0,29.78318889,-95.30339167,39,3,0,1,0,0,1,1
481202,TEXAS,TX,1,0,1,259,0,CHARLES,9,7,July,2010,6,Friday,11,5,0,6,4,0,29.73479444,-98.70606389,42,1,0,10,0,0,1,0
481203,TEXAS,TX,2,0,2,29,1209,BORDEN SPRINGS,10,7,July,2010,7,Saturday,1,14,1,11,1,186,29.51725278,-98.52556111,12,3,0,1,0,0,1,1
481204,TEXAS,TX,1,0,4,261,0,ALAGANIK,11,7,July,2010,1,Sunday,16,16,1,2,2,240,26.92760000,-97.79152222,1,1,0,1,0,0,1,0
481205,TEXAS,TX,2,0,3,201,3280,ANNETTE,14,7,July,2010,4,Wednesday,18,5,1,12,7,40,29.60604167,-95.47646944,12,1,0,1,0,0,1,0
481206,TEXAS,TX,2,0,2,55,0,ATTALLA,15,7,July,2010,5,Thursday,0,1,1,2,2,68,29.94190833,-97.67255000,12,2,0,1,0,0,1,1
481207,TEXAS,TX,6,0,14,325,3250,CASTROVILLE,15,7,July,2010,5,Thursday,10,3,1,2,2,60,29.34833611,-99.12719167,12,1,0,1,0,0,1,1
481208,TEXAS,TX,1,0,5,423,0,ARP,15,7,July,2010,5,Thursday,14,0,0,4,8,62,32.37646944,-95.16969444,42,1,0,1,0,0,1,0
481209,TEXAS,TX,3,0,5,473,0,BROOKSHIRE,15,7,July,2010,5,Thursday,18,15,1,2,2,64,30.11639167,-96.08387222,12,1,0,1,0,0,1,0
481210,TEXAS,TX,2,0,4,77,0,ANDERSON,17,7,July,2010,7,Saturday,18,18,1,2,2,16,33.88088889,-98.40971389,12,1,0,1,0,0,1,1
481211,TEXAS,TX,1,0,6,201,3280,ANNETTE,17,7,July,2010,7,Saturday,15,25,1,12,7,104,29.71072500,-95.50652778,31,1,0,1,0,0,1,0
481212,TEXAS,TX,1,0,3,201,3280,ANNETTE,17,7,July,2010,7,Saturday,2,30,1,11,1,61,29.78493889,-95.71391944,43,3,0,1,0,0,1,1
481213,TEXAS,TX,2,0,5,309,0,ALAMO,17,7,July,2010,7,Saturday,22,39,1,2,3,112,31.67909444,-96.96890556,12,2,0,1,0,0,1,1
481214,TEXAS,TX,1,0,1,149,0,BELLEVILLE,18,7,July,2010,1,Sunday,6,56,0,6,4,0,29.67350278,-97.08302778,24,2,0,1,0,0,1,1
481215,TEXAS,TX,1,0,1,149,0,BELLEVILLE,18,7,July,2010,1,Sunday,6,56,0,6,4,0,29.67351389,-97.08302500,1,2,0,1,0,0,1,1
481216,TEXAS,TX,2,0,2,145,0,BALD KNOB,20,7,July,2010,3,Tuesday,12,30,0,3,2,62,31.28787778,-97.08073056,12,1,0,1,0,0,2,0
481217,TEXAS,TX,2,0,2,285,0,GABBETTVILLE,20,7,July,2010,3,Tuesday,13,16,0,3,2,187,29.18676667,-96.98470833,12,1,0,10,0,0,1,0
481218,TEXAS,TX,1,0,1,381,0,AMARILLO,20,7,July,2010,3,Tuesday,14,0,1,1,1,55,35.07234722,-101.91928611,23,1,0,1,0,0,1,1
481219,TEXAS,TX,2,0,2,105,0,MARION,22,7,July,2010,5,Thursday,7,45,1,1,1,106,30.73977500,-101.65982500,12,1,0,1,0,0,1,0
481220,TEXAS,TX,2,0,4,409,5450,ARANSAS PASS,22,7,July,2010,5,Thursday,17,23,1,12,2,258,27.89162222,-97.31156111,12,1,0,2,0,0,1,1
481221,TEXAS,TX,2,0,4,27,0,ASHLAND,23,7,July,2010,6,Friday,7,45,0,5,3,152,31.07022222,-97.26163611,12,1,0,10,0,0,1,0
481222,TEXAS,TX,1,1,1,27,3690,ASHLAND,23,7,July,2010,6,Friday,22,17,1,13,8,73,31.11970833,-97.73884167,8,3,0,1,0,0,1,1
481223,TEXAS,TX,2,0,2,53,0,ATMORE,23,7,July,2010,6,Friday,7,34,1,2,3,64,30.49743889,-98.26117500,12,1,0,1,0,0,2,0
481224,TEXAS,TX,2,0,4,55,0,ATTALLA,23,7,July,2010,6,Friday,0,33,0,5,8,93,29.92370000,-97.53155833,12,2,0,10,0,0,2,1
481225,TEXAS,TX,1,0,1,87,0,ARMSTRONG,23,7,July,2010,6,Friday,15,18,0,4,8,34,34.84963333,-100.35375000,32,1,0,1,0,0,1,1
481226,TEXAS,TX,2,0,2,197,1310,BUENA VISTA,23,7,July,2010,6,Friday,11,5,0,4,8,72,34.24854722,-99.51602222,12,1,0,1,0,0,1,0
481227,TEXAS,TX,2,0,2,351,0,BLEAKWOOD,23,7,July,2010,6,Friday,11,34,0,4,3,244,30.99214167,-93.66604444,12,1,0,1,0,0,2,0
481228,TEXAS,TX,2,0,5,439,260,ARLINGTON,23,7,July,2010,6,Friday,21,28,0,16,5,0,32.71037500,-97.10618056,12,3,0,1,0,0,1,0
481229,TEXAS,TX,2,0,2,27,3690,ASHLAND,24,7,July,2010,7,Saturday,3,15,0,3,8,155,31.11082222,-97.64871667,12,2,0,1,0,0,1,1
481230,TEXAS,TX,2,0,7,325,0,CASTROVILLE,24,7,July,2010,7,Saturday,15,50,0,4,8,106,29.47804722,-98.85858611,12,1,0,10,0,0,1,0
481231,TEXAS,TX,1,0,1,329,0,MIDLAND,21,4,April,2010,4,Wednesday,9,43,1,13,7,47,31.92126944,-102.21878056,21,1,0,1,0,0,1,0
481232,TEXAS,TX,1,0,1,215,0,BIBB CITY,10,5,May,2010,2,Monday,15,0,0,6,4,0,26.33876944,-98.36792500,35,1,0,1,0,0,1,1
481233,TEXAS,TX,1,0,3,475,0,BARSTOW,28,5,May,2010,6,Friday,4,20,1,1,1,277,31.57100278,-102.96020278,1,2,0,1,0,0,1,0
481234,TEXAS,TX,2,0,3,165,0,HERNDON,2,6,June,2010,4,Wednesday,14,32,0,4,3,104,32.91526111,-102.39918611,12,1,0,1,0,0,2,0
481236,TEXAS,TX,1,0,1,453,330,ANDERSON MILL,11,6,June,2010,6,Friday,2,18,1,13,8,17,30.32061944,-97.71585556,33,3,0,1,0,0,1,1
481237,TEXAS,TX,1,1,1,453,330,ANDERSON MILL,15,6,June,2010,3,Tuesday,21,36,0,16,5,0,30.34578611,-97.67748056,9,3,0,1,0,0,1,0
481238,TEXAS,TX,3,0,8,159,0,FARRAR,19,6,June,2010,7,Saturday,13,6,1,1,1,95,33.16166944,-95.14669722,1,1,0,1,0,0,1,0
481239,TEXAS,TX,2,0,3,135,0,ASH FLAT,21,6,June,2010,2,Monday,19,10,0,14,8,60,31.84896667,-102.46660833,12,1,0,1,0,0,1,0
481240,TEXAS,TX,2,0,3,403,0,BRONSON,29,7,July,2010,5,Thursday,5,51,1,2,2,75,31.25843056,-93.98803611,12,2,0,1,0,0,2,0
481241,TEXAS,TX,1,0,1,61,940,BELLWOOD,30,7,July,2010,6,Friday,8,43,0,16,5,0,25.89528611,-97.41685556,38,1,0,1,0,0,1,0
481243,TEXAS,TX,1,0,2,201,0,ANNETTE,30,7,July,2010,6,Friday,3,10,1,12,2,83,29.88619167,-95.32056944,24,3,0,1,0,0,2,0
481244,TEXAS,TX,1,0,1,183,0,FORT STEWART,31,7,July,2010,7,Saturday,6,25,0,6,4,0,32.37811111,-94.63002222,35,4,0,1,0,0,1,0
481245,TEXAS,TX,3,0,4,407,6344,COLDSPRING,31,7,July,2010,7,Saturday,11,35,1,2,2,73,30.47450278,-95.01159444,50,1,0,1,0,0,2,1
481246,TEXAS,TX,1,0,3,419,0,CENTER,31,7,July,2010,7,Saturday,21,40,0,4,8,10,31.70514167,-93.91150833,34,2,0,1,0,0,1,1
481247,TEXAS,TX,1,0,1,303,4140,DAVISBORO,8,2,February,2010,2,Monday,15,27,0,16,5,0,33.60560278,-101.83602222,21,1,0,10,0,0,1,0