ST_CASE,State Name,State Abbreviation,VE_TOTAL,Pedestrains,Total_Persons_in_accident,COUNTY,CITY,City_County_Name,Calendar_DAY,MONTH,Month_Name,YEAR,DAY_WEEK,Day_Week_desc,HOUR,MINUTE,NHS_Desc,trafficway,ROUTE,MILEPT,LATITUDE,LONGITUD,First_Crash_event,Light_cond_desc,Weather_condition,WEATHER,SCH_BUS,Crash_cause,FATALS,DRUNK_DR
481248,TEXAS,TX,1,0,5,201,3280,ANNETTE,15,3,March,2010,2,Monday,14,51,0,16,5,0,29.66316111,-95.42121667,1,1,0,1,0,0,1,0
481249,TEXAS,TX,2,0,5,289,0,ALLENTOWN,15,3,March,2010,2,Monday,15,16,1,1,1,165,31.32021389,-96.00506111,12,1,0,1,0,0,2,0
481250,TEXAS,TX,8,1,5,439,260,ARLINGTON,21,3,March,2010,1,Sunday,5,59,1,11,1,242,32.76009167,-97.14719167,12,3,0,3,0,0,1,0
481251,TEXAS,TX,1,0,2,355,1550,AGUA DULCE,25,4,April,2010,1,Sunday,2,31,1,12,3,31,27.82373333,-97.39026944,25,3,0,1,0,0,1,0
481252,TEXAS,TX,1,0,1,439,2450,ARLINGTON,10,5,May,2010,2,Monday,14,43,1,11,1,146,32.75956111,-97.21175278,24,1,0,1,0,0,1,0
481253,TEXAS,TX,1,0,1,201,480,ANNETTE,14,5,May,2010,6,Friday,0,43,1,11,7,522,29.80787500,-94.96759722,33,2,0,1,0,0,1,1
481255,TEXAS,TX,1,1,1,141,1150,BEE BRANCH,18,5,May,2010,3,Tuesday,21,30,1,13,8,5,31.90836389,-106.59356111,8,2,0,1,0,0,1,0
481256,TEXAS,TX,1,1,1,201,3280,ANNETTE,18,5,May,2010,3,Tuesday,23,45,1,13,3,136,29.73984167,-95.64418333,8,3,0,1,0,0,1,0
481257,TEXAS,TX,3,0,6,55,9997,ATTALLA,1,6,June,2010,3,Tuesday,5,50,1,2,2,1,30.02733889,-97.68875556,12,4,0,5,0,0,1,0
481258,TEXAS,TX,1,1,4,357,5300,BOOKER,4,6,June,2010,6,Friday,13,49,0,16,5,0,36.39670000,-100.78414444,8,1,0,1,0,0,1,0
481259,TEXAS,TX,3,0,3,491,5990,ANDERSON MILL,5,6,June,2010,7,Saturday,1,0,1,11,1,15,30.50058056,-97.68170278,12,3,0,1,0,0,1,0
481260,TEXAS,TX,1,0,2,463,0,CLINE,6,6,June,2010,1,Sunday,19,49,0,4,8,16,29.29598056,-99.46302778,1,1,0,1,0,0,1,1
481261,TEXAS,TX,1,1,1,29,0,BORDEN SPRINGS,18,6,June,2010,6,Friday,21,1,1,2,2,127,29.28719722,-98.34862222,9,2,0,1,0,0,1,0
481262,TEXAS,TX,1,1,3,113,6260,COTTONTON,19,6,June,2010,7,Saturday,22,14,1,12,2,124,32.66306389,-96.57577778,8,2,0,1,0,0,1,0
481263,TEXAS,TX,1,0,1,283,0,SOPERTON,29,6,June,2010,3,Tuesday,0,10,0,4,8,92,28.20196667,-98.88321111,1,2,0,1,0,0,1,1
481264,TEXAS,TX,2,0,5,283,0,SOPERTON,3,7,July,2010,7,Saturday,9,20,1,1,1,274,28.13116944,-99.32668333,12,1,0,10,0,0,3,0
481265,TEXAS,TX,1,1,1,215,4197,BIBB CITY,8,7,July,2010,5,Thursday,13,25,1,13,3,78,26.19608056,-98.23129444,8,1,2,2,0,0,1,0
481266,TEXAS,TX,1,0,1,215,3165,BIBB CITY,10,7,July,2010,7,Saturday,5,55,1,13,3,141,26.10938333,-98.24615000,42,3,0,1,0,0,1,1
481267,TEXAS,TX,2,0,2,489,0,LASARA,12,7,July,2010,2,Monday,5,22,1,2,2,155,26.51321389,-97.77298333,12,3,0,1,0,0,1,0
481268,TEXAS,TX,2,0,3,401,3120,EASTON,18,7,July,2010,1,Sunday,0,30,0,14,3,24,32.18304167,-94.77053056,12,2,0,1,0,0,1,1
481269,TEXAS,TX,1,0,3,475,0,BARSTOW,19,6,June,2010,7,Saturday,12,46,1,1,1,177,31.52950278,-103.12423056,1,1,0,1,0,0,1,0
481270,TEXAS,TX,2,0,3,135,0,ASH FLAT,21,6,June,2010,2,Monday,22,49,1,13,8,146,31.88361111,-102.29167778,12,2,0,1,0,0,2,1
481271,TEXAS,TX,1,0,1,33,0,CHEROKEE,22,6,June,2010,3,Tuesday,22,3,0,4,8,25,32.94740000,-101.66653611,1,2,0,1,0,0,1,0
481272,TEXAS,TX,2,0,3,289,0,ALLENTOWN,29,6,June,2010,3,Tuesday,16,52,0,4,8,117,31.39900556,-96.20937778,12,1,0,2,0,0,1,0
481273,TEXAS,TX,1,0,1,389,5280,BALMORHEA,11,4,April,2010,1,Sunday,2,15,1,11,7,469,31.39776111,-103.51741667,24,2,0,1,0,0,1,0
481274,TEXAS,TX,2,0,2,201,3280,ANNETTE,22,5,May,2010,7,Saturday,20,18,0,16,5,0,29.62643056,-95.19312778,12,3,0,1,0,0,1,1
481275,TEXAS,TX,1,0,1,201,3280,ANNETTE,26,5,May,2010,4,Wednesday,23,40,1,11,1,99999,29.67827500,-95.43155833,25,3,0,1,0,0,1,1
481276,TEXAS,TX,1,1,1,423,0,ARP,31,5,May,2010,2,Monday,1,0,0,3,3,276,32.37662778,-94.99191389,8,2,0,1,0,0,1,0
481277,TEXAS,TX,1,0,6,459,0,BETTIE,3,6,June,2010,5,Thursday,19,3,0,3,2,39,32.85702222,-94.73287500,1,1,0,1,0,0,1,0
481278,TEXAS,TX,1,0,3,73,0,ARGO,29,6,June,2010,3,Tuesday,12,40,0,3,3,30,31.82365000,-94.94669722,35,1,0,1,0,0,1,0
481279,TEXAS,TX,2,0,3,201,3280,ANNETTE,31,7,July,2010,7,Saturday,6,10,1,11,1,66,29.73939444,-95.45825278,14,4,0,1,0,0,1,1
481280,TEXAS,TX,1,0,9,57,0,BANKSTON,1,8,August,2010,1,Sunday,6,28,1,2,3,44,28.56170000,-96.72792500,1,1,0,5,0,0,1,0
481281,TEXAS,TX,1,0,2,113,2590,COTTONTON,1,8,August,2010,1,Sunday,0,13,0,16,5,0,32.93071389,-96.64923889,33,3,0,1,0,0,1,1
481282,TEXAS,TX,2,0,2,167,6171,ADRIAN,1,8,August,2010,1,Sunday,15,46,0,14,8,179,29.48936667,-94.95826667,12,1,0,1,0,0,1,1
481283,TEXAS,TX,2,0,5,487,0,HARROLD,1,8,August,2010,1,Sunday,5,40,1,2,2,246,34.11351111,-99.10423333,12,2,0,1,0,0,5,1
481284,TEXAS,TX,3,0,4,73,0,ARGO,2,8,August,2010,2,Monday,12,0,1,2,2,51,32.09090000,-95.28923056,12,1,0,1,0,0,1,0
481285,TEXAS,TX,1,0,1,113,4530,COTTONTON,2,8,August,2010,2,Monday,4,45,1,11,1,245,32.82411111,-96.62949722,39,3,0,1,0,0,1,1
481286,TEXAS,TX,2,0,3,157,0,ARCADE,2,8,August,2010,2,Monday,0,45,0,4,8,64,29.54500833,-95.74469167,12,3,0,1,0,0,1,1
481287,TEXAS,TX,2,0,2,173,0,LAKELAND,3,8,August,2010,3,Tuesday,5,20,0,4,8,231,31.75909167,-101.46666667,14,2,0,1,0,0,1,0
481288,TEXAS,TX,2,1,2,201,3280,ANNETTE,3,8,August,2010,3,Tuesday,5,21,1,11,1,299,29.84165000,-95.39021389,8,3,0,1,0,0,1,0
481289,TEXAS,TX,2,0,2,211,0,APALACHEE,3,8,August,2010,3,Tuesday,21,26,1,2,2,169,35.94355278,-100.37039722,12,3,0,1,0,0,1,0
481290,TEXAS,TX,2,0,2,223,6670,BRASWELL,3,8,August,2010,3,Tuesday,9,29,0,15,8,9,33.11032500,-95.61295278,12,1,0,1,0,0,1,0
481291,TEXAS,TX,1,0,1,339,0,CONROE,3,8,August,2010,3,Tuesday,18,1,0,6,4,0,30.31403333,-95.20817222,38,1,0,1,0,0,1,0
481292,TEXAS,TX,1,0,1,439,2255,ARLINGTON,3,8,August,2010,3,Tuesday,3,21,0,16,5,0,32.82167222,-97.11951944,53,2,0,1,0,0,1,1
481293,TEXAS,TX,1,1,1,491,2620,ANDERSON MILL,3,8,August,2010,3,Tuesday,21,8,1,13,3,102,30.63281111,-97.70882222,8,2,0,1,0,0,1,0
481294,TEXAS,TX,1,2,1,61,3030,BELLWOOD,4,8,August,2010,4,Wednesday,23,49,1,13,8,64,26.17685000,-97.76310000,8,2,0,1,0,0,1,0
481295,TEXAS,TX,2,0,3,113,1730,COTTONTON,4,8,August,2010,4,Wednesday,16,13,0,16,5,0,32.77438611,-96.76861389,12,1,0,1,0,0,1,1
481296,TEXAS,TX,2,1,1,217,0,COVINGTON,4,8,August,2010,4,Wednesday,7,51,1,1,1,66,31.93055278,-97.10366944,14,1,0,1,0,0,1,1
481297,TEXAS,TX,1,0,2,439,260,ARLINGTON,4,8,August,2010,4,Wednesday,5,36,0,16,5,0,32.76372222,-97.10902500,5,3,0,1,0,0,1,0
481298,TEXAS,TX,2,0,2,139,7270,CALION,5,8,August,2010,5,Thursday,19,5,0,14,8,23,32.42181111,-96.89320833,12,1,0,1,0,0,1,0
481299,TEXAS,TX,2,0,2,201,0,ANNETTE,5,8,August,2010,5,Thursday,21,0,0,6,4,0,29.92476667,-95.19945278,12,2,0,1,0,0,1,0
481300,TEXAS,TX,2,0,2,203,4360,BENSON,5,8,August,2010,5,Thursday,9,41,0,15,8,107,32.57009444,-94.38352778,12,1,0,1,0,0,1,0
481301,TEXAS,TX,2,0,4,251,1370,DOVER,5,8,August,2010,5,Thursday,10,5,1,13,3,178,32.37783056,-97.40424167,12,1,0,1,0,0,1,0
481302,TEXAS,TX,1,1,1,201,3280,ANNETTE,6,8,August,2010,6,Friday,0,31,0,16,5,0,29.67765000,-95.35586389,33,3,0,10,0,0,1,0
481303,TEXAS,TX,2,0,3,329,4560,MIDLAND,6,8,August,2010,6,Friday,12,19,1,11,1,115,31.96096111,-102.11941111,1,1,0,1,0,0,1,0
481304,TEXAS,TX,2,0,6,181,1830,LINCOLN,7,8,August,2010,7,Saturday,18,55,1,12,2,69,33.76788056,-96.58502500,12,1,0,2,0,0,1,0
481305,TEXAS,TX,2,0,4,201,5230,ANNETTE,7,8,August,2010,7,Saturday,23,42,0,16,5,0,29.66501111,-95.19788611,12,2,0,1,0,0,2,0
481306,TEXAS,TX,1,0,1,241,0,CLAYTON,7,8,August,2010,7,Saturday,1,5,0,3,2,84,30.88602222,-94.06520000,53,2,0,1,0,0,1,1
481307,TEXAS,TX,1,0,1,245,0,AUGUSTA,7,8,August,2010,7,Saturday,17,35,1,1,1,115,29.97967778,-94.21614167,1,1,0,1,0,0,1,1
481308,TEXAS,TX,1,0,6,481,0,BOLING,7,8,August,2010,7,Saturday,2,40,0,4,8,79,29.29066667,-95.98214167,1,2,0,1,0,0,1,1
481309,TEXAS,TX,1,0,1,11,0,BULLOCK,8,8,August,2010,1,Sunday,14,40,0,4,3,82,34.83592778,-101.42020278,1,1,0,1,0,0,1,1
481310,TEXAS,TX,2,0,2,31,3530,COFFEE,8,8,August,2010,1,Sunday,16,23,0,3,2,13,30.27338889,-98.40133333,12,1,0,1,0,0,1,0
481311,TEXAS,TX,2,0,2,201,0,ANNETTE,8,8,August,2010,1,Sunday,4,40,1,13,3,171,29.68965556,-95.64374444,12,3,0,10,0,0,2,1
481312,TEXAS,TX,2,0,3,201,0,ANNETTE,8,8,August,2010,1,Sunday,18,45,1,13,8,79,29.97891111,-95.51468611,12,1,0,10,0,0,1,1
481313,TEXAS,TX,1,1,2,215,50,BIBB CITY,8,8,August,2010,1,Sunday,0,1,1,12,2,319,26.19017222,-98.11479167,8,3,0,1,0,0,1,0
481314,TEXAS,TX,1,0,1,403,0,BRONSON,8,8,August,2010,1,Sunday,7,6,0,4,8,36,31.52724444,-93.79245000,42,1,0,1,0,0,1,1
481315,TEXAS,TX,1,0,1,91,4870,DAYTON,9,8,August,2010,2,Monday,6,48,0,13,3,163,29.72590556,-98.11132222,52,2,0,1,0,0,1,0
481316,TEXAS,TX,2,0,3,161,0,DENTON,9,8,August,2010,2,Monday,17,39,0,3,2,225,31.71553611,-96.12352500,12,1,0,1,0,0,2,0
481317,TEXAS,TX,2,0,3,281,0,HIAWASSEE,9,8,August,2010,2,Monday,13,20,1,2,2,10,31.43607778,-98.17260556,12,1,0,1,0,0,1,0
481318,TEXAS,TX,3,0,3,339,0,CONROE,9,8,August,2010,2,Monday,12,41,1,2,3,10,30.35811111,-95.78956667,12,1,0,1,0,0,1,0
481319,TEXAS,TX,2,0,4,339,4667,CONROE,9,8,August,2010,2,Monday,17,3,0,4,8,174,30.37455000,-95.69822778,12,1,0,1,0,0,1,0
481320,TEXAS,TX,1,0,1,347,0,APPLEBY,9,8,August,2010,2,Monday,13,53,0,3,3,277,31.56515278,-94.52068056,42,1,0,1,0,0,1,0
481321,TEXAS,TX,1,0,1,351,9997,BLEAKWOOD,9,8,August,2010,2,Monday,4,20,0,3,3,42,30.98404444,-93.80131944,1,2,0,1,0,0,1,0
481322,TEXAS,TX,1,0,2,423,0,ARP,9,8,August,2010,2,Monday,2,0,0,4,8,133,32.17068056,-95.36995278,38,2,0,1,0,0,1,0
481323,TEXAS,TX,2,0,2,113,1730,COTTONTON,10,8,August,2010,3,Tuesday,10,20,1,13,8,88,32.87238611,-96.88342778,12,1,0,1,0,0,1,0
481324,TEXAS,TX,1,1,2,113,1730,COTTONTON,11,8,August,2010,4,Wednesday,15,51,0,16,5,0,32.67129167,-96.76182778,8,1,0,1,0,0,1,0
481325,TEXAS,TX,1,0,1,215,4650,BIBB CITY,11,8,August,2010,4,Wednesday,0,44,0,16,5,0,26.22103889,-98.31993333,1,2,0,1,0,0,1,1
481326,TEXAS,TX,1,1,3,309,957,ALAMO,11,8,August,2010,4,Wednesday,21,19,1,1,7,35,31.31396667,-97.24137500,8,2,0,1,0,0,1,0
481327,TEXAS,TX,1,0,2,499,0,ALBA,11,8,August,2010,4,Wednesday,12,47,0,4,8,44,32.81130000,-95.34497778,53,1,0,1,0,0,2,0
481328,TEXAS,TX,2,0,3,113,1730,COTTONTON,12,8,August,2010,5,Thursday,1,5,0,16,5,0,32.65576667,-96.84011111,12,3,0,1,0,0,1,1
481329,TEXAS,TX,1,0,2,497,890,ALVORD,12,8,August,2010,5,Thursday,1,12,1,2,2,92,33.22050000,-97.77758889,1,2,0,1,0,0,1,1
481330,TEXAS,TX,1,0,1,13,0,BOLLING,13,8,August,2010,6,Friday,19,40,9,99,8,63,28.88580833,-98.73938889,1,5,0,10,0,0,1,0
481331,TEXAS,TX,1,0,2,87,0,ARMSTRONG,13,8,August,2010,6,Friday,22,0,0,4,8,246,35.05218889,-100.29494167,11,2,0,1,0,0,2,0
481332,TEXAS,TX,1,0,2,19,0,CEDAR BLUFF,14,8,August,2010,7,Saturday,2,20,0,4,8,78,29.67637222,-99.40550278,52,2,0,1,0,0,1,1
481333,TEXAS,TX,2,2,4,61,940,BELLWOOD,14,8,August,2010,7,Saturday,11,41,1,13,8,131,25.90806667,-97.40734722,12,1,0,1,0,0,1,0
481334,TEXAS,TX,2,0,5,381,0,AMARILLO,14,8,August,2010,7,Saturday,21,38,0,4,8,81,34.98540278,-102.02548056,12,2,0,1,0,0,1,1
481335,TEXAS,TX,1,0,2,493,0,FLORESVILLE,14,8,August,2010,7,Saturday,14,20,0,6,4,0,29.24946944,-98.17601667,1,1,0,1,0,0,1,0
481336,TEXAS,TX,1,1,1,201,3280,ANNETTE,15,8,August,2010,1,Sunday,18,40,1,12,2,93,29.72179167,-95.49370556,59,1,0,1,0,0,1,0
481337,TEXAS,TX,1,0,1,201,3890,ANNETTE,15,8,August,2010,1,Sunday,15,56,0,16,5,0,29.63673056,-95.03502778,33,1,0,1,0,0,1,1
481338,TEXAS,TX,1,0,1,201,5230,ANNETTE,15,8,August,2010,1,Sunday,4,20,0,16,5,0,29.63355000,-95.11655000,34,2,0,1,0,0,1,1
481339,TEXAS,TX,2,1,2,373,0,ACE,15,8,August,2010,1,Sunday,2,15,0,3,2,10,30.71062500,-94.91603889,8,2,0,10,0,0,1,0
481340,TEXAS,TX,1,0,1,453,330,ANDERSON MILL,15,8,August,2010,1,Sunday,3,55,1,11,7,241,30.35042500,-97.69339167,1,3,0,1,0,0,1,1
481341,TEXAS,TX,2,0,2,249,0,ELLAVILLE,16,8,August,2010,2,Monday,6,53,0,3,3,199,27.85926389,-98.00032222,12,1,0,5,0,0,2,0
481342,TEXAS,TX,2,0,3,419,0,CENTER,16,8,August,2010,2,Monday,15,23,0,3,3,189,31.79591667,-94.13991389,12,1,0,1,0,0,1,0
481343,TEXAS,TX,1,1,2,485,7490,BURKBURNETT,16,8,August,2010,2,Monday,23,5,1,12,2,3,33.88262222,-98.49270000,8,2,0,1,0,0,1,0
481344,TEXAS,TX,1,0,1,29,6090,BORDEN SPRINGS,17,8,August,2010,3,Tuesday,0,18,1,13,8,62,29.33391389,-98.45069167,32,3,0,1,0,0,1,0
481345,TEXAS,TX,1,0,2,89,0,BROWNSBORO,18,8,August,2010,4,Wednesday,13,1,0,4,8,20,29.45298611,-96.38741389,1,1,0,1,0,0,1,0
481346,TEXAS,TX,1,0,1,177,0,LEE,19,8,August,2010,5,Thursday,22,21,0,4,8,18,29.51672778,-97.40571389,43,2,0,1,0,0,1,1
481347,TEXAS,TX,2,0,2,189,5380,BONEVILLE,19,8,August,2010,5,Thursday,9,43,1,13,2,220,34.18449167,-101.70678611,12,1,0,1,0,0,1,0
481348,TEXAS,TX,2,0,2,309,7210,ALAMO,20,8,August,2010,6,Friday,16,11,0,16,5,0,31.50865833,-97.15690278,12,1,0,1,1,0,1,0
481349,TEXAS,TX,1,0,1,347,0,APPLEBY,20,8,August,2010,6,Friday,1,10,1,2,2,114,31.68236111,-94.66748889,1,2,0,10,0,0,1,0
481350,TEXAS,TX,2,0,2,419,0,CENTER,20,8,August,2010,6,Friday,6,0,0,3,3,55,31.85921667,-94.11694444,12,4,0,10,0,0,1,0
481351,TEXAS,TX,2,0,2,453,330,ANDERSON MILL,20,8,August,2010,6,Friday,19,23,0,16,5,0,30.39803889,-97.73725000,12,1,0,1,0,0,1,1
481352,TEXAS,TX,1,0,2,469,0,BLOOMINGTON,20,8,August,2010,6,Friday,12,41,0,3,2,11,29.09517778,-96.98722222,52,1,0,1,0,0,1,0
481353,TEXAS,TX,1,0,2,485,0,BURKBURNETT,20,8,August,2010,6,Friday,23,50,0,4,3,104,34.05465000,-98.91763611,18,2,0,1,0,0,1,1
481354,TEXAS,TX,2,0,2,177,0,LEE,27,7,July,2010,3,Tuesday,8,30,0,3,2,109,29.49803333,-97.55220000,12,1,0,1,0,0,1,0
481355,TEXAS,TX,2,0,2,181,0,LINCOLN,27,7,July,2010,3,Tuesday,16,40,0,4,8,74,33.53164722,-96.80930278,12,1,0,1,0,0,1,0
481356,TEXAS,TX,1,0,1,291,0,BLAIRSVILLE,28,7,July,2010,4,Wednesday,18,54,0,6,4,0,30.05171944,-95.01245833,10,1,0,1,0,0,1,0
481357,TEXAS,TX,2,0,2,391,0,AUSTWELL,29,7,July,2010,5,Thursday,9,28,1,2,2,78,28.44801944,-97.12531944,12,1,0,1,0,0,2,1
481358,TEXAS,TX,1,0,4,471,0,DODGE,30,7,July,2010,6,Friday,5,32,0,3,3,128,30.69684722,-95.63941667,11,2,0,1,0,0,1,0
481359,TEXAS,TX,1,0,2,471,5812,DODGE,30,7,July,2010,6,Friday,11,40,0,4,8,8,30.84421389,-95.39752222,1,1,0,1,0,0,1,0
481360,TEXAS,TX,1,1,1,29,0,BORDEN SPRINGS,3,7,July,2010,7,Saturday,5,49,0,14,8,53,29.46093611,-98.31653333,8,2,0,10,0,0,1,0
481361,TEXAS,TX,4,0,12,183,4080,FORT STEWART,9,7,July,2010,6,Friday,21,30,1,13,8,57,32.49045278,-94.76909167,12,2,0,1,0,0,1,1
481362,TEXAS,TX,1,0,4,135,0,ASH FLAT,18,7,July,2010,1,Sunday,5,45,0,6,4,0,31.79783889,-102.52547222,38,2,0,1,0,0,1,1
481363,TEXAS,TX,2,0,2,245,5430,AUGUSTA,19,7,July,2010,2,Monday,16,35,1,13,8,159,29.93303333,-94.00665833,24,1,0,10,0,0,1,1
481364,TEXAS,TX,2,0,4,135,0,ASH FLAT,20,7,July,2010,3,Tuesday,8,33,1,13,2,141,31.96031944,-102.40991667,12,1,0,10,0,0,1,0
481365,TEXAS,TX,2,0,5,377,0,MARFA,24,7,July,2010,7,Saturday,17,10,0,3,2,351,29.88731389,-104.27527500,12,1,0,2,0,0,2,0
481366,TEXAS,TX,1,0,3,233,0,ARAGON,25,7,July,2010,1,Sunday,23,0,0,4,8,182,35.66887222,-101.47195833,35,2,0,1,0,0,1,0
481367,TEXAS,TX,2,0,2,289,0,ALLENTOWN,25,7,July,2010,1,Sunday,13,25,0,3,3,61,31.28915000,-95.88326389,12,1,0,1,0,0,1,0
481368,TEXAS,TX,2,0,4,439,4300,ARLINGTON,25,7,July,2010,1,Sunday,16,30,0,16,5,0,32.55727500,-97.16106111,12,1,0,1,0,0,1,0
481369,TEXAS,TX,2,0,2,349,1570,ANGUS,27,7,July,2010,3,Tuesday,17,15,1,13,3,42,32.03757500,-96.40511389,12,1,0,10,0,0,1,1
481370,TEXAS,TX,1,0,1,41,0,BRANTLEY,30,7,July,2010,6,Friday,15,48,0,6,4,0,30.94973056,-96.26398056,42,1,0,10,0,0,1,0
481372,TEXAS,TX,1,0,1,201,3280,ANNETTE,1,8,August,2010,1,Sunday,4,0,0,16,5,0,29.67675000,-95.46724167,33,2,0,1,0,0,1,1
481373,TEXAS,TX,1,0,1,473,0,BROOKSHIRE,1,8,August,2010,1,Sunday,1,25,0,4,8,180,29.96816111,-96.04172778,1,2,0,10,0,0,1,1
481374,TEXAS,TX,2,0,2,71,0,BRIDGEPORT,2,8,August,2010,2,Monday,4,52,0,4,8,198,29.66323056,-94.89505000,12,2,0,1,0,0,1,0
481375,TEXAS,TX,1,0,7,467,0,BEN WHEELER,5,8,August,2010,5,Thursday,3,0,0,6,4,0,32.73093333,-95.92223611,5,2,0,1,0,0,1,1
481377,TEXAS,TX,1,0,5,423,0,ARP,7,8,August,2010,7,Saturday,7,45,1,1,1,45,32.48308056,-95.51910556,42,1,0,1,0,0,3,0
481378,TEXAS,TX,3,0,7,113,1730,COTTONTON,8,8,August,2010,1,Sunday,1,35,1,13,8,86,32.74876667,-96.68280278,12,3,0,1,0,0,1,1
481379,TEXAS,TX,2,0,7,121,3960,BON AIR,8,8,August,2010,1,Sunday,3,54,0,99,8,99999,33.02768056,-96.99304444,12,3,0,1,0,0,1,2
481380,TEXAS,TX,2,0,3,421,0,SHERMAN,8,8,August,2010,1,Sunday,3,24,1,2,2,87,36.41516944,-101.93231111,12,2,0,1,0,0,1,1
481381,TEXAS,TX,1,0,5,39,1395,ANDALUSIA,9,8,August,2010,2,Monday,20,56,1,12,3,123,29.00954444,-95.40302500,59,2,0,1,0,0,1,1
481382,TEXAS,TX,2,0,4,73,0,ARGO,9,8,August,2010,2,Monday,20,50,1,2,2,250,31.91679722,-95.23470556,12,2,0,1,0,0,1,0
481383,TEXAS,TX,2,0,3,477,880,BRENHAM,9,8,August,2010,2,Monday,18,9,1,13,2,297,30.14369444,-96.36826389,12,1,0,1,0,0,1,0
481384,TEXAS,TX,3,0,3,121,0,BON AIR,11,8,August,2010,4,Wednesday,6,3,1,2,2,31,33.23950278,-97.33820000,12,3,0,1,0,0,1,0
481385,TEXAS,TX,1,0,1,453,330,ANDERSON MILL,11,8,August,2010,4,Wednesday,0,49,1,12,8,158,30.26947222,-97.77622500,42,3,0,1,0,0,1,1
481386,TEXAS,TX,2,0,4,423,7070,ARP,13,8,August,2010,6,Friday,17,5,1,13,3,18,32.32075833,-95.28217778,12,1,0,1,0,0,1,0
481387,TEXAS,TX,1,0,4,203,0,BENSON,14,8,August,2010,7,Saturday,2,31,1,1,1,276,32.49618056,-94.23335000,1,2,0,1,0,0,1,1
481388,TEXAS,TX,1,0,4,203,0,BENSON,14,8,August,2010,7,Saturday,8,14,1,1,1,100,32.48190833,-94.53599444,35,1,0,1,0,0,2,0
481389,TEXAS,TX,1,1,3,355,1550,AGUA DULCE,14,8,August,2010,7,Saturday,20,39,1,11,1,33,27.80401667,-97.45365833,8,3,0,1,0,0,1,0
481390,TEXAS,TX,1,0,1,409,0,ARANSAS PASS,14,8,August,2010,7,Saturday,6,3,0,3,3,80,27.87814722,-97.16948056,18,2,0,1,0,0,1,0
481391,TEXAS,TX,2,0,3,459,0,BETTIE,14,8,August,2010,7,Saturday,21,2,1,2,3,118,32.70431111,-94.92331944,12,5,0,1,0,0,1,0
481392,TEXAS,TX,1,0,1,467,0,BEN WHEELER,14,8,August,2010,7,Saturday,21,31,1,1,1,228,32.52673889,-95.71640556,32,2,0,1,0,0,1,0
481394,TEXAS,TX,2,0,2,27,570,ASHLAND,16,8,August,2010,2,Monday,8,31,0,4,8,146,31.05338333,-97.55752778,12,1,0,1,0,0,1,0
481395,TEXAS,TX,2,0,2,61,3030,BELLWOOD,17,8,August,2010,3,Tuesday,12,6,1,12,2,53,26.18012222,-97.78984722,12,1,0,1,0,0,1,0
481396,TEXAS,TX,2,0,3,73,0,ARGO,18,8,August,2010,4,Wednesday,6,40,1,2,2,87,32.02816389,-95.28142778,12,1,0,1,0,0,1,0
481397,TEXAS,TX,1,1,1,251,1370,DOVER,18,8,August,2010,4,Wednesday,23,0,0,16,5,0,32.43586389,-97.38762778,8,2,0,1,0,0,1,0
481398,TEXAS,TX,3,0,5,469,7190,BLOOMINGTON,18,8,August,2010,4,Wednesday,18,20,1,12,8,141,28.83958056,-96.95348611,12,1,0,10,0,0,1,0
481399,TEXAS,TX,1,0,3,59,0,FRANKLIN,20,8,August,2010,6,Friday,10,4,0,6,4,0,32.50377222,-99.59049444,34,1,0,1,0,0,1,0
481400,TEXAS,TX,2,0,3,201,0,ANNETTE,20,8,August,2010,6,Friday,3,0,0,6,4,0,29.78737778,-95.10879722,12,2,0,1,0,0,1,1
481401,TEXAS,TX,2,1,2,113,1730,COTTONTON,21,8,August,2010,7,Saturday,3,25,0,16,5,0,32.73403611,-96.65344167,8,3,0,1,0,0,1,0
481402,TEXAS,TX,1,1,1,183,4080,FORT STEWART,21,8,August,2010,7,Saturday,23,35,1,13,2,137,32.50104722,-94.73250833,8,3,0,1,0,0,1,0
481403,TEXAS,TX,2,0,3,201,0,ANNETTE,21,8,August,2010,7,Saturday,21,15,0,6,4,0,30.00309444,-95.46079167,12,3,0,1,0,0,1,1
481404,TEXAS,TX,2,0,5,303,0,DAVISBORO,21,8,August,2010,7,Saturday,21,40,1,2,2,122,33.39526667,-101.81347778,12,2,0,1,0,0,1,0
481406,TEXAS,TX,1,0,1,113,1730,COTTONTON,22,8,August,2010,1,Sunday,20,41,0,16,5,0,32.74478611,-96.79689167,33,3,0,1,0,0,1,0
481407,TEXAS,TX,2,1,3,113,1730,COTTONTON,23,8,August,2010,2,Monday,14,21,0,16,5,0,32.77796111,-96.79622778,12,1,0,1,0,0,1,0
481408,TEXAS,TX,1,0,1,455,0,APPLE SPRINGS,24,8,August,2010,3,Tuesday,20,35,0,3,3,313,31.05215556,-95.24256667,1,2,0,1,0,0,1,0
481409,TEXAS,TX,2,0,3,201,0,ANNETTE,25,8,August,2010,4,Wednesday,18,35,1,13,8,29,29.98020278,-95.08917778,12,1,0,1,0,0,1,1
481410,TEXAS,TX,2,0,2,453,330,ANDERSON MILL,25,8,August,2010,4,Wednesday,16,22,1,12,7,21,30.43263333,-97.70070556,12,1,0,1,0,0,1,0
481411,TEXAS,TX,3,0,4,251,3593,DOVER,27,8,August,2010,6,Friday,13,43,1,13,2,18,32.38460833,-97.36068056,12,1,0,1,0,0,2,1