ST_CASE,State Name,State Abbreviation,VE_TOTAL,Pedestrains,Total_Persons_in_accident,COUNTY,CITY,City_County_Name,Calendar_DAY,MONTH,Month_Name,YEAR,DAY_WEEK,Day_Week_desc,HOUR,MINUTE,NHS_Desc,trafficway,ROUTE,MILEPT,LATITUDE,LONGITUD,First_Crash_event,Light_cond_desc,Weather_condition,WEATHER,SCH_BUS,Crash_cause,FATALS,DRUNK_DR
481412,TEXAS,TX,1,0,4,469,7190,BLOOMINGTON,27,8,August,2010,6,Friday,2,9,0,16,5,0,28.78255000,-96.96784444,43,3,0,10,0,0,1,1
481413,TEXAS,TX,1,0,2,135,5030,ASH FLAT,28,8,August,2010,7,Saturday,0,53,0,16,5,0,31.87529722,-102.37034444,33,2,0,1,0,0,2,1
481414,TEXAS,TX,3,0,4,439,2450,ARLINGTON,6,2,February,2010,7,Saturday,22,24,0,16,5,0,32.86300000,-97.43700000,12,2,0,10,0,0,1,1
481415,TEXAS,TX,3,0,5,439,2450,ARLINGTON,9,2,February,2010,3,Tuesday,22,35,1,1,7,28,32.68860278,-97.32096667,12,3,0,1,0,0,1,1
481416,TEXAS,TX,1,2,1,201,3280,ANNETTE,5,3,March,2010,6,Friday,18,45,1,13,8,29,29.77510833,-95.21785278,8,3,0,1,0,0,1,1
481417,TEXAS,TX,2,0,2,309,7210,ALAMO,25,7,July,2010,1,Sunday,0,35,0,16,5,0,31.55813056,-97.19924722,12,3,0,1,0,0,1,1
481418,TEXAS,TX,2,0,3,51,0,CENTRAL,26,7,July,2010,2,Monday,20,20,1,2,3,16,30.51644722,-96.68498889,12,5,0,10,0,0,1,0
481419,TEXAS,TX,3,0,3,61,940,BELLWOOD,27,7,July,2010,3,Tuesday,19,50,1,13,3,40,25.92883889,-97.45263333,12,1,0,1,0,0,1,0
481420,TEXAS,TX,1,1,1,113,1730,COTTONTON,28,7,July,2010,4,Wednesday,20,54,0,16,5,0,32.79446389,-96.76437500,8,3,0,1,0,0,1,0
481422,TEXAS,TX,2,0,1,201,3280,ANNETTE,28,7,July,2010,4,Wednesday,9,30,1,12,2,105,29.70872222,-95.50770556,12,1,0,10,0,0,1,0
481423,TEXAS,TX,2,0,2,85,3913,BENTON,29,7,July,2010,5,Thursday,19,30,0,3,3,289,33.02225278,-96.44986389,12,1,0,1,0,0,1,0
481424,TEXAS,TX,1,0,1,113,1730,COTTONTON,29,7,July,2010,5,Thursday,17,37,1,11,1,35,32.90313056,-96.72193889,1,1,0,1,0,0,1,1
481425,TEXAS,TX,1,0,1,399,0,BALLINGER,29,7,July,2010,5,Thursday,9,17,0,4,3,34,32.04929722,-100.11338611,32,1,0,1,0,0,1,1
481426,TEXAS,TX,2,0,2,439,3594,ARLINGTON,17,7,July,2010,7,Saturday,10,52,0,16,5,0,32.91217500,-97.25233333,1,1,0,1,0,0,1,0
481427,TEXAS,TX,1,0,1,177,0,LEE,19,7,July,2010,2,Monday,22,0,0,6,4,0,29.16951389,-97.60610000,23,2,0,10,0,0,1,1
481428,TEXAS,TX,1,1,1,201,3280,ANNETTE,30,7,July,2010,6,Friday,22,24,0,16,5,0,29.69590833,-95.33762778,8,6,0,1,0,0,1,1
481429,TEXAS,TX,1,0,1,367,85,ALEDO,30,7,July,2010,6,Friday,2,40,0,5,8,108,32.68182778,-97.60159444,59,2,0,1,0,0,1,1
481430,TEXAS,TX,2,0,6,177,2720,LEE,27,3,March,2010,7,Saturday,17,1,1,2,2,129,29.47532778,-97.44532778,12,1,0,1,0,0,1,0
481431,TEXAS,TX,1,0,3,141,2190,BEE BRANCH,31,3,March,2010,4,Wednesday,15,56,1,11,1,172,31.77546111,-106.51502500,1,1,0,1,0,0,1,0
481432,TEXAS,TX,2,0,2,201,3280,ANNETTE,19,7,July,2010,2,Monday,23,0,0,16,5,0,29.71662500,-95.55803056,12,3,0,1,0,0,1,0
481433,TEXAS,TX,1,0,1,471,0,DODGE,23,7,July,2010,6,Friday,4,9,0,4,8,101,30.80658333,-95.57264444,1,3,0,1,0,0,1,1
481434,TEXAS,TX,2,1,1,303,0,DAVISBORO,26,7,July,2010,2,Monday,9,20,1,2,2,108,33.64854444,-101.94588056,8,1,0,1,0,0,1,0
481435,TEXAS,TX,1,0,2,149,0,BELLEVILLE,27,7,July,2010,3,Tuesday,20,35,0,3,3,103,29.86150556,-96.73763611,24,2,0,10,0,0,1,1
481436,TEXAS,TX,1,0,1,201,3280,ANNETTE,18,1,January,2010,2,Monday,20,25,1,12,7,0,29.59976389,-95.29889722,33,2,0,1,0,0,1,1
481437,TEXAS,TX,1,0,1,439,2450,ARLINGTON,27,1,January,2010,4,Wednesday,23,13,1,11,1,37,32.70269444,-97.32052222,59,3,0,1,0,0,1,1
481438,TEXAS,TX,2,0,5,309,7210,ALAMO,10,2,February,2010,4,Wednesday,16,8,1,2,2,45,31.61702500,-97.05278056,12,1,0,10,0,0,1,0
481439,TEXAS,TX,1,0,1,141,2190,BEE BRANCH,21,2,February,2010,1,Sunday,12,59,0,16,5,0,31.78287778,-106.46219167,18,1,0,10,0,0,1,0
481440,TEXAS,TX,1,0,1,29,6090,BORDEN SPRINGS,4,3,March,2010,5,Thursday,0,45,1,11,8,93,29.43993056,-98.64041389,33,3,0,1,0,0,1,1
481441,TEXAS,TX,1,0,5,201,3280,ANNETTE,22,3,March,2010,2,Monday,1,56,0,16,5,0,29.72065556,-95.54896111,33,3,0,1,0,0,2,1
481442,TEXAS,TX,1,0,1,29,0,BORDEN SPRINGS,25,4,April,2010,1,Sunday,22,30,1,2,3,44,29.62144444,-98.76777778,32,2,0,1,0,0,1,0
481443,TEXAS,TX,1,0,2,39,0,ANDALUSIA,27,4,April,2010,3,Tuesday,14,46,0,6,4,0,29.18543611,-95.68392222,38,1,0,1,0,0,1,0
481444,TEXAS,TX,1,0,1,113,2590,COTTONTON,16,5,May,2010,1,Sunday,1,54,0,16,5,0,32.94850556,-96.61694444,39,3,0,1,0,0,1,1
481445,TEXAS,TX,1,1,1,335,1460,COLORADO CITY,16,5,May,2010,1,Sunday,21,43,0,4,8,42,32.38878056,-100.85210556,8,3,0,1,0,0,1,0
481446,TEXAS,TX,1,1,1,39,2490,ANDALUSIA,19,6,June,2010,7,Saturday,11,1,0,16,9,0,28.94680000,-95.35990556,8,1,0,1,0,0,1,0
481447,TEXAS,TX,1,0,1,141,2190,BEE BRANCH,19,6,June,2010,7,Saturday,0,42,1,11,1,195,31.76383056,-106.48744167,24,3,0,1,0,0,1,1
481448,TEXAS,TX,1,0,2,141,2190,BEE BRANCH,21,6,June,2010,2,Monday,0,30,1,13,8,23,31.98603333,-106.40891389,35,2,0,1,0,0,1,1
481449,TEXAS,TX,1,0,2,201,3505,ANNETTE,24,6,June,2010,5,Thursday,16,50,1,12,7,231,29.89320556,-95.58776389,33,1,0,1,0,0,1,0
481450,TEXAS,TX,1,1,1,167,0,ADRIAN,9,7,July,2010,6,Friday,23,40,1,11,1,156,29.31706944,-94.91643611,8,2,0,1,0,0,1,0
481451,TEXAS,TX,2,0,2,477,0,BRENHAM,11,7,July,2010,1,Sunday,1,15,1,13,3,38,30.11534444,-96.38453611,12,2,0,1,0,0,1,0
481452,TEXAS,TX,1,0,1,201,3280,ANNETTE,14,7,July,2010,4,Wednesday,19,57,0,16,5,0,29.83225000,-95.54517778,33,1,0,1,0,0,1,0
481453,TEXAS,TX,2,0,4,453,0,ANDERSON MILL,17,7,July,2010,7,Saturday,17,45,1,13,8,47,30.09078056,-97.73611389,12,1,0,1,0,0,3,0
481454,TEXAS,TX,1,0,1,5,4160,BAKER HILL,18,7,July,2010,1,Sunday,10,56,0,4,8,33,31.29377222,-94.74678056,32,1,0,10,0,0,1,0
481455,TEXAS,TX,2,0,7,363,0,BRAZOS,18,7,July,2010,1,Sunday,18,35,0,3,2,307,32.79757500,-98.18794722,12,1,0,1,0,0,1,0
481456,TEXAS,TX,1,0,2,13,0,BOLLING,23,7,July,2010,6,Friday,14,0,0,3,3,18,29.02805000,-98.79481389,1,1,0,10,0,0,1,1
481457,TEXAS,TX,2,0,3,181,6350,LINCOLN,24,7,July,2010,7,Saturday,20,3,0,16,5,0,33.65590556,-96.59826667,12,1,0,1,0,0,1,1
481458,TEXAS,TX,6,1,6,201,3280,ANNETTE,24,7,July,2010,7,Saturday,2,15,1,11,1,156,29.68465000,-95.27666667,8,3,0,1,0,0,1,0
481459,TEXAS,TX,2,0,3,339,0,CONROE,25,7,July,2010,1,Sunday,11,28,0,6,4,0,30.25023056,-95.14081944,12,1,0,1,0,0,1,0
481460,TEXAS,TX,2,0,9,497,0,ALVORD,26,7,July,2010,2,Monday,22,38,0,4,8,352,33.02121111,-97.67129444,12,2,0,10,0,0,1,0
481461,TEXAS,TX,1,0,2,269,0,BUTLER,30,7,July,2010,6,Friday,19,44,1,2,2,105,33.63286111,-100.34111667,38,1,0,1,0,0,1,1
481462,TEXAS,TX,2,0,3,89,1470,BROWNSBORO,31,7,July,2010,7,Saturday,23,30,0,3,3,115,29.71289167,-96.57913889,12,2,0,1,0,0,1,0
481463,TEXAS,TX,1,0,1,215,0,BIBB CITY,31,7,July,2010,7,Saturday,1,30,0,6,4,0,26.38239444,-98.16250556,24,2,0,1,0,0,1,1
481464,TEXAS,TX,2,0,2,355,1550,AGUA DULCE,20,4,April,2010,3,Tuesday,15,17,0,16,5,0,27.63425833,-97.33072222,12,1,0,1,1,0,1,0
481465,TEXAS,TX,2,0,3,183,4080,FORT STEWART,5,5,May,2010,4,Wednesday,15,43,0,16,5,0,32.48368889,-94.72631111,1,1,0,1,0,0,1,0
481466,TEXAS,TX,1,0,1,453,0,ANDERSON MILL,22,5,May,2010,7,Saturday,1,40,1,13,2,338,30.12128889,-97.69541944,1,2,0,1,0,0,1,1
481467,TEXAS,TX,1,0,1,189,5380,BONEVILLE,23,5,May,2010,1,Sunday,0,35,0,14,8,9,34.22842778,-101.70792778,59,3,0,1,0,0,1,0
481468,TEXAS,TX,3,1,4,439,2450,ARLINGTON,13,6,June,2010,1,Sunday,3,11,1,11,1,68,32.87181944,-97.31689444,12,2,0,1,0,0,1,1
481469,TEXAS,TX,2,0,3,201,3280,ANNETTE,24,6,June,2010,5,Thursday,2,55,1,11,1,221,29.74325278,-95.35923611,12,3,0,1,0,0,1,2
481470,TEXAS,TX,2,0,3,201,3280,ANNETTE,27,6,June,2010,1,Sunday,11,20,0,16,5,0,29.72520833,-95.47234444,12,1,0,10,0,0,1,0
481471,TEXAS,TX,2,0,3,181,0,LINCOLN,2,7,July,2010,6,Friday,15,20,1,2,3,286,33.62873611,-96.46506667,12,1,0,2,0,0,1,0
481472,TEXAS,TX,3,0,2,303,0,DAVISBORO,2,7,July,2010,6,Friday,4,20,0,4,8,103,33.67535556,-101.94012222,12,2,0,2,0,0,1,0
481473,TEXAS,TX,2,0,2,67,0,ABBEVILLE,6,7,July,2010,3,Tuesday,16,40,0,3,3,94,33.04756944,-94.05882222,12,1,0,2,0,0,1,0
481474,TEXAS,TX,1,0,2,121,6881,BON AIR,8,7,July,2010,5,Thursday,15,7,1,12,3,35,33.06976944,-96.88028333,59,1,0,2,0,0,1,0
481475,TEXAS,TX,2,0,8,201,3280,ANNETTE,9,7,July,2010,6,Friday,1,27,1,12,7,42,29.93974167,-95.29529722,12,3,0,1,0,0,3,1
481476,TEXAS,TX,5,0,10,339,0,CONROE,9,7,July,2010,6,Friday,15,50,0,6,4,0,30.39429167,-95.65524444,12,1,0,10,0,0,2,0
481477,TEXAS,TX,2,0,5,141,2190,BEE BRANCH,10,7,July,2010,7,Saturday,13,12,0,16,5,0,31.87477222,-106.41186389,12,1,0,10,0,0,1,0
481478,TEXAS,TX,1,0,1,147,0,AUGUSTA,17,7,July,2010,7,Saturday,2,0,0,6,4,0,33.83476667,-95.99808333,42,2,0,1,0,0,1,1
481479,TEXAS,TX,1,1,1,201,3280,ANNETTE,18,7,July,2010,1,Sunday,21,20,1,13,8,61,29.61686667,-95.35547222,8,3,0,10,0,0,1,1
481480,TEXAS,TX,1,1,2,257,0,AVALON,18,7,July,2010,1,Sunday,23,8,0,4,8,117,32.78351944,-96.19785833,8,2,0,1,0,0,1,0
481481,TEXAS,TX,3,0,6,451,6080,CARLSBAD,19,7,July,2010,2,Monday,16,30,1,12,8,23,31.42914722,-100.45819444,12,1,0,1,0,0,1,0
481482,TEXAS,TX,1,0,1,133,0,ARLEY,21,7,July,2010,4,Wednesday,13,4,1,1,1,243,32.42849167,-98.72047778,1,1,0,1,0,0,1,1
481483,TEXAS,TX,1,0,1,257,0,AVALON,23,7,July,2010,6,Friday,0,4,0,5,8,31,32.75756944,-96.34646389,32,2,0,1,0,0,1,0
481484,TEXAS,TX,2,0,3,201,3280,ANNETTE,26,7,July,2010,2,Monday,12,28,1,11,1,36,29.55116667,-95.15206389,12,1,0,1,0,0,2,1
481485,TEXAS,TX,1,0,2,141,2190,BEE BRANCH,30,7,July,2010,6,Friday,12,46,0,16,5,0,31.85158056,-106.61991389,43,1,0,1,0,0,1,0
481486,TEXAS,TX,2,1,1,29,2187,BORDEN SPRINGS,13,4,April,2010,3,Tuesday,20,45,0,5,8,1,29.21608056,-98.35990833,8,2,0,10,0,0,1,0
481487,TEXAS,TX,1,1,1,277,5220,BROOKFIELD,21,4,April,2010,4,Wednesday,6,47,0,14,8,76,33.66071389,-95.56861389,9,1,0,10,0,0,1,0
481488,TEXAS,TX,1,0,2,201,3280,ANNETTE,22,5,May,2010,7,Saturday,2,20,0,16,5,0,29.68499444,-95.30510833,38,3,0,10,0,0,1,1
481489,TEXAS,TX,1,0,2,73,0,ARGO,4,7,July,2010,1,Sunday,17,37,0,4,8,36,31.88819722,-95.27472500,35,1,0,1,0,0,1,1
481490,TEXAS,TX,1,2,1,167,0,ADRIAN,7,7,July,2010,4,Wednesday,19,28,0,14,8,256,29.50287500,-94.98915556,8,2,0,10,0,0,1,0
481491,TEXAS,TX,1,0,1,215,0,BIBB CITY,15,7,July,2010,5,Thursday,0,42,0,6,4,0,26.25183611,-98.38224722,38,2,0,10,0,0,1,1
481492,TEXAS,TX,1,1,1,141,2190,BEE BRANCH,20,7,July,2010,3,Tuesday,21,40,1,13,2,57,31.75527500,-106.48800000,8,3,0,10,0,0,1,1
481493,TEXAS,TX,3,0,5,291,0,BLAIRSVILLE,26,8,August,2010,5,Thursday,7,2,1,2,3,14,30.32406389,-94.95968333,12,1,0,1,0,0,1,0
481494,TEXAS,TX,1,0,1,453,0,ANDERSON MILL,26,8,August,2010,5,Thursday,3,12,0,6,4,0,30.30142778,-97.78808333,42,2,0,1,0,0,1,1
481495,TEXAS,TX,1,1,2,245,5430,AUGUSTA,27,8,August,2010,6,Friday,21,48,1,13,3,110,29.92334167,-93.91578889,8,2,0,1,0,0,1,0
481496,TEXAS,TX,1,0,1,99,0,BEATRICE,28,8,August,2010,7,Saturday,9,55,0,4,8,49,31.37240000,-97.82827500,38,1,0,1,0,0,1,0
481497,TEXAS,TX,1,1,1,113,1730,COTTONTON,28,8,August,2010,7,Saturday,3,47,1,11,1,75,32.92460833,-96.78367222,8,3,0,1,0,0,1,0
481498,TEXAS,TX,1,1,1,439,502,ARLINGTON,29,8,August,2010,1,Sunday,2,15,1,12,3,173,32.84029444,-97.15924444,8,3,0,1,0,0,1,0
481499,TEXAS,TX,1,0,1,201,0,ANNETTE,30,8,August,2010,2,Monday,22,20,1,11,1,421,29.77681111,-95.12928611,1,3,0,10,0,0,1,1
481500,TEXAS,TX,1,0,1,257,2430,AVALON,30,8,August,2010,2,Monday,3,28,1,12,2,20,32.76856667,-96.48734167,23,2,0,1,0,0,1,0
481501,TEXAS,TX,2,0,2,337,0,BELCHERVILLE,30,8,August,2010,2,Monday,10,45,0,4,8,46,33.57515556,-97.90013611,12,1,0,1,0,0,1,0
481502,TEXAS,TX,2,0,3,131,0,ARLINGTON,31,8,August,2010,3,Tuesday,22,59,0,3,3,473,27.38830556,-98.67005833,12,2,0,1,0,0,1,1
481503,TEXAS,TX,1,0,1,407,0,COLDSPRING,28,8,August,2010,7,Saturday,3,13,0,4,8,72,30.61043611,-95.14288889,38,2,0,1,0,0,1,1
481504,TEXAS,TX,3,0,7,113,2800,COTTONTON,29,8,August,2010,1,Sunday,1,36,1,11,1,41,32.76169167,-96.96489167,12,3,0,1,0,0,1,1
481505,TEXAS,TX,1,1,1,201,0,ANNETTE,30,8,August,2010,2,Monday,22,45,1,11,1,466,29.79048889,-95.05561944,8,3,0,1,0,0,1,0
481506,TEXAS,TX,2,0,2,113,1730,COTTONTON,9,8,August,2010,2,Monday,7,5,1,11,1,195,32.65840000,-96.73335278,12,1,0,1,0,0,1,0
481507,TEXAS,TX,1,0,1,259,0,CHARLES,20,8,August,2010,6,Friday,13,20,0,5,8,5,29.95381944,-98.87558056,42,1,0,10,0,0,1,0
481508,TEXAS,TX,2,0,2,467,0,BEN WHEELER,3,8,August,2010,3,Tuesday,20,40,0,5,8,60,32.58195000,-95.74473333,12,5,0,1,0,0,1,1
481509,TEXAS,TX,2,0,2,201,3280,ANNETTE,6,8,August,2010,6,Friday,0,56,0,16,5,0,29.84040556,-95.34280000,12,3,0,1,0,0,1,1
481510,TEXAS,TX,1,0,6,439,2800,ARLINGTON,6,8,August,2010,6,Friday,19,43,1,11,1,127,32.67585000,-97.03884722,24,1,0,2,0,0,1,1
481511,TEXAS,TX,1,0,1,221,2780,ARNOLDSVILLE,8,8,August,2010,1,Sunday,15,41,1,13,2,105,32.44937500,-97.74082222,59,1,0,1,0,0,1,0
481512,TEXAS,TX,2,0,3,39,0,ANDALUSIA,11,8,August,2010,4,Wednesday,7,44,1,2,3,119,29.43761667,-95.42767500,12,1,0,1,0,0,1,0
481513,TEXAS,TX,1,0,1,185,0,ANAKTUVUK PASS,11,8,August,2010,4,Wednesday,21,49,1,2,3,55,30.35333889,-95.99602500,52,2,0,1,0,0,1,1
481514,TEXAS,TX,1,1,1,303,0,DAVISBORO,13,8,August,2010,6,Friday,8,36,0,4,8,25,33.54563333,-101.66254444,9,1,0,1,0,0,1,0
481515,TEXAS,TX,1,0,1,157,0,ARCADE,16,8,August,2010,2,Monday,3,45,0,6,4,0,29.66096667,-95.71322778,1,2,0,1,0,0,1,1
481516,TEXAS,TX,2,0,3,411,0,BEND,16,8,August,2010,2,Monday,16,44,0,4,3,216,31.05883333,-98.73145833,12,1,0,1,0,0,1,0
481517,TEXAS,TX,1,0,1,329,4560,MIDLAND,17,8,August,2010,3,Tuesday,3,38,0,14,8,21,32.01372222,-102.14073611,42,3,0,1,0,0,1,0
481518,TEXAS,TX,1,0,2,335,0,COLORADO CITY,17,8,August,2010,3,Tuesday,1,22,1,1,1,276,32.40884722,-100.75236667,57,2,0,1,0,0,2,1
481519,TEXAS,TX,2,0,2,439,260,ARLINGTON,18,8,August,2010,4,Wednesday,0,42,1,13,8,117,32.76774444,-97.09713056,12,3,0,1,0,0,1,2
481520,TEXAS,TX,1,0,1,491,1242,ANDERSON MILL,18,8,August,2010,4,Wednesday,15,18,0,16,5,0,30.53276667,-97.80209444,33,1,0,1,0,0,1,0
481521,TEXAS,TX,1,0,1,141,2190,BEE BRANCH,19,8,August,2010,5,Thursday,18,48,0,16,5,0,31.79067222,-106.45367778,24,1,0,1,0,0,1,0
481522,TEXAS,TX,1,0,1,309,0,ALAMO,19,8,August,2010,5,Thursday,12,8,1,2,3,342,31.53896944,-97.04060556,24,1,0,1,0,0,1,0
481523,TEXAS,TX,1,0,1,485,0,BURKBURNETT,19,8,August,2010,5,Thursday,22,15,0,6,4,0,34.10791389,-98.57791944,1,2,0,1,0,0,1,0
481524,TEXAS,TX,1,0,7,13,0,BOLLING,20,8,August,2010,6,Friday,17,53,1,1,1,77,28.95930000,-98.43775833,1,1,0,1,0,0,4,0
481525,TEXAS,TX,1,0,5,181,1830,LINCOLN,20,8,August,2010,6,Friday,18,30,1,12,2,94,33.73017222,-96.58525278,1,1,0,1,0,0,1,0
481527,TEXAS,TX,1,0,1,201,0,ANNETTE,20,8,August,2010,6,Friday,23,43,0,6,4,0,29.77517500,-95.76068889,1,2,0,1,0,0,1,1
481528,TEXAS,TX,1,0,2,229,0,BLACKSHEAR,20,8,August,2010,6,Friday,16,8,1,1,1,614,31.10012778,-105.09560000,1,1,0,1,0,0,1,0
481529,TEXAS,TX,1,0,1,339,0,CONROE,20,8,August,2010,6,Friday,2,36,0,4,8,40,30.45281389,-95.42680556,32,2,0,1,0,0,1,1
481530,TEXAS,TX,1,1,2,245,0,AUGUSTA,21,8,August,2010,7,Saturday,2,25,0,4,3,51,29.86269722,-94.30209167,8,2,0,1,0,0,1,0
481531,TEXAS,TX,2,0,2,303,0,DAVISBORO,8,8,August,2010,1,Sunday,0,30,1,2,2,323,33.46949444,-101.68740278,12,2,0,1,0,0,1,1
481532,TEXAS,TX,2,0,3,215,0,BIBB CITY,11,8,August,2010,4,Wednesday,23,20,0,15,8,12,26.38281111,-98.12428889,12,2,0,1,0,0,1,2
481533,TEXAS,TX,2,0,3,425,0,GLEN ROSE,12,8,August,2010,5,Thursday,8,38,0,4,3,23,32.30077222,-97.73613333,12,1,0,1,0,0,1,0
481534,TEXAS,TX,3,0,7,201,0,ANNETTE,13,8,August,2010,6,Friday,17,21,1,12,2,134,29.85463889,-95.12327500,12,1,0,1,0,0,1,1
481535,TEXAS,TX,2,0,3,121,0,BON AIR,15,8,August,2010,1,Sunday,20,56,1,2,2,26,33.24044722,-97.34942500,12,2,0,1,0,0,1,1
481536,TEXAS,TX,2,0,3,251,5791,DOVER,17,8,August,2010,3,Tuesday,12,9,0,4,8,13,32.23316944,-97.37470278,12,1,0,1,0,0,1,0
481537,TEXAS,TX,1,0,1,251,0,DOVER,18,8,August,2010,4,Wednesday,2,50,0,15,8,177,32.51280278,-97.16750556,53,2,0,1,0,0,1,1
481538,TEXAS,TX,1,2,2,215,0,BIBB CITY,19,8,August,2010,5,Thursday,2,10,0,6,4,0,26.21382222,-97.97238333,8,3,0,1,0,0,1,0
481539,TEXAS,TX,1,0,1,363,0,BRAZOS,19,8,August,2010,5,Thursday,7,10,0,4,3,204,32.92523889,-98.35518889,42,2,0,1,0,0,1,1
481540,TEXAS,TX,1,0,1,219,3950,BISHOP,20,8,August,2010,6,Friday,21,0,0,16,5,0,33.57959722,-102.37697778,1,2,0,1,0,0,1,0
481541,TEXAS,TX,1,0,1,201,3280,ANNETTE,21,8,August,2010,7,Saturday,23,35,1,11,1,406,29.90823611,-95.41260000,1,3,0,1,0,0,1,1
481542,TEXAS,TX,2,0,2,215,0,BIBB CITY,25,8,August,2010,4,Wednesday,11,50,0,4,8,39,26.58944722,-98.36600278,12,1,0,1,0,0,1,0
481543,TEXAS,TX,2,0,2,471,3340,DODGE,26,8,August,2010,5,Thursday,7,53,0,14,3,23,30.69847778,-95.53438333,12,1,0,1,0,0,1,0
481544,TEXAS,TX,1,0,1,209,0,AILEY,27,8,August,2010,6,Friday,22,3,0,4,8,31,30.07002222,-97.80634444,1,2,0,1,0,0,1,1
481545,TEXAS,TX,3,0,4,339,0,CONROE,27,8,August,2010,6,Friday,8,55,0,6,4,0,30.15361667,-95.22641944,12,1,0,1,0,0,1,1
481546,TEXAS,TX,1,0,1,201,0,ANNETTE,28,8,August,2010,7,Saturday,21,15,0,6,4,0,29.96693889,-95.55798611,33,3,0,1,0,0,1,1
481547,TEXAS,TX,2,0,2,113,1730,COTTONTON,29,8,August,2010,1,Sunday,23,0,1,12,2,63,32.91674444,-96.76709444,12,3,0,1,0,0,1,1
481548,TEXAS,TX,2,0,2,113,2010,COTTONTON,30,8,August,2010,2,Monday,0,5,1,11,1,80,32.66763333,-96.91946389,12,3,0,1,0,0,1,1
481549,TEXAS,TX,2,0,2,251,0,DOVER,30,8,August,2010,2,Monday,18,45,0,4,8,116,32.41856944,-97.33420000,12,1,0,1,0,0,1,0
481550,TEXAS,TX,2,0,2,49,0,COLLINSVILLE,1,9,September,2010,4,Wednesday,5,25,0,4,8,54,31.62619722,-98.96046667,12,2,0,1,0,0,1,1
481551,TEXAS,TX,1,0,1,397,6010,DALLAS,1,9,September,2010,4,Wednesday,13,24,0,5,8,5,32.96418889,-96.30599167,1,1,0,10,0,0,1,0
481552,TEXAS,TX,1,0,1,77,0,ANDERSON,2,9,September,2010,5,Thursday,22,30,1,2,2,46,33.81331389,-98.15211389,24,2,0,2,0,0,1,0
481553,TEXAS,TX,1,0,1,113,1730,COTTONTON,2,9,September,2010,5,Thursday,23,40,1,13,8,70,32.89897500,-96.89349167,30,3,0,1,0,0,1,1
481554,TEXAS,TX,3,0,5,453,330,ANDERSON MILL,2,9,September,2010,5,Thursday,23,55,1,11,1,6,30.44339167,-97.66782500,12,3,0,1,0,0,1,1
481555,TEXAS,TX,2,0,3,491,5990,ANDERSON MILL,2,9,September,2010,5,Thursday,17,52,0,16,5,0,30.55182222,-97.67653611,12,1,0,10,0,0,1,0
481556,TEXAS,TX,2,0,2,85,5390,BENTON,3,9,September,2010,6,Friday,9,0,0,16,5,0,33.01735556,-96.67531111,12,1,0,1,0,0,1,0
481557,TEXAS,TX,1,0,1,139,2360,CALION,3,9,September,2010,6,Friday,6,33,0,16,5,0,32.53486667,-96.66239722,33,6,0,1,0,0,1,0
481559,TEXAS,TX,2,0,4,285,0,GABBETTVILLE,3,9,September,2010,6,Friday,14,26,0,4,2,273,29.33635556,-97.12137222,12,1,0,2,0,0,2,1
481560,TEXAS,TX,1,0,2,299,0,BEACH,3,9,September,2010,6,Friday,13,40,0,3,3,5,30.90237222,-98.95630278,1,1,0,1,0,0,1,0
481561,TEXAS,TX,2,0,3,401,0,EASTON,3,9,September,2010,6,Friday,14,10,0,3,3,31,32.33965000,-94.92290556,12,1,0,1,0,0,1,0
481562,TEXAS,TX,2,0,2,113,1730,COTTONTON,4,9,September,2010,7,Saturday,5,54,1,12,2,115,32.84338889,-96.77450278,12,3,0,1,0,0,1,0
481563,TEXAS,TX,1,1,2,183,4080,FORT STEWART,4,9,September,2010,7,Saturday,0,0,1,13,2,144,32.50362778,-94.72090556,8,3,0,1,0,0,1,0
481564,TEXAS,TX,1,0,1,201,3280,ANNETTE,4,9,September,2010,7,Saturday,20,26,1,11,1,248,29.77698333,-95.40390556,24,2,0,1,0,0,1,1
481565,TEXAS,TX,1,1,1,209,990,AILEY,4,9,September,2010,7,Saturday,5,15,1,11,7,231,30.08345833,-97.82227500,8,2,0,10,0,0,1,0
481566,TEXAS,TX,2,0,2,373,0,ACE,4,9,September,2010,7,Saturday,0,55,0,3,8,26,30.73604722,-95.06163889,12,2,0,1,0,0,1,1
481567,TEXAS,TX,3,0,10,39,5249,ANDALUSIA,5,9,September,2010,1,Sunday,13,15,1,13,3,119,29.56920000,-95.28618056,12,1,0,10,0,0,1,0
481568,TEXAS,TX,1,0,4,105,0,MARION,5,9,September,2010,1,Sunday,11,20,1,1,1,139,30.73218889,-101.60744167,52,1,0,1,0,0,1,0
481569,TEXAS,TX,1,0,1,201,0,ANNETTE,5,9,September,2010,1,Sunday,5,6,0,16,5,0,30.03686667,-95.80408333,1,2,0,1,0,0,1,0
481570,TEXAS,TX,1,0,2,303,0,DAVISBORO,5,9,September,2010,1,Sunday,1,15,0,6,4,0,33.78358056,-101.62749722,1,2,0,1,0,0,1,1
481571,TEXAS,TX,1,0,2,373,0,ACE,5,9,September,2010,1,Sunday,15,30,0,6,4,0,30.70202778,-94.76070833,42,1,0,1,0,0,1,0
481572,TEXAS,TX,2,0,4,453,330,ANDERSON MILL,5,9,September,2010,1,Sunday,14,31,1,12,3,127,30.21863056,-97.66895000,12,1,0,1,0,0,1,0
481573,TEXAS,TX,1,0,4,27,0,ASHLAND,6,9,September,2010,2,Monday,18,14,0,4,8,224,31.00495833,-97.30981111,1,1,0,10,0,0,1,0