ST_CASE,State Name,State Abbreviation,VE_TOTAL,Pedestrains,Total_Persons_in_accident,COUNTY,CITY,City_County_Name,Calendar_DAY,MONTH,Month_Name,YEAR,DAY_WEEK,Day_Week_desc,HOUR,MINUTE,NHS_Desc,trafficway,ROUTE,MILEPT,LATITUDE,LONGITUD,First_Crash_event,Light_cond_desc,Weather_condition,WEATHER,SCH_BUS,Crash_cause,FATALS,DRUNK_DR
481574,TEXAS,TX,2,0,6,185,0,ANAKTUVUK PASS,6,9,September,2010,2,Monday,16,10,0,3,3,273,30.48104167,-95.99767500,12,1,0,2,0,0,2,0
481575,TEXAS,TX,1,0,2,207,0,BOLINGBROKE,6,9,September,2010,2,Monday,13,20,0,3,2,21,33.18638889,-99.97082778,1,1,0,1,0,0,1,0
481576,TEXAS,TX,2,0,4,209,1986,AILEY,6,9,September,2010,2,Monday,20,47,0,4,8,63,30.20148333,-98.08739722,12,3,0,10,0,0,1,2
481577,TEXAS,TX,2,0,2,211,0,APALACHEE,6,9,September,2010,2,Monday,14,27,1,2,2,92,35.80747778,-100.40242222,12,1,0,1,0,0,1,0
481578,TEXAS,TX,1,0,16,217,0,COVINGTON,6,9,September,2010,2,Monday,1,55,1,1,1,185,32.07608333,-97.05803056,1,2,0,2,0,0,1,0
481579,TEXAS,TX,2,0,2,309,7210,ALAMO,6,9,September,2010,2,Monday,12,25,1,13,7,33,31.52773889,-97.16248611,12,1,0,1,0,0,1,0
481580,TEXAS,TX,2,0,3,373,0,ACE,6,9,September,2010,2,Monday,12,51,0,14,2,169,30.70261944,-94.84518611,12,1,0,2,0,0,1,0
481581,TEXAS,TX,1,0,1,455,0,APPLE SPRINGS,6,9,September,2010,2,Monday,17,49,0,3,3,147,30.88366389,-95.37557500,1,1,0,1,0,0,1,0
481582,TEXAS,TX,1,0,1,27,3690,ASHLAND,7,9,September,2010,3,Tuesday,22,57,0,16,5,54,31.05890833,-97.79936944,3,2,0,2,0,0,1,0
481583,TEXAS,TX,1,1,1,201,0,ANNETTE,7,9,September,2010,3,Tuesday,4,35,0,16,5,0,29.97451944,-95.65210000,8,2,0,10,0,0,1,0
481584,TEXAS,TX,2,0,4,201,0,ANNETTE,7,9,September,2010,3,Tuesday,6,27,1,13,8,107,30.02583611,-95.08896667,12,2,0,10,0,0,1,0
481585,TEXAS,TX,1,0,1,401,0,EASTON,7,9,September,2010,3,Tuesday,6,32,1,2,2,66,32.27706111,-94.86504444,42,4,0,1,0,0,1,0
481586,TEXAS,TX,1,0,4,303,4140,DAVISBORO,8,9,September,2010,4,Wednesday,15,28,0,16,5,0,33.60713056,-101.77821389,1,1,0,10,0,0,1,1
481587,TEXAS,TX,2,0,2,275,0,BARWICK,9,9,September,2010,5,Thursday,12,40,1,2,2,28,33.47169722,-99.51570556,12,1,0,1,0,0,1,0
481588,TEXAS,TX,3,0,3,27,3690,ASHLAND,10,9,September,2010,6,Friday,6,38,1,13,3,30,31.08839444,-97.75503611,12,1,0,1,0,0,1,0
481589,TEXAS,TX,1,0,1,249,0,ELLAVILLE,10,9,September,2010,6,Friday,14,8,0,6,4,0,27.75020000,-98.12255833,10,1,0,1,0,0,1,0
481590,TEXAS,TX,2,0,2,287,2640,ASHBURN,10,9,September,2010,6,Friday,11,11,0,14,2,264,30.17607778,-96.93675278,12,1,0,1,0,0,1,0
481591,TEXAS,TX,1,0,3,375,0,AMARILLO,10,9,September,2010,6,Friday,5,30,0,3,3,68,35.52765000,-101.64284722,1,2,0,1,0,0,1,0
481592,TEXAS,TX,1,1,1,113,1730,COTTONTON,11,9,September,2010,7,Saturday,21,30,0,16,5,0,32.67385833,-96.87540556,8,2,0,1,0,0,1,0
481593,TEXAS,TX,1,0,3,215,0,BIBB CITY,11,9,September,2010,7,Saturday,6,20,0,6,4,0,26.22559722,-98.13540278,5,3,0,1,0,0,1,0
481594,TEXAS,TX,2,0,5,341,1059,CACTUS,11,9,September,2010,7,Saturday,0,11,1,2,2,5,36.04894444,-102.00493333,12,2,0,1,0,0,1,0
481595,TEXAS,TX,3,0,5,467,0,BEN WHEELER,11,9,September,2010,7,Saturday,18,18,0,3,2,1,32.71238056,-96.07438889,12,1,0,2,0,0,1,0
481596,TEXAS,TX,1,0,1,5,0,BAKER HILL,12,9,September,2010,1,Sunday,14,16,0,3,3,21,31.47288889,-94.84158056,38,1,0,1,0,0,1,0
481597,TEXAS,TX,4,0,7,157,0,ARCADE,12,9,September,2010,1,Sunday,3,5,1,12,2,125,29.55032222,-95.73765833,12,2,0,1,0,0,1,2
481598,TEXAS,TX,1,0,1,331,0,BEN ARNOLD,12,9,September,2010,1,Sunday,17,23,0,5,8,14,30.68005000,-97.21713889,1,1,0,1,0,0,1,1
481599,TEXAS,TX,1,1,4,303,6410,DAVISBORO,13,9,September,2010,2,Monday,7,38,0,16,5,0,33.43203333,-101.65319167,8,4,0,1,0,0,1,0
481600,TEXAS,TX,1,0,1,373,1560,ACE,13,9,September,2010,2,Monday,11,56,0,3,8,115,30.98942500,-94.79635000,42,1,0,1,0,0,1,1
481601,TEXAS,TX,3,0,6,453,0,ANDERSON MILL,13,9,September,2010,2,Monday,16,44,1,12,7,415,30.25335000,-97.60362500,12,1,0,1,0,0,3,0
481603,TEXAS,TX,2,0,2,453,0,ANDERSON MILL,14,9,September,2010,3,Tuesday,16,0,0,14,8,30,30.31309722,-97.61391111,12,1,0,1,0,0,1,0
481604,TEXAS,TX,2,0,5,135,5030,ASH FLAT,15,9,September,2010,4,Wednesday,23,10,0,16,5,0,31.83908889,-102.34830000,12,3,0,2,0,0,1,1
481605,TEXAS,TX,2,0,3,201,7286,ANNETTE,15,9,September,2010,4,Wednesday,12,11,1,11,7,16,29.52885278,-95.13046389,12,1,0,1,0,0,1,0
481606,TEXAS,TX,1,0,1,439,3347,ARLINGTON,15,9,September,2010,4,Wednesday,0,19,1,12,3,183,32.83958056,-97.17554167,1,2,0,1,0,0,1,1
481607,TEXAS,TX,2,0,2,453,0,ANDERSON MILL,15,9,September,2010,4,Wednesday,23,18,0,6,4,0,30.40293056,-97.92668889,12,2,0,10,0,0,1,1
481608,TEXAS,TX,1,0,1,113,1730,COTTONTON,16,9,September,2010,5,Thursday,22,56,1,12,7,57,32.78734167,-96.79151389,33,3,0,1,0,0,1,1
481609,TEXAS,TX,1,0,3,55,0,ATTALLA,17,9,September,2010,6,Friday,3,50,1,2,2,153,29.82238333,-97.67302778,52,6,0,2,0,0,1,0
481611,TEXAS,TX,2,0,4,455,0,APPLE SPRINGS,17,9,September,2010,6,Friday,21,9,0,3,3,44,31.00022222,-95.42419722,12,2,0,1,0,0,1,1
481612,TEXAS,TX,2,0,3,485,7490,BURKBURNETT,17,9,September,2010,6,Friday,12,56,1,13,8,93,33.85780278,-98.53489167,12,1,0,1,0,0,1,0
481613,TEXAS,TX,2,0,4,179,0,ALLENHURST,18,9,September,2010,7,Saturday,16,2,1,2,2,42,35.53380278,-100.91902500,12,1,0,1,0,0,2,0
481614,TEXAS,TX,1,1,1,201,0,ANNETTE,18,9,September,2010,7,Saturday,2,20,0,16,5,0,29.99056944,-95.50039167,9,2,0,1,0,0,1,0
481615,TEXAS,TX,1,0,2,15,0,ANNISTON,19,9,September,2010,1,Sunday,2,55,0,4,8,47,29.92311944,-96.15810000,38,2,0,10,0,0,1,1
481616,TEXAS,TX,1,0,2,261,0,ALAGANIK,19,9,September,2010,1,Sunday,15,37,1,2,2,51,26.73892222,-97.76980278,1,1,0,10,0,0,1,0
481617,TEXAS,TX,1,1,1,339,7500,CONROE,19,9,September,2010,1,Sunday,10,32,0,4,8,2,30.42127778,-95.47508056,8,9,0,1,0,0,1,0
481618,TEXAS,TX,1,0,1,347,0,APPLEBY,19,9,September,2010,1,Sunday,1,50,0,5,8,27,31.82774444,-94.78165000,32,2,0,1,0,0,1,1
481619,TEXAS,TX,2,0,4,201,0,ANNETTE,20,9,September,2010,2,Monday,22,5,1,12,3,184,29.91966944,-95.49353889,12,3,0,1,0,0,1,0
481620,TEXAS,TX,1,0,1,85,5390,BENTON,21,9,September,2010,3,Tuesday,4,4,0,16,5,0,33.03591944,-96.66789722,33,3,0,1,0,0,1,1
481621,TEXAS,TX,2,0,2,167,3920,ADRIAN,21,9,September,2010,3,Tuesday,4,55,1,11,1,130,29.45316667,-95.08041389,12,2,0,2,0,0,1,0
481622,TEXAS,TX,2,1,2,201,0,ANNETTE,23,9,September,2010,5,Thursday,22,3,1,13,8,37,29.93570556,-95.58033611,8,2,0,1,0,0,1,1
481623,TEXAS,TX,2,0,2,225,0,BYRON,24,9,September,2010,6,Friday,6,20,0,4,8,6,31.12842778,-95.43628056,12,4,0,5,0,0,1,0
481624,TEXAS,TX,2,0,2,321,0,BRIDGEBORO,24,9,September,2010,6,Friday,12,18,0,3,3,268,28.89631667,-96.14872500,12,1,0,2,0,0,1,0
481625,TEXAS,TX,2,0,4,141,2190,BEE BRANCH,25,9,September,2010,7,Saturday,16,22,0,16,5,0,31.79480278,-106.30237222,12,1,0,10,0,0,1,0
481626,TEXAS,TX,1,0,1,161,0,DENTON,25,9,September,2010,7,Saturday,7,27,1,1,1,117,31.63662222,-96.15844444,21,1,0,1,0,0,1,0
481627,TEXAS,TX,1,0,3,419,0,CENTER,25,9,September,2010,7,Saturday,4,54,0,4,8,38,31.70119167,-93.86656667,1,2,0,1,0,0,1,1
481628,TEXAS,TX,1,0,1,439,2850,ARLINGTON,23,9,September,2010,5,Thursday,22,3,0,16,5,0,32.93553889,-97.07840278,33,3,0,1,0,0,1,0
481629,TEXAS,TX,2,0,2,293,0,EAST THOMASTON,26,9,September,2010,1,Sunday,5,15,0,3,3,77,31.65381944,-96.50330556,12,2,0,1,0,0,2,1
481630,TEXAS,TX,1,1,1,201,0,ANNETTE,27,9,September,2010,2,Monday,5,40,1,13,8,130,30.01281667,-95.45320000,8,3,0,1,0,0,1,0
481631,TEXAS,TX,2,0,2,245,0,AUGUSTA,29,9,September,2010,4,Wednesday,7,54,1,1,1,103,29.96112500,-94.23513333,12,1,0,1,0,0,1,0
481632,TEXAS,TX,1,0,1,395,0,BREMOND,21,8,August,2010,7,Saturday,21,0,0,3,3,83,31.25547778,-96.34160000,42,2,0,1,0,0,1,1
481633,TEXAS,TX,1,0,1,293,0,EAST THOMASTON,22,8,August,2010,1,Sunday,20,41,0,3,3,2,31.40639722,-96.58450000,11,2,0,1,0,0,1,0
481634,TEXAS,TX,1,0,1,453,0,ANDERSON MILL,22,8,August,2010,1,Sunday,2,39,0,6,4,0,30.13045833,-97.82387500,42,2,0,1,0,0,1,0
481635,TEXAS,TX,2,0,2,21,0,CHILTON,23,8,August,2010,2,Monday,9,51,1,2,2,142,30.24723333,-97.22212222,12,1,0,10,0,0,1,0
481636,TEXAS,TX,2,0,3,181,1830,LINCOLN,24,8,August,2010,3,Tuesday,18,20,1,13,8,72,33.73188889,-96.53806111,12,1,0,1,0,0,1,0
481637,TEXAS,TX,1,0,3,435,0,SONORA,24,8,August,2010,3,Tuesday,14,33,1,1,1,51,30.60212500,-100.71666944,1,1,0,1,0,0,2,0
481638,TEXAS,TX,2,0,3,201,3280,ANNETTE,3,8,August,2010,3,Tuesday,16,30,0,16,5,0,29.68301944,-95.36576944,12,1,0,1,0,0,1,1
481639,TEXAS,TX,2,0,6,349,0,ANGUS,4,8,August,2010,4,Wednesday,6,25,0,4,2,44,32.01414444,-96.18654167,12,4,0,1,0,0,1,0
481640,TEXAS,TX,2,0,2,491,3981,ANDERSON MILL,5,8,August,2010,5,Thursday,23,20,0,3,3,72,30.66933889,-97.91404167,12,2,0,1,0,0,1,2
481641,TEXAS,TX,1,0,1,231,0,CONCORD,11,8,August,2010,4,Wednesday,16,4,0,6,4,0,32.99228333,-96.11692500,42,1,0,1,0,0,1,1
481642,TEXAS,TX,1,0,2,181,0,LINCOLN,15,8,August,2010,1,Sunday,2,10,0,4,8,48,33.71512500,-96.44903889,32,2,0,1,0,0,1,1
481643,TEXAS,TX,1,0,1,85,1260,BENTON,18,8,August,2010,4,Wednesday,11,18,0,6,4,0,33.29355278,-96.78196944,1,1,0,10,0,0,1,0
481644,TEXAS,TX,1,0,3,277,0,BROOKFIELD,21,8,August,2010,7,Saturday,2,20,1,13,2,69,33.61829722,-95.45273333,24,2,0,1,0,0,1,1
481645,TEXAS,TX,2,0,3,349,0,ANGUS,21,8,August,2010,7,Saturday,9,58,0,4,8,89,32.00250833,-96.72929722,12,1,0,1,0,0,1,0
481646,TEXAS,TX,2,0,3,231,0,CONCORD,24,8,August,2010,3,Tuesday,10,7,1,1,1,100,33.06449444,-96.15276389,12,1,0,1,0,0,1,0
481647,TEXAS,TX,2,1,2,201,3280,ANNETTE,26,8,August,2010,5,Thursday,6,14,1,11,1,203,29.72690556,-95.33488889,8,4,0,1,0,0,1,0
481648,TEXAS,TX,2,0,2,201,3280,ANNETTE,26,8,August,2010,5,Thursday,12,55,1,13,8,94,29.64373056,-95.40760278,12,1,0,1,0,0,1,0
481649,TEXAS,TX,1,0,3,139,0,CALION,27,8,August,2010,6,Friday,13,55,0,14,8,21,32.49687778,-96.73676389,38,1,0,1,0,0,1,1
481650,TEXAS,TX,1,0,1,223,0,BRASWELL,28,8,August,2010,7,Saturday,14,32,1,2,3,41,33.29351667,-95.58363056,1,1,0,1,0,0,1,0
481651,TEXAS,TX,2,0,2,39,0,ANDALUSIA,1,9,September,2010,4,Wednesday,4,25,1,2,3,127,29.42521667,-95.42752778,12,2,0,1,0,0,1,0
481652,TEXAS,TX,3,0,3,423,7070,ARP,2,9,September,2010,5,Thursday,13,19,1,13,2,55,32.26633889,-95.30733056,12,1,0,10,0,0,1,0
481653,TEXAS,TX,2,0,2,339,0,CONROE,3,9,September,2010,6,Friday,10,0,0,4,8,258,30.25540556,-95.70393333,12,1,0,2,0,0,1,0
481654,TEXAS,TX,2,0,3,397,1730,DALLAS,4,9,September,2010,7,Saturday,16,30,1,11,1,13,32.87867222,-96.51384444,25,1,0,1,0,0,1,0
481655,TEXAS,TX,1,0,2,471,0,DODGE,4,9,September,2010,7,Saturday,17,0,0,6,4,0,30.67903889,-95.49342778,38,1,0,1,0,0,1,1
481656,TEXAS,TX,1,1,1,201,3280,ANNETTE,5,9,September,2010,1,Sunday,7,5,1,11,1,371,29.77111389,-95.20968056,8,3,0,10,0,0,1,0
481657,TEXAS,TX,1,1,1,201,3280,ANNETTE,6,9,September,2010,2,Monday,1,40,1,11,7,387,29.77013333,-95.18308889,8,2,0,1,0,0,1,0
481658,TEXAS,TX,1,0,1,201,3280,ANNETTE,7,9,September,2010,3,Tuesday,2,10,0,16,5,0,29.71194722,-95.48894722,30,3,0,1,0,0,1,1
481659,TEXAS,TX,1,1,1,201,3280,ANNETTE,8,9,September,2010,4,Wednesday,19,29,0,16,5,0,29.75999167,-95.36631667,8,3,0,10,0,0,1,0
481660,TEXAS,TX,1,0,2,339,1510,CONROE,12,9,September,2010,1,Sunday,1,12,1,11,1,195,30.38668333,-95.48582500,42,2,0,1,0,0,1,1
481661,TEXAS,TX,1,2,1,113,1730,COTTONTON,13,9,September,2010,2,Monday,2,18,0,99,8,99999,32.81476111,-96.84081389,43,3,0,1,0,0,2,1
481662,TEXAS,TX,2,0,3,59,0,FRANKLIN,14,9,September,2010,3,Tuesday,16,10,0,3,3,198,32.21033333,-99.35348611,12,1,0,1,0,0,1,0
481663,TEXAS,TX,1,2,1,201,3280,ANNETTE,14,9,September,2010,3,Tuesday,20,30,1,13,3,56,29.62720278,-95.20189444,8,2,0,10,0,0,1,0
481664,TEXAS,TX,1,0,1,183,0,FORT STEWART,16,9,September,2010,5,Thursday,21,55,0,4,8,11,32.37436111,-94.74006389,42,2,0,1,0,0,1,1
481665,TEXAS,TX,2,0,2,29,6090,BORDEN SPRINGS,17,9,September,2010,6,Friday,2,36,1,11,1,208,29.40605000,-98.51038056,25,3,0,1,0,0,1,1
481666,TEXAS,TX,5,0,13,85,5730,BENTON,18,9,September,2010,7,Saturday,2,16,1,12,2,136,33.00020833,-96.70860278,12,2,0,1,0,0,2,2
481667,TEXAS,TX,1,0,1,45,0,ARITON,19,9,September,2010,1,Sunday,20,41,0,4,3,63,34.65336944,-101.43960000,59,2,0,1,0,0,1,0
481668,TEXAS,TX,2,0,2,113,1730,COTTONTON,19,9,September,2010,1,Sunday,3,48,1,12,2,95,32.87093333,-96.77010833,12,3,0,1,0,0,1,1
481669,TEXAS,TX,1,0,1,339,6884,CONROE,19,9,September,2010,1,Sunday,0,46,0,16,5,0,30.19029722,-95.58495000,42,3,0,10,0,0,1,0
481670,TEXAS,TX,1,0,1,245,2905,AUGUSTA,20,9,September,2010,2,Monday,20,53,1,13,7,321,29.94081111,-93.89562778,1,2,0,1,0,0,1,0
481671,TEXAS,TX,2,0,2,337,0,BELCHERVILLE,20,9,September,2010,2,Monday,22,40,0,4,2,29,33.80729444,-97.93696111,12,2,0,5,0,0,1,0
481672,TEXAS,TX,2,0,3,339,4667,CONROE,20,9,September,2010,2,Monday,14,55,1,2,3,352,30.32893889,-95.25375000,12,1,0,2,0,0,1,0
481673,TEXAS,TX,2,0,2,171,0,ALDORA,25,9,September,2010,7,Saturday,12,12,1,2,2,80,30.22081111,-98.75945556,12,1,0,1,0,0,1,0
481674,TEXAS,TX,2,0,3,201,480,ANNETTE,25,9,September,2010,7,Saturday,22,16,0,16,5,0,29.76627222,-94.95499167,12,2,0,1,0,0,1,0
481675,TEXAS,TX,1,0,1,381,0,AMARILLO,25,9,September,2010,7,Saturday,21,20,0,4,8,38,35.12563056,-101.70425833,1,2,0,1,0,0,1,1
481676,TEXAS,TX,1,0,2,405,0,BROADDUS,27,9,September,2010,2,Monday,9,9,1,2,3,69,31.39487500,-94.21199167,1,1,0,1,0,0,1,0
481677,TEXAS,TX,2,0,3,493,0,FLORESVILLE,27,9,September,2010,2,Monday,15,38,0,3,2,90,29.16778056,-98.18177222,12,1,0,1,0,0,1,0
481678,TEXAS,TX,1,1,2,29,6090,BORDEN SPRINGS,30,9,September,2010,5,Thursday,17,38,0,16,5,0,29.42683889,-98.57244167,8,1,0,1,0,0,1,1
481679,TEXAS,TX,2,0,4,99,1540,BEATRICE,30,9,September,2010,5,Thursday,18,4,1,13,2,23,31.11133611,-97.91059722,12,1,0,1,0,0,1,0
481680,TEXAS,TX,2,0,2,201,0,ANNETTE,30,9,September,2010,5,Thursday,15,47,0,6,4,0,29.81197500,-95.03336111,12,1,0,1,1,0,1,1
481681,TEXAS,TX,1,1,1,361,5100,BRIDGE CITY,25,3,March,2010,5,Thursday,5,5,1,11,7,199,30.11972500,-93.78716667,8,2,0,2,0,0,1,0
481682,TEXAS,TX,1,1,1,135,0,ASH FLAT,4,4,April,2010,1,Sunday,19,10,0,6,4,0,31.82593889,-102.50033889,8,1,0,1,0,0,1,0
481683,TEXAS,TX,1,0,1,453,0,ANDERSON MILL,8,4,April,2010,5,Thursday,2,35,1,11,1,13,30.45258056,-97.66652500,24,2,0,1,0,0,1,1
481684,TEXAS,TX,2,0,3,441,30,ABILENE,14,4,April,2010,4,Wednesday,16,15,0,14,8,186,32.36374167,-99.78120000,12,1,0,10,0,0,1,0
481685,TEXAS,TX,1,0,1,439,2450,ARLINGTON,15,5,May,2010,7,Saturday,5,30,0,16,5,0,32.75426667,-97.34388889,42,3,0,10,0,0,1,1
481686,TEXAS,TX,1,1,4,441,30,ABILENE,26,5,May,2010,4,Wednesday,15,25,0,14,8,23,32.35772500,-99.72583056,9,1,0,1,0,0,1,0
481687,TEXAS,TX,2,0,4,201,3280,ANNETTE,27,5,May,2010,5,Thursday,22,25,0,16,5,0,29.85825556,-95.36257222,12,3,0,10,0,0,1,0
481688,TEXAS,TX,1,1,1,355,1550,AGUA DULCE,8,6,June,2010,3,Tuesday,21,4,0,16,5,0,27.66264722,-97.28599722,8,3,0,1,0,0,1,0
481689,TEXAS,TX,1,1,2,201,3280,ANNETTE,24,7,July,2010,7,Saturday,5,14,1,12,2,380,29.80467500,-95.45295833,8,3,0,1,0,0,1,0
481690,TEXAS,TX,3,0,8,201,3280,ANNETTE,30,7,July,2010,6,Friday,16,0,1,12,7,310,29.86732500,-95.54076389,12,1,0,1,0,0,1,0
481691,TEXAS,TX,1,0,1,85,3535,BENTON,5,8,August,2010,5,Thursday,10,30,0,4,8,91,33.04160000,-96.35698611,43,1,0,1,0,0,1,1
481692,TEXAS,TX,1,0,1,97,2550,AXIS,5,8,August,2010,5,Thursday,13,15,1,11,1,137,33.61548056,-97.14893056,25,1,0,1,0,0,1,0
481693,TEXAS,TX,1,0,1,27,3690,ASHLAND,13,8,August,2010,6,Friday,2,46,0,16,5,0,31.07358611,-97.71079722,33,2,0,1,0,0,1,1
481694,TEXAS,TX,2,0,2,39,0,ANDALUSIA,13,8,August,2010,6,Friday,7,27,0,6,4,0,29.52006944,-95.23221667,12,1,0,1,0,0,1,0
481695,TEXAS,TX,1,1,1,425,2680,GLEN ROSE,27,8,August,2010,6,Friday,7,57,0,16,5,0,32.24928333,-97.73909444,8,4,0,1,0,0,1,0
481696,TEXAS,TX,1,1,1,29,6090,BORDEN SPRINGS,29,8,August,2010,1,Sunday,3,5,1,11,1,112,29.42285278,-98.48083889,8,3,0,1,0,0,1,0
481697,TEXAS,TX,2,0,4,157,3580,ARCADE,30,8,August,2010,2,Monday,16,15,1,11,1,22,29.77750000,-95.82869722,25,1,0,2,0,0,1,0
481698,TEXAS,TX,2,0,2,201,3280,ANNETTE,31,8,August,2010,3,Tuesday,8,20,0,16,5,0,29.82135833,-95.39434167,12,1,0,1,0,0,1,0
481699,TEXAS,TX,3,1,4,439,2450,ARLINGTON,21,3,March,2010,1,Sunday,1,46,1,11,1,207,32.75951667,-97.21046389,12,3,0,4,0,0,1,0
481700,TEXAS,TX,2,0,3,141,2190,BEE BRANCH,8,4,April,2010,5,Thursday,0,8,1,12,8,75,31.76912222,-106.26775278,12,3,0,1,0,0,1,1
481701,TEXAS,TX,1,0,2,141,2190,BEE BRANCH,10,4,April,2010,7,Saturday,4,23,0,16,5,0,31.78941389,-106.35659444,33,3,0,1,0,0,1,1
481702,TEXAS,TX,1,0,2,439,2450,ARLINGTON,17,4,April,2010,7,Saturday,5,55,0,16,5,0,32.73117778,-97.25091667,30,3,0,10,0,0,1,0
481703,TEXAS,TX,1,0,3,439,2450,ARLINGTON,29,4,April,2010,5,Thursday,8,1,0,16,5,0,32.89574167,-97.30906111,32,1,0,1,0,0,1,0
481704,TEXAS,TX,1,0,1,167,6860,ADRIAN,2,5,May,2010,1,Sunday,9,53,1,12,3,92,29.43573056,-94.96496111,38,1,0,1,0,0,1,0
481705,TEXAS,TX,1,4,1,201,3280,ANNETTE,2,5,May,2010,1,Sunday,4,5,0,16,5,0,29.72039722,-95.28890556,19,2,0,1,0,0,1,1
481706,TEXAS,TX,1,0,1,215,0,BIBB CITY,9,5,May,2010,1,Sunday,17,30,0,6,4,0,26.24596667,-98.36872778,43,1,0,1,0,0,1,0
481707,TEXAS,TX,1,1,1,201,3280,ANNETTE,19,5,May,2010,4,Wednesday,20,50,1,13,8,93,29.73714167,-95.54077778,8,3,0,1,0,0,1,0
481708,TEXAS,TX,2,0,3,439,2450,ARLINGTON,20,5,May,2010,5,Thursday,17,12,1,11,1,61,32.70087778,-97.47204444,14,1,0,10,0,0,1,0
481709,TEXAS,TX,1,0,1,201,3280,ANNETTE,31,5,May,2010,2,Monday,2,30,0,16,5,0,29.72911944,-95.64416667,42,3,0,10,0,0,1,1
481710,TEXAS,TX,1,0,1,243,0,BENEVOLENCE,5,7,July,2010,2,Monday,13,17,0,4,3,176,30.69236111,-103.79080278,1,1,0,1,0,0,1,0
481711,TEXAS,TX,1,0,1,167,6860,ADRIAN,16,7,July,2010,6,Friday,2,48,0,16,5,0,29.40487222,-94.94683056,59,2,0,1,0,0,1,1
481712,TEXAS,TX,2,0,3,309,545,ALAMO,22,7,July,2010,5,Thursday,9,53,1,13,8,35,31.58836944,-97.08059167,12,1,0,1,0,0,1,0
481713,TEXAS,TX,1,0,1,389,0,BALMORHEA,23,7,July,2010,6,Friday,18,30,0,6,4,0,31.40651944,-103.48595278,32,1,0,1,0,0,1,0
481714,TEXAS,TX,1,0,3,215,0,BIBB CITY,27,7,July,2010,3,Tuesday,19,0,0,6,4,0,26.34734444,-98.40619444,35,1,0,1,0,0,1,1
481715,TEXAS,TX,2,0,5,167,6860,ADRIAN,3,8,August,2010,3,Tuesday,22,31,0,14,8,21,29.41205000,-95.03124444,12,2,0,1,0,0,1,1
481716,TEXAS,TX,1,0,1,363,0,BRAZOS,5,8,August,2010,5,Thursday,7,55,0,3,2,234,32.76803333,-98.30622500,42,1,0,1,0,0,1,0
481717,TEXAS,TX,1,0,1,165,0,HERNDON,6,8,August,2010,6,Friday,20,10,0,6,4,0,32.78381111,-102.89627500,1,1,0,1,0,0,1,1
481718,TEXAS,TX,2,1,4,277,0,BROOKFIELD,6,8,August,2010,6,Friday,0,41,1,2,2,61,33.78742222,-95.53204444,8,2,0,1,0,0,1,0
481719,TEXAS,TX,1,0,1,343,0,CASON,7,8,August,2010,7,Saturday,18,11,0,4,2,8,33.08578889,-94.76188611,1,1,0,10,0,0,1,1
481720,TEXAS,TX,1,0,4,201,3280,ANNETTE,15,8,August,2010,1,Sunday,2,29,1,12,8,120,29.74433889,-95.55755278,24,3,0,1,0,0,1,1
481721,TEXAS,TX,1,0,1,165,0,HERNDON,16,8,August,2010,2,Monday,20,26,0,6,4,0,32.69782778,-103.04804444,30,1,0,1,0,0,1,1
481722,TEXAS,TX,1,1,1,479,3899,AGUILARES,22,8,August,2010,1,Sunday,2,4,1,11,7,27,27.53145833,-99.50338333,8,3,0,1,0,0,1,0
481723,TEXAS,TX,1,0,1,329,0,MIDLAND,23,8,August,2010,2,Monday,16,8,1,11,1,25,31.89608611,-102.24514167,1,1,0,1,0,0,1,0
481724,TEXAS,TX,1,0,1,201,3280,ANNETTE,27,8,August,2010,6,Friday,20,50,0,16,5,0,29.67783333,-95.55976944,25,3,0,1,0,0,1,0
481725,TEXAS,TX,1,0,2,231,0,CONCORD,27,8,August,2010,6,Friday,3,4,1,2,2,278,33.02982222,-96.00402778,32,2,0,1,0,0,1,1
481726,TEXAS,TX,1,0,1,339,0,CONROE,29,8,August,2010,1,Sunday,19,47,1,12,2,162,30.07074722,-95.24645000,25,3,0,1,0,0,1,1
481727,TEXAS,TX,1,0,1,139,0,CALION,30,8,August,2010,2,Monday,20,40,0,5,8,70,32.34144444,-96.51461389,58,2,0,1,0,0,1,1
481728,TEXAS,TX,2,0,4,395,0,BREMOND,30,8,August,2010,2,Monday,9,25,1,2,3,159,30.94421111,-96.64509722,12,1,0,10,0,0,1,0
481729,TEXAS,TX,1,0,1,477,0,BRENHAM,30,8,August,2010,2,Monday,7,43,1,2,3,110,30.33412778,-96.17310556,32,4,0,10,0,0,1,0
481730,TEXAS,TX,1,1,1,181,5510,LINCOLN,25,9,September,2010,7,Saturday,21,3,0,3,8,11,33.76303056,-96.66700000,8,3,0,10,0,0,1,0
481731,TEXAS,TX,1,0,1,321,0,BRIDGEBORO,25,9,September,2010,7,Saturday,21,53,0,3,3,461,28.72053056,-96.27520278,1,2,0,1,0,0,1,1
481732,TEXAS,TX,1,0,1,323,0,EAGLE PASS,25,9,September,2010,7,Saturday,20,35,0,5,8,28,28.92845833,-100.58625833,11,5,0,1,0,0,1,0