ST_CASE,State Name,State Abbreviation,VE_TOTAL,Pedestrains,Total_Persons_in_accident,COUNTY,CITY,City_County_Name,Calendar_DAY,MONTH,Month_Name,YEAR,DAY_WEEK,Day_Week_desc,HOUR,MINUTE,NHS_Desc,trafficway,ROUTE,MILEPT,LATITUDE,LONGITUD,First_Crash_event,Light_cond_desc,Weather_condition,WEATHER,SCH_BUS,Crash_cause,FATALS,DRUNK_DR
481733,TEXAS,TX,1,0,1,365,0,BECKVILLE,25,9,September,2010,7,Saturday,9,37,0,3,2,41,32.16500556,-94.38972500,35,1,0,1,0,0,1,0
481734,TEXAS,TX,2,0,4,453,330,ANDERSON MILL,25,9,September,2010,7,Saturday,12,45,0,16,5,0,30.23617500,-97.78426389,12,1,0,10,0,0,1,0
481735,TEXAS,TX,1,0,1,183,4080,FORT STEWART,26,9,September,2010,1,Sunday,3,14,1,13,3,246,32.43983333,-94.71706111,35,3,0,1,0,0,1,0
481736,TEXAS,TX,1,0,1,201,3280,ANNETTE,26,9,September,2010,1,Sunday,2,44,0,16,5,0,29.72238056,-95.30501111,33,6,0,1,0,0,1,1
481737,TEXAS,TX,1,1,1,309,545,ALAMO,26,9,September,2010,1,Sunday,1,0,1,11,1,182,31.58935278,-97.10966667,8,3,0,1,0,0,1,0
481738,TEXAS,TX,4,0,7,453,330,ANDERSON MILL,26,9,September,2010,1,Sunday,9,12,1,11,1,180,30.26989167,-97.73315556,12,1,0,10,0,0,1,0
481739,TEXAS,TX,2,0,3,459,0,BETTIE,26,9,September,2010,1,Sunday,4,30,0,3,2,53,32.57823611,-95.08181111,12,2,0,5,0,0,1,1
481740,TEXAS,TX,2,0,6,201,0,ANNETTE,27,9,September,2010,2,Monday,16,49,0,6,5,0,29.88100556,-95.54090556,12,1,0,1,0,0,3,0
481741,TEXAS,TX,1,0,1,421,0,SHERMAN,1,9,September,2010,4,Wednesday,12,45,0,6,4,0,36.34308611,-101.91886667,1,1,0,1,0,0,1,1
481742,TEXAS,TX,1,1,1,41,970,BRANTLEY,28,9,September,2010,3,Tuesday,7,40,1,13,8,92,30.62701944,-96.37669167,9,1,0,1,0,0,1,0
481743,TEXAS,TX,1,0,2,203,0,BENSON,28,9,September,2010,3,Tuesday,15,45,0,3,2,168,32.53618333,-94.42457222,24,1,0,1,0,0,1,0
481744,TEXAS,TX,1,0,1,309,0,ALAMO,28,9,September,2010,3,Tuesday,4,50,0,4,8,88,31.50839167,-97.01851944,42,2,0,1,0,0,1,0
481745,TEXAS,TX,1,0,1,467,0,BEN WHEELER,28,9,September,2010,3,Tuesday,3,57,0,4,8,1,32.51563611,-95.80117778,1,2,0,1,0,0,1,1
481746,TEXAS,TX,2,0,3,423,7070,ARP,29,9,September,2010,4,Wednesday,11,1,1,13,2,87,32.39616111,-95.26929722,12,1,0,1,0,0,1,0
481747,TEXAS,TX,1,0,1,467,0,BEN WHEELER,29,9,September,2010,4,Wednesday,17,25,1,1,1,282,32.50258333,-95.62857222,35,1,0,1,0,0,1,0
481748,TEXAS,TX,2,0,3,201,0,ANNETTE,30,9,September,2010,5,Thursday,10,5,0,6,4,0,29.77514444,-95.74131944,12,1,0,1,0,0,1,0
481749,TEXAS,TX,1,0,1,201,3280,ANNETTE,30,9,September,2010,5,Thursday,0,5,1,11,1,8,29.76946389,-95.34055278,23,3,0,1,0,0,1,0
481750,TEXAS,TX,1,0,1,265,0,CRAWFORDVILLE,30,9,September,2010,5,Thursday,23,39,0,4,3,168,30.07250556,-99.28121111,24,2,0,1,0,0,1,1
481751,TEXAS,TX,1,0,1,337,0,BELCHERVILLE,30,9,September,2010,5,Thursday,2,56,9,99,8,25,33.81641944,-97.61899167,1,2,0,1,0,0,1,0
481752,TEXAS,TX,2,0,2,453,330,ANDERSON MILL,30,9,September,2010,5,Thursday,15,30,1,12,7,103,30.32521111,-97.67208889,12,1,0,1,0,0,1,0
481753,TEXAS,TX,1,0,1,453,330,ANDERSON MILL,30,9,September,2010,5,Thursday,18,43,1,13,8,17,30.32074444,-97.71610278,26,5,0,1,0,0,1,1
481755,TEXAS,TX,1,0,2,303,4140,DAVISBORO,1,9,September,2010,4,Wednesday,1,21,0,16,5,0,33.58174444,-101.84317222,5,3,0,1,0,0,1,1
481756,TEXAS,TX,2,0,2,143,0,CANEHILL,2,9,September,2010,5,Thursday,7,30,1,2,2,52,32.15394722,-97.91210278,12,1,0,2,0,0,1,0
481757,TEXAS,TX,2,0,2,251,0,DOVER,3,9,September,2010,6,Friday,10,26,0,4,8,130,32.47408056,-97.22342778,12,1,0,1,0,0,1,0
481758,TEXAS,TX,1,0,1,167,3607,ADRIAN,4,9,September,2010,7,Saturday,0,1,0,16,5,0,29.53885556,-95.01625833,1,2,0,1,0,0,1,1
481759,TEXAS,TX,1,0,3,201,3280,ANNETTE,9,9,September,2010,5,Thursday,11,10,1,11,7,4,29.79194167,-95.45184722,21,1,0,1,0,0,1,0
481760,TEXAS,TX,2,0,2,201,3280,ANNETTE,9,9,September,2010,5,Thursday,21,14,1,11,1,93,29.60749167,-95.20676944,12,3,0,1,0,0,1,1
481761,TEXAS,TX,3,1,3,217,3210,COVINGTON,9,9,September,2010,5,Thursday,6,17,1,13,3,175,32.00631111,-97.13018611,8,3,0,10,1,0,1,0
481762,TEXAS,TX,2,0,2,303,0,DAVISBORO,11,9,September,2010,7,Saturday,17,50,1,2,2,398,33.66709444,-101.60748889,12,1,0,1,0,0,1,0
481763,TEXAS,TX,1,0,1,121,0,BON AIR,12,9,September,2010,1,Sunday,19,26,0,3,8,234,33.36085278,-97.00891389,42,1,0,1,0,0,1,0
481764,TEXAS,TX,2,0,3,201,3280,ANNETTE,12,9,September,2010,1,Sunday,12,0,0,16,5,0,29.63939722,-95.46358611,12,1,0,1,0,0,1,0
481765,TEXAS,TX,1,0,1,39,0,ANDALUSIA,14,9,September,2010,3,Tuesday,15,40,0,6,4,0,29.38149722,-95.39297222,42,1,0,1,0,0,1,1
481766,TEXAS,TX,2,0,3,289,1000,ALLENTOWN,14,9,September,2010,3,Tuesday,1,31,1,2,2,153,31.46790278,-96.04966389,12,3,0,1,0,0,1,0
481767,TEXAS,TX,1,0,4,489,0,LASARA,15,9,September,2010,4,Wednesday,14,50,1,2,2,211,26.44162222,-97.78406944,1,1,0,1,0,0,1,0
481768,TEXAS,TX,1,0,1,331,0,BEN ARNOLD,16,9,September,2010,5,Thursday,23,15,0,3,2,77,30.93241389,-96.98305556,32,2,0,1,0,0,1,0
481769,TEXAS,TX,1,0,4,423,0,ARP,16,9,September,2010,5,Thursday,16,26,0,6,4,0,32.39268611,-95.25546667,42,1,0,1,0,0,1,0
481770,TEXAS,TX,1,1,1,41,970,BRANTLEY,17,9,September,2010,6,Friday,21,33,1,13,3,106,30.67823611,-96.38799167,9,6,0,1,0,0,1,0
481771,TEXAS,TX,2,0,5,297,0,BETWEEN,17,9,September,2010,6,Friday,14,52,1,1,7,258,28.48978333,-98.14216667,12,1,0,2,0,0,1,0
481772,TEXAS,TX,2,0,2,221,2780,ARNOLDSVILLE,18,9,September,2010,7,Saturday,12,39,1,13,2,101,32.45251111,-97.73493611,12,1,0,1,0,0,1,0
481773,TEXAS,TX,2,0,4,307,0,PRESTON,18,9,September,2010,7,Saturday,2,20,0,3,2,47,30.95576111,-99.27889167,12,2,0,6,0,0,1,0
481774,TEXAS,TX,2,0,3,423,0,ARP,19,9,September,2010,1,Sunday,17,10,0,3,3,62,32.48039167,-95.17295833,12,1,0,1,0,0,1,1
481775,TEXAS,TX,1,0,1,201,3280,ANNETTE,20,9,September,2010,2,Monday,0,14,1,11,1,355,29.63708611,-95.23963333,33,3,0,10,0,0,1,1
481776,TEXAS,TX,1,1,2,215,5330,BIBB CITY,20,9,September,2010,2,Monday,20,36,0,16,5,0,26.22025000,-98.16283611,9,2,0,10,0,0,1,0
481777,TEXAS,TX,1,0,1,113,1730,COTTONTON,22,9,September,2010,4,Wednesday,11,59,1,12,2,56,32.71310833,-96.68297222,1,1,0,10,0,0,1,0
481778,TEXAS,TX,1,0,1,245,0,AUGUSTA,22,9,September,2010,4,Wednesday,12,51,0,3,2,14,30.07329722,-94.10438889,42,1,0,1,0,0,1,0
481779,TEXAS,TX,1,1,1,439,2255,ARLINGTON,22,9,September,2010,4,Wednesday,21,3,1,13,3,94,32.83245000,-97.09321667,8,3,0,10,0,0,1,0
481780,TEXAS,TX,2,0,2,487,0,HARROLD,22,9,September,2010,4,Wednesday,2,20,1,13,2,256,34.10604167,-99.08742778,12,2,0,10,0,0,1,1
481781,TEXAS,TX,1,0,1,141,6986,BEE BRANCH,23,9,September,2010,5,Thursday,16,45,0,16,5,0,31.44553333,-106.08848889,10,1,0,1,0,0,1,0
481782,TEXAS,TX,1,0,1,499,0,ALBA,23,9,September,2010,5,Thursday,11,10,0,3,3,140,32.83369167,-95.42631389,25,1,0,1,0,0,1,0
481783,TEXAS,TX,2,0,3,291,0,BLAIRSVILLE,24,9,September,2010,6,Friday,13,49,0,4,8,121,30.08166944,-94.86266944,12,1,0,2,0,0,2,0
481784,TEXAS,TX,2,0,4,325,0,CASTROVILLE,24,9,September,2010,6,Friday,20,20,1,2,3,24,29.65025278,-98.81450000,12,1,0,1,0,0,1,1
481785,TEXAS,TX,1,0,1,31,5985,COFFEE,28,9,September,2010,3,Tuesday,16,34,0,3,2,36,30.43160000,-98.34448889,30,1,0,1,0,0,1,0
481786,TEXAS,TX,2,0,3,157,0,ARCADE,3,9,September,2010,6,Friday,8,40,1,2,3,92,29.44181111,-95.82795000,12,1,0,2,0,0,1,0
481787,TEXAS,TX,2,0,3,309,0,ALAMO,3,9,September,2010,6,Friday,12,45,0,15,8,72,31.63173333,-97.21418611,12,1,0,10,0,0,1,0
481788,TEXAS,TX,2,0,10,135,0,ASH FLAT,5,9,September,2010,1,Sunday,18,55,0,14,8,35,31.83976389,-102.50582500,12,1,0,1,0,0,1,0
481789,TEXAS,TX,1,0,1,329,0,MIDLAND,5,9,September,2010,1,Sunday,1,48,0,16,5,0,32.06350000,-102.17482222,1,2,0,1,0,0,1,1
481790,TEXAS,TX,1,0,2,103,0,DANVILLE,6,9,September,2010,2,Monday,15,30,0,4,8,96,31.58845000,-102.68205000,1,1,0,1,0,0,1,0
481791,TEXAS,TX,2,0,2,113,1730,COTTONTON,6,9,September,2010,2,Monday,22,18,0,16,5,0,32.89467222,-96.80918889,12,3,0,1,0,0,1,1
481792,TEXAS,TX,3,0,4,231,0,CONCORD,6,9,September,2010,2,Monday,15,10,1,2,2,278,33.03089722,-96.00545556,12,1,0,1,0,0,1,0
481793,TEXAS,TX,2,0,2,387,0,ANNONA,9,9,September,2010,5,Thursday,11,40,1,2,2,4,33.51764167,-95.30463611,12,1,0,10,0,0,1,0
481794,TEXAS,TX,1,0,4,497,0,ALVORD,11,9,September,2010,7,Saturday,2,35,0,6,4,0,33.06320556,-97.62403889,38,2,0,1,0,0,1,1
481795,TEXAS,TX,2,0,2,367,0,ALEDO,13,9,September,2010,2,Monday,4,55,0,4,8,106,32.87252222,-97.74330278,12,2,0,10,0,0,1,0
481796,TEXAS,TX,1,0,2,329,0,MIDLAND,16,9,September,2010,5,Thursday,1,27,1,1,1,180,31.99455000,-102.02455833,1,3,0,10,0,0,1,1
481797,TEXAS,TX,1,0,2,289,0,ALLENTOWN,19,9,September,2010,1,Sunday,2,18,1,1,1,123,31.26551111,-95.98724444,1,2,0,1,0,0,1,0
481798,TEXAS,TX,1,0,5,83,0,ARDMORE,20,9,September,2010,2,Monday,13,35,0,6,4,0,31.81578889,-99.50738611,1,1,0,10,0,0,1,0
481799,TEXAS,TX,4,0,7,215,0,BIBB CITY,20,9,September,2010,2,Monday,20,4,0,15,8,205,26.21441111,-98.03697222,12,2,0,10,0,0,3,1
481800,TEXAS,TX,1,0,1,113,3420,COTTONTON,23,9,September,2010,5,Thursday,13,35,0,16,5,0,32.90548056,-96.95701389,24,1,0,1,0,0,1,0
481801,TEXAS,TX,3,0,3,453,0,ANDERSON MILL,25,9,September,2010,7,Saturday,0,10,1,13,8,2,30.44664444,-97.74400278,12,3,0,1,0,0,1,1
481802,TEXAS,TX,2,0,4,41,0,BRANTLEY,26,9,September,2010,1,Sunday,10,45,0,4,3,2,30.75122222,-96.45391944,12,1,0,1,0,0,1,0
481803,TEXAS,TX,2,0,3,297,0,BETWEEN,26,9,September,2010,1,Sunday,17,30,1,2,2,77,28.33932500,-98.01025556,12,1,0,1,0,0,1,0
481804,TEXAS,TX,2,0,2,497,0,ALVORD,26,9,September,2010,1,Sunday,14,45,0,4,8,47,33.39010000,-97.51902500,12,1,0,1,0,0,1,0
481805,TEXAS,TX,1,0,1,497,0,ALVORD,27,9,September,2010,2,Monday,21,20,0,6,4,0,33.14617500,-97.62914722,1,2,0,1,0,0,1,0
481806,TEXAS,TX,1,0,4,409,2871,ARANSAS PASS,28,9,September,2010,3,Tuesday,19,29,1,2,2,243,27.90894444,-97.29935278,1,5,0,1,0,0,2,0
481807,TEXAS,TX,1,0,1,29,6090,BORDEN SPRINGS,29,9,September,2010,4,Wednesday,3,33,0,16,5,0,29.55792778,-98.51730000,35,3,0,1,0,0,1,1
481808,TEXAS,TX,2,0,4,7,0,BIBB,30,9,September,2010,5,Thursday,15,12,0,3,3,31,28.09829444,-97.03320278,12,1,0,1,0,0,1,0
481809,TEXAS,TX,2,0,2,439,4965,ARLINGTON,1,10,October,2010,6,Friday,22,24,1,11,1,99999,32.83257778,-97.21067778,24,3,0,1,0,0,1,0
481810,TEXAS,TX,1,0,1,13,0,BOLLING,2,10,October,2010,7,Saturday,0,17,1,1,1,43,28.90915833,-98.43303611,1,2,0,1,0,0,1,0
481811,TEXAS,TX,1,1,1,29,6090,BORDEN SPRINGS,2,10,October,2010,7,Saturday,4,50,1,13,8,30,29.36109167,-98.57226111,8,2,0,1,0,0,1,0
481812,TEXAS,TX,1,0,1,71,7244,BRIDGEPORT,2,10,October,2010,7,Saturday,14,17,1,1,1,109,29.83905000,-94.73075278,25,1,0,1,0,0,1,0
481813,TEXAS,TX,1,0,1,91,0,DAYTON,2,10,October,2010,7,Saturday,11,25,1,13,8,100,29.93702778,-98.29191111,1,1,0,1,0,0,1,0
481814,TEXAS,TX,2,0,3,121,0,BON AIR,2,10,October,2010,7,Saturday,2,58,0,14,3,32,33.03524722,-97.34291111,12,2,0,1,0,0,2,1
481815,TEXAS,TX,1,0,1,121,5416,BON AIR,2,10,October,2010,7,Saturday,17,42,0,5,8,46,33.17893889,-97.32128611,1,1,0,1,0,0,1,1
481816,TEXAS,TX,2,0,4,177,0,LEE,2,10,October,2010,7,Saturday,6,43,1,2,2,258,29.35471389,-97.33538333,12,4,0,1,0,0,2,0
481817,TEXAS,TX,1,0,1,355,1550,AGUA DULCE,2,10,October,2010,7,Saturday,2,12,0,14,8,103,27.79770833,-97.47524167,38,2,0,1,0,0,1,1
481818,TEXAS,TX,1,0,2,355,1550,AGUA DULCE,2,10,October,2010,7,Saturday,19,12,0,16,5,0,99.99990000,999.99990000,1,1,0,1,0,0,1,1
481819,TEXAS,TX,1,0,1,357,0,BOOKER,2,10,October,2010,7,Saturday,17,57,0,6,4,0,36.23066944,-100.67326111,38,1,0,1,0,0,1,0
481820,TEXAS,TX,2,0,3,415,3399,DERMOTT,2,10,October,2010,7,Saturday,8,10,0,3,3,67,32.58195000,-101.00243333,12,1,0,1,0,0,1,0
481821,TEXAS,TX,3,0,3,113,1730,COTTONTON,3,10,October,2010,1,Sunday,7,20,0,16,5,0,32.88955278,-96.87053333,12,1,0,1,0,0,1,1
481822,TEXAS,TX,1,1,5,201,0,ANNETTE,3,10,October,2010,1,Sunday,1,33,0,14,8,65,29.93058611,-95.30652500,8,2,0,1,0,0,1,1
481823,TEXAS,TX,1,0,1,215,0,BIBB CITY,3,10,October,2010,1,Sunday,2,45,0,6,4,0,26.28745000,-98.04864444,1,3,0,1,0,0,1,1
481824,TEXAS,TX,2,2,1,309,545,ALAMO,3,10,October,2010,1,Sunday,5,59,1,11,1,194,31.60550278,-97.10605278,12,2,0,1,0,0,1,0
481825,TEXAS,TX,3,0,4,77,0,ANDERSON,4,10,October,2010,2,Monday,14,22,1,2,2,98,33.83211389,-98.25926667,12,1,0,1,0,0,1,0
481827,TEXAS,TX,1,1,1,113,1730,COTTONTON,4,10,October,2010,2,Monday,22,40,1,11,7,166,32.77846389,-96.81226944,8,3,0,1,0,0,1,0
481828,TEXAS,TX,1,0,1,113,4530,COTTONTON,4,10,October,2010,2,Monday,15,42,1,12,2,40,32.79250833,-96.61246111,1,1,0,1,0,0,1,0
481829,TEXAS,TX,2,1,4,157,0,ARCADE,4,10,October,2010,2,Monday,19,20,1,2,7,275,29.47377222,-95.95678333,8,5,0,1,0,0,1,0
481830,TEXAS,TX,1,0,2,347,4810,APPLEBY,4,10,October,2010,2,Monday,5,34,1,13,8,136,31.57628611,-94.65749444,32,3,0,1,0,0,1,0
481831,TEXAS,TX,3,0,7,329,4560,MIDLAND,5,10,October,2010,3,Tuesday,0,39,1,2,3,83,31.99193889,-102.17825278,12,2,0,1,0,0,2,1
481832,TEXAS,TX,1,0,1,367,0,ALEDO,5,10,October,2010,3,Tuesday,21,15,0,3,2,79,32.78789722,-97.93446667,32,2,0,1,0,0,1,0
481833,TEXAS,TX,2,1,4,375,0,AMARILLO,5,10,October,2010,3,Tuesday,17,49,1,2,2,187,35.47618333,-101.88355833,8,1,0,1,0,0,1,0
481834,TEXAS,TX,2,0,2,453,330,ANDERSON MILL,5,10,October,2010,3,Tuesday,11,40,1,12,3,109,30.33536667,-97.75376111,30,1,0,1,0,0,1,0
481835,TEXAS,TX,1,1,1,375,0,AMARILLO,6,10,October,2010,4,Wednesday,4,0,1,13,2,97,35.19015000,-101.66543611,8,2,0,1,0,0,1,0
481836,TEXAS,TX,1,0,1,51,1070,CENTRAL,7,10,October,2010,5,Thursday,0,54,1,2,3,112,30.53795556,-96.69246111,59,3,0,1,0,0,1,1
481837,TEXAS,TX,1,0,2,95,0,ALBERTVILLE,7,10,October,2010,5,Thursday,11,35,0,3,2,138,31.38331667,-99.87894167,1,1,0,1,0,0,1,0
481838,TEXAS,TX,1,0,1,113,1730,COTTONTON,7,10,October,2010,5,Thursday,11,28,0,16,5,0,32.79015000,-96.83514444,52,1,0,1,0,0,1,0
481839,TEXAS,TX,1,1,1,113,3420,COTTONTON,7,10,October,2010,5,Thursday,6,52,0,16,5,0,32.85691389,-96.99220000,8,3,0,1,0,0,1,0
481840,TEXAS,TX,2,0,2,201,0,ANNETTE,7,10,October,2010,5,Thursday,6,0,1,11,1,424,30.01839444,-95.42837778,12,3,0,1,0,0,1,1
481841,TEXAS,TX,2,0,2,113,3420,COTTONTON,8,10,October,2010,6,Friday,2,32,1,12,3,50,32.83696667,-96.96451944,12,3,0,1,0,0,1,1
481842,TEXAS,TX,1,1,4,117,3140,BIRMINGHAM,8,10,October,2010,6,Friday,17,25,0,16,5,0,34.83889722,-102.39921111,9,1,0,1,0,0,1,0
481843,TEXAS,TX,2,1,1,201,0,ANNETTE,8,10,October,2010,6,Friday,22,45,1,12,3,123,29.97442500,-95.56403333,12,3,0,1,0,0,1,0
481844,TEXAS,TX,2,0,2,201,0,ANNETTE,8,10,October,2010,6,Friday,12,21,0,6,4,0,29.91814444,-95.68629444,12,1,0,1,0,0,1,0
481845,TEXAS,TX,2,0,5,293,0,EAST THOMASTON,8,10,October,2010,6,Friday,15,30,0,4,3,67,31.51158889,-96.42498611,12,1,0,1,0,0,2,0
481846,TEXAS,TX,1,0,1,367,0,ALEDO,8,10,October,2010,6,Friday,21,12,0,6,4,0,32.91061389,-97.68012500,42,2,0,1,0,0,1,0
481847,TEXAS,TX,1,0,1,375,150,AMARILLO,8,10,October,2010,6,Friday,2,35,0,16,5,0,35.23627778,-101.82351111,1,3,0,1,0,0,1,1
481848,TEXAS,TX,2,0,2,469,0,BLOOMINGTON,8,10,October,2010,6,Friday,13,49,0,4,8,100,28.91013611,-96.80714722,12,1,0,1,0,0,1,0
481849,TEXAS,TX,1,0,3,61,940,BELLWOOD,9,10,October,2010,7,Saturday,22,31,0,14,8,128,25.94486667,-97.48786389,1,3,0,1,0,0,1,1
481850,TEXAS,TX,1,0,1,121,1840,BON AIR,9,10,October,2010,7,Saturday,12,0,0,4,8,78,33.30757778,-97.06060278,38,1,0,1,0,0,1,0
481851,TEXAS,TX,1,0,1,329,4560,MIDLAND,9,10,October,2010,7,Saturday,5,51,1,13,3,40,32.04552500,-102.08471389,33,3,0,1,0,0,1,1
481852,TEXAS,TX,2,0,2,47,0,BROWNS,10,10,October,2010,1,Sunday,16,48,1,2,2,144,27.05545556,-98.14361667,12,1,0,1,0,0,1,0
481853,TEXAS,TX,2,0,3,113,1730,COTTONTON,10,10,October,2010,1,Sunday,19,0,0,16,5,0,32.66778333,-96.75967222,12,5,0,1,0,0,1,0
481854,TEXAS,TX,1,0,2,135,0,ASH FLAT,10,10,October,2010,1,Sunday,4,41,0,14,3,188,31.88338889,-102.45368889,1,2,0,1,0,0,1,1
481855,TEXAS,TX,1,0,1,171,0,ALDORA,10,10,October,2010,1,Sunday,8,20,0,4,3,53,30.22552500,-98.93180833,38,1,0,1,0,0,1,0
481856,TEXAS,TX,3,0,5,201,3280,ANNETTE,10,10,October,2010,1,Sunday,17,43,0,16,5,0,29.83267778,-95.60500278,12,1,0,1,0,0,1,1
481857,TEXAS,TX,1,0,1,201,3280,ANNETTE,10,10,October,2010,1,Sunday,2,37,0,16,5,0,29.68513056,-95.30638611,38,3,0,1,0,0,1,1
481858,TEXAS,TX,1,0,1,473,0,BROOKSHIRE,10,10,October,2010,1,Sunday,18,40,0,4,8,172,29.97846944,-96.03574167,1,5,0,1,0,0,1,0
481859,TEXAS,TX,1,0,1,439,2800,ARLINGTON,10,10,October,2010,1,Sunday,18,24,0,16,5,0,32.70875278,-97.04415278,25,1,0,1,0,0,1,1
481860,TEXAS,TX,1,0,1,439,2800,ARLINGTON,10,10,October,2010,1,Sunday,15,4,0,16,5,0,32.60931389,-97.03521667,5,1,0,1,0,0,1,0
481861,TEXAS,TX,2,0,2,65,0,CYPRESS,11,10,October,2010,2,Monday,10,13,0,3,3,49,35.59953056,-101.21893056,12,1,0,1,0,0,1,0
481862,TEXAS,TX,1,1,1,201,0,ANNETTE,11,10,October,2010,2,Monday,0,40,1,13,8,38,29.93593333,-95.58036667,8,2,0,1,0,0,1,0
481863,TEXAS,TX,2,0,4,451,0,CARLSBAD,11,10,October,2010,2,Monday,8,24,0,6,4,0,31.60313611,-100.59858889,12,1,0,1,0,0,1,0
481864,TEXAS,TX,2,0,3,453,330,ANDERSON MILL,12,10,October,2010,3,Tuesday,0,22,1,13,8,87,30.33738889,-97.75707778,12,3,0,10,0,0,1,0
481866,TEXAS,TX,4,0,4,201,0,ANNETTE,13,10,October,2010,4,Wednesday,21,0,1,13,8,110,30.00747778,-95.09325833,12,2,0,1,0,0,1,2
481867,TEXAS,TX,1,0,1,227,0,JASPER,13,10,October,2010,4,Wednesday,1,25,1,1,1,157,32.19933056,-101.60841389,1,2,0,1,0,0,1,1
481868,TEXAS,TX,2,0,2,291,1770,BLAIRSVILLE,13,10,October,2010,4,Wednesday,15,48,1,13,3,248,30.06387778,-94.90336944,12,1,0,1,0,0,1,0
481869,TEXAS,TX,1,0,1,439,260,ARLINGTON,13,10,October,2010,4,Wednesday,10,41,0,16,5,0,32.64481389,-97.07630000,39,1,0,1,0,0,1,0
481870,TEXAS,TX,2,0,2,157,6660,ARCADE,14,10,October,2010,5,Thursday,19,53,0,16,5,0,29.58085278,-95.59601667,1,3,0,1,0,0,1,1
481871,TEXAS,TX,2,0,3,217,0,COVINGTON,14,10,October,2010,5,Thursday,13,13,1,1,1,105,32.18813333,-97.13937500,12,1,0,1,0,0,2,1
481872,TEXAS,TX,1,1,1,309,7210,ALAMO,14,10,October,2010,5,Thursday,8,6,0,16,5,0,31.51435556,-97.14696389,8,1,0,1,0,0,1,0
481873,TEXAS,TX,2,0,2,329,4560,MIDLAND,14,10,October,2010,5,Thursday,11,3,1,13,3,66,32.00779167,-102.07916667,12,1,0,1,0,0,1,0
481874,TEXAS,TX,2,0,4,329,4560,MIDLAND,14,10,October,2010,5,Thursday,2,56,0,16,5,0,31.99290833,-102.11041111,12,3,0,1,0,0,1,0
481875,TEXAS,TX,1,2,2,37,6850,BRADFORD,15,10,October,2010,6,Friday,22,25,0,14,8,3,33.46457222,-94.11103056,8,2,0,1,0,0,1,1
481876,TEXAS,TX,2,0,3,205,0,BACONTON,15,10,October,2010,6,Friday,14,36,1,2,2,115,35.95971944,-102.65380278,12,1,0,1,0,0,2,0
481877,TEXAS,TX,1,0,4,439,2800,ARLINGTON,15,10,October,2010,6,Friday,21,58,1,12,3,230,32.59592500,-97.07753333,1,2,0,1,0,0,1,0
481878,TEXAS,TX,1,0,1,25,0,BARLOW BEND,16,10,October,2010,7,Saturday,15,57,1,2,2,32,28.32140556,-97.70414167,1,1,0,1,0,0,1,0
481879,TEXAS,TX,3,0,4,27,0,ASHLAND,16,10,October,2010,7,Saturday,17,0,0,4,8,25,31.02679167,-97.11789722,12,1,0,1,0,0,1,1
481880,TEXAS,TX,2,0,3,29,6090,BORDEN SPRINGS,16,10,October,2010,7,Saturday,18,40,0,14,8,20,29.47778611,-98.64426667,12,5,0,1,0,0,1,1
481881,TEXAS,TX,1,1,2,29,6090,BORDEN SPRINGS,16,10,October,2010,7,Saturday,1,2,0,16,5,0,29.50730833,-98.49929722,8,3,0,1,0,0,1,0
481882,TEXAS,TX,3,0,2,113,1730,COTTONTON,16,10,October,2010,7,Saturday,5,19,1,11,1,194,32.80501389,-96.83732500,12,2,0,1,0,0,1,1
481883,TEXAS,TX,1,0,2,245,0,AUGUSTA,16,10,October,2010,7,Saturday,17,15,1,1,1,103,29.96149722,-94.23483333,58,1,0,1,0,0,1,1
481884,TEXAS,TX,3,0,4,493,6705,FLORESVILLE,16,10,October,2010,7,Saturday,8,45,0,4,8,12,29.27257778,-98.05745278,12,1,0,1,0,0,1,0
481885,TEXAS,TX,2,0,4,27,570,ASHLAND,17,10,October,2010,1,Sunday,18,14,0,14,8,106,31.05012222,-97.44284167,12,1,0,1,0,0,1,0
481886,TEXAS,TX,3,0,4,29,6090,BORDEN SPRINGS,17,10,October,2010,1,Sunday,2,2,1,13,8,120,29.60911389,-98.50825000,12,3,0,1,0,0,1,1
481887,TEXAS,TX,2,0,2,39,5249,ANDALUSIA,17,10,October,2010,1,Sunday,1,32,1,12,3,33,29.55194722,-95.38783889,12,3,0,1,0,0,1,1
481888,TEXAS,TX,2,0,6,113,387,COTTONTON,17,10,October,2010,1,Sunday,19,16,0,16,5,0,32.74382500,-96.59883056,24,5,0,1,0,0,2,1
481889,TEXAS,TX,2,0,4,201,0,ANNETTE,17,10,October,2010,1,Sunday,14,0,0,6,4,0,29.90208611,-95.38738333,12,1,0,1,0,0,1,1
481890,TEXAS,TX,1,0,1,293,0,EAST THOMASTON,17,10,October,2010,1,Sunday,8,14,0,4,3,28,31.51416389,-96.48926389,35,2,0,1,0,0,1,1