ST_CASE,State Name,State Abbreviation,VE_TOTAL,Pedestrains,Total_Persons_in_accident,COUNTY,CITY,City_County_Name,Calendar_DAY,MONTH,Month_Name,YEAR,DAY_WEEK,Day_Week_desc,HOUR,MINUTE,NHS_Desc,trafficway,ROUTE,MILEPT,LATITUDE,LONGITUD,First_Crash_event,Light_cond_desc,Weather_condition,WEATHER,SCH_BUS,Crash_cause,FATALS,DRUNK_DR
481891,TEXAS,TX,1,0,1,329,4560,MIDLAND,17,10,October,2010,1,Sunday,11,9,1,12,8,170,32.02976111,-102.14452222,1,1,0,1,0,0,1,0
481892,TEXAS,TX,1,0,1,183,4080,FORT STEWART,18,10,October,2010,2,Monday,0,38,1,13,2,118,32.50405833,-94.76440556,30,3,0,1,0,0,1,1
481893,TEXAS,TX,1,0,1,201,3280,ANNETTE,18,10,October,2010,2,Monday,17,40,1,11,1,247,29.77463889,-95.36817500,39,1,0,10,0,0,1,1
481894,TEXAS,TX,1,0,3,371,0,COYANOSA,18,10,October,2010,2,Monday,20,45,0,4,8,283,30.96704722,-102.84469167,1,5,0,1,0,0,1,0
481895,TEXAS,TX,1,1,1,309,0,ALAMO,19,10,October,2010,3,Tuesday,17,30,1,1,7,21,31.72069444,-97.10259722,8,1,0,1,0,0,1,0
481896,TEXAS,TX,2,1,3,439,2255,ARLINGTON,19,10,October,2010,3,Tuesday,16,59,1,12,3,126,32.86596667,-97.10155833,12,1,0,1,0,0,1,0
481897,TEXAS,TX,1,1,1,439,260,ARLINGTON,20,10,October,2010,4,Wednesday,6,55,0,16,5,0,32.71120556,-97.16866944,8,6,0,1,0,0,1,0
481898,TEXAS,TX,1,0,1,135,5030,ASH FLAT,22,10,October,2010,6,Friday,3,39,1,12,7,72,31.89583333,-102.31750000,33,3,0,10,0,0,1,1
481899,TEXAS,TX,1,0,1,473,0,BROOKSHIRE,22,10,October,2010,6,Friday,14,46,0,4,8,37,29.83531111,-96.03253333,59,1,0,10,0,0,1,0
481900,TEXAS,TX,1,0,1,149,0,BELLEVILLE,23,10,October,2010,7,Saturday,0,30,0,3,3,69,29.89655556,-96.77464167,35,2,0,1,0,0,1,0
481901,TEXAS,TX,1,0,6,453,330,ANDERSON MILL,23,10,October,2010,7,Saturday,2,20,0,16,5,0,30.36092778,-97.66962778,33,3,0,1,0,0,2,1
481902,TEXAS,TX,1,0,1,251,2690,DOVER,28,10,October,2010,5,Thursday,12,25,0,4,3,58,32.47618056,-97.56652222,1,1,0,1,0,0,1,0
481903,TEXAS,TX,4,0,3,113,1730,COTTONTON,30,10,October,2010,7,Saturday,1,25,0,16,5,0,32.76065000,-96.79565556,33,3,0,1,0,0,1,1
481904,TEXAS,TX,1,0,2,113,6685,COTTONTON,30,10,October,2010,7,Saturday,21,45,1,12,2,93,32.77844722,-96.52288889,25,2,0,1,0,0,1,1
481905,TEXAS,TX,1,1,1,141,2190,BEE BRANCH,6,3,March,2010,7,Saturday,20,36,1,13,3,174,31.79265833,-106.50830833,8,3,0,1,0,0,1,0
481906,TEXAS,TX,1,0,1,141,2190,BEE BRANCH,9,8,August,2010,2,Monday,2,15,1,12,3,128,31.68765556,-106.29742500,30,3,0,1,0,0,1,1
481907,TEXAS,TX,3,0,4,453,0,ANDERSON MILL,19,8,August,2010,5,Thursday,2,35,1,12,3,139,30.19425000,-97.62506944,12,3,0,1,0,0,1,1
481908,TEXAS,TX,1,0,2,495,0,KERMIT,22,8,August,2010,1,Sunday,16,20,0,4,3,174,31.81251944,-103.21655278,51,1,0,1,0,0,1,0
481909,TEXAS,TX,1,1,1,7,2543,BIBB,19,9,September,2010,1,Sunday,21,24,0,3,3,53,28.06861944,-97.04135556,8,2,0,2,0,0,1,0
481910,TEXAS,TX,1,1,2,39,0,ANDALUSIA,22,9,September,2010,4,Wednesday,20,45,0,4,8,87,29.39627222,-95.48033333,8,2,0,10,0,0,1,0
481911,TEXAS,TX,2,0,3,395,0,BREMOND,22,9,September,2010,4,Wednesday,17,25,1,2,2,115,30.76208333,-96.47850000,12,1,0,1,0,0,1,1
481912,TEXAS,TX,2,0,3,181,0,LINCOLN,23,9,September,2010,5,Thursday,15,55,0,3,3,58,33.55180278,-96.52776667,12,1,0,1,0,0,3,1
481913,TEXAS,TX,2,0,2,39,0,ANDALUSIA,27,9,September,2010,2,Monday,7,25,0,4,8,96,29.37551944,-95.31403611,12,1,0,1,0,0,1,0
481914,TEXAS,TX,2,0,2,185,0,ANAKTUVUK PASS,27,9,September,2010,2,Monday,6,52,0,3,3,139,30.59019444,-95.96918056,12,4,0,1,0,0,1,0
481915,TEXAS,TX,1,0,1,201,3280,ANNETTE,30,9,September,2010,5,Thursday,23,5,0,16,5,0,29.74890278,-95.41882500,33,3,0,1,0,0,1,1
481916,TEXAS,TX,2,0,2,39,0,ANDALUSIA,7,10,October,2010,5,Thursday,9,37,0,3,3,187,29.34226944,-95.28072778,12,1,0,1,0,0,1,0
481917,TEXAS,TX,2,0,2,325,0,CASTROVILLE,12,10,October,2010,3,Tuesday,0,40,1,1,1,104,29.19179722,-98.83321667,12,2,0,1,0,0,1,0
481918,TEXAS,TX,3,2,1,29,6090,BORDEN SPRINGS,14,10,October,2010,5,Thursday,2,41,1,11,1,96,29.44314444,-98.63834167,12,3,0,1,0,0,1,1
481919,TEXAS,TX,1,0,1,201,3280,ANNETTE,15,10,October,2010,6,Friday,2,15,0,16,5,0,29.83490278,-95.48994722,30,3,0,1,0,0,1,1
481920,TEXAS,TX,1,0,1,201,5230,ANNETTE,15,10,October,2010,6,Friday,22,51,1,12,3,28,29.70759722,-95.22790833,25,3,0,1,0,0,1,0
481922,TEXAS,TX,1,0,1,201,3280,ANNETTE,16,10,October,2010,7,Saturday,5,4,1,12,3,24,29.70675833,-95.23668889,42,3,0,1,0,0,1,1
481923,TEXAS,TX,1,0,1,201,3280,ANNETTE,17,10,October,2010,1,Sunday,2,25,1,11,7,67,29.58471944,-95.18245833,35,2,0,1,0,0,1,1
481924,TEXAS,TX,1,0,1,177,0,LEE,18,10,October,2010,2,Monday,8,0,1,1,1,50,29.66997500,-97.29630000,1,1,0,5,0,0,1,0
481925,TEXAS,TX,1,0,1,335,0,COLORADO CITY,18,10,October,2010,2,Monday,18,35,0,6,4,0,32.35515000,-101.00559722,10,5,0,1,0,0,1,0
481926,TEXAS,TX,1,0,1,71,0,BRIDGEPORT,20,10,October,2010,4,Wednesday,14,40,0,3,3,97,29.65595278,-94.37260278,30,1,0,1,0,0,1,1
481927,TEXAS,TX,1,0,1,443,0,DRYDEN,21,10,October,2010,5,Thursday,18,16,1,2,2,140,30.11383611,-102.38060556,52,1,0,1,0,0,1,0
481928,TEXAS,TX,2,0,2,27,3690,ASHLAND,26,10,October,2010,3,Tuesday,7,18,1,13,3,30,31.08821389,-97.75506111,12,1,0,1,0,0,1,1
481929,TEXAS,TX,1,0,1,29,6090,BORDEN SPRINGS,31,10,October,2010,1,Sunday,3,13,0,4,8,28,29.52413889,-98.69006667,24,2,0,1,0,0,1,0
481930,TEXAS,TX,2,0,3,29,6090,BORDEN SPRINGS,31,10,October,2010,1,Sunday,16,10,0,16,5,0,29.33792778,-98.50382500,12,1,0,1,0,0,1,0
481932,TEXAS,TX,4,0,3,419,1270,CENTER,3,3,March,2010,4,Wednesday,17,32,0,14,3,99,31.78963333,-94.18398889,59,1,0,1,0,0,1,0
481933,TEXAS,TX,1,1,1,141,2190,BEE BRANCH,5,3,March,2010,6,Friday,18,36,1,11,7,258,31.78190000,-106.40258889,8,3,0,1,0,0,1,0
481934,TEXAS,TX,3,1,4,439,2450,ARLINGTON,11,3,March,2010,5,Thursday,20,20,1,11,1,66,32.74417778,-97.31956667,8,2,0,1,0,0,1,0
481935,TEXAS,TX,2,0,2,491,330,ANDERSON MILL,8,4,April,2010,5,Thursday,2,43,1,12,3,46,30.46861389,-97.79577500,24,3,0,1,0,0,1,1
481936,TEXAS,TX,2,0,2,439,2450,ARLINGTON,11,4,April,2010,1,Sunday,2,30,1,11,7,87,32.66513333,-97.33100278,12,2,0,1,0,0,1,2
481937,TEXAS,TX,1,0,4,439,2450,ARLINGTON,17,4,April,2010,7,Saturday,15,45,1,11,7,144,32.66745000,-97.32255833,21,1,0,2,0,0,2,0
481938,TEXAS,TX,4,0,6,215,2110,BIBB CITY,30,4,April,2010,6,Friday,17,0,1,13,8,85,26.34310000,-98.19740000,12,1,0,1,0,0,1,0
481939,TEXAS,TX,2,0,4,479,3899,AGUILARES,2,5,May,2010,1,Sunday,0,4,1,13,8,9,27.53460556,-99.50437778,12,3,0,1,0,0,2,1
481940,TEXAS,TX,1,0,1,439,2450,ARLINGTON,22,5,May,2010,7,Saturday,14,29,1,11,1,81,32.74065000,-97.48048889,1,1,0,10,0,0,1,0
481941,TEXAS,TX,1,1,1,439,2450,ARLINGTON,25,5,May,2010,3,Tuesday,20,40,0,16,5,0,32.73308056,-97.36153056,8,2,0,10,0,0,1,0
481942,TEXAS,TX,7,1,8,61,6110,BELLWOOD,26,5,May,2010,4,Wednesday,12,51,0,15,8,14,26.09795000,-97.62088056,8,1,0,5,0,0,1,0
481943,TEXAS,TX,1,1,1,439,2450,ARLINGTON,26,5,May,2010,4,Wednesday,18,20,1,11,7,253,32.81621389,-97.40889722,9,1,0,1,0,0,1,0
481944,TEXAS,TX,1,0,1,439,2450,ARLINGTON,14,6,June,2010,2,Monday,20,19,0,16,5,0,32.81965000,-97.38351111,1,5,0,1,0,0,1,1
481945,TEXAS,TX,2,2,5,139,0,CALION,4,7,July,2010,1,Sunday,23,50,0,3,2,317,32.32492500,-96.85598056,8,2,0,1,0,0,1,0
481946,TEXAS,TX,1,0,1,367,0,ALEDO,8,7,July,2010,5,Thursday,11,10,0,6,4,0,32.65509722,-97.58600556,1,1,0,1,0,0,1,0
481947,TEXAS,TX,2,0,5,291,1380,BLAIRSVILLE,11,7,July,2010,1,Sunday,2,37,1,12,7,33,30.35310278,-95.09019444,12,3,0,1,0,0,1,1
481948,TEXAS,TX,2,0,2,375,150,AMARILLO,18,7,July,2010,1,Sunday,3,37,0,16,5,0,35.21668611,-101.81851111,12,3,0,1,0,0,1,0
481949,TEXAS,TX,1,0,1,439,2450,ARLINGTON,19,7,July,2010,2,Monday,2,31,0,16,5,0,32.64561667,-97.28667222,30,2,0,1,0,0,1,1
481950,TEXAS,TX,3,0,1,375,150,AMARILLO,24,7,July,2010,7,Saturday,5,22,0,16,5,0,35.19189722,-101.89336667,14,3,0,1,0,0,1,1
481951,TEXAS,TX,1,1,1,439,2450,ARLINGTON,6,8,August,2010,6,Friday,0,31,1,11,1,21,32.67843056,-97.32030556,8,3,0,1,0,0,1,0
481952,TEXAS,TX,1,0,5,201,5230,ANNETTE,14,8,August,2010,7,Saturday,0,21,0,16,5,0,29.69075556,-95.21647778,1,2,0,1,0,0,1,1
481953,TEXAS,TX,2,0,2,491,5990,ANDERSON MILL,15,8,August,2010,1,Sunday,17,35,1,13,2,65,30.51801389,-97.66767500,12,1,0,1,0,0,1,0
481954,TEXAS,TX,2,0,2,439,2450,ARLINGTON,27,8,August,2010,6,Friday,1,50,1,11,1,119,32.82285833,-97.31302222,1,3,0,10,0,0,1,1
481955,TEXAS,TX,1,0,1,29,6090,BORDEN SPRINGS,29,8,August,2010,1,Sunday,16,0,1,11,1,215,29.52046944,-98.47784167,39,1,0,10,0,0,1,1
481956,TEXAS,TX,1,0,1,167,0,ADRIAN,29,8,August,2010,1,Sunday,6,25,1,11,1,144,29.30501944,-94.90440833,42,3,0,10,0,0,1,0
481957,TEXAS,TX,1,0,1,201,3280,ANNETTE,5,9,September,2010,1,Sunday,1,23,1,12,2,71,29.80820556,-95.33626667,21,2,0,1,0,0,1,1
481958,TEXAS,TX,1,0,4,471,0,DODGE,7,9,September,2010,3,Tuesday,7,0,0,4,3,77,30.80053889,-95.69362222,53,4,0,1,0,0,1,0
481959,TEXAS,TX,1,0,1,439,2450,ARLINGTON,10,9,September,2010,6,Friday,4,20,1,11,1,144,32.83853611,-97.31155278,21,3,0,1,0,0,1,1
481960,TEXAS,TX,1,0,2,303,4140,DAVISBORO,15,9,September,2010,4,Wednesday,23,47,1,12,8,313,33.58912500,-101.93456389,18,3,0,1,0,0,1,1
481961,TEXAS,TX,1,0,2,99,0,BEATRICE,19,9,September,2010,1,Sunday,13,24,0,6,4,0,31.34333889,-97.97712500,1,1,0,1,0,0,1,0
481962,TEXAS,TX,1,1,1,439,2450,ARLINGTON,19,9,September,2010,1,Sunday,19,52,0,16,5,0,32.70300833,-97.33172222,8,3,0,1,0,0,1,0
481963,TEXAS,TX,3,0,4,427,5930,DELMITA,24,9,September,2010,6,Friday,12,50,1,13,2,181,26.40347778,-98.99211667,12,1,0,1,0,0,2,0
481964,TEXAS,TX,2,0,4,29,0,BORDEN SPRINGS,26,9,September,2010,1,Sunday,19,21,1,13,8,142,29.72340833,-98.51303056,12,2,0,10,0,0,2,0
481966,TEXAS,TX,2,0,4,141,2190,BEE BRANCH,28,9,September,2010,3,Tuesday,14,47,1,12,8,129,31.89881944,-106.42065556,12,1,0,1,0,0,1,0
481967,TEXAS,TX,2,0,2,29,0,BORDEN SPRINGS,1,10,October,2010,6,Friday,10,40,1,2,2,84,29.37900556,-98.31216667,12,1,0,1,0,0,1,0
481968,TEXAS,TX,1,0,3,231,0,CONCORD,1,10,October,2010,6,Friday,7,5,0,5,8,39,33.36071389,-96.09498611,11,1,0,1,0,0,1,0
481969,TEXAS,TX,3,2,4,141,2190,BEE BRANCH,2,10,October,2010,7,Saturday,6,25,1,12,8,26,31.90561944,-106.55781389,12,2,0,1,0,0,1,0
481970,TEXAS,TX,1,0,1,329,4560,MIDLAND,3,10,October,2010,1,Sunday,3,18,1,13,3,11,32.09717222,-102.09635556,1,3,0,10,0,0,1,1
481971,TEXAS,TX,2,0,2,367,0,ALEDO,4,10,October,2010,2,Monday,7,15,0,4,3,160,32.57838889,-97.67770556,12,1,0,1,0,0,1,0
481972,TEXAS,TX,2,0,4,497,9997,ALVORD,9,10,October,2010,7,Saturday,3,21,0,4,8,12,33.09862500,-97.45267778,12,2,0,1,0,0,1,1
481973,TEXAS,TX,3,0,4,201,2560,ANNETTE,11,10,October,2010,2,Monday,7,12,0,16,5,0,29.73245278,-95.22758056,12,1,0,1,0,0,1,0
481974,TEXAS,TX,2,0,3,303,4140,DAVISBORO,12,10,October,2010,3,Tuesday,19,18,0,16,5,0,33.51580833,-101.87037778,12,1,0,1,0,0,2,1
481975,TEXAS,TX,1,0,2,497,0,ALVORD,12,10,October,2010,3,Tuesday,1,10,0,3,3,208,33.17408056,-97.71386111,35,2,0,1,0,0,1,0
481976,TEXAS,TX,2,0,3,141,2190,BEE BRANCH,13,10,October,2010,4,Wednesday,0,51,0,14,8,56,31.75607500,-106.27411111,12,3,0,1,0,0,1,1
481977,TEXAS,TX,1,0,1,423,0,ARP,13,10,October,2010,4,Wednesday,20,5,1,13,3,64,32.26325000,-95.23960833,30,2,0,1,0,0,1,0
481978,TEXAS,TX,2,0,5,251,1370,DOVER,14,10,October,2010,5,Thursday,12,53,1,13,2,118,32.37694167,-97.41825278,12,1,0,1,0,0,2,0
481979,TEXAS,TX,2,0,3,13,0,BOLLING,15,10,October,2010,6,Friday,14,51,1,1,1,105,29.21830556,-98.79910556,12,1,0,1,0,0,2,0
481980,TEXAS,TX,2,0,2,89,0,BROWNSBORO,15,10,October,2010,6,Friday,16,49,0,4,8,165,29.57380278,-96.43183056,12,1,0,1,0,0,1,0
481981,TEXAS,TX,2,0,4,303,4140,DAVISBORO,15,10,October,2010,6,Friday,7,16,1,13,2,28,33.56331667,-101.85536667,12,3,0,1,0,0,1,0
481982,TEXAS,TX,2,0,3,401,0,EASTON,15,10,October,2010,6,Friday,12,23,0,3,3,15,32.35478889,-94.90341667,12,1,0,1,0,0,1,0
481983,TEXAS,TX,2,0,2,1,0,AUTAUGA,16,10,October,2010,7,Saturday,20,8,0,3,2,83,31.66621111,-95.58343333,12,2,0,1,0,0,1,1
481984,TEXAS,TX,1,0,2,135,0,ASH FLAT,16,10,October,2010,7,Saturday,18,0,1,2,3,320,32.04686944,-102.33196111,1,1,0,1,0,0,1,0
481985,TEXAS,TX,2,0,2,439,3347,ARLINGTON,16,10,October,2010,7,Saturday,5,12,1,12,3,181,32.83954444,-97.17250000,12,3,0,1,0,0,1,1
481986,TEXAS,TX,1,0,1,439,2450,ARLINGTON,17,10,October,2010,1,Sunday,3,36,1,11,1,315,32.75779444,-97.47761111,1,2,0,1,0,0,1,0
481987,TEXAS,TX,1,1,1,113,1730,COTTONTON,18,10,October,2010,2,Monday,18,48,0,16,5,0,32.74863611,-96.65378889,9,5,0,1,0,0,1,0
481988,TEXAS,TX,1,0,1,167,3920,ADRIAN,18,10,October,2010,2,Monday,17,23,1,13,8,121,29.52498056,-95.05843056,39,1,0,1,0,0,1,1
481989,TEXAS,TX,1,0,3,177,0,LEE,18,10,October,2010,2,Monday,3,15,0,4,3,99,29.58303056,-97.36671944,38,2,0,5,0,0,1,1
481990,TEXAS,TX,1,0,1,109,0,ANSLEY,19,10,October,2010,3,Tuesday,8,59,1,1,7,180,31.05373333,-104.61285833,1,2,0,1,0,0,1,1
481991,TEXAS,TX,1,1,1,183,0,FORT STEWART,19,10,October,2010,3,Tuesday,19,54,0,3,3,150,32.45672778,-94.93732500,8,2,0,1,0,0,1,1
481992,TEXAS,TX,3,0,5,365,0,BECKVILLE,19,10,October,2010,3,Tuesday,16,3,0,3,3,74,32.23082778,-94.44474167,12,1,0,1,0,0,1,0
481993,TEXAS,TX,3,0,6,427,5780,DELMITA,19,10,October,2010,3,Tuesday,15,18,1,13,2,325,26.36071389,-98.78535833,12,1,0,1,0,0,1,0
481994,TEXAS,TX,2,0,3,39,0,ANDALUSIA,20,10,October,2010,4,Wednesday,9,10,1,2,3,235,29.27425833,-95.44170000,24,1,0,1,0,0,1,0
481995,TEXAS,TX,1,0,2,473,0,BROOKSHIRE,20,10,October,2010,4,Wednesday,21,30,0,6,4,0,29.88870833,-96.05083889,11,2,0,10,0,0,1,0
481996,TEXAS,TX,1,0,2,291,0,BLAIRSVILLE,21,10,October,2010,5,Thursday,12,0,0,3,8,59,29.99137778,-94.74248333,1,1,0,1,0,0,2,0
481997,TEXAS,TX,1,1,1,355,1550,AGUA DULCE,21,10,October,2010,5,Thursday,0,26,1,12,7,152,27.67448056,-97.29440833,9,3,0,1,0,0,1,0
481998,TEXAS,TX,1,0,1,409,0,ARANSAS PASS,21,10,October,2010,5,Thursday,14,34,1,1,1,145,28.05925556,-97.77688333,21,1,0,1,0,0,1,0
481999,TEXAS,TX,2,0,6,303,4140,DAVISBORO,22,10,October,2010,6,Friday,19,2,1,12,2,185,33.57792500,-101.84721667,12,1,0,1,0,0,1,1
482000,TEXAS,TX,2,0,2,401,0,EASTON,22,10,October,2010,6,Friday,15,20,1,2,2,42,32.21129444,-94.83688056,12,1,0,1,0,0,1,0
482001,TEXAS,TX,2,0,5,453,0,ANDERSON MILL,22,10,October,2010,6,Friday,7,30,1,13,8,174,30.26073611,-97.61880278,12,4,0,2,0,0,1,0
482002,TEXAS,TX,1,0,1,73,0,ARGO,23,10,October,2010,7,Saturday,21,53,1,2,2,435,31.59951944,-95.03055833,1,2,0,2,0,0,1,0
482003,TEXAS,TX,3,0,3,467,0,BEN WHEELER,23,10,October,2010,7,Saturday,18,20,0,3,2,9,32.71118889,-96.05831667,12,1,0,2,0,0,1,0
482004,TEXAS,TX,1,0,1,497,0,ALVORD,23,10,October,2010,7,Saturday,1,0,1,2,2,68,33.23043056,-97.64837222,42,2,0,1,0,0,1,1
482005,TEXAS,TX,1,0,2,71,0,BRIDGEPORT,24,10,October,2010,1,Sunday,2,10,0,4,8,55,29.85543889,-94.81488611,38,2,0,2,0,0,1,1
482006,TEXAS,TX,1,0,1,251,0,DOVER,24,10,October,2010,1,Sunday,12,44,0,4,8,50,32.26476389,-97.48198889,53,1,0,1,0,0,1,0
482007,TEXAS,TX,3,0,4,395,0,BREMOND,24,10,October,2010,1,Sunday,16,40,1,2,2,50,30.95175833,-96.57136944,12,1,0,1,0,0,2,0
482008,TEXAS,TX,1,0,1,199,0,ALVATON,25,10,October,2010,2,Monday,12,55,0,3,8,100,30.29283056,-94.48988889,32,1,0,1,0,0,1,0
482009,TEXAS,TX,2,0,2,279,4010,LYONS,25,10,October,2010,2,Monday,16,17,0,14,2,153,33.91795278,-102.35550000,12,1,0,1,0,0,1,0
482010,TEXAS,TX,2,0,2,287,0,ASHBURN,25,10,October,2010,2,Monday,7,41,1,2,2,27,30.18614167,-96.98691389,12,1,0,1,0,0,1,0
482011,TEXAS,TX,2,0,3,115,0,ASHVILLE,26,10,October,2010,3,Tuesday,18,59,1,13,2,132,32.70246667,-102.20414722,12,5,0,1,0,0,1,0
482012,TEXAS,TX,2,0,12,259,0,CHARLES,26,10,October,2010,3,Tuesday,16,4,0,4,3,13,29.75343333,-98.81179722,12,1,0,1,1,0,1,0
482014,TEXAS,TX,1,3,1,201,3280,ANNETTE,27,10,October,2010,4,Wednesday,9,0,0,16,5,0,29.86346389,-95.45469444,8,1,0,1,0,0,1,0
482015,TEXAS,TX,1,0,1,243,0,BENEVOLENCE,27,10,October,2010,4,Wednesday,13,8,0,3,2,209,30.54260000,-104.44126944,32,1,0,1,0,0,1,0
482016,TEXAS,TX,1,0,1,183,0,FORT STEWART,28,10,October,2010,5,Thursday,22,3,0,5,8,11,32.49168333,-94.94884444,38,2,0,1,0,0,1,0
482017,TEXAS,TX,2,0,2,391,0,AUSTWELL,28,10,October,2010,5,Thursday,5,7,1,2,2,71,28.47491667,-97.09645556,12,2,0,1,0,0,1,0
482018,TEXAS,TX,2,0,2,453,330,ANDERSON MILL,28,10,October,2010,5,Thursday,10,49,0,16,5,0,30.38855000,-97.71055000,12,1,0,1,0,0,1,0
482019,TEXAS,TX,2,0,3,471,0,DODGE,28,10,October,2010,5,Thursday,16,22,1,11,1,137,30.69149722,-95.54922778,12,1,0,1,0,0,1,0
482020,TEXAS,TX,2,0,4,113,1730,COTTONTON,29,10,October,2010,6,Friday,17,28,1,13,3,46,32.76337222,-96.67600833,12,1,0,1,0,0,1,1
482021,TEXAS,TX,2,0,2,177,0,LEE,29,10,October,2010,6,Friday,10,0,1,2,2,224,29.39573333,-97.36679444,12,1,0,1,0,0,1,0
482022,TEXAS,TX,2,0,2,367,0,ALEDO,29,10,October,2010,6,Friday,23,20,0,4,8,97,32.74041389,-98.00515000,12,2,0,1,0,0,1,0
482023,TEXAS,TX,2,0,3,71,5059,BRIDGEPORT,30,10,October,2010,7,Saturday,10,3,0,3,8,32,29.86777778,-94.84329722,12,1,0,1,0,0,1,0
482024,TEXAS,TX,1,0,1,201,3280,ANNETTE,30,10,October,2010,7,Saturday,3,41,1,11,1,279,29.76728333,-95.36028611,39,3,0,1,0,0,1,1
482025,TEXAS,TX,2,0,2,231,4070,CONCORD,30,10,October,2010,7,Saturday,6,41,1,2,2,331,32.99149444,-95.93540556,12,2,0,1,0,0,1,0
482026,TEXAS,TX,1,1,1,321,0,BRIDGEBORO,30,10,October,2010,7,Saturday,21,11,0,4,8,274,28.77435556,-95.61959167,9,2,0,1,0,0,1,1
482027,TEXAS,TX,2,0,3,329,0,MIDLAND,30,10,October,2010,7,Saturday,0,5,1,11,1,61,31.91935833,-102.20002778,12,2,0,1,0,0,1,1
482028,TEXAS,TX,1,0,1,453,330,ANDERSON MILL,30,10,October,2010,7,Saturday,6,4,1,12,2,45,30.37968889,-97.73737778,1,3,0,1,0,0,1,0
482029,TEXAS,TX,2,0,2,61,940,BELLWOOD,31,10,October,2010,1,Sunday,23,0,0,14,8,108,25.95974167,-97.48621111,12,3,0,1,0,0,1,0
482030,TEXAS,TX,1,0,1,113,1730,COTTONTON,31,10,October,2010,1,Sunday,3,13,1,13,8,76,32.76396389,-96.68236944,18,2,0,1,0,0,1,1
482031,TEXAS,TX,1,0,2,453,0,ANDERSON MILL,31,10,October,2010,1,Sunday,3,17,0,6,4,0,30.44095000,-97.52290000,59,2,0,1,0,0,1,1
482032,TEXAS,TX,1,0,1,491,0,ANDERSON MILL,31,10,October,2010,1,Sunday,16,0,0,3,3,40,30.69062500,-97.97122500,42,1,0,1,0,0,1,0
482033,TEXAS,TX,2,0,3,9,0,BLOUNT,1,11,November,2010,2,Monday,21,43,0,3,2,34,33.79473333,-98.48261389,12,2,0,1,0,0,1,0
482034,TEXAS,TX,1,0,1,65,0,CYPRESS,1,11,November,2010,2,Monday,20,57,1,2,2,33,35.27311944,-101.58394444,32,2,0,1,0,0,1,0
482036,TEXAS,TX,1,1,3,201,5230,ANNETTE,1,11,November,2010,2,Monday,19,6,0,16,5,0,29.64742222,-95.20787500,8,3,0,1,0,0,1,0
482037,TEXAS,TX,2,0,3,395,0,BREMOND,1,11,November,2010,2,Monday,8,40,1,2,3,53,31.08036667,-96.71324722,12,1,0,10,0,0,2,0
482038,TEXAS,TX,1,0,1,457,0,CHESTER,1,11,November,2010,2,Monday,8,21,1,2,2,22,30.74769167,-94.43006111,1,1,0,8,0,0,1,0
482039,TEXAS,TX,1,0,2,113,1730,COTTONTON,2,11,November,2010,3,Tuesday,22,25,0,16,5,0,32.82114167,-96.67899722,30,3,0,2,0,0,1,1
482041,TEXAS,TX,4,1,3,183,4080,FORT STEWART,2,11,November,2010,3,Tuesday,10,41,1,13,3,249,32.43370278,-94.71645000,12,1,0,1,0,0,1,0
482042,TEXAS,TX,1,0,1,185,4830,ANAKTUVUK PASS,2,11,November,2010,3,Tuesday,5,21,0,14,3,229,30.39134167,-96.06947222,1,2,0,3,0,0,1,0
482043,TEXAS,TX,1,0,4,231,2860,CONCORD,2,11,November,2010,3,Tuesday,2,40,1,11,1,149,33.11816667,-96.09794167,1,3,0,1,0,0,1,0
482044,TEXAS,TX,2,0,2,363,4630,BRAZOS,2,11,November,2010,3,Tuesday,16,16,1,13,3,383,32.81072222,-98.07138889,12,1,0,10,0,0,1,0
482045,TEXAS,TX,5,0,8,439,260,ARLINGTON,2,11,November,2010,3,Tuesday,6,37,1,11,1,273,32.75966111,-97.09600833,12,3,0,10,0,0,1,0
482046,TEXAS,TX,1,0,1,251,2690,DOVER,3,11,November,2010,4,Wednesday,0,15,0,4,3,37,32.50328333,-97.58575833,32,2,0,2,0,0,1,1
482047,TEXAS,TX,1,0,1,61,940,BELLWOOD,4,11,November,2010,5,Thursday,0,58,0,14,8,27,25.89224722,-97.44490000,42,2,0,1,0,0,1,0
482048,TEXAS,TX,1,0,3,113,1730,COTTONTON,4,11,November,2010,5,Thursday,22,56,0,16,5,0,32.74376944,-96.78753611,30,3,0,1,0,0,1,0
482049,TEXAS,TX,2,0,2,117,0,BIRMINGHAM,4,11,November,2010,5,Thursday,23,25,0,3,2,65,35.10702500,-102.40111944,12,2,0,1,0,0,1,0
482050,TEXAS,TX,1,0,3,135,5030,ASH FLAT,4,11,November,2010,5,Thursday,10,43,0,16,5,0,31.87472222,-102.34703889,5,1,0,1,0,0,1,0
482051,TEXAS,TX,3,0,4,201,0,ANNETTE,4,11,November,2010,5,Thursday,8,35,0,6,4,0,29.87949167,-95.33557222,12,1,0,1,0,0,1,0