ST_CASE,State Name,State Abbreviation,VE_TOTAL,Pedestrains,Total_Persons_in_accident,COUNTY,CITY,City_County_Name,Calendar_DAY,MONTH,Month_Name,YEAR,DAY_WEEK,Day_Week_desc,HOUR,MINUTE,NHS_Desc,trafficway,ROUTE,MILEPT,LATITUDE,LONGITUD,First_Crash_event,Light_cond_desc,Weather_condition,WEATHER,SCH_BUS,Crash_cause,FATALS,DRUNK_DR
482052,TEXAS,TX,1,0,1,483,0,ALLISON,4,11,November,2010,5,Thursday,7,56,0,3,3,148,35.45140556,-100.30732222,31,2,0,1,0,0,1,1
482053,TEXAS,TX,2,0,2,91,9997,DAYTON,5,11,November,2010,6,Friday,4,45,1,11,1,20,29.62923333,-98.23247222,12,2,0,1,0,0,1,1
482054,TEXAS,TX,1,1,1,201,0,ANNETTE,5,11,November,2010,6,Friday,15,48,0,6,4,0,29.96482500,-95.46300556,9,1,0,1,0,0,1,0
482055,TEXAS,TX,1,0,1,201,3280,ANNETTE,5,11,November,2010,6,Friday,11,1,1,12,2,53,29.79103056,-95.34024444,21,1,0,1,0,0,1,1
482056,TEXAS,TX,2,0,2,209,0,AILEY,5,11,November,2010,6,Friday,18,7,0,4,8,57,30.03331389,-97.76914722,12,5,0,1,0,0,1,0
482057,TEXAS,TX,2,0,2,405,6100,BROADDUS,5,11,November,2010,6,Friday,19,57,0,3,3,18,31.52310278,-94.11828611,12,3,0,1,0,0,1,0
482058,TEXAS,TX,2,0,4,21,0,CHILTON,6,11,November,2010,7,Saturday,15,4,0,6,4,0,30.28680833,-97.36693889,12,1,0,1,0,0,1,0
482059,TEXAS,TX,2,0,5,61,0,BELLWOOD,6,11,November,2010,7,Saturday,2,21,1,13,3,88,26.06989167,-97.45121944,12,2,0,1,0,0,1,1
482060,TEXAS,TX,1,0,1,73,0,ARGO,6,11,November,2010,7,Saturday,19,20,0,6,4,0,32.13684722,-95.10057500,42,2,0,1,0,0,1,1
482061,TEXAS,TX,2,0,4,89,0,BROWNSBORO,6,11,November,2010,7,Saturday,0,29,0,4,2,173,29.70337500,-96.52184444,12,2,0,1,0,0,3,1
482062,TEXAS,TX,1,0,3,135,5030,ASH FLAT,6,11,November,2010,7,Saturday,4,7,0,16,5,0,31.84877222,-102.37594444,42,3,0,1,0,0,1,1
482063,TEXAS,TX,2,0,4,361,0,BRIDGE CITY,6,11,November,2010,7,Saturday,17,50,0,4,8,1,30.24197778,-94.02181111,12,1,0,1,0,0,2,0
482064,TEXAS,TX,1,0,1,29,1512,BORDEN SPRINGS,7,11,November,2010,1,Sunday,7,21,1,13,8,70,29.52661944,-98.30949722,42,1,0,1,0,0,1,1
482065,TEXAS,TX,1,0,5,109,0,ANSLEY,7,11,November,2010,1,Sunday,3,50,1,1,1,140,31.04754722,-104.68286389,1,2,0,1,0,0,2,0
482066,TEXAS,TX,1,1,2,113,3420,COTTONTON,7,11,November,2010,1,Sunday,3,12,9,99,3,99999,32.80223611,-96.90888333,8,3,0,1,0,0,1,1
482067,TEXAS,TX,1,0,1,311,0,CLEVELAND,7,11,November,2010,1,Sunday,20,17,0,3,3,364,28.14130000,-98.58770556,38,2,0,1,0,0,1,0
482068,TEXAS,TX,2,0,3,347,0,APPLEBY,7,11,November,2010,1,Sunday,14,45,0,3,3,16,31.50387222,-94.80230278,12,1,0,1,0,0,1,0
482069,TEXAS,TX,1,0,1,419,0,CENTER,7,11,November,2010,1,Sunday,22,50,0,4,8,117,31.77985000,-94.24895833,59,2,0,1,0,0,1,0
482070,TEXAS,TX,4,0,5,1,0,AUTAUGA,8,11,November,2010,2,Monday,13,20,0,3,2,66,31.69222500,-95.58487500,12,1,0,1,0,0,1,0
482071,TEXAS,TX,2,0,2,65,0,CYPRESS,8,11,November,2010,2,Monday,19,7,1,2,2,68,35.29039722,-101.52817778,12,2,0,1,0,0,1,0
482072,TEXAS,TX,4,0,4,201,3280,ANNETTE,8,11,November,2010,2,Monday,7,33,1,13,3,125,29.73324722,-95.64405556,12,2,0,1,0,0,1,0
482073,TEXAS,TX,2,0,2,265,3382,CRAWFORDVILLE,8,11,November,2010,2,Monday,7,53,0,4,3,11,30.07368056,-99.23537778,12,1,0,1,0,0,1,0
482074,TEXAS,TX,1,1,1,439,260,ARLINGTON,9,11,November,2010,3,Tuesday,15,17,0,16,5,0,32.75030556,-97.09096667,8,1,0,1,0,0,1,0
482075,TEXAS,TX,1,1,1,201,3280,ANNETTE,9,11,November,2010,3,Tuesday,20,0,0,16,5,0,29.68891111,-95.60380000,8,3,0,1,0,0,1,0
482076,TEXAS,TX,2,0,2,309,7210,ALAMO,9,11,November,2010,3,Tuesday,1,12,1,13,8,201,31.51726667,-97.17961944,12,3,0,1,0,0,1,1
482077,TEXAS,TX,2,0,4,91,0,DAYTON,10,11,November,2010,4,Wednesday,16,40,0,4,8,57,29.97478889,-98.26343611,12,1,0,1,0,0,1,0
482078,TEXAS,TX,1,1,1,201,3280,ANNETTE,10,11,November,2010,4,Wednesday,5,20,1,13,3,135,29.74223611,-95.64433889,8,2,0,1,0,0,1,0
482080,TEXAS,TX,1,0,4,249,0,ELLAVILLE,10,11,November,2010,4,Wednesday,22,21,0,6,4,0,27.95674722,-97.91588611,72,2,0,1,0,0,1,0
482081,TEXAS,TX,1,1,1,255,0,EAST GRIFFIN,10,11,November,2010,4,Wednesday,19,15,0,5,8,32,28.86349444,-98.07306389,8,2,0,1,0,0,1,0
482082,TEXAS,TX,1,0,1,5,0,BAKER HILL,11,11,November,2010,5,Thursday,21,14,1,2,2,204,31.39757222,-94.78896389,53,2,0,1,0,0,1,0
482083,TEXAS,TX,2,0,5,339,1692,CONROE,11,11,November,2010,5,Thursday,15,40,1,2,3,273,30.32716944,-95.38408333,12,1,0,2,0,0,2,0
482084,TEXAS,TX,1,0,2,341,0,CACTUS,11,11,November,2010,5,Thursday,12,49,1,2,2,105,35.73173056,-101.96456111,1,1,0,1,0,0,1,0
482085,TEXAS,TX,1,0,3,373,0,ACE,11,11,November,2010,5,Thursday,19,35,0,3,8,32,30.80887778,-95.11587500,1,2,0,10,0,0,1,1
482086,TEXAS,TX,1,1,1,201,3280,ANNETTE,12,11,November,2010,6,Friday,19,30,0,16,5,0,29.84267222,-95.36558611,8,3,0,1,0,0,1,0
482087,TEXAS,TX,2,0,2,277,5220,BROOKFIELD,12,11,November,2010,6,Friday,6,36,0,15,8,15,33.63117500,-95.55483611,12,1,0,1,0,0,1,0
482088,TEXAS,TX,1,0,1,351,0,BLEAKWOOD,12,11,November,2010,6,Friday,23,40,0,6,4,0,30.68238333,-93.82056944,1,2,0,1,0,0,1,0
482089,TEXAS,TX,2,0,3,361,0,BRIDGE CITY,12,11,November,2010,6,Friday,16,55,0,4,8,7,30.23289722,-94.02159722,12,1,0,1,0,0,1,0
482090,TEXAS,TX,2,0,2,411,0,BEND,12,11,November,2010,6,Friday,11,24,1,2,2,272,31.19783889,-98.66126944,12,1,0,1,0,0,1,0
482091,TEXAS,TX,2,0,4,467,0,BEN WHEELER,12,11,November,2010,6,Friday,15,37,0,4,8,112,32.56360278,-95.84141667,12,1,0,2,0,0,1,0
482092,TEXAS,TX,1,1,2,29,6090,BORDEN SPRINGS,13,11,November,2010,7,Saturday,13,50,1,13,8,273,29.47824167,-98.53973333,8,1,0,1,0,0,1,0
482093,TEXAS,TX,2,0,3,215,5291,BIBB CITY,13,11,November,2010,7,Saturday,7,58,1,13,2,102,26.24313056,-98.44245278,12,3,0,1,0,0,1,0
482094,TEXAS,TX,2,0,7,339,9997,CONROE,13,11,November,2010,7,Saturday,19,11,0,16,5,0,30.10306389,-95.39647778,12,2,0,10,0,0,1,0
482095,TEXAS,TX,1,0,2,341,0,CACTUS,13,11,November,2010,7,Saturday,15,10,0,4,8,164,35.69294444,-101.69045278,1,1,0,1,0,0,1,1
482096,TEXAS,TX,2,0,3,373,0,ACE,13,11,November,2010,7,Saturday,15,5,0,3,3,81,30.61820556,-94.85501944,12,1,0,1,0,0,1,0
482097,TEXAS,TX,1,0,3,121,1840,BON AIR,14,11,November,2010,1,Sunday,2,55,1,11,1,162,33.20450000,-97.16375000,24,3,0,1,0,0,1,1
482098,TEXAS,TX,1,1,1,183,4080,FORT STEWART,14,11,November,2010,1,Sunday,19,0,0,16,5,0,32.48443889,-94.73457778,8,2,0,1,0,0,1,0
482099,TEXAS,TX,1,0,4,201,7286,ANNETTE,14,11,November,2010,1,Sunday,2,45,1,11,1,1,29.50960278,-95.11811667,25,3,0,1,0,0,3,1
482100,TEXAS,TX,2,0,3,407,0,COLDSPRING,14,11,November,2010,1,Sunday,17,56,0,3,2,129,30.79176111,-95.16731667,12,2,0,10,0,0,1,1
482101,TEXAS,TX,1,1,1,167,3220,ADRIAN,15,11,November,2010,2,Monday,20,22,1,13,3,124,29.34460556,-95.00376944,8,2,0,1,0,0,1,0
482102,TEXAS,TX,1,0,1,201,0,ANNETTE,15,11,November,2010,2,Monday,16,44,0,6,4,0,29.83961389,-95.60493333,42,1,0,10,0,0,1,0
482103,TEXAS,TX,1,0,1,347,0,APPLEBY,15,11,November,2010,2,Monday,6,8,0,3,3,86,31.61879722,-94.49722778,42,2,0,2,0,0,1,0
482104,TEXAS,TX,2,0,3,361,5100,BRIDGE CITY,15,11,November,2010,2,Monday,15,30,1,13,3,68,30.16125000,-93.75450278,12,1,0,1,0,0,1,0
482105,TEXAS,TX,1,0,2,409,0,ARANSAS PASS,15,11,November,2010,2,Monday,16,25,1,1,1,81,27.99099167,-97.69188889,1,1,0,1,0,0,1,0
482106,TEXAS,TX,2,0,2,93,1480,BEAR CREEK,16,11,November,2010,3,Tuesday,14,6,1,2,2,112,31.89788333,-98.58795556,12,1,0,1,0,0,1,0
482107,TEXAS,TX,2,0,2,419,0,CENTER,16,11,November,2010,3,Tuesday,11,0,1,2,2,227,31.96996667,-94.01996667,12,1,0,10,0,0,1,0
482108,TEXAS,TX,1,0,1,53,9997,ATMORE,17,11,November,2010,4,Wednesday,6,36,0,4,8,102,30.54858333,-98.33501944,1,4,0,1,0,0,1,0
482109,TEXAS,TX,2,0,2,85,1730,BENTON,17,11,November,2010,4,Wednesday,5,50,1,13,3,306,32.99534722,-96.79912222,12,3,0,1,0,0,1,0
482110,TEXAS,TX,1,0,3,179,0,ALLENHURST,17,11,November,2010,4,Wednesday,18,30,0,4,3,76,35.43084722,-100.97349722,38,2,0,1,0,0,2,0
482111,TEXAS,TX,2,0,3,201,3280,ANNETTE,17,11,November,2010,4,Wednesday,14,0,1,11,7,151,29.78513611,-95.56260556,12,1,0,1,0,0,1,0
482112,TEXAS,TX,1,0,1,375,150,AMARILLO,17,11,November,2010,4,Wednesday,1,58,0,14,8,192,35.21141389,-101.86602500,42,3,0,1,0,0,1,1
482113,TEXAS,TX,3,0,3,423,3990,ARP,17,11,November,2010,4,Wednesday,13,39,1,1,1,85,32.46995278,-95.45263611,12,1,0,1,0,0,1,0
482114,TEXAS,TX,2,0,3,347,0,APPLEBY,18,11,November,2010,5,Thursday,20,43,0,3,3,304,31.56186944,-94.47794722,12,2,0,1,0,0,1,0
482115,TEXAS,TX,2,0,2,7,0,BIBB,19,11,November,2010,6,Friday,15,10,0,3,3,0,28.24134167,-96.98001944,12,1,0,1,0,0,1,0
482116,TEXAS,TX,1,1,1,201,0,ANNETTE,19,11,November,2010,6,Friday,3,55,0,6,4,0,30.02016667,-95.47314722,8,2,0,1,0,0,1,1
482117,TEXAS,TX,1,0,1,351,0,BLEAKWOOD,19,11,November,2010,6,Friday,13,50,0,6,4,0,30.61882778,-93.87491389,35,1,0,1,0,0,1,0
482118,TEXAS,TX,3,0,7,113,1730,COTTONTON,20,11,November,2010,7,Saturday,17,32,1,12,8,159,32.69125000,-96.86403611,12,3,0,1,0,0,2,2
482119,TEXAS,TX,1,0,1,407,0,COLDSPRING,20,11,November,2010,7,Saturday,1,27,0,4,8,14,30.49720000,-94.97466111,42,2,0,5,0,0,1,1
482120,TEXAS,TX,2,0,2,419,0,CENTER,20,11,November,2010,7,Saturday,7,31,0,3,3,274,31.71040833,-94.04602778,12,4,0,1,0,0,1,0
482121,TEXAS,TX,1,0,2,61,940,BELLWOOD,21,11,November,2010,1,Sunday,0,37,0,16,5,0,25.95568611,-97.55410833,1,2,0,1,0,0,1,0
482122,TEXAS,TX,3,0,6,113,2800,COTTONTON,21,11,November,2010,1,Sunday,1,17,1,11,1,17,32.67626389,-97.02429722,12,3,0,10,0,0,1,1
482123,TEXAS,TX,1,0,4,199,0,ALVATON,21,11,November,2010,1,Sunday,2,40,0,3,8,35,30.33069444,-94.40026111,1,2,0,5,0,0,1,1
482124,TEXAS,TX,1,0,1,201,3280,ANNETTE,21,11,November,2010,1,Sunday,0,53,0,16,5,0,29.62648056,-95.25717222,33,3,0,1,0,0,1,0
482125,TEXAS,TX,1,0,1,201,0,ANNETTE,22,11,November,2010,2,Monday,21,48,0,6,4,0,30.06144167,-95.49606111,52,2,0,1,0,0,1,1
482126,TEXAS,TX,2,0,2,347,0,APPLEBY,22,11,November,2010,2,Monday,11,0,1,2,2,4,31.82693056,-94.68154722,12,1,0,1,0,0,1,0
482127,TEXAS,TX,1,1,1,373,0,ACE,22,11,November,2010,2,Monday,19,54,0,3,3,169,30.50147222,-94.78877222,8,1,0,1,0,0,1,0
482128,TEXAS,TX,1,1,1,201,0,ANNETTE,23,11,November,2010,3,Tuesday,18,30,0,16,5,0,30.00986111,-95.65271667,8,2,0,1,0,0,1,0
482129,TEXAS,TX,1,0,2,245,0,AUGUSTA,23,11,November,2010,3,Tuesday,18,28,1,1,1,125,29.98446389,-94.21088333,1,2,0,1,0,0,1,1
482130,TEXAS,TX,1,1,1,113,1730,COTTONTON,24,11,November,2010,4,Wednesday,17,45,0,16,5,0,32.71988611,-96.85695278,8,3,0,1,0,0,1,0
482131,TEXAS,TX,2,0,2,201,9997,ANNETTE,24,11,November,2010,4,Wednesday,22,26,0,16,5,0,29.50604167,-95.16316111,12,2,0,1,0,0,1,0
482132,TEXAS,TX,2,0,2,203,7260,BENSON,24,11,November,2010,4,Wednesday,11,10,0,3,2,394,32.47823056,-94.05681667,12,1,0,1,0,0,1,0
482133,TEXAS,TX,3,0,4,469,0,BLOOMINGTON,24,11,November,2010,4,Wednesday,11,30,1,2,2,139,28.58490833,-97.04353333,12,1,0,1,0,0,1,0
482134,TEXAS,TX,1,0,1,55,4372,ATTALLA,25,11,November,2010,5,Thursday,1,0,0,16,5,0,29.84968611,-97.85681111,24,2,0,1,0,0,1,1
482135,TEXAS,TX,2,0,3,347,0,APPLEBY,25,11,November,2010,5,Thursday,1,45,0,3,3,104,31.62749167,-94.46605278,12,2,0,10,0,0,2,1
482136,TEXAS,TX,2,0,7,121,1840,BON AIR,26,11,November,2010,6,Friday,7,30,1,13,2,90,33.23335556,-97.23500278,12,1,0,1,0,0,1,0
482137,TEXAS,TX,1,0,1,227,640,JASPER,26,11,November,2010,6,Friday,23,59,1,13,2,219,32.25618889,-101.48181111,30,3,0,1,0,0,1,0
482138,TEXAS,TX,1,0,2,29,6090,BORDEN SPRINGS,27,11,November,2010,7,Saturday,2,35,0,16,5,0,29.46231944,-98.67347778,42,3,0,1,0,0,1,1
482139,TEXAS,TX,3,0,5,339,1510,CONROE,27,11,November,2010,7,Saturday,0,1,1,13,3,163,30.29496111,-95.45644167,12,3,0,1,0,0,1,3
482140,TEXAS,TX,2,0,2,113,1730,COTTONTON,29,11,November,2010,2,Monday,18,37,1,13,8,212,32.71278333,-96.70496111,12,2,0,1,0,0,1,0
482141,TEXAS,TX,1,0,1,113,2800,COTTONTON,29,11,November,2010,2,Monday,0,44,0,16,5,0,32.74227500,-96.98761389,38,3,0,10,0,0,1,0
482142,TEXAS,TX,1,0,1,439,590,ARLINGTON,29,11,November,2010,2,Monday,0,1,1,13,2,64,32.66172222,-97.48604444,46,3,0,1,0,0,1,1
482143,TEXAS,TX,1,0,4,493,0,FLORESVILLE,29,11,November,2010,2,Monday,1,35,0,4,8,148,29.27635000,-97.78311944,1,2,0,10,0,0,1,1
482144,TEXAS,TX,1,1,1,29,6090,BORDEN SPRINGS,30,11,November,2010,3,Tuesday,8,24,0,16,5,0,29.38724444,-98.52426944,8,1,0,1,0,0,1,0
482145,TEXAS,TX,1,0,1,167,6860,ADRIAN,20,1,January,2010,4,Wednesday,10,50,0,16,5,0,29.39382778,-94.98326667,34,1,0,10,0,0,1,1
482146,TEXAS,TX,1,1,2,29,6090,BORDEN SPRINGS,13,2,February,2010,7,Saturday,23,59,0,16,5,0,29.42091944,-98.47515278,8,3,0,1,0,0,1,0
482147,TEXAS,TX,2,0,2,29,6090,BORDEN SPRINGS,13,2,February,2010,7,Saturday,19,7,1,11,1,167,29.47424444,-98.26387778,12,3,0,1,0,0,1,0
482148,TEXAS,TX,1,1,1,201,3280,ANNETTE,18,2,February,2010,5,Thursday,18,8,0,16,5,0,29.80040833,-95.32408611,9,1,0,1,0,0,1,0
482149,TEXAS,TX,2,1,2,29,6090,BORDEN SPRINGS,4,4,April,2010,1,Sunday,4,42,1,11,1,253,29.43828611,-98.46513056,8,3,0,2,0,0,1,0
482150,TEXAS,TX,2,1,1,29,6090,BORDEN SPRINGS,17,4,April,2010,7,Saturday,3,18,0,4,8,49,29.59989722,-98.43149722,14,2,0,2,0,0,1,0
482151,TEXAS,TX,2,0,2,29,6090,BORDEN SPRINGS,17,4,April,2010,7,Saturday,11,5,0,16,5,0,29.36767778,-98.47043333,12,1,0,2,0,0,1,0
482152,TEXAS,TX,1,1,1,29,6090,BORDEN SPRINGS,24,4,April,2010,7,Saturday,6,56,1,12,7,61,29.38783889,-98.67735833,8,2,0,2,0,0,1,1
482153,TEXAS,TX,3,2,3,29,6090,BORDEN SPRINGS,29,5,May,2010,7,Saturday,13,33,0,16,5,0,29.42421944,-98.46125278,12,1,0,1,0,0,1,0
482154,TEXAS,TX,1,0,2,29,6090,BORDEN SPRINGS,13,6,June,2010,1,Sunday,2,18,1,11,7,229,29.51571944,-98.45766944,42,3,0,10,0,0,1,1
482155,TEXAS,TX,1,0,3,29,6090,BORDEN SPRINGS,5,7,July,2010,2,Monday,3,19,0,16,5,0,29.39628056,-98.46749444,5,3,0,1,0,0,1,1
482156,TEXAS,TX,1,0,1,29,6090,BORDEN SPRINGS,7,7,July,2010,4,Wednesday,3,8,1,11,1,20,29.39684167,-98.51331667,30,3,0,1,0,0,1,1
482157,TEXAS,TX,1,0,1,439,2450,ARLINGTON,14,7,July,2010,4,Wednesday,7,19,1,11,1,143,32.73923333,-97.48210833,24,4,0,1,0,0,1,0
482158,TEXAS,TX,1,1,1,29,6090,BORDEN SPRINGS,19,7,July,2010,2,Monday,21,30,0,16,5,0,29.48804167,-98.48804444,8,3,0,1,0,0,1,0
482159,TEXAS,TX,1,0,1,439,2450,ARLINGTON,25,7,July,2010,1,Sunday,2,51,0,16,5,0,32.87000000,-97.40798333,21,2,0,10,0,0,1,1
482160,TEXAS,TX,1,1,1,439,2450,ARLINGTON,27,7,July,2010,3,Tuesday,13,50,1,13,8,180,32.75285833,-97.33110833,8,1,0,99,0,0,1,0
482161,TEXAS,TX,1,0,3,167,6860,ADRIAN,31,7,July,2010,7,Saturday,15,42,0,16,5,0,29.39745000,-94.89348611,5,1,0,1,0,0,1,1
482162,TEXAS,TX,1,0,1,439,2450,ARLINGTON,6,8,August,2010,6,Friday,11,43,1,12,3,78,32.76755556,-97.31076944,24,1,0,1,0,0,1,1
482163,TEXAS,TX,2,0,1,439,2450,ARLINGTON,6,8,August,2010,6,Friday,2,20,1,11,1,118,32.82147500,-97.31306389,14,3,0,1,0,0,1,1
482164,TEXAS,TX,1,0,1,29,6090,BORDEN SPRINGS,7,8,August,2010,7,Saturday,9,17,1,12,7,80,99.99990000,999.99990000,59,1,0,1,0,0,1,0
482166,TEXAS,TX,1,0,1,439,2450,ARLINGTON,27,8,August,2010,6,Friday,3,0,0,16,5,0,32.79726667,-97.14021111,1,6,0,99,0,0,1,1
482167,TEXAS,TX,1,0,4,167,6860,ADRIAN,29,8,August,2010,1,Sunday,2,33,0,14,8,161,29.47117222,-94.97294444,1,2,0,1,0,0,1,1
482168,TEXAS,TX,2,0,3,201,3280,ANNETTE,30,8,August,2010,2,Monday,0,36,0,16,5,0,29.67505000,-95.51181111,12,3,0,10,0,0,1,0
482169,TEXAS,TX,1,1,1,29,6090,BORDEN SPRINGS,3,9,September,2010,6,Friday,23,36,1,11,1,71,29.40694722,-98.65001111,8,2,0,1,0,0,1,0
482170,TEXAS,TX,2,0,3,29,6090,BORDEN SPRINGS,3,9,September,2010,6,Friday,1,53,1,11,8,149,99.99990000,999.99990000,12,2,0,10,0,0,1,1
482171,TEXAS,TX,3,0,11,491,0,ANDERSON MILL,4,9,September,2010,7,Saturday,17,4,1,13,8,64,30.54533056,-97.75570833,12,1,0,1,0,0,1,0
482172,TEXAS,TX,2,0,2,167,6860,ADRIAN,15,9,September,2010,4,Wednesday,6,13,1,13,3,122,29.39774444,-94.98771389,12,1,0,1,0,0,1,0
482173,TEXAS,TX,1,1,2,181,6350,LINCOLN,20,9,September,2010,2,Monday,0,3,0,16,5,0,33.65043889,-96.61361389,8,3,0,1,0,0,1,0
482174,TEXAS,TX,2,1,6,479,3899,AGUILARES,24,9,September,2010,6,Friday,22,5,0,16,5,0,27.53745278,-99.51562222,12,2,0,1,0,0,1,0
482175,TEXAS,TX,4,0,6,439,2450,ARLINGTON,26,9,September,2010,1,Sunday,18,12,1,12,3,134,32.78506111,-97.37556111,12,1,0,1,0,0,1,1
482176,TEXAS,TX,2,0,2,257,0,AVALON,1,10,October,2010,6,Friday,17,58,1,13,3,308,32.55352222,-96.34585000,24,1,0,1,0,0,1,0
482177,TEXAS,TX,2,0,2,141,2190,BEE BRANCH,13,10,October,2010,4,Wednesday,1,49,1,11,1,267,31.76958611,-106.37351389,12,3,0,1,0,0,1,2
482178,TEXAS,TX,1,0,1,423,0,ARP,16,10,October,2010,7,Saturday,9,55,1,13,2,95,32.20895278,-95.31706111,1,1,0,1,0,0,1,0
482179,TEXAS,TX,1,0,1,201,3280,ANNETTE,17,10,October,2010,1,Sunday,20,13,0,16,5,0,29.68394167,-95.26923056,30,3,0,1,0,0,1,1
482180,TEXAS,TX,1,0,2,289,0,ALLENTOWN,17,10,October,2010,1,Sunday,3,20,0,5,8,110,31.20076111,-95.82635833,1,2,0,1,0,0,1,1
482181,TEXAS,TX,1,0,1,441,30,ABILENE,20,10,October,2010,4,Wednesday,23,25,1,12,2,60,32.51707222,-99.75116111,1,3,0,1,0,0,1,1
482182,TEXAS,TX,2,0,2,479,0,AGUILARES,22,10,October,2010,6,Friday,7,50,0,4,3,331,27.95613333,-98.93925000,12,1,0,10,0,0,1,0
482183,TEXAS,TX,1,0,1,141,2190,BEE BRANCH,23,10,October,2010,7,Saturday,1,39,0,16,5,0,31.75068611,-106.47533611,35,3,0,1,0,0,1,0
482184,TEXAS,TX,1,0,2,201,3280,ANNETTE,24,10,October,2010,1,Sunday,4,25,0,16,5,0,29.93209167,-95.39100278,42,2,0,1,0,0,1,1
482185,TEXAS,TX,2,0,4,215,0,BIBB CITY,26,10,October,2010,3,Tuesday,12,1,0,15,8,95,26.36203333,-98.02805000,12,1,0,1,0,0,1,0
482186,TEXAS,TX,1,0,1,215,0,BIBB CITY,26,10,October,2010,3,Tuesday,19,30,0,6,4,0,26.37776111,-98.38292222,35,2,0,1,0,0,1,1
482187,TEXAS,TX,2,1,1,339,0,CONROE,26,10,October,2010,3,Tuesday,9,3,1,12,2,161,30.07130833,-95.24665000,8,1,0,10,0,0,1,0
482188,TEXAS,TX,1,0,2,423,0,ARP,27,10,October,2010,4,Wednesday,5,20,0,6,4,0,32.46374167,-95.06616667,1,2,0,1,0,0,1,0
482189,TEXAS,TX,1,0,1,223,0,BRASWELL,29,10,October,2010,6,Friday,12,1,0,4,8,37,33.14473333,-95.73287222,42,1,0,1,0,0,1,0
482190,TEXAS,TX,1,1,1,421,6620,SHERMAN,29,10,October,2010,6,Friday,8,46,1,2,2,91,36.33249444,-102.07380000,9,1,0,1,0,0,1,0
482191,TEXAS,TX,2,0,3,29,7077,BORDEN SPRINGS,30,10,October,2010,7,Saturday,7,51,1,13,3,30,29.55149167,-98.30171944,12,1,0,1,0,0,1,0
482192,TEXAS,TX,2,0,6,201,3280,ANNETTE,30,10,October,2010,7,Saturday,20,28,0,16,5,0,29.66608889,-95.34356944,12,3,0,1,0,0,1,0
482193,TEXAS,TX,1,0,1,339,0,CONROE,30,10,October,2010,7,Saturday,14,45,0,4,8,102,30.48087500,-95.69747500,1,1,0,1,0,0,1,0
482194,TEXAS,TX,1,0,1,39,0,ANDALUSIA,31,10,October,2010,1,Sunday,23,30,0,15,8,175,29.07786944,-95.36369444,58,2,0,1,0,0,1,0
482195,TEXAS,TX,1,0,2,201,3280,ANNETTE,2,11,November,2010,3,Tuesday,6,30,0,16,5,0,29.72896667,-95.52194444,42,3,0,2,0,0,1,0
482196,TEXAS,TX,2,0,3,453,0,ANDERSON MILL,3,11,November,2010,4,Wednesday,13,40,0,15,8,21,30.15286111,-97.67051111,12,1,0,2,0,0,1,0
482197,TEXAS,TX,3,0,3,423,0,ARP,5,11,November,2010,6,Friday,7,5,1,13,3,57,32.27546667,-95.24429722,12,4,0,10,1,0,1,0
482198,TEXAS,TX,2,1,3,453,330,ANDERSON MILL,5,11,November,2010,6,Friday,2,23,1,13,8,144,30.28465833,-97.65957222,12,2,0,1,0,0,1,1
482199,TEXAS,TX,2,0,7,141,2190,BEE BRANCH,7,11,November,2010,1,Sunday,9,45,1,11,1,160,31.78990833,-106.51936111,12,1,0,1,0,0,1,0
482200,TEXAS,TX,2,1,3,201,3280,ANNETTE,7,11,November,2010,1,Sunday,10,47,0,16,5,0,29.77556111,-95.41066944,12,1,0,1,0,0,1,0
482201,TEXAS,TX,2,0,2,245,490,AUGUSTA,8,11,November,2010,2,Monday,19,20,1,12,2,1,30.17828056,-94.18614444,12,3,0,1,0,0,1,0
482202,TEXAS,TX,2,0,2,203,0,BENSON,9,11,November,2010,3,Tuesday,8,19,0,3,3,256,32.42978056,-94.43796111,12,1,0,5,0,0,1,0
482203,TEXAS,TX,3,0,3,203,0,BENSON,10,11,November,2010,4,Wednesday,7,23,1,13,8,13,32.51926111,-94.68541111,12,1,0,1,0,0,1,1
482204,TEXAS,TX,1,1,1,463,7090,CLINE,10,11,November,2010,4,Wednesday,0,29,0,14,8,17,29.19278056,-99.77964444,8,2,0,1,0,0,1,0
482205,TEXAS,TX,2,0,4,439,2450,ARLINGTON,11,11,November,2010,5,Thursday,2,40,1,11,3,234,32.76031111,-97.16304167,12,3,0,1,0,0,1,1
482206,TEXAS,TX,3,0,3,299,3699,BEACH,12,11,November,2010,6,Friday,23,1,0,16,5,0,30.66660833,-98.46046389,14,3,0,10,0,0,1,1
482207,TEXAS,TX,2,0,2,339,0,CONROE,12,11,November,2010,6,Friday,18,28,0,6,4,0,30.11393889,-95.79617222,12,2,0,10,0,0,1,1
482208,TEXAS,TX,1,0,1,201,3280,ANNETTE,13,11,November,2010,7,Saturday,0,45,1,13,2,265,29.81965000,-95.24040278,31,3,0,2,0,0,1,1