ST_CASE,State Name,State Abbreviation,VE_TOTAL,Pedestrains,Total_Persons_in_accident,COUNTY,CITY,City_County_Name,Calendar_DAY,MONTH,Month_Name,YEAR,DAY_WEEK,Day_Week_desc,HOUR,MINUTE,NHS_Desc,trafficway,ROUTE,MILEPT,LATITUDE,LONGITUD,First_Crash_event,Light_cond_desc,Weather_condition,WEATHER,SCH_BUS,Crash_cause,FATALS,DRUNK_DR
482209,TEXAS,TX,1,0,1,401,0,EASTON,13,11,November,2010,7,Saturday,7,55,0,5,8,146,32.17615556,-94.69314722,42,1,0,10,0,0,1,0
482210,TEXAS,TX,1,1,1,499,4610,ALBA,13,11,November,2010,7,Saturday,15,37,1,2,2,116,32.66331667,-95.48811111,8,1,0,1,0,0,1,0
482211,TEXAS,TX,1,0,2,147,3260,AUGUSTA,14,11,November,2010,1,Sunday,4,45,1,2,2,154,33.59716667,-95.91028611,34,2,0,1,0,0,1,1
482212,TEXAS,TX,1,0,2,113,1730,COTTONTON,15,11,November,2010,2,Monday,10,8,1,12,2,64,32.70439444,-96.66580556,24,1,0,1,0,0,1,0
482213,TEXAS,TX,3,0,4,113,1730,COTTONTON,17,11,November,2010,4,Wednesday,4,30,1,11,1,163,32.77413056,-96.81093056,12,3,0,1,0,0,1,1
482214,TEXAS,TX,1,0,1,217,0,COVINGTON,19,11,November,2010,6,Friday,22,58,0,3,8,103,31.86024444,-96.83200556,23,2,0,1,0,0,1,1
482215,TEXAS,TX,2,0,2,339,0,CONROE,19,11,November,2010,6,Friday,15,48,0,3,8,107,30.22226944,-95.63995556,12,1,0,1,0,0,1,1
482216,TEXAS,TX,1,0,1,113,2010,COTTONTON,20,11,November,2010,7,Saturday,5,10,1,11,1,76,32.66950833,-96.92572222,21,2,0,1,0,0,1,1
482217,TEXAS,TX,2,0,4,135,0,ASH FLAT,20,11,November,2010,7,Saturday,12,10,1,2,2,116,31.99543889,-102.42105278,12,1,0,1,0,0,3,0
482218,TEXAS,TX,1,0,1,215,0,BIBB CITY,20,11,November,2010,7,Saturday,18,30,0,6,4,0,26.32158889,-98.40174167,1,2,0,1,0,0,1,0
482219,TEXAS,TX,1,1,1,27,0,ASHLAND,21,11,November,2010,1,Sunday,2,15,0,5,8,57,31.08733056,-97.21266944,8,3,0,10,0,0,1,1
482220,TEXAS,TX,2,0,2,113,1730,COTTONTON,21,11,November,2010,1,Sunday,0,9,1,12,2,102,32.68132778,-96.61358889,12,3,0,1,0,0,1,2
482221,TEXAS,TX,1,0,2,21,0,CHILTON,22,11,November,2010,2,Monday,20,28,1,2,3,69,30.13043889,-97.44758056,1,2,0,1,0,0,1,1
482222,TEXAS,TX,1,0,1,27,0,ASHLAND,22,11,November,2010,2,Monday,13,20,0,3,8,211,31.09121667,-97.55906667,1,1,0,1,0,0,1,0
482223,TEXAS,TX,1,0,1,113,4530,COTTONTON,22,11,November,2010,2,Monday,3,33,0,16,5,0,32.83144167,-96.63665833,33,3,0,10,0,0,1,0
482224,TEXAS,TX,2,0,2,55,0,ATTALLA,23,11,November,2010,3,Tuesday,18,4,0,4,8,19,29.90053889,-97.81803889,12,1,0,1,0,0,1,0
482226,TEXAS,TX,3,0,2,463,7090,CLINE,23,11,November,2010,3,Tuesday,10,51,1,13,8,114,29.21879167,-99.74932222,12,1,0,10,0,0,1,0
482227,TEXAS,TX,3,0,12,53,0,ATMORE,24,11,November,2010,4,Wednesday,10,34,0,3,3,69,30.74902778,-98.11580556,12,1,0,1,0,0,2,0
482228,TEXAS,TX,1,0,2,481,2130,BOLING,24,11,November,2010,4,Wednesday,16,18,1,13,2,232,29.20122778,-96.24460000,32,1,0,10,0,0,1,0
482229,TEXAS,TX,1,0,1,29,6090,BORDEN SPRINGS,25,11,November,2010,5,Thursday,15,5,0,16,5,0,29.38402500,-98.45580278,30,1,0,1,0,0,1,0
482230,TEXAS,TX,1,0,3,91,0,DAYTON,25,11,November,2010,5,Thursday,15,7,0,6,4,0,29.90777500,-98.28573056,1,1,0,10,0,0,1,1
482231,TEXAS,TX,1,1,4,201,0,ANNETTE,25,11,November,2010,5,Thursday,1,21,0,6,5,0,29.93603056,-95.45883611,8,3,0,10,0,0,1,0
482233,TEXAS,TX,2,0,4,355,0,AGUA DULCE,25,11,November,2010,5,Thursday,14,9,1,2,2,64,27.72043056,-97.71617500,12,1,0,1,0,0,2,1
482234,TEXAS,TX,1,1,2,453,330,ANDERSON MILL,26,11,November,2010,6,Friday,0,8,0,16,5,0,30.39241944,-97.70828333,8,3,0,10,0,0,1,0
482235,TEXAS,TX,1,0,4,467,0,BEN WHEELER,26,11,November,2010,6,Friday,8,30,0,3,3,0,32.54882222,-95.84939444,32,1,0,1,0,0,1,0
482236,TEXAS,TX,1,0,1,309,0,ALAMO,27,11,November,2010,7,Saturday,6,50,0,5,8,25,31.47266944,-97.39746944,32,2,0,1,0,0,1,1
482237,TEXAS,TX,1,1,4,371,0,COYANOSA,27,11,November,2010,7,Saturday,19,45,1,1,1,52,30.90003889,-103.04933889,8,2,0,1,0,0,1,0
482238,TEXAS,TX,2,0,3,245,490,AUGUSTA,28,11,November,2010,1,Sunday,17,43,1,13,2,143,30.06494444,-94.20930833,12,5,0,1,0,0,1,0
482239,TEXAS,TX,3,0,5,121,1840,BON AIR,29,11,November,2010,2,Monday,9,35,1,11,1,156,33.17008611,-97.08540833,12,1,0,1,0,0,1,0
482240,TEXAS,TX,1,0,1,459,0,BETTIE,29,11,November,2010,2,Monday,10,37,0,3,3,62,32.83092778,-94.80225833,42,1,0,2,0,0,1,0
482241,TEXAS,TX,1,0,1,123,0,ALEXANDER CITY,30,11,November,2010,3,Tuesday,23,53,0,5,8,103,28.98404167,-97.61176667,31,2,0,1,0,0,1,1
482242,TEXAS,TX,2,0,7,143,6590,CANEHILL,3,1,January,2010,1,Sunday,16,42,0,14,2,222,32.21602222,-98.18757222,12,1,0,10,0,0,1,0
482243,TEXAS,TX,2,0,2,439,2450,ARLINGTON,21,2,February,2010,1,Sunday,3,30,1,13,8,208,32.57994444,-97.30213056,12,2,0,2,0,0,1,1
482244,TEXAS,TX,1,1,2,85,5390,BENTON,25,2,February,2010,5,Thursday,19,2,0,16,5,0,33.03869167,-96.73337500,8,3,0,10,0,0,1,0
482245,TEXAS,TX,1,0,3,439,2450,ARLINGTON,2,4,April,2010,6,Friday,22,26,1,13,3,214,32.72884444,-97.19406944,30,3,0,1,0,0,2,0
482247,TEXAS,TX,2,0,2,439,2450,ARLINGTON,18,6,June,2010,6,Friday,14,34,1,12,7,200,32.91647500,-97.34867222,12,1,0,1,0,0,1,0
482248,TEXAS,TX,2,0,2,439,2450,ARLINGTON,19,6,June,2010,7,Saturday,10,20,1,11,7,88,32.66431111,-97.32902222,12,1,0,1,0,0,1,0
482249,TEXAS,TX,2,0,3,5,4160,BAKER HILL,30,7,July,2010,6,Friday,14,23,0,15,8,86,31.33653056,-94.71778056,12,1,0,1,0,0,1,0
482250,TEXAS,TX,1,1,1,479,3899,AGUILARES,2,8,August,2010,2,Monday,7,32,0,16,5,0,27.51315833,-99.48968333,8,1,0,1,0,0,1,0
482251,TEXAS,TX,1,0,1,351,4900,BLEAKWOOD,10,8,August,2010,3,Tuesday,15,44,1,2,2,14,30.83883056,-93.75717500,23,1,0,1,0,0,1,0
482252,TEXAS,TX,1,0,1,361,885,BRIDGE CITY,23,8,August,2010,2,Monday,17,4,0,14,8,36,30.03952500,-93.86960278,35,1,0,10,0,0,1,0
482253,TEXAS,TX,2,0,2,485,7490,BURKBURNETT,26,8,August,2010,5,Thursday,19,26,0,14,8,2,33.92861944,-98.49573889,12,1,0,1,0,0,1,0
482254,TEXAS,TX,2,0,2,29,0,BORDEN SPRINGS,3,9,September,2010,6,Friday,17,53,0,6,4,0,29.18779722,-98.51963889,12,1,0,1,0,0,1,0
482255,TEXAS,TX,1,0,1,157,0,ARCADE,4,9,September,2010,7,Saturday,2,0,0,4,8,76,29.52274722,-95.69703333,59,2,0,1,0,0,1,1
482256,TEXAS,TX,1,0,1,201,3280,ANNETTE,4,9,September,2010,7,Saturday,0,24,1,11,1,84,29.60471667,-95.20309167,46,2,0,1,0,0,1,1
482257,TEXAS,TX,3,0,3,439,2450,ARLINGTON,4,9,September,2010,7,Saturday,2,20,1,11,1,13,32.67043611,-97.24077222,12,2,0,1,0,0,1,1
482258,TEXAS,TX,1,0,1,85,92,BENTON,5,9,September,2010,1,Sunday,2,23,0,16,5,0,33.13742500,-96.67647500,33,3,0,1,0,0,1,1
482259,TEXAS,TX,1,0,1,29,0,BORDEN SPRINGS,8,9,September,2010,4,Wednesday,21,33,0,4,8,4,29.73155278,-98.35355833,3,2,0,10,0,0,1,0
482260,TEXAS,TX,2,0,2,201,3280,ANNETTE,10,9,September,2010,6,Friday,13,35,0,16,5,0,29.68309444,-95.25800833,12,1,0,1,0,0,1,0
482261,TEXAS,TX,2,0,2,29,0,BORDEN SPRINGS,12,9,September,2010,1,Sunday,5,49,1,1,1,3,29.73640556,-98.68461111,12,2,0,1,0,0,1,1
482262,TEXAS,TX,1,0,1,439,2450,ARLINGTON,2,10,October,2010,7,Saturday,2,47,0,14,8,92,32.82775833,-97.42010556,33,2,0,1,0,0,1,1
482263,TEXAS,TX,2,0,2,201,3280,ANNETTE,9,10,October,2010,7,Saturday,11,0,0,16,5,0,29.70511667,-95.51856111,12,1,0,1,0,0,1,0
482264,TEXAS,TX,1,1,2,479,3899,AGUILARES,12,10,October,2010,3,Tuesday,6,29,1,11,7,16,27.51612222,-99.50350278,8,3,0,1,0,0,1,0
482265,TEXAS,TX,1,1,2,141,2190,BEE BRANCH,21,10,October,2010,5,Thursday,20,59,1,12,8,86,31.75481667,-106.42814444,8,3,0,1,0,0,1,0
482266,TEXAS,TX,1,0,3,439,2450,ARLINGTON,24,10,October,2010,1,Sunday,2,20,0,16,5,0,32.74858889,-97.33576111,42,3,0,1,0,0,2,1
482267,TEXAS,TX,1,1,7,303,4140,DAVISBORO,29,10,October,2010,6,Friday,20,39,1,13,2,24,33.56980556,-101.85535833,8,2,0,1,0,0,1,0
482268,TEXAS,TX,1,0,1,439,3347,ARLINGTON,2,11,November,2010,3,Tuesday,20,30,0,16,5,0,32.88452500,-97.18276389,31,3,0,2,0,0,1,0
482269,TEXAS,TX,2,0,2,135,0,ASH FLAT,3,11,November,2010,4,Wednesday,18,45,1,2,2,62,31.76149722,-102.36416389,12,5,0,1,0,0,1,0
482270,TEXAS,TX,1,0,2,339,0,CONROE,7,11,November,2010,1,Sunday,20,45,0,3,8,101,30.20826111,-95.35542778,59,2,0,1,0,0,1,0
482271,TEXAS,TX,2,0,4,423,7070,ARP,7,11,November,2010,1,Sunday,15,29,1,13,3,217,32.33221667,-95.27270278,12,1,0,1,0,0,1,0
482272,TEXAS,TX,4,0,5,121,0,BON AIR,11,11,November,2010,5,Thursday,19,11,1,13,2,89,33.23355000,-97.23669167,12,2,0,1,0,0,2,0
482273,TEXAS,TX,2,0,2,141,2190,BEE BRANCH,11,11,November,2010,5,Thursday,14,40,0,16,5,0,31.82369722,-106.35722500,12,1,0,1,0,0,1,0
482274,TEXAS,TX,1,0,1,29,0,BORDEN SPRINGS,12,11,November,2010,6,Friday,14,0,1,1,1,24,29.71344722,-98.66130278,26,1,0,10,0,0,1,0
482275,TEXAS,TX,2,1,4,113,1730,COTTONTON,15,11,November,2010,2,Monday,15,35,1,11,1,163,32.77290833,-96.81089722,12,1,0,10,0,0,1,0
482276,TEXAS,TX,1,0,1,289,0,ALLENTOWN,17,11,November,2010,4,Wednesday,9,58,0,5,8,64,31.34634444,-96.23731667,5,1,0,1,0,0,1,0
482277,TEXAS,TX,1,0,1,291,0,BLAIRSVILLE,19,11,November,2010,6,Friday,0,42,0,4,8,25,30.00445000,-94.67421111,42,2,0,1,0,0,1,1
482278,TEXAS,TX,1,0,2,479,3899,AGUILARES,19,11,November,2010,6,Friday,12,9,1,2,8,2,27.69181111,-99.71075556,24,2,0,1,0,0,1,1
482279,TEXAS,TX,1,0,1,201,3280,ANNETTE,20,11,November,2010,7,Saturday,15,38,0,16,5,0,29.79649444,-95.35141389,30,1,0,10,0,0,1,0
482280,TEXAS,TX,1,1,1,41,0,BRANTLEY,21,11,November,2010,1,Sunday,21,9,0,14,8,50,30.63321111,-96.40718611,9,2,0,10,0,0,1,0
482281,TEXAS,TX,2,0,8,141,2190,BEE BRANCH,21,11,November,2010,1,Sunday,19,53,0,14,8,43,31.76850278,-106.26079444,12,3,0,1,0,0,1,0
482282,TEXAS,TX,1,0,2,201,3280,ANNETTE,21,11,November,2010,1,Sunday,19,5,1,12,7,19,29.79656944,-95.33930556,25,3,0,1,0,0,1,0
482283,TEXAS,TX,2,0,3,251,0,DOVER,21,11,November,2010,1,Sunday,22,30,0,6,4,0,32.43287778,-97.42497222,12,2,0,1,0,0,2,1
482284,TEXAS,TX,2,0,3,91,0,DAYTON,22,11,November,2010,2,Monday,19,17,0,14,8,10,29.94113056,-98.20812778,12,2,0,1,0,0,1,0
482285,TEXAS,TX,1,1,1,213,2938,CARTERS,22,11,November,2010,2,Monday,19,35,0,16,5,0,32.34707500,-96.14499444,8,2,0,1,0,0,1,0
482286,TEXAS,TX,2,0,3,363,0,BRAZOS,22,11,November,2010,2,Monday,12,30,0,5,8,7,32.90152778,-98.56707222,12,1,0,1,0,0,1,0
482287,TEXAS,TX,2,0,2,367,0,ALEDO,22,11,November,2010,2,Monday,11,22,0,4,8,151,32.81606111,-97.77748333,53,1,0,1,0,0,1,0
482288,TEXAS,TX,1,0,4,289,0,ALLENTOWN,23,11,November,2010,3,Tuesday,10,2,0,3,3,115,31.32446111,-95.80627500,1,1,0,1,0,0,1,0
482289,TEXAS,TX,1,1,1,339,1510,CONROE,23,11,November,2010,3,Tuesday,17,30,0,14,3,79,30.32686389,-95.46507778,8,5,0,1,0,0,1,0
482290,TEXAS,TX,3,0,6,325,1890,CASTROVILLE,25,11,November,2010,5,Thursday,12,41,0,4,3,98,29.14038333,-98.90561944,12,1,0,1,0,0,1,0
482291,TEXAS,TX,2,0,1,139,0,CALION,26,11,November,2010,6,Friday,23,27,1,1,1,140,32.28102778,-96.86815000,14,2,0,1,0,0,1,1
482292,TEXAS,TX,1,0,1,283,0,SOPERTON,26,11,November,2010,6,Friday,6,56,0,4,3,43,28.04554167,-99.29248889,32,4,0,1,0,0,1,0
482293,TEXAS,TX,2,0,7,27,0,ASHLAND,27,11,November,2010,7,Saturday,19,9,0,15,8,79,31.06668333,-97.49538611,12,2,0,1,0,0,1,1
482294,TEXAS,TX,2,0,4,199,6380,ALVATON,27,11,November,2010,7,Saturday,15,58,0,14,8,117,30.35416111,-94.15296667,12,1,0,1,0,0,1,0
482295,TEXAS,TX,2,0,4,201,3280,ANNETTE,27,11,November,2010,7,Saturday,2,30,0,16,5,0,29.58612500,-95.18498056,12,3,0,1,0,0,1,1
482296,TEXAS,TX,1,0,1,251,0,DOVER,27,11,November,2010,7,Saturday,9,30,0,4,8,56,32.32698056,-97.29671944,43,1,0,1,0,0,1,0
482297,TEXAS,TX,1,0,2,303,4140,DAVISBORO,27,11,November,2010,7,Saturday,1,33,1,11,1,101,33.53029722,-101.84640556,24,3,0,1,0,0,1,1
482298,TEXAS,TX,2,0,3,339,6884,CONROE,28,11,November,2010,1,Sunday,12,55,0,16,5,0,30.17850833,-95.53581111,12,1,0,1,0,0,2,0
482299,TEXAS,TX,1,0,2,353,0,BLACKWELL,29,11,November,2010,2,Monday,21,30,0,6,4,0,32.35020000,-100.47688056,18,2,0,1,0,0,1,0
482300,TEXAS,TX,3,0,4,497,0,ALVORD,29,11,November,2010,2,Monday,13,20,0,4,8,310,33.07982222,-97.64794167,12,1,0,1,0,0,1,0
482301,TEXAS,TX,3,0,4,213,2938,CARTERS,3,2,February,2010,4,Wednesday,17,45,1,13,2,31,32.33033333,-96.04210833,12,5,0,2,0,0,2,0
482302,TEXAS,TX,2,0,2,85,200,BENTON,1,3,March,2010,2,Monday,4,15,1,2,3,107,33.31053611,-96.51567500,12,2,0,2,0,0,1,1
482303,TEXAS,TX,3,0,3,85,92,BENTON,14,4,April,2010,4,Wednesday,0,44,1,12,2,32,33.13984167,-96.65230000,12,2,0,1,0,0,1,0
482304,TEXAS,TX,2,0,2,157,3280,ARCADE,8,5,May,2010,7,Saturday,8,40,0,16,5,0,29.61194444,-95.50866667,33,1,0,10,0,0,1,1
482305,TEXAS,TX,1,1,1,201,3280,ANNETTE,8,5,May,2010,7,Saturday,23,58,1,12,7,121,29.69219167,-95.52771111,8,3,0,1,0,0,1,0
482306,TEXAS,TX,1,0,6,439,2450,ARLINGTON,9,5,May,2010,1,Sunday,1,44,1,11,7,9,32.65974167,-97.32069722,59,2,0,1,0,0,4,0
482307,TEXAS,TX,1,1,1,201,3280,ANNETTE,19,5,May,2010,4,Wednesday,21,34,0,16,5,0,29.73305278,-95.48493611,8,3,0,1,0,0,1,1
482308,TEXAS,TX,1,1,1,201,3280,ANNETTE,30,5,May,2010,1,Sunday,21,12,1,13,2,244,29.80195833,-95.26723611,8,2,0,2,0,0,1,0
482309,TEXAS,TX,1,0,2,141,2190,BEE BRANCH,2,6,June,2010,4,Wednesday,21,41,1,13,3,161,31.81109444,-106.51225278,42,3,0,1,0,0,1,0
482310,TEXAS,TX,1,0,1,201,3280,ANNETTE,3,6,June,2010,5,Thursday,2,10,1,13,3,102,29.79171667,-95.64498889,20,2,0,2,0,0,1,0
482311,TEXAS,TX,2,0,5,439,2450,ARLINGTON,16,6,June,2010,4,Wednesday,20,22,1,11,1,45,32.60053056,-97.31959167,25,1,0,1,0,0,1,0
482312,TEXAS,TX,1,0,1,201,3280,ANNETTE,18,6,June,2010,6,Friday,14,55,1,11,1,72,29.80780556,-95.33626667,39,1,0,1,0,0,1,0
482313,TEXAS,TX,2,1,1,201,3280,ANNETTE,19,6,June,2010,7,Saturday,3,5,1,11,1,255,29.77977222,-95.36821111,12,3,0,1,0,0,1,1
482314,TEXAS,TX,1,1,1,201,3280,ANNETTE,20,6,June,2010,1,Sunday,8,50,0,16,5,0,29.82856944,-95.39520000,8,1,0,1,0,0,1,0
482315,TEXAS,TX,2,0,3,439,2450,ARLINGTON,29,6,June,2010,3,Tuesday,2,55,1,11,1,147,32.86160556,-97.31435278,12,2,0,2,0,0,1,1
482316,TEXAS,TX,3,0,1,201,3280,ANNETTE,5,7,July,2010,2,Monday,16,41,0,16,5,0,29.92740556,-95.17016111,14,1,0,1,0,0,1,0
482317,TEXAS,TX,2,0,3,201,3280,ANNETTE,7,7,July,2010,4,Wednesday,19,55,0,16,5,0,29.76950000,-95.57542500,12,1,0,2,0,0,1,0
482318,TEXAS,TX,1,1,1,201,3280,ANNETTE,27,7,July,2010,3,Tuesday,20,45,0,16,5,0,29.84549167,-95.54518056,8,2,0,1,0,0,1,0
482319,TEXAS,TX,1,0,2,201,3280,ANNETTE,20,8,August,2010,6,Friday,11,17,0,16,5,0,29.88176389,-95.30365000,5,1,0,1,0,0,1,0
482320,TEXAS,TX,3,0,4,85,5390,BENTON,27,8,August,2010,6,Friday,22,42,0,16,5,0,33.04112222,-96.74381944,12,3,0,1,0,0,1,0
482321,TEXAS,TX,1,0,2,389,0,BALMORHEA,2,9,September,2010,5,Thursday,8,0,1,11,1,42,31.07821944,-104.02090556,32,1,0,1,0,0,1,0
482322,TEXAS,TX,1,1,1,141,2190,BEE BRANCH,4,9,September,2010,7,Saturday,0,29,0,16,5,0,31.71958333,-106.35930556,8,2,0,1,0,0,1,1
482323,TEXAS,TX,1,0,1,165,0,HERNDON,7,9,September,2010,3,Tuesday,0,32,1,2,2,298,32.55531389,-102.62442222,1,2,0,1,0,0,1,0
482324,TEXAS,TX,2,0,2,463,0,CLINE,9,9,September,2010,5,Thursday,13,31,0,3,2,133,29.47813333,-99.76839444,12,1,0,10,0,0,1,0
482325,TEXAS,TX,2,0,4,339,3280,CONROE,12,9,September,2010,1,Sunday,2,10,1,12,2,167,30.06267222,-95.24890278,12,3,0,1,0,0,1,1
482326,TEXAS,TX,1,0,1,3,0,BALDWIN,14,9,September,2010,3,Tuesday,1,38,0,3,8,79,32.21258333,-102.36408333,1,2,0,1,0,0,1,1
482327,TEXAS,TX,2,0,2,439,260,ARLINGTON,19,9,September,2010,1,Sunday,13,45,1,13,8,239,32.61177778,-97.14222500,12,1,0,1,0,0,1,0
482328,TEXAS,TX,1,0,1,439,2450,ARLINGTON,21,9,September,2010,3,Tuesday,20,0,1,11,1,47,32.71705000,-97.22668056,24,3,0,1,0,0,1,1
482329,TEXAS,TX,3,0,3,27,3027,ASHLAND,22,9,September,2010,4,Wednesday,17,45,0,14,8,64,31.08590278,-97.64873889,12,1,0,10,0,0,1,0
482330,TEXAS,TX,2,0,2,439,2450,ARLINGTON,24,9,September,2010,6,Friday,2,20,1,13,8,162,32.77638611,-97.34583889,12,3,0,1,0,0,1,1
482331,TEXAS,TX,1,0,1,121,0,BON AIR,27,9,September,2010,2,Monday,7,56,0,5,8,44,33.29832500,-96.93559722,1,2,0,1,0,0,1,1
482332,TEXAS,TX,2,0,3,273,3700,BRONWOOD,27,9,September,2010,2,Monday,17,31,0,15,8,61,27.58321111,-97.80273333,12,1,0,1,0,0,1,0
482333,TEXAS,TX,1,0,1,491,0,ANDERSON MILL,27,9,September,2010,2,Monday,6,35,0,6,4,0,30.56468611,-97.28564444,34,2,0,1,0,0,1,1
482334,TEXAS,TX,2,0,5,439,2450,ARLINGTON,28,9,September,2010,3,Tuesday,15,57,1,11,1,118,32.66165000,-97.28315833,12,1,0,1,0,0,1,0
482335,TEXAS,TX,1,0,1,29,6090,BORDEN SPRINGS,30,9,September,2010,5,Thursday,6,10,0,16,5,0,29.32868611,-98.53281389,30,2,0,1,0,0,1,0
482336,TEXAS,TX,1,0,1,121,1840,BON AIR,30,9,September,2010,5,Thursday,19,35,1,11,1,117,33.13743333,-97.20296389,1,2,0,1,0,0,1,0
482338,TEXAS,TX,2,0,2,355,0,AGUA DULCE,6,12,December,2010,2,Monday,6,30,0,3,8,167,27.72653333,-97.53374722,12,2,0,1,0,0,1,0
482339,TEXAS,TX,2,0,3,73,6040,ARGO,7,12,December,2010,3,Tuesday,6,31,0,15,8,7,31.78464167,-95.14784722,12,2,0,1,0,0,1,0
482340,TEXAS,TX,3,0,3,91,9997,DAYTON,7,12,December,2010,3,Tuesday,0,2,1,11,1,25,29.63895833,-98.21334167,12,2,0,1,0,0,1,1
482341,TEXAS,TX,1,1,1,201,0,ANNETTE,7,12,December,2010,3,Tuesday,6,39,1,13,3,19,29.90869722,-95.62985556,8,4,0,1,0,0,1,0
482342,TEXAS,TX,1,1,1,201,0,ANNETTE,7,12,December,2010,3,Tuesday,20,6,1,13,8,89,29.89773056,-95.06346944,8,2,0,10,0,0,1,0
482343,TEXAS,TX,2,0,2,347,0,APPLEBY,7,12,December,2010,3,Tuesday,6,55,0,3,3,67,31.61305000,-94.52726944,12,1,0,1,0,0,1,0
482344,TEXAS,TX,1,0,1,113,1730,COTTONTON,8,12,December,2010,4,Wednesday,21,55,1,11,1,76,32.79180556,-96.73699444,20,1,0,1,0,0,1,0
482345,TEXAS,TX,1,1,1,113,4530,COTTONTON,8,12,December,2010,4,Wednesday,19,38,1,11,1,219,32.80380278,-96.66796667,8,3,0,1,0,0,1,0
482346,TEXAS,TX,1,0,2,227,640,JASPER,8,12,December,2010,4,Wednesday,22,7,1,13,2,232,32.23796389,-101.47293056,59,3,0,1,0,0,1,0
482347,TEXAS,TX,2,0,2,439,2850,ARLINGTON,8,12,December,2010,4,Wednesday,4,18,0,16,5,0,32.90610556,-97.04071944,12,2,0,1,0,0,1,1
482348,TEXAS,TX,1,0,1,113,1730,COTTONTON,9,12,December,2010,5,Thursday,10,33,1,11,1,54,32.92038333,-96.75070000,39,1,0,1,0,0,1,0
482349,TEXAS,TX,1,0,1,361,4415,BRIDGE CITY,9,12,December,2010,5,Thursday,23,15,0,4,8,72,30.21813611,-93.91285000,53,2,0,1,0,0,1,0
482351,TEXAS,TX,1,0,2,29,6090,BORDEN SPRINGS,10,12,December,2010,6,Friday,0,30,1,13,8,111,29.51908889,-98.61741111,46,2,0,1,0,0,1,1
482352,TEXAS,TX,2,0,5,113,1730,COTTONTON,10,12,December,2010,6,Friday,10,20,1,11,3,125,32.70043611,-96.74553611,12,1,0,1,0,0,1,0
482353,TEXAS,TX,1,1,1,145,2718,BALD KNOB,10,12,December,2010,6,Friday,17,21,0,4,8,0,31.37083889,-97.08113056,8,5,0,1,0,0,1,0
482354,TEXAS,TX,2,0,3,453,330,ANDERSON MILL,10,12,December,2010,6,Friday,2,30,1,12,3,88,30.21838611,-97.69047222,12,3,0,1,0,0,1,1
482355,TEXAS,TX,1,1,1,469,7190,BLOOMINGTON,10,12,December,2010,6,Friday,18,50,0,14,3,53,28.80173611,-96.99065833,8,2,0,1,0,0,1,0
482356,TEXAS,TX,1,0,1,1,0,AUTAUGA,11,12,December,2010,7,Saturday,2,30,0,4,8,202,31.87544444,-95.74181667,32,2,0,1,0,0,1,1
482357,TEXAS,TX,2,0,6,39,130,ANDALUSIA,11,12,December,2010,7,Saturday,8,27,1,13,3,304,29.45516389,-95.24476944,12,1,0,10,0,0,1,0
482358,TEXAS,TX,2,0,6,113,1730,COTTONTON,11,12,December,2010,7,Saturday,4,40,1,11,1,257,32.86963056,-96.89733333,12,3,0,1,0,0,1,0
482359,TEXAS,TX,1,2,1,135,5030,ASH FLAT,11,12,December,2010,7,Saturday,17,29,0,16,5,0,31.88240556,-102.34184167,19,3,0,1,0,0,1,0
482360,TEXAS,TX,3,0,4,201,3280,ANNETTE,11,12,December,2010,7,Saturday,22,0,1,12,2,20,29.83788889,-95.33365833,12,3,0,1,0,0,1,1
482361,TEXAS,TX,2,0,5,405,0,BROADDUS,11,12,December,2010,7,Saturday,20,55,0,4,8,23,31.49898333,-94.10871389,12,2,0,1,0,0,5,1
482362,TEXAS,TX,1,0,1,85,1260,BENTON,12,12,December,2010,1,Sunday,23,21,0,3,8,31,33.34798889,-96.81761667,1,2,0,1,0,0,1,1
482363,TEXAS,TX,2,0,2,113,3880,COTTONTON,12,12,December,2010,1,Sunday,5,5,1,11,1,49,32.62038333,-96.82293889,25,3,0,6,0,0,1,2
482364,TEXAS,TX,1,0,1,453,330,ANDERSON MILL,12,12,December,2010,1,Sunday,2,22,1,11,1,169,30.25382222,-97.73662222,42,3,0,1,0,0,1,1
482365,TEXAS,TX,1,1,1,235,4520,FINLEYSON,13,12,December,2010,2,Monday,11,24,0,3,2,110,31.26318611,-100.81706111,15,1,0,1,0,0,1,0
482366,TEXAS,TX,3,0,5,439,260,ARLINGTON,13,12,December,2010,2,Monday,15,44,1,11,1,111,32.67726667,-97.07017500,12,1,0,1,0,0,2,0
482367,TEXAS,TX,2,0,3,339,4667,CONROE,14,12,December,2010,3,Tuesday,11,19,0,4,8,159,30.40006667,-95.69946944,12,1,0,1,0,0,2,0
482368,TEXAS,TX,1,0,1,135,5030,ASH FLAT,15,12,December,2010,4,Wednesday,2,48,1,12,3,77,31.89891389,-102.30958056,1,3,0,1,0,0,1,1