ST_CASE,State Name,State Abbreviation,VE_TOTAL,Pedestrains,Total_Persons_in_accident,COUNTY,CITY,City_County_Name,Calendar_DAY,MONTH,Month_Name,YEAR,DAY_WEEK,Day_Week_desc,HOUR,MINUTE,NHS_Desc,trafficway,ROUTE,MILEPT,LATITUDE,LONGITUD,First_Crash_event,Light_cond_desc,Weather_condition,WEATHER,SCH_BUS,Crash_cause,FATALS,DRUNK_DR
482369,TEXAS,TX,2,0,4,113,1730,COTTONTON,17,12,December,2010,6,Friday,12,27,0,16,5,0,32.89505556,-96.85605833,12,1,0,1,0,0,2,0
482370,TEXAS,TX,1,0,2,29,6090,BORDEN SPRINGS,19,12,December,2010,1,Sunday,1,27,0,4,8,31,29.55639722,-98.66394167,24,3,0,1,0,0,1,1
482371,TEXAS,TX,1,1,2,339,1510,CONROE,19,12,December,2010,1,Sunday,3,5,1,13,8,161,30.28566389,-95.42767500,8,2,0,1,0,0,1,1
482372,TEXAS,TX,2,0,3,453,330,ANDERSON MILL,1,12,December,2010,4,Wednesday,23,12,1,12,7,55,30.21662500,-97.74399167,12,3,0,1,0,0,1,1
482373,TEXAS,TX,3,0,3,201,3280,ANNETTE,4,12,December,2010,7,Saturday,2,52,1,12,2,26,29.73229722,-95.38727500,14,3,0,1,0,0,1,1
482374,TEXAS,TX,2,0,3,497,0,ALVORD,4,12,December,2010,7,Saturday,20,26,0,4,8,65,33.36145278,-97.40000833,12,2,0,1,0,0,1,0
482375,TEXAS,TX,1,1,1,201,3280,ANNETTE,7,12,December,2010,3,Tuesday,18,28,1,13,3,6,29.67037500,-95.25227222,8,3,0,1,0,0,1,0
482376,TEXAS,TX,1,1,1,7,5890,BIBB,9,12,December,2010,5,Thursday,18,30,0,14,3,15,28.06215000,-97.05370556,8,2,0,1,0,0,1,0
482377,TEXAS,TX,2,0,3,133,0,ARLEY,9,12,December,2010,5,Thursday,21,43,1,1,1,131,32.37537500,-98.89486111,12,2,0,1,0,0,1,0
482378,TEXAS,TX,2,0,2,141,2190,BEE BRANCH,9,12,December,2010,5,Thursday,19,8,0,16,5,0,31.77991111,-106.35005278,12,3,0,1,0,0,1,0
482379,TEXAS,TX,1,1,1,201,3280,ANNETTE,10,12,December,2010,6,Friday,12,10,1,13,8,64,29.73622500,-95.59436667,9,1,0,1,0,0,1,0
482380,TEXAS,TX,1,0,1,241,3480,CLAYTON,10,12,December,2010,6,Friday,1,0,0,4,8,305,30.90028889,-94.01028056,42,2,0,1,0,0,1,1
482381,TEXAS,TX,2,0,3,361,0,BRIDGE CITY,10,12,December,2010,6,Friday,22,10,0,3,3,112,30.11210556,-93.82083889,12,3,0,1,0,0,1,1
482382,TEXAS,TX,2,0,2,489,0,LASARA,10,12,December,2010,6,Friday,15,25,1,2,2,214,26.43715556,-97.78544722,12,1,0,1,0,0,1,0
482383,TEXAS,TX,2,0,6,141,2190,BEE BRANCH,11,12,December,2010,7,Saturday,12,30,1,13,3,98,31.86046111,-106.58719444,12,1,0,1,0,0,1,0
482384,TEXAS,TX,1,0,1,201,0,ANNETTE,11,12,December,2010,7,Saturday,1,25,0,6,4,0,29.90760556,-95.30168333,24,2,0,1,0,0,1,1
482385,TEXAS,TX,1,0,2,201,0,ANNETTE,11,12,December,2010,7,Saturday,18,15,0,6,4,0,30.00069444,-95.58544722,1,2,0,1,0,0,1,0
482386,TEXAS,TX,2,0,4,259,0,CHARLES,11,12,December,2010,7,Saturday,12,41,0,4,3,26,29.75865000,-98.79308611,12,1,0,1,0,0,1,0
482387,TEXAS,TX,1,0,1,439,2850,ARLINGTON,11,12,December,2010,7,Saturday,6,21,1,12,3,105,32.93471667,-97.03783611,18,3,0,10,0,0,1,0
482388,TEXAS,TX,1,1,1,39,0,ANDALUSIA,12,12,December,2010,1,Sunday,18,0,0,4,8,37,29.35285278,-95.25655556,49,2,0,1,0,0,1,0
482389,TEXAS,TX,2,0,2,449,0,COOKVILLE,13,12,December,2010,2,Monday,4,45,0,4,3,97,33.10853611,-94.84483056,12,2,0,1,0,0,2,0
482390,TEXAS,TX,2,0,3,473,0,BROOKSHIRE,13,12,December,2010,2,Monday,20,21,0,4,8,31,29.83519444,-96.02498889,12,2,0,1,0,0,1,0
482391,TEXAS,TX,2,0,3,53,0,ATMORE,14,12,December,2010,3,Tuesday,14,9,0,3,3,14,30.75681389,-98.37748889,12,1,0,1,0,0,2,0
482392,TEXAS,TX,1,0,1,177,0,LEE,14,12,December,2010,3,Tuesday,1,20,0,5,8,63,29.53102778,-97.53917500,1,2,0,1,0,0,1,0
482393,TEXAS,TX,1,0,1,201,0,ANNETTE,14,12,December,2010,3,Tuesday,9,30,1,13,2,160,29.96883889,-95.69207778,33,1,0,1,0,0,1,0
482395,TEXAS,TX,2,0,3,223,0,BRASWELL,15,12,December,2010,4,Wednesday,9,7,0,3,3,77,32.99660556,-95.34729444,12,1,0,1,0,0,1,0
482396,TEXAS,TX,1,1,1,439,2800,ARLINGTON,16,12,December,2010,5,Thursday,21,2,1,11,7,121,32.67750278,-97.05292222,8,2,0,1,0,0,1,0
482397,TEXAS,TX,1,0,1,497,0,ALVORD,16,12,December,2010,5,Thursday,12,16,1,2,2,83,33.24760278,-97.44344444,42,1,0,1,0,0,1,0
482398,TEXAS,TX,2,0,2,83,0,ARDMORE,17,12,December,2010,6,Friday,18,40,1,2,2,76,31.76205556,-99.45738889,12,2,0,1,0,0,1,1
482399,TEXAS,TX,1,0,1,29,0,BORDEN SPRINGS,18,12,December,2010,7,Saturday,6,30,0,6,4,0,29.28999722,-98.79023333,53,2,0,1,0,0,1,0
482400,TEXAS,TX,1,0,1,453,0,ANDERSON MILL,18,12,December,2010,7,Saturday,8,30,9,9,8,99999,30.31098056,-98.08996389,59,2,0,1,0,0,1,1
482401,TEXAS,TX,1,0,1,23,0,BLADON SPRINGS,19,12,December,2010,1,Sunday,16,10,1,2,2,99,33.59549722,-99.30563333,38,1,0,1,0,0,1,0
482402,TEXAS,TX,2,0,4,113,387,COTTONTON,19,12,December,2010,1,Sunday,3,0,1,11,1,26,32.73276111,-96.61267500,12,2,0,1,0,0,1,1
482403,TEXAS,TX,2,0,3,201,3280,ANNETTE,19,12,December,2010,1,Sunday,2,30,0,16,5,0,29.80400278,-95.37559722,12,3,0,1,0,0,1,2
482404,TEXAS,TX,1,0,2,281,0,HIAWASSEE,19,12,December,2010,1,Sunday,15,40,0,6,4,0,31.09307222,-98.21408333,1,1,0,1,0,0,1,0
482405,TEXAS,TX,2,0,2,223,1680,BRASWELL,20,12,December,2010,2,Monday,3,38,1,1,1,11,33.12912500,-95.84248333,12,2,0,1,0,0,1,1
482406,TEXAS,TX,2,0,2,25,0,BARLOW BEND,21,12,December,2010,3,Tuesday,8,8,1,2,2,39,28.61798333,-97.80279167,12,1,0,1,0,0,1,0
482407,TEXAS,TX,2,0,5,27,3690,ASHLAND,20,12,December,2010,2,Monday,12,32,0,14,8,66,31.07226111,-97.73801111,12,1,0,1,0,0,1,0
482408,TEXAS,TX,2,0,2,121,1840,BON AIR,20,12,December,2010,2,Monday,9,47,0,16,5,0,33.23106944,-97.10679167,12,1,0,1,0,0,1,0
482409,TEXAS,TX,1,0,1,27,4924,ASHLAND,21,12,December,2010,3,Tuesday,15,55,1,12,2,205,31.06714167,-97.57932222,58,1,0,1,0,0,1,1
482410,TEXAS,TX,2,0,5,29,6090,BORDEN SPRINGS,21,12,December,2010,3,Tuesday,19,5,0,16,5,0,29.41539444,-98.59965556,12,3,0,1,0,0,2,0
482411,TEXAS,TX,2,0,2,275,0,BARWICK,21,12,December,2010,3,Tuesday,19,30,0,5,8,61,33.51211111,-99.65466389,12,2,0,1,0,0,1,0
482412,TEXAS,TX,1,0,1,201,0,ANNETTE,22,12,December,2010,4,Wednesday,22,19,0,6,4,0,30.02846389,-95.69747222,43,2,0,10,0,0,1,1
482413,TEXAS,TX,1,0,2,225,0,BYRON,22,12,December,2010,4,Wednesday,13,57,0,3,2,211,31.29322500,-95.41446389,32,1,0,10,0,0,2,0
482414,TEXAS,TX,2,0,3,395,0,BREMOND,22,12,December,2010,4,Wednesday,11,30,1,2,2,38,30.84787778,-96.55957778,12,1,0,10,0,0,1,0
482415,TEXAS,TX,1,0,2,427,0,DELMITA,22,12,December,2010,4,Wednesday,23,0,1,2,2,348,26.34603611,-98.75232778,33,3,0,1,0,0,1,0
482416,TEXAS,TX,2,0,5,75,0,BEAVERTON,23,12,December,2010,5,Thursday,12,55,1,2,2,272,34.66782222,-100.18866111,12,1,0,10,0,0,1,0
482417,TEXAS,TX,1,0,1,179,0,ALLENHURST,23,12,December,2010,5,Thursday,17,58,1,1,1,37,35.18798889,-101.03869444,1,2,0,1,0,0,1,0
482418,TEXAS,TX,1,0,2,201,3280,ANNETTE,23,12,December,2010,5,Thursday,0,11,0,16,5,0,29.73429167,-95.32997500,30,3,0,10,0,0,1,1
482419,TEXAS,TX,1,0,1,29,3942,BORDEN SPRINGS,24,12,December,2010,6,Friday,3,6,1,13,3,88,29.49304722,-98.61598611,32,2,0,10,0,0,1,1
482420,TEXAS,TX,1,0,1,201,3280,ANNETTE,24,12,December,2010,6,Friday,0,45,0,16,5,0,29.71298333,-95.34556389,33,3,0,1,0,0,1,0
482421,TEXAS,TX,2,0,1,201,0,ANNETTE,25,12,December,2010,7,Saturday,1,13,1,12,3,204,29.89931111,-95.46350833,30,3,0,2,0,0,1,1
482422,TEXAS,TX,2,1,8,201,3280,ANNETTE,25,12,December,2010,7,Saturday,21,19,1,12,2,81,29.72578889,-95.47196944,8,3,0,1,0,0,1,0
482423,TEXAS,TX,2,0,8,205,0,BACONTON,26,12,December,2010,1,Sunday,18,30,0,3,2,51,35.63323333,-102.31155278,12,2,0,1,0,0,1,0
482424,TEXAS,TX,2,0,2,241,0,CLAYTON,26,12,December,2010,1,Sunday,5,53,0,3,3,148,30.92206944,-94.06592778,12,2,0,1,0,0,1,1
482425,TEXAS,TX,2,0,2,251,0,DOVER,26,12,December,2010,1,Sunday,19,58,0,6,4,0,32.54569167,-97.44212222,12,2,0,1,0,0,1,0
482426,TEXAS,TX,1,0,5,23,0,BLADON SPRINGS,27,12,December,2010,2,Monday,12,10,9,9,2,99999,33.62473333,-99.22958889,1,1,0,1,0,0,1,0
482427,TEXAS,TX,2,0,5,201,0,ANNETTE,28,12,December,2010,3,Tuesday,20,40,1,13,8,46,29.95645000,-95.08188611,12,2,0,1,1,0,1,0
482428,TEXAS,TX,2,0,4,145,0,BALD KNOB,29,12,December,2010,4,Wednesday,1,14,0,3,2,97,31.25226667,-97.06056944,12,2,0,2,0,0,1,0
482429,TEXAS,TX,1,0,1,5,0,BAKER HILL,30,12,December,2010,5,Thursday,4,30,0,6,4,0,31.24397500,-94.57139722,42,2,0,1,0,0,1,1
482430,TEXAS,TX,2,0,3,449,4750,COOKVILLE,27,12,December,2010,2,Monday,9,10,1,11,1,75,33.16900278,-94.99973889,12,1,0,1,0,0,1,0
482431,TEXAS,TX,1,0,2,121,1840,BON AIR,30,12,December,2010,5,Thursday,23,39,0,16,5,0,33.18629444,-97.09202778,5,3,0,10,0,0,1,0
482432,TEXAS,TX,1,0,1,439,2850,ARLINGTON,30,12,December,2010,5,Thursday,5,28,1,13,3,148,32.93042778,-97.09845556,30,3,0,2,0,0,1,0
482433,TEXAS,TX,2,0,4,201,0,ANNETTE,31,12,December,2010,6,Friday,21,5,0,6,4,0,29.99534167,-95.43536667,12,2,0,1,0,0,1,0
482434,TEXAS,TX,2,0,3,113,1730,COTTONTON,20,12,December,2010,2,Monday,14,35,0,16,5,0,32.76687778,-96.77727778,12,1,0,1,0,0,1,0
482435,TEXAS,TX,1,1,1,113,1730,COTTONTON,20,12,December,2010,2,Monday,18,55,1,13,8,306,32.86421389,-96.70762222,8,3,0,1,0,0,1,0
482436,TEXAS,TX,2,0,5,141,2190,BEE BRANCH,20,12,December,2010,2,Monday,12,15,1,13,3,107,31.84785000,-106.58232778,12,1,0,10,0,0,1,0
482437,TEXAS,TX,2,0,2,85,7620,BENTON,21,12,December,2010,3,Tuesday,15,0,0,14,3,314,33.02574444,-96.48856944,24,1,0,1,0,0,1,1
482438,TEXAS,TX,2,0,3,201,0,ANNETTE,21,12,December,2010,3,Tuesday,2,22,1,12,2,84,29.88456111,-95.32157222,12,3,0,1,0,0,1,1
482439,TEXAS,TX,1,0,1,211,0,APALACHEE,21,12,December,2010,3,Tuesday,11,8,0,4,3,63,35.80268333,-100.38046944,1,1,0,1,0,0,1,0
482440,TEXAS,TX,2,0,2,355,1550,AGUA DULCE,23,12,December,2010,5,Thursday,18,7,0,16,5,0,27.74883056,-97.41913056,12,3,0,1,0,0,1,0
482441,TEXAS,TX,2,0,6,113,1730,COTTONTON,24,12,December,2010,6,Friday,16,11,1,13,8,207,32.85544444,-96.86609167,12,1,0,2,0,0,1,0
482442,TEXAS,TX,2,0,5,293,0,EAST THOMASTON,24,12,December,2010,6,Friday,14,5,0,3,3,23,31.37991111,-96.59759167,12,1,0,2,0,0,4,0
482443,TEXAS,TX,1,0,1,439,2800,ARLINGTON,24,12,December,2010,6,Friday,15,34,0,16,5,0,32.77146389,-97.05220556,17,1,0,2,0,0,1,0
482444,TEXAS,TX,1,0,1,241,0,CLAYTON,25,12,December,2010,7,Saturday,14,5,0,4,8,87,30.24660556,-94.02330278,42,1,0,10,0,0,1,1
482445,TEXAS,TX,1,1,1,29,6090,BORDEN SPRINGS,28,12,December,2010,3,Tuesday,18,10,0,16,5,0,29.44761667,-98.52691667,8,3,0,2,0,0,1,0
482446,TEXAS,TX,1,1,1,113,1730,COTTONTON,1,12,December,2010,4,Wednesday,21,45,1,11,1,105,32.79603333,-96.69026111,8,3,0,1,0,0,1,0
482447,TEXAS,TX,1,0,1,201,0,ANNETTE,1,12,December,2010,4,Wednesday,21,3,0,16,5,0,29.99725000,-95.69840000,46,3,0,1,0,0,1,0
482448,TEXAS,TX,1,0,2,297,0,BETWEEN,1,12,December,2010,4,Wednesday,17,25,0,4,8,160,28.41808611,-97.97476389,42,1,0,1,0,0,1,0
482449,TEXAS,TX,2,0,2,121,1730,BON AIR,2,12,December,2010,5,Thursday,13,30,0,16,5,0,32.99695833,-96.86030833,12,1,0,1,0,0,1,0
482450,TEXAS,TX,1,0,2,181,1830,LINCOLN,2,12,December,2010,5,Thursday,3,30,1,12,2,63,33.77848611,-96.58403056,21,2,0,1,0,0,1,0
482451,TEXAS,TX,2,0,4,243,0,BENEVOLENCE,2,12,December,2010,5,Thursday,18,15,0,4,3,138,30.49542500,-103.75085000,12,2,0,1,0,0,1,0
482452,TEXAS,TX,2,0,3,373,0,ACE,2,12,December,2010,5,Thursday,20,13,1,2,2,16,31.11026944,-94.81171111,12,2,0,1,0,0,2,0
482453,TEXAS,TX,2,0,3,455,7020,APPLE SPRINGS,2,12,December,2010,5,Thursday,22,58,0,3,3,91,30.95103889,-95.37566111,12,3,0,1,0,0,1,2
482454,TEXAS,TX,1,0,1,113,1730,COTTONTON,3,12,December,2010,6,Friday,21,53,0,16,5,0,32.88041667,-96.80845556,39,3,0,1,0,0,1,1
482455,TEXAS,TX,1,1,1,201,0,ANNETTE,3,12,December,2010,6,Friday,14,30,0,6,4,0,29.94844722,-95.46832222,8,1,0,1,0,0,1,0
482456,TEXAS,TX,1,1,1,325,4822,CASTROVILLE,3,12,December,2010,6,Friday,20,30,0,4,3,56,29.18958611,-98.86264722,8,3,0,1,0,0,1,0
482457,TEXAS,TX,1,0,1,343,1700,CASON,3,12,December,2010,6,Friday,3,8,0,3,2,206,33.02907500,-94.72226944,30,3,0,1,0,0,1,1
482458,TEXAS,TX,1,0,1,5,0,BAKER HILL,4,12,December,2010,7,Saturday,9,2,1,2,2,46,31.38947222,-94.71545278,35,1,0,10,0,0,1,0
482459,TEXAS,TX,1,1,1,29,6090,BORDEN SPRINGS,4,12,December,2010,7,Saturday,17,16,1,11,7,377,29.32438333,-98.42937778,9,1,0,1,0,0,1,0
482460,TEXAS,TX,1,0,1,69,0,ASHFORD,4,12,December,2010,7,Saturday,1,42,0,3,2,127,34.57911944,-102.31289444,30,2,0,1,0,0,1,0
482461,TEXAS,TX,2,0,2,91,0,DAYTON,4,12,December,2010,7,Saturday,18,40,0,14,8,108,29.85908611,-98.28715278,12,2,0,10,0,0,1,2
482462,TEXAS,TX,1,1,2,183,4080,FORT STEWART,4,12,December,2010,7,Saturday,18,3,1,13,2,148,32.50440278,-94.71574444,8,3,0,1,0,0,1,0
482463,TEXAS,TX,1,0,1,201,0,ANNETTE,4,12,December,2010,7,Saturday,4,50,0,6,4,0,30.07916667,-95.55060556,30,2,0,1,0,0,1,1
482464,TEXAS,TX,1,0,1,485,7490,BURKBURNETT,4,12,December,2010,7,Saturday,2,6,1,12,2,0,33.88425833,-98.47779722,59,3,0,10,0,0,1,0
482465,TEXAS,TX,3,0,4,491,3925,ANDERSON MILL,4,12,December,2010,7,Saturday,9,51,0,15,8,111,30.58147500,-97.84413611,12,1,0,1,0,0,1,0
482466,TEXAS,TX,1,1,1,113,1730,COTTONTON,5,12,December,2010,1,Sunday,3,20,1,12,2,75,32.69931389,-96.64752222,8,3,0,1,0,0,1,0
482467,TEXAS,TX,2,0,2,453,330,ANDERSON MILL,5,12,December,2010,1,Sunday,1,49,1,12,8,179,30.25446111,-97.80430833,24,3,0,1,0,0,1,1
482468,TEXAS,TX,1,0,1,29,6090,BORDEN SPRINGS,6,12,December,2010,2,Monday,15,45,1,12,2,261,29.44003333,-98.47821389,1,1,0,1,0,0,1,0
482469,TEXAS,TX,2,1,2,71,0,BRIDGEPORT,6,12,December,2010,2,Monday,18,54,0,4,8,140,29.73217500,-94.84922500,8,2,0,1,0,0,1,0
482470,TEXAS,TX,2,0,2,183,0,FORT STEWART,6,12,December,2010,2,Monday,15,1,1,1,1,94,32.43406389,-94.82840833,12,1,0,1,0,0,1,0
482471,TEXAS,TX,1,0,1,41,970,BRANTLEY,2,10,October,2010,7,Saturday,1,18,1,13,8,65,30.65465556,-96.40140278,34,2,0,1,0,0,1,1
482472,TEXAS,TX,2,0,3,231,0,CONCORD,2,10,October,2010,7,Saturday,12,10,1,2,3,32,32.94432778,-96.10749722,12,1,0,1,0,0,1,0
482473,TEXAS,TX,1,0,1,37,0,BRADFORD,7,10,October,2010,5,Thursday,15,50,0,6,4,0,33.37827222,-94.19285556,42,1,0,1,0,0,1,0
482474,TEXAS,TX,2,0,4,97,0,AXIS,8,10,October,2010,6,Friday,18,17,0,4,8,43,33.43165556,-97.09583889,12,1,0,1,0,0,1,0
482475,TEXAS,TX,3,0,4,201,3280,ANNETTE,8,10,October,2010,6,Friday,23,38,0,16,5,0,29.71355000,-95.31701667,12,3,0,1,0,0,1,1
482476,TEXAS,TX,1,0,1,213,0,CARTERS,8,10,October,2010,6,Friday,22,48,0,5,8,63,32.21980833,-95.65667222,1,2,0,1,0,0,1,1
482478,TEXAS,TX,1,0,5,257,0,AVALON,9,10,October,2010,7,Saturday,13,13,1,1,1,93,32.68870833,-96.22517222,1,1,0,1,0,0,1,0
482479,TEXAS,TX,2,0,2,465,0,COMSTOCK,11,10,October,2010,2,Monday,13,40,1,2,2,112,29.38696111,-100.74452222,12,1,0,1,0,0,1,0
482480,TEXAS,TX,1,1,1,29,6090,BORDEN SPRINGS,12,10,October,2010,3,Tuesday,4,40,0,16,5,0,29.44850278,-98.58711389,8,2,0,1,0,0,1,0
482481,TEXAS,TX,2,0,2,29,6090,BORDEN SPRINGS,14,10,October,2010,5,Thursday,1,20,1,12,2,231,29.47424722,-98.47939167,12,3,0,1,0,0,1,2
482482,TEXAS,TX,2,0,3,465,0,COMSTOCK,14,10,October,2010,5,Thursday,6,48,1,2,2,49,29.33368889,-100.83825000,12,2,0,1,0,0,1,0
482483,TEXAS,TX,2,0,3,37,0,BRADFORD,16,10,October,2010,7,Saturday,10,15,0,4,8,51,33.35657500,-94.07957500,12,1,0,1,0,0,1,0
482484,TEXAS,TX,1,2,3,13,0,BOLLING,17,10,October,2010,1,Sunday,20,17,0,6,4,0,29.15816944,-98.59448889,8,3,0,1,0,0,1,1
482485,TEXAS,TX,1,0,4,67,0,ABBEVILLE,20,10,October,2010,4,Wednesday,8,50,0,5,8,55,33.16036667,-94.22491944,1,1,0,1,0,0,1,0
482486,TEXAS,TX,1,0,1,181,0,LINCOLN,21,10,October,2010,5,Thursday,7,10,0,4,8,131,33.74382500,-96.85094167,35,4,0,1,0,0,1,0
482487,TEXAS,TX,1,1,1,201,3280,ANNETTE,21,10,October,2010,5,Thursday,20,35,1,12,7,51,29.72953611,-95.42799722,8,3,0,1,0,0,1,0
482488,TEXAS,TX,2,1,7,375,150,AMARILLO,21,10,October,2010,5,Thursday,16,15,1,11,1,178,35.19486667,-101.85066111,14,1,0,2,0,0,1,0
482489,TEXAS,TX,1,0,1,85,5390,BENTON,22,10,October,2010,6,Friday,6,15,0,16,5,0,33.03691111,-96.82958611,20,3,0,1,0,0,1,1
482490,TEXAS,TX,2,0,2,37,0,BRADFORD,22,10,October,2010,6,Friday,13,35,1,11,1,338,33.46493056,-94.18788889,18,1,0,1,0,0,1,0
482491,TEXAS,TX,2,0,3,441,0,ABILENE,24,10,October,2010,1,Sunday,11,45,0,3,2,61,32.25262500,-99.98584167,12,1,0,10,0,0,1,0
482492,TEXAS,TX,2,0,3,257,0,AVALON,30,10,October,2010,7,Saturday,15,55,0,14,8,68,32.59863889,-96.31752500,12,1,0,1,0,0,1,0
482493,TEXAS,TX,1,0,1,303,0,DAVISBORO,30,10,October,2010,7,Saturday,2,15,0,6,4,0,33.60682778,-101.98123333,1,2,0,1,0,0,1,1
482494,TEXAS,TX,2,0,2,343,0,CASON,30,10,October,2010,7,Saturday,10,35,0,3,2,242,32.97515278,-94.71785556,12,1,0,1,0,0,1,0
482495,TEXAS,TX,1,0,1,201,0,ANNETTE,4,11,November,2010,5,Thursday,18,40,1,13,3,23,29.90266111,-95.63388333,1,5,0,1,0,0,1,0
482496,TEXAS,TX,2,0,7,495,0,KERMIT,5,11,November,2010,6,Friday,22,12,0,3,3,195,31.87551667,-102.93318333,12,2,0,1,0,0,3,1
482497,TEXAS,TX,1,1,6,29,6090,BORDEN SPRINGS,9,11,November,2010,3,Tuesday,22,51,1,13,8,21,29.44583056,-98.53140833,8,3,0,1,0,0,1,0
482498,TEXAS,TX,1,0,1,139,0,CALION,10,11,November,2010,4,Wednesday,6,49,0,3,8,79,32.24104444,-96.81002222,1,4,0,5,0,0,1,0
482499,TEXAS,TX,1,1,2,439,2450,ARLINGTON,10,11,November,2010,4,Wednesday,19,40,1,13,8,59,32.72264167,-97.44771944,8,2,0,1,0,0,1,0
482500,TEXAS,TX,2,0,2,113,1190,COTTONTON,13,11,November,2010,7,Saturday,10,47,0,16,5,0,32.98308889,-96.91889722,12,1,0,1,0,0,1,0
482501,TEXAS,TX,1,0,2,85,5390,BENTON,14,11,November,2010,1,Sunday,1,41,1,12,3,83,33.00412778,-96.72484444,24,3,0,1,0,0,2,1
482502,TEXAS,TX,1,0,1,201,3280,ANNETTE,14,11,November,2010,1,Sunday,8,53,0,16,5,0,29.72314167,-95.37830556,30,1,0,10,0,0,1,0
482503,TEXAS,TX,3,0,3,389,0,BALMORHEA,15,11,November,2010,2,Monday,21,15,1,1,1,269,30.99379722,-103.66343056,12,2,0,1,0,0,2,0
482504,TEXAS,TX,2,0,2,181,0,LINCOLN,19,11,November,2010,6,Friday,21,57,1,2,2,31,33.72362500,-96.51012778,12,2,0,1,0,0,2,1
482505,TEXAS,TX,1,1,1,355,1550,AGUA DULCE,19,11,November,2010,6,Friday,22,35,1,13,8,99,27.71012500,-97.40584722,8,3,0,1,0,0,1,0
482506,TEXAS,TX,1,0,3,277,5511,BROOKFIELD,20,11,November,2010,7,Saturday,16,1,1,2,2,65,33.78095833,-95.53437222,1,1,0,1,0,0,1,0
482507,TEXAS,TX,2,0,2,201,3320,ANNETTE,22,11,November,2010,2,Monday,10,0,0,14,8,45,29.99919167,-95.25208611,12,1,0,1,0,0,1,0
482508,TEXAS,TX,2,0,2,459,0,BETTIE,23,11,November,2010,3,Tuesday,17,49,0,3,3,48,32.83575000,-94.77553333,12,5,0,1,0,0,1,0
482509,TEXAS,TX,1,0,1,257,0,AVALON,24,11,November,2010,4,Wednesday,9,47,0,6,4,0,32.45755000,-96.24043889,1,1,0,1,0,0,1,1
482510,TEXAS,TX,2,0,2,201,0,ANNETTE,25,11,November,2010,5,Thursday,10,46,0,6,4,0,29.97506667,-95.61710278,12,1,0,1,0,0,1,0
482511,TEXAS,TX,2,0,6,397,6010,DALLAS,25,11,November,2010,5,Thursday,11,2,1,1,7,156,32.98048889,-96.30408056,12,1,0,10,0,0,1,0
482512,TEXAS,TX,1,0,1,189,0,BONEVILLE,26,11,November,2010,6,Friday,15,35,0,6,4,0,34.29211389,-101.72241111,10,1,0,1,0,0,1,0
482513,TEXAS,TX,1,0,1,85,6072,BENTON,28,11,November,2010,1,Sunday,0,48,0,16,5,0,33.05087222,-96.54095556,1,2,0,1,0,0,1,0
482514,TEXAS,TX,1,1,1,303,4140,DAVISBORO,26,11,November,2010,6,Friday,3,2,1,12,2,168,33.59089444,-101.83431667,8,2,0,1,0,0,1,0
482515,TEXAS,TX,1,0,2,215,0,BIBB CITY,28,11,November,2010,1,Sunday,3,51,1,13,3,154,26.29456389,-97.91052222,34,2,0,1,0,0,1,1
482516,TEXAS,TX,3,0,6,349,0,ANGUS,28,11,November,2010,1,Sunday,17,57,0,3,3,118,32.10029722,-96.69804722,12,2,0,1,0,0,1,0
482517,TEXAS,TX,1,0,1,339,0,CONROE,29,11,November,2010,2,Monday,9,40,0,6,4,0,30.43800278,-95.40663056,52,1,0,2,0,0,1,0
482518,TEXAS,TX,2,0,2,423,0,ARP,29,11,November,2010,2,Monday,8,35,0,5,8,10,32.43129444,-95.12035833,12,1,0,2,0,0,1,0
482519,TEXAS,TX,2,0,3,291,0,BLAIRSVILLE,30,11,November,2010,3,Tuesday,16,50,0,3,8,25,30.04658889,-95.01778056,12,1,0,2,0,0,1,0
482520,TEXAS,TX,1,0,2,395,0,BREMOND,2,12,December,2010,5,Thursday,1,50,0,3,3,2,31.18213333,-96.66901111,1,2,0,1,0,0,1,1
482521,TEXAS,TX,2,0,3,201,3280,ANNETTE,4,12,December,2010,7,Saturday,18,50,0,16,5,0,29.94903889,-95.42529167,1,3,0,10,0,0,1,0
482522,TEXAS,TX,1,0,2,379,0,EAST TAWAKONI,4,12,December,2010,7,Saturday,1,14,0,4,3,296,32.90832500,-95.95920278,59,3,0,1,0,0,1,1
482523,TEXAS,TX,1,0,4,423,0,ARP,4,12,December,2010,7,Saturday,15,40,1,1,1,187,32.45290556,-95.28168333,1,1,0,1,0,0,1,0
482524,TEXAS,TX,1,0,2,201,3280,ANNETTE,5,12,December,2010,1,Sunday,2,1,0,16,5,0,29.83828889,-95.54359722,1,3,0,1,0,0,1,1