ST_CASE,State Name,State Abbreviation,VE_TOTAL,Pedestrains,Total_Persons_in_accident,COUNTY,CITY,City_County_Name,Calendar_DAY,MONTH,Month_Name,YEAR,DAY_WEEK,Day_Week_desc,HOUR,MINUTE,NHS_Desc,trafficway,ROUTE,MILEPT,LATITUDE,LONGITUD,First_Crash_event,Light_cond_desc,Weather_condition,WEATHER,SCH_BUS,Crash_cause,FATALS,DRUNK_DR
482525,TEXAS,TX,1,0,1,63,0,BOLIGEE,6,12,December,2010,2,Monday,0,30,0,4,8,137,32.91474722,-94.80198611,1,2,0,10,0,0,1,0
482526,TEXAS,TX,2,0,2,201,0,ANNETTE,6,12,December,2010,2,Monday,16,55,0,6,4,0,29.92763611,-95.64595000,12,1,0,1,0,0,1,0
482527,TEXAS,TX,3,0,4,401,0,EASTON,6,12,December,2010,2,Monday,14,0,0,3,3,0,32.32971667,-94.54288333,12,1,0,1,0,0,1,0
482528,TEXAS,TX,2,0,3,63,0,BOLIGEE,7,12,December,2010,3,Tuesday,17,58,1,2,2,28,32.95466111,-94.95391111,12,2,0,10,0,0,2,0
482529,TEXAS,TX,1,0,1,313,0,COHUTTA,9,12,December,2010,5,Thursday,0,0,1,1,1,99,30.97738056,-95.89421111,57,2,0,1,0,0,1,0
482530,TEXAS,TX,1,0,1,73,0,ARGO,10,12,December,2010,6,Friday,1,25,0,4,3,140,31.93690000,-95.08351667,42,2,0,10,0,0,1,0
482531,TEXAS,TX,1,0,1,291,0,BLAIRSVILLE,11,12,December,2010,7,Saturday,17,26,0,3,8,92,29.95452500,-94.71064444,34,1,0,1,0,0,1,0
482532,TEXAS,TX,1,0,2,73,0,ARGO,12,12,December,2010,1,Sunday,11,16,0,3,3,28,31.82473611,-94.95036944,42,1,0,1,0,0,1,0
482533,TEXAS,TX,1,0,1,203,0,BENSON,12,12,December,2010,1,Sunday,14,23,0,4,8,19,32.45299722,-94.22364167,42,1,0,1,0,0,1,1
482534,TEXAS,TX,1,1,2,113,2590,COTTONTON,13,12,December,2010,2,Monday,19,34,1,11,1,115,32.85556389,-96.64805833,8,3,0,1,0,0,1,0
482536,TEXAS,TX,2,0,2,223,0,BRASWELL,14,12,December,2010,3,Tuesday,7,45,0,3,3,39,33.09017500,-95.57019722,12,1,0,1,0,0,1,0
482537,TEXAS,TX,1,0,1,467,0,BEN WHEELER,14,12,December,2010,3,Tuesday,3,39,0,6,4,0,32.73787500,-96.03589722,1,2,0,1,0,0,1,0
482538,TEXAS,TX,2,0,4,303,4140,DAVISBORO,15,12,December,2010,4,Wednesday,0,31,1,13,3,122,33.57788889,-101.95720278,12,3,0,1,0,0,1,0
482539,TEXAS,TX,1,1,2,339,0,CONROE,15,12,December,2010,4,Wednesday,17,58,1,2,3,133,30.36128611,-95.60371389,8,2,0,1,0,0,1,0
482540,TEXAS,TX,2,0,2,355,0,AGUA DULCE,16,12,December,2010,5,Thursday,16,30,0,3,8,44,27.71745833,-97.90822500,12,1,0,1,0,0,1,0
482541,TEXAS,TX,2,0,2,467,0,BEN WHEELER,16,12,December,2010,5,Thursday,14,55,0,4,8,138,32.41100833,-95.72031389,12,1,0,1,0,0,1,1
482542,TEXAS,TX,1,1,1,141,0,BEE BRANCH,17,12,December,2010,6,Friday,22,46,1,13,2,254,31.81502778,-106.20455556,8,3,0,1,0,0,1,1
482543,TEXAS,TX,1,0,2,257,0,AVALON,17,12,December,2010,6,Friday,23,6,0,6,4,0,32.43310556,-96.10362500,1,3,0,1,0,0,1,1
482544,TEXAS,TX,4,0,9,381,150,AMARILLO,17,12,December,2010,6,Friday,14,42,0,16,5,0,35.15791667,-101.92025278,12,1,0,10,0,0,1,0
482545,TEXAS,TX,2,0,3,459,0,BETTIE,17,12,December,2010,6,Friday,18,45,0,3,3,16,32.69635556,-94.96470556,12,2,0,1,0,0,1,0
482546,TEXAS,TX,5,0,5,201,3280,ANNETTE,18,12,December,2010,7,Saturday,10,47,0,16,5,0,29.72763056,-95.53906111,12,1,0,1,0,0,1,0
482547,TEXAS,TX,1,0,1,201,5230,ANNETTE,18,12,December,2010,7,Saturday,16,50,0,16,5,0,29.71666667,-95.20292778,21,1,0,1,0,0,1,0
482548,TEXAS,TX,1,0,1,339,0,CONROE,18,12,December,2010,7,Saturday,19,10,0,6,4,0,30.31120278,-95.25497222,31,2,0,1,0,0,1,0
482549,TEXAS,TX,1,0,1,401,0,EASTON,18,12,December,2010,7,Saturday,2,55,0,3,3,29,32.34175278,-94.92093056,42,2,0,1,0,0,1,1
482550,TEXAS,TX,1,0,1,423,0,ARP,18,12,December,2010,7,Saturday,3,35,0,3,8,128,32.42482778,-95.28048611,1,2,0,1,0,0,1,1
482551,TEXAS,TX,2,0,3,135,0,ASH FLAT,19,12,December,2010,1,Sunday,19,10,0,6,4,0,31.89510833,-102.39773889,12,2,0,1,0,0,1,1
482552,TEXAS,TX,1,0,1,213,6983,CARTERS,19,12,December,2010,1,Sunday,1,40,0,4,3,99999,99.99990000,999.99990000,1,2,0,1,0,0,1,1
482553,TEXAS,TX,1,1,1,201,5230,ANNETTE,20,12,December,2010,2,Monday,18,22,0,16,5,0,29.68210556,-95.18275833,8,2,0,1,0,0,1,0
482554,TEXAS,TX,3,0,8,215,3762,BIBB CITY,20,12,December,2010,2,Monday,19,55,1,13,3,277,26.29282778,-98.03775833,12,2,0,1,0,0,1,1
482555,TEXAS,TX,1,0,1,157,0,ARCADE,27,12,December,2010,2,Monday,18,43,0,15,8,53,29.53997222,-95.72165556,42,2,0,1,0,0,1,0
482556,TEXAS,TX,1,0,1,359,0,ADRIAN,20,12,December,2010,2,Monday,10,45,1,1,1,76,35.27223056,-102.63340278,1,1,0,6,0,0,1,0
482557,TEXAS,TX,1,0,1,189,0,BONEVILLE,21,12,December,2010,3,Tuesday,16,55,0,6,4,0,34.24743611,-101.72588889,1,1,0,1,0,0,1,0
482558,TEXAS,TX,1,1,1,453,330,ANDERSON MILL,21,12,December,2010,3,Tuesday,3,28,1,11,1,119,30.19133056,-97.76988611,8,2,0,1,0,0,1,0
482559,TEXAS,TX,2,0,3,215,0,BIBB CITY,22,12,December,2010,4,Wednesday,10,9,0,6,4,0,26.24069167,-98.00830278,12,1,0,1,0,0,1,0
482560,TEXAS,TX,3,0,7,257,0,AVALON,22,12,December,2010,4,Wednesday,10,12,0,3,3,13,32.55017778,-96.34958333,12,1,0,10,0,0,1,0
482561,TEXAS,TX,1,0,1,367,0,ALEDO,22,12,December,2010,4,Wednesday,20,37,0,4,8,6,32.83033611,-97.63310000,42,2,0,1,0,0,1,0
482562,TEXAS,TX,1,0,1,471,3340,DODGE,22,12,December,2010,4,Wednesday,1,18,1,13,2,186,30.72379444,-95.55428333,33,3,0,1,0,0,1,1
482563,TEXAS,TX,1,0,5,13,0,BOLLING,23,12,December,2010,5,Thursday,16,24,1,1,1,217,28.87457778,-98.39720278,1,1,0,1,0,0,1,0
482564,TEXAS,TX,1,0,3,63,0,BOLIGEE,24,12,December,2010,6,Friday,2,5,0,5,8,62,32.97149722,-94.88078333,34,2,0,1,0,0,1,1
482565,TEXAS,TX,1,0,2,423,7070,ARP,24,12,December,2010,6,Friday,16,22,1,13,3,74,32.34398889,-95.35045278,33,1,0,10,0,0,1,0
482566,TEXAS,TX,2,0,4,441,30,ABILENE,24,12,December,2010,6,Friday,13,20,1,13,8,34,32.48191389,-99.73117222,12,1,0,2,0,0,1,0
482567,TEXAS,TX,1,1,2,29,6090,BORDEN SPRINGS,25,12,December,2010,7,Saturday,2,58,1,12,2,220,29.48893889,-98.48298889,8,3,0,1,0,0,1,0
482568,TEXAS,TX,1,0,1,201,3280,ANNETTE,26,12,December,2010,1,Sunday,15,22,0,16,5,0,29.83081944,-95.32429722,42,1,0,1,0,0,1,0
482569,TEXAS,TX,1,0,2,329,4560,MIDLAND,26,12,December,2010,1,Sunday,22,18,1,12,8,147,32.01398611,-102.15867222,1,3,0,1,0,0,1,1
482570,TEXAS,TX,2,0,4,21,0,CHILTON,27,12,December,2010,2,Monday,16,35,1,2,2,41,30.33137500,-97.34855556,12,1,0,10,0,0,1,1
482571,TEXAS,TX,1,0,1,213,0,CARTERS,27,12,December,2010,2,Monday,5,55,0,3,3,74,32.10814167,-95.81024444,42,2,0,1,0,0,1,0
482572,TEXAS,TX,1,0,5,245,5430,AUGUSTA,27,12,December,2010,2,Monday,4,41,0,16,5,0,29.94593611,-93.96315556,1,2,0,1,0,0,1,1
482573,TEXAS,TX,2,0,3,85,1730,BENTON,28,12,December,2010,3,Tuesday,18,55,0,16,5,0,32.99808611,-96.80554167,12,3,0,2,0,0,1,0
482574,TEXAS,TX,2,0,4,121,6881,BON AIR,28,12,December,2010,3,Tuesday,14,8,1,13,8,33,33.10515000,-96.89165833,12,1,10,2,0,0,1,0
482575,TEXAS,TX,2,1,3,439,2450,ARLINGTON,28,12,December,2010,3,Tuesday,13,18,1,11,1,28,32.69182222,-97.24105278,12,1,0,2,0,0,1,0
482576,TEXAS,TX,1,1,2,113,1730,COTTONTON,29,12,December,2010,4,Wednesday,12,16,0,16,5,0,32.66242778,-96.81203889,8,1,0,10,0,0,1,0
482578,TEXAS,TX,1,0,2,439,2450,ARLINGTON,30,12,December,2010,5,Thursday,23,18,1,11,7,170,32.73564167,-97.43747500,33,3,0,1,0,0,1,1
482579,TEXAS,TX,2,0,2,467,0,BEN WHEELER,30,12,December,2010,5,Thursday,18,0,0,3,3,318,32.40605278,-95.59487222,12,3,0,1,0,0,1,0
482580,TEXAS,TX,1,0,2,487,0,HARROLD,30,12,December,2010,5,Thursday,20,45,1,2,2,235,34.13356389,-99.13898333,1,3,0,1,0,0,1,0
482581,TEXAS,TX,1,0,1,1,0,AUTAUGA,31,12,December,2010,6,Friday,22,43,0,4,8,16,31.80931111,-95.87998056,31,2,0,1,0,0,1,1
482582,TEXAS,TX,1,0,1,37,6850,BRADFORD,31,12,December,2010,6,Friday,3,25,1,11,7,404,33.46076389,-94.07503611,52,2,0,10,0,0,1,1
482583,TEXAS,TX,1,0,1,53,0,ATMORE,31,12,December,2010,6,Friday,17,35,0,6,4,0,30.69424167,-98.15069722,39,1,0,1,0,0,1,1
482584,TEXAS,TX,2,0,4,113,1730,COTTONTON,31,12,December,2010,6,Friday,23,24,1,12,2,104,32.85713611,-96.77021111,12,3,0,1,0,0,1,1
482585,TEXAS,TX,1,0,2,113,1730,COTTONTON,31,12,December,2010,6,Friday,23,25,0,16,5,0,32.64726944,-96.94350000,1,3,0,1,0,0,1,1
482586,TEXAS,TX,2,1,3,201,3280,ANNETTE,31,12,December,2010,6,Friday,20,0,1,11,1,292,29.83991389,-95.38896111,8,3,0,1,0,0,1,0
482587,TEXAS,TX,1,0,1,367,7280,ALEDO,31,12,December,2010,6,Friday,1,37,0,16,5,0,32.74541389,-97.75170278,1,2,0,1,0,0,1,0
482588,TEXAS,TX,2,1,2,167,3920,ADRIAN,12,1,January,2010,3,Tuesday,21,54,1,11,1,138,29.46355278,-95.08856944,8,3,0,1,0,0,1,0
482589,TEXAS,TX,1,1,1,215,4197,BIBB CITY,15,1,January,2010,6,Friday,12,56,1,13,8,74,26.20422500,-98.23436667,8,1,0,10,0,0,1,0
482590,TEXAS,TX,1,0,1,309,545,ALAMO,17,1,January,2010,1,Sunday,2,42,0,16,5,0,31.61739167,-97.08191111,32,2,0,1,0,0,1,1
482591,TEXAS,TX,1,1,2,39,3800,ANDALUSIA,25,1,January,2010,2,Monday,19,32,1,12,3,97,29.02526389,-95.43744167,8,2,0,1,0,0,1,0
482592,TEXAS,TX,4,0,8,121,3960,BON AIR,2,2,February,2010,3,Tuesday,23,25,1,11,1,71,33.04936944,-97.00936389,12,3,0,1,0,0,1,0
482593,TEXAS,TX,2,0,2,375,150,AMARILLO,5,3,March,2010,6,Friday,2,18,1,13,8,226,35.19418333,-101.74232778,12,3,0,1,0,0,1,0
482594,TEXAS,TX,1,0,1,375,150,AMARILLO,7,3,March,2010,1,Sunday,4,30,1,11,7,226,35.19307222,-101.76073056,1,2,0,2,0,0,1,0
482595,TEXAS,TX,2,0,2,439,2450,ARLINGTON,14,3,March,2010,1,Sunday,22,5,1,11,1,142,32.85880000,-97.31459722,12,2,0,1,0,0,1,0
482596,TEXAS,TX,1,1,1,381,150,AMARILLO,4,5,May,2010,3,Tuesday,6,35,0,16,5,0,35.16323611,-101.84941389,9,1,0,1,0,0,1,0
482597,TEXAS,TX,1,0,1,375,150,AMARILLO,5,5,May,2010,4,Wednesday,6,16,0,16,5,0,35.20603889,-101.93089167,1,2,0,1,0,0,1,1
482598,TEXAS,TX,2,0,3,441,4500,ABILENE,7,5,May,2010,6,Friday,18,26,0,4,8,11,32.46880556,-100.01240278,12,1,0,1,0,0,1,1
482599,TEXAS,TX,1,1,1,29,6090,BORDEN SPRINGS,9,5,May,2010,1,Sunday,4,29,1,11,1,117,29.31107778,-98.61527222,8,3,0,1,0,0,1,1
482600,TEXAS,TX,4,0,11,375,150,AMARILLO,15,5,May,2010,7,Saturday,20,17,0,16,5,0,35.20315556,-101.79543056,12,1,0,1,0,0,2,0
482601,TEXAS,TX,1,1,1,381,150,AMARILLO,15,5,May,2010,7,Saturday,1,35,0,16,5,0,35.15400000,-101.88118889,8,3,0,1,0,0,1,1
482602,TEXAS,TX,1,0,1,401,3120,EASTON,15,5,May,2010,7,Saturday,1,59,0,16,5,0,32.15993333,-94.77958889,42,2,0,10,0,0,1,1
482603,TEXAS,TX,2,0,2,29,6090,BORDEN SPRINGS,21,5,May,2010,6,Friday,7,39,0,16,5,0,29.39326111,-98.45236944,12,1,0,1,0,0,1,0
482604,TEXAS,TX,2,0,3,375,150,AMARILLO,30,5,May,2010,1,Sunday,18,26,1,13,2,159,35.22686944,-101.72911111,12,1,0,1,0,0,1,1
482605,TEXAS,TX,2,0,2,479,3899,AGUILARES,15,6,June,2010,3,Tuesday,12,45,0,16,5,0,27.62591944,-99.50091111,14,1,0,1,0,0,1,0
482606,TEXAS,TX,1,0,1,439,2450,ARLINGTON,27,6,June,2010,1,Sunday,23,12,1,11,1,127,32.83858056,-97.31535000,57,2,0,1,0,0,1,1
482607,TEXAS,TX,2,0,3,409,3380,ARANSAS PASS,10,7,July,2010,7,Saturday,15,23,0,14,3,69,27.87309167,-97.18266667,12,1,0,1,0,0,1,0
482608,TEXAS,TX,1,1,2,291,1380,BLAIRSVILLE,24,7,July,2010,7,Saturday,1,31,0,13,3,35,30.33623056,-95.10200278,8,6,0,1,0,0,1,1
482609,TEXAS,TX,1,0,1,403,0,BRONSON,31,7,July,2010,7,Saturday,16,7,0,4,8,6,31.25133333,-94.01713333,1,1,0,1,0,0,1,0
482610,TEXAS,TX,1,1,1,157,3580,ARCADE,6,8,August,2010,6,Friday,10,25,1,11,7,22,29.77534444,-95.81913333,9,1,0,1,0,0,1,0
482611,TEXAS,TX,1,0,1,167,3920,ADRIAN,12,8,August,2010,5,Thursday,23,58,1,11,7,140,29.46616667,-95.09043611,24,2,0,1,0,0,1,1
482614,TEXAS,TX,1,1,1,61,6110,BELLWOOD,10,10,October,2010,1,Sunday,3,19,0,15,8,23,26.10084167,-97.65975556,8,2,0,1,0,0,1,0
482615,TEXAS,TX,2,0,2,339,4667,CONROE,21,10,October,2010,5,Thursday,14,5,1,2,3,85,30.38723889,-95.67632778,12,1,0,1,0,0,1,0
482616,TEXAS,TX,1,1,3,439,2450,ARLINGTON,31,10,October,2010,1,Sunday,20,41,0,16,5,0,32.70669444,-97.29748611,8,3,0,1,0,0,1,0
482617,TEXAS,TX,1,0,1,201,3280,ANNETTE,30,11,November,2010,3,Tuesday,2,5,0,16,5,0,29.82114444,-95.50801944,33,2,0,1,0,0,1,1
482618,TEXAS,TX,3,0,5,439,2450,ARLINGTON,3,12,December,2010,6,Friday,11,37,0,16,5,0,32.72537778,-97.34388889,12,1,0,1,0,0,1,0
482619,TEXAS,TX,2,0,2,453,0,ANDERSON MILL,8,12,December,2010,4,Wednesday,21,40,0,4,8,205,30.24903889,-97.57096389,12,2,0,1,0,0,1,1
482620,TEXAS,TX,1,0,1,113,1730,COTTONTON,11,12,December,2010,7,Saturday,15,25,0,16,5,0,32.84904722,-96.69742500,33,1,0,1,0,0,1,0
482621,TEXAS,TX,1,0,3,181,6350,LINCOLN,3,1,January,2010,1,Sunday,0,11,1,2,2,148,33.67121944,-96.69160833,1,2,0,10,0,0,2,1
482622,TEXAS,TX,1,1,2,355,1550,AGUA DULCE,15,1,January,2010,6,Friday,18,33,1,13,3,121,27.68758611,-97.38822500,8,3,0,10,0,0,1,0
482623,TEXAS,TX,1,0,4,439,4965,ARLINGTON,21,1,January,2010,5,Thursday,19,39,9,19,8,99999,32.83716944,-97.21412778,5,3,0,10,0,0,1,0
482624,TEXAS,TX,3,0,6,113,2800,COTTONTON,23,1,January,2010,7,Saturday,0,34,1,11,1,36,32.75981944,-96.97353333,1,2,0,1,0,0,1,1
482625,TEXAS,TX,3,0,5,361,7200,BRIDGE CITY,29,1,January,2010,6,Friday,20,21,1,13,8,9,30.11123889,-94.00696389,12,2,0,1,0,0,1,1
482626,TEXAS,TX,2,2,2,29,6090,BORDEN SPRINGS,7,2,February,2010,1,Sunday,3,30,1,11,1,268,29.52103889,-98.39586111,12,2,0,1,0,0,2,0
482627,TEXAS,TX,2,0,2,485,7490,BURKBURNETT,10,2,February,2010,4,Wednesday,2,11,0,16,5,0,33.86384444,-98.56105833,45,3,0,1,0,0,1,1
482628,TEXAS,TX,1,1,2,451,6080,CARLSBAD,16,2,February,2010,3,Tuesday,20,9,1,12,8,30,31.42283611,-100.46651111,9,3,0,1,0,0,1,1
482629,TEXAS,TX,1,0,1,451,6080,CARLSBAD,20,2,February,2010,7,Saturday,16,56,1,12,2,301,31.40393333,-100.43740833,24,1,0,1,0,0,1,0
482630,TEXAS,TX,2,0,2,451,6080,CARLSBAD,21,2,February,2010,1,Sunday,6,50,1,12,2,45,31.44786111,-100.49265000,12,4,0,1,0,0,2,1
482631,TEXAS,TX,1,0,1,245,5430,AUGUSTA,7,3,March,2010,1,Sunday,16,4,0,13,2,172,29.91910278,-93.95449444,1,1,0,1,0,0,1,0
482632,TEXAS,TX,1,0,1,141,2190,BEE BRANCH,11,3,March,2010,5,Thursday,3,5,0,16,5,0,31.79804167,-106.24042222,30,3,0,1,0,0,1,1
482633,TEXAS,TX,1,0,1,141,2190,BEE BRANCH,13,3,March,2010,7,Saturday,3,36,1,13,8,91,31.84435278,-106.44524444,33,2,0,1,0,0,1,0
482634,TEXAS,TX,2,0,2,245,490,AUGUSTA,15,3,March,2010,2,Monday,21,46,0,16,5,0,30.09138333,-94.17141389,12,3,0,1,0,0,1,1
482635,TEXAS,TX,2,0,2,41,970,BRANTLEY,24,3,March,2010,4,Wednesday,15,1,1,13,8,74,30.64710556,-96.39245556,12,1,0,2,0,0,1,0
482637,TEXAS,TX,1,0,2,141,2190,BEE BRANCH,6,4,April,2010,3,Tuesday,3,33,0,16,5,0,31.92744444,-106.37222500,38,2,0,1,0,0,1,1
482638,TEXAS,TX,2,0,2,309,7210,ALAMO,17,4,April,2010,7,Saturday,2,13,0,16,5,0,31.53811389,-97.15115000,12,3,0,10,0,0,1,2
482639,TEXAS,TX,1,1,1,141,2190,BEE BRANCH,24,4,April,2010,7,Saturday,2,42,1,13,8,181,31.95290833,-106.36256944,8,2,0,1,0,0,1,0
482640,TEXAS,TX,1,0,1,485,7490,BURKBURNETT,2,5,May,2010,1,Sunday,14,18,0,16,5,0,33.89164444,-98.49878611,33,1,0,1,0,0,1,0
482641,TEXAS,TX,6,0,10,37,6850,BRADFORD,7,5,May,2010,6,Friday,13,0,1,11,1,367,33.45485278,-94.13805833,12,1,0,1,0,0,1,0
482642,TEXAS,TX,1,1,1,355,1550,AGUA DULCE,7,5,May,2010,6,Friday,20,38,0,16,5,0,27.85860833,-97.60823333,8,2,0,1,0,0,1,0
482643,TEXAS,TX,2,0,2,141,2190,BEE BRANCH,8,5,May,2010,7,Saturday,0,18,1,11,1,179,31.76712500,-106.50827222,24,3,0,1,0,0,1,0
482644,TEXAS,TX,1,0,1,355,1550,AGUA DULCE,9,5,May,2010,1,Sunday,0,50,1,12,3,24,27.76511667,-97.41920556,52,3,0,1,0,0,1,1
482645,TEXAS,TX,1,1,1,167,3850,ADRIAN,11,5,May,2010,3,Tuesday,15,13,0,14,8,53,29.35784167,-94.99891667,9,1,0,1,0,0,1,0
482646,TEXAS,TX,5,0,10,135,5030,ASH FLAT,16,5,May,2010,1,Sunday,2,7,0,16,5,0,31.89219167,-102.33360833,12,3,0,10,0,0,1,3
482647,TEXAS,TX,3,0,6,453,330,ANDERSON MILL,22,5,May,2010,7,Saturday,17,4,1,12,2,53,30.22931667,-97.88924167,12,1,0,10,0,0,1,0
482648,TEXAS,TX,1,0,2,453,330,ANDERSON MILL,24,5,May,2010,2,Monday,2,17,1,11,7,165,30.24783056,-97.73480833,33,3,0,1,0,0,1,1
482649,TEXAS,TX,2,0,6,485,7490,BURKBURNETT,28,5,May,2010,6,Friday,17,44,0,16,5,0,33.84881667,-98.56118056,12,1,0,1,0,0,1,0
482650,TEXAS,TX,2,0,2,29,6090,BORDEN SPRINGS,29,5,May,2010,7,Saturday,18,40,1,13,8,103,29.51053611,-98.62474444,12,1,0,1,0,0,1,0
482651,TEXAS,TX,1,0,5,251,1370,DOVER,30,5,May,2010,1,Sunday,0,34,1,13,3,215,32.40404722,-97.38335000,1,3,0,1,0,0,1,1
482652,TEXAS,TX,1,0,1,139,4570,CALION,2,6,June,2010,4,Wednesday,11,34,1,13,2,355,32.45040000,-96.93005556,21,1,0,1,0,0,1,0
482653,TEXAS,TX,1,0,2,201,3280,ANNETTE,5,6,June,2010,7,Saturday,0,43,1,11,7,7,29.79639722,-95.45068333,33,3,0,10,0,0,1,1
482654,TEXAS,TX,2,0,4,361,885,BRIDGE CITY,6,6,June,2010,1,Sunday,13,19,1,13,3,80,30.02339167,-93.84369167,12,1,0,1,0,0,1,0
482655,TEXAS,TX,2,0,2,453,330,ANDERSON MILL,15,6,June,2010,3,Tuesday,16,43,0,16,5,0,30.21222500,-97.78714444,12,1,0,1,0,0,1,1
482656,TEXAS,TX,1,1,2,39,7350,ANDALUSIA,2,7,July,2010,6,Friday,13,55,0,16,5,0,29.13542500,-95.64973611,8,1,0,2,0,0,1,0
482657,TEXAS,TX,1,1,1,141,2190,BEE BRANCH,2,7,July,2010,6,Friday,12,45,0,14,8,0,31.77702500,-106.41244722,8,1,0,10,0,0,1,0
482658,TEXAS,TX,2,0,2,29,0,BORDEN SPRINGS,9,7,July,2010,6,Friday,10,15,0,4,2,127,29.15147778,-98.48346111,12,1,0,10,0,0,1,0
482659,TEXAS,TX,3,0,6,29,6090,BORDEN SPRINGS,12,7,July,2010,2,Monday,22,52,1,12,2,76,29.40163333,-98.53795833,12,3,0,1,0,0,1,1
482660,TEXAS,TX,2,0,6,113,1730,COTTONTON,15,7,July,2010,5,Thursday,23,10,1,11,1,125,32.70478056,-96.75406944,12,3,0,1,0,0,2,0
482661,TEXAS,TX,2,0,2,29,2187,BORDEN SPRINGS,16,7,July,2010,6,Friday,1,50,0,3,8,93,29.24285000,-98.34963056,12,2,0,1,0,0,1,1
482662,TEXAS,TX,1,1,1,29,6090,BORDEN SPRINGS,7,8,August,2010,7,Saturday,2,22,1,11,1,453,99.99990000,999.99990000,8,3,0,1,0,0,1,0
482663,TEXAS,TX,2,0,5,29,6090,BORDEN SPRINGS,8,8,August,2010,1,Sunday,19,0,0,16,5,0,29.35316111,-98.48948611,12,1,0,1,0,0,4,1
482664,TEXAS,TX,1,1,1,141,2190,BEE BRANCH,15,8,August,2010,1,Sunday,22,8,0,14,8,21,31.79110000,-106.23640000,8,2,0,1,0,0,1,0
482665,TEXAS,TX,1,0,1,141,2190,BEE BRANCH,21,8,August,2010,7,Saturday,6,52,1,11,1,111,31.84202778,-106.57146111,1,1,0,1,0,0,1,1
482666,TEXAS,TX,1,0,1,167,0,ADRIAN,28,8,August,2010,7,Saturday,13,55,0,3,3,267,29.30291667,-94.78161667,1,1,0,1,0,0,1,0
482667,TEXAS,TX,3,0,7,113,1730,COTTONTON,6,9,September,2010,2,Monday,4,40,1,11,1,75,32.79176944,-96.73910833,12,3,0,1,0,0,2,1
482668,TEXAS,TX,2,0,3,375,150,AMARILLO,6,9,September,2010,2,Monday,4,8,1,13,8,187,35.22220278,-101.87697778,12,2,0,1,0,0,1,0
482669,TEXAS,TX,2,0,3,201,3280,ANNETTE,14,9,September,2010,3,Tuesday,15,55,0,16,5,0,29.64587222,-95.31232500,12,1,0,1,0,0,1,0
482670,TEXAS,TX,1,0,2,29,6090,BORDEN SPRINGS,19,9,September,2010,1,Sunday,1,0,0,14,2,22,29.40306667,-98.62552222,24,3,0,2,0,0,1,0
482671,TEXAS,TX,1,0,1,29,6090,BORDEN SPRINGS,22,9,September,2010,4,Wednesday,19,26,1,11,1,2,29.29334722,-98.39517500,1,1,0,1,0,0,1,0
482672,TEXAS,TX,2,0,2,121,1840,BON AIR,23,9,September,2010,5,Thursday,18,5,1,13,2,26,33.19884167,-97.13819444,12,1,0,1,0,0,1,0
482673,TEXAS,TX,1,1,1,113,1730,COTTONTON,25,9,September,2010,7,Saturday,4,15,1,11,7,167,32.64895556,-96.77715000,8,2,0,2,0,0,1,0
482674,TEXAS,TX,1,1,2,29,6090,BORDEN SPRINGS,16,10,October,2010,7,Saturday,19,30,0,16,5,0,29.41956111,-98.62964167,8,3,0,1,0,0,1,0
482675,TEXAS,TX,2,0,2,115,0,ASHVILLE,23,10,October,2010,7,Saturday,7,25,1,2,3,142,32.79534444,-101.99737222,12,4,0,1,0,0,1,0
482676,TEXAS,TX,1,0,1,113,1730,COTTONTON,25,10,October,2010,2,Monday,0,15,1,11,1,202,32.79283611,-96.79282500,33,3,0,1,0,0,1,1
482677,TEXAS,TX,1,1,1,61,940,BELLWOOD,31,10,October,2010,1,Sunday,5,11,0,16,5,0,25.97921111,-97.51970833,8,2,0,1,0,0,1,0
482678,TEXAS,TX,1,1,1,439,2450,ARLINGTON,5,11,November,2010,6,Friday,21,5,0,16,5,0,32.74606111,-97.21830000,8,3,0,1,0,0,1,0
482679,TEXAS,TX,1,0,1,475,0,BARSTOW,6,11,November,2010,7,Saturday,21,5,0,4,3,142,31.51371389,-102.89584167,31,2,0,1,0,0,1,1
482680,TEXAS,TX,1,0,3,215,0,BIBB CITY,12,11,November,2010,6,Friday,4,15,0,9,4,0,99.99990000,999.99990000,38,2,0,1,0,0,1,1
482681,TEXAS,TX,2,0,2,29,6090,BORDEN SPRINGS,16,11,November,2010,3,Tuesday,6,21,1,11,7,314,29.49500833,-98.40138611,12,2,0,1,0,0,1,0
482682,TEXAS,TX,2,0,3,29,6090,BORDEN SPRINGS,16,11,November,2010,3,Tuesday,20,27,1,11,1,203,29.48490278,-98.53488611,5,3,0,1,0,0,1,0
482683,TEXAS,TX,1,0,2,183,4080,FORT STEWART,19,11,November,2010,6,Friday,3,10,1,13,2,155,32.50415278,-94.71007778,33,3,0,1,0,0,1,1
482684,TEXAS,TX,3,0,6,423,0,ARP,19,11,November,2010,6,Friday,18,5,1,1,1,243,32.44880556,-95.18917222,12,3,0,1,0,0,1,0
482685,TEXAS,TX,1,0,2,29,6090,BORDEN SPRINGS,21,11,November,2010,1,Sunday,5,12,0,4,8,46,29.60881667,-98.49288333,35,3,0,10,0,0,1,1