ST_CASE,State Name,State Abbreviation,VE_TOTAL,Pedestrains,Total_Persons_in_accident,COUNTY,CITY,City_County_Name,Calendar_DAY,MONTH,Month_Name,YEAR,DAY_WEEK,Day_Week_desc,HOUR,MINUTE,NHS_Desc,trafficway,ROUTE,MILEPT,LATITUDE,LONGITUD,First_Crash_event,Light_cond_desc,Weather_condition,WEATHER,SCH_BUS,Crash_cause,FATALS,DRUNK_DR
482686,TEXAS,TX,1,1,1,215,0,BIBB CITY,23,11,November,2010,3,Tuesday,16,30,0,6,4,0,26.14923056,-98.05533889,8,1,0,1,0,0,1,0
482687,TEXAS,TX,2,0,6,3,0,BALDWIN,24,11,November,2010,4,Wednesday,21,32,0,5,8,10,32.26097222,-102.77628333,12,2,0,1,0,0,1,0
482688,TEXAS,TX,1,0,1,439,2450,ARLINGTON,25,11,November,2010,5,Thursday,0,25,1,11,7,214,32.73305000,-97.36195556,1,3,0,1,0,0,1,1
482689,TEXAS,TX,1,0,1,439,2450,ARLINGTON,28,11,November,2010,1,Sunday,2,34,1,11,1,170,32.84240278,-97.34788056,26,2,0,1,0,0,1,1
482690,TEXAS,TX,2,0,2,439,2450,ARLINGTON,13,12,December,2010,2,Monday,19,49,1,12,2,201,32.91461111,-97.34725833,12,2,0,1,0,0,2,0
482691,TEXAS,TX,1,0,1,3,0,BALDWIN,15,12,December,2010,4,Wednesday,18,55,0,5,8,5,32.37325556,-102.81331944,1,2,0,1,0,0,1,0
482692,TEXAS,TX,1,0,1,329,0,MIDLAND,18,12,December,2010,7,Saturday,11,16,1,13,8,9,31.89260278,-102.27437778,1,1,0,1,0,0,1,0
482693,TEXAS,TX,1,0,1,85,5390,BENTON,22,12,December,2010,4,Wednesday,11,5,1,12,7,180,33.11801667,-96.75120556,39,1,0,1,0,0,1,1
482694,TEXAS,TX,1,0,2,439,2450,ARLINGTON,24,12,December,2010,6,Friday,21,45,1,13,3,130,32.83957222,-97.04017778,3,2,0,2,0,0,1,1
482695,TEXAS,TX,1,0,1,309,0,ALAMO,27,12,December,2010,2,Monday,20,15,0,6,4,0,31.81264444,-97.08783333,1,2,0,1,0,0,1,1
482696,TEXAS,TX,1,0,1,389,0,BALMORHEA,31,12,December,2010,6,Friday,13,58,1,1,1,359,31.36038889,-103.68869722,1,1,0,1,0,0,1,0
482697,TEXAS,TX,2,0,3,141,2190,BEE BRANCH,4,7,July,2010,1,Sunday,2,14,1,13,8,70,31.74088611,-106.28950556,12,3,0,1,0,0,2,2
482698,TEXAS,TX,2,0,2,257,6830,AVALON,7,7,July,2010,4,Wednesday,10,39,1,11,1,63,32.70281111,-96.27546667,12,1,0,1,0,0,1,1
482699,TEXAS,TX,2,0,2,277,5220,BROOKFIELD,4,8,August,2010,4,Wednesday,9,20,0,15,8,2,33.66513056,-95.53569722,12,1,0,1,0,0,1,0
482700,TEXAS,TX,3,0,4,257,6830,AVALON,30,8,August,2010,2,Monday,9,45,1,11,1,126,32.71474444,-96.31314722,57,1,0,1,0,0,2,0
482701,TEXAS,TX,1,1,1,29,6090,BORDEN SPRINGS,12,10,October,2010,3,Tuesday,19,46,0,16,5,0,29.42766389,-98.48971667,8,3,0,1,0,0,1,0
482702,TEXAS,TX,3,1,2,201,3280,ANNETTE,13,11,November,2010,7,Saturday,2,12,1,11,1,292,29.87323056,-95.40995000,12,3,0,2,0,0,1,0
482704,TEXAS,TX,1,0,1,439,2450,ARLINGTON,12,12,December,2010,1,Sunday,1,49,1,11,1,61,32.73758889,-97.22507778,59,3,0,1,0,0,1,1
482705,TEXAS,TX,1,0,1,27,0,ASHLAND,15,12,December,2010,4,Wednesday,10,30,0,6,4,0,31.08034444,-97.48587778,24,1,0,1,0,0,1,0
482706,TEXAS,TX,1,0,1,61,0,BELLWOOD,19,12,December,2010,1,Sunday,1,20,0,15,3,50,26.16836111,-97.59880556,32,2,0,1,0,0,1,1
482707,TEXAS,TX,1,0,1,489,0,LASARA,23,12,December,2010,5,Thursday,2,30,0,3,3,65,26.47886944,-97.89380556,34,2,0,5,0,0,1,1
482708,TEXAS,TX,1,0,4,453,0,ANDERSON MILL,25,12,December,2010,7,Saturday,0,14,0,6,4,0,30.12113611,-97.59558611,32,2,0,1,0,0,1,0
482709,TEXAS,TX,2,0,2,339,0,CONROE,28,12,December,2010,3,Tuesday,13,44,0,6,4,0,30.41685278,-95.41986389,1,1,0,1,0,0,1,0
482710,TEXAS,TX,2,1,3,141,2190,BEE BRANCH,10,2,February,2010,4,Wednesday,23,11,1,12,2,132,31.88450000,-106.44092222,8,3,0,2,0,0,1,0
482711,TEXAS,TX,2,0,3,201,3280,ANNETTE,29,3,March,2010,2,Monday,3,27,1,12,7,124,29.68827778,-95.53097222,12,3,0,1,0,0,1,2
482712,TEXAS,TX,3,1,2,113,2590,COTTONTON,15,4,April,2010,5,Thursday,12,37,0,16,5,0,32.83398333,-96.59585278,12,1,0,1,0,0,1,0
482713,TEXAS,TX,1,1,1,21,0,CHILTON,25,4,April,2010,1,Sunday,1,20,0,6,4,0,30.33811944,-97.34923056,8,2,0,1,0,0,1,0
482714,TEXAS,TX,3,0,4,141,2190,BEE BRANCH,30,4,April,2010,6,Friday,16,0,1,12,8,26,31.90576111,-106.55794167,12,1,0,10,0,0,1,0
482715,TEXAS,TX,2,0,3,29,6090,BORDEN SPRINGS,4,5,May,2010,3,Tuesday,12,15,1,13,8,181,29.52350833,-98.41101389,12,1,0,1,0,0,1,0
482716,TEXAS,TX,1,1,2,27,6810,ASHLAND,7,5,May,2010,6,Friday,21,26,0,14,8,11,31.10694722,-97.37490278,8,2,0,1,0,0,1,0
482717,TEXAS,TX,2,0,2,51,6450,CENTRAL,8,5,May,2010,7,Saturday,20,36,1,2,3,6,30.33871389,-96.52342222,12,2,0,1,0,0,1,0
482718,TEXAS,TX,2,0,2,309,545,ALAMO,12,5,May,2010,4,Wednesday,17,45,0,14,8,13,31.61665000,-97.09341389,12,1,0,1,0,0,1,1
482719,TEXAS,TX,2,0,3,141,2190,BEE BRANCH,22,5,May,2010,7,Saturday,2,23,1,11,1,340,31.70026667,-106.28332500,14,3,0,1,0,0,1,1
482720,TEXAS,TX,2,0,3,215,5330,BIBB CITY,19,6,June,2010,7,Saturday,2,46,1,13,8,48,26.12892222,-98.21590000,12,2,0,1,0,0,2,0
482721,TEXAS,TX,2,0,2,419,6820,CENTER,25,6,June,2010,6,Friday,6,48,1,2,2,2,31.94650556,-94.23955278,12,1,0,1,0,0,1,0
482722,TEXAS,TX,1,0,2,419,1270,CENTER,16,7,July,2010,6,Friday,0,10,0,14,3,180,31.79339167,-94.15929167,1,2,0,1,0,0,1,1
482724,TEXAS,TX,1,0,1,215,6666,BIBB CITY,31,7,July,2010,7,Saturday,2,20,0,16,5,0,26.27180833,-98.57171667,1,2,0,1,0,0,1,0
482725,TEXAS,TX,1,0,4,167,2570,ADRIAN,1,8,August,2010,1,Sunday,21,19,0,16,5,0,29.31635833,-94.75527778,5,2,0,1,0,0,1,0
482726,TEXAS,TX,1,0,1,309,4095,ALAMO,14,8,August,2010,7,Saturday,3,32,1,1,1,20,31.36976944,-97.21623611,24,2,0,1,0,0,1,1
482727,TEXAS,TX,2,0,2,215,4197,BIBB CITY,15,8,August,2010,1,Sunday,8,20,0,16,5,0,26.23260000,-98.24541111,14,1,0,1,0,0,1,0
482728,TEXAS,TX,1,1,2,355,1550,AGUA DULCE,28,8,August,2010,7,Saturday,18,38,0,16,5,0,27.61844722,-97.20213889,8,1,0,1,0,0,1,0
482729,TEXAS,TX,2,0,3,201,3280,ANNETTE,30,10,October,2010,7,Saturday,19,30,1,11,7,103,29.78425833,-95.64379722,12,3,0,1,0,0,1,0
482730,TEXAS,TX,1,1,4,215,5330,BIBB CITY,30,10,October,2010,7,Saturday,22,3,1,12,2,69,26.22226111,-98.17968611,8,3,0,1,0,0,1,0
482731,TEXAS,TX,2,0,2,303,4140,DAVISBORO,30,10,October,2010,7,Saturday,7,54,1,11,1,36,33.54547222,-101.84508611,12,3,0,1,0,0,1,1
482732,TEXAS,TX,1,1,4,479,3899,AGUILARES,31,10,October,2010,1,Sunday,16,40,1,13,2,14,27.49829722,-99.46910000,8,1,0,1,0,0,1,0
482733,TEXAS,TX,1,1,1,201,3280,ANNETTE,8,11,November,2010,2,Monday,9,45,0,16,5,0,29.74809167,-95.57198333,9,1,0,1,0,0,1,0
482734,TEXAS,TX,2,0,3,201,3280,ANNETTE,12,11,November,2010,6,Friday,23,0,0,16,5,0,29.84723333,-95.40971389,12,3,0,10,0,0,1,0
482735,TEXAS,TX,2,0,3,83,1430,ARDMORE,20,11,November,2010,7,Saturday,9,44,1,13,2,27,31.85408333,-99.42604167,12,1,0,1,0,0,1,0
482736,TEXAS,TX,6,0,10,439,4965,ARLINGTON,14,12,December,2010,3,Tuesday,10,28,1,13,8,56,32.86201667,-97.20923056,12,1,0,1,0,0,1,0
482737,TEXAS,TX,1,0,1,201,3280,ANNETTE,22,12,December,2010,4,Wednesday,22,40,1,12,7,26,29.59618889,-95.44813056,33,3,0,1,0,0,1,1
482738,TEXAS,TX,2,0,3,215,5330,BIBB CITY,22,12,December,2010,4,Wednesday,12,58,0,16,5,0,26.22629444,-98.16183333,12,1,0,1,0,0,1,0
482739,TEXAS,TX,1,0,1,85,4230,BENTON,23,12,December,2010,5,Thursday,22,4,0,16,5,0,33.19728333,-96.61022500,33,2,0,1,0,0,1,1
482740,TEXAS,TX,1,1,1,201,3280,ANNETTE,24,12,December,2010,6,Friday,19,19,0,16,5,0,29.69138611,-95.29879444,8,3,0,2,0,0,1,0
482741,TEXAS,TX,1,1,1,439,2450,ARLINGTON,24,12,December,2010,6,Friday,21,0,0,16,5,0,32.86275556,-97.29028611,8,3,0,2,0,0,1,1
482742,TEXAS,TX,1,0,1,325,0,CASTROVILLE,26,12,December,2010,1,Sunday,18,0,0,4,8,54,29.55804167,-99.23825833,53,2,0,1,0,0,1,1
482743,TEXAS,TX,2,0,4,55,9997,ATTALLA,1,1,January,2010,6,Friday,16,46,1,2,3,23,30.03050278,-97.67446389,12,1,0,1,0,0,1,1
482744,TEXAS,TX,2,0,4,141,9997,BEE BRANCH,27,1,January,2010,4,Wednesday,15,50,1,11,1,422,31.63625556,-106.22180833,12,1,0,10,0,0,2,0
482745,TEXAS,TX,2,0,3,61,6110,BELLWOOD,14,2,February,2010,1,Sunday,2,45,0,14,8,5,26.12109167,-97.64151111,12,3,0,1,0,0,2,2
482746,TEXAS,TX,2,0,3,167,0,ADRIAN,17,2,February,2010,4,Wednesday,19,22,1,12,3,33,29.50909722,-95.00114444,12,3,0,1,0,0,1,0
482747,TEXAS,TX,3,0,5,403,0,BRONSON,23,3,March,2010,3,Tuesday,12,35,1,2,3,18,31.41123056,-94.01317500,54,1,0,1,0,0,1,0
482748,TEXAS,TX,1,0,1,405,0,BROADDUS,23,3,March,2010,3,Tuesday,2,40,1,2,2,20,31.59864167,-94.14605278,1,2,0,1,0,0,1,0
482749,TEXAS,TX,2,0,3,215,5535,BIBB CITY,11,4,April,2010,1,Sunday,2,25,1,13,2,636,26.08703333,-97.95844722,12,3,0,1,0,0,1,1
482750,TEXAS,TX,1,1,1,135,5030,ASH FLAT,24,7,July,2010,7,Saturday,4,51,0,16,5,0,31.89929444,-102.29689722,8,2,0,1,0,0,1,0
482751,TEXAS,TX,2,0,4,471,3340,DODGE,25,7,July,2010,1,Sunday,17,20,1,13,2,11,30.71612222,-95.52554722,12,1,0,1,0,0,1,0
482752,TEXAS,TX,2,1,3,215,5330,BIBB CITY,2,8,August,2010,2,Monday,15,58,1,12,2,270,26.20713889,-98.18538611,12,1,0,1,0,0,1,0
482753,TEXAS,TX,1,0,1,141,2190,BEE BRANCH,4,9,September,2010,7,Saturday,17,45,0,16,5,0,31.90286667,-106.42098056,42,1,0,1,0,0,1,1
482754,TEXAS,TX,2,0,2,201,3280,ANNETTE,7,9,September,2010,3,Tuesday,11,54,1,12,8,82,29.65649167,-95.55363056,12,1,0,2,0,0,1,0
482755,TEXAS,TX,2,0,1,245,490,AUGUSTA,11,9,September,2010,7,Saturday,12,7,0,16,5,0,30.05630556,-94.08707500,38,1,0,1,0,0,1,0
482756,TEXAS,TX,1,0,1,167,2570,ADRIAN,12,9,September,2010,1,Sunday,23,11,0,16,5,0,29.29686944,-94.79643611,30,2,0,1,0,0,1,0
482757,TEXAS,TX,1,0,1,439,2450,ARLINGTON,17,9,September,2010,6,Friday,20,45,0,16,5,179,32.76320833,-97.30176111,19,3,0,1,0,0,1,1
482758,TEXAS,TX,2,0,2,141,2190,BEE BRANCH,8,10,October,2010,6,Friday,19,4,0,16,5,0,31.76720833,-106.28693056,12,3,0,1,0,0,1,1
482759,TEXAS,TX,2,0,3,167,2570,ADRIAN,6,11,November,2010,7,Saturday,16,6,0,16,5,0,29.29675278,-94.79345833,12,1,0,1,0,0,1,1
482760,TEXAS,TX,1,0,1,169,0,BRADLEY,15,11,November,2010,2,Monday,22,30,1,2,2,194,33.15957222,-101.34601111,39,2,0,1,0,0,1,0
482761,TEXAS,TX,1,0,1,201,3280,ANNETTE,9,12,December,2010,5,Thursday,23,29,1,12,3,69,29.65934167,-95.38725833,35,3,0,1,0,0,1,1
482762,TEXAS,TX,2,0,3,423,0,ARP,13,12,December,2010,2,Monday,12,51,1,13,3,143,32.28421111,-95.35703611,12,1,0,1,0,0,1,0
482763,TEXAS,TX,1,0,1,371,2440,COYANOSA,17,12,December,2010,6,Friday,19,1,1,13,8,22,30.89394167,-102.90012778,1,3,0,1,0,0,1,0
482764,TEXAS,TX,1,0,1,113,1730,COTTONTON,19,12,December,2010,1,Sunday,22,19,0,16,5,0,32.94089722,-96.78265556,53,3,0,1,0,0,1,0
482765,TEXAS,TX,1,1,1,215,7330,BIBB CITY,24,12,December,2010,6,Friday,18,50,0,16,5,0,26.16269167,-98.00680556,8,2,0,1,0,0,1,0
482766,TEXAS,TX,1,0,4,27,6810,ASHLAND,16,10,October,2010,7,Saturday,5,35,0,16,5,0,31.11881389,-97.32642222,5,1,0,1,0,0,1,0
482767,TEXAS,TX,2,0,7,29,6090,BORDEN SPRINGS,12,9,September,2010,1,Sunday,0,23,0,4,8,80,29.34754167,-98.24976111,12,2,0,10,0,0,1,1
482769,TEXAS,TX,1,1,1,441,30,ABILENE,25,5,May,2010,3,Tuesday,21,27,0,14,8,35,32.48440000,-99.69072222,15,3,0,1,0,0,1,0
482770,TEXAS,TX,2,0,2,167,2570,ADRIAN,21,6,June,2010,2,Monday,21,58,1,13,3,41,29.30477222,-94.80342500,12,2,0,1,0,0,1,0
482771,TEXAS,TX,1,0,1,201,3280,ANNETTE,22,9,September,2010,4,Wednesday,1,41,1,11,7,368,29.77007778,-95.21521111,24,3,0,1,0,0,1,1
482772,TEXAS,TX,1,0,2,201,3280,ANNETTE,29,10,October,2010,6,Friday,2,7,1,12,3,30,29.71693889,-95.37885556,24,3,0,1,0,0,1,0
482773,TEXAS,TX,2,0,2,201,3280,ANNETTE,4,11,November,2010,5,Thursday,5,57,0,16,5,0,29.80317778,-95.46256944,12,3,0,1,0,0,1,0
482774,TEXAS,TX,2,0,2,135,5030,ASH FLAT,1,12,December,2010,4,Wednesday,3,49,0,16,5,0,31.87735833,-102.33935000,12,3,0,1,0,0,1,0
482775,TEXAS,TX,2,0,2,201,3280,ANNETTE,19,12,December,2010,1,Sunday,4,40,0,16,5,0,29.72320556,-95.49574722,12,3,0,1,0,0,1,2
482776,TEXAS,TX,1,0,2,29,9997,BORDEN SPRINGS,16,3,March,2010,3,Tuesday,7,12,0,14,8,48,29.50986389,-98.23803889,30,2,0,2,0,0,1,0
482777,TEXAS,TX,2,0,2,187,6237,DAHLONEGA,19,3,March,2010,6,Friday,1,28,1,11,1,25,29.60400278,-98.27251667,12,3,0,1,0,0,1,0
482778,TEXAS,TX,2,0,4,465,0,COMSTOCK,25,4,April,2010,1,Sunday,6,15,1,2,2,599,29.63972222,-101.13228333,12,2,0,1,0,0,1,0
482779,TEXAS,TX,2,0,2,439,0,ARLINGTON,23,12,December,2010,5,Thursday,16,36,1,13,3,3,32.60133056,-97.52297500,12,1,0,10,0,0,1,0
482780,TEXAS,TX,1,1,1,453,330,ANDERSON MILL,29,1,January,2010,6,Friday,21,43,1,11,1,214,30.31133889,-97.70940833,8,3,0,10,0,0,1,0
482781,TEXAS,TX,1,1,1,29,6090,BORDEN SPRINGS,18,2,February,2010,5,Thursday,19,29,0,16,5,0,29.41666111,-98.52840000,8,2,0,1,0,0,1,0
482782,TEXAS,TX,1,1,1,141,2190,BEE BRANCH,24,2,February,2010,4,Wednesday,8,10,0,16,5,0,31.77433056,-106.32119444,8,1,0,1,0,0,1,0
482783,TEXAS,TX,1,0,4,13,5400,BOLLING,26,2,February,2010,6,Friday,1,37,1,13,2,111,28.98164167,-98.47999167,33,2,0,1,0,0,1,1
482784,TEXAS,TX,3,0,4,453,330,ANDERSON MILL,26,2,February,2010,6,Friday,18,52,0,16,5,0,30.21657222,-97.73431944,12,3,0,1,0,0,1,1
482785,TEXAS,TX,3,0,3,491,3981,ANDERSON MILL,31,3,March,2010,4,Wednesday,8,46,0,3,3,75,30.66691667,-97.90925556,12,1,0,1,0,0,1,0
482786,TEXAS,TX,1,0,1,453,330,ANDERSON MILL,8,4,April,2010,5,Thursday,1,53,0,16,5,0,30.14474167,-97.85281667,34,2,0,1,0,0,1,1
482787,TEXAS,TX,1,0,2,141,2190,BEE BRANCH,3,5,May,2010,2,Monday,7,40,1,11,1,228,31.77797778,-106.44998889,25,1,0,1,0,0,1,0
482788,TEXAS,TX,2,1,2,453,330,ANDERSON MILL,12,6,June,2010,7,Saturday,21,6,0,16,5,0,30.21121944,-97.82461944,12,3,0,1,0,0,1,1
482789,TEXAS,TX,1,0,9,29,6090,BORDEN SPRINGS,8,8,August,2010,1,Sunday,20,9,1,11,1,409,29.32013611,-98.51221667,1,1,0,1,0,0,1,1
482790,TEXAS,TX,1,1,1,167,0,ADRIAN,7,9,September,2010,3,Tuesday,1,16,1,13,3,8,29.40528333,-95.18357222,8,2,0,10,0,0,1,0
482791,TEXAS,TX,1,0,5,401,3120,EASTON,18,9,September,2010,7,Saturday,0,48,0,16,5,0,32.15990278,-94.75826944,5,3,0,1,0,0,1,0
482792,TEXAS,TX,2,0,4,213,1424,CARTERS,1,10,October,2010,6,Friday,16,45,1,2,3,11,32.12136389,-95.48724167,12,1,0,1,0,0,1,1
482793,TEXAS,TX,2,0,2,367,9997,ALEDO,2,10,October,2010,7,Saturday,9,16,1,1,7,258,32.74894167,-97.67642778,12,1,0,1,0,0,1,0
482794,TEXAS,TX,1,2,1,355,5850,AGUA DULCE,27,10,October,2010,4,Wednesday,9,1,1,12,2,30,27.76070278,-97.68366944,8,1,0,1,0,0,2,1
482795,TEXAS,TX,3,0,6,355,5850,AGUA DULCE,30,10,October,2010,7,Saturday,10,26,1,13,3,103,27.78553611,-97.64942500,12,1,0,1,0,0,4,1
482796,TEXAS,TX,2,0,3,113,6685,COTTONTON,11,11,November,2010,5,Thursday,16,38,1,12,2,74,32.78358611,-96.55438611,12,1,0,10,0,0,2,0
482797,TEXAS,TX,1,0,2,445,920,BROWNFIELD,21,11,November,2010,1,Sunday,0,16,1,13,2,218,33.17476111,-102.27504444,33,3,0,1,0,0,2,1
482799,TEXAS,TX,1,1,1,29,0,BORDEN SPRINGS,25,12,December,2010,7,Saturday,19,41,0,3,3,94,29.23319722,-98.58370278,8,2,0,10,0,0,1,0
482800,TEXAS,TX,1,0,1,141,2190,BEE BRANCH,14,4,April,2010,4,Wednesday,6,46,1,2,8,165,31.89883889,-106.36224722,38,1,0,1,0,0,1,1
482801,TEXAS,TX,1,0,3,441,7069,ABILENE,12,6,June,2010,7,Saturday,1,0,1,11,1,53,32.45949722,-99.85349167,44,3,0,1,0,0,1,0
482802,TEXAS,TX,1,0,1,471,3340,DODGE,25,6,June,2010,6,Friday,23,2,1,13,8,20,30.74203889,-95.54569167,24,2,0,1,0,0,1,0
482803,TEXAS,TX,1,0,3,339,6536,CONROE,31,7,July,2010,7,Saturday,19,0,1,2,2,32,30.23214167,-95.16554722,24,1,0,1,0,0,1,0
482804,TEXAS,TX,3,0,3,209,3760,AILEY,13,8,August,2010,6,Friday,16,30,9,99,8,151,30.01554722,-97.86550278,12,1,0,1,0,0,1,0
482805,TEXAS,TX,2,0,3,375,150,AMARILLO,4,9,September,2010,7,Saturday,17,49,0,16,5,0,35.20498889,-101.86005833,12,1,0,1,0,0,1,0
482806,TEXAS,TX,2,0,5,29,4015,BORDEN SPRINGS,28,11,November,2010,1,Sunday,3,50,1,11,1,383,29.56754444,-98.33125833,1,3,0,1,0,0,2,0
482807,TEXAS,TX,1,0,2,167,6860,ADRIAN,21,1,January,2010,5,Thursday,19,25,0,14,8,161,29.47038889,-94.97388889,30,2,0,1,0,0,1,0
482808,TEXAS,TX,1,0,2,27,6810,ASHLAND,17,4,April,2010,7,Saturday,6,9,1,11,1,263,31.14196389,-97.32823611,30,2,0,2,0,0,1,0
482810,TEXAS,TX,1,0,2,141,3276,BEE BRANCH,7,10,October,2010,5,Thursday,3,50,0,16,5,0,31.66583889,-106.18878333,33,2,0,1,0,0,1,1
482811,TEXAS,TX,1,0,1,141,2190,BEE BRANCH,23,1,January,2010,7,Saturday,5,18,0,16,5,0,31.77058611,-106.34608889,39,3,0,2,0,0,1,0
482812,TEXAS,TX,1,0,2,141,2190,BEE BRANCH,31,1,January,2010,1,Sunday,4,12,0,16,5,0,31.84794722,-106.42262500,33,3,0,10,0,0,1,1
482813,TEXAS,TX,1,0,1,39,130,ANDALUSIA,18,7,July,2010,1,Sunday,6,21,0,14,8,126,29.39734167,-95.26750556,32,4,0,1,0,0,1,0
482814,TEXAS,TX,3,0,6,201,0,ANNETTE,17,3,March,2010,4,Wednesday,13,41,0,6,4,0,29.99398889,-95.52670000,12,1,0,1,0,0,1,0
482815,TEXAS,TX,1,0,2,201,0,ANNETTE,16,4,April,2010,6,Friday,12,10,0,6,4,0,29.95400000,-95.47328333,32,1,0,1,0,0,1,0
490001,UTAH,UT,1,1,1,47,2010,BROWNS,5,1,January,2010,3,Tuesday,7,6,0,16,5,0,40.41331667,-109.53753333,8,4,0,1,0,0,1,0
490002,UTAH,UT,1,0,1,57,1610,BANKSTON,14,1,January,2010,5,Thursday,9,25,1,11,1,805,41.18330556,-112.01162222,24,1,0,5,0,0,1,1
490003,UTAH,UT,2,0,4,45,0,ARITON,28,1,January,2010,5,Thursday,18,46,0,3,3,636,40.67621111,-112.27718333,12,2,0,1,0,0,3,0
490004,UTAH,UT,2,0,3,49,1390,COLLINSVILLE,29,1,January,2010,6,Friday,10,45,1,11,1,2709,40.30456667,-111.72606389,54,1,0,1,0,0,1,0
490005,UTAH,UT,2,0,3,35,1924,BROOKLYN,1,2,February,2010,2,Monday,18,10,0,13,3,0,40.63864167,-111.93888056,12,3,0,1,0,0,1,0
490006,UTAH,UT,2,0,3,3,0,BALDWIN,10,2,February,2010,4,Wednesday,17,3,1,1,1,3843,41.75569167,-112.18225556,12,1,0,1,0,0,1,0
490007,UTAH,UT,1,1,1,3,2120,BALDWIN,25,2,February,2010,5,Thursday,14,20,1,1,1,3556,41.36656667,-112.04338056,8,1,0,1,0,0,1,0
490008,UTAH,UT,4,0,5,5,2080,BAKER HILL,1,2,February,2010,2,Monday,17,10,1,2,2,149,41.60376389,-111.95961111,12,1,0,10,0,0,2,0
490009,UTAH,UT,2,0,2,49,0,COLLINSVILLE,18,2,February,2010,5,Thursday,7,39,0,3,2,3048,39.92711389,-111.54625000,12,1,0,4,0,0,1,0
490010,UTAH,UT,3,0,3,35,1820,BROOKLYN,1,3,March,2010,2,Monday,8,16,0,16,6,0,40.69469722,-111.89120278,12,1,0,1,0,0,1,0
490011,UTAH,UT,4,0,9,53,0,ATMORE,10,3,March,2010,4,Wednesday,12,26,1,1,1,357,37.40115278,-113.23977500,12,1,0,4,0,0,1,0
490012,UTAH,UT,1,0,2,57,1350,BANKSTON,14,3,March,2010,1,Sunday,4,13,0,13,3,74,41.24411111,-111.95079167,42,2,0,1,0,0,1,1
490014,UTAH,UT,1,0,1,13,0,BOLLING,20,3,March,2010,7,Saturday,99,99,0,3,2,2636,39.84703056,-110.77171389,17,9,0,99,0,0,1,0
490015,UTAH,UT,2,0,3,49,9997,COLLINSVILLE,21,3,March,2010,1,Sunday,14,0,0,3,3,254,40.32907500,-112.10260278,12,1,0,1,0,0,1,0
490016,UTAH,UT,1,0,4,27,0,ASHLAND,13,3,March,2010,7,Saturday,14,0,0,3,2,1006,39.49265000,-112.40180833,1,1,0,4,0,0,1,0
490017,UTAH,UT,2,0,3,53,1670,ATMORE,10,3,March,2010,4,Wednesday,12,54,0,15,5,49,37.09297778,-113.55713333,12,1,0,10,0,0,2,0
490018,UTAH,UT,2,0,2,49,9997,COLLINSVILLE,6,3,March,2010,7,Saturday,14,30,0,3,2,3015,39.87127778,-111.53595000,12,1,0,1,0,0,1,0
490019,UTAH,UT,2,0,3,53,0,ATMORE,9,3,March,2010,3,Tuesday,9,30,0,3,3,175,37.14047778,-113.25136111,12,1,0,4,0,0,1,0
490020,UTAH,UT,2,0,2,37,0,BRADFORD,11,3,March,2010,5,Thursday,9,10,0,3,2,45,37.87241389,-109.26246667,12,1,0,11,0,0,1,1
490021,UTAH,UT,1,0,1,53,0,ATMORE,1,4,April,2010,5,Thursday,7,1,0,3,3,226,37.37479444,-113.65734167,1,4,0,1,0,0,1,0
490022,UTAH,UT,1,0,1,45,0,ARITON,2,4,April,2010,6,Friday,13,57,0,3,3,286,40.61864444,-112.70393333,1,1,0,10,0,0,1,0
490023,UTAH,UT,1,1,2,35,2113,BROOKLYN,3,4,April,2010,7,Saturday,17,5,0,13,3,0,40.69781944,-111.93905278,8,1,0,10,0,0,1,0
490024,UTAH,UT,3,0,3,35,2113,BROOKLYN,18,2,February,2010,5,Thursday,9,16,0,16,5,0,40.70395278,-111.97718333,12,1,0,1,0,0,1,0
490025,UTAH,UT,2,0,3,49,0,COLLINSVILLE,18,2,February,2010,5,Thursday,15,34,1,11,1,2645,40.22666389,-111.67778611,12,1,0,1,0,0,1,0
490026,UTAH,UT,1,0,4,35,0,BROOKLYN,11,3,March,2010,5,Thursday,19,10,0,16,5,0,40.68265556,-111.89515000,10,1,0,1,0,0,2,0
490027,UTAH,UT,1,0,4,21,0,CHILTON,27,3,March,2010,7,Saturday,2,45,1,1,1,833,37.92578333,-112.77053889,1,2,0,10,0,0,1,0
490028,UTAH,UT,1,0,2,45,0,ARITON,10,4,April,2010,7,Saturday,22,0,1,1,1,80,40.74101389,-113.89869722,31,2,0,1,0,0,1,1
490029,UTAH,UT,1,0,1,53,760,ATMORE,16,4,April,2010,6,Friday,7,55,0,16,5,0,37.16414722,-113.43383889,33,2,0,1,0,0,1,0
490030,UTAH,UT,1,0,1,11,260,BULLOCK,16,4,April,2010,6,Friday,13,15,1,11,1,3340,41.10360833,-112.00402778,39,1,0,10,0,0,1,1
490031,UTAH,UT,1,0,1,1,0,AUTAUGA,17,4,April,2010,7,Saturday,8,48,1,1,1,1024,38.16209722,-112.61878889,1,1,0,1,0,0,1,0