ST_CASE,State Name,State Abbreviation,VE_TOTAL,Pedestrains,Total_Persons_in_accident,COUNTY,CITY,City_County_Name,Calendar_DAY,MONTH,Month_Name,YEAR,DAY_WEEK,Day_Week_desc,HOUR,MINUTE,NHS_Desc,trafficway,ROUTE,MILEPT,LATITUDE,LONGITUD,First_Crash_event,Light_cond_desc,Weather_condition,WEATHER,SCH_BUS,Crash_cause,FATALS,DRUNK_DR
490032,UTAH,UT,1,0,1,43,359,BAILEYTON,9,5,May,2010,1,Sunday,14,23,0,6,5,0,40.97309444,-111.44102222,5,1,0,1,0,0,1,0
490033,UTAH,UT,1,0,1,35,2113,BROOKLYN,10,5,May,2010,2,Monday,22,49,0,12,3,145,40.72709722,-111.95308611,1,2,0,1,0,0,1,0
490034,UTAH,UT,1,0,1,43,0,BAILEYTON,11,5,May,2010,3,Tuesday,16,16,1,1,1,1404,40.75063889,-111.60221111,1,1,0,1,0,0,1,0
490035,UTAH,UT,1,0,1,27,0,ASHLAND,24,4,April,2010,7,Saturday,0,30,0,3,3,83,39.36403333,-112.34893889,38,2,0,1,0,0,1,0
490036,UTAH,UT,2,0,5,35,1700,BROOKLYN,23,3,March,2010,3,Tuesday,1,40,0,16,5,0,40.76945833,-111.87764167,12,2,0,1,0,0,1,1
490037,UTAH,UT,1,0,3,15,0,ANNISTON,12,5,May,2010,4,Wednesday,13,36,1,1,1,1399,38.91481111,-110.51147500,1,1,0,3,0,0,1,0
490038,UTAH,UT,3,0,2,57,2095,BANKSTON,23,3,March,2010,3,Tuesday,18,42,0,13,3,26,41.23096111,-112.09286111,54,1,0,10,0,0,1,0
490039,UTAH,UT,3,0,4,35,1710,BROOKLYN,12,4,April,2010,2,Monday,19,52,1,11,1,2955,40.59020000,-111.90115833,25,5,0,2,0,0,1,0
490040,UTAH,UT,2,1,12,41,0,BRANTLEY,29,4,April,2010,5,Thursday,22,56,1,1,1,114,38.55684167,-112.42517778,25,2,0,1,0,0,1,0
490041,UTAH,UT,2,1,2,49,1500,COLLINSVILLE,11,5,May,2010,3,Tuesday,3,26,1,11,1,2744,40.34800000,-111.76576111,12,2,0,10,0,0,2,0
490042,UTAH,UT,1,0,4,3,0,BALDWIN,19,5,May,2010,4,Wednesday,14,45,1,1,1,371,41.76516667,-112.26516667,31,1,0,10,0,0,1,0
490043,UTAH,UT,1,0,1,39,0,ANDALUSIA,23,5,May,2010,1,Sunday,6,34,0,3,2,2864,39.66332778,-111.45286667,35,1,0,1,0,0,1,0
490044,UTAH,UT,1,0,1,57,1310,BANKSTON,21,5,May,2010,6,Friday,23,52,0,14,3,0,41.30592500,-111.97673333,33,2,0,2,0,0,1,1
490045,UTAH,UT,1,0,1,23,0,BLADON SPRINGS,18,5,May,2010,3,Tuesday,4,19,1,1,1,2351,39.84703056,-111.83807500,52,2,0,10,0,0,1,0
490046,UTAH,UT,1,0,1,53,220,ATMORE,26,5,May,2010,4,Wednesday,6,48,0,3,3,263,37.42252500,-113.63193611,31,4,0,1,1,0,1,0
490047,UTAH,UT,1,1,1,57,2095,BANKSTON,28,5,May,2010,6,Friday,1,35,0,16,5,0,41.20245556,-112.06436667,8,2,0,1,0,0,1,0
490048,UTAH,UT,2,0,2,43,0,BAILEYTON,29,4,April,2010,5,Thursday,7,10,0,3,3,224,40.74933889,-111.36497500,12,1,0,4,0,0,1,0
490049,UTAH,UT,2,0,3,49,0,COLLINSVILLE,5,4,April,2010,2,Monday,23,17,0,3,2,1864,40.03392222,-111.51500833,12,2,0,4,0,0,1,0
490050,UTAH,UT,2,0,2,57,2095,BANKSTON,7,4,April,2010,4,Wednesday,23,29,0,14,3,0,41.20534444,-112.02582778,12,3,0,1,0,0,1,0
490051,UTAH,UT,1,2,1,45,885,ARITON,21,5,May,2010,6,Friday,21,17,0,3,3,653,40.68551944,-112.26877222,8,2,0,2,0,0,1,0
490052,UTAH,UT,2,0,2,3,1470,BALDWIN,12,4,April,2010,2,Monday,13,51,1,1,1,3585,41.43655000,-112.05737222,12,1,0,1,0,0,1,0
490053,UTAH,UT,2,0,2,35,2113,BROOKLYN,10,5,May,2010,2,Monday,6,48,0,14,3,0,40.66983333,-112.02484167,12,2,0,2,0,0,1,0
490054,UTAH,UT,1,0,1,11,910,BULLOCK,7,6,June,2010,2,Monday,20,27,0,16,5,0,41.09246667,-111.90411944,5,5,0,1,0,0,1,1
490055,UTAH,UT,1,0,1,47,507,BROWNS,7,6,June,2010,2,Monday,18,22,0,6,5,0,40.28286389,-109.87632778,1,1,0,1,0,0,1,0
490056,UTAH,UT,1,0,2,49,0,COLLINSVILLE,10,6,June,2010,5,Thursday,23,35,0,3,2,110,40.32848611,-111.63345278,25,2,0,1,0,0,1,1
490057,UTAH,UT,1,0,1,39,0,ANDALUSIA,11,6,June,2010,6,Friday,14,0,0,6,5,0,39.77905833,-111.45419722,1,1,0,1,0,0,1,0
490058,UTAH,UT,1,0,1,39,0,ANDALUSIA,20,6,June,2010,1,Sunday,13,23,0,3,3,484,39.61970556,-111.63139444,35,1,0,1,0,0,1,0
490059,UTAH,UT,1,0,5,53,0,ATMORE,14,6,June,2010,2,Monday,13,0,0,6,5,0,37.51476389,-113.31848056,1,1,0,1,0,0,1,0
490060,UTAH,UT,1,0,1,35,2100,BROOKLYN,2,4,April,2010,6,Friday,21,37,0,16,5,0,40.60965278,-112.01995000,38,2,0,2,0,0,1,1
490061,UTAH,UT,2,0,4,3,390,BALDWIN,11,5,May,2010,3,Tuesday,16,58,0,3,3,181,41.68182222,-112.14140000,12,1,0,1,0,0,1,0
490062,UTAH,UT,2,0,4,27,0,ASHLAND,15,4,April,2010,5,Thursday,13,1,1,2,2,930,39.35337778,-112.49658889,12,1,0,10,0,0,2,0
490063,UTAH,UT,2,0,2,53,1670,ATMORE,17,4,April,2010,7,Saturday,21,33,0,16,6,0,37.10722222,-113.55102778,14,3,0,1,0,0,1,1
490064,UTAH,UT,2,0,2,23,0,BLADON SPRINGS,30,4,April,2010,6,Friday,7,0,0,3,3,369,39.71610000,-111.76820833,12,1,0,4,0,0,1,0
490065,UTAH,UT,3,0,5,53,0,ATMORE,12,5,May,2010,4,Wednesday,15,53,0,2,3,132,37.21679722,-113.26406389,12,1,0,2,0,0,1,0
490066,UTAH,UT,2,0,3,35,1700,BROOKLYN,30,5,May,2010,1,Sunday,11,5,0,13,2,99998,40.75849167,-111.88825000,12,1,0,1,0,0,1,0
490067,UTAH,UT,1,0,3,35,1700,BROOKLYN,26,6,June,2010,7,Saturday,23,16,0,16,6,0,40.77618611,-111.93420278,33,2,0,1,0,0,1,1
490068,UTAH,UT,2,0,3,3,0,BALDWIN,8,5,May,2010,7,Saturday,17,53,0,3,3,912,41.78473611,-112.16387500,12,1,0,1,0,0,1,0
490069,UTAH,UT,2,0,3,35,0,BROOKLYN,21,5,May,2010,6,Friday,18,18,1,1,1,1363,40.73971389,-111.67087500,12,1,0,2,0,0,1,0
490070,UTAH,UT,1,0,2,19,0,CEDAR BLUFF,30,6,June,2010,4,Wednesday,3,0,0,3,3,21,38.60627500,-109.55789444,1,2,0,1,0,0,2,1
490071,UTAH,UT,2,0,3,35,0,BROOKLYN,6,6,June,2010,1,Sunday,2,0,0,15,5,0,40.68705000,-111.80193889,12,6,0,1,0,0,1,1
490072,UTAH,UT,1,0,7,49,0,COLLINSVILLE,24,6,June,2010,5,Thursday,11,57,0,3,2,1843,40.03129444,-111.51191667,1,1,0,1,0,0,2,0
490073,UTAH,UT,2,0,5,35,1120,BROOKLYN,21,6,June,2010,2,Monday,13,58,0,13,2,0,40.59964167,-111.89085833,12,1,0,1,0,0,1,0
490074,UTAH,UT,1,1,1,35,1700,BROOKLYN,1,7,July,2010,5,Thursday,7,15,0,13,3,0,40.72413611,-111.87133333,8,1,0,1,0,0,1,0
490075,UTAH,UT,2,0,2,35,1820,BROOKLYN,24,6,June,2010,5,Thursday,10,57,0,13,3,99998,40.69791667,-111.87154722,12,1,0,1,0,0,1,0
490076,UTAH,UT,2,0,8,57,0,BANKSTON,26,6,June,2010,7,Saturday,7,39,0,13,3,220,41.26155000,-111.70829722,12,1,0,1,0,0,5,1
490077,UTAH,UT,2,0,5,11,2090,BULLOCK,28,6,June,2010,2,Monday,11,29,1,11,1,3181,40.90293889,-111.89128889,59,1,0,1,0,0,1,0
490078,UTAH,UT,2,1,3,35,344,BROOKLYN,14,7,July,2010,4,Wednesday,6,45,0,14,6,0,40.48762778,-111.88201944,12,1,0,1,0,0,1,0
490079,UTAH,UT,2,0,4,53,0,ATMORE,18,7,July,2010,1,Sunday,17,7,1,1,1,309,37.33181111,-113.28226111,12,1,0,1,0,0,2,0
490080,UTAH,UT,1,1,1,35,1700,BROOKLYN,13,4,April,2010,3,Tuesday,6,13,0,14,5,0,40.72553611,-111.87768333,8,3,0,2,0,0,1,0
490081,UTAH,UT,1,0,3,49,1730,COLLINSVILLE,3,7,July,2010,7,Saturday,5,45,1,1,1,2430,39.96475278,-111.78700556,24,4,0,1,0,0,2,0
490082,UTAH,UT,1,0,1,33,0,CHEROKEE,11,7,July,2010,1,Sunday,8,20,0,3,3,56,41.48183333,-111.11572222,1,1,0,1,0,0,1,1
490083,UTAH,UT,1,0,2,19,0,CEDAR BLUFF,10,7,July,2010,7,Saturday,16,27,1,1,1,2131,39.02025000,-109.30160556,1,1,0,1,0,0,1,0
490084,UTAH,UT,1,0,1,39,0,ANDALUSIA,10,7,July,2010,7,Saturday,17,40,0,6,5,0,39.09676111,-111.49749722,18,1,0,1,0,0,1,0
490085,UTAH,UT,1,0,1,35,1800,BROOKLYN,5,7,July,2010,2,Monday,9,41,0,16,5,0,40.54390556,-111.95471667,25,1,0,1,0,0,1,0
490086,UTAH,UT,1,0,3,35,1700,BROOKLYN,15,7,July,2010,5,Thursday,21,51,0,16,5,0,40.63825000,-111.81198056,17,3,0,1,0,0,1,0
490087,UTAH,UT,1,0,1,43,0,BAILEYTON,24,7,July,2010,7,Saturday,15,23,0,16,5,0,40.80952222,-111.49518056,42,1,0,1,0,0,1,1
490088,UTAH,UT,1,0,1,49,1500,COLLINSVILLE,15,7,July,2010,5,Thursday,19,30,0,16,5,0,40.38225000,-111.73207222,35,1,0,1,0,0,1,1
490089,UTAH,UT,1,0,1,27,0,ASHLAND,17,7,July,2010,7,Saturday,9,46,1,1,1,19,38.59138333,-112.57450000,42,1,0,1,0,0,1,0
490090,UTAH,UT,1,0,3,19,0,CEDAR BLUFF,20,7,July,2010,3,Tuesday,17,1,1,1,1,1749,38.92202500,-109.92920000,1,1,0,1,0,0,1,0
490091,UTAH,UT,5,0,11,43,0,BAILEYTON,7,8,August,2010,7,Saturday,12,19,0,3,3,63,40.63193333,-111.18679167,12,1,0,10,0,0,1,0
490092,UTAH,UT,1,0,15,21,0,CHILTON,9,8,August,2010,2,Monday,18,40,1,1,1,657,37.77587222,-112.99575833,1,1,0,1,0,0,3,0
490093,UTAH,UT,1,0,1,11,1900,BULLOCK,9,8,August,2010,2,Monday,19,57,0,14,3,16,41.14007500,-112.03600000,10,1,0,1,0,0,1,1
490094,UTAH,UT,3,0,3,35,1020,BROOKLYN,11,8,August,2010,4,Wednesday,14,53,0,13,3,77,40.71844444,-112.08243333,12,1,0,1,0,0,1,0
490095,UTAH,UT,4,0,4,49,970,COLLINSVILLE,31,8,August,2010,3,Tuesday,6,13,1,11,1,2731,40.32940278,-111.73679444,12,1,0,1,0,0,1,0
490096,UTAH,UT,1,1,1,35,712,BROOKLYN,13,7,July,2010,3,Tuesday,16,24,0,16,5,0,40.68698333,-111.79957778,9,1,0,1,0,0,1,0
490097,UTAH,UT,2,0,2,35,2100,BROOKLYN,26,6,June,2010,7,Saturday,8,19,0,16,5,0,40.62183611,-111.95789444,12,1,0,1,0,0,1,0
490098,UTAH,UT,1,0,1,21,1450,CHILTON,3,8,August,2010,3,Tuesday,6,45,1,1,1,749,37.83527500,-112.87216111,31,1,0,1,0,0,1,1
490099,UTAH,UT,1,0,1,23,0,BLADON SPRINGS,9,8,August,2010,2,Monday,23,20,0,3,2,1380,39.93711944,-112.14912500,35,2,0,1,0,0,1,1
490100,UTAH,UT,1,0,1,23,0,BLADON SPRINGS,9,8,August,2010,2,Monday,23,30,0,3,2,1395,39.94896389,-112.12509167,35,2,0,1,0,0,1,1
490101,UTAH,UT,1,0,1,35,1700,BROOKLYN,15,8,August,2010,1,Sunday,7,13,1,11,1,148,40.72748611,-111.95214167,31,1,0,1,0,0,1,0
490102,UTAH,UT,1,0,2,49,0,COLLINSVILLE,22,8,August,2010,1,Sunday,4,30,0,3,2,1549,39.96106944,-111.86485278,1,2,0,1,0,0,1,1
490103,UTAH,UT,1,0,4,15,0,ANNISTON,28,8,August,2010,7,Saturday,1,30,1,1,1,1500,38.93217222,-110.35423333,1,2,0,1,0,0,1,0
490104,UTAH,UT,1,0,1,9,0,BLOUNT,31,8,August,2010,3,Tuesday,15,27,0,3,3,33,40.97626944,-109.81590278,1,1,0,1,0,0,1,0
490105,UTAH,UT,1,0,1,35,0,BROOKLYN,29,8,August,2010,1,Sunday,5,26,0,14,3,90,40.82582500,-111.65731389,35,2,0,1,0,0,1,1
490106,UTAH,UT,2,0,3,25,0,BARLOW BEND,10,7,July,2010,7,Saturday,16,47,0,3,2,116,37.08914444,-111.72615000,12,1,0,1,0,0,3,0
490107,UTAH,UT,2,0,3,49,0,COLLINSVILLE,12,7,July,2010,2,Monday,0,29,1,2,2,2136,39.89235278,-111.05289444,11,2,0,1,0,0,1,0
490108,UTAH,UT,1,1,1,35,1700,BROOKLYN,27,8,August,2010,6,Friday,5,58,0,16,5,0,40.72543611,-111.90721111,9,3,0,1,0,0,1,0
490109,UTAH,UT,2,0,2,15,0,ANNISTON,20,7,July,2010,3,Tuesday,10,50,0,3,3,581,39.45554722,-110.86063333,12,1,0,1,0,0,1,0
490110,UTAH,UT,2,0,4,49,0,COLLINSVILLE,31,7,July,2010,7,Saturday,8,17,1,2,2,1871,39.99921667,-111.48685556,12,1,0,1,0,0,2,0
490111,UTAH,UT,1,1,1,35,1240,BROOKLYN,20,5,May,2010,5,Thursday,14,19,0,14,3,0,40.67422500,-111.86661111,8,1,0,1,0,0,1,0
490112,UTAH,UT,1,0,1,47,0,BROWNS,13,3,March,2010,7,Saturday,6,58,0,6,5,0,40.34700278,-109.91538056,42,4,0,1,0,0,1,1
490113,UTAH,UT,2,0,2,35,712,BROOKLYN,18,8,August,2010,4,Wednesday,9,34,1,11,1,72,40.63453889,-111.81773056,12,1,0,1,0,0,1,0
490114,UTAH,UT,2,0,4,49,0,COLLINSVILLE,19,8,August,2010,5,Thursday,12,31,0,13,3,350,40.38570000,-111.94392500,12,1,0,2,0,0,1,0
490115,UTAH,UT,2,0,3,49,0,COLLINSVILLE,24,8,August,2010,3,Tuesday,14,57,1,13,2,129,40.35439444,-111.58229722,12,1,0,1,0,0,1,0
490116,UTAH,UT,2,0,2,35,0,BROOKLYN,11,9,September,2010,7,Saturday,20,36,1,11,1,1380,40.74764722,-111.64057778,12,2,0,1,0,0,1,1
490117,UTAH,UT,1,1,1,35,1710,BROOKLYN,22,9,September,2010,4,Wednesday,14,0,1,13,3,99999,40.58074722,-111.87249167,8,1,0,10,0,0,1,0
490118,UTAH,UT,2,0,3,35,1924,BROOKLYN,28,9,September,2010,3,Tuesday,20,24,1,13,3,99998,40.65319722,-111.96720556,12,3,0,1,0,0,1,0
490119,UTAH,UT,1,0,1,35,9997,BROOKLYN,8,5,May,2010,7,Saturday,18,35,0,3,3,0,40.62359444,-111.59517222,5,1,0,1,0,0,1,1
490120,UTAH,UT,1,0,3,27,0,ASHLAND,7,9,September,2010,3,Tuesday,9,30,1,2,2,1126,39.11567778,-112.33314444,1,1,0,1,0,0,1,0
490121,UTAH,UT,1,0,2,51,0,CENTRAL,4,9,September,2010,7,Saturday,14,6,0,6,5,0,40.45583056,-111.05117778,42,1,0,1,0,0,1,1
490122,UTAH,UT,1,0,6,49,0,COLLINSVILLE,1,9,September,2010,4,Wednesday,2,25,1,11,1,2431,39.96606944,-111.77696111,1,2,0,1,0,0,3,0
490123,UTAH,UT,1,0,2,39,0,ANDALUSIA,30,9,September,2010,5,Thursday,11,30,0,3,3,4,39.67482500,-111.30970000,5,1,0,1,0,0,1,0
490124,UTAH,UT,1,0,2,23,0,BLADON SPRINGS,9,9,September,2010,5,Thursday,12,9,1,1,1,2125,39.57552778,-111.93489167,31,1,0,1,0,0,1,0
490125,UTAH,UT,2,0,2,35,1700,BROOKLYN,8,7,July,2010,5,Thursday,7,53,0,16,5,0,40.76822500,-111.88545278,12,1,0,1,0,0,1,0
490126,UTAH,UT,1,1,1,35,9997,BROOKLYN,20,6,June,2010,1,Sunday,19,44,0,16,5,0,40.62994722,-111.82790278,8,1,0,1,0,0,1,0
490127,UTAH,UT,1,0,1,17,0,CHAMBERS,9,9,September,2010,5,Thursday,19,21,0,6,5,0,37.88515000,-111.03057778,35,1,0,1,0,0,1,1
490128,UTAH,UT,1,1,1,5,990,BAKER HILL,8,7,July,2010,5,Thursday,17,48,0,16,5,0,41.71322500,-111.85438056,9,1,0,1,0,0,1,0
490129,UTAH,UT,1,0,5,15,0,ANNISTON,2,10,October,2010,7,Saturday,20,24,0,3,3,57,39.66755556,-111.24378333,1,2,0,1,0,0,1,1
490130,UTAH,UT,1,1,2,35,1924,BROOKLYN,23,7,July,2010,6,Friday,18,53,0,16,5,0,40.66884722,-111.91230556,8,1,0,1,0,0,1,0
490131,UTAH,UT,2,0,2,57,9997,BANKSTON,13,8,August,2010,6,Friday,19,46,0,14,3,0,41.30643889,-112.02771667,12,1,0,1,0,0,1,0
490132,UTAH,UT,1,1,1,13,1250,BOLLING,5,9,September,2010,1,Sunday,20,51,1,2,2,1046,40.19198889,-110.07305278,8,2,0,1,0,0,1,0
490133,UTAH,UT,1,0,2,19,0,CEDAR BLUFF,26,9,September,2010,1,Sunday,13,55,1,1,1,2285,39.18383611,-109.11621111,35,1,0,1,0,0,1,0
490134,UTAH,UT,2,0,3,35,1700,BROOKLYN,19,8,August,2010,5,Thursday,23,6,0,16,5,0,40.76474722,-111.89686667,12,3,0,1,0,0,1,0
490135,UTAH,UT,2,0,6,3,390,BALDWIN,28,8,August,2010,7,Saturday,15,30,0,3,3,163,41.65418889,-112.14071389,12,1,0,1,0,0,1,0
490136,UTAH,UT,2,0,3,49,1560,COLLINSVILLE,2,9,September,2010,5,Thursday,14,24,1,11,1,2662,40.24599167,-111.69593889,12,1,0,1,0,0,1,0
490137,UTAH,UT,1,0,1,41,0,BRANTLEY,28,9,September,2010,3,Tuesday,21,20,1,2,2,1897,38.57662222,-112.25967500,34,2,0,1,0,0,1,0
490138,UTAH,UT,1,0,2,35,0,BROOKLYN,23,9,September,2010,5,Thursday,17,13,0,3,3,0,40.63193333,-111.73336111,1,1,0,1,0,0,1,1
490139,UTAH,UT,2,0,2,3,0,BALDWIN,4,9,September,2010,7,Saturday,15,15,1,2,2,0,41.48640000,-112.02823056,12,1,0,1,0,0,1,0
490140,UTAH,UT,1,0,1,33,540,CHEROKEE,9,10,October,2010,7,Saturday,10,42,1,2,2,4949,41.92705833,-111.42608611,5,1,0,1,0,0,1,0
490141,UTAH,UT,1,0,1,45,0,ARITON,19,10,October,2010,3,Tuesday,6,17,1,1,1,118,40.73763333,-113.81870278,31,2,0,1,0,0,1,1
490142,UTAH,UT,1,0,1,13,0,BOLLING,13,10,October,2010,4,Wednesday,19,42,0,3,3,437,40.33162778,-110.67318056,1,2,0,1,0,0,1,1
490143,UTAH,UT,2,0,2,35,1700,BROOKLYN,2,10,October,2010,7,Saturday,15,2,0,14,3,0,40.70224444,-111.85498333,12,1,0,1,0,0,1,0
490144,UTAH,UT,2,0,3,13,0,BOLLING,7,9,September,2010,3,Tuesday,10,15,1,2,2,738,40.18126667,-110.64850278,12,1,0,1,0,0,2,0
490145,UTAH,UT,2,0,2,35,1700,BROOKLYN,6,10,October,2010,4,Wednesday,12,23,1,11,1,1195,40.71844444,-111.90068611,12,1,0,1,0,0,1,0
490147,UTAH,UT,1,1,1,49,1390,COLLINSVILLE,7,10,October,2010,5,Thursday,7,41,0,16,5,0,40.32156667,-111.72466944,8,4,0,1,0,0,1,0
490148,UTAH,UT,1,0,4,57,1350,BANKSTON,27,5,May,2010,5,Thursday,14,39,0,14,3,138,41.25367778,-111.84725833,1,1,0,1,0,0,1,0
490149,UTAH,UT,1,1,1,49,1860,COLLINSVILLE,16,10,October,2010,7,Saturday,18,32,0,16,5,0,40.14553611,-111.63454722,8,5,0,1,0,0,1,0
490150,UTAH,UT,1,0,2,13,0,BOLLING,6,11,November,2010,7,Saturday,15,13,0,3,3,322,40.25712778,-110.17707778,1,1,0,1,0,0,1,0
490151,UTAH,UT,1,0,1,3,2120,BALDWIN,18,11,November,2010,5,Thursday,14,36,1,11,1,3559,41.40926111,-112.05024722,1,1,0,1,0,0,1,0
490152,UTAH,UT,1,0,3,3,390,BALDWIN,27,11,November,2010,7,Saturday,16,54,0,6,5,0,41.68278333,-112.18010833,34,1,0,1,0,0,1,0
490153,UTAH,UT,2,0,6,11,260,BULLOCK,18,9,September,2010,7,Saturday,12,11,0,14,3,0,41.10335000,-112.00694444,12,1,0,1,0,0,1,0
490154,UTAH,UT,1,0,2,39,200,ANDALUSIA,18,10,October,2010,2,Monday,2,30,1,2,2,2385,39.11913889,-111.81987778,5,2,0,1,0,0,1,0
490155,UTAH,UT,1,0,1,3,0,BALDWIN,23,10,October,2010,7,Saturday,0,8,1,1,1,3510,41.34076389,-112.03698611,52,3,0,1,0,0,1,0
490156,UTAH,UT,1,0,6,3,0,BALDWIN,23,10,October,2010,7,Saturday,14,30,0,6,5,0,41.83733889,-113.81218056,1,1,0,1,0,0,1,1
490157,UTAH,UT,1,0,1,21,0,CHILTON,26,10,October,2010,3,Tuesday,13,5,0,6,5,0,37.99345833,-113.41117778,35,1,0,1,0,0,1,0
490158,UTAH,UT,1,0,2,27,0,ASHLAND,29,10,October,2010,6,Friday,11,10,0,6,5,0,39.31464444,-112.61432778,59,1,0,1,0,0,1,0
490159,UTAH,UT,1,0,3,53,0,ATMORE,25,10,October,2010,2,Monday,21,25,0,6,5,0,37.31481667,-113.73252778,1,2,0,1,0,0,1,0
490160,UTAH,UT,1,0,1,57,1350,BANKSTON,22,10,October,2010,6,Friday,10,36,1,11,1,3428,41.21559444,-112.00166667,30,1,0,1,0,0,1,0
490161,UTAH,UT,1,0,6,41,0,BRANTLEY,17,10,October,2010,1,Sunday,8,57,1,1,1,227,38.58681944,-112.27340833,31,1,0,1,0,0,2,0
490162,UTAH,UT,2,0,2,11,9997,BULLOCK,12,7,July,2010,2,Monday,1,49,0,16,5,0,41.14821944,-112.10638056,12,2,0,1,0,0,1,2
490163,UTAH,UT,1,0,2,57,1350,BANKSTON,18,12,December,2010,7,Saturday,2,31,0,16,5,0,41.24619167,-112.11513611,31,2,0,1,0,0,1,0
490164,UTAH,UT,1,0,2,47,2010,BROWNS,5,11,November,2010,6,Friday,23,30,0,16,5,0,40.44485556,-109.41078056,35,2,0,1,0,0,1,1
490165,UTAH,UT,1,1,3,35,1020,BROOKLYN,19,10,October,2010,3,Tuesday,11,26,0,16,5,0,40.70034167,-112.10000833,9,1,0,1,0,0,1,0
490166,UTAH,UT,1,0,1,11,460,BULLOCK,31,12,December,2010,6,Friday,23,40,0,13,3,110,40.96570556,-111.89326389,59,2,0,10,0,0,1,0
490167,UTAH,UT,1,0,1,53,2050,ATMORE,22,12,December,2010,4,Wednesday,8,43,1,12,1,126,37.14413889,-113.49525000,1,2,0,10,0,0,1,0
490168,UTAH,UT,1,0,2,13,0,BOLLING,20,12,December,2010,2,Monday,2,20,1,2,2,922,40.16864167,-110.30479444,1,2,0,2,0,0,1,1
490169,UTAH,UT,2,0,3,35,1700,BROOKLYN,26,10,October,2010,3,Tuesday,17,7,0,13,7,0,40.72540556,-111.97523056,12,1,0,1,0,0,1,1
490170,UTAH,UT,1,1,1,19,0,CEDAR BLUFF,13,11,November,2010,7,Saturday,7,54,0,3,2,1218,38.53611389,-109.51124722,8,1,0,1,0,0,1,1
490171,UTAH,UT,1,2,1,49,1560,COLLINSVILLE,19,9,September,2010,1,Sunday,20,1,0,16,5,0,40.25210000,-111.64815278,8,2,0,1,0,0,1,0
490172,UTAH,UT,1,1,1,35,1240,BROOKLYN,17,10,October,2010,1,Sunday,0,21,0,14,3,0,40.67430833,-111.87929444,8,2,0,1,0,0,1,1
490173,UTAH,UT,1,1,1,35,344,BROOKLYN,14,11,November,2010,1,Sunday,21,7,0,16,5,0,40.53986389,-111.89815556,9,2,0,4,0,0,1,0
490174,UTAH,UT,2,0,4,49,0,COLLINSVILLE,25,9,September,2010,7,Saturday,5,5,1,2,2,2034,39.93553889,-111.20086667,12,2,0,1,0,0,1,0
490175,UTAH,UT,2,0,3,45,0,ARITON,25,9,September,2010,7,Saturday,7,23,0,3,3,153,40.61408333,-112.37103889,12,1,0,1,0,0,1,0
490176,UTAH,UT,2,0,2,35,2113,BROOKLYN,21,10,October,2010,5,Thursday,9,22,0,12,3,143,40.72641389,-111.96518889,1,1,0,1,0,0,1,0
490177,UTAH,UT,2,0,7,35,124,BROOKLYN,24,10,October,2010,1,Sunday,20,18,0,13,3,99999,40.46095556,-111.94205833,12,2,0,1,0,0,2,0
490178,UTAH,UT,2,0,4,17,0,CHAMBERS,21,11,November,2010,1,Sunday,15,30,1,2,2,1192,37.68164722,-112.39975000,12,1,0,10,0,0,2,0
490179,UTAH,UT,2,0,4,57,1350,BANKSTON,13,12,December,2010,2,Monday,15,54,1,13,3,99999,41.18098056,-111.94939722,12,1,0,1,0,0,1,0
490180,UTAH,UT,2,0,4,21,0,CHILTON,14,12,December,2010,3,Tuesday,10,35,1,1,1,555,37.63734444,-113.09798333,14,1,0,10,0,0,1,0
490181,UTAH,UT,4,0,7,35,1120,BROOKLYN,16,12,December,2010,5,Thursday,13,5,1,11,1,2968,40.60613333,-111.90519444,12,1,0,1,0,0,1,0
490182,UTAH,UT,1,0,2,19,0,CEDAR BLUFF,5,10,October,2010,3,Tuesday,9,6,1,1,1,2170,39.05385000,-109.26109444,38,1,0,1,0,0,1,0
490183,UTAH,UT,2,0,3,7,0,BIBB,23,10,October,2010,7,Saturday,16,48,1,2,2,2517,39.54535278,-110.63850278,12,1,0,2,0,0,2,0
490184,UTAH,UT,2,0,3,35,1700,BROOKLYN,11,11,November,2010,5,Thursday,16,50,1,12,3,109,40.72508056,-112.00887778,12,1,0,1,0,0,1,0
490185,UTAH,UT,1,1,4,39,1220,ANDALUSIA,4,11,November,2010,5,Thursday,8,5,0,6,6,0,39.63123889,-111.44328056,9,4,0,1,0,0,1,0
490186,UTAH,UT,1,1,2,5,1550,BAKER HILL,14,11,November,2010,1,Sunday,20,8,0,14,3,101,41.70544722,-111.83479722,8,3,0,2,0,0,1,0
490187,UTAH,UT,1,1,1,35,1700,BROOKLYN,24,11,November,2010,4,Wednesday,19,27,0,13,3,0,40.76055278,-111.87684722,8,3,0,1,0,0,1,0
490188,UTAH,UT,2,0,6,13,0,BOLLING,25,11,November,2010,5,Thursday,12,6,0,3,3,449,40.32927222,-110.67146389,12,1,0,1,0,0,2,0
490189,UTAH,UT,1,1,1,11,260,BULLOCK,9,12,December,2010,5,Thursday,18,14,0,13,3,99999,41.10744167,-112.01988333,8,3,0,1,0,0,1,0
490190,UTAH,UT,1,1,1,57,1350,BANKSTON,16,12,December,2010,5,Thursday,5,57,0,13,3,99999,41.21423056,-111.97901944,8,2,0,1,0,0,1,0
490191,UTAH,UT,1,3,1,49,940,COLLINSVILLE,18,12,December,2010,7,Saturday,21,22,1,11,1,2847,40.43741111,-111.89712500,8,2,0,10,0,0,1,0