ST_CASE,State Name,State Abbreviation,VE_TOTAL,Pedestrains,Total_Persons_in_accident,COUNTY,CITY,City_County_Name,Calendar_DAY,MONTH,Month_Name,YEAR,DAY_WEEK,Day_Week_desc,HOUR,MINUTE,NHS_Desc,trafficway,ROUTE,MILEPT,LATITUDE,LONGITUD,First_Crash_event,Light_cond_desc,Weather_condition,WEATHER,SCH_BUS,Crash_cause,FATALS,DRUNK_DR
490192,UTAH,UT,2,3,2,53,0,ATMORE,19,12,December,2010,1,Sunday,12,7,1,1,1,283,37.27214167,-113.31607778,8,1,0,2,0,0,2,0
490193,UTAH,UT,2,0,2,49,1460,COLLINSVILLE,6,12,December,2010,2,Monday,10,53,0,13,3,99999,40.03116389,-111.75563333,12,1,0,10,0,0,1,0
490194,UTAH,UT,2,0,8,35,2100,BROOKLYN,29,12,December,2010,4,Wednesday,19,0,0,16,6,0,40.61356111,-111.99814722,12,2,0,4,0,0,1,0
490195,UTAH,UT,2,0,3,35,1240,BROOKLYN,20,12,December,2010,2,Monday,14,20,0,16,5,0,40.63201389,-111.86603333,12,1,0,4,0,0,1,0
490196,UTAH,UT,2,0,4,23,0,BLADON SPRINGS,17,12,December,2010,6,Friday,19,4,0,3,3,365,39.71141389,-111.77421667,12,2,0,4,0,0,2,0
490197,UTAH,UT,2,0,5,5,1550,BAKER HILL,18,12,December,2010,7,Saturday,11,19,0,14,3,97,41.70406111,-111.83506944,12,1,0,4,0,0,2,0
490198,UTAH,UT,2,0,2,11,2140,BULLOCK,18,10,October,2010,2,Monday,16,25,0,13,3,0,40.87461667,-111.93001944,12,1,0,1,0,0,1,0
490199,UTAH,UT,1,0,3,45,1940,ARITON,26,11,November,2010,6,Friday,20,5,0,16,5,0,40.52681667,-112.31743889,42,2,0,1,0,0,1,1
490200,UTAH,UT,2,0,4,57,1650,BANKSTON,28,11,November,2010,1,Sunday,15,46,1,11,1,3390,41.16998056,-112.02014167,12,1,0,4,0,0,1,0
490201,UTAH,UT,2,0,7,21,190,CHILTON,6,12,December,2010,2,Monday,12,36,0,13,3,99999,37.73104722,-113.05532500,12,1,0,10,0,0,1,0
490202,UTAH,UT,4,0,11,35,0,BROOKLYN,20,12,December,2010,2,Monday,11,55,1,13,3,29,40.72735556,-112.18165278,12,1,0,3,0,0,3,1
490203,UTAH,UT,1,1,1,35,2100,BROOKLYN,4,3,March,2010,5,Thursday,19,29,0,14,6,0,40.62382222,-111.93738056,8,3,0,10,0,0,1,0
490204,UTAH,UT,1,0,1,49,1560,COLLINSVILLE,21,1,January,2010,5,Thursday,14,19,0,16,6,0,40.23608333,-111.63856111,33,1,0,10,0,0,1,0
490205,UTAH,UT,1,1,1,57,1350,BANKSTON,26,1,January,2010,3,Tuesday,5,49,0,16,6,0,41.24793333,-111.94819444,8,3,0,10,0,0,1,0
490206,UTAH,UT,2,0,3,35,1924,BROOKLYN,19,2,February,2010,6,Friday,5,41,0,13,3,0,40.67093889,-111.92515000,12,3,0,1,0,0,1,0
490207,UTAH,UT,1,0,1,53,0,ATMORE,16,3,March,2010,3,Tuesday,22,17,0,6,4,0,37.27350556,-113.76995000,38,2,0,1,0,0,1,1
490208,UTAH,UT,1,0,1,13,0,BOLLING,10,4,April,2010,7,Saturday,3,56,0,6,4,0,40.30152222,-110.04858889,1,2,0,99,0,0,1,1
490209,UTAH,UT,2,0,5,35,1700,BROOKLYN,29,4,April,2010,5,Thursday,15,50,0,13,3,99999,40.69980556,-111.85983056,12,1,0,1,0,0,1,0
490210,UTAH,UT,1,0,1,41,1190,BRANTLEY,30,5,May,2010,1,Sunday,14,7,0,6,6,0,38.61646944,-112.14818056,1,1,0,99,0,0,1,0
490211,UTAH,UT,1,0,1,15,740,ANNISTON,8,6,June,2010,3,Tuesday,9,48,0,6,6,0,39.33144167,-110.96238611,5,1,0,99,0,0,1,0
490212,UTAH,UT,4,0,1,57,9997,BANKSTON,26,6,June,2010,7,Saturday,0,46,0,14,3,99998,41.29663889,-112.02784444,53,2,0,1,0,0,1,1
490213,UTAH,UT,1,0,1,37,120,BRADFORD,3,7,July,2010,7,Saturday,21,25,0,6,6,0,37.62306944,-109.48341667,1,2,0,1,0,0,1,0
490214,UTAH,UT,1,0,3,47,0,BROWNS,12,8,August,2010,5,Thursday,6,5,1,2,2,1553,40.36642778,-109.37026944,11,2,0,1,0,0,2,0
490215,UTAH,UT,2,0,2,57,1810,BANKSTON,30,9,September,2010,5,Thursday,8,45,1,13,2,99998,41.16554722,-111.95762500,12,1,0,1,0,0,1,0
490216,UTAH,UT,3,0,3,11,910,BULLOCK,8,10,October,2010,6,Friday,13,22,0,13,3,99998,41.10199167,-111.95008333,12,1,0,1,0,0,1,0
490217,UTAH,UT,2,0,3,35,1710,BROOKLYN,20,12,December,2010,2,Monday,19,42,0,14,6,0,40.58035556,-111.86755556,12,3,0,2,0,0,1,0
490218,UTAH,UT,1,0,1,35,1820,BROOKLYN,31,12,December,2010,6,Friday,14,39,0,16,6,0,40.70823056,-111.91690833,43,1,0,4,0,0,1,0
500001,VERMONT,VT,2,0,6,7,149,BIBB,7,1,January,2010,5,Thursday,15,56,0,6,5,99999,44.33405833,-73.22038611,12,1,0,1,0,0,1,1
500002,VERMONT,VT,2,0,3,7,120,BIBB,10,1,January,2010,1,Sunday,12,50,0,15,5,21,44.51422222,-73.23551667,12,1,0,1,0,0,2,0
500003,VERMONT,VT,1,0,1,15,791,ANNISTON,14,1,January,2010,5,Thursday,21,21,0,6,5,99999,44.60096111,-72.47821389,1,2,0,1,0,0,1,0
500004,VERMONT,VT,1,0,5,19,410,CEDAR BLUFF,15,1,January,2010,6,Friday,22,4,0,3,2,2,44.92556667,-72.22771389,42,2,0,10,0,0,2,1
500005,VERMONT,VT,3,0,4,23,380,BLADON SPRINGS,25,1,January,2010,2,Monday,3,26,1,11,1,535,44.25738611,-72.60101944,12,2,0,3,0,0,2,0
500006,VERMONT,VT,1,1,2,25,9997,BARLOW BEND,31,1,January,2010,1,Sunday,16,7,1,1,1,177,42.96136389,-72.52879167,8,1,0,1,0,0,1,0
500007,VERMONT,VT,1,2,1,21,580,CHILTON,23,2,February,2010,3,Tuesday,14,31,0,16,8,99999,43.58523889,-72.97049722,8,1,0,4,0,0,1,0
500008,VERMONT,VT,1,0,1,17,398,CHAMBERS,20,4,April,2010,3,Tuesday,1,44,1,1,1,1107,44.16446667,-72.08445833,52,2,0,1,0,0,1,1
500009,VERMONT,VT,1,0,2,13,625,BOLLING,13,3,March,2010,7,Saturday,8,54,0,6,5,99999,44.65390833,-73.34607222,30,1,0,1,0,0,1,1
500010,VERMONT,VT,1,0,1,5,320,BAKER HILL,10,3,March,2010,4,Wednesday,11,44,1,1,1,13825,44.53123889,-72.01627222,31,1,0,10,0,0,1,1
500011,VERMONT,VT,1,0,2,7,570,BIBB,11,3,March,2010,5,Thursday,1,36,0,4,5,8,44.36445556,-72.99557500,1,2,0,1,0,0,1,1
500012,VERMONT,VT,3,0,4,11,9997,BULLOCK,24,3,March,2010,4,Wednesday,18,38,1,1,1,1070,44.70245833,-73.09586944,12,1,0,1,0,0,1,1
500013,VERMONT,VT,2,0,2,19,254,CEDAR BLUFF,6,4,April,2010,3,Tuesday,10,53,0,4,2,2,44.80932500,-72.21581667,12,1,0,1,0,0,1,0
500014,VERMONT,VT,1,0,1,27,630,ASHLAND,26,4,April,2010,2,Monday,5,23,0,4,5,14,43.29216111,-72.46001944,42,2,0,1,0,0,1,0
500015,VERMONT,VT,1,0,1,19,10,CEDAR BLUFF,30,4,April,2010,6,Friday,7,48,0,6,5,99999,44.72235833,-72.36365556,42,2,0,1,0,0,1,1
500016,VERMONT,VT,2,0,2,21,147,CHILTON,10,5,May,2010,2,Monday,13,22,0,4,3,5,43.59335556,-73.20944167,12,1,0,1,0,0,1,0
500017,VERMONT,VT,2,0,2,27,144,ASHLAND,18,5,May,2010,3,Tuesday,9,40,1,2,3,1,43.35023889,-72.62626667,12,1,0,10,0,0,1,0
500018,VERMONT,VT,2,0,3,13,433,BOLLING,19,5,May,2010,4,Wednesday,14,58,0,3,2,7,44.87915833,-73.27178889,12,1,0,1,0,0,1,0
500019,VERMONT,VT,1,1,1,7,615,BIBB,22,5,May,2010,7,Saturday,15,29,0,6,5,99999,44.38973611,-73.21496389,9,1,0,1,0,0,1,0
500020,VERMONT,VT,2,0,2,5,9997,BAKER HILL,23,5,May,2010,1,Sunday,13,10,0,4,2,11,44.39435833,-72.02357778,12,1,0,1,0,0,1,0
500021,VERMONT,VT,1,0,2,5,600,BAKER HILL,27,5,May,2010,5,Thursday,1,57,0,14,2,70,44.48859444,-72.00740000,24,2,0,1,0,0,1,1
500022,VERMONT,VT,1,0,1,27,241,ASHLAND,4,6,June,2010,6,Friday,22,47,0,4,2,74,43.60696944,-72.35335000,24,2,0,10,0,0,1,1
500023,VERMONT,VT,1,0,1,5,609,BAKER HILL,8,6,June,2010,3,Tuesday,0,1,1,1,1,1511,44.68030278,-72.13206111,11,2,0,1,0,0,1,0
500024,VERMONT,VT,1,0,1,21,510,CHILTON,14,6,June,2010,2,Monday,7,28,0,4,3,9,43.47529722,-73.24234722,42,1,0,1,0,0,1,0
500025,VERMONT,VT,1,0,4,5,600,BAKER HILL,20,6,June,2010,1,Sunday,0,47,0,15,5,15,44.46900833,-71.94810833,31,2,0,5,0,0,3,1
500026,VERMONT,VT,2,0,3,3,604,BALDWIN,2,7,July,2010,6,Friday,16,4,1,2,3,9,42.89450556,-72.99464167,12,1,0,1,0,0,1,0
500027,VERMONT,VT,1,0,5,25,9997,BARLOW BEND,10,7,July,2010,7,Saturday,0,55,0,5,5,99999,42.99596111,-72.63750833,5,2,0,10,0,0,1,1
500028,VERMONT,VT,1,0,2,7,765,BIBB,23,7,July,2010,6,Friday,23,6,0,14,2,51,44.43428889,-73.04141111,30,2,0,1,0,0,1,1
500029,VERMONT,VT,2,0,2,1,360,AUTAUGA,6,8,August,2010,6,Friday,14,58,1,2,2,22,43.98426667,-73.12966111,12,1,0,1,0,0,1,0
500030,VERMONT,VT,1,1,1,19,410,CEDAR BLUFF,13,8,August,2010,6,Friday,14,5,0,4,3,4,44.91743611,-72.28855278,8,1,0,1,0,0,1,0
500031,VERMONT,VT,1,0,3,7,199,BIBB,1,8,August,2010,1,Sunday,16,27,0,13,3,41,44.47358889,-73.03464167,30,1,0,1,0,0,1,0
500032,VERMONT,VT,2,0,9,11,590,BULLOCK,20,8,August,2010,6,Friday,12,15,0,4,3,16,44.81187222,-73.12665833,12,1,0,1,0,0,1,0
500033,VERMONT,VT,1,0,1,11,218,BULLOCK,22,8,August,2010,1,Sunday,22,7,1,1,1,1097,44.73641389,-73.07953889,42,2,0,2,0,0,1,0
500034,VERMONT,VT,1,0,1,19,661,CEDAR BLUFF,2,9,September,2010,5,Thursday,13,15,0,3,3,50,44.98578611,-72.36239444,42,1,0,1,0,0,1,0
500035,VERMONT,VT,1,0,5,19,661,CEDAR BLUFF,29,8,August,2010,1,Sunday,2,40,0,3,3,28,44.91297500,-72.35943889,1,2,0,1,0,0,1,1
500036,VERMONT,VT,1,0,1,3,330,BALDWIN,9,9,September,2010,5,Thursday,3,54,0,6,5,99999,43.20761667,-73.03604722,38,2,0,10,0,0,1,1
500037,VERMONT,VT,2,0,4,7,155,BIBB,6,9,September,2010,2,Monday,18,10,0,14,2,8,44.59552500,-73.19253611,12,1,0,1,0,0,2,0
500038,VERMONT,VT,1,0,3,19,388,CEDAR BLUFF,17,9,September,2010,6,Friday,23,21,0,6,5,99999,44.91580833,-72.04782222,1,2,0,5,0,0,2,1
500039,VERMONT,VT,1,0,1,3,578,BALDWIN,26,9,September,2010,1,Sunday,16,37,0,4,5,6,43.26507222,-73.23245556,1,1,0,10,0,0,1,0
500040,VERMONT,VT,2,0,3,27,503,ASHLAND,3,10,October,2010,1,Sunday,15,24,0,5,5,99999,43.46790278,-72.68996111,1,1,0,1,0,0,1,0
500041,VERMONT,VT,2,0,2,1,212,AUTAUGA,4,10,October,2010,2,Monday,8,10,1,2,2,2,44.16610000,-73.23882500,12,1,0,1,0,0,1,1
500042,VERMONT,VT,2,0,2,25,576,BARLOW BEND,11,10,October,2010,2,Monday,6,7,0,2,2,33,43.16914167,-72.45778611,12,2,0,1,0,0,1,0
500043,VERMONT,VT,1,0,1,19,170,CEDAR BLUFF,24,9,September,2010,6,Friday,19,3,0,6,5,99999,44.91972222,-72.16666667,17,2,0,1,0,0,1,1
500044,VERMONT,VT,1,0,1,7,765,BIBB,18,10,October,2010,2,Monday,20,42,0,14,3,28,44.43649167,-73.11663056,33,2,0,1,0,0,1,0
500045,VERMONT,VT,2,0,3,27,579,ASHLAND,23,10,October,2010,7,Saturday,16,17,0,4,3,4,43.82886667,-72.51640278,12,1,0,1,0,0,1,0
500046,VERMONT,VT,1,0,1,11,590,BULLOCK,13,10,October,2010,4,Wednesday,19,2,0,6,5,99999,44.80910556,-73.10799167,19,2,0,1,0,0,1,1
500047,VERMONT,VT,2,0,1,5,9997,BAKER HILL,17,11,November,2010,4,Wednesday,2,19,0,4,2,31,44.62870278,-71.97057500,42,2,0,2,0,0,1,1
500048,VERMONT,VT,1,0,1,21,580,CHILTON,18,11,November,2010,5,Thursday,10,15,1,2,2,14,43.61065278,-72.97264722,19,1,0,1,0,0,1,0
500049,VERMONT,VT,1,0,1,5,165,BAKER HILL,20,11,November,2010,7,Saturday,9,46,0,6,5,99999,44.40956667,-72.18058056,42,1,0,4,0,0,1,0
500050,VERMONT,VT,1,0,1,7,765,BIBB,21,11,November,2010,1,Sunday,2,30,0,14,3,18,44.42359444,-73.12366944,42,2,0,1,0,0,1,1
500051,VERMONT,VT,1,0,1,25,672,BARLOW BEND,21,11,November,2010,1,Sunday,2,45,0,4,3,42,42.76503611,-72.51672778,1,2,0,1,0,0,1,1
500052,VERMONT,VT,1,0,1,15,202,ANNISTON,24,11,November,2010,4,Wednesday,23,19,0,6,5,99999,44.72211389,-72.53921944,1,2,0,1,0,0,1,1
500053,VERMONT,VT,1,0,1,21,395,CHILTON,27,11,November,2010,7,Saturday,16,50,0,4,3,66,43.43751111,-72.85915000,17,2,0,4,0,0,1,0
500054,VERMONT,VT,1,0,2,3,70,BALDWIN,27,11,November,2010,7,Saturday,16,58,1,2,2,47,42.90067500,-73.19952500,33,1,0,10,0,0,1,0
500055,VERMONT,VT,2,0,4,23,680,BLADON SPRINGS,4,12,December,2010,7,Saturday,18,4,1,1,1,667,44.36117778,-72.80476667,24,2,0,4,0,0,1,1
500056,VERMONT,VT,1,0,1,21,151,CHILTON,7,12,December,2010,3,Tuesday,10,57,1,2,2,8,43.50602500,-72.96691389,31,1,0,10,0,0,1,0
500057,VERMONT,VT,1,0,6,5,676,BAKER HILL,15,12,December,2010,4,Wednesday,8,15,0,6,5,99999,44.49035556,-72.25739722,30,1,0,4,0,0,1,0
500058,VERMONT,VT,1,0,1,27,242,ASHLAND,19,12,December,2010,1,Sunday,7,34,0,4,3,21,43.66640833,-72.35541111,17,1,0,1,0,0,1,0
500059,VERMONT,VT,2,0,2,21,616,CHILTON,22,12,December,2010,4,Wednesday,14,56,0,2,3,19,43.50103611,-72.89835278,12,1,0,4,0,0,1,0
500060,VERMONT,VT,2,0,2,9,160,BLOUNT,23,12,December,2010,5,Thursday,7,2,1,2,2,12,44.43481944,-71.90482222,12,4,0,10,0,0,1,0
500061,VERMONT,VT,2,0,2,7,120,BIBB,26,12,December,2010,1,Sunday,21,0,0,13,5,3,44.47585000,-73.21096667,12,3,0,4,0,0,1,1
500062,VERMONT,VT,1,1,2,7,620,BIBB,27,12,December,2010,2,Monday,18,6,1,13,2,11,44.43723333,-73.21028889,8,3,0,1,0,0,1,0
500063,VERMONT,VT,2,0,3,27,800,ASHLAND,1,5,May,2010,7,Saturday,13,50,0,4,3,20,43.64705000,-72.53756111,12,1,0,1,0,0,2,0
510001,VIRGINIA,VA,2,0,2,810,2540,DAM NECK NAVAL FACILITLY,5,1,January,2010,3,Tuesday,14,56,0,15,5,14,36.83456944,-76.13559722,12,1,0,1,0,0,1,0
510002,VIRGINIA,VA,1,1,1,41,0,BRANTLEY,1,1,January,2010,6,Friday,3,8,0,16,4,11,37.42978611,-77.58708056,8,2,0,5,0,0,1,0
510003,VIRGINIA,VA,1,0,2,87,0,ARMSTRONG,2,1,January,2010,7,Saturday,23,48,1,13,4,73,37.54831944,-77.37203056,42,2,0,1,0,0,1,1
510004,VIRGINIA,VA,2,0,4,177,0,LEE,5,1,January,2010,3,Tuesday,22,11,1,11,1,1176,38.11936389,-77.51730000,12,2,0,1,0,0,1,0
510005,VIRGINIA,VA,2,0,3,73,0,ARGO,6,1,January,2010,4,Wednesday,18,55,0,3,3,501,37.60294444,-76.59805278,12,2,0,1,0,0,2,0
510006,VIRGINIA,VA,1,0,2,171,0,ALDORA,8,1,January,2010,6,Friday,0,48,0,4,3,105,38.75736389,-78.67369722,42,2,0,4,0,0,1,1
510007,VIRGINIA,VA,2,0,3,590,720,DANVILLE,7,1,January,2010,5,Thursday,10,17,0,13,2,9,36.55125833,-79.46031389,12,1,0,1,0,0,1,0
510008,VIRGINIA,VA,2,0,2,113,0,COTTONTON,7,1,January,2010,5,Thursday,17,16,1,2,2,1732,38.43772500,-78.14017222,12,1,0,1,0,0,1,1
510009,VIRGINIA,VA,1,0,1,199,0,ALVATON,10,1,January,2010,1,Sunday,7,2,0,6,4,48,37.32792222,-76.70465556,52,4,0,1,0,0,1,1
510010,VIRGINIA,VA,1,1,1,107,0,CARROLLTON,14,1,January,2010,5,Thursday,9,20,1,13,3,362,39.09956111,-77.55248889,8,1,0,1,0,0,1,0
510011,VIRGINIA,VA,2,0,2,143,0,CANEHILL,12,1,January,2010,3,Tuesday,21,4,0,4,4,87,36.69567778,-79.51492222,34,2,0,1,0,0,1,1
510012,VIRGINIA,VA,1,0,1,109,0,ANSLEY,15,1,January,2010,6,Friday,22,49,0,6,4,10,38.01131111,-78.01048333,30,2,0,1,0,0,1,1
510013,VIRGINIA,VA,1,1,1,810,2540,DAM NECK NAVAL FACILITLY,14,1,January,2010,5,Thursday,16,5,0,16,5,0,36.83827778,-76.06839167,8,1,0,1,0,0,1,0
510014,VIRGINIA,VA,1,0,3,73,0,ARGO,17,1,January,2010,1,Sunday,0,44,0,6,4,2,37.51626111,-76.50080556,35,2,0,1,0,0,1,1
510015,VIRGINIA,VA,1,0,1,197,0,BUENA VISTA,16,1,January,2010,7,Saturday,11,6,9,99,2,813,36.94104167,-81.00983611,17,1,0,1,0,0,1,1
510016,VIRGINIA,VA,2,0,2,107,0,CARROLLTON,11,1,January,2010,2,Monday,23,19,0,14,4,101,39.00718056,-77.42185556,12,2,0,1,0,0,1,0
510017,VIRGINIA,VA,1,1,1,87,0,ARMSTRONG,17,1,January,2010,1,Sunday,3,0,0,14,6,128,37.60838333,-77.46777500,8,2,0,1,0,0,1,0
510018,VIRGINIA,VA,1,0,1,31,0,COFFEE,18,1,January,2010,2,Monday,5,35,0,15,4,49,37.31230833,-79.18361667,52,2,0,1,0,0,1,0
510019,VIRGINIA,VA,2,0,3,810,2540,DAM NECK NAVAL FACILITLY,19,1,January,2010,3,Tuesday,14,30,0,14,5,146,36.73929722,-76.01963889,12,1,0,1,0,0,2,1
510020,VIRGINIA,VA,2,1,1,149,0,BELLEVILLE,20,1,January,2010,4,Wednesday,3,20,1,1,1,451,37.14194444,-77.35618889,12,2,0,1,0,0,1,0
510021,VIRGINIA,VA,1,0,1,61,0,BELLWOOD,21,1,January,2010,5,Thursday,8,55,1,1,1,190,38.88194722,-77.90542500,35,1,0,1,0,0,1,0
510022,VIRGINIA,VA,1,0,1,191,0,CRESCENT,21,1,January,2010,5,Thursday,15,49,0,14,4,7,36.60302222,-82.12615000,35,1,0,1,0,0,1,0
510023,VIRGINIA,VA,2,0,3,153,0,BONAIRE,22,1,January,2010,6,Friday,15,19,9,14,4,68,38.62780000,-77.29886111,12,1,0,1,0,0,1,0
510024,VIRGINIA,VA,1,0,3,165,0,HERNDON,23,1,January,2010,7,Saturday,18,35,1,2,2,296,38.39414722,-78.81240000,1,2,0,1,0,0,2,1
510025,VIRGINIA,VA,1,1,1,800,2390,SUFFOLK,23,1,January,2010,7,Saturday,23,4,1,13,2,4646,36.71563333,-76.66302778,8,2,0,1,0,0,1,0
510026,VIRGINIA,VA,1,0,1,199,0,ALVATON,25,1,January,2010,2,Monday,3,35,0,6,4,13,37.21601111,-76.70988889,42,2,0,2,0,0,1,1
510027,VIRGINIA,VA,2,0,2,700,1720,FORT EUSTIS,21,1,January,2010,5,Thursday,15,2,1,11,1,2562,37.11611667,-76.50104167,12,1,0,1,0,0,1,0
510028,VIRGINIA,VA,2,0,2,36,0,CHARLES CITY,25,1,January,2010,2,Monday,10,40,0,3,3,237,37.37595556,-77.20891111,12,1,0,1,0,0,1,0
510029,VIRGINIA,VA,2,0,3,185,0,ANAKTUVUK PASS,27,1,January,2010,4,Wednesday,13,25,1,2,2,544,37.04719722,-81.78059444,12,1,0,1,0,0,1,0
510030,VIRGINIA,VA,1,0,2,139,0,CALION,24,1,January,2010,1,Sunday,11,45,0,3,2,543,38.49420833,-78.62215556,35,1,0,1,0,0,1,0
510031,VIRGINIA,VA,2,0,3,41,0,BRANTLEY,27,1,January,2010,4,Wednesday,21,0,1,13,3,205,37.34759167,-77.35033889,12,2,0,1,0,0,2,1
510032,VIRGINIA,VA,2,0,6,147,0,AUGUSTA,24,1,January,2010,1,Sunday,18,40,1,2,2,2575,37.27815000,-78.33732500,12,2,0,2,0,0,2,1
510033,VIRGINIA,VA,1,0,1,760,2060,RICHMOND,30,1,January,2010,7,Saturday,0,20,0,14,5,5,37.51493333,-77.40855278,31,2,0,1,0,0,1,1
510034,VIRGINIA,VA,1,0,1,105,0,MARION,27,1,January,2010,4,Wednesday,1,45,0,3,2,22,36.71576944,-83.11740833,35,2,0,1,0,0,1,0
510035,VIRGINIA,VA,2,0,2,550,468,CHESAPEAKE,25,1,January,2010,2,Monday,7,2,0,13,2,436,36.80715556,-76.22151389,12,4,6,2,0,0,1,0
510036,VIRGINIA,VA,2,0,2,36,0,CHARLES CITY,29,1,January,2010,6,Friday,16,27,0,6,4,64,37.41980000,-77.13870000,12,1,0,1,0,0,1,0
510037,VIRGINIA,VA,2,0,2,61,0,BELLWOOD,4,1,January,2010,2,Monday,13,26,1,1,1,228,38.85902500,-77.83830556,12,1,0,1,0,0,1,0
510038,VIRGINIA,VA,2,0,3,187,0,DAHLONEGA,27,1,January,2010,4,Wednesday,0,52,1,2,2,1198,38.95593889,-78.19905278,12,2,0,1,0,0,1,2
510039,VIRGINIA,VA,1,0,2,165,0,HERNDON,1,1,January,2010,6,Friday,2,9,0,14,2,2658,38.23258333,-78.97994167,35,2,0,1,0,0,1,1
510040,VIRGINIA,VA,1,0,1,59,0,FRANKLIN,22,1,January,2010,6,Friday,23,40,9,99,4,99999,38.79015278,-77.27517222,33,2,0,1,0,0,1,1
510041,VIRGINIA,VA,5,1,5,171,0,ALDORA,30,1,January,2010,7,Saturday,12,45,1,1,1,2755,38.78827778,-78.61121111,8,1,0,4,0,0,1,0
510042,VIRGINIA,VA,2,0,3,3,0,BALDWIN,31,1,January,2010,1,Sunday,14,55,0,14,2,998,38.01959722,-78.42989444,12,1,0,1,0,0,1,0
510043,VIRGINIA,VA,1,1,1,700,1720,FORT EUSTIS,20,1,January,2010,4,Wednesday,17,22,0,15,6,3,37.10557500,-76.47160278,8,2,0,2,0,0,1,0
510044,VIRGINIA,VA,1,0,1,520,300,BRISTOL,5,1,January,2010,3,Tuesday,5,55,0,3,3,163,36.62854722,-82.15739167,53,2,0,4,0,0,1,0
510045,VIRGINIA,VA,1,0,1,177,0,LEE,1,1,January,2010,6,Friday,22,58,9,99,4,222,38.21946944,-77.45880556,32,2,0,1,0,0,1,1
510046,VIRGINIA,VA,1,0,1,680,1490,LYNCHBURG,23,1,January,2010,7,Saturday,7,20,0,14,2,71,37.44668611,-79.25142222,42,1,0,1,0,0,1,1
510047,VIRGINIA,VA,1,0,2,165,0,HERNDON,23,1,January,2010,7,Saturday,3,15,0,3,2,151,38.47280833,-78.98208611,49,2,0,5,0,0,1,0
510048,VIRGINIA,VA,2,0,3,59,0,FRANKLIN,12,1,January,2010,3,Tuesday,10,15,0,14,3,14,38.99890833,-77.31662778,12,1,0,1,0,0,1,0
510049,VIRGINIA,VA,3,0,3,800,2390,SUFFOLK,16,1,January,2010,7,Saturday,15,34,9,99,2,3790,36.75676667,-76.50887500,24,1,0,1,0,0,1,0
510050,VIRGINIA,VA,3,0,3,87,0,ARMSTRONG,25,1,January,2010,2,Monday,14,49,9,99,3,0,37.63394444,-77.50648611,12,1,0,1,0,0,1,0
510051,VIRGINIA,VA,1,0,1,173,0,LAKELAND,29,1,January,2010,6,Friday,2,20,9,99,3,254,36.82268333,-81.48800000,24,2,0,1,0,0,1,0
510052,VIRGINIA,VA,2,0,2,59,0,FRANKLIN,29,1,January,2010,6,Friday,23,29,1,13,2,1785,38.68792222,-77.22161389,12,3,0,1,0,0,1,1
510053,VIRGINIA,VA,2,0,2,179,0,ALLENHURST,2,2,February,2010,3,Tuesday,19,13,1,11,1,1404,38.42468056,-77.42151389,12,2,0,4,0,0,1,1
510054,VIRGINIA,VA,2,0,4,77,0,ANDERSON,3,2,February,2010,4,Wednesday,16,5,0,3,4,1732,36.61442500,-81.19583056,12,1,0,1,0,0,1,0
510055,VIRGINIA,VA,2,0,3,143,0,CANEHILL,2,2,February,2010,3,Tuesday,19,55,0,4,2,4,36.54646667,-79.46239444,12,2,0,3,0,0,1,0
510056,VIRGINIA,VA,1,0,1,760,2060,RICHMOND,4,2,February,2010,5,Thursday,11,26,0,14,5,20,37.51197222,-77.43241389,30,1,0,1,0,0,1,0
510057,VIRGINIA,VA,2,1,2,197,0,BUENA VISTA,5,2,February,2010,6,Friday,0,40,1,1,1,583,36.90687222,-81.30698333,24,2,0,4,0,0,2,0
510058,VIRGINIA,VA,1,0,1,199,0,ALVATON,6,2,February,2010,7,Saturday,4,0,1,1,1,2365,37.23989444,-76.63135556,42,2,0,2,0,0,1,1
510059,VIRGINIA,VA,3,0,3,59,0,FRANKLIN,12,2,February,2010,6,Friday,12,9,1,11,1,1667,38.74524722,-77.18753889,12,1,0,1,0,0,1,0
510060,VIRGINIA,VA,1,1,1,107,0,CARROLLTON,13,2,February,2010,7,Saturday,6,27,1,13,3,454,39.04945278,-77.43661944,8,4,0,1,0,0,1,0
510061,VIRGINIA,VA,1,1,1,133,0,ARLEY,13,2,February,2010,7,Saturday,2,20,0,3,3,157,37.98939722,-76.59050000,8,2,0,1,0,0,1,0
510062,VIRGINIA,VA,1,1,1,33,0,CHEROKEE,14,2,February,2010,1,Sunday,22,50,9,99,9,164,38.09093056,-77.51155000,8,2,0,1,0,0,1,0
510063,VIRGINIA,VA,2,0,3,111,0,GRAHAM,15,2,February,2010,2,Monday,10,45,9,99,4,54,37.10913333,-78.32333611,12,1,0,1,0,0,1,0
510064,VIRGINIA,VA,2,0,3,25,0,BARLOW BEND,19,2,February,2010,6,Friday,16,42,0,4,2,240,36.78344167,-77.99640556,12,1,0,1,0,0,1,0