ST_CASE,State Name,State Abbreviation,VE_TOTAL,Pedestrains,Total_Persons_in_accident,COUNTY,CITY,City_County_Name,Calendar_DAY,MONTH,Month_Name,YEAR,DAY_WEEK,Day_Week_desc,HOUR,MINUTE,NHS_Desc,trafficway,ROUTE,MILEPT,LATITUDE,LONGITUD,First_Crash_event,Light_cond_desc,Weather_condition,WEATHER,SCH_BUS,Crash_cause,FATALS,DRUNK_DR
510065,VIRGINIA,VA,2,0,2,19,0,CEDAR BLUFF,16,2,February,2010,3,Tuesday,17,45,9,99,4,66,37.22219444,-79.68907222,12,1,0,1,0,0,1,1
510066,VIRGINIA,VA,1,0,1,119,0,BELLAMY,22,2,February,2010,2,Monday,10,48,9,99,3,488,37.63822778,-76.64088333,42,1,0,1,0,0,1,0
510067,VIRGINIA,VA,2,1,2,153,0,BONAIRE,22,2,February,2010,2,Monday,19,30,1,13,3,272,38.79577222,-77.44726111,8,2,0,2,0,0,1,0
510068,VIRGINIA,VA,1,0,8,53,0,ATMORE,27,2,February,2010,7,Saturday,2,15,1,1,1,439,36.98185000,-77.70252222,24,2,0,1,0,0,1,0
510069,VIRGINIA,VA,1,0,1,51,0,CENTRAL,21,2,February,2010,1,Sunday,19,58,0,4,4,5,37.09763333,-82.43763056,42,2,0,1,0,0,1,0
510070,VIRGINIA,VA,1,0,1,41,0,BRANTLEY,19,2,February,2010,6,Friday,0,40,0,3,4,41,37.33385833,-77.55025833,1,2,0,1,0,0,1,1
510071,VIRGINIA,VA,2,0,4,73,0,ARGO,22,2,February,2010,2,Monday,9,55,9,99,9,99999,37.42552500,-76.49025000,12,1,0,1,0,0,1,0
510072,VIRGINIA,VA,2,0,3,191,0,CRESCENT,14,2,February,2010,1,Sunday,20,35,1,1,1,99999,36.78742778,-81.72437778,12,2,0,4,0,0,1,1
510073,VIRGINIA,VA,1,0,1,121,0,BON AIR,26,2,February,2010,6,Friday,18,42,0,4,4,31,37.12309722,-80.26868889,42,5,0,1,0,0,1,1
510074,VIRGINIA,VA,1,1,1,59,0,FRANKLIN,24,2,February,2010,4,Wednesday,3,30,1,11,3,0,38.91141667,-77.21927778,8,2,0,1,0,0,1,0
510075,VIRGINIA,VA,1,0,1,57,0,BANKSTON,10,1,January,2010,1,Sunday,13,25,0,6,4,48,37.83337778,-76.88283889,35,1,0,1,0,0,1,0
510076,VIRGINIA,VA,2,0,2,149,0,BELLEVILLE,1,3,March,2010,2,Monday,16,50,0,4,3,27,37.10133056,-77.33207778,12,1,0,1,0,0,1,0
510077,VIRGINIA,VA,1,0,3,89,0,BROWNSBORO,1,3,March,2010,2,Monday,22,25,0,15,4,20,36.73909167,-79.92922778,32,2,0,1,0,0,1,1
510078,VIRGINIA,VA,1,1,1,23,0,BLADON SPRINGS,2,3,March,2010,3,Tuesday,16,45,1,13,2,1601,37.37452222,-79.81052500,9,1,0,4,0,0,1,0
510079,VIRGINIA,VA,1,0,1,167,0,ADRIAN,5,3,March,2010,6,Friday,18,0,0,3,3,204,36.89554722,-82.09876944,35,1,0,1,0,0,1,0
510080,VIRGINIA,VA,1,0,1,1,0,AUTAUGA,6,3,March,2010,7,Saturday,23,35,0,6,4,42,37.53579722,-75.74532500,42,2,0,1,0,0,1,1
510081,VIRGINIA,VA,1,0,1,15,0,ANNISTON,6,3,March,2010,7,Saturday,0,5,0,4,4,57,37.98588056,-78.95565000,31,2,0,1,0,0,1,0
510082,VIRGINIA,VA,2,0,2,147,0,AUGUSTA,6,3,March,2010,7,Saturday,17,55,1,2,2,2448,37.30430278,-78.53173333,12,1,0,1,0,0,1,0
510083,VIRGINIA,VA,3,0,5,31,0,COFFEE,7,3,March,2010,1,Sunday,18,57,0,4,4,110,37.23114722,-79.28137778,12,1,0,1,0,0,1,1
510084,VIRGINIA,VA,1,0,2,59,0,FRANKLIN,7,3,March,2010,1,Sunday,4,20,0,15,4,27,39.00558333,-77.29398056,42,2,0,1,0,0,1,0
510085,VIRGINIA,VA,1,0,2,109,0,ANSLEY,7,3,March,2010,1,Sunday,15,55,0,3,3,229,38.08296111,-77.83701944,42,1,0,1,0,0,1,0
510086,VIRGINIA,VA,1,0,2,810,2540,DAM NECK NAVAL FACILITLY,7,3,March,2010,1,Sunday,0,4,9,99,4,99999,36.82402222,-76.18825556,38,3,0,1,0,0,1,1
510087,VIRGINIA,VA,1,0,1,105,0,MARION,7,3,March,2010,1,Sunday,4,30,0,3,2,15,36.59954167,-83.62930278,24,2,0,1,0,0,1,1
510088,VIRGINIA,VA,1,0,1,31,0,COFFEE,9,3,March,2010,3,Tuesday,9,53,0,4,4,159,37.34227500,-78.99346111,42,1,0,1,0,0,1,0
510089,VIRGINIA,VA,1,0,1,175,0,CADWELL,12,3,March,2010,6,Friday,9,50,0,6,4,45,36.68301389,-77.01141389,34,1,0,1,0,0,1,0
510090,VIRGINIA,VA,2,0,5,155,0,IRWIN,9,3,March,2010,3,Tuesday,1,22,0,4,4,22,37.19307500,-80.60793333,42,2,0,1,0,0,1,1
510091,VIRGINIA,VA,2,0,2,195,0,CARLTON,12,3,March,2010,6,Friday,13,35,0,4,3,18,36.90624722,-82.78171389,12,1,0,1,0,0,1,0
510092,VIRGINIA,VA,1,0,1,61,0,BELLWOOD,13,3,March,2010,7,Saturday,23,2,1,1,1,230,38.83208611,-77.73668333,24,2,0,2,0,0,1,1
510093,VIRGINIA,VA,1,0,3,109,0,ANSLEY,14,3,March,2010,1,Sunday,22,42,9,99,2,357,37.99832778,-77.90268056,30,2,0,1,0,0,1,0
510094,VIRGINIA,VA,2,0,4,87,0,ARMSTRONG,12,3,March,2010,6,Friday,15,12,1,11,1,286,37.48766389,-77.29843056,12,1,0,2,0,0,2,0
510095,VIRGINIA,VA,1,1,1,147,0,AUGUSTA,16,3,March,2010,3,Tuesday,3,59,1,2,2,237,37.26735833,-78.64975000,8,2,0,1,0,0,1,0
510096,VIRGINIA,VA,2,0,2,199,0,ALVATON,17,3,March,2010,4,Wednesday,14,10,1,1,3,131,37.25666944,-76.64620278,12,1,0,1,0,0,1,0
510097,VIRGINIA,VA,2,0,1,678,1450,LEXINGTON,24,1,January,2010,1,Sunday,3,43,0,13,2,20,37.78987778,-79.43016667,14,3,0,1,0,0,1,1
510098,VIRGINIA,VA,1,0,2,193,0,IDEAL,18,3,March,2010,5,Thursday,8,10,0,6,4,65,38.07241944,-76.91571111,42,1,0,1,0,0,1,0
510100,VIRGINIA,VA,2,0,4,41,0,BRANTLEY,18,3,March,2010,5,Thursday,15,33,9,99,4,10,37.31857222,-77.80225833,12,1,0,1,0,0,1,0
510101,VIRGINIA,VA,2,0,3,61,0,BELLWOOD,20,3,March,2010,7,Saturday,16,33,1,2,2,2233,38.80400000,-77.81341667,12,2,0,1,0,0,1,1
510102,VIRGINIA,VA,1,0,2,33,0,CHEROKEE,21,3,March,2010,1,Sunday,17,25,0,4,4,12,38.00826944,-77.57158889,1,1,0,1,0,0,1,0
510103,VIRGINIA,VA,1,0,2,550,468,CHESAPEAKE,19,3,March,2010,6,Friday,3,30,9,99,4,0,36.74418056,-76.35553889,42,3,0,1,0,0,1,1
510104,VIRGINIA,VA,1,0,1,59,0,FRANKLIN,21,3,March,2010,1,Sunday,18,52,1,13,4,211,38.97115556,-77.36186111,33,1,0,1,0,0,1,1
510105,VIRGINIA,VA,1,0,1,33,0,CHEROKEE,20,3,March,2010,7,Saturday,17,25,9,99,4,23,38.01591111,-77.60304444,42,1,0,1,0,0,1,0
510106,VIRGINIA,VA,3,0,2,760,2060,RICHMOND,24,3,March,2010,4,Wednesday,21,6,0,15,6,5,37.53440278,-77.40765000,12,2,0,1,0,0,1,0
510107,VIRGINIA,VA,1,0,1,59,0,FRANKLIN,26,3,March,2010,6,Friday,10,57,9,99,4,59,38.68778889,-77.20912500,42,1,0,1,0,0,1,1
510108,VIRGINIA,VA,1,0,1,1,0,AUTAUGA,28,3,March,2010,1,Sunday,3,30,1,2,2,1110,37.59240278,-75.78085833,35,2,0,1,0,0,1,1
510109,VIRGINIA,VA,1,0,1,187,0,DAHLONEGA,30,3,March,2010,3,Tuesday,21,17,0,4,4,24,38.93531111,-78.13493611,3,2,0,1,0,0,1,0
510110,VIRGINIA,VA,2,0,2,87,0,ARMSTRONG,29,3,March,2010,2,Monday,17,10,1,11,1,103,37.65515000,-77.44374167,42,1,0,1,0,0,1,0
510111,VIRGINIA,VA,1,0,1,97,0,AXIS,17,3,March,2010,4,Wednesday,17,17,9,99,4,80,37.79425278,-77.05686111,42,1,0,1,0,0,1,0
510112,VIRGINIA,VA,1,0,1,87,0,ARMSTRONG,21,3,March,2010,1,Sunday,15,42,1,11,1,225,37.54362500,-77.28212222,1,1,0,1,0,0,1,0
510113,VIRGINIA,VA,1,1,1,610,930,FALLS CHURCH,31,3,March,2010,4,Wednesday,13,0,9,99,9,99999,38.88236389,-77.17136944,8,1,0,1,0,0,1,0
510114,VIRGINIA,VA,2,0,2,69,0,ASHFORD,19,3,March,2010,6,Friday,11,20,9,99,2,1335,39.14417500,-78.16042778,12,1,0,1,0,0,2,1
510115,VIRGINIA,VA,1,0,1,175,0,CADWELL,19,3,March,2010,6,Friday,17,0,9,99,3,36,36.59816389,-77.17826944,42,1,0,1,0,0,1,0
510116,VIRGINIA,VA,1,0,1,141,0,BEE BRANCH,5,3,March,2010,6,Friday,21,0,0,4,3,131,36.58838056,-80.28336389,42,2,0,1,0,0,1,0
510117,VIRGINIA,VA,1,0,1,133,0,ARLEY,20,3,March,2010,7,Saturday,11,0,0,4,4,5,37.71696111,-76.38227500,42,1,0,1,0,0,1,0
510118,VIRGINIA,VA,1,0,3,33,0,CHEROKEE,20,3,March,2010,7,Saturday,3,10,0,3,2,997,37.90966944,-77.35396389,42,2,0,1,0,0,1,0
510119,VIRGINIA,VA,1,0,1,85,0,BENTON,14,3,March,2010,1,Sunday,3,13,0,6,4,0,37.79137222,-77.75374167,53,2,0,2,0,0,1,1
510120,VIRGINIA,VA,2,0,2,36,0,CHARLES CITY,2,4,April,2010,6,Friday,11,55,9,99,3,163,37.37463611,-77.20919722,12,1,0,1,0,0,1,0
510121,VIRGINIA,VA,2,0,2,195,0,CARLTON,2,4,April,2010,6,Friday,13,0,9,99,2,97,37.00409444,-82.59373333,12,1,0,1,0,0,2,1
510122,VIRGINIA,VA,2,0,2,163,0,AVERA,2,4,April,2010,6,Friday,13,15,0,5,4,63,37.73922778,-79.59088333,12,1,0,1,0,0,1,0
510123,VIRGINIA,VA,1,1,1,73,0,ARGO,1,4,April,2010,5,Thursday,20,2,1,13,2,710,37.27596389,-76.49986389,8,2,0,1,0,0,1,0
510124,VIRGINIA,VA,2,0,3,165,0,HERNDON,2,4,April,2010,6,Friday,16,4,9,99,3,53,38.42817778,-79.04371389,12,1,0,1,0,0,1,0
510125,VIRGINIA,VA,2,0,4,810,2540,DAM NECK NAVAL FACILITLY,4,4,April,2010,1,Sunday,8,40,0,15,8,0,36.85603333,-76.08978611,12,1,0,1,0,0,1,0
510126,VIRGINIA,VA,2,0,2,89,0,BROWNSBORO,6,4,April,2010,3,Tuesday,10,0,0,13,2,25,36.71879722,-79.91249167,12,1,0,1,0,0,1,0
510127,VIRGINIA,VA,1,1,1,153,0,BONAIRE,5,4,April,2010,2,Monday,21,33,0,14,4,0,38.62761667,-77.30334444,8,2,0,1,0,0,1,0
510128,VIRGINIA,VA,1,0,1,35,0,BROOKLYN,6,4,April,2010,3,Tuesday,23,26,1,1,1,218,36.90536111,-80.87997500,35,2,0,1,0,0,1,0
510129,VIRGINIA,VA,1,0,1,127,0,BURNWELL,8,4,April,2010,5,Thursday,15,8,0,6,4,23,37.46696667,-76.78631389,30,1,0,1,0,0,1,0
510130,VIRGINIA,VA,1,0,1,19,0,CEDAR BLUFF,5,4,April,2010,2,Monday,14,10,0,3,3,146,37.25752222,-79.72289167,35,1,0,1,0,0,1,0
510131,VIRGINIA,VA,1,0,1,61,0,BELLWOOD,17,3,March,2010,4,Wednesday,23,15,9,99,4,18,38.71736111,-77.87418333,42,2,0,1,0,0,1,1
510132,VIRGINIA,VA,1,0,1,67,0,ABBEVILLE,14,3,March,2010,1,Sunday,0,20,9,99,9,0,37.18856111,-79.87850278,42,2,0,2,0,0,1,0
510133,VIRGINIA,VA,1,0,1,680,1490,LYNCHBURG,26,3,March,2010,6,Friday,20,32,9,99,6,6,37.38755000,-79.13160278,42,2,0,1,0,0,1,1
510134,VIRGINIA,VA,2,0,3,41,0,BRANTLEY,18,3,March,2010,5,Thursday,13,47,9,99,2,0,37.46678611,-77.53592500,12,1,0,1,0,0,1,0
510135,VIRGINIA,VA,1,1,1,800,2390,SUFFOLK,12,3,March,2010,6,Friday,18,45,0,14,2,19,36.73298611,-76.59751667,15,2,0,2,0,0,1,0
510136,VIRGINIA,VA,2,1,2,810,2540,DAM NECK NAVAL FACILITLY,21,3,March,2010,1,Sunday,23,58,1,1,1,99999,36.83882778,-76.16014444,14,3,0,1,0,0,1,0
510137,VIRGINIA,VA,1,0,1,595,870,EMPORIA,8,3,March,2010,2,Monday,15,25,9,99,9,0,36.68380556,-77.54111667,18,1,0,1,0,0,1,0
510138,VIRGINIA,VA,2,0,2,107,0,CARROLLTON,10,4,April,2010,7,Saturday,6,19,1,13,3,392,39.09699444,-77.53176111,12,2,0,1,0,0,1,0
510139,VIRGINIA,VA,1,0,1,147,0,AUGUSTA,4,3,March,2010,5,Thursday,19,24,0,6,4,1,37.23721944,-78.23878056,32,2,0,1,0,0,1,1
510140,VIRGINIA,VA,2,0,2,15,0,ANNISTON,10,4,April,2010,7,Saturday,17,50,0,15,4,155,38.03697222,-79.03525833,12,1,0,1,0,0,1,1
510141,VIRGINIA,VA,2,1,2,153,0,BONAIRE,15,3,March,2010,2,Monday,5,46,0,14,4,90,38.68081944,-77.35950000,8,2,0,1,0,0,1,0
510142,VIRGINIA,VA,2,0,2,59,0,FRANKLIN,6,4,April,2010,3,Tuesday,19,26,9,99,4,99999,38.81908056,-77.14603889,12,3,0,1,0,0,1,1
510143,VIRGINIA,VA,3,1,2,59,0,FRANKLIN,11,4,April,2010,1,Sunday,13,59,1,11,1,1707,38.79329722,-77.18221667,14,1,0,1,0,0,1,0
510144,VIRGINIA,VA,2,1,2,59,0,FRANKLIN,14,3,March,2010,1,Sunday,4,20,1,11,1,1672,38.74111389,-77.18981389,8,3,0,2,0,0,1,0
510145,VIRGINIA,VA,1,0,1,95,0,ALBERTVILLE,11,4,April,2010,1,Sunday,22,24,1,12,3,64,37.25909444,-76.74345000,59,2,0,1,0,0,1,0
510146,VIRGINIA,VA,1,0,2,89,0,BROWNSBORO,12,4,April,2010,2,Monday,0,45,1,2,2,2757,36.62840833,-79.95102778,43,2,0,1,0,0,1,0
510147,VIRGINIA,VA,2,0,2,760,2060,RICHMOND,12,4,April,2010,2,Monday,18,18,0,14,2,1915,37.52970000,-77.42240000,12,1,0,1,0,0,1,0
510148,VIRGINIA,VA,2,0,2,1,0,AUTAUGA,13,4,April,2010,3,Tuesday,7,10,1,2,2,1294,37.82090278,-75.58653889,43,1,0,1,0,0,1,0
510149,VIRGINIA,VA,1,0,1,1,0,AUTAUGA,14,4,April,2010,4,Wednesday,18,26,0,6,4,42,37.56607778,-75.85321389,1,1,0,1,0,0,1,0
510150,VIRGINIA,VA,1,0,1,135,380,ASH FLAT,7,3,March,2010,1,Sunday,1,47,9,99,2,99999,37.19469722,-78.20878333,34,2,0,1,0,0,1,1
510151,VIRGINIA,VA,1,0,1,21,0,CHILTON,15,4,April,2010,5,Thursday,13,10,9,99,2,31,37.22383611,-81.03738889,35,1,0,1,0,0,1,0
510152,VIRGINIA,VA,1,0,1,73,0,ARGO,15,4,April,2010,5,Thursday,1,14,0,4,2,12,37.47662778,-76.61367500,33,2,0,1,0,0,1,1
510153,VIRGINIA,VA,1,0,1,179,0,ALLENHURST,15,4,April,2010,5,Thursday,11,21,0,5,4,77,38.48282222,-77.55944167,42,1,0,1,0,0,1,0
510154,VIRGINIA,VA,1,1,1,680,1490,LYNCHBURG,31,3,March,2010,4,Wednesday,17,49,9,99,9,99999,37.38037222,-79.13323333,8,1,0,1,0,0,1,0
510155,VIRGINIA,VA,2,0,1,13,0,BOLLING,15,1,January,2010,6,Friday,15,32,0,14,6,125,38.88451944,-77.09445556,42,1,0,1,0,0,1,0
510156,VIRGINIA,VA,1,0,1,93,0,BEAR CREEK,17,4,April,2010,7,Saturday,20,0,1,13,2,463,36.97266111,-76.50586944,58,3,0,6,0,0,1,1
510157,VIRGINIA,VA,1,0,2,177,0,LEE,17,4,April,2010,7,Saturday,23,20,0,4,2,1372,38.16263611,-77.51978889,42,2,0,1,0,0,2,0
510158,VIRGINIA,VA,1,0,2,69,0,ASHFORD,18,4,April,2010,1,Sunday,1,45,9,99,4,153,39.18676389,-78.33028889,24,2,0,1,0,0,2,1
510159,VIRGINIA,VA,3,0,3,810,2540,DAM NECK NAVAL FACILITLY,18,4,April,2010,1,Sunday,15,55,0,14,6,97,36.67537222,-76.02539167,12,1,0,1,0,0,1,0
510160,VIRGINIA,VA,2,0,3,143,0,CANEHILL,17,4,April,2010,7,Saturday,1,15,0,4,4,22,36.60932778,-79.35141667,12,2,0,1,0,0,1,0
510161,VIRGINIA,VA,1,0,1,157,0,ARCADE,18,4,April,2010,1,Sunday,20,12,1,2,2,460,38.68015000,-78.00516111,24,5,0,1,0,0,1,1
510162,VIRGINIA,VA,1,0,2,730,1910,PETERSBURG,18,4,April,2010,1,Sunday,23,23,9,99,9,99999,37.22754722,-77.39599444,26,3,0,1,0,0,2,1
510163,VIRGINIA,VA,2,0,4,109,0,ANSLEY,21,4,April,2010,4,Wednesday,16,7,9,99,2,1015,37.89483611,-77.84817778,12,1,0,2,0,0,2,0
510164,VIRGINIA,VA,2,0,3,127,0,BURNWELL,21,4,April,2010,4,Wednesday,19,45,9,99,4,33,37.52477222,-77.18144444,12,1,0,1,0,0,1,1
510165,VIRGINIA,VA,1,1,1,540,440,CHARLOTTESVILLE,19,4,April,2010,2,Monday,9,5,0,3,2,1015,38.03068333,-78.48650000,9,1,0,1,0,0,1,0
510166,VIRGINIA,VA,1,0,1,139,0,CALION,12,4,April,2010,2,Monday,12,45,9,99,2,44,38.55246111,-78.57250278,53,1,0,1,0,0,1,0
510167,VIRGINIA,VA,1,0,1,800,2390,SUFFOLK,20,4,April,2010,3,Tuesday,18,50,0,15,6,31,36.77082778,-76.64655556,34,1,0,1,0,0,1,0
510168,VIRGINIA,VA,2,0,2,191,0,CRESCENT,21,4,April,2010,4,Wednesday,7,35,1,1,1,226,36.81148333,-81.61176667,12,1,0,2,0,0,1,0
510169,VIRGINIA,VA,1,0,1,760,2060,RICHMOND,24,4,April,2010,7,Saturday,0,38,0,15,6,5,37.53516944,-77.41556944,26,3,0,1,0,0,1,1
510170,VIRGINIA,VA,1,1,1,117,0,BIRMINGHAM,23,4,April,2010,6,Friday,8,5,0,4,4,84,36.70200833,-78.10163611,8,1,0,1,0,0,1,1
510171,VIRGINIA,VA,2,0,2,710,1760,NAVAL AIR STATION,24,4,April,2010,7,Saturday,2,25,1,13,2,2875,36.91661667,-76.19215833,12,3,0,1,0,0,1,0
510172,VIRGINIA,VA,1,1,1,810,2540,DAM NECK NAVAL FACILITLY,18,4,April,2010,1,Sunday,1,30,1,13,2,2937,36.91093889,-76.07356389,8,3,0,1,0,0,1,0
510173,VIRGINIA,VA,1,0,2,81,0,AUBURN,24,4,April,2010,7,Saturday,5,45,9,99,2,5,36.55363611,-77.53275000,42,2,0,1,0,0,1,1
510174,VIRGINIA,VA,1,0,2,67,0,ABBEVILLE,24,4,April,2010,7,Saturday,22,0,1,2,2,508,37.03791389,-79.87575556,30,2,1,2,0,0,1,0
510175,VIRGINIA,VA,1,0,4,47,0,BROWNS,25,4,April,2010,1,Sunday,1,35,0,6,4,170,38.58809444,-77.88208056,42,2,0,2,0,0,1,0
510176,VIRGINIA,VA,2,0,2,195,0,CARLTON,24,4,April,2010,7,Saturday,12,15,1,2,2,393,36.91888056,-82.66508056,12,1,0,1,0,0,1,0
510177,VIRGINIA,VA,2,0,2,790,2330,STAUNTON,23,4,April,2010,6,Friday,21,39,9,99,2,2375,38.14296944,-79.07099722,12,3,0,1,0,0,1,0
510178,VIRGINIA,VA,1,0,1,59,0,FRANKLIN,23,4,April,2010,6,Friday,15,42,0,14,4,7,38.95408889,-77.35821944,33,1,0,1,0,0,1,0
510179,VIRGINIA,VA,2,0,1,59,0,FRANKLIN,17,4,April,2010,7,Saturday,4,53,0,14,4,3,38.83922222,-77.19513333,14,3,0,1,0,0,1,1
510180,VIRGINIA,VA,1,0,1,155,0,IRWIN,26,4,April,2010,2,Monday,19,0,9,99,4,37,37.16371944,-80.68086944,42,5,0,2,0,0,1,1
510181,VIRGINIA,VA,1,0,1,143,0,CANEHILL,30,4,April,2010,6,Friday,1,30,0,6,4,121,36.94863889,-79.26688889,21,2,0,1,0,0,1,1
510182,VIRGINIA,VA,2,0,2,19,0,CEDAR BLUFF,29,4,April,2010,5,Thursday,19,15,0,3,3,182,37.09394167,-79.39505833,12,1,0,1,0,0,1,0
510183,VIRGINIA,VA,2,0,4,141,0,BEE BRANCH,29,4,April,2010,5,Thursday,20,40,0,3,3,166,36.72120556,-80.23950556,12,2,0,1,0,0,1,0
510184,VIRGINIA,VA,2,0,2,35,0,BROOKLYN,30,4,April,2010,6,Friday,20,24,9,99,4,64,36.71023056,-80.84143889,12,5,0,1,0,0,1,0
510185,VIRGINIA,VA,2,0,3,165,0,HERNDON,1,5,May,2010,7,Saturday,12,55,1,2,2,347,38.38970556,-78.70038889,12,1,0,1,0,0,1,0
510186,VIRGINIA,VA,1,0,1,77,0,ANDERSON,2,5,May,2010,1,Sunday,3,5,0,3,2,139,36.72567778,-81.16785000,18,2,0,1,0,0,1,0
510187,VIRGINIA,VA,2,0,2,85,0,BENTON,2,5,May,2010,1,Sunday,1,49,0,3,2,1217,37.70750556,-77.55663056,12,2,0,1,0,0,1,2
510188,VIRGINIA,VA,1,0,1,820,2610,UNKNOWN,15,4,April,2010,5,Thursday,18,22,9,99,4,0,38.07120000,-78.86455833,19,1,0,1,0,0,1,1
510189,VIRGINIA,VA,1,1,1,660,1190,HARRISONBURG,2,4,April,2010,6,Friday,21,38,0,15,6,22,38.44627778,-78.85988611,8,3,0,1,0,0,1,0
510190,VIRGINIA,VA,1,0,3,15,0,ANNISTON,2,5,May,2010,1,Sunday,1,45,9,99,4,34,38.13705556,-79.18078333,1,2,0,1,0,0,1,0
510191,VIRGINIA,VA,1,0,1,177,0,LEE,13,4,April,2010,3,Tuesday,20,23,0,3,3,257,38.30067222,-77.61414722,42,2,0,2,0,0,1,0
510192,VIRGINIA,VA,2,0,2,41,0,BRANTLEY,1,5,May,2010,7,Saturday,19,35,0,14,3,30,37.38400278,-77.45296944,12,2,0,1,0,0,1,1
510193,VIRGINIA,VA,2,0,2,121,0,BON AIR,7,4,April,2010,4,Wednesday,17,49,0,3,3,480,37.03260278,-80.43939722,12,1,0,1,0,0,1,0
510194,VIRGINIA,VA,3,0,1,149,0,BELLEVILLE,1,5,May,2010,7,Saturday,23,37,0,14,3,116,37.21426667,-77.26036667,14,2,0,1,0,0,1,0
510195,VIRGINIA,VA,1,0,3,177,0,LEE,13,4,April,2010,3,Tuesday,0,9,0,3,3,257,38.26772500,-77.55378611,34,2,0,1,0,0,1,1
510196,VIRGINIA,VA,1,0,1,165,0,HERNDON,3,5,May,2010,2,Monday,12,31,0,3,3,143,38.68222778,-78.92689722,34,1,0,1,0,0,1,0
510197,VIRGINIA,VA,1,0,1,680,1490,LYNCHBURG,2,4,April,2010,6,Friday,1,49,0,14,6,6,37.37882778,-79.15513333,33,3,0,1,0,0,1,1
510198,VIRGINIA,VA,2,0,3,197,0,BUENA VISTA,3,5,May,2010,2,Monday,3,35,1,1,1,606,36.91860833,-81.25763056,12,2,0,1,0,0,1,0
510199,VIRGINIA,VA,1,0,1,730,1910,PETERSBURG,29,4,April,2010,5,Thursday,20,34,9,99,4,0,37.20319167,-77.40116944,43,3,0,1,0,0,1,0
510200,VIRGINIA,VA,1,1,1,760,2060,RICHMOND,12,4,April,2010,2,Monday,21,12,0,15,6,18,37.56288056,-77.44818333,9,2,0,1,0,0,1,0
510201,VIRGINIA,VA,1,0,1,27,0,ASHLAND,6,5,May,2010,5,Thursday,14,20,9,99,2,40,37.33761389,-82.17902222,1,1,0,1,0,0,1,0
510202,VIRGINIA,VA,2,0,3,550,468,CHESAPEAKE,1,4,April,2010,5,Thursday,18,7,0,13,2,373,36.77244167,-76.33987500,12,1,0,1,0,0,1,0
510203,VIRGINIA,VA,1,0,1,69,0,ASHFORD,7,5,May,2010,6,Friday,15,22,1,13,3,71,39.21213889,-78.18630833,24,1,0,1,0,0,1,1
510204,VIRGINIA,VA,1,0,2,191,0,CRESCENT,7,5,May,2010,6,Friday,20,12,9,99,9,99999,36.76364167,-82.00933333,53,1,0,1,0,0,2,1
510205,VIRGINIA,VA,2,0,5,41,0,BRANTLEY,6,4,April,2010,3,Tuesday,14,8,9,99,9,0,37.45964722,-77.59155833,12,1,0,1,0,0,1,0
510206,VIRGINIA,VA,1,0,3,125,0,BROOKWOOD,6,5,May,2010,5,Thursday,22,37,0,4,3,382,37.72612500,-78.86385556,35,1,0,1,0,0,1,1
510207,VIRGINIA,VA,1,0,1,3,0,BALDWIN,7,5,May,2010,6,Friday,5,9,0,4,4,90,37.96686944,-78.67446944,11,2,0,1,0,0,1,0
510208,VIRGINIA,VA,1,1,1,153,0,BONAIRE,2,5,May,2010,1,Sunday,0,49,0,13,2,1751,38.64952222,-77.26143889,8,2,0,1,0,0,1,1
510209,VIRGINIA,VA,1,1,1,185,0,ANAKTUVUK PASS,28,3,March,2010,1,Sunday,0,52,1,2,2,526,37.02085278,-81.79724722,8,2,0,1,0,0,1,1
510210,VIRGINIA,VA,1,0,1,810,2540,DAM NECK NAVAL FACILITLY,9,5,May,2010,1,Sunday,3,21,9,99,9,99999,36.71604444,-76.05246944,32,2,0,1,0,0,1,1
510211,VIRGINIA,VA,1,0,1,41,0,BRANTLEY,9,5,May,2010,1,Sunday,1,10,0,4,4,23,37.27555556,-77.54339167,53,2,0,1,0,0,1,1
510212,VIRGINIA,VA,2,0,2,73,0,ARGO,12,4,April,2010,2,Monday,16,58,9,99,9,0,37.35958333,-76.52415278,12,1,0,1,0,0,1,0
510213,VIRGINIA,VA,1,0,5,99,0,BEATRICE,9,5,May,2010,1,Sunday,0,51,0,4,3,158,38.19023333,-77.11441111,30,2,0,1,0,0,1,0
510214,VIRGINIA,VA,4,0,3,700,1720,FORT EUSTIS,22,4,April,2010,5,Thursday,16,30,9,99,4,99999,36.98986944,-76.42287222,12,1,0,1,0,0,1,1
510215,VIRGINIA,VA,2,0,2,41,0,BRANTLEY,9,5,May,2010,1,Sunday,16,34,0,13,2,828,37.39682222,-77.43069722,12,1,0,1,0,0,1,1
510216,VIRGINIA,VA,1,0,1,163,0,AVERA,10,5,May,2010,2,Monday,9,24,9,99,4,42,37.61956944,-79.49372222,35,1,0,1,0,0,1,1
510217,VIRGINIA,VA,1,0,1,93,0,BEAR CREEK,10,5,May,2010,2,Monday,16,50,0,3,3,687,37.07435278,-76.68079444,30,2,0,1,0,0,1,1
510218,VIRGINIA,VA,2,0,2,27,0,ASHLAND,11,5,May,2010,3,Tuesday,11,40,1,2,2,237,37.20473056,-81.97251389,12,1,0,1,0,0,1,0
510219,VIRGINIA,VA,2,0,3,107,0,CARROLLTON,11,5,May,2010,3,Tuesday,21,12,1,2,3,224,39.12746389,-77.78796667,12,2,0,1,0,0,1,1
510220,VIRGINIA,VA,2,0,4,15,0,ANNISTON,12,5,May,2010,4,Wednesday,16,50,1,11,1,969,38.04332500,-78.89947500,12,2,0,1,0,0,2,1
510221,VIRGINIA,VA,1,0,1,35,0,BROOKLYN,14,5,May,2010,6,Friday,15,47,1,1,1,10,36.59182500,-80.74290278,35,1,0,1,0,0,1,0