ST_CASE,State Name,State Abbreviation,VE_TOTAL,Pedestrains,Total_Persons_in_accident,COUNTY,CITY,City_County_Name,Calendar_DAY,MONTH,Month_Name,YEAR,DAY_WEEK,Day_Week_desc,HOUR,MINUTE,NHS_Desc,trafficway,ROUTE,MILEPT,LATITUDE,LONGITUD,First_Crash_event,Light_cond_desc,Weather_condition,WEATHER,SCH_BUS,Crash_cause,FATALS,DRUNK_DR
510535,VIRGINIA,VA,1,0,1,87,0,ARMSTRONG,16,10,October,2010,7,Saturday,12,8,0,14,3,496,37.54294444,-77.31147778,42,1,0,1,0,0,1,0
510536,VIRGINIA,VA,1,0,1,143,0,CANEHILL,16,10,October,2010,7,Saturday,19,45,9,99,4,75,37.09273889,-79.23631944,1,2,0,1,0,0,1,1
510537,VIRGINIA,VA,2,0,2,89,0,BROWNSBORO,9,10,October,2010,7,Saturday,21,31,0,13,2,2601,36.64273611,-79.89875833,12,2,0,1,0,0,1,0
510538,VIRGINIA,VA,2,0,2,143,0,CANEHILL,20,10,October,2010,4,Wednesday,8,0,9,99,3,608,36.95188056,-79.43295556,12,4,0,2,0,0,1,0
510539,VIRGINIA,VA,3,0,3,650,1180,FORT MONROE,14,10,October,2010,5,Thursday,6,55,0,14,2,638,37.04401111,-76.37094444,12,4,0,1,0,0,1,0
510540,VIRGINIA,VA,3,0,7,179,0,ALLENHURST,16,8,August,2010,2,Monday,10,30,1,11,1,1451,38.47684167,-77.40108611,12,1,0,1,0,0,1,0
510541,VIRGINIA,VA,1,0,1,107,0,CARROLLTON,22,10,October,2010,6,Friday,10,24,9,99,4,3,39.00706667,-77.39181667,33,1,0,1,0,0,1,0
510542,VIRGINIA,VA,1,0,1,67,0,ABBEVILLE,23,10,October,2010,7,Saturday,0,39,0,13,3,363,37.01559722,-79.82631389,59,2,0,1,0,0,1,1
510543,VIRGINIA,VA,2,0,4,197,0,BUENA VISTA,24,10,October,2010,1,Sunday,11,3,1,1,1,453,37.01079167,-81.10364444,12,1,0,1,0,0,1,0
510544,VIRGINIA,VA,1,0,1,61,0,BELLWOOD,23,10,October,2010,7,Saturday,17,19,0,4,4,130,38.50512500,-77.68312500,42,1,0,1,0,0,1,0
510545,VIRGINIA,VA,1,0,4,181,0,LINCOLN,24,10,October,2010,1,Sunday,4,42,0,6,4,26,37.07572500,-76.88352500,21,2,0,1,0,0,2,1
510546,VIRGINIA,VA,2,0,2,31,0,COFFEE,24,10,October,2010,1,Sunday,19,58,9,99,4,3,37.35173889,-79.05366944,12,2,0,1,0,0,1,0
510547,VIRGINIA,VA,1,0,1,25,0,BARLOW BEND,25,10,October,2010,2,Monday,0,45,0,6,4,36,36.90480000,-77.88880000,42,2,0,1,0,0,1,1
510548,VIRGINIA,VA,1,0,1,143,0,CANEHILL,23,10,October,2010,7,Saturday,2,20,1,2,2,203,36.75717778,-79.38896667,59,2,0,1,0,0,1,0
510549,VIRGINIA,VA,1,0,1,21,0,CHILTON,26,10,October,2010,3,Tuesday,21,25,9,99,4,89,37.18818889,-80.96796389,35,2,0,2,0,0,1,0
510550,VIRGINIA,VA,1,0,1,127,0,BURNWELL,28,10,October,2010,5,Thursday,12,30,0,3,2,2231,37.42388889,-76.89575556,42,1,0,1,0,0,1,1
510551,VIRGINIA,VA,1,0,1,820,2610,UNKNOWN,3,10,October,2010,1,Sunday,20,44,0,14,6,30,38.06175833,-78.88027222,33,3,0,1,0,0,1,1
510552,VIRGINIA,VA,1,0,2,59,0,FRANKLIN,27,10,October,2010,4,Wednesday,19,5,1,11,1,1668,38.73587500,-77.19303056,1,2,0,1,0,0,1,0
510553,VIRGINIA,VA,1,0,2,177,0,LEE,29,10,October,2010,6,Friday,23,30,9,99,4,0,38.26025556,-77.55244722,35,2,0,1,0,0,1,1
510554,VIRGINIA,VA,1,0,1,155,0,IRWIN,31,10,October,2010,1,Sunday,3,45,0,4,4,12,37.10201389,-80.69655556,34,2,0,1,0,0,1,1
510555,VIRGINIA,VA,1,0,1,195,0,CARLTON,31,10,October,2010,1,Sunday,1,20,1,2,2,491,37.02033889,-82.58839167,24,2,0,1,0,0,1,1
510556,VIRGINIA,VA,2,0,2,41,0,BRANTLEY,21,10,October,2010,5,Thursday,16,28,9,99,4,17,37.40398056,-77.46091111,12,1,0,1,0,0,1,0
510557,VIRGINIA,VA,1,0,2,35,0,BROOKLYN,23,10,October,2010,7,Saturday,18,11,9,99,2,183,36.78590000,-80.75682222,11,1,0,1,0,0,1,0
510558,VIRGINIA,VA,1,0,1,85,0,BENTON,18,10,October,2010,2,Monday,19,59,9,99,4,108,37.75008056,-77.50637222,32,2,0,1,0,0,1,1
510559,VIRGINIA,VA,1,0,2,21,0,CHILTON,22,10,October,2010,6,Friday,15,5,0,6,4,101,37.17002778,-80.95893889,35,1,0,1,0,0,2,0
510560,VIRGINIA,VA,1,0,1,515,0,BEDFORD,8,10,October,2010,6,Friday,20,10,9,99,2,1803,37.33887778,-79.55400833,1,2,0,1,0,0,1,0
510561,VIRGINIA,VA,1,1,1,153,0,BONAIRE,15,10,October,2010,6,Friday,6,46,1,13,3,1,38.65495278,-77.44245556,8,2,0,1,0,0,1,0
510562,VIRGINIA,VA,3,0,3,143,0,CANEHILL,21,10,October,2010,5,Thursday,16,24,1,2,2,2801,36.62651389,-79.63993611,12,1,0,1,0,0,1,0
510563,VIRGINIA,VA,2,0,2,59,0,FRANKLIN,24,10,October,2010,1,Sunday,16,43,0,14,4,2,38.80707500,-77.18050000,12,1,0,1,0,0,1,1
510565,VIRGINIA,VA,2,0,4,121,0,BON AIR,20,10,October,2010,4,Wednesday,22,30,0,3,3,2,37.16180000,-80.55203889,12,2,0,1,0,0,2,0
510566,VIRGINIA,VA,1,1,1,15,0,ANNISTON,13,10,October,2010,4,Wednesday,18,25,9,99,2,630,38.11355833,-79.01393056,8,1,0,1,0,0,1,0
510567,VIRGINIA,VA,1,1,1,710,1760,NAVAL AIR STATION,16,10,October,2010,7,Saturday,3,10,1,13,3,270,36.90083333,-76.25636111,9,3,0,1,0,0,1,1
510568,VIRGINIA,VA,1,1,1,13,0,BOLLING,18,10,October,2010,2,Monday,7,33,9,99,9,0,38.85526944,-77.12336111,8,1,0,1,1,0,1,0
510569,VIRGINIA,VA,1,1,1,161,0,DENTON,25,10,October,2010,2,Monday,6,34,9,99,6,4,37.28084722,-79.89665556,8,3,0,1,0,0,1,0
510570,VIRGINIA,VA,1,1,1,59,0,FRANKLIN,30,10,October,2010,7,Saturday,0,20,1,13,2,778,38.86619444,-77.19457500,8,3,0,1,0,0,1,0
510571,VIRGINIA,VA,11,0,13,35,0,BROOKLYN,16,11,November,2010,3,Tuesday,11,30,1,1,1,48,36.81120833,-80.85525556,12,1,0,5,0,0,1,0
510572,VIRGINIA,VA,1,0,1,185,0,ANAKTUVUK PASS,1,11,November,2010,2,Monday,3,0,9,99,2,654,37.15777778,-81.46966944,24,2,0,1,0,0,1,1
510573,VIRGINIA,VA,1,0,1,199,0,ALVATON,2,11,November,2010,3,Tuesday,16,15,1,1,1,2372,37.32258889,-76.69790278,42,1,0,1,0,0,1,0
510574,VIRGINIA,VA,1,1,1,197,0,BUENA VISTA,3,11,November,2010,4,Wednesday,6,55,9,99,2,715,37.04863611,-80.76800833,8,3,0,1,0,0,1,0
510575,VIRGINIA,VA,2,0,2,121,0,BON AIR,2,11,November,2010,3,Tuesday,21,4,1,11,1,1176,37.12550000,-80.38049444,12,3,0,2,0,0,1,0
510576,VIRGINIA,VA,1,0,2,75,0,BEAVERTON,4,11,November,2010,5,Thursday,4,12,9,99,4,2,37.74251111,-77.93653611,42,2,0,2,0,0,1,0
510577,VIRGINIA,VA,1,0,1,195,0,CARLTON,4,11,November,2010,5,Thursday,22,0,9,99,4,92,37.10772500,-82.61790000,24,2,0,2,0,0,1,0
510578,VIRGINIA,VA,1,0,2,3,0,BALDWIN,5,11,November,2010,6,Friday,17,13,9,99,3,38,38.03593611,-78.39239444,35,1,0,1,0,0,1,0
510579,VIRGINIA,VA,1,1,1,87,0,ARMSTRONG,6,11,November,2010,7,Saturday,1,15,1,11,1,230,37.53708056,-77.27772778,8,2,0,1,0,0,1,1
510580,VIRGINIA,VA,1,0,4,191,0,CRESCENT,7,11,November,2010,1,Sunday,3,30,0,6,4,6,36.62261667,-81.88880000,1,2,0,5,0,0,2,1
510581,VIRGINIA,VA,1,0,1,175,0,CADWELL,5,11,November,2010,6,Friday,22,0,9,99,3,146,36.71420278,-77.08115556,1,2,0,1,0,0,1,1
510582,VIRGINIA,VA,1,1,1,37,0,BRADFORD,7,11,November,2010,1,Sunday,21,4,0,3,3,1084,37.06772500,-78.68531389,8,2,0,1,0,0,1,0
510583,VIRGINIA,VA,1,0,1,185,0,ANAKTUVUK PASS,7,11,November,2010,1,Sunday,23,9,9,99,4,15,37.15517500,-81.34762500,24,2,0,1,0,0,1,0
510584,VIRGINIA,VA,1,1,1,650,1180,FORT MONROE,10,11,November,2010,4,Wednesday,12,15,9,99,9,99999,37.04428611,-76.35056111,8,1,0,1,0,0,1,1
510585,VIRGINIA,VA,1,0,1,13,0,BOLLING,15,3,March,2010,2,Monday,5,24,0,99,8,0,38.91394444,-77.10574167,42,2,0,2,0,0,1,0
510586,VIRGINIA,VA,2,0,3,141,0,BEE BRANCH,9,11,November,2010,3,Tuesday,8,0,0,3,2,2426,36.63334444,-80.19902500,12,1,0,1,0,0,1,0
510587,VIRGINIA,VA,2,0,2,137,0,ALCO,12,11,November,2010,6,Friday,6,55,9,99,3,17,38.23657778,-77.87746111,12,4,0,1,0,0,1,0
510588,VIRGINIA,VA,2,0,2,25,0,BARLOW BEND,12,11,November,2010,6,Friday,15,35,0,4,4,14,36.79782500,-77.76877500,12,1,0,1,1,0,1,1
510589,VIRGINIA,VA,4,0,4,197,0,BUENA VISTA,9,11,November,2010,3,Tuesday,16,50,1,2,1,60,36.94207500,-80.97070278,12,1,0,1,0,0,1,0
510590,VIRGINIA,VA,1,0,1,145,0,BALD KNOB,13,11,November,2010,7,Saturday,2,40,0,4,4,18,37.50351111,-77.77720000,32,2,0,1,0,0,1,1
510591,VIRGINIA,VA,1,0,1,53,0,ATMORE,12,11,November,2010,6,Friday,18,45,1,2,2,2930,37.14246389,-77.81847222,42,2,0,1,0,0,1,1
510592,VIRGINIA,VA,2,0,5,19,0,CEDAR BLUFF,13,11,November,2010,7,Saturday,7,37,0,3,3,179,37.15338333,-79.66078333,12,1,0,1,0,0,2,0
510593,VIRGINIA,VA,1,0,2,167,0,ADRIAN,14,11,November,2010,1,Sunday,15,30,0,3,3,596,36.98494167,-82.26095000,18,1,0,2,0,0,1,0
510594,VIRGINIA,VA,1,0,1,175,0,CADWELL,14,11,November,2010,1,Sunday,12,27,0,99,4,50,36.72895278,-76.98984722,34,1,0,1,0,0,1,0
510595,VIRGINIA,VA,1,0,1,153,0,BONAIRE,14,11,November,2010,1,Sunday,18,40,1,13,2,2165,38.78997222,-77.63559167,1,2,0,1,0,0,1,1
510596,VIRGINIA,VA,1,0,1,185,0,ANAKTUVUK PASS,12,11,November,2010,6,Friday,22,30,0,6,4,4,37.10236944,-81.73088889,42,2,0,1,0,0,1,0
510597,VIRGINIA,VA,2,0,2,181,0,LINCOLN,14,11,November,2010,1,Sunday,15,40,0,3,3,596,37.11456667,-76.78499167,12,1,0,1,0,0,1,0
510598,VIRGINIA,VA,1,0,2,183,0,FORT STEWART,16,11,November,2010,3,Tuesday,12,50,0,3,3,1996,36.92641111,-77.34080278,42,1,0,1,0,0,1,0
510599,VIRGINIA,VA,2,0,2,161,0,DENTON,13,11,November,2010,7,Saturday,15,23,0,16,4,55,37.24754722,-80.10929167,12,1,0,1,0,0,1,0
510600,VIRGINIA,VA,1,1,1,700,1720,FORT EUSTIS,17,11,November,2010,4,Wednesday,9,4,9,99,3,139,37.05579444,-76.46360000,9,1,0,1,0,0,1,0
510601,VIRGINIA,VA,1,0,2,760,2060,RICHMOND,16,11,November,2010,3,Tuesday,22,28,1,11,1,781,37.57396944,-77.46048056,42,2,0,1,0,0,1,0
510602,VIRGINIA,VA,1,0,1,69,0,ASHFORD,11,11,November,2010,5,Thursday,23,55,9,99,2,3211,39.07054722,-78.23131389,38,2,0,1,0,0,1,1
510603,VIRGINIA,VA,1,0,1,730,1910,PETERSBURG,18,11,November,2010,5,Thursday,2,13,9,99,2,11,37.21121389,-77.39646389,42,2,0,1,0,0,1,1
510604,VIRGINIA,VA,2,0,2,195,0,CARLTON,12,11,November,2010,6,Friday,12,20,9,99,2,0,37.06435556,-82.53195833,12,1,0,1,0,0,1,0
510605,VIRGINIA,VA,3,0,3,193,0,IDEAL,20,11,November,2010,7,Saturday,5,30,9,99,3,624,38.18243889,-77.04323611,12,2,0,1,0,0,1,0
510606,VIRGINIA,VA,1,0,1,57,0,BANKSTON,20,11,November,2010,7,Saturday,10,43,1,2,2,1303,37.96591111,-76.91588333,42,1,0,1,0,0,1,0
510607,VIRGINIA,VA,2,0,2,760,2060,RICHMOND,16,10,October,2010,7,Saturday,16,26,1,11,1,767,37.57315556,-77.45773333,25,1,0,1,0,0,1,1
510608,VIRGINIA,VA,2,0,2,770,2100,ROANOKE,17,11,November,2010,4,Wednesday,12,1,1,13,2,594,37.22858611,-79.97072778,12,1,0,1,0,0,1,0
510609,VIRGINIA,VA,1,1,1,177,0,LEE,12,11,November,2010,6,Friday,22,44,0,15,4,73,38.28333333,-77.53163333,8,2,0,1,0,0,1,0
510610,VIRGINIA,VA,2,0,4,153,0,BONAIRE,19,11,November,2010,6,Friday,21,12,1,2,2,2153,38.78278889,-77.66496944,12,3,0,1,0,0,2,0
510611,VIRGINIA,VA,1,0,1,175,0,CADWELL,22,11,November,2010,2,Monday,6,0,1,2,2,4177,36.68270278,-77.45382778,42,2,0,1,0,0,1,0
510612,VIRGINIA,VA,1,0,2,75,0,BEAVERTON,19,11,November,2010,6,Friday,15,34,9,99,4,11,37.75216389,-78.05981389,1,1,0,1,0,0,1,0
510613,VIRGINIA,VA,3,0,3,650,1180,FORT MONROE,23,11,November,2010,3,Tuesday,11,50,0,14,3,4,37.02323333,-76.31563611,12,1,0,1,0,0,1,0
510614,VIRGINIA,VA,3,2,1,59,0,FRANKLIN,19,11,November,2010,6,Friday,14,53,1,12,3,253,38.93427500,-77.22011111,12,1,0,1,0,0,1,0
510615,VIRGINIA,VA,1,0,2,187,0,DAHLONEGA,23,11,November,2010,3,Tuesday,15,50,0,4,3,224,38.95908333,-78.26623889,17,1,0,2,0,0,2,0
510616,VIRGINIA,VA,1,0,1,3,0,BALDWIN,25,11,November,2010,5,Thursday,23,59,0,3,3,37,38.03829167,-78.33968889,35,2,0,3,0,0,1,0
510617,VIRGINIA,VA,1,0,2,650,1180,FORT MONROE,25,11,November,2010,5,Thursday,23,56,9,99,6,5,37.01852222,-76.40965556,38,3,0,1,0,0,1,0
510618,VIRGINIA,VA,2,0,3,85,0,BENTON,26,11,November,2010,6,Friday,21,48,0,3,3,148,37.75544444,-77.43038056,12,2,0,1,0,0,1,2
510619,VIRGINIA,VA,1,0,1,183,0,FORT STEWART,26,11,November,2010,6,Friday,8,40,1,1,1,244,36.85352222,-77.42416667,35,1,0,1,0,0,1,0
510620,VIRGINIA,VA,3,0,5,121,0,BON AIR,27,11,November,2010,7,Saturday,15,53,1,11,1,1181,37.14273611,-80.35091389,12,1,0,1,0,0,1,0
510621,VIRGINIA,VA,2,0,3,137,0,ALCO,27,11,November,2010,7,Saturday,17,25,9,99,9,0,38.25732222,-78.01168333,12,2,0,1,0,0,1,0
510622,VIRGINIA,VA,1,0,1,157,0,ARCADE,28,11,November,2010,1,Sunday,10,25,0,3,2,841,38.55245278,-78.14440833,35,1,0,1,0,0,1,0
510623,VIRGINIA,VA,1,0,2,650,1180,FORT MONROE,27,11,November,2010,7,Saturday,22,34,9,99,6,1,37.09023889,-76.43660556,34,3,0,1,0,0,1,0
510624,VIRGINIA,VA,2,1,2,59,0,FRANKLIN,5,11,November,2010,6,Friday,20,11,1,13,2,1858,38.73918056,-77.08922222,8,2,0,1,0,0,1,0
510625,VIRGINIA,VA,1,0,1,550,468,CHESAPEAKE,27,11,November,2010,7,Saturday,17,40,0,15,6,102,36.56600000,-76.23160000,30,2,0,1,0,0,1,0
510626,VIRGINIA,VA,1,0,1,23,0,BLADON SPRINGS,30,11,November,2010,3,Tuesday,23,30,1,1,1,1679,37.52926389,-79.69430833,24,2,0,2,0,0,1,0
510627,VIRGINIA,VA,6,0,6,35,0,BROOKLYN,16,11,November,2010,3,Tuesday,11,30,1,2,1,84,36.66879167,-80.70891389,12,1,0,5,0,0,1,0
510628,VIRGINIA,VA,1,0,2,105,0,MARION,23,11,November,2010,3,Tuesday,16,45,9,99,4,44,36.80414167,-82.99249722,35,1,0,1,0,0,1,1
510629,VIRGINIA,VA,2,0,1,650,1180,FORT MONROE,29,11,November,2010,2,Monday,1,56,0,15,6,10,37.04545000,-76.30343889,14,3,0,1,0,0,1,1
510630,VIRGINIA,VA,1,1,1,59,0,FRANKLIN,24,11,November,2010,4,Wednesday,11,32,9,99,4,131,38.87289167,-77.15376389,9,1,0,1,0,0,1,0
510631,VIRGINIA,VA,2,0,2,121,0,BON AIR,23,11,November,2010,3,Tuesday,14,36,9,99,3,56,37.17061111,-80.47245000,12,1,0,2,0,0,1,0
510632,VIRGINIA,VA,1,1,1,59,0,FRANKLIN,14,11,November,2010,1,Sunday,14,35,0,15,4,3,38.78101944,-77.06231111,9,1,0,1,0,0,1,0
510633,VIRGINIA,VA,2,0,2,25,0,BARLOW BEND,1,12,December,2010,4,Wednesday,7,25,9,99,4,208,36.66468056,-77.72079722,12,1,0,2,0,0,1,0
510634,VIRGINIA,VA,1,0,1,69,0,ASHFORD,1,12,December,2010,4,Wednesday,22,22,0,14,3,125,39.21390556,-78.29440278,42,2,0,1,0,0,1,0
510635,VIRGINIA,VA,6,0,6,149,0,BELLEVILLE,1,12,December,2010,4,Wednesday,6,25,1,13,2,3262,37.16236944,-77.28486944,12,2,0,2,0,0,1,0
510636,VIRGINIA,VA,2,0,3,19,0,CEDAR BLUFF,2,12,December,2010,5,Thursday,17,15,9,99,4,55,37.12971944,-79.44075000,12,5,0,1,0,0,1,1
510637,VIRGINIA,VA,2,0,2,670,1290,HOPEWELL,3,12,December,2010,6,Friday,12,15,1,13,3,253,37.30430278,-77.28658611,12,1,0,1,0,0,1,0
510638,VIRGINIA,VA,1,0,1,57,0,BANKSTON,3,12,December,2010,6,Friday,9,10,1,2,2,1130,37.79561667,-76.77194722,24,1,0,1,0,0,1,1
510639,VIRGINIA,VA,2,0,2,5,0,BAKER HILL,3,12,December,2010,6,Friday,19,10,1,1,1,192,37.88488056,-79.60015278,12,2,0,1,0,0,1,0
510640,VIRGINIA,VA,1,0,2,197,0,BUENA VISTA,4,12,December,2010,7,Saturday,14,40,0,3,2,317,36.92728611,-81.09423611,1,1,0,4,0,0,1,0
510641,VIRGINIA,VA,1,0,1,800,2390,SUFFOLK,5,12,December,2010,1,Sunday,12,13,1,13,2,41,36.57511111,-76.70100556,42,1,0,1,0,0,1,0
510642,VIRGINIA,VA,1,0,2,41,0,BRANTLEY,5,12,December,2010,1,Sunday,14,16,1,2,2,1140,37.35873056,-77.83135556,42,1,0,1,0,0,1,0
510643,VIRGINIA,VA,1,1,1,610,930,FALLS CHURCH,5,12,December,2010,1,Sunday,18,42,1,13,3,635,38.88654722,-77.17772778,8,3,0,1,0,0,1,0
510644,VIRGINIA,VA,1,0,1,3,0,BALDWIN,5,12,December,2010,1,Sunday,16,46,0,4,3,469,38.10421111,-78.38288889,42,2,0,1,0,0,1,0
510645,VIRGINIA,VA,2,0,3,109,0,ANSLEY,6,12,December,2010,2,Monday,18,42,1,1,1,1597,37.78231667,-77.88941944,12,3,0,1,0,0,1,0
510646,VIRGINIA,VA,3,0,2,121,0,BON AIR,6,12,December,2010,2,Monday,17,37,9,99,4,0,37.25424444,-80.41103889,12,3,0,1,0,0,1,1
510647,VIRGINIA,VA,2,0,2,121,0,BON AIR,2,12,December,2010,5,Thursday,11,58,9,99,3,505,37.06668333,-80.44129444,12,1,0,1,0,0,1,1
510648,VIRGINIA,VA,2,0,3,820,2610,UNKNOWN,8,12,December,2010,4,Wednesday,21,39,9,99,2,692,38.06993611,-78.88917500,12,3,0,1,0,0,1,1
510649,VIRGINIA,VA,1,0,1,650,1180,FORT MONROE,8,12,December,2010,4,Wednesday,1,25,0,15,6,19,37.00294722,-76.35910000,3,3,0,1,0,0,1,1
510650,VIRGINIA,VA,2,0,2,810,2540,DAM NECK NAVAL FACILITLY,6,12,December,2010,2,Monday,10,11,9,99,6,14,36.84834167,-76.08388333,12,1,0,1,0,0,1,0
510651,VIRGINIA,VA,1,0,1,175,0,CADWELL,12,12,December,2010,1,Sunday,13,30,0,6,4,43,36.84130000,-77.09535556,34,1,0,2,0,0,1,0
510652,VIRGINIA,VA,1,0,3,660,1190,HARRISONBURG,9,12,December,2010,5,Thursday,7,28,9,99,9,0,38.44910000,-78.85920833,30,1,0,1,0,0,1,0
510653,VIRGINIA,VA,2,0,4,143,0,CANEHILL,13,12,December,2010,2,Monday,23,27,1,2,2,269,36.84648611,-79.39188611,12,2,0,1,0,0,1,0
510654,VIRGINIA,VA,1,0,2,47,0,BROWNS,11,12,December,2010,7,Saturday,17,45,9,99,9,118,38.39674444,-77.80506389,52,2,0,1,0,0,1,0
510655,VIRGINIA,VA,2,0,4,59,0,FRANKLIN,16,11,November,2010,3,Tuesday,12,35,0,15,4,4,38.80448889,-77.16305000,12,1,0,2,0,0,1,0
510656,VIRGINIA,VA,2,0,2,800,2390,SUFFOLK,9,12,December,2010,5,Thursday,17,22,0,13,3,906,36.76900556,-76.58517778,12,3,0,1,0,0,1,0
510657,VIRGINIA,VA,1,1,1,775,2170,SALEM,11,12,December,2010,7,Saturday,18,43,1,13,3,55,37.26516389,-80.03314167,8,3,0,1,0,0,1,0
510658,VIRGINIA,VA,1,0,1,163,0,AVERA,16,12,December,2010,5,Thursday,11,45,1,1,1,1892,37.75291111,-79.41285000,52,1,0,4,0,0,1,0
510659,VIRGINIA,VA,2,0,4,47,0,BROWNS,15,12,December,2010,4,Wednesday,21,20,9,99,2,706,38.43492222,-77.98416944,12,2,0,1,0,0,1,0
510660,VIRGINIA,VA,2,0,5,550,468,CHESAPEAKE,16,12,December,2010,5,Thursday,11,18,1,13,2,4,36.55347500,-76.37708889,12,1,0,4,0,0,1,0
510661,VIRGINIA,VA,1,1,1,87,0,ARMSTRONG,18,12,December,2010,7,Saturday,19,10,1,13,2,1576,37.62988611,-77.53561111,8,2,0,1,0,0,1,0
510662,VIRGINIA,VA,1,1,1,117,0,BIRMINGHAM,19,12,December,2010,1,Sunday,3,5,9,99,4,23,36.69976111,-78.42807222,8,2,0,1,0,0,1,0
510663,VIRGINIA,VA,1,0,1,630,1020,FREDERICKSBURG,19,12,December,2010,1,Sunday,3,49,1,11,1,1296,38.28143333,-77.51084167,35,2,0,1,0,0,1,1
510664,VIRGINIA,VA,1,0,1,143,0,CANEHILL,21,12,December,2010,3,Tuesday,15,26,9,99,4,37,36.97026111,-79.34300556,42,1,0,1,0,0,1,1
510665,VIRGINIA,VA,1,0,1,101,0,BOYLSTON,20,12,December,2010,2,Monday,23,48,9,99,9,0,37.72972500,-77.23500278,42,2,0,1,0,0,1,1
510666,VIRGINIA,VA,1,0,1,53,0,ATMORE,21,12,December,2010,3,Tuesday,20,0,0,4,4,15,37.22978056,-77.64450000,35,2,0,1,0,0,1,1
510667,VIRGINIA,VA,3,0,6,31,0,COFFEE,24,12,December,2010,6,Friday,14,40,9,99,9,0,37.31118333,-79.26260833,12,1,0,1,0,0,1,0
510668,VIRGINIA,VA,1,0,3,153,0,BONAIRE,25,12,December,2010,7,Saturday,1,56,0,13,2,11,38.56662222,-77.32907222,33,2,0,1,0,0,3,1
510669,VIRGINIA,VA,2,0,3,700,1720,FORT EUSTIS,19,7,July,2010,2,Monday,15,35,1,13,3,107,37.01341667,-76.44076944,12,1,0,1,0,0,1,0
510670,VIRGINIA,VA,2,0,2,700,1720,FORT EUSTIS,25,12,December,2010,7,Saturday,15,2,1,2,2,652,37.12870833,-76.53067500,33,1,0,1,0,0,1,0
510671,VIRGINIA,VA,1,0,1,25,0,BARLOW BEND,13,12,December,2010,2,Monday,5,38,1,1,1,99999,36.89601944,-77.80495000,24,2,0,4,0,0,1,0
510672,VIRGINIA,VA,2,0,2,113,0,COTTONTON,24,12,December,2010,6,Friday,19,19,0,3,3,309,38.41245833,-78.25924167,12,3,0,1,0,0,1,0
510673,VIRGINIA,VA,1,1,1,75,0,BEAVERTON,18,9,September,2010,7,Saturday,3,0,0,4,2,1374,37.74343611,-77.84860556,8,2,0,1,0,0,1,0
510674,VIRGINIA,VA,3,0,3,149,0,BELLEVILLE,1,11,November,2010,2,Monday,23,21,9,99,2,3252,37.10208333,-77.18020000,12,2,0,1,0,0,1,1
510675,VIRGINIA,VA,1,0,1,165,0,HERNDON,25,12,December,2010,7,Saturday,11,0,0,6,4,4,38.36031389,-78.69174167,42,1,0,4,0,0,1,0
510676,VIRGINIA,VA,1,0,2,147,0,AUGUSTA,27,12,December,2010,2,Monday,17,11,9,99,4,0,37.30286944,-78.48933333,34,5,0,1,0,0,1,1
510677,VIRGINIA,VA,2,0,4,800,2390,SUFFOLK,28,12,December,2010,3,Tuesday,9,4,1,13,2,3718,36.78399167,-76.63333056,12,1,0,1,0,0,1,0
510678,VIRGINIA,VA,1,0,2,171,0,ALDORA,29,12,December,2010,4,Wednesday,17,55,9,99,9,3019,38.90087222,-78.49056111,17,2,0,1,0,0,1,0
510679,VIRGINIA,VA,2,0,3,520,300,BRISTOL,8,2,February,2010,2,Monday,18,1,0,13,2,667,36.60100833,-82.21820278,12,3,0,1,0,0,1,0
510680,VIRGINIA,VA,1,0,1,3,0,BALDWIN,29,12,December,2010,4,Wednesday,22,25,9,99,4,36,38.01970000,-78.35120000,21,2,0,1,0,0,1,1
510681,VIRGINIA,VA,2,0,2,167,0,ADRIAN,25,12,December,2010,7,Saturday,14,35,9,99,2,652,36.71309167,-81.93164167,12,1,0,1,0,0,1,0
510682,VIRGINIA,VA,1,0,4,183,0,FORT STEWART,29,12,December,2010,4,Wednesday,23,50,0,3,3,2118,36.91984167,-77.29697222,34,2,0,1,0,0,3,1
510683,VIRGINIA,VA,3,0,5,107,0,CARROLLTON,24,12,December,2010,6,Friday,15,26,9,99,3,19,39.22530556,-77.74921389,12,1,0,1,0,0,3,1
510684,VIRGINIA,VA,1,0,2,87,0,ARMSTRONG,24,12,December,2010,6,Friday,0,20,1,13,3,48,37.63581667,-77.45092778,42,2,0,1,0,0,1,1
510685,VIRGINIA,VA,1,0,1,157,0,ARCADE,29,12,December,2010,4,Wednesday,21,6,0,3,2,1079,38.81515000,-78.10647222,39,2,0,1,0,0,1,1
510686,VIRGINIA,VA,1,1,1,187,0,DAHLONEGA,28,12,December,2010,3,Tuesday,22,25,1,13,3,30,39.00570833,-78.16337222,8,2,0,1,0,0,1,0