ST_CASE,State Name,State Abbreviation,VE_TOTAL,Pedestrains,Total_Persons_in_accident,COUNTY,CITY,City_County_Name,Calendar_DAY,MONTH,Month_Name,YEAR,DAY_WEEK,Day_Week_desc,HOUR,MINUTE,NHS_Desc,trafficway,ROUTE,MILEPT,LATITUDE,LONGITUD,First_Crash_event,Light_cond_desc,Weather_condition,WEATHER,SCH_BUS,Crash_cause,FATALS,DRUNK_DR
530152,WASHINGTON,WA,2,0,3,21,0,CHILTON,30,6,June,2010,4,Wednesday,11,40,0,4,3,120,46.63417500,-118.76151944,12,1,0,1,0,0,1,0
530153,WASHINGTON,WA,1,0,3,33,1960,CHEROKEE,30,5,May,2010,1,Sunday,1,31,0,13,6,0,47.70897500,-122.30346389,42,3,0,1,0,0,1,1
530154,WASHINGTON,WA,1,0,2,33,1960,CHEROKEE,31,5,May,2010,2,Monday,7,25,0,12,3,335,47.63540833,-122.34357778,33,1,0,2,0,0,1,0
530155,WASHINGTON,WA,2,0,2,23,0,BLADON SPRINGS,17,6,June,2010,5,Thursday,15,50,1,2,2,3908,46.52478056,-117.82172778,12,1,0,1,0,0,1,0
530156,WASHINGTON,WA,2,0,5,5,0,BAKER HILL,18,6,June,2010,6,Friday,16,45,0,3,3,157,46.43525556,-119.48490278,12,1,0,1,0,0,1,0
530157,WASHINGTON,WA,1,0,1,41,0,BRANTLEY,2,7,July,2010,6,Friday,3,42,0,2,3,479,46.63467500,-123.03846389,42,6,0,10,0,0,1,0
530158,WASHINGTON,WA,1,0,1,63,0,BOLIGEE,10,6,June,2010,5,Thursday,16,36,0,5,4,45,47.87436111,-117.43826944,42,1,0,2,0,0,1,1
530159,WASHINGTON,WA,2,0,2,9,0,BLOUNT,18,6,June,2010,6,Friday,9,47,0,4,4,86,48.10233056,-123.12835000,12,1,0,1,0,0,1,0
530160,WASHINGTON,WA,1,0,1,39,0,ANDALUSIA,4,7,July,2010,1,Sunday,21,0,0,4,3,1458,45.82353611,-119.99580833,1,5,0,1,0,0,1,1
530161,WASHINGTON,WA,1,0,1,47,0,BROWNS,18,6,June,2010,6,Friday,13,49,0,3,3,447,48.16713056,-118.98309167,24,1,0,1,0,0,1,0
530162,WASHINGTON,WA,1,0,1,53,2230,ATMORE,23,6,June,2010,4,Wednesday,21,7,1,11,1,12,47.24722222,-122.43528889,25,1,0,1,0,0,1,1
530163,WASHINGTON,WA,1,0,2,25,0,BARLOW BEND,19,6,June,2010,7,Saturday,18,50,0,2,3,27,47.11909722,-119.85354722,34,1,0,1,0,0,2,0
530164,WASHINGTON,WA,1,0,1,53,0,ATMORE,29,1,January,2010,6,Friday,11,15,0,14,4,12,47.29621389,-122.55832778,59,1,0,10,0,0,1,0
530165,WASHINGTON,WA,2,0,1,53,2230,ATMORE,6,3,March,2010,7,Saturday,19,15,0,99,4,99999,47.07338056,-122.35866389,14,3,0,1,0,0,1,0
530166,WASHINGTON,WA,1,0,2,39,0,ANDALUSIA,29,4,April,2010,5,Thursday,8,39,0,6,4,1369,99.99990000,999.99990000,10,1,0,6,0,0,1,0
530167,WASHINGTON,WA,1,0,2,55,0,ATTALLA,31,5,May,2010,2,Monday,18,30,0,6,4,22,48.50850278,-123.03624167,1,1,0,1,0,0,1,1
530168,WASHINGTON,WA,1,0,1,53,0,ATMORE,31,5,May,2010,2,Monday,23,44,0,3,3,197,47.14066389,-122.05312778,42,2,0,1,0,0,1,1
530169,WASHINGTON,WA,1,0,1,73,0,ARGO,14,6,June,2010,2,Monday,22,15,0,4,4,92,48.93527778,-122.54622500,38,2,0,1,0,0,1,1
530170,WASHINGTON,WA,1,0,1,15,0,ANNISTON,17,6,June,2010,5,Thursday,16,35,0,3,3,362,46.04905833,-122.30550278,30,1,0,1,0,0,1,1
530171,WASHINGTON,WA,1,1,1,53,1124,ATMORE,7,3,March,2010,1,Sunday,18,49,0,5,6,0,47.17685556,-122.53021667,8,3,0,2,0,0,1,0
530172,WASHINGTON,WA,3,0,3,35,0,BROOKLYN,23,6,June,2010,4,Wednesday,9,38,0,12,3,350,47.52763333,-122.69981944,12,1,0,1,0,0,1,0
530173,WASHINGTON,WA,2,0,3,63,2110,BOLIGEE,26,6,June,2010,7,Saturday,2,5,0,13,6,0,47.65340000,-117.42498611,12,3,0,1,0,0,1,1
530174,WASHINGTON,WA,1,1,2,63,330,BOLIGEE,27,6,June,2010,1,Sunday,22,45,0,13,3,116,47.49340000,-117.56799167,8,3,0,1,0,0,1,0
530175,WASHINGTON,WA,2,0,2,73,0,ARGO,30,6,June,2010,4,Wednesday,15,55,0,4,4,25,48.83305833,-122.48597222,12,1,0,1,0,0,1,0
530176,WASHINGTON,WA,1,0,1,63,0,BOLIGEE,11,4,April,2010,1,Sunday,3,10,0,14,4,29,47.61388889,-117.51470000,59,2,0,1,0,0,1,1
530177,WASHINGTON,WA,3,0,4,11,0,BULLOCK,3,7,July,2010,7,Saturday,23,48,0,4,4,4,45.86021944,-122.67213889,12,2,0,1,0,0,2,2
530178,WASHINGTON,WA,1,0,3,41,0,BRANTLEY,3,7,July,2010,7,Saturday,7,15,0,4,3,120,46.43512222,-122.72391667,42,1,0,1,0,0,1,0
530179,WASHINGTON,WA,2,0,2,53,800,ATMORE,4,7,July,2010,1,Sunday,12,35,0,14,4,13,47.29355278,-122.64523056,12,1,0,1,0,0,1,0
530180,WASHINGTON,WA,1,0,1,61,0,BELLWOOD,5,7,July,2010,2,Monday,3,12,0,2,3,50,48.02529444,-122.18470556,24,2,0,10,0,0,1,1
530181,WASHINGTON,WA,1,0,1,59,0,FRANKLIN,6,7,July,2010,3,Tuesday,20,35,0,6,4,9,45.63602222,-122.02755000,11,1,0,1,0,0,1,0
530182,WASHINGTON,WA,1,0,1,77,0,ANDERSON,17,6,June,2010,5,Thursday,11,0,0,4,3,20,46.70448333,-120.47296389,39,1,0,1,0,0,1,0
530183,WASHINGTON,WA,1,0,2,45,0,ARITON,23,6,June,2010,4,Wednesday,18,5,1,2,2,3543,47.13942500,-123.09468333,42,1,0,1,0,0,1,0
530184,WASHINGTON,WA,1,0,5,33,0,CHEROKEE,29,6,June,2010,3,Tuesday,6,47,1,1,1,343,47.46538056,-121.71613333,24,1,0,1,0,0,2,0
530185,WASHINGTON,WA,1,0,3,1,0,AUTAUGA,5,7,July,2010,2,Monday,16,34,0,5,4,32,46.76727778,-119.20181111,35,1,0,1,0,0,1,0
530186,WASHINGTON,WA,3,0,3,1,0,AUTAUGA,7,7,July,2010,4,Wednesday,14,16,0,2,3,223,46.74009722,-119.08956389,12,1,0,1,0,0,1,0
530187,WASHINGTON,WA,1,0,1,45,0,ARITON,7,7,July,2010,4,Wednesday,21,49,0,6,4,1,47.26844167,-122.94756944,34,2,0,1,0,0,1,1
530188,WASHINGTON,WA,3,0,8,67,0,ABBEVILLE,8,7,July,2010,5,Thursday,18,57,0,14,4,30,47.00292500,-122.73857222,12,1,0,1,0,0,1,0
530189,WASHINGTON,WA,1,0,1,27,0,ASHLAND,10,7,July,2010,7,Saturday,17,20,0,99,4,99999,99.99990000,999.99990000,34,1,0,1,0,0,1,1
530190,WASHINGTON,WA,2,0,2,77,0,ANDERSON,10,7,July,2010,7,Saturday,13,14,0,4,3,935,99.99990000,999.99990000,12,1,0,1,0,0,1,1
530191,WASHINGTON,WA,1,0,1,77,0,ANDERSON,10,7,July,2010,7,Saturday,14,38,1,1,1,560,46.37142222,-120.21553611,1,1,0,1,0,0,1,0
530192,WASHINGTON,WA,1,0,1,61,0,BELLWOOD,10,7,July,2010,7,Saturday,19,57,0,16,4,18,48.09439167,-121.99000000,30,1,0,1,0,0,1,1
530193,WASHINGTON,WA,1,0,1,9,0,BLOUNT,13,7,July,2010,3,Tuesday,0,21,1,2,2,2685,48.04727500,-123.03591111,43,2,0,1,0,0,1,1
530194,WASHINGTON,WA,2,0,2,33,1030,CHEROKEE,14,7,July,2010,4,Wednesday,17,30,0,13,6,0,47.35359444,-122.24950833,12,1,0,1,0,0,1,0
530195,WASHINGTON,WA,1,0,3,25,0,BARLOW BEND,15,7,July,2010,5,Thursday,16,18,0,3,3,594,47.41821389,-119.35677778,1,1,0,1,0,0,3,0
530196,WASHINGTON,WA,2,0,3,63,0,BOLIGEE,16,7,July,2010,6,Friday,22,41,0,14,4,14,47.79733056,-117.40569722,12,3,0,1,0,0,1,1
530197,WASHINGTON,WA,2,0,4,77,0,ANDERSON,19,7,July,2010,2,Monday,18,44,0,4,4,36,46.36058333,-120.37580278,12,1,0,1,0,0,2,0
530198,WASHINGTON,WA,2,0,2,33,0,CHEROKEE,19,7,July,2010,2,Monday,16,58,0,3,4,22,47.54068611,-121.90897500,12,1,0,1,0,0,1,0
530199,WASHINGTON,WA,1,0,3,25,0,BARLOW BEND,23,7,July,2010,6,Friday,15,33,0,9,8,20,47.83084722,-119.13836111,1,1,0,1,0,0,1,1
530200,WASHINGTON,WA,2,0,6,11,0,BULLOCK,29,7,July,2010,5,Thursday,14,29,0,4,4,103,45.80858056,-122.59950278,12,1,0,1,0,0,1,0
530201,WASHINGTON,WA,2,0,2,5,0,BAKER HILL,30,7,July,2010,6,Friday,22,45,0,3,3,65,46.30196111,-119.37228889,12,2,0,10,0,0,1,1
530202,WASHINGTON,WA,3,0,9,33,0,CHEROKEE,31,7,July,2010,7,Saturday,2,43,1,11,1,1650,47.62818611,-122.32765278,12,3,0,1,0,0,2,2
530203,WASHINGTON,WA,2,0,2,11,0,BULLOCK,31,7,July,2010,7,Saturday,8,12,0,2,3,53,45.78005000,-122.59450556,12,1,0,10,0,0,1,1
530204,WASHINGTON,WA,2,0,4,57,0,BANKSTON,1,8,August,2010,1,Sunday,14,12,0,5,3,714,48.52565833,-122.11983889,12,1,0,1,0,0,1,0
530205,WASHINGTON,WA,1,0,1,67,0,ABBEVILLE,7,8,August,2010,7,Saturday,6,31,0,14,4,16,47.02157778,-122.76480833,42,2,0,10,0,0,1,1
530206,WASHINGTON,WA,1,0,2,47,0,BROWNS,26,7,July,2010,2,Monday,21,6,0,4,4,127,48.26659722,-119.73426111,17,2,0,1,0,0,1,1
530207,WASHINGTON,WA,4,0,7,61,2030,BELLWOOD,9,7,July,2010,6,Friday,11,27,1,12,2,46,47.93481944,-122.10278056,12,1,0,1,0,0,1,0
530208,WASHINGTON,WA,1,0,1,11,2370,BULLOCK,31,5,May,2010,2,Monday,20,45,0,13,6,0,45.62612500,-122.66948889,33,3,0,1,0,0,1,0
530209,WASHINGTON,WA,1,0,2,75,0,BEAVERTON,25,7,July,2010,1,Sunday,4,15,0,4,3,13,46.42342222,-117.08310000,35,2,0,1,0,0,1,1
530210,WASHINGTON,WA,2,0,3,53,2230,ATMORE,26,7,July,2010,2,Monday,19,5,0,12,3,57,47.25086389,-122.33538056,12,1,0,1,0,0,1,0
530211,WASHINGTON,WA,1,0,1,77,0,ANDERSON,27,7,July,2010,3,Tuesday,11,0,1,2,2,420,46.15325833,-120.50950556,1,1,0,1,0,0,1,1
530212,WASHINGTON,WA,2,0,2,47,0,BROWNS,31,7,July,2010,7,Saturday,17,45,0,3,3,1957,48.47024722,-120.17652500,12,1,0,2,0,0,1,1
530213,WASHINGTON,WA,2,0,3,65,0,CYPRESS,7,8,August,2010,7,Saturday,9,50,0,3,3,364,48.05322778,-118.22312500,12,1,0,1,0,0,1,0
530214,WASHINGTON,WA,2,0,5,53,2230,ATMORE,7,8,August,2010,7,Saturday,1,20,0,13,4,14,47.05290278,-122.36868333,12,3,0,10,0,0,1,1
530215,WASHINGTON,WA,2,0,3,53,0,ATMORE,8,8,August,2010,1,Sunday,20,48,0,14,4,24,47.16935278,-122.41554722,12,2,0,1,0,0,2,0
530216,WASHINGTON,WA,2,0,2,57,0,BANKSTON,17,8,August,2010,3,Tuesday,14,24,0,3,3,740,48.52908333,-122.05999444,12,1,0,1,0,0,1,0
530217,WASHINGTON,WA,2,0,5,57,0,BANKSTON,26,7,July,2010,2,Monday,16,0,0,3,3,10,48.44265278,-122.41245833,12,1,0,1,0,0,1,0
530218,WASHINGTON,WA,1,0,1,25,0,BARLOW BEND,26,6,June,2010,7,Saturday,20,30,0,9,8,0,99.99990000,999.99990000,34,2,0,1,0,0,1,1
530219,WASHINGTON,WA,2,0,2,11,0,BULLOCK,15,8,August,2010,1,Sunday,19,49,0,4,3,255,45.93422222,-122.37963889,12,2,0,1,0,0,1,1
530220,WASHINGTON,WA,1,0,1,39,2500,ANDALUSIA,9,7,July,2010,6,Friday,1,20,0,15,3,12,45.72594167,-121.48057222,42,3,0,1,0,0,1,1
530221,WASHINGTON,WA,3,0,4,77,2590,ANDERSON,20,6,June,2010,1,Sunday,14,51,0,14,6,0,46.60705000,-120.53049167,12,1,0,1,0,0,2,0
530222,WASHINGTON,WA,1,1,1,11,2370,BULLOCK,4,8,August,2010,4,Wednesday,19,12,1,11,1,30,45.65933333,-122.66608611,8,1,0,1,0,0,1,0
530223,WASHINGTON,WA,1,0,2,77,0,ANDERSON,8,8,August,2010,1,Sunday,3,8,0,6,4,24,46.34577222,-120.37209167,35,2,0,1,0,0,1,1
530224,WASHINGTON,WA,1,0,2,15,0,ANNISTON,9,8,August,2010,2,Monday,15,38,0,6,4,73,46.17222222,-123.05642500,35,1,0,1,0,0,1,0
530225,WASHINGTON,WA,2,0,4,67,0,ABBEVILLE,12,8,August,2010,5,Thursday,2,12,0,4,4,13,47.06724167,-122.70784444,12,2,0,1,0,0,1,1
530226,WASHINGTON,WA,1,0,3,25,0,BARLOW BEND,14,8,August,2010,7,Saturday,23,6,1,1,1,1666,47.10410278,-119.49854444,1,2,0,1,0,0,1,0
530227,WASHINGTON,WA,1,0,6,33,0,CHEROKEE,9,8,August,2010,2,Monday,15,51,1,1,1,455,47.39660556,-121.51032222,1,1,0,10,0,0,2,0
530228,WASHINGTON,WA,1,0,1,41,0,BRANTLEY,14,8,August,2010,7,Saturday,12,20,0,3,3,74,46.43739722,-122.83276944,42,1,0,1,0,0,1,1
530229,WASHINGTON,WA,1,0,2,1,0,AUTAUGA,15,8,August,2010,1,Sunday,2,4,1,1,1,2320,47.18051667,-118.27413056,1,2,0,1,0,0,1,1
530230,WASHINGTON,WA,1,0,1,53,0,ATMORE,15,8,August,2010,1,Sunday,2,17,0,3,3,2,46.88723889,-122.35136667,42,2,0,1,0,0,1,1
530231,WASHINGTON,WA,1,0,1,73,0,ARGO,15,8,August,2010,1,Sunday,7,0,0,4,4,29,48.93532778,-122.68466944,30,1,0,1,0,0,1,0
530232,WASHINGTON,WA,2,0,3,37,0,BRADFORD,18,8,August,2010,4,Wednesday,15,6,1,1,1,1090,46.97231389,-120.53238333,12,1,0,1,0,0,1,0
530233,WASHINGTON,WA,1,1,1,25,2050,BARLOW BEND,19,8,August,2010,5,Thursday,13,57,0,3,3,521,47.37234444,-119.49468611,9,1,0,1,0,0,1,0
530234,WASHINGTON,WA,1,0,1,53,2230,ATMORE,24,8,August,2010,3,Tuesday,19,7,0,13,6,0,47.22309167,-122.46138056,30,1,0,1,0,0,1,0
530235,WASHINGTON,WA,2,0,2,63,0,BOLIGEE,19,8,August,2010,5,Thursday,16,36,1,2,2,1733,47.86250000,-117.42204722,12,1,0,1,0,0,1,0
530236,WASHINGTON,WA,1,0,3,25,0,BARLOW BEND,6,8,August,2010,6,Friday,18,50,0,3,3,668,47.42849444,-119.19934167,17,1,0,1,0,0,2,0
530237,WASHINGTON,WA,2,0,3,63,0,BOLIGEE,28,8,August,2010,7,Saturday,12,10,1,2,2,3069,47.92347500,-117.35016389,12,1,0,1,0,0,1,0
530238,WASHINGTON,WA,1,0,1,37,0,BRADFORD,28,8,August,2010,7,Saturday,6,40,1,1,1,528,47.42593889,-121.41353889,35,9,0,1,0,0,1,1
530239,WASHINGTON,WA,1,0,1,27,0,ASHLAND,30,7,July,2010,6,Friday,16,39,1,2,2,1201,47.37225000,-123.90262778,1,1,0,1,0,0,1,0
530240,WASHINGTON,WA,1,0,2,75,0,BEAVERTON,20,6,June,2010,1,Sunday,5,17,0,4,4,79,46.84592778,-117.85999722,1,1,0,10,0,0,2,1
530241,WASHINGTON,WA,1,0,1,67,0,ABBEVILLE,21,8,August,2010,7,Saturday,3,46,0,14,4,9,47.02121389,-122.76415000,30,3,0,1,0,0,1,1
530242,WASHINGTON,WA,1,0,1,61,690,BELLWOOD,31,7,July,2010,7,Saturday,22,46,0,3,3,95,47.88940000,-122.20663611,38,3,0,1,0,0,1,0
530243,WASHINGTON,WA,4,1,1,61,0,BELLWOOD,27,8,August,2010,6,Friday,21,31,0,3,3,511,47.87454722,-122.27222222,14,2,0,1,0,0,1,1
530244,WASHINGTON,WA,2,0,3,11,0,BULLOCK,23,7,July,2010,6,Friday,21,29,0,14,4,43,45.72266111,-122.48683056,12,2,0,1,0,0,1,1
530245,WASHINGTON,WA,2,0,5,33,0,CHEROKEE,18,6,June,2010,6,Friday,15,3,0,3,3,102,47.21064167,-122.08017500,12,1,0,10,0,0,2,0
530246,WASHINGTON,WA,1,1,1,53,2230,ATMORE,5,7,July,2010,2,Monday,15,15,0,14,6,0,47.25756389,-122.44640278,8,1,0,1,0,0,1,0
530247,WASHINGTON,WA,1,1,1,15,1190,ANNISTON,24,7,July,2010,7,Saturday,16,41,0,14,3,580,46.15296111,-122.97846667,9,1,0,1,0,0,1,0
530248,WASHINGTON,WA,3,0,4,61,1215,BELLWOOD,30,7,July,2010,6,Friday,15,31,0,13,3,482,47.83712222,-122.30129167,12,1,0,1,0,0,1,0
530249,WASHINGTON,WA,2,0,3,31,0,COFFEE,17,8,August,2010,3,Tuesday,14,27,0,2,3,117,47.86925000,-122.68306111,12,1,0,1,0,0,1,0
530250,WASHINGTON,WA,3,0,4,33,1030,CHEROKEE,24,8,August,2010,3,Tuesday,20,45,0,14,3,31,47.41581667,-122.19705278,12,5,0,1,0,0,2,0
530251,WASHINGTON,WA,2,0,2,61,0,BELLWOOD,26,8,August,2010,5,Thursday,14,41,0,14,4,30,48.13468889,-122.14112500,12,1,0,1,0,0,1,0
530252,WASHINGTON,WA,2,0,3,9,0,BLOUNT,28,8,August,2010,7,Saturday,14,18,1,2,2,2426,48.09750000,-123.53985278,12,1,0,1,0,0,1,0
530253,WASHINGTON,WA,1,0,2,37,0,BRADFORD,29,8,August,2010,1,Sunday,13,11,1,1,1,530,47.42373333,-121.41068333,34,1,0,10,0,0,1,0
530254,WASHINGTON,WA,1,1,1,67,1590,ABBEVILLE,24,3,March,2010,4,Wednesday,21,2,0,13,6,0,47.04651389,-122.85371389,8,3,0,1,0,0,1,0
530255,WASHINGTON,WA,1,0,1,67,1590,ABBEVILLE,24,8,August,2010,3,Tuesday,1,35,0,14,6,0,47.02978333,-122.88581389,42,3,0,1,0,0,1,1
530256,WASHINGTON,WA,1,0,3,63,2113,BOLIGEE,29,8,August,2010,1,Sunday,5,19,0,16,4,0,47.61336667,-117.31731111,42,6,0,1,0,0,3,1
530257,WASHINGTON,WA,2,0,3,75,0,BEAVERTON,16,7,July,2010,6,Friday,14,48,0,4,4,44,46.76053333,-117.18442500,12,1,0,1,0,0,2,0
530258,WASHINGTON,WA,1,0,2,41,0,BRANTLEY,22,7,July,2010,5,Thursday,15,0,1,2,2,828,46.52997778,-122.55461389,34,1,0,1,0,0,1,0
530259,WASHINGTON,WA,1,1,1,61,0,BELLWOOD,25,7,July,2010,1,Sunday,0,35,0,13,4,7,47.88186111,-122.24966944,8,3,0,1,0,0,1,0
530260,WASHINGTON,WA,1,0,1,33,735,CHEROKEE,29,8,August,2010,1,Sunday,22,45,0,14,6,0,47.28302500,-122.31668611,38,3,0,1,0,0,1,1
530261,WASHINGTON,WA,2,0,2,25,0,BARLOW BEND,26,9,September,2010,1,Sunday,5,15,0,2,3,566,46.73774167,-119.53601389,12,2,0,1,0,0,1,1
530262,WASHINGTON,WA,1,1,2,71,2390,BRIDGEPORT,29,8,August,2010,1,Sunday,0,16,0,13,6,0,46.06133611,-118.35644167,43,3,0,1,0,0,1,1
530263,WASHINGTON,WA,1,0,2,35,0,BROOKLYN,31,8,August,2010,3,Tuesday,21,24,0,15,4,21,47.64678611,-122.70780000,1,2,0,1,0,0,1,1
530264,WASHINGTON,WA,2,0,2,47,0,BROWNS,1,9,September,2010,4,Wednesday,14,15,0,3,3,2159,48.38455833,-119.82903889,24,1,0,1,0,0,1,0
530265,WASHINGTON,WA,1,0,1,71,0,BRIDGEPORT,6,9,September,2010,2,Monday,13,27,0,5,4,21,46.23891667,-118.88273611,17,1,0,1,0,0,1,0
530266,WASHINGTON,WA,2,0,4,33,1500,CHEROKEE,3,9,September,2010,6,Friday,12,35,0,14,3,305,47.48942222,-121.79478611,12,1,0,1,0,0,1,0
530267,WASHINGTON,WA,1,0,1,33,1960,CHEROKEE,10,9,September,2010,6,Friday,20,27,0,14,3,273,47.54854167,-122.33444722,33,3,0,10,0,0,1,1
530268,WASHINGTON,WA,2,0,3,33,1958,CHEROKEE,10,9,September,2010,6,Friday,14,19,1,11,1,1518,47.43017778,-122.27302500,12,1,0,1,0,0,1,0
530269,WASHINGTON,WA,1,1,3,33,0,CHEROKEE,12,9,September,2010,1,Sunday,2,13,0,5,4,5,47.20296667,-122.03750556,9,2,0,1,0,0,1,1
530270,WASHINGTON,WA,2,0,2,33,0,CHEROKEE,14,9,September,2010,3,Tuesday,17,1,0,13,4,16,47.35766389,-122.27598611,12,1,0,1,0,0,1,0
530271,WASHINGTON,WA,2,0,2,29,0,BORDEN SPRINGS,17,9,September,2010,6,Friday,5,31,0,2,3,267,48.23982222,-122.71511667,12,2,0,5,0,0,1,0
530272,WASHINGTON,WA,4,0,6,77,2590,ANDERSON,17,9,September,2010,6,Friday,10,35,1,12,2,2022,46.62601111,-120.51312222,12,1,0,1,0,0,1,0
530273,WASHINGTON,WA,1,0,1,67,2320,ABBEVILLE,23,9,September,2010,5,Thursday,17,0,1,11,1,1000,46.97958889,-122.92784167,42,1,0,10,0,0,1,0
530274,WASHINGTON,WA,2,0,2,21,1660,CHILTON,24,9,September,2010,6,Friday,5,30,0,13,3,218,46.22052500,-119.10338333,12,3,0,1,0,0,1,1
530275,WASHINGTON,WA,2,0,5,53,0,ATMORE,24,9,September,2010,6,Friday,14,33,0,14,4,59,47.14751667,-122.16645556,12,1,0,1,0,0,1,0
530276,WASHINGTON,WA,1,0,4,67,0,ABBEVILLE,26,9,September,2010,1,Sunday,2,32,0,9,8,99999,46.89510000,-123.15278889,42,2,0,2,0,0,1,1
530277,WASHINGTON,WA,1,0,4,61,0,BELLWOOD,18,9,September,2010,7,Saturday,16,7,0,6,4,1,48.14307500,-122.22475556,30,1,0,1,0,0,1,1
530278,WASHINGTON,WA,1,0,2,47,1600,BROWNS,19,9,September,2010,1,Sunday,10,50,0,3,3,640,48.35345556,-119.19475000,42,1,0,10,0,0,1,1
530279,WASHINGTON,WA,2,0,3,67,0,ABBEVILLE,27,9,September,2010,2,Monday,8,5,0,3,4,77,46.83682778,-122.91939444,12,1,0,1,0,0,1,0
530280,WASHINGTON,WA,2,0,6,29,0,BORDEN SPRINGS,3,9,September,2010,6,Friday,20,51,0,2,3,385,48.35813056,-122.63602500,12,2,0,1,0,0,3,0
530281,WASHINGTON,WA,2,0,4,35,180,BROOKLYN,6,9,September,2010,2,Monday,4,36,0,15,6,0,47.58508611,-122.61895000,12,3,0,2,0,0,1,1
530282,WASHINGTON,WA,2,0,2,53,0,ATMORE,6,9,September,2010,2,Monday,1,59,0,16,6,0,47.25007222,-122.25300556,12,2,0,1,0,0,1,1
530283,WASHINGTON,WA,1,0,3,61,0,BELLWOOD,6,9,September,2010,2,Monday,2,44,1,1,1,2028,48.17513056,-122.19281667,25,3,0,2,0,0,1,1
530284,WASHINGTON,WA,1,0,1,45,0,ARITON,10,9,September,2010,6,Friday,15,27,0,4,4,54,47.21394167,-122.99569722,30,1,0,2,0,0,1,0
530285,WASHINGTON,WA,1,0,2,67,0,ABBEVILLE,11,9,September,2010,7,Saturday,21,54,0,4,4,38,46.85288333,-123.04176944,42,2,0,10,0,0,1,1
530286,WASHINGTON,WA,1,0,1,65,0,CYPRESS,15,9,September,2010,4,Wednesday,17,24,0,5,4,12,48.28571944,-117.73788333,17,1,0,1,0,0,1,1
530287,WASHINGTON,WA,1,1,1,57,1970,BANKSTON,18,9,September,2010,7,Saturday,20,15,0,15,6,0,48.50439444,-122.21046667,8,2,0,2,0,0,1,0
530288,WASHINGTON,WA,1,0,1,63,0,BOLIGEE,4,9,September,2010,7,Saturday,1,16,0,3,3,165,47.72033056,-117.07649167,59,3,0,1,0,0,1,1
530289,WASHINGTON,WA,2,0,2,53,2230,ATMORE,21,8,August,2010,7,Saturday,2,8,0,15,6,0,47.25915000,-122.46581111,12,3,0,1,0,0,1,0
530290,WASHINGTON,WA,3,1,1,33,1960,CHEROKEE,24,9,September,2010,6,Friday,1,25,1,11,1,1630,47.56913889,-122.32048611,14,3,0,10,0,0,1,1
530291,WASHINGTON,WA,1,1,1,33,1030,CHEROKEE,25,9,September,2010,7,Saturday,19,30,0,14,6,0,47.41505000,-122.19710833,8,5,0,1,0,0,1,0
530292,WASHINGTON,WA,2,0,3,77,0,ANDERSON,27,9,September,2010,2,Monday,19,0,0,4,4,39,46.32399167,-119.92626111,12,1,0,1,0,0,2,0
530293,WASHINGTON,WA,3,0,4,71,0,BRIDGEPORT,30,9,September,2010,5,Thursday,15,45,0,3,3,40,46.21530278,-118.92981389,12,1,0,1,0,0,1,0
530294,WASHINGTON,WA,2,2,4,73,110,ARGO,30,9,September,2010,5,Thursday,14,39,0,3,6,0,48.75903889,-122.47510833,12,1,0,1,0,0,1,0
530295,WASHINGTON,WA,1,0,1,31,0,COFFEE,25,4,April,2010,1,Sunday,8,20,0,4,4,88,99.99990000,999.99990000,11,1,0,1,0,0,1,0
530296,WASHINGTON,WA,2,0,3,1,0,AUTAUGA,16,9,September,2010,5,Thursday,15,41,0,4,4,29,46.77930000,-119.04815278,12,1,0,1,0,0,1,0
530297,WASHINGTON,WA,2,0,4,37,0,BRADFORD,25,9,September,2010,7,Saturday,10,25,1,1,1,635,47.28858889,-121.28262500,12,1,0,1,0,0,1,0
530298,WASHINGTON,WA,1,0,3,11,2370,BULLOCK,28,9,September,2010,3,Tuesday,16,17,0,16,6,0,45.60711111,-122.56531111,39,1,0,1,0,0,1,0
530299,WASHINGTON,WA,1,0,1,17,0,CHAMBERS,1,10,October,2010,6,Friday,17,15,0,14,3,1060,47.72396667,-119.36293611,1,1,0,1,0,0,1,1
530300,WASHINGTON,WA,1,0,1,67,0,ABBEVILLE,1,10,October,2010,6,Friday,7,11,0,5,4,7,46.82280833,-122.99838056,42,1,0,10,0,0,1,0
530301,WASHINGTON,WA,1,1,3,33,1030,CHEROKEE,3,10,October,2010,1,Sunday,5,25,0,14,3,36,47.38163333,-122.23108056,8,2,0,10,0,0,1,1
530302,WASHINGTON,WA,2,0,3,41,0,BRANTLEY,6,10,October,2010,4,Wednesday,8,25,0,4,4,22,46.54640556,-122.71983889,12,1,0,5,0,0,1,0
530303,WASHINGTON,WA,2,0,6,35,0,BROOKLYN,6,10,October,2010,4,Wednesday,19,50,0,14,3,30,47.61007222,-122.62882222,12,1,0,1,0,0,1,0
530304,WASHINGTON,WA,2,0,3,53,0,ATMORE,6,10,October,2010,4,Wednesday,10,50,0,14,4,130,47.03696389,-122.25311389,12,1,0,1,0,0,1,0