ST_CASE,State Name,State Abbreviation,VE_TOTAL,Pedestrains,Total_Persons_in_accident,COUNTY,CITY,City_County_Name,Calendar_DAY,MONTH,Month_Name,YEAR,DAY_WEEK,Day_Week_desc,HOUR,MINUTE,NHS_Desc,trafficway,ROUTE,MILEPT,LATITUDE,LONGITUD,First_Crash_event,Light_cond_desc,Weather_condition,WEATHER,SCH_BUS,Crash_cause,FATALS,DRUNK_DR
530305,WASHINGTON,WA,1,0,3,67,0,ABBEVILLE,19,10,October,2010,3,Tuesday,18,55,0,4,4,3,47.08675000,-122.80828611,30,2,0,1,0,0,1,0
530306,WASHINGTON,WA,1,0,1,53,1770,ATMORE,19,10,October,2010,3,Tuesday,19,30,0,6,4,3,46.94680556,-122.27500000,1,3,0,1,0,0,1,1
530307,WASHINGTON,WA,1,0,2,63,0,BOLIGEE,18,9,September,2010,7,Saturday,1,4,0,4,4,35,47.53684722,-117.28660556,42,2,0,10,0,0,2,1
530308,WASHINGTON,WA,2,0,2,77,2590,ANDERSON,12,6,June,2010,7,Saturday,5,5,0,13,6,0,46.59414167,-120.53040556,12,4,0,1,0,0,1,1
530309,WASHINGTON,WA,1,0,1,61,0,BELLWOOD,14,10,October,2010,5,Thursday,17,52,0,6,4,1,48.25801389,-122.09525000,30,1,0,10,0,0,1,1
530310,WASHINGTON,WA,2,0,4,53,1770,ATMORE,15,10,October,2010,6,Friday,14,16,0,16,6,0,47.16215556,-122.31406944,12,1,0,1,0,0,1,0
530311,WASHINGTON,WA,1,0,1,43,0,BAILEYTON,30,9,September,2010,5,Thursday,10,35,1,2,2,2171,47.74887500,-118.81499167,1,1,0,1,0,0,1,1
530312,WASHINGTON,WA,1,1,1,33,0,CHEROKEE,16,10,October,2010,7,Saturday,21,59,0,3,3,53,47.26515833,-122.14304444,8,3,0,1,0,0,1,0
530313,WASHINGTON,WA,1,0,1,33,532,CHEROKEE,3,6,June,2010,5,Thursday,22,0,0,14,6,0,47.40825278,-122.32471667,24,3,0,10,0,0,1,1
530314,WASHINGTON,WA,3,0,5,33,229,CHEROKEE,26,6,June,2010,7,Saturday,12,45,0,13,6,0,47.47039722,-122.34451111,12,1,0,10,0,0,1,0
530315,WASHINGTON,WA,2,0,2,37,0,BRADFORD,16,10,October,2010,7,Saturday,19,42,0,2,3,1614,47.33433056,-120.62226667,24,2,0,1,0,0,1,1
530316,WASHINGTON,WA,1,0,2,11,2370,BULLOCK,13,10,October,2010,4,Wednesday,2,6,0,13,3,24,45.64775278,-122.61673333,30,3,0,1,0,0,1,0
530317,WASHINGTON,WA,1,0,2,11,0,BULLOCK,16,10,October,2010,7,Saturday,20,26,0,4,4,122,45.93105000,-122.51255833,42,3,0,1,0,0,1,1
530318,WASHINGTON,WA,2,0,3,45,0,ARITON,27,10,October,2010,4,Wednesday,6,27,1,2,2,3555,47.10659444,-123.09508056,12,3,0,10,1,0,1,0
530319,WASHINGTON,WA,5,0,2,63,2110,BOLIGEE,9,10,October,2010,7,Saturday,2,16,0,13,6,0,47.68713056,-117.43475000,24,3,0,1,0,0,1,1
530320,WASHINGTON,WA,1,1,1,25,0,BARLOW BEND,14,10,October,2010,5,Thursday,5,40,0,2,3,229,46.74413889,-119.10248333,8,2,0,1,0,0,1,0
530321,WASHINGTON,WA,2,0,3,71,0,BRIDGEPORT,21,10,October,2010,5,Thursday,9,22,1,2,2,2965,46.19703333,-118.99525833,12,1,0,5,0,0,2,0
530322,WASHINGTON,WA,5,1,6,33,229,CHEROKEE,18,10,October,2010,2,Monday,22,53,0,12,3,269,47.49212500,-122.32524167,8,3,0,1,0,0,1,0
530323,WASHINGTON,WA,1,0,1,73,740,ARGO,22,10,October,2010,6,Friday,14,9,1,11,1,2634,48.86036667,-122.58772500,24,1,0,10,0,0,1,0
530324,WASHINGTON,WA,1,1,3,63,2110,BOLIGEE,15,8,August,2010,1,Sunday,17,46,0,13,6,0,47.65443333,-117.39913056,9,1,0,1,0,0,1,0
530325,WASHINGTON,WA,1,1,2,61,590,BELLWOOD,10,10,October,2010,1,Sunday,1,32,0,13,3,454,47.80449444,-122.32817222,8,3,0,2,0,0,1,0
530326,WASHINGTON,WA,1,1,1,61,0,BELLWOOD,23,10,October,2010,7,Saturday,3,15,0,6,4,11,48.13756944,-122.30337778,8,2,0,10,0,0,1,0
530327,WASHINGTON,WA,1,0,1,31,0,COFFEE,29,10,October,2010,6,Friday,16,45,1,2,2,1449,47.53499444,-124.22988056,11,1,0,1,0,0,1,0
530328,WASHINGTON,WA,1,0,2,17,0,CHAMBERS,25,9,September,2010,7,Saturday,21,17,0,14,4,31,47.38761389,-120.25205833,24,2,0,1,0,0,1,1
530329,WASHINGTON,WA,2,0,5,33,1030,CHEROKEE,16,10,October,2010,7,Saturday,9,44,0,14,6,0,47.41570278,-122.19706667,12,1,0,1,0,0,1,0
530330,WASHINGTON,WA,3,0,3,5,1020,BAKER HILL,19,10,October,2010,3,Tuesday,16,15,1,13,2,142,46.17757222,-119.18616667,12,1,0,1,0,0,1,1
530332,WASHINGTON,WA,1,0,1,7,0,BIBB,7,11,November,2010,1,Sunday,7,0,0,3,3,1607,48.51424444,-120.68605833,17,4,0,10,0,0,1,0
530333,WASHINGTON,WA,1,0,6,5,0,BAKER HILL,31,10,October,2010,1,Sunday,2,20,1,1,1,3,46.24424444,-119.36688333,1,2,0,5,0,0,3,1
530334,WASHINGTON,WA,2,0,4,65,0,CYPRESS,5,11,November,2010,6,Friday,14,0,1,2,2,2150,48.34455556,-117.83276667,12,1,0,10,0,0,1,0
530335,WASHINGTON,WA,1,0,1,25,0,BARLOW BEND,8,11,November,2010,2,Monday,21,50,0,3,3,185,46.79900278,-119.92504167,1,2,0,1,0,0,1,1
530336,WASHINGTON,WA,1,1,1,61,1430,BELLWOOD,29,7,July,2010,5,Thursday,7,45,0,15,6,0,47.88641944,-122.29908611,8,1,0,10,0,0,1,0
530337,WASHINGTON,WA,1,0,1,11,2370,BULLOCK,17,10,October,2010,1,Sunday,6,0,0,15,6,0,45.62109167,-122.51283611,42,4,0,5,0,0,1,1
530338,WASHINGTON,WA,3,0,6,33,229,CHEROKEE,18,10,October,2010,2,Monday,22,53,0,12,3,269,47.48475833,-122.32720556,12,3,0,1,0,0,1,0
530339,WASHINGTON,WA,1,0,1,67,0,ABBEVILLE,11,11,November,2010,5,Thursday,0,3,0,4,4,66,46.82189722,-123.04947222,53,2,0,5,0,0,1,1
530340,WASHINGTON,WA,1,0,1,47,0,BROWNS,12,11,November,2010,6,Friday,19,4,0,6,4,14,48.41705278,-119.54114167,30,2,0,1,0,0,1,1
530341,WASHINGTON,WA,3,1,4,25,0,BARLOW BEND,20,10,October,2010,4,Wednesday,6,20,0,2,3,330,47.23384722,-119.78603889,8,2,0,1,0,0,1,0
530342,WASHINGTON,WA,2,0,3,61,1360,BELLWOOD,4,11,November,2010,5,Thursday,13,56,0,2,3,230,47.85384722,-121.99632778,12,1,0,1,0,0,1,0
530345,WASHINGTON,WA,1,0,1,33,2040,CHEROKEE,14,11,November,2010,1,Sunday,0,1,0,16,6,0,47.51281667,-121.82334722,1,2,0,2,0,0,1,1
530346,WASHINGTON,WA,1,0,1,33,0,CHEROKEE,14,11,November,2010,1,Sunday,17,7,0,3,3,367,47.16658056,-121.81387500,42,6,0,10,0,0,1,0
530347,WASHINGTON,WA,2,0,3,25,0,BARLOW BEND,16,11,November,2010,3,Tuesday,16,31,0,4,4,69,47.00159167,-119.04585556,12,5,0,1,0,0,1,1
530348,WASHINGTON,WA,2,0,2,31,0,COFFEE,19,11,November,2010,6,Friday,4,53,0,2,3,115,47.87044444,-122.68679444,12,2,0,1,0,0,1,0
530349,WASHINGTON,WA,2,0,3,35,0,BROOKLYN,20,11,November,2010,7,Saturday,18,5,0,4,4,6,47.72155556,-122.56989167,12,2,0,1,0,0,1,0
530350,WASHINGTON,WA,1,0,1,53,0,ATMORE,27,8,August,2010,6,Friday,1,33,0,3,6,0,47.18622778,-122.51905833,17,3,0,1,0,0,1,1
530351,WASHINGTON,WA,2,1,1,53,2230,ATMORE,22,11,November,2010,2,Monday,18,48,1,11,1,1341,47.23896111,-122.41175000,25,3,0,4,0,0,1,0
530352,WASHINGTON,WA,1,0,1,57,0,BANKSTON,22,11,November,2010,2,Monday,14,30,0,6,4,10,48.32044722,-121.51971111,1,1,0,4,0,0,1,1
530353,WASHINGTON,WA,1,0,1,61,0,BELLWOOD,28,11,November,2010,1,Sunday,21,9,0,99,4,99999,47.86463056,-122.10988333,42,3,0,10,0,0,1,1
530354,WASHINGTON,WA,2,0,2,1,0,AUTAUGA,1,11,November,2010,2,Monday,17,12,0,4,4,63,46.89096389,-119.25972500,12,5,0,2,0,0,1,0
530355,WASHINGTON,WA,2,0,3,77,0,ANDERSON,5,11,November,2010,6,Friday,14,40,0,4,4,133,46.37494444,-120.60730833,12,1,0,1,0,0,1,1
530356,WASHINGTON,WA,1,0,1,67,0,ABBEVILLE,8,12,December,2010,4,Wednesday,12,7,0,4,4,30,47.12031389,-123.00516111,52,1,0,2,0,0,1,1
530357,WASHINGTON,WA,2,0,4,47,0,BROWNS,13,11,November,2010,7,Saturday,21,55,1,2,2,2566,48.07576944,-119.85305000,12,2,0,1,0,0,1,1
530358,WASHINGTON,WA,1,0,2,39,0,ANDALUSIA,20,8,August,2010,6,Friday,12,45,0,4,4,55,45.88463056,-121.42192778,42,1,0,1,0,0,1,0
530359,WASHINGTON,WA,1,0,1,39,0,ANDALUSIA,22,8,August,2010,1,Sunday,14,30,0,4,4,135,45.82882778,-120.55074722,1,1,0,1,0,0,1,0
530361,WASHINGTON,WA,2,0,2,33,1960,CHEROKEE,17,8,August,2010,3,Tuesday,16,57,0,13,6,0,47.53379167,-122.29830278,12,1,0,1,0,0,1,0
530362,WASHINGTON,WA,1,0,2,61,0,BELLWOOD,17,11,November,2010,4,Wednesday,16,57,0,14,4,7,47.79913056,-122.25687778,42,2,0,10,0,0,1,0
530363,WASHINGTON,WA,5,0,8,33,1960,CHEROKEE,21,10,October,2010,5,Thursday,18,16,0,13,6,0,47.68306389,-122.37678333,12,1,0,10,0,0,1,0
530364,WASHINGTON,WA,2,0,3,33,1958,CHEROKEE,13,11,November,2010,7,Saturday,5,42,0,13,6,0,47.43477222,-122.31480278,12,3,0,10,0,0,1,1
530365,WASHINGTON,WA,1,0,2,63,0,BOLIGEE,18,11,November,2010,5,Thursday,20,16,0,6,4,13,47.57985556,-117.77262222,17,2,0,1,0,0,1,1
530366,WASHINGTON,WA,4,0,2,53,2230,ATMORE,17,11,November,2010,4,Wednesday,23,49,0,14,6,0,47.25518889,-122.50240833,14,3,0,2,0,0,1,0
530367,WASHINGTON,WA,1,1,1,53,1124,ATMORE,20,11,November,2010,7,Saturday,2,0,1,11,1,1250,47.14568611,-122.50725833,8,3,0,1,0,0,1,0
530368,WASHINGTON,WA,2,0,4,7,0,BIBB,20,11,November,2010,7,Saturday,11,15,1,2,2,2468,47.95179444,-119.87736111,24,1,0,4,0,0,1,0
530369,WASHINGTON,WA,2,0,3,77,2590,ANDERSON,22,11,November,2010,2,Monday,9,40,0,4,4,60,46.67868056,-120.71820278,12,1,0,4,0,0,2,0
530370,WASHINGTON,WA,2,0,6,25,680,BARLOW BEND,26,11,November,2010,6,Friday,19,42,0,14,3,8,47.30322778,-119.54466111,12,8,0,98,0,0,1,0
530371,WASHINGTON,WA,1,0,6,27,0,ASHLAND,27,11,November,2010,7,Saturday,6,47,0,4,4,21,47.04322500,-123.96680833,1,2,0,98,0,0,1,0
530372,WASHINGTON,WA,2,0,3,65,0,CYPRESS,2,12,December,2010,5,Thursday,5,40,1,2,2,1843,47.99308056,-117.54590000,12,2,0,10,0,0,1,0
530373,WASHINGTON,WA,1,0,2,35,0,BROOKLYN,3,12,December,2010,6,Friday,17,34,0,14,4,84,47.78386667,-122.68153611,42,2,0,10,0,0,1,0
530374,WASHINGTON,WA,1,1,1,77,0,ANDERSON,5,12,December,2010,1,Sunday,4,55,0,6,4,28,46.43334722,-120.56231389,8,2,0,1,0,0,1,0
530375,WASHINGTON,WA,1,0,1,27,0,ASHLAND,7,12,December,2010,3,Tuesday,6,47,1,2,2,225,46.99193333,-123.37788056,42,2,0,10,0,0,1,0
530376,WASHINGTON,WA,2,0,1,63,0,BOLIGEE,7,12,December,2010,3,Tuesday,20,49,1,2,2,900,47.57481667,-117.40179167,14,3,0,1,0,0,1,1
530377,WASHINGTON,WA,1,1,1,11,2370,BULLOCK,10,12,December,2010,6,Friday,17,33,0,14,6,0,45.63028889,-122.68145000,8,3,0,10,0,0,1,0
530378,WASHINGTON,WA,1,1,1,35,111,BROOKLYN,11,12,December,2010,7,Saturday,11,15,0,15,6,0,47.64289722,-122.52279167,8,1,0,2,0,0,1,0
530379,WASHINGTON,WA,1,1,1,11,2370,BULLOCK,15,9,September,2010,4,Wednesday,15,20,0,16,6,0,45.66549722,-122.53425556,8,1,0,1,0,0,1,0
530380,WASHINGTON,WA,5,0,8,5,0,BAKER HILL,28,11,November,2010,1,Sunday,20,33,1,1,1,1050,46.20227500,-119.32984722,12,2,0,5,0,0,3,1
530381,WASHINGTON,WA,1,0,1,49,0,COLLINSVILLE,3,10,October,2010,1,Sunday,1,30,0,9,8,99999,46.41611389,-123.60631944,1,2,0,2,0,0,1,1
530382,WASHINGTON,WA,1,0,1,29,0,BORDEN SPRINGS,11,12,December,2010,7,Saturday,2,53,0,5,4,22,47.99328333,-122.52925278,42,2,0,10,0,0,1,1
530383,WASHINGTON,WA,1,0,1,77,0,ANDERSON,14,12,December,2010,3,Tuesday,23,30,0,4,4,12,46.28760278,-119.90517222,1,2,0,1,0,0,1,1
530384,WASHINGTON,WA,2,0,2,33,2310,CHEROKEE,22,9,September,2010,4,Wednesday,5,50,0,13,6,0,47.50554722,-122.29070556,12,3,0,10,0,0,1,0
530385,WASHINGTON,WA,1,1,2,67,1102,ABBEVILLE,14,12,December,2010,3,Tuesday,0,31,0,14,6,0,47.00688889,-122.80826667,38,2,0,2,0,0,1,1
530386,WASHINGTON,WA,2,0,2,53,1770,ATMORE,14,12,December,2010,3,Tuesday,4,13,0,14,6,0,47.15766667,-122.30403056,12,3,0,2,0,0,1,1
530387,WASHINGTON,WA,2,0,2,47,0,BROWNS,14,12,December,2010,3,Tuesday,8,15,1,2,2,2903,48.39145556,-119.52895278,12,1,0,2,0,0,1,0
530388,WASHINGTON,WA,1,1,1,61,0,BELLWOOD,16,12,December,2010,5,Thursday,16,44,0,15,4,5,47.83133333,-122.23758333,8,3,0,1,0,0,1,0
530389,WASHINGTON,WA,2,0,2,33,109,CHEROKEE,12,10,October,2010,3,Tuesday,14,22,0,14,6,0,47.56663056,-122.09943333,12,1,0,1,0,0,1,0
530390,WASHINGTON,WA,2,0,2,47,0,BROWNS,17,12,December,2010,6,Friday,18,9,1,2,2,2779,48.27168333,-119.71312500,12,2,0,98,0,0,1,0
530391,WASHINGTON,WA,1,0,1,11,0,BULLOCK,17,12,December,2010,6,Friday,18,58,0,4,4,46,45.93091667,-122.66248333,42,2,0,10,0,0,1,1
530392,WASHINGTON,WA,1,1,1,53,2210,ATMORE,17,12,December,2010,6,Friday,12,50,0,14,4,23,47.21274722,-122.21255833,8,1,0,1,0,0,1,0
530393,WASHINGTON,WA,1,0,5,33,1030,CHEROKEE,17,12,December,2010,6,Friday,23,41,0,13,6,0,47.35580278,-122.19298889,42,3,0,10,0,0,1,1
530394,WASHINGTON,WA,1,1,1,77,2590,ANDERSON,17,12,December,2010,6,Friday,13,49,0,14,6,0,46.59922778,-120.51699444,15,1,0,1,0,0,1,0
530395,WASHINGTON,WA,1,0,2,63,0,BOLIGEE,18,12,December,2010,7,Saturday,0,30,1,1,1,2655,47.51601111,-117.67411111,31,2,0,1,0,0,1,1
530396,WASHINGTON,WA,1,0,1,73,0,ARGO,18,12,December,2010,7,Saturday,2,55,0,5,4,3,48.99310000,-122.40138611,1,2,0,1,0,0,1,1
530397,WASHINGTON,WA,1,0,1,11,0,BULLOCK,26,12,December,2010,1,Sunday,23,25,0,99,4,99999,45.58713889,-122.33700278,1,2,0,2,0,0,1,1
530398,WASHINGTON,WA,1,1,2,61,0,BELLWOOD,27,12,December,2010,2,Monday,18,51,0,16,4,1,48.05397500,-122.18722778,8,2,0,2,0,0,1,0
530399,WASHINGTON,WA,1,1,1,15,1010,ANNISTON,27,12,December,2010,2,Monday,17,20,0,14,6,0,46.14527222,-122.90906944,8,3,0,2,0,0,1,0
530400,WASHINGTON,WA,2,0,3,27,0,ASHLAND,28,12,December,2010,3,Tuesday,18,6,0,4,4,32,47.02022500,-123.81562778,12,2,0,1,0,0,1,1
530401,WASHINGTON,WA,1,0,4,33,0,CHEROKEE,28,12,December,2010,3,Tuesday,22,15,0,5,4,8,47.39997500,-122.05194722,40,2,0,10,0,0,1,0
530402,WASHINGTON,WA,2,0,2,33,735,CHEROKEE,29,12,December,2010,4,Wednesday,2,25,0,13,3,99,47.31495556,-122.31338611,12,3,0,4,0,0,1,1
530403,WASHINGTON,WA,2,0,3,63,0,BOLIGEE,29,12,December,2010,4,Wednesday,15,1,1,2,2,749,47.36731667,-117.38166389,12,1,0,11,0,0,1,0
530404,WASHINGTON,WA,2,0,6,45,0,ARITON,29,12,December,2010,4,Wednesday,17,1,1,2,2,3411,47.28272222,-123.16201667,12,2,0,1,0,0,1,0
530405,WASHINGTON,WA,1,0,1,53,0,ATMORE,31,12,December,2010,6,Friday,2,35,0,12,3,31,47.15909167,-122.41550556,23,3,0,1,0,0,1,1
530406,WASHINGTON,WA,1,0,1,45,0,ARITON,29,11,November,2010,2,Monday,15,23,1,2,2,3431,47.25241389,-123.14593333,42,1,0,2,0,0,1,0
530407,WASHINGTON,WA,1,0,1,33,1960,CHEROKEE,3,9,September,2010,6,Friday,1,36,0,13,6,0,47.64383611,-122.34493056,24,2,0,1,0,0,1,0
530408,WASHINGTON,WA,3,0,5,73,0,ARGO,6,11,November,2010,7,Saturday,9,30,0,14,3,133,48.82840278,-122.22301944,12,1,0,10,0,0,1,0
530409,WASHINGTON,WA,1,1,1,33,1960,CHEROKEE,17,11,November,2010,4,Wednesday,9,8,0,14,6,0,47.60531389,-122.32762500,8,1,0,2,0,0,1,0
530410,WASHINGTON,WA,2,0,3,7,0,BIBB,22,11,November,2010,2,Monday,15,10,1,12,2,1176,47.47521944,-120.36570000,24,1,0,4,0,0,1,0
530411,WASHINGTON,WA,1,1,3,61,1280,BELLWOOD,10,12,December,2010,6,Friday,18,30,0,13,6,0,48.05264722,-122.17698056,8,3,0,1,0,0,1,1
530412,WASHINGTON,WA,2,0,2,33,2005,CHEROKEE,27,12,December,2010,2,Monday,18,21,0,13,3,301,47.77417500,-122.30913889,12,3,0,2,0,0,1,0
530413,WASHINGTON,WA,3,0,4,33,1030,CHEROKEE,5,12,December,2010,1,Sunday,3,9,0,12,3,41,47.38236944,-122.27688889,12,2,0,1,0,0,2,2
530414,WASHINGTON,WA,2,0,4,47,0,BROWNS,30,12,December,2010,5,Thursday,12,0,0,99,4,84,99.99990000,999.99990000,12,1,0,1,0,0,1,0
530415,WASHINGTON,WA,1,0,1,57,0,BANKSTON,26,10,October,2010,3,Tuesday,20,54,0,3,3,834,48.53686944,-121.86503333,38,2,0,10,0,0,1,0
530416,WASHINGTON,WA,1,1,1,33,1960,CHEROKEE,27,12,December,2010,2,Monday,18,43,0,13,6,0,47.61399167,-122.34565556,8,3,0,2,0,0,1,0
530417,WASHINGTON,WA,1,0,1,25,0,BARLOW BEND,12,6,June,2010,7,Saturday,12,0,0,4,4,198,47.41696667,-119.28847778,35,1,0,1,0,0,1,0
530418,WASHINGTON,WA,1,1,1,33,1960,CHEROKEE,28,7,July,2010,4,Wednesday,10,38,0,14,6,0,47.60431667,-122.31677222,9,1,0,1,0,0,1,0
530419,WASHINGTON,WA,1,0,1,33,2005,CHEROKEE,4,8,August,2010,4,Wednesday,9,20,0,14,6,0,47.74791667,-122.33472778,59,1,0,1,0,0,1,0
530420,WASHINGTON,WA,1,1,1,33,1960,CHEROKEE,17,12,December,2010,6,Friday,13,56,0,15,6,0,47.65975556,-122.31431944,8,1,0,1,0,0,1,0
530421,WASHINGTON,WA,2,0,3,53,2230,ATMORE,24,5,May,2010,2,Monday,22,16,0,15,6,0,47.29238611,-122.52103333,14,5,0,1,0,0,1,0
530422,WASHINGTON,WA,2,0,2,27,930,ASHLAND,7,10,October,2010,5,Thursday,7,41,0,3,3,20,46.98224444,-123.92749722,12,1,0,10,0,0,1,0
530424,WASHINGTON,WA,1,0,3,15,0,ANNISTON,27,12,December,2010,2,Monday,1,10,0,6,4,1,46.33357778,-122.84383611,1,2,0,2,0,0,1,1
530425,WASHINGTON,WA,1,1,1,53,747,ATMORE,22,10,October,2010,6,Friday,19,3,0,13,3,1,47.24308611,-122.37010000,8,3,0,10,0,0,1,0
530426,WASHINGTON,WA,3,0,4,53,580,ATMORE,11,11,November,2010,5,Thursday,18,0,0,3,4,13,46.81069444,-122.26654444,12,2,0,10,0,0,1,1
530427,WASHINGTON,WA,4,0,6,61,1338,BELLWOOD,31,12,December,2010,6,Friday,14,38,0,14,6,0,47.85027500,-122.21386667,12,1,0,1,0,0,1,0
530428,WASHINGTON,WA,1,0,2,37,0,BRADFORD,27,11,November,2010,7,Saturday,19,42,0,6,8,0,47.20563056,-121.07550556,11,2,0,10,0,0,1,1
530429,WASHINGTON,WA,1,1,2,33,100,CHEROKEE,25,12,December,2010,7,Saturday,21,21,0,14,3,9,47.29713889,-122.21755833,8,2,0,2,0,0,1,0
530430,WASHINGTON,WA,1,0,2,63,2110,BOLIGEE,22,10,October,2010,6,Friday,15,6,0,16,6,0,47.68172778,-117.45718333,5,1,0,1,0,0,1,0
530431,WASHINGTON,WA,1,1,1,15,1190,ANNISTON,17,12,December,2010,6,Friday,11,13,0,16,6,0,46.13981389,-122.93466111,15,1,0,1,0,0,1,0
530432,WASHINGTON,WA,2,0,3,67,1102,ABBEVILLE,17,4,April,2010,7,Saturday,5,44,0,15,6,0,47.02459167,-122.81062500,12,3,0,1,0,0,1,1
540001,WEST VIRGINIA,WV,1,0,1,19,1870,CEDAR BLUFF,1,1,January,2010,6,Friday,13,28,0,14,3,13,37.85052778,-81.19677500,30,1,0,4,0,0,1,1
540002,WEST VIRGINIA,WV,1,0,1,107,2880,CARROLLTON,1,1,January,2010,6,Friday,10,43,1,1,1,1800,39.37398611,-81.43950556,24,1,0,10,0,0,1,0
540003,WEST VIRGINIA,WV,1,0,1,43,2228,BAILEYTON,2,1,January,2010,7,Saturday,14,0,0,6,4,16,38.10964167,-82.11087222,35,1,0,4,0,0,1,1
540004,WEST VIRGINIA,WV,2,0,5,67,1872,ABBEVILLE,3,1,January,2010,1,Sunday,10,37,1,2,2,340,38.19080556,-80.87255000,12,1,0,10,0,0,1,0
540005,WEST VIRGINIA,WV,1,0,1,63,2650,BOLIGEE,6,1,January,2010,4,Wednesday,8,43,1,2,2,220,37.57158056,-80.57033056,24,1,0,4,0,0,1,0
540006,WEST VIRGINIA,WV,2,0,3,77,330,ANDERSON,8,1,January,2010,6,Friday,15,36,1,1,1,190,39.64878333,-79.70548333,1,1,11,4,0,0,1,0
540007,WEST VIRGINIA,WV,1,0,1,39,814,ANDALUSIA,16,1,January,2010,7,Saturday,0,45,1,1,1,155,38.49613889,-81.42005278,24,2,0,1,0,0,1,1
540008,WEST VIRGINIA,WV,1,0,1,83,2658,ARDMORE,17,1,January,2010,1,Sunday,0,25,0,6,4,10,38.54125000,-80.02141111,1,3,0,1,0,0,1,1
540009,WEST VIRGINIA,WV,1,0,1,69,0,ASHFORD,19,1,January,2010,3,Tuesday,22,57,0,13,3,77,40.06560833,-80.67863611,38,3,0,1,0,0,1,1
540010,WEST VIRGINIA,WV,1,0,1,61,1840,BELLWOOD,19,1,January,2010,3,Tuesday,17,35,0,6,4,14,39.69199722,-79.80910833,1,2,0,10,0,0,1,1
540012,WEST VIRGINIA,WV,1,0,1,25,2275,BARLOW BEND,22,1,January,2010,6,Friday,11,0,0,3,3,60,38.22833056,-80.40138889,24,1,0,10,0,0,1,0
540013,WEST VIRGINIA,WV,1,0,2,107,1775,CARROLLTON,22,1,January,2010,6,Friday,1,40,0,14,3,67,39.19331667,-81.53619167,1,2,0,10,0,0,1,1
540014,WEST VIRGINIA,WV,1,0,1,11,2392,BULLOCK,22,1,January,2010,6,Friday,0,45,0,3,3,15,38.31923611,-82.20142500,34,2,0,1,0,0,1,1
540015,WEST VIRGINIA,WV,3,0,6,69,2630,ASHFORD,30,1,January,2010,7,Saturday,9,40,1,1,1,100,40.06437778,-80.57999722,12,1,0,10,0,0,3,0
540016,WEST VIRGINIA,WV,2,0,3,37,1140,BRADFORD,11,1,January,2010,2,Monday,13,55,1,2,2,146,39.31705000,-77.77495000,12,1,0,10,0,0,1,0
540017,WEST VIRGINIA,WV,1,0,1,29,1900,BORDEN SPRINGS,13,1,January,2010,4,Wednesday,13,0,0,4,4,3,40.49715833,-80.59415833,42,1,0,1,0,0,1,0
540018,WEST VIRGINIA,WV,2,0,2,45,1500,ARITON,18,1,January,2010,2,Monday,22,4,1,13,3,16,37.85250000,-82.02138889,12,2,0,1,0,0,1,1
540019,WEST VIRGINIA,WV,2,0,5,33,1520,CHEROKEE,14,1,January,2010,5,Thursday,17,29,0,4,3,15,39.17215833,-80.23246667,12,5,0,1,0,0,2,0
540020,WEST VIRGINIA,WV,2,0,2,3,0,BALDWIN,20,1,January,2010,4,Wednesday,16,10,0,14,3,72,39.39882778,-78.09697778,12,1,0,1,0,0,1,0
540021,WEST VIRGINIA,WV,1,1,1,41,0,BRANTLEY,18,1,January,2010,2,Monday,17,55,0,4,4,45,39.09941944,-80.39573889,8,2,0,5,0,0,1,0
540022,WEST VIRGINIA,WV,1,1,1,39,480,ANDALUSIA,22,1,January,2010,6,Friday,13,15,0,14,4,5,38.35720000,-81.63920000,8,1,0,10,0,0,1,0
540023,WEST VIRGINIA,WV,4,0,6,37,490,BRADFORD,10,1,January,2010,1,Sunday,14,40,1,2,2,138,39.29800000,-77.83058056,12,1,0,1,0,0,1,0
540024,WEST VIRGINIA,WV,2,0,2,97,340,AXIS,1,2,February,2010,2,Monday,7,38,0,14,3,249,38.92055556,-80.26606944,12,1,0,10,0,0,1,0
540025,WEST VIRGINIA,WV,1,0,1,107,2717,CARROLLTON,1,2,February,2010,2,Monday,12,26,0,5,4,14,39.24525000,-81.28934444,34,1,0,10,0,0,1,0
540026,WEST VIRGINIA,WV,2,0,4,99,940,BEATRICE,1,2,February,2010,2,Monday,4,44,1,2,2,290,38.11639444,-82.58302778,12,2,0,1,0,0,1,0
540027,WEST VIRGINIA,WV,1,0,1,93,0,BEAR CREEK,3,2,February,2010,4,Wednesday,20,5,0,3,3,21,38.96615000,-79.50470833,1,2,0,4,0,0,1,0
540028,WEST VIRGINIA,WV,1,0,1,67,692,ABBEVILLE,4,2,February,2010,5,Thursday,7,25,0,4,4,4,38.24943889,-81.19789167,1,1,0,10,0,0,1,0