ST_CASE,State Name,State Abbreviation,VE_TOTAL,Pedestrains,Total_Persons_in_accident,COUNTY,CITY,City_County_Name,Calendar_DAY,MONTH,Month_Name,YEAR,DAY_WEEK,Day_Week_desc,HOUR,MINUTE,NHS_Desc,trafficway,ROUTE,MILEPT,LATITUDE,LONGITUD,First_Crash_event,Light_cond_desc,Weather_condition,WEATHER,SCH_BUS,Crash_cause,FATALS,DRUNK_DR
540029,WEST VIRGINIA,WV,1,0,1,7,834,BIBB,5,2,February,2010,6,Friday,17,0,0,6,4,23,38.70671111,-80.66393889,1,1,0,3,0,0,1,0
540030,WEST VIRGINIA,WV,2,0,5,81,170,AUBURN,7,2,February,2010,1,Sunday,23,50,1,11,1,390,37.72670278,-81.18999444,12,2,0,1,0,0,1,0
540031,WEST VIRGINIA,WV,2,0,2,87,2510,ARMSTRONG,19,2,February,2010,6,Friday,14,14,0,4,2,237,38.73979444,-81.37908611,12,1,0,1,0,0,1,0
540032,WEST VIRGINIA,WV,1,0,1,55,261,ATTALLA,21,2,February,2010,1,Sunday,11,50,0,4,3,51,37.28778056,-81.26226389,24,1,0,1,0,0,1,0
540033,WEST VIRGINIA,WV,1,0,2,63,2321,BOLIGEE,27,2,February,2010,7,Saturday,8,30,1,2,2,136,37.49971667,-80.61123889,42,1,0,4,0,0,1,0
540034,WEST VIRGINIA,WV,3,0,3,57,353,BANKSTON,25,2,February,2010,5,Thursday,17,53,0,3,2,176,39.33997222,-78.93178889,12,1,0,10,0,0,1,0
540035,WEST VIRGINIA,WV,2,0,5,39,2480,ANDALUSIA,11,2,February,2010,5,Thursday,10,30,0,5,4,28,38.33051389,-81.69725556,12,1,0,10,0,0,1,0
540036,WEST VIRGINIA,WV,1,0,2,35,1348,BROOKLYN,8,3,March,2010,2,Monday,8,11,1,1,1,1220,38.63516667,-81.64879444,1,1,0,1,0,0,1,0
540037,WEST VIRGINIA,WV,1,0,1,55,1437,ATTALLA,21,3,March,2010,1,Sunday,3,30,0,4,3,4,37.42020000,-81.23794167,30,2,0,1,0,0,1,1
540038,WEST VIRGINIA,WV,1,0,1,7,2580,BIBB,29,3,March,2010,2,Monday,16,37,1,1,1,720,38.74504722,-80.67591111,35,1,0,10,0,0,1,0
540039,WEST VIRGINIA,WV,1,0,2,47,0,BROWNS,27,3,March,2010,7,Saturday,21,30,0,4,4,105,37.22221944,-81.53721944,42,2,0,1,0,0,1,1
540040,WEST VIRGINIA,WV,1,0,1,39,480,ANDALUSIA,6,3,March,2010,7,Saturday,4,39,0,16,6,0,38.35968889,-81.67145000,43,2,0,10,0,0,1,1
540041,WEST VIRGINIA,WV,1,0,1,39,1615,ANDALUSIA,7,3,March,2010,1,Sunday,5,51,0,5,4,44,38.04008056,-81.36401667,30,2,0,1,0,0,1,0
540042,WEST VIRGINIA,WV,2,0,2,61,1840,BELLWOOD,7,3,March,2010,1,Sunday,19,30,1,1,1,1576,39.67961389,-80.03866111,12,2,0,1,0,0,1,1
540043,WEST VIRGINIA,WV,2,0,2,77,30,ANDERSON,4,3,March,2010,5,Thursday,7,15,0,3,3,173,39.50430556,-79.64332500,12,1,0,10,0,0,1,1
540044,WEST VIRGINIA,WV,1,0,1,71,950,BRIDGEPORT,10,3,March,2010,4,Wednesday,13,18,0,3,2,327,38.66741667,-79.25022222,42,1,0,1,0,0,1,0
540045,WEST VIRGINIA,WV,1,0,1,61,592,BELLWOOD,9,3,March,2010,3,Tuesday,17,45,0,3,3,216,39.69250000,-80.11306111,42,5,0,10,0,0,1,0
540046,WEST VIRGINIA,WV,1,1,1,55,2180,ATTALLA,15,3,March,2010,2,Monday,15,0,0,16,6,0,37.35933611,-81.11037500,9,1,0,10,0,0,1,0
540047,WEST VIRGINIA,WV,2,0,2,3,1660,BALDWIN,18,3,March,2010,5,Thursday,23,23,0,14,2,166,39.49738611,-77.94130278,12,3,0,1,0,0,1,1
540048,WEST VIRGINIA,WV,1,1,1,99,2177,BEATRICE,20,3,March,2010,7,Saturday,1,15,0,15,4,10,38.24611111,-82.53528056,8,2,0,1,0,99,1,0
540049,WEST VIRGINIA,WV,2,0,2,47,2442,BROWNS,22,3,March,2010,2,Monday,10,54,0,4,3,113,37.31351944,-81.47151944,12,1,0,10,0,0,1,0
540050,WEST VIRGINIA,WV,1,0,1,23,1726,BLADON SPRINGS,28,3,March,2010,1,Sunday,22,42,0,3,3,97,39.09611111,-79.14693889,1,2,0,2,0,0,1,1
540051,WEST VIRGINIA,WV,2,0,2,33,2390,CHEROKEE,15,3,March,2010,2,Monday,15,53,1,2,2,16,39.29433889,-80.56788333,12,1,0,8,0,0,1,0
540052,WEST VIRGINIA,WV,3,0,5,45,2000,ARITON,1,3,March,2010,2,Monday,15,50,0,14,3,94,37.76141111,-81.99453056,12,1,0,10,0,0,1,0
540053,WEST VIRGINIA,WV,1,0,3,33,2895,CHEROKEE,5,4,April,2010,2,Monday,17,50,1,2,2,76,39.27970556,-80.46064722,1,1,0,1,0,0,1,0
540054,WEST VIRGINIA,WV,1,0,1,65,0,CYPRESS,6,4,April,2010,3,Tuesday,16,20,0,4,4,221,39.63389444,-78.14676111,42,1,0,1,0,0,1,1
540055,WEST VIRGINIA,WV,1,0,1,25,102,BARLOW BEND,10,4,April,2010,7,Saturday,18,29,0,4,4,11,37.91684722,-80.24070833,42,1,0,1,0,0,1,1
540056,WEST VIRGINIA,WV,2,0,2,43,53,BAILEYTON,9,4,April,2010,6,Friday,9,30,0,4,3,222,38.18583056,-81.93583056,12,1,0,1,0,0,1,0
540057,WEST VIRGINIA,WV,1,0,1,59,0,FRANKLIN,28,3,March,2010,1,Sunday,13,0,1,2,2,185,37.78791111,-82.14386389,32,1,0,2,0,0,1,0
540058,WEST VIRGINIA,WV,1,0,1,83,0,ARDMORE,7,4,April,2010,4,Wednesday,17,0,0,6,4,12,38.96061111,-79.93000000,42,1,0,1,0,0,1,1
540059,WEST VIRGINIA,WV,2,0,2,67,2570,ABBEVILLE,3,4,April,2010,7,Saturday,15,35,0,5,4,2,38.28218889,-80.74436111,12,1,0,1,0,0,1,0
540060,WEST VIRGINIA,WV,1,0,1,39,2439,ANDALUSIA,6,4,April,2010,3,Tuesday,11,21,0,5,4,38,38.50278889,-81.71455556,23,1,0,1,0,0,1,1
540061,WEST VIRGINIA,WV,1,0,1,73,0,ARGO,13,4,April,2010,3,Tuesday,18,20,0,4,4,70,39.38141667,-81.02150833,1,1,0,1,0,0,1,0
540062,WEST VIRGINIA,WV,2,0,2,69,2830,ASHFORD,13,4,April,2010,3,Tuesday,1,12,1,11,1,20,40.04886389,-80.68891389,54,3,0,1,0,0,1,0
540063,WEST VIRGINIA,WV,1,0,2,59,680,FRANKLIN,16,4,April,2010,6,Friday,0,20,1,2,2,286,37.66914722,-82.13585000,1,2,0,1,0,0,1,1
540064,WEST VIRGINIA,WV,1,0,1,39,480,ANDALUSIA,19,4,April,2010,2,Monday,0,36,0,14,4,9,38.39937500,-81.65886667,1,2,0,1,0,0,1,1
540065,WEST VIRGINIA,WV,3,0,6,81,170,AUBURN,3,4,April,2010,7,Saturday,8,50,1,11,1,410,37.74306944,-81.20828056,1,1,0,1,0,0,1,0
540066,WEST VIRGINIA,WV,1,1,2,55,2180,ATTALLA,15,4,April,2010,5,Thursday,5,35,1,13,2,152,37.36208611,-81.05651667,8,3,0,1,0,0,1,0
540067,WEST VIRGINIA,WV,2,0,1,11,1270,BULLOCK,18,4,April,2010,1,Sunday,10,30,0,16,6,0,38.40691667,-82.39951111,30,1,0,1,0,0,1,0
540068,WEST VIRGINIA,WV,1,0,1,7,944,BIBB,21,4,April,2010,4,Wednesday,4,56,1,1,1,500,38.62089444,-80.87315000,1,2,0,1,0,0,1,0
540069,WEST VIRGINIA,WV,1,0,4,101,2652,BOYLSTON,21,4,April,2010,4,Wednesday,13,0,0,4,3,94,38.42633056,-80.45250000,35,1,0,10,0,0,2,0
540070,WEST VIRGINIA,WV,1,0,1,39,1650,ANDALUSIA,22,4,April,2010,5,Thursday,15,55,0,14,3,167,38.24077500,-81.55992500,35,1,0,1,0,0,1,0
540071,WEST VIRGINIA,WV,1,0,1,41,2790,BRANTLEY,24,4,April,2010,7,Saturday,21,2,1,1,1,950,39.01443333,-80.48968056,57,2,0,2,0,0,1,1
540072,WEST VIRGINIA,WV,1,0,4,109,60,ANSLEY,29,4,April,2010,5,Thursday,18,18,0,6,4,3,37.53991667,-81.38062500,42,1,0,1,0,0,1,1
540073,WEST VIRGINIA,WV,3,0,5,11,1760,BULLOCK,7,4,April,2010,4,Wednesday,15,27,1,11,1,265,38.43425278,-82.17786667,12,1,0,1,0,0,4,0
540074,WEST VIRGINIA,WV,2,0,3,53,2150,ATMORE,25,4,April,2010,1,Sunday,13,10,0,4,3,62,38.66111944,-81.95028333,12,1,0,1,0,0,1,1
540076,WEST VIRGINIA,WV,1,0,1,15,246,ANNISTON,1,5,May,2010,7,Saturday,19,48,1,1,1,400,38.60342222,-81.03193889,1,1,0,1,0,0,1,0
540077,WEST VIRGINIA,WV,1,0,2,13,1938,BOLLING,4,5,May,2010,3,Tuesday,14,30,0,6,4,13,38.71337500,-81.02228056,5,1,0,1,0,0,1,1
540078,WEST VIRGINIA,WV,2,0,4,23,0,BLADON SPRINGS,8,5,May,2010,7,Saturday,20,8,0,4,2,65,38.99291389,-79.12219444,12,5,0,10,0,0,1,0
540079,WEST VIRGINIA,WV,1,0,2,25,2360,BARLOW BEND,8,5,May,2010,7,Saturday,18,15,0,6,4,22,38.10748056,-80.56257222,34,1,0,1,0,0,1,1
540080,WEST VIRGINIA,WV,1,0,2,103,0,DANVILLE,9,5,May,2010,1,Sunday,4,50,0,6,4,4,39.59834722,-80.84697222,1,2,0,1,0,0,1,1
540081,WEST VIRGINIA,WV,1,1,1,11,130,BULLOCK,9,5,May,2010,1,Sunday,21,30,0,14,2,118,38.41442500,-82.26085000,8,2,0,1,0,0,1,0
540082,WEST VIRGINIA,WV,1,0,1,89,1729,BROWNSBORO,10,5,May,2010,2,Monday,21,35,0,4,4,131,37.80712222,-80.92171944,34,2,0,1,0,0,1,1
540083,WEST VIRGINIA,WV,1,0,1,53,2150,ATMORE,12,5,May,2010,4,Wednesday,13,24,1,13,3,215,38.84448889,-82.06211944,35,1,2,2,0,0,1,0
540084,WEST VIRGINIA,WV,1,0,1,33,0,CHEROKEE,14,5,May,2010,6,Friday,1,50,0,4,4,9,39.34000556,-80.34533611,5,2,0,1,0,0,1,1
540085,WEST VIRGINIA,WV,1,0,2,27,2522,ASHLAND,16,5,May,2010,1,Sunday,17,25,0,4,4,70,39.44759444,-78.61095556,5,1,0,1,0,0,1,0
540086,WEST VIRGINIA,WV,1,0,1,19,2524,CEDAR BLUFF,21,5,May,2010,6,Friday,12,20,0,3,3,43,37.93861111,-80.81056111,35,1,0,1,0,0,1,0
540087,WEST VIRGINIA,WV,2,0,4,53,1180,ATMORE,13,5,May,2010,5,Thursday,12,19,1,13,2,174,38.83117500,-82.14250000,12,1,0,1,0,0,2,0
540088,WEST VIRGINIA,WV,2,0,2,27,121,ASHLAND,19,5,May,2010,4,Wednesday,11,30,0,3,2,240,39.26361111,-78.54056111,54,1,0,10,0,0,1,0
540089,WEST VIRGINIA,WV,1,0,2,109,1204,ANSLEY,21,5,May,2010,6,Friday,14,35,0,4,4,38,37.43493056,-81.34075556,1,1,0,1,0,0,1,0
540090,WEST VIRGINIA,WV,1,0,2,33,1520,CHEROKEE,23,5,May,2010,1,Sunday,14,35,1,1,1,1118,39.18666944,-80.33556111,26,1,0,1,0,0,1,0
540091,WEST VIRGINIA,WV,1,0,3,5,2108,BAKER HILL,24,5,May,2010,2,Monday,15,45,0,4,3,202,38.13455556,-81.67210556,30,1,0,1,0,0,1,0
540092,WEST VIRGINIA,WV,1,0,1,39,480,ANDALUSIA,25,5,May,2010,3,Tuesday,0,0,0,6,4,26,38.60308889,-81.38694444,52,2,0,1,0,0,1,0
540093,WEST VIRGINIA,WV,1,0,3,67,2570,ABBEVILLE,30,5,May,2010,1,Sunday,1,45,0,4,3,23,38.33418333,-80.74127222,1,2,0,10,0,0,1,1
540094,WEST VIRGINIA,WV,1,0,1,99,2886,BEATRICE,29,5,May,2010,7,Saturday,16,57,0,6,4,18,37.95367222,-82.33875278,35,1,0,1,0,0,1,1
540095,WEST VIRGINIA,WV,1,0,1,35,1882,BROOKLYN,30,5,May,2010,1,Sunday,18,13,0,6,4,41,39.00744722,-81.73733611,34,1,0,1,0,0,1,0
540096,WEST VIRGINIA,WV,2,0,7,81,8,AUBURN,6,5,May,2010,5,Thursday,7,10,1,1,1,1330,37.76861111,-80.98562222,1,4,0,1,0,0,1,0
540097,WEST VIRGINIA,WV,2,0,2,61,1840,BELLWOOD,21,5,May,2010,6,Friday,7,38,0,13,2,140,39.56034167,-79.94156667,38,1,0,1,0,0,1,0
540098,WEST VIRGINIA,WV,2,0,4,3,1170,BALDWIN,21,5,May,2010,6,Friday,19,46,1,2,3,63,39.55835833,-78.00074167,12,1,0,1,0,0,1,1
540099,WEST VIRGINIA,WV,2,0,2,61,1840,BELLWOOD,17,5,May,2010,2,Monday,9,30,0,13,2,140,39.70137500,-79.91476667,12,1,2,2,0,0,1,0
540100,WEST VIRGINIA,WV,3,0,4,61,1840,BELLWOOD,20,5,May,2010,5,Thursday,11,27,1,11,1,1580,39.65353333,-80.00944722,12,1,0,1,0,0,2,0
540101,WEST VIRGINIA,WV,1,0,1,85,203,BENTON,22,5,May,2010,7,Saturday,4,15,0,6,4,58,39.12220278,-80.95932500,1,2,0,10,0,0,1,1
540102,WEST VIRGINIA,WV,1,0,3,3,354,BALDWIN,29,5,May,2010,7,Saturday,1,15,0,15,4,41,39.32901944,-78.04048056,52,2,0,1,0,0,2,1
540103,WEST VIRGINIA,WV,1,0,1,63,2650,BOLIGEE,3,6,June,2010,5,Thursday,11,49,0,6,4,99,37.60957500,-80.56596389,1,1,0,1,0,0,1,0
540104,WEST VIRGINIA,WV,1,0,3,15,2182,ANNISTON,4,6,June,2010,6,Friday,8,3,0,4,3,42,38.49498056,-81.22896111,42,1,0,1,0,0,1,0
540105,WEST VIRGINIA,WV,2,0,2,45,2660,ARITON,4,6,June,2010,6,Friday,17,4,0,4,4,87,37.84720556,-82.04740000,12,1,0,10,0,0,1,1
540106,WEST VIRGINIA,WV,2,0,4,81,165,AUBURN,5,6,June,2010,7,Saturday,16,5,0,14,2,132,37.74978056,-81.13982778,12,1,0,10,0,0,2,0
540107,WEST VIRGINIA,WV,1,0,1,25,0,BARLOW BEND,10,6,June,2010,5,Thursday,14,56,0,3,2,120,37.92355000,-80.64385278,32,1,0,1,0,0,1,0
540108,WEST VIRGINIA,WV,1,0,1,25,2210,BARLOW BEND,14,6,June,2010,2,Monday,11,38,0,3,2,10,37.98621944,-80.74981111,1,1,0,2,0,0,1,0
540109,WEST VIRGINIA,WV,1,1,2,61,1840,BELLWOOD,10,6,June,2010,5,Thursday,23,45,1,1,1,1465,39.54611389,-79.98441667,8,2,0,1,0,0,1,0
540110,WEST VIRGINIA,WV,1,0,1,71,2002,BRIDGEPORT,15,6,June,2010,3,Tuesday,16,25,0,3,2,56,38.84445278,-79.42205556,1,1,0,1,0,0,1,0
540111,WEST VIRGINIA,WV,2,0,3,75,1266,BEAVERTON,18,6,June,2010,6,Friday,16,12,0,3,3,283,38.19448056,-80.02372778,12,1,0,1,0,0,1,0
540112,WEST VIRGINIA,WV,2,0,3,19,1436,CEDAR BLUFF,19,6,June,2010,7,Saturday,11,55,1,13,2,132,38.07671111,-81.07107778,12,1,0,1,0,0,2,0
540113,WEST VIRGINIA,WV,1,1,1,61,832,BELLWOOD,20,6,June,2010,1,Sunday,0,50,0,13,2,98,39.58558333,-80.09273611,8,2,0,1,0,0,1,0
540114,WEST VIRGINIA,WV,1,0,1,81,699,AUBURN,19,6,June,2010,7,Saturday,15,10,0,4,4,147,37.95793611,-81.47778611,42,1,0,1,0,0,1,1
540115,WEST VIRGINIA,WV,1,0,1,85,2080,BENTON,23,6,June,2010,4,Wednesday,16,44,1,2,2,185,39.27031111,-80.95018056,1,1,0,10,0,0,1,0
540116,WEST VIRGINIA,WV,1,1,1,65,205,CYPRESS,24,6,June,2010,5,Thursday,17,28,0,6,4,8,39.62471389,-78.22400833,9,1,0,1,0,0,1,0
540117,WEST VIRGINIA,WV,2,0,3,5,258,BAKER HILL,20,6,June,2010,1,Sunday,13,45,0,4,3,234,38.14138889,-81.63278056,12,1,0,1,0,0,1,0
540118,WEST VIRGINIA,WV,2,0,3,39,510,ANDALUSIA,20,6,June,2010,1,Sunday,9,42,0,14,3,111,38.19596667,-81.49993056,33,1,0,10,0,0,1,0
540119,WEST VIRGINIA,WV,1,0,1,53,2150,ATMORE,26,6,June,2010,7,Saturday,10,15,0,6,4,36,38.85555000,-82.11294167,32,1,0,1,0,0,1,0
540121,WEST VIRGINIA,WV,1,0,1,39,2854,ANDALUSIA,27,6,June,2010,1,Sunday,11,25,0,4,4,33,38.06323056,-81.37315833,42,1,0,1,0,0,1,1
540122,WEST VIRGINIA,WV,2,0,1,39,480,ANDALUSIA,21,6,June,2010,2,Monday,22,14,0,16,6,0,38.37735278,-81.64421111,5,3,0,10,0,0,1,0
540123,WEST VIRGINIA,WV,1,0,1,39,64,ANDALUSIA,3,7,July,2010,7,Saturday,2,0,1,2,2,655,38.26811667,-81.80211944,24,2,0,1,0,0,1,1
540124,WEST VIRGINIA,WV,1,0,1,9,585,BLOUNT,3,7,July,2010,7,Saturday,23,35,0,16,4,5,40.35457222,-80.55690833,42,2,0,1,0,0,1,1
540125,WEST VIRGINIA,WV,2,0,3,79,2144,COURTLAND,4,7,July,2010,1,Sunday,8,19,1,2,2,198,38.59326111,-82.00710278,12,1,0,1,0,0,2,0
540126,WEST VIRGINIA,WV,1,0,1,41,2790,BRANTLEY,25,7,July,2010,1,Sunday,3,10,0,14,2,168,39.02611944,-80.43022222,24,3,0,1,0,0,1,1
540127,WEST VIRGINIA,WV,2,0,2,99,1438,BEATRICE,26,7,July,2010,2,Monday,21,32,0,4,3,410,38.34340556,-82.45114722,12,2,0,1,0,0,1,1
540128,WEST VIRGINIA,WV,1,0,2,81,750,AUBURN,27,7,July,2010,3,Tuesday,23,22,0,14,4,0,37.78293333,-81.26594444,1,2,0,1,0,0,1,1
540129,WEST VIRGINIA,WV,1,0,1,5,650,BAKER HILL,12,7,July,2010,2,Monday,9,17,0,4,3,111,38.03321944,-81.83290833,30,1,0,2,0,0,1,0
540130,WEST VIRGINIA,WV,1,0,1,33,825,CHEROKEE,8,7,July,2010,5,Thursday,15,35,0,14,2,288,39.41577222,-80.27727222,34,1,0,1,0,0,1,0
540131,WEST VIRGINIA,WV,2,0,2,99,1438,BEATRICE,9,7,July,2010,6,Friday,8,17,0,4,3,411,38.29252778,-82.44857500,12,1,0,1,0,0,1,0
540132,WEST VIRGINIA,WV,1,0,1,39,2439,ANDALUSIA,15,7,July,2010,5,Thursday,20,27,0,4,4,58,38.44653056,-81.66824444,30,1,0,1,0,0,1,1
540133,WEST VIRGINIA,WV,1,0,1,79,2145,COURTLAND,16,7,July,2010,6,Friday,3,0,0,14,3,27,38.47213889,-81.81424167,44,2,0,5,0,0,1,1
540134,WEST VIRGINIA,WV,1,1,1,5,0,BAKER HILL,17,7,July,2010,7,Saturday,1,24,1,2,2,94,37.99609444,-81.90556389,8,2,0,1,0,0,1,0
540135,WEST VIRGINIA,WV,1,0,1,99,2720,BEATRICE,17,7,July,2010,7,Saturday,14,30,0,4,3,153,38.18287778,-82.40080833,52,1,0,1,0,0,1,0
540136,WEST VIRGINIA,WV,1,0,1,7,0,BIBB,13,7,July,2010,3,Tuesday,0,44,0,4,2,262,38.79015278,-80.58815000,35,2,0,1,0,0,1,1
540137,WEST VIRGINIA,WV,2,0,2,3,994,BALDWIN,15,7,July,2010,5,Thursday,15,15,0,14,3,49,39.38791667,-78.11450833,12,1,0,1,0,0,1,1
540138,WEST VIRGINIA,WV,2,0,5,107,1775,CARROLLTON,18,7,July,2010,1,Sunday,17,22,0,15,4,90,39.16407500,-81.53722222,12,1,0,10,0,0,4,0
540139,WEST VIRGINIA,WV,1,0,1,107,2686,CARROLLTON,18,7,July,2010,1,Sunday,15,14,0,4,3,114,39.17079444,-81.44096389,24,1,0,10,0,0,1,0
540140,WEST VIRGINIA,WV,1,0,2,41,1311,BRANTLEY,18,7,July,2010,1,Sunday,5,0,1,1,1,1050,39.10014167,-80.39221389,18,2,0,10,0,0,1,0
540141,WEST VIRGINIA,WV,1,0,1,53,105,ATMORE,19,7,July,2010,2,Monday,18,15,0,6,4,10,38.50814722,-82.06147778,42,1,0,1,0,0,1,0
540142,WEST VIRGINIA,WV,1,0,1,31,1830,COFFEE,19,7,July,2010,2,Monday,23,2,0,6,4,7,38.81155556,-79.10096111,42,2,0,1,0,0,1,1
540143,WEST VIRGINIA,WV,1,0,1,75,1778,BEAVERTON,20,7,July,2010,3,Tuesday,99,99,0,4,3,104,38.16196111,-79.98115556,30,7,0,10,0,0,1,1
540144,WEST VIRGINIA,WV,1,0,1,77,1690,ANDERSON,22,7,July,2010,5,Thursday,17,29,0,6,4,29,39.58564722,-79.76499167,42,1,0,1,0,0,1,1
540145,WEST VIRGINIA,WV,1,0,2,31,1830,COFFEE,24,7,July,2010,7,Saturday,17,40,0,6,4,20,39.04088611,-79.00860833,42,1,0,1,0,0,2,1
540146,WEST VIRGINIA,WV,1,0,2,73,0,ARGO,26,7,July,2010,2,Monday,19,55,0,14,3,168,39.38841389,-81.20659167,24,1,0,1,0,0,1,0
540147,WEST VIRGINIA,WV,1,0,2,67,0,ABBEVILLE,7,7,July,2010,4,Wednesday,6,15,1,2,2,470,38.35128333,-80.83697222,59,1,0,1,0,0,1,0
540148,WEST VIRGINIA,WV,2,0,2,77,2350,ANDERSON,5,7,July,2010,2,Monday,18,30,0,3,3,92,39.30793611,-79.69370833,12,1,0,1,0,0,1,1
540149,WEST VIRGINIA,WV,2,0,2,43,2464,BAILEYTON,19,7,July,2010,2,Monday,7,0,0,4,4,53,38.30044444,-81.89106111,12,1,0,10,0,0,1,0
540150,WEST VIRGINIA,WV,2,0,3,19,163,CEDAR BLUFF,21,7,July,2010,4,Wednesday,11,30,0,4,3,210,38.09039167,-81.24896111,12,1,0,10,0,0,1,0
540151,WEST VIRGINIA,WV,2,0,2,59,2250,FRANKLIN,23,7,July,2010,6,Friday,23,0,0,4,4,5,37.64893611,-82.13267500,12,2,0,10,0,0,1,0
540152,WEST VIRGINIA,WV,1,0,1,27,1415,ASHLAND,6,7,July,2010,3,Tuesday,21,0,0,4,4,50,39.22331111,-78.67464167,42,5,0,1,0,0,1,0
540153,WEST VIRGINIA,WV,2,0,1,109,2331,ANSLEY,4,7,July,2010,1,Sunday,13,54,0,3,3,288,37.61691667,-81.53932500,32,1,0,1,0,0,1,1
540154,WEST VIRGINIA,WV,2,0,3,61,2800,BELLWOOD,23,7,July,2010,6,Friday,17,8,1,1,1,1510,39.61063056,-79.99304167,72,1,0,1,0,0,1,0
540155,WEST VIRGINIA,WV,3,0,8,99,1438,BEATRICE,9,7,July,2010,6,Friday,16,5,0,4,3,411,38.32105278,-82.44522500,12,1,0,10,0,0,1,1
540156,WEST VIRGINIA,WV,2,0,2,61,1840,BELLWOOD,22,7,July,2010,5,Thursday,6,30,0,13,3,18,39.64948333,-79.93463611,12,1,0,1,0,0,1,0
540157,WEST VIRGINIA,WV,2,0,2,81,996,AUBURN,22,7,July,2010,5,Thursday,21,50,1,1,1,270,37.56889444,-81.11276944,12,2,0,1,0,0,1,0
540158,WEST VIRGINIA,WV,3,0,3,57,2863,BANKSTON,29,7,July,2010,5,Thursday,16,23,0,14,3,131,39.60525833,-78.77647778,12,1,0,1,0,0,1,0
540159,WEST VIRGINIA,WV,1,0,2,21,1050,CHILTON,9,8,August,2010,2,Monday,17,0,0,4,3,150,38.92346944,-80.76605000,30,1,0,1,0,0,2,0
540160,WEST VIRGINIA,WV,2,0,2,107,2715,CARROLLTON,5,8,August,2010,5,Thursday,9,53,0,14,3,118,39.16670278,-81.67961667,12,1,0,10,0,0,1,0
540161,WEST VIRGINIA,WV,1,0,1,107,2717,CARROLLTON,5,8,August,2010,5,Thursday,20,12,1,2,3,288,39.33993889,-81.40255556,35,2,0,1,0,0,1,1
540162,WEST VIRGINIA,WV,1,0,1,11,1270,BULLOCK,5,8,August,2010,5,Thursday,20,35,0,6,4,9,38.40692500,-82.36595000,42,5,0,1,0,0,1,1
540163,WEST VIRGINIA,WV,2,0,6,23,0,BLADON SPRINGS,7,8,August,2010,7,Saturday,20,50,0,3,3,102,39.11408056,-79.15391944,12,5,0,1,0,0,1,0
540164,WEST VIRGINIA,WV,1,0,1,105,780,MARION,8,8,August,2010,1,Sunday,3,45,0,6,4,16,38.98960278,-81.38744722,42,2,0,1,0,0,1,1
540165,WEST VIRGINIA,WV,1,0,4,31,1709,COFFEE,4,8,August,2010,4,Wednesday,18,25,0,4,3,68,38.78339444,-78.89556944,1,1,0,10,0,0,1,1
540166,WEST VIRGINIA,WV,1,0,4,39,480,ANDALUSIA,4,8,August,2010,4,Wednesday,20,6,0,16,4,23,38.30623889,-81.66961667,16,2,0,2,0,0,1,0
540167,WEST VIRGINIA,WV,1,0,4,31,1743,COFFEE,4,8,August,2010,4,Wednesday,17,40,0,6,4,20,38.81583056,-79.10083056,5,5,0,10,0,0,1,0
540168,WEST VIRGINIA,WV,1,0,1,27,2330,ASHLAND,6,8,August,2010,6,Friday,15,5,0,3,3,184,39.37638889,-78.73778056,1,1,0,1,0,0,1,0
540169,WEST VIRGINIA,WV,2,0,5,35,595,BROOKLYN,6,8,August,2010,6,Friday,17,47,0,3,4,60,38.85829167,-81.80591667,12,1,0,1,0,0,1,0
540170,WEST VIRGINIA,WV,1,0,1,53,2485,ATMORE,7,8,August,2010,7,Saturday,13,27,1,2,2,63,38.78352778,-82.05104722,30,1,0,1,0,0,1,0
540171,WEST VIRGINIA,WV,1,0,2,79,2402,COURTLAND,12,8,August,2010,5,Thursday,17,30,0,14,3,32,38.44790833,-81.94341667,42,1,0,1,0,0,1,1
540172,WEST VIRGINIA,WV,1,0,1,33,320,CHEROKEE,14,8,August,2010,7,Saturday,5,55,0,14,3,17,39.31698056,-80.22458889,1,4,0,1,0,0,1,0
540173,WEST VIRGINIA,WV,1,0,1,91,2188,DAYTON,15,8,August,2010,1,Sunday,23,50,0,14,2,73,39.35640000,-80.12543611,42,2,0,1,0,0,1,0
540174,WEST VIRGINIA,WV,1,0,2,39,242,ANDALUSIA,29,8,August,2010,1,Sunday,20,30,0,16,4,14,38.40073889,-81.48301944,34,2,0,1,0,0,1,1
540175,WEST VIRGINIA,WV,1,0,2,41,2790,BRANTLEY,27,8,August,2010,6,Friday,17,43,0,4,4,12,38.90960278,-80.50163333,24,1,0,1,0,0,1,0
540176,WEST VIRGINIA,WV,1,0,1,97,45,AXIS,28,8,August,2010,7,Saturday,23,28,0,4,4,106,38.78098611,-80.22028056,35,2,0,1,0,0,1,1
540177,WEST VIRGINIA,WV,1,0,2,7,944,BIBB,28,8,August,2010,7,Saturday,15,38,1,1,1,480,38.62236944,-80.87744167,1,1,0,1,0,0,1,0
540178,WEST VIRGINIA,WV,1,0,1,37,490,BRADFORD,28,8,August,2010,7,Saturday,22,40,0,6,4,3,39.30640556,-77.80798056,42,2,0,1,0,0,1,0
540179,WEST VIRGINIA,WV,1,0,6,39,560,ANDALUSIA,17,8,August,2010,3,Tuesday,9,45,1,1,1,180,38.54725000,-81.30285278,1,1,0,10,0,0,2,0
540180,WEST VIRGINIA,WV,1,0,1,7,0,BIBB,14,8,August,2010,7,Saturday,0,5,1,1,1,750,38.80159167,-80.66175000,24,2,0,1,0,0,1,0