ST_CASE,State Name,State Abbreviation,VE_TOTAL,Pedestrains,Total_Persons_in_accident,COUNTY,CITY,City_County_Name,Calendar_DAY,MONTH,Month_Name,YEAR,DAY_WEEK,Day_Week_desc,HOUR,MINUTE,NHS_Desc,trafficway,ROUTE,MILEPT,LATITUDE,LONGITUD,First_Crash_event,Light_cond_desc,Weather_condition,WEATHER,SCH_BUS,Crash_cause,FATALS,DRUNK_DR
540181,WEST VIRGINIA,WV,2,0,3,107,2880,CARROLLTON,8,8,August,2010,1,Sunday,14,0,0,14,4,190,39.34845278,-81.42650000,12,1,0,1,0,0,1,0
540182,WEST VIRGINIA,WV,1,0,1,47,2324,BROWNS,13,8,August,2010,6,Friday,23,15,1,2,2,136,37.44382500,-81.71819722,1,2,0,1,0,0,1,1
540183,WEST VIRGINIA,WV,2,0,2,45,2583,ARITON,13,8,August,2010,6,Friday,4,18,0,14,3,120,37.79528056,-81.98611111,12,3,0,1,0,0,1,1
540184,WEST VIRGINIA,WV,1,0,2,99,2720,BEATRICE,7,8,August,2010,7,Saturday,3,5,0,6,4,15,38.15642778,-82.28446389,1,2,0,5,0,0,1,1
540185,WEST VIRGINIA,WV,1,0,1,19,1508,CEDAR BLUFF,7,8,August,2010,7,Saturday,18,54,0,3,2,302,38.06462500,-80.96696389,24,1,0,1,0,0,1,0
540186,WEST VIRGINIA,WV,1,1,2,11,1270,BULLOCK,7,8,August,2010,7,Saturday,22,5,0,13,2,85,38.41109722,-82.36973889,8,2,0,1,0,0,1,0
540187,WEST VIRGINIA,WV,3,0,4,107,2717,CARROLLTON,14,8,August,2010,7,Saturday,13,16,0,4,3,82,39.28322778,-81.36895278,12,1,0,1,0,0,1,0
540188,WEST VIRGINIA,WV,2,0,2,87,75,ARMSTRONG,27,8,August,2010,6,Friday,0,5,1,1,1,320,38.58487500,-81.20063889,12,2,0,1,0,0,1,2
540189,WEST VIRGINIA,WV,1,0,3,31,127,COFFEE,30,8,August,2010,2,Monday,15,36,1,2,3,273,39.04848889,-78.74989167,24,1,0,1,0,0,1,0
540190,WEST VIRGINIA,WV,2,0,3,3,1660,BALDWIN,21,8,August,2010,7,Saturday,15,41,1,13,3,145,39.42626667,-77.94025278,12,1,0,10,0,0,1,0
540191,WEST VIRGINIA,WV,1,0,3,81,2186,AUBURN,5,9,September,2010,1,Sunday,0,13,0,15,4,3,37.83131944,-81.20080000,42,2,0,1,0,0,1,1
540192,WEST VIRGINIA,WV,1,0,1,83,575,ARDMORE,11,9,September,2010,7,Saturday,3,42,0,6,4,15,38.88991389,-79.95720833,35,2,0,5,0,0,1,1
540193,WEST VIRGINIA,WV,1,1,1,37,1140,BRADFORD,13,9,September,2010,2,Monday,23,48,1,2,2,17,39.31891111,-77.75886944,9,3,0,1,0,0,1,0
540194,WEST VIRGINIA,WV,1,1,1,77,2260,ANDERSON,15,9,September,2010,4,Wednesday,12,35,0,4,4,2,39.51152500,-79.80133889,34,1,0,1,0,0,1,0
540195,WEST VIRGINIA,WV,1,0,1,39,560,ANDALUSIA,15,9,September,2010,4,Wednesday,4,30,1,1,1,180,38.56450833,-81.27800278,1,2,0,1,0,0,1,1
540196,WEST VIRGINIA,WV,1,0,1,21,0,CHILTON,15,9,September,2010,4,Wednesday,1,0,0,6,4,15,38.88295000,-80.74097222,30,2,0,5,0,0,1,1
540197,WEST VIRGINIA,WV,2,0,4,47,2173,BROWNS,3,9,September,2010,6,Friday,12,5,1,2,2,165,37.42061667,-81.64095000,12,1,0,1,0,0,3,0
540198,WEST VIRGINIA,WV,2,0,6,55,2180,ATTALLA,2,9,September,2010,5,Thursday,13,40,1,13,2,128,37.35713611,-81.09652500,12,1,0,1,0,0,2,0
540199,WEST VIRGINIA,WV,2,0,2,39,2480,ANDALUSIA,2,9,September,2010,5,Thursday,21,9,0,13,2,131,38.36730000,-81.68691111,12,3,0,1,0,0,1,2
540200,WEST VIRGINIA,WV,1,0,1,81,2546,AUBURN,19,9,September,2010,1,Sunday,3,40,0,4,3,70,37.89100278,-81.53195556,43,2,0,1,0,0,1,1
540201,WEST VIRGINIA,WV,1,0,1,109,1548,ANSLEY,19,9,September,2010,1,Sunday,13,6,0,3,3,27,37.65817500,-81.43259444,31,1,0,1,0,0,1,0
540202,WEST VIRGINIA,WV,1,0,1,19,1870,CEDAR BLUFF,20,9,September,2010,2,Monday,8,50,0,14,3,12,37.90648611,-81.15695000,72,1,0,1,0,0,1,0
540203,WEST VIRGINIA,WV,1,0,2,67,597,ABBEVILLE,20,9,September,2010,2,Monday,20,26,0,4,3,320,38.33505833,-80.63638611,1,2,0,1,0,0,1,1
540204,WEST VIRGINIA,WV,1,0,1,19,1970,CEDAR BLUFF,2,9,September,2010,5,Thursday,0,45,1,13,2,60,37.95842778,-81.15241111,35,3,0,1,0,0,1,1
540205,WEST VIRGINIA,WV,1,0,1,5,1327,BAKER HILL,4,9,September,2010,7,Saturday,2,30,1,2,2,187,38.15042778,-81.84427222,1,2,0,1,0,0,1,1
540206,WEST VIRGINIA,WV,2,0,2,23,2090,BLADON SPRINGS,11,9,September,2010,7,Saturday,7,0,0,3,3,36,39.04885278,-79.11143333,12,1,0,1,0,0,1,0
540207,WEST VIRGINIA,WV,2,0,3,69,0,ASHFORD,17,9,September,2010,6,Friday,2,19,1,1,1,95,40.06434444,-80.57742222,12,2,0,1,0,0,1,0
540208,WEST VIRGINIA,WV,2,0,3,77,1167,ANDERSON,6,9,September,2010,2,Monday,17,0,0,4,4,44,39.65720833,-79.53287222,12,1,0,1,0,0,1,0
540209,WEST VIRGINIA,WV,2,0,2,29,1900,BORDEN SPRINGS,7,9,September,2010,3,Tuesday,15,30,0,4,4,2,40.50727222,-80.56085556,12,1,0,1,0,0,1,0
540210,WEST VIRGINIA,WV,2,0,3,47,0,BROWNS,8,9,September,2010,4,Wednesday,12,30,0,4,3,51,37.45816667,-81.81879167,12,1,0,1,0,0,2,0
540211,WEST VIRGINIA,WV,2,0,3,55,300,ATTALLA,7,9,September,2010,3,Tuesday,6,31,1,2,2,37,37.33863611,-81.31298889,12,4,0,1,0,0,1,0
540212,WEST VIRGINIA,WV,2,0,3,53,968,ATMORE,13,9,September,2010,2,Monday,17,0,1,2,3,151,38.77101667,-82.19919167,12,1,0,1,0,0,1,1
540213,WEST VIRGINIA,WV,2,0,2,11,130,BULLOCK,15,9,September,2010,4,Wednesday,12,50,0,13,2,95,38.41486111,-82.25987500,12,1,0,1,0,0,1,0
540214,WEST VIRGINIA,WV,2,0,3,73,2380,ARGO,22,9,September,2010,4,Wednesday,13,27,0,4,3,71,39.38098056,-81.18978056,12,1,0,1,0,0,1,0
540215,WEST VIRGINIA,WV,1,0,1,11,0,BULLOCK,23,9,September,2010,5,Thursday,18,5,0,16,4,45,38.40366389,-82.13537778,23,1,0,1,0,0,1,1
540216,WEST VIRGINIA,WV,2,0,2,91,2188,DAYTON,17,9,September,2010,6,Friday,11,45,0,14,2,78,39.31806389,-80.12513611,12,1,0,1,0,0,1,0
540217,WEST VIRGINIA,WV,1,0,1,107,2040,CARROLLTON,24,9,September,2010,6,Friday,3,7,1,2,3,247,39.32480278,-81.44465556,1,2,0,1,0,0,1,1
540218,WEST VIRGINIA,WV,2,0,3,103,1930,DANVILLE,19,9,September,2010,1,Sunday,17,55,0,4,3,17,39.61150833,-80.87812778,54,1,0,1,0,0,2,0
540219,WEST VIRGINIA,WV,1,0,1,27,2522,ASHLAND,24,9,September,2010,6,Friday,6,46,0,3,3,227,39.45296111,-78.69670000,42,1,0,1,0,0,1,0
540220,WEST VIRGINIA,WV,3,0,4,109,0,ANSLEY,15,9,September,2010,4,Wednesday,14,21,0,3,3,316,37.66710833,-81.60078056,12,1,0,1,0,0,1,0
540221,WEST VIRGINIA,WV,3,0,5,23,2090,BLADON SPRINGS,12,9,September,2010,1,Sunday,19,24,1,2,3,130,38.99744167,-79.10216389,12,5,0,1,0,0,1,0
540222,WEST VIRGINIA,WV,1,0,1,35,991,BROOKLYN,21,10,October,2010,5,Thursday,23,44,0,5,4,47,38.77021389,-81.58314167,1,2,0,1,0,0,1,1
540223,WEST VIRGINIA,WV,1,0,1,87,2270,ARMSTRONG,4,10,October,2010,2,Monday,5,30,0,3,2,67,38.82787222,-81.47186389,42,2,0,1,0,0,1,0
540224,WEST VIRGINIA,WV,1,0,1,85,0,BENTON,21,10,October,2010,5,Thursday,14,2,1,2,2,310,39.26053611,-81.13789444,43,1,0,1,0,0,1,0
540225,WEST VIRGINIA,WV,1,0,4,35,2240,BROOKLYN,16,10,October,2010,7,Saturday,4,8,1,1,1,1510,38.98638889,-81.68500000,52,2,0,1,0,0,1,0
540226,WEST VIRGINIA,WV,1,0,1,55,260,ATTALLA,9,10,October,2010,7,Saturday,0,30,0,6,6,0,37.27606667,-81.20209722,30,3,0,1,0,0,1,1
540227,WEST VIRGINIA,WV,1,0,2,19,649,CEDAR BLUFF,19,10,October,2010,3,Tuesday,0,10,0,4,3,133,37.97241667,-80.93640833,42,2,0,1,0,0,1,1
540228,WEST VIRGINIA,WV,1,0,2,83,810,ARDMORE,6,10,October,2010,4,Wednesday,23,13,0,3,2,106,38.91981944,-79.84206667,35,2,0,10,0,0,1,1
540229,WEST VIRGINIA,WV,1,0,1,59,691,FRANKLIN,27,10,October,2010,4,Wednesday,17,20,0,4,4,140,37.86995833,-82.17788611,42,1,0,1,0,0,1,1
540230,WEST VIRGINIA,WV,1,0,1,25,617,BARLOW BEND,31,10,October,2010,1,Sunday,3,51,0,3,2,129,37.92971944,-80.65083056,35,2,0,10,0,0,1,1
540231,WEST VIRGINIA,WV,1,0,1,59,0,FRANKLIN,10,10,October,2010,1,Sunday,17,0,0,6,4,51,37.69203889,-82.30025833,53,1,0,1,0,0,1,0
540232,WEST VIRGINIA,WV,1,0,1,5,2644,BAKER HILL,30,10,October,2010,7,Saturday,16,30,1,2,2,94,37.99820833,-81.91116667,1,1,0,1,0,0,1,0
540233,WEST VIRGINIA,WV,1,0,1,39,619,ANDALUSIA,9,10,October,2010,7,Saturday,17,28,1,11,1,480,38.39961944,-81.78410278,1,1,0,1,0,0,1,0
540234,WEST VIRGINIA,WV,1,0,1,39,2480,ANDALUSIA,23,10,October,2010,7,Saturday,20,38,0,14,4,21,38.33788611,-81.77317222,1,2,0,1,0,0,1,1
540235,WEST VIRGINIA,WV,1,0,3,53,2754,ATMORE,3,9,September,2010,6,Friday,21,51,0,4,4,40,38.98089722,-82.06143333,42,2,0,1,0,0,1,0
540236,WEST VIRGINIA,WV,1,0,4,47,125,BROWNS,8,9,September,2010,4,Wednesday,2,55,0,4,3,71,37.40140833,-81.78630278,24,2,0,1,0,0,1,0
540237,WEST VIRGINIA,WV,2,0,5,39,1010,ANDALUSIA,1,10,October,2010,6,Friday,13,31,0,13,2,370,38.21350278,-81.42362500,12,1,0,1,0,0,3,0
540238,WEST VIRGINIA,WV,2,0,5,35,2310,BROOKLYN,3,10,October,2010,1,Sunday,13,56,1,1,1,1337,38.76640556,-81.71292778,12,1,0,1,0,0,3,0
540239,WEST VIRGINIA,WV,2,0,4,49,840,COLLINSVILLE,6,10,October,2010,4,Wednesday,10,0,1,1,1,1400,39.49960278,-80.07353056,12,1,0,1,0,0,1,0
540240,WEST VIRGINIA,WV,3,0,4,33,1088,CHEROKEE,13,10,October,2010,4,Wednesday,17,49,0,14,2,236,39.36631389,-80.31323333,12,1,0,1,0,0,1,0
540241,WEST VIRGINIA,WV,1,0,1,7,1932,BIBB,30,10,October,2010,7,Saturday,16,25,0,5,4,33,38.71176944,-80.49837222,42,1,0,1,0,0,1,1
540242,WEST VIRGINIA,WV,1,0,3,57,790,BANKSTON,23,10,October,2010,7,Saturday,0,23,0,3,2,14,39.32201389,-79.15357500,42,2,0,1,0,0,1,1
540243,WEST VIRGINIA,WV,2,0,5,71,538,BRIDGEPORT,17,10,October,2010,1,Sunday,13,34,0,3,2,193,38.42230000,-79.27530000,12,1,0,1,0,0,1,0
540244,WEST VIRGINIA,WV,1,0,3,59,1952,FRANKLIN,5,11,November,2010,6,Friday,1,35,0,4,3,71,37.62476944,-82.15151389,35,2,0,1,0,0,1,1
540245,WEST VIRGINIA,WV,1,0,3,99,940,BEATRICE,1,11,November,2010,2,Monday,16,0,0,6,4,3,38.11348889,-82.59212500,1,1,0,1,0,0,1,0
540246,WEST VIRGINIA,WV,1,0,2,11,130,BULLOCK,4,11,November,2010,5,Thursday,13,46,0,14,2,120,38.41479444,-82.29953889,33,1,0,1,0,0,1,0
540247,WEST VIRGINIA,WV,1,0,1,63,2722,BOLIGEE,4,11,November,2010,5,Thursday,19,40,0,6,4,23,37.61861667,-80.70539444,42,2,0,2,0,0,1,0
540249,WEST VIRGINIA,WV,1,0,1,81,170,AUBURN,21,11,November,2010,1,Sunday,17,25,0,6,6,0,37.80467222,-81.18503889,52,3,0,10,0,0,1,1
540250,WEST VIRGINIA,WV,1,0,2,33,0,CHEROKEE,22,11,November,2010,2,Monday,0,23,1,2,2,695,39.27757222,-80.28843889,1,2,0,1,0,0,2,0
540251,WEST VIRGINIA,WV,1,0,1,41,2790,BRANTLEY,22,11,November,2010,2,Monday,9,0,1,1,1,945,38.98171389,-80.50815556,35,1,0,1,0,0,1,1
540252,WEST VIRGINIA,WV,1,0,1,25,1470,BARLOW BEND,12,11,November,2010,6,Friday,6,30,1,1,1,1675,37.80919167,-80.41475000,24,2,0,1,0,0,1,1
540253,WEST VIRGINIA,WV,3,0,4,69,2830,ASHFORD,18,10,October,2010,2,Monday,17,10,0,14,2,67,40.04318056,-80.65823056,12,1,0,10,0,0,1,0
540254,WEST VIRGINIA,WV,2,0,2,45,659,ARITON,27,10,October,2010,4,Wednesday,6,34,0,3,3,47,37.73298333,-81.81758889,12,2,0,5,0,0,1,0
540255,WEST VIRGINIA,WV,2,0,6,73,2380,ARGO,29,10,October,2010,6,Friday,17,38,0,4,3,56,39.34976389,-81.13515000,12,1,0,1,0,0,1,1
540256,WEST VIRGINIA,WV,1,0,1,109,1990,ANSLEY,29,10,October,2010,6,Friday,19,45,0,6,4,4,37.69788056,-81.64704444,1,2,0,1,0,0,1,0
540257,WEST VIRGINIA,WV,3,0,4,17,2810,CHAMBERS,1,11,November,2010,2,Monday,9,52,0,4,2,530,39.28771111,-80.76850278,12,1,0,1,0,0,2,1
540258,WEST VIRGINIA,WV,2,0,2,67,597,ABBEVILLE,9,11,November,2010,3,Tuesday,17,15,0,4,3,323,38.22418889,-80.69050278,12,1,0,1,0,0,1,0
540259,WEST VIRGINIA,WV,1,0,1,33,0,CHEROKEE,9,11,November,2010,3,Tuesday,12,15,1,1,1,1290,39.38659167,-80.20833889,1,1,0,1,0,0,1,0
540260,WEST VIRGINIA,WV,1,0,1,47,630,BROWNS,13,11,November,2010,7,Saturday,17,0,0,5,4,15,37.42583056,-81.34062778,5,2,0,1,0,0,1,1
540261,WEST VIRGINIA,WV,2,0,4,109,345,ANSLEY,4,11,November,2010,5,Thursday,14,15,0,3,3,87,37.53355278,-81.37856389,12,1,0,2,0,0,1,1
540262,WEST VIRGINIA,WV,2,0,4,37,2230,BRADFORD,6,11,November,2010,7,Saturday,10,50,1,2,3,67,39.33308611,-77.85654444,12,1,0,1,0,0,4,0
540263,WEST VIRGINIA,WV,2,0,3,55,261,ATTALLA,29,11,November,2010,2,Monday,13,22,1,2,2,70,37.31215556,-81.26089167,12,1,0,1,0,0,1,1
540264,WEST VIRGINIA,WV,2,0,1,67,375,ABBEVILLE,29,11,November,2010,2,Monday,13,37,0,4,3,89,38.33553056,-80.72033056,45,1,0,1,0,0,1,0
540265,WEST VIRGINIA,WV,1,1,1,43,1742,BAILEYTON,26,11,November,2010,6,Friday,20,25,0,6,4,3,38.17750000,-82.17193889,8,2,0,1,0,0,1,0
540266,WEST VIRGINIA,WV,1,0,5,61,1840,BELLWOOD,5,12,December,2010,1,Sunday,2,35,1,1,1,147,39.66053611,-79.80434444,57,2,0,4,0,0,1,0
540267,WEST VIRGINIA,WV,1,0,1,55,908,ATTALLA,11,12,December,2010,7,Saturday,14,55,1,1,1,270,37.59050833,-81.12600833,1,1,0,1,0,0,1,0
540268,WEST VIRGINIA,WV,1,0,1,49,2843,COLLINSVILLE,22,12,December,2010,4,Wednesday,7,15,1,11,1,1310,39.42162500,-80.19820000,24,4,0,10,0,0,1,0
540269,WEST VIRGINIA,WV,1,1,2,3,1660,BALDWIN,4,12,December,2010,7,Saturday,20,40,0,14,2,113,39.43754444,-77.98469167,8,2,0,1,0,0,1,0
540270,WEST VIRGINIA,WV,1,0,3,77,2590,ANDERSON,11,12,December,2010,7,Saturday,1,0,0,6,4,40,39.52628889,-79.55114444,35,2,0,1,0,0,1,1
540271,WEST VIRGINIA,WV,1,0,1,3,1307,BALDWIN,13,12,December,2010,2,Monday,7,17,0,6,4,37,39.33778056,-78.09528056,30,4,0,10,0,0,1,0
540272,WEST VIRGINIA,WV,2,0,3,7,980,BIBB,13,12,December,2010,2,Monday,7,17,0,4,3,37,38.65642778,-80.74341667,12,1,0,4,0,0,1,0
540273,WEST VIRGINIA,WV,1,0,2,39,2891,ANDALUSIA,20,12,December,2010,2,Monday,10,30,0,6,4,0,38.17478333,-81.56344444,1,1,0,4,0,0,1,0
540274,WEST VIRGINIA,WV,1,0,1,31,127,COFFEE,19,12,December,2010,1,Sunday,4,33,1,2,3,273,39.04825278,-78.75077222,35,2,0,1,0,0,1,1
540275,WEST VIRGINIA,WV,3,0,10,39,2370,ANDALUSIA,5,12,December,2010,1,Sunday,13,1,0,13,2,87,38.35806111,-81.75611111,12,1,0,10,0,0,1,0
540276,WEST VIRGINIA,WV,1,0,3,3,1660,BALDWIN,27,12,December,2010,2,Monday,22,33,0,6,4,15,39.49367500,-77.97718056,42,2,0,1,0,0,1,0
540277,WEST VIRGINIA,WV,1,0,1,109,2140,ANSLEY,16,12,December,2010,5,Thursday,23,15,1,2,3,243,37.57995556,-81.53383333,30,2,0,10,0,0,1,0
540278,WEST VIRGINIA,WV,2,0,2,29,530,BORDEN SPRINGS,1,12,December,2010,4,Wednesday,10,30,0,5,2,26,40.59485833,-80.52540833,12,1,0,1,0,0,1,1
540279,WEST VIRGINIA,WV,2,0,2,9,220,BLOUNT,8,12,December,2010,4,Wednesday,11,57,0,4,3,69,40.20562500,-80.55615556,12,1,0,1,0,0,1,0
540280,WEST VIRGINIA,WV,2,1,2,69,2630,ASHFORD,18,12,December,2010,7,Saturday,13,46,0,14,2,81,40.05153333,-80.63308333,12,1,0,1,0,0,1,0
540281,WEST VIRGINIA,WV,2,0,3,33,90,CHEROKEE,28,12,December,2010,3,Tuesday,11,17,1,11,1,1180,39.25973056,-80.28754722,12,1,0,10,0,0,1,0
540282,WEST VIRGINIA,WV,6,0,11,41,2790,BRANTLEY,30,12,December,2010,5,Thursday,16,35,1,1,1,1010,39.05145278,-80.40241111,12,1,0,1,0,0,1,0
540283,WEST VIRGINIA,WV,2,0,2,45,1541,ARITON,29,12,December,2010,4,Wednesday,5,30,1,2,3,151,37.79611111,-81.93971944,12,2,0,10,0,0,1,0
540284,WEST VIRGINIA,WV,4,0,5,55,260,ATTALLA,4,12,December,2010,7,Saturday,2,48,1,13,2,60,37.29173056,-81.16533889,12,3,0,10,0,0,1,2
540285,WEST VIRGINIA,WV,5,0,2,55,260,ATTALLA,12,12,December,2010,1,Sunday,5,6,0,4,2,239,37.27726389,-81.16416111,14,2,0,10,0,0,1,1
540286,WEST VIRGINIA,WV,2,0,3,33,0,CHEROKEE,28,12,December,2010,3,Tuesday,10,37,0,14,2,147,39.20196389,-80.41232500,12,1,0,1,0,0,1,0
550001,WISCONSIN,WI,2,0,2,9,0,BLOUNT,5,1,January,2010,3,Tuesday,9,2,0,3,3,0,44.53827222,-87.81764722,12,1,0,1,0,0,1,0
550002,WISCONSIN,WI,2,0,6,79,3100,COURTLAND,1,1,January,2010,6,Friday,2,24,0,14,6,0,43.07163056,-87.94738056,12,3,0,1,0,0,2,2
550003,WISCONSIN,WI,2,0,3,9,2000,BLOUNT,6,1,January,2010,4,Wednesday,22,47,1,13,3,0,44.51239167,-88.02885556,12,3,0,1,0,0,2,1
550004,WISCONSIN,WI,1,0,1,55,0,ATTALLA,1,1,January,2010,6,Friday,18,7,0,4,4,0,43.04016389,-88.58261389,1,2,0,1,0,0,1,1
550005,WISCONSIN,WI,1,1,1,79,3475,COURTLAND,2,1,January,2010,7,Saturday,17,10,1,13,3,0,42.89066389,-87.86266667,8,3,0,1,0,0,1,0
550006,WISCONSIN,WI,1,0,1,79,3100,COURTLAND,9,1,January,2010,7,Saturday,1,40,0,14,6,0,43.00871944,-87.93433333,30,3,0,11,0,0,1,1
550007,WISCONSIN,WI,1,0,1,105,0,MARION,11,1,January,2010,2,Monday,5,45,0,4,4,0,42.56850556,-88.80755556,42,2,0,11,0,0,1,0
550008,WISCONSIN,WI,2,0,2,97,0,AXIS,3,1,January,2010,1,Sunday,19,20,1,2,2,0,44.40788056,-89.23267500,12,2,0,10,0,0,1,1
550009,WISCONSIN,WI,1,1,1,89,3002,BROWNSBORO,14,1,January,2010,5,Thursday,19,3,0,13,6,0,43.25063333,-87.95992222,8,3,0,1,0,0,1,0
550010,WISCONSIN,WI,2,0,2,25,0,BARLOW BEND,3,1,January,2010,1,Sunday,16,14,0,13,2,0,42.95278611,-89.28052500,12,1,0,1,0,0,1,0
550011,WISCONSIN,WI,1,0,2,9,2000,BLOUNT,1,1,January,2010,6,Friday,7,40,0,16,6,0,44.50142500,-88.04595278,48,4,0,10,0,0,1,1
550012,WISCONSIN,WI,2,0,2,39,0,ANDALUSIA,19,1,January,2010,3,Tuesday,8,11,0,4,4,0,43.63433611,-88.81364722,12,1,0,5,0,0,1,0
550013,WISCONSIN,WI,1,0,1,79,3100,COURTLAND,23,1,January,2010,7,Saturday,23,40,1,13,3,0,43.09017222,-88.00417778,46,3,0,2,0,0,1,0
550014,WISCONSIN,WI,1,0,1,79,3100,COURTLAND,21,1,January,2010,5,Thursday,9,55,0,13,3,0,43.09784167,-87.92767222,42,1,0,10,0,0,1,0
550015,WISCONSIN,WI,1,0,1,83,0,ARDMORE,30,1,January,2010,7,Saturday,2,15,0,4,4,0,44.82950278,-87.91221111,34,2,0,1,0,0,1,1
550016,WISCONSIN,WI,1,1,1,79,3100,COURTLAND,14,1,January,2010,5,Thursday,21,39,0,14,6,0,43.07521667,-87.96553333,8,3,0,1,0,0,1,0
550017,WISCONSIN,WI,2,0,2,21,0,CHILTON,15,1,January,2010,6,Friday,12,53,0,3,3,0,43.48377222,-89.30548056,12,1,0,1,0,0,1,0
550018,WISCONSIN,WI,4,0,5,85,0,BENTON,1,1,January,2010,6,Friday,0,58,1,2,2,0,45.59980000,-89.30147778,12,2,0,1,0,0,1,2
550019,WISCONSIN,WI,1,0,1,93,0,BEAR CREEK,1,2,February,2010,2,Monday,1,48,0,6,5,0,44.80196667,-92.34796389,1,2,0,1,0,0,1,1
550020,WISCONSIN,WI,1,0,1,83,0,ARDMORE,5,2,February,2010,6,Friday,22,54,0,3,3,0,45.06036667,-88.42526389,53,2,0,10,0,0,1,1
550021,WISCONSIN,WI,1,0,1,79,3100,COURTLAND,14,2,February,2010,1,Sunday,1,26,0,13,4,0,43.14871944,-88.01688056,33,3,0,1,0,0,1,1
550022,WISCONSIN,WI,1,0,1,25,2780,BARLOW BEND,15,2,February,2010,2,Monday,15,57,1,12,3,0,43.10170278,-89.28226111,34,1,0,4,0,0,1,0
550023,WISCONSIN,WI,2,0,6,25,0,BARLOW BEND,15,2,February,2010,2,Monday,17,32,0,6,5,0,43.22125278,-89.43712222,12,1,0,4,0,0,1,0
550024,WISCONSIN,WI,1,0,1,47,460,BROWNS,6,2,February,2010,7,Saturday,2,20,0,15,5,0,43.96739444,-88.94913611,48,2,0,10,0,0,1,1
550025,WISCONSIN,WI,2,0,3,79,3100,COURTLAND,20,2,February,2010,7,Saturday,2,26,0,14,5,0,43.06766389,-87.92276944,12,3,0,10,0,0,1,1
550026,WISCONSIN,WI,1,0,1,77,0,ANDERSON,8,2,February,2010,2,Monday,7,46,1,1,1,1224,43.96091389,-89.48638889,34,1,0,3,0,0,1,0
550027,WISCONSIN,WI,2,0,5,139,0,CALION,20,2,February,2010,7,Saturday,20,17,1,12,2,0,43.95089444,-88.58315000,12,2,0,4,0,0,1,0
550028,WISCONSIN,WI,1,0,1,25,0,BARLOW BEND,27,2,February,2010,7,Saturday,99,99,0,6,5,0,42.94818611,-89.27956944,1,2,0,1,0,0,1,1
550029,WISCONSIN,WI,1,0,1,49,0,COLLINSVILLE,1,2,February,2010,2,Monday,8,37,0,4,3,0,42.85551944,-89.85496667,48,1,0,10,0,0,1,0
550030,WISCONSIN,WI,1,0,1,15,0,ANNISTON,2,2,February,2010,3,Tuesday,8,48,0,3,3,0,44.19848333,-88.31583056,42,1,0,4,0,0,1,0
550031,WISCONSIN,WI,2,0,2,87,0,ARMSTRONG,2,2,February,2010,3,Tuesday,21,52,0,2,3,0,44.31190278,-88.55718611,12,2,0,10,0,0,1,0
550032,WISCONSIN,WI,2,0,2,39,0,ANDALUSIA,3,2,February,2010,4,Wednesday,7,21,0,14,2,0,43.73893333,-88.39142500,12,1,0,10,0,0,1,0
550033,WISCONSIN,WI,3,0,4,131,0,ARLINGTON,3,2,February,2010,4,Wednesday,16,29,0,13,3,0,43.32445833,-88.19425000,12,1,0,1,0,0,1,0
550034,WISCONSIN,WI,2,0,3,25,1724,BARLOW BEND,22,2,February,2010,2,Monday,2,28,1,13,2,0,43.01559167,-89.47285000,12,3,0,4,0,0,1,1
550035,WISCONSIN,WI,2,0,4,21,0,CHILTON,18,2,February,2010,5,Thursday,17,53,0,3,2,0,43.42792778,-89.39972222,12,5,0,1,0,0,1,0
550036,WISCONSIN,WI,1,1,2,79,2015,COURTLAND,12,2,February,2010,6,Friday,23,11,0,13,4,0,42.95382500,-88.00829167,8,3,0,10,0,0,1,0
550037,WISCONSIN,WI,1,0,1,25,2780,BARLOW BEND,28,2,February,2010,1,Sunday,0,11,0,14,6,0,43.07362222,-89.41281111,46,3,0,1,0,0,1,1
550038,WISCONSIN,WI,2,0,4,131,0,ARLINGTON,15,2,February,2010,2,Monday,16,31,1,2,2,0,43.36150556,-88.29285000,59,1,0,4,0,0,1,0
550039,WISCONSIN,WI,1,0,1,73,0,ARGO,23,2,February,2010,3,Tuesday,19,45,0,4,4,0,45.01691111,-89.79683889,11,2,0,4,0,0,1,0
550040,WISCONSIN,WI,1,0,1,79,3100,COURTLAND,24,2,February,2010,4,Wednesday,2,27,1,13,3,0,43.08981111,-87.94928889,42,3,0,98,0,0,1,1
550041,WISCONSIN,WI,2,0,2,15,0,ANNISTON,25,2,February,2010,5,Thursday,23,45,1,2,2,0,44.21248611,-88.17372778,12,2,0,1,0,0,1,2
550042,WISCONSIN,WI,2,0,4,1,0,AUTAUGA,26,2,February,2010,6,Friday,20,30,0,3,3,0,44.24642778,-89.64867222,12,2,0,1,0,0,1,1
550043,WISCONSIN,WI,3,0,2,79,5160,COURTLAND,27,2,February,2010,7,Saturday,2,4,0,13,6,0,42.98825000,-88.06029167,33,3,0,10,0,0,1,1