ST_CASE,State Name,State Abbreviation,VE_TOTAL,Pedestrains,Total_Persons_in_accident,COUNTY,CITY,City_County_Name,Calendar_DAY,MONTH,Month_Name,YEAR,DAY_WEEK,Day_Week_desc,HOUR,MINUTE,NHS_Desc,trafficway,ROUTE,MILEPT,LATITUDE,LONGITUD,First_Crash_event,Light_cond_desc,Weather_condition,WEATHER,SCH_BUS,Crash_cause,FATALS,DRUNK_DR
550364,WISCONSIN,WI,1,0,1,109,0,ANSLEY,4,9,September,2010,7,Saturday,18,38,0,6,5,0,45.15898333,-92.64706111,34,1,0,10,0,0,1,1
550365,WISCONSIN,WI,1,0,1,59,3795,FRANKLIN,5,9,September,2010,1,Sunday,3,15,0,2,3,0,42.49972500,-87.88760000,1,2,0,99,0,0,1,1
550366,WISCONSIN,WI,1,0,2,83,0,ARDMORE,10,9,September,2010,6,Friday,23,54,1,2,2,0,44.97330000,-87.86942500,11,2,0,1,0,0,2,1
550367,WISCONSIN,WI,2,0,2,79,3100,COURTLAND,11,9,September,2010,7,Saturday,2,50,0,13,3,0,43.02735000,-87.91107500,12,3,0,10,0,0,1,1
550368,WISCONSIN,WI,1,0,2,19,0,CEDAR BLUFF,11,9,September,2010,7,Saturday,12,10,0,6,5,0,44.51349167,-90.63222778,35,1,0,1,0,0,1,0
550369,WISCONSIN,WI,1,0,2,5,0,BAKER HILL,12,9,September,2010,1,Sunday,2,38,0,5,5,0,45.41806389,-91.76596667,35,2,0,1,0,0,1,1
550370,WISCONSIN,WI,1,0,1,57,0,BANKSTON,12,9,September,2010,1,Sunday,6,10,1,1,1,561,43.91335278,-90.24641944,1,4,0,1,0,0,1,1
550371,WISCONSIN,WI,1,0,1,111,0,GRAHAM,12,9,September,2010,1,Sunday,0,20,0,6,5,0,43.60195556,-89.75940556,34,2,0,1,0,0,1,1
550372,WISCONSIN,WI,3,0,3,63,2490,BOLIGEE,16,9,September,2010,5,Thursday,15,34,1,13,2,0,43.76979167,-91.21390278,12,1,0,10,0,0,1,0
550373,WISCONSIN,WI,1,0,1,11,0,BULLOCK,12,9,September,2010,1,Sunday,19,13,0,3,3,0,44.07320278,-91.63078333,33,1,0,10,0,0,1,1
550374,WISCONSIN,WI,1,0,1,95,0,ALBERTVILLE,15,9,September,2010,4,Wednesday,21,39,0,6,5,0,45.21385000,-92.21870278,34,2,0,2,0,0,1,1
550375,WISCONSIN,WI,1,0,1,127,0,BURNWELL,18,9,September,2010,7,Saturday,7,26,1,2,2,0,42.54548333,-88.33718611,52,1,0,10,0,0,1,0
550376,WISCONSIN,WI,1,0,3,79,3100,COURTLAND,18,9,September,2010,7,Saturday,10,54,1,11,1,3082,43.03293889,-87.97003611,39,1,0,10,0,0,1,0
550377,WISCONSIN,WI,1,1,2,69,0,ASHFORD,19,9,September,2010,1,Sunday,0,55,0,4,4,0,45.50454167,-89.72418333,8,2,0,10,0,0,1,0
550378,WISCONSIN,WI,1,0,1,131,0,ARLINGTON,21,9,September,2010,3,Tuesday,17,27,0,4,5,0,43.29563611,-88.19163333,35,1,0,10,0,0,1,1
550379,WISCONSIN,WI,1,0,1,91,0,DAYTON,12,9,September,2010,1,Sunday,9,15,0,6,4,0,44.60712222,-91.81180000,1,1,0,1,0,0,1,0
550380,WISCONSIN,WI,1,0,1,87,0,ARMSTRONG,25,9,September,2010,7,Saturday,4,33,0,6,5,0,44.41457778,-88.33261111,32,2,0,10,0,0,1,1
550381,WISCONSIN,WI,1,0,2,69,0,ASHFORD,26,9,September,2010,1,Sunday,99,99,0,4,3,0,45.37825556,-89.71761667,11,2,0,1,0,0,1,1
550382,WISCONSIN,WI,1,0,1,73,0,ARGO,29,9,September,2010,4,Wednesday,14,46,0,6,5,0,44.70742500,-89.44669167,11,1,0,1,0,0,1,0
550383,WISCONSIN,WI,1,0,1,25,3220,BARLOW BEND,29,9,September,2010,4,Wednesday,17,10,0,13,3,0,43.00996667,-89.73103889,33,1,0,1,0,0,1,1
550384,WISCONSIN,WI,1,0,1,65,0,CYPRESS,12,8,August,2010,5,Thursday,20,44,0,6,5,0,42.59026389,-89.95577500,32,2,0,5,0,0,1,1
550385,WISCONSIN,WI,1,0,1,51,0,CENTRAL,30,4,April,2010,6,Friday,19,57,0,6,8,0,46.22984722,-90.37117500,18,2,0,1,0,0,1,1
550386,WISCONSIN,WI,1,0,1,31,0,COFFEE,13,6,June,2010,1,Sunday,2,4,0,6,5,0,46.55236667,-91.62125556,42,2,5,2,0,0,1,1
550387,WISCONSIN,WI,1,0,1,31,0,COFFEE,9,7,July,2010,6,Friday,11,38,0,6,5,0,46.51909444,-91.71066389,34,1,0,1,0,0,1,0
550388,WISCONSIN,WI,1,0,2,79,3100,COURTLAND,28,5,May,2010,6,Friday,16,30,0,13,3,0,43.03495000,-87.94777778,5,1,0,1,0,0,1,0
550389,WISCONSIN,WI,4,0,5,9,4705,BLOUNT,5,6,June,2010,7,Saturday,2,54,1,12,2,0,44.60696944,-88.05035556,12,2,0,5,0,0,1,3
550390,WISCONSIN,WI,3,0,3,111,5165,GRAHAM,8,9,September,2010,4,Wednesday,11,24,1,13,2,0,43.48678889,-89.77430833,12,1,0,1,0,0,1,0
550391,WISCONSIN,WI,1,0,1,73,0,ARGO,12,9,September,2010,1,Sunday,19,0,0,4,4,0,44.94297778,-89.24208333,34,5,0,99,0,0,1,0
550392,WISCONSIN,WI,2,0,8,65,4500,CYPRESS,19,9,September,2010,1,Sunday,2,5,1,2,3,0,42.57131944,-89.86797222,12,2,0,10,0,0,3,0
550393,WISCONSIN,WI,2,0,4,9,0,BLOUNT,19,7,July,2010,2,Monday,2,40,1,2,3,0,44.52496667,-87.93568611,12,2,0,10,0,0,1,0
550394,WISCONSIN,WI,1,0,1,51,0,CENTRAL,22,8,August,2010,1,Sunday,2,2,0,4,4,0,46.18006944,-90.04040556,42,2,0,1,0,0,1,1
550395,WISCONSIN,WI,5,0,8,85,0,BENTON,22,8,August,2010,1,Sunday,15,5,1,2,2,0,45.89077222,-89.70113889,12,1,0,1,0,0,1,0
550396,WISCONSIN,WI,1,1,1,9,0,BLOUNT,24,8,August,2010,3,Tuesday,7,19,0,3,3,0,44.31350833,-88.03017500,9,1,0,1,0,0,1,0
550397,WISCONSIN,WI,1,1,1,115,0,ASHVILLE,21,9,September,2010,3,Tuesday,17,15,0,6,5,0,44.75010000,-88.51821944,9,1,0,1,0,0,1,0
550398,WISCONSIN,WI,1,0,1,87,0,ARMSTRONG,18,9,September,2010,7,Saturday,17,55,0,2,3,0,44.46410833,-88.45152778,34,1,0,10,0,0,1,0
550399,WISCONSIN,WI,2,0,7,59,0,FRANKLIN,19,9,September,2010,1,Sunday,18,54,1,2,3,0,42.57560833,-88.20226667,12,1,0,1,0,0,1,1
550400,WISCONSIN,WI,2,0,2,19,0,CEDAR BLUFF,22,9,September,2010,4,Wednesday,7,34,0,6,5,0,44.44383056,-90.66581111,12,1,0,1,0,0,1,0
550401,WISCONSIN,WI,2,0,2,133,0,ARLEY,22,9,September,2010,4,Wednesday,20,57,0,15,6,0,43.17652222,-88.29221667,12,3,0,10,0,0,1,0
550402,WISCONSIN,WI,2,0,3,87,0,ARMSTRONG,22,9,September,2010,4,Wednesday,9,35,0,6,5,0,44.28714167,-88.55479444,12,1,0,1,0,0,1,0
550403,WISCONSIN,WI,1,0,1,91,0,DAYTON,7,10,October,2010,5,Thursday,13,47,0,3,3,0,44.67950278,-91.84572500,1,1,0,1,0,0,1,0
550404,WISCONSIN,WI,2,1,3,79,3100,COURTLAND,24,9,September,2010,6,Friday,20,55,1,13,3,0,43.08974444,-87.94051944,12,3,0,1,0,0,1,0
550405,WISCONSIN,WI,1,0,2,93,0,BEAR CREEK,9,10,October,2010,7,Saturday,17,39,0,3,3,0,44.60490556,-92.53606111,34,1,0,1,0,0,1,1
550406,WISCONSIN,WI,1,1,1,63,3560,BOLIGEE,24,9,September,2010,6,Friday,21,56,1,11,1,56,43.87703889,-91.19183333,8,2,0,10,0,0,1,0
550407,WISCONSIN,WI,1,0,1,105,0,MARION,10,10,October,2010,1,Sunday,99,99,0,5,4,0,42.68678889,-89.27026667,35,3,0,1,0,0,1,1
550408,WISCONSIN,WI,1,1,1,59,2400,FRANKLIN,29,9,September,2010,4,Wednesday,15,56,0,16,6,0,42.58313889,-87.81942222,15,1,0,1,0,0,1,0
550409,WISCONSIN,WI,3,0,5,87,0,ARMSTRONG,1,10,October,2010,6,Friday,8,32,0,13,4,0,44.26199722,-88.47596944,12,1,0,10,0,0,1,0
550410,WISCONSIN,WI,2,0,5,9,0,BLOUNT,2,10,October,2010,7,Saturday,21,22,1,2,2,0,44.39569167,-88.15539167,12,2,0,1,0,0,1,0
550411,WISCONSIN,WI,1,0,1,57,2910,BANKSTON,11,10,October,2010,2,Monday,10,22,1,11,1,687,43.80480833,-90.06236667,1,1,0,10,0,0,1,0
550412,WISCONSIN,WI,2,0,4,71,0,BRIDGEPORT,3,10,October,2010,1,Sunday,14,42,0,3,3,0,44.15357500,-87.64038611,12,1,0,1,0,0,1,0
550413,WISCONSIN,WI,1,0,1,139,3280,CALION,8,10,October,2010,6,Friday,7,0,0,16,6,0,44.19357500,-88.43703333,35,2,0,1,0,0,1,1
550414,WISCONSIN,WI,2,0,3,139,0,CALION,4,10,October,2010,2,Monday,19,37,1,2,3,0,43.89925278,-88.62241667,12,2,0,1,0,0,3,0
550415,WISCONSIN,WI,1,0,1,89,0,BROWNSBORO,6,10,October,2010,4,Wednesday,99,99,0,4,4,0,43.45488056,-87.98465278,31,9,0,99,0,0,1,1
550416,WISCONSIN,WI,1,2,1,133,0,ARLEY,1,10,October,2010,6,Friday,7,33,0,14,4,0,43.10204167,-88.40775556,9,4,0,1,0,0,1,0
550417,WISCONSIN,WI,1,0,2,73,0,ARGO,4,10,October,2010,2,Monday,22,7,0,6,5,0,45.11720556,-89.88567222,30,2,0,1,0,0,1,0
550418,WISCONSIN,WI,4,0,4,79,3475,COURTLAND,6,10,October,2010,4,Wednesday,5,39,1,11,1,3216,42.89005278,-87.93680278,12,2,0,1,0,0,1,1
550419,WISCONSIN,WI,2,2,3,25,0,BARLOW BEND,7,10,October,2010,5,Thursday,2,35,1,11,1,1341,43.16067778,-89.30940556,8,2,0,1,0,0,3,1
550420,WISCONSIN,WI,1,1,1,25,0,BARLOW BEND,13,10,October,2010,4,Wednesday,20,40,0,13,3,0,43.19461389,-89.34304167,8,5,0,1,0,0,1,0
550421,WISCONSIN,WI,1,1,2,25,2780,BARLOW BEND,15,10,October,2010,6,Friday,20,4,1,12,2,0,43.03476944,-89.41009722,8,3,0,1,0,0,1,1
550422,WISCONSIN,WI,2,0,2,105,0,MARION,16,10,October,2010,7,Saturday,12,35,1,1,1,1762,42.66672222,-88.98350833,12,1,0,1,0,0,1,0
550423,WISCONSIN,WI,1,0,1,93,0,BEAR CREEK,17,10,October,2010,1,Sunday,4,10,0,6,5,0,44.67375000,-92.36015000,34,2,0,1,0,0,1,1
550424,WISCONSIN,WI,1,0,4,117,0,BIRMINGHAM,17,10,October,2010,1,Sunday,21,23,0,6,5,0,43.74775278,-87.84011389,34,2,0,1,0,0,2,0
550425,WISCONSIN,WI,1,0,1,101,750,BOYLSTON,19,10,October,2010,3,Tuesday,13,47,0,13,3,0,42.67403889,-88.29293889,31,1,0,1,0,0,1,0
550426,WISCONSIN,WI,2,0,5,29,0,BORDEN SPRINGS,13,10,October,2010,4,Wednesday,19,32,0,4,4,0,44.74850000,-87.62103056,12,2,0,1,0,0,1,0
550427,WISCONSIN,WI,1,0,2,137,0,ALCO,22,10,October,2010,6,Friday,0,50,0,4,4,0,44.02713611,-89.14860278,1,2,0,1,0,0,1,1
550428,WISCONSIN,WI,1,0,1,75,0,BEAVERTON,20,10,October,2010,4,Wednesday,0,45,0,6,5,0,45.42297500,-87.89517500,42,2,0,10,0,0,1,1
550429,WISCONSIN,WI,1,0,2,133,3740,ARLEY,22,10,October,2010,6,Friday,15,23,0,12,3,0,43.06899722,-88.25143611,35,1,0,1,0,0,1,1
550430,WISCONSIN,WI,1,0,1,97,0,AXIS,22,10,October,2010,6,Friday,17,42,1,2,2,0,44.50721944,-89.41643611,1,5,0,1,0,0,1,0
550431,WISCONSIN,WI,2,0,3,23,0,BLADON SPRINGS,22,10,October,2010,6,Friday,17,58,0,3,3,0,43.05716111,-90.96362222,12,5,0,1,0,0,1,0
550432,WISCONSIN,WI,1,0,1,49,0,COLLINSVILLE,23,10,October,2010,7,Saturday,0,20,0,4,4,0,42.90509444,-90.13886667,34,3,0,10,0,0,1,1
550433,WISCONSIN,WI,1,0,1,73,0,ARGO,23,10,October,2010,7,Saturday,15,5,0,6,5,0,44.98900833,-89.42848611,30,1,0,10,0,0,1,1
550434,WISCONSIN,WI,2,1,1,25,2780,BARLOW BEND,24,10,October,2010,1,Sunday,12,31,0,13,5,0,43.09180000,-89.36580833,8,1,0,10,0,0,1,0
550437,WISCONSIN,WI,1,0,1,123,0,ALEXANDER CITY,10,10,October,2010,1,Sunday,15,13,0,4,4,0,43.51536667,-91.04893611,1,1,0,1,0,0,1,0
550438,WISCONSIN,WI,1,0,1,139,3280,CALION,12,10,October,2010,3,Tuesday,4,0,0,15,6,0,44.18227778,-88.45093333,3,3,0,1,0,0,1,0
550439,WISCONSIN,WI,1,0,1,93,0,BEAR CREEK,15,10,October,2010,6,Friday,21,5,0,6,5,0,44.60154444,-92.47758889,42,2,0,1,0,0,1,1
550440,WISCONSIN,WI,1,0,1,135,0,ASH FLAT,15,10,October,2010,6,Friday,22,28,0,4,4,0,44.29831389,-88.78008889,1,2,0,1,0,0,1,1
550441,WISCONSIN,WI,1,0,1,39,0,ANDALUSIA,16,10,October,2010,7,Saturday,12,28,0,4,4,0,43.82636944,-88.22433333,30,1,0,1,0,0,1,0
550442,WISCONSIN,WI,2,0,2,77,0,ANDERSON,27,10,October,2010,4,Wednesday,11,6,0,2,3,0,43.81740278,-89.26563889,12,1,0,6,0,0,1,0
550443,WISCONSIN,WI,1,0,1,133,0,ARLEY,27,10,October,2010,4,Wednesday,23,26,1,11,1,508,42.90963056,-88.22269444,1,2,0,10,0,0,1,1
550444,WISCONSIN,WI,1,1,2,39,1730,ANDALUSIA,28,10,October,2010,5,Thursday,6,48,0,13,5,0,43.76250000,-88.46869167,8,3,0,10,0,0,1,0
550445,WISCONSIN,WI,2,0,4,135,0,ASH FLAT,23,10,October,2010,7,Saturday,14,33,0,3,3,0,44.36730556,-88.97977222,12,1,0,5,0,0,2,1
550446,WISCONSIN,WI,1,0,2,65,0,CYPRESS,28,10,October,2010,5,Thursday,23,0,0,3,4,0,42.77486667,-90.00017222,32,2,0,1,0,0,1,1
550447,WISCONSIN,WI,1,0,3,79,3100,COURTLAND,30,10,October,2010,7,Saturday,0,50,0,15,5,0,43.08199722,-87.90040000,33,3,0,10,0,0,1,0
550448,WISCONSIN,WI,1,0,2,101,1582,BOYLSTON,31,10,October,2010,1,Sunday,1,46,0,14,5,0,42.69111944,-87.82303333,42,3,0,10,0,0,1,1
550449,WISCONSIN,WI,1,0,2,1,0,AUTAUGA,31,10,October,2010,1,Sunday,14,35,0,4,4,0,43.90116944,-89.93785833,34,1,0,1,0,0,1,1
550450,WISCONSIN,WI,2,0,3,141,3840,BEE BRANCH,28,10,October,2010,5,Thursday,10,49,0,13,3,0,44.34391667,-89.86167222,12,1,0,10,0,0,2,0
550451,WISCONSIN,WI,1,0,1,25,0,BARLOW BEND,30,10,October,2010,7,Saturday,2,44,1,2,2,0,42.85627222,-89.34343889,35,2,0,1,0,0,1,1
550452,WISCONSIN,WI,1,0,2,97,0,AXIS,31,10,October,2010,1,Sunday,99,99,0,6,5,0,44.33756944,-89.28370000,32,2,0,1,0,0,1,1
550453,WISCONSIN,WI,1,0,2,71,0,BRIDGEPORT,24,9,September,2010,6,Friday,2,43,0,6,5,0,44.17495556,-87.64841111,30,3,0,10,0,0,1,1
550454,WISCONSIN,WI,1,1,1,9,2000,BLOUNT,5,11,November,2010,6,Friday,23,2,0,13,5,0,44.49938333,-87.99596111,8,3,0,10,0,0,1,1
550455,WISCONSIN,WI,1,0,1,97,0,AXIS,7,11,November,2010,1,Sunday,4,37,0,4,4,0,44.44704722,-89.33846111,42,2,0,1,0,0,1,1
550456,WISCONSIN,WI,2,0,2,27,0,ASHLAND,2,11,November,2010,3,Tuesday,17,43,0,4,4,0,43.48101389,-88.89587500,12,5,0,10,0,0,1,0
550457,WISCONSIN,WI,1,0,1,95,120,ALBERTVILLE,7,11,November,2010,1,Sunday,0,10,0,6,5,0,45.31082500,-92.37081111,1,3,0,1,0,0,1,1
550458,WISCONSIN,WI,1,0,1,43,0,BAILEYTON,14,11,November,2010,1,Sunday,22,30,0,3,3,0,42.88855556,-90.42750556,32,2,0,2,0,0,1,0
550459,WISCONSIN,WI,1,0,2,79,3100,COURTLAND,16,11,November,2010,3,Tuesday,0,39,0,16,6,0,43.01385833,-87.94366944,33,3,0,10,0,0,2,1
550460,WISCONSIN,WI,2,0,4,127,0,BURNWELL,16,11,November,2010,3,Tuesday,6,58,0,14,4,0,42.61295833,-88.45732222,12,1,0,10,0,0,1,0
550461,WISCONSIN,WI,1,1,1,25,2780,BARLOW BEND,18,11,November,2010,5,Thursday,18,27,0,14,6,0,43.08428611,-89.30325556,8,3,0,10,0,0,1,0
550462,WISCONSIN,WI,1,1,2,9,0,BLOUNT,10,10,October,2010,1,Sunday,2,9,1,13,3,0,44.54665556,-88.09715556,8,2,0,1,0,0,1,0
550463,WISCONSIN,WI,2,0,2,35,1470,BROOKLYN,14,11,November,2010,1,Sunday,21,31,1,13,2,0,44.79992500,-91.53018889,12,3,0,10,0,0,1,1
550464,WISCONSIN,WI,1,0,1,15,0,ANNISTON,19,11,November,2010,6,Friday,2,30,0,6,5,0,44.22736667,-88.24564167,24,2,0,10,0,0,1,1
550465,WISCONSIN,WI,1,0,1,7,0,BIBB,17,10,October,2010,1,Sunday,14,0,0,6,5,0,45.16934722,-88.44202222,7,1,0,1,0,0,1,0
550466,WISCONSIN,WI,1,1,1,59,0,FRANKLIN,22,11,November,2010,2,Monday,19,14,1,13,3,0,42.48100833,-87.82326944,8,3,0,10,0,0,1,0
550467,WISCONSIN,WI,2,0,4,127,0,BURNWELL,23,11,November,2010,3,Tuesday,11,0,0,13,4,0,42.83980278,-88.34576389,12,1,0,1,0,0,1,0
550468,WISCONSIN,WI,1,0,2,105,0,MARION,23,10,October,2010,7,Saturday,14,10,0,6,5,0,42.70943333,-89.32352500,1,1,0,1,0,0,1,0
550469,WISCONSIN,WI,1,0,1,131,0,ARLINGTON,19,10,October,2010,3,Tuesday,19,56,0,4,3,0,43.24689167,-88.34934722,11,2,0,1,0,0,1,1
550470,WISCONSIN,WI,1,0,1,83,0,ARDMORE,23,11,November,2010,3,Tuesday,16,17,0,3,3,0,45.16966389,-88.46195833,34,2,0,10,0,0,1,0
550471,WISCONSIN,WI,3,0,6,131,1890,ARLINGTON,27,10,October,2010,4,Wednesday,18,36,1,13,3,0,43.22115833,-88.08679167,12,2,0,6,0,0,1,0
550472,WISCONSIN,WI,1,0,1,31,0,COFFEE,1,11,November,2010,2,Monday,14,55,0,3,3,0,46.64766944,-91.74210556,35,1,0,1,0,0,1,0
550473,WISCONSIN,WI,1,0,1,105,0,MARION,2,11,November,2010,3,Tuesday,3,20,0,5,4,0,42.60713333,-89.24816667,42,2,0,1,0,0,1,1
550474,WISCONSIN,WI,2,0,3,47,0,BROWNS,2,11,November,2010,3,Tuesday,15,8,0,2,3,0,43.85464444,-88.94252222,12,1,0,1,0,0,2,0
550475,WISCONSIN,WI,1,0,1,25,0,BARLOW BEND,28,11,November,2010,1,Sunday,21,34,0,6,5,0,43.26508056,-89.45205556,59,2,0,1,0,0,1,1
550476,WISCONSIN,WI,1,0,2,27,380,ASHLAND,28,11,November,2010,1,Sunday,1,36,0,14,6,0,43.46059722,-88.83689722,33,3,0,1,0,0,1,1
550477,WISCONSIN,WI,1,0,1,131,0,ARLINGTON,29,11,November,2010,2,Monday,8,16,0,6,5,0,43.54077222,-88.12039444,1,1,0,1,0,0,1,0
550478,WISCONSIN,WI,1,0,1,127,3240,BURNWELL,12,11,November,2010,6,Friday,16,26,1,11,1,423,42.83689167,-88.34170833,1,5,0,10,0,0,1,0
550479,WISCONSIN,WI,1,0,1,141,0,BEE BRANCH,26,11,November,2010,6,Friday,11,25,0,3,3,0,44.43456111,-89.79336389,34,1,0,1,0,0,1,0
550480,WISCONSIN,WI,1,0,1,111,0,GRAHAM,25,11,November,2010,5,Thursday,23,50,0,4,4,0,43.59288611,-89.91022222,34,2,0,1,0,0,1,0
550481,WISCONSIN,WI,1,1,1,49,1360,COLLINSVILLE,4,11,November,2010,5,Thursday,15,1,0,3,3,0,42.95957778,-90.13039722,8,1,0,10,0,0,1,0
550482,WISCONSIN,WI,1,1,1,79,3100,COURTLAND,8,11,November,2010,2,Monday,12,0,0,13,6,0,42.95943333,-87.93885000,8,1,0,1,0,0,1,0
550483,WISCONSIN,WI,1,1,4,79,3100,COURTLAND,8,11,November,2010,2,Monday,13,2,0,14,6,0,43.03739444,-87.91753333,8,1,0,1,0,0,1,0
550484,WISCONSIN,WI,2,0,2,59,0,FRANKLIN,10,11,November,2010,4,Wednesday,9,29,0,3,2,0,42.50954167,-88.02742778,12,1,0,1,0,0,1,0
550485,WISCONSIN,WI,1,0,1,111,0,GRAHAM,11,11,November,2010,5,Thursday,14,31,0,4,4,0,43.36986667,-90.11917500,1,1,0,1,0,0,1,0
550486,WISCONSIN,WI,2,0,2,95,0,ALBERTVILLE,12,11,November,2010,6,Friday,6,38,0,3,3,0,45.61098333,-92.67370000,12,1,0,10,1,0,1,0
550487,WISCONSIN,WI,1,0,1,49,0,COLLINSVILLE,11,11,November,2010,5,Thursday,21,38,0,4,3,0,43.17326111,-90.22084167,1,2,0,1,0,0,1,1
550488,WISCONSIN,WI,3,0,3,87,0,ARMSTRONG,17,11,November,2010,4,Wednesday,4,42,0,2,3,0,44.39762500,-88.42733889,12,2,0,10,0,0,1,0
550489,WISCONSIN,WI,2,0,2,139,0,CALION,17,11,November,2010,4,Wednesday,15,5,0,3,3,0,44.23497500,-88.54452500,12,1,0,1,0,0,1,0
550490,WISCONSIN,WI,1,1,1,83,0,ARDMORE,17,11,November,2010,4,Wednesday,17,49,0,5,4,0,44.91124167,-88.32014444,9,2,0,10,0,0,1,0
550491,WISCONSIN,WI,2,0,2,141,0,BEE BRANCH,22,11,November,2010,2,Monday,18,3,0,3,3,0,44.41713889,-89.90174444,12,2,0,10,0,0,1,0
550492,WISCONSIN,WI,2,0,2,105,0,MARION,23,11,November,2010,3,Tuesday,18,0,0,3,3,0,42.82483611,-88.98425833,12,2,0,10,0,0,1,0
550493,WISCONSIN,WI,2,0,6,95,0,ALBERTVILLE,28,11,November,2010,1,Sunday,11,55,0,3,3,0,45.29555556,-92.49988333,12,1,0,1,0,0,2,0
550494,WISCONSIN,WI,2,0,3,19,0,CEDAR BLUFF,8,11,November,2010,2,Monday,2,2,1,2,3,0,44.94399444,-90.49569444,12,2,0,1,0,0,1,1
550495,WISCONSIN,WI,2,0,3,7,0,BIBB,13,11,November,2010,7,Saturday,10,40,1,2,2,0,46.52978611,-91.12159167,12,1,0,4,0,0,2,1
550496,WISCONSIN,WI,1,0,4,79,5130,COURTLAND,13,11,November,2010,7,Saturday,14,10,1,12,2,0,43.07416111,-88.05803889,1,1,0,2,0,0,1,1
550497,WISCONSIN,WI,4,0,8,79,3100,COURTLAND,24,10,October,2010,1,Sunday,12,5,1,11,1,0,43.03346667,-87.97128333,12,1,0,10,0,0,1,0
550498,WISCONSIN,WI,2,0,2,55,0,ATTALLA,27,11,November,2010,7,Saturday,14,46,1,2,3,0,43.11931111,-88.74674444,12,1,0,1,0,0,1,0
550499,WISCONSIN,WI,1,0,1,117,4330,BIRMINGHAM,2,12,December,2010,5,Thursday,1,32,0,14,6,0,43.71682500,-87.72003056,31,3,0,1,0,0,1,1
550500,WISCONSIN,WI,1,0,2,111,0,GRAHAM,2,12,December,2010,5,Thursday,1,25,0,14,4,0,43.30213333,-89.93262222,34,2,0,1,0,0,1,1
550501,WISCONSIN,WI,1,0,3,79,2015,COURTLAND,3,12,December,2010,6,Friday,1,30,1,11,1,39,42.96586111,-88.03872500,24,3,0,10,0,0,1,1
550502,WISCONSIN,WI,1,0,2,127,1310,BURNWELL,3,12,December,2010,6,Friday,1,43,0,16,6,0,42.62505556,-88.62758889,59,3,0,1,0,0,1,1
550503,WISCONSIN,WI,3,0,3,141,0,BEE BRANCH,6,12,December,2010,2,Monday,14,0,0,3,3,0,44.30926389,-89.88352778,12,1,0,10,0,0,1,0
550505,WISCONSIN,WI,2,0,3,79,3475,COURTLAND,8,12,December,2010,4,Wednesday,11,21,0,13,4,0,42.91608056,-87.92023611,12,1,0,1,0,0,1,0
550506,WISCONSIN,WI,1,0,1,83,0,ARDMORE,10,12,December,2010,6,Friday,5,29,1,2,2,0,44.73210000,-88.05070000,38,2,0,10,0,0,1,0
550507,WISCONSIN,WI,2,0,2,5,0,BAKER HILL,10,12,December,2010,6,Friday,7,49,0,5,5,0,45.42320000,-91.76585833,12,1,0,10,0,0,1,0
550508,WISCONSIN,WI,1,0,4,105,0,MARION,12,12,December,2010,1,Sunday,13,44,1,1,1,1688,42.76711667,-89.00492222,42,1,0,10,0,0,1,0
550509,WISCONSIN,WI,1,1,1,109,5450,ANSLEY,11,12,December,2010,7,Saturday,14,17,0,6,5,0,44.95401389,-92.29353056,8,1,0,11,0,0,1,0
550510,WISCONSIN,WI,1,0,1,9,0,BLOUNT,13,12,December,2010,2,Monday,9,43,0,5,4,0,44.24094167,-87.96924722,5,1,0,1,0,0,1,0
550511,WISCONSIN,WI,1,0,1,41,0,BRANTLEY,4,9,September,2010,7,Saturday,18,5,0,6,5,0,45.72379722,-88.82034167,42,1,0,1,0,0,1,1
550512,WISCONSIN,WI,1,3,1,79,3100,COURTLAND,1,12,December,2010,4,Wednesday,16,24,1,13,3,0,43.06839722,-87.94862778,8,5,0,10,0,0,1,0
550513,WISCONSIN,WI,5,0,9,79,3100,COURTLAND,3,12,December,2010,6,Friday,14,38,0,13,6,0,43.07521944,-87.96745833,12,1,0,10,1,0,1,0
550514,WISCONSIN,WI,1,1,1,79,5160,COURTLAND,3,12,December,2010,6,Friday,16,50,0,14,6,0,43.00143056,-88.03327500,8,3,0,10,0,0,1,0
550515,WISCONSIN,WI,2,0,3,79,3100,COURTLAND,5,12,December,2010,1,Sunday,18,5,0,14,6,0,42.98119444,-87.95819444,12,3,0,1,0,0,2,0
550516,WISCONSIN,WI,2,0,3,15,0,ANNISTON,4,12,December,2010,7,Saturday,14,49,1,2,2,0,44.21246389,-88.15431944,12,1,0,1,0,0,1,0
550517,WISCONSIN,WI,5,0,6,131,0,ARLINGTON,15,12,December,2010,4,Wednesday,10,13,1,2,2,0,43.48151111,-88.36681389,12,1,0,1,0,0,2,1
550518,WISCONSIN,WI,2,0,2,87,0,ARMSTRONG,7,12,December,2010,3,Tuesday,16,33,1,12,2,0,44.28863889,-88.46646389,12,2,0,1,0,0,1,0
550519,WISCONSIN,WI,2,0,5,135,2850,ASH FLAT,16,12,December,2010,5,Thursday,15,25,1,2,2,0,44.67812500,-88.87923889,12,1,0,10,0,0,1,0