ST_CASE,State Name,State Abbreviation,VE_TOTAL,Pedestrains,Total_Persons_in_accident,COUNTY,CITY,City_County_Name,Calendar_DAY,MONTH,Month_Name,YEAR,DAY_WEEK,Day_Week_desc,HOUR,MINUTE,NHS_Desc,trafficway,ROUTE,MILEPT,LATITUDE,LONGITUD,First_Crash_event,Light_cond_desc,Weather_condition,WEATHER,SCH_BUS,Crash_cause,FATALS,DRUNK_DR
550520,WISCONSIN,WI,1,1,1,79,1220,COURTLAND,16,12,December,2010,5,Thursday,21,25,0,14,6,0,42.95821667,-87.86004722,8,3,0,10,0,0,1,0
550521,WISCONSIN,WI,3,0,3,25,2780,BARLOW BEND,18,12,December,2010,7,Saturday,6,47,0,14,6,0,43.09833611,-89.31598889,12,4,0,1,0,0,1,0
550522,WISCONSIN,WI,2,0,3,57,0,BANKSTON,21,12,December,2010,3,Tuesday,20,56,1,1,1,599,43.89065556,-90.16235000,12,2,0,4,0,0,1,0
550523,WISCONSIN,WI,2,0,2,21,0,CHILTON,24,12,December,2010,6,Friday,8,52,1,1,1,1230,43.29753333,-89.42115833,14,1,0,4,0,0,1,0
550524,WISCONSIN,WI,2,0,3,3,0,BALDWIN,25,12,December,2010,7,Saturday,14,52,1,2,2,0,46.60944444,-90.68339444,12,1,0,10,0,0,2,0
550525,WISCONSIN,WI,2,0,3,27,5090,ASHLAND,27,12,December,2010,2,Monday,9,33,0,14,3,0,43.61799722,-88.72469444,12,1,0,10,0,0,1,0
550526,WISCONSIN,WI,2,0,5,19,0,CEDAR BLUFF,12,12,December,2010,1,Sunday,11,40,0,4,4,0,44.95751111,-90.90242500,12,1,0,1,0,0,1,0
550527,WISCONSIN,WI,2,0,2,53,0,ATMORE,13,12,December,2010,2,Monday,12,44,0,3,3,0,44.33113889,-91.12444722,12,1,0,1,0,0,1,0
550528,WISCONSIN,WI,1,1,1,25,2780,BARLOW BEND,30,12,December,2010,5,Thursday,6,45,1,13,2,0,43.10437222,-89.34197500,8,3,0,5,0,0,1,0
550529,WISCONSIN,WI,2,0,2,47,0,BROWNS,14,12,December,2010,3,Tuesday,6,57,0,3,3,0,43.96837222,-88.89812778,12,1,0,1,0,0,1,0
550530,WISCONSIN,WI,2,0,4,127,0,BURNWELL,19,12,December,2010,1,Sunday,16,30,1,13,2,0,42.81912500,-88.72238889,12,5,0,1,0,0,1,0
550531,WISCONSIN,WI,2,0,4,55,0,ATTALLA,21,12,December,2010,3,Tuesday,7,55,0,4,4,0,43.14524167,-88.65812222,12,1,0,4,0,0,1,0
550532,WISCONSIN,WI,2,0,3,81,4530,AUBURN,28,12,December,2010,3,Tuesday,10,20,0,13,3,0,43.92352222,-90.82060556,12,1,0,1,0,0,1,0
550533,WISCONSIN,WI,2,0,3,9,4705,BLOUNT,30,12,December,2010,5,Thursday,10,6,0,16,6,0,44.60508056,-88.13010278,12,1,0,10,0,0,1,0
550534,WISCONSIN,WI,1,1,1,33,1560,CHEROKEE,31,12,December,2010,6,Friday,17,50,1,1,1,521,44.90689167,-91.93799167,8,2,0,3,0,0,1,0
550535,WISCONSIN,WI,1,0,1,27,2920,ASHLAND,31,12,December,2010,6,Friday,23,35,0,3,3,0,43.49046389,-88.54461111,33,3,0,10,0,0,1,1
550536,WISCONSIN,WI,1,0,3,78,0,KESHENA,14,11,November,2010,1,Sunday,13,45,0,4,4,0,45.01718333,-88.74807222,1,1,0,2,0,0,1,1
560001,WYOMING,WY,3,0,4,1,0,AUTAUGA,3,1,January,2010,1,Sunday,8,40,1,2,2,4127,41.13860000,-105.55780000,12,1,4,4,0,0,1,0
560002,WYOMING,WY,1,0,1,37,0,BRADFORD,8,1,January,2010,6,Friday,16,30,0,4,3,227,41.36972222,-108.93785556,31,1,0,1,0,0,1,0
560003,WYOMING,WY,2,0,2,13,0,BOLLING,3,2,February,2010,4,Wednesday,12,45,1,2,2,1137,43.40980278,-108.17423056,12,1,0,1,0,0,1,0
560004,WYOMING,WY,1,0,2,23,0,BLADON SPRINGS,4,1,January,2010,2,Monday,19,17,0,6,4,20,42.96781111,-110.97286389,42,2,0,1,0,0,1,0
560005,WYOMING,WY,1,0,2,13,710,BOLLING,26,1,January,2010,3,Tuesday,21,6,0,16,6,0,43.04105833,-108.41043889,42,3,0,1,0,0,1,1
560006,WYOMING,WY,1,0,1,37,0,BRADFORD,7,2,February,2010,1,Sunday,22,17,1,2,2,342,42.03341944,-109.43370000,32,2,0,1,0,0,1,1
560007,WYOMING,WY,2,0,6,7,0,BIBB,18,2,February,2010,5,Thursday,16,5,1,1,1,2542,41.73307500,-106.48396944,12,1,0,1,0,0,5,0
560008,WYOMING,WY,1,0,3,13,0,BOLLING,28,2,February,2010,1,Sunday,12,56,0,4,3,183,42.77037222,-108.19849722,1,1,0,1,0,0,2,1
560009,WYOMING,WY,1,0,1,37,0,BRADFORD,22,2,February,2010,2,Monday,21,45,0,4,3,88,41.42728333,-109.54197500,1,2,0,1,0,0,1,1
560010,WYOMING,WY,1,0,2,37,730,BRADFORD,2,2,February,2010,3,Tuesday,23,10,0,13,7,1055,41.59606944,-109.21268056,30,3,0,1,0,0,1,1
560011,WYOMING,WY,1,0,3,13,0,BOLLING,28,2,February,2010,1,Sunday,2,20,1,2,2,140,42.98173333,-108.86674444,1,2,0,1,0,0,1,1
560012,WYOMING,WY,2,0,2,19,0,CEDAR BLUFF,8,3,March,2010,2,Monday,12,22,1,1,1,547,44.39435000,-106.71790833,12,1,0,1,0,0,2,0
560013,WYOMING,WY,1,0,1,7,0,BIBB,8,3,March,2010,2,Monday,16,20,0,5,4,70,41.86590833,-107.07468611,35,1,0,1,0,0,1,1
560014,WYOMING,WY,1,0,8,41,270,BRANTLEY,14,3,March,2010,1,Sunday,8,20,1,11,1,51,41.26140556,-110.95560556,1,1,0,4,0,0,1,0
560015,WYOMING,WY,1,0,1,31,0,COFFEE,23,3,March,2010,3,Tuesday,14,17,1,1,1,1134,42.52750556,-105.02815556,35,1,0,4,0,0,1,0
560016,WYOMING,WY,2,0,2,37,0,BRADFORD,24,3,March,2010,4,Wednesday,9,0,1,1,1,1703,41.66421667,-108.03996389,12,1,0,5,0,0,1,1
560017,WYOMING,WY,2,0,4,7,0,BIBB,1,4,April,2010,5,Thursday,11,45,0,3,3,447,41.11499167,-107.64134444,12,1,0,4,0,0,1,0
560018,WYOMING,WY,1,0,1,1,0,AUTAUGA,3,4,April,2010,7,Saturday,20,40,1,2,2,4133,41.13175278,-105.55138333,35,2,0,1,0,0,1,0
560019,WYOMING,WY,3,0,4,21,100,CHILTON,4,4,April,2010,1,Sunday,21,5,0,13,3,24,41.10240278,-104.80573611,12,3,0,1,0,0,1,1
560020,WYOMING,WY,1,0,2,19,0,CEDAR BLUFF,12,4,April,2010,2,Monday,16,40,1,1,1,2865,44.17267500,-106.65903333,1,1,0,1,0,0,1,0
560021,WYOMING,WY,2,0,3,21,0,CHILTON,18,4,April,2010,1,Sunday,7,30,1,1,1,3770,41.15766667,-104.49005000,12,1,0,1,0,0,1,1
560022,WYOMING,WY,2,0,3,25,90,BARLOW BEND,18,4,April,2010,1,Sunday,16,57,0,15,6,0,42.85986389,-106.33261111,12,1,0,1,0,0,1,0
560023,WYOMING,WY,1,0,2,25,90,BARLOW BEND,20,4,April,2010,3,Tuesday,20,32,1,13,2,1110,42.80853889,-106.41201944,1,2,0,1,0,0,1,0
560024,WYOMING,WY,1,0,6,13,0,BOLLING,16,4,April,2010,6,Friday,12,37,0,6,8,0,43.00636111,-108.48148889,1,1,0,1,0,0,2,1
560025,WYOMING,WY,1,0,1,25,90,BARLOW BEND,1,5,May,2010,7,Saturday,18,30,1,11,1,1850,42.85460556,-106.27472222,1,1,0,1,0,0,1,1
560026,WYOMING,WY,1,0,1,7,0,BIBB,5,5,May,2010,4,Wednesday,19,45,0,5,4,0,41.78970000,-107.10982778,43,1,0,10,0,0,1,1
560027,WYOMING,WY,1,0,1,19,0,CEDAR BLUFF,9,5,May,2010,1,Sunday,99,99,0,5,4,36,44.41033333,-106.76886944,38,2,0,99,0,0,1,1
560028,WYOMING,WY,2,0,2,45,610,ARITON,23,5,May,2010,1,Sunday,20,36,0,16,6,0,43.85259722,-104.21899444,33,1,0,1,0,0,1,1
560029,WYOMING,WY,1,0,1,39,0,ANDALUSIA,19,5,May,2010,4,Wednesday,11,53,1,2,2,1336,43.25370556,-110.78281944,24,1,0,1,0,0,1,1
560030,WYOMING,WY,2,0,2,11,0,BULLOCK,31,5,May,2010,2,Monday,17,20,0,6,7,21,44.54472778,-104.09846944,45,1,0,1,0,0,1,1
560031,WYOMING,WY,1,0,1,29,0,BORDEN SPRINGS,17,5,May,2010,2,Monday,13,50,1,2,2,647,44.48141111,-108.83383611,31,1,0,1,0,0,1,0
560032,WYOMING,WY,1,0,1,43,0,BAILEYTON,22,5,May,2010,7,Saturday,1,0,0,6,4,10,43.96435556,-107.96813611,32,2,0,2,0,0,1,1
560033,WYOMING,WY,1,0,2,7,0,BIBB,2,6,June,2010,4,Wednesday,10,20,1,1,1,2565,41.71715556,-106.44391667,1,1,0,10,0,0,1,1
560034,WYOMING,WY,1,0,1,9,0,BLOUNT,4,6,June,2010,6,Friday,16,15,1,2,2,137,42.75716667,-104.96563333,1,1,0,1,0,0,1,0
560035,WYOMING,WY,2,0,3,37,0,BRADFORD,5,6,June,2010,7,Saturday,14,25,1,1,1,1689,41.66083889,-108.06537500,12,1,0,1,0,0,1,0
560036,WYOMING,WY,3,0,3,17,0,CHAMBERS,10,6,June,2010,5,Thursday,17,50,1,2,2,1434,43.78592222,-108.18548889,12,1,0,2,0,0,2,0
560037,WYOMING,WY,1,0,1,11,0,BULLOCK,12,6,June,2010,7,Saturday,99,99,0,4,3,77,44.28226389,-104.38949444,30,2,0,99,0,0,1,1
560038,WYOMING,WY,1,0,3,7,0,BIBB,19,6,June,2010,7,Saturday,11,3,1,1,1,2474,41.73622222,-106.60030556,1,1,0,1,0,0,1,0
560039,WYOMING,WY,1,1,1,1,0,AUTAUGA,21,6,June,2010,2,Monday,22,20,1,2,2,4174,41.08100000,-105.50823333,8,3,0,1,0,0,1,0
560040,WYOMING,WY,1,0,1,37,0,BRADFORD,15,6,June,2010,3,Tuesday,18,50,0,6,8,0,41.25016111,-109.59793056,41,1,0,1,0,0,1,1
560041,WYOMING,WY,1,0,2,29,0,BORDEN SPRINGS,14,6,June,2010,2,Monday,11,43,1,2,2,663,44.47962778,-108.80581944,1,1,0,1,0,0,1,0
560042,WYOMING,WY,1,0,1,9,0,BLOUNT,26,6,June,2010,7,Saturday,2,0,1,1,1,1440,42.78990000,-105.54449167,34,2,0,1,0,0,1,0
560043,WYOMING,WY,1,0,4,29,0,BORDEN SPRINGS,26,6,June,2010,7,Saturday,19,56,0,4,3,180,44.83128889,-108.76045278,42,1,0,1,0,0,1,0
560044,WYOMING,WY,2,0,4,7,0,BIBB,27,6,June,2010,1,Sunday,15,5,1,2,2,22,42.39117500,-107.46751111,12,1,0,1,0,0,1,0
560045,WYOMING,WY,1,0,2,35,0,BROOKLYN,27,6,June,2010,1,Sunday,17,15,0,6,8,0,42.89476944,-109.81603056,1,1,0,1,0,0,1,1
560046,WYOMING,WY,1,0,2,1,0,AUTAUGA,28,6,June,2010,2,Monday,5,58,1,1,1,2811,41.52638889,-106.06583333,1,1,0,1,0,0,1,0
560047,WYOMING,WY,2,0,4,27,0,ASHLAND,30,6,June,2010,4,Wednesday,13,35,1,2,2,1900,43.30990833,-104.29391111,12,1,0,1,0,0,2,0
560048,WYOMING,WY,1,0,2,29,0,BORDEN SPRINGS,27,6,June,2010,1,Sunday,5,20,0,5,4,60,44.86313889,-109.28650000,1,4,0,1,0,0,1,1
560049,WYOMING,WY,1,0,1,35,0,BROOKLYN,2,7,July,2010,6,Friday,22,15,1,2,2,1260,43.09486111,-110.16670278,11,2,0,1,0,0,1,1
560050,WYOMING,WY,2,0,3,7,0,BIBB,2,7,July,2010,6,Friday,18,45,0,6,8,99998,99.99990000,999.99990000,7,1,0,1,0,0,1,1
560051,WYOMING,WY,1,0,1,37,0,BRADFORD,10,7,July,2010,7,Saturday,10,20,0,3,2,5215,41.27640556,-109.22519722,1,1,0,1,0,0,1,0
560052,WYOMING,WY,2,0,1,37,0,BRADFORD,13,7,July,2010,3,Tuesday,13,55,1,1,1,1325,41.66912222,-108.73213889,45,1,0,1,0,0,1,1
560053,WYOMING,WY,1,0,1,29,0,BORDEN SPRINGS,16,7,July,2010,6,Friday,13,0,0,4,3,282,44.75307222,-109.39801389,58,1,0,1,0,0,1,1
560054,WYOMING,WY,2,0,2,5,310,BAKER HILL,16,7,July,2010,6,Friday,15,32,1,13,3,1094,44.24513889,-105.47399722,12,1,0,1,0,0,1,0
560055,WYOMING,WY,1,1,1,25,90,BARLOW BEND,17,7,July,2010,7,Saturday,22,20,1,13,3,91,42.83316944,-106.36737500,8,6,0,1,0,0,1,0
560056,WYOMING,WY,1,0,1,11,0,BULLOCK,24,7,July,2010,7,Saturday,19,58,0,4,2,1980,44.40099722,-104.44599167,38,1,0,1,0,0,1,1
560057,WYOMING,WY,1,0,1,29,0,BORDEN SPRINGS,30,7,July,2010,6,Friday,14,50,0,3,3,1066,44.60132778,-109.12828056,58,1,0,1,0,0,1,0
560058,WYOMING,WY,2,0,1,13,710,BOLLING,23,7,July,2010,6,Friday,10,43,0,16,6,0,43.02854444,-108.37428889,14,1,0,1,0,0,1,0
560059,WYOMING,WY,1,0,1,1,0,AUTAUGA,31,7,July,2010,7,Saturday,15,20,0,6,8,0,41.16861111,-106.15277778,42,1,0,1,0,0,1,1
560060,WYOMING,WY,1,0,1,7,0,BIBB,25,7,July,2010,1,Sunday,15,0,0,6,8,0,99.99990000,999.99990000,42,1,0,1,0,0,1,0
560061,WYOMING,WY,1,1,1,21,0,CHILTON,2,8,August,2010,2,Monday,20,45,0,6,7,155,41.15823611,-104.35983889,8,2,0,1,0,0,1,0
560062,WYOMING,WY,2,0,3,23,0,BLADON SPRINGS,1,8,August,2010,1,Sunday,21,30,0,4,3,5,42.69295278,-110.94186667,38,2,0,1,0,0,1,1
560063,WYOMING,WY,2,0,2,11,0,BULLOCK,5,8,August,2010,5,Thursday,12,15,0,4,2,1867,44.44403889,-104.62946389,12,1,0,1,0,0,1,0
560064,WYOMING,WY,1,0,2,37,0,BRADFORD,4,8,August,2010,4,Wednesday,17,45,0,4,3,415,41.17976944,-108.83281944,1,1,0,1,0,0,2,1
560065,WYOMING,WY,1,0,1,41,0,BRANTLEY,5,8,August,2010,5,Thursday,20,19,0,5,4,12,41.29518889,-110.38094722,31,1,0,1,0,0,1,1
560066,WYOMING,WY,2,0,3,39,0,ANDALUSIA,9,8,August,2010,2,Monday,11,33,0,3,3,11,43.47837778,-110.80361111,12,1,0,1,0,0,2,1
560067,WYOMING,WY,1,0,2,7,0,BIBB,4,8,August,2010,4,Wednesday,11,4,1,1,1,2407,41.73370556,-106.72751111,31,1,0,1,0,0,1,0
560068,WYOMING,WY,1,0,1,7,0,BIBB,9,8,August,2010,2,Monday,16,35,1,1,1,2779,41.56256111,-106.11963056,58,1,0,1,0,0,1,0
560069,WYOMING,WY,1,0,1,45,0,ARITON,10,8,August,2010,3,Tuesday,13,25,1,2,2,2505,44.12087500,-104.12381667,58,1,0,1,0,0,1,0
560070,WYOMING,WY,6,0,6,11,0,BULLOCK,11,8,August,2010,4,Wednesday,16,40,0,4,3,178,44.69724444,-104.57261667,12,1,0,1,0,0,1,1
560071,WYOMING,WY,1,0,1,33,750,CHEROKEE,12,8,August,2010,5,Thursday,14,40,1,11,1,197,44.83487500,-106.96718333,34,1,0,1,0,0,1,1
560072,WYOMING,WY,1,0,1,37,0,BRADFORD,12,8,August,2010,5,Thursday,4,15,0,4,3,66,41.53318889,-109.12754167,35,2,0,1,0,0,1,1
560073,WYOMING,WY,1,0,1,17,0,CHAMBERS,15,8,August,2010,1,Sunday,2,15,1,2,2,1240,43.54080556,-108.18166389,24,2,0,1,0,0,1,1
560074,WYOMING,WY,2,0,2,11,0,BULLOCK,11,8,August,2010,4,Wednesday,9,35,0,4,3,268,44.68736667,-104.42201389,12,1,0,1,0,0,1,0
560075,WYOMING,WY,1,0,2,9,0,BLOUNT,18,8,August,2010,4,Wednesday,17,40,1,1,1,1443,42.78163889,-105.48540000,35,1,0,1,0,0,1,0
560076,WYOMING,WY,1,0,2,7,0,BIBB,21,8,August,2010,7,Saturday,4,23,1,2,2,20,42.38807222,-107.46409444,11,2,0,1,0,0,1,0
560077,WYOMING,WY,1,0,2,21,0,CHILTON,22,8,August,2010,1,Sunday,11,55,1,2,2,215,41.27508056,-104.76976667,7,1,0,1,0,0,1,0
560078,WYOMING,WY,2,0,2,1,0,AUTAUGA,25,8,August,2010,4,Wednesday,3,11,1,1,1,3196,41.27217778,-105.48330278,12,2,0,1,0,0,1,1
560079,WYOMING,WY,2,0,4,25,0,BARLOW BEND,26,8,August,2010,5,Thursday,15,15,1,2,2,654,43.14038056,-107.45657778,12,1,0,1,0,0,1,0
560080,WYOMING,WY,1,0,1,39,0,ANDALUSIA,24,8,August,2010,3,Tuesday,21,0,1,2,2,87,43.82420556,-110.34576667,35,2,0,1,0,0,1,1
560081,WYOMING,WY,2,0,3,13,0,BOLLING,26,8,August,2010,5,Thursday,6,57,0,5,3,14,42.92473611,-108.53315278,12,1,0,1,0,0,1,0
560082,WYOMING,WY,1,0,1,23,0,BLADON SPRINGS,26,8,August,2010,5,Thursday,7,50,1,2,2,530,42.40093333,-111.04686389,52,1,0,1,0,0,1,0
560083,WYOMING,WY,1,0,1,45,0,ARITON,28,8,August,2010,7,Saturday,14,30,1,2,2,2509,44.12517222,-104.12067222,35,1,0,1,0,0,1,1
560084,WYOMING,WY,1,0,1,11,0,BULLOCK,31,8,August,2010,3,Tuesday,13,50,0,4,2,1788,44.49601111,-104.73391111,31,1,0,1,0,0,1,0
560085,WYOMING,WY,1,0,1,37,0,BRADFORD,16,8,August,2010,2,Monday,17,0,0,5,4,83,41.63898889,-109.58141389,1,1,0,1,0,0,1,0
560086,WYOMING,WY,2,0,2,9,200,BLOUNT,2,9,September,2010,5,Thursday,20,35,1,11,1,1380,42.73751667,-105.38878889,35,2,0,1,0,0,2,0
560087,WYOMING,WY,2,0,4,7,0,BIBB,3,9,September,2010,6,Friday,20,15,0,4,3,643,41.34261667,-106.67432778,12,2,0,1,0,0,2,0
560088,WYOMING,WY,1,0,1,21,640,CHILTON,8,9,September,2010,4,Wednesday,1,54,1,1,1,4015,41.17586944,-104.07579167,25,2,0,1,0,0,1,0
560089,WYOMING,WY,2,0,4,15,0,ANNISTON,17,9,September,2010,6,Friday,16,39,0,4,3,62,41.95777778,-104.15039167,12,1,0,1,0,0,2,0
560090,WYOMING,WY,1,0,1,19,0,CEDAR BLUFF,16,9,September,2010,5,Thursday,12,0,1,1,1,959,44.21735000,-106.01957500,32,1,0,1,0,0,1,0
560091,WYOMING,WY,2,0,3,21,100,CHILTON,23,9,September,2010,5,Thursday,18,1,0,13,3,15,41.10240000,-104.81913611,12,1,0,1,0,0,1,0
560092,WYOMING,WY,2,0,3,1,0,AUTAUGA,24,9,September,2010,6,Friday,22,49,1,1,1,3243,41.22247778,-105.43825556,24,2,0,1,0,0,1,0
560093,WYOMING,WY,2,0,3,19,0,CEDAR BLUFF,18,9,September,2010,7,Saturday,15,12,0,3,3,1104,43.51654722,-106.15048333,12,1,0,1,0,0,1,0
560094,WYOMING,WY,1,0,1,21,100,CHILTON,9,9,September,2010,5,Thursday,23,31,0,16,6,0,41.17379167,-104.80366944,33,2,0,1,0,0,1,1
560095,WYOMING,WY,2,0,2,21,100,CHILTON,20,9,September,2010,2,Monday,17,12,0,15,4,45,41.13914444,-104.70816111,12,1,0,10,0,0,1,0
560096,WYOMING,WY,1,0,5,41,0,BRANTLEY,28,9,September,2010,3,Tuesday,2,5,1,1,1,336,41.32926111,-110.44556944,1,2,0,1,0,0,2,0
560097,WYOMING,WY,2,0,3,43,0,BAILEYTON,29,9,September,2010,4,Wednesday,15,10,1,2,2,1636,44.00260000,-107.98687222,12,1,0,1,0,0,2,0
560098,WYOMING,WY,1,0,1,29,0,BORDEN SPRINGS,1,9,September,2010,4,Wednesday,13,50,0,4,3,363,44.71874722,-109.35104444,1,1,0,1,0,0,1,0
560099,WYOMING,WY,1,0,1,25,0,BARLOW BEND,2,10,October,2010,7,Saturday,19,45,1,1,1,2216,43.32966667,-106.40110278,31,2,0,1,0,0,1,1
560100,WYOMING,WY,1,0,1,15,0,ANNISTON,5,10,October,2010,3,Tuesday,10,30,1,2,2,310,42.19231944,-104.46935833,1,1,0,1,0,0,1,1
560101,WYOMING,WY,2,0,2,37,0,BRADFORD,4,10,October,2010,2,Monday,11,25,1,1,1,600,41.49714444,-110.00960000,12,1,0,1,0,0,1,0
560102,WYOMING,WY,1,0,1,31,320,COFFEE,3,10,October,2010,1,Sunday,21,15,0,16,6,0,42.50375278,-105.02491944,1,3,0,1,0,0,1,1
560103,WYOMING,WY,1,0,2,35,0,BROOKLYN,17,10,October,2010,1,Sunday,18,0,0,6,8,0,43.40888889,-109.96527778,1,1,0,1,0,0,1,1
560104,WYOMING,WY,1,0,1,35,0,BROOKLYN,18,10,October,2010,2,Monday,5,30,1,2,2,729,42.69228333,-109.71459167,1,2,0,1,0,0,1,1
560105,WYOMING,WY,2,0,3,21,100,CHILTON,26,10,October,2010,3,Tuesday,1,35,0,13,3,60,41.12973333,-104.76605278,12,2,0,1,0,0,1,2
560106,WYOMING,WY,1,0,1,13,0,BOLLING,28,10,October,2010,5,Thursday,23,44,1,2,2,1127,43.16908611,-108.72436667,35,3,0,1,0,0,1,1
560107,WYOMING,WY,1,0,2,33,750,CHEROKEE,2,10,October,2010,7,Saturday,1,57,0,16,6,0,44.80253056,-106.95790278,5,2,0,1,0,0,1,1
560108,WYOMING,WY,1,0,1,3,360,BALDWIN,13,10,October,2010,4,Wednesday,11,36,0,5,4,9,44.47290278,-108.07336389,1,1,0,10,0,0,1,0
560109,WYOMING,WY,1,0,1,37,0,BRADFORD,29,10,October,2010,6,Friday,20,58,1,1,1,929,41.52920556,-109.40164167,34,2,0,1,0,0,1,1
560110,WYOMING,WY,1,0,3,25,90,BARLOW BEND,5,11,November,2010,6,Friday,16,44,0,6,6,0,42.80818056,-106.43496667,35,1,0,1,0,0,1,0
560111,WYOMING,WY,1,0,1,11,0,BULLOCK,6,11,November,2010,7,Saturday,17,15,0,4,3,2700,44.68496389,-104.42129722,38,1,0,1,0,0,1,0
560112,WYOMING,WY,1,0,1,11,0,BULLOCK,9,11,November,2010,3,Tuesday,6,24,1,1,1,1520,44.28073333,-104.99359167,35,2,1,10,0,0,1,0
560113,WYOMING,WY,1,0,1,11,0,BULLOCK,7,11,November,2010,1,Sunday,1,15,0,5,4,39,44.56102778,-104.14167778,35,2,0,1,0,0,1,1
560114,WYOMING,WY,1,0,4,11,0,BULLOCK,13,11,November,2010,7,Saturday,16,25,1,1,1,1920,44.43837500,-104.29664722,1,5,3,3,0,0,1,0
560115,WYOMING,WY,2,0,2,37,0,BRADFORD,17,11,November,2010,4,Wednesday,4,55,1,1,1,1810,41.70459444,-107.89294444,12,2,0,10,0,0,1,0
560116,WYOMING,WY,1,0,2,33,0,CHEROKEE,20,11,November,2010,7,Saturday,14,18,0,4,2,323,44.68616944,-106.92315000,1,1,0,3,0,0,1,0
560117,WYOMING,WY,1,0,1,7,0,BIBB,21,11,November,2010,1,Sunday,6,35,1,2,2,160,41.99387778,-107.36186389,1,4,0,10,0,0,1,0
560118,WYOMING,WY,1,0,2,25,0,BARLOW BEND,28,11,November,2010,1,Sunday,17,55,1,2,2,449,43.04438333,-107.08205000,35,2,0,4,0,0,1,0
560119,WYOMING,WY,1,0,3,9,0,BLOUNT,28,11,November,2010,1,Sunday,18,10,1,1,1,1675,42.84089722,-105.92484444,1,2,11,4,0,0,1,0
560120,WYOMING,WY,1,0,1,13,0,BOLLING,28,11,November,2010,1,Sunday,16,56,1,2,2,800,43.16445833,-107.75334722,1,2,0,1,0,0,1,0
560121,WYOMING,WY,1,0,1,13,0,BOLLING,29,11,November,2010,2,Monday,21,0,0,4,3,43,43.21709444,-108.69611667,35,2,0,1,0,0,1,1
560122,WYOMING,WY,1,0,1,21,100,CHILTON,15,11,November,2010,2,Monday,1,33,0,16,6,17,41.07383333,-104.86800000,1,2,0,4,0,0,1,1
560123,WYOMING,WY,1,0,2,39,0,ANDALUSIA,25,11,November,2010,5,Thursday,14,0,0,9,8,99999,43.44638889,-110.90111111,35,1,0,1,0,0,1,0
560124,WYOMING,WY,1,0,2,9,0,BLOUNT,27,11,November,2010,7,Saturday,23,45,1,1,1,1645,42.83690833,-105.88215278,1,2,0,1,0,0,1,0
560125,WYOMING,WY,1,0,2,13,0,BOLLING,16,11,November,2010,3,Tuesday,6,7,1,2,2,265,43.15888889,-108.94972222,1,2,0,1,0,0,1,1
560126,WYOMING,WY,3,0,4,13,0,BOLLING,1,12,December,2010,4,Wednesday,6,53,0,3,3,545,42.57940556,-108.68112500,12,4,0,1,0,0,1,0
560127,WYOMING,WY,1,0,2,1,0,AUTAUGA,2,12,December,2010,5,Thursday,9,53,1,1,1,2892,41.44528056,-105.96595000,31,1,0,1,0,0,1,0
560128,WYOMING,WY,2,0,3,5,310,BAKER HILL,7,12,December,2010,3,Tuesday,13,40,1,13,3,35,44.26271111,-105.51175000,12,1,0,1,0,0,1,1
560129,WYOMING,WY,1,0,1,35,0,BROOKLYN,10,12,December,2010,6,Friday,9,30,0,5,3,146,43.09165833,-110.02574167,1,1,10,4,0,0,1,0
560130,WYOMING,WY,1,0,1,37,0,BRADFORD,13,12,December,2010,2,Monday,5,52,1,1,1,721,41.54290278,-109.79929444,1,2,0,1,0,0,1,0
560131,WYOMING,WY,2,0,5,21,0,CHILTON,19,12,December,2010,1,Sunday,2,40,1,2,2,400,41.40210000,-104.46204167,12,2,0,1,0,0,1,0
560132,WYOMING,WY,1,0,2,7,0,BIBB,26,12,December,2010,1,Sunday,19,0,0,5,4,72,41.46736389,-107.87690278,1,2,0,1,0,0,1,1
560133,WYOMING,WY,1,0,1,21,0,CHILTON,18,12,December,2010,7,Saturday,7,36,0,6,4,20,41.10046389,-104.40468611,58,2,0,10,0,0,1,1
560134,WYOMING,WY,1,0,1,23,0,BLADON SPRINGS,13,12,December,2010,2,Monday,7,0,1,2,2,850,41.71252222,-110.07703611,1,2,0,1,0,0,1,0
560135,WYOMING,WY,1,0,1,37,0,BRADFORD,25,2,February,2010,5,Thursday,13,15,0,5,4,180,41.87500000,-108.48825833,35,1,0,1,0,0,1,0
560136,WYOMING,WY,1,0,1,37,0,BRADFORD,20,5,May,2010,5,Thursday,11,40,0,6,7,90,41.66700278,-108.96658056,38,1,0,1,0,0,1,0
560137,WYOMING,WY,1,0,3,9,0,BLOUNT,17,10,October,2010,1,Sunday,5,23,1,2,2,539,43.45988056,-105.43300278,31,2,0,1,0,0,1,0
560138,WYOMING,WY,1,0,1,29,0,BORDEN SPRINGS,26,6,June,2010,7,Saturday,15,0,0,9,8,99999,99.99990000,999.99990000,35,1,0,1,0,0,1,0
560139,WYOMING,WY,2,0,4,39,0,ANDALUSIA,14,7,July,2010,4,Wednesday,13,50,0,9,8,99999,99.99990000,999.99990000,12,1,0,10,0,0,1,0