ST_CASE,State Name,State Abbreviation,VE_TOTAL,Pedestrains,Total_Persons_in_accident,COUNTY,CITY,City_County_Name,Calendar_DAY,MONTH,Month_Name,YEAR,DAY_WEEK,Day_Week_desc,HOUR,MINUTE,NHS_Desc,trafficway,ROUTE,MILEPT,LATITUDE,LONGITUD,First_Crash_event,Light_cond_desc,Weather_condition,WEATHER,SCH_BUS,Crash_cause,FATALS,DRUNK_DR
40007,ARIZONA,AZ,2,0,1,27,0,ASHLAND,9,1,January,2010,7,Saturday,17,45,0,5,4,0,32.61148889,-114.57560000,14,2,0,1,0,0,1,0
40011,ARIZONA,AZ,2,0,7,27,0,ASHLAND,12,1,January,2010,3,Tuesday,6,58,0,5,4,0,32.66916667,-114.72777778,12,4,0,1,0,0,1,1
40016,ARIZONA,AZ,1,0,3,15,0,ANNISTON,22,1,January,2010,6,Friday,18,32,1,1,1,300,34.93275556,-114.14951667,41,2,0,3,0,0,1,0
40061,ARIZONA,AZ,1,0,2,15,0,ANNISTON,6,2,February,2010,7,Saturday,9,19,1,2,2,315,35.67346667,-114.46127500,1,1,0,10,0,0,1,0
40066,ARIZONA,AZ,1,1,1,12,340,BOUSE,9,2,February,2010,3,Tuesday,18,9,0,4,6,0,34.15760000,-114.29636111,9,5,0,1,0,0,1,0
40071,ARIZONA,AZ,2,0,4,12,0,BOUSE,17,2,February,2010,4,Wednesday,6,5,1,1,1,230,33.67261389,-114.14461389,12,2,0,1,0,0,1,0
40078,ARIZONA,AZ,2,0,3,27,0,ASHLAND,22,2,February,2010,2,Monday,16,3,1,13,2,294,32.69918056,-114.52150556,12,1,0,1,0,0,1,0
40101,ARIZONA,AZ,1,1,1,27,620,ASHLAND,4,3,March,2010,5,Thursday,20,52,0,13,6,0,32.70358056,-114.65044167,8,3,0,1,0,0,1,0
40104,ARIZONA,AZ,1,0,3,27,0,ASHLAND,6,3,March,2010,7,Saturday,5,49,0,15,9,0,32.70426389,-114.68461111,30,2,0,10,0,0,1,1
40112,ARIZONA,AZ,1,0,4,15,0,ANNISTON,13,3,March,2010,7,Saturday,6,57,1,1,1,409,35.08959167,-114.12035556,1,4,0,1,0,0,2,0
40119,ARIZONA,AZ,1,1,1,15,0,ANNISTON,17,3,March,2010,4,Wednesday,22,37,0,3,3,156,35.22756111,-114.32920833,8,2,0,1,0,0,1,0
40121,ARIZONA,AZ,1,0,1,15,0,ANNISTON,20,3,March,2010,7,Saturday,11,33,0,6,9,0,35.14603056,-114.11615833,41,1,0,1,0,0,1,0
40171,ARIZONA,AZ,2,0,3,27,0,ASHLAND,2,4,April,2010,6,Friday,14,50,0,5,4,0,32.62561389,-114.69116111,12,1,0,1,0,0,2,0
40178,ARIZONA,AZ,1,1,2,15,0,ANNISTON,8,4,April,2010,5,Thursday,20,24,1,1,1,200,34.79837778,-114.15775000,8,2,0,1,0,0,1,0
40184,ARIZONA,AZ,1,1,3,15,268,ANNISTON,11,4,April,2010,1,Sunday,1,49,0,14,6,0,34.51109167,-114.31430000,8,2,0,1,0,0,1,0
40190,ARIZONA,AZ,1,0,2,15,0,ANNISTON,17,4,April,2010,7,Saturday,19,7,0,4,4,0,35.76671111,-114.13231389,1,5,0,1,0,0,1,0
40197,ARIZONA,AZ,1,0,1,15,0,ANNISTON,24,4,April,2010,7,Saturday,13,44,0,3,3,89,35.19867500,-114.41965000,1,1,0,1,0,0,1,0
40200,ARIZONA,AZ,1,0,1,15,268,ANNISTON,26,4,April,2010,2,Monday,21,31,0,16,6,0,34.49434722,-114.32717778,1,6,0,1,0,0,1,1
40201,ARIZONA,AZ,1,0,1,15,268,ANNISTON,30,4,April,2010,6,Friday,12,20,0,16,6,0,34.52813611,-114.36910278,42,1,0,1,0,0,1,1
40246,ARIZONA,AZ,1,1,1,15,268,ANNISTON,7,5,May,2010,6,Friday,14,26,0,16,6,0,34.48108889,-114.30127222,8,1,0,1,0,0,1,0
40259,ARIZONA,AZ,1,1,1,15,260,ANNISTON,12,5,May,2010,4,Wednesday,1,20,1,11,1,502,35.20840278,-114.05922222,8,3,0,1,0,0,1,0
40265,ARIZONA,AZ,1,0,2,15,0,ANNISTON,19,5,May,2010,4,Wednesday,21,44,0,13,3,2387,35.03012500,-114.59796389,1,2,0,1,0,0,1,1
40266,ARIZONA,AZ,1,0,1,15,59,ANNISTON,21,5,May,2010,6,Friday,17,16,0,13,3,2416,35.06910833,-114.58923056,33,1,0,1,0,0,1,1
40274,ARIZONA,AZ,2,0,2,15,0,ANNISTON,26,5,May,2010,4,Wednesday,4,25,1,2,2,651,35.24350000,-114.14846389,1,3,0,1,0,0,1,0
40355,ARIZONA,AZ,1,0,2,15,0,ANNISTON,2,7,July,2010,6,Friday,20,16,0,6,9,0,35.23131944,-114.55869444,41,2,0,1,0,0,1,1
40356,ARIZONA,AZ,1,0,2,27,0,ASHLAND,3,7,July,2010,7,Saturday,0,12,1,13,2,259,32.69873333,-114.58165556,5,2,0,1,0,0,1,1
40375,ARIZONA,AZ,1,0,1,27,0,ASHLAND,18,7,July,2010,1,Sunday,5,55,1,1,7,160,32.66336111,-114.38683889,38,2,0,10,0,0,1,1
40377,ARIZONA,AZ,2,0,3,15,59,ANNISTON,19,7,July,2010,2,Monday,18,1,0,15,6,0,35.11042500,-114.61298611,12,1,0,1,0,0,1,1
40418,ARIZONA,AZ,1,0,3,12,0,BOUSE,6,8,August,2010,6,Friday,7,18,1,2,2,645,33.09836667,-114.29820278,1,1,0,1,0,0,1,0
40461,ARIZONA,AZ,2,0,5,15,0,ANNISTON,30,8,August,2010,2,Monday,10,45,0,6,9,0,35.86467500,-114.07331944,12,1,0,1,0,0,2,0
40485,ARIZONA,AZ,1,1,2,27,620,ASHLAND,25,9,September,2010,7,Saturday,19,21,0,13,3,8,32.71801111,-114.62456111,8,3,0,1,0,0,1,0
40487,ARIZONA,AZ,1,0,1,27,620,ASHLAND,28,9,September,2010,3,Tuesday,21,58,0,14,6,0,32.70395000,-114.59886944,33,3,0,1,0,0,1,0
40503,ARIZONA,AZ,1,1,1,15,59,ANNISTON,8,10,October,2010,6,Friday,19,48,0,13,3,2459,35.12213889,-114.58431111,8,3,0,1,0,0,1,0
40507,ARIZONA,AZ,2,0,4,15,0,ANNISTON,15,10,October,2010,6,Friday,8,34,0,15,9,0,35.25391944,-114.01502500,12,1,0,1,0,0,1,0
40511,ARIZONA,AZ,1,0,12,15,0,ANNISTON,17,10,October,2010,1,Sunday,8,5,0,4,9,0,35.79214444,-114.11483056,59,1,0,1,0,0,2,0
40572,ARIZONA,AZ,3,0,3,27,0,ASHLAND,5,10,October,2010,3,Tuesday,19,12,1,1,1,323,32.66781667,-114.11766111,12,2,0,1,0,0,1,0
40588,ARIZONA,AZ,2,1,2,15,260,ANNISTON,2,11,November,2010,3,Tuesday,19,44,1,11,1,497,35.20175556,-114.06522500,12,2,0,1,0,0,1,0
40589,ARIZONA,AZ,2,0,3,15,268,ANNISTON,3,11,November,2010,4,Wednesday,9,18,0,15,6,0,34.48703333,-114.32702500,12,1,0,1,0,0,1,0
40592,ARIZONA,AZ,1,0,1,15,0,ANNISTON,7,11,November,2010,1,Sunday,0,31,0,6,9,0,35.30148056,-114.31180000,1,2,0,1,0,0,1,1
40604,ARIZONA,AZ,1,1,1,27,620,ASHLAND,16,11,November,2010,3,Tuesday,6,0,0,13,6,0,32.71850833,-114.65047500,8,3,0,1,0,0,1,0
40612,ARIZONA,AZ,2,0,1,27,620,ASHLAND,26,11,November,2010,6,Friday,2,17,0,14,6,0,32.68407500,-114.59038611,1,3,0,1,0,0,1,1
40637,ARIZONA,AZ,1,1,2,15,260,ANNISTON,15,12,December,2010,4,Wednesday,17,56,0,15,6,0,35.21600556,-114.02473889,8,6,0,98,0,0,1,0
40644,ARIZONA,AZ,1,0,1,15,0,ANNISTON,24,12,December,2010,6,Friday,12,54,1,1,1,444,35.13685556,-114.10163611,52,1,0,1,0,0,1,0
40651,ARIZONA,AZ,2,0,2,15,0,ANNISTON,30,12,December,2010,5,Thursday,16,18,0,3,3,223,35.22169167,-114.20957500,12,1,0,1,0,0,1,0
60001,CALIFORNIA,CA,1,0,1,47,2150,BROWNS,1,1,January,2010,6,Friday,5,35,1,12,3,144,37.29501944,-120.47801111,24,2,0,1,0,0,1,1
60002,CALIFORNIA,CA,1,1,1,19,740,CEDAR BLUFF,1,1,January,2010,6,Friday,8,39,0,16,6,0,36.81669722,-119.66842222,8,1,0,10,0,0,1,0
60003,CALIFORNIA,CA,3,0,7,29,0,BORDEN SPRINGS,1,1,January,2010,6,Friday,10,9,1,2,3,205,35.61461944,-119.86848889,12,1,0,10,0,0,3,1
60004,CALIFORNIA,CA,2,0,2,107,0,CARROLLTON,1,1,January,2010,6,Friday,15,35,0,6,4,0,36.02688889,-118.92250000,1,1,0,10,0,0,1,0
60005,CALIFORNIA,CA,2,0,4,39,0,ANDALUSIA,2,1,January,2010,7,Saturday,15,33,0,3,4,0,36.92323889,-119.96328056,12,1,0,1,0,0,2,0
60006,CALIFORNIA,CA,3,0,6,37,1980,BRADFORD,3,1,January,2010,1,Sunday,14,5,0,16,6,0,33.77115000,-118.26438611,12,1,0,10,0,0,1,0
60007,CALIFORNIA,CA,1,0,1,67,0,ABBEVILLE,1,1,January,2010,6,Friday,1,30,0,4,4,0,38.29108889,-121.37108889,42,2,0,10,0,0,1,1
60008,CALIFORNIA,CA,1,0,2,9,0,BLOUNT,1,1,January,2010,6,Friday,0,53,0,4,4,0,38.12221111,-120.85388889,53,2,0,10,0,0,1,1
60009,CALIFORNIA,CA,1,0,1,93,0,BEAR CREEK,4,1,January,2010,2,Monday,6,45,0,2,3,27,42.00198333,-121.83975278,1,4,0,5,0,0,1,0
60010,CALIFORNIA,CA,1,1,1,37,1970,BRADFORD,5,1,January,2010,3,Tuesday,10,39,0,13,6,0,33.76179722,-118.18932222,9,1,0,1,0,0,1,0
60011,CALIFORNIA,CA,2,0,3,37,639,BRADFORD,5,1,January,2010,3,Tuesday,7,23,0,13,6,0,33.86851111,-118.04632500,33,1,0,1,0,0,1,0
60012,CALIFORNIA,CA,1,1,1,71,0,BRIDGEPORT,6,1,January,2010,4,Wednesday,14,40,0,6,4,0,34.49205000,-117.26723056,8,1,0,1,0,0,1,0
60013,CALIFORNIA,CA,1,0,3,53,0,ATMORE,1,1,January,2010,6,Friday,2,25,0,6,4,0,36.52625278,-121.67940000,35,2,0,1,0,0,1,1
60014,CALIFORNIA,CA,1,0,1,25,0,BARLOW BEND,2,1,January,2010,7,Saturday,99,99,0,6,4,0,33.00095000,-115.32051944,23,2,0,1,0,0,1,0
60015,CALIFORNIA,CA,4,0,7,59,3420,FRANKLIN,3,1,January,2010,1,Sunday,2,4,0,13,6,0,33.68551389,-117.85575000,12,3,0,1,0,0,1,1
60016,CALIFORNIA,CA,4,0,8,5,0,BAKER HILL,3,1,January,2010,1,Sunday,16,24,1,2,3,244,38.40416944,-120.64213056,12,1,0,1,0,0,1,1
60017,CALIFORNIA,CA,1,1,1,37,1980,BRADFORD,3,1,January,2010,1,Sunday,23,0,0,14,6,0,34.03245278,-118.30025556,8,3,0,1,0,0,1,0
60018,CALIFORNIA,CA,4,0,3,37,1716,BRADFORD,1,1,January,2010,6,Friday,3,18,0,14,6,0,34.08099444,-117.98269167,33,3,0,1,0,0,1,1
60019,CALIFORNIA,CA,1,1,1,37,1980,BRADFORD,5,1,January,2010,3,Tuesday,20,17,0,13,6,0,34.06016111,-118.28421944,8,3,0,1,0,0,1,0
60020,CALIFORNIA,CA,1,1,1,37,1980,BRADFORD,5,1,January,2010,3,Tuesday,22,50,0,13,6,0,33.79134444,-118.30768611,8,3,0,1,0,0,1,0
60021,CALIFORNIA,CA,1,1,1,75,3290,BEAVERTON,6,1,January,2010,4,Wednesday,18,14,0,13,6,0,37.73442500,-122.48384444,8,3,0,1,0,0,1,0
60022,CALIFORNIA,CA,3,0,1,73,3499,ARGO,7,1,January,2010,5,Thursday,2,9,0,12,3,21,32.83279444,-116.96208056,14,2,0,1,0,0,1,0
60023,CALIFORNIA,CA,1,0,1,47,0,BROWNS,8,1,January,2010,6,Friday,1,50,1,1,1,165,37.04293056,-120.95618889,1,2,0,1,0,0,1,1
60024,CALIFORNIA,CA,2,0,4,111,0,GRAHAM,1,1,January,2010,6,Friday,18,32,0,13,3,38,34.27226944,-119.13771944,12,2,0,1,0,0,1,1
60025,CALIFORNIA,CA,1,0,1,73,0,ARGO,4,1,January,2010,2,Monday,22,0,1,1,1,660,32.79593333,-117.20558056,33,2,0,10,0,0,1,0
60026,CALIFORNIA,CA,1,0,5,73,3260,ARGO,5,1,January,2010,3,Tuesday,19,52,1,11,1,61,32.77708889,-117.11106111,42,2,0,1,0,0,1,0
60027,CALIFORNIA,CA,1,0,1,95,0,ALBERTVILLE,7,1,January,2010,5,Thursday,6,50,0,6,4,0,38.46060000,-121.91558056,42,2,0,5,0,0,1,0
60028,CALIFORNIA,CA,2,0,3,85,3340,BENTON,2,1,January,2010,7,Saturday,22,8,0,12,3,7,37.26589167,-121.85893611,12,3,0,10,0,0,1,1
60029,CALIFORNIA,CA,1,0,1,97,0,AXIS,7,1,January,2010,5,Thursday,14,4,0,2,3,114,38.41378611,-122.79041389,42,1,0,10,0,0,1,0
60030,CALIFORNIA,CA,1,0,2,59,1410,FRANKLIN,9,1,January,2010,7,Saturday,1,52,0,13,6,0,33.77265556,-117.97436667,42,3,0,1,0,0,1,1
60031,CALIFORNIA,CA,1,0,1,37,1980,BRADFORD,10,1,January,2010,1,Sunday,22,35,0,14,6,0,34.04131667,-118.23108611,33,3,0,1,0,0,1,1
60032,CALIFORNIA,CA,2,0,3,65,0,CYPRESS,13,1,January,2010,4,Wednesday,12,0,0,2,3,102,33.64856389,-117.37458333,12,1,0,1,0,0,1,0
60033,CALIFORNIA,CA,2,0,2,37,1980,BRADFORD,8,1,January,2010,6,Friday,6,45,1,11,1,144,34.23418056,-118.28728889,14,1,0,1,0,0,1,0
60034,CALIFORNIA,CA,1,0,1,13,912,BOLLING,9,1,January,2010,7,Saturday,2,30,1,11,1,135,38.05276944,-122.22711944,1,3,0,10,0,0,1,1
60035,CALIFORNIA,CA,3,0,2,37,1980,BRADFORD,9,1,January,2010,7,Saturday,4,40,0,13,6,0,34.25757222,-118.52053056,12,3,0,1,0,0,2,1
60036,CALIFORNIA,CA,2,0,2,73,0,ARGO,9,1,January,2010,7,Saturday,15,12,0,3,4,0,32.83331111,-116.73261944,12,1,0,1,0,0,1,0
60037,CALIFORNIA,CA,1,1,1,39,0,ANDALUSIA,10,1,January,2010,1,Sunday,1,50,1,2,3,32,36.87563889,-119.97121944,8,2,0,5,0,0,1,0
60038,CALIFORNIA,CA,2,0,2,39,0,ANDALUSIA,7,1,January,2010,5,Thursday,6,5,1,2,3,224,37.18666111,-119.72823056,12,2,0,1,0,0,1,1
60039,CALIFORNIA,CA,2,0,2,67,0,ABBEVILLE,7,1,January,2010,5,Thursday,8,11,1,11,1,140,38.72455833,-121.29086389,14,1,0,10,0,0,2,0
60040,CALIFORNIA,CA,2,0,3,65,0,CYPRESS,7,1,January,2010,5,Thursday,9,45,0,4,4,0,33.75145000,-116.89920556,12,1,0,1,0,0,1,0
60041,CALIFORNIA,CA,2,0,3,89,0,BROWNSBORO,8,1,January,2010,6,Friday,13,45,1,2,3,53,40.56001111,-122.27006944,12,1,0,2,0,0,1,0
60042,CALIFORNIA,CA,1,0,2,29,0,BORDEN SPRINGS,13,1,January,2010,4,Wednesday,17,40,0,6,4,0,35.09278889,-118.88426944,35,2,0,1,0,0,1,1
60043,CALIFORNIA,CA,1,0,3,83,0,ARDMORE,1,1,January,2010,6,Friday,23,1,0,3,4,0,34.86521944,-120.45230000,59,2,0,1,0,0,1,1
60044,CALIFORNIA,CA,1,0,1,19,0,CEDAR BLUFF,11,1,January,2010,2,Monday,0,22,0,4,4,0,36.70651944,-119.60553889,30,2,0,1,0,0,1,1
60045,CALIFORNIA,CA,1,0,2,105,0,MARION,12,1,January,2010,3,Tuesday,20,10,0,2,3,170,40.35211944,-123.01811111,1,2,0,2,0,0,1,0
60046,CALIFORNIA,CA,1,0,4,33,0,CHEROKEE,13,1,January,2010,4,Wednesday,2,20,1,2,3,21,39.17371944,-123.01323889,42,2,0,2,0,0,1,0
60047,CALIFORNIA,CA,1,0,1,65,850,CYPRESS,15,1,January,2010,6,Friday,18,22,0,14,6,0,33.85015000,-117.55230278,33,3,0,1,0,0,1,0
60048,CALIFORNIA,CA,2,0,4,37,1980,BRADFORD,3,1,January,2010,1,Sunday,4,25,1,11,1,106,34.03418889,-118.35083056,12,3,0,1,0,0,1,0
60049,CALIFORNIA,CA,1,1,1,37,1400,BRADFORD,5,1,January,2010,3,Tuesday,22,34,0,13,6,0,33.90184722,-118.32093056,8,3,0,1,0,0,1,0
60050,CALIFORNIA,CA,2,0,2,37,2458,BRADFORD,10,1,January,2010,1,Sunday,13,30,1,11,1,73,33.90314722,-118.10543056,12,1,0,1,0,0,1,0
60051,CALIFORNIA,CA,3,0,5,65,2650,CYPRESS,15,1,January,2010,6,Friday,16,3,0,14,6,0,33.80861111,-116.48425000,12,1,0,1,0,0,1,0
60052,CALIFORNIA,CA,2,0,4,71,0,BRIDGEPORT,15,1,January,2010,6,Friday,20,15,1,2,2,611,35.20490556,-117.60090833,12,2,0,1,0,0,1,0
60053,CALIFORNIA,CA,2,0,3,83,0,ARDMORE,16,1,January,2010,7,Saturday,9,7,0,4,4,0,34.92316667,-120.37410833,12,1,0,10,0,0,1,0
60054,CALIFORNIA,CA,2,0,6,71,260,BRIDGEPORT,17,1,January,2010,1,Sunday,18,35,1,2,3,311,34.88191667,-117.08801389,12,2,0,2,0,0,1,0
60055,CALIFORNIA,CA,2,0,2,65,0,CYPRESS,18,1,January,2010,2,Monday,10,58,0,4,4,0,33.83160278,-116.98310833,24,1,2,2,0,0,1,0
60056,CALIFORNIA,CA,3,0,6,67,3150,ABBEVILLE,18,1,January,2010,2,Monday,11,6,0,13,6,0,38.55870278,-121.42890278,12,1,10,2,0,0,1,0
60057,CALIFORNIA,CA,2,0,5,65,0,CYPRESS,18,1,January,2010,2,Monday,14,35,1,2,3,337,33.83908889,-117.00373889,12,1,0,2,0,0,1,1
60058,CALIFORNIA,CA,1,1,1,37,1980,BRADFORD,18,1,January,2010,2,Monday,18,40,0,14,6,0,34.00383611,-118.26615833,8,3,0,10,0,0,1,0
60059,CALIFORNIA,CA,3,0,2,37,1980,BRADFORD,18,1,January,2010,2,Monday,22,20,0,14,6,0,34.08778056,-118.20739722,14,3,0,1,0,0,1,0
60060,CALIFORNIA,CA,3,0,5,65,0,CYPRESS,19,1,January,2010,3,Tuesday,10,25,1,2,3,85,33.46771389,-116.95783056,12,1,0,10,0,0,1,0
60061,CALIFORNIA,CA,1,1,1,37,0,BRADFORD,19,1,January,2010,3,Tuesday,13,55,0,3,4,0,33.83155278,-118.29529444,8,1,0,10,0,0,1,0
60062,CALIFORNIA,CA,1,1,1,37,1430,BRADFORD,1,1,January,2010,6,Friday,19,14,0,16,6,0,34.22041111,-118.24713056,8,3,0,1,0,0,1,0
60063,CALIFORNIA,CA,1,0,1,109,0,ANSLEY,1,1,January,2010,6,Friday,21,6,0,2,3,213,38.01125000,-120.41051111,11,2,0,10,0,0,1,0
60064,CALIFORNIA,CA,1,0,2,25,0,BARLOW BEND,2,1,January,2010,7,Saturday,18,11,0,13,4,0,32.91511944,-115.62138889,43,2,0,1,0,0,2,0
60065,CALIFORNIA,CA,2,0,3,37,1808,BRADFORD,13,1,January,2010,4,Wednesday,4,26,0,14,6,0,33.83875556,-118.06330278,12,3,0,2,0,0,1,0
60066,CALIFORNIA,CA,1,1,1,59,1410,FRANKLIN,13,1,January,2010,4,Wednesday,17,34,0,13,6,0,33.77450000,-117.90880278,8,3,0,1,0,0,1,0
60067,CALIFORNIA,CA,1,1,1,37,1840,BRADFORD,13,1,January,2010,4,Wednesday,17,45,0,14,6,0,34.70249444,-118.14819444,8,3,0,10,0,0,1,0
60068,CALIFORNIA,CA,3,0,4,65,2276,CYPRESS,13,1,January,2010,4,Wednesday,18,25,0,15,6,0,33.92455000,-117.24711944,33,3,0,1,0,0,1,0
60069,CALIFORNIA,CA,1,1,1,85,1420,BENTON,14,1,January,2010,5,Thursday,6,10,0,15,6,0,37.00321111,-121.56705833,31,4,0,1,0,0,1,0
60070,CALIFORNIA,CA,3,0,3,65,0,CYPRESS,16,1,January,2010,7,Saturday,16,45,0,4,4,0,34.00343056,-117.13260000,1,1,0,10,0,0,1,1
60071,CALIFORNIA,CA,1,2,1,83,3430,ARDMORE,16,1,January,2010,7,Saturday,19,38,0,13,6,0,34.43120556,-119.73362222,8,3,0,1,0,0,2,0
60072,CALIFORNIA,CA,2,0,6,115,2100,ASHVILLE,17,1,January,2010,1,Sunday,2,29,0,14,6,0,39.13911389,-121.60451111,12,3,0,2,0,0,1,0
60073,CALIFORNIA,CA,1,1,1,37,1980,BRADFORD,17,1,January,2010,1,Sunday,12,20,0,6,6,0,33.99193611,-118.46078333,9,1,0,10,0,0,1,0
60074,CALIFORNIA,CA,2,3,1,19,1370,CEDAR BLUFF,10,1,January,2010,1,Sunday,2,51,1,12,3,250,36.77694444,-119.84358889,12,3,5,5,0,14,1,0
60075,CALIFORNIA,CA,1,0,1,71,0,BRIDGEPORT,13,1,January,2010,4,Wednesday,10,25,1,1,1,543,34.72775000,-116.08761944,33,1,0,1,0,0,1,0
60076,CALIFORNIA,CA,1,1,4,37,2645,BRADFORD,14,1,January,2010,5,Thursday,17,33,1,13,3,438,34.57983333,-118.12762222,8,3,0,1,0,0,1,0
60077,CALIFORNIA,CA,2,0,2,37,2870,BRADFORD,14,1,January,2010,5,Thursday,21,14,1,11,1,466,34.07878889,-117.74123889,12,3,0,1,0,0,2,0
60078,CALIFORNIA,CA,1,1,1,37,1980,BRADFORD,15,1,January,2010,6,Friday,4,0,0,14,6,0,33.84609167,-118.29928056,8,3,0,1,0,0,1,0
60079,CALIFORNIA,CA,1,0,5,65,0,CYPRESS,17,1,January,2010,1,Sunday,5,38,1,1,1,290,33.91736111,-116.61971111,33,2,0,1,0,0,1,0
60080,CALIFORNIA,CA,1,0,2,17,0,CHAMBERS,17,1,January,2010,1,Sunday,14,40,0,3,4,0,38.76031111,-120.92760000,42,1,0,10,0,0,2,0
60081,CALIFORNIA,CA,1,0,2,65,0,CYPRESS,19,1,January,2010,3,Tuesday,1,20,1,12,3,29,34.01846944,-117.50995833,42,3,0,10,0,0,1,1
60082,CALIFORNIA,CA,1,0,1,71,0,BRIDGEPORT,19,1,January,2010,3,Tuesday,8,15,0,13,3,174,34.24786944,-117.20480000,1,1,0,10,0,0,1,0
60083,CALIFORNIA,CA,1,0,1,97,0,AXIS,19,1,January,2010,3,Tuesday,8,25,0,2,3,325,38.34941111,-122.49893889,30,1,0,2,0,0,1,0
60084,CALIFORNIA,CA,1,0,2,71,0,BRIDGEPORT,1,1,January,2010,6,Friday,16,10,0,2,3,742,34.44370000,-116.95653889,1,1,0,1,0,0,1,0
60085,CALIFORNIA,CA,1,0,1,19,1370,CEDAR BLUFF,15,1,January,2010,6,Friday,1,35,0,14,6,0,36.82474444,-119.87041111,33,3,0,5,0,0,1,1
60086,CALIFORNIA,CA,2,0,5,87,0,ARMSTRONG,1,1,January,2010,6,Friday,4,13,0,2,3,11,37.00485000,-122.02070000,12,2,0,1,0,0,1,0
60087,CALIFORNIA,CA,2,1,1,37,1015,BRADFORD,24,1,January,2010,1,Sunday,23,55,1,12,3,224,33.99881111,-117.85443889,14,3,0,1,0,0,1,0
60088,CALIFORNIA,CA,2,0,6,31,1540,COFFEE,25,1,January,2010,2,Monday,18,58,1,12,3,169,36.31833056,-119.67411111,12,2,0,10,0,0,1,0
60089,CALIFORNIA,CA,2,0,3,37,1980,BRADFORD,26,1,January,2010,3,Tuesday,10,55,0,14,6,0,34.24263611,-118.53387500,12,1,0,10,0,0,1,0
60090,CALIFORNIA,CA,2,0,3,107,0,CARROLLTON,20,1,January,2010,4,Wednesday,19,5,0,4,4,0,36.28056944,-119.11798889,12,2,0,2,0,0,1,1
60091,CALIFORNIA,CA,1,0,2,21,0,CHILTON,23,1,January,2010,7,Saturday,5,30,1,1,1,120,39.55501667,-122.21517500,24,2,0,10,0,0,1,0
60092,CALIFORNIA,CA,2,0,2,59,2560,FRANKLIN,24,1,January,2010,1,Sunday,9,12,0,16,6,0,33.79705278,-117.76515556,12,1,0,1,0,0,1,0
60093,CALIFORNIA,CA,1,1,2,19,1370,CEDAR BLUFF,24,1,January,2010,1,Sunday,19,9,0,14,6,0,36.75035278,-119.78124722,8,3,0,1,0,0,1,0
60094,CALIFORNIA,CA,1,1,2,71,4291,BRIDGEPORT,24,1,January,2010,1,Sunday,20,2,1,13,3,107,34.12001944,-116.44377222,8,3,0,1,0,0,1,0
60095,CALIFORNIA,CA,1,1,1,73,1080,ARGO,24,1,January,2010,1,Sunday,21,33,0,2,3,209,32.81828889,-117.00128889,8,2,0,1,0,0,1,0
60096,CALIFORNIA,CA,1,1,1,73,0,ARGO,5,1,January,2010,3,Tuesday,17,35,0,3,4,0,32.83693333,-116.89860556,8,2,0,1,0,0,1,0
60097,CALIFORNIA,CA,2,0,2,37,1871,BRADFORD,8,1,January,2010,6,Friday,3,0,1,11,1,170,33.87746111,-118.34538889,12,2,0,1,0,0,1,0
60098,CALIFORNIA,CA,1,1,5,59,1780,FRANKLIN,9,1,January,2010,7,Saturday,18,34,0,13,3,12,33.55441389,-117.77519722,8,3,0,1,0,0,1,0
60099,CALIFORNIA,CA,1,1,1,37,1980,BRADFORD,12,1,January,2010,3,Tuesday,5,50,0,15,6,0,34.19211111,-118.54476111,8,3,0,1,0,0,1,0
60100,CALIFORNIA,CA,2,0,3,65,0,CYPRESS,17,1,January,2010,1,Sunday,12,50,0,2,3,3,33.70535000,-116.72953333,1,1,0,1,0,0,1,0
60101,CALIFORNIA,CA,2,0,2,7,0,BIBB,19,1,January,2010,3,Tuesday,14,0,0,5,4,0,39.59375000,-121.26972778,12,1,0,2,0,0,1,0
60102,CALIFORNIA,CA,1,1,1,73,3260,ARGO,21,1,January,2010,5,Thursday,18,40,0,16,6,0,32.83081389,-117.16381944,8,2,0,10,0,0,1,0
60103,CALIFORNIA,CA,2,0,4,37,1980,BRADFORD,24,1,January,2010,1,Sunday,20,10,0,13,6,0,34.01087500,-118.30018611,12,3,0,1,0,0,1,1
60104,CALIFORNIA,CA,1,1,1,37,1980,BRADFORD,27,1,January,2010,4,Wednesday,8,20,0,14,6,0,34.06904167,-118.29651944,8,1,0,1,0,0,1,0