ST_CASE,State Name,State Abbreviation,VE_TOTAL,Pedestrains,Total_Persons_in_accident,COUNTY,CITY,City_County_Name,Calendar_DAY,MONTH,Month_Name,YEAR,DAY_WEEK,Day_Week_desc,HOUR,MINUTE,NHS_Desc,trafficway,ROUTE,MILEPT,LATITUDE,LONGITUD,First_Crash_event,Light_cond_desc,Weather_condition,WEATHER,SCH_BUS,Crash_cause,FATALS,DRUNK_DR
60105,CALIFORNIA,CA,1,1,2,1,0,AUTAUGA,27,1,January,2010,4,Wednesday,20,16,0,3,4,0,37.69933889,-122.03035000,8,2,0,10,0,0,1,0
60106,CALIFORNIA,CA,1,0,1,37,0,BRADFORD,28,1,January,2010,5,Thursday,2,48,0,6,4,0,34.02210833,-118.16531667,33,3,0,1,0,0,1,0
60107,CALIFORNIA,CA,2,1,3,59,1380,FRANKLIN,28,1,January,2010,5,Thursday,20,2,0,13,6,0,33.85912500,-117.97433889,8,3,0,1,0,0,1,0
60108,CALIFORNIA,CA,1,1,1,59,0,FRANKLIN,28,1,January,2010,5,Thursday,21,22,0,13,3,303,33.71598056,-118.06816944,8,3,0,1,0,0,1,0
60109,CALIFORNIA,CA,1,1,1,99,0,BEATRICE,29,1,January,2010,6,Friday,0,59,0,2,3,351,37.75300000,-120.90015000,8,2,0,1,0,0,1,1
60110,CALIFORNIA,CA,1,1,1,85,3790,BENTON,17,1,January,2010,1,Sunday,21,47,1,12,2,438,37.39071944,-121.99416944,8,2,0,10,0,0,1,0
60111,CALIFORNIA,CA,1,0,1,53,0,ATMORE,21,1,January,2010,5,Thursday,19,46,1,2,2,71,35.85673889,-120.80598889,18,2,0,2,0,0,1,0
60112,CALIFORNIA,CA,1,0,1,77,1,ANDERSON,21,1,January,2010,5,Thursday,22,18,1,12,3,13,37.74310000,-121.12768056,21,2,0,2,0,0,1,0
60113,CALIFORNIA,CA,2,0,3,65,0,CYPRESS,23,1,January,2010,7,Saturday,22,57,1,2,3,354,33.88933333,-117.07044167,12,2,0,1,0,0,2,1
60114,CALIFORNIA,CA,1,0,1,61,3080,BELLWOOD,24,1,January,2010,1,Sunday,0,10,1,11,1,43,38.72260000,-121.29300000,42,2,0,2,0,0,1,1
60115,CALIFORNIA,CA,2,0,2,73,0,ARGO,26,1,January,2010,3,Tuesday,14,30,0,12,3,83,32.89495000,-116.93261944,12,1,0,10,0,0,1,0
60116,CALIFORNIA,CA,2,0,2,37,1980,BRADFORD,29,1,January,2010,6,Friday,10,0,0,13,6,0,34.27469167,-118.46794167,12,1,0,1,0,0,1,0
60117,CALIFORNIA,CA,1,1,1,73,4060,ARGO,29,1,January,2010,6,Friday,19,8,0,15,6,0,33.17585000,-117.22725833,15,5,0,1,0,0,1,0
60118,CALIFORNIA,CA,4,0,8,37,1980,BRADFORD,31,1,January,2010,1,Sunday,16,17,1,12,3,1,34.15291944,-118.37591111,12,1,0,1,0,0,1,0
60119,CALIFORNIA,CA,2,0,2,37,3686,BRADFORD,31,1,January,2010,1,Sunday,21,23,0,14,6,0,34.06260556,-118.06206389,33,3,0,1,0,0,1,0
60120,CALIFORNIA,CA,1,1,1,85,2000,BENTON,1,2,February,2010,2,Monday,8,50,0,14,6,0,37.25037500,-121.96127500,59,1,0,10,0,0,1,0
60121,CALIFORNIA,CA,2,0,1,59,0,FRANKLIN,8,1,January,2010,6,Friday,22,13,0,6,4,0,33.77942778,-118.07993611,1,3,0,1,0,0,1,1
60122,CALIFORNIA,CA,2,0,5,107,0,CARROLLTON,12,1,January,2010,3,Tuesday,19,25,0,4,4,0,36.09469444,-119.23230833,12,3,0,1,0,0,3,1
60123,CALIFORNIA,CA,1,0,2,65,1160,CYPRESS,17,1,January,2010,1,Sunday,17,23,0,15,6,0,33.66784444,-117.29385278,33,3,0,2,0,0,1,1
60124,CALIFORNIA,CA,1,0,1,19,0,CEDAR BLUFF,26,1,January,2010,3,Tuesday,16,45,0,6,4,0,36.59508056,-119.63757222,11,5,0,10,0,0,1,0
60125,CALIFORNIA,CA,1,1,1,59,3558,FRANKLIN,29,1,January,2010,6,Friday,5,49,0,13,3,332,33.74495556,-118.10379722,8,3,0,1,0,0,1,0
60126,CALIFORNIA,CA,1,1,1,61,0,BELLWOOD,31,1,January,2010,1,Sunday,12,13,0,2,3,21,39.12115556,-120.95415278,9,1,0,1,0,0,1,0
60127,CALIFORNIA,CA,2,0,2,37,1840,BRADFORD,31,1,January,2010,1,Sunday,13,30,1,2,3,688,34.70402778,-118.16931389,12,1,0,1,0,0,1,0
60128,CALIFORNIA,CA,1,1,1,37,1980,BRADFORD,2,2,February,2010,3,Tuesday,19,10,0,16,6,0,34.09350000,-118.28083611,8,3,0,1,0,0,1,0
60129,CALIFORNIA,CA,1,1,1,29,3840,BORDEN SPRINGS,29,1,January,2010,6,Friday,18,49,0,14,6,0,35.12905000,-118.44978611,8,3,0,1,0,0,1,1
60130,CALIFORNIA,CA,1,1,1,71,680,BRIDGEPORT,27,1,January,2010,4,Wednesday,14,30,0,14,6,0,33.96749444,-117.66323056,9,1,0,1,0,0,1,0
60131,CALIFORNIA,CA,1,1,1,37,1045,BRADFORD,2,2,February,2010,3,Tuesday,5,17,1,11,1,71,33.94489167,-118.09938056,8,2,0,10,0,0,1,0
60132,CALIFORNIA,CA,3,0,2,37,1980,BRADFORD,4,2,February,2010,5,Thursday,10,0,0,13,6,0,34.19925556,-118.48368611,12,1,0,1,0,0,1,0
60133,CALIFORNIA,CA,2,0,5,113,0,COTTONTON,4,2,February,2010,5,Thursday,12,20,0,5,4,0,38.64295278,-121.97158889,12,1,0,10,0,0,2,0
60134,CALIFORNIA,CA,1,1,3,99,0,BEATRICE,4,2,February,2010,5,Thursday,18,10,0,3,4,0,37.58009167,-121.00908333,9,2,0,2,0,0,1,0
60135,CALIFORNIA,CA,1,0,1,77,0,ANDERSON,1,2,February,2010,2,Monday,21,20,0,6,4,0,37.85883056,-121.37715000,42,2,0,10,0,0,1,0
60136,CALIFORNIA,CA,1,0,1,101,0,BOYLSTON,2,2,February,2010,3,Tuesday,2,0,0,4,4,0,38.99226944,-121.49043889,1,2,0,1,0,0,1,0
60137,CALIFORNIA,CA,1,0,1,37,1970,BRADFORD,2,2,February,2010,3,Tuesday,7,30,1,12,3,114,33.87390833,-118.19557500,23,1,0,10,0,0,1,0
60138,CALIFORNIA,CA,2,0,2,67,3150,ABBEVILLE,4,2,February,2010,5,Thursday,9,31,0,13,6,0,38.54783056,-121.38729444,12,1,0,10,0,0,1,0
60139,CALIFORNIA,CA,2,1,3,37,1970,BRADFORD,4,2,February,2010,5,Thursday,21,33,0,13,6,0,33.77504444,-118.11358333,8,2,0,10,0,0,1,0
60140,CALIFORNIA,CA,4,1,3,19,1370,CEDAR BLUFF,4,2,February,2010,5,Thursday,21,48,0,14,6,0,36.79217222,-119.79060833,8,3,0,2,0,0,1,1
60141,CALIFORNIA,CA,1,0,1,81,463,AUBURN,5,2,February,2010,6,Friday,3,32,1,12,2,248,37.68991944,-122.39123889,42,2,0,10,0,0,1,1
60142,CALIFORNIA,CA,1,0,4,71,1603,BRIDGEPORT,17,1,January,2010,1,Sunday,2,23,0,14,6,0,34.40391667,-117.28548056,59,2,0,1,0,0,2,1
60143,CALIFORNIA,CA,1,1,1,37,1980,BRADFORD,18,1,January,2010,2,Monday,5,35,0,13,3,369,34.02731389,-118.51791111,8,3,0,10,0,0,1,0
60144,CALIFORNIA,CA,2,0,4,73,0,ARGO,22,1,January,2010,6,Friday,16,20,1,2,3,164,32.72826667,-116.92856389,12,1,0,10,0,0,1,0
60145,CALIFORNIA,CA,1,1,1,37,1550,BRADFORD,22,1,January,2010,6,Friday,20,4,0,13,6,0,33.92616667,-118.32661667,8,3,0,2,0,0,1,0
60146,CALIFORNIA,CA,2,0,2,19,0,CEDAR BLUFF,26,1,January,2010,3,Tuesday,9,20,0,3,4,0,36.81556667,-119.81739167,12,1,0,10,0,0,1,0
60147,CALIFORNIA,CA,1,1,1,97,3490,AXIS,27,1,January,2010,4,Wednesday,18,19,0,14,6,0,38.44562778,-122.73418333,8,3,0,10,0,0,1,0
60148,CALIFORNIA,CA,1,0,1,13,0,BOLLING,31,1,January,2010,1,Sunday,14,0,0,6,4,0,37.89072222,-121.79014167,38,1,0,1,0,0,1,1
60149,CALIFORNIA,CA,2,0,4,59,4130,FRANKLIN,5,2,February,2010,6,Friday,18,14,0,16,6,0,33.72301667,-117.97196389,12,3,2,2,0,0,1,0
60150,CALIFORNIA,CA,1,2,1,65,1801,CYPRESS,5,2,February,2010,6,Friday,19,54,0,14,6,0,33.65411111,-117.29716111,8,3,2,2,0,0,1,0
60151,CALIFORNIA,CA,2,0,3,37,0,BRADFORD,5,2,February,2010,6,Friday,21,40,1,11,1,480,34.34126667,-118.52424167,12,2,2,2,0,0,1,0
60152,CALIFORNIA,CA,2,0,2,29,0,BORDEN SPRINGS,2,2,February,2010,3,Tuesday,7,12,0,2,3,335,35.71758056,-119.33038611,12,1,0,5,0,0,1,0
60153,CALIFORNIA,CA,1,1,1,23,1220,BLADON SPRINGS,5,2,February,2010,6,Friday,5,22,1,13,2,801,40.83500000,-124.08180000,8,2,0,10,0,0,1,0
60154,CALIFORNIA,CA,2,0,3,9,0,BLOUNT,5,2,February,2010,6,Friday,15,27,0,2,3,19,37.94193056,-120.73575556,12,1,0,10,0,0,1,0
60155,CALIFORNIA,CA,1,1,1,73,3260,ARGO,7,2,February,2010,1,Sunday,0,27,0,16,6,0,32.72567222,-117.22829444,9,3,0,10,0,0,1,0
60156,CALIFORNIA,CA,2,1,5,73,2340,ARGO,7,2,February,2010,1,Sunday,0,30,1,11,1,95,32.66611389,-117.07988333,8,3,0,10,0,0,1,1
60157,CALIFORNIA,CA,2,0,2,59,1660,FRANKLIN,7,2,February,2010,1,Sunday,1,52,0,14,6,0,33.72248333,-118.02189722,12,3,0,10,0,0,1,1
60158,CALIFORNIA,CA,2,0,3,29,240,BORDEN SPRINGS,2,2,February,2010,3,Tuesday,19,52,0,14,6,0,35.29603889,-119.07448056,12,3,0,10,0,0,1,1
60159,CALIFORNIA,CA,1,1,1,85,2660,BENTON,3,2,February,2010,4,Wednesday,21,30,0,16,6,0,37.43250833,-122.16853333,9,3,0,10,0,0,1,0
60160,CALIFORNIA,CA,1,1,1,37,1980,BRADFORD,6,2,February,2010,7,Saturday,20,27,0,14,6,0,34.74732500,-118.20538056,8,3,0,10,0,0,1,0
60161,CALIFORNIA,CA,1,1,2,95,4020,ALBERTVILLE,6,2,February,2010,7,Saturday,22,0,1,2,3,81,38.12260556,-122.27454167,8,3,0,1,0,0,1,0
60162,CALIFORNIA,CA,1,0,1,67,0,ABBEVILLE,6,2,February,2010,7,Saturday,22,10,0,4,4,0,38.32119167,-121.22389722,35,2,0,10,0,0,1,1
60163,CALIFORNIA,CA,1,0,1,71,3210,BRIDGEPORT,7,2,February,2010,1,Sunday,2,2,0,13,6,0,34.13590833,-117.33430556,33,2,0,1,0,0,1,1
60164,CALIFORNIA,CA,2,0,6,111,0,GRAHAM,7,2,February,2010,1,Sunday,9,56,0,5,4,0,34.33323056,-119.11098056,12,1,0,1,0,0,2,0
60165,CALIFORNIA,CA,1,1,3,37,4069,BRADFORD,7,2,February,2010,1,Sunday,15,45,0,13,6,0,34.04038333,-117.85810278,15,1,0,1,0,0,1,0
60166,CALIFORNIA,CA,1,1,1,1,0,AUTAUGA,7,2,February,2010,1,Sunday,17,40,0,2,4,0,37.66506944,-122.11891111,8,5,0,1,0,0,1,0
60167,CALIFORNIA,CA,1,0,2,29,0,BORDEN SPRINGS,7,2,February,2010,1,Sunday,20,0,0,6,4,0,35.57688056,-118.55640000,1,2,0,1,0,0,1,1
60168,CALIFORNIA,CA,1,1,1,61,0,BELLWOOD,13,1,January,2010,4,Wednesday,17,40,0,2,3,58,38.93478056,-121.09306944,8,3,0,1,0,0,1,0
60169,CALIFORNIA,CA,2,0,2,57,0,BANKSTON,23,1,January,2010,7,Saturday,8,20,0,3,4,0,39.21456944,-121.01913889,12,1,0,4,0,0,1,0
60170,CALIFORNIA,CA,2,0,1,37,1980,BRADFORD,23,1,January,2010,7,Saturday,14,30,0,15,6,0,34.18322500,-118.62337222,14,1,0,10,0,0,1,0
60171,CALIFORNIA,CA,1,1,1,65,2650,CYPRESS,23,1,January,2010,7,Saturday,20,3,0,16,6,0,33.85215000,-116.52484722,8,2,0,1,0,0,1,0
60172,CALIFORNIA,CA,1,0,5,107,3920,CARROLLTON,24,1,January,2010,1,Sunday,5,1,0,14,6,0,36.18601667,-119.31373611,59,3,0,1,0,0,1,1
60173,CALIFORNIA,CA,1,0,1,61,3110,BELLWOOD,24,1,January,2010,1,Sunday,4,31,0,13,6,0,38.78172222,-121.28743056,17,3,0,10,0,0,1,0
60174,CALIFORNIA,CA,1,0,2,99,0,BEATRICE,24,1,January,2010,1,Sunday,6,17,0,2,4,0,37.60656111,-121.02753056,42,2,0,1,0,0,1,1
60175,CALIFORNIA,CA,1,0,1,73,0,ARGO,24,1,January,2010,1,Sunday,10,28,0,2,3,338,33.29618056,-116.97081111,38,1,0,1,0,0,1,0
60176,CALIFORNIA,CA,1,0,1,37,1970,BRADFORD,27,1,January,2010,4,Wednesday,0,1,0,13,6,0,33.80482500,-118.22061667,38,3,0,1,0,0,1,1
60177,CALIFORNIA,CA,1,0,1,75,3290,BEAVERTON,31,1,January,2010,1,Sunday,4,15,1,11,1,45,37.77335556,-122.40653889,20,3,0,1,0,0,1,1
60178,CALIFORNIA,CA,2,0,2,73,0,ARGO,30,1,January,2010,7,Saturday,12,28,0,2,3,573,33.07803056,-116.61083056,12,1,0,1,0,0,1,0
60179,CALIFORNIA,CA,1,1,1,65,250,CYPRESS,30,1,January,2010,7,Saturday,12,30,0,14,6,0,33.92579444,-116.90343056,8,1,0,1,0,0,1,0
60180,CALIFORNIA,CA,1,0,4,85,2000,BENTON,31,1,January,2010,1,Sunday,2,3,0,14,6,0,37.23003889,-121.96571944,33,3,0,1,0,0,1,0
60181,CALIFORNIA,CA,2,0,4,37,1980,BRADFORD,31,1,January,2010,1,Sunday,12,5,0,14,6,0,34.05068056,-118.20535556,1,1,0,1,0,0,1,0
60182,CALIFORNIA,CA,2,0,2,77,3770,ANDERSON,7,2,February,2010,1,Sunday,21,6,1,13,6,0,37.94731111,-121.24872222,12,2,0,1,0,0,1,2
60183,CALIFORNIA,CA,1,1,2,89,2950,BROWNSBORO,8,2,February,2010,2,Monday,4,12,1,11,1,150,40.57895556,-122.36035833,8,2,0,1,0,0,1,0
60184,CALIFORNIA,CA,1,1,1,37,1970,BRADFORD,8,2,February,2010,2,Monday,6,38,0,14,6,0,33.82429444,-118.21564722,8,4,0,1,0,0,1,0
60185,CALIFORNIA,CA,1,0,1,65,850,CYPRESS,8,2,February,2010,2,Monday,99,99,0,2,3,417,33.88331944,-117.54731944,42,2,0,1,0,0,1,1
60186,CALIFORNIA,CA,3,0,3,37,305,BRADFORD,9,2,February,2010,3,Tuesday,0,26,0,13,6,0,33.88913889,-118.12639444,12,3,0,1,0,0,1,1
60187,CALIFORNIA,CA,1,1,3,75,3290,BEAVERTON,9,2,February,2010,3,Tuesday,13,38,0,13,6,0,37.72424722,-122.45812500,8,1,0,1,0,0,1,0
60188,CALIFORNIA,CA,2,0,5,97,0,AXIS,6,2,February,2010,7,Saturday,22,55,0,2,3,304,38.37430000,-122.51378056,12,2,5,2,0,0,1,1
60189,CALIFORNIA,CA,2,0,5,19,0,CEDAR BLUFF,8,2,February,2010,2,Monday,18,20,0,4,4,0,36.67008889,-119.53423333,12,2,0,10,0,0,1,0
60190,CALIFORNIA,CA,1,0,1,99,2200,BEATRICE,8,2,February,2010,2,Monday,21,29,0,13,6,157,37.63656111,-121.00300000,43,3,0,2,0,0,1,1
60191,CALIFORNIA,CA,1,1,1,99,2200,BEATRICE,12,2,February,2010,6,Friday,17,40,0,13,3,276,37.63818889,-120.76714444,9,1,0,10,0,0,1,0
60192,CALIFORNIA,CA,1,1,1,37,1970,BRADFORD,12,2,February,2010,6,Friday,19,22,0,12,3,65,33.78988333,-118.19418611,8,3,0,1,0,0,1,0
60193,CALIFORNIA,CA,1,0,1,65,0,CYPRESS,14,2,February,2010,1,Sunday,14,0,1,1,1,263,33.92108889,-116.70982222,33,1,0,10,0,0,1,1
60194,CALIFORNIA,CA,1,1,2,45,0,ARITON,9,2,February,2010,3,Tuesday,21,10,0,2,3,307,39.81770000,-123.24831944,9,2,0,1,0,0,1,0
60195,CALIFORNIA,CA,1,0,1,103,0,DANVILLE,9,2,February,2010,3,Tuesday,22,5,0,6,4,0,40.16580000,-122.30246944,42,2,0,1,0,0,1,1
60196,CALIFORNIA,CA,2,0,2,17,0,CHAMBERS,13,2,February,2010,7,Saturday,16,10,0,2,3,106,38.89223056,-120.86683889,12,1,0,10,0,0,1,1
60197,CALIFORNIA,CA,2,0,3,59,880,FRANKLIN,14,2,February,2010,1,Sunday,2,28,0,14,6,0,33.69413889,-117.87700278,12,3,0,1,0,0,1,2
60198,CALIFORNIA,CA,2,0,5,85,3340,BENTON,30,1,January,2010,7,Saturday,22,20,0,14,6,0,37.25836667,-121.87891111,12,3,0,1,0,0,1,2
60199,CALIFORNIA,CA,3,0,4,67,0,ABBEVILLE,10,2,February,2010,4,Wednesday,13,45,0,2,3,76,38.11348889,-121.69720000,12,1,0,1,0,0,1,1
60200,CALIFORNIA,CA,2,0,2,47,0,BROWNS,11,2,February,2010,5,Thursday,1,15,1,2,3,356,37.44853056,-120.79680000,12,2,0,1,0,0,1,1
60201,CALIFORNIA,CA,1,0,1,13,110,BOLLING,11,2,February,2010,5,Thursday,13,12,1,12,3,273,37.99806944,-121.81595278,41,1,0,10,0,0,1,0
60202,CALIFORNIA,CA,1,2,1,25,0,BARLOW BEND,12,2,February,2010,6,Friday,12,30,0,6,4,0,32.80383056,-115.31483056,8,1,0,1,0,0,1,0
60203,CALIFORNIA,CA,1,0,4,77,0,ANDERSON,12,2,February,2010,6,Friday,14,25,0,2,4,0,37.73976944,-121.40112500,34,1,0,10,0,0,1,0
60204,CALIFORNIA,CA,2,0,3,37,1980,BRADFORD,12,2,February,2010,6,Friday,21,25,0,16,6,0,34.26070000,-118.54797778,33,3,0,1,0,0,1,0
60205,CALIFORNIA,CA,1,1,1,101,4280,BOYLSTON,14,2,February,2010,1,Sunday,16,21,0,14,6,0,39.13726667,-121.64388611,9,1,0,1,0,0,1,0
60206,CALIFORNIA,CA,1,1,1,73,3260,ARGO,14,2,February,2010,1,Sunday,19,11,0,14,6,0,32.71162222,-117.12474444,8,3,0,1,0,0,1,0
60207,CALIFORNIA,CA,2,0,3,9,0,BLOUNT,14,2,February,2010,1,Sunday,20,5,0,2,3,79,37.98034167,-120.64602778,12,2,0,1,0,0,1,0
60208,CALIFORNIA,CA,1,1,1,37,810,BRADFORD,15,2,February,2010,2,Monday,8,4,0,13,6,0,33.89584444,-118.24196944,9,1,0,1,0,0,1,0
60209,CALIFORNIA,CA,2,0,4,65,1580,CYPRESS,12,2,February,2010,6,Friday,17,32,0,14,6,0,33.72932222,-117.01533611,12,3,0,1,0,0,1,0
60210,CALIFORNIA,CA,1,0,1,31,0,COFFEE,15,2,February,2010,2,Monday,18,37,0,6,4,0,36.36611389,-119.80704444,38,2,0,1,0,0,1,0
60211,CALIFORNIA,CA,1,1,4,77,0,ANDERSON,15,2,February,2010,2,Monday,18,42,1,2,3,15,37.99848056,-121.22895000,9,2,0,1,0,0,1,0
60212,CALIFORNIA,CA,2,0,5,13,820,BOLLING,15,2,February,2010,2,Monday,19,53,0,13,6,0,37.97251944,-122.01797222,12,3,0,1,0,0,1,1
60213,CALIFORNIA,CA,1,0,2,65,0,CYPRESS,16,2,February,2010,3,Tuesday,11,10,1,1,1,988,33.69066111,-115.50628056,24,1,0,1,0,0,1,0
60214,CALIFORNIA,CA,1,0,2,25,0,BARLOW BEND,2,2,February,2010,3,Tuesday,23,5,0,6,4,0,33.28508056,-115.96928889,43,2,0,1,0,0,1,1
60215,CALIFORNIA,CA,1,0,4,65,0,CYPRESS,3,2,February,2010,4,Wednesday,15,50,1,1,1,1312,33.60590000,-114.96703889,1,1,0,1,0,0,1,0
60216,CALIFORNIA,CA,1,1,2,85,1420,BENTON,3,2,February,2010,4,Wednesday,20,11,1,12,2,60,37.00111111,-121.55621111,8,2,0,1,0,0,1,0
60217,CALIFORNIA,CA,2,0,3,17,0,CHAMBERS,10,2,February,2010,4,Wednesday,19,0,0,2,3,43,38.60758056,-120.85316111,12,2,0,10,0,0,1,1
60218,CALIFORNIA,CA,2,0,3,1,2480,AUTAUGA,10,2,February,2010,4,Wednesday,23,40,1,11,1,329,37.48072222,-122.17531667,12,3,0,1,0,0,1,1
60219,CALIFORNIA,CA,1,0,2,65,0,CYPRESS,27,1,January,2010,4,Wednesday,3,0,1,2,3,381,33.77047778,-116.95890556,35,2,0,2,0,0,1,1
60220,CALIFORNIA,CA,1,0,3,85,3340,BENTON,30,1,January,2010,7,Saturday,1,50,1,11,1,39,37.31221944,-121.91405000,35,2,0,1,0,0,1,1
60221,CALIFORNIA,CA,1,0,1,77,3880,ANDERSON,30,1,January,2010,7,Saturday,16,21,0,13,6,0,37.74139167,-121.43546667,33,1,0,10,0,0,1,0
60222,CALIFORNIA,CA,1,0,1,53,0,ATMORE,30,1,January,2010,7,Saturday,22,1,1,2,2,503,36.29146944,-121.20178056,42,2,0,1,0,0,1,1
60223,CALIFORNIA,CA,1,1,1,73,0,ARGO,16,2,February,2010,3,Tuesday,8,55,0,3,4,0,32.84510000,-116.91633056,8,1,0,1,0,0,1,0
60224,CALIFORNIA,CA,1,1,1,95,0,ALBERTVILLE,16,2,February,2010,3,Tuesday,20,59,1,1,1,83,38.17178889,-122.19713056,8,3,0,1,0,0,1,0
60225,CALIFORNIA,CA,1,1,1,37,1980,BRADFORD,17,2,February,2010,4,Wednesday,14,15,0,14,6,0,34.05451944,-118.29475833,15,1,0,1,0,0,1,0
60226,CALIFORNIA,CA,2,0,2,29,0,BORDEN SPRINGS,18,2,February,2010,5,Thursday,8,7,1,1,1,196,35.26710278,-119.22183611,12,1,0,5,0,0,1,0
60227,CALIFORNIA,CA,2,1,3,67,0,ABBEVILLE,18,2,February,2010,5,Thursday,18,17,0,2,4,0,38.48479722,-121.42378611,9,3,0,10,0,0,1,0
60228,CALIFORNIA,CA,1,1,1,73,3260,ARGO,8,2,February,2010,2,Monday,12,50,0,16,6,0,32.73583333,-117.07965000,9,1,0,10,0,0,1,0
60229,CALIFORNIA,CA,2,0,4,111,0,GRAHAM,15,2,February,2010,2,Monday,17,50,0,4,4,0,34.37155833,-118.94199444,12,5,0,1,0,0,1,1
60230,CALIFORNIA,CA,1,0,1,97,0,AXIS,17,2,February,2010,4,Wednesday,1,27,0,3,4,0,38.32041111,-122.50204722,39,3,0,1,0,0,1,1
60231,CALIFORNIA,CA,1,0,2,59,1782,FRANKLIN,17,2,February,2010,4,Wednesday,8,13,0,16,6,0,33.62818056,-117.73515833,33,1,0,1,0,0,1,0
60232,CALIFORNIA,CA,2,0,3,71,0,BRIDGEPORT,19,2,February,2010,6,Friday,14,20,1,12,2,555,34.85424167,-114.62671389,12,1,0,1,0,0,2,0
60233,CALIFORNIA,CA,1,1,1,71,3210,BRIDGEPORT,19,2,February,2010,6,Friday,18,54,0,14,6,0,34.16465000,-117.29273611,9,5,0,1,0,0,1,0
60234,CALIFORNIA,CA,6,0,2,37,1980,BRADFORD,14,2,February,2010,1,Sunday,4,31,0,16,6,0,34.01721944,-118.25477500,14,3,0,1,0,0,2,1
60235,CALIFORNIA,CA,2,0,9,19,0,CEDAR BLUFF,14,2,February,2010,1,Sunday,6,47,0,6,4,0,36.64160833,-119.70897222,12,1,0,5,0,0,1,0
60236,CALIFORNIA,CA,2,0,4,101,0,BOYLSTON,14,2,February,2010,1,Sunday,13,19,0,2,3,415,39.28253056,-121.66139722,12,1,0,1,0,0,1,0
60237,CALIFORNIA,CA,2,0,4,65,0,CYPRESS,14,2,February,2010,1,Sunday,13,30,0,2,3,811,33.58466389,-116.44503611,12,1,0,1,0,0,2,0
60238,CALIFORNIA,CA,1,1,2,7,660,BIBB,18,2,February,2010,5,Thursday,19,53,0,13,6,0,39.73783333,-121.83579167,8,3,0,1,0,0,1,0
60239,CALIFORNIA,CA,4,1,1,73,3260,ARGO,19,2,February,2010,6,Friday,2,16,0,14,6,0,32.71144722,-117.09568056,8,3,0,10,0,0,1,0
60240,CALIFORNIA,CA,1,1,1,65,0,CYPRESS,25,2,February,2010,5,Thursday,20,20,0,4,4,0,33.83718889,-117.28613056,8,2,0,1,0,0,1,0
60241,CALIFORNIA,CA,2,1,2,73,0,ARGO,26,2,February,2010,6,Friday,5,43,0,4,4,0,33.36931667,-117.22180278,8,2,0,1,1,0,1,0
60242,CALIFORNIA,CA,2,1,6,37,1980,BRADFORD,26,2,February,2010,6,Friday,7,20,0,13,6,0,34.05718056,-118.48563333,8,1,0,1,0,0,1,0
60243,CALIFORNIA,CA,2,0,2,71,790,BRIDGEPORT,20,5,May,2010,5,Thursday,7,3,0,13,6,0,34.04508611,-117.28536111,12,1,0,1,0,0,1,0
60244,CALIFORNIA,CA,2,0,3,59,1713,FRANKLIN,22,2,February,2010,2,Monday,10,35,1,11,1,263,33.70690278,-117.77981111,39,1,0,1,0,0,1,1
60245,CALIFORNIA,CA,1,0,1,25,0,BARLOW BEND,23,2,February,2010,3,Tuesday,16,35,0,4,4,0,33.07481389,-115.61454722,43,1,0,1,0,0,1,0
60246,CALIFORNIA,CA,3,2,2,37,1980,BRADFORD,24,2,February,2010,4,Wednesday,21,5,1,12,2,168,34.15926944,-118.46377500,8,3,10,2,0,0,1,0
60247,CALIFORNIA,CA,1,1,1,65,0,CYPRESS,25,2,February,2010,5,Thursday,19,30,0,4,4,0,33.83711944,-117.29561389,8,2,0,1,0,0,1,0
60248,CALIFORNIA,CA,2,0,2,37,1980,BRADFORD,18,2,February,2010,5,Thursday,22,18,0,14,6,0,34.07570278,-118.18010556,12,3,0,1,0,0,1,1
60249,CALIFORNIA,CA,1,1,5,75,3290,BEAVERTON,27,2,February,2010,7,Saturday,2,30,1,11,1,47,37.77813056,-122.40192778,8,2,0,10,0,0,1,1