ST_CASE,State Name,State Abbreviation,VE_TOTAL,Pedestrains,Total_Persons_in_accident,COUNTY,CITY,City_County_Name,Calendar_DAY,MONTH,Month_Name,YEAR,DAY_WEEK,Day_Week_desc,HOUR,MINUTE,NHS_Desc,trafficway,ROUTE,MILEPT,LATITUDE,LONGITUD,First_Crash_event,Light_cond_desc,Weather_condition,WEATHER,SCH_BUS,Crash_cause,FATALS,DRUNK_DR
60250,CALIFORNIA,CA,2,0,7,29,0,BORDEN SPRINGS,27,2,February,2010,7,Saturday,19,35,1,2,3,40,35.69661944,-120.13588056,12,2,0,10,0,0,1,0
60251,CALIFORNIA,CA,1,1,1,13,3010,BOLLING,27,2,February,2010,7,Saturday,19,50,1,12,6,0,37.98991111,-122.32865833,8,3,0,1,0,0,1,0
60252,CALIFORNIA,CA,2,1,2,29,0,BORDEN SPRINGS,28,2,February,2010,1,Sunday,1,55,0,3,4,0,35.37095000,-118.96693056,8,2,0,10,0,0,1,0
60253,CALIFORNIA,CA,1,0,1,13,2090,BOLLING,3,1,January,2010,1,Sunday,19,5,0,15,6,0,37.97853333,-122.09861667,33,2,0,1,0,0,1,1
60254,CALIFORNIA,CA,1,1,1,47,2150,BROWNS,8,1,January,2010,6,Friday,7,45,1,12,3,384,37.29489722,-120.41903889,8,1,0,5,0,0,1,0
60255,CALIFORNIA,CA,1,1,1,37,1970,BRADFORD,17,1,January,2010,1,Sunday,18,13,0,13,6,0,33.85511944,-118.19692500,8,3,0,2,0,0,1,0
60256,CALIFORNIA,CA,2,0,2,29,0,BORDEN SPRINGS,1,3,March,2010,2,Monday,7,44,1,1,1,29,34.85438056,-118.87351944,12,1,0,1,0,0,1,0
60257,CALIFORNIA,CA,2,1,1,73,3260,ARGO,2,3,March,2010,3,Tuesday,11,35,1,12,3,6,32.70138056,-117.12055000,14,1,0,1,0,0,1,0
60258,CALIFORNIA,CA,2,0,2,37,1980,BRADFORD,4,3,March,2010,5,Thursday,0,5,0,14,6,0,34.04629444,-118.24859722,12,3,0,2,0,0,1,1
60259,CALIFORNIA,CA,1,1,0,37,1980,BRADFORD,4,3,March,2010,5,Thursday,16,30,0,16,6,0,33.76561944,-118.29698333,8,1,0,1,0,0,1,0
60260,CALIFORNIA,CA,2,1,2,37,804,BRADFORD,4,3,March,2010,5,Thursday,19,54,1,11,1,102,33.98026111,-118.12936111,8,2,0,1,0,0,1,0
60261,CALIFORNIA,CA,1,1,2,77,2070,ANDERSON,8,3,March,2010,2,Monday,23,36,1,12,3,64,37.79338056,-121.19033889,8,2,0,1,0,0,1,0
60262,CALIFORNIA,CA,1,1,1,19,0,CEDAR BLUFF,9,3,March,2010,3,Tuesday,5,15,0,4,4,0,36.63434167,-119.76979444,8,2,0,1,0,0,1,0
60263,CALIFORNIA,CA,1,2,1,37,1110,BRADFORD,9,3,March,2010,3,Tuesday,17,2,0,14,6,0,34.07439722,-118.00608611,8,1,0,1,0,0,2,0
60264,CALIFORNIA,CA,1,1,1,67,3150,ABBEVILLE,9,3,March,2010,3,Tuesday,19,28,0,13,6,0,38.64476667,-121.45690000,15,3,0,1,0,0,1,0
60265,CALIFORNIA,CA,1,1,1,19,1370,CEDAR BLUFF,9,3,March,2010,3,Tuesday,20,15,1,12,3,247,36.80133056,-119.87703889,8,3,0,1,0,0,1,0
60266,CALIFORNIA,CA,1,1,1,7,2680,BIBB,4,2,February,2010,5,Thursday,18,59,0,13,6,0,39.74975000,-121.63266944,8,2,0,2,0,0,1,0
60267,CALIFORNIA,CA,2,0,5,37,2645,BRADFORD,4,2,February,2010,5,Thursday,21,20,0,13,6,0,34.63353056,-118.04084167,12,2,0,1,0,0,1,1
60268,CALIFORNIA,CA,1,1,1,65,2646,CYPRESS,12,2,February,2010,6,Friday,21,55,0,14,6,0,33.74089444,-116.35636944,8,3,0,1,0,0,1,0
60269,CALIFORNIA,CA,1,0,1,59,1713,FRANKLIN,13,2,February,2010,7,Saturday,1,31,0,14,6,0,33.67091111,-117.79088889,33,3,0,1,0,0,1,1
60270,CALIFORNIA,CA,1,0,1,107,0,CARROLLTON,13,2,February,2010,7,Saturday,99,99,0,4,4,0,35.80893889,-118.45334444,17,2,0,1,0,0,1,1
60271,CALIFORNIA,CA,1,0,1,85,3440,BENTON,14,2,February,2010,1,Sunday,6,0,0,13,6,0,37.37346667,-121.96609444,42,3,0,10,0,0,1,1
60272,CALIFORNIA,CA,1,0,1,37,0,BRADFORD,14,2,February,2010,1,Sunday,12,0,0,4,4,0,34.54753056,-118.43343056,42,1,0,1,0,0,1,0
60273,CALIFORNIA,CA,1,1,1,99,3950,BEATRICE,23,2,February,2010,3,Tuesday,18,2,0,15,6,0,37.50523333,-120.83991111,8,3,0,2,0,0,1,0
60274,CALIFORNIA,CA,1,1,1,29,240,BORDEN SPRINGS,23,2,February,2010,3,Tuesday,19,14,0,13,6,0,35.31568611,-119.09230000,8,3,0,10,0,0,1,1
60275,CALIFORNIA,CA,1,0,1,65,1801,CYPRESS,12,2,February,2010,6,Friday,1,45,0,13,6,0,33.66349722,-117.26806667,35,3,0,1,0,0,1,1
60276,CALIFORNIA,CA,2,0,2,73,0,ARGO,12,2,February,2010,6,Friday,6,0,1,1,1,338,32.83851111,-116.69038056,12,2,0,10,0,0,1,0
60277,CALIFORNIA,CA,2,0,1,81,490,AUBURN,14,2,February,2010,1,Sunday,19,38,0,12,3,130,37.57454444,-122.34301111,14,3,0,1,0,0,1,0
60278,CALIFORNIA,CA,2,0,3,37,1840,BRADFORD,17,2,February,2010,4,Wednesday,10,45,0,14,6,0,34.66035556,-118.14779167,12,1,0,1,0,0,1,0
60279,CALIFORNIA,CA,1,0,3,25,520,BARLOW BEND,18,2,February,2010,5,Thursday,8,36,0,13,6,0,32.66601944,-115.50302500,52,1,0,1,0,0,1,0
60280,CALIFORNIA,CA,1,0,2,19,0,CEDAR BLUFF,18,2,February,2010,5,Thursday,10,45,0,4,6,0,37.00710000,-119.58588056,1,1,0,1,0,0,1,0
60281,CALIFORNIA,CA,2,0,6,37,0,BRADFORD,24,1,January,2010,1,Sunday,21,28,1,1,1,297,34.14858889,-118.06980000,12,2,0,1,0,0,1,1
60282,CALIFORNIA,CA,1,1,1,37,1980,BRADFORD,15,2,February,2010,2,Monday,19,50,1,12,2,62,34.09810000,-118.31443056,8,3,0,1,0,0,1,1
60283,CALIFORNIA,CA,3,0,3,33,0,CHEROKEE,16,2,February,2010,3,Tuesday,19,55,1,2,3,54,39.16508056,-122.96546111,12,2,0,1,0,0,1,1
60284,CALIFORNIA,CA,1,0,1,73,2510,ARGO,22,1,January,2010,6,Friday,17,20,0,16,6,0,33.19512500,-117.32396667,39,5,0,2,0,0,1,1
60285,CALIFORNIA,CA,1,1,1,65,3070,CYPRESS,24,1,January,2010,1,Sunday,13,15,0,14,6,0,33.98301944,-117.33732222,8,1,0,1,0,0,1,0
60286,CALIFORNIA,CA,2,0,3,19,0,CEDAR BLUFF,24,1,January,2010,1,Sunday,15,30,0,2,3,372,36.76408611,-120.06011944,12,1,0,10,0,0,1,2
60287,CALIFORNIA,CA,2,0,4,59,1713,FRANKLIN,5,2,February,2010,6,Friday,21,46,1,11,1,262,33.70723056,-117.77966944,12,3,0,2,0,0,1,0
60288,CALIFORNIA,CA,2,0,6,107,0,CARROLLTON,6,2,February,2010,7,Saturday,0,1,0,2,3,8,36.12709444,-119.52636944,12,2,0,10,0,0,1,2
60289,CALIFORNIA,CA,3,0,4,81,3390,AUBURN,6,2,February,2010,7,Saturday,2,30,1,12,2,143,37.57955556,-122.32359722,39,3,2,2,0,0,1,1
60290,CALIFORNIA,CA,1,0,2,37,1695,BRADFORD,6,2,February,2010,7,Saturday,4,40,1,12,3,128,34.02912778,-118.00956944,33,2,0,2,0,0,2,0
60291,CALIFORNIA,CA,3,0,3,71,2922,BRIDGEPORT,6,2,February,2010,7,Saturday,4,50,1,11,1,77,34.11454167,-117.52244722,12,2,2,2,0,0,1,0
60292,CALIFORNIA,CA,2,0,4,71,2238,BRIDGEPORT,6,2,February,2010,7,Saturday,4,54,0,14,6,0,34.07036667,-117.68963333,12,3,0,2,0,0,2,1
60293,CALIFORNIA,CA,3,0,5,71,0,BRIDGEPORT,6,2,February,2010,7,Saturday,7,18,1,1,1,223,34.32328056,-117.48221944,14,1,0,2,0,0,2,0
60294,CALIFORNIA,CA,1,0,1,71,3210,BRIDGEPORT,11,3,March,2010,5,Thursday,0,8,0,14,6,0,34.13595278,-117.30446944,33,3,0,1,0,0,1,1
60295,CALIFORNIA,CA,2,0,5,59,3351,FRANKLIN,15,1,January,2010,6,Friday,14,17,1,11,1,107,33.51735000,-117.66401944,12,1,0,1,0,0,1,0
60296,CALIFORNIA,CA,1,1,1,37,1400,BRADFORD,11,2,February,2010,5,Thursday,18,22,0,13,6,0,33.90188333,-118.32056944,8,2,0,1,0,0,1,0
60297,CALIFORNIA,CA,1,1,1,37,1980,BRADFORD,17,2,February,2010,4,Wednesday,16,25,0,15,6,0,34.19732222,-118.51838333,15,1,0,1,0,0,1,0
60298,CALIFORNIA,CA,1,0,1,29,0,BORDEN SPRINGS,25,2,February,2010,5,Thursday,4,55,1,2,3,282,35.41611944,-119.05876111,38,3,0,1,0,0,1,0
60299,CALIFORNIA,CA,1,1,1,37,1980,BRADFORD,25,2,February,2010,5,Thursday,18,0,0,14,6,0,34.02287500,-118.42903333,8,3,0,1,0,0,1,0
60300,CALIFORNIA,CA,2,0,3,107,0,CARROLLTON,26,2,February,2010,6,Friday,7,20,0,6,4,0,35.87701944,-119.16153333,12,1,0,1,0,0,2,0
60301,CALIFORNIA,CA,2,0,2,71,3000,BRIDGEPORT,19,2,February,2010,6,Friday,10,54,0,13,6,0,34.15643889,-117.40039722,12,1,0,10,0,0,1,0
60302,CALIFORNIA,CA,1,0,1,77,2070,ANDERSON,24,3,March,2010,4,Wednesday,8,57,1,11,1,224,37.89426111,-121.28301111,59,1,0,1,0,0,1,0
60303,CALIFORNIA,CA,2,0,1,73,1200,ARGO,24,3,March,2010,4,Wednesday,22,25,0,15,6,0,33.11532222,-117.07447500,38,3,0,1,0,0,1,1
60304,CALIFORNIA,CA,1,0,1,13,3010,BOLLING,25,3,March,2010,5,Thursday,20,51,1,11,1,10,37.91026111,-122.31720556,24,2,0,1,0,0,1,0
60305,CALIFORNIA,CA,2,0,2,109,0,ANSLEY,26,3,March,2010,6,Friday,13,48,0,2,3,118,37.92155278,-120.44916667,12,1,0,1,0,0,1,0
60306,CALIFORNIA,CA,1,0,1,23,1340,BLADON SPRINGS,26,3,March,2010,6,Friday,19,36,0,15,6,0,40.57959167,-124.15465833,18,1,0,1,0,0,1,0
60307,CALIFORNIA,CA,2,0,3,19,1370,CEDAR BLUFF,26,3,March,2010,6,Friday,21,54,0,14,6,0,36.83045556,-119.87518333,39,2,0,1,0,0,2,1
60308,CALIFORNIA,CA,1,0,1,77,0,ANDERSON,27,3,March,2010,7,Saturday,2,15,1,2,3,216,38.00313056,-121.25764722,25,3,0,1,0,0,1,1
60309,CALIFORNIA,CA,1,0,3,65,0,CYPRESS,27,3,March,2010,7,Saturday,21,53,0,4,4,0,33.51431389,-116.11282778,1,2,0,1,0,0,1,0
60310,CALIFORNIA,CA,2,0,2,111,4027,GRAHAM,28,3,March,2010,1,Sunday,12,7,0,16,6,0,34.28337500,-119.15907778,12,1,0,1,0,0,1,0
60311,CALIFORNIA,CA,1,0,1,85,3340,BENTON,28,3,March,2010,1,Sunday,18,53,0,14,6,0,37.31071667,-121.93179722,42,1,0,1,0,0,1,0
60312,CALIFORNIA,CA,2,0,3,19,0,CEDAR BLUFF,28,3,March,2010,1,Sunday,20,20,0,5,4,0,36.63278333,-119.40522778,12,2,0,1,0,0,2,1
60313,CALIFORNIA,CA,1,0,1,27,0,ASHLAND,28,3,March,2010,1,Sunday,20,40,0,2,3,64,36.55111944,-117.95179444,11,2,0,1,0,0,1,0
60314,CALIFORNIA,CA,1,0,1,65,0,CYPRESS,28,3,March,2010,1,Sunday,20,50,0,6,4,0,33.98363333,-117.40904167,33,3,0,1,0,0,1,1
60315,CALIFORNIA,CA,1,0,1,37,3092,BRADFORD,31,3,March,2010,4,Wednesday,21,35,0,13,6,0,33.77635278,-118.34371667,59,2,0,1,0,0,1,0
60316,CALIFORNIA,CA,1,0,5,29,0,BORDEN SPRINGS,21,2,February,2010,1,Sunday,15,0,1,2,3,122,35.63441944,-120.00670833,1,1,0,10,0,0,1,0
60317,CALIFORNIA,CA,2,1,2,73,560,ARGO,5,3,March,2010,6,Friday,21,47,0,13,6,0,33.11636389,-117.26992222,8,2,0,1,0,0,1,0
60318,CALIFORNIA,CA,1,1,1,67,3150,ABBEVILLE,6,3,March,2010,7,Saturday,13,39,0,16,6,0,38.57990833,-121.50118611,9,1,0,1,0,0,1,0
60319,CALIFORNIA,CA,1,1,1,89,2950,BROWNSBORO,8,3,March,2010,2,Monday,18,24,0,15,6,0,40.58310556,-122.38744444,8,3,0,2,0,0,1,0
60320,CALIFORNIA,CA,1,0,2,105,0,MARION,12,3,March,2010,6,Friday,99,99,1,2,3,7,40.88646111,-123.58871111,42,1,0,2,0,0,2,0
60321,CALIFORNIA,CA,3,0,1,75,3290,BEAVERTON,1,2,February,2010,2,Monday,5,30,0,13,6,0,88.88880000,888.88880000,14,3,0,1,0,0,1,1
60322,CALIFORNIA,CA,1,0,1,65,850,CYPRESS,20,2,February,2010,7,Saturday,1,28,1,11,1,361,33.81251944,-117.51070000,34,2,0,10,0,0,1,1
60323,CALIFORNIA,CA,2,0,3,71,1305,BRIDGEPORT,22,2,February,2010,2,Monday,17,51,0,12,3,168,34.10647500,-117.41402222,12,1,0,1,0,0,1,0
60324,CALIFORNIA,CA,1,0,3,59,972,FRANKLIN,6,3,March,2010,7,Saturday,2,45,0,12,3,23,33.46537778,-117.70766944,42,3,0,10,0,0,1,1
60325,CALIFORNIA,CA,1,1,1,37,1970,BRADFORD,24,2,February,2010,4,Wednesday,18,30,0,16,6,0,33.80624444,-118.18712500,8,3,0,2,0,0,1,0
60326,CALIFORNIA,CA,1,1,2,77,0,ANDERSON,24,2,February,2010,4,Wednesday,5,35,0,2,4,0,38.07411111,-121.28930000,8,2,0,1,0,0,1,0
60327,CALIFORNIA,CA,1,1,1,73,0,ARGO,24,2,February,2010,4,Wednesday,18,20,0,12,3,227,33.02693056,-116.89096944,8,2,0,1,0,0,1,0
60328,CALIFORNIA,CA,1,1,1,37,1700,BRADFORD,27,2,February,2010,7,Saturday,12,51,0,14,6,0,33.97278056,-118.34951111,8,1,0,10,0,0,1,0
60329,CALIFORNIA,CA,1,1,1,73,0,ARGO,23,2,February,2010,3,Tuesday,19,25,0,3,4,0,32.81476111,-116.86231111,8,2,0,1,0,0,1,0
60330,CALIFORNIA,CA,3,0,3,37,3870,BRADFORD,4,3,March,2010,5,Thursday,2,24,1,11,1,154,33.86326111,-118.32251944,12,3,0,10,0,0,1,1
60331,CALIFORNIA,CA,1,0,1,71,4291,BRIDGEPORT,7,3,March,2010,1,Sunday,20,58,0,14,6,0,34.10874444,-116.41788611,53,2,0,1,0,0,1,1
60332,CALIFORNIA,CA,2,0,2,101,0,BOYLSTON,8,3,March,2010,2,Monday,11,36,0,2,3,49,38.86964444,-121.70801111,12,1,0,10,0,0,1,0
60333,CALIFORNIA,CA,1,1,1,37,245,BRADFORD,11,3,March,2010,5,Thursday,21,26,1,11,1,312,34.06506111,-117.99993889,8,3,0,1,0,0,1,0
60334,CALIFORNIA,CA,2,0,2,37,1980,BRADFORD,12,3,March,2010,6,Friday,10,5,0,14,6,0,34.21202500,-118.51860278,12,1,0,1,0,0,1,0
60335,CALIFORNIA,CA,1,0,4,65,0,CYPRESS,14,3,March,2010,1,Sunday,23,9,1,1,1,1455,33.60821389,-114.71926111,1,2,0,1,0,0,1,0
60336,CALIFORNIA,CA,4,2,4,37,2054,BRADFORD,15,3,March,2010,2,Monday,6,27,0,13,3,529,34.02592500,-118.77855000,8,2,0,1,0,0,1,0
60337,CALIFORNIA,CA,2,0,2,37,1670,BRADFORD,15,3,March,2010,2,Monday,6,34,0,13,6,0,33.98919444,-118.22783333,12,3,0,1,0,0,1,0
60338,CALIFORNIA,CA,3,0,2,37,1980,BRADFORD,15,3,March,2010,2,Monday,13,30,0,14,6,0,34.18480000,-118.40526944,1,1,0,1,0,0,1,0
60339,CALIFORNIA,CA,3,0,6,59,80,FRANKLIN,16,3,March,2010,3,Tuesday,20,33,1,12,3,182,33.87016667,-117.68338056,12,2,0,1,0,0,3,1
60340,CALIFORNIA,CA,3,0,4,73,3260,ARGO,19,3,March,2010,6,Friday,13,6,0,15,6,0,32.73045000,-117.14309167,12,1,0,1,0,0,1,0
60342,CALIFORNIA,CA,2,0,3,65,1690,CYPRESS,1,2,February,2010,2,Monday,12,20,1,13,3,215,33.70031667,-116.19165278,12,1,0,1,0,0,1,0
60343,CALIFORNIA,CA,1,1,1,67,0,ABBEVILLE,11,2,February,2010,5,Thursday,5,35,0,2,6,0,38.51126944,-121.46738056,8,3,0,10,0,0,1,0
60344,CALIFORNIA,CA,1,0,2,73,3260,ARGO,18,3,March,2010,5,Thursday,22,36,0,15,6,0,32.89653333,-117.14868611,33,3,0,1,0,0,2,0
60345,CALIFORNIA,CA,2,0,6,37,1980,BRADFORD,19,3,March,2010,6,Friday,1,34,1,1,1,143,34.03703889,-118.28388889,12,3,0,1,0,0,1,1
60346,CALIFORNIA,CA,1,0,1,37,3870,BRADFORD,20,3,March,2010,7,Saturday,21,21,0,16,6,0,33.81516667,-118.38182778,42,2,0,5,0,0,1,1
60347,CALIFORNIA,CA,2,0,3,59,0,FRANKLIN,30,3,March,2010,3,Tuesday,18,16,0,2,3,123,33.59692778,-117.46264444,1,1,0,1,0,0,1,1
60348,CALIFORNIA,CA,1,1,1,99,2200,BEATRICE,22,3,March,2010,2,Monday,16,5,0,13,6,0,37.65996111,-120.92128333,9,1,0,1,0,0,1,0
60349,CALIFORNIA,CA,2,1,2,61,3110,BELLWOOD,22,3,March,2010,2,Monday,19,8,0,13,6,0,38.72957222,-121.30368889,8,1,0,1,0,0,1,0
60350,CALIFORNIA,CA,2,0,2,65,3070,CYPRESS,22,3,March,2010,2,Monday,20,40,0,14,6,0,33.93471111,-117.33579444,12,3,0,1,0,0,1,0
60351,CALIFORNIA,CA,2,0,2,37,30,BRADFORD,23,3,March,2010,3,Tuesday,6,20,1,11,1,258,34.07185833,-118.10870556,1,4,0,1,0,0,1,0
60352,CALIFORNIA,CA,2,0,3,71,2550,BRIDGEPORT,24,3,March,2010,4,Wednesday,23,32,1,12,3,97,34.02519722,-117.56311944,12,3,0,1,0,0,1,0
60353,CALIFORNIA,CA,2,0,6,65,1690,CYPRESS,25,3,March,2010,5,Thursday,10,28,0,14,6,0,33.72818611,-116.21631111,12,1,0,1,0,0,1,0
60354,CALIFORNIA,CA,2,0,3,71,3000,BRIDGEPORT,26,3,March,2010,6,Friday,15,48,0,14,6,0,34.07040833,-117.37900278,12,1,0,1,0,0,1,0
60355,CALIFORNIA,CA,1,1,2,65,3070,CYPRESS,26,3,March,2010,6,Friday,19,2,0,13,6,0,33.92007778,-117.44636389,8,5,0,1,0,0,1,0
60356,CALIFORNIA,CA,2,0,2,77,1940,ANDERSON,28,3,March,2010,1,Sunday,5,17,1,12,3,310,38.13741389,-121.25784722,24,3,0,1,0,0,1,1
60357,CALIFORNIA,CA,1,1,1,37,890,BRADFORD,14,3,March,2010,1,Sunday,13,50,0,13,6,0,34.08623889,-117.87860000,8,1,0,1,0,0,1,0
60358,CALIFORNIA,CA,1,1,1,73,3260,ARGO,14,3,March,2010,1,Sunday,21,32,1,11,1,164,32.75396667,-117.12442778,8,3,0,1,0,0,1,0
60359,CALIFORNIA,CA,2,0,2,37,1980,BRADFORD,15,3,March,2010,2,Monday,15,50,0,16,6,0,34.23827222,-118.59445000,12,1,0,1,0,0,1,0
60360,CALIFORNIA,CA,2,1,2,67,0,ABBEVILLE,15,3,March,2010,2,Monday,19,35,0,2,4,0,38.71222500,-121.39166389,15,3,0,1,0,0,1,0
60361,CALIFORNIA,CA,1,1,1,37,1980,BRADFORD,20,3,March,2010,7,Saturday,11,30,0,13,6,0,34.04208611,-118.25887222,8,1,0,1,0,0,1,0
60362,CALIFORNIA,CA,1,0,1,59,0,FRANKLIN,25,3,March,2010,5,Thursday,0,34,0,14,6,0,33.61975833,-117.71330833,33,3,0,1,0,0,1,1
60363,CALIFORNIA,CA,2,0,2,37,890,BRADFORD,25,3,March,2010,5,Thursday,14,35,1,11,1,248,34.06970000,-117.86319444,14,1,0,1,0,0,1,0
60364,CALIFORNIA,CA,1,1,2,13,820,BOLLING,15,2,February,2010,2,Monday,18,2,0,13,6,0,37.97035278,-122.01076944,8,3,0,1,0,0,1,0
60365,CALIFORNIA,CA,1,1,1,37,1840,BRADFORD,22,2,February,2010,2,Monday,21,21,0,13,6,0,34.67508056,-118.09462222,15,3,0,1,0,0,1,0
60366,CALIFORNIA,CA,2,0,2,59,2560,FRANKLIN,24,2,February,2010,4,Wednesday,16,25,1,12,3,119,33.77545000,-117.85205000,12,1,0,10,0,0,1,0
60367,CALIFORNIA,CA,1,1,1,37,1980,BRADFORD,24,2,February,2010,4,Wednesday,18,0,0,14,6,0,34.06517778,-118.28706667,8,3,0,2,0,0,1,0
60368,CALIFORNIA,CA,1,1,1,37,1045,BRADFORD,1,3,March,2010,2,Monday,18,7,0,14,6,0,33.93731111,-118.13034167,8,2,0,1,0,0,1,0
60369,CALIFORNIA,CA,2,0,5,13,460,BOLLING,16,3,March,2010,3,Tuesday,6,26,1,12,3,94,37.92536111,-121.69055833,12,3,0,1,0,0,1,0
60370,CALIFORNIA,CA,2,0,2,29,240,BORDEN SPRINGS,20,3,March,2010,7,Saturday,4,35,0,14,6,0,35.31308889,-119.07443333,12,3,0,1,0,0,1,0
60371,CALIFORNIA,CA,3,0,6,71,2550,BRIDGEPORT,25,3,March,2010,5,Thursday,22,17,1,11,1,58,34.07278056,-117.61662500,12,3,0,1,0,0,1,0
60372,CALIFORNIA,CA,1,0,1,85,940,BENTON,26,3,March,2010,6,Friday,2,8,1,11,1,89,37.33375833,-122.02192778,42,3,0,1,0,0,1,0
60373,CALIFORNIA,CA,2,0,2,59,2560,FRANKLIN,26,3,March,2010,6,Friday,7,12,0,13,6,0,33.79399444,-117.78321111,12,1,0,1,0,0,1,0
60374,CALIFORNIA,CA,2,0,3,85,3440,BENTON,18,3,March,2010,5,Thursday,23,42,0,14,6,0,37.32994444,-121.96424167,12,3,0,1,0,0,1,0
60375,CALIFORNIA,CA,2,1,2,75,3290,BEAVERTON,19,3,March,2010,6,Friday,5,11,0,13,6,0,37.77643611,-122.39415278,12,3,0,1,0,0,1,1
60376,CALIFORNIA,CA,2,0,3,37,1980,BRADFORD,19,3,March,2010,6,Friday,9,40,0,13,6,0,33.81270278,-118.29733056,12,1,0,1,0,0,1,0
60377,CALIFORNIA,CA,1,0,2,29,0,BORDEN SPRINGS,19,3,March,2010,6,Friday,23,45,1,12,3,955,35.12659444,-118.40596667,1,2,0,1,0,0,1,0
60378,CALIFORNIA,CA,1,1,1,67,0,ABBEVILLE,20,3,March,2010,7,Saturday,2,6,0,2,4,0,38.49598056,-121.44560000,8,3,0,1,0,0,1,0
60379,CALIFORNIA,CA,1,1,1,37,1980,BRADFORD,6,2,February,2010,7,Saturday,21,50,0,13,6,0,34.22592500,-118.38231944,8,3,0,1,0,0,1,0
60380,CALIFORNIA,CA,1,1,1,99,2470,BEATRICE,6,3,March,2010,7,Saturday,20,17,0,13,6,0,37.76120000,-120.85926667,8,3,0,1,0,0,1,0
60381,CALIFORNIA,CA,1,1,1,37,0,BRADFORD,7,3,March,2010,1,Sunday,19,36,0,3,4,0,34.01350000,-117.97180000,8,3,0,1,0,0,1,0
60382,CALIFORNIA,CA,1,1,2,111,1280,GRAHAM,7,3,March,2010,1,Sunday,20,10,0,12,3,240,34.39318889,-118.91736667,8,2,0,10,0,0,1,0
60383,CALIFORNIA,CA,1,0,2,37,2260,BRADFORD,11,3,March,2010,5,Thursday,23,58,0,13,6,0,34.05255278,-118.13693056,33,3,0,1,0,0,1,0
60384,CALIFORNIA,CA,1,1,1,65,2650,CYPRESS,12,3,March,2010,6,Friday,9,54,0,15,6,0,33.83815833,-116.52064167,33,1,0,1,0,0,1,0
60385,CALIFORNIA,CA,1,0,2,59,1660,FRANKLIN,27,3,March,2010,7,Saturday,20,16,0,14,6,0,33.66499722,-117.97269444,30,5,0,1,0,0,1,1
60386,CALIFORNIA,CA,3,0,8,65,750,CYPRESS,29,3,March,2010,2,Monday,12,33,1,12,3,173,33.64207500,-116.18118889,12,1,0,1,0,0,1,0
60387,CALIFORNIA,CA,2,0,2,95,0,ALBERTVILLE,30,3,March,2010,3,Tuesday,1,30,1,11,1,333,38.42350278,-121.88803333,14,2,0,10,0,0,1,0
60388,CALIFORNIA,CA,1,1,5,107,4050,CARROLLTON,30,3,March,2010,3,Tuesday,21,39,0,12,3,93,36.34410556,-119.29694167,8,3,0,10,0,0,1,0
60389,CALIFORNIA,CA,2,0,2,23,1220,BLADON SPRINGS,31,3,March,2010,4,Wednesday,8,38,0,14,6,0,40.76516944,-124.16378889,12,1,0,1,0,0,1,0
60390,CALIFORNIA,CA,1,1,1,29,240,BORDEN SPRINGS,2,4,April,2010,6,Friday,7,7,0,16,6,0,35.29911944,-119.00944722,8,1,0,1,0,0,1,0
60391,CALIFORNIA,CA,3,0,4,73,3260,ARGO,1,1,January,2010,6,Friday,3,11,1,11,1,135,32.71820833,-117.10274444,14,2,0,1,0,0,1,1
60392,CALIFORNIA,CA,2,0,3,77,3770,ANDERSON,5,2,February,2010,6,Friday,19,47,0,14,6,0,37.91131667,-121.27570000,12,3,0,1,0,0,1,1
60393,CALIFORNIA,CA,1,0,1,111,2890,GRAHAM,25,3,March,2010,5,Thursday,20,30,1,13,6,0,34.17572778,-119.21201389,42,3,0,1,0,0,1,1
60394,CALIFORNIA,CA,1,0,2,65,0,CYPRESS,27,3,March,2010,7,Saturday,21,58,0,4,4,0,33.89153056,-117.36871944,53,2,0,1,0,0,1,1
60395,CALIFORNIA,CA,2,0,3,71,0,BRIDGEPORT,28,3,March,2010,1,Sunday,17,10,1,2,2,792,34.87818611,-114.66263333,12,1,0,1,0,0,1,0