ST_CASE,State Name,State Abbreviation,VE_TOTAL,Pedestrains,Total_Persons_in_accident,COUNTY,CITY,City_County_Name,Calendar_DAY,MONTH,Month_Name,YEAR,DAY_WEEK,Day_Week_desc,HOUR,MINUTE,NHS_Desc,trafficway,ROUTE,MILEPT,LATITUDE,LONGITUD,First_Crash_event,Light_cond_desc,Weather_condition,WEATHER,SCH_BUS,Crash_cause,FATALS,DRUNK_DR
60396,CALIFORNIA,CA,2,1,1,37,3445,BRADFORD,28,3,March,2010,1,Sunday,23,13,1,11,1,528,34.41396389,-118.57858333,14,2,0,1,0,0,1,0
60397,CALIFORNIA,CA,1,1,1,37,1980,BRADFORD,29,3,March,2010,2,Monday,3,0,0,13,6,0,34.02889444,-118.23901667,8,2,0,1,0,0,1,0
60398,CALIFORNIA,CA,1,1,1,37,1980,BRADFORD,1,4,April,2010,5,Thursday,9,0,0,13,6,0,34.18670000,-118.36831667,8,1,0,1,0,0,1,0
60399,CALIFORNIA,CA,1,0,1,25,0,BARLOW BEND,1,4,April,2010,5,Thursday,9,0,0,6,4,0,33.34575556,-115.56513611,1,1,0,10,0,0,1,0
60400,CALIFORNIA,CA,1,1,1,99,640,BEATRICE,1,4,April,2010,5,Thursday,18,50,0,15,6,0,37.59981667,-120.95542222,9,1,0,1,0,0,1,0
60401,CALIFORNIA,CA,2,0,2,37,1980,BRADFORD,2,4,April,2010,6,Friday,2,35,0,14,6,0,34.22847222,-118.50995000,12,3,0,1,0,0,1,0
60402,CALIFORNIA,CA,1,0,1,95,0,ALBERTVILLE,2,4,April,2010,6,Friday,3,0,0,4,6,0,38.51415000,-121.96725000,35,2,0,10,0,0,1,1
60403,CALIFORNIA,CA,1,1,1,1,340,AUTAUGA,10,3,March,2010,4,Wednesday,21,4,0,13,6,0,37.84967500,-122.27115278,8,3,0,1,0,0,1,1
60404,CALIFORNIA,CA,1,1,1,1,1560,AUTAUGA,30,3,March,2010,3,Tuesday,22,18,0,12,3,117,37.65726111,-122.07168056,8,3,0,10,0,0,1,0
60405,CALIFORNIA,CA,6,0,1,85,3340,BENTON,2,4,April,2010,6,Friday,7,18,0,14,6,0,37.26553611,-121.86699167,14,1,0,10,0,0,1,0
60406,CALIFORNIA,CA,4,0,7,81,3390,AUBURN,2,4,April,2010,6,Friday,13,20,1,12,2,124,37.55725000,-122.29961111,12,1,0,10,0,0,1,0
60407,CALIFORNIA,CA,1,1,4,73,3260,ARGO,2,4,April,2010,6,Friday,15,5,0,15,6,0,32.71050278,-117.06916389,8,1,0,1,0,0,1,0
60408,CALIFORNIA,CA,2,0,2,71,0,BRIDGEPORT,7,2,February,2010,1,Sunday,3,20,1,1,1,211,34.30785278,-117.47182778,14,3,0,10,0,0,1,0
60409,CALIFORNIA,CA,2,0,3,71,3210,BRIDGEPORT,27,2,February,2010,7,Saturday,14,46,1,12,3,258,34.14193056,-117.25186667,14,1,0,2,0,0,1,0
60410,CALIFORNIA,CA,2,1,1,37,1980,BRADFORD,28,2,February,2010,1,Sunday,5,46,1,11,1,220,34.04553056,-118.27031111,12,3,0,1,0,0,1,0
60411,CALIFORNIA,CA,2,0,2,37,480,BRADFORD,26,3,March,2010,6,Friday,4,21,1,11,1,314,34.20051667,-118.33936111,12,3,0,1,0,0,1,0
60412,CALIFORNIA,CA,2,0,4,19,0,CEDAR BLUFF,3,4,April,2010,7,Saturday,11,40,0,4,6,0,36.60393611,-119.41297500,12,1,0,1,0,0,1,0
60413,CALIFORNIA,CA,1,1,1,37,1980,BRADFORD,3,4,April,2010,7,Saturday,13,35,0,13,6,0,34.17119167,-118.64547778,8,1,0,1,0,0,1,0
60414,CALIFORNIA,CA,2,0,1,107,4050,CARROLLTON,3,4,April,2010,7,Saturday,23,20,0,13,6,0,36.29783333,-119.27856389,33,3,0,1,0,0,1,1
60415,CALIFORNIA,CA,1,1,1,79,3370,COURTLAND,4,4,April,2010,1,Sunday,0,56,1,12,2,289,35.28545833,-120.66533056,8,2,0,1,0,0,1,0
60416,CALIFORNIA,CA,1,0,3,67,0,ABBEVILLE,2,1,January,2010,7,Saturday,21,30,0,2,3,85,38.19478611,-121.56363611,42,2,0,1,0,0,1,1
60417,CALIFORNIA,CA,2,0,1,37,1980,BRADFORD,19,1,January,2010,3,Tuesday,19,30,0,13,6,0,34.03267500,-118.30514722,14,3,0,10,0,0,1,0
60418,CALIFORNIA,CA,1,1,4,37,0,BRADFORD,31,1,January,2010,1,Sunday,2,29,1,1,1,70,33.83144167,-118.28750833,8,3,0,1,0,0,1,1
60419,CALIFORNIA,CA,1,1,1,71,4000,BRIDGEPORT,28,3,March,2010,1,Sunday,15,43,0,14,6,0,34.12148611,-117.65064722,9,1,0,1,0,0,1,0
60420,CALIFORNIA,CA,2,0,5,73,0,ARGO,4,4,April,2010,1,Sunday,23,59,1,1,1,702,33.37903611,-117.56707778,12,2,0,10,0,0,1,1
60421,CALIFORNIA,CA,1,1,2,71,1605,BRIDGEPORT,8,4,April,2010,5,Thursday,9,50,0,14,6,0,34.10296944,-117.10597222,9,1,0,1,0,0,1,0
60422,CALIFORNIA,CA,2,0,3,65,850,CYPRESS,9,4,April,2010,6,Friday,17,25,1,11,1,386,33.84186111,-117.53452778,12,1,0,1,0,0,1,1
60423,CALIFORNIA,CA,1,1,1,19,0,CEDAR BLUFF,9,4,April,2010,6,Friday,22,50,0,2,4,0,36.76453611,-119.86106389,9,2,0,1,0,0,1,0
60424,CALIFORNIA,CA,1,1,2,71,0,BRIDGEPORT,9,4,April,2010,6,Friday,23,30,1,1,1,932,34.78388333,-115.42897222,8,2,0,1,0,0,1,0
60425,CALIFORNIA,CA,2,0,4,53,0,ATMORE,9,4,April,2010,6,Friday,23,49,0,4,4,0,36.60685556,-121.64451944,12,2,0,1,0,0,2,0
60426,CALIFORNIA,CA,2,0,2,71,0,BRIDGEPORT,2,4,April,2010,6,Friday,16,15,0,4,6,0,34.22242222,-116.29918056,12,1,0,1,0,0,1,0
60427,CALIFORNIA,CA,2,0,2,37,2054,BRADFORD,2,4,April,2010,6,Friday,16,16,0,12,3,569,34.03111944,-118.84363056,12,1,0,1,0,0,1,0
60428,CALIFORNIA,CA,1,1,1,37,1980,BRADFORD,3,4,April,2010,7,Saturday,1,52,1,12,3,161,34.10395556,-118.19123611,8,2,0,1,0,0,1,1
60429,CALIFORNIA,CA,2,0,1,65,0,CYPRESS,3,4,April,2010,7,Saturday,2,22,0,6,6,0,34.01128889,-117.48180278,14,3,0,1,0,0,1,1
60430,CALIFORNIA,CA,2,0,3,83,0,ARDMORE,3,4,April,2010,7,Saturday,3,41,1,2,2,825,34.86898056,-120.39905000,12,2,0,10,0,0,1,1
60431,CALIFORNIA,CA,5,0,12,81,310,AUBURN,3,4,April,2010,7,Saturday,11,36,0,13,6,0,37.52134167,-122.27488611,12,1,0,1,0,0,1,0
60432,CALIFORNIA,CA,1,0,6,71,3210,BRIDGEPORT,4,4,April,2010,1,Sunday,3,55,1,11,1,80,34.12031944,-117.30301111,42,3,0,1,0,0,1,1
60433,CALIFORNIA,CA,2,0,3,61,0,BELLWOOD,4,4,April,2010,1,Sunday,18,34,0,2,3,108,39.16790000,-120.18360556,12,2,0,4,0,0,1,0
60434,CALIFORNIA,CA,1,0,3,69,0,ASHFORD,4,4,April,2010,1,Sunday,19,25,0,5,4,0,36.81568889,-121.22600000,1,2,0,2,0,0,1,1
60435,CALIFORNIA,CA,2,0,2,19,0,CEDAR BLUFF,9,4,April,2010,6,Friday,14,4,0,4,4,0,36.60474444,-119.57489444,12,1,0,1,0,0,1,0
60436,CALIFORNIA,CA,2,0,7,33,0,CHEROKEE,9,4,April,2010,6,Friday,14,35,0,2,3,151,39.11368889,-122.82168889,12,1,0,1,0,0,1,0
60437,CALIFORNIA,CA,2,0,6,19,0,CEDAR BLUFF,9,4,April,2010,6,Friday,15,0,0,4,4,0,36.72058611,-119.88062500,12,1,0,1,0,0,1,0
60438,CALIFORNIA,CA,1,0,4,71,0,BRIDGEPORT,9,4,April,2010,6,Friday,19,25,1,1,1,243,34.81239444,-116.59245000,1,2,0,1,0,0,1,1
60439,CALIFORNIA,CA,2,0,3,31,0,COFFEE,10,4,April,2010,7,Saturday,6,23,1,2,3,268,36.11905278,-119.89478611,12,1,0,1,0,0,2,1
60440,CALIFORNIA,CA,2,0,2,37,1870,BRADFORD,10,4,April,2010,7,Saturday,9,0,1,11,1,474,34.11958056,-117.76591944,12,1,0,10,0,0,1,0
60441,CALIFORNIA,CA,1,0,1,85,2280,BENTON,3,3,March,2010,4,Wednesday,10,46,0,13,6,0,37.12628333,-121.65088611,33,1,0,2,0,0,1,0
60442,CALIFORNIA,CA,2,0,2,37,4030,BRADFORD,5,4,April,2010,2,Monday,2,11,0,13,6,0,34.00343611,-118.23025000,12,3,0,2,0,0,1,1
60443,CALIFORNIA,CA,1,1,1,73,3260,ARGO,7,3,March,2010,1,Sunday,2,1,0,14,6,0,32.74847500,-117.13455278,15,3,0,2,0,0,1,1
60444,CALIFORNIA,CA,1,1,1,37,1980,BRADFORD,4,4,April,2010,1,Sunday,19,55,0,13,6,0,34.07674167,-118.26405833,8,3,0,1,0,0,1,0
60445,CALIFORNIA,CA,2,0,3,45,0,ARITON,6,4,April,2010,3,Tuesday,11,25,0,2,3,61,39.16367500,-123.65721667,12,1,0,1,0,0,1,0
60446,CALIFORNIA,CA,3,0,4,37,0,BRADFORD,6,4,April,2010,3,Tuesday,17,0,0,4,4,0,33.94916111,-117.86818056,12,1,0,1,0,0,1,1
60447,CALIFORNIA,CA,2,0,2,17,0,CHAMBERS,7,4,April,2010,4,Wednesday,23,14,1,2,2,109,38.68641944,-120.90871944,12,2,0,1,0,0,1,1
60448,CALIFORNIA,CA,1,0,1,29,0,BORDEN SPRINGS,8,4,April,2010,5,Thursday,6,53,0,2,3,342,35.50980278,-119.17689722,42,1,0,1,0,0,1,0
60449,CALIFORNIA,CA,2,0,4,59,2560,FRANKLIN,8,4,April,2010,5,Thursday,15,0,0,13,6,0,33.80238611,-117.85310833,12,1,0,1,0,0,1,0
60450,CALIFORNIA,CA,2,0,3,19,0,CEDAR BLUFF,9,4,April,2010,6,Friday,8,15,0,5,4,0,36.64838333,-119.88054444,12,1,0,1,0,0,2,0
60451,CALIFORNIA,CA,1,1,1,37,1980,BRADFORD,5,3,March,2010,6,Friday,18,55,0,15,6,0,34.14717222,-118.22771389,8,3,0,1,0,0,1,0
60452,CALIFORNIA,CA,1,0,1,65,2730,CYPRESS,10,4,April,2010,7,Saturday,2,7,0,14,6,0,33.83069444,-117.17952222,31,3,0,1,0,0,1,1
60453,CALIFORNIA,CA,2,0,4,37,0,BRADFORD,10,4,April,2010,7,Saturday,13,50,1,1,1,880,34.81253889,-118.88445000,12,1,0,1,0,0,1,0
60454,CALIFORNIA,CA,1,0,1,87,0,ARMSTRONG,10,4,April,2010,7,Saturday,18,25,1,12,3,118,36.98385556,-121.93153611,41,1,0,1,0,0,1,0
60455,CALIFORNIA,CA,1,1,1,65,2650,CYPRESS,10,4,April,2010,7,Saturday,20,54,0,13,6,0,33.81587222,-116.50952778,8,2,0,1,0,0,1,0
60456,CALIFORNIA,CA,1,1,1,37,1980,BRADFORD,11,4,April,2010,1,Sunday,2,30,1,11,1,231,34.05376944,-118.25841111,8,2,0,1,0,0,1,0
60457,CALIFORNIA,CA,1,0,3,13,4070,BOLLING,11,4,April,2010,1,Sunday,18,10,0,14,6,0,37.89894722,-122.05595833,33,1,0,2,0,0,2,0
60458,CALIFORNIA,CA,1,1,2,73,3260,ARGO,11,4,April,2010,1,Sunday,19,45,0,15,6,0,32.92726389,-117.14403056,8,3,0,10,0,0,1,0
60459,CALIFORNIA,CA,1,0,1,29,0,BORDEN SPRINGS,11,4,April,2010,1,Sunday,22,20,1,2,3,394,35.00671944,-117.70876944,1,2,0,10,0,0,1,1
60460,CALIFORNIA,CA,1,0,1,105,0,MARION,5,3,March,2010,6,Friday,19,0,1,2,3,642,40.67001111,-122.86744722,42,2,0,1,0,0,1,1
60461,CALIFORNIA,CA,2,0,5,67,3150,ABBEVILLE,6,3,March,2010,7,Saturday,3,37,0,15,6,0,38.48710278,-121.44709444,12,3,0,1,0,0,3,1
60462,CALIFORNIA,CA,1,0,1,65,3070,CYPRESS,6,3,March,2010,7,Saturday,15,32,0,16,6,0,33.95761389,-117.36148333,42,1,0,1,0,0,1,0
60463,CALIFORNIA,CA,1,0,5,65,3070,CYPRESS,6,3,March,2010,7,Saturday,17,45,1,11,1,215,33.94356111,-117.29083889,59,2,0,2,0,0,1,0
60464,CALIFORNIA,CA,2,0,6,29,0,BORDEN SPRINGS,6,3,March,2010,7,Saturday,18,7,0,4,4,0,35.49961111,-119.15252500,12,5,0,10,0,0,2,0
60465,CALIFORNIA,CA,1,0,1,101,0,BOYLSTON,6,3,March,2010,7,Saturday,20,25,0,6,4,0,38.81065278,-121.72298056,30,2,0,1,0,0,1,1
60466,CALIFORNIA,CA,1,0,1,71,0,BRIDGEPORT,6,3,March,2010,7,Saturday,99,99,0,4,4,0,34.46156111,-117.45110000,33,2,0,10,0,0,1,1
60467,CALIFORNIA,CA,2,0,3,37,0,BRADFORD,7,3,March,2010,1,Sunday,10,5,0,14,4,0,34.55326944,-118.42158056,1,1,0,10,0,0,1,0
60468,CALIFORNIA,CA,2,0,4,73,0,ARGO,7,3,March,2010,1,Sunday,12,20,0,4,4,0,32.89456111,-116.89018056,12,1,0,10,0,0,1,0
60469,CALIFORNIA,CA,4,0,10,37,0,BRADFORD,8,3,March,2010,2,Monday,9,10,0,3,4,0,33.91600000,-118.26516944,12,1,0,10,0,0,1,0
60470,CALIFORNIA,CA,1,0,2,71,0,BRIDGEPORT,8,3,March,2010,2,Monday,17,0,1,1,1,227,34.81811944,-116.62111667,1,1,0,10,0,0,1,0
60471,CALIFORNIA,CA,2,0,3,87,0,ARMSTRONG,8,3,March,2010,2,Monday,17,5,0,2,3,99,36.90146944,-121.60013056,12,1,0,10,0,0,1,0
60472,CALIFORNIA,CA,2,0,3,19,0,CEDAR BLUFF,13,4,April,2010,3,Tuesday,18,50,0,4,4,0,36.57640278,-119.73694444,12,5,0,1,0,0,1,0
60473,CALIFORNIA,CA,2,0,3,97,0,AXIS,9,3,March,2010,3,Tuesday,14,15,1,2,2,18,38.21639444,-122.60346111,12,1,0,10,0,0,1,0
60474,CALIFORNIA,CA,2,0,3,65,0,CYPRESS,9,3,March,2010,3,Tuesday,17,0,1,12,3,360,33.74382500,-117.04465278,12,1,0,1,0,0,3,0
60475,CALIFORNIA,CA,6,0,7,1,1170,AUTAUGA,9,3,March,2010,3,Tuesday,23,19,1,11,1,44,37.84001389,-122.29679444,12,3,0,2,0,0,1,0
60476,CALIFORNIA,CA,1,0,1,71,0,BRIDGEPORT,10,3,March,2010,4,Wednesday,17,50,0,6,4,0,34.35583056,-117.63993056,1,1,0,1,0,0,1,1
60477,CALIFORNIA,CA,1,0,1,61,0,BELLWOOD,11,3,March,2010,5,Thursday,2,27,1,1,1,167,38.89200000,-121.08586111,17,2,0,1,0,0,1,1
60478,CALIFORNIA,CA,1,0,1,79,0,COURTLAND,11,3,March,2010,5,Thursday,3,0,0,6,4,0,35.07061111,-120.55361111,42,3,0,1,0,0,1,1
60479,CALIFORNIA,CA,2,0,2,37,3853,BRADFORD,12,3,March,2010,6,Friday,13,0,0,13,3,56,34.11814167,-118.06765556,12,1,0,1,0,0,1,0
60480,CALIFORNIA,CA,1,0,1,91,0,DAYTON,12,3,March,2010,6,Friday,23,8,1,1,1,14,39.46563889,-120.00468056,17,2,11,4,0,0,1,0
60481,CALIFORNIA,CA,2,0,3,25,0,BARLOW BEND,13,3,March,2010,7,Saturday,0,33,0,2,3,165,32.97865000,-115.47935000,12,2,0,1,0,0,1,1
60482,CALIFORNIA,CA,1,0,1,77,0,ANDERSON,13,3,March,2010,7,Saturday,4,15,0,4,4,0,37.95563889,-121.00021944,38,2,0,1,0,0,1,1
60483,CALIFORNIA,CA,1,0,4,77,3770,ANDERSON,13,3,March,2010,7,Saturday,13,5,1,12,3,189,37.96215000,-121.24344444,1,1,0,1,0,0,1,0
60484,CALIFORNIA,CA,2,0,1,73,3260,ARGO,14,3,March,2010,1,Sunday,0,45,0,16,6,0,32.84940556,-117.26175000,59,3,0,1,0,0,1,1
60485,CALIFORNIA,CA,1,0,1,37,1980,BRADFORD,19,2,February,2010,6,Friday,16,0,0,15,6,0,33.71358056,-118.30745278,33,1,0,1,0,0,1,0
60486,CALIFORNIA,CA,1,0,2,29,0,BORDEN SPRINGS,19,2,February,2010,6,Friday,99,99,0,4,4,0,35.50033333,-119.52979167,1,2,0,10,0,0,1,1
60487,CALIFORNIA,CA,1,0,2,37,0,BRADFORD,20,2,February,2010,7,Saturday,1,38,1,2,3,714,34.74115000,-118.17025000,1,2,0,10,0,0,1,1
60488,CALIFORNIA,CA,2,0,5,19,0,CEDAR BLUFF,9,3,March,2010,3,Tuesday,8,35,0,3,4,0,36.70687778,-119.80599444,12,1,0,1,0,0,3,0
60489,CALIFORNIA,CA,1,1,1,37,1946,BRADFORD,14,4,April,2010,4,Wednesday,6,5,0,13,3,138,33.78951389,-118.32000833,8,4,0,1,0,0,1,0
60490,CALIFORNIA,CA,2,0,2,37,810,BRADFORD,14,4,April,2010,4,Wednesday,8,48,0,13,6,0,33.88123889,-118.21552500,12,1,0,1,0,0,1,0
60491,CALIFORNIA,CA,2,0,4,67,1300,ABBEVILLE,14,4,April,2010,4,Wednesday,13,22,0,16,6,0,38.67600278,-121.16864444,12,1,0,1,0,0,1,0
60492,CALIFORNIA,CA,1,0,1,65,0,CYPRESS,14,4,April,2010,4,Wednesday,17,20,1,1,1,1442,33.60891111,-114.74278889,1,1,0,1,0,0,1,0
60493,CALIFORNIA,CA,1,0,1,73,3260,ARGO,4,4,April,2010,1,Sunday,21,8,0,14,6,0,32.72724167,-117.06828889,33,2,0,1,0,0,1,0
60494,CALIFORNIA,CA,1,1,1,73,3260,ARGO,17,3,March,2010,4,Wednesday,11,45,0,16,6,0,32.56679722,-116.98881667,8,1,0,1,0,0,1,0
60495,CALIFORNIA,CA,1,0,1,83,0,ARDMORE,17,3,March,2010,4,Wednesday,16,34,1,2,3,76,34.53103611,-120.34531389,1,1,0,1,0,0,1,0
60496,CALIFORNIA,CA,1,1,2,73,3260,ARGO,18,3,March,2010,5,Thursday,16,40,0,13,6,0,32.71149167,-117.17105833,8,1,0,10,0,0,1,0
60497,CALIFORNIA,CA,2,0,2,73,3260,ARGO,13,4,April,2010,3,Tuesday,14,4,0,15,6,0,32.80413056,-117.03809722,12,1,0,1,0,0,1,0
60498,CALIFORNIA,CA,1,1,1,37,1980,BRADFORD,16,4,April,2010,6,Friday,12,10,0,14,6,0,34.17938889,-118.42301389,9,1,0,1,0,0,1,0
60499,CALIFORNIA,CA,1,0,2,73,0,ARGO,16,4,April,2010,6,Friday,17,2,1,11,1,300,32.83617778,-116.75368056,1,1,0,1,0,0,2,1
60500,CALIFORNIA,CA,2,0,3,19,1370,CEDAR BLUFF,16,4,April,2010,6,Friday,22,59,0,13,6,0,36.76498056,-119.79105278,12,3,0,1,0,0,2,1
60501,CALIFORNIA,CA,2,0,7,13,2790,BOLLING,16,4,April,2010,6,Friday,23,40,0,14,6,0,37.99806389,-121.89276944,12,3,0,10,0,0,2,1
60502,CALIFORNIA,CA,1,0,1,73,3260,ARGO,17,4,April,2010,7,Saturday,1,6,0,14,6,0,32.69589444,-117.13810000,7,3,0,1,0,0,1,1
60503,CALIFORNIA,CA,1,0,1,73,3260,ARGO,15,4,April,2010,5,Thursday,17,17,0,14,6,0,33.16871389,-117.26238056,39,1,0,1,0,0,1,0
60504,CALIFORNIA,CA,1,0,2,7,0,BIBB,17,4,April,2010,7,Saturday,2,14,0,6,4,0,39.50516667,-121.49967500,42,2,0,1,0,0,1,1
60505,CALIFORNIA,CA,2,0,2,73,0,ARGO,18,4,April,2010,1,Sunday,4,0,0,4,4,0,33.25214722,-117.10919444,12,2,0,1,0,0,2,0
60506,CALIFORNIA,CA,1,1,1,1,3993,AUTAUGA,17,3,March,2010,4,Wednesday,6,15,0,15,6,0,37.58161667,-122.07110278,8,3,0,1,0,0,1,0
60507,CALIFORNIA,CA,1,0,2,37,1550,BRADFORD,5,4,April,2010,2,Monday,0,13,0,15,6,0,33.89786944,-118.36537222,30,3,0,1,0,0,1,1
60508,CALIFORNIA,CA,1,0,1,73,3260,ARGO,6,4,April,2010,3,Tuesday,1,23,1,11,1,175,32.76093333,-117.16131111,23,2,0,1,0,0,1,1
60509,CALIFORNIA,CA,1,0,2,67,0,ABBEVILLE,9,4,April,2010,6,Friday,12,15,1,2,3,162,38.45636944,-121.41008889,25,1,0,1,0,0,1,0
60510,CALIFORNIA,CA,1,0,2,37,0,BRADFORD,20,2,February,2010,7,Saturday,3,0,0,6,4,0,34.55806944,-118.15148889,33,2,0,2,0,0,1,1
60511,CALIFORNIA,CA,2,0,3,59,1345,FRANKLIN,20,2,February,2010,7,Saturday,8,22,0,14,6,0,33.72319722,-117.97200556,12,1,0,10,0,0,1,0
60512,CALIFORNIA,CA,1,0,2,7,0,BIBB,20,2,February,2010,7,Saturday,11,51,0,2,3,38,39.46451111,-121.79928056,35,1,0,10,0,0,2,1
60513,CALIFORNIA,CA,1,0,1,67,3150,ABBEVILLE,20,2,February,2010,7,Saturday,12,13,0,12,3,17,38.58188889,-121.46283056,1,1,0,10,0,0,1,0
60514,CALIFORNIA,CA,1,0,1,65,0,CYPRESS,20,2,February,2010,7,Saturday,23,0,0,4,4,0,33.92518056,-116.43445000,30,3,0,1,0,0,1,1
60515,CALIFORNIA,CA,1,0,1,85,2311,BENTON,21,2,February,2010,1,Sunday,2,33,0,14,6,0,37.38944167,-122.04778333,42,3,0,1,0,0,1,1
60516,CALIFORNIA,CA,2,0,4,71,2550,BRIDGEPORT,21,2,February,2010,1,Sunday,4,20,1,11,1,82,34.08701667,-117.64213889,12,3,0,2,0,0,1,1
60517,CALIFORNIA,CA,2,0,2,37,0,BRADFORD,21,2,February,2010,1,Sunday,8,5,0,4,4,0,34.69008056,-117.93436944,12,1,0,1,0,0,1,0
60518,CALIFORNIA,CA,2,0,6,67,0,ABBEVILLE,21,2,February,2010,1,Sunday,14,17,0,2,4,0,38.69933611,-121.22515000,12,1,0,2,0,0,1,0
60519,CALIFORNIA,CA,1,0,1,73,0,ARGO,21,2,February,2010,1,Sunday,14,35,0,2,3,108,32.82365000,-116.94573889,43,1,0,10,0,0,1,0
60520,CALIFORNIA,CA,2,0,2,37,0,BRADFORD,22,2,February,2010,2,Monday,18,3,0,2,6,0,34.08670278,-117.93416667,1,5,0,1,0,0,1,0
60521,CALIFORNIA,CA,1,0,2,37,0,BRADFORD,22,2,February,2010,2,Monday,21,20,0,4,4,0,34.36366944,-118.38893889,1,3,0,1,0,0,1,0
60522,CALIFORNIA,CA,2,0,2,37,300,BRADFORD,22,2,February,2010,2,Monday,21,20,1,11,1,211,33.98795000,-118.17053333,12,2,0,1,0,0,1,0
60523,CALIFORNIA,CA,2,0,5,37,4120,BRADFORD,22,2,February,2010,2,Monday,22,31,1,11,1,373,34.07228056,-117.89435000,39,3,0,1,0,0,1,0
60524,CALIFORNIA,CA,2,0,2,73,3260,ARGO,23,2,February,2010,3,Tuesday,7,43,1,11,1,153,32.71653889,-117.14798056,12,1,0,1,0,0,1,0
60525,CALIFORNIA,CA,2,0,2,45,0,ARITON,23,2,February,2010,3,Tuesday,18,25,1,2,2,652,39.63168889,-123.46435556,12,2,10,2,0,0,1,0
60526,CALIFORNIA,CA,1,0,2,45,0,ARITON,23,2,February,2010,3,Tuesday,23,15,1,2,2,386,39.31343333,-123.29778056,1,2,10,2,0,0,2,1
60527,CALIFORNIA,CA,2,0,2,67,0,ABBEVILLE,24,2,February,2010,4,Wednesday,23,0,0,2,4,0,38.61700833,-121.32862500,12,3,0,10,0,0,1,0
60528,CALIFORNIA,CA,1,0,3,107,0,CARROLLTON,25,2,February,2010,5,Thursday,0,55,0,5,4,0,35.86706111,-119.05393889,23,2,0,10,0,0,1,1
60529,CALIFORNIA,CA,1,0,1,65,3070,CYPRESS,27,3,March,2010,7,Saturday,4,15,1,12,3,131,33.90626944,-117.45628056,42,2,0,1,0,0,1,0
60530,CALIFORNIA,CA,2,0,3,13,3400,BOLLING,7,4,April,2010,4,Wednesday,21,14,0,14,6,0,37.96102500,-122.33726944,12,3,0,1,0,0,1,1
60531,CALIFORNIA,CA,1,1,1,37,2870,BRADFORD,14,4,April,2010,4,Wednesday,19,41,0,14,6,0,34.09625278,-117.74857222,8,3,0,1,0,0,1,0
60532,CALIFORNIA,CA,1,1,1,37,3686,BRADFORD,14,4,April,2010,4,Wednesday,21,9,0,13,3,48,34.06256944,-118.06542222,8,3,0,1,0,0,1,0
60533,CALIFORNIA,CA,1,0,1,23,0,BLADON SPRINGS,14,4,April,2010,4,Wednesday,23,11,1,2,2,551,40.51060278,-124.12345000,59,2,0,10,0,0,1,1
60534,CALIFORNIA,CA,4,0,1,29,3020,BORDEN SPRINGS,15,4,April,2010,5,Thursday,14,10,0,13,3,1023,35.62838056,-117.67026111,14,1,0,1,0,0,1,0
60535,CALIFORNIA,CA,2,0,2,71,4040,BRIDGEPORT,19,4,April,2010,2,Monday,20,36,0,14,6,0,34.47035833,-117.39506944,1,3,0,1,0,0,1,0
60536,CALIFORNIA,CA,4,0,12,37,0,BRADFORD,11,4,April,2010,1,Sunday,23,57,1,1,1,458,34.33573889,-118.51071944,12,2,2,2,0,0,5,0
60537,CALIFORNIA,CA,1,0,2,35,0,BROOKLYN,12,4,April,2010,2,Monday,11,25,1,2,2,1179,40.89645278,-120.48650278,1,1,0,10,0,0,1,0
60538,CALIFORNIA,CA,2,0,8,37,1840,BRADFORD,17,4,April,2010,7,Saturday,2,35,1,12,3,655,34.65246944,-118.15346944,12,3,0,1,0,0,1,1
60539,CALIFORNIA,CA,1,1,1,37,1980,BRADFORD,17,4,April,2010,7,Saturday,6,45,0,13,6,0,34.01905278,-118.42218889,8,1,0,1,0,0,1,0
60540,CALIFORNIA,CA,3,0,5,53,3180,ATMORE,17,4,April,2010,7,Saturday,17,26,0,14,6,0,36.66259167,-121.65773611,12,1,0,1,0,0,1,0
60541,CALIFORNIA,CA,2,0,2,77,0,ANDERSON,17,4,April,2010,7,Saturday,21,35,0,5,4,0,37.89268611,-121.05535556,12,2,0,1,0,0,1,0
60542,CALIFORNIA,CA,2,0,6,29,0,BORDEN SPRINGS,17,4,April,2010,7,Saturday,23,43,0,2,3,35,35.28788056,-118.91438611,12,3,0,1,0,0,3,1
60543,CALIFORNIA,CA,1,0,2,47,190,BROWNS,18,4,April,2010,1,Sunday,2,40,1,12,3,242,37.35448056,-120.63163056,59,3,0,1,0,0,1,1