ST_CASE,State Name,State Abbreviation,VE_TOTAL,Pedestrains,Total_Persons_in_accident,COUNTY,CITY,City_County_Name,Calendar_DAY,MONTH,Month_Name,YEAR,DAY_WEEK,Day_Week_desc,HOUR,MINUTE,NHS_Desc,trafficway,ROUTE,MILEPT,LATITUDE,LONGITUD,First_Crash_event,Light_cond_desc,Weather_condition,WEATHER,SCH_BUS,Crash_cause,FATALS,DRUNK_DR
60544,CALIFORNIA,CA,1,1,1,73,0,ARGO,18,4,April,2010,1,Sunday,2,55,1,2,3,199,32.71617222,-116.87328889,8,2,0,1,0,0,1,0
60545,CALIFORNIA,CA,2,0,2,19,740,CEDAR BLUFF,15,4,April,2010,5,Thursday,17,0,0,14,6,0,36.79760278,-119.71818611,1,1,0,1,0,0,1,0
60546,CALIFORNIA,CA,1,1,1,67,3150,ABBEVILLE,9,4,April,2010,6,Friday,10,12,0,13,6,0,38.50999444,-121.47535833,10,1,0,1,0,0,1,0
60547,CALIFORNIA,CA,1,1,1,37,1980,BRADFORD,11,4,April,2010,1,Sunday,3,25,0,13,6,0,34.04723611,-118.30912778,33,3,0,1,0,0,1,1
60548,CALIFORNIA,CA,3,0,4,37,245,BRADFORD,18,4,April,2010,1,Sunday,16,44,1,11,1,320,34.06702222,-117.98513889,12,1,0,10,0,0,1,0
60549,CALIFORNIA,CA,1,0,1,65,0,CYPRESS,19,4,April,2010,2,Monday,6,56,0,6,4,0,33.49620556,-117.25193056,42,4,0,10,0,0,1,1
60550,CALIFORNIA,CA,2,0,2,61,0,BELLWOOD,19,4,April,2010,2,Monday,7,0,0,4,4,0,39.00057500,-120.89995000,12,1,0,1,0,0,1,0
60551,CALIFORNIA,CA,2,0,5,101,0,BOYLSTON,19,4,April,2010,2,Monday,15,12,0,2,3,238,39.04268889,-121.63471111,12,1,0,10,0,0,1,0
60552,CALIFORNIA,CA,3,0,4,73,860,ARGO,21,4,April,2010,4,Wednesday,14,10,0,12,3,144,32.63122500,-117.13990000,12,1,0,10,0,0,1,1
60553,CALIFORNIA,CA,1,1,1,107,0,CARROLLTON,23,4,April,2010,6,Friday,1,52,0,12,3,159,36.05144167,-119.02633056,8,3,0,1,0,0,1,0
60554,CALIFORNIA,CA,1,0,1,29,0,BORDEN SPRINGS,14,3,March,2010,1,Sunday,3,42,1,12,3,220,35.33031111,-119.03960000,1,2,0,1,0,0,1,1
60555,CALIFORNIA,CA,2,0,4,37,0,BRADFORD,14,3,March,2010,1,Sunday,13,52,0,4,4,0,34.19470000,-117.67806111,12,1,0,1,0,0,1,0
60556,CALIFORNIA,CA,2,0,2,107,0,CARROLLTON,15,3,March,2010,2,Monday,15,10,0,2,3,44,36.05154444,-119.23243056,12,1,0,1,0,0,1,1
60557,CALIFORNIA,CA,2,0,3,11,0,BULLOCK,16,3,March,2010,3,Tuesday,17,42,0,2,3,177,39.15293056,-122.22676944,12,1,0,1,0,0,1,0
60558,CALIFORNIA,CA,2,0,1,61,0,BELLWOOD,16,3,March,2010,3,Tuesday,23,50,0,6,4,0,39.02148056,-120.81628889,14,2,0,1,0,0,1,1
60559,CALIFORNIA,CA,2,0,4,95,4020,ALBERTVILLE,17,3,March,2010,4,Wednesday,2,50,0,13,6,0,38.11029167,-122.19635833,12,3,0,1,0,0,1,1
60560,CALIFORNIA,CA,3,0,4,111,3641,GRAHAM,17,3,March,2010,4,Wednesday,17,14,0,14,6,0,34.26452222,-118.78761389,12,1,0,1,0,0,2,0
60561,CALIFORNIA,CA,2,0,3,61,0,BELLWOOD,17,3,March,2010,4,Wednesday,17,35,0,4,4,0,38.96050278,-121.06801667,12,1,0,1,0,0,1,0
60562,CALIFORNIA,CA,2,0,2,107,0,CARROLLTON,18,3,March,2010,5,Thursday,13,30,0,5,4,0,36.13851111,-119.10731944,12,1,0,1,0,0,1,0
60563,CALIFORNIA,CA,5,0,5,95,1260,ALBERTVILLE,18,3,March,2010,5,Thursday,14,0,0,13,6,0,38.27273611,-122.01047500,1,1,0,1,0,0,1,0
60564,CALIFORNIA,CA,2,0,4,65,0,CYPRESS,18,3,March,2010,5,Thursday,17,20,0,2,4,0,33.88650000,-117.28510000,12,1,0,1,0,0,1,0
60565,CALIFORNIA,CA,1,0,2,73,0,ARGO,18,3,March,2010,5,Thursday,22,40,1,1,1,733,32.64148889,-116.17465000,17,2,0,1,0,0,1,0
60566,CALIFORNIA,CA,1,1,1,77,3770,ANDERSON,5,3,March,2010,6,Friday,21,28,1,12,3,162,37.94936944,-121.29923056,8,3,0,1,0,0,1,0
60567,CALIFORNIA,CA,2,0,2,65,0,CYPRESS,20,3,March,2010,7,Saturday,4,40,1,11,1,21,33.46496944,-117.13626944,12,2,0,1,0,0,1,0
60568,CALIFORNIA,CA,1,0,2,71,0,BRIDGEPORT,20,3,March,2010,7,Saturday,5,28,1,1,1,986,34.97902500,-116.60925278,1,2,0,1,0,0,1,0
60569,CALIFORNIA,CA,1,2,1,37,1695,BRADFORD,20,3,March,2010,7,Saturday,9,25,0,14,6,0,34.05375556,-118.00172500,10,1,0,1,0,0,1,0
60570,CALIFORNIA,CA,2,0,2,37,1980,BRADFORD,20,3,March,2010,7,Saturday,21,40,0,13,6,0,34.05033611,-118.42057222,12,2,0,1,0,0,1,0
60571,CALIFORNIA,CA,1,0,1,89,0,BROWNSBORO,20,3,March,2010,7,Saturday,99,99,0,2,3,435,40.63929167,-122.23693333,42,1,0,1,0,0,1,1
60572,CALIFORNIA,CA,2,0,5,67,3150,ABBEVILLE,21,3,March,2010,1,Sunday,1,40,0,13,6,0,38.51052778,-121.40907500,12,3,0,1,0,0,1,2
60573,CALIFORNIA,CA,2,0,6,77,3770,ANDERSON,21,3,March,2010,1,Sunday,16,53,0,13,6,0,37.96136389,-121.27580833,12,1,0,1,0,0,1,0
60574,CALIFORNIA,CA,1,0,4,107,0,CARROLLTON,21,3,March,2010,1,Sunday,22,45,0,5,4,0,36.03043889,-118.78381111,35,3,0,1,0,0,1,1
60575,CALIFORNIA,CA,2,0,4,5,0,BAKER HILL,23,3,March,2010,3,Tuesday,7,50,1,2,3,98,38.34341111,-120.86926111,12,1,0,1,0,0,1,0
60576,CALIFORNIA,CA,1,0,1,115,0,ASHVILLE,23,3,March,2010,3,Tuesday,18,30,0,4,4,0,39.37131944,-121.32093056,30,1,0,1,0,0,1,0
60577,CALIFORNIA,CA,1,0,2,37,3455,BRADFORD,23,3,March,2010,3,Tuesday,23,25,1,11,1,67,33.93896111,-118.09496944,58,3,0,1,0,0,2,0
60578,CALIFORNIA,CA,2,0,3,13,3010,BOLLING,31,3,March,2010,4,Wednesday,12,42,0,12,6,0,37.95392778,-122.37350000,12,1,0,10,1,0,2,0
60579,CALIFORNIA,CA,2,0,3,37,0,BRADFORD,1,4,April,2010,5,Thursday,18,30,0,3,6,0,34.06073056,-117.96346111,12,1,0,10,0,0,1,0
60580,CALIFORNIA,CA,3,0,3,65,1688,CYPRESS,1,4,April,2010,5,Thursday,22,5,0,12,3,376,33.72140278,-116.35606944,12,3,0,1,0,0,1,0
60581,CALIFORNIA,CA,1,1,4,67,3150,ABBEVILLE,18,4,April,2010,1,Sunday,3,43,0,13,6,0,38.55493333,-121.40933056,9,2,0,1,0,0,1,1
60582,CALIFORNIA,CA,2,1,2,75,3290,BEAVERTON,21,4,April,2010,4,Wednesday,10,59,0,13,6,0,37.79128611,-122.39567778,8,1,0,10,0,0,1,0
60583,CALIFORNIA,CA,1,0,1,71,0,BRIDGEPORT,21,4,April,2010,4,Wednesday,11,5,1,1,1,794,34.90093056,-116.92681944,1,1,0,10,0,0,1,0
60584,CALIFORNIA,CA,1,1,1,37,1980,BRADFORD,21,4,April,2010,4,Wednesday,11,50,0,13,6,0,34.06040556,-118.24768333,8,1,0,10,0,0,1,0
60585,CALIFORNIA,CA,1,1,1,37,1695,BRADFORD,21,4,April,2010,4,Wednesday,12,35,0,14,6,0,34.00121944,-117.88787222,9,1,0,1,0,0,1,0
60586,CALIFORNIA,CA,1,1,2,71,2550,BRIDGEPORT,21,4,April,2010,4,Wednesday,14,16,0,13,6,0,34.08123611,-117.62855833,8,1,0,10,0,0,1,0
60587,CALIFORNIA,CA,1,0,1,9,0,BLOUNT,21,4,April,2010,4,Wednesday,18,16,0,4,4,0,38.23871944,-120.50105000,38,1,0,10,0,0,1,1
60588,CALIFORNIA,CA,2,0,3,37,1980,BRADFORD,21,4,April,2010,4,Wednesday,20,9,0,14,6,0,34.30331111,-118.44421389,12,3,0,10,0,0,1,0
60589,CALIFORNIA,CA,1,1,1,37,930,BRADFORD,22,4,April,2010,5,Thursday,11,0,0,16,6,0,33.99690556,-118.42848611,8,1,0,1,0,0,1,0
60590,CALIFORNIA,CA,2,0,3,19,0,CEDAR BLUFF,22,4,April,2010,5,Thursday,11,45,0,2,4,0,36.51824167,-119.75518333,12,1,0,10,0,0,1,0
60591,CALIFORNIA,CA,2,0,3,39,2050,ANDALUSIA,19,3,March,2010,6,Friday,16,5,0,15,6,0,36.98008056,-120.07704722,12,1,0,1,0,0,1,0
60592,CALIFORNIA,CA,1,1,6,99,2200,BEATRICE,27,3,March,2010,7,Saturday,22,4,0,13,6,0,37.62660556,-121.01359444,8,3,0,1,0,0,1,0
60593,CALIFORNIA,CA,1,0,3,65,0,CYPRESS,29,3,March,2010,2,Monday,1,30,1,2,3,25,34.01815000,-117.51888889,33,3,0,1,0,0,1,0
60594,CALIFORNIA,CA,1,0,1,19,1370,CEDAR BLUFF,28,3,March,2010,1,Sunday,18,36,0,14,6,0,36.72305000,-119.74538333,42,1,0,1,0,0,1,1
60595,CALIFORNIA,CA,1,0,1,1,2480,AUTAUGA,28,3,March,2010,1,Sunday,3,50,1,1,1,30,37.82898333,-122.29383056,20,3,0,1,0,0,1,1
60596,CALIFORNIA,CA,1,1,2,37,1980,BRADFORD,30,3,March,2010,3,Tuesday,5,25,0,13,6,0,34.25929167,-118.43262778,8,4,0,1,0,0,1,0
60597,CALIFORNIA,CA,1,0,5,37,1980,BRADFORD,18,4,April,2010,1,Sunday,18,30,0,13,6,0,34.01183056,-118.37356667,33,1,0,1,0,0,2,1
60598,CALIFORNIA,CA,2,0,6,75,3290,BEAVERTON,24,4,April,2010,7,Saturday,0,46,0,16,6,0,37.74716111,-122.50717222,12,3,0,1,0,0,1,1
60599,CALIFORNIA,CA,2,0,4,37,0,BRADFORD,24,4,April,2010,7,Saturday,2,9,0,2,4,0,33.90375000,-118.19378889,12,3,0,1,0,0,2,0
60600,CALIFORNIA,CA,1,0,2,77,3770,ANDERSON,24,4,April,2010,7,Saturday,3,13,0,13,6,0,37.92260278,-121.26382778,23,3,0,1,0,0,1,1
60601,CALIFORNIA,CA,2,0,2,7,2600,BIBB,23,4,April,2010,6,Friday,15,30,0,16,6,0,39.51893056,-121.55031111,12,1,0,1,1,0,1,1
60602,CALIFORNIA,CA,2,0,4,31,220,COFFEE,24,4,April,2010,7,Saturday,16,2,0,12,3,50,36.07550000,-120.10211111,12,1,0,1,0,0,1,1
60603,CALIFORNIA,CA,1,0,1,71,0,BRIDGEPORT,24,4,April,2010,7,Saturday,19,20,0,4,4,0,34.74339444,-117.33495000,33,5,0,1,0,0,1,1
60604,CALIFORNIA,CA,3,0,3,37,1980,BRADFORD,6,4,April,2010,3,Tuesday,7,40,1,12,2,133,34.15498889,-118.39936111,12,1,0,1,0,0,1,0
60605,CALIFORNIA,CA,1,2,1,29,240,BORDEN SPRINGS,19,4,April,2010,2,Monday,21,20,0,13,6,0,35.36842778,-118.99584722,8,3,0,1,0,0,1,0
60606,CALIFORNIA,CA,2,0,3,53,0,ATMORE,20,4,April,2010,3,Tuesday,6,40,1,2,2,983,36.81728889,-121.63476111,12,1,0,2,0,0,1,0
60607,CALIFORNIA,CA,4,0,5,7,0,BIBB,20,4,April,2010,3,Tuesday,6,45,0,2,3,163,39.58901111,-121.68898056,12,1,0,2,0,0,1,0
60608,CALIFORNIA,CA,2,0,3,23,0,BLADON SPRINGS,20,4,April,2010,3,Tuesday,10,58,1,2,2,999,41.30728611,-124.04520278,12,1,0,2,0,0,1,0
60609,CALIFORNIA,CA,2,0,3,67,0,ABBEVILLE,20,4,April,2010,3,Tuesday,16,15,1,2,3,21,38.14736944,-121.65035000,12,1,0,10,0,0,2,0
60610,CALIFORNIA,CA,2,0,5,45,0,ARITON,6,2,February,2010,7,Saturday,23,15,1,2,3,333,39.23782222,-123.17190833,12,2,0,1,0,0,1,0
60611,CALIFORNIA,CA,3,0,10,71,3,BRIDGEPORT,20,2,February,2010,7,Saturday,23,40,1,12,2,146,34.55850833,-117.40503056,12,2,0,1,0,0,3,2
60612,CALIFORNIA,CA,2,0,2,37,1980,BRADFORD,26,2,February,2010,6,Friday,2,50,1,11,1,503,34.30216389,-118.47880556,12,3,0,10,0,0,1,0
60613,CALIFORNIA,CA,1,0,2,59,1660,FRANKLIN,20,3,March,2010,7,Saturday,18,18,0,13,6,0,33.67165000,-118.01378333,33,1,0,1,0,0,2,1
60614,CALIFORNIA,CA,1,1,1,97,0,AXIS,25,3,March,2010,5,Thursday,20,15,0,2,3,120,38.50195556,-122.99870833,8,3,0,10,0,0,1,0
60615,CALIFORNIA,CA,2,0,2,73,3260,ARGO,18,4,April,2010,1,Sunday,8,15,0,15,6,0,32.73798333,-117.23087222,12,1,0,1,0,0,1,0
60616,CALIFORNIA,CA,2,0,3,81,1343,AUBURN,18,4,April,2010,1,Sunday,12,56,1,12,3,144,37.57378333,-122.26230833,12,1,0,1,0,0,1,0
60617,CALIFORNIA,CA,1,0,1,77,3880,ANDERSON,18,4,April,2010,1,Sunday,15,35,1,11,1,50,37.75074444,-121.47170833,1,1,0,1,0,0,1,0
60618,CALIFORNIA,CA,1,0,5,37,0,BRADFORD,6,4,April,2010,3,Tuesday,1,25,1,1,1,685,34.60323889,-118.71208889,59,2,0,1,0,0,1,0
60619,CALIFORNIA,CA,1,0,1,85,0,BENTON,6,4,April,2010,3,Tuesday,20,23,0,5,4,0,37.23730000,-121.72710000,1,2,0,1,0,0,1,1
60620,CALIFORNIA,CA,1,0,2,37,1045,BRADFORD,7,4,April,2010,4,Wednesday,0,49,0,13,6,0,33.91708611,-118.13772500,46,3,0,1,0,0,1,1
60621,CALIFORNIA,CA,1,0,2,39,0,ANDALUSIA,9,4,April,2010,6,Friday,13,55,1,2,3,236,37.03760278,-120.21521389,59,1,0,1,0,0,1,0
60622,CALIFORNIA,CA,1,1,1,71,0,BRIDGEPORT,13,4,April,2010,3,Tuesday,99,99,1,1,1,184,34.06841111,-117.39865000,8,2,0,1,0,0,1,0
60623,CALIFORNIA,CA,2,1,1,77,3770,ANDERSON,1,1,January,2010,6,Friday,20,45,0,13,6,0,37.94386389,-121.26835000,8,3,0,1,0,0,1,0
60624,CALIFORNIA,CA,1,0,2,73,3260,ARGO,28,2,February,2010,1,Sunday,3,21,0,12,3,117,32.84561111,-117.02673333,21,2,0,5,0,0,1,0
60625,CALIFORNIA,CA,1,0,2,71,4040,BRIDGEPORT,4,3,March,2010,5,Thursday,13,41,0,13,6,0,34.47079444,-117.30613889,33,1,0,1,0,0,1,0
60626,CALIFORNIA,CA,1,0,3,37,0,BRADFORD,5,3,March,2010,6,Friday,14,4,0,2,6,0,33.78638056,-118.34354722,33,1,0,1,0,0,1,0
60627,CALIFORNIA,CA,2,0,2,65,9999,CYPRESS,11,3,March,2010,5,Thursday,17,14,0,15,6,0,33.68492500,-117.16288611,12,1,0,1,0,0,1,0
60628,CALIFORNIA,CA,1,2,1,37,602,BRADFORD,24,3,March,2010,4,Wednesday,12,39,0,14,6,0,33.83164722,-118.27820833,8,1,0,1,0,0,1,0
60629,CALIFORNIA,CA,1,0,1,67,1108,ABBEVILLE,10,4,April,2010,7,Saturday,18,51,0,14,6,0,38.42531389,-121.30698333,42,1,0,10,0,0,1,0
60630,CALIFORNIA,CA,2,0,2,83,0,ARDMORE,22,4,April,2010,5,Thursday,14,20,0,2,3,169,34.56739722,-119.94976111,12,1,0,10,0,0,1,0
60631,CALIFORNIA,CA,1,0,1,73,0,ARGO,22,4,April,2010,5,Thursday,17,15,0,4,4,0,33.28590000,-117.20843889,30,1,0,10,0,0,1,0
60632,CALIFORNIA,CA,2,0,3,19,1370,CEDAR BLUFF,22,4,April,2010,5,Thursday,20,55,0,14,6,0,36.71424722,-119.77611389,33,3,0,10,0,0,1,0
60633,CALIFORNIA,CA,1,1,1,59,1790,FRANKLIN,20,4,April,2010,3,Tuesday,20,28,0,14,6,0,33.93186389,-117.96777500,9,3,0,10,0,0,1,0
60634,CALIFORNIA,CA,1,1,1,47,0,BROWNS,20,4,April,2010,3,Tuesday,21,47,0,6,4,0,37.28665000,-120.46978056,8,2,0,10,0,0,1,0
60635,CALIFORNIA,CA,1,0,2,103,0,DANVILLE,20,4,April,2010,3,Tuesday,23,10,0,4,4,0,39.92180000,-122.31590000,52,2,0,1,0,0,1,0
60636,CALIFORNIA,CA,1,0,1,37,2645,BRADFORD,21,4,April,2010,4,Wednesday,0,3,0,13,6,0,34.60176111,-118.15715000,33,3,0,1,0,0,1,1
60637,CALIFORNIA,CA,2,0,2,73,0,ARGO,28,4,April,2010,4,Wednesday,8,9,0,3,4,0,32.63543056,-116.92198889,12,1,0,10,0,0,1,0
60638,CALIFORNIA,CA,2,0,2,37,3445,BRADFORD,28,4,April,2010,4,Wednesday,18,20,0,15,6,0,34.39827500,-118.55141667,12,1,0,1,0,0,1,0
60639,CALIFORNIA,CA,5,0,5,37,1980,BRADFORD,29,4,April,2010,5,Thursday,18,45,0,13,6,0,34.04031944,-118.43775556,12,5,0,1,0,0,1,0
60640,CALIFORNIA,CA,1,0,3,65,0,CYPRESS,25,4,April,2010,1,Sunday,2,45,0,4,4,0,33.80064444,-117.12760556,1,2,0,1,0,0,1,1
60641,CALIFORNIA,CA,2,0,6,71,0,BRIDGEPORT,25,4,April,2010,1,Sunday,14,36,1,1,1,1768,35.47723611,-115.44673889,12,1,0,1,0,0,1,0
60642,CALIFORNIA,CA,1,0,4,55,2330,ATTALLA,25,4,April,2010,1,Sunday,16,44,1,12,3,77,38.26635556,-122.29937500,1,1,0,1,0,0,1,1
60643,CALIFORNIA,CA,1,2,2,37,1980,BRADFORD,25,4,April,2010,1,Sunday,19,5,0,14,6,0,34.05787778,-118.27131944,46,1,0,1,0,0,1,0
60644,CALIFORNIA,CA,1,0,1,37,0,BRADFORD,25,4,April,2010,1,Sunday,19,20,0,3,4,0,34.64651944,-118.20220556,31,5,0,1,0,0,1,1
60645,CALIFORNIA,CA,1,1,1,19,1370,CEDAR BLUFF,25,4,April,2010,1,Sunday,21,18,0,16,6,0,36.77618889,-119.67325556,8,3,0,1,0,0,1,0
60646,CALIFORNIA,CA,1,0,3,37,0,BRADFORD,25,4,April,2010,1,Sunday,23,10,1,2,3,382,34.45908333,-118.34498333,24,2,0,1,0,0,1,0
60647,CALIFORNIA,CA,1,0,2,67,0,ABBEVILLE,25,4,April,2010,1,Sunday,23,54,0,2,4,0,38.64918611,-121.57659444,58,2,0,1,0,0,1,0
60648,CALIFORNIA,CA,2,0,5,19,0,CEDAR BLUFF,11,1,January,2010,2,Monday,17,30,0,6,4,0,36.70600000,-120.38818333,12,2,0,1,0,0,1,0
60649,CALIFORNIA,CA,2,0,6,37,1980,BRADFORD,12,4,April,2010,2,Monday,22,50,1,11,1,236,34.11075000,-118.26341111,12,3,0,1,0,0,1,0
60650,CALIFORNIA,CA,1,0,1,109,0,ANSLEY,13,4,April,2010,3,Tuesday,5,55,0,2,3,113,38.03580000,-120.22475000,1,2,0,10,0,0,1,0
60651,CALIFORNIA,CA,1,0,4,71,0,BRIDGEPORT,21,3,March,2010,1,Sunday,11,6,1,1,1,156,34.24225556,-117.43283889,35,1,0,1,0,0,1,0
60652,CALIFORNIA,CA,1,0,4,71,0,BRIDGEPORT,28,3,March,2010,1,Sunday,19,1,1,1,1,232,34.33714167,-117.48249722,35,1,0,1,0,0,2,0
60653,CALIFORNIA,CA,2,0,2,71,2550,BRIDGEPORT,12,4,April,2010,2,Monday,20,47,0,13,6,0,34.01938056,-117.62836111,12,3,0,1,0,0,1,0
60654,CALIFORNIA,CA,2,0,5,45,0,ARITON,15,4,April,2010,5,Thursday,6,48,1,2,2,458,39.38042778,-123.34138333,12,4,0,5,0,0,1,0
60655,CALIFORNIA,CA,1,0,1,67,3150,ABBEVILLE,24,4,April,2010,7,Saturday,99,99,0,16,6,0,38.44800278,-121.42993056,42,4,0,1,0,0,1,0
60656,CALIFORNIA,CA,2,0,4,31,0,COFFEE,24,4,April,2010,7,Saturday,20,20,0,6,4,0,36.38741111,-119.85133333,12,2,0,1,0,0,1,1
60657,CALIFORNIA,CA,2,0,6,37,1970,BRADFORD,3,5,May,2010,2,Monday,22,40,1,12,3,128,33.87678333,-118.17503333,12,2,0,1,0,0,1,0
60658,CALIFORNIA,CA,2,0,2,37,1980,BRADFORD,5,5,May,2010,4,Wednesday,12,25,0,13,6,0,34.20099167,-118.54913889,12,1,0,1,0,0,1,0
60659,CALIFORNIA,CA,2,0,2,39,0,ANDALUSIA,5,5,May,2010,4,Wednesday,14,14,1,2,3,62,36.96688333,-119.79397222,12,1,0,1,0,0,1,0
60660,CALIFORNIA,CA,1,1,1,59,1410,FRANKLIN,5,5,May,2010,4,Wednesday,16,1,0,14,6,0,33.73390556,-117.94601111,8,1,0,1,0,0,1,0
60661,CALIFORNIA,CA,1,0,1,19,0,CEDAR BLUFF,28,4,April,2010,4,Wednesday,19,43,0,4,4,0,36.60713889,-119.98932778,30,5,0,10,0,0,1,0
60662,CALIFORNIA,CA,1,0,2,83,0,ARDMORE,28,4,April,2010,4,Wednesday,23,57,0,2,3,280,34.48630000,-119.78090000,35,2,0,1,0,0,1,0
60663,CALIFORNIA,CA,1,1,1,97,0,AXIS,29,4,April,2010,5,Thursday,1,2,1,12,2,181,38.40546389,-122.71595556,8,2,0,1,0,0,1,0
60664,CALIFORNIA,CA,1,1,1,37,0,BRADFORD,29,4,April,2010,5,Thursday,11,54,0,2,4,0,33.95318889,-118.23001111,8,1,0,1,0,0,1,0
60665,CALIFORNIA,CA,2,0,3,97,0,AXIS,29,4,April,2010,5,Thursday,18,0,0,6,4,0,38.30078889,-122.49116944,14,1,0,1,0,0,1,1
60666,CALIFORNIA,CA,1,1,2,37,1970,BRADFORD,29,4,April,2010,5,Thursday,21,20,0,16,6,0,33.78760833,-118.17636111,8,3,0,1,0,0,1,0
60667,CALIFORNIA,CA,1,0,1,65,1690,CYPRESS,29,4,April,2010,5,Thursday,22,53,0,14,6,0,33.72931944,-116.25397222,18,3,0,1,0,0,1,1
60668,CALIFORNIA,CA,1,1,1,1,2480,AUTAUGA,30,1,January,2010,7,Saturday,17,45,0,16,6,0,37.79963333,-122.30691389,8,3,0,10,0,0,1,0
60669,CALIFORNIA,CA,1,0,1,67,3150,ABBEVILLE,14,4,April,2010,4,Wednesday,2,15,1,11,1,258,38.61276944,-121.50069444,59,3,0,1,0,0,1,1
60670,CALIFORNIA,CA,1,0,1,39,0,ANDALUSIA,18,4,April,2010,1,Sunday,20,25,0,6,4,0,36.85821944,-120.45840000,24,2,0,1,0,0,1,1
60671,CALIFORNIA,CA,1,0,1,71,4040,BRIDGEPORT,18,4,April,2010,1,Sunday,21,30,1,2,2,96,34.48497500,-117.39950000,30,3,0,1,0,0,1,0
60672,CALIFORNIA,CA,1,0,1,67,0,ABBEVILLE,19,4,April,2010,2,Monday,19,4,0,2,4,0,38.33110000,-121.22290000,33,1,0,1,0,0,1,1
60673,CALIFORNIA,CA,1,1,1,7,660,BIBB,19,4,April,2010,2,Monday,20,42,0,13,6,0,39.75818056,-121.86280833,8,3,0,10,0,0,1,1
60674,CALIFORNIA,CA,1,0,1,57,0,BANKSTON,20,4,April,2010,3,Tuesday,0,28,0,2,3,21,39.04108889,-121.09496944,52,3,0,10,0,0,1,0
60675,CALIFORNIA,CA,2,0,3,65,1846,CYPRESS,30,4,April,2010,6,Friday,1,55,0,14,6,0,33.68006944,-116.29491944,12,3,0,1,0,0,2,1
60676,CALIFORNIA,CA,5,0,7,65,0,CYPRESS,30,4,April,2010,6,Friday,7,40,1,1,1,342,33.78620000,-117.49310000,12,1,0,1,0,0,1,0
60677,CALIFORNIA,CA,1,1,1,59,3420,FRANKLIN,30,4,April,2010,6,Friday,16,12,0,16,6,0,33.73015833,-117.85768056,15,1,0,1,0,0,1,0
60678,CALIFORNIA,CA,2,0,4,111,538,GRAHAM,30,4,April,2010,6,Friday,18,42,1,12,2,163,34.11052500,-119.08081111,12,1,0,1,0,0,1,0
60679,CALIFORNIA,CA,2,2,1,37,2645,BRADFORD,1,5,May,2010,7,Saturday,1,20,0,13,6,0,34.63412500,-118.12697500,8,2,0,1,0,0,1,0
60680,CALIFORNIA,CA,1,1,1,67,3150,ABBEVILLE,2,5,May,2010,1,Sunday,7,50,0,13,6,0,38.56769722,-121.42910556,9,1,0,1,0,0,1,0
60681,CALIFORNIA,CA,3,1,3,75,3290,BEAVERTON,3,5,May,2010,2,Monday,20,30,1,12,2,25,37.74241667,-122.40698611,8,2,0,1,0,0,1,0
60682,CALIFORNIA,CA,1,1,2,77,0,ANDERSON,3,5,May,2010,2,Monday,21,32,0,2,3,3,37.98723333,-121.24580278,8,3,0,1,0,0,1,0
60683,CALIFORNIA,CA,2,0,3,83,0,ARDMORE,29,4,April,2010,5,Thursday,20,15,0,2,3,153,34.56821111,-119.95223889,12,2,0,10,0,0,1,1
60684,CALIFORNIA,CA,1,0,1,97,0,AXIS,29,4,April,2010,5,Thursday,22,55,1,2,2,4,38.18816111,-122.60075000,1,2,0,1,0,0,1,1
60685,CALIFORNIA,CA,1,0,1,37,1980,BRADFORD,29,4,April,2010,5,Thursday,23,20,1,11,1,197,34.05538333,-118.19248333,25,3,0,1,0,0,1,0
60686,CALIFORNIA,CA,1,0,2,93,0,BEAR CREEK,30,4,April,2010,6,Friday,1,40,1,2,2,191,41.84654722,-121.99639444,1,2,0,10,0,0,1,0
60687,CALIFORNIA,CA,1,0,1,65,0,CYPRESS,7,5,May,2010,6,Friday,2,55,0,6,4,0,33.70615000,-117.11978056,58,2,0,1,0,0,1,1
60688,CALIFORNIA,CA,1,0,1,65,0,CYPRESS,7,5,May,2010,6,Friday,14,14,1,2,3,4,34.02206944,-117.55026944,21,1,0,1,0,0,1,0
60689,CALIFORNIA,CA,1,0,1,73,0,ARGO,7,5,May,2010,6,Friday,14,15,0,2,4,0,33.28836111,-116.39463889,42,1,0,1,0,0,1,0
60690,CALIFORNIA,CA,2,0,1,1,2480,AUTAUGA,7,5,May,2010,6,Friday,16,40,1,11,1,334,37.80616389,-122.30437500,14,1,0,10,0,0,1,0