ST_CASE,State Name,State Abbreviation,VE_TOTAL,Pedestrains,Total_Persons_in_accident,COUNTY,CITY,City_County_Name,Calendar_DAY,MONTH,Month_Name,YEAR,DAY_WEEK,Day_Week_desc,HOUR,MINUTE,NHS_Desc,trafficway,ROUTE,MILEPT,LATITUDE,LONGITUD,First_Crash_event,Light_cond_desc,Weather_condition,WEATHER,SCH_BUS,Crash_cause,FATALS,DRUNK_DR
60691,CALIFORNIA,CA,3,0,3,19,0,CEDAR BLUFF,7,5,May,2010,6,Friday,16,58,1,1,1,6,36.07886389,-120.10456667,12,1,0,1,0,0,1,0
60692,CALIFORNIA,CA,1,1,1,71,790,BRIDGEPORT,21,3,March,2010,1,Sunday,20,33,1,11,1,29,34.04983333,-117.30416111,8,3,0,1,0,0,1,0
60693,CALIFORNIA,CA,2,0,4,107,0,CARROLLTON,26,4,April,2010,2,Monday,20,58,1,2,3,236,36.12507500,-119.05661389,21,3,0,1,0,0,2,1
60694,CALIFORNIA,CA,1,0,1,97,0,AXIS,27,4,April,2010,3,Tuesday,11,10,0,2,3,49,38.21006389,-122.45478611,42,1,0,2,0,0,1,0
60695,CALIFORNIA,CA,1,0,1,37,1980,BRADFORD,27,4,April,2010,3,Tuesday,18,30,1,12,2,3,34.03829444,-118.22143611,33,1,0,10,0,0,1,1
60696,CALIFORNIA,CA,1,1,1,71,1605,BRIDGEPORT,27,4,April,2010,3,Tuesday,20,2,0,14,6,0,34.12206667,-117.24365000,8,3,0,1,0,0,1,0
60697,CALIFORNIA,CA,1,0,1,35,0,BROOKLYN,28,4,April,2010,4,Wednesday,5,15,1,2,2,405,40.16465278,-120.34743611,31,2,0,1,0,0,1,0
60698,CALIFORNIA,CA,2,0,4,19,0,CEDAR BLUFF,12,5,May,2010,4,Wednesday,16,15,0,3,4,0,36.13701389,-120.26649167,12,1,0,1,0,0,2,1
60699,CALIFORNIA,CA,1,0,2,15,0,ANNISTON,12,5,May,2010,4,Wednesday,11,45,1,2,2,260,41.88957778,-123.80086944,31,1,0,1,0,0,1,0
60700,CALIFORNIA,CA,2,0,2,25,0,BARLOW BEND,12,5,May,2010,4,Wednesday,17,5,0,2,4,0,32.82546944,-115.62073889,12,1,0,1,0,0,1,0
60701,CALIFORNIA,CA,1,0,1,39,0,ANDALUSIA,14,5,May,2010,6,Friday,10,25,0,3,4,0,36.92322500,-119.97381389,10,1,0,1,0,0,1,0
60702,CALIFORNIA,CA,2,0,4,71,0,BRIDGEPORT,14,5,May,2010,6,Friday,12,20,0,4,4,0,34.78236667,-117.25599722,12,1,0,1,0,0,1,0
60703,CALIFORNIA,CA,1,1,1,37,1980,BRADFORD,15,5,May,2010,7,Saturday,3,30,0,13,6,0,34.02498056,-118.37216944,8,3,0,1,0,0,1,0
60704,CALIFORNIA,CA,1,0,1,19,0,CEDAR BLUFF,15,5,May,2010,7,Saturday,5,35,0,4,4,0,36.64386389,-119.68211667,42,3,0,1,0,0,1,0
60705,CALIFORNIA,CA,1,1,1,37,1980,BRADFORD,5,5,May,2010,4,Wednesday,20,40,0,12,3,375,34.03164167,-118.52606667,8,3,0,1,0,0,1,0
60706,CALIFORNIA,CA,1,0,2,99,0,BEATRICE,5,5,May,2010,4,Wednesday,21,5,1,1,1,220,37.53057500,-121.25558889,1,2,0,1,0,0,1,0
60707,CALIFORNIA,CA,1,0,1,99,0,BEATRICE,5,5,May,2010,4,Wednesday,21,55,0,4,4,0,37.77075000,-120.89888611,24,2,0,1,0,0,1,0
60708,CALIFORNIA,CA,2,0,5,103,0,DANVILLE,5,5,May,2010,4,Wednesday,21,55,1,1,1,80,39.91421111,-122.20041944,39,2,0,1,0,0,1,1
60709,CALIFORNIA,CA,3,0,6,29,0,BORDEN SPRINGS,6,5,May,2010,5,Thursday,22,43,1,1,1,486,35.36962500,-119.35668611,12,2,0,1,0,0,2,0
60710,CALIFORNIA,CA,1,0,6,37,0,BRADFORD,9,5,May,2010,1,Sunday,3,40,1,2,3,220,34.77468333,-118.43210278,35,2,0,1,0,0,1,0
60711,CALIFORNIA,CA,1,1,2,7,0,BIBB,9,5,May,2010,1,Sunday,14,15,0,2,3,210,39.51005000,-121.48896944,8,1,0,10,0,0,1,0
60712,CALIFORNIA,CA,4,0,4,37,4030,BRADFORD,10,5,May,2010,2,Monday,5,16,0,14,6,0,33.99976944,-118.21967222,12,4,0,1,0,0,1,0
60713,CALIFORNIA,CA,1,0,1,83,0,ARDMORE,10,5,May,2010,2,Monday,11,10,0,4,4,0,34.64593889,-120.52396944,33,1,0,1,0,0,1,0
60714,CALIFORNIA,CA,2,0,4,71,0,BRIDGEPORT,10,5,May,2010,2,Monday,11,32,0,2,3,62,34.39683056,-117.58055000,12,1,0,1,0,0,1,0
60715,CALIFORNIA,CA,1,0,1,37,2260,BRADFORD,10,5,May,2010,2,Monday,14,7,0,15,6,0,34.04645833,-118.16269167,33,1,0,1,0,0,1,1
60716,CALIFORNIA,CA,1,1,2,65,0,CYPRESS,10,5,May,2010,2,Monday,14,38,0,14,4,0,33.74314722,-117.43384722,9,1,0,1,0,0,1,0
60717,CALIFORNIA,CA,2,0,5,65,2650,CYPRESS,10,5,May,2010,2,Monday,21,57,0,13,6,0,33.83541667,-116.50524722,33,3,0,1,0,0,1,1
60718,CALIFORNIA,CA,2,0,3,31,0,COFFEE,11,5,May,2010,3,Tuesday,7,43,1,2,3,431,36.32753889,-119.80788333,12,1,0,1,0,0,1,0
60719,CALIFORNIA,CA,1,0,1,85,3340,BENTON,11,5,May,2010,3,Tuesday,11,33,0,16,6,0,37.36755556,-121.80471111,33,1,0,1,0,0,1,0
60720,CALIFORNIA,CA,1,1,1,37,1980,BRADFORD,11,5,May,2010,3,Tuesday,15,5,0,16,6,0,34.04093889,-118.25369167,8,1,0,1,0,0,1,0
60721,CALIFORNIA,CA,3,1,1,37,1670,BRADFORD,11,5,May,2010,3,Tuesday,17,33,0,16,6,0,33.97909722,-118.22587222,33,1,0,1,0,0,1,0
60722,CALIFORNIA,CA,2,0,2,73,3260,ARGO,11,5,May,2010,3,Tuesday,18,54,0,14,6,0,33.01853611,-117.06277500,12,1,0,10,0,0,1,0
60723,CALIFORNIA,CA,1,0,1,73,4060,ARGO,12,5,May,2010,4,Wednesday,4,1,0,16,6,0,33.16207500,-117.24250000,33,6,0,1,0,0,1,0
60724,CALIFORNIA,CA,2,0,2,37,1870,BRADFORD,16,5,May,2010,1,Sunday,16,9,1,12,3,474,34.11928056,-117.77341111,33,1,0,1,0,0,1,0
60725,CALIFORNIA,CA,1,0,1,113,0,COTTONTON,16,5,May,2010,1,Sunday,19,15,0,5,4,0,38.59104722,-121.98068611,1,1,0,1,0,0,1,0
60726,CALIFORNIA,CA,2,0,4,71,1305,BRIDGEPORT,5,5,May,2010,4,Wednesday,8,25,1,11,1,151,34.06590278,-117.49410278,14,1,0,1,0,0,1,0
60727,CALIFORNIA,CA,1,0,1,53,0,ATMORE,7,5,May,2010,6,Friday,20,48,0,2,3,543,36.31203056,-121.88825000,38,2,0,1,0,0,1,1
60728,CALIFORNIA,CA,1,0,1,29,240,BORDEN SPRINGS,8,5,May,2010,7,Saturday,2,9,0,14,6,0,35.37335833,-118.99071944,33,3,0,1,0,0,1,1
60729,CALIFORNIA,CA,2,0,1,107,4050,CARROLLTON,8,5,May,2010,7,Saturday,4,6,0,15,6,0,36.35040278,-119.27440833,14,3,0,1,0,0,1,1
60730,CALIFORNIA,CA,2,0,2,59,4130,FRANKLIN,8,5,May,2010,7,Saturday,8,11,0,14,6,0,33.75503889,-118.01567222,1,1,0,1,0,0,1,0
60731,CALIFORNIA,CA,3,1,4,37,1980,BRADFORD,15,5,May,2010,7,Saturday,10,40,1,11,1,262,34.14733889,-118.27900000,12,1,0,1,0,0,1,0
60732,CALIFORNIA,CA,1,0,2,85,0,BENTON,15,5,May,2010,7,Saturday,14,5,0,6,4,0,37.30555000,-121.94011944,38,1,0,1,0,0,1,0
60733,CALIFORNIA,CA,3,0,3,73,3260,ARGO,16,5,May,2010,1,Sunday,2,2,1,11,1,188,32.95581667,-117.10086944,12,2,0,1,0,0,1,0
60734,CALIFORNIA,CA,2,0,3,77,0,ANDERSON,15,5,May,2010,7,Saturday,15,11,0,4,4,0,37.87733056,-121.36691944,1,1,0,1,0,0,1,0
60735,CALIFORNIA,CA,3,0,6,71,3,BRIDGEPORT,15,5,May,2010,7,Saturday,15,30,1,2,2,201,34.63151389,-117.43002778,12,1,0,1,0,0,1,0
60736,CALIFORNIA,CA,1,0,1,71,0,BRIDGEPORT,15,5,May,2010,7,Saturday,19,47,0,4,4,0,34.02766944,-116.95076944,59,1,0,1,0,0,1,1
60737,CALIFORNIA,CA,1,1,1,83,3430,ARDMORE,15,5,May,2010,7,Saturday,20,26,0,13,6,0,34.42898333,-119.71216389,8,5,0,1,0,0,1,0
60738,CALIFORNIA,CA,3,0,9,47,190,BROWNS,15,5,May,2010,7,Saturday,20,54,0,13,6,0,37.35011667,-120.62106389,12,3,0,1,0,0,1,1
60739,CALIFORNIA,CA,1,1,1,65,1690,CYPRESS,15,5,May,2010,7,Saturday,21,25,0,16,6,0,33.70884444,-116.24265556,8,3,0,1,0,0,1,0
60740,CALIFORNIA,CA,3,0,5,43,0,BAILEYTON,11,5,May,2010,3,Tuesday,8,15,0,2,3,117,37.46195000,-119.88131111,12,1,0,1,0,0,1,0
60741,CALIFORNIA,CA,2,0,7,71,0,BRIDGEPORT,16,5,May,2010,1,Sunday,20,20,0,4,4,0,34.13930278,-117.33995000,12,2,0,1,0,0,2,1
60742,CALIFORNIA,CA,4,0,1,37,1980,BRADFORD,17,5,May,2010,2,Monday,0,30,0,13,6,0,34.30384722,-118.45373056,14,3,0,10,0,0,1,0
60743,CALIFORNIA,CA,2,0,1,73,1200,ARGO,17,5,May,2010,2,Monday,17,50,0,14,6,0,33.17342222,-117.08892222,30,1,0,10,0,0,1,0
60744,CALIFORNIA,CA,1,1,1,37,1980,BRADFORD,17,5,May,2010,2,Monday,23,35,0,13,6,0,34.05255278,-118.30995556,8,3,0,1,0,0,1,0
60745,CALIFORNIA,CA,3,0,3,111,538,GRAHAM,18,5,May,2010,3,Tuesday,7,40,1,12,2,139,34.21692222,-119.03516944,12,1,10,2,0,0,1,0
60746,CALIFORNIA,CA,2,0,5,111,0,GRAHAM,18,5,May,2010,3,Tuesday,8,0,0,4,4,0,34.17803889,-119.12155000,12,1,10,2,0,0,1,0
60747,CALIFORNIA,CA,2,0,3,73,3260,ARGO,1,5,May,2010,7,Saturday,2,33,1,11,1,8,32.75603611,-117.23445556,12,2,0,1,0,0,2,1
60748,CALIFORNIA,CA,1,0,1,25,0,BARLOW BEND,1,5,May,2010,7,Saturday,16,5,0,6,4,0,32.76546944,-115.93396111,58,1,0,1,0,0,1,0
60749,CALIFORNIA,CA,2,0,2,37,0,BRADFORD,1,5,May,2010,7,Saturday,16,35,0,3,4,0,34.44606944,-118.48361111,12,1,0,1,0,0,1,0
60750,CALIFORNIA,CA,1,0,1,67,3150,ABBEVILLE,1,5,May,2010,7,Saturday,21,6,0,13,6,0,38.51489167,-121.50035000,30,3,0,1,0,0,1,1
60751,CALIFORNIA,CA,5,0,10,65,1580,CYPRESS,1,5,May,2010,7,Saturday,21,10,0,13,6,0,33.74740278,-117.00664722,12,3,0,1,0,0,1,1
60752,CALIFORNIA,CA,2,0,2,19,1370,CEDAR BLUFF,2,5,May,2010,1,Sunday,9,20,0,14,6,0,36.86113333,-119.78648889,12,1,0,1,0,0,1,0
60753,CALIFORNIA,CA,2,0,5,31,0,COFFEE,2,5,May,2010,1,Sunday,10,43,1,2,3,183,36.01023889,-119.95931111,12,1,0,1,0,0,1,0
60754,CALIFORNIA,CA,1,0,1,37,0,BRADFORD,2,5,May,2010,1,Sunday,12,10,0,4,4,0,34.10754167,-118.73379722,35,1,0,1,0,0,1,0
60755,CALIFORNIA,CA,2,0,2,73,0,ARGO,2,5,May,2010,1,Sunday,13,25,0,2,3,246,33.36373056,-117.05758056,12,1,0,1,0,0,1,0
60756,CALIFORNIA,CA,1,0,1,21,0,CHILTON,2,5,May,2010,1,Sunday,14,11,0,2,3,184,39.67471111,-122.00606111,30,1,0,1,0,0,1,0
60757,CALIFORNIA,CA,1,0,1,1,2480,AUTAUGA,2,5,May,2010,1,Sunday,22,55,1,11,1,434,37.80929444,-122.24488611,25,3,0,1,0,0,1,1
60758,CALIFORNIA,CA,1,0,1,65,0,CYPRESS,3,5,May,2010,2,Monday,99,99,0,2,3,601,33.89892500,-116.62708333,24,2,0,1,0,0,1,0
60759,CALIFORNIA,CA,2,0,2,37,0,BRADFORD,4,5,May,2010,3,Tuesday,0,20,0,2,4,0,34.06356944,-117.86853889,30,3,0,1,0,0,1,1
60760,CALIFORNIA,CA,2,0,2,47,0,BROWNS,4,5,May,2010,3,Tuesday,5,40,0,2,4,0,37.42731111,-120.67346111,12,6,0,1,0,0,1,1
60761,CALIFORNIA,CA,2,0,2,65,0,CYPRESS,4,5,May,2010,3,Tuesday,5,50,0,3,4,0,33.83919444,-117.06183611,12,4,0,1,0,0,2,0
60762,CALIFORNIA,CA,1,0,2,45,0,ARITON,4,5,May,2010,3,Tuesday,14,4,1,2,2,632,39.41961389,-123.35488889,18,1,0,1,0,0,1,0
60763,CALIFORNIA,CA,1,0,1,7,0,BIBB,4,5,May,2010,3,Tuesday,15,47,0,4,6,0,39.64707222,-121.62671944,32,1,0,1,0,0,1,0
60764,CALIFORNIA,CA,1,0,1,33,0,CHEROKEE,5,5,May,2010,4,Wednesday,3,10,0,4,4,0,38.89373889,-122.65891944,1,2,0,1,0,0,1,0
60765,CALIFORNIA,CA,1,0,2,29,0,BORDEN SPRINGS,5,5,May,2010,4,Wednesday,5,45,0,6,4,0,35.41646944,-118.95931944,38,4,0,1,0,0,1,0
60766,CALIFORNIA,CA,2,0,2,7,0,BIBB,5,5,May,2010,4,Wednesday,8,43,1,2,3,445,39.86573889,-121.96232778,12,1,0,1,0,0,1,0
60767,CALIFORNIA,CA,1,0,1,97,0,AXIS,16,5,May,2010,1,Sunday,0,27,1,2,2,163,38.38240000,-122.71590000,25,3,0,1,0,0,1,1
60768,CALIFORNIA,CA,2,0,1,85,3340,BENTON,20,5,May,2010,5,Thursday,18,48,0,16,6,0,37.23381944,-121.77035556,1,1,0,1,0,0,1,0
60769,CALIFORNIA,CA,1,2,1,59,4130,FRANKLIN,20,5,May,2010,5,Thursday,19,15,0,14,6,0,33.75796944,-117.98103333,8,3,0,1,0,0,1,0
60770,CALIFORNIA,CA,2,0,2,45,0,ARITON,20,5,May,2010,5,Thursday,19,50,0,2,3,192,39.07226111,-123.45742500,12,1,0,1,0,0,1,1
60771,CALIFORNIA,CA,2,0,2,19,0,CEDAR BLUFF,21,5,May,2010,6,Friday,0,30,1,2,3,122,36.63884444,-119.69804167,12,2,0,1,0,0,1,1
60772,CALIFORNIA,CA,4,0,4,73,0,ARGO,21,5,May,2010,6,Friday,9,59,0,2,3,355,33.29724722,-116.91740556,12,1,0,1,0,0,1,0
60773,CALIFORNIA,CA,1,0,6,29,0,BORDEN SPRINGS,21,5,May,2010,6,Friday,10,8,1,1,1,714,35.59750000,-119.63716111,43,1,0,1,0,0,1,0
60774,CALIFORNIA,CA,4,1,1,37,1980,BRADFORD,22,5,May,2010,7,Saturday,3,40,0,14,6,0,34.27921389,-118.50863056,14,3,0,1,0,0,1,1
60775,CALIFORNIA,CA,2,0,2,65,850,CYPRESS,22,5,May,2010,7,Saturday,16,28,0,13,6,0,33.89015278,-117.56418333,12,1,0,1,0,0,1,0
60776,CALIFORNIA,CA,1,1,1,67,0,ABBEVILLE,22,5,May,2010,7,Saturday,23,50,0,2,4,0,38.49568611,-121.39381944,8,2,0,1,0,0,1,0
60777,CALIFORNIA,CA,1,0,1,29,0,BORDEN SPRINGS,22,5,May,2010,7,Saturday,99,99,1,1,1,879,34.80886944,-118.88325000,25,2,0,99,0,0,1,0
60778,CALIFORNIA,CA,1,0,10,29,0,BORDEN SPRINGS,23,5,May,2010,1,Sunday,1,9,0,3,6,0,35.39107778,-119.07441667,1,2,0,10,0,0,1,0
60779,CALIFORNIA,CA,1,0,1,65,3070,CYPRESS,8,5,May,2010,7,Saturday,17,14,0,14,6,0,33.94916667,-117.35855278,33,1,0,1,0,0,1,0
60780,CALIFORNIA,CA,2,0,4,99,2200,BEATRICE,10,5,May,2010,2,Monday,16,39,0,14,6,0,37.66411111,-121.02671111,12,1,10,2,0,0,1,0
60781,CALIFORNIA,CA,1,0,1,43,0,BAILEYTON,10,5,May,2010,2,Monday,18,45,1,2,3,326,37.34186111,-120.22051389,33,1,0,10,0,0,1,0
60782,CALIFORNIA,CA,1,1,2,45,1320,ARITON,18,5,May,2010,3,Tuesday,8,0,0,15,6,0,39.44163611,-123.79805000,8,1,0,10,0,0,1,0
60783,CALIFORNIA,CA,1,0,1,9,0,BLOUNT,18,5,May,2010,3,Tuesday,13,35,0,4,4,0,38.10765000,-120.51451944,1,1,0,1,0,0,1,0
60784,CALIFORNIA,CA,2,0,2,29,240,BORDEN SPRINGS,18,5,May,2010,3,Tuesday,16,32,0,13,6,0,35.38008056,-118.98300556,1,1,0,1,0,0,1,0
60785,CALIFORNIA,CA,1,0,1,99,0,BEATRICE,18,5,May,2010,3,Tuesday,19,5,0,4,4,0,37.80032222,-120.72721111,33,1,0,1,0,0,1,0
60786,CALIFORNIA,CA,1,1,1,37,1980,BRADFORD,18,5,May,2010,3,Tuesday,20,30,0,13,6,0,34.22156111,-118.44340000,8,3,0,1,0,0,1,0
60787,CALIFORNIA,CA,2,0,3,19,0,CEDAR BLUFF,18,5,May,2010,3,Tuesday,21,10,0,2,4,0,36.70750556,-119.66406111,12,2,0,1,0,0,1,0
60788,CALIFORNIA,CA,1,1,1,67,0,ABBEVILLE,18,5,May,2010,3,Tuesday,99,99,1,1,1,107,38.64541667,-121.38311111,8,2,0,10,0,0,1,0
60789,CALIFORNIA,CA,2,0,2,47,0,BROWNS,19,5,May,2010,4,Wednesday,5,45,0,4,4,0,37.42111944,-120.59463889,12,1,0,1,0,0,1,0
60790,CALIFORNIA,CA,3,0,4,59,1380,FRANKLIN,19,5,May,2010,4,Wednesday,8,20,1,12,3,194,33.90360000,-117.88106944,12,1,0,1,0,0,1,0
60791,CALIFORNIA,CA,4,3,2,37,1980,BRADFORD,23,5,May,2010,1,Sunday,2,10,1,12,2,142,34.15671944,-118.42041944,12,2,0,1,0,0,3,1
60793,CALIFORNIA,CA,1,1,2,37,1045,BRADFORD,23,5,May,2010,1,Sunday,15,34,0,13,6,0,33.93821667,-118.12953889,8,1,0,1,0,0,1,0
60794,CALIFORNIA,CA,1,0,3,65,2730,CYPRESS,14,5,May,2010,6,Friday,19,40,0,16,6,0,33.75759722,-117.18042222,7,5,0,1,0,0,2,1
60795,CALIFORNIA,CA,1,1,2,1,1364,AUTAUGA,14,5,May,2010,6,Friday,20,20,0,13,6,0,37.55853333,-121.98023889,8,5,0,1,0,0,1,0
60796,CALIFORNIA,CA,2,0,4,37,1980,BRADFORD,15,5,May,2010,7,Saturday,1,25,0,13,6,0,33.90913611,-118.28274167,12,3,0,1,0,0,1,0
60797,CALIFORNIA,CA,1,0,1,111,0,GRAHAM,15,5,May,2010,7,Saturday,7,52,1,12,2,306,34.27763056,-119.30090833,24,1,0,10,0,0,1,1
60798,CALIFORNIA,CA,2,0,2,37,2700,BRADFORD,15,5,May,2010,7,Saturday,8,18,0,14,6,0,34.14958611,-118.12808889,33,1,0,1,0,0,1,0
60799,CALIFORNIA,CA,2,0,2,69,0,ASHFORD,19,5,May,2010,4,Wednesday,16,40,0,2,3,430,36.77556667,-121.31026111,12,1,0,1,0,0,1,1
60800,CALIFORNIA,CA,1,0,1,79,170,COURTLAND,19,5,May,2010,4,Wednesday,19,9,1,12,2,494,35.52718056,-120.70507500,42,1,0,1,0,0,1,0
60801,CALIFORNIA,CA,2,0,2,65,2276,CYPRESS,20,5,May,2010,5,Thursday,16,50,0,14,6,0,33.97600278,-117.23439167,1,1,0,1,0,0,1,1
60802,CALIFORNIA,CA,1,0,1,65,0,CYPRESS,22,5,May,2010,7,Saturday,4,30,0,2,3,43,33.47035278,-115.88101389,1,2,0,1,0,0,1,0
60803,CALIFORNIA,CA,1,0,1,65,0,CYPRESS,22,5,May,2010,7,Saturday,11,2,0,2,3,101,33.64597222,-117.36908056,1,1,0,1,0,0,1,0
60804,CALIFORNIA,CA,2,0,4,85,2280,BENTON,22,5,May,2010,7,Saturday,12,18,0,15,6,0,37.12770833,-121.62888889,12,1,0,1,0,0,1,0
60805,CALIFORNIA,CA,1,2,1,37,810,BRADFORD,25,4,April,2010,1,Sunday,0,38,0,15,6,0,33.89240833,-118.25566111,8,3,0,1,0,0,1,1
60806,CALIFORNIA,CA,1,1,1,53,1760,ATMORE,26,4,April,2010,2,Monday,5,28,0,14,6,0,36.20330278,-121.11364444,15,3,0,1,0,0,1,0
60807,CALIFORNIA,CA,1,1,1,37,1980,BRADFORD,26,4,April,2010,2,Monday,21,58,0,14,6,0,34.25007222,-118.46968056,8,3,0,1,0,0,1,0
60808,CALIFORNIA,CA,1,0,1,67,0,ABBEVILLE,27,4,April,2010,3,Tuesday,5,45,0,2,3,31,38.59540000,-121.38160000,30,2,0,10,0,0,1,0
60809,CALIFORNIA,CA,1,1,2,37,2870,BRADFORD,27,4,April,2010,3,Tuesday,7,50,0,16,6,0,34.04504444,-117.75501111,8,1,0,10,0,0,1,0
60810,CALIFORNIA,CA,1,0,1,13,2790,BOLLING,23,5,May,2010,1,Sunday,1,20,1,12,3,220,38.01935833,-121.91914444,34,3,0,1,0,0,1,1
60811,CALIFORNIA,CA,1,0,1,65,3851,CYPRESS,23,5,May,2010,1,Sunday,1,23,0,14,6,0,33.49093611,-117.14608889,33,3,0,1,0,0,1,1
60812,CALIFORNIA,CA,1,0,1,73,0,ARGO,25,5,May,2010,3,Tuesday,10,15,0,5,4,0,33.20063056,-116.97165000,42,1,0,1,0,0,1,0
60813,CALIFORNIA,CA,1,0,1,37,1970,BRADFORD,26,5,May,2010,4,Wednesday,2,27,1,11,1,61,33.77629444,-118.20437222,33,3,0,1,0,0,1,1
60814,CALIFORNIA,CA,1,0,4,71,0,BRIDGEPORT,26,5,May,2010,4,Wednesday,9,23,1,1,1,162,34.24991944,-117.44336944,1,1,0,1,0,0,1,0
60815,CALIFORNIA,CA,2,0,4,107,0,CARROLLTON,26,5,May,2010,4,Wednesday,17,54,0,4,4,0,36.21000000,-119.49322778,12,1,0,1,0,0,2,1
60816,CALIFORNIA,CA,1,1,1,19,1370,CEDAR BLUFF,26,5,May,2010,4,Wednesday,20,47,1,12,3,246,36.77206944,-119.83813056,9,3,0,1,0,0,1,0
60817,CALIFORNIA,CA,1,0,1,59,3960,FRANKLIN,28,5,May,2010,6,Friday,9,13,1,12,3,104,33.73878056,-117.83390000,23,1,0,1,0,0,1,1
60818,CALIFORNIA,CA,1,0,7,47,1930,BROWNS,21,5,May,2010,6,Friday,22,2,1,12,3,299,37.38856944,-120.72848889,35,2,0,1,0,0,1,0
60819,CALIFORNIA,CA,1,1,1,73,1200,ARGO,21,5,May,2010,6,Friday,22,25,0,13,6,0,33.09422222,-117.07195278,8,3,0,1,0,0,1,0
60820,CALIFORNIA,CA,1,0,1,107,0,CARROLLTON,22,5,May,2010,7,Saturday,2,20,0,5,4,0,36.00768889,-119.28278056,30,2,0,1,0,0,1,1
60821,CALIFORNIA,CA,1,0,1,107,0,CARROLLTON,22,5,May,2010,7,Saturday,3,0,0,5,4,0,36.54443889,-119.45771111,38,2,0,1,0,0,1,0
60822,CALIFORNIA,CA,2,0,2,37,1015,BRADFORD,23,5,May,2010,1,Sunday,3,12,1,12,3,252,34.02320000,-117.81278056,14,2,0,1,0,0,1,1
60823,CALIFORNIA,CA,2,0,2,107,0,CARROLLTON,23,5,May,2010,1,Sunday,20,26,0,4,4,0,36.37825000,-119.27881944,12,2,0,1,0,0,1,1
60824,CALIFORNIA,CA,2,0,2,73,0,ARGO,23,5,May,2010,1,Sunday,20,45,0,4,4,0,32.81343056,-116.94718056,12,3,0,1,0,0,1,1
60825,CALIFORNIA,CA,8,0,5,37,1980,BRADFORD,23,5,May,2010,1,Sunday,23,52,0,14,6,0,34.20834444,-118.57972222,12,3,0,1,0,0,1,1
60826,CALIFORNIA,CA,3,0,6,71,3210,BRIDGEPORT,29,5,May,2010,7,Saturday,11,41,0,12,3,133,34.18300556,-117.27478333,12,1,0,1,0,0,1,0
60827,CALIFORNIA,CA,1,0,3,37,1870,BRADFORD,23,1,January,2010,7,Saturday,0,44,0,13,6,0,34.11777500,-117.77890833,33,3,0,1,0,0,2,1
60828,CALIFORNIA,CA,2,0,2,37,1970,BRADFORD,20,5,May,2010,5,Thursday,17,51,0,14,6,0,33.85435833,-118.17347778,12,1,0,1,0,0,1,0
60829,CALIFORNIA,CA,2,0,2,37,1980,BRADFORD,22,5,May,2010,7,Saturday,4,10,1,12,3,92,34.14551111,-118.22211111,12,2,0,1,0,0,1,1
60830,CALIFORNIA,CA,1,0,5,37,639,BRADFORD,28,5,May,2010,6,Friday,19,25,1,11,1,42,33.86428056,-118.09823611,33,1,0,1,0,0,1,0
60831,CALIFORNIA,CA,1,1,1,75,3290,BEAVERTON,28,5,May,2010,6,Friday,99,99,0,16,6,0,37.77268333,-122.42372778,8,3,0,1,0,0,1,0
60832,CALIFORNIA,CA,2,0,3,37,1980,BRADFORD,29,5,May,2010,7,Saturday,11,10,0,16,6,0,34.07321111,-118.44911667,12,1,0,1,0,0,1,1
60833,CALIFORNIA,CA,1,0,3,85,1420,BENTON,27,5,May,2010,5,Thursday,0,54,0,15,6,0,37.00741944,-121.56636944,30,3,0,98,0,0,2,1
60834,CALIFORNIA,CA,3,0,5,101,0,BOYLSTON,28,5,May,2010,6,Friday,13,53,1,2,3,92,39.14233056,-121.75398056,12,1,0,1,0,0,1,1
60835,CALIFORNIA,CA,2,0,2,65,0,CYPRESS,31,5,May,2010,2,Monday,14,25,1,2,3,31,33.46227222,-116.09120000,12,1,0,1,0,0,1,0
60836,CALIFORNIA,CA,2,0,5,97,3089,AXIS,31,5,May,2010,2,Monday,16,17,0,13,6,0,38.34801667,-122.71316667,12,1,0,1,0,0,1,0
60837,CALIFORNIA,CA,1,0,1,107,0,CARROLLTON,29,5,May,2010,7,Saturday,21,15,0,6,6,0,36.35495000,-119.12348889,43,3,0,1,0,0,1,1
60838,CALIFORNIA,CA,1,0,1,71,1605,BRIDGEPORT,29,5,May,2010,7,Saturday,23,41,0,12,3,276,34.13188889,-117.22061944,24,2,0,1,0,0,1,1
60839,CALIFORNIA,CA,1,0,1,73,0,ARGO,29,5,May,2010,7,Saturday,99,99,1,1,1,485,32.76363889,-116.48710000,1,2,0,1,0,0,1,1
60840,CALIFORNIA,CA,1,0,1,107,4050,CARROLLTON,30,5,May,2010,1,Sunday,3,22,0,14,6,0,36.31856667,-119.36772222,42,2,0,1,0,0,1,1
60841,CALIFORNIA,CA,1,0,1,35,0,BROOKLYN,30,5,May,2010,1,Sunday,12,57,0,4,6,0,40.37423056,-120.63261944,38,1,0,1,0,0,1,1