ST_CASE,State Name,State Abbreviation,VE_TOTAL,Pedestrains,Total_Persons_in_accident,COUNTY,CITY,City_County_Name,Calendar_DAY,MONTH,Month_Name,YEAR,DAY_WEEK,Day_Week_desc,HOUR,MINUTE,NHS_Desc,trafficway,ROUTE,MILEPT,LATITUDE,LONGITUD,First_Crash_event,Light_cond_desc,Weather_condition,WEATHER,SCH_BUS,Crash_cause,FATALS,DRUNK_DR
60842,CALIFORNIA,CA,1,0,1,89,0,BROWNSBORO,30,5,May,2010,1,Sunday,16,20,0,5,4,0,40.42623889,-121.88253889,1,1,0,1,0,0,1,0
60843,CALIFORNIA,CA,1,1,1,67,1108,ABBEVILLE,30,5,May,2010,1,Sunday,21,22,0,14,6,0,38.43807778,-121.40582500,9,3,0,1,0,0,1,0
60844,CALIFORNIA,CA,1,0,1,73,0,ARGO,31,5,May,2010,2,Monday,10,1,0,4,4,0,33.05078889,-116.79563056,1,1,0,1,0,0,1,0
60845,CALIFORNIA,CA,1,1,2,37,1980,BRADFORD,30,3,March,2010,3,Tuesday,9,15,0,13,6,0,34.04306111,-118.21965000,8,1,0,1,0,0,1,0
60846,CALIFORNIA,CA,1,0,1,59,1713,FRANKLIN,30,3,March,2010,3,Tuesday,19,43,1,11,1,15,33.65040000,-117.75580000,33,3,0,1,0,0,1,0
60847,CALIFORNIA,CA,1,0,1,13,0,BOLLING,2,4,April,2010,6,Friday,15,0,1,2,3,29,38.01318056,-122.23619444,59,1,2,2,0,0,1,0
60848,CALIFORNIA,CA,2,0,2,83,3460,ARDMORE,5,4,April,2010,2,Monday,18,28,0,14,6,0,34.96621944,-120.42550000,12,1,0,1,0,0,1,1
60849,CALIFORNIA,CA,2,0,5,29,0,BORDEN SPRINGS,5,4,April,2010,2,Monday,19,35,1,2,3,280,35.61586111,-119.73516944,12,2,0,1,0,0,3,0
60850,CALIFORNIA,CA,1,1,4,73,0,ARGO,18,4,April,2010,1,Sunday,4,15,1,1,1,545,33.20981944,-117.38668889,8,3,0,5,0,0,1,0
60851,CALIFORNIA,CA,2,0,1,37,1980,BRADFORD,1,6,June,2010,3,Tuesday,4,37,1,12,2,83,34.11791111,-118.33773889,12,3,0,1,0,0,1,0
60852,CALIFORNIA,CA,1,0,2,23,0,BLADON SPRINGS,1,6,June,2010,3,Tuesday,7,25,1,2,2,348,40.82056389,-124.09362222,42,1,0,1,0,0,1,0
60853,CALIFORNIA,CA,3,0,4,73,0,ARGO,1,6,June,2010,3,Tuesday,8,40,1,2,3,120,32.73511111,-117.01548056,1,1,0,1,0,0,1,0
60854,CALIFORNIA,CA,1,0,1,65,3070,CYPRESS,2,6,June,2010,4,Wednesday,0,39,1,12,3,112,33.89788889,-117.48838889,1,3,0,1,0,0,1,1
60855,CALIFORNIA,CA,1,0,1,37,1980,BRADFORD,2,6,June,2010,4,Wednesday,2,10,0,13,6,0,34.25726111,-118.56344167,30,3,0,10,0,0,1,1
60856,CALIFORNIA,CA,1,0,1,107,0,CARROLLTON,2,6,June,2010,4,Wednesday,5,15,0,6,4,0,35.92926111,-119.30381111,42,4,0,1,0,0,1,1
60857,CALIFORNIA,CA,2,0,2,83,0,ARDMORE,2,6,June,2010,4,Wednesday,9,55,0,2,3,81,34.61043056,-120.05513056,12,1,0,1,0,0,1,0
60858,CALIFORNIA,CA,2,0,2,19,0,CEDAR BLUFF,2,6,June,2010,4,Wednesday,14,23,0,5,4,0,36.63268056,-119.37661111,12,1,0,1,0,0,2,1
60859,CALIFORNIA,CA,1,0,1,47,0,BROWNS,2,6,June,2010,4,Wednesday,14,50,0,4,4,0,37.35325000,-120.96063889,38,1,0,1,0,0,1,1
60860,CALIFORNIA,CA,2,0,4,29,240,BORDEN SPRINGS,2,6,June,2010,4,Wednesday,23,36,0,14,6,0,35.36459444,-119.02121111,12,3,0,1,0,0,1,1
60861,CALIFORNIA,CA,1,0,1,99,0,BEATRICE,3,6,June,2010,5,Thursday,3,15,1,1,1,150,37.45288056,-121.17260000,24,2,0,1,0,0,1,0
60862,CALIFORNIA,CA,1,0,1,7,0,BIBB,3,6,June,2010,5,Thursday,10,19,0,2,3,147,39.75563889,-121.73820000,33,1,0,1,0,0,1,0
60863,CALIFORNIA,CA,1,0,3,107,0,CARROLLTON,4,6,June,2010,6,Friday,1,45,0,6,4,0,36.25350000,-118.77561111,42,3,0,1,0,0,1,1
60864,CALIFORNIA,CA,2,0,2,19,0,CEDAR BLUFF,4,6,June,2010,6,Friday,11,27,0,5,4,0,36.74985833,-119.91620000,12,1,0,1,0,0,1,0
60865,CALIFORNIA,CA,2,0,3,31,0,COFFEE,5,6,June,2010,7,Saturday,1,49,1,2,3,380,36.25660000,-119.80803056,12,3,0,1,0,0,1,0
60866,CALIFORNIA,CA,1,0,1,51,0,CENTRAL,5,6,June,2010,7,Saturday,5,50,1,2,2,631,38.08152500,-119.17822778,11,4,0,1,0,0,1,0
60867,CALIFORNIA,CA,2,0,4,19,1370,CEDAR BLUFF,5,6,June,2010,7,Saturday,7,29,0,13,6,0,36.77937500,-119.81757222,12,1,0,1,0,0,1,0
60868,CALIFORNIA,CA,2,0,2,37,1825,BRADFORD,5,6,June,2010,7,Saturday,11,50,0,12,3,25,33.91731389,-117.99153333,12,1,0,1,0,0,1,1
60869,CALIFORNIA,CA,1,0,1,63,0,BOLIGEE,5,6,June,2010,7,Saturday,16,37,0,2,3,102,39.79587500,-120.64026944,58,1,0,10,0,0,1,0
60870,CALIFORNIA,CA,1,0,3,25,0,BARLOW BEND,2,6,June,2010,4,Wednesday,16,30,1,2,3,593,33.32096111,-115.99521111,1,1,0,1,0,0,2,0
60871,CALIFORNIA,CA,2,0,2,29,240,BORDEN SPRINGS,23,5,May,2010,1,Sunday,6,39,0,13,6,0,35.29618333,-119.10983056,12,1,0,10,0,0,1,1
60872,CALIFORNIA,CA,1,0,4,111,0,GRAHAM,29,5,May,2010,7,Saturday,21,13,0,2,3,33,34.26576944,-119.14446111,42,2,0,1,0,0,1,1
60873,CALIFORNIA,CA,2,0,3,73,1182,ARGO,1,6,June,2010,3,Tuesday,14,10,1,11,1,407,33.03699167,-117.28185278,12,1,0,1,0,0,1,0
60874,CALIFORNIA,CA,2,0,4,29,0,BORDEN SPRINGS,2,6,June,2010,4,Wednesday,22,28,0,2,4,0,35.37313056,-118.96741111,12,3,0,1,0,0,1,1
60875,CALIFORNIA,CA,5,0,5,37,2458,BRADFORD,3,6,June,2010,5,Thursday,4,23,1,11,1,54,33.92226944,-118.08336111,33,2,0,1,0,0,1,1
60876,CALIFORNIA,CA,4,0,8,55,0,ATTALLA,3,6,June,2010,5,Thursday,8,20,0,2,3,19,38.21680556,-122.22475556,12,1,0,1,0,0,4,0
60877,CALIFORNIA,CA,1,1,1,1,1170,AUTAUGA,3,6,June,2010,5,Thursday,10,29,0,12,3,0,37.82717222,-122.27853333,9,1,0,1,0,0,1,0
60878,CALIFORNIA,CA,2,0,4,45,0,ARITON,3,6,June,2010,5,Thursday,13,50,1,2,2,339,39.27061111,-123.24256944,12,1,0,1,0,0,1,0
60879,CALIFORNIA,CA,2,1,2,79,0,COURTLAND,3,6,June,2010,5,Thursday,20,40,1,2,2,50,35.03803889,-120.48591944,8,5,0,1,0,0,1,0
60880,CALIFORNIA,CA,1,1,1,81,3730,AUBURN,5,6,June,2010,7,Saturday,0,15,1,12,2,234,37.67316667,-122.38908056,8,2,0,1,0,0,1,0
60881,CALIFORNIA,CA,1,1,2,37,0,BRADFORD,28,2,February,2010,1,Sunday,21,15,0,2,4,0,33.94543889,-118.31776111,8,3,0,10,0,0,1,0
60882,CALIFORNIA,CA,1,0,2,13,3010,BOLLING,24,3,March,2010,4,Wednesday,15,49,1,11,1,5,37.90083056,-122.31091944,30,1,0,1,0,0,1,0
60883,CALIFORNIA,CA,2,0,6,29,240,BORDEN SPRINGS,24,4,April,2010,7,Saturday,10,24,1,13,3,516,35.38327778,-119.04771111,12,1,0,1,0,0,1,0
60884,CALIFORNIA,CA,1,1,2,59,3420,FRANKLIN,25,4,April,2010,1,Sunday,9,28,0,13,6,0,33.74524444,-117.89809722,8,1,0,1,0,0,1,0
60885,CALIFORNIA,CA,1,0,1,45,0,ARITON,25,4,April,2010,1,Sunday,21,7,0,2,3,311,39.40441667,-123.38625000,38,2,0,1,0,0,1,1
60886,CALIFORNIA,CA,1,0,1,1,2480,AUTAUGA,23,5,May,2010,1,Sunday,16,20,1,11,1,336,37.48302778,-122.18183889,38,1,0,1,0,0,1,0
60887,CALIFORNIA,CA,1,1,1,107,0,CARROLLTON,27,5,May,2010,5,Thursday,3,38,0,3,4,0,36.54478889,-119.29251111,8,2,0,1,0,0,1,0
60888,CALIFORNIA,CA,2,0,4,29,240,BORDEN SPRINGS,27,5,May,2010,5,Thursday,5,50,1,12,3,245,35.36733889,-119.04155278,12,4,0,10,0,0,1,0
60889,CALIFORNIA,CA,1,0,1,107,0,CARROLLTON,27,5,May,2010,5,Thursday,11,35,0,3,4,0,36.16218333,-119.33832500,58,1,0,1,0,0,1,0
60890,CALIFORNIA,CA,2,0,3,85,2182,BENTON,27,5,May,2010,5,Thursday,13,23,1,11,1,69,37.40343889,-121.90951111,12,1,0,1,0,0,1,0
60891,CALIFORNIA,CA,1,1,3,73,2510,ARGO,29,5,May,2010,7,Saturday,21,50,0,14,6,0,33.24530556,-117.30873889,9,3,0,1,0,0,1,0
60892,CALIFORNIA,CA,1,1,1,73,2510,ARGO,7,6,June,2010,2,Monday,20,30,0,16,6,0,33.26151667,-117.29813056,8,5,0,10,0,0,1,0
60893,CALIFORNIA,CA,1,0,1,59,1380,FRANKLIN,6,5,May,2010,5,Thursday,4,46,1,12,3,190,33.89903056,-117.88141111,33,2,0,1,0,0,1,0
60894,CALIFORNIA,CA,1,1,1,77,3770,ANDERSON,8,5,May,2010,7,Saturday,8,45,0,13,6,0,38.00365556,-121.28479167,9,1,0,1,0,0,1,0
60895,CALIFORNIA,CA,1,0,2,73,3260,ARGO,8,5,May,2010,7,Saturday,16,38,1,11,1,270,32.89191111,-117.20701111,59,1,0,1,0,0,1,1
60896,CALIFORNIA,CA,1,0,1,97,0,AXIS,8,5,May,2010,7,Saturday,21,10,0,5,6,0,38.28504722,-122.74165556,30,2,0,1,0,0,1,1
60897,CALIFORNIA,CA,1,0,2,37,1980,BRADFORD,13,5,May,2010,5,Thursday,11,10,0,13,6,0,34.20108333,-118.52600556,33,1,0,1,0,0,1,0
60898,CALIFORNIA,CA,2,0,3,37,1670,BRADFORD,24,5,May,2010,2,Monday,20,16,0,13,6,0,33.97277222,-118.21169167,12,3,0,1,0,0,1,0
60899,CALIFORNIA,CA,1,1,1,13,820,BOLLING,24,5,May,2010,2,Monday,23,5,0,12,3,23,37.98822222,-122.03997778,8,2,0,1,0,0,1,0
60900,CALIFORNIA,CA,1,0,1,65,1801,CYPRESS,24,5,May,2010,2,Monday,23,10,1,11,1,207,33.67668056,-117.32248889,41,2,0,1,0,0,1,1
60901,CALIFORNIA,CA,1,0,1,107,0,CARROLLTON,24,5,May,2010,2,Monday,99,99,0,6,4,0,36.53695000,-119.25292222,1,2,0,1,0,0,1,1
60902,CALIFORNIA,CA,2,0,2,107,0,CARROLLTON,25,5,May,2010,3,Tuesday,7,20,0,3,4,0,36.41940833,-119.39481389,12,1,0,1,0,0,1,0
60903,CALIFORNIA,CA,2,0,3,67,3150,ABBEVILLE,25,5,May,2010,3,Tuesday,0,39,1,12,2,8,38.56644167,-121.50308889,12,2,0,1,0,0,1,0
60904,CALIFORNIA,CA,1,1,1,85,3340,BENTON,14,2,February,2010,1,Sunday,18,42,1,12,3,54,37.32351944,-121.89610000,8,2,0,1,0,0,1,0
60905,CALIFORNIA,CA,2,0,2,59,1380,FRANKLIN,25,4,April,2010,1,Sunday,2,36,0,14,6,0,33.89606111,-117.96568056,12,3,0,1,0,0,1,2
60906,CALIFORNIA,CA,3,0,5,1,2480,AUTAUGA,26,4,April,2010,2,Monday,13,33,1,11,1,388,37.77994167,-122.17206667,12,1,0,1,0,0,1,0
60907,CALIFORNIA,CA,2,0,3,107,0,CARROLLTON,26,4,April,2010,2,Monday,16,15,0,6,4,0,36.57143333,-119.41293889,12,1,0,1,0,0,1,0
60908,CALIFORNIA,CA,2,0,3,1,0,AUTAUGA,11,5,May,2010,3,Tuesday,9,35,1,1,1,102,37.57882222,-121.87689444,12,1,0,1,0,0,1,1
60909,CALIFORNIA,CA,2,0,3,47,0,BROWNS,23,5,May,2010,1,Sunday,21,23,0,3,4,0,37.38936944,-120.62256111,12,2,0,1,0,0,1,2
60910,CALIFORNIA,CA,2,1,1,1,20,AUTAUGA,5,6,June,2010,7,Saturday,2,2,1,11,1,73,37.88736944,-122.30933611,25,2,0,1,0,0,1,0
60911,CALIFORNIA,CA,1,0,1,89,0,BROWNSBORO,5,6,June,2010,7,Saturday,8,45,0,2,3,454,40.51575556,-122.08033611,1,1,0,10,0,0,1,0
60912,CALIFORNIA,CA,2,0,3,59,80,FRANKLIN,5,6,June,2010,7,Saturday,18,54,0,13,6,409,33.84347778,-117.95889444,33,1,0,1,0,0,1,1
60913,CALIFORNIA,CA,2,0,1,37,1980,BRADFORD,6,6,June,2010,1,Sunday,5,45,0,13,6,0,34.08477500,-118.29172778,14,1,0,1,0,0,1,1
60914,CALIFORNIA,CA,1,0,1,19,0,CEDAR BLUFF,8,6,June,2010,3,Tuesday,16,0,0,2,4,0,36.64760000,-119.69989722,39,1,0,1,0,0,1,0
60915,CALIFORNIA,CA,1,1,1,73,4060,ARGO,9,6,June,2010,4,Wednesday,4,46,0,14,6,0,33.21940000,-117.22612778,8,3,0,10,0,0,1,0
60916,CALIFORNIA,CA,2,0,7,71,4040,BRIDGEPORT,7,6,June,2010,2,Monday,16,55,1,2,2,75,34.45349167,-117.39977222,12,3,0,1,0,0,1,0
60917,CALIFORNIA,CA,1,1,1,37,1980,BRADFORD,10,6,June,2010,5,Thursday,10,35,0,13,6,0,34.12273889,-118.34075556,8,1,0,1,0,0,1,0
60918,CALIFORNIA,CA,1,1,1,37,1980,BRADFORD,10,6,June,2010,5,Thursday,13,5,0,13,6,0,34.06237222,-118.35144167,8,1,0,1,0,0,1,0
60919,CALIFORNIA,CA,1,1,3,37,1980,BRADFORD,10,6,June,2010,5,Thursday,18,22,0,16,6,0,34.28617500,-118.39443056,30,1,0,1,0,0,1,0
60920,CALIFORNIA,CA,2,0,3,51,0,CENTRAL,31,5,May,2010,2,Monday,22,50,1,2,2,392,37.80045833,-119.04087778,12,2,0,10,0,0,2,0
60921,CALIFORNIA,CA,4,1,4,37,1980,BRADFORD,13,6,June,2010,1,Sunday,20,50,0,13,6,0,34.14755833,-118.36150556,8,3,0,1,0,0,1,1
60922,CALIFORNIA,CA,1,0,1,77,0,ANDERSON,14,6,June,2010,2,Monday,20,20,0,4,4,0,37.66723056,-121.37098056,1,5,0,1,0,0,1,0
60923,CALIFORNIA,CA,2,0,3,73,1200,ARGO,15,6,June,2010,3,Tuesday,0,35,1,11,1,279,33.08134722,-117.07241667,18,2,0,1,0,0,1,0
60924,CALIFORNIA,CA,2,1,2,1,1364,AUTAUGA,15,6,June,2010,3,Tuesday,4,6,1,11,1,29,37.50278056,-121.93167778,8,2,0,1,0,0,1,0
60925,CALIFORNIA,CA,3,0,4,111,0,GRAHAM,20,6,June,2010,1,Sunday,20,45,1,2,2,378,34.32090000,-119.38696944,12,2,0,1,0,0,1,0
60926,CALIFORNIA,CA,1,1,1,67,3150,ABBEVILLE,21,6,June,2010,2,Monday,0,51,0,12,3,51,38.61459167,-121.42261389,8,2,0,10,0,0,1,0
60927,CALIFORNIA,CA,1,1,1,29,240,BORDEN SPRINGS,8,5,May,2010,7,Saturday,20,28,0,12,3,28,35.36835833,-119.00301667,8,3,0,1,0,0,1,0
60928,CALIFORNIA,CA,1,0,1,39,2050,ANDALUSIA,13,5,May,2010,5,Thursday,19,55,1,12,3,141,36.99566111,-120.10290000,58,1,0,1,0,0,1,1
60929,CALIFORNIA,CA,1,1,1,67,0,ABBEVILLE,14,5,May,2010,6,Friday,5,10,0,3,4,0,38.71468056,-121.45815000,8,2,0,1,0,0,1,0
60930,CALIFORNIA,CA,4,0,5,71,0,BRIDGEPORT,10,6,June,2010,5,Thursday,2,34,1,1,1,1026,34.80468056,-115.27028889,12,2,0,1,0,0,1,0
60931,CALIFORNIA,CA,2,0,2,47,0,BROWNS,7,6,June,2010,2,Monday,17,10,0,2,4,0,37.34543889,-120.61396944,12,1,0,10,0,0,1,0
60932,CALIFORNIA,CA,4,0,2,1,1560,AUTAUGA,8,6,June,2010,3,Tuesday,12,13,0,16,6,0,37.63518611,-122.08985833,12,1,0,1,0,0,1,0
60933,CALIFORNIA,CA,2,0,2,99,0,BEATRICE,9,6,June,2010,4,Wednesday,6,55,0,4,4,0,37.53415000,-120.99428889,12,1,0,1,1,0,1,0
60934,CALIFORNIA,CA,1,0,1,65,0,CYPRESS,9,6,June,2010,4,Wednesday,9,10,0,2,3,781,33.57331389,-116.49313333,1,1,0,1,0,0,1,0
60935,CALIFORNIA,CA,1,0,1,61,0,BELLWOOD,9,6,June,2010,4,Wednesday,18,20,1,1,1,206,38.93905000,-121.05216111,1,1,0,1,0,0,1,1
60936,CALIFORNIA,CA,2,0,4,37,639,BRADFORD,10,6,June,2010,5,Thursday,7,42,1,12,3,174,33.87621944,-118.09343889,12,1,0,10,0,0,1,0
60937,CALIFORNIA,CA,1,0,2,65,3070,CYPRESS,11,6,June,2010,6,Friday,0,33,0,13,6,0,33.88490278,-117.35039444,30,3,0,1,0,0,1,1
60938,CALIFORNIA,CA,1,0,2,37,1840,BRADFORD,11,6,June,2010,6,Friday,17,50,0,13,6,0,34.64591667,-118.11325278,40,1,0,1,0,0,1,0
60939,CALIFORNIA,CA,1,0,1,27,0,ASHLAND,11,6,June,2010,6,Friday,99,99,0,6,4,0,35.96119444,-117.33655833,1,2,0,1,0,0,1,1
60940,CALIFORNIA,CA,1,0,1,71,0,BRIDGEPORT,12,6,June,2010,7,Saturday,2,15,1,2,3,192,34.22558333,-117.26984167,38,2,0,1,0,0,1,1
60941,CALIFORNIA,CA,1,0,2,107,0,CARROLLTON,12,6,June,2010,7,Saturday,6,8,0,2,3,41,35.84405000,-119.37378056,1,1,0,1,0,0,1,0
60942,CALIFORNIA,CA,3,0,4,43,0,BAILEYTON,12,6,June,2010,7,Saturday,15,18,0,2,3,112,37.45988056,-119.87370000,12,1,0,1,0,0,1,0
60943,CALIFORNIA,CA,1,0,1,99,0,BEATRICE,13,6,June,2010,1,Sunday,2,0,0,2,3,251,37.60651389,-121.26202500,1,2,0,1,0,0,1,1
60944,CALIFORNIA,CA,3,0,2,37,1970,BRADFORD,13,6,June,2010,1,Sunday,2,19,0,13,6,0,33.78188611,-118.21549167,14,2,0,1,0,0,1,1
60945,CALIFORNIA,CA,1,0,1,65,0,CYPRESS,13,6,June,2010,1,Sunday,3,59,1,11,1,377,33.93543056,-117.29055000,1,3,0,1,0,0,1,0
60946,CALIFORNIA,CA,1,0,1,71,2960,BRIDGEPORT,13,6,June,2010,1,Sunday,4,45,1,11,1,242,34.06886944,-117.20158056,1,2,0,1,0,0,1,1
60947,CALIFORNIA,CA,1,0,1,13,0,BOLLING,13,6,June,2010,1,Sunday,6,45,1,2,3,63,38.00578889,-122.16086944,41,1,0,1,0,0,1,0
60948,CALIFORNIA,CA,2,0,3,97,0,AXIS,13,6,June,2010,1,Sunday,14,15,0,2,3,97,38.24878889,-122.41046944,12,1,0,1,0,0,2,0
60949,CALIFORNIA,CA,1,0,1,65,9999,CYPRESS,13,6,June,2010,1,Sunday,17,20,0,15,6,0,33.74293611,-117.18045556,1,1,0,1,0,0,1,0
60950,CALIFORNIA,CA,1,0,5,99,0,BEATRICE,13,6,June,2010,1,Sunday,19,25,1,1,1,28,37.26361944,-121.09311944,1,1,0,1,0,0,1,0
60951,CALIFORNIA,CA,2,0,2,71,2922,BRIDGEPORT,13,6,June,2010,1,Sunday,21,17,0,14,6,0,34.10851389,-117.56220833,33,3,0,1,0,0,1,1
60952,CALIFORNIA,CA,2,0,2,111,0,GRAHAM,14,6,June,2010,2,Monday,13,40,1,2,3,79,34.26342222,-119.04720833,12,1,0,1,0,0,1,0
60953,CALIFORNIA,CA,1,0,1,23,0,BLADON SPRINGS,14,6,June,2010,2,Monday,18,25,0,2,3,63,41.00535833,-123.64915000,42,1,0,1,0,0,1,0
60954,CALIFORNIA,CA,1,0,1,115,0,ASHVILLE,14,6,June,2010,2,Monday,19,30,0,2,3,90,39.49495000,-121.03023611,58,1,0,1,0,0,1,1
60955,CALIFORNIA,CA,2,0,5,107,0,CARROLLTON,14,6,June,2010,2,Monday,21,45,0,6,4,0,36.02838889,-118.89866111,12,2,0,1,0,0,1,0
60956,CALIFORNIA,CA,1,0,1,37,3870,BRADFORD,15,6,June,2010,3,Tuesday,10,33,0,13,6,0,33.85783611,-118.30950833,42,1,0,1,0,0,1,0
60957,CALIFORNIA,CA,5,0,7,81,2980,AUBURN,15,6,June,2010,3,Tuesday,14,36,0,16,6,0,37.48038889,-122.25244444,12,1,0,1,0,0,1,0
60958,CALIFORNIA,CA,1,0,1,63,0,BOLIGEE,15,6,June,2010,3,Tuesday,15,55,1,2,3,169,40.31477778,-121.05674167,17,1,0,1,0,0,1,0
60959,CALIFORNIA,CA,1,0,1,97,4239,AXIS,15,6,June,2010,3,Tuesday,19,20,0,15,6,0,38.54808056,-122.83995833,33,1,0,1,0,0,1,1
60960,CALIFORNIA,CA,2,0,2,37,0,BRADFORD,16,6,June,2010,4,Wednesday,16,15,0,3,4,0,34.05575000,-118.17906111,12,1,0,1,0,0,1,0
60961,CALIFORNIA,CA,1,0,1,111,0,GRAHAM,17,6,June,2010,5,Thursday,15,5,0,5,4,0,34.47283056,-118.75791111,35,1,0,1,0,0,1,1
60962,CALIFORNIA,CA,1,0,1,109,0,ANSLEY,17,6,June,2010,5,Thursday,22,28,0,6,4,0,38.36746111,-119.86593889,42,2,0,1,0,0,1,1
60963,CALIFORNIA,CA,1,0,1,19,0,CEDAR BLUFF,19,6,June,2010,7,Saturday,15,35,0,4,4,0,36.60366944,-119.37860000,1,1,0,1,0,0,1,1
60964,CALIFORNIA,CA,4,0,6,53,0,ATMORE,19,6,June,2010,7,Saturday,16,10,1,2,2,417,36.20075000,-121.14381111,1,1,0,1,0,0,1,1
60965,CALIFORNIA,CA,2,0,3,107,4050,CARROLLTON,19,6,June,2010,7,Saturday,16,58,0,12,3,50,36.28396111,-119.31344722,12,1,0,1,0,0,1,0
60966,CALIFORNIA,CA,1,0,1,71,3210,BRIDGEPORT,19,6,June,2010,7,Saturday,17,10,1,12,3,212,34.13456944,-117.34151111,33,1,0,1,0,0,1,0
60967,CALIFORNIA,CA,2,0,2,71,680,BRIDGEPORT,20,6,June,2010,1,Sunday,4,30,1,12,3,30,34.03021944,-117.67880833,12,2,0,1,0,0,1,2
60968,CALIFORNIA,CA,1,0,5,93,0,BEAR CREEK,20,6,June,2010,1,Sunday,20,15,0,6,4,0,41.99035000,-121.59526944,1,1,0,10,0,0,1,1
60969,CALIFORNIA,CA,1,0,3,37,3686,BRADFORD,20,6,June,2010,1,Sunday,21,54,0,13,6,0,34.04658611,-118.03059722,33,3,0,1,0,0,1,1
60970,CALIFORNIA,CA,1,0,1,65,0,CYPRESS,20,6,June,2010,1,Sunday,23,25,0,6,4,0,33.98276944,-117.40743056,33,3,0,1,0,0,1,0
60971,CALIFORNIA,CA,2,0,2,19,1370,CEDAR BLUFF,22,6,June,2010,3,Tuesday,7,47,0,14,6,0,36.68751667,-119.75470833,12,1,0,1,0,0,1,0
60972,CALIFORNIA,CA,1,1,1,65,2650,CYPRESS,18,6,June,2010,6,Friday,23,45,1,14,6,0,33.84056111,-116.54561111,9,2,0,1,0,0,1,0
60973,CALIFORNIA,CA,2,0,3,99,2200,BEATRICE,22,6,June,2010,3,Tuesday,19,37,0,13,6,0,37.67008056,-120.99165833,1,1,0,1,0,0,1,0
60974,CALIFORNIA,CA,1,0,1,109,0,ANSLEY,23,6,June,2010,4,Wednesday,15,15,0,2,3,75,37.70485556,-120.33419167,33,1,0,1,0,0,1,1
60975,CALIFORNIA,CA,2,0,4,55,0,ATTALLA,23,6,June,2010,4,Wednesday,9,54,0,4,4,0,38.55281111,-122.49841111,12,1,0,1,0,0,1,0
60976,CALIFORNIA,CA,2,0,3,67,2934,ABBEVILLE,23,6,June,2010,4,Wednesday,19,43,0,13,6,0,38.52805833,-121.24292778,12,1,0,1,0,0,1,0
60977,CALIFORNIA,CA,1,0,1,67,0,ABBEVILLE,24,6,June,2010,5,Thursday,6,25,0,4,6,0,38.59193611,-121.24202778,1,1,0,1,0,0,1,0
60978,CALIFORNIA,CA,1,0,4,49,0,COLLINSVILLE,24,6,June,2010,5,Thursday,7,18,1,2,2,93,41.31878611,-120.50753056,11,1,0,10,0,0,2,0
60979,CALIFORNIA,CA,2,0,2,71,0,BRIDGEPORT,25,6,June,2010,6,Friday,12,35,0,2,4,0,34.03870000,-117.28428889,12,1,0,1,0,0,1,0
60980,CALIFORNIA,CA,1,1,1,97,0,AXIS,11,6,June,2010,6,Friday,8,15,0,6,4,0,38.58301389,-122.63544444,8,1,0,1,0,0,1,0
60981,CALIFORNIA,CA,1,0,1,71,0,BRIDGEPORT,11,6,June,2010,6,Friday,12,50,1,2,3,232,34.13528889,-116.22998056,33,1,0,1,0,0,1,0
60982,CALIFORNIA,CA,2,0,2,37,245,BRADFORD,18,6,June,2010,6,Friday,9,35,0,13,6,0,34.07973333,-117.98916667,12,1,0,1,0,0,1,1
60983,CALIFORNIA,CA,1,0,2,35,0,BROOKLYN,18,6,June,2010,6,Friday,11,5,1,2,3,229,40.42261111,-120.68854722,11,1,0,10,0,0,1,0
60984,CALIFORNIA,CA,1,1,2,73,3260,ARGO,18,6,June,2010,6,Friday,11,59,0,14,6,0,32.69418056,-117.10240556,8,1,0,1,0,0,1,0
60985,CALIFORNIA,CA,2,0,2,99,0,BEATRICE,18,6,June,2010,6,Friday,15,50,0,4,4,0,37.71091944,-120.92936111,12,1,0,1,0,0,1,1
60986,CALIFORNIA,CA,1,0,4,13,3010,BOLLING,19,6,June,2010,7,Saturday,3,48,0,12,6,0,37.96808611,-122.37387778,33,3,0,1,0,0,1,0
60987,CALIFORNIA,CA,1,1,2,75,3290,BEAVERTON,19,2,February,2010,6,Friday,2,18,0,13,6,0,37.79867778,-122.40785833,8,3,0,1,0,0,1,0
60988,CALIFORNIA,CA,1,1,1,37,2870,BRADFORD,17,4,April,2010,7,Saturday,0,31,1,12,3,16,34.05333889,-117.78114722,8,3,0,1,0,0,1,1
60989,CALIFORNIA,CA,7,0,1,73,3260,ARGO,13,5,May,2010,5,Thursday,2,35,0,13,6,0,32.77168611,-117.24782778,14,3,0,10,0,0,1,1
60990,CALIFORNIA,CA,3,0,4,37,1015,BRADFORD,24,5,May,2010,2,Monday,0,30,1,12,3,258,34.02401111,-117.81058056,12,3,0,1,0,0,1,1