ST_CASE,State Name,State Abbreviation,VE_TOTAL,Pedestrains,Total_Persons_in_accident,COUNTY,CITY,City_County_Name,Calendar_DAY,MONTH,Month_Name,YEAR,DAY_WEEK,Day_Week_desc,HOUR,MINUTE,NHS_Desc,trafficway,ROUTE,MILEPT,LATITUDE,LONGITUD,First_Crash_event,Light_cond_desc,Weather_condition,WEATHER,SCH_BUS,Crash_cause,FATALS,DRUNK_DR
60991,CALIFORNIA,CA,2,0,3,33,0,CHEROKEE,29,5,May,2010,7,Saturday,8,30,0,2,3,99,38.79231667,-122.56593056,12,1,0,1,0,0,2,0
60992,CALIFORNIA,CA,3,0,8,79,0,COURTLAND,28,5,May,2010,6,Friday,17,56,1,2,3,463,35.66217222,-120.39873889,12,1,0,1,0,0,1,0
60993,CALIFORNIA,CA,2,0,3,37,350,BRADFORD,10,6,June,2010,5,Thursday,9,59,0,13,6,0,34.07706667,-118.42010833,12,1,0,1,0,0,1,0
60994,CALIFORNIA,CA,1,1,2,65,2730,CYPRESS,12,6,June,2010,7,Saturday,21,52,0,15,6,0,33.81920833,-117.21737778,8,2,0,1,0,0,1,1
60995,CALIFORNIA,CA,1,1,2,107,0,CARROLLTON,13,6,June,2010,1,Sunday,21,6,0,6,4,0,36.10528889,-119.06454444,8,2,0,1,0,0,1,0
60996,CALIFORNIA,CA,1,1,1,19,0,CEDAR BLUFF,14,6,June,2010,2,Monday,22,0,0,4,4,0,36.60026111,-119.39498056,8,2,0,1,0,0,1,0
60997,CALIFORNIA,CA,1,1,3,65,612,CYPRESS,15,6,June,2010,3,Tuesday,19,10,0,16,6,0,33.83273056,-116.46861667,8,1,0,1,0,0,1,0
60998,CALIFORNIA,CA,2,1,2,37,30,BRADFORD,17,6,June,2010,5,Thursday,2,25,1,11,1,245,34.07146944,-118.11360000,8,2,0,1,0,0,1,1
60999,CALIFORNIA,CA,1,1,1,77,1940,ANDERSON,17,6,June,2010,5,Thursday,4,57,0,14,6,0,38.12697778,-121.28827500,9,3,0,1,0,0,1,0
61000,CALIFORNIA,CA,3,1,2,37,1980,BRADFORD,17,6,June,2010,5,Thursday,21,0,0,15,6,0,34.08691389,-118.20031944,14,2,0,1,0,0,1,0
61001,CALIFORNIA,CA,2,0,2,71,2550,BRIDGEPORT,17,6,June,2010,5,Thursday,22,40,0,15,6,0,33.98989722,-117.59323611,12,2,0,1,0,0,1,1
61002,CALIFORNIA,CA,2,0,2,87,0,ARMSTRONG,22,6,June,2010,3,Tuesday,1,53,0,3,4,0,37.00216111,-121.95490000,17,2,0,1,0,0,2,1
61003,CALIFORNIA,CA,2,0,2,1,1364,AUTAUGA,12,6,June,2010,7,Saturday,10,10,0,13,3,139,37.59036111,-121.94111944,12,1,0,1,0,0,1,0
61004,CALIFORNIA,CA,1,0,1,61,1890,BELLWOOD,1,7,July,2010,5,Thursday,12,11,0,12,3,112,38.83725000,-121.29983056,33,1,0,1,0,0,1,0
61005,CALIFORNIA,CA,2,0,2,77,0,ANDERSON,5,7,July,2010,2,Monday,2,55,1,1,1,15,37.61309167,-121.36234167,12,2,0,1,0,0,2,1
61006,CALIFORNIA,CA,1,0,2,71,0,BRIDGEPORT,6,7,July,2010,3,Tuesday,8,58,1,1,1,134,34.83831944,-116.78068056,1,1,0,1,0,0,1,0
61007,CALIFORNIA,CA,2,0,5,65,0,CYPRESS,6,7,July,2010,3,Tuesday,20,5,1,12,3,350,33.74280000,-117.06296111,12,5,0,1,0,0,1,0
61008,CALIFORNIA,CA,1,0,1,109,0,ANSLEY,6,7,July,2010,3,Tuesday,99,99,0,4,6,0,37.96294444,-120.25703333,33,2,0,1,0,0,1,0
61009,CALIFORNIA,CA,4,0,4,37,1980,BRADFORD,7,7,July,2010,4,Wednesday,6,50,0,13,6,0,34.10934444,-118.24229722,12,1,0,10,0,0,1,0
61010,CALIFORNIA,CA,1,0,1,73,3260,ARGO,7,7,July,2010,4,Wednesday,16,29,0,14,6,0,32.92072222,-117.15356944,33,1,0,10,0,0,1,0
61011,CALIFORNIA,CA,1,0,2,95,1260,ALBERTVILLE,7,7,July,2010,4,Wednesday,23,25,0,13,6,0,38.29749444,-121.96945833,33,2,0,1,0,0,1,1
61012,CALIFORNIA,CA,2,0,3,19,1370,CEDAR BLUFF,8,7,July,2010,5,Thursday,1,25,0,13,6,0,36.80865833,-119.75413056,12,2,0,1,0,0,1,0
61013,CALIFORNIA,CA,1,0,2,9,0,BLOUNT,8,7,July,2010,5,Thursday,14,45,0,2,3,123,38.23798056,-120.76036111,35,1,0,1,0,0,1,0
61014,CALIFORNIA,CA,3,0,4,83,0,ARDMORE,8,7,July,2010,5,Thursday,2,22,1,2,2,844,34.89103056,-120.41771944,12,2,0,1,0,0,1,1
61015,CALIFORNIA,CA,1,0,1,13,0,BOLLING,8,7,July,2010,5,Thursday,17,20,1,2,3,52,38.01498056,-122.17797778,1,1,0,1,0,0,1,0
61016,CALIFORNIA,CA,4,0,6,77,3770,ANDERSON,8,7,July,2010,5,Thursday,19,56,1,12,3,182,37.95578056,-121.23965000,12,1,0,1,0,0,1,1
61017,CALIFORNIA,CA,1,0,2,59,470,FRANKLIN,9,7,July,2010,6,Friday,4,44,0,16,6,0,33.85528889,-117.98498889,38,3,0,1,0,0,1,1
61018,CALIFORNIA,CA,1,0,1,17,0,CHAMBERS,9,7,July,2010,6,Friday,5,5,0,3,4,0,38.68876111,-120.61495000,42,4,0,1,0,0,1,0
61019,CALIFORNIA,CA,1,0,1,103,0,DANVILLE,9,7,July,2010,6,Friday,11,26,0,4,4,0,40.01980000,-122.35760000,38,1,0,1,0,0,1,0
61020,CALIFORNIA,CA,1,0,1,71,0,BRIDGEPORT,9,7,July,2010,6,Friday,15,32,1,1,1,1747,35.47020278,-115.45130833,24,1,0,1,0,0,1,0
61021,CALIFORNIA,CA,1,0,1,71,790,BRIDGEPORT,10,7,July,2010,7,Saturday,3,8,0,16,6,0,34.01986944,-117.35995833,38,2,0,1,0,0,1,1
61022,CALIFORNIA,CA,1,0,1,37,1980,BRADFORD,10,7,July,2010,7,Saturday,11,45,1,12,3,119,34.26848056,-118.43473056,2,1,0,1,0,0,1,0
61023,CALIFORNIA,CA,2,0,4,115,0,ASHVILLE,10,7,July,2010,7,Saturday,13,5,0,4,4,0,39.14416667,-121.50740556,12,1,0,1,0,0,1,0
61024,CALIFORNIA,CA,3,0,6,73,0,ARGO,10,7,July,2010,7,Saturday,15,50,0,3,4,0,32.83480000,-116.75811944,12,1,0,1,0,0,1,0
61025,CALIFORNIA,CA,2,0,2,71,1305,BRIDGEPORT,10,7,July,2010,7,Saturday,18,3,0,14,6,0,34.06288056,-117.48446111,12,1,0,1,0,0,1,1
61026,CALIFORNIA,CA,1,0,1,61,0,BELLWOOD,10,7,July,2010,7,Saturday,22,30,1,1,1,105,38.83560000,-121.16830000,33,3,0,1,0,0,1,1
61027,CALIFORNIA,CA,2,0,4,85,3790,BENTON,11,7,July,2010,1,Sunday,11,20,0,14,6,0,37.35946944,-122.05956944,12,1,0,1,0,0,1,0
61028,CALIFORNIA,CA,1,0,1,7,0,BIBB,11,7,July,2010,1,Sunday,12,10,0,6,4,0,39.54161389,-121.58461389,35,1,0,1,0,0,1,0
61029,CALIFORNIA,CA,1,0,6,29,0,BORDEN SPRINGS,11,7,July,2010,1,Sunday,12,30,0,2,3,69,35.05805000,-119.28131111,1,1,0,1,0,0,1,0
61030,CALIFORNIA,CA,1,0,1,65,250,CYPRESS,11,7,July,2010,1,Sunday,22,28,1,1,1,93,33.92702500,-116.94678056,58,3,0,1,0,0,1,0
61031,CALIFORNIA,CA,2,0,2,29,3820,BORDEN SPRINGS,12,7,July,2010,2,Monday,20,1,0,13,3,190,35.14418611,-119.46271389,12,5,0,1,0,0,1,0
61032,CALIFORNIA,CA,1,0,1,1,0,AUTAUGA,12,7,July,2010,2,Monday,21,57,1,11,1,320,37.70311944,-122.11291111,33,3,0,1,0,0,1,1
61033,CALIFORNIA,CA,2,0,4,37,3870,BRADFORD,13,7,July,2010,3,Tuesday,14,57,0,13,6,0,33.80669722,-118.35090556,12,1,0,1,0,0,1,0
61034,CALIFORNIA,CA,4,0,10,37,1845,BRADFORD,13,7,July,2010,3,Tuesday,19,0,0,14,6,0,34.01531944,-117.94661667,12,1,0,1,0,0,1,1
61035,CALIFORNIA,CA,1,0,2,71,0,BRIDGEPORT,13,7,July,2010,3,Tuesday,19,20,1,1,1,237,34.34013056,-117.47371111,35,1,0,1,0,0,1,1
61036,CALIFORNIA,CA,2,0,2,59,80,FRANKLIN,14,7,July,2010,4,Wednesday,0,1,1,12,3,11,33.85398056,-117.96205000,12,3,0,1,0,0,1,1
61037,CALIFORNIA,CA,2,0,2,23,0,BLADON SPRINGS,14,7,July,2010,4,Wednesday,13,18,1,2,2,593,40.50518611,-124.10731389,12,1,0,1,0,0,1,1
61038,CALIFORNIA,CA,1,0,2,19,1370,CEDAR BLUFF,14,7,July,2010,4,Wednesday,14,42,0,14,6,0,36.75770000,-119.73863889,5,1,0,1,0,0,1,0
61039,CALIFORNIA,CA,1,0,1,109,0,ANSLEY,14,7,July,2010,4,Wednesday,21,15,0,6,4,0,37.84313889,-120.13129167,1,2,0,1,0,0,1,1
61040,CALIFORNIA,CA,3,0,4,59,80,FRANKLIN,15,7,July,2010,5,Thursday,8,35,0,14,6,0,33.85496667,-117.87227222,12,1,0,1,0,0,1,0
61041,CALIFORNIA,CA,2,0,5,65,2650,CYPRESS,16,7,July,2010,6,Friday,20,35,1,11,1,322,33.90550000,-116.56146111,12,2,0,1,0,0,1,0
61042,CALIFORNIA,CA,2,0,2,111,4027,GRAHAM,17,7,July,2010,7,Saturday,9,3,0,13,6,0,34.24695278,-119.19471389,12,1,0,1,0,0,1,1
61043,CALIFORNIA,CA,2,0,4,65,1580,CYPRESS,18,7,July,2010,1,Sunday,0,20,0,15,6,0,33.71034167,-117.01637778,12,2,0,1,0,0,2,2
61044,CALIFORNIA,CA,1,0,1,67,0,ABBEVILLE,18,7,July,2010,1,Sunday,3,50,0,6,4,0,38.68740000,-121.22081111,38,3,0,1,0,0,1,1
61045,CALIFORNIA,CA,3,0,6,33,0,CHEROKEE,18,7,July,2010,1,Sunday,13,31,0,2,3,231,39.03795278,-122.74548056,12,1,0,1,0,0,1,0
61046,CALIFORNIA,CA,1,0,1,53,3180,ATMORE,18,7,July,2010,1,Sunday,20,56,1,12,2,878,36.68354722,-121.64591389,58,2,0,10,0,0,1,1
61047,CALIFORNIA,CA,2,0,2,21,2590,CHILTON,19,7,July,2010,2,Monday,14,1,0,16,6,0,39.74022778,-122.19728611,12,1,0,1,0,0,1,0
61048,CALIFORNIA,CA,2,0,4,19,1370,CEDAR BLUFF,19,7,July,2010,2,Monday,14,5,0,14,6,0,36.75749722,-119.82168611,12,1,0,1,0,0,2,0
61049,CALIFORNIA,CA,1,1,1,85,2311,BENTON,19,7,July,2010,2,Monday,19,42,0,14,6,0,37.39207500,-122.08268611,8,1,0,1,0,0,1,0
61050,CALIFORNIA,CA,1,0,1,107,0,CARROLLTON,20,7,July,2010,3,Tuesday,23,5,1,2,3,485,36.45100000,-119.48963056,1,3,0,1,0,0,1,1
61051,CALIFORNIA,CA,2,0,3,45,0,ARITON,21,7,July,2010,4,Wednesday,21,27,1,2,2,1046,39.88731389,-123.74060278,12,2,0,1,0,0,1,0
61052,CALIFORNIA,CA,2,0,2,37,1980,BRADFORD,22,7,July,2010,5,Thursday,12,35,0,13,6,0,33.97452500,-118.31120556,12,1,0,1,0,0,1,0
61053,CALIFORNIA,CA,2,0,4,79,0,COURTLAND,1,6,June,2010,3,Tuesday,17,9,0,6,4,0,35.57038889,-120.64808889,1,1,0,1,0,0,1,0
61054,CALIFORNIA,CA,1,0,1,73,3260,ARGO,12,6,June,2010,7,Saturday,2,18,1,13,3,87,32.56796389,-116.97968611,33,3,0,10,0,0,1,1
61055,CALIFORNIA,CA,1,0,1,77,3770,ANDERSON,12,6,June,2010,7,Saturday,21,8,0,13,6,0,37.91479722,-121.18808333,38,2,0,1,0,0,1,1
61056,CALIFORNIA,CA,2,0,3,71,2550,BRIDGEPORT,13,6,June,2010,1,Sunday,11,25,0,16,6,0,34.01724722,-117.58456111,12,1,0,1,0,0,1,0
61057,CALIFORNIA,CA,2,1,1,25,0,BARLOW BEND,17,6,June,2010,5,Thursday,23,45,1,1,1,583,32.74816944,-115.20943056,14,2,0,1,0,0,1,0
61058,CALIFORNIA,CA,2,0,2,65,0,CYPRESS,18,6,June,2010,6,Friday,0,10,1,2,3,19,33.94081111,-116.59621944,12,2,0,1,0,0,1,0
61059,CALIFORNIA,CA,2,0,3,37,3280,BRADFORD,18,6,June,2010,6,Friday,2,10,0,13,6,0,34.28798333,-118.44616944,12,3,0,1,0,0,1,1
61060,CALIFORNIA,CA,2,1,2,71,0,BRIDGEPORT,18,6,June,2010,6,Friday,2,40,1,1,1,243,34.33060833,-117.48247222,8,2,0,1,0,0,1,0
61061,CALIFORNIA,CA,1,0,1,59,3420,FRANKLIN,20,6,June,2010,1,Sunday,2,35,1,12,3,110,33.74844722,-117.84368056,18,3,0,1,0,0,1,1
61062,CALIFORNIA,CA,2,0,2,37,1980,BRADFORD,20,6,June,2010,1,Sunday,5,32,1,11,1,290,34.02389444,-118.42773056,12,4,0,1,0,0,1,1
61063,CALIFORNIA,CA,2,0,2,71,3210,BRIDGEPORT,23,6,June,2010,4,Wednesday,22,8,0,14,6,0,34.10646944,-117.33203611,12,3,0,1,0,0,1,0
61064,CALIFORNIA,CA,1,1,1,37,1980,BRADFORD,26,6,June,2010,7,Saturday,2,30,1,11,1,344,34.09048056,-118.47551944,8,3,0,10,0,0,1,0
61065,CALIFORNIA,CA,2,0,3,95,4020,ALBERTVILLE,26,6,June,2010,7,Saturday,18,57,1,11,1,25,38.09456944,-122.22993056,12,1,0,1,0,0,1,0
61066,CALIFORNIA,CA,2,0,6,67,0,ABBEVILLE,16,2,February,2010,3,Tuesday,22,11,0,2,4,0,38.67271667,-121.42915000,12,3,0,1,0,0,1,0
61067,CALIFORNIA,CA,2,0,3,33,719,CHEROKEE,16,4,April,2010,6,Friday,13,0,0,14,6,0,38.94671389,-122.62325556,12,1,0,1,0,0,1,0
61068,CALIFORNIA,CA,1,0,5,31,0,COFFEE,24,5,May,2010,2,Monday,0,40,1,1,1,66,35.93438889,-119.91213333,24,2,0,1,0,0,2,0
61069,CALIFORNIA,CA,1,1,1,83,3430,ARDMORE,27,5,May,2010,5,Thursday,7,28,0,16,6,0,34.42147778,-119.64783056,8,1,0,10,0,0,1,0
61070,CALIFORNIA,CA,1,1,1,73,710,ARGO,3,6,June,2010,5,Thursday,20,20,0,14,6,0,32.59475000,-117.06901111,8,3,0,10,0,0,1,0
61071,CALIFORNIA,CA,2,0,5,33,0,CHEROKEE,25,6,June,2010,6,Friday,13,20,0,2,3,95,38.78811111,-122.56733611,12,1,0,1,0,0,1,0
61072,CALIFORNIA,CA,1,0,1,37,0,BRADFORD,26,6,June,2010,7,Saturday,13,30,0,16,6,0,34.08260556,-118.24993611,24,1,0,1,0,0,1,0
61073,CALIFORNIA,CA,1,1,1,59,1974,FRANKLIN,3,6,June,2010,5,Thursday,21,33,0,13,6,0,33.80285556,-118.04364444,8,3,0,1,0,0,1,0
61074,CALIFORNIA,CA,1,0,1,13,3412,BOLLING,9,6,June,2010,4,Wednesday,15,49,1,11,1,49,37.78659722,-121.98049444,42,1,0,1,0,0,1,0
61075,CALIFORNIA,CA,2,0,2,71,0,BRIDGEPORT,11,6,June,2010,6,Friday,6,29,0,3,4,0,34.07708333,-117.20884444,12,1,0,10,0,0,1,0
61076,CALIFORNIA,CA,1,0,1,53,0,ATMORE,12,6,June,2010,7,Saturday,21,24,0,4,4,0,36.89136111,-121.69055833,35,2,0,1,0,0,1,1
61077,CALIFORNIA,CA,1,1,1,37,1871,BRADFORD,14,6,June,2010,2,Monday,23,52,0,13,6,0,33.87422500,-118.35269722,9,3,0,1,0,0,1,0
61078,CALIFORNIA,CA,1,1,1,37,1980,BRADFORD,26,6,June,2010,7,Saturday,22,30,0,13,6,0,33.95304722,-118.27822500,8,3,0,1,0,0,1,0
61079,CALIFORNIA,CA,1,0,1,29,0,BORDEN SPRINGS,27,6,June,2010,1,Sunday,1,30,0,4,4,0,35.31413611,-118.82522778,1,2,0,1,0,0,1,1
61080,CALIFORNIA,CA,1,0,3,65,0,CYPRESS,27,6,June,2010,1,Sunday,3,0,0,6,4,0,33.54107222,-116.63092778,38,2,0,1,0,0,2,1
61081,CALIFORNIA,CA,1,0,2,71,3970,BRIDGEPORT,27,6,June,2010,1,Sunday,4,6,1,12,3,262,34.12191389,-115.87825278,1,2,0,1,0,0,1,0
61082,CALIFORNIA,CA,1,0,1,37,1045,BRADFORD,27,6,June,2010,1,Sunday,5,44,0,14,6,0,33.91661944,-118.12542500,59,4,0,1,0,0,1,1
61083,CALIFORNIA,CA,1,0,1,99,0,BEATRICE,27,6,June,2010,1,Sunday,17,50,0,4,4,0,37.92876111,-120.84366111,1,1,0,1,0,0,1,0
61084,CALIFORNIA,CA,1,1,1,37,4124,BRADFORD,1,7,July,2010,5,Thursday,13,19,0,13,6,0,34.07987222,-118.38976667,8,1,0,1,0,0,1,0
61085,CALIFORNIA,CA,1,1,1,71,4040,BRIDGEPORT,4,7,July,2010,1,Sunday,1,27,1,12,2,104,34.49966111,-117.39953889,8,2,0,1,0,0,1,0
61086,CALIFORNIA,CA,1,1,1,37,0,BRADFORD,4,7,July,2010,1,Sunday,21,18,0,6,4,0,33.94382222,-118.02894444,8,2,0,1,0,0,1,0
61087,CALIFORNIA,CA,2,8,6,37,3445,BRADFORD,4,7,July,2010,1,Sunday,21,40,0,13,6,0,34.41311944,-118.55751111,12,3,0,1,0,0,1,0
61088,CALIFORNIA,CA,1,1,1,65,1801,CYPRESS,19,4,April,2010,2,Monday,15,20,0,12,3,135,33.67695833,-117.37345833,9,1,0,1,0,0,1,0
61089,CALIFORNIA,CA,1,1,1,37,3853,BRADFORD,25,4,April,2010,1,Sunday,6,8,0,13,6,0,34.10631389,-118.06354167,8,4,0,1,0,0,1,0
61090,CALIFORNIA,CA,2,0,4,111,0,GRAHAM,25,4,April,2010,1,Sunday,13,35,0,2,3,18,34.05953056,-118.97466944,12,1,0,1,0,0,1,1
61091,CALIFORNIA,CA,1,0,1,77,3770,ANDERSON,30,4,April,2010,6,Friday,2,30,1,11,1,302,37.98665833,-121.34455278,42,3,0,1,0,0,1,0
61092,CALIFORNIA,CA,1,1,1,37,1980,BRADFORD,30,4,April,2010,6,Friday,10,54,0,13,6,0,34.10159444,-118.33206944,8,1,0,1,0,0,1,0
61093,CALIFORNIA,CA,2,0,2,71,260,BRIDGEPORT,7,6,June,2010,2,Monday,23,55,1,11,1,707,34.87488889,-117.07033056,1,3,0,1,0,0,1,0
61094,CALIFORNIA,CA,2,0,3,109,0,ANSLEY,8,6,June,2010,3,Tuesday,16,38,0,2,3,59,37.98373056,-120.29183056,12,1,0,1,0,0,1,0
61095,CALIFORNIA,CA,1,0,1,73,2510,ARGO,18,3,March,2010,5,Thursday,16,59,0,12,3,81,33.25365278,-117.26001389,1,1,0,1,0,0,1,0
61096,CALIFORNIA,CA,1,0,1,37,0,BRADFORD,14,4,April,2010,4,Wednesday,3,30,0,2,5,0,33.92115833,-118.30902222,33,3,0,1,0,0,1,1
61097,CALIFORNIA,CA,1,0,1,65,9997,CYPRESS,25,4,April,2010,1,Sunday,99,99,0,16,6,0,33.68971111,-117.14223889,30,3,0,1,0,0,1,0
61098,CALIFORNIA,CA,4,1,4,37,1980,BRADFORD,21,6,June,2010,2,Monday,7,30,0,13,6,0,34.25718056,-118.53636389,12,1,0,1,0,0,1,0
61099,CALIFORNIA,CA,1,1,1,37,1980,BRADFORD,21,6,June,2010,2,Monday,16,15,0,13,6,0,34.09976389,-118.32667500,8,1,0,1,0,0,1,0
61100,CALIFORNIA,CA,2,0,2,15,0,ANNISTON,22,6,June,2010,3,Tuesday,14,42,1,2,2,412,41.93542222,-124.17218056,12,1,0,1,0,0,1,0
61101,CALIFORNIA,CA,1,1,1,1,2480,AUTAUGA,9,2,February,2010,3,Tuesday,12,42,0,14,6,0,37.80608056,-122.29324444,8,1,0,10,0,0,1,0
61102,CALIFORNIA,CA,1,0,1,37,1980,BRADFORD,12,3,March,2010,6,Friday,17,33,0,13,6,0,34.03673333,-118.27431944,33,3,0,1,0,0,1,0
61103,CALIFORNIA,CA,1,0,2,99,0,BEATRICE,30,6,June,2010,4,Wednesday,19,20,1,1,1,64,37.33750000,-121.11418889,1,1,0,1,0,0,1,0
61104,CALIFORNIA,CA,1,1,1,73,3260,ARGO,9,7,July,2010,6,Friday,11,57,0,16,6,0,32.70885000,-117.05433056,8,1,0,1,0,0,1,0
61105,CALIFORNIA,CA,1,1,2,23,0,BLADON SPRINGS,6,7,July,2010,3,Tuesday,21,30,0,3,4,0,40.95618889,-124.11440000,8,3,0,5,0,0,1,0
61106,CALIFORNIA,CA,1,1,2,37,1980,BRADFORD,2,5,May,2010,1,Sunday,20,51,0,12,3,383,34.03706667,-118.53829722,8,3,0,1,0,0,1,0
61107,CALIFORNIA,CA,1,0,1,29,0,BORDEN SPRINGS,17,5,May,2010,2,Monday,99,99,0,6,6,0,35.72226667,-119.18735833,23,2,0,10,0,0,1,1
61108,CALIFORNIA,CA,1,0,1,71,0,BRIDGEPORT,7,6,June,2010,2,Monday,2,25,0,2,3,379,35.26549444,-116.07502500,59,2,0,1,0,0,1,0
61109,CALIFORNIA,CA,1,0,1,103,0,DANVILLE,8,6,June,2010,3,Tuesday,0,24,1,1,1,282,40.20105000,-122.24238889,21,2,0,1,0,0,1,0
61110,CALIFORNIA,CA,1,0,1,17,0,CHAMBERS,8,6,June,2010,3,Tuesday,1,5,0,4,4,0,38.64088333,-121.07438889,33,2,0,1,0,0,1,1
61111,CALIFORNIA,CA,1,0,2,19,0,CEDAR BLUFF,8,6,June,2010,3,Tuesday,11,23,1,1,1,456,36.60297222,-120.58376944,1,1,0,1,0,0,1,0
61112,CALIFORNIA,CA,2,0,2,37,230,BRADFORD,19,6,June,2010,7,Saturday,0,53,1,11,1,415,34.12081944,-117.87548889,12,3,0,1,0,0,1,0
61113,CALIFORNIA,CA,1,0,1,37,0,BRADFORD,19,6,June,2010,7,Saturday,2,17,1,1,1,170,34.03051111,-118.03203889,24,3,0,1,0,0,1,1
61114,CALIFORNIA,CA,3,1,3,59,80,FRANKLIN,19,6,June,2010,7,Saturday,5,13,1,12,3,112,33.85443056,-117.79846111,12,4,0,1,0,0,1,0
61115,CALIFORNIA,CA,3,2,2,37,4030,BRADFORD,20,6,June,2010,1,Sunday,1,7,1,11,1,220,33.99816111,-118.17628889,25,2,0,1,0,0,1,2
61116,CALIFORNIA,CA,2,0,2,85,0,BENTON,25,2,February,2010,5,Thursday,11,44,0,4,4,0,37.04421944,-121.57580000,12,1,0,1,0,0,1,0
61117,CALIFORNIA,CA,2,0,3,75,3290,BEAVERTON,25,2,February,2010,5,Thursday,13,2,1,11,1,30,37.73241944,-122.42983889,12,1,0,1,0,0,1,1
61118,CALIFORNIA,CA,5,0,8,37,1015,BRADFORD,25,2,February,2010,5,Thursday,17,32,0,13,6,0,33.99493056,-117.79260000,33,1,0,1,0,0,1,1
61119,CALIFORNIA,CA,2,0,3,67,0,ABBEVILLE,26,2,February,2010,6,Friday,16,0,1,1,1,328,38.67107778,-121.59140278,12,1,2,2,0,0,1,0
61120,CALIFORNIA,CA,1,0,2,53,0,ATMORE,26,2,February,2010,6,Friday,21,20,0,4,4,0,36.67870000,-121.71498889,59,2,0,2,0,0,1,1
61121,CALIFORNIA,CA,1,0,4,37,11,BRADFORD,27,2,February,2010,7,Saturday,2,30,1,12,2,320,34.13991944,-118.71218889,33,3,0,2,0,0,1,1
61122,CALIFORNIA,CA,1,0,1,37,1670,BRADFORD,27,2,February,2010,7,Saturday,6,2,1,13,6,0,33.97680278,-118.23029167,33,3,10,2,0,0,1,1
61123,CALIFORNIA,CA,1,0,1,67,3150,ABBEVILLE,27,2,February,2010,7,Saturday,6,45,1,11,1,27,38.62716111,-121.51693889,58,3,10,2,0,0,1,1
61124,CALIFORNIA,CA,3,0,5,37,1980,BRADFORD,27,2,February,2010,7,Saturday,7,0,0,13,6,0,33.99330833,-118.27832778,12,1,0,2,0,0,1,0
61125,CALIFORNIA,CA,1,0,1,73,3260,ARGO,27,2,February,2010,7,Saturday,10,28,1,11,1,152,32.73755000,-117.11546944,1,1,10,2,0,0,1,0
61126,CALIFORNIA,CA,2,0,1,53,0,ATMORE,27,2,February,2010,7,Saturday,12,25,0,6,4,0,36.76863056,-121.75303056,1,1,0,10,0,0,1,1
61127,CALIFORNIA,CA,2,0,3,65,0,CYPRESS,27,2,February,2010,7,Saturday,14,8,1,12,3,63,34.01421111,-117.45070000,25,1,2,2,0,0,1,0
61128,CALIFORNIA,CA,1,0,3,107,0,CARROLLTON,28,2,February,2010,1,Sunday,1,20,1,12,3,322,36.24413611,-119.34911667,59,2,0,10,0,0,1,0
61130,CALIFORNIA,CA,1,0,2,7,0,BIBB,28,2,February,2010,1,Sunday,5,20,0,2,3,275,39.91743056,-121.65261111,33,2,0,1,0,0,1,1
61131,CALIFORNIA,CA,3,0,5,77,0,ANDERSON,2,3,March,2010,3,Tuesday,7,25,0,2,3,78,38.00568889,-121.13248889,12,1,0,2,0,0,1,0
61132,CALIFORNIA,CA,2,0,8,39,0,ANDALUSIA,2,3,March,2010,3,Tuesday,13,0,0,6,4,0,36.85863056,-120.37451944,12,1,0,10,0,0,3,0
61133,CALIFORNIA,CA,2,0,3,77,0,ANDERSON,2,3,March,2010,3,Tuesday,16,25,1,2,3,105,38.11598056,-121.39266944,12,1,0,2,0,0,1,0
61134,CALIFORNIA,CA,1,0,1,73,3260,ARGO,2,3,March,2010,3,Tuesday,19,7,0,16,6,0,33.05388056,-117.06383889,35,2,0,1,0,0,1,1
61135,CALIFORNIA,CA,2,0,2,19,0,CEDAR BLUFF,3,3,March,2010,4,Wednesday,9,40,0,4,4,0,36.84552500,-119.36804167,12,1,0,1,0,0,1,0
61136,CALIFORNIA,CA,1,0,2,71,0,BRIDGEPORT,4,3,March,2010,5,Thursday,13,0,1,1,1,722,34.71933889,-115.78321667,1,1,0,1,0,0,2,0
61137,CALIFORNIA,CA,1,0,1,115,0,ASHVILLE,4,3,March,2010,5,Thursday,17,45,0,4,4,0,38.97967778,-121.57455556,1,1,0,1,0,0,1,0
61138,CALIFORNIA,CA,2,0,2,71,1305,BRIDGEPORT,5,3,March,2010,6,Friday,6,35,1,11,1,111,34.16586667,-117.46072500,14,1,0,1,0,0,1,0
61139,CALIFORNIA,CA,1,1,1,73,4060,ARGO,10,7,July,2010,7,Saturday,2,45,1,12,3,65,33.19263889,-117.24453889,8,3,0,1,0,0,1,0
61140,CALIFORNIA,CA,1,1,1,19,0,CEDAR BLUFF,10,7,July,2010,7,Saturday,5,15,0,5,4,0,36.63670000,-119.37461944,8,4,0,1,0,0,1,0