ST_CASE,State Name,State Abbreviation,VE_TOTAL,Pedestrains,Total_Persons_in_accident,COUNTY,CITY,City_County_Name,Calendar_DAY,MONTH,Month_Name,YEAR,DAY_WEEK,Day_Week_desc,HOUR,MINUTE,NHS_Desc,trafficway,ROUTE,MILEPT,LATITUDE,LONGITUD,First_Crash_event,Light_cond_desc,Weather_condition,WEATHER,SCH_BUS,Crash_cause,FATALS,DRUNK_DR
61141,CALIFORNIA,CA,1,1,1,99,0,BEATRICE,10,7,July,2010,7,Saturday,21,45,0,2,4,0,37.60946111,-120.99296667,8,3,0,1,0,0,1,0
61142,CALIFORNIA,CA,1,1,3,37,4190,BRADFORD,9,7,July,2010,6,Friday,22,2,0,12,3,31,33.95829722,-118.02415833,8,3,0,1,0,0,1,0
61143,CALIFORNIA,CA,2,0,7,73,0,ARGO,10,7,July,2010,7,Saturday,6,50,1,1,1,740,32.63645000,-116.16571111,12,1,0,1,0,0,1,0
61144,CALIFORNIA,CA,1,0,1,25,0,BARLOW BEND,11,7,July,2010,1,Sunday,19,40,1,1,1,20,32.66821111,-116.10600000,17,5,0,1,0,0,1,0
61145,CALIFORNIA,CA,3,0,3,37,1980,BRADFORD,11,7,July,2010,1,Sunday,23,0,0,14,6,0,34.06321944,-118.30043889,12,3,0,1,0,0,1,1
61146,CALIFORNIA,CA,1,1,1,37,1980,BRADFORD,17,7,July,2010,7,Saturday,20,20,0,16,6,0,33.96690278,-118.26956667,8,5,0,1,0,0,1,1
61147,CALIFORNIA,CA,1,1,2,45,4210,ARITON,22,7,July,2010,5,Thursday,16,1,1,13,2,475,39.41909722,-123.35485278,9,1,0,1,0,0,1,0
61148,CALIFORNIA,CA,2,1,2,71,4040,BRIDGEPORT,20,3,March,2010,7,Saturday,2,42,0,13,6,0,34.50666667,-117.35692222,8,2,0,1,0,0,1,1
61149,CALIFORNIA,CA,1,0,1,57,0,BANKSTON,29,6,June,2010,3,Tuesday,17,25,1,2,3,230,39.28586944,-120.95230556,42,1,0,1,0,0,1,1
61150,CALIFORNIA,CA,1,0,2,71,4040,BRIDGEPORT,5,7,July,2010,2,Monday,7,45,1,1,1,379,34.47664167,-117.34111944,24,1,0,1,0,0,1,0
61151,CALIFORNIA,CA,1,1,1,13,0,BOLLING,6,7,July,2010,3,Tuesday,1,10,1,2,3,258,38.00490556,-121.84181111,8,2,0,1,0,0,1,0
61152,CALIFORNIA,CA,3,0,3,99,0,BEATRICE,6,7,July,2010,3,Tuesday,23,52,1,2,3,11,37.47016944,-120.84001111,12,3,0,1,0,0,1,0
61153,CALIFORNIA,CA,2,0,3,53,3180,ATMORE,9,7,July,2010,6,Friday,18,53,0,14,6,0,36.67315278,-121.63037222,1,1,0,1,0,0,1,0
61154,CALIFORNIA,CA,2,0,9,97,0,AXIS,18,7,July,2010,1,Sunday,17,30,0,4,4,0,38.69800000,-122.89010000,12,1,0,1,0,0,2,1
61155,CALIFORNIA,CA,1,2,1,99,0,BEATRICE,22,7,July,2010,5,Thursday,20,22,0,6,4,0,37.70813889,-120.89401111,8,5,0,1,0,0,1,0
61156,CALIFORNIA,CA,1,0,1,105,0,MARION,24,7,July,2010,7,Saturday,9,30,0,2,3,86,40.37146389,-123.31071944,7,1,0,1,0,0,1,0
61157,CALIFORNIA,CA,3,1,3,67,3150,ABBEVILLE,24,7,July,2010,7,Saturday,21,15,0,13,6,0,38.49568611,-121.47331944,9,3,0,1,0,0,1,0
61158,CALIFORNIA,CA,1,1,1,73,1080,ARGO,25,7,July,2010,1,Sunday,3,34,0,12,3,6,32.81115556,-116.96188611,8,3,0,1,0,0,1,0
61159,CALIFORNIA,CA,1,0,2,35,0,BROOKLYN,25,7,July,2010,1,Sunday,7,0,1,2,3,23,40.64190000,-120.28180000,1,1,0,1,0,0,1,0
61160,CALIFORNIA,CA,1,0,1,71,2550,BRIDGEPORT,2,1,January,2010,7,Saturday,14,15,0,14,6,0,34.03464722,-117.56533056,1,1,0,1,0,0,1,1
61161,CALIFORNIA,CA,2,0,1,1,2480,AUTAUGA,14,1,January,2010,5,Thursday,23,14,0,14,6,0,37.76901944,-122.14505278,14,3,0,1,0,0,1,1
61162,CALIFORNIA,CA,2,0,5,1,1920,AUTAUGA,22,1,January,2010,6,Friday,10,25,1,1,1,134,37.69963889,-121.78671944,25,1,0,10,0,0,1,0
61163,CALIFORNIA,CA,1,0,1,37,1980,BRADFORD,5,2,February,2010,6,Friday,15,30,0,12,3,14,33.98320833,-118.43377500,58,1,0,2,0,0,1,0
61164,CALIFORNIA,CA,2,0,3,99,0,BEATRICE,13,5,May,2010,5,Thursday,6,10,1,2,3,136,37.80641111,-120.71036944,12,4,0,1,0,0,1,0
61165,CALIFORNIA,CA,2,0,3,67,3150,ABBEVILLE,14,5,May,2010,6,Friday,1,25,0,13,6,0,38.52507778,-121.43529444,12,3,0,1,0,0,1,2
61166,CALIFORNIA,CA,2,0,3,37,2870,BRADFORD,6,6,June,2010,1,Sunday,12,5,1,11,1,428,34.06663889,-117.80783056,12,1,0,1,0,0,1,0
61167,CALIFORNIA,CA,2,0,3,19,0,CEDAR BLUFF,6,6,June,2010,1,Sunday,17,20,1,1,1,493,36.64366944,-120.62632500,12,1,0,1,0,0,1,0
61168,CALIFORNIA,CA,2,0,3,85,3340,BENTON,9,6,June,2010,4,Wednesday,20,12,0,13,6,0,37.30310833,-121.85511667,12,1,0,1,0,0,1,0
61169,CALIFORNIA,CA,2,0,2,83,0,ARDMORE,28,6,June,2010,2,Monday,6,50,0,4,4,0,34.92038056,-120.49893889,12,1,0,10,0,0,1,0
61170,CALIFORNIA,CA,2,0,3,7,0,BIBB,28,6,June,2010,2,Monday,15,50,0,4,4,0,39.50348889,-121.43028056,12,1,0,1,0,0,1,1
61171,CALIFORNIA,CA,3,0,3,71,4000,BRIDGEPORT,29,6,June,2010,3,Tuesday,9,23,0,13,6,0,34.12174444,-117.68097778,12,1,0,1,0,0,1,0
61172,CALIFORNIA,CA,2,0,2,67,0,ABBEVILLE,29,6,June,2010,3,Tuesday,12,10,0,6,4,0,38.47476111,-121.38041111,14,1,0,1,0,0,1,1
61173,CALIFORNIA,CA,2,0,2,75,3290,BEAVERTON,30,6,June,2010,4,Wednesday,3,49,1,11,1,77,37.78828889,-122.38850556,12,3,0,1,0,0,1,1
61174,CALIFORNIA,CA,2,0,1,29,0,BORDEN SPRINGS,30,6,June,2010,4,Wednesday,12,19,1,1,1,391,35.26991111,-119.22721944,14,1,0,1,0,0,1,0
61175,CALIFORNIA,CA,1,0,1,37,1970,BRADFORD,10,7,July,2010,7,Saturday,12,41,1,11,1,0,33.88857500,-118.03670833,1,1,0,1,0,0,1,1
61176,CALIFORNIA,CA,2,0,2,71,2960,BRIDGEPORT,21,7,July,2010,4,Wednesday,18,55,0,15,6,0,34.08081944,-117.17440278,14,1,0,1,0,0,2,1
61177,CALIFORNIA,CA,3,0,6,37,1980,BRADFORD,23,7,July,2010,6,Friday,20,0,0,13,6,0,34.11021389,-118.32355833,12,5,0,10,0,0,1,1
61178,CALIFORNIA,CA,2,0,5,9,0,BLOUNT,28,7,July,2010,4,Wednesday,17,45,0,5,4,0,38.21029167,-120.68466111,12,1,0,1,0,0,2,1
61179,CALIFORNIA,CA,2,0,3,111,2620,GRAHAM,28,7,July,2010,4,Wednesday,19,9,0,13,6,0,34.22277222,-119.22108333,12,1,0,1,0,0,2,1
61180,CALIFORNIA,CA,2,0,2,9,0,BLOUNT,29,7,July,2010,5,Thursday,6,50,0,2,3,330,38.16803056,-120.41488056,12,1,0,1,0,0,1,0
61181,CALIFORNIA,CA,2,0,2,67,0,ABBEVILLE,29,7,July,2010,5,Thursday,14,20,0,2,4,0,38.66359722,-121.29988889,12,1,0,1,0,0,1,0
61182,CALIFORNIA,CA,5,0,7,85,2311,BENTON,29,7,July,2010,5,Thursday,16,27,0,14,6,0,37.43629722,-121.91484722,12,1,0,1,0,0,1,0
61183,CALIFORNIA,CA,2,0,3,77,3770,ANDERSON,29,7,July,2010,5,Thursday,17,0,1,11,1,283,37.96136944,-121.33446944,12,1,0,1,0,0,1,0
61184,CALIFORNIA,CA,1,0,1,67,3150,ABBEVILLE,29,7,July,2010,5,Thursday,19,8,1,11,1,42,38.64601944,-121.37802500,24,1,0,1,0,0,1,1
61185,CALIFORNIA,CA,1,0,1,85,0,BENTON,29,7,July,2010,5,Thursday,22,0,0,2,3,7,37.15481111,-121.98535000,25,2,0,1,0,0,1,0
61186,CALIFORNIA,CA,2,0,9,37,0,BRADFORD,30,7,July,2010,6,Friday,15,57,0,6,4,0,34.44348056,-117.84853889,12,1,0,1,0,0,1,0
61187,CALIFORNIA,CA,3,0,4,53,0,ATMORE,30,7,July,2010,6,Friday,17,20,0,13,3,31,36.58898333,-121.92185000,12,1,0,10,0,0,1,0
61188,CALIFORNIA,CA,1,0,1,107,0,CARROLLTON,30,7,July,2010,6,Friday,19,47,0,6,4,0,36.27246111,-119.22505000,35,1,0,1,0,0,1,1
61189,CALIFORNIA,CA,2,0,3,7,0,BIBB,31,7,July,2010,7,Saturday,10,5,0,4,4,0,39.46511944,-121.48198056,12,1,0,1,0,0,1,0
61190,CALIFORNIA,CA,3,0,5,13,0,BOLLING,31,7,July,2010,7,Saturday,16,24,0,2,4,0,37.81595000,-121.58440000,12,1,0,1,0,0,2,0
61191,CALIFORNIA,CA,2,0,4,29,0,BORDEN SPRINGS,1,8,August,2010,1,Sunday,2,28,0,6,4,0,35.28186944,-118.82498056,12,2,0,1,0,0,1,2
61192,CALIFORNIA,CA,2,0,4,101,0,BOYLSTON,1,8,August,2010,1,Sunday,3,40,1,2,3,30,38.77958056,-121.54381111,12,3,0,1,0,0,1,1
61193,CALIFORNIA,CA,2,0,2,37,0,BRADFORD,2,8,August,2010,2,Monday,6,8,0,4,4,0,34.59846111,-117.82680000,12,1,0,1,0,0,1,0
61194,CALIFORNIA,CA,2,0,3,65,0,CYPRESS,3,8,August,2010,3,Tuesday,12,40,0,4,4,0,33.80345000,-116.38303889,12,1,0,1,0,0,1,0
61195,CALIFORNIA,CA,2,0,2,37,0,BRADFORD,3,8,August,2010,3,Tuesday,15,15,0,3,4,0,34.52016944,-118.31926944,12,1,0,1,0,0,1,0
61196,CALIFORNIA,CA,4,0,11,113,0,COTTONTON,3,8,August,2010,3,Tuesday,22,12,1,1,1,0,38.52683611,-121.95312778,24,2,0,1,0,0,2,1
61197,CALIFORNIA,CA,2,0,4,99,0,BEATRICE,4,8,August,2010,4,Wednesday,16,20,0,4,4,0,37.55143056,-121.04850556,12,1,0,1,0,0,1,0
61198,CALIFORNIA,CA,2,0,6,19,0,CEDAR BLUFF,4,8,August,2010,4,Wednesday,16,30,0,4,4,0,36.66328889,-119.79983611,12,1,0,1,0,0,3,1
61199,CALIFORNIA,CA,2,0,5,37,1970,BRADFORD,4,8,August,2010,4,Wednesday,19,0,0,14,6,0,33.80913333,-118.21551667,12,1,0,1,0,0,1,0
61200,CALIFORNIA,CA,2,0,5,29,240,BORDEN SPRINGS,4,8,August,2010,4,Wednesday,20,51,0,14,6,0,35.38550000,-118.98650278,12,3,0,1,0,0,1,1
61201,CALIFORNIA,CA,3,0,2,67,0,ABBEVILLE,6,8,August,2010,6,Friday,2,48,0,2,4,0,38.65394444,-121.27224167,18,3,0,1,0,0,1,1
61202,CALIFORNIA,CA,2,0,2,115,0,ASHVILLE,6,8,August,2010,6,Friday,14,45,1,2,3,172,39.22528889,-121.34743056,12,1,0,1,0,0,1,1
61203,CALIFORNIA,CA,2,0,5,19,0,CEDAR BLUFF,6,8,August,2010,6,Friday,15,5,0,3,4,0,36.77914167,-119.55600833,12,1,0,1,0,0,1,0
61204,CALIFORNIA,CA,2,0,3,71,1305,BRIDGEPORT,7,8,August,2010,7,Saturday,4,0,1,11,1,109,34.16339722,-117.46361389,12,3,0,1,0,0,1,1
61205,CALIFORNIA,CA,2,0,2,37,4190,BRADFORD,7,8,August,2010,7,Saturday,23,28,0,13,6,0,33.95945833,-118.00105000,12,3,0,1,0,0,1,1
61206,CALIFORNIA,CA,2,0,3,65,0,CYPRESS,8,8,August,2010,1,Sunday,18,20,0,2,3,708,33.55510278,-116.68355000,12,1,0,1,0,0,1,1
61207,CALIFORNIA,CA,4,0,5,73,1200,ARGO,9,8,August,2010,2,Monday,6,20,1,11,1,307,33.11575000,-117.09936111,12,1,0,1,0,0,1,0
61208,CALIFORNIA,CA,2,0,3,37,810,BRADFORD,9,8,August,2010,2,Monday,17,36,0,13,6,0,33.90325556,-118.24136944,12,1,0,1,0,0,1,0
61209,CALIFORNIA,CA,2,0,2,71,0,BRIDGEPORT,11,8,August,2010,4,Wednesday,1,20,0,2,3,476,34.25338889,-116.81731389,31,2,0,1,0,0,1,1
61210,CALIFORNIA,CA,2,0,4,77,2070,ANDERSON,1,7,July,2010,5,Thursday,2,12,1,12,3,64,37.79391111,-121.19016944,12,2,0,1,0,0,2,1
61211,CALIFORNIA,CA,2,0,3,37,1980,BRADFORD,2,7,July,2010,6,Friday,22,50,0,13,6,0,34.05566389,-118.30910556,12,3,0,1,0,0,1,1
61212,CALIFORNIA,CA,1,0,1,37,1980,BRADFORD,3,7,July,2010,7,Saturday,1,40,0,13,3,116,33.79056111,-118.28329444,30,3,0,10,0,0,1,1
61213,CALIFORNIA,CA,2,0,4,111,0,GRAHAM,4,7,July,2010,1,Sunday,2,2,0,6,4,0,34.37893889,-119.47590000,14,2,0,5,0,0,1,0
61214,CALIFORNIA,CA,3,0,4,39,2050,ANDALUSIA,4,7,July,2010,1,Sunday,19,30,1,12,3,105,36.95771111,-120.06086944,25,1,0,1,0,0,1,1
61215,CALIFORNIA,CA,2,0,2,37,1980,BRADFORD,7,7,July,2010,4,Wednesday,21,45,1,11,1,187,34.05397500,-118.21010000,12,3,0,10,0,0,1,0
61216,CALIFORNIA,CA,2,0,5,67,1108,ABBEVILLE,11,7,July,2010,1,Sunday,17,20,1,12,3,126,38.40870833,-121.38956944,33,1,0,1,0,0,2,0
61217,CALIFORNIA,CA,1,0,1,79,0,COURTLAND,15,7,July,2010,5,Thursday,14,50,0,6,4,0,35.39048333,-120.47010833,38,1,0,1,0,0,1,0
61218,CALIFORNIA,CA,2,0,6,67,0,ABBEVILLE,15,7,July,2010,5,Thursday,18,0,0,2,3,18,38.17392778,-121.65847778,24,1,0,1,0,0,1,0
61219,CALIFORNIA,CA,1,0,1,37,1430,BRADFORD,16,7,July,2010,6,Friday,0,34,0,15,6,0,34.16954444,-118.22908611,33,3,0,1,0,0,1,0
61220,CALIFORNIA,CA,1,0,1,37,4190,BRADFORD,16,7,July,2010,6,Friday,6,8,0,13,6,0,34.00229722,-118.06084167,31,4,0,10,0,0,1,0
61221,CALIFORNIA,CA,2,0,3,19,0,CEDAR BLUFF,16,7,July,2010,6,Friday,8,0,0,4,4,0,36.66308333,-119.66398611,12,1,0,1,0,0,2,0
61222,CALIFORNIA,CA,1,0,1,73,0,ARGO,16,7,July,2010,6,Friday,9,40,0,6,4,0,33.21255278,-116.55138056,31,1,0,1,0,0,1,0
61223,CALIFORNIA,CA,1,0,4,67,1390,ABBEVILLE,16,7,July,2010,6,Friday,12,54,1,12,3,8,38.25443889,-121.29346111,35,1,0,1,0,0,1,0
61224,CALIFORNIA,CA,2,0,1,39,0,ANDALUSIA,16,7,July,2010,6,Friday,16,55,0,3,4,0,36.90851944,-120.11056389,31,1,0,1,0,0,1,1
61225,CALIFORNIA,CA,2,0,4,37,0,BRADFORD,18,7,July,2010,1,Sunday,21,50,0,2,4,0,34.03355833,-118.15245278,12,3,0,1,0,0,1,0
61226,CALIFORNIA,CA,2,0,3,71,3970,BRIDGEPORT,19,7,July,2010,2,Monday,13,15,0,15,6,0,34.17300278,-116.01910000,12,1,0,1,0,0,1,0
61227,CALIFORNIA,CA,2,0,3,73,0,ARGO,23,7,July,2010,6,Friday,0,57,0,4,4,0,32.73506111,-116.83115000,12,2,0,1,0,0,1,1
61228,CALIFORNIA,CA,2,0,2,95,0,ALBERTVILLE,23,7,July,2010,6,Friday,8,0,0,4,4,0,38.41657778,-121.88725833,12,1,0,1,0,0,1,0
61229,CALIFORNIA,CA,1,0,1,19,740,CEDAR BLUFF,23,7,July,2010,6,Friday,12,18,0,12,3,61,36.82862778,-119.70973611,25,1,0,1,0,0,1,1
61230,CALIFORNIA,CA,2,0,3,25,0,BARLOW BEND,23,7,July,2010,6,Friday,13,18,0,5,4,0,33.10721111,-115.50850000,12,1,0,1,0,0,1,0
61231,CALIFORNIA,CA,2,0,2,71,3000,BRIDGEPORT,23,7,July,2010,6,Friday,16,8,0,13,6,0,34.03722778,-117.36805833,12,1,0,1,0,0,1,0
61232,CALIFORNIA,CA,2,0,5,107,0,CARROLLTON,23,7,July,2010,6,Friday,19,45,0,4,4,0,36.58779444,-119.30504444,12,1,0,1,0,0,1,1
61233,CALIFORNIA,CA,2,0,3,47,0,BROWNS,23,7,July,2010,6,Friday,20,27,0,3,4,0,37.32761389,-120.52040556,12,1,0,1,0,0,1,0
61234,CALIFORNIA,CA,2,0,3,73,1200,ARGO,23,7,July,2010,6,Friday,21,5,0,13,6,0,33.09694444,-117.07145000,12,5,0,1,0,0,1,0
61235,CALIFORNIA,CA,1,0,2,37,0,BRADFORD,24,7,July,2010,7,Saturday,2,10,0,2,4,0,34.52892778,-118.44271389,42,2,0,1,0,0,1,1
61236,CALIFORNIA,CA,3,0,4,37,1970,BRADFORD,24,7,July,2010,7,Saturday,2,10,1,11,1,127,33.87158611,-118.19401111,12,2,0,1,0,0,1,1
61237,CALIFORNIA,CA,2,0,4,71,3210,BRIDGEPORT,24,7,July,2010,7,Saturday,2,58,1,11,1,76,34.11282778,-117.30266944,12,2,0,1,0,0,1,1
61238,CALIFORNIA,CA,1,0,2,73,0,ARGO,24,7,July,2010,7,Saturday,10,6,1,1,1,596,32.71648889,-116.38630000,1,1,0,1,0,0,1,0
61239,CALIFORNIA,CA,1,0,2,83,3430,ARDMORE,24,7,July,2010,7,Saturday,16,12,0,15,3,6,34.43066389,-119.67692500,5,1,0,1,0,0,1,1
61240,CALIFORNIA,CA,2,0,7,77,0,ANDERSON,25,7,July,2010,1,Sunday,0,10,0,5,4,0,38.19266667,-121.40637222,12,2,0,1,0,0,1,1
61241,CALIFORNIA,CA,1,0,1,95,0,ALBERTVILLE,25,7,July,2010,1,Sunday,2,20,1,1,1,416,38.50911944,-121.78187222,24,2,0,1,0,0,1,1
61242,CALIFORNIA,CA,3,0,4,53,0,ATMORE,25,7,July,2010,1,Sunday,16,29,0,6,4,0,36.64624167,-121.72144722,12,1,0,1,0,0,1,0
61243,CALIFORNIA,CA,1,0,2,73,0,ARGO,25,7,July,2010,1,Sunday,17,55,0,2,3,371,33.29996667,-116.91334167,24,1,0,1,0,0,1,0
61244,CALIFORNIA,CA,1,0,1,67,0,ABBEVILLE,25,7,July,2010,1,Sunday,99,99,0,6,4,0,38.13495000,-121.56661944,1,8,0,1,0,0,1,0
61245,CALIFORNIA,CA,1,0,1,27,0,ASHLAND,25,7,July,2010,1,Sunday,99,99,0,6,4,0,36.61553889,-118.06014444,11,2,0,1,0,0,1,0
61246,CALIFORNIA,CA,2,0,2,37,1980,BRADFORD,26,7,July,2010,2,Monday,6,50,0,13,6,0,34.15978056,-118.43124167,12,4,0,10,0,0,1,0
61247,CALIFORNIA,CA,2,0,8,77,0,ANDERSON,26,7,July,2010,2,Monday,11,25,1,2,3,159,38.17716389,-121.11814722,12,1,0,1,0,0,1,0
61248,CALIFORNIA,CA,2,0,2,111,0,GRAHAM,26,7,July,2010,2,Monday,15,1,0,2,3,78,34.38289444,-119.30336667,12,1,0,1,0,0,1,1
61249,CALIFORNIA,CA,1,0,2,85,3340,BENTON,26,7,July,2010,2,Monday,23,32,1,12,2,271,37.24428889,-121.77284167,52,2,0,1,0,0,1,1
61250,CALIFORNIA,CA,1,0,2,53,3560,ATMORE,27,7,July,2010,3,Tuesday,1,0,1,12,3,810,36.62697222,-121.83905556,24,3,0,10,0,0,1,1
61251,CALIFORNIA,CA,1,0,2,65,3070,CYPRESS,26,7,July,2010,2,Monday,15,25,1,12,3,126,33.94447778,-117.28925556,59,1,0,1,0,0,1,0
61252,CALIFORNIA,CA,1,0,3,19,0,CEDAR BLUFF,27,7,July,2010,3,Tuesday,8,10,1,1,1,168,36.27938056,-120.25958056,1,1,0,1,0,0,1,0
61253,CALIFORNIA,CA,2,0,2,115,0,ASHVILLE,27,7,July,2010,3,Tuesday,9,35,0,3,4,0,39.41013333,-121.12559722,12,1,0,1,0,0,1,0
61254,CALIFORNIA,CA,2,0,2,65,2650,CYPRESS,27,7,July,2010,3,Tuesday,9,52,0,14,6,0,33.80851944,-116.48425278,12,1,0,1,0,0,1,0
61255,CALIFORNIA,CA,1,0,6,95,0,ALBERTVILLE,27,7,July,2010,3,Tuesday,20,35,0,4,4,0,38.38009444,-122.01486389,53,2,0,1,0,0,1,0
61256,CALIFORNIA,CA,2,0,3,77,0,ANDERSON,28,7,July,2010,4,Wednesday,13,15,0,2,3,65,38.05795833,-121.18874722,12,1,0,1,0,0,1,0
61257,CALIFORNIA,CA,1,0,1,71,2922,BRIDGEPORT,28,7,July,2010,4,Wednesday,14,21,1,12,3,69,34.13590000,-117.58035000,25,1,0,1,0,0,1,0
61258,CALIFORNIA,CA,2,0,2,99,2200,BEATRICE,28,7,July,2010,4,Wednesday,16,15,0,13,6,0,37.66354722,-120.95757500,12,1,0,1,0,0,1,0
61259,CALIFORNIA,CA,1,0,2,67,0,ABBEVILLE,28,7,July,2010,4,Wednesday,21,55,0,2,3,169,38.27324444,-121.53918333,59,2,0,1,0,0,1,1
61260,CALIFORNIA,CA,1,1,1,67,0,ABBEVILLE,11,7,July,2010,1,Sunday,19,40,0,2,4,0,38.55320833,-121.37512500,9,1,0,1,0,0,1,0
61261,CALIFORNIA,CA,1,1,1,71,3210,BRIDGEPORT,30,7,July,2010,6,Friday,13,40,0,16,6,0,34.08920278,-117.29759167,8,1,0,1,0,0,1,0
61262,CALIFORNIA,CA,1,1,1,37,1980,BRADFORD,15,7,July,2010,5,Thursday,14,30,0,13,6,0,33.97220278,-118.25196389,8,1,0,1,0,0,1,0
61263,CALIFORNIA,CA,1,1,1,71,790,BRIDGEPORT,17,7,July,2010,7,Saturday,3,22,0,15,6,0,34.04838611,-117.29871667,8,3,0,1,0,0,1,0
61264,CALIFORNIA,CA,1,1,1,95,4020,ALBERTVILLE,17,7,July,2010,7,Saturday,22,5,0,6,6,0,38.15280000,-122.24848056,8,3,0,1,0,0,1,0
61266,CALIFORNIA,CA,1,1,1,37,1980,BRADFORD,24,6,June,2010,5,Thursday,8,20,0,13,6,0,34.05414167,-118.38035278,33,1,0,1,0,0,1,0
61267,CALIFORNIA,CA,1,1,1,77,3770,ANDERSON,25,6,June,2010,6,Friday,15,57,0,13,6,0,38.02426667,-121.29499167,9,1,0,1,0,0,1,0
61268,CALIFORNIA,CA,1,1,1,37,1970,BRADFORD,25,6,June,2010,6,Friday,23,48,0,13,6,0,33.83236111,-118.11216944,9,3,0,1,0,0,1,0
61269,CALIFORNIA,CA,1,0,2,37,3300,BRADFORD,26,6,June,2010,7,Saturday,5,5,1,11,1,250,34.07166944,-118.10411111,20,3,0,1,0,0,1,0
61270,CALIFORNIA,CA,1,0,1,81,0,AUBURN,26,6,June,2010,7,Saturday,13,20,0,2,3,86,37.36753056,-122.24781389,35,1,0,1,0,0,1,1
61271,CALIFORNIA,CA,1,0,1,57,0,BANKSTON,29,7,July,2010,5,Thursday,13,5,1,1,1,226,39.38411389,-120.08280833,52,1,0,1,0,0,1,0
61272,CALIFORNIA,CA,1,1,1,37,1980,BRADFORD,29,7,July,2010,5,Thursday,13,50,0,13,6,0,34.07604722,-118.37253056,8,1,0,1,0,0,1,0
61273,CALIFORNIA,CA,1,1,1,37,1980,BRADFORD,30,7,July,2010,6,Friday,4,10,1,11,1,237,33.96376944,-118.36996111,8,2,0,1,0,0,1,0
61274,CALIFORNIA,CA,1,1,1,73,2510,ARGO,18,3,March,2010,5,Thursday,12,50,0,13,6,0,33.20402500,-117.29548889,8,1,0,1,0,0,1,0
61275,CALIFORNIA,CA,1,0,4,37,2684,BRADFORD,11,6,June,2010,6,Friday,21,51,0,13,6,0,33.90347500,-118.16130556,33,3,0,1,0,0,1,0
61276,CALIFORNIA,CA,1,0,3,75,3290,BEAVERTON,14,6,June,2010,2,Monday,10,55,1,11,1,65,37.76376944,-122.39268889,2,1,0,1,0,0,2,0
61277,CALIFORNIA,CA,2,0,2,77,3770,ANDERSON,2,7,July,2010,6,Friday,17,34,0,13,6,0,38.02109167,-121.35148333,42,1,0,1,0,0,1,0
61278,CALIFORNIA,CA,2,1,2,85,3340,BENTON,11,7,July,2010,1,Sunday,17,53,1,12,2,243,37.21936944,-121.73310000,14,1,0,1,0,0,1,1
61279,CALIFORNIA,CA,1,1,1,67,2934,ABBEVILLE,19,7,July,2010,2,Monday,8,0,0,4,6,0,38.58698889,-121.29011389,9,1,0,1,0,0,1,0
61280,CALIFORNIA,CA,1,0,2,29,0,BORDEN SPRINGS,21,7,July,2010,4,Wednesday,19,53,0,3,4,0,34.85506944,-118.16178056,32,1,0,1,0,0,1,1
61281,CALIFORNIA,CA,5,1,1,71,0,BRIDGEPORT,11,3,March,2010,5,Thursday,21,36,0,6,4,0,34.14116111,-117.23152500,39,3,0,1,0,0,1,0
61282,CALIFORNIA,CA,3,1,3,73,3260,ARGO,1,4,April,2010,5,Thursday,6,56,0,12,3,28,32.75075278,-117.15529722,8,1,10,2,0,0,1,0
61283,CALIFORNIA,CA,1,0,1,37,810,BRADFORD,20,5,May,2010,5,Thursday,22,51,1,11,1,139,33.88801389,-118.18958333,33,3,0,1,0,0,1,1
61284,CALIFORNIA,CA,1,1,2,73,3260,ARGO,6,6,June,2010,1,Sunday,0,25,1,11,1,185,32.74351389,-117.18390000,8,3,0,1,0,0,1,0
61285,CALIFORNIA,CA,1,0,1,107,4050,CARROLLTON,6,6,June,2010,1,Sunday,7,4,0,12,3,8,36.33949722,-119.26099444,33,1,0,1,0,0,1,1
61286,CALIFORNIA,CA,1,0,1,19,0,CEDAR BLUFF,27,6,June,2010,1,Sunday,17,55,0,2,3,438,37.08616111,-119.32078889,1,1,0,1,0,0,1,1
61287,CALIFORNIA,CA,1,1,1,71,0,BRIDGEPORT,15,7,July,2010,5,Thursday,3,30,0,6,4,0,34.91183611,-116.88691389,8,2,0,1,0,0,1,0
61288,CALIFORNIA,CA,1,1,1,37,1980,BRADFORD,15,7,July,2010,5,Thursday,7,13,0,13,6,0,34.04252222,-118.37641944,8,1,0,1,0,0,1,0
61289,CALIFORNIA,CA,1,0,6,71,0,BRIDGEPORT,15,7,July,2010,5,Thursday,21,40,1,1,1,1681,35.47398333,-115.58574167,43,2,0,1,0,0,1,0