ST_CASE,State Name,State Abbreviation,VE_TOTAL,Pedestrains,Total_Persons_in_accident,COUNTY,CITY,City_County_Name,Calendar_DAY,MONTH,Month_Name,YEAR,DAY_WEEK,Day_Week_desc,HOUR,MINUTE,NHS_Desc,trafficway,ROUTE,MILEPT,LATITUDE,LONGITUD,First_Crash_event,Light_cond_desc,Weather_condition,WEATHER,SCH_BUS,Crash_cause,FATALS,DRUNK_DR
61290,CALIFORNIA,CA,1,1,1,67,3150,ABBEVILLE,19,7,July,2010,2,Monday,14,39,0,14,6,0,38.62613889,-121.42696667,9,1,0,1,0,0,1,0
61291,CALIFORNIA,CA,1,0,2,73,0,ARGO,27,3,March,2010,7,Saturday,0,46,0,4,4,0,33.00081944,-116.83476111,43,2,0,1,0,0,1,0
61292,CALIFORNIA,CA,3,0,6,97,0,AXIS,27,4,April,2010,3,Tuesday,10,23,0,4,4,0,38.49488056,-122.78277500,12,1,10,2,0,0,1,0
61293,CALIFORNIA,CA,1,0,1,97,3490,AXIS,7,6,June,2010,2,Monday,6,40,0,14,6,0,38.44108611,-122.76966389,38,1,0,1,0,0,1,0
61294,CALIFORNIA,CA,1,0,1,65,0,CYPRESS,9,7,July,2010,6,Friday,23,25,1,11,1,461,33.94469444,-117.55543889,25,2,0,1,0,0,1,1
61295,CALIFORNIA,CA,2,0,2,73,710,ARGO,13,7,July,2010,3,Tuesday,14,17,0,16,6,0,32.61698333,-117.05688056,33,1,0,1,0,0,1,0
61296,CALIFORNIA,CA,3,0,3,67,2934,ABBEVILLE,18,7,July,2010,1,Sunday,19,57,0,16,6,0,38.56672222,-121.19899444,1,1,0,1,0,0,1,0
61297,CALIFORNIA,CA,1,0,1,99,0,BEATRICE,20,7,July,2010,3,Tuesday,22,0,0,6,4,0,37.52228611,-121.05356389,38,2,0,1,0,0,1,0
61298,CALIFORNIA,CA,1,0,1,25,0,BARLOW BEND,22,7,July,2010,5,Thursday,99,99,1,1,1,15,32.66123611,-116.10201389,17,1,0,1,0,0,1,0
61299,CALIFORNIA,CA,2,0,3,83,0,ARDMORE,25,7,July,2010,1,Sunday,15,40,1,2,2,820,34.86328333,-120.39412778,12,1,0,1,0,0,1,0
61300,CALIFORNIA,CA,1,1,1,67,0,ABBEVILLE,27,7,July,2010,3,Tuesday,3,8,0,2,4,0,38.63638333,-121.28822500,8,2,0,1,0,0,1,0
61301,CALIFORNIA,CA,1,1,1,73,3260,ARGO,27,7,July,2010,3,Tuesday,13,10,0,14,6,0,32.72488333,-117.14211389,8,1,0,1,0,0,1,0
61302,CALIFORNIA,CA,1,0,2,57,0,BANKSTON,28,6,June,2010,2,Monday,5,35,1,1,1,616,39.32751944,-120.57131111,33,4,0,1,0,0,1,0
61303,CALIFORNIA,CA,1,1,3,47,2150,BROWNS,28,6,June,2010,2,Monday,17,12,0,16,6,0,37.28148056,-120.47963889,9,1,0,1,0,0,1,0
61304,CALIFORNIA,CA,1,0,1,111,0,GRAHAM,29,6,June,2010,3,Tuesday,7,20,0,2,3,216,34.36295833,-118.92041389,24,1,0,10,0,0,1,0
61305,CALIFORNIA,CA,2,0,4,59,0,FRANKLIN,29,6,June,2010,3,Tuesday,20,55,0,4,4,0,33.68583056,-117.60691944,25,2,0,10,0,0,1,1
61306,CALIFORNIA,CA,1,0,3,5,0,BAKER HILL,29,6,June,2010,3,Tuesday,21,40,0,4,4,0,38.38183333,-120.79248889,58,2,0,1,0,0,1,0
61307,CALIFORNIA,CA,1,0,1,65,0,CYPRESS,30,6,June,2010,4,Wednesday,1,55,0,4,4,0,33.70726944,-117.07371944,38,2,0,1,0,0,1,1
61308,CALIFORNIA,CA,1,1,1,31,1540,COFFEE,30,6,June,2010,4,Wednesday,9,50,0,13,6,0,36.34268889,-119.63692778,9,1,0,1,0,0,1,0
61309,CALIFORNIA,CA,1,1,2,19,0,CEDAR BLUFF,25,7,July,2010,1,Sunday,15,18,0,4,4,0,37.07469722,-119.45395833,15,1,0,1,0,0,1,0
61310,CALIFORNIA,CA,1,1,1,89,2950,BROWNSBORO,25,7,July,2010,1,Sunday,23,19,0,14,6,0,40.56378056,-122.34815833,9,3,0,1,0,0,1,0
61311,CALIFORNIA,CA,5,0,9,37,3445,BRADFORD,30,7,July,2010,6,Friday,11,15,1,11,1,522,34.40470000,-118.57443889,12,1,0,1,0,0,1,0
61312,CALIFORNIA,CA,3,2,1,85,3340,BENTON,30,7,July,2010,6,Friday,17,28,0,16,6,0,37.30762500,-121.87391111,8,1,0,1,0,0,1,1
61313,CALIFORNIA,CA,1,1,1,67,3150,ABBEVILLE,30,7,July,2010,6,Friday,21,12,0,16,6,0,38.58855000,-121.48300833,33,3,0,1,0,0,1,1
61314,CALIFORNIA,CA,1,0,1,99,2200,BEATRICE,31,7,July,2010,7,Saturday,1,16,0,13,6,0,37.70030833,-121.02263056,33,3,0,1,0,0,1,1
61315,CALIFORNIA,CA,1,0,1,67,3150,ABBEVILLE,31,7,July,2010,7,Saturday,1,24,0,16,6,0,38.47694722,-121.53280556,33,3,0,1,0,0,1,1
61316,CALIFORNIA,CA,1,1,1,75,3290,BEAVERTON,31,7,July,2010,7,Saturday,1,34,0,16,6,0,37.76049167,-122.41492778,8,3,0,10,0,0,1,0
61317,CALIFORNIA,CA,2,0,3,57,0,BANKSTON,31,7,July,2010,7,Saturday,8,50,0,2,3,110,39.16456111,-121.05718056,12,1,0,1,0,0,1,0
61318,CALIFORNIA,CA,1,1,1,107,0,CARROLLTON,8,8,August,2010,1,Sunday,23,25,0,3,4,0,36.23405278,-119.36681944,8,2,0,1,0,0,1,0
61319,CALIFORNIA,CA,1,1,3,61,3110,BELLWOOD,4,2,February,2010,5,Thursday,4,25,1,11,1,27,38.75361389,-121.26465278,8,2,0,10,0,0,1,1
61320,CALIFORNIA,CA,8,0,17,71,3210,BRIDGEPORT,13,2,February,2010,7,Saturday,12,30,1,11,1,4,34.03829167,-117.55046944,12,1,0,1,0,0,4,0
61321,CALIFORNIA,CA,2,0,2,37,1980,BRADFORD,15,4,April,2010,5,Thursday,21,15,1,11,1,16,33.75845556,-118.28970000,12,3,0,1,0,0,1,1
61322,CALIFORNIA,CA,4,1,6,67,3150,ABBEVILLE,13,5,May,2010,5,Thursday,5,15,1,12,3,180,38.47469444,-121.42316111,12,2,0,1,0,0,1,1
61323,CALIFORNIA,CA,1,0,2,37,1980,BRADFORD,6,6,June,2010,1,Sunday,2,0,1,12,3,113,34.26582778,-118.44528889,1,3,0,1,0,0,1,1
61324,CALIFORNIA,CA,1,0,3,37,1980,BRADFORD,27,6,June,2010,1,Sunday,19,15,0,14,6,0,34.06331667,-118.23370278,43,1,0,1,0,0,1,0
61325,CALIFORNIA,CA,1,0,1,73,0,ARGO,15,7,July,2010,5,Thursday,17,50,0,6,4,0,32.81938056,-116.77618333,18,1,0,10,0,0,1,1
61326,CALIFORNIA,CA,1,0,2,37,1970,BRADFORD,22,7,July,2010,5,Thursday,1,55,1,12,3,119,33.87625000,-118.19179167,25,3,0,1,0,0,1,1
61327,CALIFORNIA,CA,1,1,2,61,200,BELLWOOD,13,8,August,2010,6,Friday,20,42,0,14,6,0,38.87231944,-121.08829722,15,2,0,1,0,0,1,0
61328,CALIFORNIA,CA,5,0,9,37,1980,BRADFORD,11,7,July,2010,1,Sunday,20,15,1,11,1,138,34.03628333,-118.29159722,12,3,0,10,0,0,1,0
61329,CALIFORNIA,CA,3,1,2,37,1980,BRADFORD,18,7,July,2010,1,Sunday,2,0,0,16,6,0,34.21555556,-118.54589722,33,3,0,1,0,0,1,1
61330,CALIFORNIA,CA,2,2,3,73,4060,ARGO,13,8,August,2010,6,Friday,0,31,1,12,3,88,33.16981944,-117.21961111,14,2,0,10,0,0,3,1
61331,CALIFORNIA,CA,1,1,2,75,3290,BEAVERTON,13,8,August,2010,6,Friday,22,39,0,16,6,0,37.77841389,-122.44704722,9,3,0,1,0,0,1,1
61332,CALIFORNIA,CA,1,1,1,37,2749,BRADFORD,14,8,August,2010,7,Saturday,0,29,0,13,6,0,33.99831111,-118.07796389,8,3,0,1,0,0,1,0
61333,CALIFORNIA,CA,1,0,1,77,3770,ANDERSON,14,8,August,2010,7,Saturday,9,5,0,13,6,0,37.94389167,-121.25829167,30,1,0,1,0,0,1,1
61334,CALIFORNIA,CA,1,0,4,37,1980,BRADFORD,6,5,May,2010,5,Thursday,0,5,0,13,6,0,34.22132500,-118.49405000,40,3,0,1,0,0,4,1
61335,CALIFORNIA,CA,3,0,5,65,0,CYPRESS,8,5,May,2010,7,Saturday,8,40,0,4,4,0,33.87851111,-117.05540000,12,1,0,1,0,0,1,0
61336,CALIFORNIA,CA,1,1,1,59,4130,FRANKLIN,16,7,July,2010,6,Friday,21,8,0,13,6,0,33.73037500,-117.97208889,8,3,0,1,0,0,1,0
61337,CALIFORNIA,CA,1,1,1,59,4130,FRANKLIN,17,7,July,2010,7,Saturday,2,25,0,13,6,0,33.75926667,-118.03264444,8,3,0,1,0,0,1,0
61338,CALIFORNIA,CA,1,1,1,37,3445,BRADFORD,18,7,July,2010,1,Sunday,10,24,0,13,6,0,34.42339444,-118.50267778,33,1,0,1,0,0,1,0
61339,CALIFORNIA,CA,1,1,1,37,1980,BRADFORD,19,7,July,2010,2,Monday,12,20,0,16,6,0,33.96653889,-118.25295000,8,1,0,1,0,0,1,0
61340,CALIFORNIA,CA,1,1,1,71,4000,BRIDGEPORT,20,7,July,2010,3,Tuesday,18,16,0,13,6,0,34.09610833,-117.65100000,8,1,0,1,0,0,1,0
61341,CALIFORNIA,CA,1,0,2,107,0,CARROLLTON,31,7,July,2010,7,Saturday,5,25,0,6,4,0,35.84041944,-119.08366944,1,4,0,1,0,0,1,1
61342,CALIFORNIA,CA,1,1,1,65,2730,CYPRESS,1,8,August,2010,1,Sunday,21,0,0,13,6,0,33.84705833,-117.22607778,8,3,0,1,0,0,1,1
61343,CALIFORNIA,CA,2,0,2,37,1980,BRADFORD,9,8,August,2010,2,Monday,17,35,0,15,6,0,34.20842222,-118.50116667,12,1,0,1,0,0,1,0
61344,CALIFORNIA,CA,1,1,1,71,2922,BRIDGEPORT,9,8,August,2010,2,Monday,20,24,0,15,6,0,34.09498889,-117.62859167,15,3,0,1,0,0,1,0
61345,CALIFORNIA,CA,3,0,4,101,0,BOYLSTON,10,8,August,2010,3,Tuesday,13,25,0,2,3,197,39.00310000,-121.61043056,12,1,0,1,0,0,1,0
61346,CALIFORNIA,CA,1,1,1,37,306,BRADFORD,12,8,August,2010,5,Thursday,16,2,0,15,6,0,33.96915278,-118.14652222,9,1,0,1,0,0,1,0
61347,CALIFORNIA,CA,1,1,3,37,1980,BRADFORD,12,8,August,2010,5,Thursday,22,25,0,14,6,0,33.95613333,-118.30249444,8,3,0,1,0,0,1,0
61348,CALIFORNIA,CA,1,1,1,37,1400,BRADFORD,12,8,August,2010,5,Thursday,23,59,0,16,6,0,33.88169722,-118.29974444,9,3,0,1,0,0,1,0
61349,CALIFORNIA,CA,2,0,6,73,3260,ARGO,28,5,May,2010,6,Friday,17,22,0,15,6,0,32.94499444,-117.09534722,12,1,0,1,0,0,1,0
61350,CALIFORNIA,CA,1,1,1,59,3420,FRANKLIN,20,6,June,2010,1,Sunday,4,47,0,13,6,0,33.75601944,-117.90281667,8,3,0,1,0,0,1,0
61351,CALIFORNIA,CA,2,0,4,65,0,CYPRESS,17,7,July,2010,7,Saturday,9,41,1,1,1,1172,33.66916111,-115.19803056,12,1,0,1,0,0,2,0
61352,CALIFORNIA,CA,1,1,2,31,830,COFFEE,13,8,August,2010,6,Friday,0,34,0,14,6,0,36.10898056,-119.56963889,8,2,0,1,0,0,1,0
61353,CALIFORNIA,CA,1,0,1,37,4120,BRADFORD,13,8,August,2010,6,Friday,21,19,0,13,6,0,34.02623333,-117.90250833,33,3,0,1,0,0,1,1
61354,CALIFORNIA,CA,1,1,5,73,1200,ARGO,19,8,August,2010,5,Thursday,22,50,1,11,1,323,33.13950000,-117.10500556,8,3,0,1,0,0,1,0
61355,CALIFORNIA,CA,1,0,3,59,470,FRANKLIN,20,8,August,2010,6,Friday,1,50,1,11,1,440,33.87574167,-118.01407500,1,3,0,1,0,0,1,1
61356,CALIFORNIA,CA,1,1,1,1,2480,AUTAUGA,21,1,January,2010,5,Thursday,18,35,0,13,6,0,37.82345556,-122.27750556,8,3,10,2,0,0,1,0
61357,CALIFORNIA,CA,1,1,1,1,2480,AUTAUGA,30,4,April,2010,6,Friday,17,58,0,14,6,0,37.83634444,-122.27334722,9,1,0,1,0,0,1,0
61358,CALIFORNIA,CA,3,0,7,37,2700,BRADFORD,5,7,July,2010,2,Monday,11,30,0,14,6,0,34.15831111,-118.09416667,12,1,0,1,0,0,1,0
61359,CALIFORNIA,CA,1,0,1,51,0,CENTRAL,27,7,July,2010,3,Tuesday,18,25,0,2,3,86,38.37635000,-119.18902222,1,1,0,1,0,0,1,0
61360,CALIFORNIA,CA,1,1,1,85,3340,BENTON,28,7,July,2010,4,Wednesday,12,57,0,16,6,0,37.29000000,-121.87189444,8,1,0,1,0,0,1,0
61361,CALIFORNIA,CA,1,0,1,27,0,ASHLAND,28,7,July,2010,4,Wednesday,14,15,0,6,4,0,36.89348889,-117.27836667,1,1,0,1,0,0,1,0
61362,CALIFORNIA,CA,1,0,1,83,3460,ARDMORE,1,8,August,2010,1,Sunday,2,7,0,15,6,0,34.94881111,-120.45999722,1,2,0,1,0,0,1,1
61363,CALIFORNIA,CA,1,1,3,29,3020,BORDEN SPRINGS,2,8,August,2010,2,Monday,8,57,0,16,6,0,35.62880833,-117.67880833,8,1,0,1,0,0,1,0
61364,CALIFORNIA,CA,2,0,3,85,3340,BENTON,2,8,August,2010,2,Monday,19,53,0,14,6,0,37.39503333,-121.86020000,12,1,0,1,0,0,1,0
61365,CALIFORNIA,CA,1,1,3,71,3970,BRIDGEPORT,8,8,August,2010,1,Sunday,19,0,0,13,3,308,34.13537778,-116.09741111,8,1,0,1,0,0,1,0
61366,CALIFORNIA,CA,1,1,1,37,1980,BRADFORD,15,8,August,2010,1,Sunday,22,20,0,13,6,0,34.20105278,-118.59772778,9,3,0,1,0,0,1,0
61367,CALIFORNIA,CA,2,0,2,65,1690,CYPRESS,28,8,August,2010,7,Saturday,11,44,0,16,6,0,33.71993056,-116.20745556,12,1,0,1,0,0,1,0
61368,CALIFORNIA,CA,1,1,1,85,940,BENTON,16,4,April,2010,6,Friday,7,52,0,13,5,0,37.32307500,-122.06855000,8,1,0,1,0,0,1,0
61369,CALIFORNIA,CA,2,0,3,71,0,BRIDGEPORT,13,8,August,2010,6,Friday,23,45,1,1,1,777,34.90508056,-116.95289722,12,2,0,1,0,0,1,0
61370,CALIFORNIA,CA,1,0,1,77,0,ANDERSON,14,8,August,2010,7,Saturday,22,50,0,13,7,0,38.01551944,-121.25770000,33,3,0,1,0,0,1,1
61371,CALIFORNIA,CA,3,0,5,37,1980,BRADFORD,19,8,August,2010,5,Thursday,12,0,0,15,6,0,34.18367222,-118.54484167,12,1,0,1,0,0,1,1
61372,CALIFORNIA,CA,1,0,1,85,3340,BENTON,19,8,August,2010,5,Thursday,20,25,1,11,1,43,37.31555000,-121.91598889,33,5,0,1,0,0,1,1
61373,CALIFORNIA,CA,1,2,1,37,1980,BRADFORD,20,8,August,2010,6,Friday,7,10,0,14,6,0,34.27339722,-118.33929722,9,1,0,1,0,0,1,0
61374,CALIFORNIA,CA,4,0,4,73,3260,ARGO,20,8,August,2010,6,Friday,11,8,0,13,6,0,32.78218611,-117.13018056,33,1,0,1,0,0,2,0
61375,CALIFORNIA,CA,1,1,2,65,3070,CYPRESS,20,8,August,2010,6,Friday,22,52,0,15,6,0,34.00574722,-117.34929444,8,3,0,1,0,0,1,0
61376,CALIFORNIA,CA,2,1,2,59,880,FRANKLIN,20,8,August,2010,6,Friday,23,54,0,13,6,0,33.68374722,-117.91941389,8,3,0,1,0,0,1,0
61377,CALIFORNIA,CA,1,1,1,7,0,BIBB,22,7,July,2010,5,Thursday,9,4,0,6,4,0,39.67896944,-121.78011111,8,1,0,1,0,0,1,0
61378,CALIFORNIA,CA,1,0,1,37,1980,BRADFORD,1,8,August,2010,1,Sunday,4,35,0,13,6,0,34.09638611,-118.47600556,33,2,0,1,0,0,1,0
61379,CALIFORNIA,CA,1,0,1,71,0,BRIDGEPORT,1,8,August,2010,1,Sunday,6,30,1,1,1,1161,35.08768889,-116.33313056,1,1,0,1,0,0,1,0
61380,CALIFORNIA,CA,1,0,1,37,0,BRADFORD,1,8,August,2010,1,Sunday,14,20,0,2,3,567,34.28270000,-118.17806944,59,1,0,1,0,0,1,0
61381,CALIFORNIA,CA,1,1,1,77,0,ANDERSON,15,8,August,2010,1,Sunday,0,10,0,6,4,0,38.19721944,-121.08570000,8,2,0,1,0,0,1,0
61382,CALIFORNIA,CA,1,0,1,37,1980,BRADFORD,15,8,August,2010,1,Sunday,5,48,1,11,1,181,33.59168056,-118.16528889,25,4,0,1,0,0,1,0
61383,CALIFORNIA,CA,1,1,1,67,1108,ABBEVILLE,16,8,August,2010,2,Monday,21,5,0,14,6,0,38.40905833,-121.35314167,8,3,0,1,0,0,1,0
61384,CALIFORNIA,CA,1,0,3,107,2880,CARROLLTON,17,8,August,2010,3,Tuesday,0,37,0,14,6,0,36.08020278,-119.01973056,38,3,0,1,0,0,1,1
61385,CALIFORNIA,CA,1,1,1,37,4190,BRADFORD,17,8,August,2010,3,Tuesday,23,36,0,14,6,0,33.96361389,-118.04590833,8,3,0,1,0,0,1,0
61386,CALIFORNIA,CA,1,1,1,37,1980,BRADFORD,31,8,August,2010,3,Tuesday,0,50,0,13,6,0,34.08046389,-118.36152222,8,3,0,1,0,0,1,0
61387,CALIFORNIA,CA,2,1,1,37,1980,BRADFORD,21,8,August,2010,7,Saturday,11,45,0,14,6,0,34.27387778,-118.33985278,14,1,0,1,0,0,1,1
61388,CALIFORNIA,CA,2,0,4,29,240,BORDEN SPRINGS,21,8,August,2010,7,Saturday,21,18,0,14,6,0,35.40988611,-118.97948611,12,3,0,1,0,0,1,1
61389,CALIFORNIA,CA,1,1,2,67,0,ABBEVILLE,22,8,August,2010,1,Sunday,4,36,1,1,1,84,38.36453056,-121.47446111,8,2,0,1,0,0,1,0
61390,CALIFORNIA,CA,3,1,1,37,1980,BRADFORD,22,8,August,2010,1,Sunday,17,10,0,14,6,0,33.97878611,-118.31775833,9,1,0,1,0,0,1,1
61391,CALIFORNIA,CA,1,0,1,105,0,MARION,22,8,August,2010,1,Sunday,99,99,0,6,4,0,40.28389722,-123.39315833,35,9,0,99,0,0,1,0
61392,CALIFORNIA,CA,1,1,1,29,240,BORDEN SPRINGS,23,8,August,2010,2,Monday,3,26,0,16,6,0,35.35625833,-118.94990833,8,3,0,1,0,0,1,0
61393,CALIFORNIA,CA,1,1,1,39,2050,ANDALUSIA,23,8,August,2010,2,Monday,14,21,0,14,6,0,36.96800278,-120.06747222,9,1,0,1,0,0,1,0
61394,CALIFORNIA,CA,1,1,1,19,1370,CEDAR BLUFF,23,8,August,2010,2,Monday,23,0,0,15,6,0,36.80079722,-119.86251389,9,3,0,1,0,0,1,0
61395,CALIFORNIA,CA,3,0,1,73,3499,ARGO,25,8,August,2010,4,Wednesday,2,25,0,14,6,0,32.84183056,-116.96904722,33,3,0,1,0,0,1,1
61396,CALIFORNIA,CA,2,0,2,65,0,CYPRESS,27,8,August,2010,6,Friday,9,55,0,2,4,0,33.99536111,-117.16103056,12,1,0,1,0,0,1,0
61397,CALIFORNIA,CA,4,1,1,37,1440,BRADFORD,27,8,August,2010,6,Friday,18,53,1,11,1,442,34.12090000,-117.83124444,14,1,0,1,0,0,1,0
61398,CALIFORNIA,CA,2,1,2,67,3150,ABBEVILLE,27,8,August,2010,6,Friday,21,35,0,15,6,0,38.51506389,-121.48321111,8,3,0,1,0,0,1,0
61399,CALIFORNIA,CA,1,1,1,37,1840,BRADFORD,28,8,August,2010,7,Saturday,3,56,0,14,6,0,34.68917500,-118.22168889,8,3,0,1,0,0,1,0
61400,CALIFORNIA,CA,1,0,1,73,0,ARGO,28,8,August,2010,7,Saturday,11,51,0,4,4,0,33.09931944,-116.59638889,35,1,0,1,0,0,1,0
61401,CALIFORNIA,CA,1,1,1,59,3420,FRANKLIN,1,9,September,2010,4,Wednesday,23,24,0,13,6,0,33.71270278,-117.91977778,33,3,0,1,0,0,1,1
61402,CALIFORNIA,CA,1,0,2,91,0,DAYTON,2,9,September,2010,5,Thursday,9,17,0,2,3,0,39.69556389,-120.22132778,1,1,0,1,0,0,1,0
61403,CALIFORNIA,CA,1,0,1,7,2680,BIBB,2,9,September,2010,5,Thursday,11,11,0,15,6,0,39.76308333,-121.62494167,34,1,0,1,0,0,1,0
61404,CALIFORNIA,CA,1,1,1,37,1045,BRADFORD,26,6,June,2010,7,Saturday,22,20,0,16,6,0,33.93667500,-118.10592500,8,2,0,1,0,0,1,1
61405,CALIFORNIA,CA,1,0,1,111,4027,GRAHAM,7,8,August,2010,7,Saturday,3,29,1,12,2,238,34.24763333,-119.20118611,1,3,0,1,0,0,1,1
61406,CALIFORNIA,CA,1,1,1,71,0,BRIDGEPORT,23,8,August,2010,2,Monday,23,23,1,2,3,14,34.04887500,-116.57855833,8,3,0,1,0,0,1,0
61407,CALIFORNIA,CA,1,0,1,85,3440,BENTON,5,9,September,2010,1,Sunday,11,33,0,14,6,0,37.40811944,-121.93565833,30,1,0,1,0,0,1,0
61408,CALIFORNIA,CA,3,1,3,65,0,CYPRESS,6,9,September,2010,2,Monday,20,38,1,2,3,347,33.73990833,-117.06885556,8,2,0,1,0,0,1,0
61409,CALIFORNIA,CA,1,1,1,85,2182,BENTON,22,8,August,2010,1,Sunday,19,28,0,16,6,0,37.41010278,-121.89412222,9,1,0,1,0,0,1,0
61410,CALIFORNIA,CA,2,0,2,107,0,CARROLLTON,3,9,September,2010,6,Friday,13,20,0,5,4,0,35.82675556,-119.25036944,12,1,0,1,0,0,1,1
61411,CALIFORNIA,CA,1,0,4,99,0,BEATRICE,3,9,September,2010,6,Friday,15,20,1,2,3,84,37.77647222,-120.79143889,30,1,0,1,0,0,2,0
61412,CALIFORNIA,CA,2,0,2,29,0,BORDEN SPRINGS,3,9,September,2010,6,Friday,16,15,1,2,3,713,35.27453056,-118.70845000,12,1,0,1,0,0,1,0
61413,CALIFORNIA,CA,1,1,1,37,1980,BRADFORD,4,9,September,2010,7,Saturday,1,30,0,13,6,0,33.95833889,-118.25642222,8,2,0,1,0,0,1,0
61414,CALIFORNIA,CA,1,1,1,65,2650,CYPRESS,4,9,September,2010,7,Saturday,6,30,1,11,3,589,33.89257500,-116.61171944,9,1,0,1,0,0,1,0
61415,CALIFORNIA,CA,1,0,1,47,0,BROWNS,4,9,September,2010,7,Saturday,8,0,0,2,3,263,37.30448889,-120.85133889,42,1,0,1,0,0,1,0
61416,CALIFORNIA,CA,2,0,2,1,1920,AUTAUGA,4,9,September,2010,7,Saturday,9,38,1,11,1,110,37.70261111,-121.74958889,14,1,0,1,0,0,1,0
61417,CALIFORNIA,CA,2,0,3,71,3210,BRIDGEPORT,27,8,August,2010,6,Friday,16,20,1,11,1,252,34.06421111,-117.27921944,12,1,0,1,0,0,1,0
61418,CALIFORNIA,CA,1,0,1,73,0,ARGO,2,9,September,2010,5,Thursday,16,10,0,2,3,191,33.33896944,-117.13376944,42,1,0,1,0,0,1,0
61419,CALIFORNIA,CA,1,0,3,67,3150,ABBEVILLE,2,9,September,2010,5,Thursday,21,21,0,15,6,0,38.63940000,-121.44778611,38,3,0,1,0,0,1,1
61420,CALIFORNIA,CA,2,0,6,29,0,BORDEN SPRINGS,3,9,September,2010,6,Friday,1,20,0,2,3,186,35.52056111,-119.29586944,12,3,0,1,0,0,1,1
61421,CALIFORNIA,CA,1,0,1,103,0,DANVILLE,3,9,September,2010,6,Friday,2,13,1,1,1,321,40.23428056,-122.25523056,1,3,0,1,0,0,1,1
61422,CALIFORNIA,CA,1,1,1,73,3260,ARGO,3,9,September,2010,6,Friday,8,46,0,14,6,0,32.81519444,-117.08696389,8,1,0,1,0,0,1,0
61423,CALIFORNIA,CA,2,0,3,69,0,ASHFORD,7,9,September,2010,3,Tuesday,14,30,1,2,3,54,36.84134444,-121.49003611,12,1,0,10,0,0,1,0
61424,CALIFORNIA,CA,1,1,1,29,0,BORDEN SPRINGS,8,9,September,2010,4,Wednesday,5,15,0,2,4,0,35.29586389,-118.91103611,8,2,0,1,0,0,1,0
61425,CALIFORNIA,CA,1,1,1,13,4070,BOLLING,17,7,July,2010,7,Saturday,18,5,0,13,6,0,37.92800000,-122.04421111,33,1,0,1,0,0,1,1
61426,CALIFORNIA,CA,1,1,1,107,0,CARROLLTON,24,8,August,2010,3,Tuesday,4,30,0,6,4,0,35.93530000,-119.27585556,8,2,0,1,0,0,1,0
61427,CALIFORNIA,CA,4,1,1,37,720,BRADFORD,25,8,August,2010,4,Wednesday,10,40,0,14,6,0,34.09464444,-117.72042500,33,1,0,1,0,0,1,0
61428,CALIFORNIA,CA,1,1,4,19,1370,CEDAR BLUFF,29,8,August,2010,1,Sunday,20,9,0,16,6,0,36.73272222,-119.75460833,8,3,0,1,0,0,1,0
61429,CALIFORNIA,CA,1,1,2,77,3770,ANDERSON,30,8,August,2010,2,Monday,1,31,0,13,6,0,37.89626667,-121.27003889,9,2,0,1,0,0,1,0
61430,CALIFORNIA,CA,2,0,3,71,1603,BRIDGEPORT,10,5,May,2010,2,Monday,15,7,0,13,6,0,34.42667778,-117.36224167,12,1,0,1,0,0,1,0
61431,CALIFORNIA,CA,5,0,9,65,2327,CYPRESS,10,6,June,2010,5,Thursday,13,43,0,15,6,0,33.68510278,-117.17035833,33,1,0,1,0,0,1,0
61432,CALIFORNIA,CA,2,0,4,77,0,ANDERSON,12,6,June,2010,7,Saturday,23,50,0,2,4,0,38.08661944,-121.27861111,12,3,0,1,0,0,1,1
61433,CALIFORNIA,CA,2,0,6,37,1970,BRADFORD,22,8,August,2010,1,Sunday,0,3,0,13,6,0,33.75155278,-118.12858889,12,3,0,1,0,0,4,2
61434,CALIFORNIA,CA,2,0,3,65,1801,CYPRESS,22,8,August,2010,1,Sunday,5,50,0,15,6,0,33.62677778,-117.26358056,12,4,0,1,0,0,1,0
61435,CALIFORNIA,CA,1,0,2,1,1560,AUTAUGA,22,8,August,2010,1,Sunday,6,15,0,15,6,0,37.64506944,-122.06682222,33,4,0,1,0,0,1,1
61436,CALIFORNIA,CA,1,0,1,37,2645,BRADFORD,22,8,August,2010,1,Sunday,11,14,0,13,6,0,34.64694167,-118.20201389,30,1,0,1,0,0,1,0
61437,CALIFORNIA,CA,3,0,6,65,1580,CYPRESS,22,8,August,2010,1,Sunday,16,41,0,14,6,0,33.72143333,-117.03264167,12,1,0,1,0,0,1,1