ST_CASE,State Name,State Abbreviation,VE_TOTAL,Pedestrains,Total_Persons_in_accident,COUNTY,CITY,City_County_Name,Calendar_DAY,MONTH,Month_Name,YEAR,DAY_WEEK,Day_Week_desc,HOUR,MINUTE,NHS_Desc,trafficway,ROUTE,MILEPT,LATITUDE,LONGITUD,First_Crash_event,Light_cond_desc,Weather_condition,WEATHER,SCH_BUS,Crash_cause,FATALS,DRUNK_DR
61438,CALIFORNIA,CA,2,0,4,113,980,COTTONTON,22,8,August,2010,1,Sunday,23,15,1,11,1,25,38.55190000,-121.69820556,12,3,0,1,0,0,1,0
61439,CALIFORNIA,CA,1,0,3,59,80,FRANKLIN,22,8,August,2010,1,Sunday,23,18,1,12,3,159,33.85220000,-117.87601667,42,3,0,1,0,0,1,1
61440,CALIFORNIA,CA,1,0,1,43,0,BAILEYTON,22,8,August,2010,1,Sunday,99,99,0,6,4,0,37.71266111,-120.08924167,42,2,0,1,0,0,1,1
61441,CALIFORNIA,CA,2,0,2,65,0,CYPRESS,23,8,August,2010,2,Monday,7,0,0,3,4,0,33.82699167,-117.04123333,12,1,0,1,0,0,1,0
61442,CALIFORNIA,CA,1,0,1,73,3260,ARGO,23,8,August,2010,2,Monday,14,17,0,15,6,0,32.79413611,-117.19020556,24,1,0,1,0,0,1,0
61443,CALIFORNIA,CA,2,0,4,107,0,CARROLLTON,23,8,August,2010,2,Monday,19,40,0,2,3,35,36.20332222,-119.49302778,12,5,0,1,0,0,1,1
61444,CALIFORNIA,CA,1,0,6,29,0,BORDEN SPRINGS,24,8,August,2010,3,Tuesday,2,10,1,2,3,313,35.44515000,-119.09146944,30,2,0,1,0,0,2,0
61445,CALIFORNIA,CA,1,0,3,1,1364,AUTAUGA,24,8,August,2010,3,Tuesday,10,33,1,11,1,65,37.52392778,-121.99088333,59,1,0,1,0,0,1,0
61446,CALIFORNIA,CA,1,0,1,65,250,CYPRESS,24,8,August,2010,3,Tuesday,13,40,1,11,1,107,33.92610000,-116.92384167,35,1,0,1,0,0,1,0
61447,CALIFORNIA,CA,1,0,1,89,0,BROWNSBORO,24,8,August,2010,3,Tuesday,13,45,0,4,4,0,40.50242778,-122.45045278,1,1,0,1,0,0,1,0
61448,CALIFORNIA,CA,2,0,3,73,2340,ARGO,24,8,August,2010,3,Tuesday,16,5,1,11,1,96,32.65167778,-117.09818056,25,1,0,1,0,0,2,0
61449,CALIFORNIA,CA,2,0,5,99,0,BEATRICE,24,8,August,2010,3,Tuesday,18,15,0,4,4,0,37.48683611,-121.09681944,12,1,0,1,0,0,4,1
61450,CALIFORNIA,CA,1,0,1,71,0,BRIDGEPORT,25,8,August,2010,4,Wednesday,5,30,0,2,3,1105,34.07977500,-114.79247778,1,1,0,1,0,0,1,0
61451,CALIFORNIA,CA,1,0,3,37,0,BRADFORD,25,8,August,2010,4,Wednesday,13,29,0,4,4,0,34.10195556,-118.69306111,34,1,0,1,0,0,2,0
61452,CALIFORNIA,CA,1,0,1,89,0,BROWNSBORO,25,8,August,2010,4,Wednesday,15,7,0,3,4,0,40.69957778,-122.32158889,42,1,0,1,0,0,1,1
61453,CALIFORNIA,CA,1,0,1,111,2270,GRAHAM,26,8,August,2010,5,Thursday,3,25,0,13,6,0,34.26342500,-118.88540556,42,3,0,1,0,0,1,1
61454,CALIFORNIA,CA,2,0,4,25,0,BARLOW BEND,26,8,August,2010,5,Thursday,10,7,0,2,3,124,32.84722222,-115.40616944,12,1,0,1,0,0,2,0
61455,CALIFORNIA,CA,1,0,1,37,3690,BRADFORD,26,8,August,2010,5,Thursday,18,20,0,13,6,0,33.91529167,-118.16891389,33,1,0,1,0,0,1,0
61456,CALIFORNIA,CA,1,0,1,85,0,BENTON,27,8,August,2010,6,Friday,0,1,1,2,2,4,36.92851944,-121.54718056,1,2,0,1,0,0,1,0
61457,CALIFORNIA,CA,2,0,1,65,2650,CYPRESS,27,8,August,2010,6,Friday,6,42,0,15,6,0,33.83564167,-116.53691667,14,4,0,1,0,0,1,0
61458,CALIFORNIA,CA,1,0,1,67,3150,ABBEVILLE,27,8,August,2010,6,Friday,22,54,0,13,6,0,38.63677222,-121.47650833,33,3,0,1,0,0,1,0
61459,CALIFORNIA,CA,1,0,1,73,3260,ARGO,27,8,August,2010,6,Friday,22,54,1,11,1,199,32.75771111,-117.20375000,33,2,0,1,0,0,1,1
61460,CALIFORNIA,CA,1,0,2,89,0,BROWNSBORO,28,8,August,2010,7,Saturday,9,53,1,1,1,8,40.38711389,-122.28538056,42,1,2,2,0,0,1,1
61461,CALIFORNIA,CA,1,0,1,37,0,BRADFORD,28,8,August,2010,7,Saturday,10,37,0,4,4,0,33.97686111,-117.98290000,33,1,0,1,0,0,1,0
61462,CALIFORNIA,CA,2,0,2,65,2276,CYPRESS,28,8,August,2010,7,Saturday,12,45,1,12,3,134,33.94245000,-117.27863056,12,1,0,1,0,0,1,0
61463,CALIFORNIA,CA,2,0,6,37,1980,BRADFORD,28,8,August,2010,7,Saturday,16,20,0,16,6,0,34.22133056,-118.48525556,12,1,0,1,0,0,1,0
61464,CALIFORNIA,CA,1,0,4,77,3770,ANDERSON,28,8,August,2010,7,Saturday,17,53,0,16,6,0,37.95909444,-121.28201389,5,1,0,1,0,0,1,0
61465,CALIFORNIA,CA,1,0,1,33,0,CHEROKEE,28,8,August,2010,7,Saturday,23,0,1,2,3,300,38.94246944,-122.77693889,35,2,0,1,0,0,1,1
61466,CALIFORNIA,CA,4,0,1,39,2050,ANDALUSIA,28,8,August,2010,7,Saturday,23,40,0,16,6,0,36.96236667,-120.08821667,1,3,0,1,0,0,1,1
61467,CALIFORNIA,CA,2,0,6,59,80,FRANKLIN,29,8,August,2010,1,Sunday,15,21,0,13,6,0,33.83885833,-117.91497222,12,1,0,1,0,0,1,0
61468,CALIFORNIA,CA,1,0,1,71,1603,BRIDGEPORT,30,8,August,2010,2,Monday,5,16,1,11,1,350,34.88336111,-116.98248611,32,2,0,1,0,0,1,0
61469,CALIFORNIA,CA,1,0,1,23,0,BLADON SPRINGS,30,8,August,2010,2,Monday,6,42,0,2,3,377,41.29961111,-123.54973056,42,4,2,2,0,0,1,0
61470,CALIFORNIA,CA,2,0,2,97,3490,AXIS,30,8,August,2010,2,Monday,10,37,0,15,6,0,38.46019167,-122.73265000,12,1,0,1,0,0,1,0
61471,CALIFORNIA,CA,1,0,2,37,1695,BRADFORD,30,8,August,2010,2,Monday,12,5,0,14,6,0,34.01583611,-117.97529444,33,1,0,1,0,0,1,0
61472,CALIFORNIA,CA,1,0,5,71,0,BRIDGEPORT,30,8,August,2010,2,Monday,16,45,1,1,1,872,34.74523056,-115.52503889,1,1,0,1,0,0,1,0
61473,CALIFORNIA,CA,1,0,1,51,0,CENTRAL,30,8,August,2010,2,Monday,99,99,0,6,4,0,37.50695000,-118.41531111,35,9,0,1,0,0,1,0
61474,CALIFORNIA,CA,2,0,2,71,2550,BRIDGEPORT,31,8,August,2010,3,Tuesday,1,11,1,2,3,19,34.00071111,-117.72415000,12,3,0,1,0,0,1,0
61475,CALIFORNIA,CA,2,0,3,71,2550,BRIDGEPORT,31,8,August,2010,3,Tuesday,11,19,0,13,6,0,34.03048333,-117.66763611,12,1,0,1,0,0,1,0
61476,CALIFORNIA,CA,4,0,5,65,3070,CYPRESS,31,8,August,2010,3,Tuesday,13,25,1,12,3,120,33.99470000,-117.36067222,12,1,0,1,0,0,1,0
61477,CALIFORNIA,CA,2,0,2,37,4190,BRADFORD,31,8,August,2010,3,Tuesday,17,26,0,13,6,0,33.92731944,-118.04648611,12,1,0,1,0,0,1,0
61478,CALIFORNIA,CA,1,0,1,105,0,MARION,31,8,August,2010,3,Tuesday,18,45,0,2,3,561,40.93303333,-122.75700278,42,1,0,1,0,0,1,0
61479,CALIFORNIA,CA,1,0,2,67,3150,ABBEVILLE,31,8,August,2010,3,Tuesday,19,15,0,13,6,0,38.49578056,-121.48278333,6,5,0,1,0,0,1,0
61480,CALIFORNIA,CA,2,0,2,65,2730,CYPRESS,26,6,June,2010,7,Saturday,11,21,0,14,6,0,33.81561111,-117.22255556,12,1,0,1,0,0,2,1
61481,CALIFORNIA,CA,2,0,2,37,2929,BRADFORD,15,8,August,2010,1,Sunday,9,20,0,13,6,0,33.80390000,-118.39051667,12,1,0,10,0,0,1,0
61482,CALIFORNIA,CA,1,1,1,73,3260,ARGO,17,8,August,2010,3,Tuesday,23,54,1,11,1,192,32.74845000,-117.19480000,8,2,0,1,0,0,1,0
61483,CALIFORNIA,CA,2,0,4,79,0,COURTLAND,18,8,August,2010,4,Wednesday,14,14,0,2,3,380,35.45381944,-120.95170556,12,1,0,1,0,0,1,0
61484,CALIFORNIA,CA,2,1,3,7,0,BIBB,18,8,August,2010,4,Wednesday,20,25,0,4,4,0,39.44218889,-121.72605000,12,2,0,1,0,0,1,0
61485,CALIFORNIA,CA,1,2,2,83,3460,ARDMORE,25,8,August,2010,4,Wednesday,13,19,1,13,3,164,34.96221667,-120.43568611,8,1,0,1,0,0,1,0
61486,CALIFORNIA,CA,2,0,3,81,3390,AUBURN,1,9,September,2010,4,Wednesday,14,27,0,16,6,0,37.56720278,-122.32713056,12,1,0,1,0,0,1,0
61487,CALIFORNIA,CA,1,0,5,65,0,CYPRESS,1,9,September,2010,4,Wednesday,15,35,1,1,1,266,33.92160556,-116.65562222,1,1,0,1,0,0,1,0
61488,CALIFORNIA,CA,1,1,2,75,3290,BEAVERTON,1,9,September,2010,4,Wednesday,17,0,0,15,6,0,37.72798889,-122.40223889,8,1,0,1,0,0,1,0
61489,CALIFORNIA,CA,1,1,1,99,0,BEATRICE,1,9,September,2010,4,Wednesday,19,15,0,6,4,0,37.50732500,-120.96605000,9,1,0,1,0,0,1,0
61490,CALIFORNIA,CA,2,0,2,29,0,BORDEN SPRINGS,1,9,September,2010,4,Wednesday,22,49,0,3,4,0,35.26695556,-118.93201667,12,2,0,1,0,0,1,1
61491,CALIFORNIA,CA,1,1,3,67,1108,ABBEVILLE,21,9,September,2010,3,Tuesday,7,28,0,14,6,0,38.43792500,-121.40868889,9,1,0,1,0,0,1,0
61492,CALIFORNIA,CA,1,0,2,37,1980,BRADFORD,4,9,September,2010,7,Saturday,8,57,1,11,1,443,34.31916944,-118.49378056,25,1,0,1,0,0,1,0
61493,CALIFORNIA,CA,1,0,2,77,0,ANDERSON,4,9,September,2010,7,Saturday,19,42,0,2,3,45,37.89051111,-121.48791111,38,5,0,1,0,0,1,1
61494,CALIFORNIA,CA,1,1,1,59,0,FRANKLIN,10,9,September,2010,6,Friday,15,54,0,14,6,0,33.65230278,-117.97962222,8,1,0,1,0,0,1,0
61495,CALIFORNIA,CA,1,1,1,73,1200,ARGO,10,9,September,2010,6,Friday,19,47,0,13,6,0,33.12730278,-117.07392778,15,3,0,1,0,0,1,0
61496,CALIFORNIA,CA,1,1,2,65,0,CYPRESS,11,9,September,2010,7,Saturday,3,4,0,2,3,690,33.55012222,-116.71349167,8,2,0,1,0,0,1,0
61497,CALIFORNIA,CA,1,1,1,29,240,BORDEN SPRINGS,11,9,September,2010,7,Saturday,17,9,0,14,6,0,35.35391944,-118.99646111,8,1,0,1,0,0,1,0
61498,CALIFORNIA,CA,1,1,1,99,2200,BEATRICE,12,9,September,2010,1,Sunday,21,49,0,13,6,0,37.64776111,-120.97912778,9,3,0,1,0,0,1,0
61499,CALIFORNIA,CA,1,1,1,85,3340,BENTON,21,9,September,2010,3,Tuesday,6,51,0,15,6,0,37.43113056,-121.96064444,9,1,0,10,0,0,1,0
61500,CALIFORNIA,CA,1,0,3,71,0,BRIDGEPORT,3,8,August,2010,3,Tuesday,1,15,0,4,4,0,34.33847500,-117.60186111,41,2,0,1,0,0,1,1
61501,CALIFORNIA,CA,2,0,3,71,0,BRIDGEPORT,4,9,September,2010,7,Saturday,21,45,1,11,1,1780,35.49380000,-115.43944444,12,2,0,1,0,0,1,1
61502,CALIFORNIA,CA,2,0,3,59,2560,FRANKLIN,8,9,September,2010,4,Wednesday,17,11,0,13,6,0,33.78567500,-117.83579444,12,1,0,1,0,0,1,1
61503,CALIFORNIA,CA,1,1,1,59,80,FRANKLIN,9,9,September,2010,5,Thursday,11,31,0,13,6,0,33.83226111,-117.94559167,8,1,0,1,0,0,1,0
61504,CALIFORNIA,CA,2,0,3,37,1430,BRADFORD,15,9,September,2010,4,Wednesday,10,47,0,14,6,0,34.15453889,-118.25794167,12,1,0,1,0,0,2,0
61505,CALIFORNIA,CA,1,1,1,37,1430,BRADFORD,15,9,September,2010,4,Wednesday,18,37,0,16,6,0,34.14983056,-118.26143056,8,1,0,1,0,0,1,0
61506,CALIFORNIA,CA,1,1,1,87,0,ARMSTRONG,15,9,September,2010,4,Wednesday,19,44,0,4,4,0,36.95135833,-121.76493056,8,5,0,1,0,0,1,0
61507,CALIFORNIA,CA,1,0,1,37,4124,BRADFORD,16,9,September,2010,5,Thursday,5,45,0,13,6,0,34.08941667,-118.34412500,31,4,0,1,0,0,1,1
61508,CALIFORNIA,CA,1,1,1,53,2250,ATMORE,16,9,September,2010,5,Thursday,5,59,0,13,6,0,36.60088611,-121.89556389,8,3,0,5,0,0,1,0
61509,CALIFORNIA,CA,1,1,1,67,3150,ABBEVILLE,16,9,September,2010,5,Thursday,7,5,0,15,6,0,38.66559722,-121.51060833,8,4,0,1,0,0,1,0
61510,CALIFORNIA,CA,1,2,1,37,0,BRADFORD,30,8,August,2010,2,Monday,20,9,0,6,4,0,34.49255000,-118.19058889,8,2,0,1,0,0,2,0
61511,CALIFORNIA,CA,1,1,1,77,0,ANDERSON,1,9,September,2010,4,Wednesday,5,43,0,4,4,0,38.16791111,-121.26208056,8,2,0,1,0,0,1,0
61512,CALIFORNIA,CA,1,0,1,17,0,CHAMBERS,1,9,September,2010,4,Wednesday,23,0,0,6,4,0,38.75247500,-120.68688611,31,2,0,1,0,0,1,0
61513,CALIFORNIA,CA,1,0,1,85,0,BENTON,1,9,September,2010,4,Wednesday,99,99,1,2,2,5,36.92851944,-121.54718056,42,2,0,1,0,0,1,0
61514,CALIFORNIA,CA,1,0,1,67,0,ABBEVILLE,2,8,August,2010,2,Monday,18,4,1,1,1,34,38.29955000,-121.46063056,38,1,0,1,0,0,1,0
61515,CALIFORNIA,CA,1,0,5,97,0,AXIS,3,8,August,2010,3,Tuesday,5,8,0,4,4,0,38.45243056,-122.82234167,43,2,0,10,0,0,1,0
61516,CALIFORNIA,CA,1,0,1,29,0,BORDEN SPRINGS,4,8,August,2010,4,Wednesday,99,99,1,2,2,51,35.43241111,-117.67178056,1,2,0,1,0,0,1,1
61517,CALIFORNIA,CA,1,0,1,37,1980,BRADFORD,6,8,August,2010,6,Friday,21,20,0,13,6,0,33.80307778,-118.04375278,33,3,0,1,0,0,1,1
61518,CALIFORNIA,CA,1,0,1,73,3260,ARGO,7,8,August,2010,7,Saturday,2,51,0,13,6,0,32.77260833,-117.07005556,33,3,0,1,0,0,1,1
61519,CALIFORNIA,CA,2,0,2,37,0,BRADFORD,7,8,August,2010,7,Saturday,19,26,0,3,4,0,33.92011111,-118.23906111,12,1,0,1,0,0,1,1
61520,CALIFORNIA,CA,1,0,1,55,0,ATTALLA,7,8,August,2010,7,Saturday,19,30,0,2,3,478,38.66885000,-122.58813056,1,5,0,1,0,0,1,0
61521,CALIFORNIA,CA,1,0,1,37,1980,BRADFORD,8,8,August,2010,1,Sunday,0,34,1,11,1,395,34.26805000,-118.43733889,1,3,0,1,0,0,1,1
61522,CALIFORNIA,CA,1,0,2,37,1400,BRADFORD,8,8,August,2010,1,Sunday,4,1,0,13,6,0,33.90191944,-118.31155833,33,3,0,1,0,0,2,1
61523,CALIFORNIA,CA,1,0,1,67,3150,ABBEVILLE,8,8,August,2010,1,Sunday,6,45,1,11,1,222,38.56571944,-121.51291111,24,1,0,1,0,0,1,0
61524,CALIFORNIA,CA,1,0,1,71,3210,BRIDGEPORT,10,8,August,2010,3,Tuesday,10,28,0,15,6,0,34.07861944,-117.29583056,33,1,0,1,0,0,1,0
61525,CALIFORNIA,CA,1,0,1,81,0,AUBURN,12,8,August,2010,5,Thursday,0,40,0,4,4,0,37.32275000,-122.18736111,38,2,0,1,0,0,1,0
61526,CALIFORNIA,CA,1,0,1,95,4020,ALBERTVILLE,12,8,August,2010,5,Thursday,2,41,0,14,6,0,38.11459444,-122.20112222,42,3,0,1,0,0,1,1
61527,CALIFORNIA,CA,1,0,1,73,0,ARGO,12,8,August,2010,5,Thursday,99,99,0,4,4,0,32.99963056,-116.93991111,33,2,0,1,0,0,1,0
61528,CALIFORNIA,CA,1,0,8,47,0,BROWNS,13,8,August,2010,6,Friday,4,5,1,1,1,251,37.14706111,-121.04370000,33,2,0,1,0,0,1,0
61529,CALIFORNIA,CA,2,0,2,47,0,BROWNS,13,8,August,2010,6,Friday,6,2,0,2,3,32,37.24583056,-121.03086111,12,4,0,1,0,0,1,1
61530,CALIFORNIA,CA,1,0,1,85,3340,BENTON,13,8,August,2010,6,Friday,14,30,0,12,3,20,37.24296111,-121.80395000,31,1,0,1,0,0,1,0
61531,CALIFORNIA,CA,2,0,2,67,0,ABBEVILLE,13,8,August,2010,6,Friday,16,54,0,3,4,0,38.68296667,-121.36376389,12,1,0,1,0,0,1,0
61532,CALIFORNIA,CA,1,0,2,99,0,BEATRICE,13,8,August,2010,6,Friday,19,0,0,4,4,0,37.78233889,-120.76700000,1,1,0,1,0,0,1,1
61533,CALIFORNIA,CA,1,0,1,93,0,BEAR CREEK,13,8,August,2010,6,Friday,99,99,0,6,4,0,41.32782500,-123.37796667,58,2,0,1,0,0,1,1
61534,CALIFORNIA,CA,1,0,1,37,1980,BRADFORD,14,8,August,2010,7,Saturday,0,20,0,13,6,0,34.02731944,-118.27415556,25,3,0,1,0,0,1,1
61535,CALIFORNIA,CA,1,0,1,71,0,BRIDGEPORT,14,8,August,2010,7,Saturday,1,23,0,6,4,0,34.47725000,-117.59063056,35,2,0,1,0,0,1,1
61536,CALIFORNIA,CA,1,0,1,65,0,CYPRESS,14,8,August,2010,7,Saturday,2,11,0,6,4,0,33.83940000,-117.30508889,30,2,0,1,0,0,1,1
61537,CALIFORNIA,CA,1,0,1,73,1080,ARGO,14,8,August,2010,7,Saturday,2,15,0,12,3,5,32.80533889,-116.96181111,38,3,0,1,0,0,1,1
61538,CALIFORNIA,CA,2,0,3,67,3150,ABBEVILLE,14,8,August,2010,7,Saturday,2,40,1,12,3,238,38.55136111,-121.47381944,12,3,0,1,0,0,1,1
61539,CALIFORNIA,CA,3,0,7,43,0,BAILEYTON,14,8,August,2010,7,Saturday,15,10,1,2,3,300,37.56145278,-119.93625278,12,1,0,1,0,0,3,0
61540,CALIFORNIA,CA,1,0,2,29,0,BORDEN SPRINGS,14,8,August,2010,7,Saturday,15,13,1,1,1,786,35.68546944,-119.70461944,1,1,0,1,0,0,1,0
61541,CALIFORNIA,CA,2,0,8,65,0,CYPRESS,14,8,August,2010,7,Saturday,20,12,0,4,4,0,33.66380000,-116.21648056,12,2,0,1,0,0,1,0
61542,CALIFORNIA,CA,1,0,1,29,0,BORDEN SPRINGS,14,8,August,2010,7,Saturday,20,15,0,3,4,0,35.42201111,-119.06160000,21,3,0,1,0,0,1,0
61543,CALIFORNIA,CA,1,0,2,17,0,CHAMBERS,14,8,August,2010,7,Saturday,22,35,0,6,4,0,38.64318889,-120.78368889,38,2,0,1,0,0,1,1
61544,CALIFORNIA,CA,1,0,1,5,0,BAKER HILL,15,8,August,2010,1,Sunday,13,50,1,2,3,184,38.37055000,-120.71118056,42,1,0,1,0,0,1,0
61545,CALIFORNIA,CA,1,0,3,1,0,AUTAUGA,15,8,August,2010,1,Sunday,17,58,1,11,1,315,37.69658056,-122.10551944,41,1,0,1,0,0,1,1
61546,CALIFORNIA,CA,1,0,1,79,0,COURTLAND,15,8,August,2010,1,Sunday,19,5,1,2,2,368,35.37118889,-120.64076111,24,1,0,1,0,0,1,0
61547,CALIFORNIA,CA,1,0,8,13,975,BOLLING,15,8,August,2010,1,Sunday,23,45,0,16,6,0,37.82863611,-122.00875833,5,2,0,1,0,0,1,0
61548,CALIFORNIA,CA,1,0,1,63,0,BOLIGEE,16,8,August,2010,2,Monday,5,55,0,2,3,139,40.07730000,-120.93552500,24,4,0,1,0,0,1,0
61549,CALIFORNIA,CA,1,0,1,111,0,GRAHAM,16,8,August,2010,2,Monday,16,33,0,2,3,35,34.06641944,-118.99880000,1,1,0,1,0,0,1,0
61550,CALIFORNIA,CA,2,0,3,85,0,BENTON,17,8,August,2010,3,Tuesday,10,26,0,6,4,0,37.10798056,-121.60118056,12,1,0,1,0,0,1,0
61551,CALIFORNIA,CA,2,0,5,65,0,CYPRESS,18,8,August,2010,4,Wednesday,13,50,0,6,4,0,33.81961944,-117.11678889,12,1,0,1,0,0,1,0
61552,CALIFORNIA,CA,1,0,1,29,0,BORDEN SPRINGS,18,8,August,2010,4,Wednesday,19,27,1,2,3,197,35.61477778,-119.88182500,38,1,0,1,0,0,1,0
61553,CALIFORNIA,CA,3,0,3,37,1980,BRADFORD,19,8,August,2010,5,Thursday,0,43,0,15,6,0,33.91605000,-118.28773611,12,3,0,1,0,0,1,1
61554,CALIFORNIA,CA,1,0,2,47,2150,BROWNS,19,8,August,2010,5,Thursday,1,30,0,15,6,0,37.16948056,-120.20196944,38,2,0,1,0,0,1,1
61555,CALIFORNIA,CA,2,0,3,53,0,ATMORE,19,8,August,2010,5,Thursday,7,45,0,4,4,0,36.89784722,-121.68478611,12,1,0,10,0,0,1,0
61556,CALIFORNIA,CA,1,0,1,65,1580,CYPRESS,20,8,August,2010,6,Friday,3,38,0,16,6,0,33.71375556,-117.00297778,41,2,0,1,0,0,1,1
61557,CALIFORNIA,CA,1,0,1,65,0,CYPRESS,20,8,August,2010,6,Friday,13,24,1,1,1,323,33.78266111,-117.49077500,30,1,0,1,0,0,1,0
61558,CALIFORNIA,CA,1,0,5,47,0,BROWNS,20,8,August,2010,6,Friday,14,21,1,2,3,370,37.05533889,-120.55042500,1,1,0,1,0,0,1,0
61559,CALIFORNIA,CA,6,0,10,73,3260,ARGO,20,8,August,2010,6,Friday,21,9,0,16,6,0,32.99063056,-117.07208333,12,3,0,1,0,0,1,1
61560,CALIFORNIA,CA,1,0,1,59,0,FRANKLIN,21,8,August,2010,7,Saturday,11,30,0,2,3,160,33.59692778,-117.46369722,1,1,0,1,0,0,1,0
61561,CALIFORNIA,CA,2,0,4,59,80,FRANKLIN,21,8,August,2010,7,Saturday,16,5,1,12,3,113,33.85435000,-117.79555000,12,1,0,1,0,0,1,0
61562,CALIFORNIA,CA,1,0,1,61,0,BELLWOOD,21,8,August,2010,7,Saturday,20,20,0,5,4,0,39.13478611,-120.94081111,1,5,0,1,0,0,1,1
61563,CALIFORNIA,CA,1,0,1,13,460,BOLLING,21,8,August,2010,7,Saturday,23,50,0,13,6,0,37.95277500,-121.69617778,18,2,0,1,0,0,1,1
61564,CALIFORNIA,CA,1,2,1,19,1370,CEDAR BLUFF,12,9,September,2010,1,Sunday,14,29,0,14,6,0,36.75476944,-119.82853889,33,1,0,1,0,0,1,0
61565,CALIFORNIA,CA,1,1,1,39,2050,ANDALUSIA,21,9,September,2010,3,Tuesday,18,46,0,14,6,0,36.95292778,-120.05916667,8,5,0,1,0,0,1,0
61566,CALIFORNIA,CA,1,0,1,7,660,BIBB,22,9,September,2010,4,Wednesday,7,18,0,14,6,0,39.72731111,-121.79510000,33,1,0,1,0,0,1,0
61567,CALIFORNIA,CA,1,1,1,37,1400,BRADFORD,22,9,September,2010,4,Wednesday,5,43,0,14,6,0,33.90918889,-118.30132222,8,3,0,1,0,0,1,0
61568,CALIFORNIA,CA,1,1,2,65,4197,CYPRESS,22,9,September,2010,4,Wednesday,20,7,0,14,6,0,33.64877500,-117.29482778,9,2,0,1,0,0,1,0
61569,CALIFORNIA,CA,1,1,1,95,0,ALBERTVILLE,24,9,September,2010,6,Friday,0,54,1,1,1,32,38.41946111,-121.94391944,9,2,0,1,0,0,1,0
61570,CALIFORNIA,CA,1,1,1,53,0,ATMORE,24,9,September,2010,6,Friday,5,50,0,6,4,0,36.14341944,-121.03765000,8,2,0,1,0,0,1,0
61571,CALIFORNIA,CA,1,1,1,115,0,ASHVILLE,24,9,September,2010,6,Friday,19,30,1,2,3,229,39.26493889,-121.59711111,8,2,0,1,0,0,1,0
61572,CALIFORNIA,CA,1,0,6,59,3420,FRANKLIN,7,9,September,2010,3,Tuesday,7,9,0,12,3,111,33.78035278,-117.87876667,5,4,0,1,0,0,1,0
61573,CALIFORNIA,CA,2,0,6,83,0,ARDMORE,8,9,September,2010,4,Wednesday,22,28,0,2,3,177,34.55768889,-119.91281944,12,2,0,10,0,0,1,0
61574,CALIFORNIA,CA,1,1,1,67,0,ABBEVILLE,9,9,September,2010,5,Thursday,19,55,0,6,4,0,38.72347222,-121.34474167,8,3,0,1,0,0,1,0
61575,CALIFORNIA,CA,3,0,3,19,0,CEDAR BLUFF,13,9,September,2010,2,Monday,17,23,1,2,3,61,36.48892222,-119.78981389,12,1,0,1,0,0,1,0
61576,CALIFORNIA,CA,2,1,1,15,0,ANNISTON,14,9,September,2010,3,Tuesday,13,55,1,2,2,30,41.81154444,-124.10479722,8,1,0,1,0,0,1,0
61577,CALIFORNIA,CA,2,3,2,59,1660,FRANKLIN,7,9,September,2010,3,Tuesday,9,56,0,15,6,0,33.75207500,-118.02448889,12,1,0,10,0,0,1,0
61578,CALIFORNIA,CA,1,1,1,71,0,BRIDGEPORT,24,9,September,2010,6,Friday,20,45,0,2,3,386,34.43958333,-116.84153056,9,2,0,1,0,0,1,0
61579,CALIFORNIA,CA,2,0,2,37,1970,BRADFORD,25,9,September,2010,7,Saturday,10,31,0,14,6,0,33.79692778,-118.15145833,12,1,0,1,0,0,1,0
61580,CALIFORNIA,CA,1,1,1,107,0,CARROLLTON,25,9,September,2010,7,Saturday,19,30,0,6,4,0,36.55663611,-119.34070556,8,2,0,1,0,0,1,0
61581,CALIFORNIA,CA,1,1,1,39,2050,ANDALUSIA,25,9,September,2010,7,Saturday,20,0,0,15,6,0,36.96368611,-120.05434444,8,3,0,1,0,0,1,0
61582,CALIFORNIA,CA,1,1,5,37,230,BRADFORD,26,9,September,2010,1,Sunday,6,53,0,13,6,0,34.13337778,-117.90418889,8,1,0,1,0,0,1,0