ST_CASE,State Name,State Abbreviation,VE_TOTAL,Pedestrains,Total_Persons_in_accident,COUNTY,CITY,City_County_Name,Calendar_DAY,MONTH,Month_Name,YEAR,DAY_WEEK,Day_Week_desc,HOUR,MINUTE,NHS_Desc,trafficway,ROUTE,MILEPT,LATITUDE,LONGITUD,First_Crash_event,Light_cond_desc,Weather_condition,WEATHER,SCH_BUS,Crash_cause,FATALS,DRUNK_DR
61583,CALIFORNIA,CA,1,0,4,37,1980,BRADFORD,26,9,September,2010,1,Sunday,8,58,1,12,2,231,34.17268333,-118.56805833,25,1,0,1,0,0,1,0
61584,CALIFORNIA,CA,1,1,1,37,1980,BRADFORD,26,9,September,2010,1,Sunday,16,55,0,13,6,0,34.03964444,-118.33105833,9,1,0,1,0,0,1,0
61585,CALIFORNIA,CA,3,0,6,19,1370,CEDAR BLUFF,26,9,September,2010,1,Sunday,17,49,0,6,6,0,36.86609444,-119.75685556,12,1,0,1,0,0,1,0
61586,CALIFORNIA,CA,2,0,2,37,2684,BRADFORD,27,9,September,2010,2,Monday,2,25,0,13,6,0,33.91006667,-118.16894444,12,3,0,1,0,0,1,0
61587,CALIFORNIA,CA,1,1,1,73,3260,ARGO,9,9,September,2010,5,Thursday,0,57,0,12,3,46,32.77415000,-117.16131944,8,2,0,1,0,0,1,1
61588,CALIFORNIA,CA,1,1,1,33,0,CHEROKEE,9,9,September,2010,5,Thursday,3,10,0,2,3,105,39.15043056,-122.88851944,15,2,0,10,0,0,1,0
61589,CALIFORNIA,CA,1,1,5,81,2170,AUBURN,9,9,September,2010,5,Thursday,8,12,0,16,6,0,37.60158056,-122.40072222,8,1,0,1,0,0,1,0
61590,CALIFORNIA,CA,1,1,1,37,0,BRADFORD,13,9,September,2010,2,Monday,18,45,0,2,4,0,34.02392222,-118.17393056,8,1,0,1,0,0,1,0
61591,CALIFORNIA,CA,1,1,1,37,2054,BRADFORD,17,9,September,2010,6,Friday,17,59,0,13,3,417,34.37838611,-118.61133889,8,1,0,1,0,0,1,0
61592,CALIFORNIA,CA,1,1,2,67,0,ABBEVILLE,20,7,July,2010,3,Tuesday,10,26,0,2,4,0,38.63676111,-121.32026944,9,1,0,1,0,0,1,0
61593,CALIFORNIA,CA,1,1,5,71,0,BRIDGEPORT,26,7,July,2010,2,Monday,20,26,0,2,3,753,34.44371667,-116.97710000,8,5,0,1,0,0,1,0
61594,CALIFORNIA,CA,1,1,5,73,1200,ARGO,31,7,July,2010,7,Saturday,20,49,0,13,3,179,33.12870000,-117.08462222,8,3,0,1,0,0,1,0
61595,CALIFORNIA,CA,1,0,1,11,0,BULLOCK,1,8,August,2010,1,Sunday,4,30,0,4,4,0,39.27600000,-122.27426111,42,2,0,1,0,0,1,1
61596,CALIFORNIA,CA,1,1,2,111,2530,GRAHAM,1,8,August,2010,1,Sunday,18,25,0,14,6,0,34.44491389,-119.26015278,15,1,0,1,0,0,1,0
61597,CALIFORNIA,CA,1,1,1,37,1440,BRADFORD,3,8,August,2010,3,Tuesday,7,30,0,15,6,0,34.13967778,-117.86414167,8,1,0,1,0,0,1,0
61598,CALIFORNIA,CA,1,1,3,99,0,BEATRICE,5,8,August,2010,5,Thursday,20,50,0,4,4,0,37.43778889,-120.95831944,8,2,0,1,0,0,1,0
61599,CALIFORNIA,CA,1,1,1,67,3150,ABBEVILLE,6,8,August,2010,6,Friday,17,20,0,13,6,0,38.47419722,-121.43511389,8,1,0,1,0,0,1,0
61600,CALIFORNIA,CA,1,2,1,19,0,CEDAR BLUFF,9,4,April,2010,6,Friday,23,12,0,6,4,0,36.61974722,-119.64806667,8,2,0,1,0,0,1,0
61601,CALIFORNIA,CA,2,0,2,71,1603,BRIDGEPORT,26,4,April,2010,2,Monday,0,53,1,2,2,56,34.44140556,-117.39953889,12,2,0,1,0,0,1,0
61602,CALIFORNIA,CA,2,0,3,37,2054,BRADFORD,16,7,July,2010,6,Friday,0,40,0,13,3,535,34.02143611,-118.79299167,12,3,0,1,0,0,2,2
61603,CALIFORNIA,CA,2,0,3,59,2199,FRANKLIN,1,9,September,2010,4,Wednesday,0,27,1,11,1,161,33.59236944,-117.67181389,12,3,0,1,0,0,1,1
61604,CALIFORNIA,CA,2,0,5,101,0,BOYLSTON,12,9,September,2010,1,Sunday,12,5,1,2,3,80,38.85258889,-121.54471111,1,1,0,1,0,0,1,0
61605,CALIFORNIA,CA,2,0,2,105,0,MARION,16,9,September,2010,5,Thursday,8,1,1,2,3,687,40.66439722,-122.78120833,12,1,0,1,0,0,1,0
61606,CALIFORNIA,CA,2,0,6,41,0,BRANTLEY,17,9,September,2010,6,Friday,11,49,0,2,4,0,38.12287500,-122.62518889,24,1,0,10,0,0,1,1
61607,CALIFORNIA,CA,1,1,1,83,3460,ARDMORE,18,9,September,2010,7,Saturday,7,19,0,15,6,0,34.97147500,-120.42223611,8,1,10,3,0,0,1,0
61608,CALIFORNIA,CA,1,1,1,37,1980,BRADFORD,18,9,September,2010,7,Saturday,22,30,0,14,6,0,33.79779167,-118.29746667,8,2,0,1,0,0,1,0
61609,CALIFORNIA,CA,1,0,4,65,2650,CYPRESS,19,9,September,2010,1,Sunday,11,20,1,11,1,326,33.90470833,-116.55500833,24,1,0,1,0,0,1,0
61610,CALIFORNIA,CA,1,1,1,73,560,ARGO,19,9,September,2010,1,Sunday,12,14,0,13,6,0,33.07153889,-117.24311111,9,1,0,1,0,0,1,0
61611,CALIFORNIA,CA,2,2,4,73,0,ARGO,11,9,September,2010,7,Saturday,20,50,0,2,3,228,33.02736944,-116.89036944,9,2,0,1,0,0,1,0
61612,CALIFORNIA,CA,1,1,5,7,2680,BIBB,12,9,September,2010,1,Sunday,20,38,0,13,6,0,39.74884722,-121.63382222,8,2,0,1,0,0,1,0
61613,CALIFORNIA,CA,1,1,1,65,3070,CYPRESS,23,9,September,2010,5,Thursday,17,44,0,16,6,0,33.94282500,-117.45700833,8,1,0,1,0,0,1,0
61614,CALIFORNIA,CA,1,0,1,71,0,BRIDGEPORT,27,9,September,2010,2,Monday,99,99,1,1,1,1239,35.12973056,-116.21636944,38,2,0,1,0,0,1,0
61615,CALIFORNIA,CA,1,0,1,19,0,CEDAR BLUFF,28,9,September,2010,3,Tuesday,9,44,0,4,4,0,36.98031389,-119.71871389,38,1,0,1,0,0,1,0
61616,CALIFORNIA,CA,2,0,3,73,0,ARGO,28,9,September,2010,3,Tuesday,19,30,0,4,4,0,32.91826111,-116.88448889,12,2,0,1,0,0,1,0
61617,CALIFORNIA,CA,2,0,2,37,1980,BRADFORD,29,9,September,2010,4,Wednesday,3,52,1,12,2,165,34.15921944,-118.46026111,12,2,0,1,0,0,1,0
61618,CALIFORNIA,CA,3,0,1,37,2749,BRADFORD,29,9,September,2010,4,Wednesday,12,54,0,16,6,0,33.97133333,-118.10027222,14,1,0,1,0,0,1,0
61619,CALIFORNIA,CA,1,1,1,71,3210,BRIDGEPORT,15,8,August,2010,1,Sunday,3,14,0,14,6,0,34.13189444,-117.28515833,8,3,0,1,0,0,1,1
61620,CALIFORNIA,CA,1,1,1,71,4000,BRIDGEPORT,4,9,September,2010,7,Saturday,21,12,0,13,6,0,34.10435833,-117.72905278,8,3,0,1,0,0,1,0
61621,CALIFORNIA,CA,1,1,1,71,3210,BRIDGEPORT,10,9,September,2010,6,Friday,0,41,0,13,6,0,34.13580833,-117.22629444,9,2,0,1,0,0,1,0
61622,CALIFORNIA,CA,1,0,1,71,0,BRIDGEPORT,30,9,September,2010,5,Thursday,11,54,1,1,1,580,34.71783611,-116.02598611,1,1,0,1,0,0,1,0
61623,CALIFORNIA,CA,3,0,9,65,250,CYPRESS,30,9,September,2010,5,Thursday,16,5,1,11,1,152,33.92843333,-116.84430556,12,1,0,10,0,0,1,0
61624,CALIFORNIA,CA,1,0,1,17,0,CHAMBERS,30,9,September,2010,5,Thursday,21,0,0,2,3,5,38.55769444,-120.84745278,42,2,0,1,0,0,1,1
61625,CALIFORNIA,CA,3,1,3,73,0,ARGO,30,9,September,2010,5,Thursday,22,19,1,12,3,137,32.75582778,-117.00895833,8,3,0,10,0,0,1,0
61626,CALIFORNIA,CA,1,1,1,75,3290,BEAVERTON,7,10,October,2010,5,Thursday,12,53,0,16,6,0,37.76586389,-122.43292500,8,1,0,1,0,0,1,0
61627,CALIFORNIA,CA,1,0,2,111,0,GRAHAM,27,2,February,2010,7,Saturday,7,8,1,2,2,418,34.36555278,-119.45048333,35,1,0,2,0,0,1,0
61628,CALIFORNIA,CA,2,0,8,37,639,BRADFORD,3,3,March,2010,4,Wednesday,18,50,1,11,1,49,33.87465556,-118.10208333,12,3,0,10,0,0,2,0
61629,CALIFORNIA,CA,1,0,1,77,0,ANDERSON,18,9,September,2010,7,Saturday,99,99,1,1,1,492,38.24648056,-121.44493056,33,2,0,10,0,0,1,0
61630,CALIFORNIA,CA,1,1,1,73,3260,ARGO,19,9,September,2010,1,Sunday,20,46,0,13,6,0,32.75229444,-117.20389167,8,3,0,1,0,0,1,0
61631,CALIFORNIA,CA,1,1,1,37,1980,BRADFORD,19,9,September,2010,1,Sunday,23,5,0,13,6,0,33.95663056,-118.28272778,8,3,0,1,0,0,1,0
61632,CALIFORNIA,CA,1,1,1,99,2200,BEATRICE,20,9,September,2010,2,Monday,22,34,0,13,3,177,37.63810000,-120.94688333,8,2,0,1,0,0,1,0
61633,CALIFORNIA,CA,1,0,1,11,0,BULLOCK,7,10,October,2010,5,Thursday,6,45,1,1,1,209,39.19226944,-122.17108056,38,2,0,1,0,0,1,0
61634,CALIFORNIA,CA,1,1,1,75,3290,BEAVERTON,7,10,October,2010,5,Thursday,16,59,0,16,6,0,37.78201111,-122.46436944,9,1,0,1,0,0,1,0
61635,CALIFORNIA,CA,1,1,1,37,3105,BRADFORD,8,10,October,2010,6,Friday,99,99,0,14,6,0,34.06268611,-118.07005278,8,3,0,1,0,0,1,0
61636,CALIFORNIA,CA,1,1,1,37,1980,BRADFORD,9,10,October,2010,7,Saturday,3,28,1,11,1,151,33.94756111,-118.27973889,8,3,0,1,0,0,1,1
61637,CALIFORNIA,CA,1,1,1,37,1980,BRADFORD,9,10,October,2010,7,Saturday,20,50,0,14,6,0,33.93826944,-118.26501111,8,3,0,1,0,0,1,0
61638,CALIFORNIA,CA,1,1,1,77,1865,ANDERSON,10,10,October,2010,1,Sunday,0,15,1,11,1,168,37.81513889,-121.29403056,8,2,0,1,0,0,1,0
61639,CALIFORNIA,CA,2,1,2,37,1980,BRADFORD,3,5,May,2010,2,Monday,2,20,1,11,1,461,34.25461944,-118.47220000,12,3,0,1,0,23,1,0
61640,CALIFORNIA,CA,2,0,4,85,3340,BENTON,14,6,June,2010,2,Monday,18,8,0,15,6,0,37.43230556,-121.95231944,12,1,0,1,0,0,1,0
61641,CALIFORNIA,CA,1,0,1,37,3870,BRADFORD,2,7,July,2010,6,Friday,12,56,1,11,1,166,33.87366111,-118.34240000,1,1,0,1,0,0,1,0
61642,CALIFORNIA,CA,4,3,1,83,0,ARDMORE,24,8,August,2010,3,Tuesday,6,50,0,13,3,323,34.44055000,-119.75995000,14,1,0,1,0,0,3,0
61643,CALIFORNIA,CA,1,1,1,59,1410,FRANKLIN,7,9,September,2010,3,Tuesday,9,53,1,12,3,17,33.77415000,-118.02380000,8,1,0,10,0,0,1,0
61644,CALIFORNIA,CA,1,1,1,37,2458,BRADFORD,25,9,September,2010,7,Saturday,7,0,0,13,6,0,33.90204722,-118.08549722,8,1,0,1,0,0,1,0
61645,CALIFORNIA,CA,1,1,1,37,2870,BRADFORD,27,9,September,2010,2,Monday,20,51,0,14,6,0,34.07623056,-117.71932222,8,3,0,1,0,0,1,0
61646,CALIFORNIA,CA,1,1,2,37,1980,BRADFORD,28,9,September,2010,3,Tuesday,5,30,0,13,6,0,34.20101111,-118.55789167,8,3,0,1,0,0,1,0
61647,CALIFORNIA,CA,3,0,3,41,0,BRANTLEY,29,9,September,2010,4,Wednesday,20,40,1,12,2,35,37.87306667,-122.50770833,1,3,0,1,0,0,1,0
61648,CALIFORNIA,CA,1,2,1,67,3150,ABBEVILLE,30,9,September,2010,5,Thursday,8,39,0,16,6,0,38.57662778,-121.48434444,8,1,0,1,0,0,1,0
61649,CALIFORNIA,CA,1,0,2,91,0,DAYTON,1,7,July,2010,5,Thursday,19,30,0,2,3,488,39.59805000,-120.34786389,1,1,0,1,0,0,1,1
61650,CALIFORNIA,CA,1,0,1,97,0,AXIS,1,7,July,2010,5,Thursday,21,15,0,4,4,0,38.43454722,-122.97241667,42,2,0,1,0,0,1,1
61651,CALIFORNIA,CA,2,0,3,107,0,CARROLLTON,1,7,July,2010,5,Thursday,22,22,0,2,3,44,36.05130000,-119.23235000,12,3,0,1,0,0,1,1
61652,CALIFORNIA,CA,2,0,2,73,3260,ARGO,1,7,July,2010,5,Thursday,23,47,1,11,1,263,32.84198889,-117.23631944,1,2,0,1,0,0,1,1
61653,CALIFORNIA,CA,2,0,2,99,0,BEATRICE,2,7,July,2010,6,Friday,0,32,1,1,1,270,37.57938056,-121.31878889,24,2,0,1,0,0,1,1
61654,CALIFORNIA,CA,2,0,4,37,0,BRADFORD,2,7,July,2010,6,Friday,4,35,1,2,2,355,34.14728056,-118.76905000,14,2,0,1,0,0,2,1
61655,CALIFORNIA,CA,2,0,4,37,1980,BRADFORD,2,7,July,2010,6,Friday,12,0,0,13,6,0,34.18661944,-118.51966667,12,1,0,1,0,0,1,0
61656,CALIFORNIA,CA,2,0,3,37,1970,BRADFORD,2,7,July,2010,6,Friday,16,46,0,12,3,49,33.78986111,-118.16622222,12,1,0,1,0,0,1,0
61657,CALIFORNIA,CA,1,0,1,65,0,CYPRESS,2,7,July,2010,6,Friday,17,30,0,2,3,0,34.02486111,-117.55138056,24,1,0,1,0,0,1,0
61658,CALIFORNIA,CA,1,0,2,71,2960,BRIDGEPORT,3,7,July,2010,7,Saturday,1,51,0,13,6,0,34.00816667,-117.17309444,30,2,0,1,0,0,1,1
61659,CALIFORNIA,CA,1,0,2,53,3180,ATMORE,3,7,July,2010,7,Saturday,2,10,0,14,6,0,36.69778889,-121.62734167,33,3,0,1,0,0,1,1
61660,CALIFORNIA,CA,2,0,2,33,0,CHEROKEE,3,7,July,2010,7,Saturday,17,20,0,2,3,291,39.02361111,-122.65606944,12,1,0,1,0,0,1,0
61661,CALIFORNIA,CA,1,0,1,95,1260,ALBERTVILLE,3,7,July,2010,7,Saturday,19,22,1,11,1,137,38.22473056,-122.12563889,1,1,0,1,0,0,1,1
61662,CALIFORNIA,CA,2,0,3,39,0,ANDALUSIA,4,7,July,2010,1,Sunday,6,10,1,2,3,246,37.21355278,-119.70857222,12,1,0,1,0,0,1,1
61663,CALIFORNIA,CA,2,0,3,73,0,ARGO,4,7,July,2010,1,Sunday,10,15,0,4,6,0,33.27093889,-117.08246944,12,1,0,1,0,0,1,0
61664,CALIFORNIA,CA,1,0,1,79,0,COURTLAND,4,7,July,2010,1,Sunday,15,19,0,5,4,0,35.01481944,-120.58216944,1,1,0,1,0,0,1,1
61665,CALIFORNIA,CA,2,0,3,45,0,ARITON,4,7,July,2010,1,Sunday,17,34,1,2,2,650,39.62785000,-123.46231944,12,1,0,1,0,0,1,0
61666,CALIFORNIA,CA,2,0,3,115,0,ASHVILLE,4,7,July,2010,1,Sunday,22,50,1,2,3,180,39.21051944,-121.31360000,12,2,0,1,0,0,1,1
61667,CALIFORNIA,CA,1,0,1,71,0,BRIDGEPORT,5,7,July,2010,2,Monday,0,30,0,3,4,0,34.03696111,-117.39586944,33,3,0,1,0,0,1,1
61668,CALIFORNIA,CA,1,0,1,37,0,BRADFORD,5,7,July,2010,2,Monday,2,5,1,2,2,377,34.14980000,-118.80490000,1,3,0,10,0,0,1,1
61669,CALIFORNIA,CA,1,0,1,59,2560,FRANKLIN,24,9,September,2010,6,Friday,1,55,1,12,3,99,33.77913889,-117.88565000,25,3,0,1,0,0,1,1
61670,CALIFORNIA,CA,2,1,2,37,1980,BRADFORD,29,9,September,2010,4,Wednesday,13,55,0,14,6,0,34.06905000,-118.29541389,12,1,0,1,0,0,1,0
61671,CALIFORNIA,CA,1,1,4,73,3260,ARGO,29,9,September,2010,4,Wednesday,17,24,0,16,6,0,32.69805000,-117.11429167,8,1,0,1,0,0,1,0
61672,CALIFORNIA,CA,1,0,1,97,0,AXIS,29,9,September,2010,4,Wednesday,18,40,1,2,2,312,38.56796944,-122.82923056,42,1,0,1,0,0,1,1
61673,CALIFORNIA,CA,1,1,1,73,3260,ARGO,11,10,October,2010,2,Monday,5,48,1,12,3,60,32.56871111,-117.02786111,8,2,0,5,0,0,1,0
61674,CALIFORNIA,CA,1,1,2,77,3770,ANDERSON,11,10,October,2010,2,Monday,18,24,0,14,6,0,37.95328611,-121.29262778,8,5,0,1,0,0,1,0
61675,CALIFORNIA,CA,1,0,4,29,0,BORDEN SPRINGS,11,10,October,2010,2,Monday,19,23,1,1,1,687,35.56623889,-119.60658056,1,2,0,1,0,0,1,0
61676,CALIFORNIA,CA,2,0,2,71,4040,BRIDGEPORT,12,10,October,2010,3,Tuesday,4,10,1,11,1,386,34.48278889,-117.33683889,12,3,0,1,0,0,1,1
61677,CALIFORNIA,CA,2,1,4,19,3590,CEDAR BLUFF,6,8,August,2010,6,Friday,21,55,1,2,3,62,36.57338056,-119.62635000,8,2,0,1,0,0,1,0
61678,CALIFORNIA,CA,1,1,1,15,0,ANNISTON,7,8,August,2010,7,Saturday,20,45,1,2,2,179,41.47704167,-124.04678056,8,2,0,10,0,0,1,0
61679,CALIFORNIA,CA,1,1,1,19,1370,CEDAR BLUFF,8,8,August,2010,1,Sunday,5,19,0,14,6,0,36.75530556,-119.71823056,8,3,0,1,0,0,1,0
61680,CALIFORNIA,CA,1,1,1,77,3770,ANDERSON,2,10,October,2010,7,Saturday,19,54,0,15,6,0,37.95710000,-121.29506389,8,3,0,1,0,0,1,0
61681,CALIFORNIA,CA,1,1,1,37,1980,BRADFORD,6,10,October,2010,4,Wednesday,15,35,0,14,6,0,34.17941944,-118.38373056,8,1,0,2,0,0,1,0
61682,CALIFORNIA,CA,1,1,1,37,1980,BRADFORD,7,10,October,2010,5,Thursday,18,55,0,13,6,0,34.20107500,-118.52080833,8,3,0,1,0,0,1,0
61683,CALIFORNIA,CA,1,1,1,37,1980,BRADFORD,7,10,October,2010,5,Thursday,21,15,0,13,6,0,34.28101389,-118.50211667,8,3,0,1,0,0,1,0
61684,CALIFORNIA,CA,1,1,1,37,1980,BRADFORD,30,9,September,2010,5,Thursday,5,40,0,13,6,0,33.95996111,-118.30016944,8,3,0,1,0,0,1,0
61685,CALIFORNIA,CA,1,1,1,81,180,AUBURN,30,9,September,2010,5,Thursday,10,36,0,13,3,16,37.46013611,-122.19620000,9,1,0,1,0,0,1,0
61686,CALIFORNIA,CA,2,1,2,59,3420,FRANKLIN,15,10,October,2010,6,Friday,6,30,0,13,6,0,33.75788611,-117.92046667,8,3,2,2,0,0,1,0
61687,CALIFORNIA,CA,1,1,1,19,760,CEDAR BLUFF,15,10,October,2010,6,Friday,19,19,0,13,3,151,36.13646111,-120.34921667,8,5,0,1,0,0,1,0
61688,CALIFORNIA,CA,1,0,1,85,537,BENTON,16,10,October,2010,7,Saturday,1,38,0,14,6,0,37.27681944,-121.97654444,42,3,0,1,0,0,1,1
61689,CALIFORNIA,CA,1,1,1,47,0,BROWNS,16,10,October,2010,7,Saturday,19,57,0,4,4,0,37.09975556,-120.87789167,8,2,0,1,0,0,1,0
61690,CALIFORNIA,CA,1,1,1,67,3150,ABBEVILLE,16,10,October,2010,7,Saturday,20,26,0,14,6,0,38.50702500,-121.54489722,8,3,0,1,0,0,1,0
61691,CALIFORNIA,CA,1,0,1,67,0,ABBEVILLE,17,10,October,2010,1,Sunday,21,20,0,4,4,0,38.61053333,-121.32897500,33,3,0,10,0,0,1,1
61692,CALIFORNIA,CA,1,1,1,59,470,FRANKLIN,18,10,October,2010,2,Monday,6,34,0,16,6,0,33.83360000,-118.02937500,8,4,2,2,0,0,1,0
61693,CALIFORNIA,CA,2,0,3,37,1980,BRADFORD,24,6,June,2010,5,Thursday,16,45,0,13,6,0,34.05260000,-118.30631667,12,1,0,1,0,0,1,0
61694,CALIFORNIA,CA,2,1,2,65,0,CYPRESS,30,9,September,2010,5,Thursday,22,48,1,1,1,175,33.91985833,-116.80333056,12,3,2,2,0,0,1,0
61695,CALIFORNIA,CA,1,1,1,65,0,CYPRESS,29,10,October,2010,6,Friday,19,24,0,12,3,257,33.77761667,-117.24579722,8,2,0,1,0,0,1,0
61696,CALIFORNIA,CA,1,1,1,75,3290,BEAVERTON,30,10,October,2010,7,Saturday,3,35,0,13,6,0,37.71637222,-122.44100000,8,3,0,2,0,0,1,0
61697,CALIFORNIA,CA,1,1,1,37,1980,BRADFORD,30,10,October,2010,7,Saturday,5,40,0,13,6,0,34.18665000,-118.44873889,8,3,0,10,0,0,1,0
61698,CALIFORNIA,CA,1,1,1,77,3770,ANDERSON,26,10,October,2010,3,Tuesday,8,32,0,15,6,0,37.91213611,-121.30854167,8,1,0,1,0,0,1,0
61699,CALIFORNIA,CA,2,0,2,25,1680,BARLOW BEND,13,10,October,2010,4,Wednesday,5,6,0,12,3,118,32.86186111,-115.57015278,12,3,0,1,0,0,1,0
61700,CALIFORNIA,CA,1,1,2,29,0,BORDEN SPRINGS,27,10,October,2010,4,Wednesday,18,50,1,12,3,489,35.66661111,-119.22463889,8,2,0,10,0,0,1,0
61701,CALIFORNIA,CA,1,1,1,37,1980,BRADFORD,27,10,October,2010,4,Wednesday,19,10,0,13,6,0,33.97259444,-118.33087500,8,3,0,1,0,0,1,0
61702,CALIFORNIA,CA,1,1,1,19,1370,CEDAR BLUFF,28,10,October,2010,5,Thursday,5,55,0,14,6,0,36.72471389,-119.78685833,8,3,0,1,0,0,1,0
61703,CALIFORNIA,CA,1,1,1,67,3150,ABBEVILLE,28,10,October,2010,5,Thursday,8,30,0,16,6,0,38.56263889,-121.43451389,8,1,0,1,0,0,1,0
61704,CALIFORNIA,CA,1,1,1,73,3260,ARGO,28,10,October,2010,5,Thursday,9,50,0,16,6,0,32.70615278,-117.14963056,8,1,0,1,0,0,1,0
61705,CALIFORNIA,CA,1,1,1,37,0,BRADFORD,29,10,October,2010,6,Friday,6,23,0,3,4,0,33.99255556,-118.20455833,8,2,0,1,0,0,1,0
61706,CALIFORNIA,CA,1,1,1,1,2480,AUTAUGA,29,10,October,2010,6,Friday,11,5,0,16,6,0,37.79804167,-122.26621111,8,1,0,10,0,0,1,0
61707,CALIFORNIA,CA,1,1,1,19,1370,CEDAR BLUFF,29,10,October,2010,6,Friday,19,5,0,14,6,0,36.84245278,-119.79050278,8,3,0,1,0,0,1,0
61708,CALIFORNIA,CA,1,1,1,37,0,BRADFORD,7,10,October,2010,5,Thursday,8,55,0,2,4,0,34.05036667,-117.99793889,9,1,0,1,0,0,1,0
61709,CALIFORNIA,CA,1,0,2,3,0,BALDWIN,10,10,October,2010,1,Sunday,13,0,0,2,3,52,38.50640000,-119.94358056,17,1,0,1,0,0,1,0
61710,CALIFORNIA,CA,2,0,3,73,3260,ARGO,10,10,October,2010,1,Sunday,17,40,0,13,6,0,32.72564167,-117.22360556,12,1,0,1,0,0,1,1
61711,CALIFORNIA,CA,1,1,2,107,1230,CARROLLTON,10,10,October,2010,1,Sunday,18,58,0,14,6,0,36.28978333,-119.13216944,8,3,0,1,0,0,1,0
61712,CALIFORNIA,CA,1,1,1,73,3260,ARGO,19,10,October,2010,3,Tuesday,2,55,0,12,3,73,32.95461944,-117.12596944,8,3,2,2,0,0,1,1
61713,CALIFORNIA,CA,1,1,1,65,250,CYPRESS,19,10,October,2010,3,Tuesday,11,5,1,11,1,147,33.92595000,-116.85363333,8,1,2,2,0,0,1,0
61714,CALIFORNIA,CA,1,1,1,37,1980,BRADFORD,19,10,October,2010,3,Tuesday,15,35,0,13,6,0,34.16061111,-118.43125833,8,1,0,10,0,0,1,0
61715,CALIFORNIA,CA,1,1,1,37,305,BRADFORD,19,10,October,2010,3,Tuesday,18,25,0,13,3,69,33.88918333,-118.14265556,8,5,0,2,0,0,1,0
61716,CALIFORNIA,CA,1,1,1,65,1003,CYPRESS,20,10,October,2010,4,Wednesday,18,29,0,14,6,0,33.95230556,-116.50133056,8,2,0,10,0,0,1,0
61717,CALIFORNIA,CA,1,1,2,71,4040,BRIDGEPORT,20,10,October,2010,4,Wednesday,20,20,0,14,6,0,34.49792222,-117.33006667,8,2,0,1,0,0,1,0
61718,CALIFORNIA,CA,1,1,1,37,1980,BRADFORD,17,9,September,2010,6,Friday,13,50,1,11,1,185,34.06031389,-118.21492778,8,1,0,1,0,0,1,0
61719,CALIFORNIA,CA,1,1,1,47,0,BROWNS,18,9,September,2010,7,Saturday,8,40,0,2,3,46,36.99604167,-120.63580556,8,1,0,1,0,0,1,0
61720,CALIFORNIA,CA,1,1,1,71,115,BRIDGEPORT,18,9,September,2010,7,Saturday,19,52,0,13,6,0,34.53690833,-117.25021944,8,2,0,1,0,0,1,0
61721,CALIFORNIA,CA,1,0,1,19,0,CEDAR BLUFF,30,9,September,2010,5,Thursday,99,99,0,4,4,0,36.47461667,-119.88716944,34,2,0,1,0,0,1,1
61722,CALIFORNIA,CA,1,1,2,37,1980,BRADFORD,1,10,October,2010,6,Friday,11,15,0,16,6,0,34.05809444,-118.45884722,9,1,0,1,0,0,1,0
61723,CALIFORNIA,CA,1,1,1,37,1980,BRADFORD,2,10,October,2010,7,Saturday,2,10,0,13,6,0,34.09961667,-118.36531389,9,3,0,1,0,0,1,1
61724,CALIFORNIA,CA,1,1,1,29,1000,BORDEN SPRINGS,11,10,October,2010,2,Monday,9,15,0,13,3,4,35.76140000,-119.24976667,15,1,0,1,0,0,1,0
61725,CALIFORNIA,CA,1,1,2,111,2620,GRAHAM,12,10,October,2010,3,Tuesday,19,5,0,13,6,0,34.18996111,-119.16918889,8,2,0,1,0,0,1,0
61726,CALIFORNIA,CA,1,1,1,37,1670,BRADFORD,12,10,October,2010,3,Tuesday,19,19,0,13,6,0,33.97479167,-118.23030000,8,3,0,1,0,0,1,0
61727,CALIFORNIA,CA,2,1,1,37,1430,BRADFORD,12,10,October,2010,3,Tuesday,21,6,0,13,6,0,34.17280833,-118.28797222,12,3,0,1,0,0,1,0