ST_CASE,State Name,State Abbreviation,VE_TOTAL,Pedestrains,Total_Persons_in_accident,COUNTY,CITY,City_County_Name,Calendar_DAY,MONTH,Month_Name,YEAR,DAY_WEEK,Day_Week_desc,HOUR,MINUTE,NHS_Desc,trafficway,ROUTE,MILEPT,LATITUDE,LONGITUD,First_Crash_event,Light_cond_desc,Weather_condition,WEATHER,SCH_BUS,Crash_cause,FATALS,DRUNK_DR
61728,CALIFORNIA,CA,1,1,1,73,3260,ARGO,13,10,October,2010,4,Wednesday,1,35,1,11,1,41,32.57656389,-117.08268333,8,2,0,1,0,0,1,0
61729,CALIFORNIA,CA,1,1,1,37,0,BRADFORD,23,10,October,2010,7,Saturday,15,45,0,3,4,0,34.13694444,-118.72277222,9,1,0,1,0,0,1,1
61730,CALIFORNIA,CA,1,1,1,111,3860,GRAHAM,24,10,October,2010,1,Sunday,3,15,0,13,6,0,34.18783889,-118.89331944,8,2,0,10,0,0,1,0
61731,CALIFORNIA,CA,1,1,5,19,0,CEDAR BLUFF,24,10,October,2010,1,Sunday,21,55,0,6,4,0,36.64751944,-120.01461944,8,2,0,10,0,0,1,0
61732,CALIFORNIA,CA,1,0,6,29,0,BORDEN SPRINGS,5,9,September,2010,1,Sunday,0,5,1,2,3,321,35.45526111,-119.10538056,25,2,0,1,0,0,1,0
61733,CALIFORNIA,CA,1,0,1,19,0,CEDAR BLUFF,5,9,September,2010,1,Sunday,0,48,0,2,3,105,36.85490000,-119.64235833,1,2,0,1,0,0,1,0
61734,CALIFORNIA,CA,1,0,1,29,0,BORDEN SPRINGS,5,9,September,2010,1,Sunday,1,15,1,2,3,138,35.21245000,-119.01111944,42,2,0,1,0,0,1,1
61735,CALIFORNIA,CA,1,0,3,39,0,ANDALUSIA,5,9,September,2010,1,Sunday,12,52,1,2,3,408,37.40052222,-119.63102778,17,1,0,1,0,0,1,0
61736,CALIFORNIA,CA,1,0,3,47,0,BROWNS,5,9,September,2010,1,Sunday,15,55,0,4,4,0,37.41736111,-120.51433056,1,1,0,1,0,0,2,1
61737,CALIFORNIA,CA,1,0,1,115,2100,ASHVILLE,5,9,September,2010,1,Sunday,16,9,0,14,6,0,39.15040278,-121.59050556,33,1,0,1,0,0,1,0
61738,CALIFORNIA,CA,2,0,4,77,0,ANDERSON,5,9,September,2010,1,Sunday,21,45,0,2,4,0,38.02603889,-121.32978056,12,3,0,1,0,0,1,0
61739,CALIFORNIA,CA,2,0,3,47,0,BROWNS,6,9,September,2010,2,Monday,0,25,0,2,3,279,37.32785000,-120.85105000,12,2,0,1,0,0,1,1
61740,CALIFORNIA,CA,1,0,1,19,0,CEDAR BLUFF,6,9,September,2010,2,Monday,2,20,0,5,4,0,36.53828889,-119.52120000,1,2,0,1,0,0,1,1
61741,CALIFORNIA,CA,2,0,2,7,0,BIBB,6,9,September,2010,2,Monday,8,45,0,6,4,0,39.81138056,-121.95675000,12,1,0,1,0,0,1,0
61742,CALIFORNIA,CA,3,0,8,37,1980,BRADFORD,6,9,September,2010,2,Monday,10,50,1,11,1,438,34.21683056,-118.47318056,12,1,0,1,0,0,1,0
61743,CALIFORNIA,CA,1,0,10,71,4040,BRIDGEPORT,6,9,September,2010,2,Monday,12,10,1,2,2,96,34.48485556,-117.39950000,1,1,0,1,0,0,1,0
61744,CALIFORNIA,CA,2,0,3,31,0,COFFEE,6,9,September,2010,2,Monday,16,30,0,6,4,0,36.11980000,-119.56321944,12,1,0,1,0,0,1,0
61745,CALIFORNIA,CA,1,0,2,89,0,BROWNSBORO,7,9,September,2010,3,Tuesday,2,54,0,3,4,0,40.70408889,-122.32606944,35,2,0,1,0,0,1,1
61746,CALIFORNIA,CA,1,0,1,101,0,BOYLSTON,7,9,September,2010,3,Tuesday,14,5,0,6,4,0,39.03133889,-121.78490000,1,1,0,1,0,0,1,1
61747,CALIFORNIA,CA,1,0,2,11,0,BULLOCK,7,9,September,2010,3,Tuesday,16,10,1,1,1,320,39.35215278,-122.19444722,59,1,0,1,0,0,1,0
61748,CALIFORNIA,CA,1,0,1,67,1108,ABBEVILLE,7,9,September,2010,3,Tuesday,22,42,0,16,6,0,38.45153889,-121.39954722,58,3,0,1,0,0,1,1
61749,CALIFORNIA,CA,1,0,4,77,0,ANDERSON,8,9,September,2010,4,Wednesday,6,0,1,1,1,44,37.65250000,-121.34313611,1,4,0,10,0,0,1,0
61750,CALIFORNIA,CA,2,0,2,71,4291,BRIDGEPORT,9,9,September,2010,5,Thursday,9,42,1,12,3,151,34.13490556,-116.36970833,12,1,0,1,0,0,1,0
61751,CALIFORNIA,CA,1,0,1,37,0,BRADFORD,9,9,September,2010,5,Thursday,13,40,0,2,3,434,34.27306944,-118.02702500,31,1,0,1,0,0,1,1
61752,CALIFORNIA,CA,1,0,1,29,0,BORDEN SPRINGS,9,9,September,2010,5,Thursday,19,59,1,12,3,288,35.42427222,-119.06235833,31,2,0,1,0,0,1,0
61753,CALIFORNIA,CA,1,0,4,19,0,CEDAR BLUFF,10,9,September,2010,6,Friday,4,58,1,2,3,727,36.73571944,-119.53515556,38,2,0,1,0,0,1,0
61754,CALIFORNIA,CA,2,0,3,85,0,BENTON,10,9,September,2010,6,Friday,9,50,1,2,3,304,37.04257222,-121.29060833,25,1,0,1,0,0,2,0
61755,CALIFORNIA,CA,2,0,2,97,0,AXIS,10,9,September,2010,6,Friday,18,15,0,2,3,393,38.21204722,-122.54927778,12,1,0,1,0,0,1,0
61756,CALIFORNIA,CA,2,0,3,75,3290,BEAVERTON,11,9,September,2010,7,Saturday,0,47,0,14,6,0,37.74134722,-122.40223333,12,3,0,1,0,0,1,1
61757,CALIFORNIA,CA,1,0,9,113,0,COTTONTON,11,9,September,2010,7,Saturday,2,30,0,6,4,0,38.50146389,-121.65538889,34,2,0,1,0,0,1,1
61758,CALIFORNIA,CA,2,0,4,75,3290,BEAVERTON,11,9,September,2010,7,Saturday,2,50,0,16,6,0,37.77349722,-122.50039167,12,3,0,5,0,0,1,1
61759,CALIFORNIA,CA,1,0,1,65,3070,CYPRESS,11,9,September,2010,7,Saturday,7,30,1,11,1,388,33.94663889,-117.30090000,24,1,0,1,0,0,1,0
61760,CALIFORNIA,CA,1,0,1,37,1980,BRADFORD,11,9,September,2010,7,Saturday,22,25,0,15,6,0,34.27192778,-118.50182778,30,3,0,1,0,0,1,0
61761,CALIFORNIA,CA,1,0,1,77,0,ANDERSON,11,9,September,2010,7,Saturday,99,99,0,4,4,0,38.07608889,-121.41506111,38,2,0,1,0,0,1,1
61762,CALIFORNIA,CA,1,0,1,37,306,BRADFORD,12,9,September,2010,1,Sunday,1,54,0,13,6,0,33.96970278,-118.14907500,33,3,0,1,0,0,1,1
61763,CALIFORNIA,CA,1,0,3,71,2960,BRIDGEPORT,12,9,September,2010,1,Sunday,4,4,1,11,1,289,34.06685000,-117.21606944,33,2,0,1,0,0,1,1
61764,CALIFORNIA,CA,1,0,1,29,0,BORDEN SPRINGS,12,9,September,2010,1,Sunday,17,20,0,4,4,0,35.60971944,-118.92476944,1,1,0,1,0,0,1,0
61765,CALIFORNIA,CA,2,0,6,59,2560,FRANKLIN,12,9,September,2010,1,Sunday,21,29,1,11,1,345,33.78510000,-117.88378889,18,3,0,1,0,0,1,0
61766,CALIFORNIA,CA,2,0,3,9,0,BLOUNT,13,9,September,2010,2,Monday,18,35,0,2,3,105,38.09778611,-120.58683889,12,1,0,1,0,0,1,0
61767,CALIFORNIA,CA,2,0,2,73,0,ARGO,13,9,September,2010,2,Monday,21,25,0,2,4,0,32.70698333,-117.00823611,12,2,0,1,0,0,1,0
61768,CALIFORNIA,CA,2,0,3,13,2090,BOLLING,14,9,September,2010,3,Tuesday,7,52,1,12,3,107,37.99007500,-122.09423889,1,1,0,1,0,0,1,0
61769,CALIFORNIA,CA,1,0,1,57,0,BANKSTON,14,9,September,2010,3,Tuesday,21,2,0,4,4,0,39.23613056,-121.00365000,42,2,0,1,0,0,1,1
61770,CALIFORNIA,CA,1,0,3,77,0,ANDERSON,15,9,September,2010,4,Wednesday,8,0,1,12,3,193,37.97081111,-121.24618889,24,1,0,1,0,0,1,0
61771,CALIFORNIA,CA,2,0,2,113,0,COTTONTON,15,9,September,2010,4,Wednesday,12,0,0,6,4,0,38.67663056,-121.72139167,12,1,0,1,0,0,1,0
61772,CALIFORNIA,CA,1,0,1,35,0,BROOKLYN,15,9,September,2010,4,Wednesday,14,25,0,2,3,55,40.31494167,-120.99510278,31,1,0,1,0,0,1,0
61773,CALIFORNIA,CA,5,0,6,83,0,ARDMORE,15,9,September,2010,4,Wednesday,20,20,0,2,3,241,34.51447778,-119.82577778,12,2,0,1,0,0,1,1
61774,CALIFORNIA,CA,3,0,4,85,3340,BENTON,16,9,September,2010,5,Thursday,1,28,0,16,6,0,37.34141667,-121.88747500,1,3,0,1,0,0,2,1
61775,CALIFORNIA,CA,1,0,1,37,3686,BRADFORD,16,9,September,2010,5,Thursday,1,48,1,12,3,113,34.03630000,-118.03308889,25,2,0,1,0,0,1,1
61776,CALIFORNIA,CA,1,0,2,37,230,BRADFORD,16,9,September,2010,5,Thursday,2,0,1,11,1,396,34.12036944,-117.90761944,1,3,0,1,0,0,1,1
61777,CALIFORNIA,CA,3,0,1,37,1980,BRADFORD,16,9,September,2010,5,Thursday,4,5,0,13,6,0,34.15753889,-118.41455000,33,3,0,1,0,0,1,1
61778,CALIFORNIA,CA,2,0,6,61,3110,BELLWOOD,16,9,September,2010,5,Thursday,11,37,0,14,6,0,38.78496667,-121.33264167,12,1,0,1,0,0,1,1
61779,CALIFORNIA,CA,1,0,1,77,0,ANDERSON,16,9,September,2010,5,Thursday,11,44,1,1,1,406,38.12976111,-121.39946111,34,1,0,1,0,0,1,0
61780,CALIFORNIA,CA,2,0,2,65,0,CYPRESS,16,9,September,2010,5,Thursday,15,15,0,4,4,0,33.97701389,-117.10940833,12,1,0,1,0,0,2,0
61781,CALIFORNIA,CA,3,0,4,71,0,BRIDGEPORT,16,9,September,2010,5,Thursday,17,25,1,2,2,220,34.71628056,-117.45883056,12,1,0,1,0,0,1,0
61782,CALIFORNIA,CA,1,0,1,85,0,BENTON,17,9,September,2010,6,Friday,1,20,0,4,4,0,37.11811111,-121.74061111,42,2,0,1,0,0,1,1
61783,CALIFORNIA,CA,1,0,1,107,0,CARROLLTON,17,9,September,2010,6,Friday,1,55,0,6,4,0,36.00075000,-119.00611944,42,2,0,1,0,0,1,1
61784,CALIFORNIA,CA,1,0,7,67,3150,ABBEVILLE,18,9,September,2010,7,Saturday,1,56,0,14,6,0,38.55793056,-121.47381389,1,3,0,1,0,0,1,1
61785,CALIFORNIA,CA,1,0,4,77,0,ANDERSON,18,9,September,2010,7,Saturday,3,5,0,4,4,0,37.72106111,-121.48063889,35,2,0,1,0,0,4,0
61786,CALIFORNIA,CA,2,0,2,19,0,CEDAR BLUFF,18,9,September,2010,7,Saturday,14,40,0,2,3,25,36.47883889,-119.63508056,12,1,0,1,0,0,1,0
61787,CALIFORNIA,CA,1,0,1,37,1695,BRADFORD,18,9,September,2010,7,Saturday,16,32,0,16,6,0,33.99586944,-117.89971111,33,1,0,1,0,0,1,0
61788,CALIFORNIA,CA,2,0,7,71,1305,BRIDGEPORT,18,9,September,2010,7,Saturday,17,20,1,11,1,112,34.06771111,-117.52383611,12,1,0,1,0,0,1,0
61789,CALIFORNIA,CA,1,0,1,83,0,ARDMORE,18,9,September,2010,7,Saturday,23,0,0,2,3,42,34.75617500,-120.34282222,38,2,0,1,0,0,1,1
61790,CALIFORNIA,CA,2,0,2,37,1825,BRADFORD,19,9,September,2010,1,Sunday,2,0,1,11,1,10,33.88238611,-118.02593056,12,3,0,1,0,0,1,1
61791,CALIFORNIA,CA,1,0,3,37,0,BRADFORD,19,9,September,2010,1,Sunday,3,55,1,12,3,287,34.38265000,-118.48835000,38,2,0,1,0,0,1,1
61792,CALIFORNIA,CA,1,0,5,71,2922,BRIDGEPORT,19,9,September,2010,1,Sunday,17,15,1,11,1,61,34.11510000,-117.52187778,1,1,0,1,0,0,1,0
61793,CALIFORNIA,CA,2,0,2,37,1970,BRADFORD,19,9,September,2010,1,Sunday,18,8,0,14,6,0,33.81164167,-118.19813333,12,1,0,1,0,0,1,0
61794,CALIFORNIA,CA,2,0,1,37,2020,BRADFORD,3,10,October,2010,1,Sunday,3,16,1,11,1,126,33.91785000,-118.19456111,12,3,0,1,0,0,1,1
61795,CALIFORNIA,CA,2,0,2,107,0,CARROLLTON,19,9,September,2010,1,Sunday,20,39,0,6,4,0,36.41786944,-119.39473056,12,2,0,1,0,0,1,1
61796,CALIFORNIA,CA,3,0,4,71,0,BRIDGEPORT,19,9,September,2010,1,Sunday,20,50,1,2,3,1104,34.50645000,-117.56485000,12,2,0,1,0,0,1,0
61797,CALIFORNIA,CA,1,0,2,37,1980,BRADFORD,6,10,October,2010,4,Wednesday,2,10,0,14,6,0,34.26470833,-118.56347778,33,3,0,10,0,0,1,0
61798,CALIFORNIA,CA,4,0,5,29,0,BORDEN SPRINGS,20,9,September,2010,2,Monday,7,42,0,12,3,100,35.38008056,-118.90396944,12,1,0,1,1,0,1,0
61799,CALIFORNIA,CA,2,0,2,85,537,BENTON,20,9,September,2010,2,Monday,12,15,0,16,6,0,37.28425000,-121.96196111,12,1,0,1,0,0,1,0
61800,CALIFORNIA,CA,2,0,2,19,0,CEDAR BLUFF,21,9,September,2010,3,Tuesday,13,15,0,2,3,11,36.17878056,-120.19623889,12,1,0,1,0,0,1,0
61801,CALIFORNIA,CA,2,0,2,37,0,BRADFORD,22,9,September,2010,4,Wednesday,5,10,1,11,1,412,34.06428056,-117.82806944,14,2,0,10,0,0,1,0
61802,CALIFORNIA,CA,2,0,6,53,0,ATMORE,22,9,September,2010,4,Wednesday,6,25,1,12,2,395,36.19985000,-121.10828056,12,2,0,10,0,0,1,0
61803,CALIFORNIA,CA,1,0,1,29,0,BORDEN SPRINGS,22,9,September,2010,4,Wednesday,22,50,0,3,4,0,35.71141389,-117.83185556,1,2,0,1,0,0,1,1
61804,CALIFORNIA,CA,1,0,3,37,1980,BRADFORD,23,9,September,2010,5,Thursday,6,30,0,13,6,0,33.96967222,-118.29156389,33,1,0,1,0,0,1,0
61805,CALIFORNIA,CA,1,0,1,73,3260,ARGO,23,9,September,2010,5,Thursday,11,57,0,15,6,0,33.01873056,-117.06194444,33,1,0,1,0,0,1,1
61806,CALIFORNIA,CA,2,0,3,29,0,BORDEN SPRINGS,23,9,September,2010,5,Thursday,16,5,1,2,3,96,35.65412222,-120.04700556,12,1,0,1,0,0,1,0
61807,CALIFORNIA,CA,1,0,3,37,1695,BRADFORD,20,9,September,2010,2,Monday,14,45,0,13,6,0,34.02417500,-118.03761944,33,1,0,1,0,0,1,0
61808,CALIFORNIA,CA,1,0,2,85,3340,BENTON,21,9,September,2010,3,Tuesday,3,2,0,13,6,0,37.20413333,-121.84028889,46,3,0,1,0,0,1,1
61809,CALIFORNIA,CA,2,0,2,21,0,CHILTON,21,9,September,2010,3,Tuesday,12,15,1,1,1,278,39.78372500,-122.20650556,12,1,0,10,0,0,1,0
61810,CALIFORNIA,CA,1,0,3,59,4130,FRANKLIN,22,9,September,2010,4,Wednesday,15,1,0,16,6,0,33.75564722,-118.03428333,1,1,0,1,0,0,1,0
61811,CALIFORNIA,CA,2,0,2,37,804,BRADFORD,24,9,September,2010,6,Friday,7,43,1,11,1,231,34.01303611,-118.17216944,1,1,0,1,0,0,1,0
61812,CALIFORNIA,CA,2,0,2,33,0,CHEROKEE,24,9,September,2010,6,Friday,10,17,1,2,3,217,38.91010278,-122.63681944,12,1,0,1,0,0,1,0
61813,CALIFORNIA,CA,3,0,3,33,0,CHEROKEE,24,9,September,2010,6,Friday,10,38,1,2,3,35,39.15986111,-122.99566944,12,1,0,1,0,0,1,1
61814,CALIFORNIA,CA,2,2,1,93,4266,BEAR CREEK,24,9,September,2010,6,Friday,11,22,0,14,6,0,41.71598056,-122.63862222,40,1,0,1,0,0,1,0
61815,CALIFORNIA,CA,1,0,1,99,0,BEATRICE,24,9,September,2010,6,Friday,12,15,1,1,1,216,37.52640556,-121.25091111,38,1,0,1,0,0,1,0
61816,CALIFORNIA,CA,2,0,2,99,0,BEATRICE,24,9,September,2010,6,Friday,14,15,0,4,4,0,37.82396389,-120.70220556,1,1,0,1,0,0,1,0
61817,CALIFORNIA,CA,2,0,2,77,0,ANDERSON,24,9,September,2010,6,Friday,18,45,0,2,7,0,38.04259167,-121.25813056,12,1,0,1,0,0,1,0
61818,CALIFORNIA,CA,2,0,5,107,0,CARROLLTON,24,9,September,2010,6,Friday,22,33,0,5,4,0,35.96397500,-119.10750278,12,3,0,1,0,0,2,1
61819,CALIFORNIA,CA,2,0,2,19,0,CEDAR BLUFF,24,9,September,2010,6,Friday,23,57,0,5,4,0,36.63054444,-119.54781667,12,2,0,1,0,0,1,1
61820,CALIFORNIA,CA,1,0,1,93,0,BEAR CREEK,25,9,September,2010,7,Saturday,11,50,0,2,3,374,41.75490556,-123.39452222,24,1,0,1,0,0,1,1
61821,CALIFORNIA,CA,2,0,13,73,710,ARGO,25,9,September,2010,7,Saturday,17,15,1,11,1,66,32.63559722,-117.04810278,12,1,0,1,0,0,1,1
61822,CALIFORNIA,CA,2,0,4,73,0,ARGO,25,9,September,2010,7,Saturday,21,10,0,12,3,99,33.26291111,-117.23691111,12,2,0,1,0,0,1,0
61823,CALIFORNIA,CA,3,1,4,71,4040,BRIDGEPORT,25,9,September,2010,7,Saturday,23,32,1,11,1,374,34.47258056,-117.34427222,8,2,0,1,0,0,1,0
61824,CALIFORNIA,CA,1,0,1,111,3641,GRAHAM,26,9,September,2010,1,Sunday,0,38,0,14,6,0,34.28627222,-118.75407778,33,3,0,1,0,0,1,1
61825,CALIFORNIA,CA,1,0,7,107,0,CARROLLTON,26,9,September,2010,1,Sunday,5,30,1,2,3,83,35.90749167,-119.27923056,38,2,0,1,0,0,1,0
61826,CALIFORNIA,CA,1,0,2,99,0,BEATRICE,27,9,September,2010,2,Monday,0,1,0,6,4,0,37.29669167,-121.04930556,1,2,0,1,0,0,1,1
61827,CALIFORNIA,CA,3,0,5,113,0,COTTONTON,27,9,September,2010,2,Monday,12,12,0,2,3,302,38.68383611,-121.98283333,12,1,0,1,0,0,1,0
61828,CALIFORNIA,CA,1,0,1,65,2278,CYPRESS,27,9,September,2010,2,Monday,13,49,0,15,6,0,33.94898056,-117.19785556,1,1,0,1,0,0,1,0
61829,CALIFORNIA,CA,2,0,3,87,0,ARMSTRONG,27,9,September,2010,2,Monday,18,10,0,4,4,0,36.93737222,-121.70774444,12,1,0,1,0,0,1,1
61830,CALIFORNIA,CA,2,0,2,59,1782,FRANKLIN,27,9,September,2010,2,Monday,21,35,1,11,1,172,33.60211944,-117.68668333,12,3,0,1,0,0,1,0
61831,CALIFORNIA,CA,1,0,1,89,0,BROWNSBORO,29,9,September,2010,4,Wednesday,99,99,1,2,3,11,40.64460000,-122.72200556,24,1,0,1,0,0,1,1
61832,CALIFORNIA,CA,1,0,1,7,0,BIBB,1,10,October,2010,6,Friday,1,38,0,2,4,0,39.70533889,-121.77173056,31,2,0,1,0,0,1,0
61833,CALIFORNIA,CA,1,0,1,59,0,FRANKLIN,1,10,October,2010,6,Friday,2,40,1,12,3,148,33.58488056,-117.72691667,24,3,0,10,0,0,1,1
61834,CALIFORNIA,CA,1,0,2,67,0,ABBEVILLE,1,10,October,2010,6,Friday,10,40,0,3,4,0,38.68175833,-121.37238333,31,1,0,1,0,0,1,0
61835,CALIFORNIA,CA,1,0,2,53,1470,ATMORE,1,10,October,2010,6,Friday,13,29,1,12,2,539,36.32964722,-121.24443056,24,1,0,1,0,0,1,0
61836,CALIFORNIA,CA,1,0,1,37,0,BRADFORD,1,10,October,2010,6,Friday,13,35,1,11,1,247,34.03655000,-118.17095278,33,1,0,1,0,0,1,0
61837,CALIFORNIA,CA,1,0,1,37,0,BRADFORD,1,10,October,2010,6,Friday,20,25,0,4,4,0,34.44361944,-118.62590833,33,3,0,1,0,0,1,1
61838,CALIFORNIA,CA,1,0,1,19,0,CEDAR BLUFF,1,10,October,2010,6,Friday,23,50,0,5,4,0,36.63388611,-119.53566944,23,2,0,1,0,0,1,1
61839,CALIFORNIA,CA,1,0,4,77,0,ANDERSON,2,10,October,2010,7,Saturday,1,41,0,2,4,0,37.84212222,-121.25485833,42,2,0,1,0,0,1,0
61840,CALIFORNIA,CA,2,0,3,29,0,BORDEN SPRINGS,2,10,October,2010,7,Saturday,6,20,1,1,1,741,35.63351111,-119.66647500,12,2,0,2,0,0,1,1
61841,CALIFORNIA,CA,2,0,3,15,0,ANNISTON,2,10,October,2010,7,Saturday,10,30,1,2,2,147,41.63154722,-124.11375000,12,1,0,10,0,0,2,0
61842,CALIFORNIA,CA,2,0,3,77,0,ANDERSON,2,10,October,2010,7,Saturday,20,2,0,6,4,0,38.21872778,-121.20829444,12,2,0,1,0,0,2,0
61843,CALIFORNIA,CA,2,0,2,19,0,CEDAR BLUFF,2,10,October,2010,7,Saturday,23,38,0,4,4,0,36.70661944,-119.85350000,12,2,0,10,0,0,1,1
61844,CALIFORNIA,CA,1,0,1,7,2600,BIBB,3,10,October,2010,1,Sunday,2,42,0,15,6,0,39.50821389,-121.56990000,33,3,0,1,0,0,1,1
61845,CALIFORNIA,CA,5,0,2,85,3340,BENTON,3,10,October,2010,1,Sunday,6,50,0,14,6,0,37.33595278,-121.92646389,14,4,0,1,0,0,1,0
61846,CALIFORNIA,CA,2,0,2,45,0,ARITON,19,9,September,2010,1,Sunday,19,2,1,2,2,527,39.48052778,-123.36241944,12,1,0,10,0,0,1,0
61847,CALIFORNIA,CA,2,0,3,79,2705,COURTLAND,3,10,October,2010,1,Sunday,20,13,0,16,6,0,35.61128056,-120.67909722,12,3,0,1,0,0,1,1
61848,CALIFORNIA,CA,2,0,2,73,2510,ARGO,4,10,October,2010,2,Monday,6,20,1,11,1,532,33.20022778,-117.37239444,12,4,2,2,0,0,1,0
61849,CALIFORNIA,CA,1,0,1,19,0,CEDAR BLUFF,5,10,October,2010,3,Tuesday,6,50,0,6,4,0,36.41038611,-119.97729167,23,4,0,10,0,0,1,0
61850,CALIFORNIA,CA,2,0,2,37,230,BRADFORD,5,10,October,2010,3,Tuesday,21,20,1,11,1,406,34.12077778,-117.89033333,12,3,0,2,0,0,1,0
61851,CALIFORNIA,CA,1,0,1,67,3150,ABBEVILLE,20,9,September,2010,2,Monday,4,5,1,11,1,54,38.64162778,-121.47078889,24,2,0,10,0,0,1,0
61852,CALIFORNIA,CA,1,0,1,1,1364,AUTAUGA,6,10,October,2010,4,Wednesday,2,53,0,13,6,0,37.58090833,-122.03247500,33,3,0,1,0,0,1,0
61853,CALIFORNIA,CA,2,0,2,13,820,BOLLING,6,10,October,2010,4,Wednesday,12,49,0,13,6,0,37.97823611,-122.03982222,12,1,0,1,0,0,1,0
61854,CALIFORNIA,CA,1,0,1,33,0,CHEROKEE,6,10,October,2010,4,Wednesday,18,20,0,2,3,193,39.06479722,-122.78473611,1,5,0,10,0,0,1,1
61855,CALIFORNIA,CA,2,0,2,71,3970,BRIDGEPORT,7,10,October,2010,5,Thursday,6,0,0,14,6,0,34.12153889,-116.03691111,12,3,0,1,0,0,1,0
61856,CALIFORNIA,CA,1,0,1,85,3790,BENTON,7,10,October,2010,5,Thursday,16,44,0,16,6,0,37.40325000,-122.00484722,33,1,0,1,0,0,1,0
61857,CALIFORNIA,CA,2,1,5,59,0,FRANKLIN,29,8,August,2010,1,Sunday,2,48,1,12,3,157,33.85216944,-117.87548889,59,3,0,1,0,0,1,0
61858,CALIFORNIA,CA,2,1,3,59,1345,FRANKLIN,30,10,October,2010,7,Saturday,19,10,0,13,6,0,33.72059167,-117.92033611,8,3,0,1,0,0,1,0
61859,CALIFORNIA,CA,1,1,3,37,1980,BRADFORD,8,10,October,2010,6,Friday,20,55,0,13,6,0,33.99628611,-118.42766389,8,3,0,1,0,0,1,0
61860,CALIFORNIA,CA,1,1,2,71,3210,BRIDGEPORT,8,10,October,2010,6,Friday,21,23,0,14,6,0,34.11576944,-117.31898611,8,3,0,1,0,0,1,0
61861,CALIFORNIA,CA,1,1,1,79,3370,COURTLAND,13,10,October,2010,4,Wednesday,20,18,0,14,6,0,35.27059167,-120.65634167,8,3,0,1,0,0,1,0
61862,CALIFORNIA,CA,1,1,1,81,3390,AUBURN,14,10,October,2010,5,Thursday,19,55,0,14,6,0,37.54527222,-122.30465833,8,3,0,1,0,0,1,0
61863,CALIFORNIA,CA,1,1,1,113,4258,COTTONTON,15,10,October,2010,6,Friday,3,0,0,12,3,85,38.65295833,-121.75499444,8,2,0,1,0,0,1,0
61864,CALIFORNIA,CA,1,1,1,81,180,AUBURN,15,10,October,2010,6,Friday,6,15,0,13,3,16,37.45995556,-122.19579444,8,3,0,1,0,0,1,0
61865,CALIFORNIA,CA,3,0,3,37,1980,BRADFORD,2,11,November,2010,3,Tuesday,8,45,1,11,1,64,34.03191111,-118.41576111,12,1,0,1,0,0,1,0
61866,CALIFORNIA,CA,1,0,1,65,564,CYPRESS,1,9,September,2010,4,Wednesday,21,41,0,16,6,0,33.67430000,-117.25439722,1,2,0,1,0,0,1,1
61867,CALIFORNIA,CA,2,0,5,75,3290,BEAVERTON,4,9,September,2010,7,Saturday,22,20,0,14,6,0,37.72930000,-122.49425278,12,3,0,1,0,0,2,0
61868,CALIFORNIA,CA,1,1,1,95,4020,ALBERTVILLE,24,9,September,2010,6,Friday,19,44,0,13,6,0,38.09707778,-122.25666944,8,3,0,1,0,0,1,0
61869,CALIFORNIA,CA,2,0,3,111,0,GRAHAM,24,9,September,2010,6,Friday,21,45,1,12,2,110,34.20541389,-118.98840278,12,2,0,1,0,0,1,0
61870,CALIFORNIA,CA,1,0,1,35,0,BROOKLYN,26,9,September,2010,1,Sunday,10,30,0,2,3,308,40.73895000,-120.71001667,24,1,0,1,0,0,1,0
61871,CALIFORNIA,CA,1,0,1,37,1980,BRADFORD,3,10,October,2010,1,Sunday,2,55,1,11,1,7,33.93090000,-118.38810000,39,3,0,1,0,0,1,0