ST_CASE,State Name,State Abbreviation,VE_TOTAL,Pedestrains,Total_Persons_in_accident,COUNTY,CITY,City_County_Name,Calendar_DAY,MONTH,Month_Name,YEAR,DAY_WEEK,Day_Week_desc,HOUR,MINUTE,NHS_Desc,trafficway,ROUTE,MILEPT,LATITUDE,LONGITUD,First_Crash_event,Light_cond_desc,Weather_condition,WEATHER,SCH_BUS,Crash_cause,FATALS,DRUNK_DR
61872,CALIFORNIA,CA,1,1,2,71,1305,BRIDGEPORT,21,10,October,2010,5,Thursday,5,44,0,13,6,0,34.10652778,-117.48677500,8,2,0,2,0,0,1,0
61873,CALIFORNIA,CA,1,1,1,67,0,ABBEVILLE,22,10,October,2010,6,Friday,18,37,0,2,4,0,38.68414444,-121.47532500,8,2,0,10,0,0,1,0
61874,CALIFORNIA,CA,1,1,1,115,0,ASHVILLE,22,10,October,2010,6,Friday,21,23,0,3,4,0,39.12758889,-121.55350000,8,3,0,10,0,0,1,0
61875,CALIFORNIA,CA,1,1,1,107,0,CARROLLTON,23,10,October,2010,7,Saturday,5,55,0,2,3,106,36.05114722,-119.12237500,8,2,0,10,0,0,1,0
61876,CALIFORNIA,CA,2,0,2,37,1980,BRADFORD,6,11,November,2010,7,Saturday,14,30,0,13,6,0,34.04261944,-118.20735000,12,1,0,1,0,0,1,0
61877,CALIFORNIA,CA,1,1,1,55,2330,ATTALLA,6,11,November,2010,7,Saturday,21,6,0,13,3,80,38.30706389,-122.27762222,15,3,0,10,0,0,1,1
61878,CALIFORNIA,CA,1,0,1,13,2790,BOLLING,8,11,November,2010,2,Monday,1,14,1,12,3,202,38.01867500,-121.94071111,1,3,0,1,0,0,1,1
61879,CALIFORNIA,CA,2,1,1,85,3440,BENTON,14,3,March,2010,1,Sunday,0,16,0,15,6,0,37.35864444,-121.96268333,8,3,0,1,0,0,2,1
61880,CALIFORNIA,CA,1,1,2,71,3970,BRIDGEPORT,30,4,April,2010,6,Friday,23,2,0,13,3,315,34.13520000,-116.08529722,9,2,0,1,0,0,1,0
61881,CALIFORNIA,CA,4,0,5,37,1980,BRADFORD,9,6,June,2010,4,Wednesday,8,33,1,11,1,285,34.02194722,-118.42596389,12,1,0,1,0,0,1,0
61882,CALIFORNIA,CA,1,0,1,71,3,BRIDGEPORT,9,6,June,2010,4,Wednesday,19,25,1,12,2,162,34.54465278,-117.40041667,32,2,0,1,0,0,1,1
61883,CALIFORNIA,CA,3,0,5,71,2350,BRIDGEPORT,10,6,June,2010,5,Thursday,3,40,1,11,1,997,34.80266944,-115.28451944,12,2,0,1,0,0,1,0
61884,CALIFORNIA,CA,1,0,6,39,0,ANDALUSIA,19,6,June,2010,7,Saturday,19,17,1,2,3,216,37.04136944,-120.15751111,1,1,0,1,0,0,1,0
61885,CALIFORNIA,CA,2,0,2,23,0,BLADON SPRINGS,15,10,October,2010,6,Friday,10,48,1,2,2,179,40.16516667,-123.78469722,12,1,0,1,0,0,1,0
61886,CALIFORNIA,CA,2,2,5,37,1980,BRADFORD,6,11,November,2010,7,Saturday,15,25,0,13,6,0,34.01643889,-118.33512500,12,1,0,1,0,0,2,0
61887,CALIFORNIA,CA,1,1,1,37,1980,BRADFORD,6,11,November,2010,7,Saturday,17,35,0,16,6,0,33.99497500,-118.28623333,8,1,0,1,0,0,1,0
61888,CALIFORNIA,CA,1,1,1,77,0,ANDERSON,7,11,November,2010,1,Sunday,4,15,1,11,1,151,37.97586944,-121.34021667,8,3,0,2,0,0,1,0
61889,CALIFORNIA,CA,1,1,2,37,1980,BRADFORD,11,9,September,2010,7,Saturday,2,15,1,12,2,43,34.08041944,-118.29153056,33,3,0,1,0,0,1,1
61890,CALIFORNIA,CA,2,0,2,97,0,AXIS,10,10,October,2010,1,Sunday,18,25,0,2,3,330,38.51850000,-123.24648056,12,5,0,1,0,0,1,0
61891,CALIFORNIA,CA,1,1,1,59,4130,FRANKLIN,24,10,October,2010,1,Sunday,21,43,0,13,6,0,33.75364722,-118.00710278,8,3,0,2,0,0,1,0
61892,CALIFORNIA,CA,1,1,1,71,3000,BRIDGEPORT,26,10,October,2010,3,Tuesday,5,48,0,13,3,194,34.10677222,-117.36556389,8,3,0,10,0,0,1,0
61893,CALIFORNIA,CA,1,1,1,37,1700,BRADFORD,26,10,October,2010,3,Tuesday,6,47,0,13,6,0,33.95972222,-118.34529167,8,3,0,1,0,0,1,0
61894,CALIFORNIA,CA,1,1,1,85,2311,BENTON,31,10,October,2010,1,Sunday,2,38,0,13,6,0,37.39430556,-122.09845000,8,3,0,1,0,0,1,1
61895,CALIFORNIA,CA,1,1,4,67,3150,ABBEVILLE,31,10,October,2010,1,Sunday,15,19,1,12,3,226,38.53408056,-121.47251944,8,1,0,1,0,0,1,0
61896,CALIFORNIA,CA,1,1,1,71,0,BRIDGEPORT,31,10,October,2010,1,Sunday,20,15,0,4,4,0,34.29503056,-116.41026944,8,2,0,1,0,0,1,1
61897,CALIFORNIA,CA,1,0,2,1,2480,AUTAUGA,30,6,June,2010,4,Wednesday,1,57,0,13,6,0,37.81924722,-122.25485278,30,3,0,1,0,0,1,1
61898,CALIFORNIA,CA,1,1,1,73,1080,ARGO,10,11,November,2010,4,Wednesday,5,8,1,11,1,154,32.80228056,-116.96645833,8,2,0,1,0,0,1,0
61899,CALIFORNIA,CA,1,1,1,55,0,ATTALLA,10,11,November,2010,4,Wednesday,17,35,0,4,4,0,38.36943889,-122.34048889,9,5,0,1,0,0,1,0
61900,CALIFORNIA,CA,1,1,1,1,1364,AUTAUGA,10,11,November,2010,4,Wednesday,18,59,0,13,6,0,37.54741944,-121.98924722,8,3,0,1,0,0,1,0
61901,CALIFORNIA,CA,2,1,5,65,0,CYPRESS,10,11,November,2010,4,Wednesday,19,16,0,2,4,0,33.97822500,-117.45075833,8,3,0,1,0,0,1,0
61902,CALIFORNIA,CA,1,1,1,37,4124,BRADFORD,10,11,November,2010,4,Wednesday,23,48,0,13,6,0,34.09037500,-118.38768611,8,3,0,1,0,0,1,0
61903,CALIFORNIA,CA,1,1,1,77,3770,ANDERSON,11,11,November,2010,5,Thursday,0,58,0,16,6,0,38.02302778,-121.35669722,8,3,0,1,0,0,1,1
61904,CALIFORNIA,CA,1,1,1,65,1580,CYPRESS,11,11,November,2010,5,Thursday,6,57,0,14,6,0,33.75810000,-116.98924444,15,1,0,1,0,0,1,0
61905,CALIFORNIA,CA,1,1,1,77,3770,ANDERSON,11,11,November,2010,5,Thursday,10,53,0,16,6,0,38.03257778,-121.29627222,8,1,0,1,0,0,1,0
61906,CALIFORNIA,CA,1,1,1,59,80,FRANKLIN,11,11,November,2010,5,Thursday,17,37,0,14,6,0,33.83915556,-117.87164444,8,3,0,1,0,0,1,1
61907,CALIFORNIA,CA,1,1,3,37,0,BRADFORD,15,10,October,2010,6,Friday,19,0,0,3,4,0,34.11416944,-117.89330000,8,2,0,1,0,0,1,0
61908,CALIFORNIA,CA,1,1,1,1,340,AUTAUGA,23,10,October,2010,7,Saturday,21,26,0,16,6,0,37.88049722,-122.29582500,8,3,0,2,0,0,1,0
61909,CALIFORNIA,CA,1,1,1,37,1970,BRADFORD,30,10,October,2010,7,Saturday,18,30,0,13,6,0,33.87374167,-118.20260278,8,3,0,1,0,0,1,0
61910,CALIFORNIA,CA,1,1,3,73,3260,ARGO,30,10,October,2010,7,Saturday,20,31,1,11,1,68,32.78835000,-117.11377500,8,3,0,10,0,0,1,0
61911,CALIFORNIA,CA,1,1,1,29,0,BORDEN SPRINGS,30,10,October,2010,7,Saturday,23,45,0,2,4,0,35.37096111,-118.96706944,8,2,0,1,0,0,1,0
61912,CALIFORNIA,CA,1,1,1,97,2740,AXIS,31,10,October,2010,1,Sunday,4,45,1,12,2,80,38.27558889,-122.67440000,8,2,0,5,0,0,1,0
61913,CALIFORNIA,CA,1,2,1,37,1980,BRADFORD,2,11,November,2010,3,Tuesday,19,20,0,13,6,0,34.19210000,-118.39651111,8,3,0,1,0,0,1,0
61914,CALIFORNIA,CA,1,1,1,95,4010,ALBERTVILLE,12,11,November,2010,6,Friday,17,58,0,13,6,0,38.33532778,-121.96225278,9,3,0,1,0,0,1,0
61915,CALIFORNIA,CA,1,1,1,31,1540,COFFEE,12,11,November,2010,6,Friday,17,32,0,14,6,0,36.34092222,-119.65515278,8,3,0,1,0,0,1,0
61916,CALIFORNIA,CA,1,1,1,111,2620,GRAHAM,13,11,November,2010,7,Saturday,18,48,0,13,6,0,34.18116944,-119.19513611,9,3,0,1,0,0,1,0
61917,CALIFORNIA,CA,1,1,1,39,2050,ANDALUSIA,13,11,November,2010,7,Saturday,19,57,0,14,6,0,36.96158611,-120.06476389,8,3,0,1,0,0,1,0
61918,CALIFORNIA,CA,3,1,7,79,0,COURTLAND,14,11,November,2010,1,Sunday,2,21,1,2,2,378,35.41560000,-120.62750000,12,2,0,1,0,0,1,1
61919,CALIFORNIA,CA,2,0,3,71,1605,BRIDGEPORT,28,2,February,2010,1,Sunday,18,54,0,14,6,0,34.12124722,-117.20786667,12,3,0,1,0,0,1,2
61920,CALIFORNIA,CA,2,0,3,1,1364,AUTAUGA,6,3,March,2010,7,Saturday,17,27,0,13,3,160,37.72654167,-122.20168889,12,1,0,10,0,0,1,1
61921,CALIFORNIA,CA,1,1,1,67,2934,ABBEVILLE,23,8,August,2010,2,Monday,19,15,0,16,6,0,38.59350278,-121.30961944,8,5,0,1,0,0,1,0
61922,CALIFORNIA,CA,1,1,1,65,0,CYPRESS,3,11,November,2010,4,Wednesday,4,20,0,2,3,40,33.62089444,-117.42566111,1,2,0,1,0,0,1,0
61923,CALIFORNIA,CA,1,1,1,65,250,CYPRESS,4,11,November,2010,5,Thursday,9,12,0,16,6,0,33.95406667,-117.03491944,9,1,0,1,0,0,1,0
61924,CALIFORNIA,CA,1,1,1,81,0,AUBURN,4,11,November,2010,5,Thursday,15,38,0,4,4,0,37.40959167,-122.19474167,9,1,0,1,0,0,1,0
61925,CALIFORNIA,CA,1,1,1,67,0,ABBEVILLE,16,11,November,2010,3,Tuesday,17,37,0,3,4,0,38.53945833,-121.45458056,8,2,0,1,0,0,1,0
61926,CALIFORNIA,CA,1,1,1,19,1370,CEDAR BLUFF,17,11,November,2010,4,Wednesday,17,8,0,13,6,0,36.76359444,-119.75453889,8,5,0,1,0,0,1,0
61927,CALIFORNIA,CA,1,1,1,73,1080,ARGO,18,11,November,2010,5,Thursday,12,46,0,16,6,0,32.80013056,-116.93694167,9,1,0,1,0,0,1,0
61928,CALIFORNIA,CA,2,0,4,29,240,BORDEN SPRINGS,7,10,October,2010,5,Thursday,20,6,1,12,3,113,35.41941111,-118.82557222,12,2,0,1,0,0,2,1
61929,CALIFORNIA,CA,1,0,1,115,0,ASHVILLE,21,10,October,2010,5,Thursday,7,20,0,3,4,0,39.17693889,-121.40090000,35,1,0,1,0,0,1,0
61931,CALIFORNIA,CA,2,1,2,71,3970,BRIDGEPORT,28,10,October,2010,5,Thursday,21,33,0,12,3,318,34.13540833,-116.07927500,8,2,0,1,0,0,1,0
61932,CALIFORNIA,CA,1,1,1,1,1364,AUTAUGA,5,11,November,2010,6,Friday,6,21,0,14,6,0,37.55453333,-121.99989722,8,3,0,1,0,0,1,0
61933,CALIFORNIA,CA,1,1,1,67,0,ABBEVILLE,6,11,November,2010,7,Saturday,19,8,0,2,4,0,38.49575278,-121.40673611,8,3,0,1,0,0,1,0
61934,CALIFORNIA,CA,1,0,1,37,1045,BRADFORD,7,11,November,2010,1,Sunday,6,36,0,13,6,0,33.96010278,-118.14287500,42,1,0,1,0,0,1,0
61935,CALIFORNIA,CA,1,1,2,1,1364,AUTAUGA,7,11,November,2010,1,Sunday,20,24,0,13,6,0,37.54458889,-121.99154167,8,3,0,2,0,0,1,0
61936,CALIFORNIA,CA,1,1,1,37,1980,BRADFORD,8,11,November,2010,2,Monday,3,30,0,13,6,0,34.06655833,-118.27038611,8,3,0,2,0,0,1,0
61937,CALIFORNIA,CA,1,1,1,37,1980,BRADFORD,8,11,November,2010,2,Monday,3,40,0,13,6,0,33.98611667,-118.30897778,8,6,0,2,0,0,1,0
61938,CALIFORNIA,CA,2,1,3,29,0,BORDEN SPRINGS,8,11,November,2010,2,Monday,18,22,0,2,3,196,35.26689167,-119.22796667,8,2,0,1,0,0,1,0
61939,CALIFORNIA,CA,1,0,1,23,1220,BLADON SPRINGS,1,12,December,2010,4,Wednesday,1,53,0,13,2,0,40.78057500,-124.18537500,30,3,10,2,0,0,1,1
61940,CALIFORNIA,CA,1,1,1,81,490,AUBURN,1,12,December,2010,4,Wednesday,1,23,1,12,2,175,37.59871667,-122.37473056,8,2,0,1,0,0,1,0
61941,CALIFORNIA,CA,1,1,5,67,3150,ABBEVILLE,28,11,November,2010,1,Sunday,19,39,0,16,6,0,38.46440833,-121.43509167,8,3,0,1,0,0,1,0
61942,CALIFORNIA,CA,1,1,1,37,1970,BRADFORD,27,11,November,2010,7,Saturday,19,50,0,13,3,28,33.78272222,-118.13270833,8,3,10,2,0,0,1,0
61943,CALIFORNIA,CA,1,4,1,37,1980,BRADFORD,27,11,November,2010,7,Saturday,16,15,0,13,6,0,34.12250000,-118.21210833,19,1,0,1,0,0,1,0
61944,CALIFORNIA,CA,3,2,2,37,1716,BRADFORD,27,11,November,2010,7,Saturday,11,8,1,11,1,238,34.11322500,-117.97930278,14,1,0,1,0,0,2,0
61945,CALIFORNIA,CA,1,1,1,67,0,ABBEVILLE,12,11,November,2010,6,Friday,17,28,0,2,4,0,38.65004722,-121.35828056,8,3,0,1,0,0,1,0
61946,CALIFORNIA,CA,1,2,3,103,0,DANVILLE,13,11,November,2010,7,Saturday,17,35,0,4,4,0,39.97534722,-122.17719444,8,2,0,1,0,0,2,0
61947,CALIFORNIA,CA,2,1,2,29,0,BORDEN SPRINGS,14,11,November,2010,1,Sunday,17,30,0,6,4,0,35.43334444,-119.07050556,12,2,0,1,0,0,1,0
61948,CALIFORNIA,CA,1,1,1,29,240,BORDEN SPRINGS,14,11,November,2010,1,Sunday,18,3,0,13,3,28,35.36448056,-119.00305278,8,3,0,1,0,0,1,0
61949,CALIFORNIA,CA,1,0,3,37,2700,BRADFORD,14,11,November,2010,1,Sunday,19,53,0,16,6,0,34.17273611,-118.13722500,42,3,0,1,0,0,1,0
61950,CALIFORNIA,CA,1,1,1,7,2600,BIBB,16,11,November,2010,3,Tuesday,5,3,0,14,6,0,39.52409444,-121.57087500,8,3,0,1,0,0,1,0
61951,CALIFORNIA,CA,1,1,2,71,681,BRIDGEPORT,16,11,November,2010,3,Tuesday,17,25,0,14,6,0,33.97901389,-117.71507500,15,3,0,1,0,0,1,0
61953,CALIFORNIA,CA,2,1,1,79,0,COURTLAND,27,6,June,2010,1,Sunday,18,39,0,2,4,0,35.59770000,-120.67950000,8,1,0,1,0,0,1,0
61954,CALIFORNIA,CA,1,1,3,37,1045,BRADFORD,21,11,November,2010,1,Sunday,2,25,0,13,6,0,33.93920278,-118.13138889,8,3,0,1,0,0,1,1
61955,CALIFORNIA,CA,1,1,1,77,2070,ANDERSON,22,11,November,2010,2,Monday,17,25,0,15,6,0,37.79233889,-121.21059167,9,3,0,10,0,0,1,0
61956,CALIFORNIA,CA,1,1,1,89,0,BROWNSBORO,22,11,November,2010,2,Monday,18,30,0,6,4,0,40.48514722,-122.32499722,9,2,0,2,0,0,1,0
61957,CALIFORNIA,CA,1,1,1,73,1080,ARGO,23,11,November,2010,3,Tuesday,17,15,0,14,6,0,32.78034167,-116.95539167,15,2,0,10,0,0,1,0
61958,CALIFORNIA,CA,1,1,1,37,1047,BRADFORD,23,11,November,2010,3,Tuesday,17,22,0,13,6,0,34.13919444,-117.96857222,8,2,0,10,0,0,1,0
61959,CALIFORNIA,CA,3,0,6,67,0,ABBEVILLE,23,11,November,2010,3,Tuesday,21,13,0,3,4,0,38.66781111,-121.32725833,12,3,0,1,0,0,1,0
61960,CALIFORNIA,CA,2,1,2,67,3150,ABBEVILLE,27,11,November,2010,7,Saturday,2,10,1,11,1,59,38.64164167,-121.46078611,12,2,0,10,0,0,1,0
61961,CALIFORNIA,CA,1,1,1,67,3150,ABBEVILLE,27,11,November,2010,7,Saturday,6,34,0,14,6,0,38.63005556,-121.41421389,8,4,0,2,0,0,1,0
61962,CALIFORNIA,CA,3,2,2,113,4163,COTTONTON,1,12,December,2010,4,Wednesday,9,50,1,12,2,18,38.57513889,-121.53683333,14,1,0,1,0,0,1,0
61963,CALIFORNIA,CA,1,1,1,37,1047,BRADFORD,1,12,December,2010,4,Wednesday,17,30,0,14,6,0,34.13025556,-117.97755556,8,3,0,1,0,0,1,0
61964,CALIFORNIA,CA,1,1,1,65,2650,CYPRESS,12,12,December,2010,1,Sunday,20,1,0,13,6,0,33.81591111,-116.53020556,8,2,0,1,0,0,1,0
61965,CALIFORNIA,CA,1,1,1,65,850,CYPRESS,13,12,December,2010,2,Monday,2,45,1,11,1,363,33.81532500,-117.51223056,8,2,0,1,0,0,1,0
61966,CALIFORNIA,CA,1,1,2,37,480,BRADFORD,13,12,December,2010,2,Monday,17,10,0,13,6,0,34.18474722,-118.35020278,8,3,0,1,0,0,1,0
61967,CALIFORNIA,CA,1,2,1,37,1980,BRADFORD,21,11,November,2010,1,Sunday,11,35,0,13,6,0,34.07164444,-118.27243611,8,1,0,1,0,0,2,0
61968,CALIFORNIA,CA,3,1,7,13,0,BOLLING,21,11,November,2010,1,Sunday,16,32,1,12,3,170,38.01457500,-121.99542778,8,1,0,1,0,0,1,0
61969,CALIFORNIA,CA,1,1,1,83,0,ARDMORE,22,11,November,2010,2,Monday,12,25,0,4,4,0,34.91807500,-120.51503056,9,1,0,1,0,0,1,0
61970,CALIFORNIA,CA,1,2,1,97,3089,AXIS,1,12,December,2010,4,Wednesday,17,39,0,14,6,0,38.34751389,-122.68556667,8,3,0,10,0,0,1,0
61971,CALIFORNIA,CA,1,1,1,19,1370,CEDAR BLUFF,1,12,December,2010,4,Wednesday,18,10,0,13,6,0,36.80867778,-119.75618056,8,3,0,10,0,0,1,0
61972,CALIFORNIA,CA,2,1,2,37,2700,BRADFORD,2,12,December,2010,5,Thursday,0,35,1,11,1,264,34.15193611,-118.13195278,12,3,0,1,0,0,1,1
61973,CALIFORNIA,CA,2,1,1,37,1980,BRADFORD,2,12,December,2010,5,Thursday,21,10,0,14,6,0,34.03378056,-118.46214722,8,3,0,1,0,0,1,0
61974,CALIFORNIA,CA,1,1,1,37,1670,BRADFORD,3,12,December,2010,6,Friday,20,14,0,13,6,0,33.97293056,-118.21360833,8,3,0,1,0,0,1,0
61975,CALIFORNIA,CA,2,1,2,99,640,BEATRICE,5,12,December,2010,1,Sunday,17,45,0,13,6,0,37.57795000,-120.93870278,8,2,0,2,0,0,1,0
61976,CALIFORNIA,CA,1,1,1,37,1980,BRADFORD,5,12,December,2010,1,Sunday,18,50,0,13,6,0,34.06928889,-118.26867500,8,2,0,2,0,0,1,0
61977,CALIFORNIA,CA,2,1,4,37,2458,BRADFORD,24,8,August,2010,3,Tuesday,22,6,0,13,6,0,33.90236667,-118.06742778,8,3,0,1,0,0,1,1
61978,CALIFORNIA,CA,1,0,1,59,1660,FRANKLIN,2,10,October,2010,7,Saturday,2,27,0,14,6,0,33.73450278,-118.00013889,33,3,0,1,0,0,1,1
61979,CALIFORNIA,CA,1,1,1,59,80,FRANKLIN,2,10,October,2010,7,Saturday,19,47,0,16,6,0,33.84323889,-117.89721944,8,3,0,1,0,0,1,0
61980,CALIFORNIA,CA,1,1,1,37,1970,BRADFORD,14,11,November,2010,1,Sunday,23,6,0,14,6,0,33.78262500,-118.18831667,42,3,0,1,0,0,1,1
61981,CALIFORNIA,CA,1,1,1,37,1980,BRADFORD,28,11,November,2010,1,Sunday,12,5,0,16,6,0,34.21163333,-118.56510278,8,1,0,1,0,0,1,0
61982,CALIFORNIA,CA,2,0,5,65,750,CYPRESS,28,11,November,2010,1,Sunday,16,18,0,14,6,0,33.67083333,-116.18819444,12,1,0,1,0,0,1,1
61983,CALIFORNIA,CA,3,1,6,59,880,FRANKLIN,30,11,November,2010,3,Tuesday,7,50,0,14,6,0,33.69422222,-117.87317500,12,1,0,1,0,0,1,0
61984,CALIFORNIA,CA,1,1,1,37,1980,BRADFORD,30,11,November,2010,3,Tuesday,20,10,0,14,6,0,34.06493611,-118.27658333,8,3,0,1,0,0,1,0
61985,CALIFORNIA,CA,1,1,1,53,0,ATMORE,2,11,November,2010,3,Tuesday,23,28,1,2,3,920,36.76688056,-121.76508056,8,2,0,5,0,0,1,0
61986,CALIFORNIA,CA,1,1,1,77,3770,ANDERSON,3,11,November,2010,4,Wednesday,8,50,0,15,6,0,37.93148611,-121.26576944,8,1,0,1,0,0,1,0
61987,CALIFORNIA,CA,1,1,1,71,0,BRIDGEPORT,3,11,November,2010,4,Wednesday,19,10,0,3,4,0,34.04350000,-117.39640000,8,3,0,1,0,0,1,0
61988,CALIFORNIA,CA,1,1,1,73,2340,ARGO,5,11,November,2010,6,Friday,7,46,0,14,6,0,32.66834167,-117.09944444,8,1,0,1,0,0,1,0
61989,CALIFORNIA,CA,1,1,1,87,4100,ARMSTRONG,6,11,November,2010,7,Saturday,7,14,0,14,6,0,36.93041667,-121.74435833,8,3,0,10,0,0,1,0
61990,CALIFORNIA,CA,1,1,1,37,1047,BRADFORD,6,11,November,2010,7,Saturday,12,2,0,13,6,0,34.13973889,-117.96680833,8,1,0,1,0,0,1,0
61991,CALIFORNIA,CA,1,1,1,53,3180,ATMORE,6,11,November,2010,7,Saturday,6,24,0,15,6,0,36.68084167,-121.61040556,8,4,0,10,0,0,1,0
61992,CALIFORNIA,CA,2,0,2,37,1700,BRADFORD,22,11,November,2010,2,Monday,22,33,0,14,6,0,33.95217222,-118.34397500,12,3,0,1,0,0,1,0
61993,CALIFORNIA,CA,1,1,1,67,0,ABBEVILLE,6,12,December,2010,2,Monday,17,20,0,2,3,117,38.24141111,-121.55563889,8,2,0,10,0,0,1,0
61994,CALIFORNIA,CA,1,1,1,37,1700,BRADFORD,7,12,December,2010,3,Tuesday,7,18,0,13,6,0,33.94538889,-118.32898611,8,1,0,1,0,0,1,0
61995,CALIFORNIA,CA,1,1,1,85,1975,BENTON,8,12,December,2010,4,Wednesday,15,13,0,15,6,0,37.39041389,-122.12078889,8,1,0,2,0,0,1,0
61996,CALIFORNIA,CA,1,1,3,37,1980,BRADFORD,10,12,December,2010,6,Friday,10,20,0,13,6,0,34.04849167,-118.28419444,9,1,0,1,0,0,1,0
61997,CALIFORNIA,CA,1,1,1,13,110,BOLLING,10,12,December,2010,6,Friday,17,3,0,14,6,0,38.00008611,-121.82121389,8,5,0,1,0,0,1,0
61998,CALIFORNIA,CA,1,1,1,29,0,BORDEN SPRINGS,10,12,December,2010,6,Friday,18,38,0,2,4,0,34.86727222,-118.16355833,8,2,0,1,0,0,1,0
61999,CALIFORNIA,CA,1,1,1,37,2020,BRADFORD,12,12,December,2010,1,Sunday,11,24,0,13,6,0,33.92983056,-118.21151667,8,1,0,1,0,0,1,0
62000,CALIFORNIA,CA,1,1,1,71,1305,BRIDGEPORT,6,12,December,2010,2,Monday,7,22,0,15,6,0,34.16499722,-117.47523889,8,1,0,10,0,0,1,0
62001,CALIFORNIA,CA,2,1,1,1,3360,AUTAUGA,9,12,December,2010,5,Thursday,3,9,1,11,1,209,37.69261667,-122.14076111,12,2,0,10,0,0,1,0
62002,CALIFORNIA,CA,1,1,1,73,3260,ARGO,9,12,December,2010,5,Thursday,6,42,0,16,6,0,32.90538889,-117.12422500,8,1,0,1,0,0,1,0
62003,CALIFORNIA,CA,1,1,1,37,810,BRADFORD,11,12,December,2010,7,Saturday,4,15,1,11,1,142,33.89236111,-118.18847222,8,3,0,5,0,0,1,0
62004,CALIFORNIA,CA,1,1,1,37,0,BRADFORD,11,12,December,2010,7,Saturday,18,43,0,3,4,0,34.78941667,-118.23765278,9,2,0,1,0,0,1,0
62005,CALIFORNIA,CA,2,1,2,71,790,BRIDGEPORT,12,12,December,2010,1,Sunday,6,50,1,11,1,234,34.06481111,-117.31141111,8,3,0,1,0,0,1,0
62006,CALIFORNIA,CA,2,0,3,29,0,BORDEN SPRINGS,15,10,October,2010,6,Friday,19,2,0,6,4,0,35.67476111,-119.18636111,12,5,0,1,0,0,1,0
62007,CALIFORNIA,CA,1,0,2,71,0,BRIDGEPORT,16,10,October,2010,7,Saturday,3,20,1,1,1,650,34.72955000,-115.90601944,1,2,0,1,0,0,1,0
62008,CALIFORNIA,CA,1,0,4,25,0,BARLOW BEND,16,10,October,2010,7,Saturday,7,20,1,2,3,384,33.09941944,-115.79115000,1,1,0,1,0,0,1,0
62009,CALIFORNIA,CA,2,0,2,17,0,CHAMBERS,16,10,October,2010,7,Saturday,10,0,0,4,4,0,38.58856389,-121.01105556,42,1,0,1,0,0,1,0
62010,CALIFORNIA,CA,1,0,1,71,4040,BRIDGEPORT,16,10,October,2010,7,Saturday,16,37,0,16,6,0,34.47726111,-117.31234444,1,1,0,1,0,0,1,0
62011,CALIFORNIA,CA,1,0,1,109,0,ANSLEY,16,10,October,2010,7,Saturday,19,30,0,6,4,0,38.19841111,-120.00368333,35,2,0,10,0,0,1,1
62012,CALIFORNIA,CA,1,0,1,37,3445,BRADFORD,17,10,October,2010,1,Sunday,5,42,1,11,1,508,34.38941944,-118.56998889,31,2,0,10,0,0,1,0
62013,CALIFORNIA,CA,1,0,1,37,4069,BRADFORD,17,10,October,2010,1,Sunday,13,0,0,13,6,0,34.03534722,-117.83986111,33,1,0,10,0,0,1,0
62014,CALIFORNIA,CA,2,0,2,37,0,BRADFORD,17,10,October,2010,1,Sunday,16,20,0,4,4,0,34.11828611,-118.78381389,12,1,0,10,0,0,1,0
62015,CALIFORNIA,CA,1,0,1,113,0,COTTONTON,17,10,October,2010,1,Sunday,16,34,0,6,4,0,38.73323889,-121.82361111,42,1,0,10,0,0,1,1
62016,CALIFORNIA,CA,2,0,2,37,0,BRADFORD,17,10,October,2010,1,Sunday,17,35,0,2,4,0,34.76496111,-118.14755000,12,1,0,10,0,0,1,1