ST_CASE,State Name,State Abbreviation,VE_TOTAL,Pedestrains,Total_Persons_in_accident,COUNTY,CITY,City_County_Name,Calendar_DAY,MONTH,Month_Name,YEAR,DAY_WEEK,Day_Week_desc,HOUR,MINUTE,NHS_Desc,trafficway,ROUTE,MILEPT,LATITUDE,LONGITUD,First_Crash_event,Light_cond_desc,Weather_condition,WEATHER,SCH_BUS,Crash_cause,FATALS,DRUNK_DR
62017,CALIFORNIA,CA,1,0,1,25,0,BARLOW BEND,17,10,October,2010,1,Sunday,22,35,0,6,4,0,32.85458889,-115.43586111,24,2,0,1,0,0,1,1
62018,CALIFORNIA,CA,2,0,2,73,3260,ARGO,18,10,October,2010,2,Monday,14,25,0,15,6,0,32.71443889,-117.03433889,12,1,0,10,0,0,1,0
62019,CALIFORNIA,CA,1,0,1,111,3860,GRAHAM,18,10,October,2010,2,Monday,17,27,1,12,2,71,34.18417222,-118.92390833,59,1,0,10,0,0,1,0
62020,CALIFORNIA,CA,3,0,3,73,560,ARGO,19,10,October,2010,3,Tuesday,16,47,0,13,6,0,33.15156389,-117.30615278,12,1,0,2,0,0,1,0
62021,CALIFORNIA,CA,1,0,1,7,660,BIBB,19,10,October,2010,3,Tuesday,22,2,0,13,3,103,39.73700278,-121.81699722,42,3,0,1,0,0,1,1
62022,CALIFORNIA,CA,1,0,1,85,2000,BENTON,20,10,October,2010,4,Wednesday,3,19,0,13,6,0,37.23615833,-121.93115278,42,3,0,1,0,0,1,1
62023,CALIFORNIA,CA,6,0,8,99,2200,BEATRICE,20,10,October,2010,4,Wednesday,13,50,1,12,3,194,37.67331111,-121.04183889,12,1,0,1,0,19,1,0
62024,CALIFORNIA,CA,1,0,1,71,0,BRIDGEPORT,21,10,October,2010,5,Thursday,10,1,0,2,3,318,34.16370000,-117.18243889,35,1,5,5,0,0,1,0
62025,CALIFORNIA,CA,1,0,4,67,3150,ABBEVILLE,21,10,October,2010,5,Thursday,23,30,0,13,6,0,38.51050278,-121.43587222,33,3,0,10,0,0,1,0
62026,CALIFORNIA,CA,2,0,2,19,0,CEDAR BLUFF,22,10,October,2010,6,Friday,10,32,1,2,3,161,36.63403056,-119.78612222,12,1,0,1,0,0,1,0
62027,CALIFORNIA,CA,1,0,1,65,0,CYPRESS,22,10,October,2010,6,Friday,14,50,0,6,4,0,33.98391111,-117.43723889,33,1,0,10,0,0,1,1
62028,CALIFORNIA,CA,1,0,1,77,2070,ANDERSON,22,10,October,2010,6,Friday,23,0,1,12,3,89,37.82206111,-121.21590000,42,2,10,2,0,0,1,0
62029,CALIFORNIA,CA,1,0,3,65,2650,CYPRESS,23,10,October,2010,7,Saturday,1,57,0,14,6,0,33.84662778,-116.54693889,42,2,0,1,0,0,2,1
62030,CALIFORNIA,CA,4,0,3,37,1980,BRADFORD,23,10,October,2010,7,Saturday,3,25,0,15,6,0,33.97207222,-118.26082778,12,3,0,10,0,0,1,1
62031,CALIFORNIA,CA,1,0,1,59,3558,FRANKLIN,23,10,October,2010,7,Saturday,4,14,1,11,1,219,33.77433056,-118.06221389,25,3,0,2,0,0,1,0
62032,CALIFORNIA,CA,1,0,1,37,2870,BRADFORD,24,10,October,2010,1,Sunday,2,14,0,14,6,0,34.06883611,-117.71927778,33,3,0,1,0,0,1,1
62033,CALIFORNIA,CA,1,0,1,79,0,COURTLAND,24,10,October,2010,1,Sunday,5,0,0,2,3,363,35.29048611,-120.66675833,33,2,0,2,0,0,1,1
62034,CALIFORNIA,CA,1,0,3,71,0,BRIDGEPORT,24,10,October,2010,1,Sunday,5,4,1,1,1,965,34.96425556,-116.64364722,24,2,0,1,0,0,1,0
62035,CALIFORNIA,CA,1,0,1,17,0,CHAMBERS,24,10,October,2010,1,Sunday,8,50,0,3,4,0,38.57204167,-120.99479167,35,1,10,2,0,0,1,0
62036,CALIFORNIA,CA,2,0,5,65,0,CYPRESS,24,10,October,2010,1,Sunday,19,5,0,2,3,223,33.74218333,-117.28192778,12,2,0,10,0,0,1,0
62037,CALIFORNIA,CA,2,0,2,71,2960,BRIDGEPORT,25,10,October,2010,2,Monday,15,2,0,14,6,0,34.05949444,-117.19574444,12,1,0,1,0,0,1,0
62038,CALIFORNIA,CA,4,0,4,65,290,CYPRESS,25,10,October,2010,2,Monday,15,50,1,11,1,68,33.93246389,-116.98752778,12,1,0,10,0,0,1,0
62039,CALIFORNIA,CA,1,0,1,61,0,BELLWOOD,25,10,October,2010,2,Monday,22,5,0,4,4,0,38.97429167,-121.02019722,42,3,0,1,0,0,1,1
62040,CALIFORNIA,CA,1,0,1,47,0,BROWNS,25,10,October,2010,2,Monday,23,0,0,5,4,0,37.14181111,-120.40796667,11,2,0,1,0,0,1,0
62041,CALIFORNIA,CA,3,0,3,1,0,AUTAUGA,26,10,October,2010,3,Tuesday,12,8,1,11,1,290,37.69217500,-122.06394167,12,1,0,1,0,0,1,0
62042,CALIFORNIA,CA,3,0,6,59,470,FRANKLIN,26,10,October,2010,3,Tuesday,15,4,0,13,6,0,33.85051111,-117.99792778,12,1,0,1,0,0,1,0
62043,CALIFORNIA,CA,1,0,1,73,1820,ARGO,26,10,October,2010,3,Tuesday,19,35,1,12,3,123,32.77749722,-117.00319167,39,2,0,1,0,0,1,0
62044,CALIFORNIA,CA,2,0,2,31,0,COFFEE,27,10,October,2010,4,Wednesday,9,55,0,4,4,0,36.37202222,-119.56511111,12,1,0,1,0,0,1,0
62045,CALIFORNIA,CA,2,0,2,61,0,BELLWOOD,27,10,October,2010,4,Wednesday,14,40,0,4,4,0,38.87336111,-121.12014722,12,1,0,10,0,0,1,1
62046,CALIFORNIA,CA,1,0,1,23,0,BLADON SPRINGS,27,10,October,2010,4,Wednesday,23,28,1,2,3,168,40.93899722,-123.86990556,31,2,0,10,0,0,1,1
62047,CALIFORNIA,CA,1,0,1,37,1980,BRADFORD,28,10,October,2010,5,Thursday,3,0,1,12,2,106,34.14043889,-118.36631389,25,3,0,10,0,0,1,1
62048,CALIFORNIA,CA,1,0,1,47,0,BROWNS,28,10,October,2010,5,Thursday,5,50,0,2,3,61,37.01855556,-120.83669167,1,2,0,1,0,0,1,1
62049,CALIFORNIA,CA,2,0,2,25,0,BARLOW BEND,28,10,October,2010,5,Thursday,13,58,0,13,4,0,32.80163333,-115.49188611,12,1,0,1,0,0,1,0
62050,CALIFORNIA,CA,2,0,4,5,0,BAKER HILL,28,10,October,2010,5,Thursday,20,40,1,2,3,268,38.41540000,-120.61044167,12,2,0,10,0,0,1,0
62051,CALIFORNIA,CA,1,0,2,71,0,BRIDGEPORT,29,10,October,2010,6,Friday,0,55,0,2,4,0,34.55174167,-115.74727500,31,2,0,1,0,0,2,1
62052,CALIFORNIA,CA,1,0,1,95,0,ALBERTVILLE,30,10,October,2010,7,Saturday,1,53,0,2,3,1,38.20898333,-122.19895278,35,2,0,2,0,0,1,0
62053,CALIFORNIA,CA,2,0,5,47,0,BROWNS,31,10,October,2010,1,Sunday,18,8,1,2,3,55,37.10382778,-121.13388056,12,5,0,1,0,0,1,0
62054,CALIFORNIA,CA,1,0,1,85,1420,BENTON,31,10,October,2010,1,Sunday,3,14,0,15,6,0,37.01807778,-121.56363611,42,3,0,1,0,0,1,1
62055,CALIFORNIA,CA,1,0,1,35,0,BROOKLYN,31,10,October,2010,1,Sunday,1,5,0,3,4,0,40.41800556,-120.62563333,38,2,0,10,0,0,1,1
62056,CALIFORNIA,CA,2,1,1,1,2480,AUTAUGA,19,5,May,2010,4,Wednesday,16,38,0,14,6,0,37.79261667,-122.19959722,9,1,0,10,0,0,1,0
62057,CALIFORNIA,CA,4,0,4,85,940,BENTON,5,11,November,2010,6,Friday,6,0,0,13,6,0,37.32294722,-122.03214167,12,3,0,1,0,0,1,0
62058,CALIFORNIA,CA,3,0,3,71,3970,BRIDGEPORT,5,11,November,2010,6,Friday,18,31,1,12,3,274,34.13501111,-116.15513333,12,3,0,1,0,0,1,1
62059,CALIFORNIA,CA,1,1,1,69,1620,ASHFORD,5,12,December,2010,1,Sunday,19,43,0,13,6,0,36.85263056,-121.41068889,8,3,0,2,0,0,1,0
62060,CALIFORNIA,CA,1,1,1,75,3290,BEAVERTON,14,12,December,2010,3,Tuesday,17,0,0,15,6,0,37.71069722,-122.42563333,8,3,0,2,0,0,1,0
62061,CALIFORNIA,CA,1,1,1,101,4280,BOYLSTON,14,12,December,2010,3,Tuesday,17,7,0,14,6,0,39.14835000,-121.64534444,8,3,0,10,0,0,1,0
62062,CALIFORNIA,CA,1,1,1,77,3770,ANDERSON,14,12,December,2010,3,Tuesday,18,10,0,14,6,0,37.94833333,-121.27901389,8,3,0,2,0,0,1,0
62063,CALIFORNIA,CA,1,1,1,111,1280,GRAHAM,15,12,December,2010,4,Wednesday,6,18,1,13,3,214,34.39680556,-118.91304444,8,3,10,2,0,0,1,0
62064,CALIFORNIA,CA,1,1,1,53,0,ATMORE,15,12,December,2010,4,Wednesday,17,7,0,13,3,95,36.76646944,-121.75908333,8,5,0,10,0,0,1,0
62065,CALIFORNIA,CA,1,1,1,89,0,BROWNSBORO,15,12,December,2010,4,Wednesday,20,40,0,4,4,0,40.88269722,-121.90820278,8,2,0,1,0,0,1,0
62066,CALIFORNIA,CA,1,1,1,85,3340,BENTON,12,12,December,2010,1,Sunday,17,24,0,13,6,0,37.31148889,-121.80812222,8,1,0,10,0,0,1,0
62067,CALIFORNIA,CA,1,1,1,59,3420,FRANKLIN,18,12,December,2010,7,Saturday,17,7,0,16,6,0,33.76694722,-117.83678056,8,3,0,2,0,0,1,0
62068,CALIFORNIA,CA,1,1,1,37,1980,BRADFORD,18,12,December,2010,7,Saturday,17,26,0,13,6,0,33.95716389,-118.25642778,8,2,0,2,0,0,1,0
62069,CALIFORNIA,CA,1,1,1,85,3340,BENTON,19,12,December,2010,1,Sunday,1,10,1,12,2,403,37.37586111,-121.93880000,8,3,10,2,0,0,1,0
62070,CALIFORNIA,CA,1,1,1,67,0,ABBEVILLE,19,12,December,2010,1,Sunday,15,36,0,2,4,0,38.57574444,-121.32982222,8,1,0,10,0,0,1,0
62071,CALIFORNIA,CA,1,1,1,89,2950,BROWNSBORO,19,12,December,2010,1,Sunday,17,39,0,16,6,0,40.61942500,-122.42687778,8,2,0,10,0,0,1,0
62072,CALIFORNIA,CA,2,0,3,1,2480,AUTAUGA,19,12,December,2010,1,Sunday,19,40,1,12,3,22,37.82693889,-122.26783333,12,2,0,2,0,0,1,1
62073,CALIFORNIA,CA,1,1,4,37,1980,BRADFORD,19,12,December,2010,1,Sunday,21,20,0,14,6,0,34.19391667,-118.37896389,8,3,0,2,0,0,1,0
62074,CALIFORNIA,CA,1,1,1,37,1980,BRADFORD,20,12,December,2010,2,Monday,17,30,0,14,6,0,34.06891667,-118.31290000,8,3,0,2,0,0,1,0
62075,CALIFORNIA,CA,1,1,1,37,2700,BRADFORD,20,12,December,2010,2,Monday,17,45,0,14,6,0,34.15688333,-118.15212222,9,3,0,2,0,0,1,0
62076,CALIFORNIA,CA,1,0,2,71,0,BRIDGEPORT,7,10,October,2010,5,Thursday,2,22,0,6,4,0,35.75903889,-117.39258056,35,2,0,1,0,0,1,1
62077,CALIFORNIA,CA,1,0,2,89,0,BROWNSBORO,7,10,October,2010,5,Thursday,3,40,0,4,4,0,40.52338056,-122.43948889,38,2,0,1,0,0,1,1
62078,CALIFORNIA,CA,2,0,2,7,0,BIBB,7,10,October,2010,5,Thursday,20,55,0,4,4,0,39.43123056,-121.53746944,12,2,0,10,0,0,1,0
62079,CALIFORNIA,CA,3,0,4,85,3790,BENTON,7,10,October,2010,5,Thursday,22,35,1,2,2,456,37.39873056,-122.02628889,12,3,0,1,0,0,1,0
62080,CALIFORNIA,CA,2,0,2,37,1045,BRADFORD,8,10,October,2010,6,Friday,2,1,0,13,6,0,33.95355000,-118.13004722,12,3,0,1,0,0,1,1
62081,CALIFORNIA,CA,2,0,2,65,2650,CYPRESS,8,10,October,2010,6,Friday,11,17,0,13,6,0,33.81585556,-116.48426667,12,1,0,1,0,0,1,0
62082,CALIFORNIA,CA,1,0,5,97,0,AXIS,8,10,October,2010,6,Friday,20,26,0,3,4,0,38.39278889,-122.69258056,42,2,0,1,0,0,1,0
62083,CALIFORNIA,CA,1,0,2,71,0,BRIDGEPORT,8,10,October,2010,6,Friday,21,30,0,6,4,0,35.71516944,-117.40900000,17,2,0,1,0,0,1,1
62084,CALIFORNIA,CA,2,0,2,97,0,AXIS,9,10,October,2010,7,Saturday,2,23,1,12,2,164,38.38380000,-122.71600000,12,2,0,1,0,0,1,2
62085,CALIFORNIA,CA,1,0,1,13,4070,BOLLING,9,10,October,2010,7,Saturday,8,56,0,16,6,0,37.86289167,-122.06595000,33,1,0,1,0,0,1,0
62086,CALIFORNIA,CA,1,0,1,17,0,CHAMBERS,9,10,October,2010,7,Saturday,17,14,0,3,4,0,38.75294444,-120.93297222,24,1,0,1,0,0,1,1
62087,CALIFORNIA,CA,2,0,5,37,0,BRADFORD,9,10,October,2010,7,Saturday,18,15,0,4,4,0,34.82003056,-118.23771944,12,5,0,1,0,0,1,0
62088,CALIFORNIA,CA,2,0,5,73,3260,ARGO,9,10,October,2010,7,Saturday,18,50,1,12,3,40,32.74190000,-117.11231944,12,2,0,1,0,0,2,0
62089,CALIFORNIA,CA,2,0,2,37,1980,BRADFORD,9,10,October,2010,7,Saturday,23,40,0,13,6,0,34.11209444,-118.33527500,1,3,0,1,0,0,1,1
62090,CALIFORNIA,CA,2,0,3,7,2600,BIBB,10,10,October,2010,1,Sunday,2,0,1,12,3,145,39.50751111,-121.57348056,12,3,0,1,0,0,1,1
62091,CALIFORNIA,CA,1,0,1,29,0,BORDEN SPRINGS,10,10,October,2010,1,Sunday,3,3,1,1,1,671,35.54906111,-119.58808889,1,2,0,1,0,0,1,1
62092,CALIFORNIA,CA,2,0,6,99,2200,BEATRICE,10,10,October,2010,1,Sunday,6,20,1,13,3,146,37.63860833,-121.00889167,12,3,0,1,0,0,1,1
62093,CALIFORNIA,CA,1,0,1,53,0,ATMORE,10,10,October,2010,1,Sunday,8,6,1,2,2,362,36.19398889,-121.08850000,41,1,0,1,0,0,1,0
62094,CALIFORNIA,CA,1,0,1,37,0,BRADFORD,10,10,October,2010,1,Sunday,13,0,0,2,3,557,34.35094722,-117.94136389,35,1,0,1,0,0,1,0
62095,CALIFORNIA,CA,1,0,1,53,0,ATMORE,10,10,October,2010,1,Sunday,16,0,0,6,4,0,36.51458056,-121.34146944,38,1,0,1,0,0,1,1
62096,CALIFORNIA,CA,1,0,1,65,0,CYPRESS,11,10,October,2010,2,Monday,13,22,0,6,4,0,33.89711944,-116.47560000,35,1,0,1,0,0,1,0
62097,CALIFORNIA,CA,1,0,4,73,3260,ARGO,11,10,October,2010,2,Monday,11,5,1,11,1,210,32.77313889,-117.20731944,33,1,0,1,0,0,3,0
62098,CALIFORNIA,CA,3,0,3,71,0,BRIDGEPORT,11,10,October,2010,2,Monday,9,25,1,2,3,107,34.35206944,-117.52725000,12,1,0,1,0,0,2,0
62099,CALIFORNIA,CA,1,0,2,21,0,CHILTON,31,10,October,2010,1,Sunday,19,0,0,6,4,0,39.76538056,-122.03005000,30,2,0,10,0,0,1,0
62100,CALIFORNIA,CA,1,0,1,107,0,CARROLLTON,1,11,November,2010,2,Monday,1,20,0,6,4,0,35.96416111,-119.35568889,42,2,0,1,0,0,1,1
62101,CALIFORNIA,CA,1,0,1,95,4020,ALBERTVILLE,1,11,November,2010,2,Monday,7,15,1,11,1,59,38.13920000,-122.22046111,20,1,0,1,0,0,1,0
62102,CALIFORNIA,CA,2,0,2,87,4100,ARMSTRONG,1,11,November,2010,2,Monday,17,21,0,14,6,0,36.91469444,-121.77741667,12,1,0,1,0,0,1,1
62103,CALIFORNIA,CA,2,0,3,103,0,DANVILLE,1,11,November,2010,2,Monday,18,22,0,4,4,0,39.95683056,-122.17915000,12,5,0,1,0,0,1,1
62104,CALIFORNIA,CA,1,0,1,77,3770,ANDERSON,2,11,November,2010,3,Tuesday,22,43,0,16,6,0,37.98062222,-121.32448889,43,2,0,1,0,0,1,1
62105,CALIFORNIA,CA,1,0,1,65,0,CYPRESS,3,11,November,2010,4,Wednesday,3,0,0,4,4,0,33.95638056,-116.54500000,43,2,0,1,0,0,1,1
62106,CALIFORNIA,CA,1,0,1,73,0,ARGO,3,11,November,2010,4,Wednesday,21,33,0,2,3,313,33.30246944,-116.97691944,1,3,0,1,0,0,1,1
62107,CALIFORNIA,CA,5,0,2,1,2480,AUTAUGA,4,11,November,2010,5,Thursday,1,54,0,14,6,0,37.74292222,-122.15248611,12,3,0,1,0,0,2,1
62108,CALIFORNIA,CA,1,0,1,55,0,ATTALLA,4,11,November,2010,5,Thursday,2,5,0,4,4,0,38.44318056,-122.35246111,42,2,0,1,0,0,1,0
62109,CALIFORNIA,CA,4,0,4,65,2327,CYPRESS,4,11,November,2010,5,Thursday,11,0,1,11,1,76,33.53705000,-117.17271111,12,1,0,1,0,0,1,0
62110,CALIFORNIA,CA,2,0,2,29,0,BORDEN SPRINGS,4,11,November,2010,5,Thursday,17,39,1,2,3,289,35.42337222,-119.06356944,12,1,0,1,0,0,1,0
62111,CALIFORNIA,CA,1,0,1,77,3770,ANDERSON,5,11,November,2010,6,Friday,1,50,0,6,4,0,37.97963056,-121.33550000,42,2,0,1,0,0,1,1
62112,CALIFORNIA,CA,2,0,2,67,0,ABBEVILLE,5,11,November,2010,6,Friday,5,15,0,6,4,0,38.44501111,-121.04941944,12,2,0,1,0,0,1,0
62113,CALIFORNIA,CA,2,0,2,37,1980,BRADFORD,7,11,November,2010,1,Sunday,13,0,0,13,3,0,34.10818333,-118.33713056,12,1,0,1,0,0,1,0
62114,CALIFORNIA,CA,1,0,2,37,2645,BRADFORD,7,11,November,2010,1,Sunday,19,29,1,12,3,493,34.56755556,-118.04513333,5,5,0,1,0,0,1,1
62115,CALIFORNIA,CA,1,0,2,1,2480,AUTAUGA,24,4,April,2010,7,Saturday,23,18,0,13,6,0,37.76138611,-122.19166389,30,3,0,1,0,0,1,1
62116,CALIFORNIA,CA,2,0,4,1,2480,AUTAUGA,4,7,July,2010,1,Sunday,15,40,0,13,6,0,37.81578889,-122.28504722,1,1,0,1,0,0,1,0
62117,CALIFORNIA,CA,2,0,3,37,1700,BRADFORD,20,8,August,2010,6,Friday,18,0,0,13,6,0,33.97640000,-118.35953333,12,5,0,1,0,0,1,0
62118,CALIFORNIA,CA,2,0,9,37,1840,BRADFORD,25,11,November,2010,5,Thursday,19,30,0,13,6,0,34.67508056,-118.09462778,12,3,0,1,0,0,1,0
62119,CALIFORNIA,CA,1,0,1,107,0,CARROLLTON,26,11,November,2010,6,Friday,13,30,0,6,4,0,35.80511944,-119.16538056,30,1,0,1,0,0,1,0
62120,CALIFORNIA,CA,3,0,5,71,0,BRIDGEPORT,22,12,December,2010,4,Wednesday,15,15,0,3,4,0,34.09933333,-117.46650833,12,1,2,2,0,0,1,1
62121,CALIFORNIA,CA,3,0,3,29,243,BORDEN SPRINGS,22,12,December,2010,4,Wednesday,17,53,0,14,6,0,35.36881111,-119.10086111,12,3,0,2,0,0,1,0
62122,CALIFORNIA,CA,2,0,2,73,3260,ARGO,23,12,December,2010,5,Thursday,14,15,1,12,3,19,32.71210000,-117.11920000,12,1,0,1,0,0,1,0
62123,CALIFORNIA,CA,1,0,2,73,0,ARGO,23,12,December,2010,5,Thursday,22,15,0,5,4,0,32.85366111,-116.59328056,35,2,0,10,0,0,2,0
62124,CALIFORNIA,CA,1,0,1,71,0,BRIDGEPORT,25,12,December,2010,7,Saturday,2,42,0,4,4,0,34.14056944,-117.40095000,53,2,0,1,0,0,1,1
62125,CALIFORNIA,CA,2,0,2,65,2646,CYPRESS,26,12,December,2010,1,Sunday,17,7,0,14,6,0,33.75802778,-116.37373889,12,5,0,1,0,0,1,0
62126,CALIFORNIA,CA,1,0,1,7,0,BIBB,27,12,December,2010,2,Monday,15,15,0,4,4,0,39.52395000,-121.28108056,35,1,0,10,0,0,1,1
62127,CALIFORNIA,CA,2,0,3,95,0,ALBERTVILLE,28,12,December,2010,3,Tuesday,15,30,1,2,3,20,38.20761944,-122.16611944,12,1,2,2,0,0,1,0
62128,CALIFORNIA,CA,1,0,1,37,2870,BRADFORD,29,12,December,2010,4,Wednesday,2,46,0,14,6,0,34.07239722,-117.75934722,30,3,0,10,0,0,1,1
62129,CALIFORNIA,CA,2,0,8,65,0,CYPRESS,29,12,December,2010,4,Wednesday,12,10,0,4,4,0,33.85286389,-117.39634167,12,1,2,2,0,0,1,0
62130,CALIFORNIA,CA,1,0,2,37,1980,BRADFORD,29,12,December,2010,4,Wednesday,13,40,0,16,6,0,34.05983611,-118.28909167,43,1,2,2,0,0,1,0
62131,CALIFORNIA,CA,1,0,2,5,0,BAKER HILL,30,12,December,2010,5,Thursday,1,54,0,4,4,0,38.40001111,-120.74630000,35,2,0,1,0,0,2,0
62132,CALIFORNIA,CA,1,0,1,33,0,CHEROKEE,30,12,December,2010,5,Thursday,11,30,0,4,4,0,39.02072778,-122.69523333,38,1,0,1,0,0,1,1
62133,CALIFORNIA,CA,1,0,4,95,0,ALBERTVILLE,30,12,December,2010,5,Thursday,12,30,1,1,1,64,38.13590000,-122.11010000,1,1,0,1,0,0,2,0
62134,CALIFORNIA,CA,1,0,1,1,2480,AUTAUGA,31,12,December,2010,6,Friday,1,57,1,11,1,268,37.75558333,-122.20943611,41,2,0,1,0,0,1,1
62135,CALIFORNIA,CA,3,0,2,107,0,CARROLLTON,31,12,December,2010,6,Friday,5,45,0,4,4,0,36.21788056,-119.07378056,12,2,0,1,0,0,1,0
62136,CALIFORNIA,CA,2,0,4,71,0,BRIDGEPORT,31,12,December,2010,6,Friday,9,10,0,2,4,0,34.91125000,-114.64475000,12,1,0,1,0,0,1,0
62137,CALIFORNIA,CA,1,0,1,103,0,DANVILLE,31,12,December,2010,6,Friday,14,55,0,6,4,0,40.02660000,-122.08601111,38,1,0,10,0,0,1,1
62138,CALIFORNIA,CA,2,0,2,71,0,BRIDGEPORT,31,12,December,2010,6,Friday,17,10,0,4,4,0,34.41985556,-117.57244444,12,3,0,1,0,0,1,0
62139,CALIFORNIA,CA,1,0,2,65,0,CYPRESS,31,12,December,2010,6,Friday,21,26,0,6,4,0,33.83894722,-117.25189722,33,2,0,1,0,0,1,1
62140,CALIFORNIA,CA,1,0,1,111,0,GRAHAM,17,12,December,2010,6,Friday,99,99,0,2,3,212,34.43891111,-119.20286111,35,2,2,2,0,0,1,1
62141,CALIFORNIA,CA,1,0,3,73,1200,ARGO,18,12,December,2010,7,Saturday,0,30,1,11,1,319,33.13206111,-117.10543889,43,3,0,2,0,0,1,1
62142,CALIFORNIA,CA,2,0,1,85,2660,BENTON,18,12,December,2010,7,Saturday,0,49,0,14,6,0,37.45307778,-122.16057500,33,3,0,2,0,0,1,1
62143,CALIFORNIA,CA,1,0,2,65,3070,CYPRESS,18,12,December,2010,7,Saturday,1,41,0,13,6,0,33.94591944,-117.43251389,33,3,0,2,0,0,1,1
62144,CALIFORNIA,CA,4,0,10,37,1980,BRADFORD,18,12,December,2010,7,Saturday,2,25,0,13,6,0,34.11909722,-118.33895556,12,3,0,2,0,0,1,1
62145,CALIFORNIA,CA,2,0,3,59,470,FRANKLIN,18,12,December,2010,7,Saturday,5,34,0,14,6,0,33.83907222,-118.01097500,12,3,0,2,0,0,2,1
62146,CALIFORNIA,CA,2,0,5,37,0,BRADFORD,18,12,December,2010,7,Saturday,6,30,1,11,1,479,34.35073056,-118.54336944,25,2,2,2,0,0,2,0
62147,CALIFORNIA,CA,1,0,1,59,880,FRANKLIN,18,12,December,2010,7,Saturday,19,18,0,13,6,0,33.66476111,-117.90765000,42,3,0,2,0,0,1,0
62148,CALIFORNIA,CA,2,0,4,37,1716,BRADFORD,18,12,December,2010,7,Saturday,19,55,1,11,1,228,34.09928056,-117.98513056,25,2,2,2,0,0,1,0
62149,CALIFORNIA,CA,1,0,1,97,0,AXIS,18,12,December,2010,7,Saturday,22,1,0,2,3,210,38.44831944,-123.11441944,3,2,0,2,0,0,1,0
62150,CALIFORNIA,CA,2,0,2,73,1080,ARGO,18,12,December,2010,7,Saturday,22,32,0,14,6,0,32.83012500,-116.98405278,12,3,0,10,0,0,1,1
62151,CALIFORNIA,CA,1,0,2,77,3770,ANDERSON,19,12,December,2010,1,Sunday,1,31,0,13,6,0,37.93957778,-121.28237778,33,3,0,2,0,0,1,1
62152,CALIFORNIA,CA,1,0,4,37,1695,BRADFORD,19,12,December,2010,1,Sunday,4,0,0,13,6,0,34.02558889,-117.95768333,33,3,0,2,0,0,1,0
62153,CALIFORNIA,CA,1,0,2,29,0,BORDEN SPRINGS,19,12,December,2010,1,Sunday,5,33,0,6,4,0,35.23890833,-118.89621667,1,2,5,2,0,0,1,1
62154,CALIFORNIA,CA,1,0,4,19,0,CEDAR BLUFF,19,12,December,2010,1,Sunday,16,45,1,12,3,647,36.74816944,-119.67224722,24,3,2,2,0,0,1,0
62155,CALIFORNIA,CA,2,0,4,85,3340,BENTON,19,12,December,2010,1,Sunday,17,17,0,13,6,0,37.23625556,-121.87302222,12,3,0,10,0,0,1,0
62156,CALIFORNIA,CA,1,0,1,65,0,CYPRESS,20,12,December,2010,2,Monday,13,55,1,1,1,200,33.91848889,-116.77126111,35,1,0,2,0,0,1,0
62157,CALIFORNIA,CA,2,0,3,67,0,ABBEVILLE,21,12,December,2010,3,Tuesday,11,50,0,4,4,0,38.42663056,-121.19825278,12,1,0,10,0,0,1,0
62158,CALIFORNIA,CA,1,0,1,29,0,BORDEN SPRINGS,21,12,December,2010,3,Tuesday,15,50,0,6,4,0,35.22346667,-118.85550556,1,1,0,10,0,0,1,1
62159,CALIFORNIA,CA,1,0,2,7,0,BIBB,22,12,December,2010,4,Wednesday,3,50,0,4,4,0,39.36436111,-121.62178889,42,2,0,2,0,0,1,0
62160,CALIFORNIA,CA,1,0,2,79,150,COURTLAND,22,12,December,2010,4,Wednesday,14,27,1,12,2,133,35.12088889,-120.58493056,33,1,0,10,0,0,1,0