ST_CASE,State Name,State Abbreviation,VE_TOTAL,Pedestrains,Total_Persons_in_accident,COUNTY,CITY,City_County_Name,Calendar_DAY,MONTH,Month_Name,YEAR,DAY_WEEK,Day_Week_desc,HOUR,MINUTE,NHS_Desc,trafficway,ROUTE,MILEPT,LATITUDE,LONGITUD,First_Crash_event,Light_cond_desc,Weather_condition,WEATHER,SCH_BUS,Crash_cause,FATALS,DRUNK_DR
62161,CALIFORNIA,CA,1,0,7,21,0,CHILTON,22,12,December,2010,4,Wednesday,14,40,1,1,1,53,39.46123056,-122.19481111,31,1,0,10,0,0,1,0
62162,CALIFORNIA,CA,2,0,3,7,0,BIBB,23,12,December,2010,5,Thursday,18,35,0,4,4,0,39.53448056,-121.50685833,12,2,0,1,0,0,1,1
62163,CALIFORNIA,CA,1,0,1,99,0,BEATRICE,23,12,December,2010,5,Thursday,19,15,1,12,3,81,37.54855833,-120.90687500,35,2,0,1,0,0,1,0
62164,CALIFORNIA,CA,2,0,3,59,4130,FRANKLIN,23,12,December,2010,5,Thursday,22,8,0,13,6,0,33.74224167,-118.00696111,12,3,0,1,0,0,1,1
62165,CALIFORNIA,CA,2,0,4,59,80,FRANKLIN,11,10,October,2010,2,Monday,23,33,1,12,3,9,33.85397778,-117.96495278,12,3,0,1,0,0,2,1
62166,CALIFORNIA,CA,2,0,3,85,3340,BENTON,12,10,October,2010,3,Tuesday,4,4,0,12,3,23,37.29054444,-121.87115000,12,2,0,1,0,0,1,0
62167,CALIFORNIA,CA,2,0,3,107,0,CARROLLTON,12,10,October,2010,3,Tuesday,19,40,0,2,3,125,36.39228333,-119.29651111,12,2,0,1,0,0,1,1
62168,CALIFORNIA,CA,2,0,8,17,0,CHAMBERS,13,10,October,2010,4,Wednesday,14,18,1,12,2,228,38.73731389,-120.71794722,12,1,0,1,0,0,2,0
62169,CALIFORNIA,CA,2,0,4,95,330,ALBERTVILLE,13,10,October,2010,4,Wednesday,16,35,1,11,1,19,38.05652778,-122.14858611,12,1,0,1,0,0,1,0
62170,CALIFORNIA,CA,2,0,3,13,4070,BOLLING,13,10,October,2010,4,Wednesday,23,18,0,15,6,0,37.88403333,-122.04933056,12,3,0,1,0,0,1,1
62171,CALIFORNIA,CA,1,0,1,67,0,ABBEVILLE,14,10,October,2010,5,Thursday,7,11,0,3,4,0,38.71431111,-121.51464167,1,1,0,1,0,0,1,0
62172,CALIFORNIA,CA,1,0,1,37,1980,BRADFORD,14,10,October,2010,5,Thursday,16,13,1,12,3,14,34.02892500,-118.20073889,25,1,0,1,0,0,1,0
62173,CALIFORNIA,CA,1,0,2,47,0,BROWNS,15,10,October,2010,6,Friday,0,5,1,1,1,122,36.99497500,-120.91048611,43,2,0,1,0,0,1,0
62174,CALIFORNIA,CA,1,0,1,67,0,ABBEVILLE,15,10,October,2010,6,Friday,1,48,0,5,4,0,38.32097500,-121.44380278,58,2,0,1,0,0,1,1
62175,CALIFORNIA,CA,2,0,20,89,0,BROWNSBORO,15,10,October,2010,6,Friday,7,20,0,3,4,0,40.38915000,-122.33293889,12,1,0,1,1,0,1,0
62176,CALIFORNIA,CA,1,0,7,29,0,BORDEN SPRINGS,15,10,October,2010,6,Friday,13,5,1,1,1,595,35.47000556,-119.49535278,1,1,0,1,0,0,2,0
62177,CALIFORNIA,CA,3,0,4,77,3770,ANDERSON,15,10,October,2010,6,Friday,13,45,0,13,6,0,38.01635278,-121.32260278,12,1,0,1,0,0,1,0
62178,CALIFORNIA,CA,2,0,2,65,0,CYPRESS,15,10,October,2010,6,Friday,22,47,0,2,4,0,33.97547500,-117.49654722,12,2,0,1,0,0,1,2
62179,CALIFORNIA,CA,2,0,2,67,1108,ABBEVILLE,16,10,October,2010,7,Saturday,0,38,0,16,6,0,38.40525000,-121.40474167,33,3,0,1,0,0,1,0
62180,CALIFORNIA,CA,1,0,1,73,710,ARGO,16,10,October,2010,7,Saturday,1,14,1,11,1,36,32.59464722,-117.03615833,41,2,0,10,0,0,1,1
62181,CALIFORNIA,CA,2,0,2,85,3340,BENTON,16,10,October,2010,7,Saturday,1,17,1,11,1,2,37.34153611,-121.84823056,12,2,0,1,0,0,1,0
62182,CALIFORNIA,CA,1,0,3,95,0,ALBERTVILLE,16,10,October,2010,7,Saturday,1,38,1,1,1,267,38.35659722,-121.97648056,33,3,0,1,0,0,1,1
62183,CALIFORNIA,CA,1,0,2,67,3150,ABBEVILLE,16,10,October,2010,7,Saturday,2,36,0,13,6,0,38.54954167,-121.38334722,42,2,0,1,0,0,1,1
62184,CALIFORNIA,CA,2,0,4,37,1400,BRADFORD,26,10,October,2010,3,Tuesday,15,3,0,13,6,0,33.89235000,-118.29608611,12,1,0,1,0,0,1,0
62185,CALIFORNIA,CA,2,0,1,103,0,DANVILLE,30,10,October,2010,7,Saturday,2,0,1,2,3,118,40.02011944,-122.09959722,33,3,0,10,0,0,1,1
62186,CALIFORNIA,CA,1,0,3,85,3340,BENTON,30,10,October,2010,7,Saturday,7,46,1,12,2,288,37.25966944,-121.79937222,42,3,0,10,0,0,2,0
62187,CALIFORNIA,CA,2,0,4,37,1980,BRADFORD,30,10,October,2010,7,Saturday,9,50,0,13,6,0,34.03253611,-118.35091389,33,1,0,1,0,0,1,0
62188,CALIFORNIA,CA,1,0,1,113,0,COTTONTON,30,10,October,2010,7,Saturday,13,35,0,3,4,0,38.74443889,-121.72946667,34,1,0,10,0,0,1,0
62189,CALIFORNIA,CA,2,0,1,37,1980,BRADFORD,30,10,October,2010,7,Saturday,16,35,0,13,6,0,34.32300556,-118.45074167,14,1,0,1,0,0,1,1
62190,CALIFORNIA,CA,1,1,1,1,3993,AUTAUGA,13,12,December,2010,2,Monday,20,29,0,13,6,0,37.58622222,-122.01775278,8,3,0,1,0,0,1,0
62191,CALIFORNIA,CA,1,1,1,37,1980,BRADFORD,14,12,December,2010,3,Tuesday,5,0,1,11,1,191,34.06362778,-118.21617500,8,3,0,5,0,0,1,0
62192,CALIFORNIA,CA,1,1,1,37,1840,BRADFORD,20,12,December,2010,2,Monday,18,0,0,14,6,0,34.65912222,-118.14775556,8,3,0,2,0,0,1,0
62193,CALIFORNIA,CA,1,1,1,73,710,ARGO,22,12,December,2010,4,Wednesday,8,51,0,15,6,0,32.60674167,-117.08006389,8,1,0,2,0,0,1,0
62194,CALIFORNIA,CA,1,1,1,29,240,BORDEN SPRINGS,22,12,December,2010,4,Wednesday,17,27,0,14,6,0,35.36719722,-119.03880278,8,3,0,2,0,0,1,0
62195,CALIFORNIA,CA,1,1,5,95,4020,ALBERTVILLE,22,12,December,2010,4,Wednesday,21,0,1,11,1,37,38.11395000,-122.22975000,8,3,0,1,0,0,1,0
62196,CALIFORNIA,CA,1,1,1,65,3070,CYPRESS,22,12,December,2010,4,Wednesday,21,9,0,14,6,0,33.92633056,-117.47299167,8,3,0,10,0,0,1,0
62197,CALIFORNIA,CA,1,0,1,85,3340,BENTON,23,12,December,2010,5,Thursday,5,58,0,14,6,0,37.31997500,-121.86560278,33,3,0,1,0,0,1,0
62198,CALIFORNIA,CA,1,0,2,97,3490,AXIS,22,12,December,2010,4,Wednesday,1,46,1,12,3,233,38.47687500,-122.73200556,5,6,0,98,0,0,1,0
62199,CALIFORNIA,CA,1,1,1,31,1880,COFFEE,26,12,December,2010,1,Sunday,17,27,0,14,6,0,36.31529167,-119.78080278,8,3,0,1,0,0,1,0
62200,CALIFORNIA,CA,1,1,2,65,0,CYPRESS,2,10,October,2010,7,Saturday,19,50,0,3,4,0,33.63986944,-117.34606111,9,2,0,1,0,0,1,1
62201,CALIFORNIA,CA,1,1,1,107,2880,CARROLLTON,29,9,September,2010,4,Wednesday,14,30,0,14,6,0,36.08045833,-119.02495556,8,1,0,1,0,0,1,0
62202,CALIFORNIA,CA,2,0,3,59,3760,FRANKLIN,27,12,December,2010,2,Monday,6,5,0,13,3,92,33.78382222,-117.99279167,12,3,0,1,0,0,1,0
62203,CALIFORNIA,CA,1,0,5,71,3000,BRIDGEPORT,6,8,August,2010,6,Friday,5,50,1,11,1,202,34.06867778,-117.36719722,25,4,0,1,0,0,1,1
62204,CALIFORNIA,CA,1,1,1,37,1980,BRADFORD,20,12,December,2010,2,Monday,21,10,0,14,6,0,34.05928056,-118.26403056,8,3,0,2,0,0,1,0
62205,CALIFORNIA,CA,1,0,1,65,1690,CYPRESS,26,7,July,2010,2,Monday,23,47,0,15,6,0,33.77295833,-116.26899444,33,3,0,1,0,0,1,1
62206,CALIFORNIA,CA,1,0,1,83,0,ARDMORE,8,8,August,2010,1,Sunday,1,2,0,2,4,0,34.86503333,-120.42680556,17,2,0,1,0,0,1,1
62207,CALIFORNIA,CA,1,1,1,37,602,BRADFORD,17,4,April,2010,7,Saturday,21,5,0,16,5,0,33.82973611,-118.21688056,9,3,0,1,0,0,1,1
62208,CALIFORNIA,CA,1,1,2,59,2400,FRANKLIN,15,7,July,2010,5,Thursday,7,47,0,6,6,0,33.61781111,-117.85063333,9,1,0,1,0,0,1,0
62209,CALIFORNIA,CA,1,1,2,37,1980,BRADFORD,5,8,August,2010,5,Thursday,0,5,0,16,6,0,34.04343333,-118.29433333,8,3,0,1,0,0,1,1
62210,CALIFORNIA,CA,1,1,1,1,2480,AUTAUGA,25,9,September,2010,7,Saturday,2,37,0,13,6,0,37.78528889,-122.23909444,8,3,0,1,0,0,1,0
62211,CALIFORNIA,CA,2,0,2,73,0,ARGO,2,10,October,2010,7,Saturday,20,25,0,3,4,0,32.85614444,-116.81782222,12,2,0,1,0,0,1,1
62212,CALIFORNIA,CA,1,1,3,65,2650,CYPRESS,25,11,November,2010,5,Thursday,18,54,0,16,6,0,33.81532778,-116.52821111,8,3,0,1,0,0,1,0
62213,CALIFORNIA,CA,1,0,1,71,0,BRIDGEPORT,8,12,December,2010,4,Wednesday,3,50,0,2,4,0,34.44995278,-115.74783333,34,2,0,1,0,0,1,1
62214,CALIFORNIA,CA,2,0,3,107,3920,CARROLLTON,10,12,December,2010,6,Friday,3,32,1,12,3,181,36.04465000,-119.31076944,12,2,0,1,0,0,1,1
62215,CALIFORNIA,CA,1,1,1,67,3150,ABBEVILLE,21,12,December,2010,3,Tuesday,6,29,0,13,6,0,38.52490278,-121.43994167,8,3,0,10,0,0,1,0
62216,CALIFORNIA,CA,2,1,1,29,0,BORDEN SPRINGS,21,12,December,2010,3,Tuesday,18,55,0,3,4,0,35.23738333,-119.00004444,12,2,0,10,0,0,1,1
62217,CALIFORNIA,CA,1,1,1,59,1780,FRANKLIN,22,12,December,2010,4,Wednesday,6,38,0,13,3,87,33.53477778,-117.77760000,8,4,0,2,0,0,1,0
62218,CALIFORNIA,CA,1,1,2,65,2327,CYPRESS,23,12,December,2010,5,Thursday,17,21,0,15,6,0,33.55523611,-117.15743056,8,3,0,10,0,0,1,0
62219,CALIFORNIA,CA,2,0,7,65,2276,CYPRESS,23,12,December,2010,5,Thursday,19,41,0,14,6,0,33.85986667,-117.22618056,12,3,0,1,0,0,1,1
62220,CALIFORNIA,CA,2,0,5,35,0,BROOKLYN,24,12,December,2010,6,Friday,15,10,1,2,3,109,40.35164722,-120.87801944,12,1,0,1,0,0,1,0
62221,CALIFORNIA,CA,1,1,1,67,0,ABBEVILLE,24,12,December,2010,6,Friday,17,21,0,2,4,0,38.60085833,-121.41540556,8,3,0,10,0,0,1,0
62222,CALIFORNIA,CA,1,1,1,85,3340,BENTON,24,12,December,2010,6,Friday,17,35,0,14,6,0,37.31015833,-121.90231111,8,3,0,1,0,0,1,0
62223,CALIFORNIA,CA,1,1,1,67,0,ABBEVILLE,27,12,December,2010,2,Monday,18,5,0,2,4,0,38.68058611,-121.32991667,8,2,0,10,0,0,1,0
62224,CALIFORNIA,CA,1,1,1,73,710,ARGO,25,12,December,2010,7,Saturday,20,33,0,15,6,0,32.60866944,-117.06726667,8,3,0,10,0,0,1,1
62225,CALIFORNIA,CA,1,0,4,25,1090,BARLOW BEND,8,12,December,2010,4,Wednesday,11,24,1,11,1,340,32.77393333,-115.59508611,5,1,0,98,0,0,1,0
62226,CALIFORNIA,CA,1,0,1,71,790,BRIDGEPORT,15,12,December,2010,4,Wednesday,23,59,1,11,1,248,34.06351111,-117.28687222,42,2,0,2,0,0,1,1
62227,CALIFORNIA,CA,1,1,1,47,190,BROWNS,16,12,December,2010,5,Thursday,13,32,0,13,6,0,37.36042222,-120.60388056,8,1,0,10,0,0,1,0
62228,CALIFORNIA,CA,1,1,2,67,3150,ABBEVILLE,17,12,December,2010,6,Friday,17,23,0,14,6,0,38.45867500,-121.41731944,8,3,0,2,0,0,1,0
62229,CALIFORNIA,CA,1,1,1,7,660,BIBB,17,12,December,2010,6,Friday,18,7,1,12,3,317,39.72743889,-121.81103056,8,2,0,2,0,0,1,0
62230,CALIFORNIA,CA,1,1,1,1,3993,AUTAUGA,24,12,December,2010,6,Friday,14,36,0,13,6,0,37.59155000,-122.03744722,8,1,0,10,0,0,1,0
62231,CALIFORNIA,CA,1,1,1,37,1552,BRADFORD,28,12,December,2010,3,Tuesday,17,30,0,13,6,0,33.82589444,-118.07193056,8,3,0,1,0,0,1,0
62232,CALIFORNIA,CA,1,1,1,37,1980,BRADFORD,29,12,December,2010,4,Wednesday,1,45,0,13,6,0,33.96349167,-118.44313056,8,2,0,10,0,0,1,0
62233,CALIFORNIA,CA,1,1,1,85,2660,BENTON,30,12,December,2010,5,Thursday,10,26,0,14,6,0,37.44936111,-122.15805556,8,1,0,1,0,0,1,0
62234,CALIFORNIA,CA,1,1,1,37,0,BRADFORD,30,12,December,2010,5,Thursday,17,0,0,6,4,0,33.97261944,-118.23147222,8,5,0,1,0,0,1,0
62235,CALIFORNIA,CA,1,0,1,67,1108,ABBEVILLE,6,10,October,2010,4,Wednesday,2,26,0,13,6,128,38.40918889,-121.38781111,33,3,0,1,0,0,1,1
62236,CALIFORNIA,CA,2,0,2,65,2650,CYPRESS,2,12,December,2010,5,Thursday,7,6,0,14,6,0,33.89182778,-116.54544167,12,1,0,1,0,0,1,0
62237,CALIFORNIA,CA,1,1,1,97,730,AXIS,27,12,December,2010,2,Monday,9,40,0,15,6,0,38.80641944,-123.01626667,8,1,0,1,0,0,1,0
62238,CALIFORNIA,CA,1,1,1,37,1980,BRADFORD,27,12,December,2010,2,Monday,17,0,0,13,6,0,34.02330833,-118.24244722,9,5,0,1,0,0,1,0
62239,CALIFORNIA,CA,1,1,1,107,1010,CARROLLTON,27,12,December,2010,2,Monday,18,28,0,5,6,0,36.53159722,-119.41646111,9,2,0,10,0,0,1,0
62240,CALIFORNIA,CA,1,2,1,29,0,BORDEN SPRINGS,27,12,December,2010,2,Monday,18,49,0,2,4,0,35.26680000,-119.00296111,8,3,0,1,0,0,2,0
62241,CALIFORNIA,CA,1,0,1,71,2922,BRIDGEPORT,27,12,December,2010,2,Monday,19,1,0,16,6,0,34.10118056,-117.54058889,33,3,0,1,0,0,1,0
62242,CALIFORNIA,CA,1,1,2,93,4110,BEAR CREEK,30,12,December,2010,5,Thursday,18,19,1,2,2,2,41.42011667,-122.38340833,8,3,0,1,0,0,1,0
62243,CALIFORNIA,CA,1,0,1,37,639,BRADFORD,1,12,December,2010,4,Wednesday,0,10,1,11,1,171,33.87553889,-118.10090000,1,3,0,1,0,0,1,1
62244,CALIFORNIA,CA,1,0,5,7,2680,BIBB,1,12,December,2010,4,Wednesday,23,29,0,15,6,0,39.76395000,-121.62665556,1,2,0,1,0,0,2,0
62245,CALIFORNIA,CA,2,0,2,67,0,ABBEVILLE,2,12,December,2010,5,Thursday,5,17,1,1,1,96,38.39028889,-121.47963889,12,2,0,10,0,0,1,0
62246,CALIFORNIA,CA,2,0,2,89,0,BROWNSBORO,2,12,December,2010,5,Thursday,6,0,0,2,3,348,40.66129167,-122.19145278,12,3,2,2,0,0,1,0
62247,CALIFORNIA,CA,1,0,2,71,0,BRIDGEPORT,2,12,December,2010,5,Thursday,18,32,0,6,4,0,34.26498056,-117.46493889,35,3,0,1,0,0,1,1
62248,CALIFORNIA,CA,1,0,1,85,2182,BENTON,2,12,December,2010,5,Thursday,21,41,0,16,6,0,37.45288056,-121.92373889,33,3,0,10,0,0,1,0
62249,CALIFORNIA,CA,2,0,2,31,0,COFFEE,3,12,December,2010,6,Friday,5,4,0,14,4,0,36.38650000,-119.70896111,12,2,0,10,0,0,1,0
62250,CALIFORNIA,CA,3,0,5,101,0,BOYLSTON,3,12,December,2010,6,Friday,9,50,0,12,3,274,39.09471389,-121.63463889,12,1,0,10,0,0,1,0
62251,CALIFORNIA,CA,3,0,8,37,1980,BRADFORD,4,12,December,2010,7,Saturday,3,10,0,13,6,0,34.07060556,-118.26148333,12,3,0,1,0,0,1,1
62252,CALIFORNIA,CA,1,0,3,53,0,ATMORE,4,12,December,2010,7,Saturday,14,35,0,4,4,0,36.89578611,-121.67530000,1,1,0,2,0,0,1,0
62253,CALIFORNIA,CA,1,0,1,37,1980,BRADFORD,5,12,December,2010,1,Sunday,2,40,1,11,1,58,34.28881944,-118.40862500,1,3,0,1,0,0,1,1
62254,CALIFORNIA,CA,1,0,1,67,3150,ABBEVILLE,5,12,December,2010,1,Sunday,3,25,0,15,6,0,38.50159722,-121.48280278,33,3,0,2,0,0,1,1
62255,CALIFORNIA,CA,1,0,1,73,0,ARGO,5,12,December,2010,1,Sunday,5,52,1,1,1,750,32.63435000,-116.14936944,35,2,0,1,0,0,1,0
62256,CALIFORNIA,CA,2,0,3,95,4020,ALBERTVILLE,5,12,December,2010,1,Sunday,11,7,0,13,3,44,38.13216111,-122.25600833,12,1,0,10,0,0,1,0
62257,CALIFORNIA,CA,2,0,1,107,0,CARROLLTON,5,12,December,2010,1,Sunday,12,17,0,6,4,0,36.04040000,-119.02065000,38,1,0,10,0,0,1,0
62258,CALIFORNIA,CA,1,0,1,59,0,FRANKLIN,6,12,December,2010,2,Monday,11,17,1,12,3,274,33.71846944,-117.72020000,21,1,0,1,0,0,1,0
62259,CALIFORNIA,CA,1,0,1,37,0,BRADFORD,6,12,December,2010,2,Monday,17,30,0,3,4,0,34.71865278,-118.12083611,35,2,0,1,0,0,1,0
62260,CALIFORNIA,CA,1,0,2,59,1380,FRANKLIN,22,12,December,2010,4,Wednesday,1,48,0,14,6,0,33.87640278,-117.96110556,33,3,0,2,0,0,1,1
62261,CALIFORNIA,CA,2,0,3,37,0,BRADFORD,23,12,December,2010,5,Thursday,1,55,0,4,4,0,33.96733333,-118.23321111,12,3,0,10,0,0,1,1
62262,CALIFORNIA,CA,1,0,1,65,3070,CYPRESS,23,12,December,2010,5,Thursday,7,1,0,14,6,0,33.94506111,-117.36019444,33,4,0,10,0,0,1,0
62263,CALIFORNIA,CA,5,0,8,71,1305,BRIDGEPORT,14,11,November,2010,1,Sunday,23,42,0,14,6,0,34.12161111,-117.45356667,12,3,0,1,0,0,1,1
62264,CALIFORNIA,CA,1,0,2,71,3210,BRIDGEPORT,20,11,November,2010,7,Saturday,6,30,1,11,1,145,34.19976944,-117.41650000,30,1,5,2,0,0,1,0
62265,CALIFORNIA,CA,1,0,1,65,2327,CYPRESS,20,11,November,2010,7,Saturday,15,4,0,2,3,51,33.55681111,-117.14017778,33,1,10,2,0,0,1,0
62266,CALIFORNIA,CA,1,0,1,37,1980,BRADFORD,22,11,November,2010,2,Monday,99,99,1,11,1,58,34.28820000,-118.40862500,33,2,0,1,0,0,1,1
62267,CALIFORNIA,CA,1,0,3,73,860,ARGO,23,11,November,2010,3,Tuesday,21,47,0,15,6,0,32.68240556,-117.16824444,33,3,0,10,0,0,1,0
62268,CALIFORNIA,CA,2,0,2,83,0,ARDMORE,24,11,November,2010,4,Wednesday,7,9,1,2,3,119,34.56803889,-120.36853056,12,1,0,1,0,0,1,0
62269,CALIFORNIA,CA,2,0,3,37,1980,BRADFORD,24,11,November,2010,4,Wednesday,10,5,0,13,6,0,34.25003889,-118.46733333,12,1,0,1,0,0,1,0
62270,CALIFORNIA,CA,2,0,4,47,2150,BROWNS,24,11,November,2010,4,Wednesday,10,14,0,15,6,0,37.33215278,-120.45866667,12,1,0,1,0,0,1,0
62271,CALIFORNIA,CA,1,0,1,37,0,BRADFORD,25,11,November,2010,5,Thursday,2,25,0,2,4,0,34.06128889,-118.17813056,33,2,0,1,0,0,1,1
62272,CALIFORNIA,CA,2,0,3,19,0,CEDAR BLUFF,25,11,November,2010,5,Thursday,11,50,1,12,3,541,36.73830000,-119.85298611,12,1,0,1,0,0,1,1
62273,CALIFORNIA,CA,1,0,1,1,0,AUTAUGA,30,12,December,2010,5,Thursday,0,54,0,2,4,0,37.76411944,-121.73576111,39,2,0,1,0,0,1,1
62274,CALIFORNIA,CA,1,1,2,113,4163,COTTONTON,30,12,December,2010,5,Thursday,15,30,0,15,6,0,38.58142778,-121.52215833,8,1,0,1,0,0,1,0
62275,CALIFORNIA,CA,2,2,1,7,0,BIBB,31,12,December,2010,6,Friday,6,3,0,2,4,0,39.50334444,-121.52685556,12,2,0,1,0,0,1,0
62276,CALIFORNIA,CA,1,1,2,37,0,BRADFORD,31,12,December,2010,6,Friday,18,15,0,2,4,0,33.89610278,-118.18976944,8,3,0,1,0,0,1,0
62277,CALIFORNIA,CA,1,1,1,29,1000,BORDEN SPRINGS,31,12,December,2010,6,Friday,19,10,0,14,6,0,35.77571111,-119.25611944,8,3,0,1,0,0,1,0
62278,CALIFORNIA,CA,2,0,2,29,0,BORDEN SPRINGS,24,11,November,2010,4,Wednesday,2,5,0,2,3,58,35.34981944,-119.25213889,12,2,0,1,0,0,1,0
62279,CALIFORNIA,CA,1,0,1,57,0,BANKSTON,25,11,November,2010,5,Thursday,21,50,0,2,3,33,39.17518889,-120.97461944,42,2,0,1,0,0,1,1
62280,CALIFORNIA,CA,2,0,7,71,260,BRIDGEPORT,26,11,November,2010,6,Friday,13,30,0,16,6,0,34.81108056,-117.09404444,12,1,0,1,0,0,2,0
62281,CALIFORNIA,CA,2,0,3,37,3445,BRADFORD,26,11,November,2010,6,Friday,18,12,0,14,6,0,34.44181944,-118.54512500,12,3,0,1,0,0,1,0
62282,CALIFORNIA,CA,2,0,2,9,0,BLOUNT,26,11,November,2010,6,Friday,20,36,0,2,3,308,38.18433056,-120.43133056,12,2,0,1,0,0,1,0
62283,CALIFORNIA,CA,1,0,1,37,480,BRADFORD,27,11,November,2010,7,Saturday,4,50,1,11,1,317,34.20437500,-118.34153889,25,2,0,1,0,0,1,1
62284,CALIFORNIA,CA,1,0,1,59,1842,FRANKLIN,27,11,November,2010,7,Saturday,12,6,0,13,6,0,33.86427778,-118.02882778,23,1,0,10,0,0,1,0
62285,CALIFORNIA,CA,1,0,2,37,2240,BRADFORD,27,11,November,2010,7,Saturday,20,42,0,13,6,0,34.02463333,-118.14083889,42,3,0,2,0,0,1,0
62286,CALIFORNIA,CA,1,0,2,37,1980,BRADFORD,28,11,November,2010,1,Sunday,3,45,0,14,6,0,34.02316389,-118.44875556,33,3,0,1,0,0,1,1
62287,CALIFORNIA,CA,1,0,1,65,1690,CYPRESS,28,11,November,2010,1,Sunday,8,28,0,14,6,0,33.74478056,-116.26548889,33,1,0,1,0,0,1,0
62288,CALIFORNIA,CA,2,0,2,59,0,FRANKLIN,28,11,November,2010,1,Sunday,9,12,0,2,3,110,33.59236944,-117.49318056,12,1,0,1,0,0,1,0
62289,CALIFORNIA,CA,5,0,5,37,1980,BRADFORD,29,11,November,2010,2,Monday,4,45,1,11,1,116,34.03528056,-118.32988056,12,3,0,1,0,0,1,0
62290,CALIFORNIA,CA,1,0,2,85,3340,BENTON,29,11,November,2010,2,Monday,12,7,0,16,6,0,37.32296944,-121.81666111,30,1,0,1,0,0,1,0
62291,CALIFORNIA,CA,2,0,2,73,3260,ARGO,29,11,November,2010,2,Monday,17,30,1,12,3,51,32.75611944,-117.10890000,12,2,0,1,0,0,1,0
62292,CALIFORNIA,CA,2,0,2,37,480,BRADFORD,30,11,November,2010,3,Tuesday,6,20,0,13,6,0,34.17875000,-118.33803889,12,4,0,1,0,0,1,0
62293,CALIFORNIA,CA,2,0,3,37,1970,BRADFORD,30,11,November,2010,3,Tuesday,15,4,0,13,6,0,33.75844444,-118.23857500,12,1,0,1,0,0,1,1
62294,CALIFORNIA,CA,3,0,3,65,0,CYPRESS,1,12,December,2010,4,Wednesday,19,40,1,1,1,238,33.93175278,-116.98725000,12,2,0,1,0,0,1,0
62295,CALIFORNIA,CA,1,0,1,65,0,CYPRESS,4,12,December,2010,7,Saturday,0,22,0,3,4,0,33.87455278,-117.36609444,33,2,0,1,0,0,1,1
62296,CALIFORNIA,CA,2,0,2,71,396,BRIDGEPORT,6,12,December,2010,2,Monday,18,23,1,11,1,180,34.06768889,-117.40613889,1,2,0,1,0,0,1,0
62297,CALIFORNIA,CA,2,0,4,71,0,BRIDGEPORT,12,12,December,2010,1,Sunday,11,15,0,2,2,167,34.26487778,-114.64800000,12,1,0,1,0,0,1,0
62298,CALIFORNIA,CA,3,0,3,37,1980,BRADFORD,10,12,December,2010,6,Friday,18,25,0,13,6,0,34.22177500,-118.38779722,12,3,0,1,0,0,1,0
62299,CALIFORNIA,CA,2,0,1,1,340,AUTAUGA,10,12,December,2010,6,Friday,5,14,1,11,1,60,37.86977500,-122.30435000,31,2,0,2,0,0,1,0
62300,CALIFORNIA,CA,3,0,4,71,0,BRIDGEPORT,8,12,December,2010,4,Wednesday,14,30,1,2,3,36,34.42090000,-117.60843056,12,1,0,1,0,0,1,1
62301,CALIFORNIA,CA,1,0,2,111,3641,GRAHAM,7,12,December,2010,3,Tuesday,1,15,0,14,6,0,34.28473333,-118.76137500,39,2,0,1,0,0,1,1
62302,CALIFORNIA,CA,3,0,4,85,3340,BENTON,10,12,December,2010,6,Friday,19,49,0,16,6,0,37.33941389,-121.88381111,12,3,0,10,0,0,1,0
62303,CALIFORNIA,CA,2,0,3,87,0,ARMSTRONG,22,10,October,2010,6,Friday,13,15,0,2,3,206,36.99266667,-122.16734167,12,1,0,10,0,0,2,0
62304,CALIFORNIA,CA,2,0,2,103,0,DANVILLE,1,11,November,2010,2,Monday,6,45,1,2,3,23,39.90758889,-122.00522222,12,2,0,1,0,0,1,0