ST_CASE,State Name,State Abbreviation,VE_TOTAL,Pedestrains,Total_Persons_in_accident,COUNTY,CITY,City_County_Name,Calendar_DAY,MONTH,Month_Name,YEAR,DAY_WEEK,Day_Week_desc,HOUR,MINUTE,NHS_Desc,trafficway,ROUTE,MILEPT,LATITUDE,LONGITUD,First_Crash_event,Light_cond_desc,Weather_condition,WEATHER,SCH_BUS,Crash_cause,FATALS,DRUNK_DR
62305,CALIFORNIA,CA,2,0,2,73,0,ARGO,1,11,November,2010,2,Monday,15,20,1,1,1,250,32.85603889,-116.83170000,12,1,0,1,0,0,1,0
62306,CALIFORNIA,CA,2,0,2,1,2370,AUTAUGA,1,11,November,2010,2,Monday,15,45,0,14,6,0,37.52204722,-122.04993056,12,1,0,1,0,0,1,0
62307,CALIFORNIA,CA,1,0,4,71,0,BRIDGEPORT,3,11,November,2010,4,Wednesday,8,48,1,1,1,1315,35.20433611,-116.11866389,1,1,0,1,0,0,1,0
62308,CALIFORNIA,CA,1,0,2,17,0,CHAMBERS,4,11,November,2010,5,Thursday,15,55,1,2,2,538,38.78490000,-120.21435278,17,1,0,1,0,0,1,0
62309,CALIFORNIA,CA,5,0,5,77,2070,ANDERSON,5,11,November,2010,6,Friday,6,40,1,12,3,51,37.77760833,-121.18296389,12,2,1,10,0,0,1,0
62310,CALIFORNIA,CA,1,0,1,27,0,ASHLAND,6,11,November,2010,7,Saturday,10,45,1,2,2,1247,37.40393056,-118.53902500,1,1,0,10,0,0,1,0
62311,CALIFORNIA,CA,1,0,1,97,0,AXIS,7,11,November,2010,1,Sunday,0,40,0,2,3,35,38.45045556,-123.05664722,42,2,0,2,0,0,1,1
62312,CALIFORNIA,CA,1,0,2,71,0,BRIDGEPORT,8,11,November,2010,2,Monday,16,4,1,1,1,863,34.91083611,-116.80971667,1,1,0,1,0,0,1,0
62313,CALIFORNIA,CA,2,0,2,71,0,BRIDGEPORT,12,11,November,2010,6,Friday,14,10,1,2,3,235,34.92195278,-117.24365000,12,1,0,1,0,0,1,0
62314,CALIFORNIA,CA,3,0,3,73,0,ARGO,14,11,November,2010,1,Sunday,15,10,0,5,4,0,33.09907500,-116.61242778,12,1,0,1,0,0,1,0
62315,CALIFORNIA,CA,2,0,5,75,3290,BEAVERTON,16,11,November,2010,3,Tuesday,17,31,0,13,6,0,37.76545000,-122.41311667,12,3,0,1,0,0,1,0
62316,CALIFORNIA,CA,2,0,4,73,2510,ARGO,16,11,November,2010,3,Tuesday,19,27,0,14,6,0,33.26008333,-117.26410000,12,3,0,10,0,0,1,1
62317,CALIFORNIA,CA,14,0,24,71,4000,BRIDGEPORT,18,11,November,2010,5,Thursday,17,59,1,12,3,16,34.13432778,-117.66874444,12,5,0,1,0,0,2,0
62318,CALIFORNIA,CA,2,0,2,93,0,BEAR CREEK,19,11,November,2010,6,Friday,8,5,1,2,2,293,41.68871389,-122.04282778,12,1,0,10,0,0,1,1
62319,CALIFORNIA,CA,1,0,1,65,0,CYPRESS,19,11,November,2010,6,Friday,13,46,1,1,1,926,33.67166944,-115.60941111,1,1,0,1,0,0,1,0
62320,CALIFORNIA,CA,2,0,6,85,3340,BENTON,21,11,November,2010,1,Sunday,0,5,1,12,2,277,37.24956389,-121.78310278,12,2,0,10,0,0,1,1
62321,CALIFORNIA,CA,1,0,1,71,0,BRIDGEPORT,23,11,November,2010,3,Tuesday,5,57,1,1,1,101,34.84621111,-116.84091944,1,1,0,1,0,0,1,0
62322,CALIFORNIA,CA,2,0,14,37,0,BRADFORD,23,11,November,2010,3,Tuesday,14,14,1,2,3,53,34.76493889,-118.71698056,12,1,0,10,0,0,2,0
62323,CALIFORNIA,CA,2,0,2,1,20,AUTAUGA,24,11,November,2010,4,Wednesday,8,59,1,11,1,68,37.89036667,-122.30783056,12,1,0,1,0,0,1,0
62324,CALIFORNIA,CA,2,0,2,71,0,BRIDGEPORT,24,11,November,2010,4,Wednesday,18,0,0,2,4,0,34.41796111,-115.71043889,12,2,0,1,0,0,1,0
62325,CALIFORNIA,CA,3,0,6,19,0,CEDAR BLUFF,24,11,November,2010,4,Wednesday,17,25,0,6,4,0,36.61973056,-119.70025000,12,2,0,1,0,0,1,0
62326,CALIFORNIA,CA,2,0,4,25,0,BARLOW BEND,24,11,November,2010,4,Wednesday,17,2,1,1,1,790,32.72894444,-114.90871944,12,5,0,1,0,0,1,0
62327,CALIFORNIA,CA,1,0,2,83,600,ARDMORE,5,12,December,2010,1,Sunday,19,11,0,14,6,0,34.39008889,-119.50515833,30,3,10,2,0,0,1,0
62328,CALIFORNIA,CA,1,1,1,29,240,BORDEN SPRINGS,26,12,December,2010,1,Sunday,17,41,0,14,6,0,35.29715556,-119.03890833,8,3,0,10,0,0,1,0
62329,CALIFORNIA,CA,2,0,3,71,680,BRIDGEPORT,21,12,December,2010,3,Tuesday,8,44,0,15,6,0,34.00169167,-117.70221944,14,1,0,2,0,0,1,0
62330,CALIFORNIA,CA,1,1,1,1,2480,AUTAUGA,19,11,November,2010,6,Friday,6,1,0,13,6,0,37.80816111,-122.28085833,8,3,0,2,0,0,1,0
62331,CALIFORNIA,CA,2,1,1,37,1980,BRADFORD,20,11,November,2010,7,Saturday,2,25,0,13,6,0,34.05261389,-118.30394722,8,3,0,2,0,0,1,0
62332,CALIFORNIA,CA,2,1,3,67,3150,ABBEVILLE,20,11,November,2010,7,Saturday,19,36,1,11,1,220,38.56051944,-121.51465278,8,2,2,2,0,0,1,0
62333,CALIFORNIA,CA,1,1,2,37,1980,BRADFORD,27,11,November,2010,7,Saturday,17,25,0,13,6,0,33.86734444,-118.29059444,8,3,0,1,0,0,1,0
62334,CALIFORNIA,CA,1,0,1,61,1890,BELLWOOD,25,11,November,2010,5,Thursday,99,99,0,15,6,0,38.86849167,-121.33096944,1,2,0,1,0,0,1,1
62335,CALIFORNIA,CA,1,1,2,13,0,BOLLING,28,11,November,2010,1,Sunday,17,45,0,6,4,0,38.00656111,-121.63910000,8,2,0,1,0,0,1,0
62336,CALIFORNIA,CA,1,1,1,73,1200,ARGO,16,12,December,2010,5,Thursday,17,54,0,13,6,0,33.12620000,-117.06501944,8,3,0,1,0,0,1,0
62337,CALIFORNIA,CA,1,0,10,77,0,ANDERSON,5,11,November,2010,6,Friday,7,56,1,1,1,40,37.63006111,-121.38803056,59,1,0,10,0,0,1,0
62338,CALIFORNIA,CA,1,1,1,45,4210,ARITON,5,12,December,2010,1,Sunday,20,40,1,13,2,459,39.39458056,-123.34888889,8,3,0,2,0,0,1,0
62339,CALIFORNIA,CA,1,1,2,37,3470,BRADFORD,23,12,December,2010,5,Thursday,20,30,0,13,6,0,34.02370556,-118.49263889,8,3,0,1,0,0,1,0
62340,CALIFORNIA,CA,1,1,1,59,80,FRANKLIN,30,12,December,2010,5,Thursday,17,21,0,14,6,0,33.82861667,-117.97228056,8,3,0,1,0,0,1,0
62341,CALIFORNIA,CA,1,0,4,53,0,ATMORE,7,11,November,2010,1,Sunday,19,43,0,4,4,0,36.81678889,-121.62990833,42,2,0,10,0,0,2,1
62342,CALIFORNIA,CA,2,0,3,65,2278,CYPRESS,8,11,November,2010,2,Monday,5,22,1,12,3,137,33.94160556,-117.27280833,12,4,0,2,0,0,1,0
62343,CALIFORNIA,CA,1,0,1,37,602,BRADFORD,8,11,November,2010,2,Monday,10,25,0,13,6,0,33.84220833,-118.28595278,26,1,0,10,0,0,1,0
62344,CALIFORNIA,CA,2,0,3,53,0,ATMORE,12,11,November,2010,6,Friday,16,25,0,5,4,0,36.73794722,-121.73803889,12,1,0,1,0,0,1,0
62345,CALIFORNIA,CA,1,0,1,73,0,ARGO,12,11,November,2010,6,Friday,19,20,0,4,4,0,33.05066944,-116.86333889,30,2,0,1,0,0,1,1
62346,CALIFORNIA,CA,1,0,1,97,0,AXIS,12,11,November,2010,6,Friday,21,45,0,4,4,0,38.55449722,-122.64055278,35,2,0,1,0,0,1,1
62347,CALIFORNIA,CA,1,0,1,23,0,BLADON SPRINGS,13,11,November,2010,7,Saturday,11,17,1,2,2,745,40.75445000,-124.19128889,1,1,0,10,0,0,1,0
62348,CALIFORNIA,CA,1,0,7,59,1410,FRANKLIN,13,11,November,2010,7,Saturday,23,50,1,12,3,76,33.76627500,-117.92451111,59,3,0,1,0,0,1,0
62349,CALIFORNIA,CA,1,0,2,25,0,BARLOW BEND,20,11,November,2010,7,Saturday,18,35,0,4,4,0,32.75565278,-115.59495833,34,3,0,10,0,0,1,0
62350,CALIFORNIA,CA,2,0,3,61,0,BELLWOOD,23,11,November,2010,3,Tuesday,16,45,0,4,4,0,38.81445278,-121.17361389,12,1,0,1,0,0,1,1
62351,CALIFORNIA,CA,7,0,11,25,0,BARLOW BEND,13,11,November,2010,7,Saturday,12,50,0,2,3,240,32.67891389,-115.72980278,12,1,0,1,0,0,5,0
62352,CALIFORNIA,CA,1,0,1,37,602,BRADFORD,13,11,November,2010,7,Saturday,17,20,0,13,6,0,33.84224167,-118.27681944,39,1,0,1,0,0,1,0
62353,CALIFORNIA,CA,1,0,2,15,0,ANNISTON,30,11,November,2010,3,Tuesday,99,99,0,6,4,0,41.91276389,-124.02709444,1,2,0,2,0,0,1,0
62354,CALIFORNIA,CA,2,0,2,25,1090,BARLOW BEND,14,12,December,2010,3,Tuesday,14,36,0,14,6,0,32.78147778,-115.57703333,12,1,0,1,0,0,1,1
62355,CALIFORNIA,CA,3,0,5,71,3000,BRIDGEPORT,29,12,December,2010,4,Wednesday,8,2,0,15,6,0,34.14313889,-117.39232222,12,1,0,2,0,0,1,0
62356,CALIFORNIA,CA,1,0,2,25,0,BARLOW BEND,29,12,December,2010,4,Wednesday,19,35,0,6,4,0,32.77843333,-115.94045556,1,2,0,1,0,0,1,1
62357,CALIFORNIA,CA,2,0,3,61,3110,BELLWOOD,19,12,December,2010,1,Sunday,9,49,0,16,6,0,38.72280000,-121.30893611,12,1,2,2,0,0,2,0
62358,CALIFORNIA,CA,2,0,2,65,3070,CYPRESS,20,12,December,2010,2,Monday,16,23,0,14,6,0,33.98896389,-117.38702222,12,2,0,2,0,0,1,0
62359,CALIFORNIA,CA,1,0,1,111,4027,GRAHAM,27,12,December,2010,2,Monday,15,34,1,12,2,262,34.26378333,-119.23376667,1,1,0,1,0,0,1,0
62360,CALIFORNIA,CA,2,0,2,37,3270,BRADFORD,17,12,December,2010,6,Friday,20,50,1,12,3,450,34.12016944,-117.81611111,12,3,0,2,0,0,1,0
62361,CALIFORNIA,CA,3,0,3,65,2650,CYPRESS,28,12,December,2010,3,Tuesday,8,25,0,14,6,0,33.85213611,-116.52813889,12,1,0,1,0,0,1,0
62362,CALIFORNIA,CA,4,0,10,65,0,CYPRESS,28,12,December,2010,3,Tuesday,10,25,1,11,1,519,34.02515000,-117.55010000,12,1,0,1,0,0,1,0
62363,CALIFORNIA,CA,2,0,2,11,0,BULLOCK,28,12,December,2010,3,Tuesday,23,33,1,2,3,197,39.15261944,-122.18986944,14,2,0,10,0,0,1,0
62364,CALIFORNIA,CA,2,0,3,37,0,BRADFORD,31,12,December,2010,6,Friday,4,9,1,1,1,780,34.70803056,-118.79618056,12,2,0,10,0,0,1,0
62365,CALIFORNIA,CA,1,0,4,55,0,ATTALLA,31,12,December,2010,6,Friday,21,0,0,4,4,0,38.43830000,-122.35046111,31,2,0,10,0,0,1,0
62366,CALIFORNIA,CA,2,0,3,37,1980,BRADFORD,31,12,December,2010,6,Friday,23,30,0,13,6,0,33.97453889,-118.33089167,12,3,0,1,0,0,2,1
62367,CALIFORNIA,CA,3,0,6,85,3340,BENTON,13,7,July,2010,3,Tuesday,15,59,0,14,6,0,37.33885000,-121.87968333,12,1,0,1,0,0,1,1
62368,CALIFORNIA,CA,2,0,2,59,3760,FRANKLIN,30,10,October,2010,7,Saturday,17,57,0,13,6,0,33.81128611,-117.99332500,12,5,0,1,0,0,1,0
62369,CALIFORNIA,CA,1,0,2,67,0,ABBEVILLE,14,11,November,2010,1,Sunday,22,10,0,6,4,0,38.33508889,-121.53271111,38,2,0,1,0,0,1,1
62370,CALIFORNIA,CA,2,0,2,97,0,AXIS,15,11,November,2010,2,Monday,8,48,1,12,2,234,38.48210000,-122.73653889,12,1,0,10,0,0,1,0
62371,CALIFORNIA,CA,3,0,3,53,0,ATMORE,15,11,November,2010,2,Monday,15,4,0,12,3,107,36.57071667,-121.76645278,12,1,0,1,0,0,1,0
62372,CALIFORNIA,CA,2,0,2,19,0,CEDAR BLUFF,16,11,November,2010,3,Tuesday,11,20,0,2,4,0,36.66341111,-119.75474722,12,1,0,1,0,0,1,0
62373,CALIFORNIA,CA,2,0,3,19,740,CEDAR BLUFF,16,11,November,2010,3,Tuesday,12,14,0,16,6,0,36.81396944,-119.69097778,12,1,0,1,0,0,1,0
62374,CALIFORNIA,CA,2,0,2,13,0,BOLLING,16,11,November,2010,3,Tuesday,13,9,0,3,4,0,37.94378889,-122.31498889,12,1,0,1,0,0,1,0
62375,CALIFORNIA,CA,1,0,9,1,0,AUTAUGA,16,11,November,2010,3,Tuesday,20,40,0,6,4,0,37.67028056,-122.15261944,18,3,0,1,0,0,2,0
62376,CALIFORNIA,CA,1,1,1,67,712,ABBEVILLE,24,11,November,2010,4,Wednesday,19,16,0,13,6,0,38.68418333,-121.31258333,8,3,0,1,0,0,1,0
62377,CALIFORNIA,CA,1,1,1,87,550,ARMSTRONG,29,11,November,2010,2,Monday,18,39,0,16,6,0,36.98231111,-121.94139167,8,3,0,1,0,0,1,0
62378,CALIFORNIA,CA,1,1,1,65,1846,CYPRESS,14,12,December,2010,3,Tuesday,15,5,0,15,6,0,33.65645833,-116.26153056,33,1,0,1,0,0,1,0
62379,CALIFORNIA,CA,2,0,6,65,2276,CYPRESS,21,9,September,2010,3,Tuesday,23,24,0,5,6,0,33.95205000,-117.26040556,12,3,0,1,0,0,1,0
62380,CALIFORNIA,CA,2,0,3,37,300,BRADFORD,6,11,November,2010,7,Saturday,5,16,1,13,3,196,33.96802778,-118.16924444,12,3,0,1,0,0,1,1
62381,CALIFORNIA,CA,1,0,1,111,2620,GRAHAM,6,11,November,2010,7,Saturday,14,34,0,14,6,0,34.20178333,-119.13097778,33,1,0,1,0,0,1,1
62382,CALIFORNIA,CA,2,0,1,73,710,ARGO,6,11,November,2010,7,Saturday,17,19,0,16,6,0,32.62965278,-117.00304167,33,3,0,1,0,0,1,1
62383,CALIFORNIA,CA,1,0,2,37,1980,BRADFORD,7,11,November,2010,1,Sunday,1,10,1,11,1,373,34.24398611,-118.42090000,33,3,0,1,0,0,1,1
62384,CALIFORNIA,CA,2,0,2,37,1980,BRADFORD,7,11,November,2010,1,Sunday,1,44,0,15,6,0,33.96975556,-118.30470833,14,3,0,1,0,0,1,1
62385,CALIFORNIA,CA,2,0,3,29,0,BORDEN SPRINGS,10,11,November,2010,4,Wednesday,15,10,0,6,4,0,35.77548611,-119.18754167,12,1,0,1,0,0,2,0
62386,CALIFORNIA,CA,1,0,1,79,0,COURTLAND,10,11,November,2010,4,Wednesday,16,50,1,2,3,593,35.74173889,-120.21196944,43,5,0,1,0,0,1,0
62387,CALIFORNIA,CA,1,0,1,65,0,CYPRESS,17,11,November,2010,4,Wednesday,6,25,1,1,1,283,33.91879167,-116.62811389,1,1,0,1,0,0,1,1
62388,CALIFORNIA,CA,3,2,3,37,245,BRADFORD,29,11,November,2010,2,Monday,9,30,0,14,6,0,34.06935278,-117.97543889,10,1,0,1,0,0,1,0
62389,CALIFORNIA,CA,3,0,1,37,1980,BRADFORD,27,5,May,2010,5,Thursday,23,40,0,6,6,0,34.10518611,-118.27750000,14,2,0,1,0,0,1,0
62390,CALIFORNIA,CA,3,0,1,71,2550,BRIDGEPORT,4,11,November,2010,5,Thursday,2,17,1,12,3,67,34.03057500,-117.61189444,12,2,0,1,0,0,1,0
62391,CALIFORNIA,CA,3,0,4,111,0,GRAHAM,4,11,November,2010,5,Thursday,12,20,0,2,4,0,34.20564444,-119.09304167,12,1,0,1,0,0,1,0
62392,CALIFORNIA,CA,3,0,4,53,0,ATMORE,5,11,November,2010,6,Friday,14,30,1,12,3,41,36.78528889,-121.68690833,12,1,0,1,0,0,2,0
62393,CALIFORNIA,CA,2,0,3,95,4020,ALBERTVILLE,5,11,November,2010,6,Friday,15,30,0,13,6,0,38.09629444,-122.19800556,12,1,0,1,0,0,1,0
62394,CALIFORNIA,CA,2,0,2,111,538,GRAHAM,5,11,November,2010,6,Friday,18,39,0,13,3,125,34.20528889,-119.04066389,12,3,0,1,0,0,1,0
62395,CALIFORNIA,CA,2,0,1,37,2054,BRADFORD,16,11,November,2010,3,Tuesday,18,10,0,16,6,0,34.01334722,-118.80164722,14,2,0,1,0,0,1,1
62396,CALIFORNIA,CA,2,0,2,71,4040,BRIDGEPORT,16,11,November,2010,3,Tuesday,18,42,0,14,6,0,34.48544167,-117.29581667,12,3,0,1,0,0,1,0
62397,CALIFORNIA,CA,1,1,1,85,3440,BENTON,1,11,November,2010,2,Monday,6,16,0,13,6,0,37.40733889,-121.96394444,8,3,0,1,0,0,1,0
62398,CALIFORNIA,CA,1,0,4,73,3260,ARGO,11,11,November,2010,5,Thursday,1,15,1,11,1,130,32.71437222,-117.10187222,24,2,0,10,0,0,2,1
62399,CALIFORNIA,CA,2,0,3,37,4190,BRADFORD,11,11,November,2010,5,Thursday,14,15,0,13,6,0,33.94173889,-117.98644722,12,1,0,1,0,0,1,0
62400,CALIFORNIA,CA,2,0,4,71,0,BRIDGEPORT,11,11,November,2010,5,Thursday,17,45,1,1,1,980,34.97691111,-116.61470000,12,2,0,1,0,0,2,0
62401,CALIFORNIA,CA,1,0,1,19,0,CEDAR BLUFF,12,11,November,2010,6,Friday,2,37,0,2,4,0,36.70753056,-119.65992222,30,3,0,1,0,0,1,1
62402,CALIFORNIA,CA,1,0,4,39,0,ANDALUSIA,13,11,November,2010,7,Saturday,14,50,0,3,4,0,36.95291944,-120.15426389,1,1,0,1,0,0,2,1
62403,CALIFORNIA,CA,3,0,7,37,0,BRADFORD,13,11,November,2010,7,Saturday,15,55,1,1,1,169,34.02919444,-118.03395556,12,1,0,1,0,0,1,0
62404,CALIFORNIA,CA,1,0,1,115,0,ASHVILLE,13,11,November,2010,7,Saturday,16,30,1,2,3,207,39.20343889,-121.29795000,35,1,0,10,0,0,1,1
62405,CALIFORNIA,CA,1,0,4,11,0,BULLOCK,13,11,November,2010,7,Saturday,23,40,1,2,3,300,39.20150000,-122.02473889,1,2,0,1,0,0,1,1
62406,CALIFORNIA,CA,1,0,1,23,130,BLADON SPRINGS,14,11,November,2010,1,Sunday,6,0,1,12,3,4,40.90091111,-124.07690833,1,3,0,10,0,0,1,0
62407,CALIFORNIA,CA,2,0,3,7,0,BIBB,14,11,November,2010,1,Sunday,12,55,0,4,4,0,39.43863889,-121.43116111,12,1,0,1,0,0,2,0
62408,CALIFORNIA,CA,1,0,1,29,240,BORDEN SPRINGS,14,11,November,2010,1,Sunday,17,28,0,13,6,0,35.29586389,-119.06691389,38,2,0,1,0,0,1,0
62409,CALIFORNIA,CA,2,0,2,21,0,CHILTON,14,11,November,2010,1,Sunday,18,0,0,2,3,697,39.52409722,-122.13680278,12,2,0,1,0,0,1,0
62410,CALIFORNIA,CA,1,1,1,75,3290,BEAVERTON,1,9,September,2010,4,Wednesday,7,57,0,14,6,0,37.76858333,-122.45059722,8,1,0,1,0,0,1,0
62411,CALIFORNIA,CA,1,1,1,75,3290,BEAVERTON,17,11,November,2010,4,Wednesday,12,27,0,13,6,0,37.78654167,-122.41480833,8,1,0,1,0,0,1,0
62412,CALIFORNIA,CA,1,0,1,71,4290,BRIDGEPORT,25,11,November,2010,5,Thursday,18,9,0,14,6,0,34.07553611,-117.04308333,32,3,0,1,0,0,1,1
62413,CALIFORNIA,CA,2,0,3,99,3950,BEATRICE,9,11,November,2010,3,Tuesday,1,5,1,12,3,61,37.52675000,-120.88833889,12,3,0,1,0,0,1,0
62414,CALIFORNIA,CA,1,0,1,57,0,BANKSTON,9,11,November,2010,3,Tuesday,6,55,1,1,1,19,39.32293889,-120.40303056,35,1,0,1,0,0,1,0
62415,CALIFORNIA,CA,3,0,3,67,3150,ABBEVILLE,9,11,November,2010,3,Tuesday,9,55,1,12,3,210,38.51360278,-121.46153333,12,1,0,1,0,0,1,0
62416,CALIFORNIA,CA,2,0,2,37,2700,BRADFORD,9,11,November,2010,3,Tuesday,19,13,0,13,6,0,34.14070556,-118.17772222,12,3,0,1,0,0,1,1
62417,CALIFORNIA,CA,2,0,4,37,1980,BRADFORD,10,11,November,2010,4,Wednesday,10,0,1,12,3,153,34.16296944,-118.38196111,12,1,0,1,0,0,1,0
62418,CALIFORNIA,CA,1,0,4,107,0,CARROLLTON,17,11,November,2010,4,Wednesday,13,39,0,6,4,0,36.53704444,-119.25084444,30,1,0,1,0,0,1,1
62419,CALIFORNIA,CA,2,0,2,107,0,CARROLLTON,17,11,November,2010,4,Wednesday,16,14,1,2,3,267,36.16728889,-119.08296944,12,1,0,10,0,0,1,0
62420,CALIFORNIA,CA,1,0,1,71,4040,BRIDGEPORT,17,11,November,2010,4,Wednesday,21,25,0,13,6,0,34.47080833,-117.30436111,33,3,0,1,0,0,1,0
62421,CALIFORNIA,CA,3,0,4,65,0,CYPRESS,17,11,November,2010,4,Wednesday,18,55,0,4,4,0,33.98838611,-117.23101944,12,2,0,1,0,0,1,1
62422,CALIFORNIA,CA,3,0,4,37,0,BRADFORD,18,11,November,2010,5,Thursday,16,38,1,11,1,246,34.03452500,-118.17011111,12,5,0,1,0,0,1,0
62423,CALIFORNIA,CA,1,0,1,71,2550,BRIDGEPORT,13,12,December,2010,2,Monday,14,9,0,14,6,0,34.06374444,-117.55807778,10,1,0,1,0,0,1,0
62424,CALIFORNIA,CA,2,1,3,59,1660,FRANKLIN,22,12,December,2010,4,Wednesday,17,35,0,13,6,0,33.65248889,-117.95369167,9,3,0,10,0,0,1,0
62425,CALIFORNIA,CA,2,0,2,71,0,BRIDGEPORT,14,12,December,2010,3,Tuesday,21,53,1,1,1,218,34.82116944,-116.63786944,12,2,0,1,0,0,1,1
62426,CALIFORNIA,CA,2,0,2,103,0,DANVILLE,15,12,December,2010,4,Wednesday,11,20,0,3,4,0,40.36013889,-122.30825000,12,1,0,1,0,0,1,0
62427,CALIFORNIA,CA,1,0,3,65,3070,CYPRESS,18,11,November,2010,5,Thursday,22,38,0,15,6,0,34.00582778,-117.34851111,33,3,0,1,0,0,1,1
62428,CALIFORNIA,CA,1,0,5,75,3290,BEAVERTON,19,11,November,2010,6,Friday,0,42,0,16,6,0,37.73084444,-122.47146667,33,3,0,10,0,0,2,0
62429,CALIFORNIA,CA,1,0,1,71,0,BRIDGEPORT,19,11,November,2010,6,Friday,1,47,1,1,1,176,34.22353889,-117.40651111,35,3,0,1,0,0,1,1
62430,CALIFORNIA,CA,2,0,2,107,0,CARROLLTON,19,11,November,2010,6,Friday,10,24,0,5,4,0,36.54641944,-119.45755000,12,1,0,10,0,0,1,0
62431,CALIFORNIA,CA,1,0,1,13,0,BOLLING,19,11,November,2010,6,Friday,15,50,0,3,4,0,37.86172500,-122.21303056,30,1,0,2,0,0,1,1
62432,CALIFORNIA,CA,3,0,4,73,1820,ARGO,19,11,November,2010,6,Friday,17,50,0,13,6,0,32.78067222,-117.03310556,12,3,0,1,0,0,1,0
62433,CALIFORNIA,CA,1,0,1,45,0,ARITON,19,11,November,2010,6,Friday,20,25,1,2,2,537,39.49448611,-123.36565000,42,2,0,1,0,0,1,1
62434,CALIFORNIA,CA,1,0,4,65,3070,CYPRESS,20,11,November,2010,7,Saturday,1,50,0,14,6,0,33.96405000,-117.38214167,39,3,0,2,0,0,1,1
62435,CALIFORNIA,CA,1,0,1,73,0,ARGO,20,11,November,2010,7,Saturday,4,30,1,1,1,459,33.31704444,-117.15897500,43,3,0,2,0,0,1,0
62436,CALIFORNIA,CA,1,0,3,85,537,BENTON,20,11,November,2010,7,Saturday,18,10,0,13,6,0,37.27402222,-121.95339722,33,3,10,2,0,0,1,0
62437,CALIFORNIA,CA,1,0,4,59,3420,FRANKLIN,20,11,November,2010,7,Saturday,19,42,0,13,6,0,33.70120833,-117.90784722,59,3,0,10,0,0,1,0
62438,CALIFORNIA,CA,1,0,1,51,2055,CENTRAL,20,11,November,2010,7,Saturday,99,99,0,16,6,0,37.62292222,-118.98550556,1,2,0,4,0,0,1,1
62439,CALIFORNIA,CA,1,0,1,29,0,BORDEN SPRINGS,20,11,November,2010,7,Saturday,99,99,0,16,4,0,35.00504167,-117.83970000,38,1,0,1,0,0,1,0
62440,CALIFORNIA,CA,1,0,2,13,110,BOLLING,21,11,November,2010,1,Sunday,2,22,0,14,6,0,38.00273056,-121.82980556,33,3,0,2,0,0,1,0
62441,CALIFORNIA,CA,1,0,1,37,1980,BRADFORD,21,11,November,2010,1,Sunday,6,40,0,14,6,0,34.04733056,-118.22193056,39,1,10,2,0,0,1,1
62442,CALIFORNIA,CA,1,0,1,65,0,CYPRESS,21,11,November,2010,1,Sunday,11,10,0,13,4,0,33.84236111,-116.99581111,35,1,0,10,0,0,1,0
62443,CALIFORNIA,CA,2,0,1,37,0,BRADFORD,21,11,November,2010,1,Sunday,16,0,0,2,4,0,34.53898889,-118.10601111,43,5,0,10,0,0,1,1
62444,CALIFORNIA,CA,2,0,2,83,0,ARDMORE,22,11,November,2010,2,Monday,10,20,0,2,3,59,34.63380000,-120.08120000,12,1,0,1,0,0,1,0
62445,CALIFORNIA,CA,2,0,3,29,0,BORDEN SPRINGS,22,11,November,2010,2,Monday,11,50,1,2,3,467,35.65478611,-118.45042778,12,1,0,1,0,0,1,1
62446,CALIFORNIA,CA,2,0,4,77,0,ANDERSON,22,11,November,2010,2,Monday,12,31,0,2,4,0,37.97678056,-121.26181111,12,1,0,10,0,0,1,0