ST_CASE,State Name,State Abbreviation,VE_TOTAL,Pedestrains,Total_Persons_in_accident,COUNTY,CITY,City_County_Name,Calendar_DAY,MONTH,Month_Name,YEAR,DAY_WEEK,Day_Week_desc,HOUR,MINUTE,NHS_Desc,trafficway,ROUTE,MILEPT,LATITUDE,LONGITUD,First_Crash_event,Light_cond_desc,Weather_condition,WEATHER,SCH_BUS,Crash_cause,FATALS,DRUNK_DR
62447,CALIFORNIA,CA,1,1,1,31,0,COFFEE,20,10,October,2010,4,Wednesday,20,20,0,6,4,0,36.23381944,-119.76270000,8,2,0,1,0,0,1,0
62448,CALIFORNIA,CA,4,0,2,1,2480,AUTAUGA,30,11,November,2010,3,Tuesday,5,46,0,15,6,0,37.83934722,-122.27323889,14,3,0,10,0,0,1,0
62449,CALIFORNIA,CA,1,0,1,37,2870,BRADFORD,7,12,December,2010,3,Tuesday,2,39,0,15,6,0,34.07099444,-117.73090833,42,3,0,1,0,0,1,0
62450,CALIFORNIA,CA,2,0,3,37,3870,BRADFORD,7,12,December,2010,3,Tuesday,13,40,0,14,6,0,33.84133889,-118.36238333,12,1,0,1,0,0,1,0
62451,CALIFORNIA,CA,1,0,2,9,0,BLOUNT,7,12,December,2010,3,Tuesday,14,0,0,2,3,147,38.03976944,-120.64766944,1,1,0,1,0,0,1,0
62452,CALIFORNIA,CA,2,0,4,1,2480,AUTAUGA,9,12,December,2010,5,Thursday,16,0,1,11,1,208,37.79872500,-122.27507222,12,1,0,10,0,0,1,0
62453,CALIFORNIA,CA,1,0,2,73,0,ARGO,10,12,December,2010,6,Friday,2,10,0,4,4,0,32.73275000,-116.87971111,1,2,0,1,0,0,1,1
62454,CALIFORNIA,CA,1,0,1,63,0,BOLIGEE,10,12,December,2010,6,Friday,15,0,0,2,3,112,39.97563889,-121.27775556,17,1,0,2,0,0,1,0
62455,CALIFORNIA,CA,1,0,1,65,564,CYPRESS,22,12,December,2010,4,Wednesday,3,15,0,14,6,0,33.68292500,-117.23510833,43,6,0,2,0,0,1,0
62456,CALIFORNIA,CA,2,0,2,71,0,BRIDGEPORT,23,4,April,2010,6,Friday,13,5,0,2,3,67,34.34138889,-117.52371944,12,1,0,1,0,0,1,2
62457,CALIFORNIA,CA,2,1,5,71,0,BRIDGEPORT,27,6,June,2010,1,Sunday,3,38,1,1,1,602,34.73893333,-117.17863056,14,6,0,98,0,99,1,0
62458,CALIFORNIA,CA,1,0,2,67,712,ABBEVILLE,11,7,July,2010,1,Sunday,0,32,0,13,6,0,38.68128056,-121.27158056,5,6,0,98,0,0,1,1
62459,CALIFORNIA,CA,2,0,2,71,115,BRIDGEPORT,17,10,October,2010,1,Sunday,13,10,0,15,6,0,34.49705278,-117.17272500,12,1,0,1,0,99,1,0
62460,CALIFORNIA,CA,2,0,2,1,2480,AUTAUGA,9,11,November,2010,3,Tuesday,13,40,0,13,6,0,37.84426389,-122.26133889,12,1,0,10,0,0,1,0
62461,CALIFORNIA,CA,1,0,1,17,0,CHAMBERS,10,12,December,2010,6,Friday,15,15,0,2,3,222,38.79026944,-120.88221944,38,1,0,10,0,0,1,0
62462,CALIFORNIA,CA,2,0,5,107,0,CARROLLTON,11,12,December,2010,7,Saturday,15,20,0,4,4,0,36.38473889,-119.22500556,12,1,0,1,0,0,1,0
62463,CALIFORNIA,CA,1,0,1,111,3641,GRAHAM,11,12,December,2010,7,Saturday,19,36,0,13,3,275,34.28275000,-118.71770278,33,3,0,1,0,0,1,1
62464,CALIFORNIA,CA,2,0,5,37,4030,BRADFORD,11,12,December,2010,7,Saturday,21,51,0,13,6,0,34.00381667,-118.23918611,12,3,0,1,0,0,3,1
62465,CALIFORNIA,CA,2,0,3,39,0,ANDALUSIA,12,12,December,2010,1,Sunday,1,18,1,2,3,65,36.97016111,-119.79401111,12,2,0,5,0,0,1,1
62466,CALIFORNIA,CA,2,0,3,65,9997,CYPRESS,12,12,December,2010,1,Sunday,13,58,0,16,6,0,33.74428889,-117.17453333,12,1,0,1,0,0,1,0
62467,CALIFORNIA,CA,3,0,4,59,0,FRANKLIN,12,12,December,2010,1,Sunday,16,30,0,2,4,0,33.74778611,-117.67808056,12,1,0,1,0,0,2,1
62468,CALIFORNIA,CA,2,0,4,37,0,BRADFORD,16,12,December,2010,5,Thursday,18,0,1,2,3,665,34.49828056,-117.77558333,12,2,0,1,0,0,1,1
62469,CALIFORNIA,CA,1,0,1,37,0,BRADFORD,17,12,December,2010,6,Friday,99,99,0,4,4,0,34.44766944,-118.21228889,58,1,10,2,0,0,1,0
62470,CALIFORNIA,CA,2,0,2,1,2480,AUTAUGA,24,9,September,2010,6,Friday,5,58,0,15,6,0,37.73280000,-122.19864722,12,3,0,1,0,0,1,0
62471,CALIFORNIA,CA,1,1,1,71,1603,BRIDGEPORT,23,11,November,2010,3,Tuesday,19,2,0,13,6,0,34.47087222,-117.29840278,8,3,0,1,0,0,1,0
62472,CALIFORNIA,CA,1,0,1,71,115,BRIDGEPORT,24,11,November,2010,4,Wednesday,3,47,0,15,6,0,34.51056389,-117.17282500,33,2,0,1,0,0,1,1
62473,CALIFORNIA,CA,2,0,4,65,2276,CYPRESS,12,12,December,2010,1,Sunday,19,15,1,12,3,143,33.94087778,-117.26190833,12,3,0,1,0,0,1,1
62474,CALIFORNIA,CA,2,0,7,37,30,BRADFORD,16,12,December,2010,5,Thursday,0,44,1,11,1,227,34.06876111,-118.15056667,25,3,10,2,0,0,1,1
62475,CALIFORNIA,CA,2,0,5,61,1890,BELLWOOD,17,12,December,2010,6,Friday,5,15,0,12,3,132,38.86930556,-121.29962778,12,3,0,2,0,0,1,0
62476,CALIFORNIA,CA,1,0,1,57,0,BANKSTON,17,12,December,2010,6,Friday,17,55,0,2,3,317,39.38361111,-121.08801111,1,2,10,2,0,0,1,1
62477,CALIFORNIA,CA,1,0,7,31,0,COFFEE,13,12,December,2010,2,Monday,6,25,1,1,1,173,35.99098056,-119.97025000,18,4,0,10,0,0,5,0
62478,CALIFORNIA,CA,2,0,2,73,3260,ARGO,14,12,December,2010,3,Tuesday,21,15,1,11,1,121,32.86291111,-117.11178056,1,2,0,1,0,0,1,1
62479,CALIFORNIA,CA,2,0,3,85,3340,BENTON,23,9,September,2010,5,Thursday,8,20,0,13,6,0,37.26297222,-121.87659444,12,1,0,1,0,0,1,0
62480,CALIFORNIA,CA,2,0,2,71,2922,BRIDGEPORT,10,10,October,2010,1,Sunday,19,16,0,14,6,0,34.10928889,-117.55737778,12,3,0,1,0,0,1,0
62481,CALIFORNIA,CA,3,0,8,7,0,BIBB,31,10,October,2010,1,Sunday,6,5,0,2,3,112,39.48305000,-121.68856944,12,2,0,1,0,0,4,1
62482,CALIFORNIA,CA,2,0,6,7,0,BIBB,14,11,November,2010,1,Sunday,17,49,1,2,3,443,39.87053056,-121.96668889,12,5,0,1,0,0,3,1
62483,CALIFORNIA,CA,1,1,1,7,0,BIBB,14,11,November,2010,1,Sunday,23,18,1,2,3,424,39.85981944,-121.95646111,8,3,0,1,0,0,1,1
62484,CALIFORNIA,CA,1,0,2,19,0,CEDAR BLUFF,9,12,December,2010,5,Thursday,15,15,1,1,1,421,36.56721944,-120.53576111,1,1,0,10,0,0,1,0
62485,CALIFORNIA,CA,1,0,3,59,1713,FRANKLIN,21,12,December,2010,3,Tuesday,3,7,0,13,6,0,33.69356111,-117.79910278,46,6,0,2,0,0,1,1
62486,CALIFORNIA,CA,1,1,1,65,1003,CYPRESS,27,12,December,2010,2,Monday,22,5,0,14,6,0,33.95799722,-116.50132500,8,3,0,1,0,0,1,0
62487,CALIFORNIA,CA,3,1,32,37,1980,BRADFORD,25,10,October,2010,2,Monday,15,15,0,13,6,0,34.04368056,-118.20975833,8,1,0,1,1,0,1,0
62488,CALIFORNIA,CA,1,1,1,85,3440,BENTON,3,11,November,2010,4,Wednesday,19,42,0,13,3,0,37.28075556,-121.83830278,8,3,0,1,0,0,1,0
62489,CALIFORNIA,CA,1,0,2,65,0,CYPRESS,12,12,December,2010,1,Sunday,21,27,1,1,1,347,33.79394167,-117.49928333,1,2,0,1,0,0,1,0
62490,CALIFORNIA,CA,1,0,1,19,0,CEDAR BLUFF,12,12,December,2010,1,Sunday,99,99,0,6,4,0,36.83188889,-119.97038056,59,2,0,10,0,0,1,1
62491,CALIFORNIA,CA,5,0,6,29,240,BORDEN SPRINGS,12,7,July,2010,2,Monday,15,12,0,14,6,0,35.36495833,-119.06544722,12,1,0,1,0,0,1,0
62492,CALIFORNIA,CA,1,0,2,29,240,BORDEN SPRINGS,2,10,October,2010,7,Saturday,21,29,0,16,6,0,35.34728333,-119.02101389,5,3,0,1,0,0,1,1
62493,CALIFORNIA,CA,3,0,19,27,0,ASHLAND,9,8,August,2010,2,Monday,20,20,1,2,2,1135,37.29481389,-118.37553889,34,2,0,1,0,0,3,0
62494,CALIFORNIA,CA,2,0,3,71,0,BRIDGEPORT,7,12,December,2010,3,Tuesday,11,55,0,14,6,0,34.52153333,-117.32585278,12,1,0,98,0,0,1,0
62495,CALIFORNIA,CA,1,1,1,65,750,CYPRESS,23,12,December,2010,5,Thursday,6,5,0,4,3,99999,33.64174444,-116.18119167,8,3,0,1,0,0,1,0
62496,CALIFORNIA,CA,1,0,1,13,460,BOLLING,28,10,October,2010,5,Thursday,10,18,0,12,3,379,37.94822500,-121.69611389,39,1,0,1,0,0,1,1
62497,CALIFORNIA,CA,1,1,1,1,2480,AUTAUGA,15,11,November,2010,2,Monday,9,23,0,14,6,0,37.79858611,-122.25540000,8,1,0,1,0,0,1,0
62498,CALIFORNIA,CA,2,0,6,37,1980,BRADFORD,18,9,September,2010,7,Saturday,2,25,0,13,6,0,33.96958889,-118.30902222,12,3,0,1,0,0,2,1
62499,CALIFORNIA,CA,1,0,1,73,2510,ARGO,27,12,December,2010,2,Monday,17,0,0,13,6,0,33.24033889,-117.29008333,33,5,0,98,0,0,1,0
62500,CALIFORNIA,CA,4,0,1,1,2480,AUTAUGA,31,12,December,2010,6,Friday,23,47,0,13,6,0,37.82646389,-122.26534444,14,3,0,1,0,0,1,1
62501,CALIFORNIA,CA,2,0,3,67,3150,ABBEVILLE,8,8,August,2010,1,Sunday,4,26,0,2,4,0,38.48876667,-121.42566111,12,3,0,1,0,0,2,1
62502,CALIFORNIA,CA,5,2,21,81,3390,AUBURN,12,9,September,2010,1,Sunday,2,57,1,12,2,140,37.57685000,-122.32063611,12,6,0,1,0,0,2,0
62503,CALIFORNIA,CA,4,0,35,19,1370,CEDAR BLUFF,22,7,July,2010,5,Thursday,2,14,1,12,3,239,36.76231111,-119.83266944,25,3,0,1,0,0,6,1
62504,CALIFORNIA,CA,1,1,1,59,3351,FRANKLIN,1,12,December,2010,4,Wednesday,2,1,1,11,1,69,33.47576944,-117.67430278,8,3,0,1,0,0,1,1
62505,CALIFORNIA,CA,1,1,1,19,0,CEDAR BLUFF,25,8,August,2010,4,Wednesday,1,25,0,3,4,0,36.74740556,-119.71823889,8,2,0,1,0,0,1,0
62506,CALIFORNIA,CA,1,0,1,65,0,CYPRESS,1,12,December,2010,4,Wednesday,12,25,1,1,1,218,33.92486389,-116.73786944,1,1,0,1,0,0,1,0
62507,CALIFORNIA,CA,2,0,5,37,0,BRADFORD,19,12,December,2010,1,Sunday,17,30,0,2,4,0,34.51675833,-118.10352222,12,2,2,2,0,0,2,0
62508,CALIFORNIA,CA,1,1,2,107,4050,CARROLLTON,29,8,August,2010,1,Sunday,20,6,0,15,6,0,36.32001944,-119.28647222,9,3,0,1,0,0,1,0
62509,CALIFORNIA,CA,1,0,1,37,3870,BRADFORD,17,8,August,2010,3,Tuesday,4,45,0,13,6,0,33.84060000,-118.32876111,21,3,0,1,0,0,1,0
62510,CALIFORNIA,CA,1,1,1,77,1940,ANDERSON,17,11,November,2010,4,Wednesday,17,56,0,13,6,0,38.13751944,-121.25785278,8,5,0,1,0,0,1,0
320001,NEVADA,NV,1,1,1,3,120,BALDWIN,2,1,January,2010,7,Saturday,13,58,0,14,6,0,36.12630000,-115.20458611,8,1,0,1,0,0,1,0
320002,NEVADA,NV,1,0,1,11,0,BULLOCK,8,1,January,2010,6,Friday,11,30,0,4,3,17,40.60592500,-116.45724444,38,1,0,10,0,0,1,1
320003,NEVADA,NV,1,0,2,31,0,COFFEE,9,1,January,2010,7,Saturday,23,14,1,12,2,373,39.62478056,-119.90799444,31,2,0,5,0,0,1,1
320004,NEVADA,NV,1,0,1,3,0,BALDWIN,4,1,January,2010,2,Monday,20,7,0,14,6,0,36.20837500,-115.06229722,33,3,0,1,0,0,1,1
320006,NEVADA,NV,2,0,2,3,0,BALDWIN,15,1,January,2010,6,Friday,7,50,0,16,6,0,36.09672500,-115.09657222,12,1,0,1,0,0,1,0
320007,NEVADA,NV,1,0,2,9,0,BLOUNT,16,1,January,2010,7,Saturday,10,30,1,2,2,407,38.13890278,-117.49620556,1,1,0,10,0,0,1,0
320008,NEVADA,NV,1,0,1,3,120,BALDWIN,17,1,January,2010,1,Sunday,3,56,0,15,6,0,36.18833333,-115.21898611,33,3,0,1,0,0,1,0
320009,NEVADA,NV,1,0,1,3,0,BALDWIN,20,1,January,2010,4,Wednesday,0,48,0,16,6,0,36.17401389,-115.06442778,33,3,5,5,0,0,1,1
320010,NEVADA,NV,2,0,3,31,170,COFFEE,20,1,January,2010,4,Wednesday,2,50,0,16,6,0,39.51732500,-119.80485833,12,3,0,1,0,0,1,1
320011,NEVADA,NV,1,0,1,23,0,BLADON SPRINGS,22,1,January,2010,6,Friday,9,30,0,3,3,720,36.17489167,-116.08759444,59,1,0,10,0,0,1,1
320012,NEVADA,NV,1,0,2,3,0,BALDWIN,23,1,January,2010,7,Saturday,14,5,0,14,6,0,36.12177222,-115.22492500,43,1,0,1,0,0,1,0
320013,NEVADA,NV,1,0,1,3,0,BALDWIN,23,1,January,2010,7,Saturday,17,40,1,11,1,517,36.27375833,-115.05032500,21,2,0,1,0,0,1,0
320014,NEVADA,NV,1,0,1,23,0,BLADON SPRINGS,25,1,January,2010,2,Monday,23,48,0,5,5,0,36.17580000,-115.99547222,1,2,0,1,0,0,1,0
320015,NEVADA,NV,2,0,2,3,120,BALDWIN,26,1,January,2010,3,Tuesday,8,8,0,14,6,0,36.16245556,-115.08035556,12,1,0,1,0,0,1,0
320016,NEVADA,NV,1,0,1,3,120,BALDWIN,26,1,January,2010,3,Tuesday,14,24,0,16,6,0,36.16973611,-115.14328611,43,1,0,10,0,0,1,0
320017,NEVADA,NV,1,0,2,3,0,BALDWIN,26,1,January,2010,3,Tuesday,19,6,0,12,6,0,36.17814722,-115.29179444,1,2,0,8,0,0,2,0
320018,NEVADA,NV,1,0,1,3,0,BALDWIN,29,1,January,2010,6,Friday,13,17,0,13,4,320,36.25040556,-115.31496667,38,1,0,1,0,0,1,0
320019,NEVADA,NV,2,0,3,3,0,BALDWIN,29,1,January,2010,6,Friday,20,42,0,14,6,0,36.22554167,-115.08011944,12,3,0,10,0,0,2,0
320020,NEVADA,NV,1,0,2,21,0,CHILTON,31,1,January,2010,1,Sunday,1,48,1,3,2,70,38.97583056,-118.85844444,1,2,0,1,0,0,1,1
320021,NEVADA,NV,2,0,3,3,120,BALDWIN,1,2,February,2010,2,Monday,17,24,0,16,6,0,36.16529444,-115.24200278,12,3,0,1,0,0,1,0
320022,NEVADA,NV,1,8,1,3,128,BALDWIN,3,2,February,2010,4,Wednesday,9,32,0,15,6,0,35.16107778,-114.57466111,25,1,0,1,0,0,2,0
320023,NEVADA,NV,2,0,2,3,150,BALDWIN,4,2,February,2010,5,Thursday,7,52,0,15,6,0,36.27884167,-115.17968056,1,1,0,10,0,0,1,0
320024,NEVADA,NV,2,0,2,3,0,BALDWIN,6,2,February,2010,7,Saturday,3,25,1,12,1,20,36.03267778,-115.02446389,12,3,0,10,0,0,2,1
320025,NEVADA,NV,2,0,5,3,0,BALDWIN,10,2,February,2010,4,Wednesday,15,54,0,14,3,110,36.06336389,-115.17248333,12,1,0,10,0,0,1,0
320026,NEVADA,NV,1,1,1,3,0,BALDWIN,15,2,February,2010,2,Monday,19,20,0,14,6,0,36.12975556,-115.10537222,8,3,0,1,0,0,1,0
320027,NEVADA,NV,2,0,3,3,110,BALDWIN,16,2,February,2010,3,Tuesday,11,43,0,14,6,0,36.02330833,-115.01382222,12,1,0,1,0,0,2,1
320028,NEVADA,NV,1,1,4,3,0,BALDWIN,17,2,February,2010,4,Wednesday,15,28,0,14,6,0,36.10716389,-115.22496667,8,1,0,1,0,0,1,0
320029,NEVADA,NV,3,0,2,3,110,BALDWIN,18,2,February,2010,5,Thursday,10,25,0,13,6,0,35.99117222,-115.13638611,12,1,0,1,0,0,1,0
320030,NEVADA,NV,1,0,2,3,0,BALDWIN,21,2,February,2010,1,Sunday,12,18,0,12,4,190,36.11843889,-115.31250000,31,1,0,1,0,0,1,0
320031,NEVADA,NV,2,0,2,3,0,BALDWIN,22,2,February,2010,2,Monday,4,30,0,12,6,0,36.17833333,-115.25281111,59,2,0,10,0,0,1,1
320032,NEVADA,NV,3,0,5,3,0,BALDWIN,22,2,February,2010,2,Monday,20,13,0,13,6,0,36.06434167,-115.11849167,12,3,0,1,0,0,1,0
320033,NEVADA,NV,2,0,2,3,0,BALDWIN,4,3,March,2010,5,Thursday,16,10,0,13,3,0,36.02048611,-115.29794167,12,1,0,1,0,0,1,0
320034,NEVADA,NV,2,0,3,17,0,CHAMBERS,7,3,March,2010,1,Sunday,5,5,1,2,2,27,36.89949444,-114.96418889,12,2,0,10,0,0,1,0
320035,NEVADA,NV,1,0,1,17,0,CHAMBERS,18,3,March,2010,5,Thursday,15,35,0,6,5,0,37.68749722,-115.83216111,35,1,0,10,0,0,1,1
320036,NEVADA,NV,1,0,4,33,0,CHEROKEE,26,3,March,2010,6,Friday,11,10,1,2,2,68,39.38323889,-115.78437778,1,1,0,1,0,0,1,0
320037,NEVADA,NV,3,0,4,3,110,BALDWIN,27,3,March,2010,7,Saturday,9,12,0,14,6,0,36.00329167,-115.10960833,12,1,0,1,0,0,1,1
320038,NEVADA,NV,1,0,1,3,120,BALDWIN,27,3,March,2010,7,Saturday,9,35,0,13,6,0,36.13928611,-115.15480833,38,1,0,1,0,0,1,0
320039,NEVADA,NV,4,0,8,3,120,BALDWIN,30,3,March,2010,3,Tuesday,12,29,0,14,6,0,36.13932778,-115.20803611,12,1,0,1,0,0,1,0
320040,NEVADA,NV,2,0,3,3,0,BALDWIN,31,3,March,2010,4,Wednesday,8,32,0,13,6,0,36.11460833,-115.24304722,12,1,0,1,0,0,1,0
320041,NEVADA,NV,1,0,4,7,0,BIBB,3,4,April,2010,7,Saturday,7,0,1,1,1,1052,40.98386667,-114.42213611,1,1,10,4,0,0,1,0
320042,NEVADA,NV,2,0,2,3,120,BALDWIN,4,4,April,2010,1,Sunday,5,52,0,14,6,0,36.15878611,-115.15355556,12,3,0,1,0,0,1,1
320043,NEVADA,NV,3,0,3,3,0,BALDWIN,7,4,April,2010,4,Wednesday,15,58,1,11,1,400,36.14148889,-115.17339722,12,1,0,1,0,0,1,0
320044,NEVADA,NV,2,0,2,3,120,BALDWIN,9,4,April,2010,6,Friday,3,18,0,14,6,0,36.21852500,-115.27393333,12,3,0,1,0,0,1,2
320045,NEVADA,NV,1,1,1,3,0,BALDWIN,9,4,April,2010,6,Friday,19,36,0,14,6,0,36.11464167,-115.13632778,8,3,0,1,0,0,1,0
320046,NEVADA,NV,1,0,1,21,0,CHILTON,10,4,April,2010,7,Saturday,7,30,0,4,3,170,38.70880556,-118.06349722,1,1,0,1,0,0,1,0
320047,NEVADA,NV,3,0,3,3,0,BALDWIN,10,4,April,2010,7,Saturday,10,0,1,12,2,790,36.17397500,-115.21220556,1,1,0,1,0,0,1,0
320048,NEVADA,NV,1,0,1,3,0,BALDWIN,10,4,April,2010,7,Saturday,16,30,0,15,3,390,36.20091111,-114.98258889,35,1,0,1,0,0,1,0
320049,NEVADA,NV,1,0,2,7,0,BIBB,11,4,April,2010,1,Sunday,16,25,0,3,3,900,41.65157222,-115.78373056,31,1,0,10,0,0,1,1
320050,NEVADA,NV,4,0,6,31,0,COFFEE,14,4,April,2010,4,Wednesday,16,1,0,14,3,20,39.58565000,-119.78036667,12,1,0,1,0,0,1,0
320051,NEVADA,NV,2,2,2,3,0,BALDWIN,17,4,April,2010,7,Saturday,1,37,1,1,1,185,35.86432222,-115.25025556,12,2,0,1,0,0,1,0
320052,NEVADA,NV,2,0,8,1,0,AUTAUGA,17,4,April,2010,7,Saturday,21,39,1,2,2,150,39.48714444,-118.87576389,12,3,0,1,0,0,1,0
320053,NEVADA,NV,2,0,4,31,0,COFFEE,18,4,April,2010,1,Sunday,15,58,0,13,3,0,39.41411111,-119.75341111,12,1,0,10,0,0,1,0
320054,NEVADA,NV,2,0,4,31,0,COFFEE,19,4,April,2010,2,Monday,12,39,0,13,3,120,39.70335556,-119.69833056,31,1,0,10,0,0,2,0
320055,NEVADA,NV,1,0,1,19,0,CEDAR BLUFF,20,4,April,2010,3,Tuesday,21,50,0,3,2,182,39.06763056,-119.18119444,32,2,0,10,0,0,1,0
320056,NEVADA,NV,1,1,1,3,120,BALDWIN,22,4,April,2010,5,Thursday,20,2,0,14,6,0,36.14426944,-115.12549722,8,3,0,1,0,0,1,0
320058,NEVADA,NV,1,0,2,3,120,BALDWIN,23,4,April,2010,6,Friday,10,5,0,16,6,0,36.20618611,-115.31423889,39,1,0,1,0,0,2,0
320059,NEVADA,NV,1,0,1,3,0,BALDWIN,25,4,April,2010,1,Sunday,9,42,1,11,2,900,36.29810000,-115.28592500,31,1,0,1,0,0,1,0
320060,NEVADA,NV,1,1,2,3,110,BALDWIN,26,4,April,2010,2,Monday,6,59,0,14,6,0,36.04899167,-114.95901389,9,1,0,1,0,0,1,0
320061,NEVADA,NV,1,0,1,7,0,BIBB,29,4,April,2010,5,Thursday,5,5,1,1,1,350,40.94959167,-115.60838056,1,2,0,10,0,0,1,0
320063,NEVADA,NV,1,1,1,3,0,BALDWIN,1,5,May,2010,7,Saturday,20,11,0,16,6,0,36.15236111,-115.10929722,8,1,0,1,0,0,1,1
320064,NEVADA,NV,1,0,2,11,0,BULLOCK,3,5,May,2010,2,Monday,8,55,1,2,2,117,39.52278056,-116.36283056,58,1,0,1,0,0,1,0
320065,NEVADA,NV,2,0,2,3,120,BALDWIN,3,5,May,2010,2,Monday,13,39,0,14,6,0,36.14443056,-115.11435278,1,1,0,1,1,0,1,0
320066,NEVADA,NV,2,0,5,3,150,BALDWIN,5,5,May,2010,4,Wednesday,18,40,0,16,6,0,36.27325000,-115.17040278,12,1,0,1,0,0,1,0
320067,NEVADA,NV,2,1,2,3,0,BALDWIN,6,5,May,2010,5,Thursday,18,0,0,16,6,0,36.12486389,-115.16706389,8,1,0,1,0,0,1,0
320068,NEVADA,NV,1,1,1,31,170,COFFEE,8,5,May,2010,7,Saturday,10,45,0,13,6,0,39.52018333,-119.78916389,8,1,0,10,0,0,1,0
320069,NEVADA,NV,1,1,2,3,0,BALDWIN,13,5,May,2010,5,Thursday,0,21,0,14,6,0,36.11490833,-115.07150833,8,3,0,1,0,0,1,0
320070,NEVADA,NV,1,0,1,3,0,BALDWIN,13,5,May,2010,5,Thursday,2,40,0,14,6,0,36.05699722,-115.17561111,33,2,0,10,0,0,1,0
320071,NEVADA,NV,1,0,2,33,0,CHEROKEE,16,5,May,2010,1,Sunday,11,25,0,3,2,62,38.75538889,-114.58203889,1,1,0,1,0,0,1,0
320072,NEVADA,NV,5,0,7,3,0,BALDWIN,19,5,May,2010,4,Wednesday,22,19,0,16,6,0,36.24732222,-115.08001111,12,3,0,1,0,0,1,0
320073,NEVADA,NV,1,0,1,1,0,AUTAUGA,21,5,May,2010,6,Friday,10,50,1,2,2,397,39.67877222,-118.77948056,31,1,7,7,0,0,1,0
320074,NEVADA,NV,2,0,2,3,120,BALDWIN,28,5,May,2010,6,Friday,17,59,0,14,6,0,36.18663611,-115.08002222,12,1,0,1,0,0,1,0
320075,NEVADA,NV,1,1,1,27,0,ASHLAND,29,5,May,2010,7,Saturday,5,30,1,1,1,681,40.77799167,-118.00560833,8,2,0,10,0,0,1,0
320076,NEVADA,NV,2,0,3,3,150,BALDWIN,29,5,May,2010,7,Saturday,12,37,0,14,6,0,36.19579167,-115.12514167,1,1,0,1,0,0,2,0
320077,NEVADA,NV,2,0,4,3,0,BALDWIN,30,5,May,2010,1,Sunday,6,15,0,14,6,400,36.14407778,-115.17041667,12,1,0,1,0,0,1,1
320078,NEVADA,NV,1,0,1,31,170,COFFEE,1,6,June,2010,3,Tuesday,7,29,0,14,6,0,39.49120000,-119.81835278,42,1,0,1,0,0,1,1
320079,NEVADA,NV,2,0,6,5,0,BAKER HILL,5,6,June,2010,7,Saturday,12,55,0,15,5,0,38.91425556,-119.69687778,12,1,0,10,0,0,1,2
320080,NEVADA,NV,1,0,1,31,170,COFFEE,5,6,June,2010,7,Saturday,19,24,0,16,6,0,39.58820833,-119.82273611,1,1,0,10,0,0,1,0
320081,NEVADA,NV,2,0,3,9,0,BLOUNT,6,6,June,2010,1,Sunday,8,55,1,2,2,253,38.02563333,-117.73699722,12,1,0,1,0,0,1,0
320082,NEVADA,NV,1,0,5,3,0,BALDWIN,7,6,June,2010,2,Monday,13,8,1,2,2,80,35.29205000,-114.87693611,1,1,0,1,0,0,1,0
320083,NEVADA,NV,1,0,1,11,0,BULLOCK,11,6,June,2010,6,Friday,18,45,1,1,1,250,40.70766944,-116.16090556,31,1,0,1,0,0,1,1
320084,NEVADA,NV,1,0,2,23,0,BLADON SPRINGS,13,6,June,2010,1,Sunday,14,0,1,2,2,389,36.68913056,-116.56015000,5,1,0,10,0,0,2,0
320085,NEVADA,NV,1,0,2,27,0,ASHLAND,13,6,June,2010,1,Sunday,17,57,0,6,5,0,40.68197222,-118.21593889,1,1,0,1,0,0,1,1
320086,NEVADA,NV,2,0,9,33,0,CHEROKEE,13,6,June,2010,1,Sunday,21,20,1,2,2,850,39.67717778,-114.75466667,12,2,0,1,0,0,1,0
320087,NEVADA,NV,2,0,2,7,0,BIBB,14,6,June,2010,2,Monday,13,40,1,1,1,410,40.95167500,-115.51062500,12,1,0,1,0,0,1,0
320088,NEVADA,NV,1,0,1,33,0,CHEROKEE,14,6,June,2010,2,Monday,14,5,1,2,2,880,39.69294444,-114.75302500,1,1,0,1,0,0,1,0
320089,NEVADA,NV,1,0,2,3,0,BALDWIN,14,6,June,2010,2,Monday,17,58,0,14,6,0,36.19511944,-115.02623333,43,1,0,1,0,0,1,0