ST_CASE,State Name,State Abbreviation,VE_TOTAL,Pedestrains,Total_Persons_in_accident,COUNTY,CITY,City_County_Name,Calendar_DAY,MONTH,Month_Name,YEAR,DAY_WEEK,Day_Week_desc,HOUR,MINUTE,NHS_Desc,trafficway,ROUTE,MILEPT,LATITUDE,LONGITUD,First_Crash_event,Light_cond_desc,Weather_condition,WEATHER,SCH_BUS,Crash_cause,FATALS,DRUNK_DR
320090,NEVADA,NV,1,0,1,3,0,BALDWIN,15,6,June,2010,3,Tuesday,5,44,1,11,1,596,36.32498056,-114.93008056,31,1,0,1,0,0,1,0
320091,NEVADA,NV,3,0,5,19,0,CEDAR BLUFF,15,6,June,2010,3,Tuesday,6,35,1,2,2,0,39.20932222,-119.68205556,12,1,0,1,0,0,2,0
320092,NEVADA,NV,2,0,2,3,0,BALDWIN,15,6,June,2010,3,Tuesday,16,0,0,2,7,0,36.38191389,-114.89022778,12,1,0,1,0,0,1,0
320093,NEVADA,NV,1,0,1,3,0,BALDWIN,16,6,June,2010,4,Wednesday,20,47,1,1,1,120,35.77847500,-115.32902222,1,3,0,1,0,0,1,0
320095,NEVADA,NV,1,0,1,31,0,COFFEE,18,6,June,2010,6,Friday,8,10,0,3,3,0,39.25411111,-119.96986389,43,1,0,1,0,0,1,0
320096,NEVADA,NV,1,0,1,3,0,BALDWIN,18,6,June,2010,6,Friday,23,47,0,16,6,0,36.80785833,-114.06563889,43,3,0,1,0,0,1,1
320097,NEVADA,NV,1,0,2,1,0,AUTAUGA,22,6,June,2010,3,Tuesday,5,25,0,5,3,13,39.45700556,-118.74203611,1,4,0,1,0,0,1,1
320098,NEVADA,NV,2,0,3,17,0,CHAMBERS,22,6,June,2010,3,Tuesday,10,35,1,2,2,343,37.31154722,-115.12485278,12,1,0,1,0,0,1,1
320099,NEVADA,NV,2,0,5,3,0,BALDWIN,22,6,June,2010,3,Tuesday,20,20,0,14,3,353,36.20643889,-114.94891944,12,5,0,1,0,0,2,1
320100,NEVADA,NV,1,0,2,3,0,BALDWIN,25,6,June,2010,6,Friday,20,4,0,16,6,0,36.04836389,-115.26099722,5,5,0,1,0,0,1,0
320101,NEVADA,NV,1,0,1,3,0,BALDWIN,27,6,June,2010,1,Sunday,19,0,0,13,3,151,36.01445556,-115.42337222,1,1,0,10,0,0,1,1
320102,NEVADA,NV,2,0,5,3,0,BALDWIN,1,7,July,2010,5,Thursday,15,44,1,1,1,915,36.66854722,-114.53125833,12,1,0,1,0,0,1,0
320103,NEVADA,NV,1,0,1,11,0,BULLOCK,3,7,July,2010,7,Saturday,3,50,1,2,2,351,39.53645000,-115.97183056,1,2,0,1,0,0,1,1
320104,NEVADA,NV,2,0,4,3,120,BALDWIN,4,7,July,2010,1,Sunday,9,44,0,15,6,0,36.16629444,-115.07584167,12,1,0,1,0,0,1,1
320105,NEVADA,NV,1,0,1,3,150,BALDWIN,4,7,July,2010,1,Sunday,17,19,0,14,6,0,36.22536111,-115.12156944,30,1,0,1,0,0,1,1
320106,NEVADA,NV,2,1,3,3,120,BALDWIN,4,7,July,2010,1,Sunday,20,42,0,13,6,0,36.19847222,-115.20030278,8,3,0,1,0,0,1,1
320107,NEVADA,NV,1,1,1,31,0,COFFEE,5,7,July,2010,2,Monday,14,33,0,16,6,0,39.62539167,-119.84734167,9,1,0,1,0,0,1,0
320108,NEVADA,NV,1,1,1,3,0,BALDWIN,6,7,July,2010,3,Tuesday,6,17,1,13,3,0,36.09245556,-115.04123611,8,4,0,1,0,0,1,0
320109,NEVADA,NV,2,0,2,1,0,AUTAUGA,6,7,July,2010,3,Tuesday,7,0,1,2,2,320,39.39488611,-118.64298889,12,1,0,1,0,0,1,0
320110,NEVADA,NV,2,0,2,3,0,BALDWIN,7,7,July,2010,4,Wednesday,13,15,1,11,1,180,36.07659722,-115.28881667,12,1,0,10,0,0,1,1
320111,NEVADA,NV,2,0,3,31,190,COFFEE,7,7,July,2010,4,Wednesday,17,17,0,14,6,0,39.53071944,-119.76614167,12,1,0,1,0,0,1,0
320112,NEVADA,NV,1,1,1,3,120,BALDWIN,8,7,July,2010,5,Thursday,12,14,0,14,6,0,36.15877500,-115.10121667,8,1,0,1,0,0,1,0
320113,NEVADA,NV,1,1,1,31,170,COFFEE,8,7,July,2010,5,Thursday,21,51,0,14,6,0,39.51048889,-119.80316111,9,3,1,7,0,0,1,0
320114,NEVADA,NV,2,0,6,3,0,BALDWIN,10,7,July,2010,7,Saturday,6,50,1,2,2,560,35.96675278,-114.89466667,12,1,0,1,0,0,1,0
320115,NEVADA,NV,1,1,2,3,150,BALDWIN,10,7,July,2010,7,Saturday,21,10,0,14,6,0,36.19761111,-115.18461111,8,3,0,1,0,0,1,0
320116,NEVADA,NV,2,0,5,3,0,BALDWIN,11,7,July,2010,1,Sunday,0,30,0,14,6,0,36.24050000,-115.24561667,12,3,0,1,0,0,1,1
320117,NEVADA,NV,1,0,1,1,90,AUTAUGA,13,7,July,2010,3,Tuesday,6,42,0,16,6,0,39.46638611,-118.76774444,33,1,0,1,0,0,1,1
320118,NEVADA,NV,1,0,5,27,0,ASHLAND,13,7,July,2010,3,Tuesday,9,35,1,1,1,349,40.39718889,-118.29981667,1,1,0,1,0,0,1,0
320119,NEVADA,NV,1,0,1,3,0,BALDWIN,16,7,July,2010,6,Friday,20,22,1,11,1,71,36.03279722,-115.13220278,1,5,0,1,0,0,1,0
320120,NEVADA,NV,1,1,1,3,0,BALDWIN,17,7,July,2010,7,Saturday,4,48,0,14,6,0,36.15908611,-115.06776944,8,4,0,10,0,0,1,0
320121,NEVADA,NV,2,0,3,3,120,BALDWIN,17,7,July,2010,7,Saturday,14,47,0,14,6,0,36.17970833,-115.08038611,12,1,0,1,0,0,1,0
320122,NEVADA,NV,1,0,2,33,0,CHEROKEE,18,7,July,2010,1,Sunday,15,0,1,2,2,1158,40.12007778,-114.63420556,1,1,0,1,0,0,2,0
320123,NEVADA,NV,2,0,4,3,0,BALDWIN,19,7,July,2010,2,Monday,23,25,0,14,6,0,36.15818056,-115.02588889,12,3,0,1,0,0,1,1
320125,NEVADA,NV,1,0,3,1,90,AUTAUGA,12,6,June,2010,7,Saturday,17,11,0,5,5,0,39.47158889,-118.78407778,5,1,0,1,0,0,1,0
320126,NEVADA,NV,1,0,1,23,0,BLADON SPRINGS,21,7,July,2010,4,Wednesday,17,30,1,2,2,501,38.17560000,-116.37603333,31,1,0,1,0,0,1,0
320127,NEVADA,NV,3,0,4,3,0,BALDWIN,22,7,July,2010,5,Thursday,6,17,1,11,1,159,36.06628056,-115.24707500,31,1,0,10,0,0,1,0
320128,NEVADA,NV,2,0,2,1,0,AUTAUGA,24,7,July,2010,7,Saturday,12,46,1,2,2,140,39.49406389,-118.89409722,12,1,0,1,0,0,2,0
320129,NEVADA,NV,1,0,3,7,0,BIBB,26,7,July,2010,2,Monday,20,5,1,2,2,333,40.47158333,-114.15564167,34,5,0,1,0,0,1,1
320130,NEVADA,NV,1,1,1,3,120,BALDWIN,30,7,July,2010,6,Friday,11,0,0,14,6,0,36.15888056,-115.13837222,15,1,0,1,0,0,1,0
320131,NEVADA,NV,1,1,1,3,120,BALDWIN,3,8,August,2010,3,Tuesday,7,53,0,14,6,0,36.21331944,-115.27876667,33,1,0,1,0,0,1,1
320132,NEVADA,NV,2,0,1,31,190,COFFEE,3,8,August,2010,3,Tuesday,21,47,0,16,6,0,39.52021944,-119.74245556,43,2,0,1,0,0,1,0
320133,NEVADA,NV,1,1,1,3,120,BALDWIN,5,8,August,2010,5,Thursday,16,19,0,14,6,0,36.15907222,-115.06771111,8,1,0,1,0,0,1,0
320134,NEVADA,NV,1,0,1,3,110,BALDWIN,8,8,August,2010,1,Sunday,13,14,0,16,6,0,36.00905833,-115.11784722,1,1,0,1,0,0,1,0
320135,NEVADA,NV,2,0,5,3,0,BALDWIN,8,8,August,2010,1,Sunday,14,17,0,4,3,50,36.31032500,-115.61555833,12,1,0,10,0,0,1,0
320136,NEVADA,NV,4,0,6,17,0,CHAMBERS,9,8,August,2010,2,Monday,12,40,1,2,3,439,38.08604167,-114.98509444,12,1,0,1,0,0,1,0
320137,NEVADA,NV,2,0,2,31,0,COFFEE,13,8,August,2010,6,Friday,15,0,0,14,3,175,39.42616667,-119.76127500,12,1,0,1,0,0,1,0
320138,NEVADA,NV,3,0,5,3,0,BALDWIN,13,8,August,2010,6,Friday,15,50,1,1,1,46,35.66436667,-115.37968889,18,1,0,1,0,0,2,0
320139,NEVADA,NV,1,0,2,1,0,AUTAUGA,15,8,August,2010,1,Sunday,9,46,0,5,3,153,39.25938889,-117.73981389,35,1,0,1,0,0,1,0
320140,NEVADA,NV,2,0,4,7,0,BIBB,16,8,August,2010,2,Monday,1,15,1,2,2,470,40.73052778,-115.03216667,1,2,0,1,0,0,1,0
320141,NEVADA,NV,1,0,2,3,0,BALDWIN,16,8,August,2010,2,Monday,14,29,0,14,6,0,36.13701667,-115.07418611,33,1,0,1,0,0,2,0
320142,NEVADA,NV,2,0,2,19,0,CEDAR BLUFF,18,8,August,2010,4,Wednesday,10,7,1,2,2,10,39.21277222,-119.67349722,12,1,0,1,0,0,1,1
320143,NEVADA,NV,1,1,1,3,0,BALDWIN,19,8,August,2010,5,Thursday,9,24,0,13,6,0,36.10098611,-115.18981944,8,1,0,1,0,0,1,0
320144,NEVADA,NV,1,0,2,3,0,BALDWIN,20,8,August,2010,6,Friday,2,2,0,15,6,0,35.99192500,-115.17261389,1,2,0,1,0,0,1,1
320145,NEVADA,NV,2,0,2,13,0,BOLLING,20,8,August,2010,6,Friday,15,20,1,2,2,102,41.09646944,-117.70366667,12,1,0,1,0,0,1,1
320146,NEVADA,NV,1,0,4,3,0,BALDWIN,20,8,August,2010,6,Friday,23,32,1,1,1,141,35.81411389,-115.30360833,1,2,0,1,0,0,1,0
320147,NEVADA,NV,1,0,1,31,0,COFFEE,23,8,August,2010,2,Monday,2,19,1,11,1,406,39.59813333,-119.35201944,18,2,0,1,0,0,1,1
320148,NEVADA,NV,1,0,1,3,0,BALDWIN,23,8,August,2010,2,Monday,7,52,0,13,3,211,36.02165833,-115.51389722,31,1,0,1,0,0,1,0
320149,NEVADA,NV,1,0,1,7,0,BIBB,24,8,August,2010,3,Tuesday,1,45,1,1,1,751,41.09811111,-114.93698056,59,3,0,1,0,0,1,0
320150,NEVADA,NV,3,0,3,19,0,CEDAR BLUFF,27,8,August,2010,6,Friday,16,15,1,2,2,20,39.21976667,-119.64916389,12,1,0,1,0,0,1,0
320151,NEVADA,NV,1,1,1,3,120,BALDWIN,1,9,September,2010,4,Wednesday,8,22,0,14,6,0,36.17719167,-115.15178611,8,1,0,1,0,0,1,0
320152,NEVADA,NV,2,0,5,3,0,BALDWIN,3,9,September,2010,6,Friday,18,7,1,11,1,399,36.14417778,-115.17100000,12,1,0,1,0,0,1,0
320153,NEVADA,NV,1,0,1,23,0,BLADON SPRINGS,5,9,September,2010,1,Sunday,16,30,1,2,2,1010,37.44116667,-117.16476944,1,1,0,1,0,0,1,1
320154,NEVADA,NV,2,0,2,7,0,BIBB,10,9,September,2010,6,Friday,20,35,1,1,1,850,41.10852500,-114.76526389,12,2,0,1,0,0,2,1
320155,NEVADA,NV,2,0,2,3,0,BALDWIN,12,9,September,2010,1,Sunday,2,19,0,14,6,0,36.10097778,-115.15305000,12,3,0,1,0,0,1,1
320156,NEVADA,NV,1,1,1,3,150,BALDWIN,14,9,September,2010,3,Tuesday,7,8,0,14,6,0,36.23998889,-115.11189722,8,1,0,1,0,0,1,0
320157,NEVADA,NV,1,0,1,3,120,BALDWIN,16,9,September,2010,5,Thursday,1,32,0,16,6,0,36.16296111,-115.25995000,33,3,0,1,0,0,1,1
320158,NEVADA,NV,1,0,1,23,0,BLADON SPRINGS,16,9,September,2010,5,Thursday,11,20,1,2,2,819,38.46007500,-115.99180833,1,1,0,1,0,0,1,0
320159,NEVADA,NV,3,0,5,510,0,BALTIMORE,17,9,September,2010,6,Friday,22,4,1,2,2,20,39.12901389,-119.77058889,12,3,0,1,0,0,1,2
320160,NEVADA,NV,1,0,1,11,0,BULLOCK,19,9,September,2010,1,Sunday,17,4,0,5,5,0,39.43608889,-116.33181944,1,5,0,1,0,0,1,0
320161,NEVADA,NV,1,0,2,15,0,ANNISTON,20,9,September,2010,2,Monday,12,4,1,1,1,10,40.67959167,-116.61596111,1,1,0,1,0,0,1,0
320162,NEVADA,NV,2,0,3,3,0,BALDWIN,20,9,September,2010,2,Monday,12,25,0,3,3,150,35.18723611,-114.62485000,12,1,0,1,0,0,2,0
320163,NEVADA,NV,2,0,2,19,0,CEDAR BLUFF,20,9,September,2010,2,Monday,16,46,1,2,2,210,39.09910556,-119.18096667,12,1,0,1,0,0,1,0
320164,NEVADA,NV,2,0,4,3,0,BALDWIN,23,9,September,2010,5,Thursday,21,10,1,2,2,679,36.79379444,-114.94569167,12,2,0,1,0,0,1,0
320165,NEVADA,NV,2,0,2,31,0,COFFEE,23,9,September,2010,5,Thursday,23,14,1,12,2,398,39.65970278,-119.98908611,12,2,0,1,0,0,1,1
320166,NEVADA,NV,1,0,3,1,0,AUTAUGA,26,9,September,2010,1,Sunday,14,50,1,1,1,224,39.94057500,-118.75280833,31,1,0,1,0,0,1,0
320167,NEVADA,NV,1,0,1,3,0,BALDWIN,26,9,September,2010,1,Sunday,23,0,0,14,3,136,35.87255833,-115.23360000,1,2,0,1,0,0,1,1
320168,NEVADA,NV,1,0,1,3,0,BALDWIN,1,10,October,2010,6,Friday,20,55,1,12,2,890,36.29774722,-115.28556944,1,2,0,10,0,0,1,0
320169,NEVADA,NV,1,0,3,31,0,COFFEE,2,10,October,2010,7,Saturday,6,35,1,1,1,363,39.59051944,-119.41849444,31,4,0,1,0,0,1,1
320170,NEVADA,NV,1,0,1,3,0,BALDWIN,3,10,October,2010,1,Sunday,9,45,0,3,3,144,35.19578333,-114.65703333,1,1,10,2,0,0,1,0
320171,NEVADA,NV,1,1,1,31,0,COFFEE,3,10,October,2010,1,Sunday,12,0,0,5,5,0,39.57840000,-119.77794167,8,1,0,2,0,0,1,0
320172,NEVADA,NV,1,0,3,3,0,BALDWIN,4,10,October,2010,2,Monday,17,8,1,2,2,268,35.55795278,-114.91330278,31,1,0,10,0,0,1,0
320173,NEVADA,NV,6,1,1,3,0,BALDWIN,5,10,October,2010,3,Tuesday,17,10,1,1,1,1046,36.77678333,-114.27377778,14,5,0,2,0,0,1,0
320174,NEVADA,NV,2,0,2,3,0,BALDWIN,6,10,October,2010,4,Wednesday,7,21,0,14,6,0,36.24057222,-115.06356667,12,1,0,1,0,0,1,0
320175,NEVADA,NV,2,0,2,3,0,BALDWIN,6,10,October,2010,4,Wednesday,17,25,0,14,6,0,36.10004444,-115.09663056,1,1,0,10,0,0,1,0
320176,NEVADA,NV,1,0,3,3,0,BALDWIN,9,10,October,2010,7,Saturday,20,3,1,1,1,266,35.94933333,-115.18227500,1,2,0,10,0,0,1,0
320177,NEVADA,NV,2,0,2,5,0,BAKER HILL,10,10,October,2010,1,Sunday,19,15,1,2,2,160,38.88510278,-119.69287778,12,2,0,1,0,0,1,1
320178,NEVADA,NV,1,1,1,9,0,BLOUNT,15,10,October,2010,6,Friday,20,8,1,2,2,61,37.94507222,-117.26240556,8,2,0,1,0,0,1,0
320179,NEVADA,NV,1,1,3,3,110,BALDWIN,1,8,August,2010,1,Sunday,17,26,0,14,6,0,36.06385833,-115.03629722,8,1,0,1,0,0,1,0
320180,NEVADA,NV,2,0,5,3,110,BALDWIN,27,8,August,2010,6,Friday,10,20,0,14,6,0,36.06365000,-115.05552778,12,1,0,1,0,0,1,1
320181,NEVADA,NV,2,0,2,3,0,BALDWIN,16,10,October,2010,7,Saturday,8,48,0,14,6,0,36.10022500,-115.07784444,12,1,0,1,0,0,1,0
320182,NEVADA,NV,1,0,1,5,0,BAKER HILL,16,10,October,2010,7,Saturday,21,44,0,4,3,132,38.99665833,-119.81891667,1,2,0,1,0,0,1,1
320183,NEVADA,NV,2,0,4,23,0,BLADON SPRINGS,18,10,October,2010,2,Monday,18,31,0,4,3,70,36.18263333,-115.94950278,12,2,0,1,0,0,1,0
320184,NEVADA,NV,2,0,2,3,0,BALDWIN,19,10,October,2010,3,Tuesday,10,45,0,14,6,0,36.24002500,-115.10952222,12,1,0,10,0,0,1,0
320185,NEVADA,NV,2,0,3,27,0,ASHLAND,19,10,October,2010,3,Tuesday,20,40,1,1,1,541,40.64234444,-118.19132222,1,2,0,1,0,0,1,0
320186,NEVADA,NV,1,0,1,3,150,BALDWIN,21,10,October,2010,5,Thursday,12,26,0,14,6,0,36.25598611,-115.20739444,33,1,0,1,0,0,1,0
320187,NEVADA,NV,1,0,2,3,0,BALDWIN,22,10,October,2010,6,Friday,12,4,1,11,1,476,36.23328333,-115.11004722,1,1,0,10,0,0,1,0
320188,NEVADA,NV,2,0,2,11,0,BULLOCK,22,10,October,2010,6,Friday,12,25,1,1,1,186,40.65954444,-116.24882222,12,1,0,1,0,0,1,1
320189,NEVADA,NV,2,0,2,23,0,BLADON SPRINGS,23,10,October,2010,7,Saturday,13,15,0,4,3,48,36.87898611,-116.82035278,12,1,0,1,0,0,1,0
320190,NEVADA,NV,1,0,1,15,0,ANNISTON,24,10,October,2010,1,Sunday,21,5,1,1,1,21,40.68159722,-116.98821667,1,2,6,2,0,0,1,0
320191,NEVADA,NV,1,1,1,3,0,BALDWIN,29,10,October,2010,6,Friday,0,35,1,11,1,390,36.12468611,-115.18023611,15,3,0,10,0,0,1,0
320192,NEVADA,NV,1,1,1,3,0,BALDWIN,23,10,October,2010,7,Saturday,3,46,0,14,6,0,36.11476667,-115.14636111,8,3,0,10,0,0,1,0
320193,NEVADA,NV,1,0,2,3,0,BALDWIN,30,10,October,2010,7,Saturday,2,43,0,13,6,0,36.04593611,-115.14013333,33,3,0,10,0,0,1,1
320194,NEVADA,NV,1,1,1,31,170,COFFEE,16,10,October,2010,7,Saturday,18,36,0,16,6,0,39.53727778,-119.84730833,8,3,0,10,0,0,1,0
320195,NEVADA,NV,1,1,1,23,0,BLADON SPRINGS,25,10,October,2010,2,Monday,21,52,0,5,5,0,36.26127222,-116.01478611,8,3,0,10,0,0,1,0
320196,NEVADA,NV,1,1,2,3,0,BALDWIN,5,11,November,2010,6,Friday,20,29,0,16,6,0,36.19414444,-115.02118333,8,3,0,1,0,0,1,0
320197,NEVADA,NV,1,0,2,3,120,BALDWIN,5,11,November,2010,6,Friday,22,29,0,14,6,0,36.15876111,-115.11633056,30,3,0,1,0,0,2,1
320198,NEVADA,NV,2,0,2,31,0,COFFEE,6,11,November,2010,7,Saturday,15,44,0,3,5,0,39.60816667,-119.74886389,12,1,0,1,0,0,1,1
320199,NEVADA,NV,1,1,3,3,0,BALDWIN,6,11,November,2010,7,Saturday,21,23,0,14,6,0,36.15907222,-115.06836667,8,3,0,10,0,0,1,0
320200,NEVADA,NV,1,0,3,3,110,BALDWIN,6,11,November,2010,7,Saturday,23,10,0,16,6,0,36.07441667,-114.97573333,39,3,0,10,0,0,1,1
320201,NEVADA,NV,2,0,2,1,0,AUTAUGA,8,11,November,2010,2,Monday,5,30,1,2,2,167,39.48551111,-118.85258611,12,2,0,10,0,0,1,1
320202,NEVADA,NV,1,0,2,23,0,BLADON SPRINGS,12,11,November,2010,6,Friday,20,42,0,4,3,36,38.55476111,-117.11540833,31,2,0,1,0,0,1,1
320203,NEVADA,NV,1,1,3,3,0,BALDWIN,20,11,November,2010,7,Saturday,15,56,0,14,6,0,36.07167222,-115.14081389,8,1,0,2,0,0,1,0
320204,NEVADA,NV,1,0,1,3,0,BALDWIN,21,11,November,2010,1,Sunday,2,20,0,16,6,0,35.99943889,-115.15492778,43,3,0,6,0,0,1,1
320205,NEVADA,NV,1,0,2,15,0,ANNISTON,21,11,November,2010,1,Sunday,6,45,1,1,1,230,40.67316944,-116.66112500,1,4,0,4,0,0,1,0
320206,NEVADA,NV,1,1,1,3,150,BALDWIN,12,11,November,2010,6,Friday,14,37,0,14,6,0,36.23942778,-115.16946944,9,1,0,1,0,0,1,0
320207,NEVADA,NV,1,0,1,31,0,COFFEE,22,11,November,2010,2,Monday,7,59,0,2,3,330,39.93940556,-119.59996667,41,4,0,1,0,0,1,1
320208,NEVADA,NV,2,0,2,3,0,BALDWIN,23,11,November,2010,3,Tuesday,20,49,0,14,6,0,36.10013333,-115.22077500,12,3,0,10,0,0,1,2
320209,NEVADA,NV,1,0,1,3,0,BALDWIN,24,11,November,2010,4,Wednesday,4,23,0,14,6,0,36.14465556,-115.05001389,25,3,0,1,0,0,1,1
320210,NEVADA,NV,1,0,1,3,120,BALDWIN,25,11,November,2010,5,Thursday,23,22,0,15,6,0,36.20346111,-115.23296111,30,3,0,1,0,0,1,1
320211,NEVADA,NV,1,0,1,3,0,BALDWIN,29,11,November,2010,2,Monday,20,35,1,12,2,830,36.21917500,-115.24673889,25,3,0,1,0,0,1,0
320212,NEVADA,NV,1,0,1,7,0,BIBB,1,12,December,2010,4,Wednesday,0,20,0,4,3,186,41.24932222,-114.21370000,32,2,0,4,0,0,1,1
320213,NEVADA,NV,1,1,1,3,0,BALDWIN,2,12,December,2010,5,Thursday,19,2,0,14,6,0,36.11467500,-115.15068333,8,3,0,1,0,0,1,0
320214,NEVADA,NV,1,0,1,3,0,BALDWIN,2,12,December,2010,5,Thursday,21,50,0,4,3,20,36.20340556,-114.94128611,33,3,0,1,0,0,1,1
320215,NEVADA,NV,1,0,7,3,0,BALDWIN,4,12,December,2010,7,Saturday,11,14,0,2,3,350,36.05718611,-115.74233611,1,1,0,1,0,0,1,0
320216,NEVADA,NV,1,0,1,3,0,BALDWIN,12,9,September,2010,1,Sunday,19,40,0,14,6,0,36.15947500,-115.03538889,1,3,0,1,0,0,1,0
320217,NEVADA,NV,2,0,4,3,120,BALDWIN,6,10,October,2010,4,Wednesday,11,55,0,14,6,0,36.24968889,-115.20756389,12,1,0,1,1,0,2,1
320218,NEVADA,NV,1,0,1,3,0,BALDWIN,28,10,October,2010,5,Thursday,3,25,0,14,6,0,36.11935278,-115.33486944,1,3,0,1,0,0,1,1
320219,NEVADA,NV,2,0,2,3,0,BALDWIN,5,12,December,2010,1,Sunday,15,7,0,15,6,0,36.02050278,-115.12015278,12,1,0,1,0,0,1,0
320220,NEVADA,NV,2,0,2,3,0,BALDWIN,9,12,December,2010,5,Thursday,2,49,0,14,6,0,36.08611667,-115.18206389,12,3,0,10,0,0,1,2
320221,NEVADA,NV,1,1,1,3,0,BALDWIN,9,12,December,2010,5,Thursday,21,2,0,14,6,0,36.14377778,-115.14771944,8,3,0,1,0,0,1,0
320222,NEVADA,NV,2,1,3,3,120,BALDWIN,10,12,December,2010,6,Friday,9,58,0,14,6,0,36.15167778,-115.19077500,12,1,0,10,0,0,1,0
320223,NEVADA,NV,1,1,1,23,0,BLADON SPRINGS,11,12,December,2010,7,Saturday,1,20,0,3,3,56,36.20512778,-116.02177778,8,2,0,1,0,0,1,0
320224,NEVADA,NV,2,0,3,23,0,BLADON SPRINGS,17,10,October,2010,1,Sunday,10,0,1,2,3,210,38.45772222,-115.01284444,12,1,0,10,0,0,1,0
320225,NEVADA,NV,2,0,4,3,0,BALDWIN,12,12,December,2010,1,Sunday,4,4,0,14,6,0,36.10101111,-115.16616111,12,3,0,1,0,0,1,1
320226,NEVADA,NV,4,0,9,23,0,BLADON SPRINGS,12,12,December,2010,1,Sunday,18,20,1,2,3,23,38.67026111,-115.06125833,12,2,0,1,0,0,1,0
320227,NEVADA,NV,1,1,1,3,120,BALDWIN,13,12,December,2010,2,Monday,2,21,0,14,6,0,36.20356944,-115.06225000,8,3,0,1,0,0,1,0
320228,NEVADA,NV,1,1,2,3,0,BALDWIN,17,12,December,2010,6,Friday,18,1,0,14,6,0,36.08039444,-115.11874167,15,3,0,2,0,0,1,0
320229,NEVADA,NV,1,0,1,7,0,BIBB,18,12,December,2010,7,Saturday,4,0,1,2,2,11,40.20791111,-114.69332778,1,2,0,4,0,0,1,1
320230,NEVADA,NV,2,0,5,11,0,BULLOCK,19,12,December,2010,1,Sunday,12,30,0,4,3,20,39.58901389,-116.00552500,12,1,10,2,0,0,1,0
320231,NEVADA,NV,1,1,1,3,0,BALDWIN,23,12,December,2010,5,Thursday,1,27,0,14,6,0,36.11445278,-115.16413889,8,3,10,2,0,0,1,0
320232,NEVADA,NV,2,0,1,3,120,BALDWIN,29,12,December,2010,4,Wednesday,9,57,0,15,6,0,36.16642222,-115.23885833,14,1,0,10,0,0,1,0
320233,NEVADA,NV,2,0,2,19,0,CEDAR BLUFF,30,12,December,2010,5,Thursday,8,57,1,2,2,110,39.29593333,-119.52755833,12,1,0,10,0,0,1,0
320234,NEVADA,NV,2,0,5,31,170,COFFEE,5,7,July,2010,2,Monday,20,2,1,2,2,0,39.49297500,-119.78388611,24,5,0,1,0,0,3,0
320235,NEVADA,NV,2,0,6,31,170,COFFEE,17,7,July,2010,7,Saturday,14,2,0,13,6,0,39.51552500,-119.85087778,12,1,0,1,0,0,2,0
320236,NEVADA,NV,1,1,1,31,170,COFFEE,1,8,August,2010,1,Sunday,20,22,0,16,6,0,39.48083333,-119.78319444,9,5,0,1,0,0,1,0
320237,NEVADA,NV,2,0,3,31,170,COFFEE,1,10,October,2010,6,Friday,0,24,0,16,6,0,39.53274444,-119.81372222,12,3,0,1,0,0,1,1
320238,NEVADA,NV,1,1,1,31,170,COFFEE,23,10,October,2010,7,Saturday,19,56,0,16,6,0,39.53042778,-119.84053889,8,3,0,10,0,0,1,0
320239,NEVADA,NV,1,0,1,13,0,BOLLING,17,12,December,2010,6,Friday,0,55,0,9,9,0,41.14687778,-117.86861944,1,2,5,4,0,0,1,1
320240,NEVADA,NV,1,0,1,23,0,BLADON SPRINGS,6,10,October,2010,4,Wednesday,19,53,0,6,5,0,36.23321389,-116.05065556,19,3,0,1,0,0,1,1
410175,OREGON,OR,1,0,1,25,0,BARLOW BEND,11,8,August,2010,4,Wednesday,11,30,0,4,3,653,41.99427222,-119.32135833,59,1,0,1,0,0,1,0
490013,UTAH,UT,1,0,1,45,0,ARITON,15,3,March,2010,2,Monday,13,50,1,1,1,11,40.74368056,-114.02581111,35,1,0,1,0,0,1,0
490146,UTAH,UT,1,0,4,45,2085,ARITON,5,11,November,2010,6,Friday,18,0,1,1,1,9,40.73869444,-114.04027500,33,1,0,1,0,0,2,0